ad_archive_id,collation_id,is_active,start_date_formatted,end_date_formatted,page_name,snapshot.page_name,snapshot.title,snapshot.body.text,snapshot.cta_text,snapshot.display_format,snapshot.link_url,domain,url_path,utm_source,utm_medium,utm_campaign,category_code,utm_term,utm_content,funding_type_label,supplier_label,brand_label,campaign_period,creative_format,card_title,card_body,card_cta_text,card_image_url,card_video_hd_url,publisher_platform,country,retailer,platform,channel,snapshot_week,snapshot_month,publisher_platform_clean,facebook,instagram,audience_network,messenger,threads,whatsapp,landing_page_type,is_official_cw,mentions_cw_brand,tga_risk_flag,snapshot_date,start_date_formatted_dt,snapshot_run_datetime,campaign_age_days
1491724012707568,,True,2026-07-03 07:00:00,2026-07-05 07:00:00,Chemist Warehouse,Chemist Warehouse,{{product.name}},{{product.brand}},Shop now,DCO,https://www.chemistwarehouse.com.au/buy/169067/garnier-vitamin-c-sorbet-cream?utm_source=facebook&utm_medium=social&utm_campaign=au_cw_oa_facebook_social_lorealaustraliaptyltd_garnier_665_july26_100635-sorbet_video&utm_term=traffic&utm_content=video_brand,www.chemistwarehouse.com.au,/buy/169067/garnier-vitamin-c-sorbet-cream,facebook,social,au_cw_oa_facebook_social_lorealaustraliaptyltd_garnier_665_july26_100635-sorbet_video,665,traffic,video_brand,O&O,Lorealaustraliaptyltd,Garnier,july26,video,NEW Garnier Sorbet Cream,Shop the new Garnier Vitamin C Fresh & Bright Hydrating Sorbet Cream at Chemist Warehouse.,Shop Now,,https://video-gru2-2.xx.fbcdn.net/o1/v/t2/f2/m366/AQM061nOYWJRlqTpp-VQbVN5FsxP1OuKVVyHszIMkVS82EmE3JNEb9E2qs09vPnXvd6nwQ0d4yCUXAM8YEaVTu2cFTYcWmZi4SaRHmX9kF793Q.mp4?_nc_cat=106&_nc_sid=b66105&_nc_ht=video-gru2-2.xx.fbcdn.net&_nc_ohc=ZYex5SyvsPYQ7kNvwGPsYZb&efg=eyJ2ZW5jb2RlX3RhZyI6Inhwdl9wcm9ncmVzc2l2ZS5WSV9VU0VDQVNFX1BST0RVQ1RfVFlQRS4uQzMuNzIwLmRhc2hfaDI2NC1iYXNpYy1nZW4yXzcyMHAiLCJ4cHZfYXNzZXRfaWQiOjk4NjY3NDgxNzQ5Njk0MywiYXNzZXRfYWdlX2RheXMiOjIsInZpX3VzZWNhc2VfaWQiOjEwNzk5LCJkdXJhdGlvbl9zIjozMywidXJsZ2VuX3NvdXJjZSI6Ind3dyJ9&ccb=17-1&vs=8e35619e608a66bd&_nc_vs=HBksFQIYRWZiX2VwaGVtZXJhbC8yQjRERTNGN0MzNkNEOEZFM0Q0REZEMjZGMjIxMzQ5Nl9tdF8xX3ZpZGVvX2Rhc2hpbml0Lm1wNBUAAsgBEgAVAhhAZmJfcGVybWFuZW50LzM5NEQ3NzYzQjRCMzQ3MjAxMzNDQ0U1MDQ4RDlBMkJFX2F1ZGlvX2Rhc2hpbml0Lm1wNBUCAsgBEgAoABgAGwKIB3VzZV9vaWwBMRJwcm9ncmVzc2l2ZV9yZWNpcGUBMRUAACbe3YughNjAAxUCKAJDMywXQEDd0vGp--cYGWRhc2hfaDI2NC1iYXNpYy1nZW4yXzcyMHARAHUAZd6oAQA&_nc_gid=JL9aLOk0Z8bxinOovrfAYQ&_nc_ss=7f289&_nc_zt=28&oh=00_AQDj-GosRSJsMwV0NxiiXMVEhqcay5zyuRc14NtKF-7nUQ&oe=6A509312,"['FACEBOOK', 'INSTAGRAM', 'AUDIENCE_NETWORK', 'MESSENGER', 'WHATSAPP', 'THREADS']",au,cw,facebook,social,2026-W27,2026-07,"FACEBOOK, INSTAGRAM, AUDIENCE_NETWORK, MESSENGER, WHATSAPP, THREADS",True,True,True,True,True,True,SKU Product,True,False,False,2026-07-06,2026-07-03 07:00:00,2026-07-06 16:23:53.030278,3
1593619122194176,1743064960034455,True,2026-07-03 07:00:00,2026-07-05 07:00:00,Chemist Warehouse,Chemist Warehouse,{{product.name}},{{product.brand}},Shop now,DCO,https://www.chemistwarehouse.com.au/buy/159293/hugo-boss-bottled-beyond-eau-de-parfum-100ml?utm_source=facebook&utm_medium=social&utm_campaign=au_cw_oa_facebook_social_cotyluxury_hugoboss_542_may26_100497-bottled_video-image&utm_term=traffic&utm_content=video-image_brand,www.chemistwarehouse.com.au,/buy/159293/hugo-boss-bottled-beyond-eau-de-parfum-100ml,facebook,social,au_cw_oa_facebook_social_cotyluxury_hugoboss_542_may26_100497-bottled_video-image,542,traffic,video-image_brand,O&O,Cotyluxury,Hugoboss,may26,video-image,A powerful dual blend,"When opposites collide, the result is electrifying. #BOSSBottled Beyond goes intense with a vibrant ginger-leather interplay",Shop Now,,https://video-gru1-2.xx.fbcdn.net/o1/v/t2/f2/m366/AQMrfn40MsZHMvoaWxYhu1bBcl0_QmGjHAQbET7f78Q7iPyUzg03ammAcwdutmfdgc9U5uSORYVP1Y5QnyOPbOy5DDZ7E3xEGgHm2ybYztdYBA.mp4?_nc_cat=108&_nc_sid=b66105&_nc_ht=video-gru1-2.xx.fbcdn.net&_nc_ohc=OABamNs2VJAQ7kNvwH0jCeB&efg=eyJ2ZW5jb2RlX3RhZyI6Inhwdl9wcm9ncmVzc2l2ZS5WSV9VU0VDQVNFX1BST0RVQ1RfVFlQRS4uQzMuNzIwLmRhc2hfaDI2NC1iYXNpYy1nZW4yXzcyMHAiLCJ4cHZfYXNzZXRfaWQiOjI1MTUxMjUyNjIzNDMyNTAsImFzc2V0X2FnZV9kYXlzIjoyLCJ2aV91c2VjYXNlX2lkIjoxMDc5OSwiZHVyYXRpb25fcyI6MzQsInVybGdlbl9zb3VyY2UiOiJ3d3cifQ%3D%3D&ccb=17-1&vs=293adcc6b40750a2&_nc_vs=HBksFQIYRWZiX2VwaGVtZXJhbC85RjQxNzVENTM0OTgyNjIzMTI1ODUxNDI1Q0NGOUVBMV9tdF8xX3ZpZGVvX2Rhc2hpbml0Lm1wNBUAAsgBEgAVAhhAZmJfcGVybWFuZW50Lzc5NEM4ODA2QzI4Q0VFMUQ2MkU3NzREMzUzMkU5N0FBX2F1ZGlvX2Rhc2hpbml0Lm1wNBUCAsgBEgAoABgAGwKIB3VzZV9vaWwBMRJwcm9ncmVzc2l2ZV9yZWNpcGUBMRUAACak8Z69x9_3CBUCKAJDMywXQEEo9cKPXCkYGWRhc2hfaDI2NC1iYXNpYy1nZW4yXzcyMHARAHUAZd6oAQA&_nc_gid=JL9aLOk0Z8bxinOovrfAYQ&_nc_ss=7f289&_nc_zt=28&oh=00_AQDA-EVgoh0FCusPzdTcVD2Zdk_w9FK1Do-gXj_S1eXNsw&oe=6A50A380,"['FACEBOOK', 'INSTAGRAM', 'AUDIENCE_NETWORK', 'MESSENGER', 'THREADS']",au,cw,facebook,social,2026-W27,2026-07,"FACEBOOK, INSTAGRAM, AUDIENCE_NETWORK, MESSENGER, THREADS",True,True,True,True,True,False,SKU Product,True,False,False,2026-07-06,2026-07-03 07:00:00,2026-07-06 16:23:53.030278,3
902657402851984,1782394216467483,True,2026-07-02 07:00:00,2026-07-05 07:00:00,Chemist Warehouse,Chemist Warehouse,Shop at Chemist Warehouse,Shop Optimum Nutrition now at Chemist Warehouse,Shop now,VIDEO,https://www.chemistwarehouse.com.au/shop-online/3144/optimum-nutrition?utm_source=facebook&utm_medium=social&utm_campaign=au_cw_coop_facebook_social_glanbiaperformancenutrition_optimumnutrition_1255_jul25_100079_video-image&utm_term=traffic&utm_content=video-image_,www.chemistwarehouse.com.au,/shop-online/3144/optimum-nutrition,facebook,social,au_cw_coop_facebook_social_glanbiaperformancenutrition_optimumnutrition_1255_jul25_100079_video-image,1255,traffic,video-image_,Coop,Glanbiaperformancenutrition,Optimumnutrition,jul25,video-image,,,,,,"['FACEBOOK', 'INSTAGRAM', 'AUDIENCE_NETWORK', 'MESSENGER', 'WHATSAPP', 'THREADS']",au,cw,facebook,social,2026-W27,2026-07,"FACEBOOK, INSTAGRAM, AUDIENCE_NETWORK, MESSENGER, WHATSAPP, THREADS",True,True,True,True,True,True,Brand/Category Page,True,True,False,2026-07-06,2026-07-02 07:00:00,2026-07-06 16:23:53.030278,4
1034397825703766,1782394216467483,True,2026-07-02 07:00:00,2026-07-05 07:00:00,Chemist Warehouse,Chemist Warehouse,Shop at Chemist Warehouse,Shop Optimum Nutrition now at Chemist Warehouse,Shop now,VIDEO,https://www.chemistwarehouse.com.au/shop-online/3144/optimum-nutrition?utm_source=facebook&utm_medium=social&utm_campaign=au_cw_coop_facebook_social_glanbiaperformancenutrition_optimumnutrition_1255_jul25_100079_video-image&utm_term=traffic&utm_content=video-image_,www.chemistwarehouse.com.au,/shop-online/3144/optimum-nutrition,facebook,social,au_cw_coop_facebook_social_glanbiaperformancenutrition_optimumnutrition_1255_jul25_100079_video-image,1255,traffic,video-image_,Coop,Glanbiaperformancenutrition,Optimumnutrition,jul25,video-image,,,,,,"['FACEBOOK', 'INSTAGRAM', 'AUDIENCE_NETWORK', 'MESSENGER', 'WHATSAPP', 'THREADS']",au,cw,facebook,social,2026-W27,2026-07,"FACEBOOK, INSTAGRAM, AUDIENCE_NETWORK, MESSENGER, WHATSAPP, THREADS",True,True,True,True,True,True,Brand/Category Page,True,True,False,2026-07-06,2026-07-02 07:00:00,2026-07-06 16:23:53.030278,4
945057848539382,1399513185418518,True,2026-07-03 07:00:00,2026-07-05 07:00:00,Chemist Warehouse,Chemist Warehouse,{{product.name}},{{product.brand}},Shop now,DCO,https://www.chemistwarehouse.com.au/buy/159293/hugo-boss-bottled-beyond-eau-de-parfum-100ml?utm_source=facebook&utm_medium=social&utm_campaign=au_cw_oa_facebook_social_cotyluxury_hugoboss_542_may26_100497-bottled_video-image&utm_term=traffic&utm_content=video-image_brand,www.chemistwarehouse.com.au,/buy/159293/hugo-boss-bottled-beyond-eau-de-parfum-100ml,facebook,social,au_cw_oa_facebook_social_cotyluxury_hugoboss_542_may26_100497-bottled_video-image,542,traffic,video-image_brand,O&O,Cotyluxury,Hugoboss,may26,video-image,A powerful dual blend,"When opposites collide, the result is electrifying. #BOSSBottled Beyond goes intense with a vibrant ginger-leather interplay",Shop Now,,https://video-gru1-1.xx.fbcdn.net/o1/v/t2/f2/m366/AQOwdwHIddL7MQIsyxEDbUr8Hzo0umrOI1JfKuaKAV2o0hs4iXR3_1z2INwnNkWXDaGJRdjIQwE-SyCLRj_IrspQJA5OtYDvwaJE0CopjaKRhQ.mp4?_nc_cat=104&_nc_sid=b66105&_nc_ht=video-gru1-1.xx.fbcdn.net&_nc_ohc=c7JvEmnEsUIQ7kNvwEkqW-J&efg=eyJ2ZW5jb2RlX3RhZyI6Inhwdl9wcm9ncmVzc2l2ZS5WSV9VU0VDQVNFX1BST0RVQ1RfVFlQRS4uQzMuNzIwLmRhc2hfaDI2NC1iYXNpYy1nZW4yXzcyMHAiLCJ4cHZfYXNzZXRfaWQiOjE3MjE5MDYwMTU3OTY3NDQsImFzc2V0X2FnZV9kYXlzIjoyLCJ2aV91c2VjYXNlX2lkIjoxMDc5OSwiZHVyYXRpb25fcyI6MTAsInVybGdlbl9zb3VyY2UiOiJ3d3cifQ%3D%3D&ccb=17-1&vs=167ade80beb43179&_nc_vs=HBksFQIYRWZiX2VwaGVtZXJhbC8xMjQ1RDRGQ0UzRUI4MjIwRUI2MDU4NTgxMjZDOTBBNF9tdF8xX3ZpZGVvX2Rhc2hpbml0Lm1wNBUAAsgBEgAVAhhAZmJfcGVybWFuZW50L0RBNDNEMEU1RjcyOTc5NUNGMjE4NDMwQzlGMzE1OThGX2F1ZGlvX2Rhc2hpbml0Lm1wNBUCAsgBEgAoABgAGwKIB3VzZV9vaWwBMRJwcm9ncmVzc2l2ZV9yZWNpcGUBMRUAACaQ-MPGj4SPBhUCKAJDMywXQCQAAAAAAAAYGWRhc2hfaDI2NC1iYXNpYy1nZW4yXzcyMHARAHUAZd6oAQA&_nc_gid=JL9aLOk0Z8bxinOovrfAYQ&_nc_ss=7f289&_nc_zt=28&oh=00_AQBj2CE-lWgHQwBx_04h058HbUaWTgKvO-47OqjoKBAh7w&oe=6A50A0A4,"['FACEBOOK', 'INSTAGRAM', 'AUDIENCE_NETWORK', 'MESSENGER', 'THREADS']",au,cw,facebook,social,2026-W27,2026-07,"FACEBOOK, INSTAGRAM, AUDIENCE_NETWORK, MESSENGER, THREADS",True,True,True,True,True,False,SKU Product,True,False,False,2026-07-06,2026-07-03 07:00:00,2026-07-06 16:23:53.030278,3
1030800459909360,1693572601927812,True,2026-07-02 07:00:00,2026-07-05 07:00:00,Chemist Warehouse,Chemist Warehouse,{{product.name}},{{product.brand}},Shop now,DCO,https://www.chemistwarehouse.com.au/buy/151928/natures-way-kids-smart-vita-gummies-vitamin-c-zinc-150-gummies-exclusive-size?utm_source=facebook&utm_medium=social&utm_campaign=au_cw_coop_facebook_social_pharmacarelaboratories_naturesway_81_2026_bau_dynamic&utm_term=conversion&utm_content=dynamic_static-image,www.chemistwarehouse.com.au,/buy/151928/natures-way-kids-smart-vita-gummies-vitamin-c-zinc-150-gummies-exclusive-size,facebook,social,au_cw_coop_facebook_social_pharmacarelaboratories_naturesway_81_2026_bau_dynamic,81,conversion,dynamic_static-image,Coop,Pharmacarelaboratories,Naturesway,2026,dynamic,Nature's Way Kids Supplements,"For your kids' healthy growth, shop Nature's Way Kids Supplements at Chemist Warehouse.",Shop Now,https://scontent-gru1-1.xx.fbcdn.net/v/t39.35426-6/734705996_1032535056021028_4187741266817287225_n.jpg?_nc_cat=104&ccb=1-7&_nc_sid=c53f8f&_nc_ohc=s3w7X_zQr1cQ7kNvwE8xGPj&_nc_oc=AdpAlVy95mbhcH_6tOzzm-YbvRurMp72JFJb5tVHHb0TvQeuDx1YoMbIE2x7AGMpyh8&_nc_zt=14&_nc_ht=scontent-gru1-1.xx&_nc_gid=JL9aLOk0Z8bxinOovrfAYQ&_nc_ss=7f289&oh=00_AQC6F5-2VGyheQ_6_qPleJfNH_yzikExdQSXIXO3F1onsQ&oe=6A50B20E,,"['FACEBOOK', 'INSTAGRAM', 'AUDIENCE_NETWORK', 'THREADS']",au,cw,facebook,social,2026-W27,2026-07,"FACEBOOK, INSTAGRAM, AUDIENCE_NETWORK, THREADS",True,True,True,False,True,False,SKU Product,True,False,False,2026-07-06,2026-07-02 07:00:00,2026-07-06 16:23:53.030278,4
1933519497333625,2150263982372146,True,2026-07-02 07:00:00,2026-07-05 07:00:00,Chemist Warehouse,Chemist Warehouse,{{product.name}},{{product.brand}},Shop now,DCO,https://www.chemistwarehouse.com.au/buy/151928/natures-way-kids-smart-vita-gummies-vitamin-c-zinc-150-gummies-exclusive-size?utm_source=facebook&utm_medium=social&utm_campaign=au_cw_coop_facebook_social_pharmacarelaboratories_naturesway_81_jul26_100588-kidsmart_video-image&utm_term=traffic&utm_content=video-image_video,www.chemistwarehouse.com.au,/buy/151928/natures-way-kids-smart-vita-gummies-vitamin-c-zinc-150-gummies-exclusive-size,facebook,social,au_cw_coop_facebook_social_pharmacarelaboratories_naturesway_81_jul26_100588-kidsmart_video-image,81,traffic,video-image_video,Coop,Pharmacarelaboratories,Naturesway,jul26,video-image,Save on Nature's Way Kids,"A tasty way to support kids nutrition with Nature's Way kids supplements, Shop now at Chemist Warehouse",Shop Now,,https://video-gru1-2.xx.fbcdn.net/o1/v/t2/f2/m366/AQP_ex7IJZnQzCLSzG7OvtJsuxydWCeNH_xyLEG31d_H3HARhc-pSXmgHfwuzRdy-1yrRhMxgD345Kc9YQUnHnsYHn3CnDTVrfg0D8uKhs0C9g.mp4?_nc_cat=103&_nc_sid=b66105&_nc_ht=video-gru1-2.xx.fbcdn.net&_nc_ohc=rxT2Sn6G9jsQ7kNvwGaN7Il&efg=eyJ2ZW5jb2RlX3RhZyI6Inhwdl9wcm9ncmVzc2l2ZS5WSV9VU0VDQVNFX1BST0RVQ1RfVFlQRS4uQzMuNzIwLmRhc2hfaDI2NC1iYXNpYy1nZW4yXzcyMHAiLCJ4cHZfYXNzZXRfaWQiOjE2NTg2Nzc3NDUyMTI2OTYsImFzc2V0X2FnZV9kYXlzIjozLCJ2aV91c2VjYXNlX2lkIjoxMDc5OSwiZHVyYXRpb25fcyI6MTUsInVybGdlbl9zb3VyY2UiOiJ3d3cifQ%3D%3D&ccb=17-1&vs=bf128c4fcd820229&_nc_vs=HBksFQIYRWZiX2VwaGVtZXJhbC8yNjQwREY3NUIwQjVFNEJFNzA1NjdFQ0U1MUIzNkFCQl9tdF8xX3ZpZGVvX2Rhc2hpbml0Lm1wNBUAAsgBEgAVAhhAZmJfcGVybWFuZW50L0I4NDY5OTZFOUJDRkQ3NTlBRDA1NUNBNUI5QjdGMTgyX2F1ZGlvX2Rhc2hpbml0Lm1wNBUCAsgBEgAoABgAGwKIB3VzZV9vaWwBMRJwcm9ncmVzc2l2ZV9yZWNpcGUBMRUAACaw9Oac4KPyBRUCKAJDMywXQC_MzMzMzM0YGWRhc2hfaDI2NC1iYXNpYy1nZW4yXzcyMHARAHUAZd6oAQA&_nc_gid=JL9aLOk0Z8bxinOovrfAYQ&_nc_ss=7f289&_nc_zt=28&oh=00_AQA0U9u5XEyJvPmmK_UeI1Pc2cmr5n2rjDeJ0Oih9-y89w&oe=6A509AFD,"['FACEBOOK', 'INSTAGRAM', 'AUDIENCE_NETWORK', 'WHATSAPP', 'THREADS']",au,cw,facebook,social,2026-W27,2026-07,"FACEBOOK, INSTAGRAM, AUDIENCE_NETWORK, WHATSAPP, THREADS",True,True,True,False,True,True,SKU Product,True,False,False,2026-07-06,2026-07-02 07:00:00,2026-07-06 16:23:53.030278,4
1595662528838420,2178204896310909,True,2026-07-03 07:00:00,2026-07-05 07:00:00,Chemist Warehouse,Chemist Warehouse,{{product.name}},{{product.brand}},See details,DCO,https://www.chemistwarehouse.com.au/store-locator,www.chemistwarehouse.com.au,/store-locator,,,,,,,Not Specified,,,,,,Chemist Warehouse Westfield Mt Gravatt OPENING SOON!,See Details,https://scontent-gru2-1.xx.fbcdn.net/v/t39.35426-6/736260993_1542422814562129_1717712807324701622_n.jpg?_nc_cat=107&ccb=1-7&_nc_sid=c53f8f&_nc_ohc=H_hRXXIE8VAQ7kNvwEythPC&_nc_oc=AdqrSSMfAe8oQ6MRhlycV9GEaJ16phKpumIVkmMUK1kV-ve7fCHLHF9nM2-iUlEktvw&_nc_zt=14&_nc_ht=scontent-gru2-1.xx&_nc_gid=JL9aLOk0Z8bxinOovrfAYQ&_nc_ss=7f289&oh=00_AQCQH2lecrvRZImZyTC2SoLbAl49fPl4zfYQuNV8svN-Ew&oe=6A50AE8B,,"['FACEBOOK', 'INSTAGRAM', 'AUDIENCE_NETWORK', 'WHATSAPP', 'THREADS']",,,,,2026-W27,2026-07,"FACEBOOK, INSTAGRAM, AUDIENCE_NETWORK, WHATSAPP, THREADS",True,True,True,False,True,True,Store Locator,True,False,False,2026-07-06,2026-07-03 07:00:00,2026-07-06 16:23:53.030278,3
1928048318581786,,True,2026-07-02 07:00:00,2026-07-05 07:00:00,Chemist Warehouse,Chemist Warehouse,New Keratin Alpha Sleek,"New at Chemist Warehouse! Transform hair for 2 weeks of smooth, absolute frizz control.",Shop now,IMAGE,https://fb.com/canvas_doc/1680973390115819,fb.com,/canvas_doc/1680973390115819,,,,,,,Not Specified,,,,,,,,,,"['FACEBOOK', 'INSTAGRAM', 'AUDIENCE_NETWORK', 'MESSENGER', 'THREADS']",,,,,2026-W27,2026-07,"FACEBOOK, INSTAGRAM, AUDIENCE_NETWORK, MESSENGER, THREADS",True,True,True,True,True,False,Internal/App Page,True,True,False,2026-07-06,2026-07-02 07:00:00,2026-07-06 16:23:53.030278,4
4308130602666439,1676868997378934,True,2026-07-03 07:00:00,2026-07-05 07:00:00,Chemist Warehouse,Chemist Warehouse,Shop at Chemist Warehouse,Shop Elevit and Menevit now at Chemist Warehouse,Shop now,VIDEO,https://www.chemistwarehouse.com.au/shop-online/945/elevit-menevit?utm_source=facebook&utm_medium=social&utm_campaign=au_cw_oa_facebook_social_bayeraustralialtd_elevit_81_jul25_100137-social_video-image&utm_term=traffic&utm_content=video-image_,www.chemistwarehouse.com.au,/shop-online/945/elevit-menevit,facebook,social,au_cw_oa_facebook_social_bayeraustralialtd_elevit_81_jul25_100137-social_video-image,81,traffic,video-image_,O&O,Bayeraustralialtd,Elevit,jul25,video-image,,,,,,"['FACEBOOK', 'INSTAGRAM', 'AUDIENCE_NETWORK', 'MESSENGER', 'WHATSAPP', 'THREADS']",au,cw,facebook,social,2026-W27,2026-07,"FACEBOOK, INSTAGRAM, AUDIENCE_NETWORK, MESSENGER, WHATSAPP, THREADS",True,True,True,True,True,True,Brand/Category Page,True,True,False,2026-07-06,2026-07-03 07:00:00,2026-07-06 16:23:53.030278,3
1990569848179955,1255005489898440,True,2026-07-03 07:00:00,2026-07-05 07:00:00,Chemist Warehouse,Chemist Warehouse,Shop  at Chemist Warehouse now.,Shop Naprogesic at Chemist Warehouse now.,Shop now,VIDEO,https://www.chemistwarehouse.com.au/shop-online/196/pain-relief?brand=Naprogesic&utm_source=facebook&utm_medium=social&utm_campaign=au_cw_oa_facebook_social_bayeraustralialtd_naprogesic_258_jul25_100137-social_video-image&utm_term=traffic&utm_content=video-image_,www.chemistwarehouse.com.au,/shop-online/196/pain-relief,facebook,social,au_cw_oa_facebook_social_bayeraustralialtd_naprogesic_258_jul25_100137-social_video-image,258,traffic,video-image_,O&O,Bayeraustralialtd,Naprogesic,jul25,video-image,,,,,,"['FACEBOOK', 'INSTAGRAM', 'AUDIENCE_NETWORK', 'MESSENGER', 'WHATSAPP', 'THREADS']",au,cw,facebook,social,2026-W27,2026-07,"FACEBOOK, INSTAGRAM, AUDIENCE_NETWORK, MESSENGER, WHATSAPP, THREADS",True,True,True,True,True,True,Brand/Category Page,True,True,False,2026-07-06,2026-07-03 07:00:00,2026-07-06 16:23:53.030278,3
999722396173032,854506154097041,True,2026-07-03 07:00:00,2026-07-05 07:00:00,Chemist Warehouse,Chemist Warehouse,{{product.name}},{{product.brand}},Shop now,DCO,https://www.chemistwarehouse.com.au/buy/159293/hugo-boss-bottled-beyond-eau-de-parfum-100ml?utm_source=facebook&utm_medium=social&utm_campaign=au_cw_oa_facebook_social_cotyluxury_hugoboss_542_may26_100497-bottled_video-image&utm_term=traffic&utm_content=video-image_brand,www.chemistwarehouse.com.au,/buy/159293/hugo-boss-bottled-beyond-eau-de-parfum-100ml,facebook,social,au_cw_oa_facebook_social_cotyluxury_hugoboss_542_may26_100497-bottled_video-image,542,traffic,video-image_brand,O&O,Cotyluxury,Hugoboss,may26,video-image,A powerful dual blend,"When opposites collide, the result is electrifying. #BOSSBottled Beyond goes intense with a vibrant ginger-leather interplay",Shop Now,https://scontent-gru2-1.xx.fbcdn.net/v/t39.35426-6/737875505_2486746478505042_8851237057960512690_n.jpg?_nc_cat=109&ccb=1-7&_nc_sid=c53f8f&_nc_ohc=3u1jlrjj3TAQ7kNvwGDZP3o&_nc_oc=Adp3AdySQa9i2JBbKRcQg0HzeWraOh9GHa9PHylTjZOLfllhockEPfmGt2F7ohU7hQw&_nc_zt=14&_nc_ht=scontent-gru2-1.xx&_nc_gid=JL9aLOk0Z8bxinOovrfAYQ&_nc_ss=7f289&oh=00_AQA0aJgLE-skIXvOHTWhUKk_ioWrluzgcJRsMe-uE75b6A&oe=6A50B60B,,"['FACEBOOK', 'INSTAGRAM', 'AUDIENCE_NETWORK', 'MESSENGER', 'THREADS']",au,cw,facebook,social,2026-W27,2026-07,"FACEBOOK, INSTAGRAM, AUDIENCE_NETWORK, MESSENGER, THREADS",True,True,True,True,True,False,SKU Product,True,False,False,2026-07-06,2026-07-03 07:00:00,2026-07-06 16:23:53.030278,3
1052160810707867,,True,2026-07-02 07:00:00,2026-07-05 07:00:00,Chemist Warehouse,Chemist Warehouse,New Keratin Alpha Sleek,"New at Chemist Warehouse! Transform hair for 2 weeks of smooth, absolute frizz control.",Shop now,IMAGE,https://fb.com/canvas_doc/2120942381825181,fb.com,/canvas_doc/2120942381825181,,,,,,,Not Specified,,,,,,,,,,"['FACEBOOK', 'INSTAGRAM', 'AUDIENCE_NETWORK', 'MESSENGER', 'THREADS']",,,,,2026-W27,2026-07,"FACEBOOK, INSTAGRAM, AUDIENCE_NETWORK, MESSENGER, THREADS",True,True,True,True,True,False,Internal/App Page,True,True,False,2026-07-06,2026-07-02 07:00:00,2026-07-06 16:23:53.030278,4
4521483871435016,1316178387333651,True,2026-07-01 07:00:00,2026-07-05 07:00:00,Chemist Warehouse,Chemist Warehouse,Common Cold and the Good Leaf,Olive Leaf Extract. Relieve the severity of common cold symptoms,Shop now,VIDEO,https://fb.com/canvas_doc/2496157234199330,fb.com,/canvas_doc/2496157234199330,,,,,,,Not Specified,,,,,,,,,,"['FACEBOOK', 'INSTAGRAM', 'AUDIENCE_NETWORK', 'MESSENGER', 'THREADS']",,,,,2026-W27,2026-07,"FACEBOOK, INSTAGRAM, AUDIENCE_NETWORK, MESSENGER, THREADS",True,True,True,True,True,False,Internal/App Page,True,False,False,2026-07-06,2026-07-01 07:00:00,2026-07-06 16:23:53.030278,5
1042725788190235,,True,2026-07-02 07:00:00,2026-07-05 07:00:00,Chemist Warehouse,Chemist Warehouse,Nature's Way Kids Supplements,"For your kids' healthy growth, shop Nature's Way Kids Supplements at Chemist Warehouse.",Shop now,IMAGE,https://fb.com/canvas_doc/1008111498811668,fb.com,/canvas_doc/1008111498811668,,,,,,,Not Specified,,,,,,,,,,"['FACEBOOK', 'INSTAGRAM', 'AUDIENCE_NETWORK', 'THREADS']",,,,,2026-W27,2026-07,"FACEBOOK, INSTAGRAM, AUDIENCE_NETWORK, THREADS",True,True,True,False,True,False,Internal/App Page,True,True,False,2026-07-06,2026-07-02 07:00:00,2026-07-06 16:23:53.030278,4
1329317258826278,2068859650372562,True,2026-07-01 07:00:00,2026-07-05 07:00:00,Chemist Warehouse,Chemist Warehouse,Common Cold and the Good Leaf,Olive Leaf Extract. Relieve the severity of common cold symptoms,Shop now,VIDEO,https://fb.com/canvas_doc/1352857712939934,fb.com,/canvas_doc/1352857712939934,,,,,,,Not Specified,,,,,,,,,,"['FACEBOOK', 'INSTAGRAM', 'AUDIENCE_NETWORK', 'MESSENGER', 'THREADS']",,,,,2026-W27,2026-07,"FACEBOOK, INSTAGRAM, AUDIENCE_NETWORK, MESSENGER, THREADS",True,True,True,True,True,False,Internal/App Page,True,False,False,2026-07-06,2026-07-01 07:00:00,2026-07-06 16:23:53.030278,5
1096214133098594,,True,2026-07-02 07:00:00,2026-07-04 07:00:00,Chemist Warehouse,Chemist Warehouse,Olive Leaf Immunce Defence,Olive Leaf Extract. Relieve the severity of common cold symptoms,Shop now,IMAGE,https://fb.com/canvas_doc/1582456080128001,fb.com,/canvas_doc/1582456080128001,,,,,,,Not Specified,,,,,,,,,,"['FACEBOOK', 'INSTAGRAM', 'AUDIENCE_NETWORK', 'MESSENGER', 'THREADS']",,,,,2026-W27,2026-07,"FACEBOOK, INSTAGRAM, AUDIENCE_NETWORK, MESSENGER, THREADS",True,True,True,True,True,False,Internal/App Page,True,False,False,2026-07-06,2026-07-02 07:00:00,2026-07-06 16:23:53.030278,4
1271296596056889,,True,2026-07-02 07:00:00,2026-07-04 07:00:00,Chemist Warehouse,Chemist Warehouse,Common Cold and the Good Leaf,Olive Leaf Extract. Traditionally used in Western herbal medicine to maintain/support immune system health.,Shop now,IMAGE,https://fb.com/canvas_doc/2077556452829671,fb.com,/canvas_doc/2077556452829671,,,,,,,Not Specified,,,,,,,,,,"['FACEBOOK', 'INSTAGRAM', 'AUDIENCE_NETWORK', 'MESSENGER', 'THREADS']",,,,,2026-W27,2026-07,"FACEBOOK, INSTAGRAM, AUDIENCE_NETWORK, MESSENGER, THREADS",True,True,True,True,True,False,Internal/App Page,True,False,False,2026-07-06,2026-07-02 07:00:00,2026-07-06 16:23:53.030278,4
1661369848487670,1763333124651215,True,2026-07-02 07:00:00,2026-07-05 07:00:00,Chemist Warehouse,Chemist Warehouse,{{product.name}},{{product.brand}},Shop now,DCO,https://www.chemistwarehouse.com.au/buy/62713/nature-s-way-kids-smart-vita-gummies-vitamin-c-zinc-60-pastilles?utm_source=facebook&utm_medium=social&utm_campaign=au_cw_coop_facebook_social_pharmacarelaboratories_naturesway_81_2026_bau_dynamic&utm_term=conversion&utm_content=dynamic_static-image,www.chemistwarehouse.com.au,/buy/62713/nature-s-way-kids-smart-vita-gummies-vitamin-c-zinc-60-pastilles,facebook,social,au_cw_coop_facebook_social_pharmacarelaboratories_naturesway_81_2026_bau_dynamic,81,conversion,dynamic_static-image,Coop,Pharmacarelaboratories,Naturesway,2026,dynamic,Limited Time Offer,"For your kids' healthy growth, shop Nature's Way Kids Supplements at Chemist Warehouse,  now 1/2 Price off RRP",Shop Now,https://scontent-gru2-2.xx.fbcdn.net/v/t39.35426-6/736610063_1340043044296988_5890757423283713528_n.jpg?_nc_cat=105&ccb=1-7&_nc_sid=c53f8f&_nc_ohc=KczVGXdeVSIQ7kNvwGybGPs&_nc_oc=Adoklmuj7f-r5X-Coq7_zKVyVC61G1_xMfmrKTnHYU7or6mLDGXVbuFB1wia3CdDEs4&_nc_zt=14&_nc_ht=scontent-gru2-2.xx&_nc_gid=JL9aLOk0Z8bxinOovrfAYQ&_nc_ss=7f289&oh=00_AQBk09P8E1I6yAngvJjJ0mnksARr5hs3xU0QJrLVoYhhjg&oe=6A509EA1,,"['FACEBOOK', 'INSTAGRAM', 'AUDIENCE_NETWORK', 'THREADS']",au,cw,facebook,social,2026-W27,2026-07,"FACEBOOK, INSTAGRAM, AUDIENCE_NETWORK, THREADS",True,True,True,False,True,False,SKU Product,True,False,False,2026-07-06,2026-07-02 07:00:00,2026-07-06 16:23:53.030278,4
1007727098657118,2113981872501950,True,2026-07-02 07:00:00,2026-07-05 07:00:00,Chemist Warehouse,Chemist Warehouse,{{product.name}},{{product.brand}},Shop now,DCO,https://www.chemistwarehouse.com.au/buy/166972/natures-way-kids-smart-vita-gummies-high-strength-mighty-immune-50-pastilles?utm_source=facebook&utm_medium=social&utm_campaign=au_cw_coop_facebook_social_pharmacarelaboratories_naturesway_81_2026_bau_dynamic&utm_term=conversion&utm_content=dynamic_static-image,www.chemistwarehouse.com.au,/buy/166972/natures-way-kids-smart-vita-gummies-high-strength-mighty-immune-50-pastilles,facebook,social,au_cw_coop_facebook_social_pharmacarelaboratories_naturesway_81_2026_bau_dynamic,81,conversion,dynamic_static-image,Coop,Pharmacarelaboratories,Naturesway,2026,dynamic,Limited Time Offer,"For your kids' healthy growth, shop Nature's Way Kids Supplements at Chemist Warehouse,  now 1/2 Price off RRP",Shop Now,https://scontent-gru2-2.xx.fbcdn.net/v/t39.35426-6/734008889_1979397696026373_818951909164697149_n.jpg?_nc_cat=105&ccb=1-7&_nc_sid=c53f8f&_nc_ohc=rG-VCtJB7uoQ7kNvwGx1Feo&_nc_oc=Adrn4ao3SB0usa8a_lV4P2_fRk-eam23iI4DARrUnpcuxeenGjppp-kR0t4mUxl7bJg&_nc_zt=14&_nc_ht=scontent-gru2-2.xx&_nc_gid=JL9aLOk0Z8bxinOovrfAYQ&_nc_ss=7f289&oh=00_AQCeajSzCmaAEvTRb9ZYfxEZ_GMQMRdu6hgbNJVRIto9CA&oe=6A50C11B,,"['FACEBOOK', 'INSTAGRAM', 'AUDIENCE_NETWORK', 'THREADS']",au,cw,facebook,social,2026-W27,2026-07,"FACEBOOK, INSTAGRAM, AUDIENCE_NETWORK, THREADS",True,True,True,False,True,False,SKU Product,True,False,False,2026-07-06,2026-07-02 07:00:00,2026-07-06 16:23:53.030278,4
1985718548734116,1677015460229293,True,2026-07-02 07:00:00,2026-07-05 07:00:00,Chemist Warehouse,Chemist Warehouse,{{product.name}},{{product.brand}},Shop now,DCO,https://www.chemistwarehouse.com.au/buy/166972/natures-way-kids-smart-vita-gummies-high-strength-mighty-immune-50-pastilles?utm_source=facebook&utm_medium=social&utm_campaign=au_cw_coop_facebook_social_pharmacarelaboratories_naturesway_81_jul26_100588-kidsmart_video-image&utm_term=traffic&utm_content=video-image_static-image,www.chemistwarehouse.com.au,/buy/166972/natures-way-kids-smart-vita-gummies-high-strength-mighty-immune-50-pastilles,facebook,social,au_cw_coop_facebook_social_pharmacarelaboratories_naturesway_81_jul26_100588-kidsmart_video-image,81,traffic,video-image_static-image,Coop,Pharmacarelaboratories,Naturesway,jul26,video-image,Save on Nature's Way Kids,"A tasty way to support kids nutrition with Nature's Way kids supplements, now 1/2 price off RRP at Chemist Warehouse",Shop Now,https://scontent-gru1-2.xx.fbcdn.net/v/t39.35426-6/737774061_2128055981419192_3698284699014053080_n.jpg?_nc_cat=103&ccb=1-7&_nc_sid=c53f8f&_nc_ohc=V42fL0xIvrEQ7kNvwHvcnFE&_nc_oc=Adqa12VaJGcSlIdIViMC9Mq2VBcOK3dp5TtllBeQ5M3dNIZsK4_aXdCYYdEHIltpZ64&_nc_zt=14&_nc_ht=scontent-gru1-2.xx&_nc_gid=JL9aLOk0Z8bxinOovrfAYQ&_nc_ss=7f289&oh=00_AQCGZsgCXznZxn2ntC5y7nR-LbGdM9-WoAnx1WSxZOeWXA&oe=6A5096CA,,"['FACEBOOK', 'INSTAGRAM', 'AUDIENCE_NETWORK', 'WHATSAPP', 'THREADS']",au,cw,facebook,social,2026-W27,2026-07,"FACEBOOK, INSTAGRAM, AUDIENCE_NETWORK, WHATSAPP, THREADS",True,True,True,False,True,True,SKU Product,True,False,False,2026-07-06,2026-07-02 07:00:00,2026-07-06 16:23:53.030278,4
1973497536616997,,True,2026-07-02 07:00:00,2026-07-05 07:00:00,Chemist Warehouse,Chemist Warehouse,Limited Time Offer,"For your kids' healthy growth, shop Nature's Way Kids Supplements at Chemist Warehouse,  now 1/2 Price off RRP",Shop now,IMAGE,https://fb.com/canvas_doc/1522554446271375,fb.com,/canvas_doc/1522554446271375,,,,,,,Not Specified,,,,,,,,,,"['FACEBOOK', 'INSTAGRAM', 'AUDIENCE_NETWORK', 'THREADS']",,,,,2026-W27,2026-07,"FACEBOOK, INSTAGRAM, AUDIENCE_NETWORK, THREADS",True,True,True,False,True,False,Internal/App Page,True,True,False,2026-07-06,2026-07-02 07:00:00,2026-07-06 16:23:53.030278,4
1573742130882756,897600276727010,True,2026-07-01 07:00:00,2026-07-05 07:00:00,Chemist Warehouse,Chemist Warehouse,{{product.name}},{{product.brand}},Shop now,DCO,https://www.chemistwarehouse.com.au/buy/168536/azzaro-forever-wanted-absolu-100ml?utm_source=facebook&utm_medium=social&utm_campaign=au_cw_oa_facebook_social_lorealluxury_azzaro_542_2026_bau_dynamic&utm_term=conversion&utm_content=dynamic_brand,www.chemistwarehouse.com.au,/buy/168536/azzaro-forever-wanted-absolu-100ml,facebook,social,au_cw_oa_facebook_social_lorealluxury_azzaro_542_2026_bau_dynamic,542,conversion,dynamic_brand,O&O,Lorealluxury,Azzaro,2026,dynamic,New Forever Wanted Absolu,"Azzaro Forever Wanted Absolu: a bold fusion of smoky incense, rich vanilla & whiskey. Shop now at Chemist Warehouse",Shop Now,https://scontent-gru1-2.xx.fbcdn.net/v/t39.35426-6/734472391_1335797335287630_6328332029672722989_n.jpg?_nc_cat=100&ccb=1-7&_nc_sid=c53f8f&_nc_ohc=PrkZL3oUHQwQ7kNvwHp36L3&_nc_oc=AdqHUsNesix_yIQgYzzbT-ur1U4Iv5Hr6jDFcgP_8n2noqd7vdAymlbgTKTKIgPhFdM&_nc_zt=14&_nc_ht=scontent-gru1-2.xx&_nc_gid=JL9aLOk0Z8bxinOovrfAYQ&_nc_ss=7f289&oh=00_AQC_VF9Czk_MXYnnWQVk_Fhp0Rt54aF8ZpveQ2cLsdf5IQ&oe=6A50BC25,,"['FACEBOOK', 'INSTAGRAM', 'AUDIENCE_NETWORK', 'MESSENGER', 'THREADS']",au,cw,facebook,social,2026-W27,2026-07,"FACEBOOK, INSTAGRAM, AUDIENCE_NETWORK, MESSENGER, THREADS",True,True,True,True,True,False,SKU Product,True,False,False,2026-07-06,2026-07-01 07:00:00,2026-07-06 16:23:53.030278,5
1248751197205283,2188575921999220,True,2026-07-01 07:00:00,2026-07-05 07:00:00,Chemist Warehouse,Chemist Warehouse,{{product.name}},{{product.brand}},Shop now,DCO,https://www.chemistwarehouse.com.au/buy/168536/azzaro-forever-wanted-absolu-100ml?utm_source=facebook&utm_medium=social&utm_campaign=au_cw_oa_facebook_social_lorealluxury_azzaro_542_2026_bau_dynamic&utm_term=conversion&utm_content=dynamic_brand,www.chemistwarehouse.com.au,/buy/168536/azzaro-forever-wanted-absolu-100ml,facebook,social,au_cw_oa_facebook_social_lorealluxury_azzaro_542_2026_bau_dynamic,542,conversion,dynamic_brand,O&O,Lorealluxury,Azzaro,2026,dynamic,New Forever Wanted Absolu,"Azzaro Forever Wanted Absolu: a bold fusion of smoky incense, rich vanilla & whiskey. Shop now at Chemist Warehouse",Shop Now,https://scontent-gru1-1.xx.fbcdn.net/v/t39.35426-6/734942530_907631191665562_2731671617634166217_n.jpg?_nc_cat=101&ccb=1-7&_nc_sid=c53f8f&_nc_ohc=zRSh0Yo_DHIQ7kNvwGI-AAW&_nc_oc=AdoGuejnw_eCv49UBhNNVZZE_SrM0TdS_M8M8YORi4FPfmXpQxxIlACCgcsFhxxnr2Q&_nc_zt=14&_nc_ht=scontent-gru1-1.xx&_nc_gid=JL9aLOk0Z8bxinOovrfAYQ&_nc_ss=7f289&oh=00_AQDgepyVHxNVdRcIav6pTw4o4ykHBGcJip2bbPBmk0UZhA&oe=6A508B0F,,"['FACEBOOK', 'INSTAGRAM', 'AUDIENCE_NETWORK', 'MESSENGER', 'THREADS']",au,cw,facebook,social,2026-W27,2026-07,"FACEBOOK, INSTAGRAM, AUDIENCE_NETWORK, MESSENGER, THREADS",True,True,True,True,True,False,SKU Product,True,False,False,2026-07-06,2026-07-01 07:00:00,2026-07-06 16:23:53.030278,5
2247426412754787,1181079677535821,True,2026-07-01 07:00:00,2026-07-05 07:00:00,Chemist Warehouse,Chemist Warehouse,{{product.name}},{{product.brand}},Shop now,DCO,https://www.chemistwarehouse.com.au/shop-online/513/blackmores?utm_source=facebook&utm_medium=social&utm_campaign=au_cw_coop_facebook_social_blackmoreslimited_blackmores_81_2026_bau_dynamic_100087&utm_term=traffic&utm_content=image_,www.chemistwarehouse.com.au,/shop-online/513/blackmores,facebook,social,au_cw_coop_facebook_social_blackmoreslimited_blackmores_81_2026_bau_dynamic_100087,81,traffic,image_,Coop,Blackmoreslimited,Blackmores,2026,100087,Shop Blackmores EOFY Sale,Shop Blackmores 1/2 PRICE OFF RRP* for a limited time only,Shop Now,https://scontent-gru2-2.xx.fbcdn.net/v/t39.35426-6/734733457_1520865446443958_4240789566727841451_n.jpg?_nc_cat=105&ccb=1-7&_nc_sid=c53f8f&_nc_ohc=kfOzR3GLsd0Q7kNvwEKuin1&_nc_oc=Adpax8F1E_ea3Za80Pcw2LsUmghlfSuKyPw7E4MZlZeN90pUwEU--nAsxSXjFTUivT4&_nc_zt=14&_nc_ht=scontent-gru2-2.xx&_nc_gid=JL9aLOk0Z8bxinOovrfAYQ&_nc_ss=7f289&oh=00_AQBdH_iNRn6pdOPuHmPu-acGIuZo0dIJXcrNBSlm-P7Uhg&oe=6A50BB05,,"['FACEBOOK', 'INSTAGRAM', 'MESSENGER', 'THREADS']",au,cw,facebook,social,2026-W27,2026-07,"FACEBOOK, INSTAGRAM, MESSENGER, THREADS",True,True,False,True,True,False,Brand/Category Page,True,False,False,2026-07-06,2026-07-01 07:00:00,2026-07-06 16:23:53.030278,5
1928094684540824,850191541251359,True,2026-07-01 07:00:00,2026-07-05 07:00:00,Chemist Warehouse,Chemist Warehouse,{{product.name}},{{product.brand}},Shop now,DCO,https://www.chemistwarehouse.com.au/buy/168536/azzaro-forever-wanted-absolu-100ml?utm_source=facebook&utm_medium=social&utm_campaign=au_cw_oa_facebook_social_lorealluxury_azzaro_542_2026_bau_dynamic&utm_term=conversion&utm_content=dynamic_brand,www.chemistwarehouse.com.au,/buy/168536/azzaro-forever-wanted-absolu-100ml,facebook,social,au_cw_oa_facebook_social_lorealluxury_azzaro_542_2026_bau_dynamic,542,conversion,dynamic_brand,O&O,Lorealluxury,Azzaro,2026,dynamic,New Forever Wanted Absolu,"Azzaro Forever Wanted Absolu: a bold fusion of smoky incense, rich vanilla & whiskey. Shop now at Chemist Warehouse",Shop Now,https://scontent-gru1-2.xx.fbcdn.net/v/t39.35426-6/736032906_1328560609476751_8940678094539700063_n.jpg?_nc_cat=108&ccb=1-7&_nc_sid=c53f8f&_nc_ohc=TGtW4vaBCrQQ7kNvwG9KjHC&_nc_oc=AdriUcJf2hP1bL1FCtpx6kBqwYajL834Ybc9w1lvorq45IfHIyXnT9WYIeBq4gdnAFM&_nc_zt=14&_nc_ht=scontent-gru1-2.xx&_nc_gid=JL9aLOk0Z8bxinOovrfAYQ&_nc_ss=7f289&oh=00_AQAOkzFze4yLdzk9l7V8sl0IUAS_7NtBmcCvZb5DEXwHLg&oe=6A50A442,,"['FACEBOOK', 'INSTAGRAM', 'AUDIENCE_NETWORK', 'MESSENGER', 'THREADS']",au,cw,facebook,social,2026-W27,2026-07,"FACEBOOK, INSTAGRAM, AUDIENCE_NETWORK, MESSENGER, THREADS",True,True,True,True,True,False,SKU Product,True,False,False,2026-07-06,2026-07-01 07:00:00,2026-07-06 16:23:53.030278,5
1010956714915678,981126628073454,True,2026-06-30 07:00:00,2026-07-05 07:00:00,Chemist Warehouse,Chemist Warehouse,Save on Suncare,Huge sale on selected Sun care! Shop now and get up to 1/2 Price off RRP selected ranges!,Shop now,VIDEO,https://fb.com/canvas_doc/1330680628665594,fb.com,/canvas_doc/1330680628665594,,,,,,,Not Specified,,,,,,,,,,"['FACEBOOK', 'INSTAGRAM', 'AUDIENCE_NETWORK', 'MESSENGER', 'THREADS']",,,,,2026-W27,2026-07,"FACEBOOK, INSTAGRAM, AUDIENCE_NETWORK, MESSENGER, THREADS",True,True,True,True,True,False,Internal/App Page,True,False,False,2026-07-06,2026-06-30 07:00:00,2026-07-06 16:23:53.030278,6
931822023263942,2407148893104467,True,2026-06-30 07:00:00,2026-07-05 07:00:00,Chemist Warehouse,Chemist Warehouse,{{product.name}},{{product.brand}},Shop now,DCO,https://www.chemistwarehouse.com.au/shop-online/sun-care-sale?utm_source=facebook&utm_medium=social&utm_campaign=au_cw_house_facebook_social_chemistwarehouse_chemistwarehouse_665_june26_200108-suncare_video-image&utm_term=traffic&utm_content=video-image_brand,www.chemistwarehouse.com.au,/shop-online/sun-care-sale,facebook,social,au_cw_house_facebook_social_chemistwarehouse_chemistwarehouse_665_june26_200108-suncare_video-image,665,traffic,video-image_brand,House,Chemistwarehouse,Chemistwarehouse,june26,video-image,Save on Suncare,Huge sale on selected Sun care! Shop now and get up to 1/2 Price off RRP selected ranges!,Shop Now,,https://video.ftgz4-1.fna.fbcdn.net/o1/v/t2/f2/m366/AQMyi90AIhsA82XjDklF7Po1LGDSZvLu2fijCUAhqRArck0aJcgqn1mR5_711VcxJ_aACtjsYCUw1vnWQtZTDQpuiG11Jlv2uprOpcWen3y11w.mp4?_nc_cat=104&_nc_oc=AdoE-mLlU5-cqrUHp9cVduyzTURvtdtwjHIUCU11rX_HgHmHzGiWqDHFA86wZoWOkZ8&_nc_sid=b66105&_nc_ht=video.ftgz4-1.fna.fbcdn.net&_nc_ohc=zvwgLbbVxM0Q7kNvwGQ4mgd&efg=eyJ2ZW5jb2RlX3RhZyI6Inhwdl9wcm9ncmVzc2l2ZS5WSV9VU0VDQVNFX1BST0RVQ1RfVFlQRS4uQzMuNzIwLmRhc2hfaDI2NC1iYXNpYy1nZW4yXzcyMHAiLCJ4cHZfYXNzZXRfaWQiOjgxNDEwMjQ3MTc4NzQ5NiwiYXNzZXRfYWdlX2RheXMiOjQsInZpX3VzZWNhc2VfaWQiOjEwNzk5LCJkdXJhdGlvbl9zIjoxMywidXJsZ2VuX3NvdXJjZSI6Ind3dyJ9&ccb=17-1&vs=9fcef093935f540c&_nc_vs=HBksFQIYRWZiX2VwaGVtZXJhbC9FQjRBN0JEQTZDQjQ2NTJDN0M3OUEwQ0Q0NzEwREZBQl9tdF8xX3ZpZGVvX2Rhc2hpbml0Lm1wNBUAAsgBEgAVAhhAZmJfcGVybWFuZW50LzM5NEQ4Mzk1M0Y1RUMyQTlDQTExQ0Y1NTgwQkJGRTg1X2F1ZGlvX2Rhc2hpbml0Lm1wNBUCAsgBEgAoABgAGwKIB3VzZV9vaWwBMRJwcm9ncmVzc2l2ZV9yZWNpcGUBMRUAACbQj6KKgJvyAhUCKAJDMywXQCsAAAAAAAAYGWRhc2hfaDI2NC1iYXNpYy1nZW4yXzcyMHARAHUAZd6oAQA&_nc_gid=x4ZmnFpBIv4WXSJgz5OMtQ&_nc_ss=7f180&_nc_zt=28&oh=00_AQDWqHUz2G3hQYw9viTxdIIeqw8aEuxYo8MOW4qSFd0oNg&oe=6A50A810,"['FACEBOOK', 'INSTAGRAM', 'AUDIENCE_NETWORK', 'MESSENGER', 'WHATSAPP', 'THREADS']",au,cw,facebook,social,2026-W27,2026-07,"FACEBOOK, INSTAGRAM, AUDIENCE_NETWORK, MESSENGER, WHATSAPP, THREADS",True,True,True,True,True,True,Brand/Category Page,True,False,False,2026-07-06,2026-06-30 07:00:00,2026-07-06 16:23:53.030278,6
2060536138003523,1181079677535821,True,2026-07-01 07:00:00,2026-07-05 07:00:00,Chemist Warehouse,Chemist Warehouse,{{product.name}},{{product.brand}},Shop now,DCO,https://www.chemistwarehouse.com.au/shop-online/513/blackmores?utm_source=facebook&utm_medium=social&utm_campaign=au_cw_coop_facebook_social_blackmoreslimited_blackmores_81_2026_bau_dynamic_100087&utm_term=traffic&utm_content=image_,www.chemistwarehouse.com.au,/shop-online/513/blackmores,facebook,social,au_cw_coop_facebook_social_blackmoreslimited_blackmores_81_2026_bau_dynamic_100087,81,traffic,image_,Coop,Blackmoreslimited,Blackmores,2026,100087,Shop Blackmores EOFY Sale,Shop Blackmores 1/2 PRICE OFF RRP* for a limited time only,Shop Now,https://scontent.ftgz4-1.fna.fbcdn.net/v/t39.35426-6/734733457_1520865446443958_4240789566727841451_n.jpg?_nc_cat=105&ccb=1-7&_nc_sid=c53f8f&_nc_ohc=kfOzR3GLsd0Q7kNvwG8FxRC&_nc_oc=Ado0_3_7mLw74Zj2a5CnlEqz_p0LV12ftmUmqQRVm-FueUk8920mbLVmn1ISSVZjHyY&_nc_zt=14&_nc_ht=scontent.ftgz4-1.fna&_nc_gid=x4ZmnFpBIv4WXSJgz5OMtQ&_nc_ss=7f180&oh=00_AQBBaxe3MNTDUIsMrSywc4IZgiFmVlBlao-kwvUQc1-jvA&oe=6A50BB05,,"['FACEBOOK', 'INSTAGRAM', 'AUDIENCE_NETWORK', 'MESSENGER', 'THREADS']",au,cw,facebook,social,2026-W27,2026-07,"FACEBOOK, INSTAGRAM, AUDIENCE_NETWORK, MESSENGER, THREADS",True,True,True,True,True,False,Brand/Category Page,True,False,False,2026-07-06,2026-07-01 07:00:00,2026-07-06 16:23:53.030278,5
3422529221252743,,True,2026-06-30 07:00:00,2026-07-05 07:00:00,Chemist Warehouse,Chemist Warehouse,Shop Blackmores EOFY Sale,Shop Blackmores 1/2 PRICE OFF RRP* for a limited time only,Shop now,IMAGE,https://fb.com/canvas_doc/1689137948900020,fb.com,/canvas_doc/1689137948900020,,,,,,,Not Specified,,,,,,,,,,"['FACEBOOK', 'INSTAGRAM', 'AUDIENCE_NETWORK', 'MESSENGER', 'THREADS']",,,,,2026-W27,2026-07,"FACEBOOK, INSTAGRAM, AUDIENCE_NETWORK, MESSENGER, THREADS",True,True,True,True,True,False,Internal/App Page,True,False,False,2026-07-06,2026-06-30 07:00:00,2026-07-06 16:23:53.030278,6
2579809035767743,1021490634076188,True,2026-07-01 07:00:00,2026-07-05 07:00:00,Chemist Warehouse,Chemist Warehouse,{{product.name}},{{product.brand}},Shop now,DCO,https://www.chemistwarehouse.com.au/shop-online/sun-care-sale?utm_source=facebook&utm_medium=social&utm_campaign=au_cw_house_facebook_social_chemistwarehouse_chemistwarehouse_665_june26_200108-suncare_video-image&utm_term=traffic&utm_content=video-image_brand,www.chemistwarehouse.com.au,/shop-online/sun-care-sale,facebook,social,au_cw_house_facebook_social_chemistwarehouse_chemistwarehouse_665_june26_200108-suncare_video-image,665,traffic,video-image_brand,House,Chemistwarehouse,Chemistwarehouse,june26,video-image,Save on Suncare,Huge sale on selected Sun care! Shop now and get up to 1/2 Price off RRP selected ranges!,Shop Now,,https://video.ftgz4-1.fna.fbcdn.net/o1/v/t2/f2/m366/AQN5zqjTPhD2A9sZZgOYG3IdbCA6VakERu0ahk0__hi8nTngna0-2eYUK0CYcXTVZU_xkN9DjrJSjhqNLlrvdEcRqicofIUqRDYrgWzzVaiSkQ.mp4?_nc_cat=106&_nc_oc=Adqyv-keWDxueFAR9br7q5InsGTXqlMzZaq00nEvFkU94UEnIXBumMAsBXX05M13Cbw&_nc_sid=b66105&_nc_ht=video.ftgz4-1.fna.fbcdn.net&_nc_ohc=yD93ciwTJC8Q7kNvwEHVVal&efg=eyJ2ZW5jb2RlX3RhZyI6Inhwdl9wcm9ncmVzc2l2ZS5WSV9VU0VDQVNFX1BST0RVQ1RfVFlQRS4uQzMuNzIwLmRhc2hfaDI2NC1iYXNpYy1nZW4yXzcyMHAiLCJ4cHZfYXNzZXRfaWQiOjEzNzE2MzM0NTE0OTM2MjgsImFzc2V0X2FnZV9kYXlzIjo0LCJ2aV91c2VjYXNlX2lkIjoxMDc5OSwiZHVyYXRpb25fcyI6MjgsInVybGdlbl9zb3VyY2UiOiJ3d3cifQ%3D%3D&ccb=17-1&vs=a95c21f71d79ee7e&_nc_vs=HBksFQIYRWZiX2VwaGVtZXJhbC8wMTRFODI0RkYzQTE2QzlFNDFCQ0JFM0RDMDdCMjdBNF9tdF8xX3ZpZGVvX2Rhc2hpbml0Lm1wNBUAAsgBEgAVAhhAZmJfcGVybWFuZW50LzBGNDdBRUYyQkNCQTIwRkYwOUJCM0VDMDcwMDA1RkI0X2F1ZGlvX2Rhc2hpbml0Lm1wNBUCAsgBEgAoABgAGwKIB3VzZV9vaWwBMRJwcm9ncmVzc2l2ZV9yZWNpcGUBMRUAACb4o5vKyd_vBBUCKAJDMywXQDwZmZmZmZoYGWRhc2hfaDI2NC1iYXNpYy1nZW4yXzcyMHARAHUAZd6oAQA&_nc_gid=x4ZmnFpBIv4WXSJgz5OMtQ&_nc_ss=7f180&_nc_zt=28&oh=00_AQBrDmuuPM7n9499nL5p23ypNkA3QtvzoIWpHhlXcio4-w&oe=6A508E26,"['FACEBOOK', 'INSTAGRAM', 'AUDIENCE_NETWORK', 'MESSENGER', 'WHATSAPP', 'THREADS']",au,cw,facebook,social,2026-W27,2026-07,"FACEBOOK, INSTAGRAM, AUDIENCE_NETWORK, MESSENGER, WHATSAPP, THREADS",True,True,True,True,True,True,Brand/Category Page,True,False,False,2026-07-06,2026-07-01 07:00:00,2026-07-06 16:23:53.030278,5
1031887252718038,,True,2026-07-02 07:00:00,2026-07-05 07:00:00,Chemist Warehouse,Chemist Warehouse,Nature's Way Kids Supplements,"For your kids' healthy growth, shop Nature's Way Kids Supplements at Chemist Warehouse.",Shop now,IMAGE,https://fb.com/canvas_doc/1659660821985751,fb.com,/canvas_doc/1659660821985751,,,,,,,Not Specified,,,,,,,,,,"['FACEBOOK', 'INSTAGRAM', 'AUDIENCE_NETWORK', 'THREADS']",,,,,2026-W27,2026-07,"FACEBOOK, INSTAGRAM, AUDIENCE_NETWORK, THREADS",True,True,True,False,True,False,Internal/App Page,True,True,False,2026-07-06,2026-07-02 07:00:00,2026-07-06 16:23:53.030278,4
1352073740189306,2385070185647996,True,2026-06-30 07:00:00,2026-07-05 07:00:00,Chemist Warehouse,Chemist Warehouse,{{product.name}},{{product.brand}},Shop now,DCO,https://www.chemistwarehouse.com.au/shop-online/sun-care-sale?utm_source=facebook&utm_medium=social&utm_campaign=au_cw_house_facebook_social_chemistwarehouse_chemistwarehouse_665_june26_200108-suncare_video-image&utm_term=traffic&utm_content=video-image_brand,www.chemistwarehouse.com.au,/shop-online/sun-care-sale,facebook,social,au_cw_house_facebook_social_chemistwarehouse_chemistwarehouse_665_june26_200108-suncare_video-image,665,traffic,video-image_brand,House,Chemistwarehouse,Chemistwarehouse,june26,video-image,Save on Suncare,Huge sale on selected Sun care! Shop now and get up to 1/2 Price off RRP selected ranges!,Shop Now,,https://video.ftgz4-1.fna.fbcdn.net/o1/v/t2/f2/m366/AQP1F3PS-yaHG7qBd8EJhcXC3LAVoDBFmRu_UbfYDwUem96SHm0UcixbXcdnCPpi4jumY-ePQEj3mXsjZLEEUVY2-R0isL5eQbDkLiXlBkWQaQ.mp4?_nc_cat=101&_nc_oc=Adqs70pCw2Mmz29OIcGWHWpz0kDarAuaD6gPXWCAXQczZUgWi6LDAlfKZ-g5hw15hUw&_nc_sid=b66105&_nc_ht=video.ftgz4-1.fna.fbcdn.net&_nc_ohc=NVXJKjODwdYQ7kNvwFhN6t4&efg=eyJ2ZW5jb2RlX3RhZyI6Inhwdl9wcm9ncmVzc2l2ZS5WSV9VU0VDQVNFX1BST0RVQ1RfVFlQRS4uQzMuNzIwLmRhc2hfaDI2NC1iYXNpYy1nZW4yXzcyMHAiLCJ4cHZfYXNzZXRfaWQiOjIwMDkwNDM2OTk5NzYxMzAsImFzc2V0X2FnZV9kYXlzIjo0LCJ2aV91c2VjYXNlX2lkIjoxMDc5OSwiZHVyYXRpb25fcyI6NDUsInVybGdlbl9zb3VyY2UiOiJ3d3cifQ%3D%3D&ccb=17-1&vs=b519469b074cc5fd&_nc_vs=HBksFQIYRWZiX2VwaGVtZXJhbC8xODRBQ0U4QUIzMUNFNzdGQ0JFODUyODQwOTkzNzI4Q19tdF8xX3ZpZGVvX2Rhc2hpbml0Lm1wNBUAAsgBEgAVAhhAZmJfcGVybWFuZW50LzQ5NDBCN0IzNjQ1N0M5ODg4MDk0QzczNTMwQTZBMThFX2F1ZGlvX2Rhc2hpbml0Lm1wNBUCAsgBEgAoABgAGwKIB3VzZV9vaWwBMRJwcm9ncmVzc2l2ZV9yZWNpcGUBMRUAACaEn5qB3s2RBxUCKAJDMywXQEbAAAAAAAAYGWRhc2hfaDI2NC1iYXNpYy1nZW4yXzcyMHARAHUAZd6oAQA&_nc_gid=x4ZmnFpBIv4WXSJgz5OMtQ&_nc_ss=7f180&_nc_zt=28&oh=00_AQD0R9XpEHuw4mHfDCBSp9YNewmpKPcZmAoaUUDb49eEgg&oe=6A50AC17,"['FACEBOOK', 'INSTAGRAM', 'AUDIENCE_NETWORK', 'MESSENGER', 'WHATSAPP', 'THREADS']",au,cw,facebook,social,2026-W27,2026-07,"FACEBOOK, INSTAGRAM, AUDIENCE_NETWORK, MESSENGER, WHATSAPP, THREADS",True,True,True,True,True,True,Brand/Category Page,True,False,False,2026-07-06,2026-06-30 07:00:00,2026-07-06 16:23:53.030278,6
1019995537627885,2760509811014802,True,2026-07-01 07:00:00,2026-07-05 07:00:00,Chemist Warehouse,Chemist Warehouse,{{product.name}},{{product.brand}},Shop now,DCO,https://www.chemistwarehouse.com.au/buy/147521/carusos-probiotic-vaginal-care-60-capsules?utm_source=facebook&utm_medium=social&utm_campaign=au_cw_coop_facebook_social_carusosnaturalhealth_carusos_81_2026_100096-bau_video-image&utm_term=traffic&utm_content=video-image_,www.chemistwarehouse.com.au,/buy/147521/carusos-probiotic-vaginal-care-60-capsules,facebook,social,au_cw_coop_facebook_social_carusosnaturalhealth_carusos_81_2026_100096-bau_video-image,81,traffic,video-image_,Coop,Carusosnaturalhealth,Carusos,2026,video-image,"5 Billion CFU, 3 Strains","Looking for ways to support your vaginal health?
Caruso’s Vaginal Care Probiotic supports vaginal health and helps support healthy vaginal pH while
also relieves abdominal bloating.",Shop Now,,https://video.ftgz4-1.fna.fbcdn.net/o1/v/t2/f2/m366/AQNE-DAup8z1Ch-hPkdqxUwneQ2bR-JNrzoJxyvDP8EOSNfm0qrho4hD5GkxwuHI8P5OKPLcL0Qfp--_qIvGlZQnE-YO5-iccWmtTLuAqIH5bQ.mp4?_nc_cat=109&_nc_oc=AdoQkF8_nMslgDU6OECbz_t_ypZ8gVBERq2e0WZqx2weI4qz_YaOpnfP0GT8Rv1D-YM&_nc_sid=b66105&_nc_ht=video.ftgz4-1.fna.fbcdn.net&_nc_ohc=u2lFeYmA1PEQ7kNvwE3uPzr&efg=eyJ2ZW5jb2RlX3RhZyI6Inhwdl9wcm9ncmVzc2l2ZS5WSV9VU0VDQVNFX1BST0RVQ1RfVFlQRS4uQzMuNzIwLmRhc2hfaDI2NC1iYXNpYy1nZW4yXzcyMHAiLCJ4cHZfYXNzZXRfaWQiOjk1MzQ2NzMxMTAyODQ5MywiYXNzZXRfYWdlX2RheXMiOjE3LCJ2aV91c2VjYXNlX2lkIjoxMDc5OSwiZHVyYXRpb25fcyI6MTUsInVybGdlbl9zb3VyY2UiOiJ3d3cifQ%3D%3D&ccb=17-1&vs=658f7e9f66ae4805&_nc_vs=HBksFQIYRWZiX2VwaGVtZXJhbC81QTQxQzVEQTEzNzk3REE0MDc1OUY2MEQwRjBGQzZBMF9tdF8xX3ZpZGVvX2Rhc2hpbml0Lm1wNBUAAsgBEgAVAhhAZmJfcGVybWFuZW50L0FFNDA3RTg5NzM0MjQyOEE3QjMzNDVBQjc2OUI5QkJFX2F1ZGlvX2Rhc2hpbml0Lm1wNBUCAsgBEgAoABgAGwKIB3VzZV9vaWwBMRJwcm9ncmVzc2l2ZV9yZWNpcGUBMRUAACaa5IeGjcuxAxUCKAJDMywXQC4AAAAAAAAYGWRhc2hfaDI2NC1iYXNpYy1nZW4yXzcyMHARAHUAZd6oAQA&_nc_gid=x4ZmnFpBIv4WXSJgz5OMtQ&_nc_ss=7f180&_nc_zt=28&oh=00_AQAwA4Zz1T2OvMk0-KC5scA3a6ptTlZQtBerW3Z709n2mA&oe=6A50B533,"['FACEBOOK', 'INSTAGRAM', 'AUDIENCE_NETWORK', 'MESSENGER', 'WHATSAPP', 'THREADS']",au,cw,facebook,social,2026-W27,2026-07,"FACEBOOK, INSTAGRAM, AUDIENCE_NETWORK, MESSENGER, WHATSAPP, THREADS",True,True,True,True,True,True,SKU Product,True,False,False,2026-07-06,2026-07-01 07:00:00,2026-07-06 16:23:53.030278,5
1225135346320580,1740062227173123,True,2026-06-30 07:00:00,2026-07-05 07:00:00,Chemist Warehouse,Chemist Warehouse,Available at Chemist Warehouse,Shop Glow Lab Body Wash at Chemist Warehouse!,Shop now,VIDEO,https://www.chemistwarehouse.com.au/shop-online/4738/glow-lab?category=Bath%20%26%20Shower&utm_source=facebook&utm_medium=social&utm_campaign=au_cw_oa_facebook_social_glowculture_glowculture_259_jul26_100643-boosting_video&utm_term=traffic&utm_content=video_influencer-video-charli,www.chemistwarehouse.com.au,/shop-online/4738/glow-lab,facebook,social,au_cw_oa_facebook_social_glowculture_glowculture_259_jul26_100643-boosting_video,259,traffic,video_influencer-video-charli,O&O,Glowculture,Glowculture,jul26,video,,,,,,"['FACEBOOK', 'INSTAGRAM', 'THREADS']",au,cw,facebook,social,2026-W27,2026-07,"FACEBOOK, INSTAGRAM, THREADS",True,True,False,False,True,False,Brand/Category Page,True,True,False,2026-07-06,2026-06-30 07:00:00,2026-07-06 16:23:53.030278,6
2882209225505524,,True,2026-06-30 07:00:00,2026-07-05 07:00:00,Chemist Warehouse,Chemist Warehouse,Available at Chemist Warehouse,Shop Glow Lab Ceramides Range at Chemist Warehouse!,Shop now,VIDEO,https://www.chemistwarehouse.com.au/shop-online/4738/glow-lab?category=Skincare&utm_source=facebook&utm_medium=social&utm_campaign=au_cw_oa_facebook_social_glowculture_glowculture_259_jul26_100643-boosting_video&utm_term=traffic&utm_content=video_influencer-video-harmony,www.chemistwarehouse.com.au,/shop-online/4738/glow-lab,facebook,social,au_cw_oa_facebook_social_glowculture_glowculture_259_jul26_100643-boosting_video,259,traffic,video_influencer-video-harmony,O&O,Glowculture,Glowculture,jul26,video,,,,,,"['FACEBOOK', 'INSTAGRAM', 'THREADS']",au,cw,facebook,social,2026-W27,2026-07,"FACEBOOK, INSTAGRAM, THREADS",True,True,False,False,True,False,Brand/Category Page,True,True,False,2026-07-06,2026-06-30 07:00:00,2026-07-06 16:23:53.030278,6
1332402685699241,2760509811014802,True,2026-06-30 07:00:00,2026-07-05 07:00:00,Chemist Warehouse,Chemist Warehouse,{{product.name}},{{product.brand}},Shop now,DCO,https://www.chemistwarehouse.com.au/buy/147521/carusos-probiotic-vaginal-care-60-capsules?utm_source=facebook&utm_medium=social&utm_campaign=au_cw_coop_facebook_social_carusosnaturalhealth_carusos_81_2026_100096-bau_video-image&utm_term=traffic&utm_content=video-image_,www.chemistwarehouse.com.au,/buy/147521/carusos-probiotic-vaginal-care-60-capsules,facebook,social,au_cw_coop_facebook_social_carusosnaturalhealth_carusos_81_2026_100096-bau_video-image,81,traffic,video-image_,Coop,Carusosnaturalhealth,Carusos,2026,video-image,"5 Billion CFU, 3 Strains","Looking for ways to support your vaginal health?
Caruso’s Vaginal Care Probiotic supports vaginal health and helps support healthy vaginal pH while
also relieves abdominal bloating.",Shop Now,,https://video.ftgz4-1.fna.fbcdn.net/o1/v/t2/f2/m366/AQNE-DAup8z1Ch-hPkdqxUwneQ2bR-JNrzoJxyvDP8EOSNfm0qrho4hD5GkxwuHI8P5OKPLcL0Qfp--_qIvGlZQnE-YO5-iccWmtTLuAqIH5bQ.mp4?_nc_cat=109&_nc_oc=AdoQkF8_nMslgDU6OECbz_t_ypZ8gVBERq2e0WZqx2weI4qz_YaOpnfP0GT8Rv1D-YM&_nc_sid=b66105&_nc_ht=video.ftgz4-1.fna.fbcdn.net&_nc_ohc=u2lFeYmA1PEQ7kNvwE3uPzr&efg=eyJ2ZW5jb2RlX3RhZyI6Inhwdl9wcm9ncmVzc2l2ZS5WSV9VU0VDQVNFX1BST0RVQ1RfVFlQRS4uQzMuNzIwLmRhc2hfaDI2NC1iYXNpYy1nZW4yXzcyMHAiLCJ4cHZfYXNzZXRfaWQiOjk1MzQ2NzMxMTAyODQ5MywiYXNzZXRfYWdlX2RheXMiOjE3LCJ2aV91c2VjYXNlX2lkIjoxMDc5OSwiZHVyYXRpb25fcyI6MTUsInVybGdlbl9zb3VyY2UiOiJ3d3cifQ%3D%3D&ccb=17-1&vs=658f7e9f66ae4805&_nc_vs=HBksFQIYRWZiX2VwaGVtZXJhbC81QTQxQzVEQTEzNzk3REE0MDc1OUY2MEQwRjBGQzZBMF9tdF8xX3ZpZGVvX2Rhc2hpbml0Lm1wNBUAAsgBEgAVAhhAZmJfcGVybWFuZW50L0FFNDA3RTg5NzM0MjQyOEE3QjMzNDVBQjc2OUI5QkJFX2F1ZGlvX2Rhc2hpbml0Lm1wNBUCAsgBEgAoABgAGwKIB3VzZV9vaWwBMRJwcm9ncmVzc2l2ZV9yZWNpcGUBMRUAACaa5IeGjcuxAxUCKAJDMywXQC4AAAAAAAAYGWRhc2hfaDI2NC1iYXNpYy1nZW4yXzcyMHARAHUAZd6oAQA&_nc_gid=x4ZmnFpBIv4WXSJgz5OMtQ&_nc_ss=7f180&_nc_zt=28&oh=00_AQAwA4Zz1T2OvMk0-KC5scA3a6ptTlZQtBerW3Z709n2mA&oe=6A50B533,"['FACEBOOK', 'INSTAGRAM', 'AUDIENCE_NETWORK', 'MESSENGER', 'WHATSAPP', 'THREADS']",au,cw,facebook,social,2026-W27,2026-07,"FACEBOOK, INSTAGRAM, AUDIENCE_NETWORK, MESSENGER, WHATSAPP, THREADS",True,True,True,True,True,True,SKU Product,True,False,False,2026-07-06,2026-06-30 07:00:00,2026-07-06 16:23:53.030278,6
1307909494885368,1632543024470889,True,2026-06-30 07:00:00,2026-07-04 07:00:00,Chemist Warehouse,Chemist Warehouse,{{product.name}},{{product.brand}},Shop now,DCO,https://www.chemistwarehouse.com.au/buy/147521/carusos-probiotic-vaginal-care-60-capsules?utm_source=facebook&utm_medium=social&utm_campaign=au_cw_coop_facebook_social_carusosnaturalhealth_carusos_81_2026_100096-bau_video-image&utm_term=traffic&utm_content=video-image_,www.chemistwarehouse.com.au,/buy/147521/carusos-probiotic-vaginal-care-60-capsules,facebook,social,au_cw_coop_facebook_social_carusosnaturalhealth_carusos_81_2026_100096-bau_video-image,81,traffic,video-image_,Coop,Carusosnaturalhealth,Carusos,2026,video-image,"5 Billion CFU, 3 Strains","Looking for ways to support your vaginal health?
Caruso’s Vaginal Care Probiotic supports vaginal health and helps support healthy vaginal pH while
also relieves abdominal bloating.",Shop Now,,https://video.ftgz4-1.fna.fbcdn.net/o1/v/t2/f2/m366/AQNu4YcAUQ1f1Yc8bHVNJWYWJCQrHz0c0rdMKtgNHFwimqc6WkZg0ilpjcseBNIrHlERZ8w1YufUErC1hkZ_CuPkCJh-ytOKhisN6-MYoKzbUw.mp4?_nc_cat=107&_nc_oc=Adrpht2iepVpxJuExIkbDKe_Tp02EGc9uEmdL3uD-fg0OiW1IzgblC3ojY6DeZ7DDSA&_nc_sid=b66105&_nc_ht=video.ftgz4-1.fna.fbcdn.net&_nc_ohc=9l6mj862cJcQ7kNvwFfK1KN&efg=eyJ2ZW5jb2RlX3RhZyI6Inhwdl9wcm9ncmVzc2l2ZS5WSV9VU0VDQVNFX1BST0RVQ1RfVFlQRS4uQzMuNzIwLmRhc2hfaDI2NC1iYXNpYy1nZW4yXzcyMHAiLCJ4cHZfYXNzZXRfaWQiOjE1Nzc5NTQ4NTA1NjQ1NTEsImFzc2V0X2FnZV9kYXlzIjoxNywidmlfdXNlY2FzZV9pZCI6MTA3OTksImR1cmF0aW9uX3MiOjE1LCJ1cmxnZW5fc291cmNlIjoid3d3In0%3D&ccb=17-1&vs=1926bd53517a55b2&_nc_vs=HBksFQIYRWZiX2VwaGVtZXJhbC81NjRBNkU0NUUyMkM0QUZBNTY2RkU2Q0I0N0RFQjZCNF9tdF8xX3ZpZGVvX2Rhc2hpbml0Lm1wNBUAAsgBEgAVAhhAZmJfcGVybWFuZW50LzQ1NDBBMDY0OTExRjRDQjkzRTJFM0M0OTY5MjYxRjkxX2F1ZGlvX2Rhc2hpbml0Lm1wNBUCAsgBEgAoABgAGwKIB3VzZV9vaWwBMRJwcm9ncmVzc2l2ZV9yZWNpcGUBMRUAACaOp7flh8nNBRUCKAJDMywXQC4AAAAAAAAYGWRhc2hfaDI2NC1iYXNpYy1nZW4yXzcyMHARAHUAZd6oAQA&_nc_gid=x4ZmnFpBIv4WXSJgz5OMtQ&_nc_ss=7f180&_nc_zt=28&oh=00_AQCTJNQ-obIiI4BdVRSCrGGtBbUAT1hssmtCmn32uJGjAg&oe=6A50A70D,"['FACEBOOK', 'INSTAGRAM', 'AUDIENCE_NETWORK', 'MESSENGER', 'WHATSAPP', 'THREADS']",au,cw,facebook,social,2026-W27,2026-07,"FACEBOOK, INSTAGRAM, AUDIENCE_NETWORK, MESSENGER, WHATSAPP, THREADS",True,True,True,True,True,True,SKU Product,True,False,False,2026-07-06,2026-06-30 07:00:00,2026-07-06 16:23:53.030278,6
946775028371622,941556325600795,True,2026-07-01 07:00:00,2026-07-05 07:00:00,Chemist Warehouse,Chemist Warehouse,{{product.name}},{{product.brand}},Shop now,DCO,https://www.chemistwarehouse.com.au/buy/147521/carusos-probiotic-vaginal-care-60-capsules?utm_source=facebook&utm_medium=social&utm_campaign=au_cw_coop_facebook_social_carusosnaturalhealth_carusos_81_2026_100096-bau_video-image&utm_term=traffic&utm_content=video-image_,www.chemistwarehouse.com.au,/buy/147521/carusos-probiotic-vaginal-care-60-capsules,facebook,social,au_cw_coop_facebook_social_carusosnaturalhealth_carusos_81_2026_100096-bau_video-image,81,traffic,video-image_,Coop,Carusosnaturalhealth,Carusos,2026,video-image,"5 Billion CFU, 3 Strains","Looking for ways to support your vaginal health?
Caruso’s Vaginal Care Probiotic supports vaginal health and helps support healthy vaginal pH while
also relieves abdominal bloating.",Shop Now,https://scontent.ftgz4-1.fna.fbcdn.net/v/t39.35426-6/734152634_1780786063358070_2273766686130230600_n.jpg?_nc_cat=107&ccb=1-7&_nc_sid=c53f8f&_nc_ohc=aEwogZ7bJNsQ7kNvwFeg5wa&_nc_oc=Adrb8p4G6kktbjTsSoDv7erBLEH7TpMNjJ4IvNuuyvft7s_wb3q3hOSOeVuHq7S0HMs&_nc_zt=14&_nc_ht=scontent.ftgz4-1.fna&_nc_gid=x4ZmnFpBIv4WXSJgz5OMtQ&_nc_ss=7f180&oh=00_AQAnWJmE-xB3b25mt9wvssnySoowPe_czH7bdRgX3fQWxA&oe=6A50B169,,"['FACEBOOK', 'INSTAGRAM', 'AUDIENCE_NETWORK', 'MESSENGER', 'WHATSAPP', 'THREADS']",au,cw,facebook,social,2026-W27,2026-07,"FACEBOOK, INSTAGRAM, AUDIENCE_NETWORK, MESSENGER, WHATSAPP, THREADS",True,True,True,True,True,True,SKU Product,True,False,False,2026-07-06,2026-07-01 07:00:00,2026-07-06 16:23:53.030278,5
1532223835071307,1679425176629646,True,2026-07-01 07:00:00,2026-07-05 07:00:00,Chemist Warehouse,Chemist Warehouse,{{product.name}},{{product.brand}},Shop now,DCO,https://www.chemistwarehouse.com.au/buy/147521/carusos-probiotic-vaginal-care-60-capsules?utm_source=facebook&utm_medium=social&utm_campaign=au_cw_coop_facebook_social_carusosnaturalhealth_carusos_81_2026_100096-bau_video-image&utm_term=traffic&utm_content=video-image_,www.chemistwarehouse.com.au,/buy/147521/carusos-probiotic-vaginal-care-60-capsules,facebook,social,au_cw_coop_facebook_social_carusosnaturalhealth_carusos_81_2026_100096-bau_video-image,81,traffic,video-image_,Coop,Carusosnaturalhealth,Carusos,2026,video-image,"5 Billion CFU, 3 Strains","Looking for ways to support your vaginal health?
Caruso’s Vaginal Care Probiotic supports vaginal health and helps support healthy vaginal pH while
also relieves abdominal bloating.",Shop Now,,https://video.ftgz4-1.fna.fbcdn.net/o1/v/t2/f2/m366/AQNa5VV8R_io6k1dRF3zNi2IUnb7BnAG0EiUG9ZPVvCwzhZ-hA7xf_uzEB_A9ns-fh0WMkWcfgOtSmQKxk6fxFUb1TM-8itHBEr1aH2_3tVC_g.mp4?_nc_cat=107&_nc_oc=Adqqv2GB_eB5-lNSoy0engPB_Mcu83RGwdzkoKqygnx9AnWcf_U3_vY7p9jo8VmKb5s&_nc_sid=b66105&_nc_ht=video.ftgz4-1.fna.fbcdn.net&_nc_ohc=XA1oZoXTEG8Q7kNvwGz7v2n&efg=eyJ2ZW5jb2RlX3RhZyI6Inhwdl9wcm9ncmVzc2l2ZS5WSV9VU0VDQVNFX1BST0RVQ1RfVFlQRS4uQzMuNzIwLmRhc2hfaDI2NC1iYXNpYy1nZW4yXzcyMHAiLCJ4cHZfYXNzZXRfaWQiOjE1NzgxNDk0NTczNjcwMjUsImFzc2V0X2FnZV9kYXlzIjoxNywidmlfdXNlY2FzZV9pZCI6MTA3OTksImR1cmF0aW9uX3MiOjE1LCJ1cmxnZW5fc291cmNlIjoid3d3In0%3D&ccb=17-1&vs=b87fe6ea39627d26&_nc_vs=HBksFQIYRWZiX2VwaGVtZXJhbC8wNjQ3MDc1ODNCNTNFRDY0NjhBNUZCNDc0QzE1NURBRF9tdF8xX3ZpZGVvX2Rhc2hpbml0Lm1wNBUAAsgBEgAVAhhAZmJfcGVybWFuZW50LzIyNEZBMDgzRUFEODE1RkM3MTBFNEM4MDVDQTc1QzkxX2F1ZGlvX2Rhc2hpbml0Lm1wNBUCAsgBEgAoABgAGwKIB3VzZV9vaWwBMRJwcm9ncmVzc2l2ZV9yZWNpcGUBMRUAACbiv_jcsdTNBRUCKAJDMywXQC4AAAAAAAAYGWRhc2hfaDI2NC1iYXNpYy1nZW4yXzcyMHARAHUAZd6oAQA&_nc_gid=x4ZmnFpBIv4WXSJgz5OMtQ&_nc_ss=7f180&_nc_zt=28&oh=00_AQDXaLE6OSe0xkWv_27QL31hl4BiIWYle-wY5K0dgXGf_A&oe=6A509275,"['FACEBOOK', 'INSTAGRAM', 'AUDIENCE_NETWORK', 'MESSENGER', 'WHATSAPP', 'THREADS']",au,cw,facebook,social,2026-W27,2026-07,"FACEBOOK, INSTAGRAM, AUDIENCE_NETWORK, MESSENGER, WHATSAPP, THREADS",True,True,True,True,True,True,SKU Product,True,False,False,2026-07-06,2026-07-01 07:00:00,2026-07-06 16:23:53.030278,5
4048312082132604,1632543024470889,True,2026-07-01 07:00:00,2026-07-04 07:00:00,Chemist Warehouse,Chemist Warehouse,{{product.name}},{{product.brand}},Shop now,DCO,https://www.chemistwarehouse.com.au/buy/147521/carusos-probiotic-vaginal-care-60-capsules?utm_source=facebook&utm_medium=social&utm_campaign=au_cw_coop_facebook_social_carusosnaturalhealth_carusos_81_2026_100096-bau_video-image&utm_term=traffic&utm_content=video-image_,www.chemistwarehouse.com.au,/buy/147521/carusos-probiotic-vaginal-care-60-capsules,facebook,social,au_cw_coop_facebook_social_carusosnaturalhealth_carusos_81_2026_100096-bau_video-image,81,traffic,video-image_,Coop,Carusosnaturalhealth,Carusos,2026,video-image,"5 Billion CFU, 3 Strains","Looking for ways to support your vaginal health?
Caruso’s Vaginal Care Probiotic supports vaginal health and helps support healthy vaginal pH while
also relieves abdominal bloating.",Shop Now,,https://video.ftgz4-1.fna.fbcdn.net/o1/v/t2/f2/m366/AQNu4YcAUQ1f1Yc8bHVNJWYWJCQrHz0c0rdMKtgNHFwimqc6WkZg0ilpjcseBNIrHlERZ8w1YufUErC1hkZ_CuPkCJh-ytOKhisN6-MYoKzbUw.mp4?_nc_cat=107&_nc_oc=Adrpht2iepVpxJuExIkbDKe_Tp02EGc9uEmdL3uD-fg0OiW1IzgblC3ojY6DeZ7DDSA&_nc_sid=b66105&_nc_ht=video.ftgz4-1.fna.fbcdn.net&_nc_ohc=9l6mj862cJcQ7kNvwFfK1KN&efg=eyJ2ZW5jb2RlX3RhZyI6Inhwdl9wcm9ncmVzc2l2ZS5WSV9VU0VDQVNFX1BST0RVQ1RfVFlQRS4uQzMuNzIwLmRhc2hfaDI2NC1iYXNpYy1nZW4yXzcyMHAiLCJ4cHZfYXNzZXRfaWQiOjE1Nzc5NTQ4NTA1NjQ1NTEsImFzc2V0X2FnZV9kYXlzIjoxNywidmlfdXNlY2FzZV9pZCI6MTA3OTksImR1cmF0aW9uX3MiOjE1LCJ1cmxnZW5fc291cmNlIjoid3d3In0%3D&ccb=17-1&vs=1926bd53517a55b2&_nc_vs=HBksFQIYRWZiX2VwaGVtZXJhbC81NjRBNkU0NUUyMkM0QUZBNTY2RkU2Q0I0N0RFQjZCNF9tdF8xX3ZpZGVvX2Rhc2hpbml0Lm1wNBUAAsgBEgAVAhhAZmJfcGVybWFuZW50LzQ1NDBBMDY0OTExRjRDQjkzRTJFM0M0OTY5MjYxRjkxX2F1ZGlvX2Rhc2hpbml0Lm1wNBUCAsgBEgAoABgAGwKIB3VzZV9vaWwBMRJwcm9ncmVzc2l2ZV9yZWNpcGUBMRUAACaOp7flh8nNBRUCKAJDMywXQC4AAAAAAAAYGWRhc2hfaDI2NC1iYXNpYy1nZW4yXzcyMHARAHUAZd6oAQA&_nc_gid=x4ZmnFpBIv4WXSJgz5OMtQ&_nc_ss=7f180&_nc_zt=28&oh=00_AQCTJNQ-obIiI4BdVRSCrGGtBbUAT1hssmtCmn32uJGjAg&oe=6A50A70D,"['FACEBOOK', 'INSTAGRAM', 'AUDIENCE_NETWORK', 'MESSENGER', 'WHATSAPP', 'THREADS']",au,cw,facebook,social,2026-W27,2026-07,"FACEBOOK, INSTAGRAM, AUDIENCE_NETWORK, MESSENGER, WHATSAPP, THREADS",True,True,True,True,True,True,SKU Product,True,False,False,2026-07-06,2026-07-01 07:00:00,2026-07-06 16:23:53.030278,5
1035975682491849,1679425176629646,True,2026-06-30 07:00:00,2026-07-05 07:00:00,Chemist Warehouse,Chemist Warehouse,{{product.name}},{{product.brand}},Shop now,DCO,https://www.chemistwarehouse.com.au/buy/147521/carusos-probiotic-vaginal-care-60-capsules?utm_source=facebook&utm_medium=social&utm_campaign=au_cw_coop_facebook_social_carusosnaturalhealth_carusos_81_2026_100096-bau_video-image&utm_term=traffic&utm_content=video-image_,www.chemistwarehouse.com.au,/buy/147521/carusos-probiotic-vaginal-care-60-capsules,facebook,social,au_cw_coop_facebook_social_carusosnaturalhealth_carusos_81_2026_100096-bau_video-image,81,traffic,video-image_,Coop,Carusosnaturalhealth,Carusos,2026,video-image,"5 Billion CFU, 3 Strains","Looking for ways to support your vaginal health?
Caruso’s Vaginal Care Probiotic supports vaginal health and helps support healthy vaginal pH while
also relieves abdominal bloating.",Shop Now,,https://video.ftgz4-1.fna.fbcdn.net/o1/v/t2/f2/m366/AQNa5VV8R_io6k1dRF3zNi2IUnb7BnAG0EiUG9ZPVvCwzhZ-hA7xf_uzEB_A9ns-fh0WMkWcfgOtSmQKxk6fxFUb1TM-8itHBEr1aH2_3tVC_g.mp4?_nc_cat=107&_nc_oc=Adqqv2GB_eB5-lNSoy0engPB_Mcu83RGwdzkoKqygnx9AnWcf_U3_vY7p9jo8VmKb5s&_nc_sid=b66105&_nc_ht=video.ftgz4-1.fna.fbcdn.net&_nc_ohc=XA1oZoXTEG8Q7kNvwGz7v2n&efg=eyJ2ZW5jb2RlX3RhZyI6Inhwdl9wcm9ncmVzc2l2ZS5WSV9VU0VDQVNFX1BST0RVQ1RfVFlQRS4uQzMuNzIwLmRhc2hfaDI2NC1iYXNpYy1nZW4yXzcyMHAiLCJ4cHZfYXNzZXRfaWQiOjE1NzgxNDk0NTczNjcwMjUsImFzc2V0X2FnZV9kYXlzIjoxNywidmlfdXNlY2FzZV9pZCI6MTA3OTksImR1cmF0aW9uX3MiOjE1LCJ1cmxnZW5fc291cmNlIjoid3d3In0%3D&ccb=17-1&vs=b87fe6ea39627d26&_nc_vs=HBksFQIYRWZiX2VwaGVtZXJhbC8wNjQ3MDc1ODNCNTNFRDY0NjhBNUZCNDc0QzE1NURBRF9tdF8xX3ZpZGVvX2Rhc2hpbml0Lm1wNBUAAsgBEgAVAhhAZmJfcGVybWFuZW50LzIyNEZBMDgzRUFEODE1RkM3MTBFNEM4MDVDQTc1QzkxX2F1ZGlvX2Rhc2hpbml0Lm1wNBUCAsgBEgAoABgAGwKIB3VzZV9vaWwBMRJwcm9ncmVzc2l2ZV9yZWNpcGUBMRUAACbiv_jcsdTNBRUCKAJDMywXQC4AAAAAAAAYGWRhc2hfaDI2NC1iYXNpYy1nZW4yXzcyMHARAHUAZd6oAQA&_nc_gid=x4ZmnFpBIv4WXSJgz5OMtQ&_nc_ss=7f180&_nc_zt=28&oh=00_AQDXaLE6OSe0xkWv_27QL31hl4BiIWYle-wY5K0dgXGf_A&oe=6A509275,"['FACEBOOK', 'INSTAGRAM', 'AUDIENCE_NETWORK', 'MESSENGER', 'WHATSAPP', 'THREADS']",au,cw,facebook,social,2026-W27,2026-07,"FACEBOOK, INSTAGRAM, AUDIENCE_NETWORK, MESSENGER, WHATSAPP, THREADS",True,True,True,True,True,True,SKU Product,True,False,False,2026-07-06,2026-06-30 07:00:00,2026-07-06 16:23:53.030278,6
1991867871791135,941556325600795,True,2026-06-30 07:00:00,2026-07-05 07:00:00,Chemist Warehouse,Chemist Warehouse,{{product.name}},{{product.brand}},Shop now,DCO,https://www.chemistwarehouse.com.au/buy/147521/carusos-probiotic-vaginal-care-60-capsules?utm_source=facebook&utm_medium=social&utm_campaign=au_cw_coop_facebook_social_carusosnaturalhealth_carusos_81_2026_100096-bau_video-image&utm_term=traffic&utm_content=video-image_,www.chemistwarehouse.com.au,/buy/147521/carusos-probiotic-vaginal-care-60-capsules,facebook,social,au_cw_coop_facebook_social_carusosnaturalhealth_carusos_81_2026_100096-bau_video-image,81,traffic,video-image_,Coop,Carusosnaturalhealth,Carusos,2026,video-image,"5 Billion CFU, 3 Strains","Looking for ways to support your vaginal health?
Caruso’s Vaginal Care Probiotic supports vaginal health and helps support healthy vaginal pH while
also relieves abdominal bloating.",Shop Now,https://scontent.ftgz4-1.fna.fbcdn.net/v/t39.35426-6/735831915_1344158727043136_4787860901485795300_n.jpg?_nc_cat=101&ccb=1-7&_nc_sid=c53f8f&_nc_ohc=wBlUDm-254MQ7kNvwHUf-xf&_nc_oc=Ado9azkDnuBd0TJCejUH4X3qzztARwkY2DxORyY4w-BXVvYqFVs_e8gky4clnltV7CE&_nc_zt=14&_nc_ht=scontent.ftgz4-1.fna&_nc_gid=x4ZmnFpBIv4WXSJgz5OMtQ&_nc_ss=7f180&oh=00_AQBMklrGpHZIP2bD82GLxxtJnuehDBTu7kTZvFpNygDEIQ&oe=6A50A5E7,,"['FACEBOOK', 'INSTAGRAM', 'AUDIENCE_NETWORK', 'MESSENGER', 'WHATSAPP', 'THREADS']",au,cw,facebook,social,2026-W27,2026-07,"FACEBOOK, INSTAGRAM, AUDIENCE_NETWORK, MESSENGER, WHATSAPP, THREADS",True,True,True,True,True,True,SKU Product,True,False,False,2026-07-06,2026-06-30 07:00:00,2026-07-06 16:23:53.030278,6
2023240381634994,1570436471102803,True,2026-07-01 07:00:00,2026-07-05 07:00:00,Chemist Warehouse,Chemist Warehouse,{{product.name}},{{product.brand}},Shop now,DCO,https://www.chemistwarehouse.com.au/buy/168536/azzaro-forever-wanted-absolu-100ml?utm_source=facebook&utm_medium=social&utm_campaign=au_cw_oa_facebook_social_lorealluxury_azzaro_542_2026_bau_dynamic&utm_term=conversion&utm_content=dynamic_brand,www.chemistwarehouse.com.au,/buy/168536/azzaro-forever-wanted-absolu-100ml,facebook,social,au_cw_oa_facebook_social_lorealluxury_azzaro_542_2026_bau_dynamic,542,conversion,dynamic_brand,O&O,Lorealluxury,Azzaro,2026,dynamic,Azzaro's newest edition,"Azzaro Forever Wanted Absolu: a bold fusion of smoky incense, rich vanilla & whiskey.",Shop Now,https://scontent-gru1-2.xx.fbcdn.net/v/t39.35426-6/735210666_1716780673080287_5014931120573050616_n.jpg?_nc_cat=108&ccb=1-7&_nc_sid=c53f8f&_nc_ohc=FrP1-A-8hT8Q7kNvwEwKe6q&_nc_oc=AdoISzy0xzJZXUCCJjK1TmZKShwmdiEHcoD1wF6vVY0iFsrkFdszO29UapxRQeacsUU&_nc_zt=14&_nc_ht=scontent-gru1-2.xx&_nc_gid=JL9aLOk0Z8bxinOovrfAYQ&_nc_ss=7f289&oh=00_AQCtg8rusqkltAfnlZJa2I8QWUS089qI6hu_vcxTjjqKNQ&oe=6A50A463,,"['FACEBOOK', 'INSTAGRAM', 'AUDIENCE_NETWORK', 'MESSENGER', 'THREADS']",au,cw,facebook,social,2026-W27,2026-07,"FACEBOOK, INSTAGRAM, AUDIENCE_NETWORK, MESSENGER, THREADS",True,True,True,True,True,False,SKU Product,True,False,False,2026-07-06,2026-07-01 07:00:00,2026-07-06 16:23:53.030278,5
1301416951978233,,True,2026-07-01 07:00:00,2026-07-05 07:00:00,Chemist Warehouse,Chemist Warehouse,Shop Blackmores EOFY Sale,Shop Blackmores 1/2 PRICE OFF RRP* for a limited time only,Shop now,IMAGE,https://fb.com/canvas_doc/1689137948900020,fb.com,/canvas_doc/1689137948900020,,,,,,,Not Specified,,,,,,,,,,"['FACEBOOK', 'INSTAGRAM', 'MESSENGER', 'THREADS']",,,,,2026-W27,2026-07,"FACEBOOK, INSTAGRAM, MESSENGER, THREADS",True,True,False,True,True,False,Internal/App Page,True,False,False,2026-07-06,2026-07-01 07:00:00,2026-07-06 16:23:53.030278,5
1711789633298854,1410153084257977,True,2026-06-30 07:00:00,2026-07-05 07:00:00,Chemist Warehouse,Chemist Warehouse,Save on Suncare,Huge sale on selected Sun care! Shop now and get up to 1/2 Price off RRP selected ranges!,Shop now,VIDEO,https://fb.com/canvas_doc/1541073577651264,fb.com,/canvas_doc/1541073577651264,,,,,,,Not Specified,,,,,,,,,,"['FACEBOOK', 'INSTAGRAM', 'AUDIENCE_NETWORK', 'MESSENGER', 'THREADS']",,,,,2026-W27,2026-07,"FACEBOOK, INSTAGRAM, AUDIENCE_NETWORK, MESSENGER, THREADS",True,True,True,True,True,False,Internal/App Page,True,False,False,2026-07-06,2026-06-30 07:00:00,2026-07-06 16:23:53.030278,6
1335305341896765,1523418799525226,True,2026-06-30 07:00:00,2026-07-05 07:00:00,Chemist Warehouse,Chemist Warehouse,Save on Suncare,Huge sale on selected Sun care! Shop now and get up to 1/2 Price off RRP selected ranges!,Shop now,VIDEO,https://fb.com/canvas_doc/1751430449546481,fb.com,/canvas_doc/1751430449546481,,,,,,,Not Specified,,,,,,,,,,"['FACEBOOK', 'INSTAGRAM', 'AUDIENCE_NETWORK', 'MESSENGER', 'THREADS']",,,,,2026-W27,2026-07,"FACEBOOK, INSTAGRAM, AUDIENCE_NETWORK, MESSENGER, THREADS",True,True,True,True,True,False,Internal/App Page,True,False,False,2026-07-06,2026-06-30 07:00:00,2026-07-06 16:23:53.030278,6
2901249090227961,2285070822031079,True,2026-06-30 07:00:00,2026-07-05 07:00:00,Chemist Warehouse,Chemist Warehouse,{{product.name}},{{product.brand}},Shop now,DCO,https://www.chemistwarehouse.com.au/buy/147521/carusos-probiotic-vaginal-care-60-capsules?utm_source=facebook&utm_medium=social&utm_campaign=au_cw_coop_facebook_social_carusosnaturalhealth_carusos_81_2026_100096-bau_video-image&utm_term=traffic&utm_content=video-image_,www.chemistwarehouse.com.au,/buy/147521/carusos-probiotic-vaginal-care-60-capsules,facebook,social,au_cw_coop_facebook_social_carusosnaturalhealth_carusos_81_2026_100096-bau_video-image,81,traffic,video-image_,Coop,Carusosnaturalhealth,Carusos,2026,video-image,"5 Billion CFU, 3 Strains","Looking for ways to support your vaginal health?
Caruso’s Vaginal Care Probiotic supports vaginal health and helps support healthy vaginal pH while
also relieves abdominal bloating.",Shop Now,,https://video.ftgz4-1.fna.fbcdn.net/o1/v/t2/f2/m366/AQM3v3p9aTTyjGeBFdMxbsdJYfxFtziCFqm142IK6wc5aeoAQLRWNbvvrFoAsBZFYVy0-0GeLK34bmglRRWmhddSRg_Obhs_Z-bbFcXHmV6_2Q.mp4?_nc_cat=107&_nc_oc=Adp-7zB3paiwqhSzX0et6cR96Wcb3AYB4ItHJkLKLasMBoPKWPFwYanljNaNrFgW7vc&_nc_sid=b66105&_nc_ht=video.ftgz4-1.fna.fbcdn.net&_nc_ohc=6CHwXIUPAeoQ7kNvwGTRG-X&efg=eyJ2ZW5jb2RlX3RhZyI6Inhwdl9wcm9ncmVzc2l2ZS5WSV9VU0VDQVNFX1BST0RVQ1RfVFlQRS4uQzMuNzIwLmRhc2hfaDI2NC1iYXNpYy1nZW4yXzcyMHAiLCJ4cHZfYXNzZXRfaWQiOjE5OTg1NDc4MTA3NjI2NTcsImFzc2V0X2FnZV9kYXlzIjoxNywidmlfdXNlY2FzZV9pZCI6MTA3OTksImR1cmF0aW9uX3MiOjE1LCJ1cmxnZW5fc291cmNlIjoid3d3In0%3D&ccb=17-1&vs=df7b05cbfb10cffe&_nc_vs=HBksFQIYRWZiX2VwaGVtZXJhbC9GQTREQzg0QzlCMzBCQ0YwODdENTY4MkU2NUIyQzdBOV9tdF8xX3ZpZGVvX2Rhc2hpbml0Lm1wNBUAAsgBEgAVAhhAZmJfcGVybWFuZW50LzQxNDM1MUE1QzQ1MDU1MkE3OTY3ODBBN0JFQ0E0Mjk4X2F1ZGlvX2Rhc2hpbml0Lm1wNBUCAsgBEgAoABgAGwKIB3VzZV9vaWwBMRJwcm9ncmVzc2l2ZV9yZWNpcGUBMRUAACbC_p3F5eqMBxUCKAJDMywXQC4AAAAAAAAYGWRhc2hfaDI2NC1iYXNpYy1nZW4yXzcyMHARAHUAZd6oAQA&_nc_gid=x4ZmnFpBIv4WXSJgz5OMtQ&_nc_ss=7f180&_nc_zt=28&oh=00_AQDu_XC8hcG5Tm8wgNx9yscgzRcmboIfY_b9WzgH6wlrTA&oe=6A50A4F9,"['FACEBOOK', 'INSTAGRAM', 'AUDIENCE_NETWORK', 'MESSENGER', 'WHATSAPP', 'THREADS']",au,cw,facebook,social,2026-W27,2026-07,"FACEBOOK, INSTAGRAM, AUDIENCE_NETWORK, MESSENGER, WHATSAPP, THREADS",True,True,True,True,True,True,SKU Product,True,False,False,2026-07-06,2026-06-30 07:00:00,2026-07-06 16:23:53.030278,6
1343730181198987,2036443913569212,True,2026-06-30 07:00:00,2026-07-05 07:00:00,Chemist Warehouse,Chemist Warehouse,{{product.name}},{{product.brand}},Learn more,DCO,https://www.chemistwarehouse.com.au/buy/163238/naturopathica-vegan-l-theanine-50-capsules?utm_source=facebook&utm_medium=social&utm_campaign=au_cw_coop_facebook_social_pharmacarelaboratories_naturopathica_81_2026_100291-oa_video-image&utm_term=traffic&utm_content=video-image_talent-video-l-theanine,www.chemistwarehouse.com.au,/buy/163238/naturopathica-vegan-l-theanine-50-capsules,facebook,social,au_cw_coop_facebook_social_pharmacarelaboratories_naturopathica_81_2026_100291-oa_video-image,81,traffic,video-image_talent-video-l-theanine,Coop,Pharmacarelaboratories,Naturopathica,2026,video-image,Naturopathica Vegan L-Theanine,Maintain Focus without the coffee jitters. Discover Naturopathica Vegan L-Theanine at Chemist Warehouse.,Learn More,,https://video.ftgz4-1.fna.fbcdn.net/o1/v/t2/f2/m366/AQO_4kgER4eDedtY1cgmyX4X9mDnQBKeUDLwiFw9SNMxAW0s6k8okfVUJspjfEyCI0nlDU8nC4SixyTf_oZkRHV-e303eJBTb3NNERFVPXEPRw.mp4?_nc_cat=109&_nc_oc=AdrXsGXTas5wI2AaqIzRebAfLzGzwiH3pXLjtM-X7fl1hFnTsw-FM1s8nWPhFX2YfwM&_nc_sid=b66105&_nc_ht=video.ftgz4-1.fna.fbcdn.net&_nc_ohc=bbhHNsBqokgQ7kNvwHvOlU9&efg=eyJ2ZW5jb2RlX3RhZyI6Inhwdl9wcm9ncmVzc2l2ZS5WSV9VU0VDQVNFX1BST0RVQ1RfVFlQRS4uQzMuNzIwLmRhc2hfaDI2NC1iYXNpYy1nZW4yXzcyMHAiLCJ4cHZfYXNzZXRfaWQiOjk4MzYwMzkwNDYyOTE1MiwiYXNzZXRfYWdlX2RheXMiOjExMCwidmlfdXNlY2FzZV9pZCI6MTA3OTksImR1cmF0aW9uX3MiOjI2LCJ1cmxnZW5fc291cmNlIjoid3d3In0%3D&ccb=17-1&vs=fca05c3ccf54c3bd&_nc_vs=HBksFQIYRWZiX2VwaGVtZXJhbC81MDRGOUVGQkI5QjgxMTFFMjY3QjkzNDE5QjkzOEFCRF9tdF8xX3ZpZGVvX2Rhc2hpbml0Lm1wNBUAAsgBEgAVAhhAZmJfcGVybWFuZW50L0ZBNDNFMjVDREEwNzJEQTY3RDI5REQzNjkzMDZCN0FBX2F1ZGlvX2Rhc2hpbml0Lm1wNBUCAsgBEgAoABgAGwKIB3VzZV9vaWwBMRJwcm9ncmVzc2l2ZV9yZWNpcGUBMRUAACbApq6VpKW_AxUCKAJDMywXQDqZmZmZmZoYGWRhc2hfaDI2NC1iYXNpYy1nZW4yXzcyMHARAHUAZd6oAQA&_nc_gid=x4ZmnFpBIv4WXSJgz5OMtQ&_nc_ss=7f180&_nc_zt=28&oh=00_AQCWAFrXi2YRmCkjIB1Ow5W5sk-vXQhuwdVU8KKPptijgg&oe=6A5098E3,"['FACEBOOK', 'INSTAGRAM', 'THREADS']",au,cw,facebook,social,2026-W27,2026-07,"FACEBOOK, INSTAGRAM, THREADS",True,True,False,False,True,False,SKU Product,True,False,False,2026-07-06,2026-06-30 07:00:00,2026-07-06 16:23:53.030278,6
1655143365595181,1702103278158419,True,2026-06-30 07:00:00,2026-07-05 07:00:00,Chemist Warehouse,Chemist Warehouse,Available at Chemist Warehouse,"Shop Gem’s new body care range, available now at Chemist Warehouse!",Shop now,VIDEO,https://www.chemistwarehouse.com.au/shop-online/705668/gem?utm_source=facebook&utm_medium=social&utm_campaign=au_cw_oa_facebook_social_gemcareproductspty_gem_259_jun26_100612-boosting_video&utm_term=traffic&utm_content=video_instore-video,www.chemistwarehouse.com.au,/shop-online/705668/gem,facebook,social,au_cw_oa_facebook_social_gemcareproductspty_gem_259_jun26_100612-boosting_video,259,traffic,video_instore-video,O&O,Gemcareproductspty,Gem,jun26,video,,,,,,"['FACEBOOK', 'INSTAGRAM', 'THREADS']",au,cw,facebook,social,2026-W27,2026-07,"FACEBOOK, INSTAGRAM, THREADS",True,True,False,False,True,False,Brand/Category Page,True,True,False,2026-07-06,2026-06-30 07:00:00,2026-07-06 16:23:53.030278,6
1336093458732460,2285070822031079,True,2026-07-01 07:00:00,2026-07-05 07:00:00,Chemist Warehouse,Chemist Warehouse,{{product.name}},{{product.brand}},Shop now,DCO,https://www.chemistwarehouse.com.au/buy/147521/carusos-probiotic-vaginal-care-60-capsules?utm_source=facebook&utm_medium=social&utm_campaign=au_cw_coop_facebook_social_carusosnaturalhealth_carusos_81_2026_100096-bau_video-image&utm_term=traffic&utm_content=video-image_,www.chemistwarehouse.com.au,/buy/147521/carusos-probiotic-vaginal-care-60-capsules,facebook,social,au_cw_coop_facebook_social_carusosnaturalhealth_carusos_81_2026_100096-bau_video-image,81,traffic,video-image_,Coop,Carusosnaturalhealth,Carusos,2026,video-image,"5 Billion CFU, 3 Strains","Looking for ways to support your vaginal health?
Caruso’s Vaginal Care Probiotic supports vaginal health and helps support healthy vaginal pH while
also relieves abdominal bloating.",Shop Now,,https://video.ftgz4-1.fna.fbcdn.net/o1/v/t2/f2/m366/AQM3v3p9aTTyjGeBFdMxbsdJYfxFtziCFqm142IK6wc5aeoAQLRWNbvvrFoAsBZFYVy0-0GeLK34bmglRRWmhddSRg_Obhs_Z-bbFcXHmV6_2Q.mp4?_nc_cat=107&_nc_oc=Adp-7zB3paiwqhSzX0et6cR96Wcb3AYB4ItHJkLKLasMBoPKWPFwYanljNaNrFgW7vc&_nc_sid=b66105&_nc_ht=video.ftgz4-1.fna.fbcdn.net&_nc_ohc=6CHwXIUPAeoQ7kNvwGTRG-X&efg=eyJ2ZW5jb2RlX3RhZyI6Inhwdl9wcm9ncmVzc2l2ZS5WSV9VU0VDQVNFX1BST0RVQ1RfVFlQRS4uQzMuNzIwLmRhc2hfaDI2NC1iYXNpYy1nZW4yXzcyMHAiLCJ4cHZfYXNzZXRfaWQiOjE5OTg1NDc4MTA3NjI2NTcsImFzc2V0X2FnZV9kYXlzIjoxNywidmlfdXNlY2FzZV9pZCI6MTA3OTksImR1cmF0aW9uX3MiOjE1LCJ1cmxnZW5fc291cmNlIjoid3d3In0%3D&ccb=17-1&vs=df7b05cbfb10cffe&_nc_vs=HBksFQIYRWZiX2VwaGVtZXJhbC9GQTREQzg0QzlCMzBCQ0YwODdENTY4MkU2NUIyQzdBOV9tdF8xX3ZpZGVvX2Rhc2hpbml0Lm1wNBUAAsgBEgAVAhhAZmJfcGVybWFuZW50LzQxNDM1MUE1QzQ1MDU1MkE3OTY3ODBBN0JFQ0E0Mjk4X2F1ZGlvX2Rhc2hpbml0Lm1wNBUCAsgBEgAoABgAGwKIB3VzZV9vaWwBMRJwcm9ncmVzc2l2ZV9yZWNpcGUBMRUAACbC_p3F5eqMBxUCKAJDMywXQC4AAAAAAAAYGWRhc2hfaDI2NC1iYXNpYy1nZW4yXzcyMHARAHUAZd6oAQA&_nc_gid=x4ZmnFpBIv4WXSJgz5OMtQ&_nc_ss=7f180&_nc_zt=28&oh=00_AQDu_XC8hcG5Tm8wgNx9yscgzRcmboIfY_b9WzgH6wlrTA&oe=6A50A4F9,"['FACEBOOK', 'INSTAGRAM', 'AUDIENCE_NETWORK', 'MESSENGER', 'WHATSAPP', 'THREADS']",au,cw,facebook,social,2026-W27,2026-07,"FACEBOOK, INSTAGRAM, AUDIENCE_NETWORK, MESSENGER, WHATSAPP, THREADS",True,True,True,True,True,True,SKU Product,True,False,False,2026-07-06,2026-07-01 07:00:00,2026-07-06 16:23:53.030278,5
2376011912926242,1922838078377247,True,2026-06-30 07:00:00,2026-07-05 07:00:00,Chemist Warehouse,Chemist Warehouse,,{{product.brand}},Learn more,DCO,https://www.chemistwarehouse.com.au/shop-online/1066/matrix?utm_source=facebook&utm_medium=social&utm_campaign=au_cw_coop_facebook_social_lorealprofessional_matrix_129_2026_100047-bau_image&utm_term=reach&utm_content=image_curly,www.chemistwarehouse.com.au,/shop-online/1066/matrix,facebook,social,au_cw_coop_facebook_social_lorealprofessional_matrix_129_2026_100047-bau_image,129,reach,image_curly,Coop,Lorealprofessional,Matrix,2026,image,Matrix x KATSEYE: Hair in motion.,Matrix x KATSEYE: Pro haircare that transforms every choreography into a stunning hairography. Stage-ready hair!,Learn More,https://scontent.ftgz4-1.fna.fbcdn.net/v/t39.35426-6/735110219_1023437463671036_3808454441875405377_n.jpg?_nc_cat=104&ccb=1-7&_nc_sid=c53f8f&_nc_ohc=Ecmm9EQSk4oQ7kNvwFAjoNM&_nc_oc=AdrmsSjoTjCl-fLdk52L80nn7A_LTkZk-3y9Jmck85Z9nSLThJzbY_RxWY3MJCbiZAo&_nc_zt=14&_nc_ht=scontent.ftgz4-1.fna&_nc_gid=x4ZmnFpBIv4WXSJgz5OMtQ&_nc_ss=7f180&oh=00_AQCeD7iD_qt7BDAH6bhm5dpmncgVhw544KMQV6ScrzY6Dg&oe=6A509A82,,['INSTAGRAM'],au,cw,facebook,social,2026-W27,2026-07,INSTAGRAM,False,True,False,False,False,False,Brand/Category Page,True,False,False,2026-07-06,2026-06-30 07:00:00,2026-07-06 16:23:53.030278,6
1543076557528298,3332312646976028,True,2026-06-30 07:00:00,2026-07-05 07:00:00,Chemist Warehouse,Chemist Warehouse,,Matrix x KATSEYE: Pro haircare that transforms every choreography into a stunning hairography. Stage-ready hair!,Learn more,IMAGE,https://www.chemistwarehouse.com.au/shop-online/1066/matrix?utm_source=facebook&utm_medium=social&utm_campaign=au_cw_coop_facebook_social_lorealprofessional_matrix_129_2026_100047-bau_image&utm_term=reach&utm_content=image_curly,www.chemistwarehouse.com.au,/shop-online/1066/matrix,facebook,social,au_cw_coop_facebook_social_lorealprofessional_matrix_129_2026_100047-bau_image,129,reach,image_curly,Coop,Lorealprofessional,Matrix,2026,image,,,,,,['INSTAGRAM'],au,cw,facebook,social,2026-W27,2026-07,INSTAGRAM,False,True,False,False,False,False,Brand/Category Page,True,False,False,2026-07-06,2026-06-30 07:00:00,2026-07-06 16:23:53.030278,6
1502880987579235,3423006067847896,True,2026-06-30 07:00:00,2026-07-05 07:00:00,Chemist Warehouse,Chemist Warehouse,,Matrix x KATSEYE: Pro haircare that transforms every choreography into a stunning hairography. Stage-ready hair!,Learn more,VIDEO,https://www.chemistwarehouse.com.au/shop-online/1066/matrix?utm_source=facebook&utm_medium=social&utm_campaign=au_cw_coop_facebook_social_lorealprofessional_matrix_129_2026_100047-bau_image&utm_term=reach&utm_content=image_curly,www.chemistwarehouse.com.au,/shop-online/1066/matrix,facebook,social,au_cw_coop_facebook_social_lorealprofessional_matrix_129_2026_100047-bau_image,129,reach,image_curly,Coop,Lorealprofessional,Matrix,2026,image,,,,,,['INSTAGRAM'],au,cw,facebook,social,2026-W27,2026-07,INSTAGRAM,False,True,False,False,False,False,Brand/Category Page,True,False,False,2026-07-06,2026-06-30 07:00:00,2026-07-06 16:23:53.030278,6
1002030619414789,1347282007501347,True,2026-06-30 07:00:00,2026-07-05 07:00:00,Chemist Warehouse,Chemist Warehouse,{{product.name}},{{product.brand}},Learn more,DCO,https://www.chemistwarehouse.com.au/shop-online/559/skin-doctors?utm_source=facebook&utm_medium=social&utm_campaign=au_cw_coop_facebook_social_pharmacarelaboratories_skindoctors_665_2026_100283-bau_video-image&utm_term=traffic&utm_content=video-image_image-eyes,www.chemistwarehouse.com.au,/shop-online/559/skin-doctors,facebook,social,au_cw_coop_facebook_social_pharmacarelaboratories_skindoctors_665_2026_100283-bau_video-image,665,traffic,video-image_image-eyes,Coop,Pharmacarelaboratories,Skindoctors,2026,video-image,Skincare with real results.,"Skincare results that visibly renews, restores, & revitalises your skin.",Learn More,https://scontent.ftgz4-1.fna.fbcdn.net/v/t39.35426-6/735456824_1823713382325623_2068648740364693712_n.jpg?_nc_cat=109&ccb=1-7&_nc_sid=c53f8f&_nc_ohc=Po3rtsk81UcQ7kNvwHnOfLO&_nc_oc=AdoY8Df3hrsoHjw98ZCqusYkGkZpWe81tjZoVqszQ4b3zVx97bRVgJLsicrNhl0smWM&_nc_zt=14&_nc_ht=scontent.ftgz4-1.fna&_nc_gid=x4ZmnFpBIv4WXSJgz5OMtQ&_nc_ss=7f180&oh=00_AQA0sIqvZIYufQASFOhkV7OgcQF3gbkXbp8hENUy3bKchA&oe=6A509483,,"['FACEBOOK', 'INSTAGRAM', 'THREADS']",au,cw,facebook,social,2026-W27,2026-07,"FACEBOOK, INSTAGRAM, THREADS",True,True,False,False,True,False,Brand/Category Page,True,False,False,2026-07-06,2026-06-30 07:00:00,2026-07-06 16:23:53.030278,6
1552285486498065,,True,2026-06-30 07:00:00,2026-07-05 07:00:00,Chemist Warehouse,Chemist Warehouse,{{product.name}},{{product.brand}},Shop now,DCO,https://www.chemistwarehouse.com.au/shop-online/5571/john-frieda?utm_source=facebook&utm_medium=social&utm_campaign=au_cw_coop_facebook_social_kaoaustraliaptylimited_johnfrieda_129_2026_100152-bau_video-image&utm_term=traffic&utm_content=video-image_,www.chemistwarehouse.com.au,/shop-online/5571/john-frieda,facebook,social,au_cw_coop_facebook_social_kaoaustraliaptylimited_johnfrieda_129_2026_100152-bau_video-image,129,traffic,video-image_,Coop,Kaoaustraliaptylimited,Johnfrieda,2026,video-image,"Good Before, Incredible After ","The icon just got more
iconic. New look, elevated packaging,
same obsession with hair.",Shop Now,https://scontent.ftgz4-1.fna.fbcdn.net/v/t39.35426-6/725767647_1352745230144708_3692578185201384386_n.jpg?_nc_cat=101&ccb=1-7&_nc_sid=c53f8f&_nc_ohc=uyeAFu_jWBcQ7kNvwFR7mb0&_nc_oc=AdqmnYF9UUSYcf58MWfiWTtDMG_HZvyc4J2EiMerTGKae92Ysg3B8urhNUfgdaHpOck&_nc_zt=14&_nc_ht=scontent.ftgz4-1.fna&_nc_gid=x4ZmnFpBIv4WXSJgz5OMtQ&_nc_ss=7f180&oh=00_AQCR2YRP_GxkIO_2Y2C8tjf0rC9hAZ_vZi7FZqFSxIYtvw&oe=6A50B6D2,,"['FACEBOOK', 'INSTAGRAM', 'AUDIENCE_NETWORK', 'MESSENGER', 'WHATSAPP', 'THREADS']",au,cw,facebook,social,2026-W27,2026-07,"FACEBOOK, INSTAGRAM, AUDIENCE_NETWORK, MESSENGER, WHATSAPP, THREADS",True,True,True,True,True,True,Brand/Category Page,True,False,False,2026-07-06,2026-06-30 07:00:00,2026-07-06 16:23:53.030278,6
2547681705705413,,True,2026-06-30 07:00:00,2026-07-05 07:00:00,Chemist Warehouse,Chemist Warehouse,Colour your hair at home with Vitalitys,"For vibrant, long-lasting professional hair colour at home reach for Vitality's Art Absolute Professional hair colour range",See details,IMAGE,https://fb.com/canvas_doc/1636967140736065,fb.com,/canvas_doc/1636967140736065,,,,,,,Not Specified,,,,,,,,,,"['FACEBOOK', 'INSTAGRAM']",,,,,2026-W27,2026-07,"FACEBOOK, INSTAGRAM",True,True,False,False,False,False,Internal/App Page,True,False,False,2026-07-06,2026-06-30 07:00:00,2026-07-06 16:23:53.030278,6
1364312238942818,,True,2026-06-30 07:00:00,2026-07-05 07:00:00,Chemist Warehouse,Chemist Warehouse,Say Sì to a new bloom,From the soft radiance of Sì Nude Bloom to the vibrant energy of Sì Passione Red Bloom. Shop the range at Chemist Warehouse,Shop now,IMAGE,https://fb.com/canvas_doc/1543342493964514,fb.com,/canvas_doc/1543342493964514,,,,,,,Not Specified,,,,,,,,,,"['FACEBOOK', 'INSTAGRAM', 'AUDIENCE_NETWORK', 'MESSENGER', 'WHATSAPP', 'THREADS']",,,,,2026-W27,2026-07,"FACEBOOK, INSTAGRAM, AUDIENCE_NETWORK, MESSENGER, WHATSAPP, THREADS",True,True,True,True,True,True,Internal/App Page,True,True,False,2026-07-06,2026-06-30 07:00:00,2026-07-06 16:23:53.030278,6
1340880134141669,,True,2026-06-30 07:00:00,2026-07-05 07:00:00,Chemist Warehouse,Chemist Warehouse,{{product.name}},{{product.brand}},Shop now,DCO,https://www.chemistwarehouse.com.au/shop-online/813/deep-heat?utm_source=facebook&utm_medium=social&utm_campaign=au_cw_coop_facebook_social_mentholatumaustralasia_deepheat_258_2026_100186-bau_image&utm_term=traffic&utm_content=image_brand,www.chemistwarehouse.com.au,/shop-online/813/deep-heat,facebook,social,au_cw_coop_facebook_social_mentholatumaustralasia_deepheat_258_2026_100186-bau_image,258,traffic,image_brand,Coop,Mentholatumaustralasia,Deepheat,2026,image,Warm Up. Cool Down.,Warm Up with Deep Heat and relieve inflammation with ICE Magnesium Spray,Shop Now,https://scontent.ftgz4-1.fna.fbcdn.net/v/t39.35426-6/734067722_1765549441557851_881556171612331815_n.jpg?_nc_cat=111&ccb=1-7&_nc_sid=c53f8f&_nc_ohc=Y1JHxS7KVFQQ7kNvwGdHXRZ&_nc_oc=AdpdOKj37LMlaqXpBofAtJgL-joftFZtbm5CcVpsDzynkHoyHZdHyc0n18vaNbvyjpw&_nc_zt=14&_nc_ht=scontent.ftgz4-1.fna&_nc_gid=owVJiUif6k3Sm-k648PiHg&_nc_ss=7f180&oh=00_AQCG7isx9EUp_hBsW6XZSBgx2R4ZjVtb2DccI9D7m268vA&oe=6A50B174,,"['FACEBOOK', 'INSTAGRAM', 'AUDIENCE_NETWORK', 'MESSENGER', 'WHATSAPP', 'THREADS']",au,cw,facebook,social,2026-W27,2026-07,"FACEBOOK, INSTAGRAM, AUDIENCE_NETWORK, MESSENGER, WHATSAPP, THREADS",True,True,True,True,True,True,Brand/Category Page,True,False,False,2026-07-06,2026-06-30 07:00:00,2026-07-06 16:23:53.030278,6
1007447692140831,,True,2026-06-30 07:00:00,2026-07-05 07:00:00,Chemist Warehouse,Chemist Warehouse,Say Sì to a new bloom,From the soft radiance of Sì Nude Bloom to the vibrant energy of Sì Passione Red Bloom. Shop the range at Chemist Warehouse,Shop now,IMAGE,https://fb.com/canvas_doc/1543342493964514,fb.com,/canvas_doc/1543342493964514,,,,,,,Not Specified,,,,,,,,,,"['FACEBOOK', 'INSTAGRAM', 'AUDIENCE_NETWORK', 'MESSENGER', 'WHATSAPP', 'THREADS']",,,,,2026-W27,2026-07,"FACEBOOK, INSTAGRAM, AUDIENCE_NETWORK, MESSENGER, WHATSAPP, THREADS",True,True,True,True,True,True,Internal/App Page,True,True,False,2026-07-06,2026-06-30 07:00:00,2026-07-06 16:23:53.030278,6
1516757336592418,,True,2026-06-30 07:00:00,2026-07-05 07:00:00,Chemist Warehouse,Chemist Warehouse,{{product.name}},{{product.brand}},Shop now,DCO,https://www.chemistwarehouse.com.au/buy/163550/cleanlife-surface-vinegar-wipes-100-pack?utm_source=facebook&utm_medium=social&utm_campaign=au_cw_coop_facebook_social_thehygienecoptyltd_cleanlife_60000_2026_100602-bau_video&utm_term=reach&utm_content=video_video,www.chemistwarehouse.com.au,/buy/163550/cleanlife-surface-vinegar-wipes-100-pack,facebook,social,au_cw_coop_facebook_social_thehygienecoptyltd_cleanlife_60000_2026_100602-bau_video,60000,reach,video_video,Coop,Thehygienecoptyltd,Cleanlife,2026,video,CleanLIFE Surface Vinegar Wipes,Shop the CleanLIFE Vinegar Clean at Chemist Warehouse,Shop Now,,https://video.ftgz4-1.fna.fbcdn.net/o1/v/t2/f2/m366/AQNWHPT30ZNYH21a5O1j5adafxTAVt6bx5QA5WsDNWER8uTICnCUtaGUxP5VDOWZTwMQ6QVdYdtb8QfLxlgTcNYteSu_7Pql6K3bsBlLdQ3lbg.mp4?_nc_cat=110&_nc_oc=AdqbcCHUGMSIWFtZgd-0MyFkagSztmUWNq3Og7mrbbo6NkgPH9Cuyk5HV_UjaFEEEjo&_nc_sid=b66105&_nc_ht=video.ftgz4-1.fna.fbcdn.net&_nc_ohc=9munuHE2mHkQ7kNvwFkxxoJ&efg=eyJ2ZW5jb2RlX3RhZyI6Inhwdl9wcm9ncmVzc2l2ZS5WSV9VU0VDQVNFX1BST0RVQ1RfVFlQRS4uQzMuNzIwLmRhc2hfaDI2NC1iYXNpYy1nZW4yXzcyMHAiLCJ4cHZfYXNzZXRfaWQiOjg3NzAxNTIxODE3NTI4NCwiYXNzZXRfYWdlX2RheXMiOjE3LCJ2aV91c2VjYXNlX2lkIjoxMDc5OSwiZHVyYXRpb25fcyI6MjcsInVybGdlbl9zb3VyY2UiOiJ3d3cifQ%3D%3D&ccb=17-1&vs=12ba3a06cef0833b&_nc_vs=HBksFQIYRWZiX2VwaGVtZXJhbC81MzQzNzAyMkM0NkQ4NjkyN0UxODI1MDVDRkIyN0ZBN19tdF8xX3ZpZGVvX2Rhc2hpbml0Lm1wNBUAAsgBEgAVAhhAZmJfcGVybWFuZW50LzIxNEQ1QjQxMTlEODFENUYxQjRDRDY4MkY3QTk4OTg1X2F1ZGlvX2Rhc2hpbml0Lm1wNBUCAsgBEgAoABgAGwKIB3VzZV9vaWwBMRJwcm9ncmVzc2l2ZV9yZWNpcGUBMRUAACbo9NXIgOmOAxUCKAJDMywXQDuiDEm6XjUYGWRhc2hfaDI2NC1iYXNpYy1nZW4yXzcyMHARAHUAZd6oAQA&_nc_gid=owVJiUif6k3Sm-k648PiHg&_nc_ss=7f180&_nc_zt=28&oh=00_AQCd5E3f3pRtIjrZVQigR9-E1ef-UpjgZ02yZp0slxj97Q&oe=6A50959E,"['FACEBOOK', 'INSTAGRAM', 'AUDIENCE_NETWORK', 'WHATSAPP', 'THREADS']",au,cw,facebook,social,2026-W27,2026-07,"FACEBOOK, INSTAGRAM, AUDIENCE_NETWORK, WHATSAPP, THREADS",True,True,True,False,True,True,SKU Product,True,False,False,2026-07-06,2026-06-30 07:00:00,2026-07-06 16:23:53.030278,6
1120336436985231,,True,2026-06-30 07:00:00,2026-07-05 07:00:00,Chemist Warehouse,Chemist Warehouse,Say Sì to a new bloom,From the soft radiance of Sì Nude Bloom to the vibrant energy of Sì Passione Red Bloom. Shop the range at Chemist Warehouse,Shop now,IMAGE,https://fb.com/canvas_doc/1543342493964514,fb.com,/canvas_doc/1543342493964514,,,,,,,Not Specified,,,,,,,,,,"['FACEBOOK', 'INSTAGRAM', 'AUDIENCE_NETWORK', 'MESSENGER', 'WHATSAPP', 'THREADS']",,,,,2026-W27,2026-07,"FACEBOOK, INSTAGRAM, AUDIENCE_NETWORK, MESSENGER, WHATSAPP, THREADS",True,True,True,True,True,True,Internal/App Page,True,True,False,2026-07-06,2026-06-30 07:00:00,2026-07-06 16:23:53.030278,6
1036965885503742,1557437079305548,True,2026-06-30 07:00:00,2026-07-05 07:00:00,Chemist Warehouse,Chemist Warehouse,{{product.name}},{{product.brand}},Shop now,DCO,https://www.chemistwarehouse.com.au/buy/161865/sally-hansen-nail-treatment-gel-rehab-bond-serum?utm_source=facebook&utm_medium=social&utm_campaign=au_cw_oa_facebook_social_cotyconsumerbeauty_sallyhansen_648_june26_100625-treatment_video&utm_term=traffic&utm_content=video_brand,www.chemistwarehouse.com.au,/buy/161865/sally-hansen-nail-treatment-gel-rehab-bond-serum,facebook,social,au_cw_oa_facebook_social_cotyconsumerbeauty_sallyhansen_648_june26_100625-treatment_video,648,traffic,video_brand,O&O,Cotyconsumerbeauty,Sallyhansen,june26,video,Sally Hansen Gel Rehab Nail Repair Serum,"Repair gel damage and protect against breakage for smoother, healthier-looking nails",Shop Now,https://scontent.ftgz4-1.fna.fbcdn.net/v/t39.35426-6/734253183_4067786970187932_3547188760333301738_n.jpg?_nc_cat=108&ccb=1-7&_nc_sid=c53f8f&_nc_ohc=Z9DedJqHn_wQ7kNvwG-WBjv&_nc_oc=AdpBG4_rBxXZ0Xbq5h_rwTv6FqsM6YRb8B_zZSRrX-vDcOCepboyh31X8Do_I4TpHhw&_nc_zt=14&_nc_ht=scontent.ftgz4-1.fna&_nc_gid=owVJiUif6k3Sm-k648PiHg&_nc_ss=7f180&oh=00_AQDKbtMJJQ46xvT9Mxk4KUoccViawEdw7o2lRJ8yy2AGpA&oe=6A5093DB,,"['FACEBOOK', 'INSTAGRAM', 'AUDIENCE_NETWORK', 'MESSENGER', 'WHATSAPP', 'THREADS']",au,cw,facebook,social,2026-W27,2026-07,"FACEBOOK, INSTAGRAM, AUDIENCE_NETWORK, MESSENGER, WHATSAPP, THREADS",True,True,True,True,True,True,SKU Product,True,False,False,2026-07-06,2026-06-30 07:00:00,2026-07-06 16:23:53.030278,6
1055935593439489,2059292211611763,True,2026-06-30 07:00:00,2026-07-05 07:00:00,Chemist Warehouse,Chemist Warehouse,Available at Chemist Warehouse,"Shop the Femfresh range, now 30% off RRP at Chemist Warehouse",Shop now,VIDEO,https://www.chemistwarehouse.com.au/shop-online/3455/femfresh?utm_source=facebook&utm_medium=social&utm_campaign=au_cw_oa_facebook_social_churchdwightaustralia_femfresh_259_jun26_100605-30off_video&utm_term=traffic&utm_content=video_instore-video,www.chemistwarehouse.com.au,/shop-online/3455/femfresh,facebook,social,au_cw_oa_facebook_social_churchdwightaustralia_femfresh_259_jun26_100605-30off_video,259,traffic,video_instore-video,O&O,Churchdwightaustralia,Femfresh,jun26,video,,,,,,"['FACEBOOK', 'INSTAGRAM', 'THREADS']",au,cw,facebook,social,2026-W27,2026-07,"FACEBOOK, INSTAGRAM, THREADS",True,True,False,False,True,False,Brand/Category Page,True,True,False,2026-07-06,2026-06-30 07:00:00,2026-07-06 16:23:53.030278,6
1896132648013949,892860203859126,True,2026-06-29 07:00:00,2026-07-05 07:00:00,Chemist Warehouse,Chemist Warehouse,Shop at Chemist Warehouse,Shop the new Vicks Xtra Soothing range at Chemist Warehouse.,Shop now,VIDEO,https://www.chemistwarehouse.com.au/shop-online/1225/vicks?utm_source=facebook&utm_medium=social&utm_campaign=au_cw_oa_facebook_social_proctergambleaustralia_vicks_258_may26_100493-conv_video-image&utm_term=conversion&utm_content=video-image_instore,www.chemistwarehouse.com.au,/shop-online/1225/vicks,facebook,social,au_cw_oa_facebook_social_proctergambleaustralia_vicks_258_may26_100493-conv_video-image,258,conversion,video-image_instore,O&O,Proctergambleaustralia,Vicks,may26,video-image,,,,,,"['FACEBOOK', 'INSTAGRAM', 'AUDIENCE_NETWORK', 'MESSENGER', 'THREADS']",au,cw,facebook,social,2026-W27,2026-07,"FACEBOOK, INSTAGRAM, AUDIENCE_NETWORK, MESSENGER, THREADS",True,True,True,True,True,False,Brand/Category Page,True,True,False,2026-07-06,2026-06-29 07:00:00,2026-07-06 16:23:53.030278,7
2507900649636868,1688323015511864,True,2026-06-29 07:00:00,2026-07-05 07:00:00,Chemist Warehouse,Chemist Warehouse,{{product.name}},{{product.brand}},Shop now,DCO,https://www.chemistwarehouse.com.au/shop-online/1225/vicks?utm_source=facebook&utm_medium=social&utm_campaign=au_cw_oa_facebook_social_proctergambleaustralia_vicks_258_may26_100493-conv_video-image&utm_term=conversion&utm_content=video-image_strat-kid-landscape,www.chemistwarehouse.com.au,/shop-online/1225/vicks,facebook,social,au_cw_oa_facebook_social_proctergambleaustralia_vicks_258_may26_100493-conv_video-image,258,conversion,video-image_strat-kid-landscape,O&O,Proctergambleaustralia,Vicks,may26,video-image,Shop at Chemist Warehouse,Cough & Cold? Vicks has your back this winter. Fast Click & Collect at Chemist Warehouse,Shop Now,,https://video.ftgz4-1.fna.fbcdn.net/o1/v/t2/f2/m366/AQOuIBg3rEpbnn9oVW7Ep3YgsSfTgwCKUuqis0INC3YJV3HV8gze9U7IRBnhs0qCfZkd9xsMHr36rRYMIeQJgOGDKsRoRvYm6v0EItMewGR7FQ.mp4?_nc_cat=103&_nc_oc=Adq4k8e6QnceRYF6N1cc7jqi3YLINSmh_LrbPbGgrRZ4Uww6ppZl2z3FBHuTJjhpA9I&_nc_sid=b66105&_nc_ht=video.ftgz4-1.fna.fbcdn.net&_nc_ohc=5jZNUFjs0bIQ7kNvwHlbWnk&efg=eyJ2ZW5jb2RlX3RhZyI6Inhwdl9wcm9ncmVzc2l2ZS5WSV9VU0VDQVNFX1BST0RVQ1RfVFlQRS4uQzMuNzIwLmRhc2hfaDI2NC1iYXNpYy1nZW4yXzcyMHAiLCJ4cHZfYXNzZXRfaWQiOjEwMTYyMTExNjc2MTU0MDYsImFzc2V0X2FnZV9kYXlzIjozMSwidmlfdXNlY2FzZV9pZCI6MTA3OTksImR1cmF0aW9uX3MiOjYsInVybGdlbl9zb3VyY2UiOiJ3d3cifQ%3D%3D&ccb=17-1&vs=415ee1317b3ec94d&_nc_vs=HBksFQIYRWZiX2VwaGVtZXJhbC82RDQ1NjA0OUYzRTg4MTU3MDI3QzhERjgyOTFGOTc4Nl9tdF8xX3ZpZGVvX2Rhc2hpbml0Lm1wNBUAAsgBEgAVAhhAZmJfcGVybWFuZW50LzU4NENGODVDNTQ5REQ0QTdEMjJCNjhEODgxNkQ3MkFGX2F1ZGlvX2Rhc2hpbml0Lm1wNBUCAsgBEgAoABgAGwKIB3VzZV9vaWwBMRJwcm9ncmVzc2l2ZV9yZWNpcGUBMRUAACbc5syao4_OAxUCKAJDMywXQBgAAAAAAAAYGWRhc2hfaDI2NC1iYXNpYy1nZW4yXzcyMHARAHUAZd6oAQA&_nc_gid=owVJiUif6k3Sm-k648PiHg&_nc_ss=7f180&_nc_zt=28&oh=00_AQCry3XoY9f9SOaYcTzrj2xMOHb8ypcUmC5IQBMszZePhg&oe=6A50BCF5,"['FACEBOOK', 'INSTAGRAM', 'AUDIENCE_NETWORK', 'MESSENGER', 'THREADS']",au,cw,facebook,social,2026-W27,2026-07,"FACEBOOK, INSTAGRAM, AUDIENCE_NETWORK, MESSENGER, THREADS",True,True,True,True,True,False,Brand/Category Page,True,False,False,2026-07-06,2026-06-29 07:00:00,2026-07-06 16:23:53.030278,7
1302670968520053,1689405738766820,True,2026-06-29 07:00:00,2026-07-05 07:00:00,Chemist Warehouse,Chemist Warehouse,{{product.name}},{{product.brand}},Shop now,DCO,https://www.chemistwarehouse.com.au/shop-online/772/revlon-cosmetics?utm_source=facebook&utm_medium=social&utm_campaign=au_cw_coop_facebook_social_revlonaustraliaptyltd_revlon_648_2026_bau_dynamic_100088&utm_term=traffic&utm_content=static-junept1,www.chemistwarehouse.com.au,/shop-online/772/revlon-cosmetics,facebook,social,au_cw_coop_facebook_social_revlonaustraliaptyltd_revlon_648_2026_bau_dynamic_100088,648,traffic,static-junept1,Coop,Revlonaustraliaptyltd,Revlon,2026,100088,Perfect Your Pout,Define your lips while extending the wear of your favorite lip colour with Revlon's ColorStay Lip Liner.,Shop Now,https://scontent.ftgz4-1.fna.fbcdn.net/v/t39.35426-6/722336996_1377504197577509_3129580004226627969_n.jpg?_nc_cat=101&ccb=1-7&_nc_sid=c53f8f&_nc_ohc=FqcmQebPS6sQ7kNvwFcC_tR&_nc_oc=AdpVwfQRaiFtEeI_TVZ0CIryxpffkXDMGjiZOvqC4aiFT7x2QpzpmlnnntuYkbPERU4&_nc_zt=14&_nc_ht=scontent.ftgz4-1.fna&_nc_gid=owVJiUif6k3Sm-k648PiHg&_nc_ss=7f180&oh=00_AQAf1aeZdDUNAFPzCZNP8h-SsceTZTJeAARsbgrgqF8y3A&oe=6A509623,,"['FACEBOOK', 'INSTAGRAM', 'MESSENGER']",au,cw,facebook,social,2026-W27,2026-07,"FACEBOOK, INSTAGRAM, MESSENGER",True,True,False,True,False,False,Brand/Category Page,True,False,False,2026-07-06,2026-06-29 07:00:00,2026-07-06 16:23:53.030278,7
1489109242528125,1428512279299202,True,2026-06-29 07:00:00,2026-07-05 07:00:00,Chemist Warehouse,Chemist Warehouse,{{product.name}},{{product.brand}},Shop now,DCO,https://www.chemistwarehouse.com.au/shop-online/772/revlon-cosmetics?utm_source=facebook&utm_medium=social&utm_campaign=au_cw_coop_facebook_social_revlonaustraliaptyltd_revlon_648_2026_bau_dynamic_100088&utm_term=traffic&utm_content=static-julpt,www.chemistwarehouse.com.au,/shop-online/772/revlon-cosmetics,facebook,social,au_cw_coop_facebook_social_revlonaustraliaptyltd_revlon_648_2026_bau_dynamic_100088,648,traffic,static-julpt,Coop,Revlonaustraliaptyltd,Revlon,2026,100088,Perfect Your Pout,"1/2 price, full glam! Shop all Revlon 1/2 price off RRP now at Chemist Warehouse.",Shop Now,https://scontent.ftgz4-1.fna.fbcdn.net/v/t39.35426-6/736142686_1758752798811430_532683338338592723_n.jpg?_nc_cat=111&ccb=1-7&_nc_sid=c53f8f&_nc_ohc=IyO6O2vlNwoQ7kNvwFCt_EE&_nc_oc=AdoBxgI-zdOz4MfWBKsun368vc38ilRIQV2BAK0c9zpe6WaNhxPq4UnV8szvO2IqDQs&_nc_zt=14&_nc_ht=scontent.ftgz4-1.fna&_nc_gid=owVJiUif6k3Sm-k648PiHg&_nc_ss=7f180&oh=00_AQBlvYpzn4zOy5wW6aE1LrHZEayNZTAYUQC684Vtsdx4QA&oe=6A50A265,,"['FACEBOOK', 'INSTAGRAM', 'MESSENGER']",au,cw,facebook,social,2026-W27,2026-07,"FACEBOOK, INSTAGRAM, MESSENGER",True,True,False,True,False,False,Brand/Category Page,True,False,False,2026-07-06,2026-06-29 07:00:00,2026-07-06 16:23:53.030278,7
1693007201950023,892860203859126,True,2026-06-30 07:00:00,2026-07-05 07:00:00,Chemist Warehouse,Chemist Warehouse,Shop at Chemist Warehouse,Shop the new Vicks Xtra Soothing range at Chemist Warehouse.,Shop now,VIDEO,https://www.chemistwarehouse.com.au/shop-online/1225/vicks?utm_source=facebook&utm_medium=social&utm_campaign=au_cw_oa_facebook_social_proctergambleaustralia_vicks_258_may26_100493-traffic_video-image&utm_term=traffic&utm_content=video-image_instore,www.chemistwarehouse.com.au,/shop-online/1225/vicks,facebook,social,au_cw_oa_facebook_social_proctergambleaustralia_vicks_258_may26_100493-traffic_video-image,258,traffic,video-image_instore,O&O,Proctergambleaustralia,Vicks,may26,video-image,,,,,,"['FACEBOOK', 'INSTAGRAM', 'AUDIENCE_NETWORK', 'MESSENGER', 'WHATSAPP', 'THREADS']",au,cw,facebook,social,2026-W27,2026-07,"FACEBOOK, INSTAGRAM, AUDIENCE_NETWORK, MESSENGER, WHATSAPP, THREADS",True,True,True,True,True,True,Brand/Category Page,True,True,False,2026-07-06,2026-06-30 07:00:00,2026-07-06 16:23:53.030278,6
1905926196761626,,True,2026-06-29 07:00:00,2026-07-05 07:00:00,Chemist Warehouse,Chemist Warehouse,Transform Your Look,Are you PhotoReady? Shop NEW Revlon PhotoReady range.,Shop now,IMAGE,https://fb.com/canvas_doc/1364882458817335,fb.com,/canvas_doc/1364882458817335,,,,,,,Not Specified,,,,,,,,,,"['FACEBOOK', 'INSTAGRAM', 'MESSENGER']",,,,,2026-W27,2026-07,"FACEBOOK, INSTAGRAM, MESSENGER",True,True,False,True,False,False,Internal/App Page,True,False,False,2026-07-06,2026-06-29 07:00:00,2026-07-06 16:23:53.030278,7
1051268214251536,2710480735993112,True,2026-06-30 07:00:00,2026-07-05 07:00:00,Chemist Warehouse,Chemist Warehouse,{{product.name}},{{product.brand}},Shop now,DCO,https://www.chemistwarehouse.com.au/shop-online/772/revlon-cosmetics?utm_source=facebook&utm_medium=social&utm_campaign=au_cw_coop_facebook_social_revlonaustraliaptyltd_revlon_648_2026_bau_dynamic_100088&utm_term=traffic&utm_content=static-junept2,www.chemistwarehouse.com.au,/shop-online/772/revlon-cosmetics,facebook,social,au_cw_coop_facebook_social_revlonaustraliaptyltd_revlon_648_2026_bau_dynamic_100088,648,traffic,static-junept2,Coop,Revlonaustraliaptyltd,Revlon,2026,100088,Transform Your Look,Are you PhotoReady? Shop NEW Revlon PhotoReady range.,Shop Now,https://scontent.ftgz4-1.fna.fbcdn.net/v/t39.35426-6/720739247_1480950359907323_9025024265185689391_n.jpg?_nc_cat=110&ccb=1-7&_nc_sid=c53f8f&_nc_ohc=CL3PdmufYC8Q7kNvwE6YBNE&_nc_oc=AdqNG-3qp80WgOei6KJSaewh68e5VKFnkzn7VKx6dGgw8KyC8xyWDjvtj44eZbT1vF8&_nc_zt=14&_nc_ht=scontent.ftgz4-1.fna&_nc_gid=owVJiUif6k3Sm-k648PiHg&_nc_ss=7f180&oh=00_AQDYJO7S3JUS-ylkIAikkzzy4d38DhpvSrwrZvhLlTQrRQ&oe=6A50A33B,,"['FACEBOOK', 'INSTAGRAM', 'MESSENGER']",au,cw,facebook,social,2026-W27,2026-07,"FACEBOOK, INSTAGRAM, MESSENGER",True,True,False,True,False,False,Brand/Category Page,True,False,False,2026-07-06,2026-06-30 07:00:00,2026-07-06 16:23:53.030278,6
2410135536466458,1423166803177870,True,2026-06-29 07:00:00,2026-07-05 07:00:00,Chemist Warehouse,Chemist Warehouse,{{product.name}},{{product.brand}},Shop now,DCO,https://www.chemistwarehouse.com.au/shop-online/772/revlon-cosmetics?utm_source=facebook&utm_medium=social&utm_campaign=au_cw_coop_facebook_social_revlonaustraliaptyltd_revlon_648_2026_bau_dynamic_100088&utm_term=traffic&utm_content=static-junept1,www.chemistwarehouse.com.au,/shop-online/772/revlon-cosmetics,facebook,social,au_cw_coop_facebook_social_revlonaustraliaptyltd_revlon_648_2026_bau_dynamic_100088,648,traffic,static-junept1,Coop,Revlonaustraliaptyltd,Revlon,2026,100088,Shop AUS #1 longwear brand,"All‑day wear, all‑day confidence. Shop Australia’s #1 longwear brand now at Chemist Warehouse.",Shop Now,https://scontent.ftgz4-1.fna.fbcdn.net/v/t39.35426-6/723809698_1593888662262779_7150276564552341215_n.jpg?_nc_cat=100&ccb=1-7&_nc_sid=c53f8f&_nc_ohc=3vDnJy438FYQ7kNvwEhamfG&_nc_oc=AdpdOyA7PmVyorZPuXk4pp0XXKUe3CqN7HeWind0LHn0S6pR3G3ZMHYdrc7Awmp1yKQ&_nc_zt=14&_nc_ht=scontent.ftgz4-1.fna&_nc_gid=owVJiUif6k3Sm-k648PiHg&_nc_ss=7f180&oh=00_AQCLHhLEFf5tG-LIKFVR03kDDaXqV34iCOxs-MTksobeoA&oe=6A50ADBE,,"['FACEBOOK', 'INSTAGRAM', 'MESSENGER']",au,cw,facebook,social,2026-W27,2026-07,"FACEBOOK, INSTAGRAM, MESSENGER",True,True,False,True,False,False,Brand/Category Page,True,False,False,2026-07-06,2026-06-29 07:00:00,2026-07-06 16:23:53.030278,7
4582864171935287,1499558608064996,True,2026-06-29 07:00:00,2026-07-05 07:00:00,Chemist Warehouse,Chemist Warehouse,{{product.name}},{{product.brand}},Shop now,DCO,https://www.chemistwarehouse.com.au/shop-online/772/revlon-cosmetics?utm_source=facebook&utm_medium=social&utm_campaign=au_cw_coop_facebook_social_revlonaustraliaptyltd_revlon_648_2026_bau_dynamic_100088&utm_term=traffic&utm_content=static-junept2,www.chemistwarehouse.com.au,/shop-online/772/revlon-cosmetics,facebook,social,au_cw_coop_facebook_social_revlonaustraliaptyltd_revlon_648_2026_bau_dynamic_100088,648,traffic,static-junept2,Coop,Revlonaustraliaptyltd,Revlon,2026,100088,Transform Your Look,Are you PhotoReady? Shop NEW Revlon PhotoReady range.,Shop Now,https://scontent.ftgz4-1.fna.fbcdn.net/v/t39.35426-6/722163494_27457193667225441_5343100764808995682_n.jpg?_nc_cat=110&ccb=1-7&_nc_sid=c53f8f&_nc_ohc=7q2pWE1saG8Q7kNvwGJbH30&_nc_oc=Adqiwx98WtpK0QSXjYhSvk3cRIbxqCuqluEXFyyPTZOil-z9K7ZUDc8kEOXc6vinjAY&_nc_zt=14&_nc_ht=scontent.ftgz4-1.fna&_nc_gid=owVJiUif6k3Sm-k648PiHg&_nc_ss=7f180&oh=00_AQAHAHjwpMmkrpeFKcOMiJ30ER4qAWJ8q3XcqDURCvULdA&oe=6A508EBF,,"['FACEBOOK', 'INSTAGRAM', 'MESSENGER']",au,cw,facebook,social,2026-W27,2026-07,"FACEBOOK, INSTAGRAM, MESSENGER",True,True,False,True,False,False,Brand/Category Page,True,False,False,2026-07-06,2026-06-29 07:00:00,2026-07-06 16:23:53.030278,7
1371505104832827,,True,2026-06-29 07:00:00,2026-07-05 07:00:00,Chemist Warehouse,Chemist Warehouse,Shop AUS #1 longwear brand,"All‑day wear, all‑day confidence. Shop Australia’s #1 longwear brand now at Chemist Warehouse.",See details,IMAGE,https://fb.com/canvas_doc/1526150555835709,fb.com,/canvas_doc/1526150555835709,,,,,,,Not Specified,,,,,,,,,,"['FACEBOOK', 'INSTAGRAM', 'MESSENGER']",,,,,2026-W27,2026-07,"FACEBOOK, INSTAGRAM, MESSENGER",True,True,False,True,False,False,Internal/App Page,True,True,False,2026-07-06,2026-06-29 07:00:00,2026-07-06 16:23:53.030278,7
2093418098237656,,True,2026-06-30 07:00:00,2026-07-05 07:00:00,Chemist Warehouse,Chemist Warehouse,Shop AUS #1 longwear brand,"All‑day wear, all‑day confidence. Shop Australia’s #1 longwear brand now at Chemist Warehouse.",Shop now,IMAGE,https://fb.com/canvas_doc/1334781831948915,fb.com,/canvas_doc/1334781831948915,,,,,,,Not Specified,,,,,,,,,,"['FACEBOOK', 'INSTAGRAM', 'MESSENGER']",,,,,2026-W27,2026-07,"FACEBOOK, INSTAGRAM, MESSENGER",True,True,False,True,False,False,Internal/App Page,True,True,False,2026-07-06,2026-06-30 07:00:00,2026-07-06 16:23:53.030278,6
1570361271417664,1003875612077223,True,2026-06-30 07:00:00,2026-07-05 07:00:00,Chemist Warehouse,Chemist Warehouse,,Matrix x KATSEYE: Pro haircare that transforms every choreography into a stunning hairography. Stage-ready hair!,Learn more,VIDEO,https://www.chemistwarehouse.com.au/shop-online/1066/matrix?utm_source=facebook&utm_medium=social&utm_campaign=au_cw_coop_facebook_social_lorealprofessional_matrix_129_2026_100047-bau_image&utm_term=reach&utm_content=image_curly,www.chemistwarehouse.com.au,/shop-online/1066/matrix,facebook,social,au_cw_coop_facebook_social_lorealprofessional_matrix_129_2026_100047-bau_image,129,reach,image_curly,Coop,Lorealprofessional,Matrix,2026,image,,,,,,['INSTAGRAM'],au,cw,facebook,social,2026-W27,2026-07,INSTAGRAM,False,True,False,False,False,False,Brand/Category Page,True,False,False,2026-07-06,2026-06-30 07:00:00,2026-07-06 16:23:53.030278,6
1729855118208329,1638520854017577,True,2026-06-30 07:00:00,2026-07-05 07:00:00,Chemist Warehouse,Chemist Warehouse,{{product.name}},{{product.brand}},Shop now,DCO,https://www.chemistwarehouse.com.au/shop-online/559/skin-doctors?utm_source=facebook&utm_medium=social&utm_campaign=au_cw_coop_facebook_social_pharmacarelaboratories_skindoctors_665_2026_100283-bau_video-image&utm_term=traffic&utm_content=video-image_video-instore,www.chemistwarehouse.com.au,/shop-online/559/skin-doctors,facebook,social,au_cw_coop_facebook_social_pharmacarelaboratories_skindoctors_665_2026_100283-bau_video-image,665,traffic,video-image_video-instore,Coop,Pharmacarelaboratories,Skindoctors,2026,video-image,Skincare with real results.,"Meet the NEW and improved Skin Doctors lift range, targeted care for every zone. Shop now at Chemist Warehouse.",Shop Now,,https://video.ftgz4-1.fna.fbcdn.net/o1/v/t2/f2/m366/AQOru_Praf2FTB6IH9pCZ9-aBhokxuBc4yeHYizPL_YMSfDIy5omiejdk5zDHYcxk6A_5qZDOAd23zh7JdH1TU_3GD1QL0k27a3NYfJsK_E45g.mp4?_nc_cat=101&_nc_oc=AdrViBcZAhlW0npKK8kxArrYBJhADI3h3RIrl2lwfqfjbFbUfI--YslGP484HGlz648&_nc_sid=b66105&_nc_ht=video.ftgz4-1.fna.fbcdn.net&_nc_ohc=jqYJDcPBU9UQ7kNvwGN1_Vp&efg=eyJ2ZW5jb2RlX3RhZyI6Inhwdl9wcm9ncmVzc2l2ZS5WSV9VU0VDQVNFX1BST0RVQ1RfVFlQRS4uQzMuNzIwLmRhc2hfaDI2NC1iYXNpYy1nZW4yXzcyMHAiLCJ4cHZfYXNzZXRfaWQiOjE4Njk4MjMzMjM1ODMzODAsImFzc2V0X2FnZV9kYXlzIjo3MiwidmlfdXNlY2FzZV9pZCI6MTA3OTksImR1cmF0aW9uX3MiOjM5LCJ1cmxnZW5fc291cmNlIjoid3d3In0%3D&ccb=17-1&vs=6aa8a0f843e7d366&_nc_vs=HBksFQIYRWZiX2VwaGVtZXJhbC85RTRGMTcyODQ1ODNGREYxN0Q5NTE3NjZBNDdGNUVBRF9tdF8xX3ZpZGVvX2Rhc2hpbml0Lm1wNBUAAsgBEgAVAhhAZmJfcGVybWFuZW50LzZENEU3QUEwQTQxN0VBNjgwMDkwMUMwODFDQ0EzQ0I4X2F1ZGlvX2Rhc2hpbml0Lm1wNBUCAsgBEgAoABgAGwKIB3VzZV9vaWwBMRJwcm9ncmVzc2l2ZV9yZWNpcGUBMRUAACaozvWvhabSBhUCKAJDMywXQEPEOVgQYk4YGWRhc2hfaDI2NC1iYXNpYy1nZW4yXzcyMHARAHUAZd6oAQA&_nc_gid=x4ZmnFpBIv4WXSJgz5OMtQ&_nc_ss=7f180&_nc_zt=28&oh=00_AQDkJyumhNgqzuu6Q8FGmhX-KGTuaz7knd7lXymmz3GPHA&oe=6A509AD7,"['FACEBOOK', 'INSTAGRAM', 'THREADS']",au,cw,facebook,social,2026-W27,2026-07,"FACEBOOK, INSTAGRAM, THREADS",True,True,False,False,True,False,Brand/Category Page,True,False,False,2026-07-06,2026-06-30 07:00:00,2026-07-06 16:23:53.030278,6
2210485349745818,,True,2026-06-30 07:00:00,2026-07-05 07:00:00,Chemist Warehouse,Chemist Warehouse,Premium hair colour without the premium price,"Get salon-quality results at home with Vitality Colour. Affordable, effective and available at Chemist Warehouse!",Shop now,IMAGE,https://fb.com/canvas_doc/1315003574096099,fb.com,/canvas_doc/1315003574096099,,,,,,,Not Specified,,,,,,,,,,"['FACEBOOK', 'INSTAGRAM']",,,,,2026-W27,2026-07,"FACEBOOK, INSTAGRAM",True,True,False,False,False,False,Internal/App Page,True,True,False,2026-07-06,2026-06-30 07:00:00,2026-07-06 16:23:53.030278,6
1507860287382442,,True,2026-06-30 07:00:00,2026-07-05 07:00:00,Chemist Warehouse,Chemist Warehouse,{{product.name}},{{product.brand}},Shop now,DCO,https://www.chemistwarehouse.com.au/shop-online/5571/john-frieda?utm_source=facebook&utm_medium=social&utm_campaign=au_cw_coop_facebook_social_kaoaustraliaptylimited_johnfrieda_129_2026_100152-bau_video-image&utm_term=traffic&utm_content=video-image_,www.chemistwarehouse.com.au,/shop-online/5571/john-frieda,facebook,social,au_cw_coop_facebook_social_kaoaustraliaptylimited_johnfrieda_129_2026_100152-bau_video-image,129,traffic,video-image_,Coop,Kaoaustraliaptylimited,Johnfrieda,2026,video-image,"Good Before, Incredible After ","The icon just got more
iconic. New look, elevated packaging,
same obsession with hair.",Shop Now,https://scontent.ftgz4-1.fna.fbcdn.net/v/t39.35426-6/726411631_4319864348267048_3754158037486867813_n.jpg?_nc_cat=108&ccb=1-7&_nc_sid=c53f8f&_nc_ohc=-jKYL-wNbo4Q7kNvwGTqo6H&_nc_oc=AdoXgz3jr-yCavTv7WlDd72z-z9dxjwT6si4-O5MUrLw5WcHXHe5ZASqhDD4CxcjuxA&_nc_zt=14&_nc_ht=scontent.ftgz4-1.fna&_nc_gid=x4ZmnFpBIv4WXSJgz5OMtQ&_nc_ss=7f180&oh=00_AQA_vdXxa9xwS8SGCBafgLEFHgNP7fE6vH9CSamiqovqMQ&oe=6A50AA19,,"['FACEBOOK', 'INSTAGRAM', 'AUDIENCE_NETWORK', 'MESSENGER', 'WHATSAPP', 'THREADS']",au,cw,facebook,social,2026-W27,2026-07,"FACEBOOK, INSTAGRAM, AUDIENCE_NETWORK, MESSENGER, WHATSAPP, THREADS",True,True,True,True,True,True,Brand/Category Page,True,False,False,2026-07-06,2026-06-30 07:00:00,2026-07-06 16:23:53.030278,6
2906106989781186,,True,2026-06-30 07:00:00,2026-07-05 07:00:00,Chemist Warehouse,Chemist Warehouse,Available at Chemist Warehouse,Shop PediaSure at Chemist Warehouse!,Shop now,VIDEO,https://www.chemistwarehouse.com.au/shop-online/3367/pediasure?utm_source=facebook&utm_medium=social&utm_campaign=au_cw_oa_facebook_social_abbottnutrition_pediasure_20_jul26_100604-boosting_video&utm_term=reach&utm_content=video_branding-video,www.chemistwarehouse.com.au,/shop-online/3367/pediasure,facebook,social,au_cw_oa_facebook_social_abbottnutrition_pediasure_20_jul26_100604-boosting_video,20,reach,video_branding-video,O&O,Abbottnutrition,Pediasure,jul26,video,,,,,,"['FACEBOOK', 'INSTAGRAM']",au,cw,facebook,social,2026-W27,2026-07,"FACEBOOK, INSTAGRAM",True,True,False,False,False,False,Brand/Category Page,True,True,False,2026-07-06,2026-06-30 07:00:00,2026-07-06 16:23:53.030278,6
2021413181802118,,True,2026-06-30 07:00:00,2026-07-04 07:00:00,Chemist Warehouse,Chemist Warehouse,Transform Your Look,Are you PhotoReady? Shop NEW Revlon PhotoReady range.,Shop now,IMAGE,https://fb.com/canvas_doc/1000813322312719,fb.com,/canvas_doc/1000813322312719,,,,,,,Not Specified,,,,,,,,,,"['FACEBOOK', 'INSTAGRAM', 'MESSENGER']",,,,,2026-W27,2026-07,"FACEBOOK, INSTAGRAM, MESSENGER",True,True,False,True,False,False,Internal/App Page,True,False,False,2026-07-06,2026-06-30 07:00:00,2026-07-06 16:23:53.030278,6
1337581435216624,36439572385686341,True,2026-06-29 07:00:00,2026-07-05 07:00:00,Chemist Warehouse,Chemist Warehouse,Sally Hansen Gel Rehab Nail Repair Serum,"Repair gel damage and protect against breakage for smoother, healthier-looking nails",Shop now,VIDEO,https://www.chemistwarehouse.com.au/buy/161865/sally-hansen-nail-treatment-gel-rehab-bond-serum?utm_source=facebook&utm_medium=social&utm_campaign=au_cw_oa_facebook_social_cotyconsumerbeauty_sallyhansen_648_june26_100625-treatment_video&utm_term=traffic&utm_content=video_brand,www.chemistwarehouse.com.au,/buy/161865/sally-hansen-nail-treatment-gel-rehab-bond-serum,facebook,social,au_cw_oa_facebook_social_cotyconsumerbeauty_sallyhansen_648_june26_100625-treatment_video,648,traffic,video_brand,O&O,Cotyconsumerbeauty,Sallyhansen,june26,video,,,,,,"['FACEBOOK', 'INSTAGRAM', 'AUDIENCE_NETWORK', 'MESSENGER', 'WHATSAPP', 'THREADS']",au,cw,facebook,social,2026-W27,2026-07,"FACEBOOK, INSTAGRAM, AUDIENCE_NETWORK, MESSENGER, WHATSAPP, THREADS",True,True,True,True,True,True,SKU Product,True,False,False,2026-07-06,2026-06-29 07:00:00,2026-07-06 16:23:53.030278,7
1513874240513651,,True,2026-06-29 07:00:00,2026-07-05 07:00:00,Chemist Warehouse,Chemist Warehouse,Sally Hansen Gel Rehab Nail Repair Serum,"Repair gel damage and protect against breakage for smoother, healthier-looking nails",Shop now,VIDEO,https://www.chemistwarehouse.com.au/buy/161865/sally-hansen-nail-treatment-gel-rehab-bond-serum?utm_source=facebook&utm_medium=social&utm_campaign=au_cw_oa_facebook_social_cotyconsumerbeauty_sallyhansen_648_june26_100625-treatment_video&utm_term=traffic&utm_content=video_brand,www.chemistwarehouse.com.au,/buy/161865/sally-hansen-nail-treatment-gel-rehab-bond-serum,facebook,social,au_cw_oa_facebook_social_cotyconsumerbeauty_sallyhansen_648_june26_100625-treatment_video,648,traffic,video_brand,O&O,Cotyconsumerbeauty,Sallyhansen,june26,video,,,,,,"['FACEBOOK', 'INSTAGRAM', 'AUDIENCE_NETWORK', 'MESSENGER', 'WHATSAPP', 'THREADS']",au,cw,facebook,social,2026-W27,2026-07,"FACEBOOK, INSTAGRAM, AUDIENCE_NETWORK, MESSENGER, WHATSAPP, THREADS",True,True,True,True,True,True,SKU Product,True,False,False,2026-07-06,2026-06-29 07:00:00,2026-07-06 16:23:53.030278,7
3928723200591053,,True,2026-06-30 07:00:00,2026-07-05 07:00:00,Chemist Warehouse,Chemist Warehouse,Perfect Your Pout,Define your lips while extending the wear of your favorite lip colour with Revlon's ColorStay Lip Liner.,Shop now,IMAGE,https://fb.com/canvas_doc/1039818308731887,fb.com,/canvas_doc/1039818308731887,,,,,,,Not Specified,,,,,,,,,,"['FACEBOOK', 'INSTAGRAM', 'MESSENGER']",,,,,2026-W27,2026-07,"FACEBOOK, INSTAGRAM, MESSENGER",True,True,False,True,False,False,Internal/App Page,True,False,False,2026-07-06,2026-06-30 07:00:00,2026-07-06 16:23:53.030278,6
1028232276240564,1269037968457334,True,2026-06-29 07:00:00,2026-07-05 07:00:00,Chemist Warehouse,Chemist Warehouse,Now 1/2 Price off RRP!,Shop Garnier Vitamin C range now at Chemist Warehouse.,Shop now,VIDEO,https://www.chemistwarehouse.com.au/shop-online/5318/garnier?utm_source=facebook&utm_medium=social&utm_campaign=au_cw_oa_facebook_social_lorealaustraliaptyltd_garnier_665_june26_100635-vitaminc_video&utm_term=traffic&utm_content=video_brand,www.chemistwarehouse.com.au,/shop-online/5318/garnier,facebook,social,au_cw_oa_facebook_social_lorealaustraliaptyltd_garnier_665_june26_100635-vitaminc_video,665,traffic,video_brand,O&O,Lorealaustraliaptyltd,Garnier,june26,video,,,,,,"['FACEBOOK', 'INSTAGRAM', 'AUDIENCE_NETWORK', 'MESSENGER', 'WHATSAPP', 'THREADS']",au,cw,facebook,social,2026-W27,2026-07,"FACEBOOK, INSTAGRAM, AUDIENCE_NETWORK, MESSENGER, WHATSAPP, THREADS",True,True,True,True,True,True,Brand/Category Page,True,True,False,2026-07-06,2026-06-29 07:00:00,2026-07-06 16:23:53.030278,7
1932659784068913,1663607488278472,True,2026-06-30 07:00:00,2026-07-05 07:00:00,Chemist Warehouse,Chemist Warehouse,{{product.name}},{{product.brand}},Shop now,DCO,https://www.chemistwarehouse.com.au/shop-online/772/revlon-cosmetics?utm_source=facebook&utm_medium=social&utm_campaign=au_cw_coop_facebook_social_revlonaustraliaptyltd_revlon_648_2026_bau_dynamic_100088&utm_term=traffic&utm_content=static-junept2,www.chemistwarehouse.com.au,/shop-online/772/revlon-cosmetics,facebook,social,au_cw_coop_facebook_social_revlonaustraliaptyltd_revlon_648_2026_bau_dynamic_100088,648,traffic,static-junept2,Coop,Revlonaustraliaptyltd,Revlon,2026,100088,Shop AUS #1 longwear brand,"All‑day wear, all‑day confidence. Shop Australia’s #1 longwear brand now at Chemist Warehouse.",Shop Now,https://scontent.ftgz4-1.fna.fbcdn.net/v/t39.35426-6/723768074_858534340643216_4730972236579603985_n.jpg?_nc_cat=108&ccb=1-7&_nc_sid=c53f8f&_nc_ohc=HCbAk3XSY8oQ7kNvwHR69BW&_nc_oc=AdqFUfwtS5y3EiWVa2pzvBOptHYVC58umurSz4dcl3tR_hqSLmAx3yq5jfaFd_XUS94&_nc_zt=14&_nc_ht=scontent.ftgz4-1.fna&_nc_gid=owVJiUif6k3Sm-k648PiHg&_nc_ss=7f180&oh=00_AQDx84hwcjTGsjCP7NBMVPc4T7SS0rZWnFD9IUAWidVXwg&oe=6A509337,,"['FACEBOOK', 'INSTAGRAM', 'MESSENGER']",au,cw,facebook,social,2026-W27,2026-07,"FACEBOOK, INSTAGRAM, MESSENGER",True,True,False,True,False,False,Brand/Category Page,True,False,False,2026-07-06,2026-06-30 07:00:00,2026-07-06 16:23:53.030278,6
1005834288831686,1407661354420227,True,2026-06-28 07:00:00,2026-07-05 07:00:00,Chemist Warehouse,Chemist Warehouse,Available at Chemist Warehouse,Recovery is in the small resets before the niggles turn into something bigger. VoltaHeat Pain Relief Cream available now at Chemist Warehouse.,Shop now,VIDEO,https://www.chemistwarehouse.com.au/shop-online/1051/voltaren?category=Hot%20%26%20Cold%20Packs&utm_source=facebook&utm_medium=social&utm_campaign=au_cw_oa_facebook_social_haleonaustraliaptyltd_voltaren_99_jun26_100630-heatcold_video&utm_term=reach&utm_content=video_katie-video,www.chemistwarehouse.com.au,/shop-online/1051/voltaren,facebook,social,au_cw_oa_facebook_social_haleonaustraliaptyltd_voltaren_99_jun26_100630-heatcold_video,99,reach,video_katie-video,O&O,Haleonaustraliaptyltd,Voltaren,jun26,video,,,,,,"['FACEBOOK', 'INSTAGRAM', 'MESSENGER', 'THREADS']",au,cw,facebook,social,2026-W27,2026-07,"FACEBOOK, INSTAGRAM, MESSENGER, THREADS",True,True,False,True,True,False,Brand/Category Page,True,True,False,2026-07-06,2026-06-28 07:00:00,2026-07-06 16:23:53.030278,8
1721773752291032,1951659995506499,True,2026-06-28 07:00:00,2026-07-05 07:00:00,Chemist Warehouse,Chemist Warehouse,NEW METAMUCIL FIBRE THINS,Get your daily fibre the easy way with delicious NEW Metamucil Fibre Thins on the go now!,See details,VIDEO,https://www.chemistwarehouse.com.au/shop-online/1272/metamucil?utm_source=facebook&utm_medium=social&utm_campaign=au_cw_oa_facebook_social_proctergambleaustralia_metamucil_81_2026_100539-oa_video-image&utm_term=traffic&utm_content=video-image_all,www.chemistwarehouse.com.au,/shop-online/1272/metamucil,facebook,social,au_cw_oa_facebook_social_proctergambleaustralia_metamucil_81_2026_100539-oa_video-image,81,traffic,video-image_all,O&O,Proctergambleaustralia,Metamucil,2026,video-image,,,,,,"['FACEBOOK', 'INSTAGRAM', 'AUDIENCE_NETWORK', 'MESSENGER', 'WHATSAPP', 'THREADS']",au,cw,facebook,social,2026-W27,2026-07,"FACEBOOK, INSTAGRAM, AUDIENCE_NETWORK, MESSENGER, WHATSAPP, THREADS",True,True,True,True,True,True,Brand/Category Page,True,False,False,2026-07-06,2026-06-28 07:00:00,2026-07-06 16:23:53.030278,8
2013801635997853,,True,2026-06-28 07:00:00,2026-07-02 07:00:00,Chemist Warehouse,Chemist Warehouse,Buy Nature's Way Kids Smart Vita Gummies Immune Defence 150 Gummies Exclusive Size online at Chemist Warehouse,Shop Nature's Way Kids Smart Vita Gummies Immune Defence 150 Capsules at Chemist Warehouse,Shop now,IMAGE,https://www.chemistwarehouse.com.au/buy/151929/natures-way-kids-smart-vita-gummies-immune-defence-150-gummies-exclusive-size,www.chemistwarehouse.com.au,/buy/151929/natures-way-kids-smart-vita-gummies-immune-defence-150-gummies-exclusive-size,,,,,,,Not Specified,,,,,,,,,,"['FACEBOOK', 'INSTAGRAM']",,,,,2026-W27,2026-07,"FACEBOOK, INSTAGRAM",True,True,False,False,False,False,SKU Product,True,True,False,2026-07-06,2026-06-28 07:00:00,2026-07-06 16:23:53.030278,8
1007336885610018,905523415932204,True,2026-06-28 07:00:00,2026-07-02 07:00:00,Chemist Warehouse,Chemist Warehouse,40%OFF RRP Gillette Range,"Trim, edge & shave with NEW Gillette Fusion1 Styling Range. 40% off RRP limited time only!",Shop now,VIDEO,https://www.chemistwarehouse.com.au/shop-online/5336/gillette?utm_source=facebook&utm_medium=social&utm_campaign=au_cw_oa_facebook_social_proctergambleaustralia_gillette_259_2026_100541-oa_video-image&utm_term=traffic&utm_content=video-image_all,www.chemistwarehouse.com.au,/shop-online/5336/gillette,facebook,social,au_cw_oa_facebook_social_proctergambleaustralia_gillette_259_2026_100541-oa_video-image,259,traffic,video-image_all,O&O,Proctergambleaustralia,Gillette,2026,video-image,,,,,,"['FACEBOOK', 'INSTAGRAM', 'AUDIENCE_NETWORK', 'MESSENGER', 'WHATSAPP', 'THREADS']",au,cw,facebook,social,2026-W27,2026-07,"FACEBOOK, INSTAGRAM, AUDIENCE_NETWORK, MESSENGER, WHATSAPP, THREADS",True,True,True,True,True,True,Brand/Category Page,True,False,False,2026-07-06,2026-06-28 07:00:00,2026-07-06 16:23:53.030278,8
1381212156900993,1033083185835148,True,2026-06-28 07:00:00,2026-07-05 07:00:00,Chemist Warehouse,Chemist Warehouse,40%OFF RRP Gillette Range,"Trim, edge & shave with NEW Gillette Fusion1 Styling Range. 40% off RRP limited time only!",Shop now,VIDEO,https://www.chemistwarehouse.com.au/shop-online/5336/gillette?utm_source=facebook&utm_medium=social&utm_campaign=au_cw_oa_facebook_social_proctergambleaustralia_gillette_259_2026_100541-oa_video-image&utm_term=traffic&utm_content=video-image_all,www.chemistwarehouse.com.au,/shop-online/5336/gillette,facebook,social,au_cw_oa_facebook_social_proctergambleaustralia_gillette_259_2026_100541-oa_video-image,259,traffic,video-image_all,O&O,Proctergambleaustralia,Gillette,2026,video-image,,,,,,"['FACEBOOK', 'INSTAGRAM', 'AUDIENCE_NETWORK', 'MESSENGER', 'WHATSAPP', 'THREADS']",au,cw,facebook,social,2026-W27,2026-07,"FACEBOOK, INSTAGRAM, AUDIENCE_NETWORK, MESSENGER, WHATSAPP, THREADS",True,True,True,True,True,True,Brand/Category Page,True,False,False,2026-07-06,2026-06-28 07:00:00,2026-07-06 16:23:53.030278,8
1017260224553489,905523415932204,True,2026-06-28 07:00:00,2026-07-05 07:00:00,Chemist Warehouse,Chemist Warehouse,40%OFF RRP Gillette Range,"Trim, edge & shave with NEW Gillette Fusion1 Styling Range. 40% off RRP limited time only!",Shop now,VIDEO,https://www.chemistwarehouse.com.au/shop-online/5336/gillette?utm_source=facebook&utm_medium=social&utm_campaign=au_cw_oa_facebook_social_proctergambleaustralia_gillette_259_2026_100541-oa_video-image&utm_term=traffic&utm_content=video-image_all,www.chemistwarehouse.com.au,/shop-online/5336/gillette,facebook,social,au_cw_oa_facebook_social_proctergambleaustralia_gillette_259_2026_100541-oa_video-image,259,traffic,video-image_all,O&O,Proctergambleaustralia,Gillette,2026,video-image,,,,,,"['FACEBOOK', 'INSTAGRAM', 'AUDIENCE_NETWORK', 'MESSENGER', 'WHATSAPP', 'THREADS']",au,cw,facebook,social,2026-W27,2026-07,"FACEBOOK, INSTAGRAM, AUDIENCE_NETWORK, MESSENGER, WHATSAPP, THREADS",True,True,True,True,True,True,Brand/Category Page,True,False,False,2026-07-06,2026-06-28 07:00:00,2026-07-06 16:23:53.030278,8
1718957645805967,2331034984330714,True,2026-06-28 07:00:00,2026-06-29 07:00:00,Chemist Warehouse,Chemist Warehouse,40%OFF RRP Gillette Range,"Trim, edge & shave with NEW Gillette Fusion1 Styling Range. 40% off RRP limited time only!",Shop now,VIDEO,https://www.chemistwarehouse.com.au/shop-online/5336/gillette?utm_source=facebook&utm_medium=social&utm_campaign=au_cw_oa_facebook_social_proctergambleaustralia_gillette_259_2026_100541-oa_video-image&utm_term=traffic&utm_content=video-image_all,www.chemistwarehouse.com.au,/shop-online/5336/gillette,facebook,social,au_cw_oa_facebook_social_proctergambleaustralia_gillette_259_2026_100541-oa_video-image,259,traffic,video-image_all,O&O,Proctergambleaustralia,Gillette,2026,video-image,,,,,,"['FACEBOOK', 'INSTAGRAM', 'AUDIENCE_NETWORK', 'MESSENGER', 'WHATSAPP', 'THREADS']",au,cw,facebook,social,2026-W27,2026-07,"FACEBOOK, INSTAGRAM, AUDIENCE_NETWORK, MESSENGER, WHATSAPP, THREADS",True,True,True,True,True,True,Brand/Category Page,True,False,False,2026-07-06,2026-06-28 07:00:00,2026-07-06 16:23:53.030278,8
2158654528057099,716174244924204,True,2026-06-30 07:00:00,2026-07-05 07:00:00,Chemist Warehouse,Chemist Warehouse,{{product.name}},{{product.brand}},Shop now,DCO,https://www.chemistwarehouse.com.au/shop-online/6541/epijoint?utm_source=facebook&utm_medium=social&utm_campaign=au_cw_coop_facebook_social_interpathptyltd_epijoint_81_2026_100056-bau_image&utm_term=traffic&utm_content=image_v1gif,www.chemistwarehouse.com.au,/shop-online/6541/epijoint,facebook,social,au_cw_coop_facebook_social_interpathptyltd_epijoint_81_2026_100056-bau_image,81,traffic,image_v1gif,Coop,Interpathptyltd,Epijoint,2026,image,"Get Epijoint® 40% off RRP, sale on.","Epijoint® is backed by science to relieve mild joint pain and stiffness. On sale, only at Chemist Warehouse.",Shop Now,https://scontent.ftgz4-1.fna.fbcdn.net/v/t39.35426-6/733040967_994277409879732_8639713466777163067_n.jpg?_nc_cat=108&ccb=1-7&_nc_sid=c53f8f&_nc_ohc=l06NJSL23iwQ7kNvwGNZ-mQ&_nc_oc=AdonfpW2cb17xhajbDwV1E2QC0o1OE2_-q9sedK1nDpbceuBvbjW6v1NIxqOikXZv0g&_nc_zt=14&_nc_ht=scontent.ftgz4-1.fna&_nc_gid=owVJiUif6k3Sm-k648PiHg&_nc_ss=7f180&oh=00_AQAG70J2VK58tqqFTLrn8a5UJfGz3lUsHFKiDs7bLIsk_A&oe=6A50A4BE,,"['FACEBOOK', 'INSTAGRAM', 'AUDIENCE_NETWORK', 'MESSENGER', 'THREADS']",au,cw,facebook,social,2026-W27,2026-07,"FACEBOOK, INSTAGRAM, AUDIENCE_NETWORK, MESSENGER, THREADS",True,True,True,True,True,False,Brand/Category Page,True,False,False,2026-07-06,2026-06-30 07:00:00,2026-07-06 16:23:53.030278,6
1559272909044054,1652662325847627,True,2026-06-30 07:00:00,2026-07-05 07:00:00,Chemist Warehouse,Chemist Warehouse,{{product.name}},{{product.brand}},Shop now,DCO,https://www.chemistwarehouse.com.au/shop-online/6541/epijoint?utm_source=facebook&utm_medium=social&utm_campaign=au_cw_coop_facebook_social_interpathptyltd_epijoint_81_2026_100056-bau_image&utm_term=traffic&utm_content=image_v1gif,www.chemistwarehouse.com.au,/shop-online/6541/epijoint,facebook,social,au_cw_coop_facebook_social_interpathptyltd_epijoint_81_2026_100056-bau_image,81,traffic,image_v1gif,Coop,Interpathptyltd,Epijoint,2026,image,"Get Epijoint® 40% off RRP, sale on.","Epijoint® is backed by science to relieve mild joint pain and stiffness. On sale, only at Chemist Warehouse.",Shop Now,https://scontent.ftgz4-1.fna.fbcdn.net/v/t39.35426-6/733975137_1902141270422164_2052926348482274978_n.jpg?_nc_cat=105&ccb=1-7&_nc_sid=c53f8f&_nc_ohc=k7tRVU8pHH8Q7kNvwGZJkyb&_nc_oc=AdorwJQmlBSg2AEOJsId16YiuVVXXLU7lXMCmpuoLfW6w4Pd5pFdVXdf707hJnEKTMw&_nc_zt=14&_nc_ht=scontent.ftgz4-1.fna&_nc_gid=owVJiUif6k3Sm-k648PiHg&_nc_ss=7f180&oh=00_AQDrzlt-qN8RShBr7ry6utYlC5KaaRamii24O9ZWdHabag&oe=6A50AB69,,"['FACEBOOK', 'INSTAGRAM', 'AUDIENCE_NETWORK', 'MESSENGER', 'THREADS']",au,cw,facebook,social,2026-W27,2026-07,"FACEBOOK, INSTAGRAM, AUDIENCE_NETWORK, MESSENGER, THREADS",True,True,True,True,True,False,Brand/Category Page,True,False,False,2026-07-06,2026-06-30 07:00:00,2026-07-06 16:23:53.030278,6
2288762885289808,1698442331097187,True,2026-06-28 07:00:00,2026-06-30 07:00:00,Chemist Warehouse,Chemist Warehouse,40%OFF RRP Gillette Range,"Trim, edge & shave with NEW Gillette Fusion1 Styling Range. 40% off RRP limited time only!",Shop now,VIDEO,https://www.chemistwarehouse.com.au/shop-online/5336/gillette?utm_source=facebook&utm_medium=social&utm_campaign=au_cw_oa_facebook_social_proctergambleaustralia_gillette_259_2026_100541-oa_video-image&utm_term=traffic&utm_content=video-image_all,www.chemistwarehouse.com.au,/shop-online/5336/gillette,facebook,social,au_cw_oa_facebook_social_proctergambleaustralia_gillette_259_2026_100541-oa_video-image,259,traffic,video-image_all,O&O,Proctergambleaustralia,Gillette,2026,video-image,,,,,,"['FACEBOOK', 'INSTAGRAM', 'AUDIENCE_NETWORK', 'MESSENGER', 'WHATSAPP', 'THREADS']",au,cw,facebook,social,2026-W27,2026-07,"FACEBOOK, INSTAGRAM, AUDIENCE_NETWORK, MESSENGER, WHATSAPP, THREADS",True,True,True,True,True,True,Brand/Category Page,True,False,False,2026-07-06,2026-06-28 07:00:00,2026-07-06 16:23:53.030278,8
1565521631898301,1355778866489848,True,2026-06-30 07:00:00,2026-07-05 07:00:00,Chemist Warehouse,Chemist Warehouse,{{product.name}},{{product.brand}},Shop now,DCO,https://www.chemistwarehouse.com.au/shop-online/6541/epijoint?utm_source=facebook&utm_medium=social&utm_campaign=au_cw_coop_facebook_social_interpathptyltd_epijoint_81_2026_100056-bau_image&utm_term=traffic&utm_content=image_v1gif,www.chemistwarehouse.com.au,/shop-online/6541/epijoint,facebook,social,au_cw_coop_facebook_social_interpathptyltd_epijoint_81_2026_100056-bau_image,81,traffic,image_v1gif,Coop,Interpathptyltd,Epijoint,2026,image,"Get Epijoint® 40% off RRP, sale on.","Epijoint® is backed by science to relieve mild joint pain and stiffness. On sale, only at Chemist Warehouse.",Shop Now,https://scontent.ftgz4-1.fna.fbcdn.net/v/t39.35426-6/732179026_1474884417661364_3761640072888335306_n.jpg?_nc_cat=100&ccb=1-7&_nc_sid=c53f8f&_nc_ohc=-yKRRT3v-XsQ7kNvwFLS65k&_nc_oc=AdoW0QOkiXHLZJnvG2XtmUMBNhB6Sfjk93MN2h8Ne7t3h06j7ABOgPPqqE9ap3DqvWM&_nc_zt=14&_nc_ht=scontent.ftgz4-1.fna&_nc_gid=owVJiUif6k3Sm-k648PiHg&_nc_ss=7f180&oh=00_AQDqkGwocA6eHVsK892aq1sX6wvdWtdn99_BWglz60LDcA&oe=6A508CCC,,"['FACEBOOK', 'INSTAGRAM', 'AUDIENCE_NETWORK', 'MESSENGER', 'THREADS']",au,cw,facebook,social,2026-W27,2026-07,"FACEBOOK, INSTAGRAM, AUDIENCE_NETWORK, MESSENGER, THREADS",True,True,True,True,True,False,Brand/Category Page,True,False,False,2026-07-06,2026-06-30 07:00:00,2026-07-06 16:23:53.030278,6
1323048533277844,2331034984330714,True,2026-06-28 07:00:00,2026-07-04 07:00:00,Chemist Warehouse,Chemist Warehouse,40%OFF RRP Gillette Range,"Trim, edge & shave with NEW Gillette Fusion1 Styling Range. 40% off RRP limited time only!",Shop now,VIDEO,https://www.chemistwarehouse.com.au/shop-online/5336/gillette?utm_source=facebook&utm_medium=social&utm_campaign=au_cw_oa_facebook_social_proctergambleaustralia_gillette_259_2026_100541-oa_video-image&utm_term=traffic&utm_content=video-image_all,www.chemistwarehouse.com.au,/shop-online/5336/gillette,facebook,social,au_cw_oa_facebook_social_proctergambleaustralia_gillette_259_2026_100541-oa_video-image,259,traffic,video-image_all,O&O,Proctergambleaustralia,Gillette,2026,video-image,,,,,,"['FACEBOOK', 'INSTAGRAM', 'AUDIENCE_NETWORK', 'MESSENGER', 'WHATSAPP', 'THREADS']",au,cw,facebook,social,2026-W27,2026-07,"FACEBOOK, INSTAGRAM, AUDIENCE_NETWORK, MESSENGER, WHATSAPP, THREADS",True,True,True,True,True,True,Brand/Category Page,True,False,False,2026-07-06,2026-06-28 07:00:00,2026-07-06 16:23:53.030278,8
909603845200527,1698442331097187,True,2026-06-28 07:00:00,2026-06-30 07:00:00,Chemist Warehouse,Chemist Warehouse,40%OFF RRP Gillette Range,"Trim, edge & shave with NEW Gillette Fusion1 Styling Range. 40% off RRP limited time only!",Shop now,VIDEO,https://www.chemistwarehouse.com.au/shop-online/5336/gillette?utm_source=facebook&utm_medium=social&utm_campaign=au_cw_oa_facebook_social_proctergambleaustralia_gillette_259_2026_100541-oa_video-image&utm_term=traffic&utm_content=video-image_all,www.chemistwarehouse.com.au,/shop-online/5336/gillette,facebook,social,au_cw_oa_facebook_social_proctergambleaustralia_gillette_259_2026_100541-oa_video-image,259,traffic,video-image_all,O&O,Proctergambleaustralia,Gillette,2026,video-image,,,,,,"['FACEBOOK', 'INSTAGRAM', 'AUDIENCE_NETWORK', 'MESSENGER', 'WHATSAPP', 'THREADS']",au,cw,facebook,social,2026-W27,2026-07,"FACEBOOK, INSTAGRAM, AUDIENCE_NETWORK, MESSENGER, WHATSAPP, THREADS",True,True,True,True,True,True,Brand/Category Page,True,False,False,2026-07-06,2026-06-28 07:00:00,2026-07-06 16:23:53.030278,8
2237297243754519,1407661354420227,True,2026-06-28 07:00:00,2026-07-05 07:00:00,Chemist Warehouse,Chemist Warehouse,Available at Chemist Warehouse,Recovery is in the small resets before the niggles turn into something bigger. VoltaHeat Pain Relief Cream available now at Chemist Warehouse.,Shop now,VIDEO,https://www.chemistwarehouse.com.au/buy/167983/voltaheat-pain-relief-cream-100g?utm_source=facebook&utm_medium=social&utm_campaign=au_cw_oa_facebook_social_haleonaustraliaptyltd_voltaren_99_jun26_100630-heatcold_video-image&utm_term=traffic&utm_content=video-image_influencer-video,www.chemistwarehouse.com.au,/buy/167983/voltaheat-pain-relief-cream-100g,facebook,social,au_cw_oa_facebook_social_haleonaustraliaptyltd_voltaren_99_jun26_100630-heatcold_video-image,99,traffic,video-image_influencer-video,O&O,Haleonaustraliaptyltd,Voltaren,jun26,video-image,,,,,,"['FACEBOOK', 'INSTAGRAM', 'THREADS']",au,cw,facebook,social,2026-W27,2026-07,"FACEBOOK, INSTAGRAM, THREADS",True,True,False,False,True,False,SKU Product,True,True,False,2026-07-06,2026-06-28 07:00:00,2026-07-06 16:23:53.030278,8
1006972682048100,1324854149234153,True,2026-06-28 07:00:00,2026-07-01 07:00:00,Chemist Warehouse,Chemist Warehouse,{{product.name}},{{product.brand}},Shop now,DCO,https://www.chemistwarehouse.com.au/buy/151929/natures-way-kids-smart-vita-gummies-immune-defence-150-gummies-exclusive-size,www.chemistwarehouse.com.au,/buy/151929/natures-way-kids-smart-vita-gummies-immune-defence-150-gummies-exclusive-size,,,,,,,Not Specified,,,,,,Shop Nature's Way Kids Smart Vita Gummies Vitamin C + Zinc 150 Capsules at Chemist Warehouse,Shop Now,https://scontent.ftgz4-1.fna.fbcdn.net/v/t39.35426-6/732654869_1027475186698271_2714100682054676624_n.jpg?_nc_cat=111&ccb=1-7&_nc_sid=c53f8f&_nc_ohc=z3JtV37Gr9AQ7kNvwHMkoDM&_nc_oc=AdqVAwpjo66dPdUEAS-cVKFdo6B7LbE1K7XeQh98wjbB5DA0Sl2na6vSVIO1gqu6-sQ&_nc_zt=14&_nc_ht=scontent.ftgz4-1.fna&_nc_gid=oG-HMZkv2-ADvDc5g11axg&_nc_ss=7f180&oh=00_AQAgIsRcZ0B6SKbEtSXYTPCw3xX-hNchF45x46miKeTp9A&oe=6A509942,,"['FACEBOOK', 'INSTAGRAM']",,,,,2026-W27,2026-07,"FACEBOOK, INSTAGRAM",True,True,False,False,False,False,SKU Product,True,False,False,2026-07-06,2026-06-28 07:00:00,2026-07-06 16:23:53.030278,8
1561555742195153,1033083185835148,True,2026-06-28 07:00:00,2026-06-30 07:00:00,Chemist Warehouse,Chemist Warehouse,40%OFF RRP Gillette Range,"Trim, edge & shave with NEW Gillette Fusion1 Styling Range. 40% off RRP limited time only!",Shop now,VIDEO,https://www.chemistwarehouse.com.au/shop-online/5336/gillette?utm_source=facebook&utm_medium=social&utm_campaign=au_cw_oa_facebook_social_proctergambleaustralia_gillette_259_2026_100541-oa_video-image&utm_term=traffic&utm_content=video-image_all,www.chemistwarehouse.com.au,/shop-online/5336/gillette,facebook,social,au_cw_oa_facebook_social_proctergambleaustralia_gillette_259_2026_100541-oa_video-image,259,traffic,video-image_all,O&O,Proctergambleaustralia,Gillette,2026,video-image,,,,,,"['FACEBOOK', 'INSTAGRAM', 'AUDIENCE_NETWORK', 'MESSENGER', 'WHATSAPP', 'THREADS']",au,cw,facebook,social,2026-W27,2026-07,"FACEBOOK, INSTAGRAM, AUDIENCE_NETWORK, MESSENGER, WHATSAPP, THREADS",True,True,True,True,True,True,Brand/Category Page,True,False,False,2026-07-06,2026-06-28 07:00:00,2026-07-06 16:23:53.030278,8
1339056661077070,27107281425561593,True,2026-06-28 07:00:00,2026-07-05 07:00:00,Chemist Warehouse,Chemist Warehouse,{{product.name}},{{product.brand}},Shop now,DCO,https://www.chemistwarehouse.com.au/shop-online/1272/metamucil?utm_source=facebook&utm_medium=social&utm_campaign=au_cw_oa_facebook_social_proctergambleaustralia_metamucil_81_2026_100539-oa_video-image&utm_term=traffic&utm_content=video-image_all,www.chemistwarehouse.com.au,/shop-online/1272/metamucil,facebook,social,au_cw_oa_facebook_social_proctergambleaustralia_metamucil_81_2026_100539-oa_video-image,81,traffic,video-image_all,O&O,Proctergambleaustralia,Metamucil,2026,video-image,NEW METAMUCIL FIBRE THINS,Get your daily fibre the easy way with delicious NEW Metamucil Fibre Thins on the go now!,Shop Now,https://scontent.ftgz4-1.fna.fbcdn.net/v/t39.35426-6/724305862_1037209492202479_3663359025489859650_n.jpg?_nc_cat=101&ccb=1-7&_nc_sid=c53f8f&_nc_ohc=NT0rMNtE-MIQ7kNvwGDaQ5u&_nc_oc=Adq6KoigTj0TuZgFWsrYWaanYoLe1slhIsgRI5-_IBzJnqFXk8d4JyH-Hn3jNjpwYdM&_nc_zt=14&_nc_ht=scontent.ftgz4-1.fna&_nc_gid=oG-HMZkv2-ADvDc5g11axg&_nc_ss=7f180&oh=00_AQCkfpi5lOwt-pKlrjXLjuPHAervxrJbPCIEw3X5poqn5Q&oe=6A508BD6,,"['FACEBOOK', 'INSTAGRAM', 'AUDIENCE_NETWORK', 'MESSENGER', 'WHATSAPP', 'THREADS']",au,cw,facebook,social,2026-W27,2026-07,"FACEBOOK, INSTAGRAM, AUDIENCE_NETWORK, MESSENGER, WHATSAPP, THREADS",True,True,True,True,True,True,Brand/Category Page,True,False,False,2026-07-06,2026-06-28 07:00:00,2026-07-06 16:23:53.030278,8
1063056426049942,1550154156759095,True,2026-06-28 07:00:00,2026-07-02 07:00:00,Chemist Warehouse,Chemist Warehouse,40%OFF RRP Gillette Range,"Trim, edge & shave with NEW Gillette Fusion1 Styling Range. 40% off RRP limited time only!",Shop now,VIDEO,https://www.chemistwarehouse.com.au/shop-online/5336/gillette?utm_source=facebook&utm_medium=social&utm_campaign=au_cw_oa_facebook_social_proctergambleaustralia_gillette_259_2026_100541-oa_video-image&utm_term=traffic&utm_content=video-image_all,www.chemistwarehouse.com.au,/shop-online/5336/gillette,facebook,social,au_cw_oa_facebook_social_proctergambleaustralia_gillette_259_2026_100541-oa_video-image,259,traffic,video-image_all,O&O,Proctergambleaustralia,Gillette,2026,video-image,,,,,,"['FACEBOOK', 'INSTAGRAM', 'AUDIENCE_NETWORK', 'MESSENGER', 'WHATSAPP', 'THREADS']",au,cw,facebook,social,2026-W27,2026-07,"FACEBOOK, INSTAGRAM, AUDIENCE_NETWORK, MESSENGER, WHATSAPP, THREADS",True,True,True,True,True,True,Brand/Category Page,True,False,False,2026-07-06,2026-06-28 07:00:00,2026-07-06 16:23:53.030278,8
27286585014313594,1550154156759095,True,2026-06-28 07:00:00,2026-07-05 07:00:00,Chemist Warehouse,Chemist Warehouse,40%OFF RRP Gillette Range,"Trim, edge & shave with NEW Gillette Fusion1 Styling Range. 40% off RRP limited time only!",Shop now,VIDEO,https://www.chemistwarehouse.com.au/shop-online/5336/gillette?utm_source=facebook&utm_medium=social&utm_campaign=au_cw_oa_facebook_social_proctergambleaustralia_gillette_259_2026_100541-oa_video-image&utm_term=traffic&utm_content=video-image_all,www.chemistwarehouse.com.au,/shop-online/5336/gillette,facebook,social,au_cw_oa_facebook_social_proctergambleaustralia_gillette_259_2026_100541-oa_video-image,259,traffic,video-image_all,O&O,Proctergambleaustralia,Gillette,2026,video-image,,,,,,"['FACEBOOK', 'INSTAGRAM', 'AUDIENCE_NETWORK', 'MESSENGER', 'WHATSAPP', 'THREADS']",au,cw,facebook,social,2026-W27,2026-07,"FACEBOOK, INSTAGRAM, AUDIENCE_NETWORK, MESSENGER, WHATSAPP, THREADS",True,True,True,True,True,True,Brand/Category Page,True,False,False,2026-07-06,2026-06-28 07:00:00,2026-07-06 16:23:53.030278,8
4156946474438754,36431647583148968,True,2026-06-28 07:00:00,2026-07-05 07:00:00,Chemist Warehouse,Chemist Warehouse,40%OFF RRP Gillette Range,"Trim, edge & shave with NEW Gillette Fusion1 Styling Range. 40% off RRP limited time only!",Shop now,VIDEO,https://www.chemistwarehouse.com.au/shop-online/5336/gillette?utm_source=facebook&utm_medium=social&utm_campaign=au_cw_oa_facebook_social_proctergambleaustralia_gillette_259_2026_100541-oa_video-image&utm_term=traffic&utm_content=video-image_all,www.chemistwarehouse.com.au,/shop-online/5336/gillette,facebook,social,au_cw_oa_facebook_social_proctergambleaustralia_gillette_259_2026_100541-oa_video-image,259,traffic,video-image_all,O&O,Proctergambleaustralia,Gillette,2026,video-image,,,,,,"['FACEBOOK', 'INSTAGRAM', 'AUDIENCE_NETWORK', 'MESSENGER', 'WHATSAPP', 'THREADS']",au,cw,facebook,social,2026-W27,2026-07,"FACEBOOK, INSTAGRAM, AUDIENCE_NETWORK, MESSENGER, WHATSAPP, THREADS",True,True,True,True,True,True,Brand/Category Page,True,False,False,2026-07-06,2026-06-28 07:00:00,2026-07-06 16:23:53.030278,8
1031999516114602,838732675783709,True,2026-06-28 07:00:00,2026-07-05 07:00:00,Chemist Warehouse,Chemist Warehouse,40%OFF RRP Gillette Range,"Trim, edge & shave with NEW Gillette Fusion1 Styling Range. 40% off RRP limited time only!",Shop now,VIDEO,https://www.chemistwarehouse.com.au/shop-online/5336/gillette?utm_source=facebook&utm_medium=social&utm_campaign=au_cw_oa_facebook_social_proctergambleaustralia_gillette_259_2026_100541-oa_video-image&utm_term=traffic&utm_content=video-image_all,www.chemistwarehouse.com.au,/shop-online/5336/gillette,facebook,social,au_cw_oa_facebook_social_proctergambleaustralia_gillette_259_2026_100541-oa_video-image,259,traffic,video-image_all,O&O,Proctergambleaustralia,Gillette,2026,video-image,,,,,,"['FACEBOOK', 'INSTAGRAM', 'AUDIENCE_NETWORK', 'MESSENGER', 'WHATSAPP', 'THREADS']",au,cw,facebook,social,2026-W27,2026-07,"FACEBOOK, INSTAGRAM, AUDIENCE_NETWORK, MESSENGER, WHATSAPP, THREADS",True,True,True,True,True,True,Brand/Category Page,True,False,False,2026-07-06,2026-06-28 07:00:00,2026-07-06 16:23:53.030278,8
1388066499832892,36431647583148968,True,2026-06-28 07:00:00,2026-07-03 07:00:00,Chemist Warehouse,Chemist Warehouse,40%OFF RRP Gillette Range,"Trim, edge & shave with NEW Gillette Fusion1 Styling Range. 40% off RRP limited time only!",Shop now,VIDEO,https://www.chemistwarehouse.com.au/shop-online/5336/gillette?utm_source=facebook&utm_medium=social&utm_campaign=au_cw_oa_facebook_social_proctergambleaustralia_gillette_259_2026_100541-oa_video-image&utm_term=traffic&utm_content=video-image_all,www.chemistwarehouse.com.au,/shop-online/5336/gillette,facebook,social,au_cw_oa_facebook_social_proctergambleaustralia_gillette_259_2026_100541-oa_video-image,259,traffic,video-image_all,O&O,Proctergambleaustralia,Gillette,2026,video-image,,,,,,"['FACEBOOK', 'INSTAGRAM', 'AUDIENCE_NETWORK', 'MESSENGER', 'WHATSAPP', 'THREADS']",au,cw,facebook,social,2026-W27,2026-07,"FACEBOOK, INSTAGRAM, AUDIENCE_NETWORK, MESSENGER, WHATSAPP, THREADS",True,True,True,True,True,True,Brand/Category Page,True,False,False,2026-07-06,2026-06-28 07:00:00,2026-07-06 16:23:53.030278,8
1035459412394925,1652982279110022,True,2026-06-28 07:00:00,2026-07-05 07:00:00,Chemist Warehouse,Chemist Warehouse,{{product.name}},{{product.brand}},Shop now,DCO,https://www.chemistwarehouse.com.au/shop-online/5336/gillette?utm_source=facebook&utm_medium=social&utm_campaign=au_cw_oa_facebook_social_proctergambleaustralia_gillette_259_2026_100541-oa_video-image&utm_term=traffic&utm_content=video-image_all,www.chemistwarehouse.com.au,/shop-online/5336/gillette,facebook,social,au_cw_oa_facebook_social_proctergambleaustralia_gillette_259_2026_100541-oa_video-image,259,traffic,video-image_all,O&O,Proctergambleaustralia,Gillette,2026,video-image,40%OFF RRP Gillette Range,"Trim, edge & shave with NEW Gillette Fusion1 Styling Range. 40% off RRP limited time only!",Shop Now,https://scontent.ftgz4-1.fna.fbcdn.net/v/t39.35426-6/735238321_1930549170968846_6824142868564681326_n.jpg?_nc_cat=101&ccb=1-7&_nc_sid=c53f8f&_nc_ohc=atqDV7kCjqQQ7kNvwE0lkhY&_nc_oc=AdpsPY4Ar9QCzLlVg07ONm4peN2zAL8ZL4yIs-9kpIQZ9CGmLbF9-8olIo2XCMBbVcU&_nc_zt=14&_nc_ht=scontent.ftgz4-1.fna&_nc_gid=oG-HMZkv2-ADvDc5g11axg&_nc_ss=7f180&oh=00_AQDowU_4hkCKcqJYHP3zhahWPfDOXJLkLyFugIEGLXBBWQ&oe=6A50B560,,"['FACEBOOK', 'INSTAGRAM', 'AUDIENCE_NETWORK', 'MESSENGER', 'WHATSAPP', 'THREADS']",au,cw,facebook,social,2026-W27,2026-07,"FACEBOOK, INSTAGRAM, AUDIENCE_NETWORK, MESSENGER, WHATSAPP, THREADS",True,True,True,True,True,True,Brand/Category Page,True,False,False,2026-07-06,2026-06-28 07:00:00,2026-07-06 16:23:53.030278,8
4525509831017816,1652982279110022,True,2026-06-28 07:00:00,2026-07-05 07:00:00,Chemist Warehouse,Chemist Warehouse,{{product.name}},{{product.brand}},Shop now,DCO,https://www.chemistwarehouse.com.au/shop-online/5336/gillette?utm_source=facebook&utm_medium=social&utm_campaign=au_cw_oa_facebook_social_proctergambleaustralia_gillette_259_2026_100541-oa_video-image&utm_term=traffic&utm_content=video-image_all,www.chemistwarehouse.com.au,/shop-online/5336/gillette,facebook,social,au_cw_oa_facebook_social_proctergambleaustralia_gillette_259_2026_100541-oa_video-image,259,traffic,video-image_all,O&O,Proctergambleaustralia,Gillette,2026,video-image,40%OFF RRP Gillette Range,"Trim, edge & shave with NEW Gillette Fusion1 Styling Range. 40% off RRP limited time only!",Shop Now,https://scontent.ftgz4-1.fna.fbcdn.net/v/t39.35426-6/733499572_1736699900843265_7525286219114386793_n.jpg?_nc_cat=107&ccb=1-7&_nc_sid=c53f8f&_nc_ohc=M8v6Bqtmb74Q7kNvwF0i4Fq&_nc_oc=AdpTNcghqLp4eGURQqFSvlF4fcrMZcNznzC1Bj7AJxezD6i7sDbvHLKMi5CUQesllJs&_nc_zt=14&_nc_ht=scontent.ftgz4-1.fna&_nc_gid=oG-HMZkv2-ADvDc5g11axg&_nc_ss=7f180&oh=00_AQBndnS0Z2om-gvOzcw_KHdrXQDXkfiDsPKaVHQk8Tuolw&oe=6A508DA0,,"['FACEBOOK', 'INSTAGRAM', 'AUDIENCE_NETWORK', 'MESSENGER', 'WHATSAPP', 'THREADS']",au,cw,facebook,social,2026-W27,2026-07,"FACEBOOK, INSTAGRAM, AUDIENCE_NETWORK, MESSENGER, WHATSAPP, THREADS",True,True,True,True,True,True,Brand/Category Page,True,False,False,2026-07-06,2026-06-28 07:00:00,2026-07-06 16:23:53.030278,8
2204709796991271,1599848011847133,True,2026-06-28 07:00:00,2026-07-05 07:00:00,Chemist Warehouse,Chemist Warehouse,{{product.name}},{{product.brand}},Shop now,DCO,https://www.chemistwarehouse.com.au/shop-online/5336/gillette?utm_source=facebook&utm_medium=social&utm_campaign=au_cw_oa_facebook_social_proctergambleaustralia_gillette_259_2026_100541-oa_video-image&utm_term=traffic&utm_content=video-image_all,www.chemistwarehouse.com.au,/shop-online/5336/gillette,facebook,social,au_cw_oa_facebook_social_proctergambleaustralia_gillette_259_2026_100541-oa_video-image,259,traffic,video-image_all,O&O,Proctergambleaustralia,Gillette,2026,video-image,40%OFF RRP Gillette Range,Smooth deals on Gillette range! 40% off RRP now at Chemist Warehouse! Limited time only!,Shop Now,https://scontent.ftgz4-1.fna.fbcdn.net/v/t39.35426-6/732747532_3425578487623542_7779183438862620000_n.jpg?_nc_cat=102&ccb=1-7&_nc_sid=c53f8f&_nc_ohc=qfR-bfBbQ1cQ7kNvwEMpoHD&_nc_oc=AdocOewrPLN5s3O51UzPQ0aiFFpLJt8PmYN5UhbEPRb9fkLL3FSezYNJ2I-Zmke7yic&_nc_zt=14&_nc_ht=scontent.ftgz4-1.fna&_nc_gid=oG-HMZkv2-ADvDc5g11axg&_nc_ss=7f180&oh=00_AQDboe9KixuTRCldhj_lrrGVqSXKONRM21IDuu5blVqfsg&oe=6A50B0CA,,"['FACEBOOK', 'INSTAGRAM', 'AUDIENCE_NETWORK', 'MESSENGER', 'WHATSAPP', 'THREADS']",au,cw,facebook,social,2026-W27,2026-07,"FACEBOOK, INSTAGRAM, AUDIENCE_NETWORK, MESSENGER, WHATSAPP, THREADS",True,True,True,True,True,True,Brand/Category Page,True,False,False,2026-07-06,2026-06-28 07:00:00,2026-07-06 16:23:53.030278,8
1516015229967821,1293823782396954,True,2026-06-29 07:00:00,2026-07-05 07:00:00,Chemist Warehouse,Chemist Warehouse,{{product.name}},{{product.brand}},Shop now,DCO,https://www.chemistwarehouse.com.au/shop-online/6713/mersynofen?utm_source=facebook&utm_medium=social&utm_campaign=au_cw_oa_facebook_social_sanoficonsumerhealthcare_mersynofen_258_2026_100562-oa_video-image&utm_term=traffic&utm_content=video-image_brand,www.chemistwarehouse.com.au,/shop-online/6713/mersynofen,facebook,social,au_cw_oa_facebook_social_sanoficonsumerhealthcare_mersynofen_258_2026_100562-oa_video-image,258,traffic,video-image_brand,O&O,Sanoficonsumerhealthcare,Mersynofen,2026,video-image,Try Mersynofen,Mersynofen combines the strength of two ingredients for dual-action pain relief,Shop Now,https://scontent.ftgz4-1.fna.fbcdn.net/v/t39.35426-6/732545291_873316812520106_8454764781620015008_n.jpg?_nc_cat=110&ccb=1-7&_nc_sid=c53f8f&_nc_ohc=ObA8bJ_qUekQ7kNvwHVftCC&_nc_oc=Ado8nqy8CnDeVzMJzZty2nMczDwXqkha4k9ZbhrBJctGpDW8RlpG4_3gmbEmTUnC190&_nc_zt=14&_nc_ht=scontent.ftgz4-1.fna&_nc_gid=oG-HMZkv2-ADvDc5g11axg&_nc_ss=7f180&oh=00_AQCfkAOFqRDDNqmGcyZERpH-NEDvBkVUnYAZKGnVtKXOyw&oe=6A509E38,,"['FACEBOOK', 'INSTAGRAM', 'AUDIENCE_NETWORK', 'MESSENGER', 'THREADS']",au,cw,facebook,social,2026-W27,2026-07,"FACEBOOK, INSTAGRAM, AUDIENCE_NETWORK, MESSENGER, THREADS",True,True,True,True,True,False,Brand/Category Page,True,False,False,2026-07-06,2026-06-29 07:00:00,2026-07-06 16:23:53.030278,7
1511916333297312,838732675783709,True,2026-06-28 07:00:00,2026-06-30 07:00:00,Chemist Warehouse,Chemist Warehouse,40%OFF RRP Gillette Range,"Trim, edge & shave with NEW Gillette Fusion1 Styling Range. 40% off RRP limited time only!",Shop now,VIDEO,https://www.chemistwarehouse.com.au/shop-online/5336/gillette?utm_source=facebook&utm_medium=social&utm_campaign=au_cw_oa_facebook_social_proctergambleaustralia_gillette_259_2026_100541-oa_video-image&utm_term=traffic&utm_content=video-image_all,www.chemistwarehouse.com.au,/shop-online/5336/gillette,facebook,social,au_cw_oa_facebook_social_proctergambleaustralia_gillette_259_2026_100541-oa_video-image,259,traffic,video-image_all,O&O,Proctergambleaustralia,Gillette,2026,video-image,,,,,,"['FACEBOOK', 'INSTAGRAM', 'AUDIENCE_NETWORK', 'MESSENGER', 'WHATSAPP', 'THREADS']",au,cw,facebook,social,2026-W27,2026-07,"FACEBOOK, INSTAGRAM, AUDIENCE_NETWORK, MESSENGER, WHATSAPP, THREADS",True,True,True,True,True,True,Brand/Category Page,True,False,False,2026-07-06,2026-06-28 07:00:00,2026-07-06 16:23:53.030278,8
1816002776417900,1707285157255297,True,2026-06-26 07:00:00,2026-07-05 07:00:00,Chemist Warehouse,Chemist Warehouse,Revlon 1/2 price off RRP,Shop Revlon’s Photo Ready range now at 1/2 price off RRP with Chemist Warehouse’s Beauty Break,See details,VIDEO,https://fb.com/canvas_doc/1173628785836162,fb.com,/canvas_doc/1173628785836162,,,,,,,Not Specified,,,,,,,,,,"['FACEBOOK', 'INSTAGRAM', 'AUDIENCE_NETWORK', 'MESSENGER', 'THREADS']",,,,,2026-W27,2026-07,"FACEBOOK, INSTAGRAM, AUDIENCE_NETWORK, MESSENGER, THREADS",True,True,True,True,True,False,Internal/App Page,True,True,False,2026-07-06,2026-06-26 07:00:00,2026-07-06 16:23:53.030278,10
1567088148179520,1599848011847133,True,2026-06-28 07:00:00,2026-07-05 07:00:00,Chemist Warehouse,Chemist Warehouse,{{product.name}},{{product.brand}},Shop now,DCO,https://www.chemistwarehouse.com.au/shop-online/5336/gillette?utm_source=facebook&utm_medium=social&utm_campaign=au_cw_oa_facebook_social_proctergambleaustralia_gillette_259_2026_100541-oa_video-image&utm_term=traffic&utm_content=video-image_all,www.chemistwarehouse.com.au,/shop-online/5336/gillette,facebook,social,au_cw_oa_facebook_social_proctergambleaustralia_gillette_259_2026_100541-oa_video-image,259,traffic,video-image_all,O&O,Proctergambleaustralia,Gillette,2026,video-image,40%OFF RRP Gillette Range,Smooth deals on Gillette range! 40% off RRP now at Chemist Warehouse! Limited time only!,Shop Now,https://scontent.ftgz4-1.fna.fbcdn.net/v/t39.35426-6/734101371_1555991979639578_4497492165887116220_n.jpg?_nc_cat=105&ccb=1-7&_nc_sid=c53f8f&_nc_ohc=MKbZVj3XANYQ7kNvwGchXd0&_nc_oc=AdqtWwiIkghOGi7OcLLEet3gBc_vGIf946BcEb3Io5s812IrcrAV_yaHA1QYS6qyvdI&_nc_zt=14&_nc_ht=scontent.ftgz4-1.fna&_nc_gid=oG-HMZkv2-ADvDc5g11axg&_nc_ss=7f180&oh=00_AQD2kSgaXxQCL8ydiwLlzSeSc1eR4kOXxO-ll-bAJ7d2RA&oe=6A50B969,,"['FACEBOOK', 'INSTAGRAM', 'AUDIENCE_NETWORK', 'MESSENGER', 'WHATSAPP', 'THREADS']",au,cw,facebook,social,2026-W27,2026-07,"FACEBOOK, INSTAGRAM, AUDIENCE_NETWORK, MESSENGER, WHATSAPP, THREADS",True,True,True,True,True,True,Brand/Category Page,True,False,False,2026-07-06,2026-06-28 07:00:00,2026-07-06 16:23:53.030278,8
1479775814166232,27300231626302181,True,2026-06-26 07:00:00,2026-07-05 07:00:00,Chemist Warehouse,Chemist Warehouse,Revlon 1/2 price off RRP,Shop Revlon’s Photo Ready range now at 1/2 price off RRP with Chemist Warehouse’s Beauty Break,See details,VIDEO,https://www.chemistwarehouse.com.au/shop-online/new-revlon-photoready-range?utm_source=facebook&utm_medium=social&utm_campaign=au_cw_oa_facebook_social_revlonaustraliaptyltd_revlon_648_2026_bau_Dynamic&utm_term=dynamic&utm_content=video-image_influencer,www.chemistwarehouse.com.au,/shop-online/new-revlon-photoready-range,facebook,social,au_cw_oa_facebook_social_revlonaustraliaptyltd_revlon_648_2026_bau_Dynamic,648,dynamic,video-image_influencer,O&O,Revlonaustraliaptyltd,Revlon,2026,dynamic,,,,,,"['FACEBOOK', 'INSTAGRAM', 'AUDIENCE_NETWORK', 'MESSENGER', 'THREADS']",au,cw,facebook,social,2026-W27,2026-07,"FACEBOOK, INSTAGRAM, AUDIENCE_NETWORK, MESSENGER, THREADS",True,True,True,True,True,False,Brand/Category Page,True,True,False,2026-07-06,2026-06-26 07:00:00,2026-07-06 16:23:53.030278,10
4345448565702677,1537062901132212,True,2026-06-26 07:00:00,2026-07-05 07:00:00,Chemist Warehouse,Chemist Warehouse,Revlon 1/2 price off RRP,Shop Revlon’s Photo Ready range now at 1/2 price off RRP with Chemist Warehouse’s Beauty Break,Shop now,VIDEO,https://www.chemistwarehouse.com.au/shop-online/new-revlon-photoready-range?utm_source=facebook&utm_medium=social&utm_campaign=au_cw_oa_facebook_social_revlonaustraliaptyltd_revlon_648_2026_bau_Dynamic&utm_term=dynamic&utm_content=video-image_influencer,www.chemistwarehouse.com.au,/shop-online/new-revlon-photoready-range,facebook,social,au_cw_oa_facebook_social_revlonaustraliaptyltd_revlon_648_2026_bau_Dynamic,648,dynamic,video-image_influencer,O&O,Revlonaustraliaptyltd,Revlon,2026,dynamic,,,,,,"['FACEBOOK', 'INSTAGRAM', 'AUDIENCE_NETWORK', 'MESSENGER', 'THREADS']",au,cw,facebook,social,2026-W27,2026-07,"FACEBOOK, INSTAGRAM, AUDIENCE_NETWORK, MESSENGER, THREADS",True,True,True,True,True,False,Brand/Category Page,True,True,False,2026-07-06,2026-06-26 07:00:00,2026-07-06 16:23:53.030278,10
2519990435182189,1019580093887271,True,2026-06-26 07:00:00,2026-07-05 07:00:00,Chemist Warehouse,Chemist Warehouse,{{product.name}},{{product.brand}},Shop now,DCO,https://www.chemistwarehouse.com.au/shop-online/new-revlon-photoready-range?utm_source=facebook&utm_medium=social&utm_campaign=au_cw_oa_facebook_social_revlonaustraliaptyltd_revlon_648_2026_bau_Dynamic&utm_term=dynamic&utm_content=video-image_influencer,www.chemistwarehouse.com.au,/shop-online/new-revlon-photoready-range,facebook,social,au_cw_oa_facebook_social_revlonaustraliaptyltd_revlon_648_2026_bau_Dynamic,648,dynamic,video-image_influencer,O&O,Revlonaustraliaptyltd,Revlon,2026,dynamic,Revlon 1/2 price off RRP,Shop Revlon’s Photo Ready range now at 1/2 price off RRP with Chemist Warehouse’s Beauty Break,Shop Now,,https://video.ftgz4-1.fna.fbcdn.net/o1/v/t2/f2/m366/AQO5RS4t9OrNSaDEWqrA31NwwT2KEbRAtLadMrVYNuBc9fBWQ9yUejXPXdN4-RCUNGqHKieqHEf2vnKlwFk1z8tSa0EJ_PLfrf46WoLG3i1jEg.mp4?_nc_cat=111&_nc_oc=AdovAruy1_IoQRl65iqddNHea3aKHTI339I-7UKucx9_nCHm-97OOVcM3aBkTWacPq8&_nc_sid=b66105&_nc_ht=video.ftgz4-1.fna.fbcdn.net&_nc_ohc=t_REG-qhoJkQ7kNvwEQXxhq&efg=eyJ2ZW5jb2RlX3RhZyI6Inhwdl9wcm9ncmVzc2l2ZS5WSV9VU0VDQVNFX1BST0RVQ1RfVFlQRS4uQzMuNzIwLmRhc2hfaDI2NC1iYXNpYy1nZW4yXzcyMHAiLCJ4cHZfYXNzZXRfaWQiOjE0ODU2ODg1NjAwNTg5NzcsImFzc2V0X2FnZV9kYXlzIjo5LCJ2aV91c2VjYXNlX2lkIjoxMDc5OSwiZHVyYXRpb25fcyI6MTYsInVybGdlbl9zb3VyY2UiOiJ3d3cifQ%3D%3D&ccb=17-1&vs=200cb93eaae649e4&_nc_vs=HBksFQIYRWZiX2VwaGVtZXJhbC8xNTRCQ0UyQjVBRDUwNUNBMUYwN0VDNzc1RUU1QzE5NF9tdF8xX3ZpZGVvX2Rhc2hpbml0Lm1wNBUAAsgBEgAVAhhAZmJfcGVybWFuZW50L0I3NDFGRDNCOTdBMDZCNTM4NzRBRUU1MDQwRThDMDhCX2F1ZGlvX2Rhc2hpbml0Lm1wNBUCAsgBEgAoABgAGwKIB3VzZV9vaWwBMRJwcm9ncmVzc2l2ZV9yZWNpcGUBMRUAACbCifStus6jBRUCKAJDMywXQDAQ5WBBiTcYGWRhc2hfaDI2NC1iYXNpYy1nZW4yXzcyMHARAHUAZd6oAQA&_nc_gid=oG-HMZkv2-ADvDc5g11axg&_nc_ss=7f180&_nc_zt=28&oh=00_AQAq-ZT8lItEiDDodEhRaG6V2MrWqK6novYdISWPtgXhog&oe=6A50AAE1,"['FACEBOOK', 'INSTAGRAM', 'AUDIENCE_NETWORK', 'MESSENGER', 'THREADS']",au,cw,facebook,social,2026-W27,2026-07,"FACEBOOK, INSTAGRAM, AUDIENCE_NETWORK, MESSENGER, THREADS",True,True,True,True,True,False,Brand/Category Page,True,False,False,2026-07-06,2026-06-26 07:00:00,2026-07-06 16:23:53.030278,10
999628812676627,978587401844397,True,2026-06-26 07:00:00,2026-07-05 07:00:00,Chemist Warehouse,Chemist Warehouse,{{product.name}},{{product.brand}},Shop now,DCO,https://www.chemistwarehouse.com.au/shop-online/new-revlon-photoready-range?utm_source=facebook&utm_medium=social&utm_campaign=au_cw_oa_facebook_social_revlonaustraliaptyltd_revlon_648_2026_bau_Dynamic&utm_term=dynamic&utm_content=video-image_influencer,www.chemistwarehouse.com.au,/shop-online/new-revlon-photoready-range,facebook,social,au_cw_oa_facebook_social_revlonaustraliaptyltd_revlon_648_2026_bau_Dynamic,648,dynamic,video-image_influencer,O&O,Revlonaustraliaptyltd,Revlon,2026,dynamic,Revlon 1/2 price off RRP,Shop Revlon’s Photo Ready range now at 1/2 price off RRP with Chemist Warehouse’s Beauty Break,Shop Now,,https://video.ftgz4-1.fna.fbcdn.net/o1/v/t2/f2/m366/AQOYryLORbx3z9mBBE4R7yC9qErnikpwn8xsU-op9tnk8IVyNGz1mGxr0rBsJnJON8OHUTDsWNtxQYJLYDeEeoHn13FHYjGlTUA37PLcZMTu9g.mp4?_nc_cat=102&_nc_oc=Adrs0g4ZTsfID7TlAahj82p762EUhvzdGMfBSmhWNtH7FxQQCZO7uoyXcRRZ2XZOPqM&_nc_sid=b66105&_nc_ht=video.ftgz4-1.fna.fbcdn.net&_nc_ohc=-C8yybJLmgwQ7kNvwGGsLhN&efg=eyJ2ZW5jb2RlX3RhZyI6Inhwdl9wcm9ncmVzc2l2ZS5WSV9VU0VDQVNFX1BST0RVQ1RfVFlQRS4uQzMuNzIwLmRhc2hfaDI2NC1iYXNpYy1nZW4yXzcyMHAiLCJ4cHZfYXNzZXRfaWQiOjk4MjQ5MzI4NDYyMjE3NywiYXNzZXRfYWdlX2RheXMiOjksInZpX3VzZWNhc2VfaWQiOjEwNzk5LCJkdXJhdGlvbl9zIjoyMywidXJsZ2VuX3NvdXJjZSI6Ind3dyJ9&ccb=17-1&vs=124aa632be009ba4&_nc_vs=HBksFQIYRWZiX2VwaGVtZXJhbC9CQzQxREQyMTcyQzNFRDdENjNCODQyMzFBNTdFQzVBNV9tdF8xX3ZpZGVvX2Rhc2hpbml0Lm1wNBUAAsgBEgAVAhhAZmJfcGVybWFuZW50L0M2NERCOTI2REEwRTEzRkI2QkJFQjVBNjAwNEFEMUIwX2F1ZGlvX2Rhc2hpbml0Lm1wNBUCAsgBEgAoABgAGwKIB3VzZV9vaWwBMRJwcm9ncmVzc2l2ZV9yZWNpcGUBMRUAACbC_cqz0eS-AxUCKAJDMywXQDeIcrAgxJwYGWRhc2hfaDI2NC1iYXNpYy1nZW4yXzcyMHARAHUAZd6oAQA&_nc_gid=oG-HMZkv2-ADvDc5g11axg&_nc_ss=7f180&_nc_zt=28&oh=00_AQB93149zSiET5FdF3NUD531e_mTZ4ErwZc8iL9Rf7LHFQ&oe=6A50BFA2,"['FACEBOOK', 'INSTAGRAM', 'AUDIENCE_NETWORK', 'MESSENGER', 'THREADS']",au,cw,facebook,social,2026-W27,2026-07,"FACEBOOK, INSTAGRAM, AUDIENCE_NETWORK, MESSENGER, THREADS",True,True,True,True,True,False,Brand/Category Page,True,False,False,2026-07-06,2026-06-26 07:00:00,2026-07-06 16:23:53.030278,10
2472029709890532,1750472289330630,True,2026-06-26 07:00:00,2026-07-05 07:00:00,Chemist Warehouse,Chemist Warehouse,Revlon 1/2 price off RRP,Shop Revlon’s Photo Ready range now at 1/2 price off RRP with Chemist Warehouse’s Beauty Break,Shop now,VIDEO,https://www.chemistwarehouse.com.au/shop-online/new-revlon-photoready-range?utm_source=facebook&utm_medium=social&utm_campaign=au_cw_oa_facebook_social_revlonaustraliaptyltd_revlon_648_2026_bau_Dynamic&utm_term=dynamic&utm_content=video-image_influencer,www.chemistwarehouse.com.au,/shop-online/new-revlon-photoready-range,facebook,social,au_cw_oa_facebook_social_revlonaustraliaptyltd_revlon_648_2026_bau_Dynamic,648,dynamic,video-image_influencer,O&O,Revlonaustraliaptyltd,Revlon,2026,dynamic,,,,,,"['FACEBOOK', 'INSTAGRAM', 'AUDIENCE_NETWORK', 'MESSENGER', 'THREADS']",au,cw,facebook,social,2026-W27,2026-07,"FACEBOOK, INSTAGRAM, AUDIENCE_NETWORK, MESSENGER, THREADS",True,True,True,True,True,False,Brand/Category Page,True,True,False,2026-07-06,2026-06-26 07:00:00,2026-07-06 16:23:53.030278,10
1037273862304103,814349725009183,True,2026-06-26 07:00:00,2026-07-04 07:00:00,Chemist Warehouse,Chemist Warehouse,{{product.name}},{{product.brand}},Shop now,DCO,https://www.chemistwarehouse.com.au/shop-online/new-revlon-photoready-range?utm_source=facebook&utm_medium=social&utm_campaign=au_cw_oa_facebook_social_revlonaustraliaptyltd_revlon_648_2026_bau_Dynamic&utm_term=dynamic&utm_content=video-image_influencer,www.chemistwarehouse.com.au,/shop-online/new-revlon-photoready-range,facebook,social,au_cw_oa_facebook_social_revlonaustraliaptyltd_revlon_648_2026_bau_Dynamic,648,dynamic,video-image_influencer,O&O,Revlonaustraliaptyltd,Revlon,2026,dynamic,Revlon 1/2 price off RRP,Shop Revlon’s Photo Ready range now at 1/2 price off RRP with Chemist Warehouse’s Beauty Break,Shop Now,,https://video.ftgz4-1.fna.fbcdn.net/o1/v/t2/f2/m366/AQN7CPg8QLaJFnmcXUPXpojM1CGXklO4BATBeHl3XW51dQEi8OyPru7pwV1ozPi1NwczD16JYeBkDjbG0k0mZBvznlz9i9nJmCd-w_ApfWkPkA.mp4?_nc_cat=109&_nc_oc=AdqeEYVVMqbF2PQywARZYa6aiVi7dhttMO14xYTNmEbwIn58MiR0Lu5InoaX1zCKE9w&_nc_sid=b66105&_nc_ht=video.ftgz4-1.fna.fbcdn.net&_nc_ohc=fXTA0TMu7IEQ7kNvwHqE2hW&efg=eyJ2ZW5jb2RlX3RhZyI6Inhwdl9wcm9ncmVzc2l2ZS5WSV9VU0VDQVNFX1BST0RVQ1RfVFlQRS4uQzMuNzIwLmRhc2hfaDI2NC1iYXNpYy1nZW4yXzcyMHAiLCJ4cHZfYXNzZXRfaWQiOjE3MTM4MzUxOTk3NTc0NzMsImFzc2V0X2FnZV9kYXlzIjo5LCJ2aV91c2VjYXNlX2lkIjoxMDc5OSwiZHVyYXRpb25fcyI6MTUsInVybGdlbl9zb3VyY2UiOiJ3d3cifQ%3D%3D&ccb=17-1&vs=ce5b77d138117863&_nc_vs=HBksFQIYRWZiX2VwaGVtZXJhbC9GNDREMkE2N0Y0OUNFMDZBMkI0MDlFQUQyNkRCNzhCNF9tdF8xX3ZpZGVvX2Rhc2hpbml0Lm1wNBUAAsgBEgAVAhhAZmJfcGVybWFuZW50L0VBNDY0RDIxQzc5NEQzQzM1MjdBQkY0MUQ1QzlGREE1X2F1ZGlvX2Rhc2hpbml0Lm1wNBUCAsgBEgAoABgAGwKIB3VzZV9vaWwBMRJwcm9ncmVzc2l2ZV9yZWNpcGUBMRUAACbC8sekq66LBhUCKAJDMywXQC-FHrhR64UYGWRhc2hfaDI2NC1iYXNpYy1nZW4yXzcyMHARAHUAZd6oAQA&_nc_gid=ZIuhffXKCTcK5NLMhp-JFg&_nc_ss=7f180&_nc_zt=28&oh=00_AQBZYU0Q43hNWb-EBdcVw2ANoFoD_XlFUzeUNH7S-RcpJQ&oe=6A50AB53,"['FACEBOOK', 'INSTAGRAM', 'AUDIENCE_NETWORK', 'MESSENGER', 'THREADS']",au,cw,facebook,social,2026-W27,2026-07,"FACEBOOK, INSTAGRAM, AUDIENCE_NETWORK, MESSENGER, THREADS",True,True,True,True,True,False,Brand/Category Page,True,False,False,2026-07-06,2026-06-26 07:00:00,2026-07-06 16:23:53.030278,10
1714374193227590,1683780909476900,True,2026-06-26 07:00:00,2026-07-05 07:00:00,Chemist Warehouse,Chemist Warehouse,{{product.name}},{{product.brand}},Shop now,DCO,https://www.chemistwarehouse.com.au/shop-online/new-revlon-photoready-range?utm_source=facebook&utm_medium=social&utm_campaign=au_cw_oa_facebook_social_revlonaustraliaptyltd_revlon_648_2026_bau_Dynamic&utm_term=dynamic&utm_content=video-image_influencer,www.chemistwarehouse.com.au,/shop-online/new-revlon-photoready-range,facebook,social,au_cw_oa_facebook_social_revlonaustraliaptyltd_revlon_648_2026_bau_Dynamic,648,dynamic,video-image_influencer,O&O,Revlonaustraliaptyltd,Revlon,2026,dynamic,Revlon 1/2 price off RRP,Shop Revlon’s Photo Ready range now at 1/2 price off RRP with Chemist Warehouse’s Beauty Break,Shop Now,,https://video.ftgz4-1.fna.fbcdn.net/o1/v/t2/f2/m366/AQM6csQLWZ5EQ6JouLqcaumJDUTDoQY3cASHSuh1zZh8moHfyU3YO6pEQowalELA6carVuQg7axai9iMiMwKL2U-S_oL09zgiU_gYWLrOo7iGg.mp4?_nc_cat=103&_nc_oc=Adq93IQBO00vqT3KPKc6FQQOOSvnyg84dtlcw6MAJauCBFE7QN6_LCmcYRQsP5dsz_o&_nc_sid=b66105&_nc_ht=video.ftgz4-1.fna.fbcdn.net&_nc_ohc=TQQRjtmWy4UQ7kNvwHms4rH&efg=eyJ2ZW5jb2RlX3RhZyI6Inhwdl9wcm9ncmVzc2l2ZS5WSV9VU0VDQVNFX1BST0RVQ1RfVFlQRS4uQzMuNzIwLmRhc2hfaDI2NC1iYXNpYy1nZW4yXzcyMHAiLCJ4cHZfYXNzZXRfaWQiOjE1MjgxNDAwMTU3NzQ5MTMsImFzc2V0X2FnZV9kYXlzIjo5LCJ2aV91c2VjYXNlX2lkIjoxMDc5OSwiZHVyYXRpb25fcyI6NDYsInVybGdlbl9zb3VyY2UiOiJ3d3cifQ%3D%3D&ccb=17-1&vs=42782c500e24cbb9&_nc_vs=HBksFQIYRWZiX2VwaGVtZXJhbC85NDQzQUMxMjc2RjcyMjFCNTYwRDk0MzY1OUZBMjRCM19tdF8xX3ZpZGVvX2Rhc2hpbml0Lm1wNBUAAsgBEgAVAhhAZmJfcGVybWFuZW50L0NGNDM4OUE5OTZBREE3QzdFQ0UyMTY2QjhERjMwOUFFX2F1ZGlvX2Rhc2hpbml0Lm1wNBUCAsgBEgAoABgAGwKIB3VzZV9vaWwBMRJwcm9ncmVzc2l2ZV9yZWNpcGUBMRUAACaCs_WsuvW2BRUCKAJDMywXQEdHrhR64UgYGWRhc2hfaDI2NC1iYXNpYy1nZW4yXzcyMHARAHUAZd6oAQA&_nc_gid=ZIuhffXKCTcK5NLMhp-JFg&_nc_ss=7f180&_nc_zt=28&oh=00_AQBkdimSSKDoiFyX-MttQwlbwy6DOQaVVd2j4enpiQo4cg&oe=6A50A105,"['FACEBOOK', 'INSTAGRAM', 'AUDIENCE_NETWORK', 'MESSENGER', 'THREADS']",au,cw,facebook,social,2026-W27,2026-07,"FACEBOOK, INSTAGRAM, AUDIENCE_NETWORK, MESSENGER, THREADS",True,True,True,True,True,False,Brand/Category Page,True,False,False,2026-07-06,2026-06-26 07:00:00,2026-07-06 16:23:53.030278,10
1366316202144193,3421248951381904,True,2026-06-26 07:00:00,2026-07-05 07:00:00,Chemist Warehouse,Chemist Warehouse,{{product.name}},{{product.brand}},Shop now,DCO,https://www.chemistwarehouse.com.au/shop-online/new-revlon-photoready-range?utm_source=facebook&utm_medium=social&utm_campaign=au_cw_oa_facebook_social_revlonaustraliaptyltd_revlon_648_2026_bau_Dynamic&utm_term=dynamic&utm_content=video-image_influencer,www.chemistwarehouse.com.au,/shop-online/new-revlon-photoready-range,facebook,social,au_cw_oa_facebook_social_revlonaustraliaptyltd_revlon_648_2026_bau_Dynamic,648,dynamic,video-image_influencer,O&O,Revlonaustraliaptyltd,Revlon,2026,dynamic,Revlon 1/2 price off RRP,Shop Revlon’s Photo Ready range now at 1/2 price off RRP with Chemist Warehouse’s Beauty Break,Shop Now,,https://video.ftgz4-1.fna.fbcdn.net/o1/v/t2/f2/m366/AQMclCI5W3DZOGmwLU8bxzvDe0GqHa9GDNPbepwrwUIwUzujlxROsgf2qRGyaDM1evvoh_UdMsVcmYqAmDsL7YC6Sy4tfKFLwiPrYLvNLgPhyQ.mp4?_nc_cat=107&_nc_oc=AdqQqiB7t5Xu30vb_VQCeKy-Vr3JFgfe9Y6NtfsrOKIUqcuWGrnv5-yluVQmFj3GFR0&_nc_sid=b66105&_nc_ht=video.ftgz4-1.fna.fbcdn.net&_nc_ohc=2BcMwrP4IsgQ7kNvwFoQHMC&efg=eyJ2ZW5jb2RlX3RhZyI6Inhwdl9wcm9ncmVzc2l2ZS5WSV9VU0VDQVNFX1BST0RVQ1RfVFlQRS4uQzMuNzIwLmRhc2hfaDI2NC1iYXNpYy1nZW4yXzcyMHAiLCJ4cHZfYXNzZXRfaWQiOjEwNDcwMTgyOTQ2NTM1MTgsImFzc2V0X2FnZV9kYXlzIjo5LCJ2aV91c2VjYXNlX2lkIjoxMDc5OSwiZHVyYXRpb25fcyI6NDIsInVybGdlbl9zb3VyY2UiOiJ3d3cifQ%3D%3D&ccb=17-1&vs=f503447325c399ed&_nc_vs=HBksFQIYRWZiX2VwaGVtZXJhbC81NTQxMTI0NTQwOEI5NDU5MjQ4MzA3NUQxRjE1OTg4RF9tdF8xX3ZpZGVvX2Rhc2hpbml0Lm1wNBUAAsgBEgAVAhhAZmJfcGVybWFuZW50LzcyNEYzOThFRTI3NTc3MTE1MTZGNDc1NjAyQjc2NDg4X2F1ZGlvX2Rhc2hpbml0Lm1wNBUCAsgBEgAoABgAGwKIB3VzZV9vaWwBMRJwcm9ncmVzc2l2ZV9yZWNpcGUBMRUAACacybWYvpDcAxUCKAJDMywXQEVCj1wo9cMYGWRhc2hfaDI2NC1iYXNpYy1nZW4yXzcyMHARAHUAZd6oAQA&_nc_gid=ZIuhffXKCTcK5NLMhp-JFg&_nc_ss=7f180&_nc_zt=28&oh=00_AQArHoU6dtpH93106cOrNLHtngxeHdaF_ZE3vn7f39ZM-w&oe=6A50A4B9,"['FACEBOOK', 'INSTAGRAM', 'AUDIENCE_NETWORK', 'MESSENGER', 'THREADS']",au,cw,facebook,social,2026-W27,2026-07,"FACEBOOK, INSTAGRAM, AUDIENCE_NETWORK, MESSENGER, THREADS",True,True,True,True,True,False,Brand/Category Page,True,False,False,2026-07-06,2026-06-26 07:00:00,2026-07-06 16:23:53.030278,10
2812923462396439,5027447420814867,True,2026-06-26 07:00:00,2026-07-05 07:00:00,Chemist Warehouse,Chemist Warehouse,{{product.name}},{{product.brand}},Shop now,DCO,https://www.chemistwarehouse.com.au/shop-online/4078/marc-jacobs?utm_source=facebook&utm_medium=social&utm_campaign=au_cw_oa_facebook_social_cotyluxury_marcjacobs_542_june26_100616-murakami_video&utm_term=traffic&utm_content=video_brand,www.chemistwarehouse.com.au,/shop-online/4078/marc-jacobs,facebook,social,au_cw_oa_facebook_social_cotyluxury_marcjacobs_542_june26_100616-murakami_video,542,traffic,video_brand,O&O,Cotyluxury,Marcjacobs,june26,video,Shop your favourite scent,Daisy Marc Jacobs Murakami collection looking more iconic than ever. ✨Now available at Chemist Warehouse!,Shop Now,,https://video.ftgz4-1.fna.fbcdn.net/o1/v/t2/f2/m366/AQM-mPsDzxjT2b0ey7ckKLDmaYBY3XAq3FI3MpvfsfKx_Fh0W32W3mfRsapyCH8YFTYSAKIDUmHQ7zfBuFsTIirSmz_TEF9-XGlSS9_92LmU0g.mp4?_nc_cat=110&_nc_oc=AdrKMuinsgIR_ns0NToI51F-xaExWlex9zAwulm53aXBofXjbPwcOmTArEh8cmM0p1c&_nc_sid=b66105&_nc_ht=video.ftgz4-1.fna.fbcdn.net&_nc_ohc=yXgnqvFbHeEQ7kNvwFX5_Tp&efg=eyJ2ZW5jb2RlX3RhZyI6Inhwdl9wcm9ncmVzc2l2ZS5WSV9VU0VDQVNFX1BST0RVQ1RfVFlQRS4uQzMuNzIwLmRhc2hfaDI2NC1iYXNpYy1nZW4yXzcyMHAiLCJ4cHZfYXNzZXRfaWQiOjE4MDgzNDM0NjM1NDc3MTksImFzc2V0X2FnZV9kYXlzIjo5LCJ2aV91c2VjYXNlX2lkIjoxMDc5OSwiZHVyYXRpb25fcyI6NDMsInVybGdlbl9zb3VyY2UiOiJ3d3cifQ%3D%3D&ccb=17-1&vs=123621c7b716bd51&_nc_vs=HBksFQIYRWZiX2VwaGVtZXJhbC8wRTQwMzlCMUI3NzY3RTJERDg4OTBDNkZBMjU1RkJCQl9tdF8xX3ZpZGVvX2Rhc2hpbml0Lm1wNBUAAsgBEgAVAhhAZmJfcGVybWFuZW50L0M4NDhBMjg5N0Q5MzZENkE3NzU3NTJDNjE5MDQ0MEJDX2F1ZGlvX2Rhc2hpbml0Lm1wNBUCAsgBEgAoABgAGwKIB3VzZV9vaWwBMRJwcm9ncmVzc2l2ZV9yZWNpcGUBMRUAACaOzbbcuKu2BhUCKAJDMywXQEWmZmZmZmYYGWRhc2hfaDI2NC1iYXNpYy1nZW4yXzcyMHARAHUAZd6oAQA&_nc_gid=ZIuhffXKCTcK5NLMhp-JFg&_nc_ss=7f180&_nc_zt=28&oh=00_AQBTXOjXLVLlKKyXle82M9--IYcl3G96rKWG_7KnrkqzAg&oe=6A5099EA,"['FACEBOOK', 'INSTAGRAM', 'AUDIENCE_NETWORK', 'MESSENGER', 'WHATSAPP', 'THREADS']",au,cw,facebook,social,2026-W27,2026-07,"FACEBOOK, INSTAGRAM, AUDIENCE_NETWORK, MESSENGER, WHATSAPP, THREADS",True,True,True,True,True,True,Brand/Category Page,True,False,False,2026-07-06,2026-06-26 07:00:00,2026-07-06 16:23:53.030278,10
1575485180798048,2259366484810042,True,2026-06-25 07:00:00,2026-07-05 07:00:00,Chemist Warehouse,Chemist Warehouse,Panadol Children has improved flavours,With a smooth formula that is easy to swallow. For pain & fever relief without the fuss. That's One for Panadol.,Shop now,VIDEO,https://www.chemistwarehouse.com.au/shop-online/705661/panadol-childrens?utm_source=facebook&utm_medium=social&utm_campaign=au_cw_oa_facebook_social_haleonaustraliaptyltd_panadol_258_jun26_100628-winter_video&utm_term=traffic&utm_content=video_instore-video,www.chemistwarehouse.com.au,/shop-online/705661/panadol-childrens,facebook,social,au_cw_oa_facebook_social_haleonaustraliaptyltd_panadol_258_jun26_100628-winter_video,258,traffic,video_instore-video,O&O,Haleonaustraliaptyltd,Panadol,jun26,video,,,,,,"['FACEBOOK', 'INSTAGRAM']",au,cw,facebook,social,2026-W27,2026-07,"FACEBOOK, INSTAGRAM",True,True,False,False,False,False,Brand/Category Page,True,False,False,2026-07-06,2026-06-25 07:00:00,2026-07-06 16:23:53.030278,11
1892581741413631,2259366484810042,True,2026-06-25 07:00:00,2026-07-05 07:00:00,Chemist Warehouse,Chemist Warehouse,Get a $10 gift card. T&C apply,With a smooth formula that is easy to swallow. For pain & fever relief without the fuss. That's One for Panadol.,Shop now,VIDEO,https://fb.com/canvas_doc/1705800983956742,fb.com,/canvas_doc/1705800983956742,,,,,,,Not Specified,,,,,,,,,,"['FACEBOOK', 'INSTAGRAM']",,,,,2026-W27,2026-07,"FACEBOOK, INSTAGRAM",True,True,False,False,False,False,Internal/App Page,True,False,False,2026-07-06,2026-06-25 07:00:00,2026-07-06 16:23:53.030278,11
37720619490862143,1563471962099569,True,2026-06-29 07:00:00,2026-07-05 07:00:00,Chemist Warehouse,Chemist Warehouse,{{product.name}},{{product.brand}},Shop now,DCO,https://www.chemistwarehouse.com.au/buy/167984/voltacool-pain-relief-cream-100g?utm_source=facebook&utm_medium=social&utm_campaign=au_cw_oa_facebook_social_haleonaustraliaptyltd_voltaren_99_jun26_100630-heatcold_video-image&utm_term=traffic&utm_content=video-image_influencer-video,www.chemistwarehouse.com.au,/buy/167984/voltacool-pain-relief-cream-100g,facebook,social,au_cw_oa_facebook_social_haleonaustraliaptyltd_voltaren_99_jun26_100630-heatcold_video-image,99,traffic,video-image_influencer-video,O&O,Haleonaustraliaptyltd,Voltaren,jun26,video-image,Available at Chemist Warehouse,"Keep your body running with VoltaCool Pain Relief Cream, available at Chemist Warehouse.",Shop Now,,https://video.ftgz4-1.fna.fbcdn.net/o1/v/t2/f2/m366/AQMPu-Y6HhzBsue8BKlkO-9pUYs2mNVYe3tDjVNWI8Zw0h_4CuBIud_fUPrVmYuQm9ET0BloKPGwQxG5m6ZO7rsarY2ww9RwbMh34HS9qcYJAw.mp4?_nc_cat=110&_nc_oc=Adq5hM_7wvFE1jA5AhDjK1ldsVYR-qeKfsVod07U8RcqzNJo4S0UzNkkuw4WPKWUkO4&_nc_sid=b66105&_nc_ht=video.ftgz4-1.fna.fbcdn.net&_nc_ohc=zvbx7WP0qnkQ7kNvwHIuZWO&efg=eyJ2ZW5jb2RlX3RhZyI6Inhwdl9wcm9ncmVzc2l2ZS5WSV9VU0VDQVNFX1BST0RVQ1RfVFlQRS4uQzMuNDgwLmRhc2hfaDI2NC1iYXNpYy1nZW4yXzcyMHAiLCJ4cHZfYXNzZXRfaWQiOjEzMTc0NTI5MjA1NjMyNjMsImFzc2V0X2FnZV9kYXlzIjo5LCJ2aV91c2VjYXNlX2lkIjoxMDc5OSwiZHVyYXRpb25fcyI6MzEsInVybGdlbl9zb3VyY2UiOiJ3d3cifQ%3D%3D&ccb=17-1&vs=aa5570a3aa5f3062&_nc_vs=HBksFQIYRWZiX2VwaGVtZXJhbC80MjQ1NDBCMDcwREI2QTE5QUY4RUY0REYwNzdGRkJCOF9tdF8xX3ZpZGVvX2Rhc2hpbml0Lm1wNBUAAsgBEgAVAhhAZmJfcGVybWFuZW50L0Q0NDVEN0U0NUYyN0YzRDhGNTMwMkM2RTVEQTIyQTg4X2F1ZGlvX2Rhc2hpbml0Lm1wNBUCAsgBEgAoABgAGwKIB3VzZV9vaWwBMRJwcm9ncmVzc2l2ZV9yZWNpcGUBMRUAACb-mLWV7Y3XBBUCKAJDMywXQD8zMzMzMzMYGWRhc2hfaDI2NC1iYXNpYy1nZW4yXzcyMHARAHUAZd6oAQA&_nc_gid=ZIuhffXKCTcK5NLMhp-JFg&_nc_ss=7f180&_nc_zt=28&oh=00_AQAO_BuBn0R5wZMUVgVQEt0MsVgFhjS61XUJDC8amhdjmg&oe=6A50B3EE,"['FACEBOOK', 'INSTAGRAM', 'THREADS']",au,cw,facebook,social,2026-W27,2026-07,"FACEBOOK, INSTAGRAM, THREADS",True,True,False,False,True,False,SKU Product,True,False,False,2026-07-06,2026-06-29 07:00:00,2026-07-06 16:23:53.030278,7
1500204954543043,2529173440837345,True,2026-06-26 07:00:00,2026-07-05 07:00:00,Chemist Warehouse,Chemist Warehouse,Revlon 1/2 price off RRP,Shop Revlon’s Photo Ready range now at 1/2 price off RRP with Chemist Warehouse’s Beauty Break,Shop now,VIDEO,https://fb.com/canvas_doc/1005548038726957,fb.com,/canvas_doc/1005548038726957,,,,,,,Not Specified,,,,,,,,,,"['FACEBOOK', 'INSTAGRAM', 'AUDIENCE_NETWORK', 'MESSENGER', 'THREADS']",,,,,2026-W27,2026-07,"FACEBOOK, INSTAGRAM, AUDIENCE_NETWORK, MESSENGER, THREADS",True,True,True,True,True,False,Internal/App Page,True,True,False,2026-07-06,2026-06-26 07:00:00,2026-07-06 16:23:53.030278,10
1017435090691468,4489659787972511,True,2026-06-30 07:00:00,2026-07-05 07:00:00,Chemist Warehouse,Chemist Warehouse,{{product.name}},{{product.brand}},Shop now,DCO,https://www.chemistwarehouse.com.au/buy/167985/voltaheat-pain-relief-patch-2-patches?utm_source=facebook&utm_medium=social&utm_campaign=au_cw_oa_facebook_social_haleonaustraliaptyltd_voltaren_99_jun26_100630-heatcold_video-image&utm_term=traffic&utm_content=video-image_static-image,www.chemistwarehouse.com.au,/buy/167985/voltaheat-pain-relief-patch-2-patches,facebook,social,au_cw_oa_facebook_social_haleonaustraliaptyltd_voltaren_99_jun26_100630-heatcold_video-image,99,traffic,video-image_static-image,O&O,Haleonaustraliaptyltd,Voltaren,jun26,video-image,Up to 8 hours pain relief,VoltaHeat Pain Relief Patches relieve muscle aches and soreness with long lasting heat relief to help keep your body running,Shop Now,https://scontent.ftgz4-1.fna.fbcdn.net/v/t39.35426-6/732018737_1331255715299127_6445217075395578385_n.jpg?_nc_cat=102&ccb=1-7&_nc_sid=c53f8f&_nc_ohc=2jb7PyCj-cMQ7kNvwGTg6jq&_nc_oc=AdoY49ex207lgDUmj-m_YkppiDILc97D3K5BSOh9HSsM2GegIoRR3A1HzLH6KRBynug&_nc_zt=14&_nc_ht=scontent.ftgz4-1.fna&_nc_gid=ZIuhffXKCTcK5NLMhp-JFg&_nc_ss=7f180&oh=00_AQBnjXP_dmOCQ161eoCJcZhaWargwUOSAeJ4t8cWo-yw0Q&oe=6A50A73B,,"['FACEBOOK', 'INSTAGRAM', 'THREADS']",au,cw,facebook,social,2026-W27,2026-07,"FACEBOOK, INSTAGRAM, THREADS",True,True,False,False,True,False,SKU Product,True,False,False,2026-07-06,2026-06-30 07:00:00,2026-07-06 16:23:53.030278,6
27333475882961082,704894282398599,True,2026-06-28 07:00:00,2026-07-05 07:00:00,Chemist Warehouse,Chemist Warehouse,{{product.name}},{{product.brand}},Shop now,DCO,https://www.chemistwarehouse.com.au/shop-online/6713/mersynofen?utm_source=facebook&utm_medium=social&utm_campaign=au_cw_oa_facebook_social_sanoficonsumerhealthcare_mersynofen_258_2026_100562-oa_video-image&utm_term=traffic&utm_content=video-image_brand,www.chemistwarehouse.com.au,/shop-online/6713/mersynofen,facebook,social,au_cw_oa_facebook_social_sanoficonsumerhealthcare_mersynofen_258_2026_100562-oa_video-image,258,traffic,video-image_brand,O&O,Sanoficonsumerhealthcare,Mersynofen,2026,video-image,Try Mersynofen,Mersynofen combines the strength of two ingredients for dual-action pain relief,Shop Now,,https://video.ftgz4-1.fna.fbcdn.net/o1/v/t2/f2/m366/AQOlFVBqrPihF7SSTeQxAq06YdZsI9WdABVDGGUDOBuf5DeGQw2XTAt_swJvRLyZb9c2T8vot1AkpXLHSsWczKdTQ3OJCLJeOcG1XWr1cPPhyQ.mp4?_nc_cat=103&_nc_oc=Adr9f13c-9HuvOiTNTLZihMgsJKS8fvRdrm4f6RibQo0VFHgRsNP5qZM4NeSJquIook&_nc_sid=b66105&_nc_ht=video.ftgz4-1.fna.fbcdn.net&_nc_ohc=3nUU4sq9mlkQ7kNvwFd1X-b&efg=eyJ2ZW5jb2RlX3RhZyI6Inhwdl9wcm9ncmVzc2l2ZS5WSV9VU0VDQVNFX1BST0RVQ1RfVFlQRS4uQzMuNzIwLmRhc2hfaDI2NC1iYXNpYy1nZW4yXzcyMHAiLCJ4cHZfYXNzZXRfaWQiOjQ1NzE0MjAyOTMwODQ1OTgsImFzc2V0X2FnZV9kYXlzIjozNzAsInZpX3VzZWNhc2VfaWQiOjEwNzk5LCJkdXJhdGlvbl9zIjoyMSwidXJsZ2VuX3NvdXJjZSI6Ind3dyJ9&ccb=17-1&vs=382540bb68cb8dee&_nc_vs=HBksFQIYRWZiX2VwaGVtZXJhbC83ODRCNjc5NTg1NTUwNDMyRTc4QkMxMDg5ODE5RDM5MV9tdF8xX3ZpZGVvX2Rhc2hpbml0Lm1wNBUAAsgBEgAVAhg6cGFzc3Rocm91Z2hfZXZlcnN0b3JlL0dKMU5xaDVqV1QyQlpac0NBSi1ZUkQxN3d2QmVidjRHQUFBRhUCAsgBEgAoABgAGwKIB3VzZV9vaWwBMRJwcm9ncmVzc2l2ZV9yZWNpcGUBMRUAACbs1oGr1-ueEBUCKAJDMywXQDVmZmZmZmYYGWRhc2hfaDI2NC1iYXNpYy1nZW4yXzcyMHARAHUAZd6oAQA&_nc_gid=oG-HMZkv2-ADvDc5g11axg&_nc_ss=7f180&_nc_zt=28&oh=00_AQAbb-bFys9xNlHyl9gob59xXz_aIWKsKdfbF0it6H-dbA&oe=6A50B549,"['FACEBOOK', 'INSTAGRAM', 'AUDIENCE_NETWORK', 'MESSENGER', 'THREADS']",au,cw,facebook,social,2026-W27,2026-07,"FACEBOOK, INSTAGRAM, AUDIENCE_NETWORK, MESSENGER, THREADS",True,True,True,True,True,False,Brand/Category Page,True,False,False,2026-07-06,2026-06-28 07:00:00,2026-07-06 16:23:53.030278,8
1584474893236852,1367665571931638,True,2026-06-30 07:00:00,2026-07-05 07:00:00,Chemist Warehouse,Chemist Warehouse,{{product.name}},{{product.brand}},Shop now,DCO,https://www.chemistwarehouse.com.au/buy/167984/voltacool-pain-relief-cream-100g?utm_source=facebook&utm_medium=social&utm_campaign=au_cw_oa_facebook_social_haleonaustraliaptyltd_voltaren_99_jun26_100630-heatcold_video-image&utm_term=traffic&utm_content=video-image_static-image,www.chemistwarehouse.com.au,/buy/167984/voltacool-pain-relief-cream-100g,facebook,social,au_cw_oa_facebook_social_haleonaustraliaptyltd_voltaren_99_jun26_100630-heatcold_video-image,99,traffic,video-image_static-image,O&O,Haleonaustraliaptyltd,Voltaren,jun26,video-image,Fast Cooling and Soothing Pain Relief,VoltaCool Pain Relief Cream helps post-exercise recovery and relieves mild joint pain to help keep your body running,Shop Now,https://scontent.ftgz4-1.fna.fbcdn.net/v/t39.35426-6/730491462_1812651013223226_1789107362800783924_n.jpg?_nc_cat=103&ccb=1-7&_nc_sid=c53f8f&_nc_ohc=W9YMrulwA_8Q7kNvwGlCVEd&_nc_oc=AdqBZFL9TQmbU5T9qXZRaxY4JXAPFXYzBhIE9j1dpyooGTqkNJEA5jGtsbgtNCQphA8&_nc_zt=14&_nc_ht=scontent.ftgz4-1.fna&_nc_gid=ZIuhffXKCTcK5NLMhp-JFg&_nc_ss=7f180&oh=00_AQA-e3NjXhhtZiRNR0jsG52Qlgm7dDYd8sbVg6uHs_sGJw&oe=6A50A46E,,"['FACEBOOK', 'INSTAGRAM', 'THREADS']",au,cw,facebook,social,2026-W27,2026-07,"FACEBOOK, INSTAGRAM, THREADS",True,True,False,False,True,False,SKU Product,True,False,False,2026-07-06,2026-06-30 07:00:00,2026-07-06 16:23:53.030278,6
1003432212096293,1352530666860438,True,2026-06-29 07:00:00,2026-07-05 07:00:00,Chemist Warehouse,Chemist Warehouse,{{product.name}},{{product.brand}},Shop now,DCO,https://www.chemistwarehouse.com.au/buy/167983/voltaheat-pain-relief-cream-100g?utm_source=facebook&utm_medium=social&utm_campaign=au_cw_oa_facebook_social_haleonaustraliaptyltd_voltaren_99_jun26_100630-heatcold_video-image&utm_term=traffic&utm_content=video-image_static-image,www.chemistwarehouse.com.au,/buy/167983/voltaheat-pain-relief-cream-100g,facebook,social,au_cw_oa_facebook_social_haleonaustraliaptyltd_voltaren_99_jun26_100630-heatcold_video-image,99,traffic,video-image_static-image,O&O,Haleonaustraliaptyltd,Voltaren,jun26,video-image,Fast Heating and Soothing Pain Relief,VoltaHeat Pain Relief Cream helps post-exercise recovery and relieves muscle soreness to help keep your body running,Shop Now,https://scontent.ftgz4-1.fna.fbcdn.net/v/t39.35426-6/731366374_27509870968632131_9127889423189124801_n.jpg?_nc_cat=104&ccb=1-7&_nc_sid=c53f8f&_nc_ohc=V4hWbCsT-y8Q7kNvwEMofev&_nc_oc=AdpL6-PPysWCb5pGOHZa50AVQqSOtvCOOau5G9vUNxIlTQiGuwQKJ0xfkw90LHae5LI&_nc_zt=14&_nc_ht=scontent.ftgz4-1.fna&_nc_gid=ZIuhffXKCTcK5NLMhp-JFg&_nc_ss=7f180&oh=00_AQAHCNRQZ3GPWkbhj2Lr34NISuQBiwb5c-MmZsB4Dvuabg&oe=6A50A06E,,"['FACEBOOK', 'INSTAGRAM', 'THREADS']",au,cw,facebook,social,2026-W27,2026-07,"FACEBOOK, INSTAGRAM, THREADS",True,True,False,False,True,False,SKU Product,True,False,False,2026-07-06,2026-06-29 07:00:00,2026-07-06 16:23:53.030278,7
994353906569460,903493828668780,True,2026-06-28 07:00:00,2026-07-05 07:00:00,Chemist Warehouse,Chemist Warehouse,Available at Chemist Warehouse,"Keep your body running with VoltaCool Pain Relief Cream, available at Chemist Warehouse.",Shop now,VIDEO,https://www.chemistwarehouse.com.au/shop-online/1051/voltaren?category=Hot%20%26%20Cold%20Packs&utm_source=facebook&utm_medium=social&utm_campaign=au_cw_oa_facebook_social_haleonaustraliaptyltd_voltaren_99_jun26_100630-heatcold_video&utm_term=reach&utm_content=video_rohan-video,www.chemistwarehouse.com.au,/shop-online/1051/voltaren,facebook,social,au_cw_oa_facebook_social_haleonaustraliaptyltd_voltaren_99_jun26_100630-heatcold_video,99,reach,video_rohan-video,O&O,Haleonaustraliaptyltd,Voltaren,jun26,video,,,,,,"['FACEBOOK', 'INSTAGRAM', 'MESSENGER', 'THREADS']",au,cw,facebook,social,2026-W27,2026-07,"FACEBOOK, INSTAGRAM, MESSENGER, THREADS",True,True,False,True,True,False,Brand/Category Page,True,True,False,2026-07-06,2026-06-28 07:00:00,2026-07-06 16:23:53.030278,8
970893989102254,,True,2026-06-28 07:00:00,2026-07-05 07:00:00,Chemist Warehouse,Chemist Warehouse,Up to 8 hours pain relief,VoltaHeat Pain Relief Patches relieve muscle aches and soreness with long lasting heat relief to help keep your body running,Shop now,IMAGE,https://fb.com/canvas_doc/1034567522595434,fb.com,/canvas_doc/1034567522595434,,,,,,,Not Specified,,,,,,,,,,"['FACEBOOK', 'INSTAGRAM', 'THREADS']",,,,,2026-W27,2026-07,"FACEBOOK, INSTAGRAM, THREADS",True,True,False,False,True,False,Internal/App Page,True,False,False,2026-07-06,2026-06-28 07:00:00,2026-07-06 16:23:53.030278,8
1493463269221920,,True,2026-06-30 07:00:00,2026-07-05 07:00:00,Chemist Warehouse,Chemist Warehouse,Fast Cooling and Soothing Pain Relief,VoltaHeat Pain Relief Cream helps post-exercise recovery and relieves muscle soreness to help keep your body running,Shop now,IMAGE,https://fb.com/canvas_doc/1249052170496837,fb.com,/canvas_doc/1249052170496837,,,,,,,Not Specified,,,,,,,,,,"['FACEBOOK', 'INSTAGRAM', 'THREADS']",,,,,2026-W27,2026-07,"FACEBOOK, INSTAGRAM, THREADS",True,True,False,False,True,False,Internal/App Page,True,False,False,2026-07-06,2026-06-30 07:00:00,2026-07-06 16:23:53.030278,6
1483784339696262,1407661354420227,True,2026-06-28 07:00:00,2026-07-05 07:00:00,Chemist Warehouse,Chemist Warehouse,Available at Chemist Warehouse,Recovery is in the small resets before the niggles turn into something bigger. VoltaHeat Pain Relief Cream available now at Chemist Warehouse.,Shop now,VIDEO,https://fb.com/canvas_doc/1008855498446322,fb.com,/canvas_doc/1008855498446322,,,,,,,Not Specified,,,,,,,,,,"['FACEBOOK', 'INSTAGRAM', 'THREADS']",,,,,2026-W27,2026-07,"FACEBOOK, INSTAGRAM, THREADS",True,True,False,False,True,False,Internal/App Page,True,True,False,2026-07-06,2026-06-28 07:00:00,2026-07-06 16:23:53.030278,8
894826530341046,,True,2026-06-29 07:00:00,2026-07-05 07:00:00,Chemist Warehouse,Chemist Warehouse,Available at Chemist Warehouse,"Keep your body running with VoltaCool Pain Relief Cream, available at Chemist Warehouse.",Shop now,DPA,https://fb.com/canvas_doc/1270921424920797,fb.com,/canvas_doc/1270921424920797,,,,,,,Not Specified,,,,,Available at Chemist Warehouse,"Keep your body running with VoltaCool Pain Relief Cream, available at Chemist Warehouse.",Shop Now,https://scontent.ftgz4-1.fna.fbcdn.net/v/t39.35426-6/733040437_887678640409410_4155368209664868218_n.jpg?_nc_cat=104&ccb=1-7&_nc_sid=c53f8f&_nc_ohc=c4ZkC-8xmVQQ7kNvwG1gD-E&_nc_oc=AdrZHgLkQcWzS28bLf36aiIj3_UrV62Pxv62C8B41qi3mnNUMGZ75M_CdzGhgqrJx2E&_nc_zt=14&_nc_ht=scontent.ftgz4-1.fna&_nc_gid=ZIuhffXKCTcK5NLMhp-JFg&_nc_ss=7f180&oh=00_AQBID7tLf-D8rB7rHWLj_djHKj6ty9hgXsXTyEAcK9O60w&oe=6A50BED3,,"['FACEBOOK', 'INSTAGRAM', 'THREADS']",,,,,2026-W27,2026-07,"FACEBOOK, INSTAGRAM, THREADS",True,True,False,False,True,False,Internal/App Page,True,True,False,2026-07-06,2026-06-29 07:00:00,2026-07-06 16:23:53.030278,7
2147591882765090,,True,2026-06-28 07:00:00,2026-07-05 07:00:00,Chemist Warehouse,Chemist Warehouse,Fast Heating and Soothing Pain Relief,VoltaHeat Pain Relief Cream helps post-exercise recovery and relieves muscle soreness to help keep your body running,Shop now,IMAGE,https://fb.com/canvas_doc/2263981294428658,fb.com,/canvas_doc/2263981294428658,,,,,,,Not Specified,,,,,,,,,,"['FACEBOOK', 'INSTAGRAM', 'THREADS']",,,,,2026-W27,2026-07,"FACEBOOK, INSTAGRAM, THREADS",True,True,False,False,True,False,Internal/App Page,True,False,False,2026-07-06,2026-06-28 07:00:00,2026-07-06 16:23:53.030278,8
1693240091994605,2070738706810849,True,2026-06-25 07:00:00,2026-07-05 07:00:00,Chemist Warehouse,Chemist Warehouse,My Organics at Chemist Warehouse,"Giving your hair the resurrection it deserves 🤍 My Organic's Resurrection Supreme Shampoo & Miracle Mask are formulated to help leave hair feeling shiny, nourished and healthy. Discover the range at Chemist Warehouse",Learn more,VIDEO,https://www.chemistwarehouse.com.au/shop-online/1597/my-organics?utm_source=facebook&utm_medium=social&utm_campaign=au_cw_oa_facebook_social_myorganics_myorganics_129_mar26_100308-social_video&utm_term=traffic&utm_content=video_june-video,www.chemistwarehouse.com.au,/shop-online/1597/my-organics,facebook,social,au_cw_oa_facebook_social_myorganics_myorganics_129_mar26_100308-social_video,129,traffic,video_june-video,O&O,Myorganics,Myorganics,mar26,video,,,,,,"['FACEBOOK', 'INSTAGRAM', 'THREADS']",au,cw,facebook,social,2026-W27,2026-07,"FACEBOOK, INSTAGRAM, THREADS",True,True,False,False,True,False,Brand/Category Page,True,True,True,2026-07-06,2026-06-25 07:00:00,2026-07-06 16:23:53.030278,11
1030067062851057,,True,2026-06-25 07:00:00,2026-07-05 07:00:00,Chemist Warehouse,Chemist Warehouse,{{product.name}},{{product.brand}},Shop now,DCO,https://www.chemistwarehouse.com.au/shop-online/587/swisse?utm_source=facebook&utm_medium=social&utm_campaign=au_cw_coop_facebook_social_swissewellness_swissewellness_81_2026_100126-bau_image-video-traffic&utm_term=traffic&utm_content=image-video-traffic_image-sales-2,www.chemistwarehouse.com.au,/shop-online/587/swisse,facebook,social,au_cw_coop_facebook_social_swissewellness_swissewellness_81_2026_100126-bau_image-video-traffic,81,traffic,image-video-traffic_image-sales-2,Coop,Swissewellness,Swissewellness,2026,image-video-traffic,Shop Swisse On Sale!,"Don't miss Swisse ON SALE! Save 1/2 price off RRP across the range! Hurry, sale ends soon",Shop Now,https://scontent.ftgz4-1.fna.fbcdn.net/v/t39.35426-6/730760565_4719198788307391_1192737298406391186_n.jpg?_nc_cat=101&ccb=1-7&_nc_sid=c53f8f&_nc_ohc=2D_hjg8SP58Q7kNvwEEK8D_&_nc_oc=AdplGabvjU_ZZP3BEHE2Fp379ZbxIjjjjX3mqzNrUUuNVrR5GDappTBSA2_EOgm3FTs&_nc_zt=14&_nc_ht=scontent.ftgz4-1.fna&_nc_gid=ZIuhffXKCTcK5NLMhp-JFg&_nc_ss=7f180&oh=00_AQDpLl5qBTXA42I_kQUcyTkmYvHGc5U5noTrxGNV-6Pyyw&oe=6A509BC9,,"['FACEBOOK', 'INSTAGRAM', 'MESSENGER']",au,cw,facebook,social,2026-W27,2026-07,"FACEBOOK, INSTAGRAM, MESSENGER",True,True,False,True,False,False,Brand/Category Page,True,False,False,2026-07-06,2026-06-25 07:00:00,2026-07-06 16:23:53.030278,11
1034784505740119,,True,2026-06-25 07:00:00,2026-07-05 07:00:00,Chemist Warehouse,Chemist Warehouse,Shop Swisse On Sale!,"Don't miss Swisse ON SALE! Save 1/2 price off RRP across the range! Hurry, sale ends soon",Shop now,IMAGE,https://fb.com/canvas_doc/1608820823968521,fb.com,/canvas_doc/1608820823968521,,,,,,,Not Specified,,,,,,,,,,"['FACEBOOK', 'INSTAGRAM', 'AUDIENCE_NETWORK', 'MESSENGER', 'THREADS']",,,,,2026-W27,2026-07,"FACEBOOK, INSTAGRAM, AUDIENCE_NETWORK, MESSENGER, THREADS",True,True,True,True,True,False,Internal/App Page,True,False,False,2026-07-06,2026-06-25 07:00:00,2026-07-06 16:23:53.030278,11
1032181012824809,,True,2026-06-25 07:00:00,2026-07-05 07:00:00,Chemist Warehouse,Chemist Warehouse,{{product.name}},{{product.brand}},Shop now,DCO,https://www.chemistwarehouse.com.au/shop-online/587/swisse?utm_source=facebook&utm_medium=social&utm_campaign=au_cw_coop_facebook_social_swissewellness_swissewellness_81_2026_100126-bau_image-video-traffic&utm_term=traffic&utm_content=image-video-traffic_image-sales-1,www.chemistwarehouse.com.au,/shop-online/587/swisse,facebook,social,au_cw_coop_facebook_social_swissewellness_swissewellness_81_2026_100126-bau_image-video-traffic,81,traffic,image-video-traffic_image-sales-1,Coop,Swissewellness,Swissewellness,2026,image-video-traffic,Shop Swisse On Sale!,"Don't miss Swisse ON SALE! Save 1/2 price off RRP across the range! Hurry, sale ends soon",Shop Now,https://scontent.ftgz4-1.fna.fbcdn.net/v/t39.35426-6/728420183_1236026575171804_8840957375226473321_n.jpg?_nc_cat=102&ccb=1-7&_nc_sid=c53f8f&_nc_ohc=65mbEpBkiPoQ7kNvwEnRASE&_nc_oc=AdrYGg_-EsxvS4vNnll33qMK19GyP_nqG8XAUKidr9pJHHjsLxZ7PpOi1oM79aindjQ&_nc_zt=14&_nc_ht=scontent.ftgz4-1.fna&_nc_gid=ZIuhffXKCTcK5NLMhp-JFg&_nc_ss=7f180&oh=00_AQAqHBjk5gjLewL2VLdkjftbr4QlkDO0pyYwyYX-y0y3Gg&oe=6A50B914,,"['FACEBOOK', 'INSTAGRAM', 'MESSENGER']",au,cw,facebook,social,2026-W27,2026-07,"FACEBOOK, INSTAGRAM, MESSENGER",True,True,False,True,False,False,Brand/Category Page,True,False,False,2026-07-06,2026-06-25 07:00:00,2026-07-06 16:23:53.030278,11
2253703071701311,,True,2026-06-25 07:00:00,2026-07-05 07:00:00,Chemist Warehouse,Chemist Warehouse,{{product.name}},{{product.brand}},Learn more,DCO,https://www.chemistwarehouse.com.au/shop-online/587/swisse?utm_source=facebook&utm_medium=social&utm_campaign=au_cw_coop_facebook_social_swissewellness_swissewellness_81_2026_100126-bau_image-video-traffic&utm_term=traffic&utm_content=image-video-traffic_instore-video-elise,www.chemistwarehouse.com.au,/shop-online/587/swisse,facebook,social,au_cw_coop_facebook_social_swissewellness_swissewellness_81_2026_100126-bau_image-video-traffic,81,traffic,image-video-traffic_instore-video-elise,Coop,Swissewellness,Swissewellness,2026,image-video-traffic,Shop Swisse On Sale!,"Don't miss Swisse ON SALE! Save 1/2 price off RRP across the range! Hurry, sale ends soon",Learn More,,https://video.ftgz4-1.fna.fbcdn.net/o1/v/t2/f2/m366/AQNEXI5IUrW8DUeCoZung5VCeS5pYAUyryQgS9OlnSUe2rUjxszHyRhOoYxj3qLdD_Pz6fl3D7wcPK7m_Fm7jL6zc6BEIkqNeA2nAcUK7MZZYA.mp4?_nc_cat=110&_nc_oc=AdpdmjdJVqVzrdLViXVH98-vjWnAO-aq1Uuh72AfDjNYR6uRdyfjrY0GpV4c0LAvSvM&_nc_sid=b66105&_nc_ht=video.ftgz4-1.fna.fbcdn.net&_nc_ohc=7G1RGvgvtU4Q7kNvwEfBPyi&efg=eyJ2ZW5jb2RlX3RhZyI6Inhwdl9wcm9ncmVzc2l2ZS5WSV9VU0VDQVNFX1BST0RVQ1RfVFlQRS4uQzMuNzIwLmRhc2hfaDI2NC1iYXNpYy1nZW4yXzcyMHAiLCJ4cHZfYXNzZXRfaWQiOjM2MjA5NDQ1OTQ4NjYzNjEsImFzc2V0X2FnZV9kYXlzIjozMDUsInZpX3VzZWNhc2VfaWQiOjEwNzk5LCJkdXJhdGlvbl9zIjozNiwidXJsZ2VuX3NvdXJjZSI6Ind3dyJ9&ccb=17-1&vs=15ca8fa1f9d1027e&_nc_vs=HBksFQIYRWZiX2VwaGVtZXJhbC8zOTQwMDA5M0I2NTg0MjA0RkEwQzMxMzI1ODE2Nzc5N19tdF8xX3ZpZGVvX2Rhc2hpbml0Lm1wNBUAAsgBEgAVAhhAZmJfcGVybWFuZW50LzlDNDZCNUY3QTIwMUM3NDBGNkMyQUQyMDlFQTcwMTlCX2F1ZGlvX2Rhc2hpbml0Lm1wNBUCAsgBEgAoABgAGwKIB3VzZV9vaWwBMRJwcm9ncmVzc2l2ZV9yZWNpcGUBMRUAACbywqDF287uDBUCKAJDMywXQEJVP3ztkWgYGWRhc2hfaDI2NC1iYXNpYy1nZW4yXzcyMHARAHUAZd6oAQA&_nc_gid=ZIuhffXKCTcK5NLMhp-JFg&_nc_ss=7f180&_nc_zt=28&oh=00_AQDfhODkTE-O4VYPCWZxdHv-EYHoY--jj7cwMFglPOhOGA&oe=6A50A1EA,"['FACEBOOK', 'INSTAGRAM', 'MESSENGER']",au,cw,facebook,social,2026-W27,2026-07,"FACEBOOK, INSTAGRAM, MESSENGER",True,True,False,True,False,False,Brand/Category Page,True,False,False,2026-07-06,2026-06-25 07:00:00,2026-07-06 16:23:53.030278,11
1972573783387741,,True,2026-06-25 07:00:00,2026-07-05 07:00:00,Chemist Warehouse,Chemist Warehouse,Shop Swisse On Sale!,"Don't miss Swisse ON SALE! Save 1/2 price off RRP across the range! Hurry, sale ends soon",Shop now,VIDEO,https://fb.com/canvas_doc/1914566229256741,fb.com,/canvas_doc/1914566229256741,,,,,,,Not Specified,,,,,,,,,,"['FACEBOOK', 'INSTAGRAM', 'AUDIENCE_NETWORK', 'MESSENGER', 'THREADS']",,,,,2026-W27,2026-07,"FACEBOOK, INSTAGRAM, AUDIENCE_NETWORK, MESSENGER, THREADS",True,True,True,True,True,False,Internal/App Page,True,False,False,2026-07-06,2026-06-25 07:00:00,2026-07-06 16:23:53.030278,11
997690696486824,1432038195341732,True,2026-06-25 07:00:00,2026-07-05 07:00:00,Chemist Warehouse,Chemist Warehouse,Shop Swisse On Sale!,"Don't miss Swisse ON SALE! Save 1/2 price off RRP across the range! Hurry, sale ends soon",Shop now,VIDEO,https://fb.com/canvas_doc/24106550789042225,fb.com,/canvas_doc/24106550789042225,,,,,,,Not Specified,,,,,,,,,,"['FACEBOOK', 'INSTAGRAM', 'AUDIENCE_NETWORK', 'MESSENGER', 'THREADS']",,,,,2026-W27,2026-07,"FACEBOOK, INSTAGRAM, AUDIENCE_NETWORK, MESSENGER, THREADS",True,True,True,True,True,False,Internal/App Page,True,False,False,2026-07-06,2026-06-25 07:00:00,2026-07-06 16:23:53.030278,11
3649833065156912,,True,2026-06-25 07:00:00,2026-07-05 07:00:00,Chemist Warehouse,Chemist Warehouse,Shop Swisse On Sale!,"Don't miss Swisse ON SALE! Save 1/2 price off RRP across the range! Hurry, sale ends soon",Shop now,IMAGE,https://fb.com/canvas_doc/2651091341942860,fb.com,/canvas_doc/2651091341942860,,,,,,,Not Specified,,,,,,,,,,"['FACEBOOK', 'INSTAGRAM', 'AUDIENCE_NETWORK', 'MESSENGER', 'THREADS']",,,,,2026-W27,2026-07,"FACEBOOK, INSTAGRAM, AUDIENCE_NETWORK, MESSENGER, THREADS",True,True,True,True,True,False,Internal/App Page,True,False,False,2026-07-06,2026-06-25 07:00:00,2026-07-06 16:23:53.030278,11
1039161715453915,,True,2026-06-25 07:00:00,2026-07-05 07:00:00,Chemist Warehouse,Chemist Warehouse,Shop Swisse On Sale!,"Don't miss Swisse ON SALE! Save 1/2 price off RRP across the range! Hurry, sale ends soon",Shop now,VIDEO,https://fb.com/canvas_doc/4546939112259601,fb.com,/canvas_doc/4546939112259601,,,,,,,Not Specified,,,,,,,,,,"['FACEBOOK', 'INSTAGRAM', 'AUDIENCE_NETWORK', 'MESSENGER', 'THREADS']",,,,,2026-W27,2026-07,"FACEBOOK, INSTAGRAM, AUDIENCE_NETWORK, MESSENGER, THREADS",True,True,True,True,True,False,Internal/App Page,True,False,False,2026-07-06,2026-06-25 07:00:00,2026-07-06 16:23:53.030278,11
1023654943502091,,True,2026-06-25 07:00:00,2026-07-05 07:00:00,Chemist Warehouse,Chemist Warehouse,Shop Swisse On Sale!,"Don't miss Swisse ON SALE! Save 1/2 price off RRP across the range! Hurry, sale ends soon",Shop now,IMAGE,https://fb.com/canvas_doc/1393220728619317,fb.com,/canvas_doc/1393220728619317,,,,,,,Not Specified,,,,,,,,,,"['FACEBOOK', 'INSTAGRAM', 'AUDIENCE_NETWORK', 'MESSENGER', 'THREADS']",,,,,2026-W27,2026-07,"FACEBOOK, INSTAGRAM, AUDIENCE_NETWORK, MESSENGER, THREADS",True,True,True,True,True,False,Internal/App Page,True,False,False,2026-07-06,2026-06-25 07:00:00,2026-07-06 16:23:53.030278,11
1058037493213064,,True,2026-06-25 07:00:00,2026-07-05 07:00:00,Chemist Warehouse,Chemist Warehouse,Shop Swisse On Sale!,"Don't miss Swisse ON SALE! Save 1/2 price off RRP across the range! Hurry, sale ends soon",Shop now,VIDEO,https://fb.com/canvas_doc/1030786772675998,fb.com,/canvas_doc/1030786772675998,,,,,,,Not Specified,,,,,,,,,,"['FACEBOOK', 'INSTAGRAM', 'AUDIENCE_NETWORK', 'MESSENGER', 'THREADS']",,,,,2026-W27,2026-07,"FACEBOOK, INSTAGRAM, AUDIENCE_NETWORK, MESSENGER, THREADS",True,True,True,True,True,False,Internal/App Page,True,False,False,2026-07-06,2026-06-25 07:00:00,2026-07-06 16:23:53.030278,11
1704374540794663,,True,2026-06-25 07:00:00,2026-07-05 07:00:00,Chemist Warehouse,Chemist Warehouse,Shop Swisse On Sale!,"Don't miss Swisse ON SALE! Save 1/2 price off RRP across the range! Hurry, sale ends soon",Shop now,VIDEO,https://fb.com/canvas_doc/916577677893178,fb.com,/canvas_doc/916577677893178,,,,,,,Not Specified,,,,,,,,,,"['FACEBOOK', 'INSTAGRAM', 'AUDIENCE_NETWORK', 'MESSENGER', 'THREADS']",,,,,2026-W27,2026-07,"FACEBOOK, INSTAGRAM, AUDIENCE_NETWORK, MESSENGER, THREADS",True,True,True,True,True,False,Internal/App Page,True,False,False,2026-07-06,2026-06-25 07:00:00,2026-07-06 16:23:53.030278,11
2736418486752858,,True,2026-06-25 07:00:00,2026-07-05 07:00:00,Chemist Warehouse,Chemist Warehouse,Shop Swisse On Sale!,"Don't miss Swisse ON SALE! Save 1/2 price off RRP across the range! Hurry, sale ends soon",See details,IMAGE,https://fb.com/canvas_doc/4225144137746062,fb.com,/canvas_doc/4225144137746062,,,,,,,Not Specified,,,,,,,,,,"['FACEBOOK', 'INSTAGRAM', 'AUDIENCE_NETWORK', 'MESSENGER', 'THREADS']",,,,,2026-W27,2026-07,"FACEBOOK, INSTAGRAM, AUDIENCE_NETWORK, MESSENGER, THREADS",True,True,True,True,True,False,Internal/App Page,True,False,False,2026-07-06,2026-06-25 07:00:00,2026-07-06 16:23:53.030278,11
1547793156749600,,True,2026-06-25 07:00:00,2026-07-05 07:00:00,Chemist Warehouse,Chemist Warehouse,Shop Swisse On Sale!,"Don't miss Swisse ON SALE! Save 1/2 price off RRP across the range! Hurry, sale ends soon",Shop now,VIDEO,https://fb.com/canvas_doc/1636647661022272,fb.com,/canvas_doc/1636647661022272,,,,,,,Not Specified,,,,,,,,,,"['FACEBOOK', 'INSTAGRAM', 'AUDIENCE_NETWORK', 'MESSENGER', 'THREADS']",,,,,2026-W27,2026-07,"FACEBOOK, INSTAGRAM, AUDIENCE_NETWORK, MESSENGER, THREADS",True,True,True,True,True,False,Internal/App Page,True,False,False,2026-07-06,2026-06-25 07:00:00,2026-07-06 16:23:53.030278,11
26551080241232915,,True,2026-06-25 07:00:00,2026-07-05 07:00:00,Chemist Warehouse,Chemist Warehouse,{{product.name}},{{product.brand}},Learn more,DCO,https://www.chemistwarehouse.com.au/shop-online/587/swisse?utm_source=facebook&utm_medium=social&utm_campaign=au_cw_coop_facebook_social_swissewellness_swissewellness_81_2026_100126-bau_image-video-traffic&utm_term=traffic&utm_content=image-video-traffic_instore-video-jess,www.chemistwarehouse.com.au,/shop-online/587/swisse,facebook,social,au_cw_coop_facebook_social_swissewellness_swissewellness_81_2026_100126-bau_image-video-traffic,81,traffic,image-video-traffic_instore-video-jess,Coop,Swissewellness,Swissewellness,2026,image-video-traffic,Shop Swisse On Sale!,"Don't miss Swisse ON SALE! Save 1/2 price off RRP across the range! Hurry, sale ends soon",Learn More,,https://video.ftgz4-1.fna.fbcdn.net/o1/v/t2/f2/m366/AQPSnQX_3rirap2G9Z4HwJbIHksrL8u9dMTs-pikW4O8Rg_Gjo6OK9OIsrFdRtFcIEtmnhB6w5m53c3VleEnneSdALOPF877mYZlcIlhjxCXvg.mp4?_nc_cat=101&_nc_oc=Adr0iBXyn30Qv-FpTJV6nINOsbredpZs8O6JFdDXWnff7G6J_A4TX3yONctNejrgeE4&_nc_sid=b66105&_nc_ht=video.ftgz4-1.fna.fbcdn.net&_nc_ohc=yJmR2x9rvV8Q7kNvwHIsmXL&efg=eyJ2ZW5jb2RlX3RhZyI6Inhwdl9wcm9ncmVzc2l2ZS5WSV9VU0VDQVNFX1BST0RVQ1RfVFlQRS4uQzMuNzIwLmRhc2hfaDI2NC1iYXNpYy1nZW4yXzcyMHAiLCJ4cHZfYXNzZXRfaWQiOjE4MzA3MzI4ODQ1MTkxMTksImFzc2V0X2FnZV9kYXlzIjozMDUsInZpX3VzZWNhc2VfaWQiOjEwNzk5LCJkdXJhdGlvbl9zIjozNiwidXJsZ2VuX3NvdXJjZSI6Ind3dyJ9&ccb=17-1&vs=8c4ac696a5e274da&_nc_vs=HBksFQIYRWZiX2VwaGVtZXJhbC8xMzRFRDA0NEYyOTREMkVDQjc5NTBFMTg4QkY1NTJBRF9tdF8xX3ZpZGVvX2Rhc2hpbml0Lm1wNBUAAsgBEgAVAhhAZmJfcGVybWFuZW50LzZDNEE3Mjg2MkM2MDY2N0Q0NkJGMjVGNDM3MzcyRTlDX2F1ZGlvX2Rhc2hpbml0Lm1wNBUCAsgBEgAoABgAGwKIB3VzZV9vaWwBMRJwcm9ncmVzc2l2ZV9yZWNpcGUBMRUAACaeo5X01sLABhUCKAJDMywXQEJCj1wo9cMYGWRhc2hfaDI2NC1iYXNpYy1nZW4yXzcyMHARAHUAZd6oAQA&_nc_gid=ZMbqm13qFv0ashOv1BnBYw&_nc_ss=7f180&_nc_zt=28&oh=00_AQAkTFwE3-hBkcKF92VX6pIfAdrt8wAiiOaZv37hh4L5Ww&oe=6A508EDF,"['FACEBOOK', 'INSTAGRAM', 'MESSENGER']",au,cw,facebook,social,2026-W27,2026-07,"FACEBOOK, INSTAGRAM, MESSENGER",True,True,False,True,False,False,Brand/Category Page,True,False,False,2026-07-06,2026-06-25 07:00:00,2026-07-06 16:23:53.030278,11
1558005849293558,1334906645117494,True,2026-06-25 07:00:00,2026-07-05 07:00:00,Chemist Warehouse,Chemist Warehouse,Shop Swisse On Sale!,"Don't miss Swisse ON SALE! Save 1/2 price off RRP across the range! Hurry, sale ends soon",Shop now,VIDEO,https://fb.com/canvas_doc/1613176916565311,fb.com,/canvas_doc/1613176916565311,,,,,,,Not Specified,,,,,,,,,,"['FACEBOOK', 'INSTAGRAM', 'AUDIENCE_NETWORK', 'MESSENGER', 'THREADS']",,,,,2026-W27,2026-07,"FACEBOOK, INSTAGRAM, AUDIENCE_NETWORK, MESSENGER, THREADS",True,True,True,True,True,False,Internal/App Page,True,False,False,2026-07-06,2026-06-25 07:00:00,2026-07-06 16:23:53.030278,11
1934118640877589,908642465385154,True,2026-06-25 07:00:00,2026-07-05 07:00:00,Chemist Warehouse,Chemist Warehouse,{{product.name}},{{product.brand}},Shop now,DCO,https://www.chemistwarehouse.com.au/shop-online/587/swisse?utm_source=facebook&utm_medium=social&utm_campaign=au_cw_coop_facebook_social_swissewellness_swissewellness_81_2026_100126-bau_image-video-traffic&utm_term=traffic&utm_content=image-video-traffic_video-sale,www.chemistwarehouse.com.au,/shop-online/587/swisse,facebook,social,au_cw_coop_facebook_social_swissewellness_swissewellness_81_2026_100126-bau_image-video-traffic,81,traffic,image-video-traffic_video-sale,Coop,Swissewellness,Swissewellness,2026,image-video-traffic,Shop Swisse On Sale!,"Don't miss Swisse ON SALE! Save 1/2 price off RRP across the range! Hurry, sale ends soon",Shop Now,,https://video.ftgz4-1.fna.fbcdn.net/o1/v/t2/f2/m366/AQNS47Fo-QCSi-6vh6qqfpbcahhmlRQt8WMWdiCNIcVrwKd4RUxCBppFqBv06yF6-bRmA8Unmyqt4Pu5fc5zeh2pjlFrGR5mLJJS6ZLhNWeU1w.mp4?_nc_cat=105&_nc_oc=Adr4xK_R225JRxO2YTF-ghHc2f0MwfOSbYcI5tQpyg-ajWC90Ci_9vpuZpcPndy-H9k&_nc_sid=b66105&_nc_ht=video.ftgz4-1.fna.fbcdn.net&_nc_ohc=YhmcILKb9uAQ7kNvwFmlwj0&efg=eyJ2ZW5jb2RlX3RhZyI6Inhwdl9wcm9ncmVzc2l2ZS5WSV9VU0VDQVNFX1BST0RVQ1RfVFlQRS4uQzMuNzIwLmRhc2hfaDI2NC1iYXNpYy1nZW4yXzcyMHAiLCJ4cHZfYXNzZXRfaWQiOjk0MDExODQ0ODkyNTQxNSwiYXNzZXRfYWdlX2RheXMiOjExMSwidmlfdXNlY2FzZV9pZCI6MTA3OTksImR1cmF0aW9uX3MiOjE3LCJ1cmxnZW5fc291cmNlIjoid3d3In0%3D&ccb=17-1&vs=c7464ea8b0eb51c1&_nc_vs=HBksFQIYRWZiX2VwaGVtZXJhbC85OTRDNEU1ODNDOERENkFGODlERUQxNTU4OTRGNjE4Ql9tdF8xX3ZpZGVvX2Rhc2hpbml0Lm1wNBUAAsgBEgAVAhhAZmJfcGVybWFuZW50L0E5NDZFN0U3MDBCMTc1QjQ5OUFEQzQ5MzMwQjhCQUI2X2F1ZGlvX2Rhc2hpbml0Lm1wNBUCAsgBEgAoABgAGwKIB3VzZV9vaWwBMRJwcm9ncmVzc2l2ZV9yZWNpcGUBMRUAACbOq4-jjMKrAxUCKAJDMywXQDEAAAAAAAAYGWRhc2hfaDI2NC1iYXNpYy1nZW4yXzcyMHARAHUAZd6oAQA&_nc_gid=ZMbqm13qFv0ashOv1BnBYw&_nc_ss=7f180&_nc_zt=28&oh=00_AQCypEQWgvIKlPNlYt1m3YI6UW9auoTJPntVeY5Pd9WQPg&oe=6A509FF7,"['FACEBOOK', 'INSTAGRAM', 'MESSENGER']",au,cw,facebook,social,2026-W27,2026-07,"FACEBOOK, INSTAGRAM, MESSENGER",True,True,False,True,False,False,Brand/Category Page,True,False,False,2026-07-06,2026-06-25 07:00:00,2026-07-06 16:23:53.030278,11
1358892049471533,,True,2026-06-25 07:00:00,2026-07-05 07:00:00,Chemist Warehouse,Chemist Warehouse,{{product.name}},{{product.brand}},Shop now,DCO,https://www.chemistwarehouse.com.au/shop-online/587/swisse?utm_source=facebook&utm_medium=social&utm_campaign=au_cw_coop_facebook_social_swissewellness_swissewellness_81_2026_100126-bau_image-video-traffic&utm_term=traffic&utm_content=image-video-traffic_video-sleep,www.chemistwarehouse.com.au,/shop-online/587/swisse,facebook,social,au_cw_coop_facebook_social_swissewellness_swissewellness_81_2026_100126-bau_image-video-traffic,81,traffic,image-video-traffic_video-sleep,Coop,Swissewellness,Swissewellness,2026,image-video-traffic,Shop Swisse On Sale!,"Don't miss Swisse ON SALE! Save 1/2 price off RRP across the range! Hurry, sale ends soon",Shop Now,,https://video.ftgz4-1.fna.fbcdn.net/o1/v/t2/f2/m366/AQNf5jsAXON2qBZgZSQdn5OFH1j1xKFr1n11fhJY0n7mofkPR9qEDhwOfsJwXKvoFgLRWfvmWl4sAA9WRQKGw120I2hu7OvInZ10ferqiVw-eQ.mp4?_nc_cat=100&_nc_oc=Adr5jSHzXiyd72AjD9kybKjVVthJJPOWTvlDfXcDDw2oLECRUlQzPla1SAFA_hD7mMM&_nc_sid=b66105&_nc_ht=video.ftgz4-1.fna.fbcdn.net&_nc_ohc=5a_vndxtucAQ7kNvwHswdnU&efg=eyJ2ZW5jb2RlX3RhZyI6Inhwdl9wcm9ncmVzc2l2ZS5WSV9VU0VDQVNFX1BST0RVQ1RfVFlQRS4uQzMuNzIwLmRhc2hfaDI2NC1iYXNpYy1nZW4yXzcyMHAiLCJ4cHZfYXNzZXRfaWQiOjE0ODM3NjQ2NDMzMjI4MjIsImFzc2V0X2FnZV9kYXlzIjoxMTEsInZpX3VzZWNhc2VfaWQiOjEwNzk5LCJkdXJhdGlvbl9zIjo5LCJ1cmxnZW5fc291cmNlIjoid3d3In0%3D&ccb=17-1&vs=19e2870fcfbfcefb&_nc_vs=HBksFQIYRWZiX2VwaGVtZXJhbC9DNDQ1NzNDMDhEMTc3MzBENjdDQzFFREFERjlCRkZBN19tdF8xX3ZpZGVvX2Rhc2hpbml0Lm1wNBUAAsgBEgAVAhhAZmJfcGVybWFuZW50LzkwNDNFMkMzNTNEOURDRTlDRUU2MjZCQzYyM0RDODk5X2F1ZGlvX2Rhc2hpbml0Lm1wNBUCAsgBEgAoABgAGwKIB3VzZV9vaWwBMRJwcm9ncmVzc2l2ZV9yZWNpcGUBMRUAACaM7_aHvN6iBRUCKAJDMywXQCIAAAAAAAAYGWRhc2hfaDI2NC1iYXNpYy1nZW4yXzcyMHARAHUAZd6oAQA&_nc_gid=ZMbqm13qFv0ashOv1BnBYw&_nc_ss=7f180&_nc_zt=28&oh=00_AQCXKzI0Uj4fXZUrP-tHF4HF-FN3JRiLUEIVHg_nO9SdXQ&oe=6A50A5C0,"['FACEBOOK', 'INSTAGRAM', 'MESSENGER']",au,cw,facebook,social,2026-W27,2026-07,"FACEBOOK, INSTAGRAM, MESSENGER",True,True,False,True,False,False,Brand/Category Page,True,False,False,2026-07-06,2026-06-25 07:00:00,2026-07-06 16:23:53.030278,11
1551103206589734,,True,2026-06-25 07:00:00,2026-07-04 07:00:00,Chemist Warehouse,Chemist Warehouse,{{product.name}},{{product.brand}},Shop now,DCO,https://www.chemistwarehouse.com.au/shop-online/587/swisse?utm_source=facebook&utm_medium=social&utm_campaign=au_cw_coop_facebook_social_swissewellness_swissewellness_81_2026_100126-bau_image-video-traffic&utm_term=traffic&utm_content=image-video-traffic_video-magnesium,www.chemistwarehouse.com.au,/shop-online/587/swisse,facebook,social,au_cw_coop_facebook_social_swissewellness_swissewellness_81_2026_100126-bau_image-video-traffic,81,traffic,image-video-traffic_video-magnesium,Coop,Swissewellness,Swissewellness,2026,image-video-traffic,Shop Swisse On Sale!,"Don't miss Swisse ON SALE! Save 1/2 price off RRP across the range! Hurry, sale ends soon",Shop Now,,https://video.ftgz4-1.fna.fbcdn.net/o1/v/t2/f2/m366/AQOAGzXmaATbLs3lIQZ1btoCfv4XacrFHGedC2fp2RYgatfUvdcV313tgrm3y0jOb1mmJTnj-G3KdmFUtAeMcYRJn6f_uybku-009zrunByNbQ.mp4?_nc_cat=102&_nc_oc=Adoleo_uYQflCSZurin8hL2XikM7e4NC5gNQn3hsspV31gZctRm_tNDUX-6Q_9Ug1HY&_nc_sid=b66105&_nc_ht=video.ftgz4-1.fna.fbcdn.net&_nc_ohc=4wLuNGDfvyIQ7kNvwFrI3Jq&efg=eyJ2ZW5jb2RlX3RhZyI6Inhwdl9wcm9ncmVzc2l2ZS5WSV9VU0VDQVNFX1BST0RVQ1RfVFlQRS4uQzMuNzIwLmRhc2hfaDI2NC1iYXNpYy1nZW4yXzcyMHAiLCJ4cHZfYXNzZXRfaWQiOjc5NTMyMTkxOTc5MTcwMCwiYXNzZXRfYWdlX2RheXMiOjExMSwidmlfdXNlY2FzZV9pZCI6MTA3OTksImR1cmF0aW9uX3MiOjksInVybGdlbl9zb3VyY2UiOiJ3d3cifQ%3D%3D&ccb=17-1&vs=e1e363f64383911e&_nc_vs=HBksFQIYRWZiX2VwaGVtZXJhbC82NjQwMDY4RTQxQjMzNUI0RkZBNTY2NjI3MkU3OEJCNl9tdF8xX3ZpZGVvX2Rhc2hpbml0Lm1wNBUAAsgBEgAVAhhAZmJfcGVybWFuZW50LzFCNDNDMDg4RTUzMEQ4OTJBMEY4RTkyODhGNjMzQ0EyX2F1ZGlvX2Rhc2hpbml0Lm1wNBUCAsgBEgAoABgAGwKIB3VzZV9vaWwBMRJwcm9ncmVzc2l2ZV9yZWNpcGUBMRUAACaoiZeI6tXpAhUCKAJDMywXQCIAAAAAAAAYGWRhc2hfaDI2NC1iYXNpYy1nZW4yXzcyMHARAHUAZd6oAQA&_nc_gid=ZMbqm13qFv0ashOv1BnBYw&_nc_ss=7f180&_nc_zt=28&oh=00_AQBqJYu7tJz0sSouGZvM9R3EuYD_K-6TNLuoDolld5CcAA&oe=6A50B0B6,"['FACEBOOK', 'INSTAGRAM', 'MESSENGER']",au,cw,facebook,social,2026-W27,2026-07,"FACEBOOK, INSTAGRAM, MESSENGER",True,True,False,True,False,False,Brand/Category Page,True,False,False,2026-07-06,2026-06-25 07:00:00,2026-07-06 16:23:53.030278,11
1217829767101463,,True,2026-06-25 07:00:00,2026-07-05 07:00:00,Chemist Warehouse,Chemist Warehouse,{{product.name}},{{product.brand}},Shop now,DCO,https://www.chemistwarehouse.com.au/shop-online/587/swisse?utm_source=facebook&utm_medium=social&utm_campaign=au_cw_coop_facebook_social_swissewellness_swissewellness_81_2026_100126-bau_image-video-traffic&utm_term=traffic&utm_content=image-video-traffic_video-men-vitamin,www.chemistwarehouse.com.au,/shop-online/587/swisse,facebook,social,au_cw_coop_facebook_social_swissewellness_swissewellness_81_2026_100126-bau_image-video-traffic,81,traffic,image-video-traffic_video-men-vitamin,Coop,Swissewellness,Swissewellness,2026,image-video-traffic,Shop Swisse On Sale!,"Don't miss Swisse ON SALE! Save 1/2 price off RRP across the range! Hurry, sale ends soon",Shop Now,,https://video.ftgz4-1.fna.fbcdn.net/o1/v/t2/f2/m366/AQPExwTbWPuKlgM5RuJJVRdVzD2fVa58SDHI2NiZjNXnFiwti3TtdMdMcA0duA2R-QlwNImq2dNJ0Z-v2TpX-sqEg7rc-HvIUwjn_nRRPtL_6w.mp4?_nc_cat=107&_nc_oc=Ado4Eex7cG-RgTGn4yBJ4oSQR0Jx6cvTDUMC8tUB3cw0tYcRSirmr2lUb_tuQ5W0k7o&_nc_sid=b66105&_nc_ht=video.ftgz4-1.fna.fbcdn.net&_nc_ohc=Sa7zW1IpVMkQ7kNvwEecbRZ&efg=eyJ2ZW5jb2RlX3RhZyI6Inhwdl9wcm9ncmVzc2l2ZS5WSV9VU0VDQVNFX1BST0RVQ1RfVFlQRS4uQzMuNzIwLmRhc2hfaDI2NC1iYXNpYy1nZW4yXzcyMHAiLCJ4cHZfYXNzZXRfaWQiOjkzOTI0MjEwODUwMDI2MSwiYXNzZXRfYWdlX2RheXMiOjExMSwidmlfdXNlY2FzZV9pZCI6MTA3OTksImR1cmF0aW9uX3MiOjE3LCJ1cmxnZW5fc291cmNlIjoid3d3In0%3D&ccb=17-1&vs=b10ac23a37a23a6c&_nc_vs=HBksFQIYRWZiX2VwaGVtZXJhbC80QjRCQzVFNDEwQUM5QkVBODM0ODJGMEY0OEI5MzQ4Ql9tdF8xX3ZpZGVvX2Rhc2hpbml0Lm1wNBUAAsgBEgAVAhhAZmJfcGVybWFuZW50LzlBNEE4QkExNEFGQTE1QUI3MDUwRkM5OTMzRkREN0E0X2F1ZGlvX2Rhc2hpbml0Lm1wNBUCAsgBEgAoABgAGwKIB3VzZV9vaWwBMRJwcm9ncmVzc2l2ZV9yZWNpcGUBMRUAACbK5OGDi4-rAxUCKAJDMywXQDEAAAAAAAAYGWRhc2hfaDI2NC1iYXNpYy1nZW4yXzcyMHARAHUAZd6oAQA&_nc_gid=ZMbqm13qFv0ashOv1BnBYw&_nc_ss=7f180&_nc_zt=28&oh=00_AQBePBRIYvaqsIbM8SoYSjycXpRAku1n7DDG7_DtOzV0LQ&oe=6A508CA1,"['FACEBOOK', 'INSTAGRAM', 'MESSENGER']",au,cw,facebook,social,2026-W27,2026-07,"FACEBOOK, INSTAGRAM, MESSENGER",True,True,False,True,False,False,Brand/Category Page,True,False,False,2026-07-06,2026-06-25 07:00:00,2026-07-06 16:23:53.030278,11
1463242015835068,,True,2026-06-25 07:00:00,2026-07-04 07:00:00,Chemist Warehouse,Chemist Warehouse,{{product.name}},{{product.brand}},Shop now,DCO,https://www.chemistwarehouse.com.au/shop-online/587/swisse?utm_source=facebook&utm_medium=social&utm_campaign=au_cw_coop_facebook_social_swissewellness_swissewellness_81_2026_100126-bau_image-video-traffic&utm_term=traffic&utm_content=image-video-traffic_video-immunity,www.chemistwarehouse.com.au,/shop-online/587/swisse,facebook,social,au_cw_coop_facebook_social_swissewellness_swissewellness_81_2026_100126-bau_image-video-traffic,81,traffic,image-video-traffic_video-immunity,Coop,Swissewellness,Swissewellness,2026,image-video-traffic,Shop Swisse On Sale!,"Don't miss Swisse ON SALE! Save 1/2 price off RRP across the range! Hurry, sale ends soon",Shop Now,,https://video.ftgz4-1.fna.fbcdn.net/o1/v/t2/f2/m366/AQOBtkVDas2plaa0rn-gxhrH2bx1zwvxEyJfRyR7quhy1qIigJi4Jdd54F3LwFOdUoS35vA8mkz2QH3fGAOztONL_1jWaIHCJvtf5Z7Ifebblw.mp4?_nc_cat=110&_nc_oc=AdooOZZi3IUWCYtOczQO5wimlyDqmjIu7-APJUbW6GnaILt54RpkUFveL_Hs4FygSJs&_nc_sid=b66105&_nc_ht=video.ftgz4-1.fna.fbcdn.net&_nc_ohc=IpUttv6WLUwQ7kNvwF3Wo4R&efg=eyJ2ZW5jb2RlX3RhZyI6Inhwdl9wcm9ncmVzc2l2ZS5WSV9VU0VDQVNFX1BST0RVQ1RfVFlQRS4uQzMuNzIwLmRhc2hfaDI2NC1iYXNpYy1nZW4yXzcyMHAiLCJ4cHZfYXNzZXRfaWQiOjI0MzE4OTQ5NjA1ODIyNjAsImFzc2V0X2FnZV9kYXlzIjoxMTEsInZpX3VzZWNhc2VfaWQiOjEwNzk5LCJkdXJhdGlvbl9zIjo5LCJ1cmxnZW5fc291cmNlIjoid3d3In0%3D&ccb=17-1&vs=d9fb4e274645a8b0&_nc_vs=HBksFQIYRWZiX2VwaGVtZXJhbC85OTRBOUZEQjQ4MEFDODU2MzBFRkQyNjg2ODQ1N0U5MF9tdF8xX3ZpZGVvX2Rhc2hpbml0Lm1wNBUAAsgBEgAVAhhAZmJfcGVybWFuZW50L0U5NDEwNjU4QTZCOTQ5RTMxMzFERThGNDI1OTg2NkE2X2F1ZGlvX2Rhc2hpbml0Lm1wNBUCAsgBEgAoABgAGwKIB3VzZV9vaWwBMRJwcm9ncmVzc2l2ZV9yZWNpcGUBMRUAACbouY209fLRCBUCKAJDMywXQCIAAAAAAAAYGWRhc2hfaDI2NC1iYXNpYy1nZW4yXzcyMHARAHUAZd6oAQA&_nc_gid=ZMbqm13qFv0ashOv1BnBYw&_nc_ss=7f180&_nc_zt=28&oh=00_AQDXoLzxkeyVaSNWGqW3laLpLdbobU74-Qw5UzcygNhy5Q&oe=6A50BC1E,"['FACEBOOK', 'INSTAGRAM', 'MESSENGER']",au,cw,facebook,social,2026-W27,2026-07,"FACEBOOK, INSTAGRAM, MESSENGER",True,True,False,True,False,False,Brand/Category Page,True,False,False,2026-07-06,2026-06-25 07:00:00,2026-07-06 16:23:53.030278,11
853370754176613,,True,2026-06-25 07:00:00,2026-07-05 07:00:00,Chemist Warehouse,Chemist Warehouse,{{product.name}},{{product.brand}},Shop now,DCO,https://www.chemistwarehouse.com.au/shop-online/587/swisse?utm_source=facebook&utm_medium=social&utm_campaign=au_cw_coop_facebook_social_swissewellness_swissewellness_81_2026_100126-bau_image-video-traffic&utm_term=traffic&utm_content=image-video-traffic_video-women-vitamin,www.chemistwarehouse.com.au,/shop-online/587/swisse,facebook,social,au_cw_coop_facebook_social_swissewellness_swissewellness_81_2026_100126-bau_image-video-traffic,81,traffic,image-video-traffic_video-women-vitamin,Coop,Swissewellness,Swissewellness,2026,image-video-traffic,Shop Swisse On Sale!,"Don't miss Swisse ON SALE! Save 1/2 price off RRP across the range! Hurry, sale ends soon",Shop Now,,https://video.ftgz4-1.fna.fbcdn.net/o1/v/t2/f2/m366/AQO2DG0WHpRsSDF3G0Xk9tjFnw5X7s-fLeHFcPLLI4zK35YNuvasWl_hp_Yme7xyeXjm2cE3kNymPK61DbvQuU0SgYIgkiW_yHYw9acle2-zcA.mp4?_nc_cat=110&_nc_oc=Ado9qXkdy-X69eXr8PvY7qxlNN6wM4M4VjqmvvgSQT3M0NN3b3qxZQ5cRyLaoFFBRYI&_nc_sid=b66105&_nc_ht=video.ftgz4-1.fna.fbcdn.net&_nc_ohc=PYtXMC2IY4YQ7kNvwFWmIkX&efg=eyJ2ZW5jb2RlX3RhZyI6Inhwdl9wcm9ncmVzc2l2ZS5WSV9VU0VDQVNFX1BST0RVQ1RfVFlQRS4uQzMuNzIwLmRhc2hfaDI2NC1iYXNpYy1nZW4yXzcyMHAiLCJ4cHZfYXNzZXRfaWQiOjIzNDI0MDEyODYyNDMxODAsImFzc2V0X2FnZV9kYXlzIjoxMTEsInZpX3VzZWNhc2VfaWQiOjEwNzk5LCJkdXJhdGlvbl9zIjoxNywidXJsZ2VuX3NvdXJjZSI6Ind3dyJ9&ccb=17-1&vs=fee6250061dee0ac&_nc_vs=HBksFQIYRWZiX2VwaGVtZXJhbC84RDREMUNBRjY5OTNFOUJGMDJDRTc4NkMyQTM2RDNBRV9tdF8xX3ZpZGVvX2Rhc2hpbml0Lm1wNBUAAsgBEgAVAhhAZmJfcGVybWFuZW50L0Q1NDc3RDA4NDgwNDJBQjA5OUU2MjlBMzRDRjVEMjg0X2F1ZGlvX2Rhc2hpbml0Lm1wNBUCAsgBEgAoABgAGwKIB3VzZV9vaWwBMRJwcm9ncmVzc2l2ZV9yZWNpcGUBMRUAACbYjbTJ2ZmpCBUCKAJDMywXQDEAAAAAAAAYGWRhc2hfaDI2NC1iYXNpYy1nZW4yXzcyMHARAHUAZd6oAQA&_nc_gid=ZMbqm13qFv0ashOv1BnBYw&_nc_ss=7f180&_nc_zt=28&oh=00_AQCfIfCjjE3-040vOAVNDChlGqWCbtxtTyAOVV9D-O8aaQ&oe=6A50B222,"['FACEBOOK', 'INSTAGRAM', 'MESSENGER']",au,cw,facebook,social,2026-W27,2026-07,"FACEBOOK, INSTAGRAM, MESSENGER",True,True,False,True,False,False,Brand/Category Page,True,False,False,2026-07-06,2026-06-25 07:00:00,2026-07-06 16:23:53.030278,11
1598916838319435,936711442241432,True,2026-06-25 07:00:00,2026-07-05 07:00:00,Chemist Warehouse,Chemist Warehouse,{{product.name}},{{product.brand}},Shop now,DCO,https://www.chemistwarehouse.com.au/shop-online/587/swisse?utm_source=facebook&utm_medium=social&utm_campaign=au_cw_coop_facebook_social_swissewellness_swissewellness_81_2026_100126-bau_image-video-traffic&utm_term=traffic&utm_content=image-video-traffic_video-mosaic,www.chemistwarehouse.com.au,/shop-online/587/swisse,facebook,social,au_cw_coop_facebook_social_swissewellness_swissewellness_81_2026_100126-bau_image-video-traffic,81,traffic,image-video-traffic_video-mosaic,Coop,Swissewellness,Swissewellness,2026,image-video-traffic,Shop Swisse On Sale!,"Don't miss Swisse ON SALE! Save 1/2 price off RRP across the range! Hurry, sale ends soon",Shop Now,,https://video.ftgz4-1.fna.fbcdn.net/o1/v/t2/f2/m366/AQPSVPv_EH_G3YMILyIZWDNFgfjloV-eqUTsBN2nseWKuRbCHJwvyGEd3ESHXC5Ktx3AEeh9IibGuKoQqfmG_C3Y07xhxtXmO3jC4EFObzVMKg.mp4?_nc_cat=102&_nc_oc=Adpug6cLSHRZIcU8RzZRwlGqYgaRLXZtMj-K3KK2LRh0xy3Oew3FyclxF1mMD348uE8&_nc_sid=b66105&_nc_ht=video.ftgz4-1.fna.fbcdn.net&_nc_ohc=rKydJrcpny8Q7kNvwEhnido&efg=eyJ2ZW5jb2RlX3RhZyI6Inhwdl9wcm9ncmVzc2l2ZS5WSV9VU0VDQVNFX1BST0RVQ1RfVFlQRS4uQzMuNzIwLmRhc2hfaDI2NC1iYXNpYy1nZW4yXzcyMHAiLCJ4cHZfYXNzZXRfaWQiOjgwMzE0NDQzNTYyMjQxNiwiYXNzZXRfYWdlX2RheXMiOjExMSwidmlfdXNlY2FzZV9pZCI6MTA3OTksImR1cmF0aW9uX3MiOjksInVybGdlbl9zb3VyY2UiOiJ3d3cifQ%3D%3D&ccb=17-1&vs=b1ebe9dc492c8259&_nc_vs=HBksFQIYRWZiX2VwaGVtZXJhbC8wNDRFQzBEOEFCMjk1QjdFNzE1NzRGQUZENEM5MUNBOV9tdF8xX3ZpZGVvX2Rhc2hpbml0Lm1wNBUAAsgBEgAVAhhAZmJfcGVybWFuZW50LzM3NEJCOEI2OEJCMzMyQTM3RUNGM0QyRkVBRTQ5NUFGX2F1ZGlvX2Rhc2hpbml0Lm1wNBUCAsgBEgAoABgAGwKIB3VzZV9vaWwBMRJwcm9ncmVzc2l2ZV9yZWNpcGUBMRUAACagiM-slJ3tAhUCKAJDMywXQCIAAAAAAAAYGWRhc2hfaDI2NC1iYXNpYy1nZW4yXzcyMHARAHUAZd6oAQA&_nc_gid=ZMbqm13qFv0ashOv1BnBYw&_nc_ss=7f180&_nc_zt=28&oh=00_AQA42jaJ0QvjtTl6zbZRtxRgNlCVaP-ijQwe9bi4GT7XPQ&oe=6A509EBA,"['FACEBOOK', 'INSTAGRAM', 'MESSENGER']",au,cw,facebook,social,2026-W27,2026-07,"FACEBOOK, INSTAGRAM, MESSENGER",True,True,False,True,False,False,Brand/Category Page,True,False,False,2026-07-06,2026-06-25 07:00:00,2026-07-06 16:23:53.030278,11
2246514242847678,,True,2026-06-25 07:00:00,2026-07-04 07:00:00,Chemist Warehouse,Chemist Warehouse,Shop Swisse On Sale!,"Don't miss Swisse ON SALE! Save 1/2 price off RRP across the range! Hurry, sale ends soon",Shop now,IMAGE,https://fb.com/canvas_doc/924753523459920,fb.com,/canvas_doc/924753523459920,,,,,,,Not Specified,,,,,,,,,,"['FACEBOOK', 'INSTAGRAM', 'AUDIENCE_NETWORK', 'MESSENGER', 'THREADS']",,,,,2026-W27,2026-07,"FACEBOOK, INSTAGRAM, AUDIENCE_NETWORK, MESSENGER, THREADS",True,True,True,True,True,False,Internal/App Page,True,False,False,2026-07-06,2026-06-25 07:00:00,2026-07-06 16:23:53.030278,11
1428748539059169,1516111053292736,True,2026-06-25 07:00:00,2026-07-05 07:00:00,Chemist Warehouse,Chemist Warehouse,{{product.name}},{{product.brand}},See details,DCO,https://www.chemistwarehouse.com.au/shop-online/sun-care-sale?utm_source=facebook&utm_medium=social&utm_campaign=au_cw_house_facebook_social_chemistwarehouse_chemistwarehouse_665_june26_200108-suncare_video-image&utm_term=traffic&utm_content=video-image_brand,www.chemistwarehouse.com.au,/shop-online/sun-care-sale,facebook,social,au_cw_house_facebook_social_chemistwarehouse_chemistwarehouse_665_june26_200108-suncare_video-image,665,traffic,video-image_brand,House,Chemistwarehouse,Chemistwarehouse,june26,video-image,Save on Suncare,Huge sale on selected Sun care! Shop now and get up to 1/2 Price off RRP selected ranges!,See Details,,https://video.ftgz4-1.fna.fbcdn.net/o1/v/t2/f2/m366/AQNoHqYLCZIS62_McusY0RvPZSP5bYEDou9iEhFTv4J3VTw9G8lQFFDZE0GJ1MB275QIh2iS3OZA7eQxQtxDMJBBphBjFPWzNg29zAECL7ffPA.mp4?_nc_cat=103&_nc_oc=Ado2sWHJc6Oo9ec-Bp7BIAOo5ARvhZIluNChz0HeMkS1eowiDq1aIBJ4FJSfBJ2U738&_nc_sid=b66105&_nc_ht=video.ftgz4-1.fna.fbcdn.net&_nc_ohc=sX4WuTlAZI8Q7kNvwGw_iLc&efg=eyJ2ZW5jb2RlX3RhZyI6Inhwdl9wcm9ncmVzc2l2ZS5WSV9VU0VDQVNFX1BST0RVQ1RfVFlQRS4uQzMuNzIwLmRhc2hfaDI2NC1iYXNpYy1nZW4yXzcyMHAiLCJ4cHZfYXNzZXRfaWQiOjI0Mjc2MzE2NjQzODMzMTMsImFzc2V0X2FnZV9kYXlzIjoxMCwidmlfdXNlY2FzZV9pZCI6MTA3OTksImR1cmF0aW9uX3MiOjEwLCJ1cmxnZW5fc291cmNlIjoid3d3In0%3D&ccb=17-1&vs=aa63ca2791e223cf&_nc_vs=HBksFQIYRWZiX2VwaGVtZXJhbC81NzQ2NUJBQTRCNjFDNjc4OUU2NTM5QjZDOUM2OTQ5OV9tdF8xX3ZpZGVvX2Rhc2hpbml0Lm1wNBUAAsgBEgAVAhhAZmJfcGVybWFuZW50L0YzNDE5OEIyRUZDQjAyM0RBMDU1OTgxRDZDNUU0RkFBX2F1ZGlvX2Rhc2hpbml0Lm1wNBUCAsgBEgAoABgAGwKIB3VzZV9vaWwBMRJwcm9ncmVzc2l2ZV9yZWNpcGUBMRUAACailYKw4frPCBUCKAJDMywXQCQAAAAAAAAYGWRhc2hfaDI2NC1iYXNpYy1nZW4yXzcyMHARAHUAZd6oAQA&_nc_gid=ZMbqm13qFv0ashOv1BnBYw&_nc_ss=7f180&_nc_zt=28&oh=00_AQCf_t_vwohI8WS8ragwIZZutJWmtmsAMuxRjPWafOFFMg&oe=6A50B9CD,"['FACEBOOK', 'INSTAGRAM', 'AUDIENCE_NETWORK', 'MESSENGER', 'WHATSAPP', 'THREADS']",au,cw,facebook,social,2026-W27,2026-07,"FACEBOOK, INSTAGRAM, AUDIENCE_NETWORK, MESSENGER, WHATSAPP, THREADS",True,True,True,True,True,True,Brand/Category Page,True,False,False,2026-07-06,2026-06-25 07:00:00,2026-07-06 16:23:53.030278,11
1372862854771686,1683318299608634,True,2026-06-25 07:00:00,2026-07-05 07:00:00,Chemist Warehouse,Chemist Warehouse,{{product.name}},{{product.brand}},Shop now,DCO,https://www.chemistwarehouse.com.au/shop-online/sun-care-sale?utm_source=facebook&utm_medium=social&utm_campaign=au_cw_house_facebook_social_chemistwarehouse_chemistwarehouse_665_june26_200108-suncare_video-image&utm_term=traffic&utm_content=video-image_brand,www.chemistwarehouse.com.au,/shop-online/sun-care-sale,facebook,social,au_cw_house_facebook_social_chemistwarehouse_chemistwarehouse_665_june26_200108-suncare_video-image,665,traffic,video-image_brand,House,Chemistwarehouse,Chemistwarehouse,june26,video-image,Save on Suncare,Huge sale on selected Sun care! Shop now and get up to 1/2 Price off RRP selected ranges!,Shop Now,https://scontent.ftgz4-1.fna.fbcdn.net/v/t39.35426-6/729769247_4596579947333828_7710498000691993137_n.jpg?_nc_cat=109&ccb=1-7&_nc_sid=c53f8f&_nc_ohc=fMhtkuCLNckQ7kNvwH6HtNc&_nc_oc=Adp6_gOXawyv80znWrF4oZWw3MLJXJYQsZxbP-dpqRStYTJm8xHBYrVJFq89eo4dSKk&_nc_zt=14&_nc_ht=scontent.ftgz4-1.fna&_nc_gid=ZMbqm13qFv0ashOv1BnBYw&_nc_ss=7f180&oh=00_AQDbWDsdvVUQRKO9AMhEcznZk0WDkyU32w9xmvkqETDkZA&oe=6A50BE25,,"['FACEBOOK', 'INSTAGRAM', 'AUDIENCE_NETWORK', 'MESSENGER', 'WHATSAPP', 'THREADS']",au,cw,facebook,social,2026-W27,2026-07,"FACEBOOK, INSTAGRAM, AUDIENCE_NETWORK, MESSENGER, WHATSAPP, THREADS",True,True,True,True,True,True,Brand/Category Page,True,False,False,2026-07-06,2026-06-25 07:00:00,2026-07-06 16:23:53.030278,11
1030787656268153,1001246435829917,True,2026-06-25 07:00:00,2026-07-05 07:00:00,Chemist Warehouse,Chemist Warehouse,{{product.name}},{{product.brand}},Shop now,DCO,https://www.chemistwarehouse.com.au/shop-online/sun-care-sale?utm_source=facebook&utm_medium=social&utm_campaign=au_cw_house_facebook_social_chemistwarehouse_chemistwarehouse_665_june26_200108-suncare_video-image&utm_term=traffic&utm_content=video-image_brand,www.chemistwarehouse.com.au,/shop-online/sun-care-sale,facebook,social,au_cw_house_facebook_social_chemistwarehouse_chemistwarehouse_665_june26_200108-suncare_video-image,665,traffic,video-image_brand,House,Chemistwarehouse,Chemistwarehouse,june26,video-image,Save on Suncare,Huge sale on selected Sun care! Shop now and get up to 1/2 Price off RRP selected ranges!,Shop Now,,https://video.ftgz4-1.fna.fbcdn.net/o1/v/t2/f2/m366/AQPPEeJML1oi3Q8W3zmGR5KOZNHVbSUskv9nhhTyeE_fVCrTmcbjE2k7QBxinclECa0CDYkJcJ3vPiqoXQK94qArclu9nK_C73F5uKQ110fBOg.mp4?_nc_cat=109&_nc_oc=AdrjZtxL8OYL7ZrUNzZPa95bzFl3R1gi0XVPI9XOX5uuAVy9-BHcJEGoKMg19Lh4o_Y&_nc_sid=b66105&_nc_ht=video.ftgz4-1.fna.fbcdn.net&_nc_ohc=fNuocx81u1kQ7kNvwFB7A_5&efg=eyJ2ZW5jb2RlX3RhZyI6Inhwdl9wcm9ncmVzc2l2ZS5WSV9VU0VDQVNFX1BST0RVQ1RfVFlQRS4uQzMuNzIwLmRhc2hfaDI2NC1iYXNpYy1nZW4yXzcyMHAiLCJ4cHZfYXNzZXRfaWQiOjg4MTM2MDQ4NDQ0ODM3NSwiYXNzZXRfYWdlX2RheXMiOjEwLCJ2aV91c2VjYXNlX2lkIjoxMDc5OSwiZHVyYXRpb25fcyI6NTAsInVybGdlbl9zb3VyY2UiOiJ3d3cifQ%3D%3D&ccb=17-1&vs=da913179bdefd9ab&_nc_vs=HBksFQIYRWZiX2VwaGVtZXJhbC8xODRBRTM5RDZERTQxMEIxNDgzNTYxNDcyM0UwRjA4MF9tdF8xX3ZpZGVvX2Rhc2hpbml0Lm1wNBUAAsgBEgAVAhhAZmJfcGVybWFuZW50L0M0NDQxMTA5ODE1QkY4OEVFREQ3RkNFMjgxOEI0RUIzX2F1ZGlvX2Rhc2hpbml0Lm1wNBUCAsgBEgAoABgAGwKIB3VzZV9vaWwBMRJwcm9ncmVzc2l2ZV9yZWNpcGUBMRUAACbu4cGp9-WQAxUCKAJDMywXQEl7peNT988YGWRhc2hfaDI2NC1iYXNpYy1nZW4yXzcyMHARAHUAZd6oAQA&_nc_gid=ZMbqm13qFv0ashOv1BnBYw&_nc_ss=7f180&_nc_zt=28&oh=00_AQBDVXCd_SFFyOL51IAGSvG_DO2D0J8udEc4FPhHY0tAnA&oe=6A50AF4B,"['FACEBOOK', 'INSTAGRAM', 'AUDIENCE_NETWORK', 'MESSENGER', 'WHATSAPP', 'THREADS']",au,cw,facebook,social,2026-W27,2026-07,"FACEBOOK, INSTAGRAM, AUDIENCE_NETWORK, MESSENGER, WHATSAPP, THREADS",True,True,True,True,True,True,Brand/Category Page,True,False,False,2026-07-06,2026-06-25 07:00:00,2026-07-06 16:23:53.030278,11
2144338376145738,1030827476296315,True,2026-06-25 07:00:00,2026-07-05 07:00:00,Chemist Warehouse,Chemist Warehouse,Save on Suncare,Huge sale on selected Sun care! Shop now and get up to 1/2 Price off RRP selected ranges!,Shop now,VIDEO,https://fb.com/canvas_doc/1218310994702029,fb.com,/canvas_doc/1218310994702029,,,,,,,Not Specified,,,,,,,,,,"['FACEBOOK', 'INSTAGRAM', 'AUDIENCE_NETWORK', 'MESSENGER', 'THREADS']",,,,,2026-W27,2026-07,"FACEBOOK, INSTAGRAM, AUDIENCE_NETWORK, MESSENGER, THREADS",True,True,True,True,True,False,Internal/App Page,True,False,False,2026-07-06,2026-06-25 07:00:00,2026-07-06 16:23:53.030278,11
893397316421488,1052911813919648,True,2026-06-25 07:00:00,2026-07-05 07:00:00,Chemist Warehouse,Chemist Warehouse,Save on Suncare,Huge sale on selected Sun care! Shop now and get up to 1/2 Price off RRP selected ranges!,Shop now,VIDEO,https://fb.com/canvas_doc/837015305956317,fb.com,/canvas_doc/837015305956317,,,,,,,Not Specified,,,,,,,,,,"['FACEBOOK', 'INSTAGRAM', 'AUDIENCE_NETWORK', 'MESSENGER', 'THREADS']",,,,,2026-W27,2026-07,"FACEBOOK, INSTAGRAM, AUDIENCE_NETWORK, MESSENGER, THREADS",True,True,True,True,True,False,Internal/App Page,True,False,False,2026-07-06,2026-06-25 07:00:00,2026-07-06 16:23:53.030278,11
998951813121916,1811765139791084,True,2026-06-25 07:00:00,2026-07-05 07:00:00,Chemist Warehouse,Chemist Warehouse,NEW Mega Lift Brownie Pie Mascara,Shop Rimmel’s viral Brownie Pie range now at Chemist Warehouse,Shop now,VIDEO,https://www.chemistwarehouse.com.au/shop-online/rimmel-brownie-pie?utm_source=facebook&utm_medium=social&utm_campaign=au_cw_oa_facebook_social_cotyconsumerbeauty_rimmel_648_june26_100560-browniepie_video-image&utm_term=traffic&utm_content=video-image_brandhttp://www.ultrabeauty.com.au/,www.chemistwarehouse.com.au,/shop-online/rimmel-brownie-pie,facebook,social,au_cw_oa_facebook_social_cotyconsumerbeauty_rimmel_648_june26_100560-browniepie_video-image,648,traffic,video-image_brandhttp://www.ultrabeauty.com.au/,O&O,Cotyconsumerbeauty,Rimmel,june26,video-image,,,,,,"['FACEBOOK', 'INSTAGRAM', 'AUDIENCE_NETWORK', 'MESSENGER', 'WHATSAPP', 'THREADS']",au,cw,facebook,social,2026-W27,2026-07,"FACEBOOK, INSTAGRAM, AUDIENCE_NETWORK, MESSENGER, WHATSAPP, THREADS",True,True,True,True,True,True,Brand/Category Page,True,True,False,2026-07-06,2026-06-25 07:00:00,2026-07-06 16:23:53.030278,11
1530498028754564,,True,2026-06-25 07:00:00,2026-07-05 07:00:00,Chemist Warehouse,Chemist Warehouse,Save on Suncare,Huge sale on selected Sun care! Shop now and get up to 1/2 Price off RRP selected ranges!,Shop now,IMAGE,https://fb.com/canvas_doc/1061897066261132,fb.com,/canvas_doc/1061897066261132,,,,,,,Not Specified,,,,,,,,,,"['FACEBOOK', 'INSTAGRAM', 'AUDIENCE_NETWORK', 'MESSENGER', 'THREADS']",,,,,2026-W27,2026-07,"FACEBOOK, INSTAGRAM, AUDIENCE_NETWORK, MESSENGER, THREADS",True,True,True,True,True,False,Internal/App Page,True,False,False,2026-07-06,2026-06-25 07:00:00,2026-07-06 16:23:53.030278,11
1568696044647146,1705562373970527,True,2026-06-25 07:00:00,2026-07-05 07:00:00,Chemist Warehouse,Chemist Warehouse,{{product.name}},{{product.brand}},Shop now,DCO,https://www.chemistwarehouse.com.au/buy/165214/natures-own-concentrated-fish-oil-ultra-high-strength-90-capsules-exclusive?utm_source=facebook&utm_medium=social&utm_campaign=au_cw_oa_facebook_social_sanoficonsumerhealthcare_naturesown_81_june26_100615-omega_video-image&utm_term=traffic&utm_content=video-image_brand,www.chemistwarehouse.com.au,/buy/165214/natures-own-concentrated-fish-oil-ultra-high-strength-90-capsules-exclusive,facebook,social,au_cw_oa_facebook_social_sanoficonsumerhealthcare_naturesown_81_june26_100615-omega_video-image,81,traffic,video-image_brand,O&O,Sanoficonsumerhealthcare,Naturesown,june26,video-image,Now 1/2 Price off RRP!,NEW Nature's Own Concentrated Fish Oil Omega Ultra is four times stronger than standard fish oil*.,Shop Now,,https://video.ftgz4-1.fna.fbcdn.net/o1/v/t2/f2/m366/AQNxqSRuI_WFVuNDHke7i5sUiXt7AfGCZuQumNc1rcUZGAwDwHcUyEwlPMrJpsydmffpokY10NaXYUtFVYBwD4y5JIiLJ2nOCDYCqWV8WLG5rQ.mp4?_nc_cat=111&_nc_oc=Adpr5_OxvVX8ro3FRSOFXNvLW4vay8TvNIjCoSKAgOXPrgKNxUOQMqdQD8TqrpRUZjk&_nc_sid=b66105&_nc_ht=video.ftgz4-1.fna.fbcdn.net&_nc_ohc=oO75o1b6lSoQ7kNvwGPuOuK&efg=eyJ2ZW5jb2RlX3RhZyI6Inhwdl9wcm9ncmVzc2l2ZS5WSV9VU0VDQVNFX1BST0RVQ1RfVFlQRS4uQzMuNzIwLmRhc2hfaDI2NC1iYXNpYy1nZW4yXzcyMHAiLCJ4cHZfYXNzZXRfaWQiOjEyODM3MTkxMTM2ODU1NzUsImFzc2V0X2FnZV9kYXlzIjoxMDIsInZpX3VzZWNhc2VfaWQiOjEwNzk5LCJkdXJhdGlvbl9zIjoxMCwidXJsZ2VuX3NvdXJjZSI6Ind3dyJ9&ccb=17-1&vs=af43a9f6dd51d54&_nc_vs=HBksFQIYRWZiX2VwaGVtZXJhbC82RjQ5N0NCMzYyOEFGQTEyNDRDQjJEOUREOTEyRUNBRV9tdF8xX3ZpZGVvX2Rhc2hpbml0Lm1wNBUAAsgBEgAVAhhAZmJfcGVybWFuZW50LzU1NDNEREQyQ0YyOTJGODZEREEyOTEzNzIyNTFGNEJFX2F1ZGlvX2Rhc2hpbml0Lm1wNBUCAsgBEgAoABgAGwKIB3VzZV9vaWwBMRJwcm9ncmVzc2l2ZV9yZWNpcGUBMRUAACaO6ZncpOLHBBUCKAJDMywXQCWIMSbpeNUYGWRhc2hfaDI2NC1iYXNpYy1nZW4yXzcyMHARAHUAZd6oAQA&_nc_gid=ZMbqm13qFv0ashOv1BnBYw&_nc_ss=7f180&_nc_zt=28&oh=00_AQD9HCb7FriuW_FKrK5NoPwYonuvkZkYO-kIhSUCQVtnYA&oe=6A509595,"['FACEBOOK', 'INSTAGRAM', 'AUDIENCE_NETWORK', 'MESSENGER', 'WHATSAPP', 'THREADS']",au,cw,facebook,social,2026-W27,2026-07,"FACEBOOK, INSTAGRAM, AUDIENCE_NETWORK, MESSENGER, WHATSAPP, THREADS",True,True,True,True,True,True,SKU Product,True,False,False,2026-07-06,2026-06-25 07:00:00,2026-07-06 16:23:53.030278,11
981284044744717,880524777853354,True,2026-06-25 07:00:00,2026-06-30 07:00:00,Chemist Warehouse,Chemist Warehouse,{{product.name}},{{product.brand}},Shop now,DCO,https://chemistwarehouseoptometry.com.au/,chemistwarehouseoptometry.com.au,/,,,,,,,Not Specified,,,,,Contact Lenses at Chemist Warehouse prices!,"Stop paying too much on contact lenses at Chemist Warehouse Optometry.

👉 Wide range of lenses at everyday low prices.
👉 Free Shipping on orders over $99
👉 Tracked Delivery on all orders
👉 Friendly Customer Service

Shop Online Now at Chemist Warehouse Optometry & see the savings!",Shop Now,https://scontent.ftgz4-1.fna.fbcdn.net/v/t39.35426-6/732545296_1727920975049373_8961931506844111598_n.jpg?_nc_cat=111&ccb=1-7&_nc_sid=c53f8f&_nc_ohc=0Ms05Z186t8Q7kNvwGtupGF&_nc_oc=Adptm0rOwufB5ThF7DPWMANUqCbbGAJVuydHD0t0gExUy-0Os5MCOk0zKUzl-lmNxRA&_nc_zt=14&_nc_ht=scontent.ftgz4-1.fna&_nc_gid=ZMbqm13qFv0ashOv1BnBYw&_nc_ss=7f180&oh=00_AQD92AXMnc2S8fLRLBS3m-enSmMUL7Tuo2rPi1FLmrIQ2g&oe=6A50B5CF,,"['FACEBOOK', 'INSTAGRAM', 'AUDIENCE_NETWORK', 'THREADS']",,,,,2026-W27,2026-07,"FACEBOOK, INSTAGRAM, AUDIENCE_NETWORK, THREADS",True,True,True,False,True,False,Homepage,True,False,False,2026-07-06,2026-06-25 07:00:00,2026-07-06 16:23:53.030278,11
1039651035232404,4608031982785900,True,2026-06-25 07:00:00,2026-07-05 07:00:00,Chemist Warehouse,Chemist Warehouse,{{product.name}},{{product.brand}},Shop now,DCO,https://www.chemistwarehouse.com.au/buy/165214/natures-own-concentrated-fish-oil-ultra-high-strength-90-capsules-exclusive?utm_source=facebook&utm_medium=social&utm_campaign=au_cw_oa_facebook_social_sanoficonsumerhealthcare_naturesown_81_june26_100615-omega_video-image&utm_term=traffic&utm_content=video-image_brand,www.chemistwarehouse.com.au,/buy/165214/natures-own-concentrated-fish-oil-ultra-high-strength-90-capsules-exclusive,facebook,social,au_cw_oa_facebook_social_sanoficonsumerhealthcare_naturesown_81_june26_100615-omega_video-image,81,traffic,video-image_brand,O&O,Sanoficonsumerhealthcare,Naturesown,june26,video-image,Now 1/2 Price off RRP!,NEW Nature's Own Concentrated Fish Oil Omega Ultra is four times stronger than standard fish oil*.,Shop Now,https://scontent.ftgz4-1.fna.fbcdn.net/v/t39.35426-6/730465343_1650457603258087_8758492226958355021_n.jpg?_nc_cat=101&ccb=1-7&_nc_sid=c53f8f&_nc_ohc=pQH8EAjGyHAQ7kNvwHvalCO&_nc_oc=AdoTFCUtBYPDSj0lBhKDQmSbNm6E6q-uEUxMQgO87pedvGAx5FINLcbevE4EchkemvA&_nc_zt=14&_nc_ht=scontent.ftgz4-1.fna&_nc_gid=ZMbqm13qFv0ashOv1BnBYw&_nc_ss=7f180&oh=00_AQAlgDA4SVAd7bH4V3VeQi4j1ibzL0KM_6cPBcP6AlE06g&oe=6A50B7B3,,"['FACEBOOK', 'INSTAGRAM', 'AUDIENCE_NETWORK', 'MESSENGER', 'WHATSAPP', 'THREADS']",au,cw,facebook,social,2026-W27,2026-07,"FACEBOOK, INSTAGRAM, AUDIENCE_NETWORK, MESSENGER, WHATSAPP, THREADS",True,True,True,True,True,True,SKU Product,True,False,False,2026-07-06,2026-06-25 07:00:00,2026-07-06 16:23:53.030278,11
2954002274945056,880524777853354,True,2026-06-25 07:00:00,2026-06-30 07:00:00,Chemist Warehouse,Chemist Warehouse,{{product.name}},{{product.brand}},Shop now,DCO,https://chemistwarehouseoptometry.com.au/,chemistwarehouseoptometry.com.au,/,,,,,,,Not Specified,,,,,Contact Lenses at Chemist Warehouse prices!,"Stop paying too much on contact lenses at Chemist Warehouse Optometry.

👉 Wide range of lenses at everyday low prices.
👉 Free Shipping on orders over $99
👉 Tracked Delivery on all orders
👉 Friendly Customer Service

Shop Online Now at Chemist Warehouse Optometry & see the savings!",Shop Now,https://scontent.ftgz4-1.fna.fbcdn.net/v/t39.35426-6/728637296_1721400695550776_7910581692115926880_n.jpg?_nc_cat=107&ccb=1-7&_nc_sid=c53f8f&_nc_ohc=8QEtCjfUTCUQ7kNvwEbWTNK&_nc_oc=AdoqhrPfVGYqqg34zVPQeDMZEZ-1CBTpV_pqOMhIaETnnActTEZ7VrNEs-vEWPRP9R0&_nc_zt=14&_nc_ht=scontent.ftgz4-1.fna&_nc_gid=ZMbqm13qFv0ashOv1BnBYw&_nc_ss=7f180&oh=00_AQDGgfDMfyRjS5ncYqh09jCUsKwTzJrzZtyG-VBBmg_syQ&oe=6A50BD09,,"['FACEBOOK', 'INSTAGRAM', 'AUDIENCE_NETWORK', 'MESSENGER', 'THREADS']",,,,,2026-W27,2026-07,"FACEBOOK, INSTAGRAM, AUDIENCE_NETWORK, MESSENGER, THREADS",True,True,True,True,True,False,Homepage,True,False,False,2026-07-06,2026-06-25 07:00:00,2026-07-06 16:23:53.030278,11
1737326341034328,880524777853354,True,2026-06-25 07:00:00,2026-07-01 07:00:00,Chemist Warehouse,Chemist Warehouse,{{product.name}},{{product.brand}},Shop now,DCO,https://chemistwarehouseoptometry.com.au/,chemistwarehouseoptometry.com.au,/,,,,,,,Not Specified,,,,,Contact Lenses at Chemist Warehouse prices!,"Stop paying too much on contact lenses at Chemist Warehouse Optometry.

👉 Wide range of lenses at everyday low prices.
👉 Free Shipping on orders over $99
👉 Tracked Delivery on all orders
👉 Friendly Customer Service

Shop Online Now at Chemist Warehouse Optometry & see the savings!",Shop Now,https://scontent.ftgz4-1.fna.fbcdn.net/v/t39.35426-6/730559202_1537346501273427_7320607140128728113_n.jpg?_nc_cat=107&ccb=1-7&_nc_sid=c53f8f&_nc_ohc=xtHyTxsjSn8Q7kNvwG6GyuD&_nc_oc=AdowQyVoAPoEzkB3ZWNlVKKocPAgQhGdIqjjn_SBvuPETCsQQIpu5j1MY8chPe_Y4T8&_nc_zt=14&_nc_ht=scontent.ftgz4-1.fna&_nc_gid=ZMbqm13qFv0ashOv1BnBYw&_nc_ss=7f180&oh=00_AQAdLG_MYG-pgAvWUtBnKZdUKuvyGAvY_FT7fARlhi-Pqw&oe=6A509D25,,"['FACEBOOK', 'INSTAGRAM', 'AUDIENCE_NETWORK', 'THREADS']",,,,,2026-W27,2026-07,"FACEBOOK, INSTAGRAM, AUDIENCE_NETWORK, THREADS",True,True,True,False,True,False,Homepage,True,False,False,2026-07-06,2026-06-25 07:00:00,2026-07-06 16:23:53.030278,11
1954120061964837,1636953817401980,True,2026-06-25 07:00:00,2026-06-30 07:00:00,Chemist Warehouse,Chemist Warehouse,{{product.name}},{{product.brand}},Shop now,DCO,https://chemistwarehouseoptometry.com.au/,chemistwarehouseoptometry.com.au,/,,,,,,,Not Specified,,,,,Find your contact lenses online now!,"Stop paying too much on contact lenses at Chemist Warehouse Optometry.

👉 Wide range of lenses at everyday low prices.
👉 Free Shipping on orders over $99
👉 Tracked Delivery on all orders
👉 Friendly Customer Service

Shop Online Now at Chemist Warehouse Optometry & see the savings!",Shop Now,https://scontent.ftgz4-1.fna.fbcdn.net/v/t39.35426-6/730473918_27164149906611760_5913096701971126511_n.jpg?_nc_cat=100&ccb=1-7&_nc_sid=c53f8f&_nc_ohc=ma4jyW9QvkkQ7kNvwFL1TA7&_nc_oc=AdpSy0ZC8-UZpXJn9y29MvMrazHf5Iwyv9_ugS5AofgMm416-abZVniBsgP5Wf65kKE&_nc_zt=14&_nc_ht=scontent.ftgz4-1.fna&_nc_gid=ZMbqm13qFv0ashOv1BnBYw&_nc_ss=7f180&oh=00_AQDOLNMQX2O-ONGnfkhXCJ10UhtXpeWk5oyWhHAXpcQZ8Q&oe=6A50BFE7,,"['FACEBOOK', 'INSTAGRAM', 'AUDIENCE_NETWORK', 'MESSENGER', 'THREADS']",,,,,2026-W27,2026-07,"FACEBOOK, INSTAGRAM, AUDIENCE_NETWORK, MESSENGER, THREADS",True,True,True,True,True,False,Homepage,True,False,False,2026-07-06,2026-06-25 07:00:00,2026-07-06 16:23:53.030278,11
999187176298825,2159235607980963,True,2026-06-25 07:00:00,2026-06-25 07:00:00,Chemist Warehouse,Chemist Warehouse,{{product.name}},{{product.brand}},Shop now,DCO,https://chemistwarehouseoptometry.com.au/,chemistwarehouseoptometry.com.au,/,,,,,,,Not Specified,,,,,Shop at Chemist Warehouse Optometry now,"Stop paying too much on contact lenses at Chemist Warehouse Optometry.

👉 Wide range of lenses at everyday low prices.
👉 Free Shipping on orders over $99
👉 Tracked Delivery on all orders
👉 Friendly Customer Service

Shop Online Now at Chemist Warehouse Optometry & see the savings!",Shop Now,https://scontent.ftgz4-1.fna.fbcdn.net/v/t39.35426-6/729558337_1602515834765669_8603472324888636563_n.jpg?_nc_cat=104&ccb=1-7&_nc_sid=c53f8f&_nc_ohc=TV94pYis91QQ7kNvwHQqfA3&_nc_oc=AdqgX0JiGrkUgdWCYGZSodL7yj-ySRthwqfBHFMGnD6TmUn4ebHsq_UW765Xww0ycN8&_nc_zt=14&_nc_ht=scontent.ftgz4-1.fna&_nc_gid=ZMbqm13qFv0ashOv1BnBYw&_nc_ss=7f180&oh=00_AQD24dH0noQfac9yLL8_5TB18SSWg--tMfPNLfxO2jtEaQ&oe=6A50BA87,,"['FACEBOOK', 'INSTAGRAM', 'AUDIENCE_NETWORK', 'THREADS']",,,,,2026-W27,2026-07,"FACEBOOK, INSTAGRAM, AUDIENCE_NETWORK, THREADS",True,True,True,False,True,False,Homepage,True,False,False,2026-07-06,2026-06-25 07:00:00,2026-07-06 16:23:53.030278,11
1045670924469589,1636953817401980,True,2026-06-25 07:00:00,2026-06-26 07:00:00,Chemist Warehouse,Chemist Warehouse,{{product.name}},{{product.brand}},Shop now,DCO,https://chemistwarehouseoptometry.com.au/,chemistwarehouseoptometry.com.au,/,,,,,,,Not Specified,,,,,Find your contact lenses online now!,"Stop paying too much on contact lenses at Chemist Warehouse Optometry.

👉 Wide range of lenses at everyday low prices.
👉 Free Shipping on orders over $99
👉 Tracked Delivery on all orders
👉 Friendly Customer Service

Shop Online Now at Chemist Warehouse Optometry & see the savings!",Shop Now,https://scontent.ftgz4-1.fna.fbcdn.net/v/t39.35426-6/729905931_1004492008997954_4988892486739977829_n.jpg?_nc_cat=105&ccb=1-7&_nc_sid=c53f8f&_nc_ohc=t5V4yI3GJlAQ7kNvwGSfhP5&_nc_oc=AdoJVvVxLE5Rwk_GCh0bF9690v8aXnOAi0LzOJkH44l-kQ0cHTe3pefQa5EyOGpfgOc&_nc_zt=14&_nc_ht=scontent.ftgz4-1.fna&_nc_gid=ZMbqm13qFv0ashOv1BnBYw&_nc_ss=7f180&oh=00_AQCIjRN6zBGjEGZR1g2bhL2oGCVWX60N5u3q55jOiKGs3w&oe=6A50A0A3,,"['FACEBOOK', 'INSTAGRAM', 'AUDIENCE_NETWORK', 'THREADS']",,,,,2026-W27,2026-07,"FACEBOOK, INSTAGRAM, AUDIENCE_NETWORK, THREADS",True,True,True,False,True,False,Homepage,True,False,False,2026-07-06,2026-06-25 07:00:00,2026-07-06 16:23:53.030278,11
876408408348467,2159235607980963,True,2026-06-25 07:00:00,2026-06-29 07:00:00,Chemist Warehouse,Chemist Warehouse,{{product.name}},{{product.brand}},Shop now,DCO,https://chemistwarehouseoptometry.com.au/,chemistwarehouseoptometry.com.au,/,,,,,,,Not Specified,,,,,Shop at Chemist Warehouse Optometry now,"Stop paying too much on contact lenses at Chemist Warehouse Optometry.

👉 Wide range of lenses at everyday low prices.
👉 Free Shipping on orders over $99
👉 Tracked Delivery on all orders
👉 Friendly Customer Service

Shop Online Now at Chemist Warehouse Optometry & see the savings!",Shop Now,https://scontent.ftgz4-1.fna.fbcdn.net/v/t39.35426-6/731111759_2092637841634113_2378105374719146720_n.jpg?_nc_cat=104&ccb=1-7&_nc_sid=c53f8f&_nc_ohc=esIXvE7XzeIQ7kNvwFd2zdK&_nc_oc=AdqglRfawwQ2EzYOQ5LlrgIT7yVHpZup9Qa0qI3T7E3Al8rxg-ffOqob3BMvx4YwXPc&_nc_zt=14&_nc_ht=scontent.ftgz4-1.fna&_nc_gid=ZMbqm13qFv0ashOv1BnBYw&_nc_ss=7f180&oh=00_AQCMFbOq2P45NW6-OtpoAg_EOYGN5ZnrjG7YoIBzWyGLeA&oe=6A50A9B9,,"['FACEBOOK', 'INSTAGRAM', 'AUDIENCE_NETWORK', 'MESSENGER', 'THREADS']",,,,,2026-W27,2026-07,"FACEBOOK, INSTAGRAM, AUDIENCE_NETWORK, MESSENGER, THREADS",True,True,True,True,True,False,Homepage,True,False,False,2026-07-06,2026-06-25 07:00:00,2026-07-06 16:23:53.030278,11
1725693101955189,1413957427208544,True,2026-06-25 07:00:00,2026-06-30 07:00:00,Chemist Warehouse,Chemist Warehouse,{{product.name}},{{product.brand}},Shop now,DCO,https://chemistwarehouseoptometry.com.au/,chemistwarehouseoptometry.com.au,/,,,,,,,Not Specified,,,,,Find your contact lenses online now!,"Stop paying too much on contact lenses at Chemist Warehouse Optometry.

👉 Wide range of lenses at everyday low prices.
👉 Free Shipping on orders over $99
👉 Tracked Delivery on all orders
👉 Friendly Customer Service

Shop Online Now at Chemist Warehouse Optometry & see the savings!",Shop Now,https://scontent.ftgz4-1.fna.fbcdn.net/v/t39.35426-6/730398204_2506700226515655_1490509349894713386_n.jpg?_nc_cat=105&ccb=1-7&_nc_sid=c53f8f&_nc_ohc=NptDapTU_80Q7kNvwFpYCLT&_nc_oc=AdqV5FKY2nrLV8GgJS1_0dUCCmjiImjyhfaerbWdvmN7czesJ-BXNu5_AHUvhfvRaow&_nc_zt=14&_nc_ht=scontent.ftgz4-1.fna&_nc_gid=ZMbqm13qFv0ashOv1BnBYw&_nc_ss=7f180&oh=00_AQCiegFDuwmSGUUuHyuKDbkthaGTjwi2h0gKbkWaBcIxpQ&oe=6A509A1E,,"['FACEBOOK', 'INSTAGRAM', 'AUDIENCE_NETWORK', 'THREADS']",,,,,2026-W27,2026-07,"FACEBOOK, INSTAGRAM, AUDIENCE_NETWORK, THREADS",True,True,True,False,True,False,Homepage,True,False,False,2026-07-06,2026-06-25 07:00:00,2026-07-06 16:23:53.030278,11
1013826064375219,1328032482166670,True,2026-06-24 07:00:00,2026-07-01 07:00:00,Chemist Warehouse,Chemist Warehouse,Shop Difflam Plus now at Chemist Warehouse!,Difflam Plus does both – it targets the bacteria and the painful swelling.,Shop now,IMAGE,https://www.chemistwarehouse.com.au/buy/136285/difflam-sore-throat-sugar-free-honey-and-lemon-48-lozenges,www.chemistwarehouse.com.au,/buy/136285/difflam-sore-throat-sugar-free-honey-and-lemon-48-lozenges,,,,,,,Not Specified,,,,,,,,,,"['FACEBOOK', 'INSTAGRAM', 'THREADS']",,,,,2026-W27,2026-07,"FACEBOOK, INSTAGRAM, THREADS",True,True,False,False,True,False,SKU Product,True,True,False,2026-07-06,2026-06-24 07:00:00,2026-07-06 16:23:53.030278,12
2223851541696775,1966273870691731,True,2026-06-25 07:00:00,2026-07-05 07:00:00,Chemist Warehouse,Chemist Warehouse,NEW Mega Lift Brownie Pie Mascara,Shop Rimmel’s viral Brownie Pie range now at Chemist Warehouse,Shop now,VIDEO,https://www.chemistwarehouse.com.au/shop-online/rimmel-brownie-pie?utm_source=facebook&utm_medium=social&utm_campaign=au_cw_oa_facebook_social_cotyconsumerbeauty_rimmel_648_june26_100560-browniepie_video-image&utm_term=traffic&utm_content=video-image_brand,www.chemistwarehouse.com.au,/shop-online/rimmel-brownie-pie,facebook,social,au_cw_oa_facebook_social_cotyconsumerbeauty_rimmel_648_june26_100560-browniepie_video-image,648,traffic,video-image_brand,O&O,Cotyconsumerbeauty,Rimmel,june26,video-image,,,,,,"['FACEBOOK', 'INSTAGRAM', 'AUDIENCE_NETWORK', 'MESSENGER', 'WHATSAPP', 'THREADS']",au,cw,facebook,social,2026-W27,2026-07,"FACEBOOK, INSTAGRAM, AUDIENCE_NETWORK, MESSENGER, WHATSAPP, THREADS",True,True,True,True,True,True,Brand/Category Page,True,True,False,2026-07-06,2026-06-25 07:00:00,2026-07-06 16:23:53.030278,11
1503008230853547,1155643860107528,True,2026-06-25 07:00:00,2026-07-05 07:00:00,Chemist Warehouse,Chemist Warehouse,NEW Mega Lift Brownie Pie Mascara,Shop Rimmel’s viral Brownie Pie range now at Chemist Warehouse,Shop now,VIDEO,https://www.chemistwarehouse.com.au/shop-online/rimmel-brownie-pie?utm_source=facebook&utm_medium=social&utm_campaign=au_cw_oa_facebook_social_cotyconsumerbeauty_rimmel_648_june26_100560-browniepie_video-image&utm_term=traffic&utm_content=video-image_brand,www.chemistwarehouse.com.au,/shop-online/rimmel-brownie-pie,facebook,social,au_cw_oa_facebook_social_cotyconsumerbeauty_rimmel_648_june26_100560-browniepie_video-image,648,traffic,video-image_brand,O&O,Cotyconsumerbeauty,Rimmel,june26,video-image,,,,,,"['FACEBOOK', 'INSTAGRAM', 'AUDIENCE_NETWORK', 'MESSENGER', 'WHATSAPP', 'THREADS']",au,cw,facebook,social,2026-W27,2026-07,"FACEBOOK, INSTAGRAM, AUDIENCE_NETWORK, MESSENGER, WHATSAPP, THREADS",True,True,True,True,True,True,Brand/Category Page,True,True,False,2026-07-06,2026-06-25 07:00:00,2026-07-06 16:23:53.030278,11
1336570081233818,2122022478739748,True,2026-06-24 07:00:00,2026-07-01 07:00:00,Chemist Warehouse,Chemist Warehouse,Shop Caruso’s now at Chemist Warehouse!,Keep moving with ease and sleep better with strong bones and healthy muscles,Shop now,IMAGE,https://www.chemistwarehouse.com.au/buy/123613/carusos-vitamin-k2-d3-magnesium-30-tablets,www.chemistwarehouse.com.au,/buy/123613/carusos-vitamin-k2-d3-magnesium-30-tablets,,,,,,,Not Specified,,,,,,,,,,"['FACEBOOK', 'INSTAGRAM', 'THREADS']",,,,,2026-W27,2026-07,"FACEBOOK, INSTAGRAM, THREADS",True,True,False,False,True,False,SKU Product,True,True,False,2026-07-06,2026-06-24 07:00:00,2026-07-06 16:23:53.030278,12
986220481110011,1016032997480593,True,2026-06-25 07:00:00,2026-06-30 07:00:00,Chemist Warehouse,Chemist Warehouse,{{product.name}},{{product.brand}},Shop now,DCO,https://chemistwarehouseoptometry.com.au/,chemistwarehouseoptometry.com.au,/,,,,,,,Not Specified,,,,,Shop at Chemist Warehouse Optometry now,"Stop paying too much on contact lenses at Chemist Warehouse Optometry.

👉 Wide range of lenses at everyday low prices.
👉 Free Shipping on orders over $99
👉 Tracked Delivery on all orders
👉 Friendly Customer Service

Shop Online Now at Chemist Warehouse Optometry & see the savings!",Shop Now,https://scontent.ftgz4-1.fna.fbcdn.net/v/t39.35426-6/729148460_1703040434372741_7660826292810886981_n.jpg?_nc_cat=111&ccb=1-7&_nc_sid=c53f8f&_nc_ohc=z7g64J3MX_gQ7kNvwFOtgbJ&_nc_oc=AdoxsBTS5thZafxTqx1iSOG4fBF6_HOXB79UMkEPgk7KMDixdefKqknTgNtX9aEv9i0&_nc_zt=14&_nc_ht=scontent.ftgz4-1.fna&_nc_gid=ZMbqm13qFv0ashOv1BnBYw&_nc_ss=7f180&oh=00_AQBoxKYaDAu2VBoGMBxgK4yXEahpzTAUJgcUsFNROAoofg&oe=6A50BB3E,,"['FACEBOOK', 'INSTAGRAM', 'AUDIENCE_NETWORK', 'THREADS']",,,,,2026-W27,2026-07,"FACEBOOK, INSTAGRAM, AUDIENCE_NETWORK, THREADS",True,True,True,False,True,False,Homepage,True,False,False,2026-07-06,2026-06-25 07:00:00,2026-07-06 16:23:53.030278,11
2298633840905744,4534210003507184,True,2026-06-25 07:00:00,2026-07-05 07:00:00,Chemist Warehouse,Chemist Warehouse,NEW Mega Lift Brownie Pie Mascara,Shop Rimmel’s viral Brownie Pie range now at Chemist Warehouse,Shop now,VIDEO,https://www.chemistwarehouse.com.au/shop-online/rimmel-brownie-pie?utm_source=facebook&utm_medium=social&utm_campaign=au_cw_oa_facebook_social_cotyconsumerbeauty_rimmel_648_june26_100560-browniepie_video-image&utm_term=traffic&utm_content=video-image_brand,www.chemistwarehouse.com.au,/shop-online/rimmel-brownie-pie,facebook,social,au_cw_oa_facebook_social_cotyconsumerbeauty_rimmel_648_june26_100560-browniepie_video-image,648,traffic,video-image_brand,O&O,Cotyconsumerbeauty,Rimmel,june26,video-image,,,,,,"['FACEBOOK', 'INSTAGRAM', 'AUDIENCE_NETWORK', 'MESSENGER', 'WHATSAPP', 'THREADS']",au,cw,facebook,social,2026-W27,2026-07,"FACEBOOK, INSTAGRAM, AUDIENCE_NETWORK, MESSENGER, WHATSAPP, THREADS",True,True,True,True,True,True,Brand/Category Page,True,True,False,2026-07-06,2026-06-25 07:00:00,2026-07-06 16:23:53.030278,11
996138149835071,1257132353286106,True,2026-06-25 07:00:00,2026-07-05 07:00:00,Chemist Warehouse,Chemist Warehouse,Now 1/2 Price off RRP!,NEW Nature's Own Concentrated Fish Oil Omega Ultra is four times stronger than standard fish oil*.,Shop now,VIDEO,https://fb.com/canvas_doc/26950967627937243,fb.com,/canvas_doc/26950967627937243,,,,,,,Not Specified,,,,,,,,,,"['FACEBOOK', 'INSTAGRAM', 'AUDIENCE_NETWORK', 'MESSENGER', 'WHATSAPP', 'THREADS']",,,,,2026-W27,2026-07,"FACEBOOK, INSTAGRAM, AUDIENCE_NETWORK, MESSENGER, WHATSAPP, THREADS",True,True,True,True,True,True,Internal/App Page,True,False,False,2026-07-06,2026-06-25 07:00:00,2026-07-06 16:23:53.030278,11
28441073762160286,,True,2026-06-25 07:00:00,2026-07-05 07:00:00,Chemist Warehouse,Chemist Warehouse,Now 1/2 Price off RRP!,NEW Nature's Own Concentrated Fish Oil Omega Ultra is four times stronger than standard fish oil*.,Shop now,IMAGE,https://fb.com/canvas_doc/1489963972370142,fb.com,/canvas_doc/1489963972370142,,,,,,,Not Specified,,,,,,,,,,"['FACEBOOK', 'INSTAGRAM', 'AUDIENCE_NETWORK', 'MESSENGER', 'WHATSAPP', 'THREADS']",,,,,2026-W27,2026-07,"FACEBOOK, INSTAGRAM, AUDIENCE_NETWORK, MESSENGER, WHATSAPP, THREADS",True,True,True,True,True,True,Internal/App Page,True,False,False,2026-07-06,2026-06-25 07:00:00,2026-07-06 16:23:53.030278,11
821119170934343,2431579447323983,True,2026-06-24 07:00:00,2026-07-01 07:00:00,Chemist Warehouse,Chemist Warehouse,Shop Now at Chemist Warehouse!,Shop Now at Chemist Warehouse!,Shop now,IMAGE,https://www.chemistwarehouse.com.au/,www.chemistwarehouse.com.au,/,,,,,,,Not Specified,,,,,,,,,,"['FACEBOOK', 'INSTAGRAM']",,,,,2026-W27,2026-07,"FACEBOOK, INSTAGRAM",True,True,False,False,False,False,Homepage,True,True,False,2026-07-06,2026-06-24 07:00:00,2026-07-06 16:23:53.030278,12
1791520595544822,1722303378910013,True,2026-06-24 07:00:00,2026-07-01 07:00:00,Chemist Warehouse,Chemist Warehouse,Shop Now at Chemist Warehouse!,Shop Now at Chemist Warehouse!,Shop now,IMAGE,https://www.chemistwarehouse.com.au/,www.chemistwarehouse.com.au,/,,,,,,,Not Specified,,,,,,,,,,"['FACEBOOK', 'INSTAGRAM']",,,,,2026-W27,2026-07,"FACEBOOK, INSTAGRAM",True,True,False,False,False,False,Homepage,True,True,False,2026-07-06,2026-06-24 07:00:00,2026-07-06 16:23:53.030278,12
997007966304713,,True,2026-06-24 07:00:00,2026-07-05 07:00:00,Chemist Warehouse,Chemist Warehouse,{{product.name}},{{product.brand}},Shop now,DCO,https://www.chemistwarehouse.com.au/shop-online/505/natures-own?category=Energy%20%26%20Fitness&utm_source=facebook&utm_medium=social&utm_campaign=au_cw_oa_facebook_social_sanoficonsumerhealthcare_naturesown_81_2026_bau_dynamic&utm_term=conversion&utm_content=dynamic_brand,www.chemistwarehouse.com.au,/shop-online/505/natures-own,facebook,social,au_cw_oa_facebook_social_sanoficonsumerhealthcare_naturesown_81_2026_bau_dynamic,81,conversion,dynamic_brand,O&O,Sanoficonsumerhealthcare,Naturesown,2026,dynamic,Now 1/2 Price off RRP,Nature's Own Super B Complex is specially formulated with all 8 B vitamins to support energy levels & relieve tiredness.,Shop Now,https://scontent.ftgz4-1.fna.fbcdn.net/v/t39.35426-6/727322946_4040911166211087_702177986834420975_n.jpg?_nc_cat=110&ccb=1-7&_nc_sid=c53f8f&_nc_ohc=D60SBxsxkf0Q7kNvwHeGdUD&_nc_oc=AdpBJSfqZ4-VnMKOu6D7CdbjDaQUXlOG_jwy2CUIplS4-avCPQD86jEWIlM3eFeW9KM&_nc_zt=14&_nc_ht=scontent.ftgz4-1.fna&_nc_gid=RlyYFDNQuVNE1WsVIW63mg&_nc_ss=7f180&oh=00_AQDmdC6FP8qfd7D2wRSUOzaWtgr9iKyRvy1MuaKSiy8qUQ&oe=6A508FE1,,"['FACEBOOK', 'INSTAGRAM', 'AUDIENCE_NETWORK', 'MESSENGER', 'THREADS']",au,cw,facebook,social,2026-W27,2026-07,"FACEBOOK, INSTAGRAM, AUDIENCE_NETWORK, MESSENGER, THREADS",True,True,True,True,True,False,Brand/Category Page,True,False,False,2026-07-06,2026-06-24 07:00:00,2026-07-06 16:23:53.030278,12
2326973024496337,,True,2026-06-24 07:00:00,2026-07-05 07:00:00,Chemist Warehouse,Chemist Warehouse,Now 1/2 Price off RRP,Nature's Own Super B Complex is specially formulated with all 8 B vitamins to support energy levels & relieve tiredness.,Shop now,VIDEO,https://fb.com/canvas_doc/4403742589863950,fb.com,/canvas_doc/4403742589863950,,,,,,,Not Specified,,,,,,,,,,"['FACEBOOK', 'INSTAGRAM', 'AUDIENCE_NETWORK', 'MESSENGER', 'THREADS']",,,,,2026-W27,2026-07,"FACEBOOK, INSTAGRAM, AUDIENCE_NETWORK, MESSENGER, THREADS",True,True,True,True,True,False,Internal/App Page,True,False,False,2026-07-06,2026-06-24 07:00:00,2026-07-06 16:23:53.030278,12
1749241386065638,,True,2026-06-24 07:00:00,2026-07-05 07:00:00,Chemist Warehouse,Chemist Warehouse,Chemist Warehouse,Shop Rimmel’s viral Brownie Pie range now at Chemist Warehouse,Shop now,DPA,https://www.chemistwarehouse.com.au/shop-online/rimmel-brownie-pie?utm_source=facebook&utm_medium=social&utm_campaign=au_cw_oa_facebook_social_cotyconsumerbeauty_rimmel_648_2026_bau_dynamic&utm_term=conversion&utm_content=dynamic_brand,www.chemistwarehouse.com.au,/shop-online/rimmel-brownie-pie,facebook,social,au_cw_oa_facebook_social_cotyconsumerbeauty_rimmel_648_2026_bau_dynamic,648,conversion,dynamic_brand,O&O,Cotyconsumerbeauty,Rimmel,2026,dynamic,Chemist Warehouse,Shop Rimmel’s viral Brownie Pie range now at Chemist Warehouse,Shop Now,https://scontent.ftgz4-1.fna.fbcdn.net/v/t39.35426-6/731093471_4394452034149841_4955172161428942764_n.jpg?_nc_cat=100&ccb=1-7&_nc_sid=c53f8f&_nc_ohc=7CzDy-kkSVwQ7kNvwGVK4vg&_nc_oc=AdriPhua5k-6_YyYeZ5UC9xqEPE00dxkuTaIZaArPRHgAhmJRh7Smch5gBnc-bttzTM&_nc_zt=14&_nc_ht=scontent.ftgz4-1.fna&_nc_gid=RlyYFDNQuVNE1WsVIW63mg&_nc_ss=7f180&oh=00_AQAAujaboBxm3KhTn-8G2ONSPU6nGJC_rdSRyt_ujf2Kcg&oe=6A50A22E,,"['FACEBOOK', 'INSTAGRAM', 'AUDIENCE_NETWORK', 'MESSENGER', 'THREADS']",au,cw,facebook,social,2026-W27,2026-07,"FACEBOOK, INSTAGRAM, AUDIENCE_NETWORK, MESSENGER, THREADS",True,True,True,True,True,False,Brand/Category Page,True,True,False,2026-07-06,2026-06-24 07:00:00,2026-07-06 16:23:53.030278,12
2490258894779333,,True,2026-06-25 07:00:00,2026-07-05 07:00:00,Chemist Warehouse,Chemist Warehouse,Chemist Warehouse,Shop Rimmel’s viral Brownie Pie range now at Chemist Warehouse,Shop now,DPA,https://www.chemistwarehouse.com.au/shop-online/rimmel-brownie-pie?utm_source=facebook&utm_medium=social&utm_campaign=au_cw_oa_facebook_social_cotyconsumerbeauty_rimmel_648_2026_bau_dynamic&utm_term=conversion&utm_content=dynamic_brand,www.chemistwarehouse.com.au,/shop-online/rimmel-brownie-pie,facebook,social,au_cw_oa_facebook_social_cotyconsumerbeauty_rimmel_648_2026_bau_dynamic,648,conversion,dynamic_brand,O&O,Cotyconsumerbeauty,Rimmel,2026,dynamic,Chemist Warehouse,Shop Rimmel’s viral Brownie Pie range now at Chemist Warehouse,Shop Now,https://scontent.ftgz4-1.fna.fbcdn.net/v/t39.35426-6/728951300_2255438448544014_3519627217627088285_n.jpg?_nc_cat=105&ccb=1-7&_nc_sid=c53f8f&_nc_ohc=qDraC-pVUtwQ7kNvwGj0u-W&_nc_oc=Adra5t0zJHrvNYOBJElXH6uE6jWC2IuOPeQrIUAxmJvtNhqXoXqXuximFjo6k_NKQ34&_nc_zt=14&_nc_ht=scontent.ftgz4-1.fna&_nc_gid=RlyYFDNQuVNE1WsVIW63mg&_nc_ss=7f180&oh=00_AQC64pt9Dm_lEFcKbr_ZGaXL1tqAH0rUuCQ6mBSWFvj8yQ&oe=6A509042,,"['FACEBOOK', 'INSTAGRAM', 'AUDIENCE_NETWORK', 'MESSENGER', 'THREADS']",au,cw,facebook,social,2026-W27,2026-07,"FACEBOOK, INSTAGRAM, AUDIENCE_NETWORK, MESSENGER, THREADS",True,True,True,True,True,False,Brand/Category Page,True,True,False,2026-07-06,2026-06-25 07:00:00,2026-07-06 16:23:53.030278,11
1730176845100901,,True,2026-06-24 07:00:00,2026-07-05 07:00:00,Chemist Warehouse,Chemist Warehouse,Now 1/2 Price off RRP,Nature's Own Super B Complex is specially formulated with all 8 B vitamins to support energy levels & relieve tiredness.,Shop now,IMAGE,https://fb.com/canvas_doc/1683437509574476,fb.com,/canvas_doc/1683437509574476,,,,,,,Not Specified,,,,,,,,,,"['FACEBOOK', 'INSTAGRAM', 'AUDIENCE_NETWORK', 'MESSENGER', 'THREADS']",,,,,2026-W27,2026-07,"FACEBOOK, INSTAGRAM, AUDIENCE_NETWORK, MESSENGER, THREADS",True,True,True,True,True,False,Internal/App Page,True,False,False,2026-07-06,2026-06-24 07:00:00,2026-07-06 16:23:53.030278,12
1389360349720625,897587975972903,True,2026-06-25 07:00:00,2026-07-05 07:00:00,Chemist Warehouse,Chemist Warehouse,Available at Chemist Warehouse,Mum & bub kit made easy. Shop Rite Aid now.,Shop now,VIDEO,https://www.chemistwarehouse.com.au/shop-online/705638/rite-aid?utm_source=facebook&utm_medium=social&utm_campaign=au_cw_oa_facebook_social_tolifetechnologiesptyltd_riteaid_20_may26_100526-boosting_video&utm_term=traffic&utm_content=video_win-video,www.chemistwarehouse.com.au,/shop-online/705638/rite-aid,facebook,social,au_cw_oa_facebook_social_tolifetechnologiesptyltd_riteaid_20_may26_100526-boosting_video,20,traffic,video_win-video,O&O,Tolifetechnologiesptyltd,Riteaid,may26,video,,,,,,"['FACEBOOK', 'INSTAGRAM', 'MESSENGER']",au,cw,facebook,social,2026-W27,2026-07,"FACEBOOK, INSTAGRAM, MESSENGER",True,True,False,True,False,False,Brand/Category Page,True,True,False,2026-07-06,2026-06-25 07:00:00,2026-07-06 16:23:53.030278,11
3430530647124230,,True,2026-06-24 07:00:00,2026-07-05 07:00:00,Chemist Warehouse,Chemist Warehouse,{{product.name}},{{product.brand}},Shop now,DCO,https://www.chemistwarehouse.com.au/shop-online/505/natures-own?category=Energy%20%26%20Fitness&utm_source=facebook&utm_medium=social&utm_campaign=au_cw_oa_facebook_social_sanoficonsumerhealthcare_naturesown_81_2026_bau_dynamic&utm_term=conversion&utm_content=dynamic_brand,www.chemistwarehouse.com.au,/shop-online/505/natures-own,facebook,social,au_cw_oa_facebook_social_sanoficonsumerhealthcare_naturesown_81_2026_bau_dynamic,81,conversion,dynamic_brand,O&O,Sanoficonsumerhealthcare,Naturesown,2026,dynamic,Now 1/2 Price off RRP,Nature's Own Super B Complex is specially formulated with all 8 B vitamins to support energy levels & relieve tiredness.,Shop Now,,https://video.ftgz4-1.fna.fbcdn.net/o1/v/t2/f2/m366/AQOFrN6zWaKiKkVXhoILQO71gFv76DUM3ohhswwImX1tNVui33r7TMupObY_i6tKyj5bieRGtB6Du4P32Gs4_1T8I-AdkfzXjUOZ3pLeovzEnA.mp4?_nc_cat=106&_nc_oc=Adrg6dCUJ5YxsDVsyZ84JXqgIzf1C35MJydJKMsa0dFMM2T802UH4rUz7LcLN6KbNFo&_nc_sid=b66105&_nc_ht=video.ftgz4-1.fna.fbcdn.net&_nc_ohc=w2IB8tGNG2wQ7kNvwEHo2rc&efg=eyJ2ZW5jb2RlX3RhZyI6Inhwdl9wcm9ncmVzc2l2ZS5WSV9VU0VDQVNFX1BST0RVQ1RfVFlQRS4uQzMuNzIwLmRhc2hfaDI2NC1iYXNpYy1nZW4yXzcyMHAiLCJ4cHZfYXNzZXRfaWQiOjEyNTI1MzkwNTAxMzk5MzAsImFzc2V0X2FnZV9kYXlzIjoxMiwidmlfdXNlY2FzZV9pZCI6MTA3OTksImR1cmF0aW9uX3MiOjM0LCJ3YXRjaF90aW1lX3MiOjg3Njk5NiwidXJsZ2VuX3NvdXJjZSI6Ind3dyJ9&ccb=17-1&vs=1da98901b3c17d61&_nc_vs=HBksFQIYRWZiX2VwaGVtZXJhbC82NzRBM0YxNDk0OEUxQkFFRDU5QUQ2NDEwMjNBMjg5N19tdF8xX3ZpZGVvX2Rhc2hpbml0Lm1wNBUAAsgBEgAVAhhAZmJfcGVybWFuZW50L0VENEM1OUYxQTU1QTEyNzgxNDBBRUNDMDY1ODdBN0JDX2F1ZGlvX2Rhc2hpbml0Lm1wNBUCAsgBEgAoABgAGwKIB3VzZV9vaWwBMRJwcm9ncmVzc2l2ZV9yZWNpcGUBMRUAACa0hLWSr8u5BBUCKAJDMywXQEEmZmZmZmYYGWRhc2hfaDI2NC1iYXNpYy1nZW4yXzcyMHARAHUAZd6oAQA&_nc_gid=RlyYFDNQuVNE1WsVIW63mg&_nc_ss=7f180&_nc_zt=28&oh=00_AQBnN653MEs59oK8rvR_92YmaVsSJ3BkPCuMCcpn0mwIZQ&oe=6A50BA9E,"['FACEBOOK', 'INSTAGRAM', 'AUDIENCE_NETWORK', 'MESSENGER', 'THREADS']",au,cw,facebook,social,2026-W27,2026-07,"FACEBOOK, INSTAGRAM, AUDIENCE_NETWORK, MESSENGER, THREADS",True,True,True,True,True,False,Brand/Category Page,True,False,False,2026-07-06,2026-06-24 07:00:00,2026-07-06 16:23:53.030278,12
1378320220870282,1533790585107722,True,2026-06-24 07:00:00,2026-07-05 07:00:00,Chemist Warehouse,Chemist Warehouse,Available at Chemist Warehouse,Shop Avene Cicalfate+ now at Chemist Warehouse.,Shop now,VIDEO,https://www.chemistwarehouse.com.au/shop-online/561/avene?utm_source=facebook&utm_medium=social&utm_campaign=au_cw_oa_facebook_social_pierrefabreaustraliaptyltd_avene_665_jun26_100540-hydrotherapy_video&utm_term=reach&utm_content=video_video,www.chemistwarehouse.com.au,/shop-online/561/avene,facebook,social,au_cw_oa_facebook_social_pierrefabreaustraliaptyltd_avene_665_jun26_100540-hydrotherapy_video,665,reach,video_video,O&O,Pierrefabreaustraliaptyltd,Avene,jun26,video,,,,,,"['FACEBOOK', 'INSTAGRAM', 'THREADS']",au,cw,facebook,social,2026-W27,2026-07,"FACEBOOK, INSTAGRAM, THREADS",True,True,False,False,True,False,Brand/Category Page,True,True,False,2026-07-06,2026-06-24 07:00:00,2026-07-06 16:23:53.030278,12
1343667724571562,,True,2026-06-24 07:00:00,2026-07-05 07:00:00,Chemist Warehouse,Chemist Warehouse,Shop Dove at Chemist Warehouse!,Shop the new Dove Serum Body Wash range at Chemist Warehouse!,Shop now,VIDEO,https://www.chemistwarehouse.com.au/shop-online/828/dove?utm_source=facebook&utm_medium=social&utm_campaign=au_cw_oa_facebook_social_unileveraustralialimited_dove_259_jun25_100465-oa_video&utm_term=traffic&utm_content=video_,www.chemistwarehouse.com.au,/shop-online/828/dove,facebook,social,au_cw_oa_facebook_social_unileveraustralialimited_dove_259_jun25_100465-oa_video,259,traffic,video_,O&O,Unileveraustralialimited,Dove,jun25,video,,,,,,"['FACEBOOK', 'INSTAGRAM', 'AUDIENCE_NETWORK', 'MESSENGER', 'WHATSAPP', 'THREADS']",au,cw,facebook,social,2026-W27,2026-07,"FACEBOOK, INSTAGRAM, AUDIENCE_NETWORK, MESSENGER, WHATSAPP, THREADS",True,True,True,True,True,True,Brand/Category Page,True,True,False,2026-07-06,2026-06-24 07:00:00,2026-07-06 16:23:53.030278,12
4428483677431473,,True,2026-06-24 07:00:00,2026-07-05 07:00:00,Chemist Warehouse,Chemist Warehouse,{{product.name}},{{product.brand}},Shop now,DCO,https://www.chemistwarehouse.com.au/shop-online/863/pantene?utm_source=facebook&utm_medium=social&utm_campaign=au_cw_oa_facebook_social_proctergambleaustralia_pantene_129_2026_100587-oa_image&utm_term=conversion&utm_content=image_all,www.chemistwarehouse.com.au,/shop-online/863/pantene,facebook,social,au_cw_oa_facebook_social_proctergambleaustralia_pantene_129_2026_100587-oa_image,129,conversion,image_all,O&O,Proctergambleaustralia,Pantene,2026,image,Shop Pantene Now ,Shop Pantene 1/2 Price OFF RRP at Chemist Warehouse . Repairs up to 3 years of damage from first use.,Shop Now,https://scontent.ftgz4-1.fna.fbcdn.net/v/t39.35426-6/728512146_1947822269248874_7272787151610514135_n.jpg?_nc_cat=109&ccb=1-7&_nc_sid=c53f8f&_nc_ohc=3agZQsmIOfQQ7kNvwEaMBb0&_nc_oc=Adrs9ygs0O9YfZh7mhOXd-8gToHxQpOzS7bBxHh9hDkGdBF3FSCynXIoXmmI_LUG42w&_nc_zt=14&_nc_ht=scontent.ftgz4-1.fna&_nc_gid=RlyYFDNQuVNE1WsVIW63mg&_nc_ss=7f180&oh=00_AQDmcmexJQvIfw4p6y66fLz7drRcPX2Tf00VAh_dUxj0aQ&oe=6A5097FA,,"['FACEBOOK', 'INSTAGRAM', 'AUDIENCE_NETWORK', 'MESSENGER', 'THREADS']",au,cw,facebook,social,2026-W27,2026-07,"FACEBOOK, INSTAGRAM, AUDIENCE_NETWORK, MESSENGER, THREADS",True,True,True,True,True,False,Brand/Category Page,True,False,False,2026-07-06,2026-06-24 07:00:00,2026-07-06 16:23:53.030278,12
1542197297540750,,True,2026-06-24 07:00:00,2026-07-05 07:00:00,Chemist Warehouse,Chemist Warehouse,{{product.name}},{{product.brand}},Shop now,DCO,https://www.chemistwarehouse.com.au/shop-online/863/pantene?utm_source=facebook&utm_medium=social&utm_campaign=au_cw_oa_facebook_social_proctergambleaustralia_pantene_129_2026_100587-oa_video-image&utm_term=traffic&utm_content=video-image_all,www.chemistwarehouse.com.au,/shop-online/863/pantene,facebook,social,au_cw_oa_facebook_social_proctergambleaustralia_pantene_129_2026_100587-oa_video-image,129,traffic,video-image_all,O&O,Proctergambleaustralia,Pantene,2026,video-image,Pantene Miracles Bond Repair,"New Bond Repair Leave-In cream delivers an instant boost of nourishment to get soft, repaired & frizz-free hair",Shop Now,https://scontent.ftgz4-1.fna.fbcdn.net/v/t39.35426-6/729746959_2218718511998224_1096345115837044701_n.jpg?_nc_cat=110&ccb=1-7&_nc_sid=c53f8f&_nc_ohc=p2TELf_LCZYQ7kNvwGuHEb8&_nc_oc=AdquVSYPEDbQ-kjcNiPndBSMHZX4qhvm246LX9lb1GXsGA0Yzz_9dbUZAwVm7mrq0BY&_nc_zt=14&_nc_ht=scontent.ftgz4-1.fna&_nc_gid=RlyYFDNQuVNE1WsVIW63mg&_nc_ss=7f180&oh=00_AQCdC30xZu54Y4CoS4EiCcJIfXkDKhx7pg3IMo_Xgg9ztQ&oe=6A50A812,,"['FACEBOOK', 'INSTAGRAM', 'AUDIENCE_NETWORK', 'MESSENGER', 'WHATSAPP', 'THREADS']",au,cw,facebook,social,2026-W27,2026-07,"FACEBOOK, INSTAGRAM, AUDIENCE_NETWORK, MESSENGER, WHATSAPP, THREADS",True,True,True,True,True,True,Brand/Category Page,True,False,False,2026-07-06,2026-06-24 07:00:00,2026-07-06 16:23:53.030278,12
3972770736358051,,True,2026-06-24 07:00:00,2026-07-05 07:00:00,Chemist Warehouse,Chemist Warehouse,Shop Dove at Chemist Warehouse!,Shop the new Dove Serum Body Wash range at Chemist Warehouse!,Shop now,VIDEO,https://www.chemistwarehouse.com.au/shop-online/828/dove?utm_source=facebook&utm_medium=social&utm_campaign=au_cw_oa_facebook_social_unileveraustralialimited_dove_259_jun25_100465-oa_video&utm_term=traffic&utm_content=video_,www.chemistwarehouse.com.au,/shop-online/828/dove,facebook,social,au_cw_oa_facebook_social_unileveraustralialimited_dove_259_jun25_100465-oa_video,259,traffic,video_,O&O,Unileveraustralialimited,Dove,jun25,video,,,,,,"['FACEBOOK', 'INSTAGRAM', 'AUDIENCE_NETWORK', 'MESSENGER', 'WHATSAPP', 'THREADS']",au,cw,facebook,social,2026-W27,2026-07,"FACEBOOK, INSTAGRAM, AUDIENCE_NETWORK, MESSENGER, WHATSAPP, THREADS",True,True,True,True,True,True,Brand/Category Page,True,True,False,2026-07-06,2026-06-24 07:00:00,2026-07-06 16:23:53.030278,12
952777064459578,,True,2026-06-24 07:00:00,2026-07-05 07:00:00,Chemist Warehouse,Chemist Warehouse,{{product.name}},{{product.brand}},Shop now,DCO,https://www.chemistwarehouse.com.au/shop-online/863/pantene?utm_source=facebook&utm_medium=social&utm_campaign=au_cw_oa_facebook_social_proctergambleaustralia_pantene_129_2026_100587-oa_image&utm_term=conversion&utm_content=image_all,www.chemistwarehouse.com.au,/shop-online/863/pantene,facebook,social,au_cw_oa_facebook_social_proctergambleaustralia_pantene_129_2026_100587-oa_image,129,conversion,image_all,O&O,Proctergambleaustralia,Pantene,2026,image,Shop Pantene Now,Shop Pantene 1/2 Price OFF RRP at Chemist Warehouse . Repairs up to 3 years of damage from first use.,Shop Now,https://scontent.ftgz4-1.fna.fbcdn.net/v/t39.35426-6/730109678_27848685811416376_6575577918772294792_n.jpg?_nc_cat=109&ccb=1-7&_nc_sid=c53f8f&_nc_ohc=BCx4CQHmMqkQ7kNvwHr07H_&_nc_oc=AdpBMP1Uas3U7pEsPYBNpU22ASWEIgoJ8ZBeVzeMIW7S0w9hq8P8hc_dPjd1LMEHT8M&_nc_zt=14&_nc_ht=scontent.ftgz4-1.fna&_nc_gid=RlyYFDNQuVNE1WsVIW63mg&_nc_ss=7f180&oh=00_AQBVDjzr20wkT2wOFaB7MMm7TSRNxOlf4l1BTBFoENaQAw&oe=6A50BCCB,,"['FACEBOOK', 'INSTAGRAM', 'AUDIENCE_NETWORK', 'MESSENGER', 'THREADS']",au,cw,facebook,social,2026-W27,2026-07,"FACEBOOK, INSTAGRAM, AUDIENCE_NETWORK, MESSENGER, THREADS",True,True,True,True,True,False,Brand/Category Page,True,False,False,2026-07-06,2026-06-24 07:00:00,2026-07-06 16:23:53.030278,12
2323881178383638,,True,2026-06-24 07:00:00,2026-07-05 07:00:00,Chemist Warehouse,Chemist Warehouse,{{product.name}},{{product.brand}},Shop now,DCO,https://www.chemistwarehouse.com.au/shop-online/863/pantene?utm_source=facebook&utm_medium=social&utm_campaign=au_cw_oa_facebook_social_proctergambleaustralia_pantene_129_2026_100587-oa_video-image&utm_term=traffic&utm_content=video-image_all,www.chemistwarehouse.com.au,/shop-online/863/pantene,facebook,social,au_cw_oa_facebook_social_proctergambleaustralia_pantene_129_2026_100587-oa_video-image,129,traffic,video-image_all,O&O,Proctergambleaustralia,Pantene,2026,video-image,Pantene Miracles Bond Repair,Repair up to 3 years of damage from first use. Now available in a leave-in cream! 1/2 OFF RRP at Chemist Warehouse,Shop Now,https://scontent.ftgz4-1.fna.fbcdn.net/v/t39.35426-6/727903877_1372236488440053_2039463780026928468_n.jpg?_nc_cat=100&ccb=1-7&_nc_sid=c53f8f&_nc_ohc=EnkREx4S-1cQ7kNvwHknp9M&_nc_oc=Adr1AiLZPUhYh5vvp9ozgkYXMzSZo2sqZJ3KBfPngbd66hzNeDJpNhDuTC0I0gJKkRM&_nc_zt=14&_nc_ht=scontent.ftgz4-1.fna&_nc_gid=RlyYFDNQuVNE1WsVIW63mg&_nc_ss=7f180&oh=00_AQAlxm_YDLWpMFmY1zkY6VNHVOQTjq1HE5A0hctM9zP5oQ&oe=6A509D9A,,"['FACEBOOK', 'INSTAGRAM', 'AUDIENCE_NETWORK', 'MESSENGER', 'WHATSAPP', 'THREADS']",au,cw,facebook,social,2026-W27,2026-07,"FACEBOOK, INSTAGRAM, AUDIENCE_NETWORK, MESSENGER, WHATSAPP, THREADS",True,True,True,True,True,True,Brand/Category Page,True,False,False,2026-07-06,2026-06-24 07:00:00,2026-07-06 16:23:53.030278,12
1054098680329425,,True,2026-06-24 07:00:00,2026-07-05 07:00:00,Chemist Warehouse,Chemist Warehouse,Pantene Miracles Bond Repair,"Repair up to 3 years of damage from first use, 1/2 price off RRP now at Chemist Warehouse",Shop now,VIDEO,https://www.chemistwarehouse.com.au/shop-online/863/pantene?utm_source=facebook&utm_medium=social&utm_campaign=au_cw_oa_facebook_social_proctergambleaustralia_pantene_129_2026_100587-oa_video-image&utm_term=traffic&utm_content=video-image_all,www.chemistwarehouse.com.au,/shop-online/863/pantene,facebook,social,au_cw_oa_facebook_social_proctergambleaustralia_pantene_129_2026_100587-oa_video-image,129,traffic,video-image_all,O&O,Proctergambleaustralia,Pantene,2026,video-image,,,,,,"['FACEBOOK', 'INSTAGRAM', 'AUDIENCE_NETWORK', 'MESSENGER', 'WHATSAPP', 'THREADS']",au,cw,facebook,social,2026-W27,2026-07,"FACEBOOK, INSTAGRAM, AUDIENCE_NETWORK, MESSENGER, WHATSAPP, THREADS",True,True,True,True,True,True,Brand/Category Page,True,True,True,2026-07-06,2026-06-24 07:00:00,2026-07-06 16:23:53.030278,12
951941291211381,1463075708836980,True,2026-06-24 07:00:00,2026-07-04 07:00:00,Chemist Warehouse,Chemist Warehouse,Pantene Miracles Bond Repair,"Repair up to 3 years of damage from first use, 1/2 price off RRP now at Chemist Warehouse",Shop now,VIDEO,https://www.chemistwarehouse.com.au/shop-online/863/pantene?utm_source=facebook&utm_medium=social&utm_campaign=au_cw_oa_facebook_social_proctergambleaustralia_pantene_129_2026_100587-oa_video-image&utm_term=traffic&utm_content=video-image_all,www.chemistwarehouse.com.au,/shop-online/863/pantene,facebook,social,au_cw_oa_facebook_social_proctergambleaustralia_pantene_129_2026_100587-oa_video-image,129,traffic,video-image_all,O&O,Proctergambleaustralia,Pantene,2026,video-image,,,,,,"['FACEBOOK', 'INSTAGRAM', 'AUDIENCE_NETWORK', 'MESSENGER', 'WHATSAPP', 'THREADS']",au,cw,facebook,social,2026-W27,2026-07,"FACEBOOK, INSTAGRAM, AUDIENCE_NETWORK, MESSENGER, WHATSAPP, THREADS",True,True,True,True,True,True,Brand/Category Page,True,True,True,2026-07-06,2026-06-24 07:00:00,2026-07-06 16:23:53.030278,12
1530992211797355,1463075708836980,True,2026-06-24 07:00:00,2026-06-30 07:00:00,Chemist Warehouse,Chemist Warehouse,Pantene Miracles Bond Repair,"Repair up to 3 years of damage from first use, 1/2 price off RRP now at Chemist Warehouse",Shop now,VIDEO,https://www.chemistwarehouse.com.au/shop-online/863/pantene?utm_source=facebook&utm_medium=social&utm_campaign=au_cw_oa_facebook_social_proctergambleaustralia_pantene_129_2026_100587-oa_video-image&utm_term=traffic&utm_content=video-image_all,www.chemistwarehouse.com.au,/shop-online/863/pantene,facebook,social,au_cw_oa_facebook_social_proctergambleaustralia_pantene_129_2026_100587-oa_video-image,129,traffic,video-image_all,O&O,Proctergambleaustralia,Pantene,2026,video-image,,,,,,"['FACEBOOK', 'INSTAGRAM', 'AUDIENCE_NETWORK', 'MESSENGER', 'WHATSAPP', 'THREADS']",au,cw,facebook,social,2026-W27,2026-07,"FACEBOOK, INSTAGRAM, AUDIENCE_NETWORK, MESSENGER, WHATSAPP, THREADS",True,True,True,True,True,True,Brand/Category Page,True,True,True,2026-07-06,2026-06-24 07:00:00,2026-07-06 16:23:53.030278,12
1321036803070444,899250385787120,True,2026-06-24 07:00:00,2026-07-04 07:00:00,Chemist Warehouse,Chemist Warehouse,Pantene Miracles Bond Repair,"Repair up to 3 years of damage from first use, 1/2 price off RRP now at Chemist Warehouse",Shop now,VIDEO,https://www.chemistwarehouse.com.au/shop-online/863/pantene?utm_source=facebook&utm_medium=social&utm_campaign=au_cw_oa_facebook_social_proctergambleaustralia_pantene_129_2026_100587-oa_video-image&utm_term=traffic&utm_content=video-image_all,www.chemistwarehouse.com.au,/shop-online/863/pantene,facebook,social,au_cw_oa_facebook_social_proctergambleaustralia_pantene_129_2026_100587-oa_video-image,129,traffic,video-image_all,O&O,Proctergambleaustralia,Pantene,2026,video-image,,,,,,"['FACEBOOK', 'INSTAGRAM', 'AUDIENCE_NETWORK', 'MESSENGER', 'WHATSAPP', 'THREADS']",au,cw,facebook,social,2026-W27,2026-07,"FACEBOOK, INSTAGRAM, AUDIENCE_NETWORK, MESSENGER, WHATSAPP, THREADS",True,True,True,True,True,True,Brand/Category Page,True,True,True,2026-07-06,2026-06-24 07:00:00,2026-07-06 16:23:53.030278,12
969573172187786,,True,2026-06-24 07:00:00,2026-07-04 07:00:00,Chemist Warehouse,Chemist Warehouse,{{product.name}},{{product.brand}},Shop now,DCO,https://www.chemistwarehouse.com.au/shop-online/863/pantene?utm_source=facebook&utm_medium=social&utm_campaign=au_cw_oa_facebook_social_proctergambleaustralia_pantene_129_2026_100587-oa_video-image&utm_term=traffic&utm_content=video-image_all,www.chemistwarehouse.com.au,/shop-online/863/pantene,facebook,social,au_cw_oa_facebook_social_proctergambleaustralia_pantene_129_2026_100587-oa_video-image,129,traffic,video-image_all,O&O,Proctergambleaustralia,Pantene,2026,video-image,Pantene Miracles Bond Repair,Repair up to 3 years of damage from first use. Now available in a leave-in cream! 1/2 OFF RRP at Chemist Warehouse,Shop Now,https://scontent.ftgz4-1.fna.fbcdn.net/v/t39.35426-6/729481107_1575273164212206_6368285820533384052_n.jpg?_nc_cat=107&ccb=1-7&_nc_sid=c53f8f&_nc_ohc=RnuhkT1vhb0Q7kNvwFSeTT3&_nc_oc=Adqw4tTlo6hR4WMjUgAC4WwU1SLDDMzf7F5vGytUQjur_N003UX-yNinMHFeilZFlbo&_nc_zt=14&_nc_ht=scontent.ftgz4-1.fna&_nc_gid=2NifRX92yDf1IwWyCqYmxw&_nc_ss=7f180&oh=00_AQCr2-9RpOZbRwsPfp08FyadmsbYMEuN3Y8BxHcd5qSSoA&oe=6A50BE86,,"['FACEBOOK', 'INSTAGRAM', 'AUDIENCE_NETWORK', 'MESSENGER', 'WHATSAPP', 'THREADS']",au,cw,facebook,social,2026-W27,2026-07,"FACEBOOK, INSTAGRAM, AUDIENCE_NETWORK, MESSENGER, WHATSAPP, THREADS",True,True,True,True,True,True,Brand/Category Page,True,False,False,2026-07-06,2026-06-24 07:00:00,2026-07-06 16:23:53.030278,12
1714395164029358,,True,2026-06-24 07:00:00,2026-07-04 07:00:00,Chemist Warehouse,Chemist Warehouse,Pantene Miracles Bond Repair,"Repair up to 3 years of damage from first use, 1/2 price off RRP now at Chemist Warehouse",Shop now,VIDEO,https://www.chemistwarehouse.com.au/shop-online/863/pantene?utm_source=facebook&utm_medium=social&utm_campaign=au_cw_oa_facebook_social_proctergambleaustralia_pantene_129_2026_100587-oa_video-image&utm_term=traffic&utm_content=video-image_all,www.chemistwarehouse.com.au,/shop-online/863/pantene,facebook,social,au_cw_oa_facebook_social_proctergambleaustralia_pantene_129_2026_100587-oa_video-image,129,traffic,video-image_all,O&O,Proctergambleaustralia,Pantene,2026,video-image,,,,,,"['FACEBOOK', 'INSTAGRAM', 'AUDIENCE_NETWORK', 'MESSENGER', 'WHATSAPP', 'THREADS']",au,cw,facebook,social,2026-W27,2026-07,"FACEBOOK, INSTAGRAM, AUDIENCE_NETWORK, MESSENGER, WHATSAPP, THREADS",True,True,True,True,True,True,Brand/Category Page,True,True,True,2026-07-06,2026-06-24 07:00:00,2026-07-06 16:23:53.030278,12
2210160569837122,1530341421954128,True,2026-06-24 07:00:00,2026-07-05 07:00:00,Chemist Warehouse,Chemist Warehouse,Pantene Miracles Bond Repair,"Repair up to 3 years of damage from first use, 1/2 price off RRP now at Chemist Warehouse",Shop now,VIDEO,https://www.chemistwarehouse.com.au/shop-online/863/pantene?utm_source=facebook&utm_medium=social&utm_campaign=au_cw_oa_facebook_social_proctergambleaustralia_pantene_129_2026_100587-oa_video-image&utm_term=traffic&utm_content=video-image_all,www.chemistwarehouse.com.au,/shop-online/863/pantene,facebook,social,au_cw_oa_facebook_social_proctergambleaustralia_pantene_129_2026_100587-oa_video-image,129,traffic,video-image_all,O&O,Proctergambleaustralia,Pantene,2026,video-image,,,,,,"['FACEBOOK', 'INSTAGRAM', 'AUDIENCE_NETWORK', 'MESSENGER', 'WHATSAPP', 'THREADS']",au,cw,facebook,social,2026-W27,2026-07,"FACEBOOK, INSTAGRAM, AUDIENCE_NETWORK, MESSENGER, WHATSAPP, THREADS",True,True,True,True,True,True,Brand/Category Page,True,True,True,2026-07-06,2026-06-24 07:00:00,2026-07-06 16:23:53.030278,12
27457874613844722,1703451534039396,True,2026-06-24 07:00:00,2026-07-01 07:00:00,Chemist Warehouse,Chemist Warehouse,Shop Nurofen For Children now at Chemist Warehouse.,Help kids feel better again with gentle relief from fever & 8 pains.,Shop now,IMAGE,https://www.chemistwarehouse.com.au/buy/65512/nurofen-for-children-5-12yrs-pain-and-fever-relief-concentrated-liquid-200mg-5ml-ibuprofen-strawberry-200ml,www.chemistwarehouse.com.au,/buy/65512/nurofen-for-children-5-12yrs-pain-and-fever-relief-concentrated-liquid-200mg-5ml-ibuprofen-strawberry-200ml,,,,,,,Not Specified,,,,,,,,,,"['FACEBOOK', 'INSTAGRAM', 'THREADS']",,,,,2026-W27,2026-07,"FACEBOOK, INSTAGRAM, THREADS",True,True,False,False,True,False,SKU Product,True,True,False,2026-07-06,2026-06-24 07:00:00,2026-07-06 16:23:53.030278,12
1310906567885590,1694981845077840,True,2026-06-24 07:00:00,2026-07-01 07:00:00,Chemist Warehouse,Chemist Warehouse,Shop Panadol Extra now at Chemist Warehouse!,Tough pain? Now you can fight five types of tough pain with Panadol Extra.,Shop now,IMAGE,https://www.chemistwarehouse.com.au/buy/145687/panadol-extra-optizorb-48-caplets,www.chemistwarehouse.com.au,/buy/145687/panadol-extra-optizorb-48-caplets,,,,,,,Not Specified,,,,,,,,,,"['FACEBOOK', 'INSTAGRAM', 'THREADS']",,,,,2026-W27,2026-07,"FACEBOOK, INSTAGRAM, THREADS",True,True,False,False,True,False,SKU Product,True,True,False,2026-07-06,2026-06-24 07:00:00,2026-07-06 16:23:53.030278,12
2138729733359369,1011379308167641,True,2026-06-24 07:00:00,2026-07-01 07:00:00,Chemist Warehouse,Chemist Warehouse,Shop Ostelin now at Chemist Warehouse!,Indoor lifestyle? Try Ostelin Vitamin D3 1000IU to help prevent dietary Vitamin D,Shop now,IMAGE,https://www.chemistwarehouse.com.au/buy/68620/ostelin-vitamin-d3-1000iu-300-capsules-exclusive-size,www.chemistwarehouse.com.au,/buy/68620/ostelin-vitamin-d3-1000iu-300-capsules-exclusive-size,,,,,,,Not Specified,,,,,,,,,,"['FACEBOOK', 'INSTAGRAM', 'THREADS']",,,,,2026-W27,2026-07,"FACEBOOK, INSTAGRAM, THREADS",True,True,False,False,True,False,SKU Product,True,True,False,2026-07-06,2026-06-24 07:00:00,2026-07-06 16:23:53.030278,12
2374976779658432,1299558225500160,True,2026-06-24 07:00:00,2026-07-01 07:00:00,Chemist Warehouse,Chemist Warehouse,Shop Garnier now at Chemist Warehouse!,"Add the Garnier Vitamin C range to your skin routine and glow a little brighter.

*The savings calculated are calculated by reference to the suppliers current published recommended retail price at the time of preparation. Due to the Chemist Warehouse discount policy, Chemist Warehouse may not have sold the product at this RRP.",Shop now,VIDEO,https://www.chemistwarehouse.com.au/buy/154887/garnier-vitamin-c-brightening-serum-30ml,www.chemistwarehouse.com.au,/buy/154887/garnier-vitamin-c-brightening-serum-30ml,,,,,,,Not Specified,,,,,,,,,,"['FACEBOOK', 'INSTAGRAM', 'MESSENGER']",,,,,2026-W27,2026-07,"FACEBOOK, INSTAGRAM, MESSENGER",True,True,False,True,False,False,SKU Product,True,True,False,2026-07-06,2026-06-24 07:00:00,2026-07-06 16:23:53.030278,12
1031012459286857,4492516370992859,True,2026-06-24 07:00:00,2026-07-01 07:00:00,Chemist Warehouse,Chemist Warehouse,Shop Revlon now at Chemist Warehouse!,"Flawless coverage now, firmer feeling skin later. Makeup and skincare in one!

*The savings calculated are calculated by reference to the suppliers current published recommended retail price at the time of preparation. Due to the Chemist Warehouse discount policy, Chemist Warehouse may not have sold the product at this RRP.",Shop now,IMAGE,https://www.chemistwarehouse.com.au/search?query=Revlon%20PhotoReady%20Skin%20Tint&contexts=default,www.chemistwarehouse.com.au,/search,,,,,,,Not Specified,,,,,,,,,,"['FACEBOOK', 'INSTAGRAM', 'THREADS']",,,,,2026-W27,2026-07,"FACEBOOK, INSTAGRAM, THREADS",True,True,False,False,True,False,Search Page,True,True,False,2026-07-06,2026-06-24 07:00:00,2026-07-06 16:23:53.030278,12
880445818434243,,True,2026-06-24 07:00:00,2026-07-05 07:00:00,Chemist Warehouse,Chemist Warehouse,{{product.name}},{{product.brand}},Shop now,DCO,https://www.chemistwarehouse.com.au/shop-online/511/cenovis?category=Cold%2C%20Flu%20%26%20Immunity&utm_source=facebook&utm_medium=social&utm_campaign=au_cw_oa_facebook_social_sanoficonsumerhealthcare_cenovis_81_june26_100422-immunity_video-image&utm_term=traffic&utm_content=video-image_brand,www.chemistwarehouse.com.au,/shop-online/511/cenovis,facebook,social,au_cw_oa_facebook_social_sanoficonsumerhealthcare_cenovis_81_june26_100422-immunity_video-image,81,traffic,video-image_brand,O&O,Sanoficonsumerhealthcare,Cenovis,june26,video-image,1/2 Price off RRP Cenovis,Supports healthy immune system function to help fight illness. Always read the label and follow the directions for use,Shop Now,,https://video.ftgz4-1.fna.fbcdn.net/o1/v/t2/f2/m366/AQN58KGLuiuAvuqcCBCqyeiKfSEuE7p-CNISdujqqYKUqa2RejPs-RiQCmzT90j8NHSZLMdzQxUKdzrP2OWGWm1NjTK7DHDKwjk1vQBDD53CQQ.mp4?_nc_cat=107&_nc_oc=AdpBSNnBPamW4BIxmM16-OPpGeLA5jTeZrnRzT6whygjhkcZKAAMiy1bSPinxjdacbE&_nc_sid=b66105&_nc_ht=video.ftgz4-1.fna.fbcdn.net&_nc_ohc=lJKeuIR5ctIQ7kNvwHCV0ou&efg=eyJ2ZW5jb2RlX3RhZyI6Inhwdl9wcm9ncmVzc2l2ZS5WSV9VU0VDQVNFX1BST0RVQ1RfVFlQRS4uQzMuNzIwLmRhc2hfaDI2NC1iYXNpYy1nZW4yXzcyMHAiLCJ4cHZfYXNzZXRfaWQiOjE0MTgwMDE3NDMzNDg2MjQsImFzc2V0X2FnZV9kYXlzIjo2MSwidmlfdXNlY2FzZV9pZCI6MTA3OTksImR1cmF0aW9uX3MiOjksInVybGdlbl9zb3VyY2UiOiJ3d3cifQ%3D%3D&ccb=17-1&vs=2d1d0aba0aea68e6&_nc_vs=HBksFQIYRWZiX2VwaGVtZXJhbC8yRjQ5NTdBQ0IwNjhEOUZERDE0QzhGOEFBQjhEQkZBRl9tdF8xX3ZpZGVvX2Rhc2hpbml0Lm1wNBUAAsgBEgAVAhhAZmJfcGVybWFuZW50L0MwNDlFMkY4NDUwMTExQTczREM4MkVEMTJBQzIwM0I0X2F1ZGlvX2Rhc2hpbml0Lm1wNBUCAsgBEgAoABgAGwKIB3VzZV9vaWwBMRJwcm9ncmVzc2l2ZV9yZWNpcGUBMRUAACagjqCjyOqEBRUCKAJDMywXQCIAAAAAAAAYGWRhc2hfaDI2NC1iYXNpYy1nZW4yXzcyMHARAHUAZd6oAQA&_nc_gid=2NifRX92yDf1IwWyCqYmxw&_nc_ss=7f180&_nc_zt=28&oh=00_AQAKE0NYnn9outWtqKGUArE-oqbCdluNnD6IW0IiJcqqNQ&oe=6A509D69,"['FACEBOOK', 'INSTAGRAM', 'AUDIENCE_NETWORK', 'MESSENGER', 'WHATSAPP', 'THREADS']",au,cw,facebook,social,2026-W27,2026-07,"FACEBOOK, INSTAGRAM, AUDIENCE_NETWORK, MESSENGER, WHATSAPP, THREADS",True,True,True,True,True,True,Brand/Category Page,True,False,False,2026-07-06,2026-06-24 07:00:00,2026-07-06 16:23:53.030278,12
2815485862122709,,True,2026-06-24 07:00:00,2026-07-05 07:00:00,Chemist Warehouse,Chemist Warehouse,{{product.name}},{{product.brand}},Shop now,DCO,https://www.chemistwarehouse.com.au/shop-online/4875/essie?utm_source=facebook&utm_medium=social&utm_campaign=au_cw_oa_facebook_social_lorealaustraliaptyltd_essie_648_may26_100464-oa_video&utm_term=traffic&utm_content=video_brand,www.chemistwarehouse.com.au,/shop-online/4875/essie,facebook,social,au_cw_oa_facebook_social_lorealaustraliaptyltd_essie_648_may26_100464-oa_video,648,traffic,video_brand,O&O,Lorealaustraliaptyltd,Essie,may26,video,Now 1/2 Price off RRP!,Get a gel-look manicure that lasts up to 15 days with essie! Find your perfect shade online now,Shop Now,,https://video.ftgz4-1.fna.fbcdn.net/o1/v/t2/f2/m366/AQPBt99PWBgWVPHbftxLDN8BZc1b3qRcGOyzqFGQU0ni2DmxwE3sMWzqZjv3WKlX8RIS9xgZgq5SREx23iCmqIoyO_HzprSMUhtatioh_cXJxQ.mp4?_nc_cat=100&_nc_oc=AdquX_gEGttaxeHZ96-gr77F8lbYMyZyPn62iI8DtCYiMb9RnPrASbEylZfBUrQva7M&_nc_sid=b66105&_nc_ht=video.ftgz4-1.fna.fbcdn.net&_nc_ohc=VRJCv_Nhk_4Q7kNvwHqNyRm&efg=eyJ2ZW5jb2RlX3RhZyI6Inhwdl9wcm9ncmVzc2l2ZS5WSV9VU0VDQVNFX1BST0RVQ1RfVFlQRS4uQzMuNzIwLmRhc2hfaDI2NC1iYXNpYy1nZW4yXzcyMHAiLCJ4cHZfYXNzZXRfaWQiOjM5MzY5MjE2NjY2MDg5ODUsImFzc2V0X2FnZV9kYXlzIjo1NSwidmlfdXNlY2FzZV9pZCI6MTA3OTksImR1cmF0aW9uX3MiOjMwLCJ1cmxnZW5fc291cmNlIjoid3d3In0%3D&ccb=17-1&vs=d1a31b312fcec706&_nc_vs=HBksFQIYRWZiX2VwaGVtZXJhbC82MjRDQTM0RDc3QjI3RTk0NUFFRTUyNTkyNEI0RkU5RF9tdF8xX3ZpZGVvX2Rhc2hpbml0Lm1wNBUAAsgBEgAVAhhAZmJfcGVybWFuZW50L0ZENDBFMUQxQ0UxNjMxRTlCNjBDQ0UwNDUyMENENzlBX2F1ZGlvX2Rhc2hpbml0Lm1wNBUCAsgBEgAoABgAGwKIB3VzZV9vaWwBMRJwcm9ncmVzc2l2ZV9yZWNpcGUBMRUAACay_ZKXgKf-DRUCKAJDMywXQD4Q5WBBiTcYGWRhc2hfaDI2NC1iYXNpYy1nZW4yXzcyMHARAHUAZd6oAQA&_nc_gid=2NifRX92yDf1IwWyCqYmxw&_nc_ss=7f180&_nc_zt=28&oh=00_AQBEg_Q-YJQ7sZsB5tg8qj2j_u9SDwYyWZ6s1PD8v53Zkg&oe=6A50AE08,"['FACEBOOK', 'INSTAGRAM', 'AUDIENCE_NETWORK', 'MESSENGER', 'THREADS']",au,cw,facebook,social,2026-W27,2026-07,"FACEBOOK, INSTAGRAM, AUDIENCE_NETWORK, MESSENGER, THREADS",True,True,True,True,True,False,Brand/Category Page,True,False,False,2026-07-06,2026-06-24 07:00:00,2026-07-06 16:23:53.030278,12
1063859742662672,,True,2026-06-24 07:00:00,2026-07-05 07:00:00,Chemist Warehouse,Chemist Warehouse,{{product.name}},{{product.brand}},Shop now,DCO,https://www.chemistwarehouse.com.au/shop-online/511/cenovis?category=Cold%2C%20Flu%20%26%20Immunity&utm_source=facebook&utm_medium=social&utm_campaign=au_cw_oa_facebook_social_sanoficonsumerhealthcare_cenovis_81_june26_100422-immunity_video-image&utm_term=traffic&utm_content=video-image_brand,www.chemistwarehouse.com.au,/shop-online/511/cenovis,facebook,social,au_cw_oa_facebook_social_sanoficonsumerhealthcare_cenovis_81_june26_100422-immunity_video-image,81,traffic,video-image_brand,O&O,Sanoficonsumerhealthcare,Cenovis,june26,video-image,1/2 Price off RRP Cenovis,Supports healthy immune system function to help fight illness. Always read the label and follow the directions for use,Shop Now,https://scontent.ftgz4-1.fna.fbcdn.net/v/t39.35426-6/729016063_1504978003918569_2421433292289512942_n.jpg?_nc_cat=106&ccb=1-7&_nc_sid=c53f8f&_nc_ohc=QryfOklBchgQ7kNvwEbfJj5&_nc_oc=AdrIkmhu2Jv6KPt4avdOgadxu-YB5NpDrf_CbSRxRW63VDcVv-KnenHqJt01CxSbZt8&_nc_zt=14&_nc_ht=scontent.ftgz4-1.fna&_nc_gid=2NifRX92yDf1IwWyCqYmxw&_nc_ss=7f180&oh=00_AQAzc_j1ePphsEmIgxM3mcDAbMxb9l4gb0ticeeAXvLLZw&oe=6A50B6F2,,"['FACEBOOK', 'INSTAGRAM', 'AUDIENCE_NETWORK', 'MESSENGER', 'WHATSAPP', 'THREADS']",au,cw,facebook,social,2026-W27,2026-07,"FACEBOOK, INSTAGRAM, AUDIENCE_NETWORK, MESSENGER, WHATSAPP, THREADS",True,True,True,True,True,True,Brand/Category Page,True,False,False,2026-07-06,2026-06-24 07:00:00,2026-07-06 16:23:53.030278,12
1595335709258214,,True,2026-06-24 07:00:00,2026-07-05 07:00:00,Chemist Warehouse,Chemist Warehouse,{{product.name}},{{product.brand}},Shop now,DCO,https://www.chemistwarehouse.com.au/shop-online/505/natures-own?category=Energy%20%26%20Fitness&utm_source=facebook&utm_medium=social&utm_campaign=au_cw_oa_facebook_social_sanoficonsumerhealthcare_naturesown_81_june26_100466-energy_video-image&utm_term=traffic&utm_content=video-image_brand,www.chemistwarehouse.com.au,/shop-online/505/natures-own,facebook,social,au_cw_oa_facebook_social_sanoficonsumerhealthcare_naturesown_81_june26_100466-energy_video-image,81,traffic,video-image_brand,O&O,Sanoficonsumerhealthcare,Naturesown,june26,video-image,Now 1/2 Price off RRP,Nature's Own Super B Complex is specially formulated with all 8 B vitamins to support energy levels & relieve tiredness.,Shop Now,,https://video.ftgz4-1.fna.fbcdn.net/o1/v/t2/f2/m366/AQPfp8Vm6AvDypqkVr3xpMHJPbPsjTkZEQ9gj05eGsnLH0z5VrVa4W_e8QF2uMavTWpJosUVxLPDLu9hirupeJtQKQbMaEvRylneK_cps-Ub5A.mp4?_nc_cat=100&_nc_oc=Ado6ETjC5Imi3iIMHMVCIRSmszDHFe3moTI1iTZfvofqIENdwT5MFpEnqsqFigECBMU&_nc_sid=b66105&_nc_ht=video.ftgz4-1.fna.fbcdn.net&_nc_ohc=XTWu1khQNxkQ7kNvwGmWlCF&efg=eyJ2ZW5jb2RlX3RhZyI6Inhwdl9wcm9ncmVzc2l2ZS5WSV9VU0VDQVNFX1BST0RVQ1RfVFlQRS4uQzMuNzIwLmRhc2hfaDI2NC1iYXNpYy1nZW4yXzcyMHAiLCJ4cHZfYXNzZXRfaWQiOjEzMzMxODkxMDgyNDE4NzAsImFzc2V0X2FnZV9kYXlzIjoxMiwidmlfdXNlY2FzZV9pZCI6MTA3OTksImR1cmF0aW9uX3MiOjM0LCJ1cmxnZW5fc291cmNlIjoid3d3In0%3D&ccb=17-1&vs=a00e3a935c8581f1&_nc_vs=HBksFQIYRWZiX2VwaGVtZXJhbC9GOTRENDNCMDNBM0JFQ0FFNzM4MjFFOUJCNjgzNjA5Ql9tdF8xX3ZpZGVvX2Rhc2hpbml0Lm1wNBUAAsgBEgAVAhhAZmJfcGVybWFuZW50L0FCNEE4RUUzRUYyMjVBMkNDRDk4RkQxRjY4NUM0OTkxX2F1ZGlvX2Rhc2hpbml0Lm1wNBUCAsgBEgAoABgAGwKIB3VzZV9vaWwBMRJwcm9ncmVzc2l2ZV9yZWNpcGUBMRUAACac17jz6KHeBBUCKAJDMywXQEEmZmZmZmYYGWRhc2hfaDI2NC1iYXNpYy1nZW4yXzcyMHARAHUAZd6oAQA&_nc_gid=2NifRX92yDf1IwWyCqYmxw&_nc_ss=7f180&_nc_zt=28&oh=00_AQDeSLdjPDd01rx7GIK4eE07Ab8ALvXLTEZrToTKw32itw&oe=6A509944,"['FACEBOOK', 'INSTAGRAM', 'AUDIENCE_NETWORK', 'MESSENGER', 'WHATSAPP', 'THREADS']",au,cw,facebook,social,2026-W27,2026-07,"FACEBOOK, INSTAGRAM, AUDIENCE_NETWORK, MESSENGER, WHATSAPP, THREADS",True,True,True,True,True,True,Brand/Category Page,True,False,False,2026-07-06,2026-06-24 07:00:00,2026-07-06 16:23:53.030278,12
880298671800163,,True,2026-06-24 07:00:00,2026-07-05 07:00:00,Chemist Warehouse,Chemist Warehouse,{{product.name}},{{product.brand}},Shop now,DCO,https://www.chemistwarehouse.com.au/shop-online/511/cenovis?category=Cold%2C%20Flu%20%26%20Immunity&utm_source=facebook&utm_medium=social&utm_campaign=au_cw_oa_facebook_social_sanoficonsumerhealthcare_cenovis_81_2026_bau_dynamic&utm_term=conversion&utm_content=dynamic_brand,www.chemistwarehouse.com.au,/shop-online/511/cenovis,facebook,social,au_cw_oa_facebook_social_sanoficonsumerhealthcare_cenovis_81_2026_bau_dynamic,81,conversion,dynamic_brand,O&O,Sanoficonsumerhealthcare,Cenovis,2026,dynamic,1/2 Price off RRP Cenovis,Supports healthy immune system function to help fight illness. Always read the label and follow the directions for use,Shop Now,https://scontent.ftgz4-1.fna.fbcdn.net/v/t39.35426-6/725698346_898612863257003_395379997094997251_n.jpg?_nc_cat=108&ccb=1-7&_nc_sid=c53f8f&_nc_ohc=6GN5cMs50nMQ7kNvwEDyHDB&_nc_oc=AdrfP7l94cm1tavWwbkiDFSGTzd-wkhdHC36gj2xaTrIenL8H4CCeHflzCbYwDTNjNs&_nc_zt=14&_nc_ht=scontent.ftgz4-1.fna&_nc_gid=2NifRX92yDf1IwWyCqYmxw&_nc_ss=7f180&oh=00_AQClcWFdvYWW8EDvCP0CI_8L8imAYLhaz7lQ5NvLNHu9MA&oe=6A50AE22,,"['FACEBOOK', 'INSTAGRAM', 'AUDIENCE_NETWORK', 'MESSENGER', 'THREADS']",au,cw,facebook,social,2026-W27,2026-07,"FACEBOOK, INSTAGRAM, AUDIENCE_NETWORK, MESSENGER, THREADS",True,True,True,True,True,False,Brand/Category Page,True,False,False,2026-07-06,2026-06-24 07:00:00,2026-07-06 16:23:53.030278,12
1733572947794454,1517190929891690,True,2026-06-24 07:00:00,2026-07-01 07:00:00,Chemist Warehouse,Chemist Warehouse,Shop Revlon now at Chemist Warehouse!,"Flawless coverage now, firmer feeling skin later. Makeup and skincare in one!

*The savings calculated are calculated by reference to the suppliers current published recommended retail price at the time of preparation. Due to the Chemist Warehouse discount policy, Chemist Warehouse may not have sold the product at this RRP.",Shop now,VIDEO,https://www.chemistwarehouse.com.au/search?query=Revlon%20PhotoReady%20Skin%20Tint&contexts=default,www.chemistwarehouse.com.au,/search,,,,,,,Not Specified,,,,,,,,,,"['FACEBOOK', 'INSTAGRAM', 'MESSENGER']",,,,,2026-W27,2026-07,"FACEBOOK, INSTAGRAM, MESSENGER",True,True,False,True,False,False,Search Page,True,True,False,2026-07-06,2026-06-24 07:00:00,2026-07-06 16:23:53.030278,12
3975862832716733,,True,2026-06-24 07:00:00,2026-07-05 07:00:00,Chemist Warehouse,Chemist Warehouse,{{product.name}},{{product.brand}},Shop now,DCO,https://www.chemistwarehouse.com.au/shop-online/505/natures-own?category=Energy%20%26%20Fitness&utm_source=facebook&utm_medium=social&utm_campaign=au_cw_oa_facebook_social_sanoficonsumerhealthcare_naturesown_81_june26_100466-energy_video-image&utm_term=traffic&utm_content=video-image_brand,www.chemistwarehouse.com.au,/shop-online/505/natures-own,facebook,social,au_cw_oa_facebook_social_sanoficonsumerhealthcare_naturesown_81_june26_100466-energy_video-image,81,traffic,video-image_brand,O&O,Sanoficonsumerhealthcare,Naturesown,june26,video-image,Now 1/2 Price off RRP,Nature's Own Super B Complex is specially formulated with all 8 B vitamins to support energy levels & relieve tiredness.,Shop Now,https://scontent.ftgz4-1.fna.fbcdn.net/v/t39.35426-6/726988885_1705664117016914_6072947064639521862_n.jpg?_nc_cat=103&ccb=1-7&_nc_sid=c53f8f&_nc_ohc=8cwsIFmhlv8Q7kNvwFqb8cA&_nc_oc=Adq8mUucf6hUul4HYfDGo2YpfZtbp-QfCY5y8yoMVfi0ggkakYUQH5M4H-pvuCOsFKs&_nc_zt=14&_nc_ht=scontent.ftgz4-1.fna&_nc_gid=2NifRX92yDf1IwWyCqYmxw&_nc_ss=7f180&oh=00_AQBFDcPGU24EOb-c4yOxTlSVjAX-XUDpklshg62sdD-CJA&oe=6A50BD11,,"['FACEBOOK', 'INSTAGRAM', 'AUDIENCE_NETWORK', 'MESSENGER', 'WHATSAPP', 'THREADS']",au,cw,facebook,social,2026-W27,2026-07,"FACEBOOK, INSTAGRAM, AUDIENCE_NETWORK, MESSENGER, WHATSAPP, THREADS",True,True,True,True,True,True,Brand/Category Page,True,False,False,2026-07-06,2026-06-24 07:00:00,2026-07-06 16:23:53.030278,12
1722194652309077,,True,2026-06-24 07:00:00,2026-07-05 07:00:00,Chemist Warehouse,Chemist Warehouse,1/2 price off RRP at Chemist Warehouse,"Shop mid-year sale on Nature's Own, Ostelin & Cenovis range. Shop online for delivery or click and collect.",Shop now,IMAGE,https://fb.com/canvas_doc/1710623256758399,fb.com,/canvas_doc/1710623256758399,,,,,,,Not Specified,,,,,,,,,,"['FACEBOOK', 'INSTAGRAM', 'AUDIENCE_NETWORK', 'MESSENGER', 'WHATSAPP', 'THREADS']",,,,,2026-W27,2026-07,"FACEBOOK, INSTAGRAM, AUDIENCE_NETWORK, MESSENGER, WHATSAPP, THREADS",True,True,True,True,True,True,Internal/App Page,True,True,False,2026-07-06,2026-06-24 07:00:00,2026-07-06 16:23:53.030278,12
860909767086662,2368765100319658,True,2026-06-24 07:00:00,2026-07-05 07:00:00,Chemist Warehouse,Chemist Warehouse,{{product.name}},{{product.brand}},Shop now,DCO,https://www.chemistwarehouse.com.au/buy/167518/palmolive-luminous-oils-body-wash-salted-caramel-pistachio-750ml?utm_source=facebook&utm_medium=social&utm_campaign=au_cw_oa_facebook_social_colgatepalmoliveptyltd_palmolive_259_jun26_100622-salted_video&utm_term=traffic&utm_content=video_influencer-video,www.chemistwarehouse.com.au,/buy/167518/palmolive-luminous-oils-body-wash-salted-caramel-pistachio-750ml,facebook,social,au_cw_oa_facebook_social_colgatepalmoliveptyltd_palmolive_259_jun26_100622-salted_video,259,traffic,video_influencer-video,O&O,Colgatepalmoliveptyltd,Palmolive,jun26,video,Available at Chemist Warehouse,Shop Palmolive Salted Caramel & Pistachio Body Wash at Chemist Warehouse.,Shop Now,,https://video.ftgz4-1.fna.fbcdn.net/o1/v/t2/f2/m366/AQMxdv4S__5xPARLSIh9ddwn35lEBjMVxGD5bHPDCRm1TOGUrGj9-wqm4DpZ9Vobl_sSZVfLfrPO3G58MkhCKNtaxL_8e7d88Tq7beikYQFX8A.mp4?_nc_cat=107&_nc_oc=Adoq9TEqBVQcmwmHifj0BvEk67imAuRPZvIFOUdPyKftabzqbj1VFT1MEXo5TxLgPs8&_nc_sid=b66105&_nc_ht=video.ftgz4-1.fna.fbcdn.net&_nc_ohc=RzTzeJvF-P8Q7kNvwG4duSI&efg=eyJ2ZW5jb2RlX3RhZyI6Inhwdl9wcm9ncmVzc2l2ZS5WSV9VU0VDQVNFX1BST0RVQ1RfVFlQRS4uQzMuNzIwLmRhc2hfaDI2NC1iYXNpYy1nZW4yXzcyMHAiLCJ4cHZfYXNzZXRfaWQiOjE2OTA5MjEyOTg5MTQ1MDYsImFzc2V0X2FnZV9kYXlzIjoxMSwidmlfdXNlY2FzZV9pZCI6MTAxMzksImR1cmF0aW9uX3MiOjM2LCJ3YXRjaF90aW1lX3MiOjExNjUwMywidXJsZ2VuX3NvdXJjZSI6Ind3dyJ9&ccb=17-1&vs=40e23d5842925d89&_nc_vs=HBksFQIYRWZiX2VwaGVtZXJhbC9FQTQwOTVDRDQzNDY1MkFENUUzQUJGOTlGQjI4QTdBN19tdF8xX3ZpZGVvX2Rhc2hpbml0Lm1wNBUAAsgBEgAVAhhAZmJfcGVybWFuZW50LzlDNEUyOTlGREMyRjE2REVGMzZFNjBCODcyOTU1MDkzX2F1ZGlvX2Rhc2hpbml0Lm1wNBUCAsgBEgAoABgAGwKIB3VzZV9vaWwBMRJwcm9ncmVzc2l2ZV9yZWNpcGUBMRUAACaUs-u1yfiABhUCKAJDMywXQEIqn752yLQYGWRhc2hfaDI2NC1iYXNpYy1nZW4yXzcyMHARAHUAZbaeAQA&_nc_gid=RlyYFDNQuVNE1WsVIW63mg&_nc_ss=7f180&_nc_zt=28&oh=00_AQC59uiCG60wf3bapJWGZ9USASKOpd82x146DGj8N63Zyg&oe=6A509D19,"['FACEBOOK', 'INSTAGRAM', 'THREADS']",au,cw,facebook,social,2026-W27,2026-07,"FACEBOOK, INSTAGRAM, THREADS",True,True,False,False,True,False,SKU Product,True,False,False,2026-07-06,2026-06-24 07:00:00,2026-07-06 16:23:53.030278,12
2103940787196333,,True,2026-06-24 07:00:00,2026-07-05 07:00:00,Chemist Warehouse,Chemist Warehouse,1/2 Price off RRP Cenovis,Supports healthy immune system function to help fight illness. Always read the label and follow the directions for use,Shop now,IMAGE,https://fb.com/canvas_doc/2426255591120500,fb.com,/canvas_doc/2426255591120500,,,,,,,Not Specified,,,,,,,,,,"['FACEBOOK', 'INSTAGRAM', 'AUDIENCE_NETWORK', 'MESSENGER', 'THREADS']",,,,,2026-W27,2026-07,"FACEBOOK, INSTAGRAM, AUDIENCE_NETWORK, MESSENGER, THREADS",True,True,True,True,True,False,Internal/App Page,True,False,False,2026-07-06,2026-06-24 07:00:00,2026-07-06 16:23:53.030278,12
986137320849384,,True,2026-06-24 07:00:00,2026-07-05 07:00:00,Chemist Warehouse,Chemist Warehouse,1/2 Price off RRP Cenovis,Supports healthy immune system function to help fight illness. Always read the label and follow the directions for use,Shop now,VIDEO,https://fb.com/canvas_doc/1975676096389436,fb.com,/canvas_doc/1975676096389436,,,,,,,Not Specified,,,,,,,,,,"['FACEBOOK', 'INSTAGRAM', 'AUDIENCE_NETWORK', 'MESSENGER', 'THREADS']",,,,,2026-W27,2026-07,"FACEBOOK, INSTAGRAM, AUDIENCE_NETWORK, MESSENGER, THREADS",True,True,True,True,True,False,Internal/App Page,True,False,False,2026-07-06,2026-06-24 07:00:00,2026-07-06 16:23:53.030278,12
1018200957236546,2372130883315250,True,2026-06-23 07:00:00,2026-07-05 07:00:00,Chemist Warehouse,Chemist Warehouse,{{product.name}},{{product.brand}},Shop now,DCO,https://www.chemistwarehouse.com.au/buy/164936/ostelin-calcium-vitamin-d3-turmeric-200-tablets-exclusive-size?utm_source=facebook&utm_medium=social&utm_campaign=au_cw_oa_facebook_social_sanoficonsumerhealthcare_ostelin_81_june26_100553-tumeric_video-image&utm_term=traffic&utm_content=video-image_brand,www.chemistwarehouse.com.au,/buy/164936/ostelin-calcium-vitamin-d3-turmeric-200-tablets-exclusive-size,facebook,social,au_cw_oa_facebook_social_sanoficonsumerhealthcare_ostelin_81_june26_100553-tumeric_video-image,81,traffic,video-image_brand,O&O,Sanoficonsumerhealthcare,Ostelin,june26,video-image,Shop Ostelin Calcium & Vitamin D3 + Turmeric,"New triple action formula with turmeric, traditionally used in Western herbal medicine to relieve mild joint pain.",Shop Now,,https://video.ftgz4-1.fna.fbcdn.net/o1/v/t2/f2/m366/AQOi-qzAD3x0iafmKbA1QBW7bUPx2-hZPVFeybwVCD6KpNI121iye-Aq0bXZkt3QK4I4cJOkFKuaSAAawCrzK-5u1MeWIU8Ja1pcCEaF2lbuMg.mp4?_nc_cat=106&_nc_oc=Adol1QmYyZOBP8ejvmDsjU8CTHqdliN9t318_q1EnF4aSSciNEyIrKdoSCgw0sAHJHA&_nc_sid=b66105&_nc_ht=video.ftgz4-1.fna.fbcdn.net&_nc_ohc=Ux7I_WTaGy0Q7kNvwHpNEbu&efg=eyJ2ZW5jb2RlX3RhZyI6Inhwdl9wcm9ncmVzc2l2ZS5WSV9VU0VDQVNFX1BST0RVQ1RfVFlQRS4uQzMuNzIwLmRhc2hfaDI2NC1iYXNpYy1nZW4yXzcyMHAiLCJ4cHZfYXNzZXRfaWQiOjEzMzEyNzk4MDU3ODg0MjMsImFzc2V0X2FnZV9kYXlzIjoxMSwidmlfdXNlY2FzZV9pZCI6MTA3OTksImR1cmF0aW9uX3MiOjEwLCJ1cmxnZW5fc291cmNlIjoid3d3In0%3D&ccb=17-1&vs=98338bf49236aae3&_nc_vs=HBksFQIYRWZiX2VwaGVtZXJhbC8wMjRDNUMyMEM3Q0MxMjJCODE3NkJEQjVCQzE3OUI4RV9tdF8xX3ZpZGVvX2Rhc2hpbml0Lm1wNBUAAsgBEgAVAhhAZmJfcGVybWFuZW50LzhENEE5Qjk2Qjk4Q0VGN0IxOUMxODcyNjFFOUZERTk5X2F1ZGlvX2Rhc2hpbml0Lm1wNBUCAsgBEgAoABgAGwKIB3VzZV9vaWwBMRJwcm9ncmVzc2l2ZV9yZWNpcGUBMRUAACaOxN2-17LdBBUCKAJDMywXQCV3S8an754YGWRhc2hfaDI2NC1iYXNpYy1nZW4yXzcyMHARAHUAZd6oAQA&_nc_gid=2NifRX92yDf1IwWyCqYmxw&_nc_ss=7f180&_nc_zt=28&oh=00_AQBfI4-Lj8H2eaHDOc8sfyQdquTrUQ6Gg-rf3osIlYhDQA&oe=6A509622,"['FACEBOOK', 'INSTAGRAM', 'AUDIENCE_NETWORK', 'MESSENGER', 'WHATSAPP', 'THREADS']",au,cw,facebook,social,2026-W27,2026-07,"FACEBOOK, INSTAGRAM, AUDIENCE_NETWORK, MESSENGER, WHATSAPP, THREADS",True,True,True,True,True,True,SKU Product,True,False,False,2026-07-06,2026-06-23 07:00:00,2026-07-06 16:23:53.030278,13
1254269729959781,1724449785557550,True,2026-06-24 07:00:00,2026-06-30 07:00:00,Chemist Warehouse,Chemist Warehouse,{{product.name}},{{product.brand}},Shop now,DCO,https://chemistwarehouseoptometry.com.au/,chemistwarehouseoptometry.com.au,/,,,,,,,Not Specified,,,,,Get $15 Off Your Order,"SAVE $15 ON YOUR CONTACT LENSES! 💰

Spend $150+ on contact lenses and we'll take $15 off - limited time only! ✨

🏷️ Just add code SAVE15 at checkout
🚚 FREE shipping on orders $99+^
⏰ Hurry - offer ends 11:59PM 22/07/26 (AEST)

👉 Shop online now at Chemist Warehouse Optometry & see the savings!",Shop Now,https://scontent.ftgz4-1.fna.fbcdn.net/v/t39.35426-6/728503146_993520903315304_1930001432262182381_n.jpg?_nc_cat=104&ccb=1-7&_nc_sid=c53f8f&_nc_ohc=J1m82Zv5XnkQ7kNvwEfQFHw&_nc_oc=AdpdrmnahNBhrUcwYXvMdXNJ_h8FtWQF7beH7mfPRRfYMd8P1eg0OH-DZ9_Tmf8aFro&_nc_zt=14&_nc_ht=scontent.ftgz4-1.fna&_nc_gid=2NifRX92yDf1IwWyCqYmxw&_nc_ss=7f180&oh=00_AQC6HeC0JShwiWuu_c2gacd7VZ14ZCJjYovsf3v3Ik527g&oe=6A50AC4C,,"['FACEBOOK', 'INSTAGRAM', 'AUDIENCE_NETWORK', 'MESSENGER', 'THREADS']",,,,,2026-W27,2026-07,"FACEBOOK, INSTAGRAM, AUDIENCE_NETWORK, MESSENGER, THREADS",True,True,True,True,True,False,Homepage,True,False,False,2026-07-06,2026-06-24 07:00:00,2026-07-06 16:23:53.030278,12
2833096127083308,1007101318593053,True,2026-06-24 07:00:00,2026-07-05 07:00:00,Chemist Warehouse,Chemist Warehouse,Available at Chemist Warehouse,Shop Avene Thermal Spring Water now at Chemist Warehouse.,Shop now,VIDEO,https://www.chemistwarehouse.com.au/shop-online/561/avene?utm_source=facebook&utm_medium=social&utm_campaign=au_cw_oa_facebook_social_pierrefabreaustraliaptyltd_avene_665_jun26_100540-hydrotherapy_video&utm_term=reach&utm_content=video_video,www.chemistwarehouse.com.au,/shop-online/561/avene,facebook,social,au_cw_oa_facebook_social_pierrefabreaustraliaptyltd_avene_665_jun26_100540-hydrotherapy_video,665,reach,video_video,O&O,Pierrefabreaustraliaptyltd,Avene,jun26,video,,,,,,"['FACEBOOK', 'INSTAGRAM', 'THREADS']",au,cw,facebook,social,2026-W27,2026-07,"FACEBOOK, INSTAGRAM, THREADS",True,True,False,False,True,False,Brand/Category Page,True,True,False,2026-07-06,2026-06-24 07:00:00,2026-07-06 16:23:53.030278,12
1034327389130838,1628487521584542,True,2026-06-24 07:00:00,2026-06-30 07:00:00,Chemist Warehouse,Chemist Warehouse,{{product.name}},{{product.brand}},Shop now,DCO,https://chemistwarehouseoptometry.com.au/,chemistwarehouseoptometry.com.au,/,,,,,,,Not Specified,,,,,Get $15 Off Your Order,"SAVE $15 ON YOUR CONTACT LENSES! 💰

Spend $150+ on contact lenses and we'll take $15 off - limited time only! ✨

🏷️ Just add code SAVE15 at checkout
🚚 FREE shipping on orders $99+^
⏰ Hurry - offer ends 11:59PM 22/07/26 (AEST)

👉 Shop online now at Chemist Warehouse Optometry & see the savings!",Shop Now,,https://video.ftgz4-1.fna.fbcdn.net/o1/v/t2/f2/m366/AQPtHv98JKkgjMhEHgjvZYfdGYSQEgqHDk3zrK6kYOUd7w7LD1lw1GJ_InacenN-5vy5BiP5BfjbK0YCBztUJsplIItVqdbQWI86UKu3xTaaiA.mp4?_nc_cat=103&_nc_oc=Adr34ktAdnDzeouSUAGnmP2lPejzgZyGhdK34K_HAilYLhjJX0MqCg8r1Ru33KF29VA&_nc_sid=b66105&_nc_ht=video.ftgz4-1.fna.fbcdn.net&_nc_ohc=iBtqwNggYfoQ7kNvwGAfIGN&efg=eyJ2ZW5jb2RlX3RhZyI6Inhwdl9wcm9ncmVzc2l2ZS5WSV9VU0VDQVNFX1BST0RVQ1RfVFlQRS4uQzMuNzIwLmRhc2hfaDI2NC1iYXNpYy1nZW4yXzcyMHAiLCJ4cHZfYXNzZXRfaWQiOjEzMjcwMzkyMzI4OTMzODAsImFzc2V0X2FnZV9kYXlzIjoxMSwidmlfdXNlY2FzZV9pZCI6MTA3OTksImR1cmF0aW9uX3MiOjEwLCJ1cmxnZW5fc291cmNlIjoid3d3In0%3D&ccb=17-1&vs=375ff70606afb831&_nc_vs=HBkcFQIYRWZiX2VwaGVtZXJhbC9BNTRGRUNCQzgyRjY0NDVENkM4NjA3RjQ3RTdDRkE5Nl9tdF8xX3ZpZGVvX2Rhc2hpbml0Lm1wNBUAAsgBEgAoABgAGwKIB3VzZV9vaWwBMRJwcm9ncmVzc2l2ZV9yZWNpcGUBMRUAACaIh6Ph7LvbBBUCKAJDMywXQCQAAAAAAAAYGWRhc2hfaDI2NC1iYXNpYy1nZW4yXzcyMHARAHUAZd6oAQA&_nc_gid=2NifRX92yDf1IwWyCqYmxw&_nc_ss=7f180&_nc_zt=28&oh=00_AQAf209Q7eqgrFNlQSghUzC9SI27vYn_-yfPsnagHZF5EQ&oe=6A50BA69,"['FACEBOOK', 'INSTAGRAM', 'AUDIENCE_NETWORK', 'THREADS']",,,,,2026-W27,2026-07,"FACEBOOK, INSTAGRAM, AUDIENCE_NETWORK, THREADS",True,True,True,False,True,False,Homepage,True,False,False,2026-07-06,2026-06-24 07:00:00,2026-07-06 16:23:53.030278,12
1512894647049634,1328853135884197,True,2026-06-24 07:00:00,2026-06-30 07:00:00,Chemist Warehouse,Chemist Warehouse,{{product.name}},{{product.brand}},Shop now,DCO,https://chemistwarehouseoptometry.com.au/,chemistwarehouseoptometry.com.au,/,,,,,,,Not Specified,,,,,Get $15 Off Your Order,"SAVE $15 ON YOUR CONTACT LENSES! 💰

Spend $150+ on contact lenses and we'll take $15 off - limited time only! ✨

🏷️ Just add code SAVE15 at checkout
🚚 FREE shipping on orders $99+^
⏰ Hurry - offer ends 11:59PM 22/07/26 (AEST)

👉 Shop online now at Chemist Warehouse Optometry & see the savings!",Shop Now,https://scontent.ftgz4-1.fna.fbcdn.net/v/t39.35426-6/729567235_2532680500498629_7410422505785075545_n.jpg?_nc_cat=107&ccb=1-7&_nc_sid=c53f8f&_nc_ohc=xcXIf1dHeW0Q7kNvwECGNGg&_nc_oc=AdrdYhUrazroAankeC_GrasVlTReDBXvWa4YzLt8r2c7TBGqVe_6LD4qVINz5rexpc4&_nc_zt=14&_nc_ht=scontent.ftgz4-1.fna&_nc_gid=2NifRX92yDf1IwWyCqYmxw&_nc_ss=7f180&oh=00_AQBiYHCCis9U5tObJrNwZxW0ycEF-jtwuhMkLDxxz8Q70Q&oe=6A509992,,"['FACEBOOK', 'INSTAGRAM', 'AUDIENCE_NETWORK', 'THREADS']",,,,,2026-W27,2026-07,"FACEBOOK, INSTAGRAM, AUDIENCE_NETWORK, THREADS",True,True,True,False,True,False,Homepage,True,False,False,2026-07-06,2026-06-24 07:00:00,2026-07-06 16:23:53.030278,12
1350972690431069,2249849238754684,True,2026-06-24 07:00:00,2026-06-30 07:00:00,Chemist Warehouse,Chemist Warehouse,{{product.name}},{{product.brand}},Shop now,DCO,https://chemistwarehouseoptometry.com.au/,chemistwarehouseoptometry.com.au,/,,,,,,,Not Specified,,,,,Get $15 Off Your Order,"SAVE $15 ON YOUR CONTACT LENSES! 💰

Spend $150+ on contact lenses and we'll take $15 off - limited time only! ✨

🏷️ Just add code SAVE15 at checkout
🚚 FREE shipping on orders $99+^
⏰ Hurry - offer ends 11:59PM 22/07/26 (AEST)

👉 Shop online now at Chemist Warehouse Optometry & see the savings!",Shop Now,https://scontent.ftgz4-1.fna.fbcdn.net/v/t39.35426-6/731147184_27742528952018538_9213911617451521458_n.jpg?_nc_cat=106&ccb=1-7&_nc_sid=c53f8f&_nc_ohc=bFr0Zh55BDUQ7kNvwH_jgvX&_nc_oc=Adp8BQEYbl-2r_LlS1Y1reihLHoNSx2d3r9J0NUov4Euu3sNt_IrFL5kRjETN_MWMzg&_nc_zt=14&_nc_ht=scontent.ftgz4-1.fna&_nc_gid=2NifRX92yDf1IwWyCqYmxw&_nc_ss=7f180&oh=00_AQBoleifkXPIgHTysZErdCNrSVaE-dDle4cTvT4BFK3QqA&oe=6A50932D,,"['FACEBOOK', 'INSTAGRAM', 'AUDIENCE_NETWORK', 'MESSENGER', 'THREADS']",,,,,2026-W27,2026-07,"FACEBOOK, INSTAGRAM, AUDIENCE_NETWORK, MESSENGER, THREADS",True,True,True,True,True,False,Homepage,True,False,False,2026-07-06,2026-06-24 07:00:00,2026-07-06 16:23:53.030278,12
4385611001651697,898246382551478,True,2026-06-24 07:00:00,2026-07-01 07:00:00,Chemist Warehouse,Chemist Warehouse,Shop Now at Chemist Warehouse!,Shop Now at Chemist Warehouse!,Shop now,IMAGE,https://www.chemistwarehouse.com.au/,www.chemistwarehouse.com.au,/,,,,,,,Not Specified,,,,,,,,,,"['FACEBOOK', 'INSTAGRAM', 'THREADS']",,,,,2026-W27,2026-07,"FACEBOOK, INSTAGRAM, THREADS",True,True,False,False,True,False,Homepage,True,True,False,2026-07-06,2026-06-24 07:00:00,2026-07-06 16:23:53.030278,12
1013030054460428,1544546777379694,True,2026-06-24 07:00:00,2026-07-05 07:00:00,Chemist Warehouse,Chemist Warehouse,{{product.name}},{{product.brand}},Shop now,DCO,https://www.chemistwarehouse.com.au/buy/167518/palmolive-luminous-oils-body-wash-salted-caramel-pistachio-750ml?utm_source=facebook&utm_medium=social&utm_campaign=au_cw_oa_facebook_social_colgatepalmoliveptyltd_palmolive_259_jun26_100622-salted_video&utm_term=traffic&utm_content=video_instore-video,www.chemistwarehouse.com.au,/buy/167518/palmolive-luminous-oils-body-wash-salted-caramel-pistachio-750ml,facebook,social,au_cw_oa_facebook_social_colgatepalmoliveptyltd_palmolive_259_jun26_100622-salted_video,259,traffic,video_instore-video,O&O,Colgatepalmoliveptyltd,Palmolive,jun26,video,Available at Chemist Warehouse,Shop Palmolive Salted Caramel & Pistachio Body Wash at Chemist Warehouse.,Shop Now,,https://video.ftgz4-1.fna.fbcdn.net/o1/v/t2/f2/m366/AQNZuNjTqodTPffD0dEHlVslJlm26NJ2JHZIF7wL6-8IjrV_KqLjVpn13BWpnPExAGdlwQdWQUwk5zqsJxsjyu68Fn-bcaTiQ75BW1jlCJg7KA.mp4?_nc_cat=110&_nc_oc=AdqGNnqjBTlzNQZMwU512Izta8GNsWB8fVQcyzrIBKxKzoR_siA59WYGlMgyNK-_VUM&_nc_sid=b66105&_nc_ht=video.ftgz4-1.fna.fbcdn.net&_nc_ohc=hj7Q8JJG558Q7kNvwFg5sVM&efg=eyJ2ZW5jb2RlX3RhZyI6Inhwdl9wcm9ncmVzc2l2ZS5WSV9VU0VDQVNFX1BST0RVQ1RfVFlQRS4uQzMuNzIwLmRhc2hfaDI2NC1iYXNpYy1nZW4yXzcyMHAiLCJ4cHZfYXNzZXRfaWQiOjMyMzc0NDY4MzY1ODc0MDAsImFzc2V0X2FnZV9kYXlzIjoxMSwidmlfdXNlY2FzZV9pZCI6MTA3OTksImR1cmF0aW9uX3MiOjE5LCJ3YXRjaF90aW1lX3MiOjExNDUsInVybGdlbl9zb3VyY2UiOiJ3d3cifQ%3D%3D&ccb=17-1&vs=8aa7d06624f7cb34&_nc_vs=HBksFQIYRWZiX2VwaGVtZXJhbC8xQzRDMUZFOUNFODVCMDUzOEU2M0EzODY0ODhDQjJCNF9tdF8xX3ZpZGVvX2Rhc2hpbml0Lm1wNBUAAsgBEgAVAhhAZmJfcGVybWFuZW50LzIyNDQ5RTUxRUQ5MUZDNzk1MkI1RTZFRUIxRDNBM0I5X2F1ZGlvX2Rhc2hpbml0Lm1wNBUCAsgBEgAoABgAGwKIB3VzZV9vaWwBMRJwcm9ncmVzc2l2ZV9yZWNpcGUBMRUAACaQruTKmpzACxUCKAJDMywXQDOAAAAAAAAYGWRhc2hfaDI2NC1iYXNpYy1nZW4yXzcyMHARAHUAZd6oAQA&_nc_gid=RlyYFDNQuVNE1WsVIW63mg&_nc_ss=7f180&_nc_zt=28&oh=00_AQASd1bqfbjy9vA3vqVWambt5wR0uDfLVltl0Y9zd4KLBw&oe=6A50BE02,"['FACEBOOK', 'INSTAGRAM', 'THREADS']",au,cw,facebook,social,2026-W27,2026-07,"FACEBOOK, INSTAGRAM, THREADS",True,True,False,False,True,False,SKU Product,True,False,False,2026-07-06,2026-06-24 07:00:00,2026-07-06 16:23:53.030278,12
1683898916204786,,True,2026-06-24 07:00:00,2026-07-05 07:00:00,Chemist Warehouse,Chemist Warehouse,40% off RRP Maybelline New York,Exclusive 40% Off RRP Maybelline New York Deals at Chemist Warehouse. Offer Ends July 8th,Shop now,IMAGE,https://fb.com/canvas_doc/1548901480091751,fb.com,/canvas_doc/1548901480091751,,,,,,,Not Specified,,,,,,,,,,"['FACEBOOK', 'INSTAGRAM', 'AUDIENCE_NETWORK', 'MESSENGER', 'THREADS']",,,,,2026-W27,2026-07,"FACEBOOK, INSTAGRAM, AUDIENCE_NETWORK, MESSENGER, THREADS",True,True,True,True,True,False,Internal/App Page,True,True,False,2026-07-06,2026-06-24 07:00:00,2026-07-06 16:23:53.030278,12
2696961754053134,,True,2026-06-24 07:00:00,2026-07-05 07:00:00,Chemist Warehouse,Chemist Warehouse,{{product.name}},{{product.brand}},Shop now,DCO,https://www.chemistwarehouse.com.au/shop-online/863/pantene?utm_source=facebook&utm_medium=social&utm_campaign=au_cw_oa_facebook_social_proctergambleaustralia_pantene_129_2026_100587-oa_video-image&utm_term=traffic&utm_content=video-image_all,www.chemistwarehouse.com.au,/shop-online/863/pantene,facebook,social,au_cw_oa_facebook_social_proctergambleaustralia_pantene_129_2026_100587-oa_video-image,129,traffic,video-image_all,O&O,Proctergambleaustralia,Pantene,2026,video-image,Pantene Miracles Bond Repair,"New Bond Repair Leave-In cream delivers an instant boost of nourishment to get soft, repaired & frizz-free hair",Shop Now,https://scontent.ftgz4-1.fna.fbcdn.net/v/t39.35426-6/730598493_2831764433825060_4812487182657624565_n.jpg?_nc_cat=106&ccb=1-7&_nc_sid=c53f8f&_nc_ohc=f2P_rds1VuYQ7kNvwFVh6_L&_nc_oc=AdrLAI-Uy63PegTVFy1Gfm_ve0RdxcTkyrdIuil7sC5atDzkTK_L5PGOVQ0dJ81FDS4&_nc_zt=14&_nc_ht=scontent.ftgz4-1.fna&_nc_gid=RlyYFDNQuVNE1WsVIW63mg&_nc_ss=7f180&oh=00_AQCoVDvYlwKSIQo_MDSoWoUB2i3khDdsDd6LFFBpMAJeWg&oe=6A509156,,"['FACEBOOK', 'INSTAGRAM', 'AUDIENCE_NETWORK', 'MESSENGER', 'WHATSAPP', 'THREADS']",au,cw,facebook,social,2026-W27,2026-07,"FACEBOOK, INSTAGRAM, AUDIENCE_NETWORK, MESSENGER, WHATSAPP, THREADS",True,True,True,True,True,True,Brand/Category Page,True,False,False,2026-07-06,2026-06-24 07:00:00,2026-07-06 16:23:53.030278,12
4303202239933198,27425128003809044,True,2026-06-24 07:00:00,2026-06-30 07:00:00,Chemist Warehouse,Chemist Warehouse,{{product.name}},{{product.brand}},Shop now,DCO,https://chemistwarehouseoptometry.com.au/,chemistwarehouseoptometry.com.au,/,,,,,,,Not Specified,,,,,Get $15 Off Your Order,"SAVE $15 ON YOUR CONTACT LENSES! 💰

Spend $150+ on contact lenses and we'll take $15 off - quickly, before it's too late! ✨

🏷️ Just add code SAVE15 at checkout
🚚 FREE shipping on orders $99+^
⏰ Hurry - offer ends 11:59PM 22/07/26 (AEST)

👉 Shop online now at Chemist Warehouse Optometry & see the savings!",Shop Now,,https://video.ftgz4-1.fna.fbcdn.net/o1/v/t2/f2/m366/AQPtHv98JKkgjMhEHgjvZYfdGYSQEgqHDk3zrK6kYOUd7w7LD1lw1GJ_InacenN-5vy5BiP5BfjbK0YCBztUJsplIItVqdbQWI86UKu3xTaaiA.mp4?_nc_cat=103&_nc_oc=Adr34ktAdnDzeouSUAGnmP2lPejzgZyGhdK34K_HAilYLhjJX0MqCg8r1Ru33KF29VA&_nc_sid=b66105&_nc_ht=video.ftgz4-1.fna.fbcdn.net&_nc_ohc=iBtqwNggYfoQ7kNvwGAfIGN&efg=eyJ2ZW5jb2RlX3RhZyI6Inhwdl9wcm9ncmVzc2l2ZS5WSV9VU0VDQVNFX1BST0RVQ1RfVFlQRS4uQzMuNzIwLmRhc2hfaDI2NC1iYXNpYy1nZW4yXzcyMHAiLCJ4cHZfYXNzZXRfaWQiOjEzMjcwMzkyMzI4OTMzODAsImFzc2V0X2FnZV9kYXlzIjoxMSwidmlfdXNlY2FzZV9pZCI6MTA3OTksImR1cmF0aW9uX3MiOjEwLCJ1cmxnZW5fc291cmNlIjoid3d3In0%3D&ccb=17-1&vs=375ff70606afb831&_nc_vs=HBkcFQIYRWZiX2VwaGVtZXJhbC9BNTRGRUNCQzgyRjY0NDVENkM4NjA3RjQ3RTdDRkE5Nl9tdF8xX3ZpZGVvX2Rhc2hpbml0Lm1wNBUAAsgBEgAoABgAGwKIB3VzZV9vaWwBMRJwcm9ncmVzc2l2ZV9yZWNpcGUBMRUAACaIh6Ph7LvbBBUCKAJDMywXQCQAAAAAAAAYGWRhc2hfaDI2NC1iYXNpYy1nZW4yXzcyMHARAHUAZd6oAQA&_nc_gid=2NifRX92yDf1IwWyCqYmxw&_nc_ss=7f180&_nc_zt=28&oh=00_AQAf209Q7eqgrFNlQSghUzC9SI27vYn_-yfPsnagHZF5EQ&oe=6A50BA69,"['FACEBOOK', 'INSTAGRAM', 'AUDIENCE_NETWORK', 'MESSENGER', 'THREADS']",,,,,2026-W27,2026-07,"FACEBOOK, INSTAGRAM, AUDIENCE_NETWORK, MESSENGER, THREADS",True,True,True,True,True,False,Homepage,True,False,False,2026-07-06,2026-06-24 07:00:00,2026-07-06 16:23:53.030278,12
993935883628941,,True,2026-06-24 07:00:00,2026-07-05 07:00:00,Chemist Warehouse,Chemist Warehouse,40% off RRP Maybelline New York,Exclusive 40% Off RRP Maybelline New York Deals at Chemist Warehouse. Offer Ends July 8th,Shop now,IMAGE,https://fb.com/canvas_doc/1051193490752846,fb.com,/canvas_doc/1051193490752846,,,,,,,Not Specified,,,,,,,,,,"['FACEBOOK', 'INSTAGRAM', 'AUDIENCE_NETWORK', 'MESSENGER', 'THREADS']",,,,,2026-W27,2026-07,"FACEBOOK, INSTAGRAM, AUDIENCE_NETWORK, MESSENGER, THREADS",True,True,True,True,True,False,Internal/App Page,True,True,False,2026-07-06,2026-06-24 07:00:00,2026-07-06 16:23:53.030278,12
807323982345707,2209270649865241,True,2026-06-24 07:00:00,2026-07-05 07:00:00,Chemist Warehouse,Chemist Warehouse,Available at Chemist Warehouse,Shop Avene Thermal Spring Water now at Chemist Warehouse.,Shop now,VIDEO,https://www.chemistwarehouse.com.au/shop-online/561/avene?utm_source=facebook&utm_medium=social&utm_campaign=au_cw_oa_facebook_social_pierrefabreaustraliaptyltd_avene_665_jun26_100540-hydrotherapy_video&utm_term=reach&utm_content=video_video,www.chemistwarehouse.com.au,/shop-online/561/avene,facebook,social,au_cw_oa_facebook_social_pierrefabreaustraliaptyltd_avene_665_jun26_100540-hydrotherapy_video,665,reach,video_video,O&O,Pierrefabreaustraliaptyltd,Avene,jun26,video,,,,,,"['FACEBOOK', 'INSTAGRAM', 'THREADS']",au,cw,facebook,social,2026-W27,2026-07,"FACEBOOK, INSTAGRAM, THREADS",True,True,False,False,True,False,Brand/Category Page,True,True,False,2026-07-06,2026-06-24 07:00:00,2026-07-06 16:23:53.030278,12
2178264239621437,1404890881661750,True,2026-06-24 07:00:00,2026-07-05 07:00:00,Chemist Warehouse,Chemist Warehouse,Freezeframe Eyelid Lift,Shop freezeframe EYELID LIFT now at Chemist Warehouse.,Learn more,VIDEO,https://www.chemistwarehouse.com.au/buy/120890/freezeframe-eyelid-lift-15ml?utm_source=facebook&utm_medium=social&utm_campaign=au_cw_oa_facebook_social_selfcarecorporationptyltd_freezeframe_665_may26_100429-oa_video&utm_term=reach&utm_content=video_influencer,www.chemistwarehouse.com.au,/buy/120890/freezeframe-eyelid-lift-15ml,facebook,social,au_cw_oa_facebook_social_selfcarecorporationptyltd_freezeframe_665_may26_100429-oa_video,665,reach,video_influencer,O&O,Selfcarecorporationptyltd,Freezeframe,may26,video,,,,,,"['FACEBOOK', 'INSTAGRAM', 'MESSENGER']",au,cw,facebook,social,2026-W27,2026-07,"FACEBOOK, INSTAGRAM, MESSENGER",True,True,False,True,False,False,SKU Product,True,True,False,2026-07-06,2026-06-24 07:00:00,2026-07-06 16:23:53.030278,12
1378327184235526,863158243529745,True,2026-06-24 07:00:00,2026-07-05 07:00:00,Chemist Warehouse,Chemist Warehouse,Freezeframe Eyelid Lift,Shop freezeframe EYELID LIFT now at Chemist Warehouse.,Learn more,VIDEO,https://www.chemistwarehouse.com.au/buy/120890/freezeframe-eyelid-lift-15ml?utm_source=facebook&utm_medium=social&utm_campaign=au_cw_oa_facebook_social_selfcarecorporationptyltd_freezeframe_665_may26_100429-oa_video&utm_term=reach&utm_content=video_influencer,www.chemistwarehouse.com.au,/buy/120890/freezeframe-eyelid-lift-15ml,facebook,social,au_cw_oa_facebook_social_selfcarecorporationptyltd_freezeframe_665_may26_100429-oa_video,665,reach,video_influencer,O&O,Selfcarecorporationptyltd,Freezeframe,may26,video,,,,,,"['FACEBOOK', 'INSTAGRAM', 'MESSENGER']",au,cw,facebook,social,2026-W27,2026-07,"FACEBOOK, INSTAGRAM, MESSENGER",True,True,False,True,False,False,SKU Product,True,True,False,2026-07-06,2026-06-24 07:00:00,2026-07-06 16:23:53.030278,12
807033509043670,2484556212013466,True,2026-06-23 07:00:00,2026-07-05 07:00:00,Chemist Warehouse,Chemist Warehouse,Chemist Warehouse,Don’t let digestive issues take over your days,Shop now,CAROUSEL,https://www.chemistwarehouse.com.au/shop-online/3087/iberogast?utm_source=facebook&utm_medium=social&utm_campaign=au_cw_coop_facebook_social_bayeraustralialtd_iberogast_258_jun25_100137-bau_video&utm_term=traffic&utm_content=video_,www.chemistwarehouse.com.au,/shop-online/3087/iberogast,facebook,social,au_cw_coop_facebook_social_bayeraustralialtd_iberogast_258_jun25_100137-bau_video,258,traffic,video_,Coop,Bayeraustralialtd,Iberogast,jun25,video,Relieve symptoms of indigestion,Always read the label and follow the directions for use.,Shop Now,https://scontent.ftgz4-1.fna.fbcdn.net/v/t39.35426-6/729897278_1542044387652776_8886930828529647111_n.jpg?_nc_cat=109&ccb=1-7&_nc_sid=c53f8f&_nc_ohc=DN3TqoXlyY0Q7kNvwG10Ulb&_nc_oc=AdqfiPQxBpR0zOdvAXd2oI7xKDo6Lc7dKjtEsQTLltcGOaLxFf1ZAv2uDoSRrdpG31c&_nc_zt=14&_nc_ht=scontent.ftgz4-1.fna&_nc_gid=ZKvpDcYMyZpNIUMupOgRtA&_nc_ss=7f180&oh=00_AQCG5YWYTEHpOxKSMHkgDiFlzUna1tLYlMwq9eoG3wq6YA&oe=6A509E4C,,"['FACEBOOK', 'INSTAGRAM', 'AUDIENCE_NETWORK', 'MESSENGER', 'WHATSAPP', 'THREADS']",au,cw,facebook,social,2026-W27,2026-07,"FACEBOOK, INSTAGRAM, AUDIENCE_NETWORK, MESSENGER, WHATSAPP, THREADS",True,True,True,True,True,True,Brand/Category Page,True,True,False,2026-07-06,2026-06-23 07:00:00,2026-07-06 16:23:53.030278,13
2070248437177637,1701355834400068,True,2026-06-23 07:00:00,2026-07-04 07:00:00,Chemist Warehouse,Chemist Warehouse,Shop at Chemist Warehouse,"Iberogast liquid, clinically proven digestive relief, now available in a convenient gelcap.",See details,VIDEO,https://www.chemistwarehouse.com.au/shop-online/3087/iberogast?utm_source=facebook&utm_medium=social&utm_campaign=au_cw_coop_facebook_social_bayeraustralialtd_iberogast_258_jun25_100137-bau_video&utm_term=traffic&utm_content=video_,www.chemistwarehouse.com.au,/shop-online/3087/iberogast,facebook,social,au_cw_coop_facebook_social_bayeraustralialtd_iberogast_258_jun25_100137-bau_video,258,traffic,video_,Coop,Bayeraustralialtd,Iberogast,jun25,video,,,,,,"['FACEBOOK', 'INSTAGRAM', 'AUDIENCE_NETWORK', 'MESSENGER', 'WHATSAPP', 'THREADS']",au,cw,facebook,social,2026-W27,2026-07,"FACEBOOK, INSTAGRAM, AUDIENCE_NETWORK, MESSENGER, WHATSAPP, THREADS",True,True,True,True,True,True,Brand/Category Page,True,True,False,2026-07-06,2026-06-23 07:00:00,2026-07-06 16:23:53.030278,13
938710442519416,895823456893450,True,2026-06-23 07:00:00,2026-07-05 07:00:00,Chemist Warehouse,Chemist Warehouse,{{product.name}},{{product.brand}},Shop now,DCO,https://www.chemistwarehouse.com.au/shop-online/3087/iberogast?utm_source=facebook&utm_medium=social&utm_campaign=au_cw_coop_facebook_social_bayeraustralialtd_iberogast_258_jun25_100137-bau_video&utm_term=traffic&utm_content=video_,www.chemistwarehouse.com.au,/shop-online/3087/iberogast,facebook,social,au_cw_coop_facebook_social_bayeraustralialtd_iberogast_258_jun25_100137-bau_video,258,traffic,video_,Coop,Bayeraustralialtd,Iberogast,jun25,video,Shop at Chemist Warehouse,"6 Digestive Symptoms, All-in-One Clinically¹,² Proven Relief",Shop Now,https://scontent.ftgz4-1.fna.fbcdn.net/v/t39.35426-6/729467022_1002660952409570_6589958094607179491_n.jpg?_nc_cat=108&ccb=1-7&_nc_sid=c53f8f&_nc_ohc=j7nnJRXLYGYQ7kNvwEq3_eC&_nc_oc=AdptCBkrH0V6Q4DlXPPOsJGn8HFpYrF6h6fdYSxHVS8CD7prk2laJCwvEjgIx6tpM10&_nc_zt=14&_nc_ht=scontent.ftgz4-1.fna&_nc_gid=ZKvpDcYMyZpNIUMupOgRtA&_nc_ss=7f180&oh=00_AQDq1cz3Gsnv2PKSH_jFNTt8EQvg0lFhkR0XetemKDkaGw&oe=6A50ABA6,,"['FACEBOOK', 'INSTAGRAM', 'AUDIENCE_NETWORK', 'MESSENGER', 'WHATSAPP', 'THREADS']",au,cw,facebook,social,2026-W27,2026-07,"FACEBOOK, INSTAGRAM, AUDIENCE_NETWORK, MESSENGER, WHATSAPP, THREADS",True,True,True,True,True,True,Brand/Category Page,True,False,False,2026-07-06,2026-06-23 07:00:00,2026-07-06 16:23:53.030278,13
1891530178487074,1359688986121382,True,2026-06-23 07:00:00,2026-07-05 07:00:00,Chemist Warehouse,Chemist Warehouse,Shop Ostelin Calcium & Vitamin D3 + Turmeric,"New triple action formula with turmeric, traditionally used in Western herbal medicine to relieve mild joint pain.",Shop now,VIDEO,https://fb.com/canvas_doc/1695037444878870,fb.com,/canvas_doc/1695037444878870,,,,,,,Not Specified,,,,,,,,,,"['FACEBOOK', 'INSTAGRAM', 'AUDIENCE_NETWORK', 'MESSENGER', 'THREADS']",,,,,2026-W27,2026-07,"FACEBOOK, INSTAGRAM, AUDIENCE_NETWORK, MESSENGER, THREADS",True,True,True,True,True,False,Internal/App Page,True,False,False,2026-07-06,2026-06-23 07:00:00,2026-07-06 16:23:53.030278,13
2170565717097461,1944159582956124,True,2026-06-23 07:00:00,2026-07-05 07:00:00,Chemist Warehouse,Chemist Warehouse,{{product.name}},{{product.brand}},Shop now,DCO,https://www.chemistwarehouse.com.au/buy/164936/ostelin-calcium-vitamin-d3-turmeric-200-tablets-exclusive-size?utm_source=facebook&utm_medium=social&utm_campaign=au_cw_oa_facebook_social_sanoficonsumerhealthcare_ostelin_81_june26_100553-tumeric_video-image&utm_term=traffic&utm_content=video-image_brand,www.chemistwarehouse.com.au,/buy/164936/ostelin-calcium-vitamin-d3-turmeric-200-tablets-exclusive-size,facebook,social,au_cw_oa_facebook_social_sanoficonsumerhealthcare_ostelin_81_june26_100553-tumeric_video-image,81,traffic,video-image_brand,O&O,Sanoficonsumerhealthcare,Ostelin,june26,video-image,Shop Ostelin Calcium & Vitamin D3 + Turmeric,"New triple action formula with turmeric, traditionally used in Western herbal medicine to relieve mild joint pain.",Shop Now,https://scontent.ftgz4-1.fna.fbcdn.net/v/t39.35426-6/728893515_1792703748775735_4455976883732504340_n.jpg?_nc_cat=100&ccb=1-7&_nc_sid=c53f8f&_nc_ohc=s3HX4T14FrEQ7kNvwHie5va&_nc_oc=Adr-VaOWKDIJzT-7XAUP3vyQmgnFWXmTlJmPRDvQt_6QPqoP3b0yRUQC5OtDCshKMEg&_nc_zt=14&_nc_ht=scontent.ftgz4-1.fna&_nc_gid=ZKvpDcYMyZpNIUMupOgRtA&_nc_ss=7f180&oh=00_AQC41Rp43ZG8C7EhKBWQViN3915-mnpLIGdA0gzkrKsmKw&oe=6A50BD56,,"['FACEBOOK', 'INSTAGRAM', 'AUDIENCE_NETWORK', 'MESSENGER', 'WHATSAPP', 'THREADS']",au,cw,facebook,social,2026-W27,2026-07,"FACEBOOK, INSTAGRAM, AUDIENCE_NETWORK, MESSENGER, WHATSAPP, THREADS",True,True,True,True,True,True,SKU Product,True,False,False,2026-07-06,2026-06-23 07:00:00,2026-07-06 16:23:53.030278,13
1014350630959262,2166841500839109,True,2026-06-24 07:00:00,2026-07-01 07:00:00,Chemist Warehouse,Chemist Warehouse,Shop Garnier now at Chemist Warehouse!,"Add the Garnier Vitamin C range to your skin routine and glow a little brighter.

*The savings calculated are calculated by reference to the suppliers current published recommended retail price at the time of preparation. Due to the Chemist Warehouse discount policy, Chemist Warehouse may not have sold the product at this RRP.",Shop now,IMAGE,https://www.chemistwarehouse.com.au/buy/154887/garnier-vitamin-c-brightening-serum-30ml,www.chemistwarehouse.com.au,/buy/154887/garnier-vitamin-c-brightening-serum-30ml,,,,,,,Not Specified,,,,,,,,,,"['FACEBOOK', 'INSTAGRAM', 'THREADS']",,,,,2026-W27,2026-07,"FACEBOOK, INSTAGRAM, THREADS",True,True,False,False,True,False,SKU Product,True,True,False,2026-07-06,2026-06-24 07:00:00,2026-07-06 16:23:53.030278,12
1501558371707211,865518652820307,True,2026-06-23 07:00:00,2026-07-05 07:00:00,Chemist Warehouse,Chemist Warehouse,{{product.name}},{{product.brand}},Shop now,DCO,https://www.chemistwarehouse.com.au/buy/164936/ostelin-calcium-vitamin-d3-turmeric-200-tablets-exclusive-size?utm_source=facebook&utm_medium=social&utm_campaign=au_cw_oa_facebook_social_sanoficonsumerhealthcare_ostelin_81_june26_100553-tumeric_video-image&utm_term=traffic&utm_content=video-image_brand,www.chemistwarehouse.com.au,/buy/164936/ostelin-calcium-vitamin-d3-turmeric-200-tablets-exclusive-size,facebook,social,au_cw_oa_facebook_social_sanoficonsumerhealthcare_ostelin_81_june26_100553-tumeric_video-image,81,traffic,video-image_brand,O&O,Sanoficonsumerhealthcare,Ostelin,june26,video-image,Shop Ostelin Calcium & Vitamin D3 + Turmeric,"New triple action formula with turmeric, traditionally used in Western herbal medicine to relieve mild joint pain.",Shop Now,,https://video.ftgz4-1.fna.fbcdn.net/o1/v/t2/f2/m366/AQNPAo6ZiW_jxExGCavShwzFzTG1d5CmUGxCSeJ3iTEiwaBJiqjAuQrQjba6D5l6942znfVoN4l5ZmJR9hOMd8hYoree30IbvdnCJDcTLcTHVQ.mp4?_nc_cat=101&_nc_oc=Adp5wQVtyTU_BpTkAQpXP2kjrYB9t6xb9mpQnqI1cniarSaRSnZkmJSdDRNtefNEKUo&_nc_sid=b66105&_nc_ht=video.ftgz4-1.fna.fbcdn.net&_nc_ohc=lpGwdBT3gUEQ7kNvwEFGNbu&efg=eyJ2ZW5jb2RlX3RhZyI6Inhwdl9wcm9ncmVzc2l2ZS5WSV9VU0VDQVNFX1BST0RVQ1RfVFlQRS4uQzMuNzIwLmRhc2hfaDI2NC1iYXNpYy1nZW4yXzcyMHAiLCJ4cHZfYXNzZXRfaWQiOjg5MjgxODQ4MDUyMjY2NSwiYXNzZXRfYWdlX2RheXMiOjExLCJ2aV91c2VjYXNlX2lkIjoxMDc5OSwiZHVyYXRpb25fcyI6MjksInVybGdlbl9zb3VyY2UiOiJ3d3cifQ%3D%3D&ccb=17-1&vs=f3a580bc5b1bf843&_nc_vs=HBksFQIYRWZiX2VwaGVtZXJhbC8xMTQxMTU1N0VEMzZFNkJEQUI0RUE4QUYwRDNFQjhBQV9tdF8xX3ZpZGVvX2Rhc2hpbml0Lm1wNBUAAsgBEgAVAhhAZmJfcGVybWFuZW50LzkwNEExMjAyMDEwQTQ0NUMwNUI0MkE3MERBQkM0QkJGX2F1ZGlvX2Rhc2hpbml0Lm1wNBUCAsgBEgAoABgAGwKIB3VzZV9vaWwBMRJwcm9ncmVzc2l2ZV9yZWNpcGUBMRUAACbSlouG8ICWAxUCKAJDMywXQD0IcrAgxJwYGWRhc2hfaDI2NC1iYXNpYy1nZW4yXzcyMHARAHUAZd6oAQA&_nc_gid=ZKvpDcYMyZpNIUMupOgRtA&_nc_ss=7f180&_nc_zt=28&oh=00_AQBd_yFBpsw0GIZWgOV6ocqbGfx5w3SZ5ue_ySPD6V4Pwg&oe=6A509547,"['FACEBOOK', 'INSTAGRAM', 'AUDIENCE_NETWORK', 'MESSENGER', 'WHATSAPP', 'THREADS']",au,cw,facebook,social,2026-W27,2026-07,"FACEBOOK, INSTAGRAM, AUDIENCE_NETWORK, MESSENGER, WHATSAPP, THREADS",True,True,True,True,True,True,SKU Product,True,False,False,2026-07-06,2026-06-23 07:00:00,2026-07-06 16:23:53.030278,13
976309225196310,1661308175101459,True,2026-06-23 07:00:00,2026-07-05 07:00:00,Chemist Warehouse,Chemist Warehouse,{{product.name}},{{product.brand}},Shop now,DCO,https://www.chemistwarehouse.com.au/shop-online/carusos-gummies?utm_source=facebook&utm_medium=social&utm_campaign=au_cw_oa_facebook_social_carusosnaturalhealth_carusos_81_may26_100524-oa-taffic_video-image&utm_term=traffic&utm_content=video-image_ashwa,www.chemistwarehouse.com.au,/shop-online/carusos-gummies,facebook,social,au_cw_oa_facebook_social_carusosnaturalhealth_carusos_81_may26_100524-oa-taffic_video-image,81,traffic,video-image_ashwa,O&O,Carusosnaturalhealth,Carusos,may26,video-image,Wellness made delicious,"Discover the easier way to wellness with Caruso's Herbal Gummies. Delicious herbal support you can take anytime, anywhere.

Vegan | 99% Sugar Free | Natural Colours

Always read the label and follow the directions for use.",Shop Now,,https://video.ftgz4-1.fna.fbcdn.net/o1/v/t2/f2/m366/AQPtOjWiTlGkGOTXYBgfwUmAqcml9krJeRpXwHZOp9dORYLzTpqp4gbaZUAAuptYWb3r9AYFcd4j3uoZGpeI4a1R0kinQDwuO1kuSX5UM8xo9w.mp4?_nc_cat=100&_nc_oc=Adrt2iKVtW77gQhXn65CL1T_0wiIfPj-Ru4ZTlnp0uAFpYMwOrVXKtWw2tG2gOFUYoI&_nc_sid=b66105&_nc_ht=video.ftgz4-1.fna.fbcdn.net&_nc_ohc=SxWRzgUwc_UQ7kNvwHOVARh&efg=eyJ2ZW5jb2RlX3RhZyI6Inhwdl9wcm9ncmVzc2l2ZS5WSV9VU0VDQVNFX1BST0RVQ1RfVFlQRS4uQzMuNzIwLmRhc2hfaDI2NC1iYXNpYy1nZW4yXzcyMHAiLCJ4cHZfYXNzZXRfaWQiOjE1MjczNDM2NTIwODMyNjAsImFzc2V0X2FnZV9kYXlzIjozOSwidmlfdXNlY2FzZV9pZCI6MTA3OTksImR1cmF0aW9uX3MiOjgsInVybGdlbl9zb3VyY2UiOiJ3d3cifQ%3D%3D&ccb=17-1&vs=e5179231df13a0ce&_nc_vs=HBksFQIYRWZiX2VwaGVtZXJhbC9CMzQ3MEFGOUQ2NDg0OTlBNEMwOUVFNzAxNjhGQjI5QV9tdF8xX3ZpZGVvX2Rhc2hpbml0Lm1wNBUAAsgBEgAVAhhAZmJfcGVybWFuZW50Lzk1NDA4ODM5RUMzQzRGNDE0OTBBMDJCNzAyNkIyNEEwX2F1ZGlvX2Rhc2hpbml0Lm1wNBUCAsgBEgAoABgAGwKIB3VzZV9vaWwBMRJwcm9ncmVzc2l2ZV9yZWNpcGUBMRUAACb42Kj9jMe2BRUCKAJDMywXQCAAAAAAAAAYGWRhc2hfaDI2NC1iYXNpYy1nZW4yXzcyMHARAHUAZd6oAQA&_nc_gid=ZKvpDcYMyZpNIUMupOgRtA&_nc_ss=7f180&_nc_zt=28&oh=00_AQDp3SLTm2JlZVuorU9rZ3b2LKQhYzwf_mX-6oMZSDmANA&oe=6A50A0A8,"['FACEBOOK', 'INSTAGRAM', 'AUDIENCE_NETWORK', 'MESSENGER', 'WHATSAPP', 'THREADS']",au,cw,facebook,social,2026-W27,2026-07,"FACEBOOK, INSTAGRAM, AUDIENCE_NETWORK, MESSENGER, WHATSAPP, THREADS",True,True,True,True,True,True,Brand/Category Page,True,False,False,2026-07-06,2026-06-23 07:00:00,2026-07-06 16:23:53.030278,13
27377635865231985,,True,2026-06-23 07:00:00,2026-07-05 07:00:00,Chemist Warehouse,Chemist Warehouse,Shop Ostelin Calcium & Vitamin D3 + Turmeric,"New triple action formula with turmeric, traditionally used in Western herbal medicine to relieve mild joint pain.",Shop now,IMAGE,https://fb.com/canvas_doc/1553684146211175,fb.com,/canvas_doc/1553684146211175,,,,,,,Not Specified,,,,,,,,,,"['FACEBOOK', 'INSTAGRAM', 'AUDIENCE_NETWORK', 'MESSENGER', 'THREADS']",,,,,2026-W27,2026-07,"FACEBOOK, INSTAGRAM, AUDIENCE_NETWORK, MESSENGER, THREADS",True,True,True,True,True,False,Internal/App Page,True,False,False,2026-07-06,2026-06-23 07:00:00,2026-07-06 16:23:53.030278,13
2066421044280285,1563303525310368,True,2026-06-23 07:00:00,2026-07-05 07:00:00,Chemist Warehouse,Chemist Warehouse,{{product.name}},{{product.brand}},Shop now,DCO,https://www.chemistwarehouse.com.au/shop-online/carusos-gummies?utm_source=facebook&utm_medium=social&utm_campaign=au_cw_oa_facebook_social_carusosnaturalhealth_carusos_81_may26_100524-oa-taffic_video-image&utm_term=traffic&utm_content=video-image_ashwaange,www.chemistwarehouse.com.au,/shop-online/carusos-gummies,facebook,social,au_cw_oa_facebook_social_carusosnaturalhealth_carusos_81_may26_100524-oa-taffic_video-image,81,traffic,video-image_ashwaange,O&O,Carusosnaturalhealth,Carusos,may26,video-image,Wellness made delicious,"Discover the easier way to wellness with Caruso's Herbal Gummies. Delicious herbal support you can take anytime, anywhere.

Vegan | 99% Sugar Free | Natural Colours

Always read the label and follow the directions for use.",Shop Now,,https://video.ftgz4-1.fna.fbcdn.net/o1/v/t2/f2/m366/AQM8y2YNWgMKePVHAES9VZ58BqlCTWmV7eYmSQ99kmmhXJvWCk8_iNUs8CXdvvOyt5WxvxNhO84TxM0gYSIiLw0jJlLJqtIt2i6XdwZSDRn-ZQ.mp4?_nc_cat=111&_nc_oc=AdoED-AN9iqsJ9G5ghU8ePoSKNlClu2Kn5nHqdxR_7Url-3aNoQOTTvpKrgrXXzS-t8&_nc_sid=b66105&_nc_ht=video.ftgz4-1.fna.fbcdn.net&_nc_ohc=GcpOHOecspcQ7kNvwHsPCny&efg=eyJ2ZW5jb2RlX3RhZyI6Inhwdl9wcm9ncmVzc2l2ZS5WSV9VU0VDQVNFX1BST0RVQ1RfVFlQRS4uQzMuNzE2LmRhc2hfaDI2NC1iYXNpYy1nZW4yXzcyMHAiLCJ4cHZfYXNzZXRfaWQiOjExMzI0NzE0MTkwOTE0MzksImFzc2V0X2FnZV9kYXlzIjozOSwidmlfdXNlY2FzZV9pZCI6MTAxMzksImR1cmF0aW9uX3MiOjksInVybGdlbl9zb3VyY2UiOiJ3d3cifQ%3D%3D&ccb=17-1&vs=fc12b6818e01c777&_nc_vs=HBksFQIYRWZiX2VwaGVtZXJhbC9ENzQzMEU2QzQ3MzQ2OTZBMkIzNUREMzVBOTEzQUY4N19tdF8xX3ZpZGVvX2Rhc2hpbml0Lm1wNBUAAsgBEgAVAhhAZmJfcGVybWFuZW50L0M1NEMxRDg3MzE3QTQ2MjFEMTIwN0M3RTRFMThGODk5X2F1ZGlvX2Rhc2hpbml0Lm1wNBUCAsgBEgAoABgAGwKIB3VzZV9vaWwBMRJwcm9ncmVzc2l2ZV9yZWNpcGUBMRUAACbe57nKwf6CBBUCKAJDMywXQCIAAAAAAAAYGWRhc2hfaDI2NC1iYXNpYy1nZW4yXzcyMHARAHUAZbaeAQA&_nc_gid=ZKvpDcYMyZpNIUMupOgRtA&_nc_ss=7f180&_nc_zt=28&oh=00_AQDRHK9uYsC-iDuMZPCM7EG5N1eJO1rqTaB3iFVDTer9uw&oe=6A508EB5,"['FACEBOOK', 'INSTAGRAM', 'AUDIENCE_NETWORK', 'MESSENGER', 'WHATSAPP', 'THREADS']",au,cw,facebook,social,2026-W27,2026-07,"FACEBOOK, INSTAGRAM, AUDIENCE_NETWORK, MESSENGER, WHATSAPP, THREADS",True,True,True,True,True,True,Brand/Category Page,True,False,False,2026-07-06,2026-06-23 07:00:00,2026-07-06 16:23:53.030278,13
1704178944111395,1563303525310368,True,2026-06-23 07:00:00,2026-07-05 07:00:00,Chemist Warehouse,Chemist Warehouse,{{product.name}},{{product.brand}},Shop now,DCO,https://www.chemistwarehouse.com.au/shop-online/carusos-gummies?utm_source=facebook&utm_medium=social&utm_campaign=au_cw_oa_facebook_social_carusosnaturalhealth_carusos_81_may26_100524-oa-taffic_video-image&utm_term=traffic&utm_content=video-image_range,www.chemistwarehouse.com.au,/shop-online/carusos-gummies,facebook,social,au_cw_oa_facebook_social_carusosnaturalhealth_carusos_81_may26_100524-oa-taffic_video-image,81,traffic,video-image_range,O&O,Carusosnaturalhealth,Carusos,may26,video-image,Wellness made delicious,"Discover the easier way to wellness with Caruso's Herbal Gummies. Delicious herbal support you can take anytime, anywhere.

Vegan | 99% Sugar Free | Natural Colours

Always read the label and follow the directions for use.",Shop Now,,https://video.ftgz4-1.fna.fbcdn.net/o1/v/t2/f2/m366/AQM8y2YNWgMKePVHAES9VZ58BqlCTWmV7eYmSQ99kmmhXJvWCk8_iNUs8CXdvvOyt5WxvxNhO84TxM0gYSIiLw0jJlLJqtIt2i6XdwZSDRn-ZQ.mp4?_nc_cat=111&_nc_oc=AdoED-AN9iqsJ9G5ghU8ePoSKNlClu2Kn5nHqdxR_7Url-3aNoQOTTvpKrgrXXzS-t8&_nc_sid=b66105&_nc_ht=video.ftgz4-1.fna.fbcdn.net&_nc_ohc=GcpOHOecspcQ7kNvwHsPCny&efg=eyJ2ZW5jb2RlX3RhZyI6Inhwdl9wcm9ncmVzc2l2ZS5WSV9VU0VDQVNFX1BST0RVQ1RfVFlQRS4uQzMuNzE2LmRhc2hfaDI2NC1iYXNpYy1nZW4yXzcyMHAiLCJ4cHZfYXNzZXRfaWQiOjExMzI0NzE0MTkwOTE0MzksImFzc2V0X2FnZV9kYXlzIjozOSwidmlfdXNlY2FzZV9pZCI6MTAxMzksImR1cmF0aW9uX3MiOjksInVybGdlbl9zb3VyY2UiOiJ3d3cifQ%3D%3D&ccb=17-1&vs=fc12b6818e01c777&_nc_vs=HBksFQIYRWZiX2VwaGVtZXJhbC9ENzQzMEU2QzQ3MzQ2OTZBMkIzNUREMzVBOTEzQUY4N19tdF8xX3ZpZGVvX2Rhc2hpbml0Lm1wNBUAAsgBEgAVAhhAZmJfcGVybWFuZW50L0M1NEMxRDg3MzE3QTQ2MjFEMTIwN0M3RTRFMThGODk5X2F1ZGlvX2Rhc2hpbml0Lm1wNBUCAsgBEgAoABgAGwKIB3VzZV9vaWwBMRJwcm9ncmVzc2l2ZV9yZWNpcGUBMRUAACbe57nKwf6CBBUCKAJDMywXQCIAAAAAAAAYGWRhc2hfaDI2NC1iYXNpYy1nZW4yXzcyMHARAHUAZbaeAQA&_nc_gid=ZKvpDcYMyZpNIUMupOgRtA&_nc_ss=7f180&_nc_zt=28&oh=00_AQDRHK9uYsC-iDuMZPCM7EG5N1eJO1rqTaB3iFVDTer9uw&oe=6A508EB5,"['FACEBOOK', 'INSTAGRAM', 'AUDIENCE_NETWORK', 'MESSENGER', 'WHATSAPP', 'THREADS']",au,cw,facebook,social,2026-W27,2026-07,"FACEBOOK, INSTAGRAM, AUDIENCE_NETWORK, MESSENGER, WHATSAPP, THREADS",True,True,True,True,True,True,Brand/Category Page,True,False,False,2026-07-06,2026-06-23 07:00:00,2026-07-06 16:23:53.030278,13
1566236301779617,1661308175101459,True,2026-06-23 07:00:00,2026-07-05 07:00:00,Chemist Warehouse,Chemist Warehouse,{{product.name}},{{product.brand}},Shop now,DCO,https://www.chemistwarehouse.com.au/shop-online/carusos-gummies?utm_source=facebook&utm_medium=social&utm_campaign=au_cw_oa_facebook_social_carusosnaturalhealth_carusos_81_may26_100524-oa-taffic_video-image&utm_term=traffic&utm_content=video-image_ashwa,www.chemistwarehouse.com.au,/shop-online/carusos-gummies,facebook,social,au_cw_oa_facebook_social_carusosnaturalhealth_carusos_81_may26_100524-oa-taffic_video-image,81,traffic,video-image_ashwa,O&O,Carusosnaturalhealth,Carusos,may26,video-image,Wellness made delicious,"Discover the easier way to wellness with Caruso's Herbal Gummies. Delicious herbal support you can take anytime, anywhere.

Vegan | 99% Sugar Free | Natural Colours

Always read the label and follow the directions for use.",Shop Now,,https://video.ftgz4-1.fna.fbcdn.net/o1/v/t2/f2/m366/AQPtOjWiTlGkGOTXYBgfwUmAqcml9krJeRpXwHZOp9dORYLzTpqp4gbaZUAAuptYWb3r9AYFcd4j3uoZGpeI4a1R0kinQDwuO1kuSX5UM8xo9w.mp4?_nc_cat=100&_nc_oc=Adrt2iKVtW77gQhXn65CL1T_0wiIfPj-Ru4ZTlnp0uAFpYMwOrVXKtWw2tG2gOFUYoI&_nc_sid=b66105&_nc_ht=video.ftgz4-1.fna.fbcdn.net&_nc_ohc=SxWRzgUwc_UQ7kNvwHOVARh&efg=eyJ2ZW5jb2RlX3RhZyI6Inhwdl9wcm9ncmVzc2l2ZS5WSV9VU0VDQVNFX1BST0RVQ1RfVFlQRS4uQzMuNzIwLmRhc2hfaDI2NC1iYXNpYy1nZW4yXzcyMHAiLCJ4cHZfYXNzZXRfaWQiOjE1MjczNDM2NTIwODMyNjAsImFzc2V0X2FnZV9kYXlzIjozOSwidmlfdXNlY2FzZV9pZCI6MTA3OTksImR1cmF0aW9uX3MiOjgsInVybGdlbl9zb3VyY2UiOiJ3d3cifQ%3D%3D&ccb=17-1&vs=e5179231df13a0ce&_nc_vs=HBksFQIYRWZiX2VwaGVtZXJhbC9CMzQ3MEFGOUQ2NDg0OTlBNEMwOUVFNzAxNjhGQjI5QV9tdF8xX3ZpZGVvX2Rhc2hpbml0Lm1wNBUAAsgBEgAVAhhAZmJfcGVybWFuZW50Lzk1NDA4ODM5RUMzQzRGNDE0OTBBMDJCNzAyNkIyNEEwX2F1ZGlvX2Rhc2hpbml0Lm1wNBUCAsgBEgAoABgAGwKIB3VzZV9vaWwBMRJwcm9ncmVzc2l2ZV9yZWNpcGUBMRUAACb42Kj9jMe2BRUCKAJDMywXQCAAAAAAAAAYGWRhc2hfaDI2NC1iYXNpYy1nZW4yXzcyMHARAHUAZd6oAQA&_nc_gid=ZKvpDcYMyZpNIUMupOgRtA&_nc_ss=7f180&_nc_zt=28&oh=00_AQDp3SLTm2JlZVuorU9rZ3b2LKQhYzwf_mX-6oMZSDmANA&oe=6A50A0A8,"['FACEBOOK', 'INSTAGRAM', 'AUDIENCE_NETWORK', 'MESSENGER', 'WHATSAPP', 'THREADS']",au,cw,facebook,social,2026-W27,2026-07,"FACEBOOK, INSTAGRAM, AUDIENCE_NETWORK, MESSENGER, WHATSAPP, THREADS",True,True,True,True,True,True,Brand/Category Page,True,False,False,2026-07-06,2026-06-23 07:00:00,2026-07-06 16:23:53.030278,13
2059546378329677,1279202517363035,True,2026-06-24 07:00:00,2026-07-05 07:00:00,Chemist Warehouse,Chemist Warehouse,{{product.name}},{{product.brand}},Shop now,DCO,https://www.chemistwarehouse.com.au/shop-online/carusos-gummies?utm_source=facebook&utm_medium=social&utm_campaign=au_cw_oa_facebook_social_carusosnaturalhealth_carusos_81_may26_100524-oa_video-image&utm_term=traffic&utm_content=video-image_gingko,www.chemistwarehouse.com.au,/shop-online/carusos-gummies,facebook,social,au_cw_oa_facebook_social_carusosnaturalhealth_carusos_81_may26_100524-oa_video-image,81,traffic,video-image_gingko,O&O,Carusosnaturalhealth,Carusos,may26,video-image,Wellness made delicious,"Discover the easier way to wellness with Caruso's Herbal Gummies. Delicious herbal support you can take anytime, anywhere.

Vegan | 99% Sugar Free | Natural Colours

Always read the label and follow the directions for use.",Shop Now,,https://video.ftgz4-1.fna.fbcdn.net/o1/v/t2/f2/m366/AQPFWeumW1hTi0JJHUHC6jh0Sbi95dKA96agaGwPRsya3vaZOdwFL3X1aeTeJs5Ja_rJVfl1D8ResoBoHP0mwfTdX-ghH3XzK55WtviHWFD5ig.mp4?_nc_cat=100&_nc_oc=Adpr0DPsR_03eRHALgLZa6ShVh-UDlNWDoVbCmIGfo_82TnR_LWB98-_2T-IToW0x_Q&_nc_sid=b66105&_nc_ht=video.ftgz4-1.fna.fbcdn.net&_nc_ohc=kimQzAdUTp0Q7kNvwFQPn8n&efg=eyJ2ZW5jb2RlX3RhZyI6Inhwdl9wcm9ncmVzc2l2ZS5WSV9VU0VDQVNFX1BST0RVQ1RfVFlQRS4uQzMuNzIwLmRhc2hfaDI2NC1iYXNpYy1nZW4yXzcyMHAiLCJ4cHZfYXNzZXRfaWQiOjgxNzg4OTAxNzgxNTQ5NSwiYXNzZXRfYWdlX2RheXMiOjM5LCJ2aV91c2VjYXNlX2lkIjoxMDc5OSwiZHVyYXRpb25fcyI6OCwidXJsZ2VuX3NvdXJjZSI6Ind3dyJ9&ccb=17-1&vs=cb96e22a4cc9ae2b&_nc_vs=HBksFQIYRWZiX2VwaGVtZXJhbC9FMjQxM0REQ0I1N0YyMERGOEVGQzlGRkU3MjQwMTZBQ19tdF8xX3ZpZGVvX2Rhc2hpbml0Lm1wNBUAAsgBEgAVAhhAZmJfcGVybWFuZW50LzA4NDM3RUZCNjY2QkU2MTgyRkE4RDNDQjNERjY5RjlFX2F1ZGlvX2Rhc2hpbml0Lm1wNBUCAsgBEgAoABgAGwKIB3VzZV9vaWwBMRJwcm9ncmVzc2l2ZV9yZWNpcGUBMRUAACaOh_uFtPfzAhUCKAJDMywXQCAAAAAAAAAYGWRhc2hfaDI2NC1iYXNpYy1nZW4yXzcyMHARAHUAZd6oAQA&_nc_gid=ZKvpDcYMyZpNIUMupOgRtA&_nc_ss=7f180&_nc_zt=28&oh=00_AQALVYZqStOMpsJ3daWAuTe3d27SF6oJZQl-OS_QXZT6Ug&oe=6A50C1B8,"['FACEBOOK', 'INSTAGRAM', 'AUDIENCE_NETWORK', 'MESSENGER', 'WHATSAPP', 'THREADS']",au,cw,facebook,social,2026-W27,2026-07,"FACEBOOK, INSTAGRAM, AUDIENCE_NETWORK, MESSENGER, WHATSAPP, THREADS",True,True,True,True,True,True,Brand/Category Page,True,False,False,2026-07-06,2026-06-24 07:00:00,2026-07-06 16:23:53.030278,12
1497403831453419,2292138408197094,True,2026-06-23 07:00:00,2026-07-05 07:00:00,Chemist Warehouse,Chemist Warehouse,{{product.name}},{{product.brand}},Shop now,DCO,https://www.chemistwarehouse.com.au/shop-online/carusos-gummies?utm_source=facebook&utm_medium=social&utm_campaign=au_cw_oa_facebook_social_carusosnaturalhealth_carusos_81_may26_100524-oa-conv_video-image&utm_term=traffic&utm_content=video-image_gingko,www.chemistwarehouse.com.au,/shop-online/carusos-gummies,facebook,social,au_cw_oa_facebook_social_carusosnaturalhealth_carusos_81_may26_100524-oa-conv_video-image,81,traffic,video-image_gingko,O&O,Carusosnaturalhealth,Carusos,may26,video-image,Wellness made delicious,"Discover the easier way to wellness with Caruso's Herbal Gummies. Delicious herbal support you can take anytime, anywhere.

Vegan | 99% Sugar Free | Natural Colours

Always read the label and follow the directions for use.",Shop Now,,https://video.ftgz4-1.fna.fbcdn.net/o1/v/t2/f2/m366/AQMW9asMxkrS1E4TlXFitj0DzovzIMM4m1uGW01kd-H4bM4G6oi-GzUycBAg7neZCuquV-uTPLwfpGYA3USq7Wayh0URY2s5nlvaDv7cUFjMyw.mp4?_nc_cat=107&_nc_oc=Adr3FxaVISxgKgP56cMLqyNwdgqM4UIWKYhGy2xh1nR7eo2mIXyuUkBIoaFISGf3soU&_nc_sid=b66105&_nc_ht=video.ftgz4-1.fna.fbcdn.net&_nc_ohc=y4r0hzJcnIMQ7kNvwF-qpDV&efg=eyJ2ZW5jb2RlX3RhZyI6Inhwdl9wcm9ncmVzc2l2ZS5WSV9VU0VDQVNFX1BST0RVQ1RfVFlQRS4uQzMuNzIwLmRhc2hfaDI2NC1iYXNpYy1nZW4yXzcyMHAiLCJ4cHZfYXNzZXRfaWQiOjEzMzM0MjIzNTg4NTU5ODEsImFzc2V0X2FnZV9kYXlzIjoxMywidmlfdXNlY2FzZV9pZCI6MTA3OTksImR1cmF0aW9uX3MiOjgsInVybGdlbl9zb3VyY2UiOiJ3d3cifQ%3D%3D&ccb=17-1&vs=90daf2748c444255&_nc_vs=HBksFQIYRWZiX2VwaGVtZXJhbC9GRDRGQkJGNkNFNjI2QTUyNTUzQUY3ODM4NzY1REJCNF9tdF8xX3ZpZGVvX2Rhc2hpbml0Lm1wNBUAAsgBEgAVAhhAZmJfcGVybWFuZW50LzAyNEQ5REU3MEU0ODkxODVBNUJENDdFQzRGQjY2Q0FEX2F1ZGlvX2Rhc2hpbml0Lm1wNBUCAsgBEgAoABgAGwKIB3VzZV9vaWwBMRJwcm9ncmVzc2l2ZV9yZWNpcGUBMRUAACbahMjgsq_eBBUCKAJDMywXQCAAAAAAAAAYGWRhc2hfaDI2NC1iYXNpYy1nZW4yXzcyMHARAHUAZd6oAQA&_nc_gid=ZKvpDcYMyZpNIUMupOgRtA&_nc_ss=7f180&_nc_zt=28&oh=00_AQCm-yg4B6VItA2JAYkJ1sfomIBKBaWcFLYQ9l8bogPwfg&oe=6A50A44D,"['FACEBOOK', 'INSTAGRAM', 'AUDIENCE_NETWORK', 'MESSENGER', 'THREADS']",au,cw,facebook,social,2026-W27,2026-07,"FACEBOOK, INSTAGRAM, AUDIENCE_NETWORK, MESSENGER, THREADS",True,True,True,True,True,False,Brand/Category Page,True,False,False,2026-07-06,2026-06-23 07:00:00,2026-07-06 16:23:53.030278,13
1014086501325215,2292138408197094,True,2026-06-23 07:00:00,2026-07-05 07:00:00,Chemist Warehouse,Chemist Warehouse,{{product.name}},{{product.brand}},Shop now,DCO,https://www.chemistwarehouse.com.au/shop-online/carusos-gummies?utm_source=facebook&utm_medium=social&utm_campaign=au_cw_oa_facebook_social_carusosnaturalhealth_carusos_81_may26_100524-oa-conv_video-image&utm_term=traffic&utm_content=video-image_gingko,www.chemistwarehouse.com.au,/shop-online/carusos-gummies,facebook,social,au_cw_oa_facebook_social_carusosnaturalhealth_carusos_81_may26_100524-oa-conv_video-image,81,traffic,video-image_gingko,O&O,Carusosnaturalhealth,Carusos,may26,video-image,Wellness made delicious,"Discover the easier way to wellness with Caruso's Herbal Gummies. Delicious herbal support you can take anytime, anywhere.

Vegan | 99% Sugar Free | Natural Colours

Always read the label and follow the directions for use.",Shop Now,,https://video.ftgz4-1.fna.fbcdn.net/o1/v/t2/f2/m366/AQMW9asMxkrS1E4TlXFitj0DzovzIMM4m1uGW01kd-H4bM4G6oi-GzUycBAg7neZCuquV-uTPLwfpGYA3USq7Wayh0URY2s5nlvaDv7cUFjMyw.mp4?_nc_cat=107&_nc_oc=Adr3FxaVISxgKgP56cMLqyNwdgqM4UIWKYhGy2xh1nR7eo2mIXyuUkBIoaFISGf3soU&_nc_sid=b66105&_nc_ht=video.ftgz4-1.fna.fbcdn.net&_nc_ohc=y4r0hzJcnIMQ7kNvwF-qpDV&efg=eyJ2ZW5jb2RlX3RhZyI6Inhwdl9wcm9ncmVzc2l2ZS5WSV9VU0VDQVNFX1BST0RVQ1RfVFlQRS4uQzMuNzIwLmRhc2hfaDI2NC1iYXNpYy1nZW4yXzcyMHAiLCJ4cHZfYXNzZXRfaWQiOjEzMzM0MjIzNTg4NTU5ODEsImFzc2V0X2FnZV9kYXlzIjoxMywidmlfdXNlY2FzZV9pZCI6MTA3OTksImR1cmF0aW9uX3MiOjgsInVybGdlbl9zb3VyY2UiOiJ3d3cifQ%3D%3D&ccb=17-1&vs=90daf2748c444255&_nc_vs=HBksFQIYRWZiX2VwaGVtZXJhbC9GRDRGQkJGNkNFNjI2QTUyNTUzQUY3ODM4NzY1REJCNF9tdF8xX3ZpZGVvX2Rhc2hpbml0Lm1wNBUAAsgBEgAVAhhAZmJfcGVybWFuZW50LzAyNEQ5REU3MEU0ODkxODVBNUJENDdFQzRGQjY2Q0FEX2F1ZGlvX2Rhc2hpbml0Lm1wNBUCAsgBEgAoABgAGwKIB3VzZV9vaWwBMRJwcm9ncmVzc2l2ZV9yZWNpcGUBMRUAACbahMjgsq_eBBUCKAJDMywXQCAAAAAAAAAYGWRhc2hfaDI2NC1iYXNpYy1nZW4yXzcyMHARAHUAZd6oAQA&_nc_gid=ZKvpDcYMyZpNIUMupOgRtA&_nc_ss=7f180&_nc_zt=28&oh=00_AQCm-yg4B6VItA2JAYkJ1sfomIBKBaWcFLYQ9l8bogPwfg&oe=6A50A44D,"['FACEBOOK', 'INSTAGRAM', 'AUDIENCE_NETWORK', 'MESSENGER', 'THREADS']",au,cw,facebook,social,2026-W27,2026-07,"FACEBOOK, INSTAGRAM, AUDIENCE_NETWORK, MESSENGER, THREADS",True,True,True,True,True,False,Brand/Category Page,True,False,False,2026-07-06,2026-06-23 07:00:00,2026-07-06 16:23:53.030278,13
2485340408574688,1279202517363035,True,2026-06-23 07:00:00,2026-07-05 07:00:00,Chemist Warehouse,Chemist Warehouse,{{product.name}},{{product.brand}},Shop now,DCO,https://www.chemistwarehouse.com.au/shop-online/carusos-gummies?utm_source=facebook&utm_medium=social&utm_campaign=au_cw_oa_facebook_social_carusosnaturalhealth_carusos_81_may26_100524-oa-taffic_video-image&utm_term=traffic&utm_content=video-image_gingko,www.chemistwarehouse.com.au,/shop-online/carusos-gummies,facebook,social,au_cw_oa_facebook_social_carusosnaturalhealth_carusos_81_may26_100524-oa-taffic_video-image,81,traffic,video-image_gingko,O&O,Carusosnaturalhealth,Carusos,may26,video-image,Wellness made delicious,"Discover the easier way to wellness with Caruso's Herbal Gummies. Delicious herbal support you can take anytime, anywhere.

Vegan | 99% Sugar Free | Natural Colours

Always read the label and follow the directions for use.",Shop Now,,https://video.ftgz4-1.fna.fbcdn.net/o1/v/t2/f2/m366/AQPFWeumW1hTi0JJHUHC6jh0Sbi95dKA96agaGwPRsya3vaZOdwFL3X1aeTeJs5Ja_rJVfl1D8ResoBoHP0mwfTdX-ghH3XzK55WtviHWFD5ig.mp4?_nc_cat=100&_nc_oc=Adpr0DPsR_03eRHALgLZa6ShVh-UDlNWDoVbCmIGfo_82TnR_LWB98-_2T-IToW0x_Q&_nc_sid=b66105&_nc_ht=video.ftgz4-1.fna.fbcdn.net&_nc_ohc=kimQzAdUTp0Q7kNvwFQPn8n&efg=eyJ2ZW5jb2RlX3RhZyI6Inhwdl9wcm9ncmVzc2l2ZS5WSV9VU0VDQVNFX1BST0RVQ1RfVFlQRS4uQzMuNzIwLmRhc2hfaDI2NC1iYXNpYy1nZW4yXzcyMHAiLCJ4cHZfYXNzZXRfaWQiOjgxNzg4OTAxNzgxNTQ5NSwiYXNzZXRfYWdlX2RheXMiOjM5LCJ2aV91c2VjYXNlX2lkIjoxMDc5OSwiZHVyYXRpb25fcyI6OCwidXJsZ2VuX3NvdXJjZSI6Ind3dyJ9&ccb=17-1&vs=cb96e22a4cc9ae2b&_nc_vs=HBksFQIYRWZiX2VwaGVtZXJhbC9FMjQxM0REQ0I1N0YyMERGOEVGQzlGRkU3MjQwMTZBQ19tdF8xX3ZpZGVvX2Rhc2hpbml0Lm1wNBUAAsgBEgAVAhhAZmJfcGVybWFuZW50LzA4NDM3RUZCNjY2QkU2MTgyRkE4RDNDQjNERjY5RjlFX2F1ZGlvX2Rhc2hpbml0Lm1wNBUCAsgBEgAoABgAGwKIB3VzZV9vaWwBMRJwcm9ncmVzc2l2ZV9yZWNpcGUBMRUAACaOh_uFtPfzAhUCKAJDMywXQCAAAAAAAAAYGWRhc2hfaDI2NC1iYXNpYy1nZW4yXzcyMHARAHUAZd6oAQA&_nc_gid=ZKvpDcYMyZpNIUMupOgRtA&_nc_ss=7f180&_nc_zt=28&oh=00_AQALVYZqStOMpsJ3daWAuTe3d27SF6oJZQl-OS_QXZT6Ug&oe=6A50C1B8,"['FACEBOOK', 'INSTAGRAM', 'AUDIENCE_NETWORK', 'MESSENGER', 'WHATSAPP', 'THREADS']",au,cw,facebook,social,2026-W27,2026-07,"FACEBOOK, INSTAGRAM, AUDIENCE_NETWORK, MESSENGER, WHATSAPP, THREADS",True,True,True,True,True,True,Brand/Category Page,True,False,False,2026-07-06,2026-06-23 07:00:00,2026-07-06 16:23:53.030278,13
2458327867974410,1717270929727870,True,2026-06-23 07:00:00,2026-07-05 07:00:00,Chemist Warehouse,Chemist Warehouse,{{product.name}},{{product.brand}},See details,DCO,https://www.chemistwarehouse.com.au/shop-online/carusos-gummies?utm_source=facebook&utm_medium=social&utm_campaign=au_cw_oa_facebook_social_carusosnaturalhealth_carusos_81_may26_100524-oa-conv_video-image&utm_term=traffic&utm_content=video-image_range,www.chemistwarehouse.com.au,/shop-online/carusos-gummies,facebook,social,au_cw_oa_facebook_social_carusosnaturalhealth_carusos_81_may26_100524-oa-conv_video-image,81,traffic,video-image_range,O&O,Carusosnaturalhealth,Carusos,may26,video-image,Wellness made delicious,"Discover the easier way to wellness with Caruso's Herbal Gummies. Delicious herbal support you can take anytime, anywhere.

Vegan | 99% Sugar Free | Natural Colours

Always read the label and follow the directions for use.",See Details,,https://video.ftgz4-1.fna.fbcdn.net/o1/v/t2/f2/m366/AQPVXz0sEvp0JUhooS5mDAUaE_jd7Bi4grJ4jbIwNl_CTtdWjj2q945GdF1AlvAurn_qKNGrQnN_l-pHnwDhEfPZkY6qdx9inmoMokRy1e1DMA.mp4?_nc_cat=101&_nc_oc=AdqEiwkgHiwr8VoCRSf6JdDkOxnCkzPvJmrUsGn1FREQoU-AXNZmNwooAFQA_jliuYM&_nc_sid=b66105&_nc_ht=video.ftgz4-1.fna.fbcdn.net&_nc_ohc=sreC_7_Ija0Q7kNvwF3-5Je&efg=eyJ2ZW5jb2RlX3RhZyI6Inhwdl9wcm9ncmVzc2l2ZS5WSV9VU0VDQVNFX1BST0RVQ1RfVFlQRS4uQzMuNzIwLmRhc2hfaDI2NC1iYXNpYy1nZW4yXzcyMHAiLCJ4cHZfYXNzZXRfaWQiOjEzMzEyODk1MzUyNDE1MDEsImFzc2V0X2FnZV9kYXlzIjoxMywidmlfdXNlY2FzZV9pZCI6MTA3OTksImR1cmF0aW9uX3MiOjksInVybGdlbl9zb3VyY2UiOiJ3d3cifQ%3D%3D&ccb=17-1&vs=6c32f1cb99b07c57&_nc_vs=HBksFQIYRWZiX2VwaGVtZXJhbC9ERjQ0N0NCOTNCNzg5NjEzRDJGRUYyNDEwNzdCOEE4Rl9tdF8xX3ZpZGVvX2Rhc2hpbml0Lm1wNBUAAsgBEgAVAhhAZmJfcGVybWFuZW50LzFENDUwQTJCNjREMjMwNEMyMUY5QUY4MzY1N0NBREIwX2F1ZGlvX2Rhc2hpbml0Lm1wNBUCAsgBEgAoABgAGwKIB3VzZV9vaWwBMRJwcm9ncmVzc2l2ZV9yZWNpcGUBMRUAACa69Lr9n7PdBBUCKAJDMywXQCIAAAAAAAAYGWRhc2hfaDI2NC1iYXNpYy1nZW4yXzcyMHARAHUAZd6oAQA&_nc_gid=ZKvpDcYMyZpNIUMupOgRtA&_nc_ss=7f180&_nc_zt=28&oh=00_AQDMagOGnF8ydEV3AML6hHvdv9sbTBrdrAUAN0LXixTwlg&oe=6A509E1F,"['FACEBOOK', 'INSTAGRAM', 'AUDIENCE_NETWORK', 'MESSENGER', 'THREADS']",au,cw,facebook,social,2026-W27,2026-07,"FACEBOOK, INSTAGRAM, AUDIENCE_NETWORK, MESSENGER, THREADS",True,True,True,True,True,False,Brand/Category Page,True,False,False,2026-07-06,2026-06-23 07:00:00,2026-07-06 16:23:53.030278,13
2183594209129676,1717270929727870,True,2026-06-23 07:00:00,2026-07-05 07:00:00,Chemist Warehouse,Chemist Warehouse,{{product.name}},{{product.brand}},See details,DCO,https://www.chemistwarehouse.com.au/shop-online/carusos-gummies?utm_source=facebook&utm_medium=social&utm_campaign=au_cw_oa_facebook_social_carusosnaturalhealth_carusos_81_may26_100524-oa-conv_video-image&utm_term=traffic&utm_content=video-image_range,www.chemistwarehouse.com.au,/shop-online/carusos-gummies,facebook,social,au_cw_oa_facebook_social_carusosnaturalhealth_carusos_81_may26_100524-oa-conv_video-image,81,traffic,video-image_range,O&O,Carusosnaturalhealth,Carusos,may26,video-image,Wellness made delicious,"Discover the easier way to wellness with Caruso's Herbal Gummies. Delicious herbal support you can take anytime, anywhere.

Vegan | 99% Sugar Free | Natural Colours

Always read the label and follow the directions for use.",See Details,,https://video.ftgz4-1.fna.fbcdn.net/o1/v/t2/f2/m366/AQPVXz0sEvp0JUhooS5mDAUaE_jd7Bi4grJ4jbIwNl_CTtdWjj2q945GdF1AlvAurn_qKNGrQnN_l-pHnwDhEfPZkY6qdx9inmoMokRy1e1DMA.mp4?_nc_cat=101&_nc_oc=AdqEiwkgHiwr8VoCRSf6JdDkOxnCkzPvJmrUsGn1FREQoU-AXNZmNwooAFQA_jliuYM&_nc_sid=b66105&_nc_ht=video.ftgz4-1.fna.fbcdn.net&_nc_ohc=sreC_7_Ija0Q7kNvwF3-5Je&efg=eyJ2ZW5jb2RlX3RhZyI6Inhwdl9wcm9ncmVzc2l2ZS5WSV9VU0VDQVNFX1BST0RVQ1RfVFlQRS4uQzMuNzIwLmRhc2hfaDI2NC1iYXNpYy1nZW4yXzcyMHAiLCJ4cHZfYXNzZXRfaWQiOjEzMzEyODk1MzUyNDE1MDEsImFzc2V0X2FnZV9kYXlzIjoxMywidmlfdXNlY2FzZV9pZCI6MTA3OTksImR1cmF0aW9uX3MiOjksInVybGdlbl9zb3VyY2UiOiJ3d3cifQ%3D%3D&ccb=17-1&vs=6c32f1cb99b07c57&_nc_vs=HBksFQIYRWZiX2VwaGVtZXJhbC9ERjQ0N0NCOTNCNzg5NjEzRDJGRUYyNDEwNzdCOEE4Rl9tdF8xX3ZpZGVvX2Rhc2hpbml0Lm1wNBUAAsgBEgAVAhhAZmJfcGVybWFuZW50LzFENDUwQTJCNjREMjMwNEMyMUY5QUY4MzY1N0NBREIwX2F1ZGlvX2Rhc2hpbml0Lm1wNBUCAsgBEgAoABgAGwKIB3VzZV9vaWwBMRJwcm9ncmVzc2l2ZV9yZWNpcGUBMRUAACa69Lr9n7PdBBUCKAJDMywXQCIAAAAAAAAYGWRhc2hfaDI2NC1iYXNpYy1nZW4yXzcyMHARAHUAZd6oAQA&_nc_gid=ZKvpDcYMyZpNIUMupOgRtA&_nc_ss=7f180&_nc_zt=28&oh=00_AQDMagOGnF8ydEV3AML6hHvdv9sbTBrdrAUAN0LXixTwlg&oe=6A509E1F,"['FACEBOOK', 'INSTAGRAM', 'AUDIENCE_NETWORK', 'MESSENGER', 'THREADS']",au,cw,facebook,social,2026-W27,2026-07,"FACEBOOK, INSTAGRAM, AUDIENCE_NETWORK, MESSENGER, THREADS",True,True,True,True,True,False,Brand/Category Page,True,False,False,2026-07-06,2026-06-23 07:00:00,2026-07-06 16:23:53.030278,13
984706871040973,1749825449787878,True,2026-06-23 07:00:00,2026-07-05 07:00:00,Chemist Warehouse,Chemist Warehouse,{{product.name}},{{product.brand}},Shop now,DCO,https://www.chemistwarehouse.com.au/shop-online/carusos-gummies?utm_source=facebook&utm_medium=social&utm_campaign=au_cw_oa_facebook_social_carusosnaturalhealth_carusos_81_may26_100524-oa-conv_video-image&utm_term=traffic&utm_content=video-image_ashwa,www.chemistwarehouse.com.au,/shop-online/carusos-gummies,facebook,social,au_cw_oa_facebook_social_carusosnaturalhealth_carusos_81_may26_100524-oa-conv_video-image,81,traffic,video-image_ashwa,O&O,Carusosnaturalhealth,Carusos,may26,video-image,Wellness made delicious,"Discover the easier way to wellness with Caruso's Herbal Gummies. Delicious herbal support you can take anytime, anywhere.

Vegan | 99% Sugar Free | Natural Colours

Always read the label and follow the directions for use.",Shop Now,,https://video.ftgz4-1.fna.fbcdn.net/o1/v/t2/f2/m366/AQM7lZHBu6S_ijbDaRVaCu_FaoP-ir-T4uzajXd05hid6Dl3AOAFcgSCUb6FpRBmdq3fP55lSaI1ozrNOTwjKesmxnxf2o6DyT7kZJFpV6wcrg.mp4?_nc_cat=111&_nc_oc=AdqoC-7HS2vY-nAdBYozVu95mw_0X6wgKgyUtq-38oM_yTLB9O4r47Gkf5MOO5X4LOY&_nc_sid=b66105&_nc_ht=video.ftgz4-1.fna.fbcdn.net&_nc_ohc=OQo551fArUwQ7kNvwEBFSU7&efg=eyJ2ZW5jb2RlX3RhZyI6Inhwdl9wcm9ncmVzc2l2ZS5WSV9VU0VDQVNFX1BST0RVQ1RfVFlQRS4uQzMuNzIwLmRhc2hfaDI2NC1iYXNpYy1nZW4yXzcyMHAiLCJ4cHZfYXNzZXRfaWQiOjk4OTA4NTQwMDYzMTUwNSwiYXNzZXRfYWdlX2RheXMiOjEzLCJ2aV91c2VjYXNlX2lkIjoxMDc5OSwiZHVyYXRpb25fcyI6OCwidXJsZ2VuX3NvdXJjZSI6Ind3dyJ9&ccb=17-1&vs=88da66950fb763a2&_nc_vs=HBksFQIYRWZiX2VwaGVtZXJhbC85QTQ4QzRGQzIwRTI5REJGODc0RkZFMzI3QkMzRDJBOV9tdF8xX3ZpZGVvX2Rhc2hpbml0Lm1wNBUAAsgBEgAVAhhAZmJfcGVybWFuZW50Lzk1NDAzODQxQTdBNjNBNTA0N0RCMTlFODdFN0U3NDhGX2F1ZGlvX2Rhc2hpbml0Lm1wNBUCAsgBEgAoABgAGwKIB3VzZV9vaWwBMRJwcm9ncmVzc2l2ZV9yZWNpcGUBMRUAACaio6i_rOTBAxUCKAJDMywXQCAAAAAAAAAYGWRhc2hfaDI2NC1iYXNpYy1nZW4yXzcyMHARAHUAZd6oAQA&_nc_gid=ZKvpDcYMyZpNIUMupOgRtA&_nc_ss=7f180&_nc_zt=28&oh=00_AQDVpo1rTlk20wZVfmK3ncE7f1wv0OhfhhNee4viZHydBQ&oe=6A50AC29,"['FACEBOOK', 'INSTAGRAM', 'AUDIENCE_NETWORK', 'MESSENGER', 'THREADS']",au,cw,facebook,social,2026-W27,2026-07,"FACEBOOK, INSTAGRAM, AUDIENCE_NETWORK, MESSENGER, THREADS",True,True,True,True,True,False,Brand/Category Page,True,False,False,2026-07-06,2026-06-23 07:00:00,2026-07-06 16:23:53.030278,13
987517917532542,2249849238754684,True,2026-06-24 07:00:00,2026-06-30 07:00:00,Chemist Warehouse,Chemist Warehouse,{{product.name}},{{product.brand}},Shop now,DCO,https://chemistwarehouseoptometry.com.au/,chemistwarehouseoptometry.com.au,/,,,,,,,Not Specified,,,,,Get $15 Off Your Order,"SAVE $15 ON YOUR CONTACT LENSES! 💰

Spend $150+ on contact lenses and we'll take $15 off - limited time only! ✨

🏷️ Just add code SAVE15 at checkout
🚚 FREE shipping on orders $99+^
⏰ Hurry - offer ends 11:59PM 22/07/26 (AEST)

👉 Shop online now at Chemist Warehouse Optometry & see the savings!",Shop Now,https://scontent.ftgz4-1.fna.fbcdn.net/v/t39.35426-6/731344390_1538141504639192_6848708542310246310_n.jpg?_nc_cat=100&ccb=1-7&_nc_sid=c53f8f&_nc_ohc=dOBZ9KKG7cgQ7kNvwFdGQpI&_nc_oc=Adr_CmchXzJLj5p4LxE-hrO_gdvQsT7BwcBTmaOhV-ix0SwtotMnqKkcHhrnpRW8peU&_nc_zt=14&_nc_ht=scontent.ftgz4-1.fna&_nc_gid=2NifRX92yDf1IwWyCqYmxw&_nc_ss=7f180&oh=00_AQB0Em9_v9gzgyouskL6tZkDggWD3VgILp_k7cj1JcIuAQ&oe=6A508D8C,,"['FACEBOOK', 'INSTAGRAM', 'AUDIENCE_NETWORK', 'THREADS']",,,,,2026-W27,2026-07,"FACEBOOK, INSTAGRAM, AUDIENCE_NETWORK, THREADS",True,True,True,False,True,False,Homepage,True,False,False,2026-07-06,2026-06-24 07:00:00,2026-07-06 16:23:53.030278,12
989690537378560,2942740046066474,True,2026-06-24 07:00:00,2026-06-30 07:00:00,Chemist Warehouse,Chemist Warehouse,{{product.name}},{{product.brand}},Shop now,DCO,https://chemistwarehouseoptometry.com.au/,chemistwarehouseoptometry.com.au,/,,,,,,,Not Specified,,,,,Get $15 Off Your Order,"SAVE $15 ON YOUR CONTACT LENSES! 💰

Spend $150+ on contact lenses and we'll take $15 off - limited time only! ✨

🏷️ Just add code SAVE15 at checkout
🚚 FREE shipping on orders $99+^
⏰ Hurry - offer ends 11:59PM 22/07/26 (AEST)

👉 Shop online now at Chemist Warehouse Optometry & see the savings!",Shop Now,,https://video.ftgz4-1.fna.fbcdn.net/o1/v/t2/f2/m366/AQPtHv98JKkgjMhEHgjvZYfdGYSQEgqHDk3zrK6kYOUd7w7LD1lw1GJ_InacenN-5vy5BiP5BfjbK0YCBztUJsplIItVqdbQWI86UKu3xTaaiA.mp4?_nc_cat=103&_nc_oc=Adr34ktAdnDzeouSUAGnmP2lPejzgZyGhdK34K_HAilYLhjJX0MqCg8r1Ru33KF29VA&_nc_sid=b66105&_nc_ht=video.ftgz4-1.fna.fbcdn.net&_nc_ohc=iBtqwNggYfoQ7kNvwGAfIGN&efg=eyJ2ZW5jb2RlX3RhZyI6Inhwdl9wcm9ncmVzc2l2ZS5WSV9VU0VDQVNFX1BST0RVQ1RfVFlQRS4uQzMuNzIwLmRhc2hfaDI2NC1iYXNpYy1nZW4yXzcyMHAiLCJ4cHZfYXNzZXRfaWQiOjEzMjcwMzkyMzI4OTMzODAsImFzc2V0X2FnZV9kYXlzIjoxMSwidmlfdXNlY2FzZV9pZCI6MTA3OTksImR1cmF0aW9uX3MiOjEwLCJ1cmxnZW5fc291cmNlIjoid3d3In0%3D&ccb=17-1&vs=375ff70606afb831&_nc_vs=HBkcFQIYRWZiX2VwaGVtZXJhbC9BNTRGRUNCQzgyRjY0NDVENkM4NjA3RjQ3RTdDRkE5Nl9tdF8xX3ZpZGVvX2Rhc2hpbml0Lm1wNBUAAsgBEgAoABgAGwKIB3VzZV9vaWwBMRJwcm9ncmVzc2l2ZV9yZWNpcGUBMRUAACaIh6Ph7LvbBBUCKAJDMywXQCQAAAAAAAAYGWRhc2hfaDI2NC1iYXNpYy1nZW4yXzcyMHARAHUAZd6oAQA&_nc_gid=2NifRX92yDf1IwWyCqYmxw&_nc_ss=7f180&_nc_zt=28&oh=00_AQAf209Q7eqgrFNlQSghUzC9SI27vYn_-yfPsnagHZF5EQ&oe=6A50BA69,"['FACEBOOK', 'INSTAGRAM', 'AUDIENCE_NETWORK', 'MESSENGER', 'THREADS']",,,,,2026-W27,2026-07,"FACEBOOK, INSTAGRAM, AUDIENCE_NETWORK, MESSENGER, THREADS",True,True,True,True,True,False,Homepage,True,False,False,2026-07-06,2026-06-24 07:00:00,2026-07-06 16:23:53.030278,12
2126910357889391,1741679483951133,True,2026-06-24 07:00:00,2026-07-05 07:00:00,Chemist Warehouse,Chemist Warehouse,{{product.name}},{{product.brand}},Shop now,DCO,https://www.chemistwarehouse.com.au/buy/168503/l-oreal-paris-revitalift-laser-dark-spot-creamy-serum-30ml?utm_source=facebook&utm_medium=social&utm_campaign=au_cw_coop_facebook_social_lorealaustraliaptyltd_lorealparis_665_2026_bau_dynamic&utm_term=traffic&utm_content=dynamic_cushionvid,www.chemistwarehouse.com.au,/buy/168503/l-oreal-paris-revitalift-laser-dark-spot-creamy-serum-30ml,facebook,social,au_cw_coop_facebook_social_lorealaustraliaptyltd_lorealparis_665_2026_bau_dynamic,665,traffic,dynamic_cushionvid,Coop,Lorealaustraliaptyltd,Lorealparis,2026,dynamic,L’Oréal Paris Revitalift Creamy-Serum,"Formulated with multi-patented Melasyl™. In 7 days see triple efficacy: wrinkles, dark spots, dullness. You're Worth It.",Shop Now,https://scontent.ftgz4-1.fna.fbcdn.net/v/t39.35426-6/728473990_4387511174844537_5826334507530277081_n.jpg?_nc_cat=111&ccb=1-7&_nc_sid=c53f8f&_nc_ohc=rGh5EhEL4rMQ7kNvwH3R5OF&_nc_oc=Adpn5MB-QhjHV_CNe_3FzzvHSQbFYbfKls3zZZoUvFbH6TubbTxO3_uk3h0JZBVISVo&_nc_zt=14&_nc_ht=scontent.ftgz4-1.fna&_nc_gid=ZKvpDcYMyZpNIUMupOgRtA&_nc_ss=7f180&oh=00_AQDVhZ2p6uY5omzNEc-B11nQbJbSiYOqJUlJDI-znnBOMA&oe=6A50A1AA,,"['FACEBOOK', 'INSTAGRAM', 'AUDIENCE_NETWORK', 'MESSENGER', 'THREADS']",au,cw,facebook,social,2026-W27,2026-07,"FACEBOOK, INSTAGRAM, AUDIENCE_NETWORK, MESSENGER, THREADS",True,True,True,True,True,False,SKU Product,True,False,False,2026-07-06,2026-06-24 07:00:00,2026-07-06 16:23:53.030278,12
877904778148355,2942740046066474,True,2026-06-24 07:00:00,2026-07-01 07:00:00,Chemist Warehouse,Chemist Warehouse,{{product.name}},{{product.brand}},Shop now,DCO,https://chemistwarehouseoptometry.com.au/,chemistwarehouseoptometry.com.au,/,,,,,,,Not Specified,,,,,Get $15 Off Your Order,"SAVE $15 ON YOUR CONTACT LENSES! 💰

Spend $150+ on contact lenses and we'll take $15 off - limited time only! ✨

🏷️ Just add code SAVE15 at checkout
🚚 FREE shipping on orders $99+^
⏰ Hurry - offer ends 11:59PM 22/07/26 (AEST)

👉 Shop online now at Chemist Warehouse Optometry & see the savings!",Shop Now,,https://video.ftgz4-1.fna.fbcdn.net/o1/v/t2/f2/m366/AQPtHv98JKkgjMhEHgjvZYfdGYSQEgqHDk3zrK6kYOUd7w7LD1lw1GJ_InacenN-5vy5BiP5BfjbK0YCBztUJsplIItVqdbQWI86UKu3xTaaiA.mp4?_nc_cat=103&_nc_oc=Adr34ktAdnDzeouSUAGnmP2lPejzgZyGhdK34K_HAilYLhjJX0MqCg8r1Ru33KF29VA&_nc_sid=b66105&_nc_ht=video.ftgz4-1.fna.fbcdn.net&_nc_ohc=iBtqwNggYfoQ7kNvwGAfIGN&efg=eyJ2ZW5jb2RlX3RhZyI6Inhwdl9wcm9ncmVzc2l2ZS5WSV9VU0VDQVNFX1BST0RVQ1RfVFlQRS4uQzMuNzIwLmRhc2hfaDI2NC1iYXNpYy1nZW4yXzcyMHAiLCJ4cHZfYXNzZXRfaWQiOjEzMjcwMzkyMzI4OTMzODAsImFzc2V0X2FnZV9kYXlzIjoxMSwidmlfdXNlY2FzZV9pZCI6MTA3OTksImR1cmF0aW9uX3MiOjEwLCJ1cmxnZW5fc291cmNlIjoid3d3In0%3D&ccb=17-1&vs=375ff70606afb831&_nc_vs=HBkcFQIYRWZiX2VwaGVtZXJhbC9BNTRGRUNCQzgyRjY0NDVENkM4NjA3RjQ3RTdDRkE5Nl9tdF8xX3ZpZGVvX2Rhc2hpbml0Lm1wNBUAAsgBEgAoABgAGwKIB3VzZV9vaWwBMRJwcm9ncmVzc2l2ZV9yZWNpcGUBMRUAACaIh6Ph7LvbBBUCKAJDMywXQCQAAAAAAAAYGWRhc2hfaDI2NC1iYXNpYy1nZW4yXzcyMHARAHUAZd6oAQA&_nc_gid=ZKvpDcYMyZpNIUMupOgRtA&_nc_ss=7f180&_nc_zt=28&oh=00_AQADG3jrnkUDPyUdgFGn86npAxjXVwLelgEbI3FOe5A4hA&oe=6A50BA69,"['FACEBOOK', 'INSTAGRAM', 'AUDIENCE_NETWORK', 'THREADS']",,,,,2026-W27,2026-07,"FACEBOOK, INSTAGRAM, AUDIENCE_NETWORK, THREADS",True,True,True,False,True,False,Homepage,True,False,False,2026-07-06,2026-06-24 07:00:00,2026-07-06 16:23:53.030278,12
26865803603121228,1688148122452082,True,2026-06-23 07:00:00,2026-07-05 07:00:00,Chemist Warehouse,Chemist Warehouse,{{product.name}},{{product.brand}},Shop now,DCO,https://www.chemistwarehouse.com.au/shop-online/705479/philips?utm_source=facebook&utm_medium=social&utm_campaign=au_cw_oa_facebook_social_philipssaecoaustraliapty_philips_159_jun26_100609-boosting_video&utm_term=traffic&utm_content=video_instore-video,www.chemistwarehouse.com.au,/shop-online/705479/philips,facebook,social,au_cw_oa_facebook_social_philipssaecoaustraliapty_philips_159_jun26_100609-boosting_video,159,traffic,video_instore-video,O&O,Philipssaecoaustraliapty,Philips,jun26,video,Available at Chemist Warehouse,Shop the Philips Sonicare 3100 Electric Toothbrush at Chemist Warehouse.,Shop Now,,https://video.ftgz4-1.fna.fbcdn.net/o1/v/t2/f2/m366/AQMmN9dSrNncNHFAZiwt09CUdRlLCdVM08_2-K_7Jb7Z2lKgMq7q5FXSNWYv5B627D0wm_65F5r7QZAQTQyVFQCJ8A4Hzmi-tWvO0IcIrQ1exQ.mp4?_nc_cat=101&_nc_oc=Adp2JixM4vIggZ_khW6HXq63ztj_tvtOxkH6iYJM-DRaW69KPYUFyyYE-3kc6BS145U&_nc_sid=b66105&_nc_ht=video.ftgz4-1.fna.fbcdn.net&_nc_ohc=pv4YnlN3wsQQ7kNvwE8mXC_&efg=eyJ2ZW5jb2RlX3RhZyI6Inhwdl9wcm9ncmVzc2l2ZS5WSV9VU0VDQVNFX1BST0RVQ1RfVFlQRS4uQzMuNzIwLmRhc2hfaDI2NC1iYXNpYy1nZW4yXzcyMHAiLCJ4cHZfYXNzZXRfaWQiOjEwMjY0MjUyNzY1ODQ2OTIsImFzc2V0X2FnZV9kYXlzIjoxMywidmlfdXNlY2FzZV9pZCI6MTA3OTksImR1cmF0aW9uX3MiOjM1LCJ1cmxnZW5fc291cmNlIjoid3d3In0%3D&ccb=17-1&vs=7b95f280d58da133&_nc_vs=HBksFQIYRWZiX2VwaGVtZXJhbC82QzRDREQ3Q0Y2QjkyRTVEQ0UzQkEzQ0JERUY2RUQ5OF9tdF8xX3ZpZGVvX2Rhc2hpbml0Lm1wNBUAAsgBEgAVAhhAZmJfcGVybWFuZW50LzJFNDE3NDlBQzAwQzNBQjczRUM2MzQyOTlEMDNBOEE3X2F1ZGlvX2Rhc2hpbml0Lm1wNBUCAsgBEgAoABgAGwKIB3VzZV9vaWwBMRJwcm9ncmVzc2l2ZV9yZWNpcGUBMRUAACboy_6f6OHSAxUCKAJDMywXQEGd0vGp--cYGWRhc2hfaDI2NC1iYXNpYy1nZW4yXzcyMHARAHUAZd6oAQA&_nc_gid=6EjFrZ93n0L-cZGRn1LhsQ&_nc_ss=7f180&_nc_zt=28&oh=00_AQBn4x3I2VvKwzs2RsGJBuO70DDPEIwVCWPZooS08JEutA&oe=6A508E2F,"['FACEBOOK', 'INSTAGRAM', 'THREADS']",au,cw,facebook,social,2026-W27,2026-07,"FACEBOOK, INSTAGRAM, THREADS",True,True,False,False,True,False,Brand/Category Page,True,False,False,2026-07-06,2026-06-23 07:00:00,2026-07-06 16:23:53.030278,13
1021081050790988,1749825449787878,True,2026-06-23 07:00:00,2026-07-05 07:00:00,Chemist Warehouse,Chemist Warehouse,{{product.name}},{{product.brand}},Shop now,DCO,https://www.chemistwarehouse.com.au/shop-online/carusos-gummies?utm_source=facebook&utm_medium=social&utm_campaign=au_cw_oa_facebook_social_carusosnaturalhealth_carusos_81_may26_100524-oa-conv_video-image&utm_term=traffic&utm_content=video-image_ashwa,www.chemistwarehouse.com.au,/shop-online/carusos-gummies,facebook,social,au_cw_oa_facebook_social_carusosnaturalhealth_carusos_81_may26_100524-oa-conv_video-image,81,traffic,video-image_ashwa,O&O,Carusosnaturalhealth,Carusos,may26,video-image,Wellness made delicious,"Discover the easier way to wellness with Caruso's Herbal Gummies. Delicious herbal support you can take anytime, anywhere.

Vegan | 99% Sugar Free | Natural Colours

Always read the label and follow the directions for use.",Shop Now,,https://video.ftgz4-1.fna.fbcdn.net/o1/v/t2/f2/m366/AQM7lZHBu6S_ijbDaRVaCu_FaoP-ir-T4uzajXd05hid6Dl3AOAFcgSCUb6FpRBmdq3fP55lSaI1ozrNOTwjKesmxnxf2o6DyT7kZJFpV6wcrg.mp4?_nc_cat=111&_nc_oc=AdqoC-7HS2vY-nAdBYozVu95mw_0X6wgKgyUtq-38oM_yTLB9O4r47Gkf5MOO5X4LOY&_nc_sid=b66105&_nc_ht=video.ftgz4-1.fna.fbcdn.net&_nc_ohc=OQo551fArUwQ7kNvwEBFSU7&efg=eyJ2ZW5jb2RlX3RhZyI6Inhwdl9wcm9ncmVzc2l2ZS5WSV9VU0VDQVNFX1BST0RVQ1RfVFlQRS4uQzMuNzIwLmRhc2hfaDI2NC1iYXNpYy1nZW4yXzcyMHAiLCJ4cHZfYXNzZXRfaWQiOjk4OTA4NTQwMDYzMTUwNSwiYXNzZXRfYWdlX2RheXMiOjEzLCJ2aV91c2VjYXNlX2lkIjoxMDc5OSwiZHVyYXRpb25fcyI6OCwidXJsZ2VuX3NvdXJjZSI6Ind3dyJ9&ccb=17-1&vs=88da66950fb763a2&_nc_vs=HBksFQIYRWZiX2VwaGVtZXJhbC85QTQ4QzRGQzIwRTI5REJGODc0RkZFMzI3QkMzRDJBOV9tdF8xX3ZpZGVvX2Rhc2hpbml0Lm1wNBUAAsgBEgAVAhhAZmJfcGVybWFuZW50Lzk1NDAzODQxQTdBNjNBNTA0N0RCMTlFODdFN0U3NDhGX2F1ZGlvX2Rhc2hpbml0Lm1wNBUCAsgBEgAoABgAGwKIB3VzZV9vaWwBMRJwcm9ncmVzc2l2ZV9yZWNpcGUBMRUAACaio6i_rOTBAxUCKAJDMywXQCAAAAAAAAAYGWRhc2hfaDI2NC1iYXNpYy1nZW4yXzcyMHARAHUAZd6oAQA&_nc_gid=ZKvpDcYMyZpNIUMupOgRtA&_nc_ss=7f180&_nc_zt=28&oh=00_AQDVpo1rTlk20wZVfmK3ncE7f1wv0OhfhhNee4viZHydBQ&oe=6A50AC29,"['FACEBOOK', 'INSTAGRAM', 'AUDIENCE_NETWORK', 'MESSENGER', 'THREADS']",au,cw,facebook,social,2026-W27,2026-07,"FACEBOOK, INSTAGRAM, AUDIENCE_NETWORK, MESSENGER, THREADS",True,True,True,True,True,False,Brand/Category Page,True,False,False,2026-07-06,2026-06-23 07:00:00,2026-07-06 16:23:53.030278,13
979535908239589,26901293422904592,True,2026-06-21 07:00:00,2026-07-05 07:00:00,Chemist Warehouse,Chemist Warehouse,{{product.name}},{{product.brand}},Shop now,DCO,https://www.chemistwarehouse.com.au/shop-online/3118/bisolvon?utm_source=facebook&utm_medium=social&utm_campaign=au_cw_oa_facebook_social_sanoficonsumerhealthcare_bisolvon_258_2026_100512-oa_image&utm_term=conversion&utm_content=image_all,www.chemistwarehouse.com.au,/shop-online/3118/bisolvon,facebook,social,au_cw_oa_facebook_social_sanoficonsumerhealthcare_bisolvon_258_2026_100512-oa_image,258,conversion,image_all,O&O,Sanoficonsumerhealthcare,Bisolvon,2026,image,"For chesty coughs, try Bisolvon","Bisolvon provides effective relief against chesty coughs, helping you get back to what matters most.",Shop Now,https://scontent.ftgz4-1.fna.fbcdn.net/v/t39.35426-6/725166076_1020138797038551_8794699746286480619_n.jpg?_nc_cat=106&ccb=1-7&_nc_sid=c53f8f&_nc_ohc=2EHLu4SU9CwQ7kNvwFramUd&_nc_oc=AdpLPOWQmMpIyzd6EGFBpI-37fXjQdq95oYGO_xulzNjAKYPxZVGFpwZjnWlme0uJuI&_nc_zt=14&_nc_ht=scontent.ftgz4-1.fna&_nc_gid=ZKvpDcYMyZpNIUMupOgRtA&_nc_ss=7f180&oh=00_AQDnWhAqhz267W3EBiSyP0nEf3nhAVRNuIwtTyQdmwe9wQ&oe=6A50B14E,,"['FACEBOOK', 'INSTAGRAM', 'AUDIENCE_NETWORK', 'MESSENGER', 'THREADS']",au,cw,facebook,social,2026-W27,2026-07,"FACEBOOK, INSTAGRAM, AUDIENCE_NETWORK, MESSENGER, THREADS",True,True,True,True,True,False,Brand/Category Page,True,False,False,2026-07-06,2026-06-21 07:00:00,2026-07-06 16:23:53.030278,15
1623914579461174,998702079558817,True,2026-06-21 07:00:00,2026-07-05 07:00:00,Chemist Warehouse,Chemist Warehouse,Available at Chemist Warehouse,Shop the Philips Sonicare 3100 Electric Toothbrush at Chemist Warehouse.,Shop now,VIDEO,https://www.chemistwarehouse.com.au/shop-online/705479/philips?utm_source=facebook&utm_medium=social&utm_campaign=au_cw_oa_facebook_social_philipssaecoaustraliapty_philips_159_jun26_100609-boosting_video&utm_term=traffic&utm_content=video_instore-video,www.chemistwarehouse.com.au,/shop-online/705479/philips,facebook,social,au_cw_oa_facebook_social_philipssaecoaustraliapty_philips_159_jun26_100609-boosting_video,159,traffic,video_instore-video,O&O,Philipssaecoaustraliapty,Philips,jun26,video,,,,,,"['FACEBOOK', 'INSTAGRAM', 'THREADS']",au,cw,facebook,social,2026-W27,2026-07,"FACEBOOK, INSTAGRAM, THREADS",True,True,False,False,True,False,Brand/Category Page,True,True,False,2026-07-06,2026-06-21 07:00:00,2026-07-06 16:23:53.030278,15
1483144113024878,,True,2026-06-18 07:00:00,2026-06-30 07:00:00,Chemist Warehouse,Chemist Warehouse,{{product.name}},"Stop paying too much on contact lenses at Chemist Warehouse Optometry.

👉 Wide range of lenses at everyday low prices.
👉 Free Shipping on orders over $99
👉 Tracked Delivery on all orders
👉 Friendly Customer Service

Shop Online Now at Chemist Warehouse Optometry & see the savings!",Shop now,DPA,https://chemistwarehouseoptometry.com.au/,chemistwarehouseoptometry.com.au,/,,,,,,,Not Specified,,,,,MyDay 30 pack,"Stop paying too much on contact lenses at Chemist Warehouse Optometry.

👉 Wide range of lenses at everyday low prices.
👉 Free Shipping on orders over $99
👉 Tracked Delivery on all orders
👉 Friendly Customer Service

Shop Online Now at Chemist Warehouse Optometry & see the savings!",Shop Now,https://scontent.ftgz4-1.fna.fbcdn.net/v/t39.35426-6/725191740_2275681863190449_1293574548425239276_n.jpg?_nc_cat=103&ccb=1-7&_nc_sid=c53f8f&_nc_ohc=XlYAHG77r_IQ7kNvwFih_Fy&_nc_oc=Adp1wXZPV8sFhh7-GUkyU54CNK-7RwYpEOxLA9U3yzYKLGzhQGCT1wFuYa_u6Pl2J0A&_nc_zt=14&_nc_ht=scontent.ftgz4-1.fna&_nc_gid=6EjFrZ93n0L-cZGRn1LhsQ&_nc_ss=7f180&oh=00_AQDD8fEEq5Hlq3pbjVjJUck0xEBi8Wjf7vUaQgIGv-XnGg&oe=6A50B4C5,,"['FACEBOOK', 'INSTAGRAM', 'AUDIENCE_NETWORK', 'THREADS']",,,,,2026-W27,2026-07,"FACEBOOK, INSTAGRAM, AUDIENCE_NETWORK, THREADS",True,True,True,False,True,False,Homepage,True,True,False,2026-07-06,2026-06-18 07:00:00,2026-07-06 16:23:53.030278,18
2066268600650971,1670402394182183,True,2026-06-23 07:00:00,2026-07-05 07:00:00,Chemist Warehouse,Chemist Warehouse,Shop Ostelin Calcium & Vitamin D3 + Turmeric,"New triple action formula with turmeric, traditionally used in Western herbal medicine to relieve mild joint pain.",Shop now,VIDEO,https://fb.com/canvas_doc/1920137365311817,fb.com,/canvas_doc/1920137365311817,,,,,,,Not Specified,,,,,,,,,,"['FACEBOOK', 'INSTAGRAM', 'AUDIENCE_NETWORK', 'MESSENGER', 'THREADS']",,,,,2026-W27,2026-07,"FACEBOOK, INSTAGRAM, AUDIENCE_NETWORK, MESSENGER, THREADS",True,True,True,True,True,False,Internal/App Page,True,False,False,2026-07-06,2026-06-23 07:00:00,2026-07-06 16:23:53.030278,13
1989968875075839,,True,2026-06-23 07:00:00,2026-07-05 07:00:00,Chemist Warehouse,Chemist Warehouse,Shop Ostelin Calcium & Vitamin D3 + Turmeric,"New triple action formula with turmeric, traditionally used in Western herbal medicine to relieve mild joint pain.",Shop now,IMAGE,https://fb.com/canvas_doc/4618956868429929,fb.com,/canvas_doc/4618956868429929,,,,,,,Not Specified,,,,,,,,,,"['FACEBOOK', 'INSTAGRAM', 'AUDIENCE_NETWORK', 'MESSENGER', 'THREADS']",,,,,2026-W27,2026-07,"FACEBOOK, INSTAGRAM, AUDIENCE_NETWORK, MESSENGER, THREADS",True,True,True,True,True,False,Internal/App Page,True,False,False,2026-07-06,2026-06-23 07:00:00,2026-07-06 16:23:53.030278,13
1535814118223191,1033313239128925,True,2026-06-23 07:00:00,2026-07-05 07:00:00,Chemist Warehouse,Chemist Warehouse,{{product.name}},{{product.brand}},Shop now,DCO,https://www.chemistwarehouse.com.au/buy/164936/ostelin-calcium-vitamin-d3-turmeric-200-tablets-exclusive-size?utm_source=facebook&utm_medium=social&utm_campaign=au_cw_oa_facebook_social_sanoficonsumerhealthcare_ostelin_81_june26_100553-tumeric_video-image&utm_term=traffic&utm_content=video-image_brand,www.chemistwarehouse.com.au,/buy/164936/ostelin-calcium-vitamin-d3-turmeric-200-tablets-exclusive-size,facebook,social,au_cw_oa_facebook_social_sanoficonsumerhealthcare_ostelin_81_june26_100553-tumeric_video-image,81,traffic,video-image_brand,O&O,Sanoficonsumerhealthcare,Ostelin,june26,video-image,Shop Ostelin Calcium & Vitamin D3 + Turmeric,"New triple action formula with turmeric, traditionally used in Western herbal medicine to relieve mild joint pain.",Shop Now,https://scontent.ftgz4-1.fna.fbcdn.net/v/t39.35426-6/727542811_1043908851390094_7960217730326087380_n.jpg?_nc_cat=103&ccb=1-7&_nc_sid=c53f8f&_nc_ohc=RYXd0cRhxt4Q7kNvwHvec7i&_nc_oc=AdqKNU6_9VwHsGyLEK6Sfn7W5pG4eQ0LnTs1QzJw-3ZXwsy16aPBVlszNOkYxfR24iA&_nc_zt=14&_nc_ht=scontent.ftgz4-1.fna&_nc_gid=ZKvpDcYMyZpNIUMupOgRtA&_nc_ss=7f180&oh=00_AQDDkvXYC6MYoaTdR9YNafZqE_3a5gt4t-8dOgmGoKzDlA&oe=6A50A681,,"['FACEBOOK', 'INSTAGRAM', 'AUDIENCE_NETWORK', 'MESSENGER', 'WHATSAPP', 'THREADS']",au,cw,facebook,social,2026-W27,2026-07,"FACEBOOK, INSTAGRAM, AUDIENCE_NETWORK, MESSENGER, WHATSAPP, THREADS",True,True,True,True,True,True,SKU Product,True,False,False,2026-07-06,2026-06-23 07:00:00,2026-07-06 16:23:53.030278,13
1061305349556987,,True,2026-06-18 07:00:00,2026-06-29 07:00:00,Chemist Warehouse,Chemist Warehouse,{{product.name}},"Stop paying too much on contact lenses at Chemist Warehouse Optometry.

👉 Wide range of lenses at everyday low prices.
👉 Free Shipping on orders over $99
👉 Tracked Delivery on all orders
👉 Friendly Customer Service

Shop Online Now at Chemist Warehouse Optometry & see the savings!",Shop now,DPA,https://chemistwarehouseoptometry.com.au/,chemistwarehouseoptometry.com.au,/,,,,,,,Not Specified,,,,,Air Optix plus Hydraglyde Toric,"Stop paying too much on contact lenses at Chemist Warehouse Optometry.

👉 Wide range of lenses at everyday low prices.
👉 Free Shipping on orders over $99
👉 Tracked Delivery on all orders
👉 Friendly Customer Service

Shop Online Now at Chemist Warehouse Optometry & see the savings!",Shop Now,https://scontent.ftgz4-1.fna.fbcdn.net/v/t39.35426-6/725439871_2082401016044449_5521808523266220025_n.jpg?_nc_cat=104&ccb=1-7&_nc_sid=c53f8f&_nc_ohc=mG6cirQv25MQ7kNvwE4-erU&_nc_oc=AdpW-4Kg9RuVrObn-_WQx4wXHkt7KlZovbbyVXMijo1PHOEBgin_ETwRlmaBXKzG7eI&_nc_zt=14&_nc_ht=scontent.ftgz4-1.fna&_nc_gid=6EjFrZ93n0L-cZGRn1LhsQ&_nc_ss=7f180&oh=00_AQAkOEsedzI64ESGDzSfHEMGIKQo_gHvnrG47ECL1_GoqQ&oe=6A50A189,,"['FACEBOOK', 'INSTAGRAM', 'AUDIENCE_NETWORK', 'THREADS']",,,,,2026-W27,2026-07,"FACEBOOK, INSTAGRAM, AUDIENCE_NETWORK, THREADS",True,True,True,False,True,False,Homepage,True,True,False,2026-07-06,2026-06-18 07:00:00,2026-07-06 16:23:53.030278,18
980179964778612,26901293422904592,True,2026-06-17 07:00:00,2026-07-05 07:00:00,Chemist Warehouse,Chemist Warehouse,{{product.name}},{{product.brand}},Shop now,DCO,https://www.chemistwarehouse.com.au/shop-online/3118/bisolvon?utm_source=facebook&utm_medium=social&utm_campaign=au_cw_oa_facebook_social_sanoficonsumerhealthcare_bisolvon_258_2026_100512-oa_video-image&utm_term=traffic&utm_content=video-image_all,www.chemistwarehouse.com.au,/shop-online/3118/bisolvon,facebook,social,au_cw_oa_facebook_social_sanoficonsumerhealthcare_bisolvon_258_2026_100512-oa_video-image,258,traffic,video-image_all,O&O,Sanoficonsumerhealthcare,Bisolvon,2026,video-image,"For chesty coughs, try Bisolvon","Bisolvon provides effective relief against chesty coughs, helping you get back to what matters most.",Shop Now,https://scontent.ftgz4-1.fna.fbcdn.net/v/t39.35426-6/726061575_1569770884719266_2311390473784710653_n.jpg?_nc_cat=110&ccb=1-7&_nc_sid=c53f8f&_nc_ohc=nhIcCHQhOUYQ7kNvwFUJ7Ft&_nc_oc=Adpr1NgS9XK34koP-YonWHrpJIOk7X15e0fDE-f1_HXWqQi2kq8J8FmRu6J6PJCAj1c&_nc_zt=14&_nc_ht=scontent.ftgz4-1.fna&_nc_gid=6EjFrZ93n0L-cZGRn1LhsQ&_nc_ss=7f180&oh=00_AQCK4xlI2SpyMJtaiN9NJGiHvzf5O_z-t0-CnpzwGKfzSA&oe=6A508F30,,"['FACEBOOK', 'INSTAGRAM', 'AUDIENCE_NETWORK', 'MESSENGER', 'WHATSAPP', 'THREADS']",au,cw,facebook,social,2026-W27,2026-07,"FACEBOOK, INSTAGRAM, AUDIENCE_NETWORK, MESSENGER, WHATSAPP, THREADS",True,True,True,True,True,True,Brand/Category Page,True,False,False,2026-07-06,2026-06-17 07:00:00,2026-07-06 16:23:53.030278,19
4331261430450526,,True,2026-06-18 07:00:00,2026-06-30 07:00:00,Chemist Warehouse,Chemist Warehouse,{{product.name}},"Stop paying too much on contact lenses at Chemist Warehouse Optometry.

👉 Wide range of lenses at everyday low prices.
👉 Free Shipping on orders over $99
👉 Tracked Delivery on all orders
👉 Friendly Customer Service

Shop Online Now at Chemist Warehouse Optometry & see the savings!",Shop now,DPA,https://chemistwarehouseoptometry.com.au/,chemistwarehouseoptometry.com.au,/,,,,,,,Not Specified,,,,,Air Optix plus Hydraglyde Toric,"Stop paying too much on contact lenses at Chemist Warehouse Optometry.

👉 Wide range of lenses at everyday low prices.
👉 Free Shipping on orders over $99
👉 Tracked Delivery on all orders
👉 Friendly Customer Service

Shop Online Now at Chemist Warehouse Optometry & see the savings!",Shop Now,https://scontent.ftgz4-1.fna.fbcdn.net/v/t39.35426-6/724752604_1286611860219212_5389736370842158181_n.jpg?_nc_cat=100&ccb=1-7&_nc_sid=c53f8f&_nc_ohc=H_zNrWPLVBIQ7kNvwGaUcW_&_nc_oc=Adr5xoQh1d09E7xTITclp-Adx3iA_PTrcbBAx__aZoUtL64P462twHW2gAg52ZUgGmk&_nc_zt=14&_nc_ht=scontent.ftgz4-1.fna&_nc_gid=6EjFrZ93n0L-cZGRn1LhsQ&_nc_ss=7f180&oh=00_AQDwzNPcnBAKDPs7nxwfOCS3iAsUYTj8eAyLUxq3Q3k7Ww&oe=6A508E6C,,"['FACEBOOK', 'INSTAGRAM', 'AUDIENCE_NETWORK', 'MESSENGER', 'THREADS']",,,,,2026-W27,2026-07,"FACEBOOK, INSTAGRAM, AUDIENCE_NETWORK, MESSENGER, THREADS",True,True,True,True,True,False,Homepage,True,True,False,2026-07-06,2026-06-18 07:00:00,2026-07-06 16:23:53.030278,18
1305247445122080,1524747285858087,True,2026-06-17 07:00:00,2026-07-05 07:00:00,Chemist Warehouse,Chemist Warehouse,Immune Health and the Good Leaf,Olive Leaf Extract. Traditionally used in Western herbal medicine to maintain/support immune system health.,Shop now,VIDEO,https://fb.com/canvas_doc/2852107918463668,fb.com,/canvas_doc/2852107918463668,,,,,,,Not Specified,,,,,,,,,,"['FACEBOOK', 'INSTAGRAM', 'AUDIENCE_NETWORK', 'MESSENGER', 'THREADS']",,,,,2026-W27,2026-07,"FACEBOOK, INSTAGRAM, AUDIENCE_NETWORK, MESSENGER, THREADS",True,True,True,True,True,False,Internal/App Page,True,False,False,2026-07-06,2026-06-17 07:00:00,2026-07-06 16:23:53.030278,19
1718954086134585,993536053543298,True,2026-06-17 07:00:00,2026-07-05 07:00:00,Chemist Warehouse,Chemist Warehouse,{{product.name}},{{product.brand}},Shop now,DCO,https://www.chemistwarehouse.com.au/shop-online/3118/bisolvon?utm_source=facebook&utm_medium=social&utm_campaign=au_cw_oa_facebook_social_sanoficonsumerhealthcare_bisolvon_258_2026_100512-oa_video-image&utm_term=traffic&utm_content=video-image_all,www.chemistwarehouse.com.au,/shop-online/3118/bisolvon,facebook,social,au_cw_oa_facebook_social_sanoficonsumerhealthcare_bisolvon_258_2026_100512-oa_video-image,258,traffic,video-image_all,O&O,Sanoficonsumerhealthcare,Bisolvon,2026,video-image,Shop Bisolvon,Shop Bisolvon at Chemist Warehouse. Tailored options for both dry & chesty coughs.,Shop Now,,https://video.ftgz4-1.fna.fbcdn.net/o1/v/t2/f2/m366/AQPuzcVnuR3Fw9WCsy6zaaDPjeM5uKg_Q0vJAkhKRCiMi7hG-fZfj5yo4ehOpsqaG3F6xxzhntr3FPzmLgwY6If6EQGqJ96pgDnRrK_EN6H26Q.mp4?_nc_cat=110&_nc_oc=Adpg7DruWBTMqPzHbdkWvRyndPjKPJdvcUR3guzAoVTYVXkohc-XwZ5F2sFtv3wgpeQ&_nc_sid=b66105&_nc_ht=video.ftgz4-1.fna.fbcdn.net&_nc_ohc=lUyohQJM78MQ7kNvwFcopNe&efg=eyJ2ZW5jb2RlX3RhZyI6Inhwdl9wcm9ncmVzc2l2ZS5WSV9VU0VDQVNFX1BST0RVQ1RfVFlQRS4uQzMuNzIwLmRhc2hfaDI2NC1iYXNpYy1nZW4yXzcyMHAiLCJ4cHZfYXNzZXRfaWQiOjEzNDE0ODkzNDc5MTQ5MDMsImFzc2V0X2FnZV9kYXlzIjoxNywidmlfdXNlY2FzZV9pZCI6MTA3OTksImR1cmF0aW9uX3MiOjI5LCJ1cmxnZW5fc291cmNlIjoid3d3In0%3D&ccb=17-1&vs=633babe274ab3a9a&_nc_vs=HBksFQIYRWZiX2VwaGVtZXJhbC8wNjRBMTQzOEE1NTg4N0YzRDY0NUYzQURCMDU4Q0ZBNV9tdF8xX3ZpZGVvX2Rhc2hpbml0Lm1wNBUAAsgBEgAVAhhAZmJfcGVybWFuZW50L0NGNEE5QzA3RTBCQUNEODk4NjkzMzdFMjkyMUI3QjkzX2F1ZGlvX2Rhc2hpbml0Lm1wNBUCAsgBEgAoABgAGwKIB3VzZV9vaWwBMRJwcm9ncmVzc2l2ZV9yZWNpcGUBMRUAACausuvA-oTiBBUCKAJDMywXQD13S8an754YGWRhc2hfaDI2NC1iYXNpYy1nZW4yXzcyMHARAHUAZd6oAQA&_nc_gid=6EjFrZ93n0L-cZGRn1LhsQ&_nc_ss=7f180&_nc_zt=28&oh=00_AQCuQ-k_4CpIdzyKdSrWmXKnssAxNeq8Gegm96Dkt3sNwg&oe=6A50A3D2,"['FACEBOOK', 'INSTAGRAM', 'AUDIENCE_NETWORK', 'MESSENGER', 'WHATSAPP', 'THREADS']",au,cw,facebook,social,2026-W27,2026-07,"FACEBOOK, INSTAGRAM, AUDIENCE_NETWORK, MESSENGER, WHATSAPP, THREADS",True,True,True,True,True,True,Brand/Category Page,True,False,False,2026-07-06,2026-06-17 07:00:00,2026-07-06 16:23:53.030278,19
994584893555624,,True,2026-06-17 07:00:00,2026-07-05 07:00:00,Chemist Warehouse,Chemist Warehouse,Immune Health and the Good Leaf,Olive Leaf Extract. Traditionally used in Western herbal medicine to maintain/support immune system health.,Shop now,IMAGE,https://fb.com/canvas_doc/2250877852408455,fb.com,/canvas_doc/2250877852408455,,,,,,,Not Specified,,,,,,,,,,"['FACEBOOK', 'INSTAGRAM', 'AUDIENCE_NETWORK', 'MESSENGER', 'THREADS']",,,,,2026-W27,2026-07,"FACEBOOK, INSTAGRAM, AUDIENCE_NETWORK, MESSENGER, THREADS",True,True,True,True,True,False,Internal/App Page,True,False,False,2026-07-06,2026-06-17 07:00:00,2026-07-06 16:23:53.030278,19
865730142764636,,True,2026-06-17 07:00:00,2026-07-03 07:00:00,Chemist Warehouse,Chemist Warehouse,Immune Health and the Good Leaf,Olive Leaf Extract. Traditionally used in Western herbal medicine to maintain/support immune system health.,Shop now,IMAGE,https://fb.com/canvas_doc/991922403645540,fb.com,/canvas_doc/991922403645540,,,,,,,Not Specified,,,,,,,,,,"['FACEBOOK', 'INSTAGRAM', 'AUDIENCE_NETWORK', 'MESSENGER', 'THREADS']",,,,,2026-W27,2026-07,"FACEBOOK, INSTAGRAM, AUDIENCE_NETWORK, MESSENGER, THREADS",True,True,True,True,True,False,Internal/App Page,True,False,False,2026-07-06,2026-06-17 07:00:00,2026-07-06 16:23:53.030278,19
4128871550737081,1535845588074280,True,2026-06-17 07:00:00,2026-07-04 07:00:00,Chemist Warehouse,Chemist Warehouse,Immune Health and the Good Leaf,Olive Leaf Extract. Traditionally used in Western herbal medicine to maintain/support immune system health.,Shop now,VIDEO,https://fb.com/canvas_doc/941286108946074,fb.com,/canvas_doc/941286108946074,,,,,,,Not Specified,,,,,,,,,,"['FACEBOOK', 'INSTAGRAM', 'AUDIENCE_NETWORK', 'MESSENGER', 'THREADS']",,,,,2026-W27,2026-07,"FACEBOOK, INSTAGRAM, AUDIENCE_NETWORK, MESSENGER, THREADS",True,True,True,True,True,False,Internal/App Page,True,False,False,2026-07-06,2026-06-17 07:00:00,2026-07-06 16:23:53.030278,19
1019825203853948,,True,2026-06-17 07:00:00,2026-07-05 07:00:00,Chemist Warehouse,Chemist Warehouse,Immune Health and the Good Leaf,Olive Leaf Extract. Traditionally used in Western herbal medicine to maintain/support immune system health.,Shop now,IMAGE,https://fb.com/canvas_doc/961557170032604,fb.com,/canvas_doc/961557170032604,,,,,,,Not Specified,,,,,,,,,,"['FACEBOOK', 'INSTAGRAM', 'AUDIENCE_NETWORK', 'MESSENGER', 'THREADS']",,,,,2026-W27,2026-07,"FACEBOOK, INSTAGRAM, AUDIENCE_NETWORK, MESSENGER, THREADS",True,True,True,True,True,False,Internal/App Page,True,False,False,2026-07-06,2026-06-17 07:00:00,2026-07-06 16:23:53.030278,19
1714188913260217,,True,2026-06-17 07:00:00,2026-07-05 07:00:00,Chemist Warehouse,Chemist Warehouse,{{product.name}},{{product.brand}},Shop now,DCO,https://www.chemistwarehouse.com.au/shop-online/3541/bsc?category=Pre-Workout&utm_source=facebook&utm_medium=social&utm_campaign=au_cw_oa_facebook_social_bodyscience_bsc_1255_jun26_100052-oa_video&utm_term=traffic&utm_content=video_all,www.chemistwarehouse.com.au,/shop-online/3541/bsc,facebook,social,au_cw_oa_facebook_social_bodyscience_bsc_1255_jun26_100052-oa_video,1255,traffic,video_all,O&O,Bodyscience,Bsc,jun26,video,Shop BSc at Chemist Warehouse,Shop BSc PRE Caffeinated Pre-Workout at Chemist Warehouse.,Shop Now,,https://video.ftgz4-1.fna.fbcdn.net/o1/v/t2/f2/m366/AQOS_Gyv_lJvo7YlgSL942-o5ApmB0dfnAG-mJPrmjmt3Ye-D8NHmMZGTXBBRsJwhrbMS8ikwkDkrOvyU2oU8D6sOW5rPVAhNcHR8stx0d821A.mp4?_nc_cat=101&_nc_oc=AdpjWGYH-n4kE2QsMvz3_CeTZ3ZL-kUAhsVAtwQly4QNarF5IMoVEeZdp7SEbGYOlcQ&_nc_sid=b66105&_nc_ht=video.ftgz4-1.fna.fbcdn.net&_nc_ohc=Ybf_K_NhxO8Q7kNvwFfQa-l&efg=eyJ2ZW5jb2RlX3RhZyI6Inhwdl9wcm9ncmVzc2l2ZS5WSV9VU0VDQVNFX1BST0RVQ1RfVFlQRS4uQzMuNzIwLmRhc2hfaDI2NC1iYXNpYy1nZW4yXzcyMHAiLCJ4cHZfYXNzZXRfaWQiOjE4ODgxNDYzMzU0Nzg2NzQsImFzc2V0X2FnZV9kYXlzIjoxOSwidmlfdXNlY2FzZV9pZCI6MTA3OTksImR1cmF0aW9uX3MiOjM3LCJ1cmxnZW5fc291cmNlIjoid3d3In0%3D&ccb=17-1&vs=fd74aeb2f2b7850c&_nc_vs=HBksFQIYRWZiX2VwaGVtZXJhbC9DNTREODk1QUNCOEQ4NTUzOTZEOUMwNDJDQjRBRkE5OV9tdF8xX3ZpZGVvX2Rhc2hpbml0Lm1wNBUAAsgBEgAVAhhAZmJfcGVybWFuZW50LzZDNDQ5MTY4MURENDY0NTFBNzNGNjBDRThBMkI3REJFX2F1ZGlvX2Rhc2hpbml0Lm1wNBUCAsgBEgAoABgAGwKIB3VzZV9vaWwBMRJwcm9ncmVzc2l2ZV9yZWNpcGUBMRUAACakzuG5ytDaBhUCKAJDMywXQEKMzMzMzM0YGWRhc2hfaDI2NC1iYXNpYy1nZW4yXzcyMHARAHUAZd6oAQA&_nc_gid=6EjFrZ93n0L-cZGRn1LhsQ&_nc_ss=7f180&_nc_zt=28&oh=00_AQAcp_ZvwpsIO8BbRj6kyshkLqMAPJl7nsx3IB5tVbSZMw&oe=6A50C1E3,"['FACEBOOK', 'INSTAGRAM', 'AUDIENCE_NETWORK', 'MESSENGER', 'WHATSAPP', 'THREADS']",au,cw,facebook,social,2026-W27,2026-07,"FACEBOOK, INSTAGRAM, AUDIENCE_NETWORK, MESSENGER, WHATSAPP, THREADS",True,True,True,True,True,True,Brand/Category Page,True,False,False,2026-07-06,2026-06-17 07:00:00,2026-07-06 16:23:53.030278,19
688265294382323,1051169654262409,True,2026-06-16 07:00:00,2026-07-05 07:00:00,Chemist Warehouse,Chemist Warehouse,{{product.name}},{{product.brand}},Shop now,DCO,https://www.chemistwarehouse.com.au/shop-online/705665/tommy-hilfiger?utm_source=facebook&utm_medium=social&utm_campaign=au_cw_oa_facebook_social_luxasiaoceania_tommyhilfiger_542_jun25_100594-oa_video-image&utm_term=traffic&utm_content=video-image_,www.chemistwarehouse.com.au,/shop-online/705665/tommy-hilfiger,facebook,social,au_cw_oa_facebook_social_luxasiaoceania_tommyhilfiger_542_jun25_100594-oa_video-image,542,traffic,video-image_,O&O,Luxasiaoceania,Tommyhilfiger,jun25,video-image,Be Forever Iconic. ,Discover Tommy Forever and explore the optimism of the American style and shape each day and every moment for the better.,Shop Now,https://scontent.ftgz4-1.fna.fbcdn.net/v/t39.35426-6/724408380_4402226656723408_4167235361409094526_n.jpg?_nc_cat=107&ccb=1-7&_nc_sid=c53f8f&_nc_ohc=IEo-sbriXYQQ7kNvwHdIbNP&_nc_oc=Adp1J9Uh92ZDBL4-rjseECZAImQyytZAySOrLyozYMfAtZuSmn-iBTpeepVlssv9fvY&_nc_zt=14&_nc_ht=scontent.ftgz4-1.fna&_nc_gid=6EjFrZ93n0L-cZGRn1LhsQ&_nc_ss=7f180&oh=00_AQBDAELZz_JnC-pN0VoN8RSor1MpdMgaAs63NYSsfcjs-Q&oe=6A509132,,"['FACEBOOK', 'INSTAGRAM', 'AUDIENCE_NETWORK', 'MESSENGER', 'WHATSAPP', 'THREADS']",au,cw,facebook,social,2026-W27,2026-07,"FACEBOOK, INSTAGRAM, AUDIENCE_NETWORK, MESSENGER, WHATSAPP, THREADS",True,True,True,True,True,True,Brand/Category Page,True,False,False,2026-07-06,2026-06-16 07:00:00,2026-07-06 16:23:53.030278,20
2059373601309018,1051169654262409,True,2026-06-16 07:00:00,2026-07-05 07:00:00,Chemist Warehouse,Chemist Warehouse,{{product.name}},{{product.brand}},Shop now,DCO,https://www.chemistwarehouse.com.au/shop-online/705665/tommy-hilfiger?utm_source=facebook&utm_medium=social&utm_campaign=au_cw_oa_facebook_social_luxasiaoceania_tommyhilfiger_542_jun25_100594-oa_video-image&utm_term=traffic&utm_content=video-image_,www.chemistwarehouse.com.au,/shop-online/705665/tommy-hilfiger,facebook,social,au_cw_oa_facebook_social_luxasiaoceania_tommyhilfiger_542_jun25_100594-oa_video-image,542,traffic,video-image_,O&O,Luxasiaoceania,Tommyhilfiger,jun25,video-image,Be Forever Iconic. ,Discover Tommy Forever and explore the optimism of the American style and shape each day and every moment for the better.,Shop Now,https://scontent.ftgz4-1.fna.fbcdn.net/v/t39.35426-6/725436282_1803240643989902_3504934320790641687_n.jpg?_nc_cat=102&ccb=1-7&_nc_sid=c53f8f&_nc_ohc=Skk7PiAMjDMQ7kNvwHhPUZJ&_nc_oc=Adr86hJ-vG4CgqNqDJMQOeUA5J_kMLeqLaw02fvw8r1Rt2xbQLck9fiX5UApjE7YuCY&_nc_zt=14&_nc_ht=scontent.ftgz4-1.fna&_nc_gid=6EjFrZ93n0L-cZGRn1LhsQ&_nc_ss=7f180&oh=00_AQBcP1shTtZWTHuBYTd0ojBFWeOptVSSOLQNBrYkQ30DZQ&oe=6A50B9E0,,"['FACEBOOK', 'INSTAGRAM', 'AUDIENCE_NETWORK', 'MESSENGER', 'WHATSAPP', 'THREADS']",au,cw,facebook,social,2026-W27,2026-07,"FACEBOOK, INSTAGRAM, AUDIENCE_NETWORK, MESSENGER, WHATSAPP, THREADS",True,True,True,True,True,True,Brand/Category Page,True,False,False,2026-07-06,2026-06-16 07:00:00,2026-07-06 16:23:53.030278,20
994941526611945,1035143355575429,True,2026-06-16 07:00:00,2026-07-05 07:00:00,Chemist Warehouse,Chemist Warehouse,{{product.name}},{{product.brand}},Shop now,DCO,https://www.chemistwarehouse.com.au/buy/167590/pigeon-startouch-straw-cup-mint-250ml?utm_source=facebook&utm_medium=social&utm_campaign=au_cw_coop_facebook_social_havenhallptyltd_pigeon_20_2026_100214-bau_image&utm_term=traffic&utm_content=image_video,www.chemistwarehouse.com.au,/buy/167590/pigeon-startouch-straw-cup-mint-250ml,facebook,social,au_cw_coop_facebook_social_havenhallptyltd_pigeon_20_2026_100214-bau_image,20,traffic,image_video,Coop,Havenhallptyltd,Pigeon,2026,image,Pigeon StarTouch™ Straw Cup,IT'S HERE! 🙌🏻 The straw cup parents are grabbing fast. Pigeon StarTouch™ available at Chemist Warehouse. In-store & online.,Shop Now,,https://video.ftgz4-1.fna.fbcdn.net/o1/v/t2/f2/m366/AQNsQoDn7QuczWqPgeKRQK30-o9zsU7fuu0RuYvAhVO0NMa9B0Wou4TuGC3O9uGVMunNRDDq5Yi8OGvCs9wcZY71Mgv6r_3JNIZxt9APy45kgQ.mp4?_nc_cat=101&_nc_oc=AdobOCx1D2cpb9hoQb4ApjFpJbh074O39n30uY4q6RFI_kSM2a6nTKixTbibnMsT5G4&_nc_sid=b66105&_nc_ht=video.ftgz4-1.fna.fbcdn.net&_nc_ohc=mZabgsWegjkQ7kNvwGQYIgH&efg=eyJ2ZW5jb2RlX3RhZyI6Inhwdl9wcm9ncmVzc2l2ZS5WSV9VU0VDQVNFX1BST0RVQ1RfVFlQRS4uQzMuNzIwLmRhc2hfaDI2NC1iYXNpYy1nZW4yXzcyMHAiLCJ4cHZfYXNzZXRfaWQiOjEwMDI2MTQxOTkyOTcwOTEsImFzc2V0X2FnZV9kYXlzIjoxOCwidmlfdXNlY2FzZV9pZCI6MTA3OTksImR1cmF0aW9uX3MiOjE1LCJ1cmxnZW5fc291cmNlIjoid3d3In0%3D&ccb=17-1&vs=51770713bf695f2&_nc_vs=HBksFQIYRWZiX2VwaGVtZXJhbC8zQjQzMjVGNDFFODZCOUEzM0UzMTlDOUJGODQ0MjZCNl9tdF8xX3ZpZGVvX2Rhc2hpbml0Lm1wNBUAAsgBEgAVAhhAZmJfcGVybWFuZW50Lzg1NEFDRjcyQUREMEU0MDk0NkY4RjRCMERGOEU5MThDX2F1ZGlvX2Rhc2hpbml0Lm1wNBUCAsgBEgAoABgAGwKIB3VzZV9vaWwBMRJwcm9ncmVzc2l2ZV9yZWNpcGUBMRUAACaGkZHz6ffHAxUCKAJDMywXQC67ZFocrAgYGWRhc2hfaDI2NC1iYXNpYy1nZW4yXzcyMHARAHUAZd6oAQA&_nc_gid=6EjFrZ93n0L-cZGRn1LhsQ&_nc_ss=7f180&_nc_zt=28&oh=00_AQCZqlV8Pv5KLi-XkYZnYUJUeMdCYJ8F11EIhGxeSbwgZw&oe=6A50B11F,"['FACEBOOK', 'INSTAGRAM']",au,cw,facebook,social,2026-W27,2026-07,"FACEBOOK, INSTAGRAM",True,True,False,False,False,False,SKU Product,True,False,False,2026-07-06,2026-06-16 07:00:00,2026-07-06 16:23:53.030278,20
994273920240692,1757224872117658,True,2026-06-17 07:00:00,2026-07-05 07:00:00,Chemist Warehouse,Chemist Warehouse,{{product.name}},{{product.brand}},Shop now,DCO,https://www.chemistwarehouse.com.au/shop-online/705665/tommy-hilfiger?utm_source=facebook&utm_medium=social&utm_campaign=au_cw_oa_facebook_social_luxasiaoceania_tommyhilfiger_542_jun25_100594-oa_video-image&utm_term=traffic&utm_content=video-image_,www.chemistwarehouse.com.au,/shop-online/705665/tommy-hilfiger,facebook,social,au_cw_oa_facebook_social_luxasiaoceania_tommyhilfiger_542_jun25_100594-oa_video-image,542,traffic,video-image_,O&O,Luxasiaoceania,Tommyhilfiger,jun25,video-image,Be Forever Iconic. ,Discover Tommy Forever and explore the optimism of the American style and shape each day and every moment for the better.,Shop Now,,https://video.ftgz4-1.fna.fbcdn.net/o1/v/t2/f2/m366/AQMfZs9zJXzWwNkwm5OURznXvstaRErXiXm75la0tcfzEaYR9-XvXWolHZrjNrwy1qxvqbcDCQd4DLV9AiO57OAn1AJITLFSl72NKcRS_wrSUg.mp4?_nc_cat=102&_nc_oc=Adr0HA1olAMsFduJY4tHj8J1yD2yRXmE-2JoaZpOOaYG0FSi_49kbH9jYWIKTYGJgBo&_nc_sid=b66105&_nc_ht=video.ftgz4-1.fna.fbcdn.net&_nc_ohc=Bnp-Aw-HxH8Q7kNvwGpMmxh&efg=eyJ2ZW5jb2RlX3RhZyI6Inhwdl9wcm9ncmVzc2l2ZS5WSV9VU0VDQVNFX1BST0RVQ1RfVFlQRS4uQzMuNzIwLmRhc2hfaDI2NC1iYXNpYy1nZW4yXzcyMHAiLCJ4cHZfYXNzZXRfaWQiOjE5Mzk1MjA1MzAyMjY0MTAsImFzc2V0X2FnZV9kYXlzIjoyNCwidmlfdXNlY2FzZV9pZCI6MTA3OTksImR1cmF0aW9uX3MiOjksInVybGdlbl9zb3VyY2UiOiJ3d3cifQ%3D%3D&ccb=17-1&vs=934f61efdc7c3024&_nc_vs=HBksFQIYRWZiX2VwaGVtZXJhbC8wQzQ5RDYyMjA2RjNFRDhEOTI2QTUzNkMxRUU4NkNBQl9tdF8xX3ZpZGVvX2Rhc2hpbml0Lm1wNBUAAsgBEgAVAhhAZmJfcGVybWFuZW50L0FCNEE3MUZBMUNFN0E4MjE4N0UyNDlBNDQ1MTZBMEFFX2F1ZGlvX2Rhc2hpbml0Lm1wNBUCAsgBEgAoABgAGwKIB3VzZV9vaWwBMRJwcm9ncmVzc2l2ZV9yZWNpcGUBMRUAACbU8-iD-v7xBhUCKAJDMywXQCNHrhR64UgYGWRhc2hfaDI2NC1iYXNpYy1nZW4yXzcyMHARAHUAZd6oAQA&_nc_gid=6EjFrZ93n0L-cZGRn1LhsQ&_nc_ss=7f180&_nc_zt=28&oh=00_AQAhQvOS8FF4taR6UGm2vlIcYCQmeG_T4IQvfe0Xk17vlg&oe=6A50997E,"['FACEBOOK', 'INSTAGRAM', 'AUDIENCE_NETWORK', 'MESSENGER', 'WHATSAPP', 'THREADS']",au,cw,facebook,social,2026-W27,2026-07,"FACEBOOK, INSTAGRAM, AUDIENCE_NETWORK, MESSENGER, WHATSAPP, THREADS",True,True,True,True,True,True,Brand/Category Page,True,False,False,2026-07-06,2026-06-17 07:00:00,2026-07-06 16:23:53.030278,19
1294155772875726,866520546004836,True,2026-06-17 07:00:00,2026-07-05 07:00:00,Chemist Warehouse,Chemist Warehouse,Available at Chemist Warehouse,Shop NeilMed at Chemist Warehouse Today,Learn more,VIDEO,https://www.chemistwarehouse.com.au/search?query=neilmed&contexts=default&utm_source=facebook&utm_medium=social&utm_campaign=au_cw_oa_facebook_social_neilmedpharmaceuticalsptyltd_neilmed_258_jun26_100554-boosting_video&utm_term=reach&utm_content=video_instore-video,www.chemistwarehouse.com.au,/search,facebook,social,au_cw_oa_facebook_social_neilmedpharmaceuticalsptyltd_neilmed_258_jun26_100554-boosting_video,258,reach,video_instore-video,O&O,Neilmedpharmaceuticalsptyltd,Neilmed,jun26,video,,,,,,"['FACEBOOK', 'INSTAGRAM']",au,cw,facebook,social,2026-W27,2026-07,"FACEBOOK, INSTAGRAM",True,True,False,False,False,False,Search Page,True,True,False,2026-07-06,2026-06-17 07:00:00,2026-07-06 16:23:53.030278,19
857874810719368,1704381983913258,True,2026-06-16 07:00:00,2026-07-05 07:00:00,Chemist Warehouse,Chemist Warehouse,{{product.name}},{{product.brand}},Shop now,DCO,https://www.chemistwarehouse.com.au/shop-online/821/pigeon?utm_source=facebook&utm_medium=social&utm_campaign=au_cw_coop_facebook_social_havenhallptyltd_pigeon_20_2026_100214-bau_image&utm_term=traffic&utm_content=image_static,www.chemistwarehouse.com.au,/shop-online/821/pigeon,facebook,social,au_cw_coop_facebook_social_havenhallptyltd_pigeon_20_2026_100214-bau_image,20,traffic,image_static,Coop,Havenhallptyltd,Pigeon,2026,image,Pigeon StarTouch™ Straw Cup,IT'S HERE! 🙌🏻 The straw cup parents are grabbing fast. Pigeon StarTouch™ available at Chemist Warehouse. In-store & online.,Shop Now,https://scontent.ftgz4-1.fna.fbcdn.net/v/t39.35426-6/724613237_1715697356119387_7793646179905953756_n.jpg?_nc_cat=103&ccb=1-7&_nc_sid=c53f8f&_nc_ohc=iblq4AGwmMwQ7kNvwGvhOQc&_nc_oc=AdoaKX6LM7bZddTtGeP88XiSIue-y-YmhegO4zGa7UpI1Lp4ZGQjD9l5wGcAPIQCEbg&_nc_zt=14&_nc_ht=scontent.ftgz4-1.fna&_nc_gid=6EjFrZ93n0L-cZGRn1LhsQ&_nc_ss=7f180&oh=00_AQAwDFei0KrZQ2EmNLE6PvBgn5c_aISVpt_xqaqPqrmHaA&oe=6A50A703,,"['FACEBOOK', 'INSTAGRAM']",au,cw,facebook,social,2026-W27,2026-07,"FACEBOOK, INSTAGRAM",True,True,False,False,False,False,Brand/Category Page,True,False,False,2026-07-06,2026-06-16 07:00:00,2026-07-06 16:23:53.030278,20
2129768110927805,1807830296883261,True,2026-06-15 07:00:00,2026-07-05 07:00:00,Chemist Warehouse,Chemist Warehouse,{{product.name}},{{product.brand}},Shop now,DCO,https://www.chemistwarehouse.com.au/shop-online/1225/vicks?utm_source=facebook&utm_medium=social&utm_campaign=au_cw_oa_facebook_social_proctergambleaustralia_vicks_258_may26_100493-traffic_video-image&utm_term=traffic&utm_content=video-image_inhaler,www.chemistwarehouse.com.au,/shop-online/1225/vicks,facebook,social,au_cw_oa_facebook_social_proctergambleaustralia_vicks_258_may26_100493-traffic_video-image,258,traffic,video-image_inhaler,O&O,Proctergambleaustralia,Vicks,may26,video-image,VICKS HAS YOUR BACK,Fast relief from blocked with Vicks Inhaler. Fast Click & Collect at Chemist Warehouse,Shop Now,https://scontent.ftgz4-1.fna.fbcdn.net/v/t39.35426-6/724408342_1379713624054015_646504205171079926_n.jpg?_nc_cat=106&ccb=1-7&_nc_sid=c53f8f&_nc_ohc=TwcTlycIfesQ7kNvwFzlPbX&_nc_oc=AdqgqmAT7MQ0XnBbYIQAHgl4O2BWHOdBIsyDbygTEfdE_EQpe2f1F4jxumkS8bRdHkc&_nc_zt=14&_nc_ht=scontent.ftgz4-1.fna&_nc_gid=6EjFrZ93n0L-cZGRn1LhsQ&_nc_ss=7f180&oh=00_AQBEfEOE0Fu6lMfwyjh0bC1IiKF9uClLIS7EjcApUwHyDg&oe=6A50C2BD,,"['FACEBOOK', 'INSTAGRAM', 'AUDIENCE_NETWORK', 'MESSENGER', 'WHATSAPP', 'THREADS']",au,cw,facebook,social,2026-W27,2026-07,"FACEBOOK, INSTAGRAM, AUDIENCE_NETWORK, MESSENGER, WHATSAPP, THREADS",True,True,True,True,True,True,Brand/Category Page,True,False,False,2026-07-06,2026-06-15 07:00:00,2026-07-06 16:23:53.030278,21
4361512877400992,882195168256307,True,2026-06-15 07:00:00,2026-07-04 07:00:00,Chemist Warehouse,Chemist Warehouse,{{product.name}},{{product.brand}},Shop now,DCO,https://www.chemistwarehouse.com.au/shop-online/1225/vicks?utm_source=facebook&utm_medium=social&utm_campaign=au_cw_oa_facebook_social_proctergambleaustralia_vicks_258_may26_100493-traffic_video-image&utm_term=traffic&utm_content=video-image_dropspainfulsorethroat,www.chemistwarehouse.com.au,/shop-online/1225/vicks,facebook,social,au_cw_oa_facebook_social_proctergambleaustralia_vicks_258_may26_100493-traffic_video-image,258,traffic,video-image_dropspainfulsorethroat,O&O,Proctergambleaustralia,Vicks,may26,video-image,VICKS HAS YOUR BACK,Sore throat? TRY VICKS VapoDrops + Painful Sore Throat. Click&Collect at Chemist Warehouse,Shop Now,https://scontent.ftgz4-1.fna.fbcdn.net/v/t39.35426-6/721758942_1687852028791135_5275274736210299220_n.jpg?_nc_cat=101&ccb=1-7&_nc_sid=c53f8f&_nc_ohc=9hV4CWIRFG8Q7kNvwEP-ueH&_nc_oc=AdroV7pcm6WzyGsg-sE8N_kH3fEgKaoWtoM6BnmWl9138Ip7csrUMmLyINmcjqfZbNk&_nc_zt=14&_nc_ht=scontent.ftgz4-1.fna&_nc_gid=6EjFrZ93n0L-cZGRn1LhsQ&_nc_ss=7f180&oh=00_AQAJJgFLr35Hdu-TtHA8icQnHbwI44uznCuLk-_NcCEqQg&oe=6A50B845,,"['FACEBOOK', 'INSTAGRAM', 'AUDIENCE_NETWORK', 'MESSENGER', 'WHATSAPP', 'THREADS']",au,cw,facebook,social,2026-W27,2026-07,"FACEBOOK, INSTAGRAM, AUDIENCE_NETWORK, MESSENGER, WHATSAPP, THREADS",True,True,True,True,True,True,Brand/Category Page,True,False,False,2026-07-06,2026-06-15 07:00:00,2026-07-06 16:23:53.030278,21
1731057244579175,1757224872117658,True,2026-06-16 07:00:00,2026-07-05 07:00:00,Chemist Warehouse,Chemist Warehouse,{{product.name}},{{product.brand}},Shop now,DCO,https://www.chemistwarehouse.com.au/shop-online/705665/tommy-hilfiger?utm_source=facebook&utm_medium=social&utm_campaign=au_cw_oa_facebook_social_luxasiaoceania_tommyhilfiger_542_jun25_100594-oa_video-image&utm_term=traffic&utm_content=video-image_,www.chemistwarehouse.com.au,/shop-online/705665/tommy-hilfiger,facebook,social,au_cw_oa_facebook_social_luxasiaoceania_tommyhilfiger_542_jun25_100594-oa_video-image,542,traffic,video-image_,O&O,Luxasiaoceania,Tommyhilfiger,jun25,video-image,Be Forever Iconic. ,Discover Tommy Forever and explore the optimism of the American style and shape each day and every moment for the better.,Shop Now,,https://video.ftgz4-1.fna.fbcdn.net/o1/v/t2/f2/m366/AQMfZs9zJXzWwNkwm5OURznXvstaRErXiXm75la0tcfzEaYR9-XvXWolHZrjNrwy1qxvqbcDCQd4DLV9AiO57OAn1AJITLFSl72NKcRS_wrSUg.mp4?_nc_cat=102&_nc_oc=Adr0HA1olAMsFduJY4tHj8J1yD2yRXmE-2JoaZpOOaYG0FSi_49kbH9jYWIKTYGJgBo&_nc_sid=b66105&_nc_ht=video.ftgz4-1.fna.fbcdn.net&_nc_ohc=Bnp-Aw-HxH8Q7kNvwGpMmxh&efg=eyJ2ZW5jb2RlX3RhZyI6Inhwdl9wcm9ncmVzc2l2ZS5WSV9VU0VDQVNFX1BST0RVQ1RfVFlQRS4uQzMuNzIwLmRhc2hfaDI2NC1iYXNpYy1nZW4yXzcyMHAiLCJ4cHZfYXNzZXRfaWQiOjE5Mzk1MjA1MzAyMjY0MTAsImFzc2V0X2FnZV9kYXlzIjoyNCwidmlfdXNlY2FzZV9pZCI6MTA3OTksImR1cmF0aW9uX3MiOjksInVybGdlbl9zb3VyY2UiOiJ3d3cifQ%3D%3D&ccb=17-1&vs=934f61efdc7c3024&_nc_vs=HBksFQIYRWZiX2VwaGVtZXJhbC8wQzQ5RDYyMjA2RjNFRDhEOTI2QTUzNkMxRUU4NkNBQl9tdF8xX3ZpZGVvX2Rhc2hpbml0Lm1wNBUAAsgBEgAVAhhAZmJfcGVybWFuZW50L0FCNEE3MUZBMUNFN0E4MjE4N0UyNDlBNDQ1MTZBMEFFX2F1ZGlvX2Rhc2hpbml0Lm1wNBUCAsgBEgAoABgAGwKIB3VzZV9vaWwBMRJwcm9ncmVzc2l2ZV9yZWNpcGUBMRUAACbU8-iD-v7xBhUCKAJDMywXQCNHrhR64UgYGWRhc2hfaDI2NC1iYXNpYy1nZW4yXzcyMHARAHUAZd6oAQA&_nc_gid=6EjFrZ93n0L-cZGRn1LhsQ&_nc_ss=7f180&_nc_zt=28&oh=00_AQAhQvOS8FF4taR6UGm2vlIcYCQmeG_T4IQvfe0Xk17vlg&oe=6A50997E,"['FACEBOOK', 'INSTAGRAM', 'AUDIENCE_NETWORK', 'MESSENGER', 'WHATSAPP', 'THREADS']",au,cw,facebook,social,2026-W27,2026-07,"FACEBOOK, INSTAGRAM, AUDIENCE_NETWORK, MESSENGER, WHATSAPP, THREADS",True,True,True,True,True,True,Brand/Category Page,True,False,False,2026-07-06,2026-06-16 07:00:00,2026-07-06 16:23:53.030278,20
1682670929698292,5053183064908182,True,2026-06-15 07:00:00,2026-07-05 07:00:00,Chemist Warehouse,Chemist Warehouse,{{product.name}},{{product.brand}},Shop now,DCO,https://www.chemistwarehouse.com.au/shop-online/1225/vicks?utm_source=facebook&utm_medium=social&utm_campaign=au_cw_oa_facebook_social_proctergambleaustralia_vicks_258_may26_100493-traffic_video-image&utm_term=traffic&utm_content=video-image_dropsboxrange,www.chemistwarehouse.com.au,/shop-online/1225/vicks,facebook,social,au_cw_oa_facebook_social_proctergambleaustralia_vicks_258_may26_100493-traffic_video-image,258,traffic,video-image_dropsboxrange,O&O,Proctergambleaustralia,Vicks,may26,video-image,VICKS HAS YOUR BACK,Blocked nose & sore throat? Vicks VapoDrops has your back this winter,Shop Now,https://scontent.ftgz4-1.fna.fbcdn.net/v/t39.35426-6/724340866_2034335330504969_2163107752866922967_n.jpg?_nc_cat=104&ccb=1-7&_nc_sid=c53f8f&_nc_ohc=aLX42dn9fbkQ7kNvwHdkvAq&_nc_oc=AdqXMQ9pKGVrQe77OmN-w-YIwcbgXs2_41bWwDKGheTsZsC2UGXaUDHXeCIbVXXT3LA&_nc_zt=14&_nc_ht=scontent.ftgz4-1.fna&_nc_gid=6EjFrZ93n0L-cZGRn1LhsQ&_nc_ss=7f180&oh=00_AQDVQyBlBNb6K2FUEov2_nAjKqJRA3uUV_hrhL-E7_qpVA&oe=6A50B061,,"['FACEBOOK', 'INSTAGRAM', 'AUDIENCE_NETWORK', 'MESSENGER', 'WHATSAPP', 'THREADS']",au,cw,facebook,social,2026-W27,2026-07,"FACEBOOK, INSTAGRAM, AUDIENCE_NETWORK, MESSENGER, WHATSAPP, THREADS",True,True,True,True,True,True,Brand/Category Page,True,False,False,2026-07-06,2026-06-15 07:00:00,2026-07-06 16:23:53.030278,21
1501157348170444,2218611715592508,True,2026-06-29 07:00:00,2026-07-05 07:00:00,Chemist Warehouse,Chemist Warehouse,{{product.name}},{{product.brand}},Shop now,DCO,https://www.chemistwarehouse.com.au/shop-online/1225/vicks?utm_source=facebook&utm_medium=social&utm_campaign=au_cw_oa_facebook_social_proctergambleaustralia_vicks_258_may26_100493-traffic_video-image&utm_term=traffic&utm_content=video-image_coughxtrasoothing,www.chemistwarehouse.com.au,/shop-online/1225/vicks,facebook,social,au_cw_oa_facebook_social_proctergambleaustralia_vicks_258_may26_100493-traffic_video-image,258,traffic,video-image_coughxtrasoothing,O&O,Proctergambleaustralia,Vicks,may26,video-image,VICKS HAS YOUR BACK,NEW Vicks Xtra Soothing Cough Syrup with 5x more honey to soothe the throat,Shop Now,https://scontent.ftgz4-1.fna.fbcdn.net/v/t39.35426-6/724216759_1697320224731495_1352911074467897908_n.jpg?_nc_cat=110&ccb=1-7&_nc_sid=c53f8f&_nc_ohc=Lz1eQskl39AQ7kNvwGO_4B-&_nc_oc=AdpI3wiD4o_fJTzje3PgC8kYUGmByoPTy6ms4f2NyhNYn0QXQTrQwQDWGRVGGTOaIjo&_nc_zt=14&_nc_ht=scontent.ftgz4-1.fna&_nc_gid=AxELd8YEsfa_A8hisULYPw&_nc_ss=7f180&oh=00_AQA3FHyMhcbjHlgRHR_lwEcJht0P3Y0XcYlcIWtoyTzv9A&oe=6A50BE93,,"['FACEBOOK', 'INSTAGRAM', 'AUDIENCE_NETWORK', 'MESSENGER', 'WHATSAPP', 'THREADS']",au,cw,facebook,social,2026-W27,2026-07,"FACEBOOK, INSTAGRAM, AUDIENCE_NETWORK, MESSENGER, WHATSAPP, THREADS",True,True,True,True,True,True,Brand/Category Page,True,False,False,2026-07-06,2026-06-29 07:00:00,2026-07-06 16:23:53.030278,7
1556557872473597,956123557429301,True,2026-06-15 07:00:00,2026-07-05 07:00:00,Chemist Warehouse,Chemist Warehouse,{{product.name}},{{product.brand}},Shop now,DCO,https://www.chemistwarehouse.com.au/shop-online/1225/vicks?utm_source=facebook&utm_medium=social&utm_campaign=au_cw_oa_facebook_social_proctergambleaustralia_vicks_258_may26_100493-traffic_video-image&utm_term=traffic&utm_content=video-image_dropsbagrange,www.chemistwarehouse.com.au,/shop-online/1225/vicks,facebook,social,au_cw_oa_facebook_social_proctergambleaustralia_vicks_258_may26_100493-traffic_video-image,258,traffic,video-image_dropsbagrange,O&O,Proctergambleaustralia,Vicks,may26,video-image,VICKS HAS YOUR BACK,Blocked nose & sore throat? Vicks VapoDrops has your back this winter,Shop Now,https://scontent.ftgz4-1.fna.fbcdn.net/v/t39.35426-6/725153593_2613082275753121_5008619520931533286_n.jpg?_nc_cat=103&ccb=1-7&_nc_sid=c53f8f&_nc_ohc=Hir7M51sx0wQ7kNvwFvRmuy&_nc_oc=AdodoEvyrQDyGrtd_GYnWRFSiw7N1c0ns4JKR74HE7fbzGmP5DSvfZLqnjSAtNvaBTk&_nc_zt=14&_nc_ht=scontent.ftgz4-1.fna&_nc_gid=AxELd8YEsfa_A8hisULYPw&_nc_ss=7f180&oh=00_AQAVtYGf63PfmDVQsFgLxvYmka7kd6S0lfPB1A3gu-KI-g&oe=6A508FCB,,"['FACEBOOK', 'INSTAGRAM', 'AUDIENCE_NETWORK', 'MESSENGER', 'WHATSAPP', 'THREADS']",au,cw,facebook,social,2026-W27,2026-07,"FACEBOOK, INSTAGRAM, AUDIENCE_NETWORK, MESSENGER, WHATSAPP, THREADS",True,True,True,True,True,True,Brand/Category Page,True,False,False,2026-07-06,2026-06-15 07:00:00,2026-07-06 16:23:53.030278,21
986294877623605,2832026290499953,True,2026-06-15 07:00:00,2026-07-04 07:00:00,Chemist Warehouse,Chemist Warehouse,{{product.name}},{{product.brand}},Shop now,DCO,https://www.chemistwarehouse.com.au/shop-online/1225/vicks?utm_source=facebook&utm_medium=social&utm_campaign=au_cw_oa_facebook_social_proctergambleaustralia_vicks_258_may26_100493-traffic_video-image&utm_term=traffic&utm_content=video-image_inhalerwithtalent,www.chemistwarehouse.com.au,/shop-online/1225/vicks,facebook,social,au_cw_oa_facebook_social_proctergambleaustralia_vicks_258_may26_100493-traffic_video-image,258,traffic,video-image_inhalerwithtalent,O&O,Proctergambleaustralia,Vicks,may26,video-image,VICKS HAS YOUR BACK,"Blocked nose? Vicks Inhaler has your back wherever winter takes you. Anytime, anywhere!",Shop Now,https://scontent.ftgz4-1.fna.fbcdn.net/v/t39.35426-6/724170441_1400952858523090_5375368993634161034_n.jpg?_nc_cat=101&ccb=1-7&_nc_sid=c53f8f&_nc_ohc=O3YYtrHLAPwQ7kNvwFyQObH&_nc_oc=AdrMh1-4-cjfVSRBaNEr2WdIVI9hGsyQ6TQMc_KsT1sGEmmPFHY9IgWYqCNJrsVyHQM&_nc_zt=14&_nc_ht=scontent.ftgz4-1.fna&_nc_gid=AxELd8YEsfa_A8hisULYPw&_nc_ss=7f180&oh=00_AQAwYplRz0UAnupQwBRm5VZrng6E72fEIJ9izrVj08hhJQ&oe=6A50AB6F,,"['FACEBOOK', 'INSTAGRAM', 'AUDIENCE_NETWORK', 'MESSENGER', 'WHATSAPP', 'THREADS']",au,cw,facebook,social,2026-W27,2026-07,"FACEBOOK, INSTAGRAM, AUDIENCE_NETWORK, MESSENGER, WHATSAPP, THREADS",True,True,True,True,True,True,Brand/Category Page,True,False,False,2026-07-06,2026-06-15 07:00:00,2026-07-06 16:23:53.030278,21
1319426547029581,1519466553256675,True,2026-06-15 07:00:00,2026-07-05 07:00:00,Chemist Warehouse,Chemist Warehouse,Predictable Overnight Relief,Don’t let constipation disrupt your day. Dulcolax provides overnight relief you can count on.,Shop now,VIDEO,https://www.chemistwarehouse.com.au/shop-online/1227/dulcolax?utm_source=facebook&utm_medium=social&utm_campaign=au_cw_oa_facebook_social_sanoficonsumerhealthcare_dulcolax_258_2026_100561-oa_video-image&utm_term=traffic&utm_content=video-image_all,www.chemistwarehouse.com.au,/shop-online/1227/dulcolax,facebook,social,au_cw_oa_facebook_social_sanoficonsumerhealthcare_dulcolax_258_2026_100561-oa_video-image,258,traffic,video-image_all,O&O,Sanoficonsumerhealthcare,Dulcolax,2026,video-image,,,,,,"['FACEBOOK', 'INSTAGRAM', 'AUDIENCE_NETWORK', 'MESSENGER', 'WHATSAPP', 'THREADS']",au,cw,facebook,social,2026-W27,2026-07,"FACEBOOK, INSTAGRAM, AUDIENCE_NETWORK, MESSENGER, WHATSAPP, THREADS",True,True,True,True,True,True,Brand/Category Page,True,False,False,2026-07-06,2026-06-15 07:00:00,2026-07-06 16:23:53.030278,21
2334573467342570,2129896571295632,True,2026-06-15 07:00:00,2026-07-05 07:00:00,Chemist Warehouse,Chemist Warehouse,{{product.name}},{{product.brand}},Shop now,DCO,https://www.chemistwarehouse.com.au/shop-online/1227/dulcolax?utm_source=facebook&utm_medium=social&utm_campaign=au_cw_oa_facebook_social_sanoficonsumerhealthcare_dulcolax_258_2026_100561-oa_video-image&utm_term=traffic&utm_content=video-image_all,www.chemistwarehouse.com.au,/shop-online/1227/dulcolax,facebook,social,au_cw_oa_facebook_social_sanoficonsumerhealthcare_dulcolax_258_2026_100561-oa_video-image,258,traffic,video-image_all,O&O,Sanoficonsumerhealthcare,Dulcolax,2026,video-image,Predictable Overnight Relief,Don’t let constipation disrupt your day. Dulcolax provides overnight relief you can count on.,Shop Now,,https://video.ftgz4-1.fna.fbcdn.net/o1/v/t2/f2/m366/AQNVGnGe4aekuYF0oHmk9k1gJvKPPAPvDnE4zKwB_KcPiM-eYqJxfEi9lQWNfTML6jChW-8_g3iD6LmUC7iA2-KmznOV9faxc3ulYUBCA3yEeg.mp4?_nc_cat=107&_nc_oc=AdqtissN__ZS_FjRdrA1V1ShihI2ufWW-jrf_I80kO-M974EZXH_KUEf9Nrnca8ula4&_nc_sid=b66105&_nc_ht=video.ftgz4-1.fna.fbcdn.net&_nc_ohc=-rQZn3VefEkQ7kNvwGcHIGU&efg=eyJ2ZW5jb2RlX3RhZyI6Inhwdl9wcm9ncmVzc2l2ZS5WSV9VU0VDQVNFX1BST0RVQ1RfVFlQRS4uQzMuNzIwLmRhc2hfaDI2NC1iYXNpYy1nZW4yXzcyMHAiLCJ4cHZfYXNzZXRfaWQiOjE1Mjk5NTUzODE5MTMyMDcsImFzc2V0X2FnZV9kYXlzIjoyMCwidmlfdXNlY2FzZV9pZCI6MTA3OTksImR1cmF0aW9uX3MiOjksInVybGdlbl9zb3VyY2UiOiJ3d3cifQ%3D%3D&ccb=17-1&vs=a52bd2ca165563ed&_nc_vs=HBksFQIYRWZiX2VwaGVtZXJhbC9GMzQ3RjA5MzlGNkRGNjcyQTc1N0Q1RjY2REFFMDI4NF9tdF8xX3ZpZGVvX2Rhc2hpbml0Lm1wNBUAAsgBEgAVAhhAZmJfcGVybWFuZW50Lzg4NEE2QUVFRjVCMTlCMEVDQzJCOTBDRUE5M0IyNEFCX2F1ZGlvX2Rhc2hpbml0Lm1wNBUCAsgBEgAoABgAGwKIB3VzZV9vaWwBMRJwcm9ncmVzc2l2ZV9yZWNpcGUBMRUAACbumf3wj9-3BRUCKAJDMywXQCK4UeuFHrgYGWRhc2hfaDI2NC1iYXNpYy1nZW4yXzcyMHARAHUAZd6oAQA&_nc_gid=AxELd8YEsfa_A8hisULYPw&_nc_ss=7f180&_nc_zt=28&oh=00_AQDLjTa5U2Jd31391CLLMEKFGXjVqZTHZmmpFIv8Ij389Q&oe=6A509D21,"['FACEBOOK', 'INSTAGRAM', 'AUDIENCE_NETWORK', 'MESSENGER', 'WHATSAPP', 'THREADS']",au,cw,facebook,social,2026-W27,2026-07,"FACEBOOK, INSTAGRAM, AUDIENCE_NETWORK, MESSENGER, WHATSAPP, THREADS",True,True,True,True,True,True,Brand/Category Page,True,False,False,2026-07-06,2026-06-15 07:00:00,2026-07-06 16:23:53.030278,21
27591851067094303,1028651886277923,True,2026-06-15 07:00:00,2026-07-04 07:00:00,Chemist Warehouse,Chemist Warehouse,Predictable Overnight Relief,Don’t let constipation disrupt your day. Dulcolax provides overnight relief you can count on.,Shop now,VIDEO,https://www.chemistwarehouse.com.au/shop-online/1227/dulcolax?utm_source=facebook&utm_medium=social&utm_campaign=au_cw_oa_facebook_social_sanoficonsumerhealthcare_dulcolax_258_2026_100561-oa_video-image&utm_term=traffic&utm_content=video-image_all,www.chemistwarehouse.com.au,/shop-online/1227/dulcolax,facebook,social,au_cw_oa_facebook_social_sanoficonsumerhealthcare_dulcolax_258_2026_100561-oa_video-image,258,traffic,video-image_all,O&O,Sanoficonsumerhealthcare,Dulcolax,2026,video-image,,,,,,"['FACEBOOK', 'INSTAGRAM', 'AUDIENCE_NETWORK', 'MESSENGER', 'WHATSAPP', 'THREADS']",au,cw,facebook,social,2026-W27,2026-07,"FACEBOOK, INSTAGRAM, AUDIENCE_NETWORK, MESSENGER, WHATSAPP, THREADS",True,True,True,True,True,True,Brand/Category Page,True,False,False,2026-07-06,2026-06-15 07:00:00,2026-07-06 16:23:53.030278,21
4520599654825724,1558335729190254,True,2026-06-15 07:00:00,2026-07-05 07:00:00,Chemist Warehouse,Chemist Warehouse,{{product.name}},{{product.brand}},Shop now,DCO,https://www.chemistwarehouse.com.au/shop-online/1225/vicks?utm_source=facebook&utm_medium=social&utm_campaign=au_cw_oa_facebook_social_proctergambleaustralia_vicks_258_may26_100493-traffic_video-image&utm_term=traffic&utm_content=video-image_rubs,www.chemistwarehouse.com.au,/shop-online/1225/vicks,facebook,social,au_cw_oa_facebook_social_proctergambleaustralia_vicks_258_may26_100493-traffic_video-image,258,traffic,video-image_rubs,O&O,Proctergambleaustralia,Vicks,may26,video-image,VICKS HAS YOUR BACK,Cough & cold keeping you up? Try Vicks VapoRub. Fast Click & Collect at Chemist Warehouse,Shop Now,https://scontent.ftgz4-1.fna.fbcdn.net/v/t39.35426-6/725574178_1497259444937666_5180125066222419428_n.jpg?_nc_cat=109&ccb=1-7&_nc_sid=c53f8f&_nc_ohc=Ew5TIo6NNJwQ7kNvwG6R4a4&_nc_oc=Adpdmmxfi-SIFYDzPR2WJAGhsp9awJI_mKnQDAO9iqu2n2rPKVmC7ZYsJLr2QLx52Wc&_nc_zt=14&_nc_ht=scontent.ftgz4-1.fna&_nc_gid=6EjFrZ93n0L-cZGRn1LhsQ&_nc_ss=7f180&oh=00_AQA4DXu5WSa1O938sGaJOauVZAudbFLCGu-hrO2K6nekaA&oe=6A50A8B0,,"['FACEBOOK', 'INSTAGRAM', 'AUDIENCE_NETWORK', 'MESSENGER', 'WHATSAPP', 'THREADS']",au,cw,facebook,social,2026-W27,2026-07,"FACEBOOK, INSTAGRAM, AUDIENCE_NETWORK, MESSENGER, WHATSAPP, THREADS",True,True,True,True,True,True,Brand/Category Page,True,False,False,2026-07-06,2026-06-15 07:00:00,2026-07-06 16:23:53.030278,21
989308144016901,2376609329537540,True,2026-06-15 07:00:00,2026-07-05 07:00:00,Chemist Warehouse,Chemist Warehouse,{{product.name}},{{product.brand}},Shop now,DCO,https://www.chemistwarehouse.com.au/shop-online/1227/dulcolax?utm_source=facebook&utm_medium=social&utm_campaign=au_cw_oa_facebook_social_sanoficonsumerhealthcare_dulcolax_258_2026_100561-oa_video-image&utm_term=traffic&utm_content=video-image_all,www.chemistwarehouse.com.au,/shop-online/1227/dulcolax,facebook,social,au_cw_oa_facebook_social_sanoficonsumerhealthcare_dulcolax_258_2026_100561-oa_video-image,258,traffic,video-image_all,O&O,Sanoficonsumerhealthcare,Dulcolax,2026,video-image,Predictable Overnight Relief,Don’t let constipation disrupt your day. Dulcolax provides overnight relief you can count on.,Shop Now,https://scontent.ftgz4-1.fna.fbcdn.net/v/t39.35426-6/724745052_942682395484599_8280543521344561358_n.jpg?_nc_cat=107&ccb=1-7&_nc_sid=c53f8f&_nc_ohc=2qjPC5bNuPwQ7kNvwFF6k-T&_nc_oc=AdqzzxjJB6ZNzbT73s6CBJZPc2t4js_eNO653lgQBPKP6i62YhrxbqJk2ZdhCuD2d5k&_nc_zt=14&_nc_ht=scontent.ftgz4-1.fna&_nc_gid=AxELd8YEsfa_A8hisULYPw&_nc_ss=7f180&oh=00_AQAK9FQjkcoQHB_3W2MwPaDX8bl74qtVPxjn7QW1Mfyg2Q&oe=6A50988B,,"['FACEBOOK', 'INSTAGRAM', 'AUDIENCE_NETWORK', 'MESSENGER', 'WHATSAPP', 'THREADS']",au,cw,facebook,social,2026-W27,2026-07,"FACEBOOK, INSTAGRAM, AUDIENCE_NETWORK, MESSENGER, WHATSAPP, THREADS",True,True,True,True,True,True,Brand/Category Page,True,False,False,2026-07-06,2026-06-15 07:00:00,2026-07-06 16:23:53.030278,21
938597272548199,1344138101026966,True,2026-06-15 07:00:00,2026-07-05 07:00:00,Chemist Warehouse,Chemist Warehouse,{{product.name}},{{product.brand}},Shop now,DCO,https://www.chemistwarehouse.com.au/shop-online/1227/dulcolax?utm_source=facebook&utm_medium=social&utm_campaign=au_cw_oa_facebook_social_sanoficonsumerhealthcare_dulcolax_258_2026_100561-oa_video-image&utm_term=traffic&utm_content=video-image_all,www.chemistwarehouse.com.au,/shop-online/1227/dulcolax,facebook,social,au_cw_oa_facebook_social_sanoficonsumerhealthcare_dulcolax_258_2026_100561-oa_video-image,258,traffic,video-image_all,O&O,Sanoficonsumerhealthcare,Dulcolax,2026,video-image,Predictable Overnight Relief,Don’t let constipation disrupt your day. Dulcolax provides overnight relief you can count on.,Shop Now,,https://video.ftgz4-1.fna.fbcdn.net/o1/v/t2/f2/m366/AQM5xFq-2LgNixbGFUkOlgk9QkHOKffN2kBXFbC0ZHqLeKdnPw5VFNvqFUwydzCtiqLHPclVMtkNzRY3MMXDXYguVcJ9qgMgDvICTZv4RRn5mA.mp4?_nc_cat=110&_nc_oc=AdoR7f6ZlrLYlRqTfJ7DEpMMIXcs7_TE0UtvNtcTUe7MvABjR-py7cuyKpiBqdpotgw&_nc_sid=b66105&_nc_ht=video.ftgz4-1.fna.fbcdn.net&_nc_ohc=E8CQeSghaXsQ7kNvwHhZkjF&efg=eyJ2ZW5jb2RlX3RhZyI6Inhwdl9wcm9ncmVzc2l2ZS5WSV9VU0VDQVNFX1BST0RVQ1RfVFlQRS4uQzMuNzIwLmRhc2hfaDI2NC1iYXNpYy1nZW4yXzcyMHAiLCJ4cHZfYXNzZXRfaWQiOjEwMDA5MzU4MjU4NzkwNDAsImFzc2V0X2FnZV9kYXlzIjoyMCwidmlfdXNlY2FzZV9pZCI6MTA3OTksImR1cmF0aW9uX3MiOjcsInVybGdlbl9zb3VyY2UiOiJ3d3cifQ%3D%3D&ccb=17-1&vs=3bf295c2eeffada0&_nc_vs=HBksFQIYRWZiX2VwaGVtZXJhbC8xNTQzN0FDOTcwNTEyRjU3MjVEMUExMTVGQzAzRUU5OF9tdF8xX3ZpZGVvX2Rhc2hpbml0Lm1wNBUAAsgBEgAVAhhAZmJfcGVybWFuZW50LzY3NDc2OUJGNTIyOTlEOTkxQUY2QUM2NkIwMkNBQTkzX2F1ZGlvX2Rhc2hpbml0Lm1wNBUCAsgBEgAoABgAGwKIB3VzZV9vaWwBMRJwcm9ncmVzc2l2ZV9yZWNpcGUBMRUAACaAwMGFkZbHAxUCKAJDMywXQBwAAAAAAAAYGWRhc2hfaDI2NC1iYXNpYy1nZW4yXzcyMHARAHUAZd6oAQA&_nc_gid=AxELd8YEsfa_A8hisULYPw&_nc_ss=7f180&_nc_zt=28&oh=00_AQCu8VWx1VKsb6FAVzfXLgOMCGMFcKrz6zgVLkuFw1kMVw&oe=6A50BA66,"['FACEBOOK', 'INSTAGRAM', 'AUDIENCE_NETWORK', 'MESSENGER', 'WHATSAPP', 'THREADS']",au,cw,facebook,social,2026-W27,2026-07,"FACEBOOK, INSTAGRAM, AUDIENCE_NETWORK, MESSENGER, WHATSAPP, THREADS",True,True,True,True,True,True,Brand/Category Page,True,False,False,2026-07-06,2026-06-15 07:00:00,2026-07-06 16:23:53.030278,21
27325738670425364,1034197886230243,True,2026-06-16 07:00:00,2026-07-05 07:00:00,Chemist Warehouse,Chemist Warehouse,{{product.name}},{{product.brand}},Shop now,DCO,https://www.chemistwarehouse.com.au/shop-online/1227/dulcolax?utm_source=facebook&utm_medium=social&utm_campaign=au_cw_oa_facebook_social_sanoficonsumerhealthcare_dulcolax_258_2026_100561-oa_video-image&utm_term=traffic&utm_content=video-image_all,www.chemistwarehouse.com.au,/shop-online/1227/dulcolax,facebook,social,au_cw_oa_facebook_social_sanoficonsumerhealthcare_dulcolax_258_2026_100561-oa_video-image,258,traffic,video-image_all,O&O,Sanoficonsumerhealthcare,Dulcolax,2026,video-image,Predictable Overnight Relief,Don’t let constipation disrupt your day. Dulcolax provides overnight relief you can count on.,Shop Now,https://scontent.ftgz4-1.fna.fbcdn.net/v/t39.35426-6/725733649_1322752836058868_7643771498451893609_n.jpg?_nc_cat=101&ccb=1-7&_nc_sid=c53f8f&_nc_ohc=LyPMSro4_TkQ7kNvwGOQQ9w&_nc_oc=AdoJH68p21cp5lpFrPJn--YQhuN38uFPMLgpJiDuoHLZwf3yMInfLQOM6vH9Uq4Tk2w&_nc_zt=14&_nc_ht=scontent.ftgz4-1.fna&_nc_gid=AxELd8YEsfa_A8hisULYPw&_nc_ss=7f180&oh=00_AQCObW2hJvXwcBAA9PlNwZzNf3X7DaYwBUj2D44FFOtM7g&oe=6A50A25E,,"['FACEBOOK', 'INSTAGRAM', 'AUDIENCE_NETWORK', 'MESSENGER', 'WHATSAPP', 'THREADS']",au,cw,facebook,social,2026-W27,2026-07,"FACEBOOK, INSTAGRAM, AUDIENCE_NETWORK, MESSENGER, WHATSAPP, THREADS",True,True,True,True,True,True,Brand/Category Page,True,False,False,2026-07-06,2026-06-16 07:00:00,2026-07-06 16:23:53.030278,20
1598532182278011,4077539602537912,True,2026-06-15 07:00:00,2026-07-05 07:00:00,Chemist Warehouse,Chemist Warehouse,{{product.name}},{{product.brand}},Shop now,DCO,https://www.chemistwarehouse.com.au/shop-online/1227/dulcolax?utm_source=facebook&utm_medium=social&utm_campaign=au_cw_oa_facebook_social_sanoficonsumerhealthcare_dulcolax_258_2026_100561-oa_video-image&utm_term=traffic&utm_content=video-image_all,www.chemistwarehouse.com.au,/shop-online/1227/dulcolax,facebook,social,au_cw_oa_facebook_social_sanoficonsumerhealthcare_dulcolax_258_2026_100561-oa_video-image,258,traffic,video-image_all,O&O,Sanoficonsumerhealthcare,Dulcolax,2026,video-image,Predictable Overnight Relief,Don’t let constipation disrupt your day. Dulcolax provides overnight relief you can count on.,Shop Now,https://scontent.ftgz4-1.fna.fbcdn.net/v/t39.35426-6/724922771_1740119053853194_4567512870060114431_n.jpg?_nc_cat=109&ccb=1-7&_nc_sid=c53f8f&_nc_ohc=8YLF2IqkPA4Q7kNvwG1fDN-&_nc_oc=AdpQZ2LyiK6t8J_uic1lTrMyPaPbmN2pPveJqEIftizlLj0TERVN7x8vzx9NqvGNaBw&_nc_zt=14&_nc_ht=scontent.ftgz4-1.fna&_nc_gid=AxELd8YEsfa_A8hisULYPw&_nc_ss=7f180&oh=00_AQA2NdtjsbyK3fU6nLGZnDipo6buDv-hYdlKV1AAFC21PA&oe=6A509533,,"['FACEBOOK', 'INSTAGRAM', 'AUDIENCE_NETWORK', 'MESSENGER', 'WHATSAPP', 'THREADS']",au,cw,facebook,social,2026-W27,2026-07,"FACEBOOK, INSTAGRAM, AUDIENCE_NETWORK, MESSENGER, WHATSAPP, THREADS",True,True,True,True,True,True,Brand/Category Page,True,False,False,2026-07-06,2026-06-15 07:00:00,2026-07-06 16:23:53.030278,21
997661196242833,1328554442718335,True,2026-06-18 07:00:00,2026-07-05 07:00:00,Chemist Warehouse,Chemist Warehouse,,Shop E45 now at Chemist Warehouse,Shop now,VIDEO,https://www.chemistwarehouse.com.au/shop-online/3460/e45-skincare?utm_source=facebook&utm_medium=social&utm_campaign=au_cw_oa_facebook_social_nicepakproductsptyltd_e45_665_2026_100369-oa_influencer&utm_term=traffic&utm_content=influencer_all,www.chemistwarehouse.com.au,/shop-online/3460/e45-skincare,facebook,social,au_cw_oa_facebook_social_nicepakproductsptyltd_e45_665_2026_100369-oa_influencer,665,traffic,influencer_all,O&O,Nicepakproductsptyltd,E45,2026,influencer,,,,,,"['FACEBOOK', 'INSTAGRAM', 'AUDIENCE_NETWORK', 'MESSENGER', 'WHATSAPP', 'THREADS']",au,cw,facebook,social,2026-W27,2026-07,"FACEBOOK, INSTAGRAM, AUDIENCE_NETWORK, MESSENGER, WHATSAPP, THREADS",True,True,True,True,True,True,Brand/Category Page,True,True,False,2026-07-06,2026-06-18 07:00:00,2026-07-06 16:23:53.030278,18
3386788254817945,1698680334777403,True,2026-06-12 07:00:00,2026-07-04 07:00:00,Chemist Warehouse,Chemist Warehouse,{{product.name}},{{product.brand}},Shop now,DCO,https://www.chemistwarehouse.com.au/shop-online/902/sukin?utm_source=facebook&utm_medium=social&utm_campaign=au_cw_coop_facebook_social_bwxbrandsptyltd_sukin_665_2026_100133-bau_video-image&utm_term=traffic&utm_content=video-image_all,www.chemistwarehouse.com.au,/shop-online/902/sukin,facebook,social,au_cw_coop_facebook_social_bwxbrandsptyltd_sukin_665_2026_100133-bau_video-image,665,traffic,video-image_all,Coop,Bwxbrandsptyltd,Sukin,2026,video-image,All-in-one Hair Spritz,"Afraid of Heat Damage? Not anymore, with one Spritz that reduces damage & hydrates scalp.",Shop Now,https://scontent.ftgz4-1.fna.fbcdn.net/v/t39.35426-6/720333996_1518246559997276_7190025230281921060_n.jpg?_nc_cat=104&ccb=1-7&_nc_sid=c53f8f&_nc_ohc=wNUj50slbZIQ7kNvwG6vksK&_nc_oc=AdpVXnUF_7EVegAzymg-ktvo1waDsIxrVkQ5L2y1cVSfQInarNIZCT0njFMuoeIGN1k&_nc_zt=14&_nc_ht=scontent.ftgz4-1.fna&_nc_gid=AxELd8YEsfa_A8hisULYPw&_nc_ss=7f180&oh=00_AQCAZokD3ps23S3O_UREGkdBzpB3FjJxtO5OAeuao03SJA&oe=6A509340,,"['FACEBOOK', 'INSTAGRAM', 'AUDIENCE_NETWORK', 'MESSENGER', 'WHATSAPP', 'THREADS']",au,cw,facebook,social,2026-W27,2026-07,"FACEBOOK, INSTAGRAM, AUDIENCE_NETWORK, MESSENGER, WHATSAPP, THREADS",True,True,True,True,True,True,Brand/Category Page,True,False,False,2026-07-06,2026-06-12 07:00:00,2026-07-06 16:23:53.030278,24
2115993388948556,1743309437122990,True,2026-06-10 07:00:00,2026-07-04 07:00:00,Chemist Warehouse,Chemist Warehouse,{{product.name}},{{product.brand}},Shop now,DCO,https://www.chemistwarehouse.com.au/shop-online/4617/essano-skincare?utm_source=facebook&utm_medium=social&utm_campaign=au_cw_coop_facebook_social_vitalitybrandsworldwide_essano_665_2026_100243-bau_video-image&utm_term=traffic&utm_content=video-image_all,www.chemistwarehouse.com.au,/shop-online/4617/essano-skincare,facebook,social,au_cw_coop_facebook_social_vitalitybrandsworldwide_essano_665_2026_100243-bau_video-image,665,traffic,video-image_all,Coop,Vitalitybrandsworldwide,Essano,2026,video-image,One drop closer to quenched skin,"Plump, hydrated skin starts with essano Hydration+ powered by four weights of hyaluronic acid. No fluff, just results.",Shop Now,https://scontent.ftgz4-1.fna.fbcdn.net/v/t39.35426-6/722296285_974834561827542_4259555710928905665_n.jpg?_nc_cat=104&ccb=1-7&_nc_sid=c53f8f&_nc_ohc=GpJR9QOM7cwQ7kNvwEhUWZ1&_nc_oc=AdriCZeCqXsNMKn2Es0qu75qcdZr2zPJp8CQ_EIXIWGsVkNLHSADNyVTB-btHaOrYsA&_nc_zt=14&_nc_ht=scontent.ftgz4-1.fna&_nc_gid=AxELd8YEsfa_A8hisULYPw&_nc_ss=7f180&oh=00_AQAOKXOCgk09alH3EsQnHsPCCBCxUUe8WuR5CZwIqkOefw&oe=6A50C250,,"['FACEBOOK', 'INSTAGRAM', 'AUDIENCE_NETWORK', 'MESSENGER', 'THREADS']",au,cw,facebook,social,2026-W27,2026-07,"FACEBOOK, INSTAGRAM, AUDIENCE_NETWORK, MESSENGER, THREADS",True,True,True,True,True,False,Brand/Category Page,True,False,False,2026-07-06,2026-06-10 07:00:00,2026-07-06 16:23:53.030278,26
1399286148669390,1016714720737599,True,2026-06-11 07:00:00,2026-06-25 07:00:00,Chemist Warehouse,Chemist Warehouse,{{product.name}},{{product.brand}},Shop now,DCO,https://www.chemistwarehouse.com.au/shop-online/902/sukin?utm_source=facebook&utm_medium=social&utm_campaign=au_cw_coop_facebook_social_bwxbrandsptyltd_sukin_665_2026_100133-bau_video-image&utm_term=traffic&utm_content=video-image_all,www.chemistwarehouse.com.au,/shop-online/902/sukin,facebook,social,au_cw_coop_facebook_social_bwxbrandsptyltd_sukin_665_2026_100133-bau_video-image,665,traffic,video-image_all,Coop,Bwxbrandsptyltd,Sukin,2026,video-image,Everyday Bodycare Rituals,Upgrade your shower routine with Sukin bodycare essentials at Chemist Warehouse.,Shop Now,,https://video.ftgz4-1.fna.fbcdn.net/o1/v/t2/f2/m366/AQP3Fcij4R8ukyMWxYqdM3BvcOCoD_baraDN0Zd_G5VmjBVmvyJfpfHBoCzPhR4dC0srL2cs8w0UZ43dl-X2FqFSOxKHQ0Iu23MDcu4AD6GVLw.mp4?_nc_cat=106&_nc_oc=AdpcDxfwV5djQt8iES1NQQfwVIqUclLJ3hucCqLY4KkXJ-X3nl_yLL_bIXNYyProrng&_nc_sid=b66105&_nc_ht=video.ftgz4-1.fna.fbcdn.net&_nc_ohc=kfOsI99m9AEQ7kNvwEBjzJs&efg=eyJ2ZW5jb2RlX3RhZyI6Inhwdl9wcm9ncmVzc2l2ZS5WSV9VU0VDQVNFX1BST0RVQ1RfVFlQRS4uQzMuNzIwLmRhc2hfaDI2NC1iYXNpYy1nZW4yXzcyMHAiLCJ4cHZfYXNzZXRfaWQiOjI0NTA2Nzg4NzUzNTYwODUsImFzc2V0X2FnZV9kYXlzIjoyNCwidmlfdXNlY2FzZV9pZCI6MTA3OTksImR1cmF0aW9uX3MiOjM1LCJ1cmxnZW5fc291cmNlIjoid3d3In0%3D&ccb=17-1&vs=edd3ecd45a1d10fa&_nc_vs=HBksFQIYRWZiX2VwaGVtZXJhbC81RDRGNjM4NzE1OTlBQjI4OEZBNTM4NTBERUVFMzQ5MF9tdF8xX3ZpZGVvX2Rhc2hpbml0Lm1wNBUAAsgBEgAVAhhAZmJfcGVybWFuZW50L0M5NDM4OTc3RjBBNENDMEMyN0Q5MTJCOUZERTQwM0EwX2F1ZGlvX2Rhc2hpbml0Lm1wNBUCAsgBEgAoABgAGwKIB3VzZV9vaWwBMRJwcm9ncmVzc2l2ZV9yZWNpcGUBMRUAACbq7pe9pLjaCBUCKAJDMywXQEGqn752yLQYGWRhc2hfaDI2NC1iYXNpYy1nZW4yXzcyMHARAHUAZd6oAQA&_nc_gid=AxELd8YEsfa_A8hisULYPw&_nc_ss=7f180&_nc_zt=28&oh=00_AQCDH3LB7Y-YVyHGmMMTnhztfjW_I_22HnN7-CyL-A7WyQ&oe=6A50AF62,"['FACEBOOK', 'INSTAGRAM', 'AUDIENCE_NETWORK', 'MESSENGER', 'WHATSAPP', 'THREADS']",au,cw,facebook,social,2026-W27,2026-07,"FACEBOOK, INSTAGRAM, AUDIENCE_NETWORK, MESSENGER, WHATSAPP, THREADS",True,True,True,True,True,True,Brand/Category Page,True,False,False,2026-07-06,2026-06-11 07:00:00,2026-07-06 16:23:53.030278,25
2410929579387842,1518942319679058,True,2026-06-11 07:00:00,2026-07-03 07:00:00,Chemist Warehouse,Chemist Warehouse,{{product.name}},{{product.brand}},Shop now,DCO,https://www.chemistwarehouse.com.au/shop-online/902/sukin?utm_source=facebook&utm_medium=social&utm_campaign=au_cw_coop_facebook_social_bwxbrandsptyltd_sukin_665_2026_100133-bau_video-image&utm_term=traffic&utm_content=video-image_all,www.chemistwarehouse.com.au,/shop-online/902/sukin,facebook,social,au_cw_coop_facebook_social_bwxbrandsptyltd_sukin_665_2026_100133-bau_video-image,665,traffic,video-image_all,Coop,Bwxbrandsptyltd,Sukin,2026,video-image,Everyday Bodycare Rituals,Upgrade your shower routine with Sukin bodycare essentials at Chemist Warehouse.,Shop Now,,https://video.ftgz4-1.fna.fbcdn.net/o1/v/t2/f2/m366/AQMvFuZwT7kq4Mh8LmSFPjTgn0hsM6CEiQm_-sp7TM-ebO8r0saKGuME6Kt6cw4b50iFoPgP5NF2hbVhYrg384tAvHi3M-iEccnMf1HfAGS2pw.mp4?_nc_cat=107&_nc_oc=Adrfvqvhx9gpdnrsiQJI0E20whZ9JmCxH9Ue-6KvzOfpivgkiVra2MUa2sRroH-7DHw&_nc_sid=b66105&_nc_ht=video.ftgz4-1.fna.fbcdn.net&_nc_ohc=yaAWgjV1Np0Q7kNvwEpx2xY&efg=eyJ2ZW5jb2RlX3RhZyI6Inhwdl9wcm9ncmVzc2l2ZS5WSV9VU0VDQVNFX1BST0RVQ1RfVFlQRS4uQzMuNzIwLmRhc2hfaDI2NC1iYXNpYy1nZW4yXzcyMHAiLCJ4cHZfYXNzZXRfaWQiOjEzMTY4MzUwNDA0MjA5ODQsImFzc2V0X2FnZV9kYXlzIjoyNCwidmlfdXNlY2FzZV9pZCI6MTA3OTksImR1cmF0aW9uX3MiOjQ5LCJ1cmxnZW5fc291cmNlIjoid3d3In0%3D&ccb=17-1&vs=69ecd50d1d17180&_nc_vs=HBksFQIYRWZiX2VwaGVtZXJhbC9BOTQ1RTQyMkExRDI4ODQ3Q0QyQkU5QUQ4MEIzNERBMF9tdF8xX3ZpZGVvX2Rhc2hpbml0Lm1wNBUAAsgBEgAVAhhAZmJfcGVybWFuZW50LzIwNEI0NEVCQjU3OEM4REY2Nzk1RDk2MTM0QzVBMDg3X2F1ZGlvX2Rhc2hpbml0Lm1wNBUCAsgBEgAoABgAGwKIB3VzZV9vaWwBMRJwcm9ncmVzc2l2ZV9yZWNpcGUBMRUAACbwkf_M8enWBBUCKAJDMywXQEjIcrAgxJwYGWRhc2hfaDI2NC1iYXNpYy1nZW4yXzcyMHARAHUAZd6oAQA&_nc_gid=AxELd8YEsfa_A8hisULYPw&_nc_ss=7f180&_nc_zt=28&oh=00_AQCpFG258P0TEIzSz_w-xLB9V-Gsj1Q793K9P9gLCjgPrA&oe=6A509081,"['FACEBOOK', 'INSTAGRAM', 'AUDIENCE_NETWORK', 'MESSENGER', 'WHATSAPP', 'THREADS']",au,cw,facebook,social,2026-W27,2026-07,"FACEBOOK, INSTAGRAM, AUDIENCE_NETWORK, MESSENGER, WHATSAPP, THREADS",True,True,True,True,True,True,Brand/Category Page,True,False,False,2026-07-06,2026-06-11 07:00:00,2026-07-06 16:23:53.030278,25
1531986348326277,1723799615723550,True,2026-06-10 07:00:00,2026-07-04 07:00:00,Chemist Warehouse,Chemist Warehouse,{{product.name}},{{product.brand}},Shop now,DCO,https://www.chemistwarehouse.com.au/shop-online/4617/essano-skincare?utm_source=facebook&utm_medium=social&utm_campaign=au_cw_coop_facebook_social_vitalitybrandsworldwide_essano_665_2026_100243-bau_video-image&utm_term=traffic&utm_content=video-image_all,www.chemistwarehouse.com.au,/shop-online/4617/essano-skincare,facebook,social,au_cw_coop_facebook_social_vitalitybrandsworldwide_essano_665_2026_100243-bau_video-image,665,traffic,video-image_all,Coop,Vitalitybrandsworldwide,Essano,2026,video-image,One drop closer to quenched skin,"Plump, hydrated skin starts with essano Hydration+ powered by four weights of hyaluronic acid. No fluff, just results.",Shop Now,https://scontent.ftgz4-1.fna.fbcdn.net/v/t39.35426-6/723599965_2424040868105360_7895513933142848484_n.jpg?_nc_cat=110&ccb=1-7&_nc_sid=c53f8f&_nc_ohc=9nI3gOg3VOoQ7kNvwFg1w-k&_nc_oc=AdohQPw7QbVpVVoHNPirAe70YFCHYEPx3wgNM_92wqB_p6vDkK7ZXbSYiO1fbAGLqtE&_nc_zt=14&_nc_ht=scontent.ftgz4-1.fna&_nc_gid=AxELd8YEsfa_A8hisULYPw&_nc_ss=7f180&oh=00_AQDGq3CV9IZkQHMRLmXHMnS2UvtgalBxuEIvVIgokgn9Gg&oe=6A50A49C,,"['FACEBOOK', 'INSTAGRAM', 'AUDIENCE_NETWORK', 'MESSENGER', 'THREADS']",au,cw,facebook,social,2026-W27,2026-07,"FACEBOOK, INSTAGRAM, AUDIENCE_NETWORK, MESSENGER, THREADS",True,True,True,True,True,False,Brand/Category Page,True,False,False,2026-07-06,2026-06-10 07:00:00,2026-07-06 16:23:53.030278,26
2076071060456980,980216628121874,True,2026-06-11 07:00:00,2026-07-05 07:00:00,Chemist Warehouse,Chemist Warehouse,Refresh Your Skin Routine,Discover Sukin cleansing balms & facial wipes at Chemist Warehouse.,Shop now,VIDEO,https://www.chemistwarehouse.com.au/shop-online/902/sukin?utm_source=facebook&utm_medium=social&utm_campaign=au_cw_coop_facebook_social_bwxbrandsptyltd_sukin_665_2026_100133-bau_video-image&utm_term=traffic&utm_content=video-image_all,www.chemistwarehouse.com.au,/shop-online/902/sukin,facebook,social,au_cw_coop_facebook_social_bwxbrandsptyltd_sukin_665_2026_100133-bau_video-image,665,traffic,video-image_all,Coop,Bwxbrandsptyltd,Sukin,2026,video-image,,,,,,"['FACEBOOK', 'INSTAGRAM', 'AUDIENCE_NETWORK', 'MESSENGER', 'WHATSAPP', 'THREADS']",au,cw,facebook,social,2026-W27,2026-07,"FACEBOOK, INSTAGRAM, AUDIENCE_NETWORK, MESSENGER, WHATSAPP, THREADS",True,True,True,True,True,True,Brand/Category Page,True,True,False,2026-07-06,2026-06-11 07:00:00,2026-07-06 16:23:53.030278,25
961444359990894,828000516836420,True,2026-06-10 07:00:00,2026-07-05 07:00:00,Chemist Warehouse,Chemist Warehouse,{{product.name}},{{product.brand}},Shop now,DCO,https://www.chemistwarehouse.com.au/shop-online/4617/essano-skincare?utm_source=facebook&utm_medium=social&utm_campaign=au_cw_coop_facebook_social_vitalitybrandsworldwide_essano_665_2026_100243-bau_video-image&utm_term=traffic&utm_content=video-image_all,www.chemistwarehouse.com.au,/shop-online/4617/essano-skincare,facebook,social,au_cw_coop_facebook_social_vitalitybrandsworldwide_essano_665_2026_100243-bau_video-image,665,traffic,video-image_all,Coop,Vitalitybrandsworldwide,Essano,2026,video-image,One drop closer to quenched skin,"Plump, hydrated skin starts with essano Hydration+ powered by four weights of hyaluronic acid. No fluff, just results.",Shop Now,https://scontent.ftgz4-1.fna.fbcdn.net/v/t39.35426-6/723612463_1584372393117477_8717782784269120607_n.jpg?_nc_cat=103&ccb=1-7&_nc_sid=c53f8f&_nc_ohc=okmOsseyOrsQ7kNvwGtmsQj&_nc_oc=Adof0LX9OFZpJONCc_8e1A9vYa1g2Bt0boGZXJDZ83B36D2NOhMzmrU_B-1MYKfva8Q&_nc_zt=14&_nc_ht=scontent.ftgz4-1.fna&_nc_gid=AxELd8YEsfa_A8hisULYPw&_nc_ss=7f180&oh=00_AQCCBrFrltwWDc_cTfbxIev8NgGESG3loTy-QRA-u2bZaQ&oe=6A50A332,,"['FACEBOOK', 'INSTAGRAM', 'AUDIENCE_NETWORK', 'MESSENGER', 'THREADS']",au,cw,facebook,social,2026-W27,2026-07,"FACEBOOK, INSTAGRAM, AUDIENCE_NETWORK, MESSENGER, THREADS",True,True,True,True,True,False,Brand/Category Page,True,False,False,2026-07-06,2026-06-10 07:00:00,2026-07-06 16:23:53.030278,26
1022720360127713,1038801368682142,True,2026-06-11 07:00:00,2026-07-05 07:00:00,Chemist Warehouse,Chemist Warehouse,Refresh Your Skin Routine,Discover Sukin cleansing balms & facial wipes at Chemist Warehouse.,Shop now,VIDEO,https://www.chemistwarehouse.com.au/shop-online/902/sukin?utm_source=facebook&utm_medium=social&utm_campaign=au_cw_coop_facebook_social_bwxbrandsptyltd_sukin_665_2026_100133-bau_video-image&utm_term=traffic&utm_content=video-image_all,www.chemistwarehouse.com.au,/shop-online/902/sukin,facebook,social,au_cw_coop_facebook_social_bwxbrandsptyltd_sukin_665_2026_100133-bau_video-image,665,traffic,video-image_all,Coop,Bwxbrandsptyltd,Sukin,2026,video-image,,,,,,"['FACEBOOK', 'INSTAGRAM', 'AUDIENCE_NETWORK', 'MESSENGER', 'WHATSAPP', 'THREADS']",au,cw,facebook,social,2026-W27,2026-07,"FACEBOOK, INSTAGRAM, AUDIENCE_NETWORK, MESSENGER, WHATSAPP, THREADS",True,True,True,True,True,True,Brand/Category Page,True,True,False,2026-07-06,2026-06-11 07:00:00,2026-07-06 16:23:53.030278,25
1976722686544513,1287935233326695,True,2026-06-11 07:00:00,2026-07-05 07:00:00,Chemist Warehouse,Chemist Warehouse,Refresh Your Skin Routine,Discover Sukin cleansing balms & facial wipes at Chemist Warehouse.,Shop now,VIDEO,https://www.chemistwarehouse.com.au/shop-online/902/sukin?utm_source=facebook&utm_medium=social&utm_campaign=au_cw_coop_facebook_social_bwxbrandsptyltd_sukin_665_2026_100133-bau_video-image&utm_term=traffic&utm_content=video-image_all,www.chemistwarehouse.com.au,/shop-online/902/sukin,facebook,social,au_cw_coop_facebook_social_bwxbrandsptyltd_sukin_665_2026_100133-bau_video-image,665,traffic,video-image_all,Coop,Bwxbrandsptyltd,Sukin,2026,video-image,,,,,,"['FACEBOOK', 'INSTAGRAM', 'AUDIENCE_NETWORK', 'MESSENGER', 'WHATSAPP', 'THREADS']",au,cw,facebook,social,2026-W27,2026-07,"FACEBOOK, INSTAGRAM, AUDIENCE_NETWORK, MESSENGER, WHATSAPP, THREADS",True,True,True,True,True,True,Brand/Category Page,True,True,False,2026-07-06,2026-06-11 07:00:00,2026-07-06 16:23:53.030278,25
1591869366271834,1557397522758899,True,2026-06-11 07:00:00,2026-07-05 07:00:00,Chemist Warehouse,Chemist Warehouse,Refresh Your Skin Routine,Discover Sukin cleansing balms & facial wipes at Chemist Warehouse.,Shop now,VIDEO,https://www.chemistwarehouse.com.au/shop-online/902/sukin?utm_source=facebook&utm_medium=social&utm_campaign=au_cw_coop_facebook_social_bwxbrandsptyltd_sukin_665_2026_100133-bau_video-image&utm_term=traffic&utm_content=video-image_all,www.chemistwarehouse.com.au,/shop-online/902/sukin,facebook,social,au_cw_coop_facebook_social_bwxbrandsptyltd_sukin_665_2026_100133-bau_video-image,665,traffic,video-image_all,Coop,Bwxbrandsptyltd,Sukin,2026,video-image,,,,,,"['FACEBOOK', 'INSTAGRAM', 'AUDIENCE_NETWORK', 'MESSENGER', 'WHATSAPP', 'THREADS']",au,cw,facebook,social,2026-W27,2026-07,"FACEBOOK, INSTAGRAM, AUDIENCE_NETWORK, MESSENGER, WHATSAPP, THREADS",True,True,True,True,True,True,Brand/Category Page,True,True,False,2026-07-06,2026-06-11 07:00:00,2026-07-06 16:23:53.030278,25
3711985115607439,26523043347373870,True,2026-06-11 07:00:00,2026-06-28 07:00:00,Chemist Warehouse,Chemist Warehouse,Healthy Hair Starts Here,Refresh your routine with Sukin hair spritzes & nourishing masques at Chemist Warehouse.,Shop now,VIDEO,https://www.chemistwarehouse.com.au/shop-online/902/sukin?utm_source=facebook&utm_medium=social&utm_campaign=au_cw_coop_facebook_social_bwxbrandsptyltd_sukin_665_2026_100133-bau_video-image&utm_term=traffic&utm_content=video-image_all,www.chemistwarehouse.com.au,/shop-online/902/sukin,facebook,social,au_cw_coop_facebook_social_bwxbrandsptyltd_sukin_665_2026_100133-bau_video-image,665,traffic,video-image_all,Coop,Bwxbrandsptyltd,Sukin,2026,video-image,,,,,,"['FACEBOOK', 'INSTAGRAM', 'AUDIENCE_NETWORK', 'MESSENGER', 'WHATSAPP', 'THREADS']",au,cw,facebook,social,2026-W27,2026-07,"FACEBOOK, INSTAGRAM, AUDIENCE_NETWORK, MESSENGER, WHATSAPP, THREADS",True,True,True,True,True,True,Brand/Category Page,True,True,False,2026-07-06,2026-06-11 07:00:00,2026-07-06 16:23:53.030278,25
1709832490210326,983303778015178,True,2026-06-11 07:00:00,2026-07-05 07:00:00,Chemist Warehouse,Chemist Warehouse,{{product.name}},{{product.brand}},Shop now,DCO,https://www.chemistwarehouse.com.au/shop-online/902/sukin?utm_source=facebook&utm_medium=social&utm_campaign=au_cw_coop_facebook_social_bwxbrandsptyltd_sukin_665_2026_100133-bau_video-image&utm_term=traffic&utm_content=video-image_all,www.chemistwarehouse.com.au,/shop-online/902/sukin,facebook,social,au_cw_coop_facebook_social_bwxbrandsptyltd_sukin_665_2026_100133-bau_video-image,665,traffic,video-image_all,Coop,Bwxbrandsptyltd,Sukin,2026,video-image,Sukin's New Radiance,"Gift your mum the glow she deserves with Sukin's new Glow Active C, Clinically proven.",Shop Now,https://scontent.ftgz4-1.fna.fbcdn.net/v/t39.35426-6/723385431_4573678469622918_4772435285172874135_n.jpg?_nc_cat=110&ccb=1-7&_nc_sid=c53f8f&_nc_ohc=Y8xSKBIpSqgQ7kNvwHRVczH&_nc_oc=Adqq3XNXXJLfRY-Cc4QSv0E8VycURJKpZo7L0BOwfPmn_9MAVjbg8uZE5Yd6iYTn4ss&_nc_zt=14&_nc_ht=scontent.ftgz4-1.fna&_nc_gid=AxELd8YEsfa_A8hisULYPw&_nc_ss=7f180&oh=00_AQBGfdQ8N-NGJofgvnLX73xIT-lajCDgoA4Tk2loATj5GQ&oe=6A50A765,,"['FACEBOOK', 'INSTAGRAM', 'AUDIENCE_NETWORK', 'MESSENGER', 'WHATSAPP', 'THREADS']",au,cw,facebook,social,2026-W27,2026-07,"FACEBOOK, INSTAGRAM, AUDIENCE_NETWORK, MESSENGER, WHATSAPP, THREADS",True,True,True,True,True,True,Brand/Category Page,True,False,False,2026-07-06,2026-06-11 07:00:00,2026-07-06 16:23:53.030278,25
1032909909392248,1674917927130228,True,2026-06-11 07:00:00,2026-06-27 07:00:00,Chemist Warehouse,Chemist Warehouse,Healthy Hair Starts Here,Refresh your routine with Sukin hair spritzes & nourishing masques at Chemist Warehouse.,Shop now,VIDEO,https://www.chemistwarehouse.com.au/shop-online/902/sukin?utm_source=facebook&utm_medium=social&utm_campaign=au_cw_coop_facebook_social_bwxbrandsptyltd_sukin_665_2026_100133-bau_video-image&utm_term=traffic&utm_content=video-image_all,www.chemistwarehouse.com.au,/shop-online/902/sukin,facebook,social,au_cw_coop_facebook_social_bwxbrandsptyltd_sukin_665_2026_100133-bau_video-image,665,traffic,video-image_all,Coop,Bwxbrandsptyltd,Sukin,2026,video-image,,,,,,"['FACEBOOK', 'INSTAGRAM', 'AUDIENCE_NETWORK', 'MESSENGER', 'WHATSAPP', 'THREADS']",au,cw,facebook,social,2026-W27,2026-07,"FACEBOOK, INSTAGRAM, AUDIENCE_NETWORK, MESSENGER, WHATSAPP, THREADS",True,True,True,True,True,True,Brand/Category Page,True,True,False,2026-07-06,2026-06-11 07:00:00,2026-07-06 16:23:53.030278,25
1759081031748156,1315153927463664,True,2026-06-16 07:00:00,2026-07-05 07:00:00,Chemist Warehouse,Chemist Warehouse,{{product.name}},{{product.brand}},Shop now,DCO,https://www.chemistwarehouse.com.au/shop-online/821/pigeon?utm_source=facebook&utm_medium=social&utm_campaign=au_cw_coop_facebook_social_havenhallptyltd_pigeon_20_2026_100214-bau_image&utm_term=traffic&utm_content=image_static,www.chemistwarehouse.com.au,/shop-online/821/pigeon,facebook,social,au_cw_coop_facebook_social_havenhallptyltd_pigeon_20_2026_100214-bau_image,20,traffic,image_static,Coop,Havenhallptyltd,Pigeon,2026,image,Pigeon StarTouch™ Straw Cup,IT'S HERE! 🙌🏻 The straw cup parents are grabbing fast. Pigeon StarTouch™ available at Chemist Warehouse. In-store & online.,Shop Now,https://scontent.ftgz4-1.fna.fbcdn.net/v/t39.35426-6/725839242_2437757610079576_549587195341389908_n.jpg?_nc_cat=102&ccb=1-7&_nc_sid=c53f8f&_nc_ohc=mm-hNq3yXt0Q7kNvwFmk6E8&_nc_oc=AdrutDQAhD3z84Rt30GF9Fs8KTBu63u77vtor4j0ouYutZO6myAc-XXN5ASnWkLkzRE&_nc_zt=14&_nc_ht=scontent.ftgz4-1.fna&_nc_gid=6EjFrZ93n0L-cZGRn1LhsQ&_nc_ss=7f180&oh=00_AQB1_2gdnN-2DXVPQRaulbqzg69eHD2_HXaL4ll5T0W03g&oe=6A50920E,,"['FACEBOOK', 'INSTAGRAM']",au,cw,facebook,social,2026-W27,2026-07,"FACEBOOK, INSTAGRAM",True,True,False,False,False,False,Brand/Category Page,True,False,False,2026-07-06,2026-06-16 07:00:00,2026-07-06 16:23:53.030278,20
1321127570127075,27384581901196099,True,2026-06-15 07:00:00,2026-07-05 07:00:00,Chemist Warehouse,Chemist Warehouse,Shop Bio Island at Chemist Warehouse.,Shop Bio Island Milk Calcium Bone Care at Chemist Warehouse.,Shop now,VIDEO,https://www.chemistwarehouse.com.au/shop-online/2128/bio-island?utm_source=facebook&utm_medium=social&utm_campaign=au_cw_oa_facebook_social_jbxptyltd_bioisland_81_2026_100293-oa_video-image&utm_term=traffic&utm_content=video-image_all,www.chemistwarehouse.com.au,/shop-online/2128/bio-island,facebook,social,au_cw_oa_facebook_social_jbxptyltd_bioisland_81_2026_100293-oa_video-image,81,traffic,video-image_all,O&O,Jbxptyltd,Bioisland,2026,video-image,,,,,,"['FACEBOOK', 'INSTAGRAM', 'AUDIENCE_NETWORK', 'MESSENGER', 'THREADS']",au,cw,facebook,social,2026-W27,2026-07,"FACEBOOK, INSTAGRAM, AUDIENCE_NETWORK, MESSENGER, THREADS",True,True,True,True,True,False,Brand/Category Page,True,True,False,2026-07-06,2026-06-15 07:00:00,2026-07-06 16:23:53.030278,21
1517046223454007,994555532930907,True,2026-06-15 07:00:00,2026-07-05 07:00:00,Chemist Warehouse,Chemist Warehouse,{{product.name}},{{product.brand}},Shop now,DCO,https://www.chemistwarehouse.com.au/shop-online/1225/vicks?utm_source=facebook&utm_medium=social&utm_campaign=au_cw_oa_facebook_social_proctergambleaustralia_vicks_258_may26_100493-traffic_video-image&utm_term=traffic&utm_content=video-image_strat-dad-landscape,www.chemistwarehouse.com.au,/shop-online/1225/vicks,facebook,social,au_cw_oa_facebook_social_proctergambleaustralia_vicks_258_may26_100493-traffic_video-image,258,traffic,video-image_strat-dad-landscape,O&O,Proctergambleaustralia,Vicks,may26,video-image,Shop at Chemist Warehouse,Vicks has your back this winter. Fast Click & Collect at Chemist Warehouse,Shop Now,,https://video.ftgz4-1.fna.fbcdn.net/o1/v/t2/f2/m366/AQO_OAuisdzSltMzq9R0BTk8rxTa0DH4F-Ih7s_8yKpSjgt1RMgUBvOm2MJtoeRJDqe2b_0TPLiqEB7uC9igZb78UlHCb0mOORSsKkLb_FrrQA.mp4?_nc_cat=111&_nc_oc=AdoSw8qsnxRaZipoEFxCF8TDDpF5ZBbfcvLMBYQzLptAeruaL7I1mvRt9NCD4x1K_C0&_nc_sid=b66105&_nc_ht=video.ftgz4-1.fna.fbcdn.net&_nc_ohc=d-5JVzaME1cQ7kNvwEbrpZg&efg=eyJ2ZW5jb2RlX3RhZyI6Inhwdl9wcm9ncmVzc2l2ZS5WSV9VU0VDQVNFX1BST0RVQ1RfVFlQRS4uQzMuNzIwLmRhc2hfaDI2NC1iYXNpYy1nZW4yXzcyMHAiLCJ4cHZfYXNzZXRfaWQiOjM1OTg1OTAxOTExMDI0MzgwLCJhc3NldF9hZ2VfZGF5cyI6MzEsInZpX3VzZWNhc2VfaWQiOjEwNzk5LCJkdXJhdGlvbl9zIjo2LCJ1cmxnZW5fc291cmNlIjoid3d3In0%3D&ccb=17-1&vs=2d703be194d89901&_nc_vs=HBksFQIYRWZiX2VwaGVtZXJhbC81OTRGM0ZFMTBGNzlCMDRCMDM5RDNFNjI2RkIwRTU4OV9tdF8xX3ZpZGVvX2Rhc2hpbml0Lm1wNBUAAsgBEgAVAhhAZmJfcGVybWFuZW50LzU4NENGQzQ5Mjg5NTZCQjJGMjhEMjlERjk2QkJBNkIyX2F1ZGlvX2Rhc2hpbml0Lm1wNBUCAsgBEgAoABgAGwKIB3VzZV9vaWwBMRJwcm9ncmVzc2l2ZV9yZWNpcGUBMRUAACb4i6HFlr_sfxUCKAJDMywXQBgAAAAAAAAYGWRhc2hfaDI2NC1iYXNpYy1nZW4yXzcyMHARAHUAZd6oAQA&_nc_gid=6EjFrZ93n0L-cZGRn1LhsQ&_nc_ss=7f180&_nc_zt=28&oh=00_AQDhPOp7CaA1QhQslmffFCbJbhEqPFlF0f8tcPVecKjmYw&oe=6A509E99,"['FACEBOOK', 'INSTAGRAM', 'AUDIENCE_NETWORK', 'MESSENGER', 'WHATSAPP', 'THREADS']",au,cw,facebook,social,2026-W27,2026-07,"FACEBOOK, INSTAGRAM, AUDIENCE_NETWORK, MESSENGER, WHATSAPP, THREADS",True,True,True,True,True,True,Brand/Category Page,True,False,False,2026-07-06,2026-06-15 07:00:00,2026-07-06 16:23:53.030278,21
1325192899118128,1324558552411536,True,2026-06-15 07:00:00,2026-07-05 07:00:00,Chemist Warehouse,Chemist Warehouse,{{product.name}},{{product.brand}},Shop now,DCO,https://www.chemistwarehouse.com.au/shop-online/1272/metamucil?utm_source=facebook&utm_medium=social&utm_campaign=au_cw_oa_facebook_social_proctergambleaustralia_metamucil_81_2026_100539-oa_video-image&utm_term=traffic&utm_content=video-image_all,www.chemistwarehouse.com.au,/shop-online/1272/metamucil,facebook,social,au_cw_oa_facebook_social_proctergambleaustralia_metamucil_81_2026_100539-oa_video-image,81,traffic,video-image_all,O&O,Proctergambleaustralia,Metamucil,2026,video-image,NEW METAMUCIL FIBRE THINS,Easy & Delicious Way to boost your daily fibre. TRY NOW 25% OFF EDLP at Chemist Warehouse,Shop Now,https://scontent.ftgz4-1.fna.fbcdn.net/v/t39.35426-6/721801089_1727659761706194_1825760687051701975_n.jpg?_nc_cat=110&ccb=1-7&_nc_sid=c53f8f&_nc_ohc=76QCGB5tlLEQ7kNvwGkuOl3&_nc_oc=AdocIJJ02Nhx0gaK-dTmhT222FN61GgXdxcd6wNIhYqHLGPymVeygQ8YU3l9SUunIao&_nc_zt=14&_nc_ht=scontent.ftgz4-1.fna&_nc_gid=6EjFrZ93n0L-cZGRn1LhsQ&_nc_ss=7f180&oh=00_AQBiiUgtQMUTBlQ0mcocW0WE2RpUVPrJThh0xahthwTPeQ&oe=6A50999D,,"['FACEBOOK', 'INSTAGRAM', 'AUDIENCE_NETWORK', 'MESSENGER', 'WHATSAPP', 'THREADS']",au,cw,facebook,social,2026-W27,2026-07,"FACEBOOK, INSTAGRAM, AUDIENCE_NETWORK, MESSENGER, WHATSAPP, THREADS",True,True,True,True,True,True,Brand/Category Page,True,False,False,2026-07-06,2026-06-15 07:00:00,2026-07-06 16:23:53.030278,21
1691446415308040,829755366654509,True,2026-06-11 07:00:00,2026-07-05 07:00:00,Chemist Warehouse,Chemist Warehouse,{{product.name}},{{product.brand}},Shop now,DCO,https://www.chemistwarehouse.com.au/shop-online/902/sukin?utm_source=facebook&utm_medium=social&utm_campaign=au_cw_coop_facebook_social_bwxbrandsptyltd_sukin_665_2026_100133-bau_video-image&utm_term=traffic&utm_content=video-image_all,www.chemistwarehouse.com.au,/shop-online/902/sukin,facebook,social,au_cw_coop_facebook_social_bwxbrandsptyltd_sukin_665_2026_100133-bau_video-image,665,traffic,video-image_all,Coop,Bwxbrandsptyltd,Sukin,2026,video-image,Sukin's New Fruity Range,"Awaken your senses with the New Sukin Coconut Bliss, Paraben Free,  Suits all skin types",Shop Now,https://scontent.ftgz4-1.fna.fbcdn.net/v/t39.35426-6/721575506_982828477793464_9218058166543650403_n.jpg?_nc_cat=105&ccb=1-7&_nc_sid=c53f8f&_nc_ohc=4wCHIHeWaggQ7kNvwEClyBi&_nc_oc=Adqr_G7vocQsKE2CmyoYmFRW-uiCdJ2g6cAiuxCA5KJdpq3dlCtF_ODhnlPE6zxJJI8&_nc_zt=14&_nc_ht=scontent.ftgz4-1.fna&_nc_gid=AxELd8YEsfa_A8hisULYPw&_nc_ss=7f180&oh=00_AQAdINyIMY-8SnA1XodKeSv7nnp9ISpgvarzF-halotRKw&oe=6A50B8A8,,"['FACEBOOK', 'INSTAGRAM', 'AUDIENCE_NETWORK', 'MESSENGER', 'WHATSAPP', 'THREADS']",au,cw,facebook,social,2026-W27,2026-07,"FACEBOOK, INSTAGRAM, AUDIENCE_NETWORK, MESSENGER, WHATSAPP, THREADS",True,True,True,True,True,True,Brand/Category Page,True,False,False,2026-07-06,2026-06-11 07:00:00,2026-07-06 16:23:53.030278,25
1782050349621812,2087894548430307,True,2026-06-16 07:00:00,2026-07-04 07:00:00,Chemist Warehouse,Chemist Warehouse,{{product.name}},{{product.brand}},Shop now,DCO,https://www.chemistwarehouse.com.au/shop-online/1272/metamucil?utm_source=facebook&utm_medium=social&utm_campaign=au_cw_oa_facebook_social_proctergambleaustralia_metamucil_81_2026_100539-oa_video-image&utm_term=traffic&utm_content=video-image_all,www.chemistwarehouse.com.au,/shop-online/1272/metamucil,facebook,social,au_cw_oa_facebook_social_proctergambleaustralia_metamucil_81_2026_100539-oa_video-image,81,traffic,video-image_all,O&O,Proctergambleaustralia,Metamucil,2026,video-image,NEW METAMUCIL FIBRE THINS,Get your daily fibre the easy way with delicious NEW Metamucil Fibre Thins on the go now!,Shop Now,https://scontent.ftgz4-1.fna.fbcdn.net/v/t39.35426-6/723676397_26411119571895029_2355873394549510722_n.jpg?_nc_cat=107&ccb=1-7&_nc_sid=c53f8f&_nc_ohc=EsRM9LbfkGkQ7kNvwG3MgIc&_nc_oc=AdoCMxWoEKikLNChryfc0PmtaQ6f1UdK8_E6SRat3JRJi3JRE3SxG4TJUv5BHo8rbFw&_nc_zt=14&_nc_ht=scontent.ftgz4-1.fna&_nc_gid=6EjFrZ93n0L-cZGRn1LhsQ&_nc_ss=7f180&oh=00_AQAhp89oU37Foc-V8lqxeJyPtFw_oReZBtti4FMkgn_4aQ&oe=6A508B1C,,"['FACEBOOK', 'INSTAGRAM', 'AUDIENCE_NETWORK', 'MESSENGER', 'WHATSAPP', 'THREADS']",au,cw,facebook,social,2026-W27,2026-07,"FACEBOOK, INSTAGRAM, AUDIENCE_NETWORK, MESSENGER, WHATSAPP, THREADS",True,True,True,True,True,True,Brand/Category Page,True,False,False,2026-07-06,2026-06-16 07:00:00,2026-07-06 16:23:53.030278,20
1790816455236212,1389613899654991,True,2026-06-11 07:00:00,2026-07-04 07:00:00,Chemist Warehouse,Chemist Warehouse,Healthy Hair Starts Here,Refresh your routine with Sukin hair spritzes & nourishing masques at Chemist Warehouse.,Shop now,VIDEO,https://www.chemistwarehouse.com.au/shop-online/902/sukin?utm_source=facebook&utm_medium=social&utm_campaign=au_cw_coop_facebook_social_bwxbrandsptyltd_sukin_665_2026_100133-bau_video-image&utm_term=traffic&utm_content=video-image_all,www.chemistwarehouse.com.au,/shop-online/902/sukin,facebook,social,au_cw_coop_facebook_social_bwxbrandsptyltd_sukin_665_2026_100133-bau_video-image,665,traffic,video-image_all,Coop,Bwxbrandsptyltd,Sukin,2026,video-image,,,,,,"['FACEBOOK', 'INSTAGRAM', 'AUDIENCE_NETWORK', 'MESSENGER', 'WHATSAPP', 'THREADS']",au,cw,facebook,social,2026-W27,2026-07,"FACEBOOK, INSTAGRAM, AUDIENCE_NETWORK, MESSENGER, WHATSAPP, THREADS",True,True,True,True,True,True,Brand/Category Page,True,True,False,2026-07-06,2026-06-11 07:00:00,2026-07-06 16:23:53.030278,25
1000776905981773,2176800673160321,True,2026-06-11 07:00:00,2026-07-05 07:00:00,Chemist Warehouse,Chemist Warehouse,{{product.name}},{{product.brand}},Shop now,DCO,https://www.chemistwarehouse.com.au/shop-online/902/sukin?utm_source=facebook&utm_medium=social&utm_campaign=au_cw_coop_facebook_social_bwxbrandsptyltd_sukin_665_2026_100133-bau_video-image&utm_term=traffic&utm_content=video-image_all,www.chemistwarehouse.com.au,/shop-online/902/sukin,facebook,social,au_cw_coop_facebook_social_bwxbrandsptyltd_sukin_665_2026_100133-bau_video-image,665,traffic,video-image_all,Coop,Bwxbrandsptyltd,Sukin,2026,video-image,Sukin's New Fruity Range,"Awaken your senses with the New Sukin Coconut Bliss, Paraben Free,  Suits all skin types",Shop Now,https://scontent.ftgz4-1.fna.fbcdn.net/v/t39.35426-6/723573554_1335895175148255_361426192767929543_n.jpg?_nc_cat=102&ccb=1-7&_nc_sid=c53f8f&_nc_ohc=YE6226m-5mMQ7kNvwFO9zoj&_nc_oc=AdrInxkhc56jym-7y2LgodSB2j8u8TNa8Zd0skgrEzANy8Khyel0hINeNvDuxnG9VzI&_nc_zt=14&_nc_ht=scontent.ftgz4-1.fna&_nc_gid=AxELd8YEsfa_A8hisULYPw&_nc_ss=7f180&oh=00_AQDnABcED-7uxGecZUvqy0A7iSLkGzyqfFYCoglbbF_W7g&oe=6A50A95E,,"['FACEBOOK', 'INSTAGRAM', 'AUDIENCE_NETWORK', 'MESSENGER', 'WHATSAPP', 'THREADS']",au,cw,facebook,social,2026-W27,2026-07,"FACEBOOK, INSTAGRAM, AUDIENCE_NETWORK, MESSENGER, WHATSAPP, THREADS",True,True,True,True,True,True,Brand/Category Page,True,False,False,2026-07-06,2026-06-11 07:00:00,2026-07-06 16:23:53.030278,25
4494223397566799,2073871080164296,True,2026-06-15 07:00:00,2026-07-05 07:00:00,Chemist Warehouse,Chemist Warehouse,{{product.name}},{{product.brand}},Shop now,DCO,https://www.chemistwarehouse.com.au/shop-online/1225/vicks?utm_source=facebook&utm_medium=social&utm_campaign=au_cw_oa_facebook_social_proctergambleaustralia_vicks_258_may26_100493-traffic_video-image&utm_term=traffic&utm_content=video-image_dropsxtrasoothing,www.chemistwarehouse.com.au,/shop-online/1225/vicks,facebook,social,au_cw_oa_facebook_social_proctergambleaustralia_vicks_258_may26_100493-traffic_video-image,258,traffic,video-image_dropsxtrasoothing,O&O,Proctergambleaustralia,Vicks,may26,video-image,VICKS HAS YOUR BACK,NEW Vicks VapoDrops Xtra Soothing Lozenges clears the nose & soothes the throat,Shop Now,https://scontent.ftgz4-1.fna.fbcdn.net/v/t39.35426-6/724362600_813273708388931_3137435875601574108_n.jpg?_nc_cat=108&ccb=1-7&_nc_sid=c53f8f&_nc_ohc=6cwqBpB9xK4Q7kNvwEuIS9g&_nc_oc=AdorT-ik7JpCu9iFR4iYSXFq2Ta30O6QvAoErfAD5Rfrj7HAGIX2uIPQhbEfIxMxDbs&_nc_zt=14&_nc_ht=scontent.ftgz4-1.fna&_nc_gid=6EjFrZ93n0L-cZGRn1LhsQ&_nc_ss=7f180&oh=00_AQBjYWFRJ0SeNI8CU_Tiot9yJ6Ha5Up124QQvwAt1aHHcw&oe=6A5096C2,,"['FACEBOOK', 'INSTAGRAM', 'AUDIENCE_NETWORK', 'MESSENGER', 'WHATSAPP', 'THREADS']",au,cw,facebook,social,2026-W27,2026-07,"FACEBOOK, INSTAGRAM, AUDIENCE_NETWORK, MESSENGER, WHATSAPP, THREADS",True,True,True,True,True,True,Brand/Category Page,True,False,False,2026-07-06,2026-06-15 07:00:00,2026-07-06 16:23:53.030278,21
1267460908553879,2292536138252684,True,2026-06-11 07:00:00,2026-07-05 07:00:00,Chemist Warehouse,Chemist Warehouse,{{product.name}},{{product.brand}},Shop now,DCO,https://www.chemistwarehouse.com.au/shop-online/902/sukin?utm_source=facebook&utm_medium=social&utm_campaign=au_cw_coop_facebook_social_bwxbrandsptyltd_sukin_665_2026_100133-bau_video-image&utm_term=traffic&utm_content=video-image_all,www.chemistwarehouse.com.au,/shop-online/902/sukin,facebook,social,au_cw_coop_facebook_social_bwxbrandsptyltd_sukin_665_2026_100133-bau_video-image,665,traffic,video-image_all,Coop,Bwxbrandsptyltd,Sukin,2026,video-image,Sukin's New Radiance,"Gift your mum the glow she deserves with Sukin's new Glow Active C, Clinically proven.",Shop Now,https://scontent.ftgz4-1.fna.fbcdn.net/v/t39.35426-6/721735617_1696152874905836_2380735669035770829_n.jpg?_nc_cat=103&ccb=1-7&_nc_sid=c53f8f&_nc_ohc=I8tgZ74ZlncQ7kNvwFgg5lb&_nc_oc=AdqP4Abio0m_8iBtCxVH7uOgEhG3jKDrblEbvg6YD480WZMMd_AasykBkVN6kLj1hGM&_nc_zt=14&_nc_ht=scontent.ftgz4-1.fna&_nc_gid=AxELd8YEsfa_A8hisULYPw&_nc_ss=7f180&oh=00_AQDQMNjEPRAH4iu87vPWJEAj588MCKqZlFKqgUGFxG4ISQ&oe=6A50AFD9,,"['FACEBOOK', 'INSTAGRAM', 'AUDIENCE_NETWORK', 'MESSENGER', 'WHATSAPP', 'THREADS']",au,cw,facebook,social,2026-W27,2026-07,"FACEBOOK, INSTAGRAM, AUDIENCE_NETWORK, MESSENGER, WHATSAPP, THREADS",True,True,True,True,True,True,Brand/Category Page,True,False,False,2026-07-06,2026-06-11 07:00:00,2026-07-06 16:23:53.030278,25
1017489520650323,966142949591595,True,2026-06-11 07:00:00,2026-07-05 07:00:00,Chemist Warehouse,Chemist Warehouse,{{product.name}},{{product.brand}},Shop now,DCO,https://www.chemistwarehouse.com.au/shop-online/902/sukin?utm_source=facebook&utm_medium=social&utm_campaign=au_cw_coop_facebook_social_bwxbrandsptyltd_sukin_665_2026_100133-bau_video-image&utm_term=traffic&utm_content=video-image_all,www.chemistwarehouse.com.au,/shop-online/902/sukin,facebook,social,au_cw_coop_facebook_social_bwxbrandsptyltd_sukin_665_2026_100133-bau_video-image,665,traffic,video-image_all,Coop,Bwxbrandsptyltd,Sukin,2026,video-image,Sukin's New Radiance,"Gift your mum the glow she deserves with Sukin's new Glow Active C, Clinically proven.",Shop Now,https://scontent.ftgz4-1.fna.fbcdn.net/v/t39.35426-6/722956237_1334366111962816_1777785879966981993_n.jpg?_nc_cat=105&ccb=1-7&_nc_sid=c53f8f&_nc_ohc=u57KJ11wdXUQ7kNvwHHuLWD&_nc_oc=AdodfGtTyhO_cKsMW8X5smQJw0Mtiln3KAPixeOReSupsmBw8mk1W0Ey3RSdlTUtOQ8&_nc_zt=14&_nc_ht=scontent.ftgz4-1.fna&_nc_gid=D-mY_vGBtulQ_bBHBY06TA&_nc_ss=7f180&oh=00_AQDpHJ2o8YncqEdW9AEBiXF8ibUsxeBYxY6VznsWtAM11Q&oe=6A50BC9E,,"['FACEBOOK', 'INSTAGRAM', 'AUDIENCE_NETWORK', 'MESSENGER', 'WHATSAPP', 'THREADS']",au,cw,facebook,social,2026-W27,2026-07,"FACEBOOK, INSTAGRAM, AUDIENCE_NETWORK, MESSENGER, WHATSAPP, THREADS",True,True,True,True,True,True,Brand/Category Page,True,False,False,2026-07-06,2026-06-11 07:00:00,2026-07-06 16:23:53.030278,25
979514875080411,1706071150719265,True,2026-06-16 07:00:00,2026-07-05 07:00:00,Chemist Warehouse,Chemist Warehouse,{{product.name}},{{product.brand}},Shop now,DCO,https://www.chemistwarehouse.com.au/shop-online/1272/metamucil?utm_source=facebook&utm_medium=social&utm_campaign=au_cw_oa_facebook_social_proctergambleaustralia_metamucil_81_2026_100539-oa_video-image&utm_term=traffic&utm_content=video-image_all,www.chemistwarehouse.com.au,/shop-online/1272/metamucil,facebook,social,au_cw_oa_facebook_social_proctergambleaustralia_metamucil_81_2026_100539-oa_video-image,81,traffic,video-image_all,O&O,Proctergambleaustralia,Metamucil,2026,video-image,NEW METAMUCIL FIBRE THINS,Easy & Delicious Way to boost your daily fibre. TRY NOW 25% OFF EDLP at Chemist Warehouse,Shop Now,https://scontent.ftgz4-1.fna.fbcdn.net/v/t39.35426-6/724625119_2059820088252753_5868585224921423765_n.jpg?_nc_cat=101&ccb=1-7&_nc_sid=c53f8f&_nc_ohc=0R1mZK5GiV4Q7kNvwGcK8So&_nc_oc=Adp9B1UWf6XpcquKu1p7fAC2WwR56hGj0VExNcRsf4cVC_uwNdxffRmvz-8ueP3Z-Io&_nc_zt=14&_nc_ht=scontent.ftgz4-1.fna&_nc_gid=6EjFrZ93n0L-cZGRn1LhsQ&_nc_ss=7f180&oh=00_AQC1G7EeISKn4Br42oYXdzQ8IIVpeFRIz8VKl1SHm757zg&oe=6A509922,,"['FACEBOOK', 'INSTAGRAM', 'AUDIENCE_NETWORK', 'MESSENGER', 'WHATSAPP', 'THREADS']",au,cw,facebook,social,2026-W27,2026-07,"FACEBOOK, INSTAGRAM, AUDIENCE_NETWORK, MESSENGER, WHATSAPP, THREADS",True,True,True,True,True,True,Brand/Category Page,True,False,False,2026-07-06,2026-06-16 07:00:00,2026-07-06 16:23:53.030278,20
2794647137568062,1340702974692580,True,2026-06-11 07:00:00,2026-07-05 07:00:00,Chemist Warehouse,Chemist Warehouse,{{product.name}},{{product.brand}},Shop now,DCO,https://www.chemistwarehouse.com.au/shop-online/902/sukin?utm_source=facebook&utm_medium=social&utm_campaign=au_cw_coop_facebook_social_bwxbrandsptyltd_sukin_665_2026_100133-bau_video-image&utm_term=traffic&utm_content=video-image_all,www.chemistwarehouse.com.au,/shop-online/902/sukin,facebook,social,au_cw_coop_facebook_social_bwxbrandsptyltd_sukin_665_2026_100133-bau_video-image,665,traffic,video-image_all,Coop,Bwxbrandsptyltd,Sukin,2026,video-image,Sukin's New Radiance,"Gift your mum the glow she deserves with Sukin's new Glow Active C, Clinically proven.",Shop Now,https://scontent.ftgz4-1.fna.fbcdn.net/v/t39.35426-6/721516780_1516592520148880_8466089475261369170_n.jpg?_nc_cat=105&ccb=1-7&_nc_sid=c53f8f&_nc_ohc=Y2M9lTi_-UoQ7kNvwG_V9O4&_nc_oc=AdrJDFcqidOk0z7GRV-eDKYr4-p_VFlhAOYsBmk0HzQnKHwS1ouzSDLssJIbSMVvyxM&_nc_zt=14&_nc_ht=scontent.ftgz4-1.fna&_nc_gid=D-mY_vGBtulQ_bBHBY06TA&_nc_ss=7f180&oh=00_AQASbec4ZyRw5PXqWuS0AicSDKP1rmDa1TYLbFDq9QCbUg&oe=6A508FE9,,"['FACEBOOK', 'INSTAGRAM', 'AUDIENCE_NETWORK', 'MESSENGER', 'WHATSAPP', 'THREADS']",au,cw,facebook,social,2026-W27,2026-07,"FACEBOOK, INSTAGRAM, AUDIENCE_NETWORK, MESSENGER, WHATSAPP, THREADS",True,True,True,True,True,True,Brand/Category Page,True,False,False,2026-07-06,2026-06-11 07:00:00,2026-07-06 16:23:53.030278,25
1720121482667929,994717026712109,True,2026-06-11 07:00:00,2026-07-05 07:00:00,Chemist Warehouse,Chemist Warehouse,{{product.name}},{{product.brand}},Shop now,DCO,https://www.chemistwarehouse.com.au/shop-online/902/sukin?utm_source=facebook&utm_medium=social&utm_campaign=au_cw_coop_facebook_social_bwxbrandsptyltd_sukin_665_2026_100133-bau_video-image&utm_term=traffic&utm_content=video-image_all,www.chemistwarehouse.com.au,/shop-online/902/sukin,facebook,social,au_cw_coop_facebook_social_bwxbrandsptyltd_sukin_665_2026_100133-bau_video-image,665,traffic,video-image_all,Coop,Bwxbrandsptyltd,Sukin,2026,video-image,Sukin's New Radiance,"Gift your mum the glow she deserves with Sukin's new Glow Active C, Clinically proven.",Shop Now,https://scontent.ftgz4-1.fna.fbcdn.net/v/t39.35426-6/720112094_1679340799991662_2334275423877427129_n.jpg?_nc_cat=100&ccb=1-7&_nc_sid=c53f8f&_nc_ohc=oSgZebL1GaIQ7kNvwE6uWKK&_nc_oc=AdqL-f-kOqBmghFx8TUf0UgLyZ2mNJAfDnpIccpqocGctUThT6vGi4COdEnQZ6esgA4&_nc_zt=14&_nc_ht=scontent.ftgz4-1.fna&_nc_gid=D-mY_vGBtulQ_bBHBY06TA&_nc_ss=7f180&oh=00_AQD_07VDav15zhHNRmapp5e3TR-dvtFzDGcE4vf98LY1OA&oe=6A50C192,,"['FACEBOOK', 'INSTAGRAM', 'AUDIENCE_NETWORK', 'MESSENGER', 'WHATSAPP', 'THREADS']",au,cw,facebook,social,2026-W27,2026-07,"FACEBOOK, INSTAGRAM, AUDIENCE_NETWORK, MESSENGER, WHATSAPP, THREADS",True,True,True,True,True,True,Brand/Category Page,True,False,False,2026-07-06,2026-06-11 07:00:00,2026-07-06 16:23:53.030278,25
2144305776351869,1488911652814653,True,2026-06-11 07:00:00,2026-07-04 07:00:00,Chemist Warehouse,Chemist Warehouse,{{product.name}},{{product.brand}},Shop now,DCO,https://www.chemistwarehouse.com.au/shop-online/902/sukin?utm_source=facebook&utm_medium=social&utm_campaign=au_cw_coop_facebook_social_bwxbrandsptyltd_sukin_665_2026_100133-bau_video-image&utm_term=traffic&utm_content=video-image_all,www.chemistwarehouse.com.au,/shop-online/902/sukin,facebook,social,au_cw_coop_facebook_social_bwxbrandsptyltd_sukin_665_2026_100133-bau_video-image,665,traffic,video-image_all,Coop,Bwxbrandsptyltd,Sukin,2026,video-image,Sukin's New Men's Range,"Re-engineered for Men, naturally",Shop Now,https://scontent.ftgz4-1.fna.fbcdn.net/v/t39.35426-6/662120061_933803946214913_7193988565546084730_n.jpg?_nc_cat=110&ccb=1-7&_nc_sid=c53f8f&_nc_ohc=0KWIbPxQ5UYQ7kNvwF_MRbA&_nc_oc=AdpHAmtZmm1oJ7PQ6lErJieFkMRUeUKnm7NLtZzZjGAiKo72zshnuAY3NRrCZcrtP9I&_nc_zt=14&_nc_ht=scontent.ftgz4-1.fna&_nc_gid=D-mY_vGBtulQ_bBHBY06TA&_nc_ss=7f180&oh=00_AQBVQ8PDQIrFMb1GqKiQ7ewOt9rhFW6-D8AF4U-feA1CuA&oe=6A509415,,"['FACEBOOK', 'INSTAGRAM', 'AUDIENCE_NETWORK', 'MESSENGER', 'WHATSAPP', 'THREADS']",au,cw,facebook,social,2026-W27,2026-07,"FACEBOOK, INSTAGRAM, AUDIENCE_NETWORK, MESSENGER, WHATSAPP, THREADS",True,True,True,True,True,True,Brand/Category Page,True,False,False,2026-07-06,2026-06-11 07:00:00,2026-07-06 16:23:53.030278,25
984643161008890,1287415183357671,True,2026-06-10 07:00:00,2026-07-03 07:00:00,Chemist Warehouse,Chemist Warehouse,{{product.name}},{{product.brand}},Shop now,DCO,https://www.chemistwarehouse.com.au/shop-online/902/sukin?utm_source=facebook&utm_medium=social&utm_campaign=au_cw_coop_facebook_social_bwxbrandsptyltd_sukin_665_2026_100133-bau_video-image&utm_term=traffic&utm_content=video-image_all,www.chemistwarehouse.com.au,/shop-online/902/sukin,facebook,social,au_cw_coop_facebook_social_bwxbrandsptyltd_sukin_665_2026_100133-bau_video-image,665,traffic,video-image_all,Coop,Bwxbrandsptyltd,Sukin,2026,video-image,Sukin's New Sensitive Scalpcare Range,"Gentle on scalp, soft on hair",Shop Now,https://scontent.ftgz4-1.fna.fbcdn.net/v/t39.35426-6/662670169_1638141274060599_4138531430275163714_n.jpg?_nc_cat=110&ccb=1-7&_nc_sid=c53f8f&_nc_ohc=h2RqLUzaGMYQ7kNvwGLadSu&_nc_oc=Adr4GaAXx0DC8cOSwkOWx_xOlebB1BW_ce1ROk7dV_jnt9D3hqZTvtEuLWergG0bBdo&_nc_zt=14&_nc_ht=scontent.ftgz4-1.fna&_nc_gid=D-mY_vGBtulQ_bBHBY06TA&_nc_ss=7f180&oh=00_AQCdACIjymScHRORJtm2QDZHfL6as1I-JfI01Wz2ZkK_Xg&oe=6A50BCFF,,"['FACEBOOK', 'INSTAGRAM', 'AUDIENCE_NETWORK', 'MESSENGER', 'WHATSAPP', 'THREADS']",au,cw,facebook,social,2026-W27,2026-07,"FACEBOOK, INSTAGRAM, AUDIENCE_NETWORK, MESSENGER, WHATSAPP, THREADS",True,True,True,True,True,True,Brand/Category Page,True,False,False,2026-07-06,2026-06-10 07:00:00,2026-07-06 16:23:53.030278,26
1022788360217432,2189920005137459,True,2026-06-11 07:00:00,2026-07-04 07:00:00,Chemist Warehouse,Chemist Warehouse,{{product.name}},{{product.brand}},Shop now,DCO,https://www.chemistwarehouse.com.au/shop-online/902/sukin?utm_source=facebook&utm_medium=social&utm_campaign=au_cw_coop_facebook_social_bwxbrandsptyltd_sukin_665_2026_100133-bau_video-image&utm_term=traffic&utm_content=video-image_all,www.chemistwarehouse.com.au,/shop-online/902/sukin,facebook,social,au_cw_coop_facebook_social_bwxbrandsptyltd_sukin_665_2026_100133-bau_video-image,665,traffic,video-image_all,Coop,Bwxbrandsptyltd,Sukin,2026,video-image,All-in-one Hair Spritz,"Afraid of Heat Damage? Not anymore, with one Spritz that reduces damage & hydrates scalp.",Shop Now,https://scontent.ftgz4-1.fna.fbcdn.net/v/t39.35426-6/723197062_3543893212436412_3590643982748247008_n.jpg?_nc_cat=107&ccb=1-7&_nc_sid=c53f8f&_nc_ohc=N3IUFxNjTeoQ7kNvwHN1M6B&_nc_oc=Adr816haaX_Oj_3F6jnHVshBcPBtYK0IVD5uAKt2u6baJFwC4ZD7Fjb6lpJziQM6RCo&_nc_zt=14&_nc_ht=scontent.ftgz4-1.fna&_nc_gid=D-mY_vGBtulQ_bBHBY06TA&_nc_ss=7f180&oh=00_AQBuw91HpD7iKEG88ZxpVO5DJjcoGBP9VdRlD7kG7OiTHg&oe=6A50A2A1,,"['FACEBOOK', 'INSTAGRAM', 'AUDIENCE_NETWORK', 'MESSENGER', 'WHATSAPP', 'THREADS']",au,cw,facebook,social,2026-W27,2026-07,"FACEBOOK, INSTAGRAM, AUDIENCE_NETWORK, MESSENGER, WHATSAPP, THREADS",True,True,True,True,True,True,Brand/Category Page,True,False,False,2026-07-06,2026-06-11 07:00:00,2026-07-06 16:23:53.030278,25
4490935531229973,,True,2026-06-10 07:00:00,2026-07-05 07:00:00,Chemist Warehouse,Chemist Warehouse,Target Dandruff From First Use,Say goodbye to dandruff with the world’s #1 derm-recommended brand. Clinical efficacy you can trust. Shop now!,Shop now,IMAGE,https://fb.com/canvas_doc/1943345497055585,fb.com,/canvas_doc/1943345497055585,,,,,,,Not Specified,,,,,,,,,,"['FACEBOOK', 'INSTAGRAM', 'AUDIENCE_NETWORK', 'MESSENGER', 'THREADS']",,,,,2026-W27,2026-07,"FACEBOOK, INSTAGRAM, AUDIENCE_NETWORK, MESSENGER, THREADS",True,True,True,True,True,False,Internal/App Page,True,False,False,2026-07-06,2026-06-10 07:00:00,2026-07-06 16:23:53.030278,26
1623590263099449,2501070800339503,True,2026-06-12 07:00:00,2026-06-25 07:00:00,Chemist Warehouse,Chemist Warehouse,Sukin's New Sensitive Scalpcare Range,"Gentle on scalp, soft on hair",Shop now,VIDEO,https://www.chemistwarehouse.com.au/shop-online/902/sukin?utm_source=facebook&utm_medium=social&utm_campaign=au_cw_coop_facebook_social_bwxbrandsptyltd_sukin_665_2026_100133-bau_video-image&utm_term=traffic&utm_content=video-image_all,www.chemistwarehouse.com.au,/shop-online/902/sukin,facebook,social,au_cw_coop_facebook_social_bwxbrandsptyltd_sukin_665_2026_100133-bau_video-image,665,traffic,video-image_all,Coop,Bwxbrandsptyltd,Sukin,2026,video-image,,,,,,"['FACEBOOK', 'INSTAGRAM', 'AUDIENCE_NETWORK', 'MESSENGER', 'WHATSAPP', 'THREADS']",au,cw,facebook,social,2026-W27,2026-07,"FACEBOOK, INSTAGRAM, AUDIENCE_NETWORK, MESSENGER, WHATSAPP, THREADS",True,True,True,True,True,True,Brand/Category Page,True,False,False,2026-07-06,2026-06-12 07:00:00,2026-07-06 16:23:53.030278,24
1672651500676476,1734566137907613,True,2026-06-11 07:00:00,2026-06-29 07:00:00,Chemist Warehouse,Chemist Warehouse,{{product.name}},{{product.brand}},Shop now,DCO,https://www.chemistwarehouse.com.au/shop-online/902/sukin?utm_source=facebook&utm_medium=social&utm_campaign=au_cw_coop_facebook_social_bwxbrandsptyltd_sukin_665_2026_100133-bau_video-image&utm_term=traffic&utm_content=video-image_all,www.chemistwarehouse.com.au,/shop-online/902/sukin,facebook,social,au_cw_coop_facebook_social_bwxbrandsptyltd_sukin_665_2026_100133-bau_video-image,665,traffic,video-image_all,Coop,Bwxbrandsptyltd,Sukin,2026,video-image,All-in-one Hair Spritz,"Afraid of Heat Damage? Not anymore, with one Spritz that reduces damage & hydrates scalp.",Shop Now,https://scontent.ftgz4-1.fna.fbcdn.net/v/t39.35426-6/721430359_2336668206743492_1691212261620231036_n.jpg?_nc_cat=110&ccb=1-7&_nc_sid=c53f8f&_nc_ohc=bAIBKrK-l7IQ7kNvwFE6UCx&_nc_oc=AdoNInpOWGIITYXncT8A69k4b6WHmMCdgEpOi4crLCS6R8U0E681q8LZj0hkb1tI5dI&_nc_zt=14&_nc_ht=scontent.ftgz4-1.fna&_nc_gid=D-mY_vGBtulQ_bBHBY06TA&_nc_ss=7f180&oh=00_AQAD4gsMYX3nk0Y5o02stDMxyL1ADb9Y0IfE3U6uy-SBnQ&oe=6A50A08B,,"['FACEBOOK', 'INSTAGRAM', 'AUDIENCE_NETWORK', 'MESSENGER', 'WHATSAPP', 'THREADS']",au,cw,facebook,social,2026-W27,2026-07,"FACEBOOK, INSTAGRAM, AUDIENCE_NETWORK, MESSENGER, WHATSAPP, THREADS",True,True,True,True,True,True,Brand/Category Page,True,False,False,2026-07-06,2026-06-11 07:00:00,2026-07-06 16:23:53.030278,25
4470365889899763,26443316995343858,True,2026-06-11 07:00:00,2026-07-05 07:00:00,Chemist Warehouse,Chemist Warehouse,{{product.name}},{{product.brand}},Shop now,DCO,https://www.chemistwarehouse.com.au/shop-online/902/sukin?utm_source=facebook&utm_medium=social&utm_campaign=au_cw_coop_facebook_social_bwxbrandsptyltd_sukin_665_2026_100133-bau_video-image&utm_term=traffic&utm_content=video-image_all,www.chemistwarehouse.com.au,/shop-online/902/sukin,facebook,social,au_cw_coop_facebook_social_bwxbrandsptyltd_sukin_665_2026_100133-bau_video-image,665,traffic,video-image_all,Coop,Bwxbrandsptyltd,Sukin,2026,video-image,Sukin's New Radiance,"Gift your mum the glow she deserves with Sukin's new Glow Active C, Clinically proven.",Shop Now,https://scontent.ftgz4-1.fna.fbcdn.net/v/t39.35426-6/723086261_1010465604708751_966310548934062954_n.jpg?_nc_cat=105&ccb=1-7&_nc_sid=c53f8f&_nc_ohc=KX9tdDUQRcgQ7kNvwESwLit&_nc_oc=AdqXJwMNO_LCCkMgPwHyg8WkGNiKDoDneORpPfH6nKMLEMB_AmI0mJnconfzODHYvws&_nc_zt=14&_nc_ht=scontent.ftgz4-1.fna&_nc_gid=D-mY_vGBtulQ_bBHBY06TA&_nc_ss=7f180&oh=00_AQCskrDy4-OeMwMCqJNnocHYNcAGOBSLPi__IOd1Mk6vJQ&oe=6A50BAA3,,"['FACEBOOK', 'INSTAGRAM', 'AUDIENCE_NETWORK', 'MESSENGER', 'WHATSAPP', 'THREADS']",au,cw,facebook,social,2026-W27,2026-07,"FACEBOOK, INSTAGRAM, AUDIENCE_NETWORK, MESSENGER, WHATSAPP, THREADS",True,True,True,True,True,True,Brand/Category Page,True,False,False,2026-07-06,2026-06-11 07:00:00,2026-07-06 16:23:53.030278,25
1304430901802497,,True,2026-06-10 07:00:00,2026-07-05 07:00:00,Chemist Warehouse,Chemist Warehouse,Flake-Free Scalp. Trust Dercos by Vichy,"Recommended By Dermatologists. Try DERCOS, The Haircare And Scalp Expert.",Shop now,IMAGE,https://fb.com/canvas_doc/1311302761198627,fb.com,/canvas_doc/1311302761198627,,,,,,,Not Specified,,,,,,,,,,"['FACEBOOK', 'INSTAGRAM', 'AUDIENCE_NETWORK', 'MESSENGER', 'THREADS']",,,,,2026-W27,2026-07,"FACEBOOK, INSTAGRAM, AUDIENCE_NETWORK, MESSENGER, THREADS",True,True,True,True,True,False,Internal/App Page,True,False,False,2026-07-06,2026-06-10 07:00:00,2026-07-06 16:23:53.030278,26
1661074475103278,954049961025404,True,2026-06-11 07:00:00,2026-07-05 07:00:00,Chemist Warehouse,Chemist Warehouse,{{product.name}},{{product.brand}},Learn more,DCO,https://www.chemistwarehouse.com.au/shop-online/705628/oli6?utm_source=facebook&utm_medium=social&utm_campaign=au_cw_coop_facebook_social_nuchevptyltd_oli6_20_2026_100001-bau_carousel-video&utm_term=traffic&utm_content=carousel-video_video-6,www.chemistwarehouse.com.au,/shop-online/705628/oli6,facebook,social,au_cw_coop_facebook_social_nuchevptyltd_oli6_20_2026_100001-bau_carousel-video,20,traffic,carousel-video_video-6,Coop,Nuchevptyltd,Oli6,2026,carousel-video,Goat Milk. Gentle Relief.,Naturally A2 Protein. Goat Milk nutrition easier on little tummies.,Learn More,,https://video.ftgz4-1.fna.fbcdn.net/o1/v/t2/f2/m366/AQP32OXXzax8CShID4IroBbekaCRtYn4mYjIdqE7lGb6OF6IV6OMnUVaBb-lnehVZvfh57Ibet4bYvMai0gyqunTI96wr5l9olP4CZmvukOJHg.mp4?_nc_cat=100&_nc_oc=AdoN_UGWcmQcxoocrJD3TEOPgaMb6fZYESOrPIP2M9ZKnK0dy1l2gsFKzO-lv9Bm_9Y&_nc_sid=b66105&_nc_ht=video.ftgz4-1.fna.fbcdn.net&_nc_ohc=49S_B2PLF08Q7kNvwHW-LN3&efg=eyJ2ZW5jb2RlX3RhZyI6Inhwdl9wcm9ncmVzc2l2ZS5WSV9VU0VDQVNFX1BST0RVQ1RfVFlQRS4uQzMuNzIwLmRhc2hfaDI2NC1iYXNpYy1nZW4yXzcyMHAiLCJ4cHZfYXNzZXRfaWQiOjEwMzY1MTI1MjU5ODU2NTQsImFzc2V0X2FnZV9kYXlzIjoyNSwidmlfdXNlY2FzZV9pZCI6MTA3OTksImR1cmF0aW9uX3MiOjksInVybGdlbl9zb3VyY2UiOiJ3d3cifQ%3D%3D&ccb=17-1&vs=c922c26bf50d01ae&_nc_vs=HBksFQIYRWZiX2VwaGVtZXJhbC84RDQ2MkNENDdCQTFDRkEwNDYzQjk5OUI4N0VBNjk5OF9tdF8xX3ZpZGVvX2Rhc2hpbml0Lm1wNBUAAsgBEgAVAhhAZmJfcGVybWFuZW50LzdGNDk5QzMwRUNDQjE1QTkxN0VEMTRBNjQwMzY5MUJGX2F1ZGlvX2Rhc2hpbml0Lm1wNBUCAsgBEgAoABgAGwKIB3VzZV9vaWwBMRJwcm9ncmVzc2l2ZV9yZWNpcGUBMRUAACbsndWO_KzXAxUCKAJDMywXQCNEGJN0vGoYGWRhc2hfaDI2NC1iYXNpYy1nZW4yXzcyMHARAHUAZd6oAQA&_nc_gid=D-mY_vGBtulQ_bBHBY06TA&_nc_ss=7f180&_nc_zt=28&oh=00_AQBsg9jasO6WdLNGkzStVIv9gspGHMWfi7KnNsWQoG9wKQ&oe=6A50B7BC,"['FACEBOOK', 'INSTAGRAM', 'MESSENGER', 'THREADS']",au,cw,facebook,social,2026-W27,2026-07,"FACEBOOK, INSTAGRAM, MESSENGER, THREADS",True,True,False,True,True,False,Brand/Category Page,True,False,False,2026-07-06,2026-06-11 07:00:00,2026-07-06 16:23:53.030278,25
2806058736457805,973308212187104,True,2026-06-11 07:00:00,2026-07-05 07:00:00,Chemist Warehouse,Chemist Warehouse,{{product.name}},{{product.brand}},Learn more,DCO,https://www.chemistwarehouse.com.au/shop-online/705628/oli6?utm_source=facebook&utm_medium=social&utm_campaign=au_cw_coop_facebook_social_nuchevptyltd_oli6_20_2026_100001-bau_carousel-video&utm_term=traffic&utm_content=carousel-video_video-5,www.chemistwarehouse.com.au,/shop-online/705628/oli6,facebook,social,au_cw_coop_facebook_social_nuchevptyltd_oli6_20_2026_100001-bau_carousel-video,20,traffic,carousel-video_video-5,Coop,Nuchevptyltd,Oli6,2026,carousel-video,Goat Milk. Gentle Relief.,Naturally A2 Protein. Goat Milk nutrition easier on little tummies.,Learn More,,https://video.ftgz4-1.fna.fbcdn.net/o1/v/t2/f2/m366/AQM7A7VzpApIopuZvamUqV5YGpJ2D1z500_xNYXCwaISHJ0MzHQQXSVBiUnkbbztUZ2U1ujy5mMXPOxuIL49VMYhkFfgNt0B5lGOTQpVWPz3-g.mp4?_nc_cat=104&_nc_oc=AdqBW7ek-hMHVCTTohbb8LoUoRN0FRrIB5Orq879kXGFxzNthrMizRENOOLNc0aQkv8&_nc_sid=b66105&_nc_ht=video.ftgz4-1.fna.fbcdn.net&_nc_ohc=3oBV8ItS0isQ7kNvwFb4YCm&efg=eyJ2ZW5jb2RlX3RhZyI6Inhwdl9wcm9ncmVzc2l2ZS5WSV9VU0VDQVNFX1BST0RVQ1RfVFlQRS4uQzMuNzIwLmRhc2hfaDI2NC1iYXNpYy1nZW4yXzcyMHAiLCJ4cHZfYXNzZXRfaWQiOjE5MzE1MDI5Mjc1MDQ4MDIsImFzc2V0X2FnZV9kYXlzIjoyNSwidmlfdXNlY2FzZV9pZCI6MTA3OTksImR1cmF0aW9uX3MiOjE1LCJ1cmxnZW5fc291cmNlIjoid3d3In0%3D&ccb=17-1&vs=4b0ef15256547b5e&_nc_vs=HBksFQIYRWZiX2VwaGVtZXJhbC9DQjQ1NkRDMUQ5QjkwNDU0RUE2RjU2NzY0NTc0NEI4Ql9tdF8xX3ZpZGVvX2Rhc2hpbml0Lm1wNBUAAsgBEgAVAhhAZmJfcGVybWFuZW50LzMwNEEzNTA3NTY0QzgwRjQ4NEQ0ODNGQjAyMUZFNUFEX2F1ZGlvX2Rhc2hpbml0Lm1wNBUCAsgBEgAoABgAGwKIB3VzZV9vaWwBMRJwcm9ncmVzc2l2ZV9yZWNpcGUBMRUAACbEloOeoqzuBhUCKAJDMywXQC4AAAAAAAAYGWRhc2hfaDI2NC1iYXNpYy1nZW4yXzcyMHARAHUAZd6oAQA&_nc_gid=D-mY_vGBtulQ_bBHBY06TA&_nc_ss=7f180&_nc_zt=28&oh=00_AQDBR0PthvQZ7FcRj9WoqKOnMOOZW1dFi_qEk_Evy_gdjA&oe=6A508FBC,"['FACEBOOK', 'INSTAGRAM', 'MESSENGER', 'THREADS']",au,cw,facebook,social,2026-W27,2026-07,"FACEBOOK, INSTAGRAM, MESSENGER, THREADS",True,True,False,True,True,False,Brand/Category Page,True,False,False,2026-07-06,2026-06-11 07:00:00,2026-07-06 16:23:53.030278,25
993487136783891,1312113263851782,True,2026-06-11 07:00:00,2026-07-05 07:00:00,Chemist Warehouse,Chemist Warehouse,{{product.name}},{{product.brand}},Shop now,DCO,https://www.chemistwarehouse.com.au/shop-online/4617/essano-skincare?utm_source=facebook&utm_medium=social&utm_campaign=au_cw_coop_facebook_social_vitalitybrandsworldwide_essano_665_2026_100243-bau_video-image&utm_term=traffic&utm_content=video-image_all,www.chemistwarehouse.com.au,/shop-online/4617/essano-skincare,facebook,social,au_cw_coop_facebook_social_vitalitybrandsworldwide_essano_665_2026_100243-bau_video-image,665,traffic,video-image_all,Coop,Vitalitybrandsworldwide,Essano,2026,video-image,One drop closer to quenched skin,"Plump, hydrated skin starts with essano Hydration+ powered by four weights of hyaluronic acid. No fluff, just results.",Shop Now,https://scontent.ftgz4-1.fna.fbcdn.net/v/t39.35426-6/719598180_2187987498627125_4184615972373812202_n.jpg?_nc_cat=103&ccb=1-7&_nc_sid=c53f8f&_nc_ohc=TCG2AS1Nu2IQ7kNvwHXWzCK&_nc_oc=AdpxszUu-w1qihpR1-T4dZ6XpqRIALlIGuTGpUf0by7Dy5RQBypke6bhphZ-AxlOAME&_nc_zt=14&_nc_ht=scontent.ftgz4-1.fna&_nc_gid=D-mY_vGBtulQ_bBHBY06TA&_nc_ss=7f180&oh=00_AQDHkzeSO77N3TLytvbL_7kBxtjWUGWdiywEXh-JZ3Z9Hg&oe=6A50A411,,"['FACEBOOK', 'INSTAGRAM', 'AUDIENCE_NETWORK', 'MESSENGER', 'THREADS']",au,cw,facebook,social,2026-W27,2026-07,"FACEBOOK, INSTAGRAM, AUDIENCE_NETWORK, MESSENGER, THREADS",True,True,True,True,True,False,Brand/Category Page,True,False,False,2026-07-06,2026-06-11 07:00:00,2026-07-06 16:23:53.030278,25
1332692462332560,960019757090737,True,2026-06-11 07:00:00,2026-07-05 07:00:00,Chemist Warehouse,Chemist Warehouse,{{product.name}},{{product.brand}},Shop now,DCO,https://www.chemistwarehouse.com.au/shop-online/4617/essano-skincare?utm_source=facebook&utm_medium=social&utm_campaign=au_cw_coop_facebook_social_vitalitybrandsworldwide_essano_665_2026_100243-bau_video-image&utm_term=traffic&utm_content=video-image_all,www.chemistwarehouse.com.au,/shop-online/4617/essano-skincare,facebook,social,au_cw_coop_facebook_social_vitalitybrandsworldwide_essano_665_2026_100243-bau_video-image,665,traffic,video-image_all,Coop,Vitalitybrandsworldwide,Essano,2026,video-image,One drop closer to quenched skin,"Plump, hydrated skin starts with essano Hydration+ powered by four weights of hyaluronic acid. No fluff, just results.",Shop Now,https://scontent.ftgz4-1.fna.fbcdn.net/v/t39.35426-6/719051238_2305732499956254_5785978151516134274_n.jpg?_nc_cat=107&ccb=1-7&_nc_sid=c53f8f&_nc_ohc=4ARY19xpZgIQ7kNvwESQA95&_nc_oc=AdoTFlr2r0Zf76G5AVYCFC-lujQ3jpNXWsq2tXxFcxCo4A6zB77ZlxnAcWtp5daQGSs&_nc_zt=14&_nc_ht=scontent.ftgz4-1.fna&_nc_gid=D-mY_vGBtulQ_bBHBY06TA&_nc_ss=7f180&oh=00_AQANJQz6OFc0BLuMzfAX4hbicZsOEzJAuq9DxasiqCOF9w&oe=6A509A5E,,"['FACEBOOK', 'INSTAGRAM', 'AUDIENCE_NETWORK', 'MESSENGER', 'THREADS']",au,cw,facebook,social,2026-W27,2026-07,"FACEBOOK, INSTAGRAM, AUDIENCE_NETWORK, MESSENGER, THREADS",True,True,True,True,True,False,Brand/Category Page,True,False,False,2026-07-06,2026-06-11 07:00:00,2026-07-06 16:23:53.030278,25
997151496502885,1639240033852168,True,2026-06-11 07:00:00,2026-07-05 07:00:00,Chemist Warehouse,Chemist Warehouse,{{product.name}},{{product.brand}},Shop now,DCO,https://www.chemistwarehouse.com.au/shop-online/4617/essano-skincare?utm_source=facebook&utm_medium=social&utm_campaign=au_cw_coop_facebook_social_vitalitybrandsworldwide_essano_665_2026_100243-bau_video-image&utm_term=traffic&utm_content=video-image_all,www.chemistwarehouse.com.au,/shop-online/4617/essano-skincare,facebook,social,au_cw_coop_facebook_social_vitalitybrandsworldwide_essano_665_2026_100243-bau_video-image,665,traffic,video-image_all,Coop,Vitalitybrandsworldwide,Essano,2026,video-image,One drop closer to quenched skin,"Plump, hydrated skin starts with essano Hydration+ powered by four weights of hyaluronic acid. No fluff, just results.",Shop Now,https://scontent.ftgz4-1.fna.fbcdn.net/v/t39.35426-6/721129477_1680104559775850_1724707076740059685_n.jpg?_nc_cat=101&ccb=1-7&_nc_sid=c53f8f&_nc_ohc=YLkYPORnGB4Q7kNvwHT7r0m&_nc_oc=AdqYFNB0qSiTED6wHS11cPZGzw9nMB2MNf_euwmPz7fAboTjp3r76nWr0XFxljZOJig&_nc_zt=14&_nc_ht=scontent.ftgz4-1.fna&_nc_gid=D-mY_vGBtulQ_bBHBY06TA&_nc_ss=7f180&oh=00_AQCISab8HLQPK4WmBcMu3r-_MkGQkCbueZDZTQTHgCFUew&oe=6A50B3E5,,"['FACEBOOK', 'INSTAGRAM', 'AUDIENCE_NETWORK', 'MESSENGER', 'THREADS']",au,cw,facebook,social,2026-W27,2026-07,"FACEBOOK, INSTAGRAM, AUDIENCE_NETWORK, MESSENGER, THREADS",True,True,True,True,True,False,Brand/Category Page,True,False,False,2026-07-06,2026-06-11 07:00:00,2026-07-06 16:23:53.030278,25
2051067898862231,1920043732047233,True,2026-06-11 07:00:00,2026-06-29 07:00:00,Chemist Warehouse,Chemist Warehouse,{{product.name}},{{product.brand}},Shop now,DCO,https://www.chemistwarehouse.com.au/shop-online/902/sukin?utm_source=facebook&utm_medium=social&utm_campaign=au_cw_coop_facebook_social_bwxbrandsptyltd_sukin_665_2026_100133-bau_video-image&utm_term=traffic&utm_content=video-image_all,www.chemistwarehouse.com.au,/shop-online/902/sukin,facebook,social,au_cw_coop_facebook_social_bwxbrandsptyltd_sukin_665_2026_100133-bau_video-image,665,traffic,video-image_all,Coop,Bwxbrandsptyltd,Sukin,2026,video-image,Everyday Bodycare Rituals,Upgrade your shower routine with Sukin bodycare essentials at Chemist Warehouse.,Shop Now,,https://video.ftgz4-1.fna.fbcdn.net/o1/v/t2/f2/m366/AQNrfzGzBb4UutGkVOkEmAyEjHaKJUhvhzIxuqV8NBddcG7ZrQLw-VCdyQRdy-FbSbls2BgcXxvke9-ts-IqNamKHyu3uy0M6gQMTNs7-EyhUw.mp4?_nc_cat=105&_nc_oc=Adpe1USgs0CL5YhIvVbtYhaIRMDKOqEex4OjLMsjZu4tp-h31wjRjcZ8iucEmo_BHMs&_nc_sid=b66105&_nc_ht=video.ftgz4-1.fna.fbcdn.net&_nc_ohc=41ocZfUcPMQQ7kNvwH1pds2&efg=eyJ2ZW5jb2RlX3RhZyI6Inhwdl9wcm9ncmVzc2l2ZS5WSV9VU0VDQVNFX1BST0RVQ1RfVFlQRS4uQzMuNzIwLmRhc2hfaDI2NC1iYXNpYy1nZW4yXzcyMHAiLCJ4cHZfYXNzZXRfaWQiOjE0NTI1NjgxODM1NTkxNDEsImFzc2V0X2FnZV9kYXlzIjoyNCwidmlfdXNlY2FzZV9pZCI6MTA3OTksImR1cmF0aW9uX3MiOjQ1LCJ1cmxnZW5fc291cmNlIjoid3d3In0%3D&ccb=17-1&vs=8807e82b53ab356f&_nc_vs=HBksFQIYRWZiX2VwaGVtZXJhbC8xNDQ1RjVCMThERTRCNkY0OTU3NzFBQzI0RjlDMDg4QV9tdF8xX3ZpZGVvX2Rhc2hpbml0Lm1wNBUAAsgBEgAVAhhAZmJfcGVybWFuZW50LzExNDJEODJBMzBCMkMyNEYzRENGNkE0MDdDMzMxMUI4X2F1ZGlvX2Rhc2hpbml0Lm1wNBUCAsgBEgAoABgAGwKIB3VzZV9vaWwBMRJwcm9ncmVzc2l2ZV9yZWNpcGUBMRUAACbKz76pzMaUBRUCKAJDMywXQEbEOVgQYk4YGWRhc2hfaDI2NC1iYXNpYy1nZW4yXzcyMHARAHUAZd6oAQA&_nc_gid=AxELd8YEsfa_A8hisULYPw&_nc_ss=7f180&_nc_zt=28&oh=00_AQBACI60ZIzf78tet6R-vLUDAm1eZojdXC-lid5tVwjA0Q&oe=6A509663,"['FACEBOOK', 'INSTAGRAM', 'AUDIENCE_NETWORK', 'MESSENGER', 'WHATSAPP', 'THREADS']",au,cw,facebook,social,2026-W27,2026-07,"FACEBOOK, INSTAGRAM, AUDIENCE_NETWORK, MESSENGER, WHATSAPP, THREADS",True,True,True,True,True,True,Brand/Category Page,True,False,False,2026-07-06,2026-06-11 07:00:00,2026-07-06 16:23:53.030278,25
1189471696621063,1911101179566146,True,2026-06-11 07:00:00,2026-07-05 07:00:00,Chemist Warehouse,Chemist Warehouse,{{product.name}},{{product.brand}},Shop now,DCO,https://www.chemistwarehouse.com.au/shop-online/4617/essano-skincare?utm_source=facebook&utm_medium=social&utm_campaign=au_cw_coop_facebook_social_vitalitybrandsworldwide_essano_665_2026_100243-bau_video-image&utm_term=traffic&utm_content=video-image_all,www.chemistwarehouse.com.au,/shop-online/4617/essano-skincare,facebook,social,au_cw_coop_facebook_social_vitalitybrandsworldwide_essano_665_2026_100243-bau_video-image,665,traffic,video-image_all,Coop,Vitalitybrandsworldwide,Essano,2026,video-image,One drop closer to quenched skin,"Plump, hydrated skin starts with essano Hydration+ powered by four weights of hyaluronic acid. No fluff, just results.",Shop Now,https://scontent.ftgz4-1.fna.fbcdn.net/v/t39.35426-6/719969380_1642144346843295_6340368107692613312_n.jpg?_nc_cat=106&ccb=1-7&_nc_sid=c53f8f&_nc_ohc=ZPgdJ-u0XlcQ7kNvwE766PH&_nc_oc=AdqAHjWxoQRC8kIKTop0Zp_RpnocjkrmebD5ubNH6S_mPo3gnZBdoURDx-spyednHwA&_nc_zt=14&_nc_ht=scontent.ftgz4-1.fna&_nc_gid=D-mY_vGBtulQ_bBHBY06TA&_nc_ss=7f180&oh=00_AQCPEfQTl-T_dixTgx_-u9McqmAFIpo5EjVQSpd7KGcaaw&oe=6A509F71,,"['FACEBOOK', 'INSTAGRAM', 'AUDIENCE_NETWORK', 'MESSENGER', 'THREADS']",au,cw,facebook,social,2026-W27,2026-07,"FACEBOOK, INSTAGRAM, AUDIENCE_NETWORK, MESSENGER, THREADS",True,True,True,True,True,False,Brand/Category Page,True,False,False,2026-07-06,2026-06-11 07:00:00,2026-07-06 16:23:53.030278,25
861814273637159,1951014289622433,True,2026-06-04 07:00:00,2026-07-05 07:00:00,Chemist Warehouse,Chemist Warehouse,{{product.name}},{{product.brand}},Shop now,DCO,https://www.chemistwarehouse.com.au/shop-online/5937/carmex?utm_source=facebook&utm_medium=social&utm_campaign=au_cw_oa_facebook_social_biccariholdingsptyltd_carmex_665_may26_100430-boosting_video&utm_term=reach&utm_content=video_short-reels,www.chemistwarehouse.com.au,/shop-online/5937/carmex,facebook,social,au_cw_oa_facebook_social_biccariholdingsptyltd_carmex_665_may26_100430-boosting_video,665,reach,video_short-reels,O&O,Biccariholdingsptyltd,Carmex,may26,video,Healthy-hydrated lips,Carmex has your lips sorted. Shop Carmex lip balms at Chemist Warehouse,Shop Now,,https://video.ftgz4-1.fna.fbcdn.net/o1/v/t2/f2/m366/AQPs0mK84XEBRbb98t1ZkpN9Deey8CjWiJlA8cYEWnx-rsMg5c6h-elKBcXdoNK-252-hamKoq_SfGvM5bw5H0swxh22ES8winQy3uHqvJ-Snw.mp4?_nc_cat=100&_nc_oc=AdrY_ieilsLD5GHWoEOQaSJkrag5fpEcUUKPqXF6TxmG5Dt_WiRfJNjlDQUkbCmdLJg&_nc_sid=b66105&_nc_ht=video.ftgz4-1.fna.fbcdn.net&_nc_ohc=3LnVvMVsyLsQ7kNvwH5TFrm&efg=eyJ2ZW5jb2RlX3RhZyI6Inhwdl9wcm9ncmVzc2l2ZS5WSV9VU0VDQVNFX1BST0RVQ1RfVFlQRS4uQzMuNzIwLmRhc2hfaDI2NC1iYXNpYy1nZW4yXzcyMHAiLCJ4cHZfYXNzZXRfaWQiOjIzMjgxNTA0Mjc3MTY2NzAsImFzc2V0X2FnZV9kYXlzIjozMSwidmlfdXNlY2FzZV9pZCI6MTA3OTksImR1cmF0aW9uX3MiOjQsInVybGdlbl9zb3VyY2UiOiJ3d3cifQ%3D%3D&ccb=17-1&vs=f75921f51d18769d&_nc_vs=HBksFQIYRWZiX2VwaGVtZXJhbC82QzRCMEY4NDkxNkJGMjQ1MkJBMDY5MTczQzQyMDA4Rl9tdF8xX3ZpZGVvX2Rhc2hpbml0Lm1wNBUAAsgBEgAVAhhAZmJfcGVybWFuZW50Lzc4NDkzRTg4MEI3QkUwMDQ5MDAwOEVGNjMyOTY2RDg2X2F1ZGlvX2Rhc2hpbml0Lm1wNBUCAsgBEgAoABgAGwKIB3VzZV9vaWwBMRJwcm9ncmVzc2l2ZV9yZWNpcGUBMRUAACb8sNKzmNyiCBUCKAJDMywXQBPdLxqfvncYGWRhc2hfaDI2NC1iYXNpYy1nZW4yXzcyMHARAHUAZd6oAQA&_nc_gid=D-mY_vGBtulQ_bBHBY06TA&_nc_ss=7f180&_nc_zt=28&oh=00_AQCatmw2oqKsE05tvP4cJCOxedgA9z4nUfBYC4zZ-P4qDw&oe=6A509130,"['FACEBOOK', 'INSTAGRAM']",au,cw,facebook,social,2026-W27,2026-07,"FACEBOOK, INSTAGRAM",True,True,False,False,False,False,Brand/Category Page,True,False,False,2026-07-06,2026-06-04 07:00:00,2026-07-06 16:23:53.030278,32
1327548799568174,1764227684574176,True,2026-06-11 07:00:00,2026-07-05 07:00:00,Chemist Warehouse,Chemist Warehouse,Refresh Your Skin Routine,Discover Sukin cleansing balms & facial wipes at Chemist Warehouse.,Shop now,VIDEO,https://www.chemistwarehouse.com.au/shop-online/902/sukin?utm_source=facebook&utm_medium=social&utm_campaign=au_cw_coop_facebook_social_bwxbrandsptyltd_sukin_665_2026_100133-bau_video-image&utm_term=traffic&utm_content=video-image_all,www.chemistwarehouse.com.au,/shop-online/902/sukin,facebook,social,au_cw_coop_facebook_social_bwxbrandsptyltd_sukin_665_2026_100133-bau_video-image,665,traffic,video-image_all,Coop,Bwxbrandsptyltd,Sukin,2026,video-image,,,,,,"['FACEBOOK', 'INSTAGRAM', 'AUDIENCE_NETWORK', 'MESSENGER', 'WHATSAPP', 'THREADS']",au,cw,facebook,social,2026-W27,2026-07,"FACEBOOK, INSTAGRAM, AUDIENCE_NETWORK, MESSENGER, WHATSAPP, THREADS",True,True,True,True,True,True,Brand/Category Page,True,True,False,2026-07-06,2026-06-11 07:00:00,2026-07-06 16:23:53.030278,25
1004241635394708,994555532930907,True,2026-06-04 07:00:00,2026-07-05 07:00:00,Chemist Warehouse,Chemist Warehouse,{{product.name}},{{product.brand}},Shop now,DCO,https://www.chemistwarehouse.com.au/shop-online/1225/vicks?utm_source=facebook&utm_medium=social&utm_campaign=au_cw_oa_facebook_social_proctergambleaustralia_vicks_258_may26_100493-conv_video-image&utm_term=conversion&utm_content=video-image_strat-dad-landscape,www.chemistwarehouse.com.au,/shop-online/1225/vicks,facebook,social,au_cw_oa_facebook_social_proctergambleaustralia_vicks_258_may26_100493-conv_video-image,258,conversion,video-image_strat-dad-landscape,O&O,Proctergambleaustralia,Vicks,may26,video-image,Shop at Chemist Warehouse,Vicks has your back this winter. Fast Click & Collect at Chemist Warehouse,Shop Now,,https://video.ftgz4-1.fna.fbcdn.net/o1/v/t2/f2/m366/AQO_OAuisdzSltMzq9R0BTk8rxTa0DH4F-Ih7s_8yKpSjgt1RMgUBvOm2MJtoeRJDqe2b_0TPLiqEB7uC9igZb78UlHCb0mOORSsKkLb_FrrQA.mp4?_nc_cat=111&_nc_oc=AdoSw8qsnxRaZipoEFxCF8TDDpF5ZBbfcvLMBYQzLptAeruaL7I1mvRt9NCD4x1K_C0&_nc_sid=b66105&_nc_ht=video.ftgz4-1.fna.fbcdn.net&_nc_ohc=d-5JVzaME1cQ7kNvwEbrpZg&efg=eyJ2ZW5jb2RlX3RhZyI6Inhwdl9wcm9ncmVzc2l2ZS5WSV9VU0VDQVNFX1BST0RVQ1RfVFlQRS4uQzMuNzIwLmRhc2hfaDI2NC1iYXNpYy1nZW4yXzcyMHAiLCJ4cHZfYXNzZXRfaWQiOjM1OTg1OTAxOTExMDI0MzgwLCJhc3NldF9hZ2VfZGF5cyI6MzEsInZpX3VzZWNhc2VfaWQiOjEwNzk5LCJkdXJhdGlvbl9zIjo2LCJ1cmxnZW5fc291cmNlIjoid3d3In0%3D&ccb=17-1&vs=2d703be194d89901&_nc_vs=HBksFQIYRWZiX2VwaGVtZXJhbC81OTRGM0ZFMTBGNzlCMDRCMDM5RDNFNjI2RkIwRTU4OV9tdF8xX3ZpZGVvX2Rhc2hpbml0Lm1wNBUAAsgBEgAVAhhAZmJfcGVybWFuZW50LzU4NENGQzQ5Mjg5NTZCQjJGMjhEMjlERjk2QkJBNkIyX2F1ZGlvX2Rhc2hpbml0Lm1wNBUCAsgBEgAoABgAGwKIB3VzZV9vaWwBMRJwcm9ncmVzc2l2ZV9yZWNpcGUBMRUAACb4i6HFlr_sfxUCKAJDMywXQBgAAAAAAAAYGWRhc2hfaDI2NC1iYXNpYy1nZW4yXzcyMHARAHUAZd6oAQA&_nc_gid=D-mY_vGBtulQ_bBHBY06TA&_nc_ss=7f180&_nc_zt=28&oh=00_AQBqnhY9e43xieHQXS9LzWEFmb7YsNfsTdwq4R2kmIc9Cw&oe=6A509E99,"['FACEBOOK', 'INSTAGRAM', 'AUDIENCE_NETWORK', 'MESSENGER', 'THREADS']",au,cw,facebook,social,2026-W27,2026-07,"FACEBOOK, INSTAGRAM, AUDIENCE_NETWORK, MESSENGER, THREADS",True,True,True,True,True,False,Brand/Category Page,True,False,False,2026-07-06,2026-06-04 07:00:00,2026-07-06 16:23:53.030278,32
1210379894448587,1688323015511864,True,2026-06-04 07:00:00,2026-07-05 07:00:00,Chemist Warehouse,Chemist Warehouse,{{product.name}},{{product.brand}},Shop now,DCO,https://www.chemistwarehouse.com.au/shop-online/1225/vicks?utm_source=facebook&utm_medium=social&utm_campaign=au_cw_oa_facebook_social_proctergambleaustralia_vicks_258_may26_100493-traffic_video-image&utm_term=traffic&utm_content=video-image_strat-kid-landscape,www.chemistwarehouse.com.au,/shop-online/1225/vicks,facebook,social,au_cw_oa_facebook_social_proctergambleaustralia_vicks_258_may26_100493-traffic_video-image,258,traffic,video-image_strat-kid-landscape,O&O,Proctergambleaustralia,Vicks,may26,video-image,Shop at Chemist Warehouse,Cough & Cold? Vicks has your back this winter. Fast Click & Collect at Chemist Warehouse,Shop Now,,https://video.ftgz4-1.fna.fbcdn.net/o1/v/t2/f2/m366/AQOuIBg3rEpbnn9oVW7Ep3YgsSfTgwCKUuqis0INC3YJV3HV8gze9U7IRBnhs0qCfZkd9xsMHr36rRYMIeQJgOGDKsRoRvYm6v0EItMewGR7FQ.mp4?_nc_cat=103&_nc_oc=Adq4k8e6QnceRYF6N1cc7jqi3YLINSmh_LrbPbGgrRZ4Uww6ppZl2z3FBHuTJjhpA9I&_nc_sid=b66105&_nc_ht=video.ftgz4-1.fna.fbcdn.net&_nc_ohc=5jZNUFjs0bIQ7kNvwHlbWnk&efg=eyJ2ZW5jb2RlX3RhZyI6Inhwdl9wcm9ncmVzc2l2ZS5WSV9VU0VDQVNFX1BST0RVQ1RfVFlQRS4uQzMuNzIwLmRhc2hfaDI2NC1iYXNpYy1nZW4yXzcyMHAiLCJ4cHZfYXNzZXRfaWQiOjEwMTYyMTExNjc2MTU0MDYsImFzc2V0X2FnZV9kYXlzIjozMSwidmlfdXNlY2FzZV9pZCI6MTA3OTksImR1cmF0aW9uX3MiOjYsInVybGdlbl9zb3VyY2UiOiJ3d3cifQ%3D%3D&ccb=17-1&vs=415ee1317b3ec94d&_nc_vs=HBksFQIYRWZiX2VwaGVtZXJhbC82RDQ1NjA0OUYzRTg4MTU3MDI3QzhERjgyOTFGOTc4Nl9tdF8xX3ZpZGVvX2Rhc2hpbml0Lm1wNBUAAsgBEgAVAhhAZmJfcGVybWFuZW50LzU4NENGODVDNTQ5REQ0QTdEMjJCNjhEODgxNkQ3MkFGX2F1ZGlvX2Rhc2hpbml0Lm1wNBUCAsgBEgAoABgAGwKIB3VzZV9vaWwBMRJwcm9ncmVzc2l2ZV9yZWNpcGUBMRUAACbc5syao4_OAxUCKAJDMywXQBgAAAAAAAAYGWRhc2hfaDI2NC1iYXNpYy1nZW4yXzcyMHARAHUAZd6oAQA&_nc_gid=D-mY_vGBtulQ_bBHBY06TA&_nc_ss=7f180&_nc_zt=28&oh=00_AQAqN60zXFug5ozbzLhGA8Cj2cFyHIzWW5QwPdP3Ae_4PA&oe=6A50BCF5,"['FACEBOOK', 'INSTAGRAM', 'AUDIENCE_NETWORK', 'MESSENGER', 'WHATSAPP', 'THREADS']",au,cw,facebook,social,2026-W27,2026-07,"FACEBOOK, INSTAGRAM, AUDIENCE_NETWORK, MESSENGER, WHATSAPP, THREADS",True,True,True,True,True,True,Brand/Category Page,True,False,False,2026-07-06,2026-06-04 07:00:00,2026-07-06 16:23:53.030278,32
1672364504101540,4210309855779203,True,2026-06-04 07:00:00,2026-07-05 07:00:00,Chemist Warehouse,Chemist Warehouse,{{product.name}},{{product.brand}},Shop now,DCO,https://www.chemistwarehouse.com.au/shop-online/omron-bpm?utm_source=facebook&utm_medium=social&utm_campaign=au_cw_oa_facebook_social_jadaveyptyltd_omron_260_jun25_100029-oa_video&utm_term=traffic&utm_content=video-branding,www.chemistwarehouse.com.au,/shop-online/omron-bpm,facebook,social,au_cw_oa_facebook_social_jadaveyptyltd_omron_260_jun25_100029-oa_video,260,traffic,video-branding,O&O,Jadaveyptyltd,Omron,jun25,video,Shop Omron at Chemist Warehouse,When did you last check your blood pressure? Check yours with OMRON today,Shop Now,,https://video.ftgz4-1.fna.fbcdn.net/o1/v/t2/f2/m366/AQN10-hljP-AkXD71iPverKJRrWwbO1ilX9Zo1KljXvm-ftSztTAA9MzghJn_GzObyS9cc7L1CIN7WN0QbeusCMGGarMxeFmlnkG4pazdempbA.mp4?_nc_cat=105&_nc_oc=AdpNmHSQRp_zyVNsrXiTQE6QJNaFqaNfpzQ_Cs_jS4Mb66DUmSSiPrv--vYoch3YZpM&_nc_sid=b66105&_nc_ht=video.ftgz4-1.fna.fbcdn.net&_nc_ohc=wYTITFHAxVsQ7kNvwHf66yQ&efg=eyJ2ZW5jb2RlX3RhZyI6Inhwdl9wcm9ncmVzc2l2ZS5WSV9VU0VDQVNFX1BST0RVQ1RfVFlQRS4uQzMuNzIwLmRhc2hfaDI2NC1iYXNpYy1nZW4yXzcyMHAiLCJ4cHZfYXNzZXRfaWQiOjIwMDQ1NDg0OTM3NjQ5MTksImFzc2V0X2FnZV9kYXlzIjozMSwidmlfdXNlY2FzZV9pZCI6MTA3OTksImR1cmF0aW9uX3MiOjIwLCJ1cmxnZW5fc291cmNlIjoid3d3In0%3D&ccb=17-1&vs=5744facdbae698b8&_nc_vs=HBksFQIYRWZiX2VwaGVtZXJhbC9CRTQ4OTg0REE4MjM3NzM1QkVBQTFFMEE5MjAwMjRCNV9tdF8xX3ZpZGVvX2Rhc2hpbml0Lm1wNBUAAsgBEgAVAhhAZmJfcGVybWFuZW50LzhDNENBMEZDMTVBMDRGREYyQjRGRDIzMjQ0M0NFMzgxX2F1ZGlvX2Rhc2hpbml0Lm1wNBUCAsgBEgAoABgAGwKIB3VzZV9vaWwBMRJwcm9ncmVzc2l2ZV9yZWNpcGUBMRUAACbupL-OisiPBxUCKAJDMywXQDR3S8an754YGWRhc2hfaDI2NC1iYXNpYy1nZW4yXzcyMHARAHUAZd6oAQA&_nc_gid=D-mY_vGBtulQ_bBHBY06TA&_nc_ss=7f180&_nc_zt=28&oh=00_AQDZmrc5wqvQ0JmkpKXKvWPehg4pWtELbbzciMBgSNuPmw&oe=6A50B193,"['FACEBOOK', 'INSTAGRAM', 'AUDIENCE_NETWORK', 'MESSENGER', 'WHATSAPP', 'THREADS']",au,cw,facebook,social,2026-W27,2026-07,"FACEBOOK, INSTAGRAM, AUDIENCE_NETWORK, MESSENGER, WHATSAPP, THREADS",True,True,True,True,True,True,Brand/Category Page,True,False,False,2026-07-06,2026-06-04 07:00:00,2026-07-06 16:23:53.030278,32
1680487833075783,1499639871942948,True,2026-06-03 07:00:00,2026-07-05 07:00:00,Chemist Warehouse,Chemist Warehouse,{{product.name}},{{product.brand}},Learn more,DCO,https://www.chemistwarehouse.com.au/shop-online/5758/sudocrem?utm_source=facebook&utm_medium=social&utm_campaign=au_cw_coop_facebook_social_nicepakproductsptyltd_all_20_2026_100057-bau_video-image&utm_term=traffic&utm_content=video-image_generic,www.chemistwarehouse.com.au,/shop-online/5758/sudocrem,facebook,social,au_cw_coop_facebook_social_nicepakproductsptyltd_all_20_2026_100057-bau_video-image,20,traffic,video-image_generic,Coop,Nicepakproductsptyltd,All,2026,video-image,Soothes skin from nappy rash,"Sudocrem Healing Cream, Soothes and protect delicate skin from nappy rash",Learn More,,https://video.ftgz4-1.fna.fbcdn.net/o1/v/t2/f2/m366/AQOtJaq273mZR2L8AJVE8MMhlmQXzacB4AtrwAYXMxb0g90BH938UAdEFFWQgYzeHz6OcMQyoqtZF5zykWetU9lvKuxN2l14FGG8DJ-8Ai4CNA.mp4?_nc_cat=104&_nc_oc=AdoisKD2HtNmSuqIruzg4jDFZl2Sj6KK3kI2zj2vP4I2wdW3DD6TC82l_W4L0-P3-_M&_nc_sid=b66105&_nc_ht=video.ftgz4-1.fna.fbcdn.net&_nc_ohc=K-KAPpxotiwQ7kNvwGuAw_0&efg=eyJ2ZW5jb2RlX3RhZyI6Inhwdl9wcm9ncmVzc2l2ZS5WSV9VU0VDQVNFX1BST0RVQ1RfVFlQRS4uQzMuNzIwLmRhc2hfaDI2NC1iYXNpYy1nZW4yXzcyMHAiLCJ4cHZfYXNzZXRfaWQiOjIyNzQ5NDIzNjI5MDc5MzMsImFzc2V0X2FnZV9kYXlzIjo1MTQsInZpX3VzZWNhc2VfaWQiOjEwNzk5LCJkdXJhdGlvbl9zIjozMCwidXJsZ2VuX3NvdXJjZSI6Ind3dyJ9&ccb=17-1&vs=ddce9728032eeed0&_nc_vs=HBksFQIYRWZiX2VwaGVtZXJhbC8xNTRDNkVFMjVENDE5RkRENUM5NUIzRTc4QTJBRTY4MV9tdF8xX3ZpZGVvX2Rhc2hpbml0Lm1wNBUAAsgBEgAVAhg6cGFzc3Rocm91Z2hfZXZlcnN0b3JlL0dGYy1ZaHhYaTV0bGxLRUZBR3g1WXU0OG01VlVidjRHQUFBRhUCAsgBEgAoABgAGwKIB3VzZV9vaWwBMRJwcm9ncmVzc2l2ZV9yZWNpcGUBMRUAACa61Oe2icOKCBUCKAJDMywXQD4AAAAAAAAYGWRhc2hfaDI2NC1iYXNpYy1nZW4yXzcyMHARAHUAZd6oAQA&_nc_gid=wjNr2Xm4CF_RghxZihEDEA&_nc_ss=7f180&_nc_zt=28&oh=00_AQBhi6_UWHGBnfCbeJBZywODW1aMOE_LX7pJAMWKMu8OJw&oe=6A509014,"['FACEBOOK', 'INSTAGRAM', 'AUDIENCE_NETWORK', 'MESSENGER', 'THREADS']",au,cw,facebook,social,2026-W27,2026-07,"FACEBOOK, INSTAGRAM, AUDIENCE_NETWORK, MESSENGER, THREADS",True,True,True,True,True,False,Brand/Category Page,True,False,False,2026-07-06,2026-06-03 07:00:00,2026-07-06 16:23:53.030278,33
998579852792588,2279811056169415,True,2026-06-04 07:00:00,2026-07-05 07:00:00,Chemist Warehouse,Chemist Warehouse,{{product.name}},{{product.brand}},Learn more,DCO,https://www.chemistwarehouse.com.au/shop-online/5758/sudocrem?utm_source=facebook&utm_medium=social&utm_campaign=au_cw_coop_facebook_social_nicepakproductsptyltd_all_20_2026_100057-bau_video-image&utm_term=traffic&utm_content=video-image_generic,www.chemistwarehouse.com.au,/shop-online/5758/sudocrem,facebook,social,au_cw_coop_facebook_social_nicepakproductsptyltd_all_20_2026_100057-bau_video-image,20,traffic,video-image_generic,Coop,Nicepakproductsptyltd,All,2026,video-image,Soothes skin from nappy rash,"Sudocrem Healing Cream, Soothes and protect delicate skin from nappy rash",Learn More,,https://video.ftgz4-1.fna.fbcdn.net/o1/v/t2/f2/m366/AQNi8FyFjtjBj_pUIiEdK_upfITlqWBfLTG1uftlFquDShwq5BEjgCxvSlTphoRxD_7s08Vr-FUeKNj_l8rtdV7jPemAQky1Nm0Gb5qKII93Ug.mp4?_nc_cat=105&_nc_oc=AdqP_zLTHZib0q43O_OhPGdy7Fp0y-eTJLLop8B9XZloMKgsRYYdWVvyIguTepN_Jt8&_nc_sid=b66105&_nc_ht=video.ftgz4-1.fna.fbcdn.net&_nc_ohc=zO4TKRgQJQ0Q7kNvwF7UtIW&efg=eyJ2ZW5jb2RlX3RhZyI6Inhwdl9wcm9ncmVzc2l2ZS5WSV9VU0VDQVNFX1BST0RVQ1RfVFlQRS4uQzMuNzIwLmRhc2hfaDI2NC1iYXNpYy1nZW4yXzcyMHAiLCJ4cHZfYXNzZXRfaWQiOjE0NDIyNDg2NDY3NTE2NjQsImFzc2V0X2FnZV9kYXlzIjo1MTQsInZpX3VzZWNhc2VfaWQiOjEwNzk5LCJkdXJhdGlvbl9zIjoxNSwidXJsZ2VuX3NvdXJjZSI6Ind3dyJ9&ccb=17-1&vs=6376ef3a389a18d9&_nc_vs=HBksFQIYRWZiX2VwaGVtZXJhbC9GQTQ5RUE5RDBFNTE2QTJBMDVCOEJEQzQ3MzZDMzk5MV9tdF8xX3ZpZGVvX2Rhc2hpbml0Lm1wNBUAAsgBEgAVAhg6cGFzc3Rocm91Z2hfZXZlcnN0b3JlL0dLUUtaUndkOUFuSTNFc0NBRk9jYXBGSGh0ODBidjRHQUFBRhUCAsgBEgAoABgAGwKIB3VzZV9vaWwBMRJwcm9ncmVzc2l2ZV9yZWNpcGUBMRUAACbg1qPk9e2PBRUCKAJDMywXQC4zMzMzMzMYGWRhc2hfaDI2NC1iYXNpYy1nZW4yXzcyMHARAHUAZd6oAQA&_nc_gid=D-mY_vGBtulQ_bBHBY06TA&_nc_ss=7f180&_nc_zt=28&oh=00_AQCfnY9YDiO8-a9Mib6-Pje2TqCC4cPG8Xx-2gqcueCXrw&oe=6A5096CB,"['FACEBOOK', 'INSTAGRAM', 'AUDIENCE_NETWORK', 'MESSENGER', 'THREADS']",au,cw,facebook,social,2026-W27,2026-07,"FACEBOOK, INSTAGRAM, AUDIENCE_NETWORK, MESSENGER, THREADS",True,True,True,True,True,False,Brand/Category Page,True,False,False,2026-07-06,2026-06-04 07:00:00,2026-07-06 16:23:53.030278,32
1507909187408312,1657276692223684,True,2026-06-03 07:00:00,2026-07-05 07:00:00,Chemist Warehouse,Chemist Warehouse,{{product.name}},{{product.brand}},Shop now,DCO,https://www.chemistwarehouse.com.au/shop-online/omron-bpm?utm_source=facebook&utm_medium=social&utm_campaign=au_cw_oa_facebook_social_jadaveyptyltd_omron_260_jun25_100029-oa_video&utm_term=traffic&utm_content=video-branding,www.chemistwarehouse.com.au,/shop-online/omron-bpm,facebook,social,au_cw_oa_facebook_social_jadaveyptyltd_omron_260_jun25_100029-oa_video,260,traffic,video-branding,O&O,Jadaveyptyltd,Omron,jun25,video,Shop Omron at Chemist Warehouse,Monitor your blood pressure at home with OMRON 💙 Shop in-store or online,Shop Now,,https://video.ftgz4-1.fna.fbcdn.net/o1/v/t2/f2/m366/AQPPfHWtunE6SzBxU6fZNNcmmDINQQNz5mmvgO00VPDi_sihL9mkuLwMauWqPf9n0_UAYZkPNRFhweg2nEuO9_OsHOa7B-gLeUHb7DGl1ZvmBw.mp4?_nc_cat=104&_nc_oc=AdqDFYKmLB49vWoPiP2kR-umP-ZRrzINNkcsmoeHl2TrXNcA_2mCH_d_NLO_drcTLuQ&_nc_sid=b66105&_nc_ht=video.ftgz4-1.fna.fbcdn.net&_nc_ohc=BE5Ju3ibT-IQ7kNvwFa8kNi&efg=eyJ2ZW5jb2RlX3RhZyI6Inhwdl9wcm9ncmVzc2l2ZS5WSV9VU0VDQVNFX1BST0RVQ1RfVFlQRS4uQzMuNzIwLmRhc2hfaDI2NC1iYXNpYy1nZW4yXzcyMHAiLCJ4cHZfYXNzZXRfaWQiOjEyNzU1MTYwMTc2NzkyNjUsImFzc2V0X2FnZV9kYXlzIjozMSwidmlfdXNlY2FzZV9pZCI6MTA3OTksImR1cmF0aW9uX3MiOjEwLCJ1cmxnZW5fc291cmNlIjoid3d3In0%3D&ccb=17-1&vs=194b16821ad53fdf&_nc_vs=HBksFQIYRWZiX2VwaGVtZXJhbC8xMzQ4QzNBMkU5MENDRDQwRkU4OTA0ODk1MEU2RDE4Q19tdF8xX3ZpZGVvX2Rhc2hpbml0Lm1wNBUAAsgBEgAVAhhAZmJfcGVybWFuZW50L0M2NEFCNjg0NTNBRUM0NDJDN0E5QjgzM0VDMjFBODlEX2F1ZGlvX2Rhc2hpbml0Lm1wNBUCAsgBEgAoABgAGwKIB3VzZV9vaWwBMRJwcm9ncmVzc2l2ZV9yZWNpcGUBMRUAACbC7pzy5oTEBBUCKAJDMywXQCQhysCDEm8YGWRhc2hfaDI2NC1iYXNpYy1nZW4yXzcyMHARAHUAZd6oAQA&_nc_gid=D-mY_vGBtulQ_bBHBY06TA&_nc_ss=7f180&_nc_zt=28&oh=00_AQBUvEn3xD139C8MNU55TV3MTneqm_89XYHh7IF81v4FQw&oe=6A50A160,"['FACEBOOK', 'INSTAGRAM', 'AUDIENCE_NETWORK', 'MESSENGER', 'WHATSAPP', 'THREADS']",au,cw,facebook,social,2026-W27,2026-07,"FACEBOOK, INSTAGRAM, AUDIENCE_NETWORK, MESSENGER, WHATSAPP, THREADS",True,True,True,True,True,True,Brand/Category Page,True,False,False,2026-07-06,2026-06-03 07:00:00,2026-07-06 16:23:53.030278,33
1544289040586532,1718285125853500,True,2026-06-03 07:00:00,2026-07-05 07:00:00,Chemist Warehouse,Chemist Warehouse,{{product.name}},{{product.brand}},Shop now,DCO,https://www.chemistwarehouse.com.au/shop-online/6413/epzen-body-washes-lotions?utm_source=facebook&utm_medium=social&utm_campaign=au_cw_oa_facebook_social_vitalitybrandsworldwide_epzen_259_2026_100462-oa_video-image&utm_term=traffic&utm_content=video-image_all,www.chemistwarehouse.com.au,/shop-online/6413/epzen-body-washes-lotions,facebook,social,au_cw_oa_facebook_social_vitalitybrandsworldwide_epzen_259_2026_100462-oa_video-image,259,traffic,video-image_all,O&O,Vitalitybrandsworldwide,Epzen,2026,video-image,Get Drenched,"We're epzen, your favourite bath and bodycare brand, who doesn't ask you to do better or be more.

💗 Natural ingredients",Shop Now,,https://video.ftgz4-1.fna.fbcdn.net/o1/v/t2/f2/m366/AQPuG9o7QMkfFjzmZCErso0CGqWCEtswi9jr8umqVJ0T50J-8VG5yVFzxb34DIvIaPYgAKNG1IiSqQPEuizTHgtppbrxAR5BrMvq_vQkmm0ApQ.mp4?_nc_cat=111&_nc_oc=Adrg51fULjcdyonrg536QFdEi37EF_bgD8Cfmaz7NMEz53gRxPQgswVd-U5vKNC1sro&_nc_sid=b66105&_nc_ht=video.ftgz4-1.fna.fbcdn.net&_nc_ohc=noi8_z6cQ3IQ7kNvwEoZ7_l&efg=eyJ2ZW5jb2RlX3RhZyI6Inhwdl9wcm9ncmVzc2l2ZS5WSV9VU0VDQVNFX1BST0RVQ1RfVFlQRS4uQzMuNzIwLmRhc2hfaDI2NC1iYXNpYy1nZW4yXzcyMHAiLCJ4cHZfYXNzZXRfaWQiOjE1Njk1NjUyODgxMjQzNTQsImFzc2V0X2FnZV9kYXlzIjozMiwidmlfdXNlY2FzZV9pZCI6MTA3OTksImR1cmF0aW9uX3MiOjIwLCJ1cmxnZW5fc291cmNlIjoid3d3In0%3D&ccb=17-1&vs=3b242571b2386c5b&_nc_vs=HBksFQIYRWZiX2VwaGVtZXJhbC83QTQzQkIxRjk5MDdDNkUzMjUzRUE0MEZBMzhGNEY5MF9tdF8xX3ZpZGVvX2Rhc2hpbml0Lm1wNBUAAsgBEgAVAhhAZmJfcGVybWFuZW50L0NENEEyMTU2MTkyNTZDRENCRkZDRTREODIxODI5MkJGX2F1ZGlvX2Rhc2hpbml0Lm1wNBUCAsgBEgAoABgAGwKIB3VzZV9vaWwBMRJwcm9ncmVzc2l2ZV9yZWNpcGUBMRUAACaEv5rX3ODJBRUCKAJDMywXQDQAAAAAAAAYGWRhc2hfaDI2NC1iYXNpYy1nZW4yXzcyMHARAHUAZd6oAQA&_nc_gid=wjNr2Xm4CF_RghxZihEDEA&_nc_ss=7f180&_nc_zt=28&oh=00_AQDl2bpQ6mpVDOM58kCqttiiCzH9JDAQVjHKz7uL4ICk6A&oe=6A50AB71,"['FACEBOOK', 'INSTAGRAM', 'AUDIENCE_NETWORK', 'MESSENGER', 'WHATSAPP', 'THREADS']",au,cw,facebook,social,2026-W27,2026-07,"FACEBOOK, INSTAGRAM, AUDIENCE_NETWORK, MESSENGER, WHATSAPP, THREADS",True,True,True,True,True,True,Brand/Category Page,True,False,False,2026-07-06,2026-06-03 07:00:00,2026-07-06 16:23:53.030278,33
948148894889721,953177574251350,True,2026-06-02 07:00:00,2026-07-02 07:00:00,Chemist Warehouse,Chemist Warehouse,{{product.name}},{{product.brand}},Shop now,DCO,https://www.chemistwarehouse.com.au/shop-online/6413/epzen-body-washes-lotions?utm_source=facebook&utm_medium=social&utm_campaign=au_cw_oa_facebook_social_vitalitybrandsworldwide_epzen_259_2026_100462-oa_video-image&utm_term=traffic&utm_content=video-image_all,www.chemistwarehouse.com.au,/shop-online/6413/epzen-body-washes-lotions,facebook,social,au_cw_oa_facebook_social_vitalitybrandsworldwide_epzen_259_2026_100462-oa_video-image,259,traffic,video-image_all,O&O,Vitalitybrandsworldwide,Epzen,2026,video-image,Get Drenched,"Introducing the ultimate 2-step hydration routine:
💙 Triple Moisture Body Wash
💙 Triple Moisture Lotion",Shop Now,,https://video.ftgz4-1.fna.fbcdn.net/o1/v/t2/f2/m366/AQPO9xLdZakBSI7tz938nWxoqM0ufiHLMq58eP2ieVBhmMTIgaJC94FASY2fkwOt_p0O-OkztF5K7oucWVUWi7MA2xZiBg-DtyX1HhVHAyfx9Q.mp4?_nc_cat=110&_nc_oc=AdqHv6rp31QYatc6t9A5Yp9yyT2mPXpiZEFOowOaNhU6x0UG5McED05ylJMJaUewZzo&_nc_sid=b66105&_nc_ht=video.ftgz4-1.fna.fbcdn.net&_nc_ohc=xNcAlfsYfx8Q7kNvwEam6Ze&efg=eyJ2ZW5jb2RlX3RhZyI6Inhwdl9wcm9ncmVzc2l2ZS5WSV9VU0VDQVNFX1BST0RVQ1RfVFlQRS4uQzMuNzIwLmRhc2hfaDI2NC1iYXNpYy1nZW4yXzcyMHAiLCJ4cHZfYXNzZXRfaWQiOjk2Mzk2MTAzMzE0NDQ5NSwiYXNzZXRfYWdlX2RheXMiOjMyLCJ2aV91c2VjYXNlX2lkIjoxMDc5OSwiZHVyYXRpb25fcyI6MjAsInVybGdlbl9zb3VyY2UiOiJ3d3cifQ%3D%3D&ccb=17-1&vs=ddf571c3eb7e761b&_nc_vs=HBksFQIYRWZiX2VwaGVtZXJhbC8wODRCQzExNTY2RTJFN0NGQzBBOUU4NkVFQUNBREFCOF9tdF8xX3ZpZGVvX2Rhc2hpbml0Lm1wNBUAAsgBEgAVAhhAZmJfcGVybWFuZW50LzdGNDg2QUI2QUU3NzhBRUZFN0REQ0Y5MDE0QTkyODhFX2F1ZGlvX2Rhc2hpbml0Lm1wNBUCAsgBEgAoABgAGwKIB3VzZV9vaWwBMRJwcm9ncmVzc2l2ZV9yZWNpcGUBMRUAACbe4qmv9a22AxUCKAJDMywXQDQAAAAAAAAYGWRhc2hfaDI2NC1iYXNpYy1nZW4yXzcyMHARAHUAZd6oAQA&_nc_gid=wjNr2Xm4CF_RghxZihEDEA&_nc_ss=7f180&_nc_zt=28&oh=00_AQB5I8DiokPVPy3O-pmomC8FW7Yc-fgetNcp65xzuUW2Zg&oe=6A508C66,"['FACEBOOK', 'INSTAGRAM', 'AUDIENCE_NETWORK', 'MESSENGER', 'WHATSAPP', 'THREADS']",au,cw,facebook,social,2026-W27,2026-07,"FACEBOOK, INSTAGRAM, AUDIENCE_NETWORK, MESSENGER, WHATSAPP, THREADS",True,True,True,True,True,True,Brand/Category Page,True,False,False,2026-07-06,2026-06-02 07:00:00,2026-07-06 16:23:53.030278,34
1549842736732589,989709130721378,True,2026-05-31 07:00:00,2026-07-05 07:00:00,Chemist Warehouse,Chemist Warehouse,Shop at Chemist Warehouse.,Shop Inflamax Heat Patches at Chemist Warehouse.,See details,VIDEO,https://www.chemistwarehouse.com.au/shop-online/703648/inflamax?utm_source=facebook&utm_medium=social&utm_campaign=au_cw_coop_facebook_social_vidacorp_inflamax_258_2026_100118-bau_video-image&utm_term=traffic&utm_content=video-image_instore,www.chemistwarehouse.com.au,/shop-online/703648/inflamax,facebook,social,au_cw_coop_facebook_social_vidacorp_inflamax_258_2026_100118-bau_video-image,258,traffic,video-image_instore,Coop,Vidacorp,Inflamax,2026,video-image,,,,,,"['FACEBOOK', 'INSTAGRAM', 'MESSENGER', 'WHATSAPP']",au,cw,facebook,social,2026-W27,2026-07,"FACEBOOK, INSTAGRAM, MESSENGER, WHATSAPP",True,True,False,True,False,True,Brand/Category Page,True,True,False,2026-07-06,2026-05-31 07:00:00,2026-07-06 16:23:53.030278,36
1842953756662754,,True,2026-05-31 07:00:00,2026-07-05 07:00:00,Chemist Warehouse,Chemist Warehouse,Shop Bulldog Today,"Guys, if skincare feels too hard, Bulldog gets it! Simple, effective, and made for men's skin, beard & shave needs. Shop now at Chemist Warehouse!",Shop now,VIDEO,https://www.chemistwarehouse.com.au/shop-online/704064/bulldog?utm_source=facebook&utm_medium=social&utm_campaign=au_cw_coop_facebook_social_edgewellpersonalcareaustralia_bulldog_665_2026_100011-bau_video-image&utm_term=traffic&utm_content=video-image_all,www.chemistwarehouse.com.au,/shop-online/704064/bulldog,facebook,social,au_cw_coop_facebook_social_edgewellpersonalcareaustralia_bulldog_665_2026_100011-bau_video-image,665,traffic,video-image_all,Coop,Edgewellpersonalcareaustralia,Bulldog,2026,video-image,,,,,,"['FACEBOOK', 'INSTAGRAM', 'AUDIENCE_NETWORK', 'MESSENGER', 'THREADS']",au,cw,facebook,social,2026-W27,2026-07,"FACEBOOK, INSTAGRAM, AUDIENCE_NETWORK, MESSENGER, THREADS",True,True,True,True,True,False,Brand/Category Page,True,True,False,2026-07-06,2026-05-31 07:00:00,2026-07-06 16:23:53.030278,36
1328210242581969,1299293668449663,True,2026-05-29 07:00:00,2026-07-05 07:00:00,Chemist Warehouse,Chemist Warehouse,Shop Nude by Nature,"Discover your favourite Nude by Nature Mascara. Whether you prefer volume, length or definition, theres something for you.",Shop now,VIDEO,https://www.chemistwarehouse.com.au/shop-online/2601/nude-by-nature?&utm_source=facebook&utm_medium=social&utm_campaign=au_cw_coop_facebook_social_nudebynatureptyltd_nudebynature_648_2026_100097-bau_video-image&utm_term=conversion&utm_content=video-image_kol,www.chemistwarehouse.com.au,/shop-online/2601/nude-by-nature,facebook,social,au_cw_coop_facebook_social_nudebynatureptyltd_nudebynature_648_2026_100097-bau_video-image,648,conversion,video-image_kol,Coop,Nudebynatureptyltd,Nudebynature,2026,video-image,,,,,,"['FACEBOOK', 'INSTAGRAM', 'AUDIENCE_NETWORK', 'MESSENGER', 'THREADS']",au,cw,facebook,social,2026-W27,2026-07,"FACEBOOK, INSTAGRAM, AUDIENCE_NETWORK, MESSENGER, THREADS",True,True,True,True,True,False,Brand/Category Page,True,False,False,2026-07-06,2026-05-29 07:00:00,2026-07-06 16:23:53.030278,38
2828822474146430,1526126569125130,True,2026-05-29 07:00:00,2026-07-05 07:00:00,Chemist Warehouse,Chemist Warehouse,Shop Nude by Nature,"The Skin Radiance Foundation is a long wearing, light to medium coverage foundation with a radiant, dewy finish.",Shop now,VIDEO,https://www.chemistwarehouse.com.au/shop-online/2601/nude-by-nature?&utm_source=facebook&utm_medium=social&utm_campaign=au_cw_coop_facebook_social_nudebynatureptyltd_nudebynature_648_2026_100097-bau_video-image&utm_term=conversion&utm_content=video-image_kol,www.chemistwarehouse.com.au,/shop-online/2601/nude-by-nature,facebook,social,au_cw_coop_facebook_social_nudebynatureptyltd_nudebynature_648_2026_100097-bau_video-image,648,conversion,video-image_kol,Coop,Nudebynatureptyltd,Nudebynature,2026,video-image,,,,,,"['FACEBOOK', 'INSTAGRAM', 'AUDIENCE_NETWORK', 'MESSENGER', 'THREADS']",au,cw,facebook,social,2026-W27,2026-07,"FACEBOOK, INSTAGRAM, AUDIENCE_NETWORK, MESSENGER, THREADS",True,True,True,True,True,False,Brand/Category Page,True,False,False,2026-07-06,2026-05-29 07:00:00,2026-07-06 16:23:53.030278,38
1373518164600197,1495928224828752,True,2026-05-29 07:00:00,2026-07-05 07:00:00,Chemist Warehouse,Chemist Warehouse,{{product.name}},{{product.brand}},Learn more,DCO,https://www.chemistwarehouse.com.au/shop-online/2601/nude-by-nature?&utm_source=facebook&utm_medium=social&utm_campaign=au_cw_coop_facebook_social_nudebynatureptyltd_nudebynature_648_2026_100097-bau_video-image&utm_term=conversion&utm_content=video-image_jan_p1_promotion_5,www.chemistwarehouse.com.au,/shop-online/2601/nude-by-nature,facebook,social,au_cw_coop_facebook_social_nudebynatureptyltd_nudebynature_648_2026_100097-bau_video-image,648,conversion,video-image_jan_p1_promotion_5,Coop,Nudebynatureptyltd,Nudebynature,2026,video-image,Shop Nude Today!,Enjoy 40% off RRP Nude by Nature at Chemist Warehouse - for a limited time only!,Learn More,,https://video.ftgz4-1.fna.fbcdn.net/o1/v/t2/f2/m366/AQP-t7Bx9SLdoy4HtPqqK30FjAlNlX1xbNuDmpRiPzr8PQMGHfTWGrpGfVDmHsoZ0KKrjivSaMKM38NAjQbbDcgluYuvFIJqqP0cW_FSSqRdcw.mp4?_nc_cat=110&_nc_oc=AdpKxGFZoUdge47ty7SC8CWHscg-eNt9PGlWinEXIcm6g_crUn2zSNBKssgiJmUMM8A&_nc_sid=b66105&_nc_ht=video.ftgz4-1.fna.fbcdn.net&_nc_ohc=2yDH4I-_XNoQ7kNvwF5jcUj&efg=eyJ2ZW5jb2RlX3RhZyI6Inhwdl9wcm9ncmVzc2l2ZS5WSV9VU0VDQVNFX1BST0RVQ1RfVFlQRS4uQzMuNzIwLmRhc2hfaDI2NC1iYXNpYy1nZW4yXzcyMHAiLCJ4cHZfYXNzZXRfaWQiOjE1NjYzODI0ODQ1NjIyMzgsImFzc2V0X2FnZV9kYXlzIjoxODcsInZpX3VzZWNhc2VfaWQiOjEwNzk5LCJkdXJhdGlvbl9zIjoyMSwidXJsZ2VuX3NvdXJjZSI6Ind3dyJ9&ccb=17-1&vs=b90634b3efc17fea&_nc_vs=HBksFQIYRWZiX2VwaGVtZXJhbC81QzQ3QzNFNEU5MzBDMzg5NTg1MkRBMDI5NTIxRjg4MV9tdF8xX3ZpZGVvX2Rhc2hpbml0Lm1wNBUAAsgBEgAVAhhAZmJfcGVybWFuZW50LzZFNEUxNTI3RkNDOEY4ODU5NUQ5NkUwOTFFMTU2RUIwX2F1ZGlvX2Rhc2hpbml0Lm1wNBUCAsgBEgAoABgAGwKIB3VzZV9vaWwBMRJwcm9ncmVzc2l2ZV9yZWNpcGUBMRUAACb8hJn5uqfIBRUCKAJDMywXQDVP3ztkWh0YGWRhc2hfaDI2NC1iYXNpYy1nZW4yXzcyMHARAHUAZd6oAQA&_nc_gid=wjNr2Xm4CF_RghxZihEDEA&_nc_ss=7f180&_nc_zt=28&oh=00_AQDWiABPf-g9uDjtW8kI41ogSsy0yDbFSvD1eOnDrZzZgg&oe=6A50A90A,"['FACEBOOK', 'INSTAGRAM', 'AUDIENCE_NETWORK', 'MESSENGER', 'THREADS']",au,cw,facebook,social,2026-W27,2026-07,"FACEBOOK, INSTAGRAM, AUDIENCE_NETWORK, MESSENGER, THREADS",True,True,True,True,True,False,Brand/Category Page,True,False,False,2026-07-06,2026-05-29 07:00:00,2026-07-06 16:23:53.030278,38
1487617326496582,1577152770031815,True,2026-05-29 07:00:00,2026-07-04 07:00:00,Chemist Warehouse,Chemist Warehouse,{{product.name}},{{product.brand}},Shop now,DCO,https://www.chemistwarehouse.com.au/shop-online/2601/nude-by-nature?&utm_source=facebook&utm_medium=social&utm_campaign=au_cw_coop_facebook_social_nudebynatureptyltd_nudebynature_648_2026_100097-bau_video-image&utm_term=conversion&utm_content=video-image_lip-npd-v6,www.chemistwarehouse.com.au,/shop-online/2601/nude-by-nature,facebook,social,au_cw_coop_facebook_social_nudebynatureptyltd_nudebynature_648_2026_100097-bau_video-image,648,conversion,video-image_lip-npd-v6,Coop,Nudebynatureptyltd,Nudebynature,2026,video-image,Shop Nude by Nature!,Go bold with Nude by Nature! New lacquer lip serum available only at Chemist Warehouse. Shop today!,Shop Now,,https://video.ftgz4-1.fna.fbcdn.net/o1/v/t2/f2/m366/AQMCleTW6NEBfNDIJaRm_ggfjOfr4pfI_1EwgaRMXy7mJcHjXzRLtw1drp78MZYWUU0yg0-PDgY-5_FNSFwiqeliNy6moSxtnJ2Psy80_bKaCA.mp4?_nc_cat=106&_nc_oc=AdqVg7Dk-pdTOk2FQoox77nJxLcJMun_CsQiXlrIDDUhdYW8oJ1o2oZFxyxMUqzBpmE&_nc_sid=b66105&_nc_ht=video.ftgz4-1.fna.fbcdn.net&_nc_ohc=piLEUIPxP1QQ7kNvwEJrcBi&efg=eyJ2ZW5jb2RlX3RhZyI6Inhwdl9wcm9ncmVzc2l2ZS5WSV9VU0VDQVNFX1BST0RVQ1RfVFlQRS4uQzMuNzIwLmRhc2hfaDI2NC1iYXNpYy1nZW4yXzcyMHAiLCJ4cHZfYXNzZXRfaWQiOjk0Mjk5OTQzMTk4MzIwMiwiYXNzZXRfYWdlX2RheXMiOjEyMywidmlfdXNlY2FzZV9pZCI6MTA3OTksImR1cmF0aW9uX3MiOjIxLCJ1cmxnZW5fc291cmNlIjoid3d3In0%3D&ccb=17-1&vs=39daf2480252709a&_nc_vs=HBksFQIYRWZiX2VwaGVtZXJhbC9FNDQxRUZGMTdDQjgxMkMwMTk0QjcxNjI5QzE4ODNBM19tdF8xX3ZpZGVvX2Rhc2hpbml0Lm1wNBUAAsgBEgAVAhhAZmJfcGVybWFuZW50LzkzNDQ0QzE1NjM4NUY4OUIzN0IzNzNDRkJCMzEwOUE1X2F1ZGlvX2Rhc2hpbml0Lm1wNBUCAsgBEgAoABgAGwKIB3VzZV9vaWwBMRJwcm9ncmVzc2l2ZV9yZWNpcGUBMRUAACbEwdWi5emsAxUCKAJDMywXQDVP3ztkWh0YGWRhc2hfaDI2NC1iYXNpYy1nZW4yXzcyMHARAHUAZd6oAQA&_nc_gid=wjNr2Xm4CF_RghxZihEDEA&_nc_ss=7f180&_nc_zt=28&oh=00_AQC_8Ot5R7QjhE352iqr137DgB6GsyAaB8J352l-cBKtVw&oe=6A50AE7E,"['FACEBOOK', 'INSTAGRAM', 'AUDIENCE_NETWORK', 'MESSENGER', 'THREADS']",au,cw,facebook,social,2026-W27,2026-07,"FACEBOOK, INSTAGRAM, AUDIENCE_NETWORK, MESSENGER, THREADS",True,True,True,True,True,False,Brand/Category Page,True,False,False,2026-07-06,2026-05-29 07:00:00,2026-07-06 16:23:53.030278,38
1574481444572810,954634410662147,True,2026-05-29 07:00:00,2026-07-05 07:00:00,Chemist Warehouse,Chemist Warehouse,{{product.name}},{{product.brand}},Shop now,DCO,https://www.chemistwarehouse.com.au/shop-online/2601/nude-by-nature?&utm_source=facebook&utm_medium=social&utm_campaign=au_cw_coop_facebook_social_nudebynatureptyltd_nudebynature_648_2026_100097-bau_video-image&utm_term=conversion&utm_content=video-image_lip-npd-v4,www.chemistwarehouse.com.au,/shop-online/2601/nude-by-nature,facebook,social,au_cw_coop_facebook_social_nudebynatureptyltd_nudebynature_648_2026_100097-bau_video-image,648,conversion,video-image_lip-npd-v4,Coop,Nudebynatureptyltd,Nudebynature,2026,video-image,Shop Nude by Nature!,Go bold with Nude by Nature! New lacquer lip serum available only at Chemist Warehouse. Shop today!,Shop Now,https://scontent.ftgz4-1.fna.fbcdn.net/v/t39.35426-6/647406059_1515345006886983_3321696833134129659_n.jpg?_nc_cat=104&ccb=1-7&_nc_sid=c53f8f&_nc_ohc=GAviCnL3Z40Q7kNvwGCa1Jq&_nc_oc=AdoqtQy8TkiBzHfbIiNzaMYkYDBN4MBUpMbznQh0uPT_mzE8z9m98zs5U-93Wt-KYhs&_nc_zt=14&_nc_ht=scontent.ftgz4-1.fna&_nc_gid=wjNr2Xm4CF_RghxZihEDEA&_nc_ss=7f180&oh=00_AQAxZjxFnZUAxuFmnHCEONmlF185W4ITDY6Y77KR4SLPhg&oe=6A50C12D,,"['FACEBOOK', 'INSTAGRAM', 'AUDIENCE_NETWORK', 'MESSENGER', 'THREADS']",au,cw,facebook,social,2026-W27,2026-07,"FACEBOOK, INSTAGRAM, AUDIENCE_NETWORK, MESSENGER, THREADS",True,True,True,True,True,False,Brand/Category Page,True,False,False,2026-07-06,2026-05-29 07:00:00,2026-07-06 16:23:53.030278,38
1018285217314981,1642957224068312,True,2026-06-10 07:00:00,2026-07-04 07:00:00,Chemist Warehouse,Chemist Warehouse,Sukin's New Men's Range,"Re-engineered for Men, naturally",Shop now,VIDEO,https://www.chemistwarehouse.com.au/shop-online/902/sukin?utm_source=facebook&utm_medium=social&utm_campaign=au_cw_coop_facebook_social_bwxbrandsptyltd_sukin_665_2026_100133-bau_video-image&utm_term=traffic&utm_content=video-image_all,www.chemistwarehouse.com.au,/shop-online/902/sukin,facebook,social,au_cw_coop_facebook_social_bwxbrandsptyltd_sukin_665_2026_100133-bau_video-image,665,traffic,video-image_all,Coop,Bwxbrandsptyltd,Sukin,2026,video-image,,,,,,"['FACEBOOK', 'INSTAGRAM', 'AUDIENCE_NETWORK', 'MESSENGER', 'WHATSAPP', 'THREADS']",au,cw,facebook,social,2026-W27,2026-07,"FACEBOOK, INSTAGRAM, AUDIENCE_NETWORK, MESSENGER, WHATSAPP, THREADS",True,True,True,True,True,True,Brand/Category Page,True,False,False,2026-07-06,2026-06-10 07:00:00,2026-07-06 16:23:53.030278,26
1022049580149453,4289157438038816,True,2026-05-29 07:00:00,2026-07-02 07:00:00,Chemist Warehouse,Chemist Warehouse,{{product.name}},{{product.brand}},Shop now,DCO,https://www.chemistwarehouse.com.au/shop-online/2601/nude-by-nature?&utm_source=facebook&utm_medium=social&utm_campaign=au_cw_coop_facebook_social_nudebynatureptyltd_nudebynature_648_2026_100097-bau_video-image&utm_term=conversion&utm_content=video-image_lip-npd-v5,www.chemistwarehouse.com.au,/shop-online/2601/nude-by-nature,facebook,social,au_cw_coop_facebook_social_nudebynatureptyltd_nudebynature_648_2026_100097-bau_video-image,648,conversion,video-image_lip-npd-v5,Coop,Nudebynatureptyltd,Nudebynature,2026,video-image,Shop Nude by Nature!,Go bold with Nude by Nature! New lacquer lip serum available only at Chemist Warehouse. Shop today!,Shop Now,https://scontent.ftgz4-1.fna.fbcdn.net/v/t39.35426-6/647297960_1269559795104347_2030217794463931724_n.jpg?_nc_cat=111&ccb=1-7&_nc_sid=c53f8f&_nc_ohc=y9gNIISdfGEQ7kNvwEAkipf&_nc_oc=AdrMMOhosgMjodz72zMIB4CXVVqmeTMSCuWN905FbZY4gPpg33tYQyWotJN_vpNEMtQ&_nc_zt=14&_nc_ht=scontent.ftgz4-1.fna&_nc_gid=wjNr2Xm4CF_RghxZihEDEA&_nc_ss=7f180&oh=00_AQBUyHW8stkQT9o5JYMnUy66ljphFcgi1zbZfYAqtxJtUw&oe=6A50B834,,"['FACEBOOK', 'INSTAGRAM', 'AUDIENCE_NETWORK', 'MESSENGER', 'THREADS']",au,cw,facebook,social,2026-W27,2026-07,"FACEBOOK, INSTAGRAM, AUDIENCE_NETWORK, MESSENGER, THREADS",True,True,True,True,True,False,Brand/Category Page,True,False,False,2026-07-06,2026-05-29 07:00:00,2026-07-06 16:23:53.030278,38
1300892738846028,1406664034194450,True,2026-05-29 07:00:00,2026-07-05 07:00:00,Chemist Warehouse,Chemist Warehouse,Shop Nude By Nature,Nothing Cleaner Than Nude! Nude by Nature now at Chemist Warehouse. Shop today.,Shop now,VIDEO,https://www.chemistwarehouse.com.au/shop-online/2601/nude-by-nature?&utm_source=facebook&utm_medium=social&utm_campaign=au_cw_coop_facebook_social_nudebynatureptyltd_nudebynature_648_2026_100097-bau_video-image&utm_term=conversion&utm_content=video-image_npd,www.chemistwarehouse.com.au,/shop-online/2601/nude-by-nature,facebook,social,au_cw_coop_facebook_social_nudebynatureptyltd_nudebynature_648_2026_100097-bau_video-image,648,conversion,video-image_npd,Coop,Nudebynatureptyltd,Nudebynature,2026,video-image,,,,,,"['FACEBOOK', 'INSTAGRAM', 'AUDIENCE_NETWORK', 'MESSENGER', 'THREADS']",au,cw,facebook,social,2026-W27,2026-07,"FACEBOOK, INSTAGRAM, AUDIENCE_NETWORK, MESSENGER, THREADS",True,True,True,True,True,False,Brand/Category Page,True,True,False,2026-07-06,2026-05-29 07:00:00,2026-07-06 16:23:53.030278,38
27561420513463348,,True,2026-06-11 07:00:00,2026-07-05 07:00:00,Chemist Warehouse,Chemist Warehouse,"Flat Hair, Need A Lift?","Discover the NEW Big Hair Day Refreshing Volume Spray. Spray to the roots, massage with fingers, and see the instant root lift!",Shop now,IMAGE,https://www.chemistwarehouse.com.au/shop-online/loreal-elvive-collagen-lifter-range?utm_source=facebook&utm_medium=social&utm_campaign=au_cw_coop_facebook_social_lorealaustraliaptyltd_lorealparis_665_2026_bau_dynamic&utm_term=traffic&utm_content=collagenlifter,www.chemistwarehouse.com.au,/shop-online/loreal-elvive-collagen-lifter-range,facebook,social,au_cw_coop_facebook_social_lorealaustraliaptyltd_lorealparis_665_2026_bau_dynamic,665,traffic,collagenlifter,Coop,Lorealaustraliaptyltd,Lorealparis,2026,dynamic,,,,,,"['FACEBOOK', 'INSTAGRAM', 'AUDIENCE_NETWORK', 'MESSENGER', 'THREADS']",au,cw,facebook,social,2026-W27,2026-07,"FACEBOOK, INSTAGRAM, AUDIENCE_NETWORK, MESSENGER, THREADS",True,True,True,True,True,False,Brand/Category Page,True,False,False,2026-07-06,2026-06-11 07:00:00,2026-07-06 16:23:53.030278,25
4336976253236509,1706351654001441,True,2026-06-10 07:00:00,2026-07-05 07:00:00,Chemist Warehouse,Chemist Warehouse,{{product.name}},{{product.brand}},Shop now,DCO,https://www.chemistwarehouse.com.au/shop-online/6112/dercos?brand=Dercos&utm_source=facebook&utm_medium=social&utm_campaign=au_cw_coop_facebook_social_loreallarocheposaycerave_dercos_129_2026_bau_dynamic&utm_term=traffic&utm_content=video_brand,www.chemistwarehouse.com.au,/shop-online/6112/dercos,facebook,social,au_cw_coop_facebook_social_loreallarocheposaycerave_dercos_129_2026_bau_dynamic,129,traffic,video_brand,Coop,Loreallarocheposaycerave,Dercos,2026,dynamic,Up to 100% Flake Elimination,Flake-free confidence starts here. Trust the world’s #1 derm-recommended dandruff brand for expert results!,Shop Now,,https://video.ftgz4-1.fna.fbcdn.net/o1/v/t2/f2/m366/AQNZ1ac_vXH0KOd0efDVkIVb4Dy48B-nOeM2e2B5XIp1DeBViKy3xl1wrgcpjVAQpRFOYwWz6PSp9qGNKss86-l3kSWfSiThMWptg_5xUR_xMQ.mp4?_nc_cat=100&_nc_oc=AdquaqtAk4vJb7j4v5ufA3f9upJDh-F8sYp4shMWze_sslmlVHtX3HvHKLwKYJMLnK8&_nc_sid=b66105&_nc_ht=video.ftgz4-1.fna.fbcdn.net&_nc_ohc=I_y4oebPCu8Q7kNvwHi4FhM&efg=eyJ2ZW5jb2RlX3RhZyI6Inhwdl9wcm9ncmVzc2l2ZS5WSV9VU0VDQVNFX1BST0RVQ1RfVFlQRS4uQzMuNzIwLmRhc2hfaDI2NC1iYXNpYy1nZW4yXzcyMHAiLCJ4cHZfYXNzZXRfaWQiOjIyMjA0NDMxMTIwNDM3NTYsImFzc2V0X2FnZV9kYXlzIjo0NSwidmlfdXNlY2FzZV9pZCI6MTA3OTksImR1cmF0aW9uX3MiOjMwLCJ1cmxnZW5fc291cmNlIjoid3d3In0%3D&ccb=17-1&vs=9d4c4caccfe2f4f4&_nc_vs=HBksFQIYRWZiX2VwaGVtZXJhbC9EMzQwMTlBRUUzMTAwMEU2QzhCODg5RkIxQTExOTQ4MV9tdF8xX3ZpZGVvX2Rhc2hpbml0Lm1wNBUAAsgBEgAVAhhAZmJfcGVybWFuZW50L0M1NEI4MDhEMkFFMThEOEI1REE2Mjg5OThDMjIxNkFBX2F1ZGlvX2Rhc2hpbml0Lm1wNBUCAsgBEgAoABgAGwKIB3VzZV9vaWwBMRJwcm9ncmVzc2l2ZV9yZWNpcGUBMRUAACbY0_-u5t7xBxUCKAJDMywXQD4zMzMzMzMYGWRhc2hfaDI2NC1iYXNpYy1nZW4yXzcyMHARAHUAZd6oAQA&_nc_gid=D-mY_vGBtulQ_bBHBY06TA&_nc_ss=7f180&_nc_zt=28&oh=00_AQDtcLnBf4BbHE3UO-DdCPDgNWTRzsW0_UoBbDcvEjLYJQ&oe=6A509668,"['FACEBOOK', 'INSTAGRAM', 'AUDIENCE_NETWORK', 'MESSENGER', 'THREADS']",au,cw,facebook,social,2026-W27,2026-07,"FACEBOOK, INSTAGRAM, AUDIENCE_NETWORK, MESSENGER, THREADS",True,True,True,True,True,False,Brand/Category Page,True,False,False,2026-07-06,2026-06-10 07:00:00,2026-07-06 16:23:53.030278,26
1239861058224008,1595500128467660,True,2026-05-29 07:00:00,2026-07-05 07:00:00,Chemist Warehouse,Chemist Warehouse,{{product.name}},{{product.brand}},Shop now,DCO,https://www.chemistwarehouse.com.au/shop-online/2601/nude-by-nature?&utm_source=facebook&utm_medium=social&utm_campaign=au_cw_coop_facebook_social_nudebynatureptyltd_nudebynature_648_2026_100097-bau_video-image&utm_term=conversion&utm_content=video-image_feb_p2_v1,www.chemistwarehouse.com.au,/shop-online/2601/nude-by-nature,facebook,social,au_cw_coop_facebook_social_nudebynatureptyltd_nudebynature_648_2026_100097-bau_video-image,648,conversion,video-image_feb_p2_v1,Coop,Nudebynatureptyltd,Nudebynature,2026,video-image,Nothing Cleaner than Nude,"Discover our most loved clean beauty products, crafted with naturally derived ingredients, where efficacy meets integrity.",Shop Now,https://scontent.ftgz4-1.fna.fbcdn.net/v/t39.35426-6/631352470_2857985571073074_83271817523643978_n.jpg?_nc_cat=107&ccb=1-7&_nc_sid=c53f8f&_nc_ohc=mOIwEsGNKSwQ7kNvwGL6HoB&_nc_oc=Adq_NLROLc9I76hciQcWFiAwvVSyjWrGlbYhkA117atXhaNnzOlT4_6X5ui7xCqZa1w&_nc_zt=14&_nc_ht=scontent.ftgz4-1.fna&_nc_gid=wjNr2Xm4CF_RghxZihEDEA&_nc_ss=7f180&oh=00_AQDOexIkNcgVh0qTmXwCuVTIZa96on98R6bSOxo6hMOE1w&oe=6A5094F1,,"['FACEBOOK', 'INSTAGRAM', 'AUDIENCE_NETWORK', 'MESSENGER', 'THREADS']",au,cw,facebook,social,2026-W27,2026-07,"FACEBOOK, INSTAGRAM, AUDIENCE_NETWORK, MESSENGER, THREADS",True,True,True,True,True,False,Brand/Category Page,True,False,False,2026-07-06,2026-05-29 07:00:00,2026-07-06 16:23:53.030278,38
753946101113719,1775263893268847,True,2026-06-11 07:00:00,2026-06-30 07:00:00,Chemist Warehouse,Chemist Warehouse,{{product.name}},{{product.brand}},Shop now,DCO,https://www.chemistwarehouse.com.au/shop-online/902/sukin?utm_source=facebook&utm_medium=social&utm_campaign=au_cw_coop_facebook_social_bwxbrandsptyltd_sukin_665_2026_100133-bau_video-image&utm_term=traffic&utm_content=video-image_all,www.chemistwarehouse.com.au,/shop-online/902/sukin,facebook,social,au_cw_coop_facebook_social_bwxbrandsptyltd_sukin_665_2026_100133-bau_video-image,665,traffic,video-image_all,Coop,Bwxbrandsptyltd,Sukin,2026,video-image,All-in-one Hair Spritz,"Afraid of Heat Damage? Not anymore, with one Spritz that reduces damage & hydrates scalp.",Shop Now,https://scontent.ftgz4-1.fna.fbcdn.net/v/t39.35426-6/724123558_1484130646225744_3828370308688939805_n.jpg?_nc_cat=107&ccb=1-7&_nc_sid=c53f8f&_nc_ohc=7Mqyk693d2kQ7kNvwFnZYZg&_nc_oc=AdrMrlkuZTueHaKXZ4qPRRMImNZKxgyAfRqPkx--_akU7zUwtVLrFVGE_zDaCzjr2ng&_nc_zt=14&_nc_ht=scontent.ftgz4-1.fna&_nc_gid=D-mY_vGBtulQ_bBHBY06TA&_nc_ss=7f180&oh=00_AQCk0lKH167S9Taa8LYY3VDe1zr7B5Ljz2YOb18QeH8cEA&oe=6A50C004,,"['FACEBOOK', 'INSTAGRAM', 'AUDIENCE_NETWORK', 'MESSENGER', 'WHATSAPP', 'THREADS']",au,cw,facebook,social,2026-W27,2026-07,"FACEBOOK, INSTAGRAM, AUDIENCE_NETWORK, MESSENGER, WHATSAPP, THREADS",True,True,True,True,True,True,Brand/Category Page,True,False,False,2026-07-06,2026-06-11 07:00:00,2026-07-06 16:23:53.030278,25
994531556674176,1472787060839756,True,2026-06-11 07:00:00,2026-07-05 07:00:00,Chemist Warehouse,Chemist Warehouse,{{product.name}},{{product.brand}},Shop now,DCO,https://www.chemistwarehouse.com.au/shop-online/902/sukin?utm_source=facebook&utm_medium=social&utm_campaign=au_cw_coop_facebook_social_bwxbrandsptyltd_sukin_665_2026_100133-bau_video-image&utm_term=traffic&utm_content=video-image_all,www.chemistwarehouse.com.au,/shop-online/902/sukin,facebook,social,au_cw_coop_facebook_social_bwxbrandsptyltd_sukin_665_2026_100133-bau_video-image,665,traffic,video-image_all,Coop,Bwxbrandsptyltd,Sukin,2026,video-image,All-in-one Hair Spritz,"Afraid of Heat Damage? Not anymore, with one Spritz that reduces damage & hydrates scalp.",Shop Now,https://scontent.ftgz4-1.fna.fbcdn.net/v/t39.35426-6/723256780_1701841941125377_6903945643742099061_n.jpg?_nc_cat=105&ccb=1-7&_nc_sid=c53f8f&_nc_ohc=UVdjeAccmXoQ7kNvwFi4sFX&_nc_oc=AdogyRwt7FYhGqdXPHPsqMiZ4KDtdlhzVx0m4AG2IqdjAp3t5e1l8poLguX5UFccTWY&_nc_zt=14&_nc_ht=scontent.ftgz4-1.fna&_nc_gid=D-mY_vGBtulQ_bBHBY06TA&_nc_ss=7f180&oh=00_AQAJ9KGa-EZCJk1FDKQURHEFEICb5aVmueFHnGn9b79BuA&oe=6A509AC5,,"['FACEBOOK', 'INSTAGRAM', 'AUDIENCE_NETWORK', 'MESSENGER', 'WHATSAPP', 'THREADS']",au,cw,facebook,social,2026-W27,2026-07,"FACEBOOK, INSTAGRAM, AUDIENCE_NETWORK, MESSENGER, WHATSAPP, THREADS",True,True,True,True,True,True,Brand/Category Page,True,False,False,2026-07-06,2026-06-11 07:00:00,2026-07-06 16:23:53.030278,25
855773077569995,1235624918660206,True,2026-05-29 07:00:00,2026-07-04 07:00:00,Chemist Warehouse,Chemist Warehouse,{{product.name}},{{product.brand}},Shop now,DCO,https://www.chemistwarehouse.com.au/shop-online/2601/nude-by-nature?&utm_source=facebook&utm_medium=social&utm_campaign=au_cw_coop_facebook_social_nudebynatureptyltd_nudebynature_648_2026_100097-bau_video-image&utm_term=conversion&utm_content=video-image_lip-npd-v2,www.chemistwarehouse.com.au,/shop-online/2601/nude-by-nature,facebook,social,au_cw_coop_facebook_social_nudebynatureptyltd_nudebynature_648_2026_100097-bau_video-image,648,conversion,video-image_lip-npd-v2,Coop,Nudebynatureptyltd,Nudebynature,2026,video-image,Shop Nude by Nature!,Go bold with Nude by Nature! New lacquer lip serum available only at Chemist Warehouse. Shop today!,Shop Now,https://scontent.ftgz4-1.fna.fbcdn.net/v/t39.35426-6/647303893_2392558034579523_5800443721639547067_n.jpg?_nc_cat=108&ccb=1-7&_nc_sid=c53f8f&_nc_ohc=IiaqV8VNzKEQ7kNvwGzj5se&_nc_oc=Adr3KHNtqLUBvBOtR5xIdcT9CIQuzUHPffI_iskvX_RoskLzMU1mNGkQYcRPXQ3ubwo&_nc_zt=14&_nc_ht=scontent.ftgz4-1.fna&_nc_gid=wjNr2Xm4CF_RghxZihEDEA&_nc_ss=7f180&oh=00_AQCI6itP48QYa277E0cQlRemXM3xMPFsUhP0b53jnHfavg&oe=6A50C23E,,"['FACEBOOK', 'INSTAGRAM', 'AUDIENCE_NETWORK', 'MESSENGER', 'THREADS']",au,cw,facebook,social,2026-W27,2026-07,"FACEBOOK, INSTAGRAM, AUDIENCE_NETWORK, MESSENGER, THREADS",True,True,True,True,True,False,Brand/Category Page,True,False,False,2026-07-06,2026-05-29 07:00:00,2026-07-06 16:23:53.030278,38
2477722436066620,875999792152859,True,2026-05-29 07:00:00,2026-07-04 07:00:00,Chemist Warehouse,Chemist Warehouse,{{product.name}},{{product.brand}},Shop now,DCO,https://www.chemistwarehouse.com.au/shop-online/2601/nude-by-nature?&utm_source=facebook&utm_medium=social&utm_campaign=au_cw_coop_facebook_social_nudebynatureptyltd_nudebynature_648_2026_100097-bau_video-image&utm_term=conversion&utm_content=video-image_lip-npd-v3,www.chemistwarehouse.com.au,/shop-online/2601/nude-by-nature,facebook,social,au_cw_coop_facebook_social_nudebynatureptyltd_nudebynature_648_2026_100097-bau_video-image,648,conversion,video-image_lip-npd-v3,Coop,Nudebynatureptyltd,Nudebynature,2026,video-image,Shop Nude by Nature!,Go bold with Nude by Nature! New lacquer lip serum available only at Chemist Warehouse. Shop today!,Shop Now,https://scontent.ftgz4-1.fna.fbcdn.net/v/t39.35426-6/648115512_1477583367418499_8292334421769200783_n.jpg?_nc_cat=108&ccb=1-7&_nc_sid=c53f8f&_nc_ohc=iG024xILR1YQ7kNvwFyfIiB&_nc_oc=Adr1YG0-WZriepht2-mEpkzmfBQza75UN_YZ7CdiG6-RnDsOTOxUXuWumVsSJ9clT2U&_nc_zt=14&_nc_ht=scontent.ftgz4-1.fna&_nc_gid=wjNr2Xm4CF_RghxZihEDEA&_nc_ss=7f180&oh=00_AQAcX9KnBkSWH9jQjSO2YZ7Dbam_xvXsC_QZpYAg3w51sw&oe=6A509887,,"['FACEBOOK', 'INSTAGRAM', 'AUDIENCE_NETWORK', 'MESSENGER', 'THREADS']",au,cw,facebook,social,2026-W27,2026-07,"FACEBOOK, INSTAGRAM, AUDIENCE_NETWORK, MESSENGER, THREADS",True,True,True,True,True,False,Brand/Category Page,True,False,False,2026-07-06,2026-05-29 07:00:00,2026-07-06 16:23:53.030278,38
2097299617483293,,True,2026-06-10 07:00:00,2026-07-04 07:00:00,Chemist Warehouse,Chemist Warehouse,Anti-Dandruff From First Use,Experience the science of Dercos by Vichy. Shop now at Chemist Warehouse.,Shop now,IMAGE,https://fb.com/canvas_doc/1291063919295564,fb.com,/canvas_doc/1291063919295564,,,,,,,Not Specified,,,,,,,,,,"['FACEBOOK', 'INSTAGRAM', 'AUDIENCE_NETWORK', 'MESSENGER', 'THREADS']",,,,,2026-W27,2026-07,"FACEBOOK, INSTAGRAM, AUDIENCE_NETWORK, MESSENGER, THREADS",True,True,True,True,True,False,Internal/App Page,True,True,False,2026-07-06,2026-06-10 07:00:00,2026-07-06 16:23:53.030278,26
1318397677103718,1343437420869190,True,2026-05-29 07:00:00,2026-07-05 07:00:00,Chemist Warehouse,Chemist Warehouse,{{product.name}},{{product.brand}},Shop now,DCO,https://www.chemistwarehouse.com.au/shop-online/2601/nude-by-nature?&utm_source=facebook&utm_medium=social&utm_campaign=au_cw_coop_facebook_social_nudebynatureptyltd_nudebynature_648_2026_100097-bau_video-image&utm_term=conversion&utm_content=video-image_npd,www.chemistwarehouse.com.au,/shop-online/2601/nude-by-nature,facebook,social,au_cw_coop_facebook_social_nudebynatureptyltd_nudebynature_648_2026_100097-bau_video-image,648,conversion,video-image_npd,Coop,Nudebynatureptyltd,Nudebynature,2026,video-image,Shop Nude By Nature,Nothing Cleaner Than Nude! Nude by Nature now at Chemist Warehouse. Shop today.,Shop Now,,https://video.ftgz4-1.fna.fbcdn.net/o1/v/t2/f2/m366/AQORifcjr6XHuBBhfJcUZVZIPbVyJVuyVuP7nDWTKl4Ec-g2bjsnykjAIaIXc_Gt_jqY77CWSxPE1l2eV_pHNxwSWBfdskYjcIpLrt_vWkzq9g.mp4?_nc_cat=109&_nc_oc=Adqk35XLt4ZFRQaspx_bD-X8e0ojaWYIJ4NdAJLkOh3VKAEnpJo7Snf7sOxCnEI5cYo&_nc_sid=b66105&_nc_ht=video.ftgz4-1.fna.fbcdn.net&_nc_ohc=hgMXXqHeByQQ7kNvwEnDRkC&efg=eyJ2ZW5jb2RlX3RhZyI6Inhwdl9wcm9ncmVzc2l2ZS5WSV9VU0VDQVNFX1BST0RVQ1RfVFlQRS4uQzMuNzIwLmRhc2hfaDI2NC1iYXNpYy1nZW4yXzcyMHAiLCJ4cHZfYXNzZXRfaWQiOjEzODI4MDg3OTAyOTA2MDgsImFzc2V0X2FnZV9kYXlzIjoxNzAsInZpX3VzZWNhc2VfaWQiOjEwNzk5LCJkdXJhdGlvbl9zIjoxNywidXJsZ2VuX3NvdXJjZSI6Ind3dyJ9&ccb=17-1&vs=859a2517f735b9ae&_nc_vs=HBksFQIYRWZiX2VwaGVtZXJhbC8yQzQ1RDM3OUY0MzFERDEyMTk4RTgzMjk1OTdGOEU5OF9tdF8xX3ZpZGVvX2Rhc2hpbml0Lm1wNBUAAsgBEgAVAhhAZmJfcGVybWFuZW50L0JGNDYwMDE2RDcxNTFCQjQxNENDQzM1MzVCNTMyQkJEX2F1ZGlvX2Rhc2hpbml0Lm1wNBUCAsgBEgAoABgAGwKIB3VzZV9vaWwBMRJwcm9ncmVzc2l2ZV9yZWNpcGUBMRUAACbgwuariOr0BBUCKAJDMywXQDEZmZmZmZoYGWRhc2hfaDI2NC1iYXNpYy1nZW4yXzcyMHARAHUAZd6oAQA&_nc_gid=wjNr2Xm4CF_RghxZihEDEA&_nc_ss=7f180&_nc_zt=28&oh=00_AQAU7yWGqWDVTd_luoKtKX3x3fIonZj5V5lk5p-y5XAK6Q&oe=6A50A697,"['FACEBOOK', 'INSTAGRAM', 'AUDIENCE_NETWORK', 'MESSENGER', 'THREADS']",au,cw,facebook,social,2026-W27,2026-07,"FACEBOOK, INSTAGRAM, AUDIENCE_NETWORK, MESSENGER, THREADS",True,True,True,True,True,False,Brand/Category Page,True,False,False,2026-07-06,2026-05-29 07:00:00,2026-07-06 16:23:53.030278,38
866205029863214,1202847438574265,True,2026-06-11 07:00:00,2026-07-05 07:00:00,Chemist Warehouse,Chemist Warehouse,{{product.name}},{{product.brand}},Shop now,DCO,https://www.chemistwarehouse.com.au/shop-online/5318/garnier?category=Skincare&utm_source=facebook&utm_medium=social&utm_campaign=au_cw_coop_facebook_social_lorealaustraliaptyltd_garnier_665_may26_100045-bau_image&utm_term=traffic&utm_content=image_GarnierGoodInstore,www.chemistwarehouse.com.au,/shop-online/5318/garnier,facebook,social,au_cw_coop_facebook_social_lorealaustraliaptyltd_garnier_665_may26_100045-bau_image,665,traffic,image_GarnierGoodInstore,Coop,Lorealaustraliaptyltd,Garnier,may26,image,Shop Garnier at Chemist Warehouse,Shop Garnier GOOD range at Chemist Warehouse,Shop Now,,https://video.ftgz4-1.fna.fbcdn.net/o1/v/t2/f2/m366/AQPxAyTubzltgZS0sQY3tlTVbYTT_Omp4TuJkKR1n08VIQ2l9XJ4sfnF0oAK9QF_8M_WDcrU5V6A4hMAMeAj208hRtJHEeHbfnj55Kr-lzj83g.mp4?_nc_cat=103&_nc_oc=Adpo0UeIVAcYNGN7YaSZ_1xRIKvSbcQ2TO9_E_otADYyQNVhIC0WbHGu_JX18k_vnZQ&_nc_sid=b66105&_nc_ht=video.ftgz4-1.fna.fbcdn.net&_nc_ohc=hR8u6rJ1VFsQ7kNvwE3_Nkn&efg=eyJ2ZW5jb2RlX3RhZyI6Inhwdl9wcm9ncmVzc2l2ZS5WSV9VU0VDQVNFX1BST0RVQ1RfVFlQRS4uQzMuNzIwLmRhc2hfaDI2NC1iYXNpYy1nZW4yXzcyMHAiLCJ4cHZfYXNzZXRfaWQiOjk4NDg1MzE3MTA3NjQ3NywiYXNzZXRfYWdlX2RheXMiOjI1LCJ2aV91c2VjYXNlX2lkIjoxMDc5OSwiZHVyYXRpb25fcyI6MjMsInVybGdlbl9zb3VyY2UiOiJ3d3cifQ%3D%3D&ccb=17-1&vs=cfb1c45a072c91a&_nc_vs=HBksFQIYRWZiX2VwaGVtZXJhbC9EQjRENTdFMTA2REYyOTYxNkU0RDU4RTRCQ0M4N0U4Ml9tdF8xX3ZpZGVvX2Rhc2hpbml0Lm1wNBUAAsgBEgAVAhhAZmJfcGVybWFuZW50L0I3NEUxRTkzRkUxN0VDMkY0NUU1ODJDMjQ1MjFFNDhFX2F1ZGlvX2Rhc2hpbml0Lm1wNBUCAsgBEgAoABgAGwKIB3VzZV9vaWwBMRJwcm9ncmVzc2l2ZV9yZWNpcGUBMRUAACb69df2_-2_AxUCKAJDMywXQDc7peNT988YGWRhc2hfaDI2NC1iYXNpYy1nZW4yXzcyMHARAHUAZd6oAQA&_nc_gid=D-mY_vGBtulQ_bBHBY06TA&_nc_ss=7f180&_nc_zt=28&oh=00_AQDN8tAcUn6wZw01YKQp6xpWlNvO2tMnuJMdXZC9QV6b7g&oe=6A50A821,"['FACEBOOK', 'INSTAGRAM', 'AUDIENCE_NETWORK', 'MESSENGER', 'THREADS']",au,cw,facebook,social,2026-W27,2026-07,"FACEBOOK, INSTAGRAM, AUDIENCE_NETWORK, MESSENGER, THREADS",True,True,True,True,True,False,Brand/Category Page,True,False,False,2026-07-06,2026-06-11 07:00:00,2026-07-06 16:23:53.030278,25
1643061040509793,1597842961477032,True,2026-05-29 07:00:00,2026-07-05 07:00:00,Chemist Warehouse,Chemist Warehouse,Shop Nude by Nature today!,#ad Go bold with the NEW Lacquer Lip Serums.,Shop now,VIDEO,https://www.chemistwarehouse.com.au/shop-online/2601/nude-by-nature?&utm_source=facebook&utm_medium=social&utm_campaign=au_cw_coop_facebook_social_nudebynatureptyltd_nudebynature_648_2026_100097-bau_video-image&utm_term=conversion&utm_content=video-image_dominique-ugc,www.chemistwarehouse.com.au,/shop-online/2601/nude-by-nature,facebook,social,au_cw_coop_facebook_social_nudebynatureptyltd_nudebynature_648_2026_100097-bau_video-image,648,conversion,video-image_dominique-ugc,Coop,Nudebynatureptyltd,Nudebynature,2026,video-image,,,,,,"['FACEBOOK', 'INSTAGRAM', 'AUDIENCE_NETWORK', 'MESSENGER', 'THREADS']",au,cw,facebook,social,2026-W27,2026-07,"FACEBOOK, INSTAGRAM, AUDIENCE_NETWORK, MESSENGER, THREADS",True,True,True,True,True,False,Brand/Category Page,True,False,False,2026-07-06,2026-05-29 07:00:00,2026-07-06 16:23:53.030278,38
743662288805386,1036598725474810,True,2026-06-01 07:00:00,2026-06-25 07:00:00,Chemist Warehouse,Chemist Warehouse,Take your skincare mile high,The latest MCoBeauty arrivals! 💦 Hydration essentials for skin on the move. Shop now at Chemist Warehouse,Shop now,VIDEO,https://www.chemistwarehouse.com.au/shop-online/5644/mcobeauty-cosmetics?utm_source=facebook&utm_medium=social&utm_campaign=au_cw_coop_facebook_social_mcobeautyptyltd_mcobeauty_648_2026_100097-bau_video-image&utm_term=traffic&utm_content=video-image_generic,www.chemistwarehouse.com.au,/shop-online/5644/mcobeauty-cosmetics,facebook,social,au_cw_coop_facebook_social_mcobeautyptyltd_mcobeauty_648_2026_100097-bau_video-image,648,traffic,video-image_generic,Coop,Mcobeautyptyltd,Mcobeauty,2026,video-image,,,,,,"['FACEBOOK', 'INSTAGRAM', 'AUDIENCE_NETWORK', 'MESSENGER', 'WHATSAPP', 'THREADS']",au,cw,facebook,social,2026-W27,2026-07,"FACEBOOK, INSTAGRAM, AUDIENCE_NETWORK, MESSENGER, WHATSAPP, THREADS",True,True,True,True,True,True,Brand/Category Page,True,True,False,2026-07-06,2026-06-01 07:00:00,2026-07-06 16:23:53.030278,35
1497010285262261,1549326082983989,True,2026-05-29 07:00:00,2026-07-05 07:00:00,Chemist Warehouse,Chemist Warehouse,Shop Nude Today!,"Discover our most loved clean beauty products, crafted with naturally derived ingredients, where efficacy meets integrity.",Learn more,VIDEO,https://www.chemistwarehouse.com.au/shop-online/2601/nude-by-nature?&utm_source=facebook&utm_medium=social&utm_campaign=au_cw_coop_facebook_social_nudebynatureptyltd_nudebynature_648_2026_100097-bau_video-image&utm_term=conversion&utm_content=video-image_jan_p1_promotion_6,www.chemistwarehouse.com.au,/shop-online/2601/nude-by-nature,facebook,social,au_cw_coop_facebook_social_nudebynatureptyltd_nudebynature_648_2026_100097-bau_video-image,648,conversion,video-image_jan_p1_promotion_6,Coop,Nudebynatureptyltd,Nudebynature,2026,video-image,,,,,,"['FACEBOOK', 'INSTAGRAM', 'AUDIENCE_NETWORK', 'MESSENGER', 'THREADS']",au,cw,facebook,social,2026-W27,2026-07,"FACEBOOK, INSTAGRAM, AUDIENCE_NETWORK, MESSENGER, THREADS",True,True,True,True,True,False,Brand/Category Page,True,False,False,2026-07-06,2026-05-29 07:00:00,2026-07-06 16:23:53.030278,38
770952682676877,1560501802311150,True,2026-06-02 07:00:00,2026-07-05 07:00:00,Chemist Warehouse,Chemist Warehouse,Take your skincare mile high,The latest MCoBeauty arrivals! 💦 Hydration essentials for skin on the move. Shop now at Chemist Warehous,Shop now,VIDEO,https://www.chemistwarehouse.com.au/shop-online/5644/mcobeauty-cosmetics?utm_source=facebook&utm_medium=social&utm_campaign=au_cw_coop_facebook_social_mcobeautyptyltd_mcobeauty_648_2026_100097-bau_video-image&utm_term=traffic&utm_content=video-image_generic,www.chemistwarehouse.com.au,/shop-online/5644/mcobeauty-cosmetics,facebook,social,au_cw_coop_facebook_social_mcobeautyptyltd_mcobeauty_648_2026_100097-bau_video-image,648,traffic,video-image_generic,Coop,Mcobeautyptyltd,Mcobeauty,2026,video-image,,,,,,"['FACEBOOK', 'INSTAGRAM', 'AUDIENCE_NETWORK', 'MESSENGER', 'WHATSAPP', 'THREADS']",au,cw,facebook,social,2026-W27,2026-07,"FACEBOOK, INSTAGRAM, AUDIENCE_NETWORK, MESSENGER, WHATSAPP, THREADS",True,True,True,True,True,True,Brand/Category Page,True,False,False,2026-07-06,2026-06-02 07:00:00,2026-07-06 16:23:53.030278,34
2432980090462185,1712313663519493,True,2026-05-28 07:00:00,2026-07-05 07:00:00,Chemist Warehouse,Chemist Warehouse,Unlock glass skin,"A hydrating, ultra-fine setting spray that locks in makeup, smooths powder
and delivers a glossy, glass like finish.",Shop now,VIDEO,https://www.chemistwarehouse.com.au/shop-online/5644/mcobeauty-cosmetics?utm_source=facebook&utm_medium=social&utm_campaign=au_cw_coop_facebook_social_mcobeautyptyltd_mcobeauty_648_2026_100097-bau_video-image&utm_term=traffic&utm_content=video-image_generic,www.chemistwarehouse.com.au,/shop-online/5644/mcobeauty-cosmetics,facebook,social,au_cw_coop_facebook_social_mcobeautyptyltd_mcobeauty_648_2026_100097-bau_video-image,648,traffic,video-image_generic,Coop,Mcobeautyptyltd,Mcobeauty,2026,video-image,,,,,,"['FACEBOOK', 'INSTAGRAM', 'AUDIENCE_NETWORK', 'MESSENGER', 'WHATSAPP', 'THREADS']",au,cw,facebook,social,2026-W27,2026-07,"FACEBOOK, INSTAGRAM, AUDIENCE_NETWORK, MESSENGER, WHATSAPP, THREADS",True,True,True,True,True,True,Brand/Category Page,True,False,False,2026-07-06,2026-05-28 07:00:00,2026-07-06 16:23:53.030278,39
813799854943705,1977870582870596,True,2026-05-28 07:00:00,2026-07-05 07:00:00,Chemist Warehouse,Chemist Warehouse,The milky glaze that locks it all in.,Ready for a routine refresh? ✨ Shop now at Chemist Warehouse,Shop now,VIDEO,https://www.chemistwarehouse.com.au/shop-online/5644/mcobeauty-cosmetics?utm_source=facebook&utm_medium=social&utm_campaign=au_cw_coop_facebook_social_mcobeautyptyltd_mcobeauty_648_2026_100097-bau_video-image&utm_term=traffic&utm_content=video-image_generic,www.chemistwarehouse.com.au,/shop-online/5644/mcobeauty-cosmetics,facebook,social,au_cw_coop_facebook_social_mcobeautyptyltd_mcobeauty_648_2026_100097-bau_video-image,648,traffic,video-image_generic,Coop,Mcobeautyptyltd,Mcobeauty,2026,video-image,,,,,,"['FACEBOOK', 'INSTAGRAM', 'AUDIENCE_NETWORK', 'MESSENGER', 'WHATSAPP', 'THREADS']",au,cw,facebook,social,2026-W27,2026-07,"FACEBOOK, INSTAGRAM, AUDIENCE_NETWORK, MESSENGER, WHATSAPP, THREADS",True,True,True,True,True,True,Brand/Category Page,True,True,False,2026-07-06,2026-05-28 07:00:00,2026-07-06 16:23:53.030278,39
1491336693006797,1251208750201222,True,2026-05-28 07:00:00,2026-07-05 07:00:00,Chemist Warehouse,Chemist Warehouse,Shop McoBeauty,"Get the glow not the bill, with MCoBeauty's Flawless range at Chemist Warehouse.",Shop now,VIDEO,https://www.chemistwarehouse.com.au/shop-online/5644/mcobeauty-cosmetics?utm_source=facebook&utm_medium=social&utm_campaign=au_cw_coop_facebook_social_mcobeautyptyltd_mcobeauty_648_2026_100097-bau_video-image&utm_term=traffic&utm_content=video-image_generic,www.chemistwarehouse.com.au,/shop-online/5644/mcobeauty-cosmetics,facebook,social,au_cw_coop_facebook_social_mcobeautyptyltd_mcobeauty_648_2026_100097-bau_video-image,648,traffic,video-image_generic,Coop,Mcobeautyptyltd,Mcobeauty,2026,video-image,,,,,,"['FACEBOOK', 'INSTAGRAM', 'AUDIENCE_NETWORK', 'MESSENGER', 'WHATSAPP', 'THREADS']",au,cw,facebook,social,2026-W27,2026-07,"FACEBOOK, INSTAGRAM, AUDIENCE_NETWORK, MESSENGER, WHATSAPP, THREADS",True,True,True,True,True,True,Brand/Category Page,True,True,False,2026-07-06,2026-05-28 07:00:00,2026-07-06 16:23:53.030278,39
1022679633514989,1375789770981081,True,2026-05-28 07:00:00,2026-07-05 07:00:00,Chemist Warehouse,Chemist Warehouse,"Luminous cream blush with a dewy, moisturising finish","Creates a soft, warm glow for your cheeks and lips. Made with Castor Oil, Jojoba Seed Oil, Shea Butter, and Hyaluronic Acid",Shop now,VIDEO,https://www.chemistwarehouse.com.au/shop-online/5644/mcobeauty-cosmetics?utm_source=facebook&utm_medium=social&utm_campaign=au_cw_coop_facebook_social_mcobeautyptyltd_mcobeauty_648_2026_100097-bau_video-image&utm_term=traffic&utm_content=video-image_generic,www.chemistwarehouse.com.au,/shop-online/5644/mcobeauty-cosmetics,facebook,social,au_cw_coop_facebook_social_mcobeautyptyltd_mcobeauty_648_2026_100097-bau_video-image,648,traffic,video-image_generic,Coop,Mcobeautyptyltd,Mcobeauty,2026,video-image,,,,,,"['FACEBOOK', 'INSTAGRAM', 'AUDIENCE_NETWORK', 'MESSENGER', 'WHATSAPP', 'THREADS']",au,cw,facebook,social,2026-W27,2026-07,"FACEBOOK, INSTAGRAM, AUDIENCE_NETWORK, MESSENGER, WHATSAPP, THREADS",True,True,True,True,True,True,Brand/Category Page,True,False,False,2026-07-06,2026-05-28 07:00:00,2026-07-06 16:23:53.030278,39
868846058910771,1251208750201222,True,2026-05-28 07:00:00,2026-07-05 07:00:00,Chemist Warehouse,Chemist Warehouse,Shop McoBeauty,"Get the glow not the bill, with MCoBeauty's Flawless range at Chemist Warehouse.",Shop now,VIDEO,https://www.chemistwarehouse.com.au/shop-online/5644/mcobeauty-cosmetics?utm_source=facebook&utm_medium=social&utm_campaign=au_cw_coop_facebook_social_mcobeautyptyltd_mcobeauty_648_2026_100097-bau_video-image&utm_term=traffic&utm_content=video-image_generic,www.chemistwarehouse.com.au,/shop-online/5644/mcobeauty-cosmetics,facebook,social,au_cw_coop_facebook_social_mcobeautyptyltd_mcobeauty_648_2026_100097-bau_video-image,648,traffic,video-image_generic,Coop,Mcobeautyptyltd,Mcobeauty,2026,video-image,,,,,,"['FACEBOOK', 'INSTAGRAM', 'AUDIENCE_NETWORK', 'MESSENGER', 'WHATSAPP', 'THREADS']",au,cw,facebook,social,2026-W27,2026-07,"FACEBOOK, INSTAGRAM, AUDIENCE_NETWORK, MESSENGER, WHATSAPP, THREADS",True,True,True,True,True,True,Brand/Category Page,True,True,False,2026-07-06,2026-05-28 07:00:00,2026-07-06 16:23:53.030278,39
1673966530510184,26974417422198457,True,2026-05-29 07:00:00,2026-07-05 07:00:00,Chemist Warehouse,Chemist Warehouse,The milky glaze that locks it all in,"Milky Toner is here! A rich toner essence with Ceramides and Hyaluronic Acid to hydrate, smooth and prep skin for makeup. Shop now at Chemist Warehouse",Shop now,VIDEO,https://www.chemistwarehouse.com.au/shop-online/5644/mcobeauty-cosmetics?utm_source=facebook&utm_medium=social&utm_campaign=au_cw_coop_facebook_social_mcobeautyptyltd_mcobeauty_648_2026_100097-bau_video-image&utm_term=traffic&utm_content=video-image_generic,www.chemistwarehouse.com.au,/shop-online/5644/mcobeauty-cosmetics,facebook,social,au_cw_coop_facebook_social_mcobeautyptyltd_mcobeauty_648_2026_100097-bau_video-image,648,traffic,video-image_generic,Coop,Mcobeautyptyltd,Mcobeauty,2026,video-image,,,,,,"['FACEBOOK', 'INSTAGRAM', 'AUDIENCE_NETWORK', 'MESSENGER', 'WHATSAPP', 'THREADS']",au,cw,facebook,social,2026-W27,2026-07,"FACEBOOK, INSTAGRAM, AUDIENCE_NETWORK, MESSENGER, WHATSAPP, THREADS",True,True,True,True,True,True,Brand/Category Page,True,True,False,2026-07-06,2026-05-29 07:00:00,2026-07-06 16:23:53.030278,38
1712167733530798,978316621830651,True,2026-05-28 07:00:00,2026-07-05 07:00:00,Chemist Warehouse,Chemist Warehouse,The milky glaze that locks it all in,"Milky Toner is here! A rich toner essence with Ceramides and Hyaluronic Acid to hydrate, smooth and prep skin for makeup. Shop now at Chemist Warehouse",Shop now,VIDEO,https://www.chemistwarehouse.com.au/shop-online/5644/mcobeauty-cosmetics?utm_source=facebook&utm_medium=social&utm_campaign=au_cw_coop_facebook_social_mcobeautyptyltd_mcobeauty_648_2026_100097-bau_video-image&utm_term=traffic&utm_content=video-image_generic,www.chemistwarehouse.com.au,/shop-online/5644/mcobeauty-cosmetics,facebook,social,au_cw_coop_facebook_social_mcobeautyptyltd_mcobeauty_648_2026_100097-bau_video-image,648,traffic,video-image_generic,Coop,Mcobeautyptyltd,Mcobeauty,2026,video-image,,,,,,"['FACEBOOK', 'INSTAGRAM', 'AUDIENCE_NETWORK', 'MESSENGER', 'WHATSAPP', 'THREADS']",au,cw,facebook,social,2026-W27,2026-07,"FACEBOOK, INSTAGRAM, AUDIENCE_NETWORK, MESSENGER, WHATSAPP, THREADS",True,True,True,True,True,True,Brand/Category Page,True,True,False,2026-07-06,2026-05-28 07:00:00,2026-07-06 16:23:53.030278,39
1657541088823134,1343908467619768,True,2026-05-28 07:00:00,2026-07-05 07:00:00,Chemist Warehouse,Chemist Warehouse,{{product.name}},{{product.brand}},Shop now,DCO,https://www.chemistwarehouse.com.au/shop-online/705652/old-spice?utm_source=facebook&utm_medium=social&utm_campaign=au_cw_oa_facebook_social_proctergambleaustralia_oldspice_259_2026_100486-oa_video-image&utm_term=conversion&utm_content=video-image_all,www.chemistwarehouse.com.au,/shop-online/705652/old-spice,facebook,social,au_cw_oa_facebook_social_proctergambleaustralia_oldspice_259_2026_100486-oa_video-image,259,conversion,video-image_all,O&O,Proctergambleaustralia,Oldspice,2026,video-image,Shop at Chemist Warehouse,"Shop Old Spice long-lasting sweat and odor protection. Feel 2x fresher with a perfume-quality fragrance! 

Available Now at Chemist Warehouse.",Shop Now,https://scontent.ftgz4-1.fna.fbcdn.net/v/t39.35426-6/707723805_2484520052053660_2530550214692074768_n.jpg?_nc_cat=103&ccb=1-7&_nc_sid=c53f8f&_nc_ohc=di7e7Fv9-2UQ7kNvwELzxXN&_nc_oc=AdonZt4WoNfj4QFBw0EXNJp012evq5f3ucEomL5kDK-_2F_Cl0UAiPrdbOicxd8GkNg&_nc_zt=14&_nc_ht=scontent.ftgz4-1.fna&_nc_gid=zAVdapjr65i5f53RApQj7g&_nc_ss=7f180&oh=00_AQBBsFHkS_UsZgy6gZV50ZSD_pGmvvg-XWPjKqcDSZ67xA&oe=6A50BB21,,"['FACEBOOK', 'INSTAGRAM', 'AUDIENCE_NETWORK', 'MESSENGER', 'THREADS']",au,cw,facebook,social,2026-W27,2026-07,"FACEBOOK, INSTAGRAM, AUDIENCE_NETWORK, MESSENGER, THREADS",True,True,True,True,True,False,Brand/Category Page,True,False,False,2026-07-06,2026-05-28 07:00:00,2026-07-06 16:23:53.030278,39
2137214940192297,,True,2026-05-27 07:00:00,2026-07-05 07:00:00,Chemist Warehouse,Chemist Warehouse,{{product.name}},{{product.brand}},Shop now,DCO,https://www.chemistwarehouse.com.au/shop-online/705652/old-spice?utm_source=facebook&utm_medium=social&utm_campaign=au_cw_oa_facebook_social_proctergambleaustralia_oldspice_259_2026_100486-oa_video-image&utm_term=conversion&utm_content=video-image_all,www.chemistwarehouse.com.au,/shop-online/705652/old-spice,facebook,social,au_cw_oa_facebook_social_proctergambleaustralia_oldspice_259_2026_100486-oa_video-image,259,conversion,video-image_all,O&O,Proctergambleaustralia,Oldspice,2026,video-image,Shop at Chemist Warehouse,Buy Today at Chemist Warehouse. Feel 2x fresher with a perfume-quality fragrance!,Shop Now,https://scontent.ftgz4-1.fna.fbcdn.net/v/t39.35426-6/707398453_26755841224099851_4783430501820695210_n.jpg?_nc_cat=101&ccb=1-7&_nc_sid=c53f8f&_nc_ohc=-9sZfzVJg3gQ7kNvwF_L5lP&_nc_oc=AdoatigNMyxs-YmEJQ1GRe2odI5eWdSKaMKedPgdw_FpICc_ApcQoIkFS-FpTE-UrNg&_nc_zt=14&_nc_ht=scontent.ftgz4-1.fna&_nc_gid=zAVdapjr65i5f53RApQj7g&_nc_ss=7f180&oh=00_AQCysdCv1BtWTapoc2zFBgxXY41Oxzc1uU_s_mTbu1jTUQ&oe=6A50A4B4,,"['FACEBOOK', 'INSTAGRAM', 'AUDIENCE_NETWORK', 'MESSENGER', 'THREADS']",au,cw,facebook,social,2026-W27,2026-07,"FACEBOOK, INSTAGRAM, AUDIENCE_NETWORK, MESSENGER, THREADS",True,True,True,True,True,False,Brand/Category Page,True,False,False,2026-07-06,2026-05-27 07:00:00,2026-07-06 16:23:53.030278,40
954461027482239,964126693128110,True,2026-05-20 07:00:00,2026-07-05 07:00:00,Chemist Warehouse,Chemist Warehouse,Pantene Bond Repair,NEW Pantene Miracles Bond Repair Leave-In Treatment - instantly nourishes & repairs,Shop now,VIDEO,https://www.chemistwarehouse.com.au/shop-online/863/pantene?utm_source=facebook&utm_medium=social&utm_campaign=au_cw_oa_facebook_social_proctergambleaustralia_pantene_129_2026_100212-oa_video-image&utm_term=traffic&utm_content=video-image_all,www.chemistwarehouse.com.au,/shop-online/863/pantene,facebook,social,au_cw_oa_facebook_social_proctergambleaustralia_pantene_129_2026_100212-oa_video-image,129,traffic,video-image_all,O&O,Proctergambleaustralia,Pantene,2026,video-image,,,,,,"['FACEBOOK', 'INSTAGRAM', 'MESSENGER']",au,cw,facebook,social,2026-W27,2026-07,"FACEBOOK, INSTAGRAM, MESSENGER",True,True,False,True,False,False,Brand/Category Page,True,False,True,2026-07-06,2026-05-20 07:00:00,2026-07-06 16:23:53.030278,47
1340097081344875,,True,2026-05-27 07:00:00,2026-06-22 07:00:00,Chemist Warehouse,Chemist Warehouse,Healthy-hydrated lips,Carmex has your lips sorted. Shop Carmex lip balms at Chemist Warehouse,Shop now,VIDEO,https://www.chemistwarehouse.com.au/shop-online/5937/carmex?utm_source=facebook&utm_medium=social&utm_campaign=au_cw_oa_facebook_social_biccariholdingsptyltd_carmex_665_may26_100430-boosting_video&utm_term=reach&utm_content=video_instore-video,www.chemistwarehouse.com.au,/shop-online/5937/carmex,facebook,social,au_cw_oa_facebook_social_biccariholdingsptyltd_carmex_665_may26_100430-boosting_video,665,reach,video_instore-video,O&O,Biccariholdingsptyltd,Carmex,may26,video,,,,,,"['FACEBOOK', 'INSTAGRAM']",au,cw,facebook,social,2026-W27,2026-07,"FACEBOOK, INSTAGRAM",True,True,False,False,False,False,Brand/Category Page,True,True,False,2026-07-06,2026-05-27 07:00:00,2026-07-06 16:23:53.030278,40
1046201521698473,,True,2026-05-27 07:00:00,2026-07-05 07:00:00,Chemist Warehouse,Chemist Warehouse,The Scent that Never Dies,Long-lasting sweat and odor protection. Feel 2x fresher with a perfume-quality fragrance!,Shop now,VIDEO,https://www.chemistwarehouse.com.au/shop-online/705652/old-spice?utm_source=facebook&utm_medium=social&utm_campaign=au_cw_oa_facebook_social_proctergambleaustralia_oldspice_259_2026_100486-oa_video-image&utm_term=traffic&utm_content=video-image_all,www.chemistwarehouse.com.au,/shop-online/705652/old-spice,facebook,social,au_cw_oa_facebook_social_proctergambleaustralia_oldspice_259_2026_100486-oa_video-image,259,traffic,video-image_all,O&O,Proctergambleaustralia,Oldspice,2026,video-image,,,,,,"['FACEBOOK', 'INSTAGRAM', 'AUDIENCE_NETWORK', 'MESSENGER', 'WHATSAPP', 'THREADS']",au,cw,facebook,social,2026-W27,2026-07,"FACEBOOK, INSTAGRAM, AUDIENCE_NETWORK, MESSENGER, WHATSAPP, THREADS",True,True,True,True,True,True,Brand/Category Page,True,False,False,2026-07-06,2026-05-27 07:00:00,2026-07-06 16:23:53.030278,40
994358136436400,,True,2026-05-31 07:00:00,2026-07-05 07:00:00,Chemist Warehouse,Chemist Warehouse,{{product.name}},{{product.brand}},Shop now,DCO,https://www.chemistwarehouse.com.au/shop-online/1908/schick-womens-shavers-blades?&utm_source=facebook&utm_medium=social&utm_campaign=au_cw_coop_facebook_social_edgewellpersonalcareaustralia_schickwomens_259_2026_100011-bau_video-image&utm_term=traffic&utm_content=video-image_all,www.chemistwarehouse.com.au,/shop-online/1908/schick-womens-shavers-blades,facebook,social,au_cw_coop_facebook_social_edgewellpersonalcareaustralia_schickwomens_259_2026_100011-bau_video-image,259,traffic,video-image_all,Coop,Edgewellpersonalcareaustralia,Schickwomens,2026,video-image,Shop Silk Hydro Today,"Silk Hydro delivers a close shave while helping protect from irritation, leaving skin smooth & hydrated. Shop now at Chemist Warehouse!",Shop Now,,https://video.ftgz4-1.fna.fbcdn.net/o1/v/t2/f2/m366/AQNA_-p4vvJfC9j6h-_5zGv3RnDFiSsoxrWjRsuF7SyPXTe4nNKisJF4qeww-qLtLDD9KwMjsj6T3cEAiYevktmNg8t8HVOOfcOpaAEqwKecVg.mp4?_nc_cat=111&_nc_oc=Ado4OJ5ZViWYuWVwDNNm3wfrF-W4zPgT3hYtrcvbmOUnh5xcLGlIW4StKXY0HF8JFzI&_nc_sid=b66105&_nc_ht=video.ftgz4-1.fna.fbcdn.net&_nc_ohc=EG0gU-hZx7oQ7kNvwFEn8I4&efg=eyJ2ZW5jb2RlX3RhZyI6Inhwdl9wcm9ncmVzc2l2ZS5WSV9VU0VDQVNFX1BST0RVQ1RfVFlQRS4uQzMuNzIwLmRhc2hfaDI2NC1iYXNpYy1nZW4yXzcyMHAiLCJ4cHZfYXNzZXRfaWQiOjE1Mjg1OTg3NDE5NTE0NTcsImFzc2V0X2FnZV9kYXlzIjo2MSwidmlfdXNlY2FzZV9pZCI6MTA3OTksImR1cmF0aW9uX3MiOjEwLCJ1cmxnZW5fc291cmNlIjoid3d3In0%3D&ccb=17-1&vs=e4a11d39b01b454f&_nc_vs=HBksFQIYRWZiX2VwaGVtZXJhbC8zRDQxNjI4QjQ2NjVFM0VCMjI1NjIyN0Q2NTNBNTVCNF9tdF8xX3ZpZGVvX2Rhc2hpbml0Lm1wNBUAAsgBEgAVAhhAZmJfcGVybWFuZW50L0E0NDFGNTQxQTdDNzEzNzc1QkNENDA5MDE2OUMxMEI5X2F1ZGlvX2Rhc2hpbml0Lm1wNBUCAsgBEgAoABgAGwKIB3VzZV9vaWwBMRJwcm9ncmVzc2l2ZV9yZWNpcGUBMRUAACbCj6WQlJC3BRUCKAJDMywXQCQAAAAAAAAYGWRhc2hfaDI2NC1iYXNpYy1nZW4yXzcyMHARAHUAZd6oAQA&_nc_gid=wjNr2Xm4CF_RghxZihEDEA&_nc_ss=7f180&_nc_zt=28&oh=00_AQAVL0akQ9Pi1H5HLBBxxIIEVIFvW0CAAU5J4rHBKdRV3A&oe=6A5095AD,"['FACEBOOK', 'INSTAGRAM', 'AUDIENCE_NETWORK', 'MESSENGER', 'THREADS']",au,cw,facebook,social,2026-W27,2026-07,"FACEBOOK, INSTAGRAM, AUDIENCE_NETWORK, MESSENGER, THREADS",True,True,True,True,True,False,Brand/Category Page,True,False,False,2026-07-06,2026-05-31 07:00:00,2026-07-06 16:23:53.030278,36
1549032246934016,1027729896592482,True,2026-05-29 07:00:00,2026-07-05 07:00:00,Chemist Warehouse,Chemist Warehouse,Shop Nude by Nature's best selling blush drops,"A lightweight, buildable serum blush that delivers a fresh, dewy flush of colour. Clean colour. Real Results.",Shop now,VIDEO,https://www.chemistwarehouse.com.au/shop-online/2601/nude-by-nature?&utm_source=facebook&utm_medium=social&utm_campaign=au_cw_coop_facebook_social_nudebynatureptyltd_nudebynature_648_2026_100097-bau_video-image&utm_term=conversion&utm_content=video-image_kol,www.chemistwarehouse.com.au,/shop-online/2601/nude-by-nature,facebook,social,au_cw_coop_facebook_social_nudebynatureptyltd_nudebynature_648_2026_100097-bau_video-image,648,conversion,video-image_kol,Coop,Nudebynatureptyltd,Nudebynature,2026,video-image,,,,,,"['FACEBOOK', 'INSTAGRAM', 'AUDIENCE_NETWORK', 'MESSENGER', 'THREADS']",au,cw,facebook,social,2026-W27,2026-07,"FACEBOOK, INSTAGRAM, AUDIENCE_NETWORK, MESSENGER, THREADS",True,True,True,True,True,False,Brand/Category Page,True,False,False,2026-07-06,2026-05-29 07:00:00,2026-07-06 16:23:53.030278,38
994249503253362,,True,2026-05-27 07:00:00,2026-07-05 07:00:00,Chemist Warehouse,Chemist Warehouse,The Scent that Never Dies,Long-lasting sweat and odor protection. Feel 2x fresher with a perfume-quality fragrance!,Shop now,VIDEO,https://www.chemistwarehouse.com.au/shop-online/705652/old-spice?utm_source=facebook&utm_medium=social&utm_campaign=au_cw_oa_facebook_social_proctergambleaustralia_oldspice_259_2026_100486-oa_video-image&utm_term=traffic&utm_content=video-image_all,www.chemistwarehouse.com.au,/shop-online/705652/old-spice,facebook,social,au_cw_oa_facebook_social_proctergambleaustralia_oldspice_259_2026_100486-oa_video-image,259,traffic,video-image_all,O&O,Proctergambleaustralia,Oldspice,2026,video-image,,,,,,"['FACEBOOK', 'INSTAGRAM', 'AUDIENCE_NETWORK', 'MESSENGER', 'WHATSAPP', 'THREADS']",au,cw,facebook,social,2026-W27,2026-07,"FACEBOOK, INSTAGRAM, AUDIENCE_NETWORK, MESSENGER, WHATSAPP, THREADS",True,True,True,True,True,True,Brand/Category Page,True,False,False,2026-07-06,2026-05-27 07:00:00,2026-07-06 16:23:53.030278,40
1489847012615845,1299293668449663,True,2026-05-29 07:00:00,2026-07-05 07:00:00,Chemist Warehouse,Chemist Warehouse,Shop Nude by Nature,"Discover your favourite Nude by Nature Mascara. Whether you prefer volume, length or definition, theres something for you.",Shop now,VIDEO,https://www.chemistwarehouse.com.au/shop-online/2601/nude-by-nature?&utm_source=facebook&utm_medium=social&utm_campaign=au_cw_coop_facebook_social_nudebynatureptyltd_nudebynature_648_2026_100097-bau_video-image&utm_term=conversion&utm_content=video-image_kol,www.chemistwarehouse.com.au,/shop-online/2601/nude-by-nature,facebook,social,au_cw_coop_facebook_social_nudebynatureptyltd_nudebynature_648_2026_100097-bau_video-image,648,conversion,video-image_kol,Coop,Nudebynatureptyltd,Nudebynature,2026,video-image,,,,,,"['FACEBOOK', 'INSTAGRAM', 'AUDIENCE_NETWORK', 'MESSENGER', 'THREADS']",au,cw,facebook,social,2026-W27,2026-07,"FACEBOOK, INSTAGRAM, AUDIENCE_NETWORK, MESSENGER, THREADS",True,True,True,True,True,False,Brand/Category Page,True,False,False,2026-07-06,2026-05-29 07:00:00,2026-07-06 16:23:53.030278,38
1294976272284890,1693781345291200,True,2026-05-29 07:00:00,2026-07-05 07:00:00,Chemist Warehouse,Chemist Warehouse,Shop Nude by Nature,"A lightweight, buildable serum-based blush that delivers a luminous flush of colour with care.",Shop now,VIDEO,https://www.chemistwarehouse.com.au/shop-online/2601/nude-by-nature?&utm_source=facebook&utm_medium=social&utm_campaign=au_cw_coop_facebook_social_nudebynatureptyltd_nudebynature_648_2026_100097-bau_video-image&utm_term=conversion&utm_content=video-image_kol,www.chemistwarehouse.com.au,/shop-online/2601/nude-by-nature,facebook,social,au_cw_coop_facebook_social_nudebynatureptyltd_nudebynature_648_2026_100097-bau_video-image,648,conversion,video-image_kol,Coop,Nudebynatureptyltd,Nudebynature,2026,video-image,,,,,,"['FACEBOOK', 'INSTAGRAM', 'AUDIENCE_NETWORK', 'MESSENGER', 'THREADS']",au,cw,facebook,social,2026-W27,2026-07,"FACEBOOK, INSTAGRAM, AUDIENCE_NETWORK, MESSENGER, THREADS",True,True,True,True,True,False,Brand/Category Page,True,False,False,2026-07-06,2026-05-29 07:00:00,2026-07-06 16:23:53.030278,38
1210268141114268,,True,2026-05-27 07:00:00,2026-07-05 07:00:00,Chemist Warehouse,Chemist Warehouse,The Scent that Never Dies,Long-lasting sweat and odor protection. Feel 2x fresher with a perfume-quality fragrance!,Shop now,VIDEO,https://www.chemistwarehouse.com.au/shop-online/705652/old-spice?utm_source=facebook&utm_medium=social&utm_campaign=au_cw_oa_facebook_social_proctergambleaustralia_oldspice_259_2026_100486-oa_video-image&utm_term=traffic&utm_content=video-image_all,www.chemistwarehouse.com.au,/shop-online/705652/old-spice,facebook,social,au_cw_oa_facebook_social_proctergambleaustralia_oldspice_259_2026_100486-oa_video-image,259,traffic,video-image_all,O&O,Proctergambleaustralia,Oldspice,2026,video-image,,,,,,"['FACEBOOK', 'INSTAGRAM', 'AUDIENCE_NETWORK', 'MESSENGER', 'WHATSAPP', 'THREADS']",au,cw,facebook,social,2026-W27,2026-07,"FACEBOOK, INSTAGRAM, AUDIENCE_NETWORK, MESSENGER, WHATSAPP, THREADS",True,True,True,True,True,True,Brand/Category Page,True,False,False,2026-07-06,2026-05-27 07:00:00,2026-07-06 16:23:53.030278,40
1302299238143861,,True,2026-05-27 07:00:00,2026-07-05 07:00:00,Chemist Warehouse,Chemist Warehouse,The Scent that Never Dies,Long-lasting sweat and odor protection. Feel 2x fresher with a perfume-quality fragrance!,Shop now,VIDEO,https://www.chemistwarehouse.com.au/shop-online/705652/old-spice?utm_source=facebook&utm_medium=social&utm_campaign=au_cw_oa_facebook_social_proctergambleaustralia_oldspice_259_2026_100486-oa_video-image&utm_term=traffic&utm_content=video-image_all,www.chemistwarehouse.com.au,/shop-online/705652/old-spice,facebook,social,au_cw_oa_facebook_social_proctergambleaustralia_oldspice_259_2026_100486-oa_video-image,259,traffic,video-image_all,O&O,Proctergambleaustralia,Oldspice,2026,video-image,,,,,,"['FACEBOOK', 'INSTAGRAM', 'AUDIENCE_NETWORK', 'MESSENGER', 'WHATSAPP', 'THREADS']",au,cw,facebook,social,2026-W27,2026-07,"FACEBOOK, INSTAGRAM, AUDIENCE_NETWORK, MESSENGER, WHATSAPP, THREADS",True,True,True,True,True,True,Brand/Category Page,True,False,False,2026-07-06,2026-05-27 07:00:00,2026-07-06 16:23:53.030278,40
933807689657184,,True,2026-05-27 07:00:00,2026-07-05 07:00:00,Chemist Warehouse,Chemist Warehouse,The Scent that Never Dies,Long-lasting sweat and odor protection. Available Now at Chemist Warehouse.,Shop now,VIDEO,https://www.chemistwarehouse.com.au/shop-online/705652/old-spice?utm_source=facebook&utm_medium=social&utm_campaign=au_cw_oa_facebook_social_proctergambleaustralia_oldspice_259_2026_100486-oa_video-image&utm_term=conversion&utm_content=video-image_all,www.chemistwarehouse.com.au,/shop-online/705652/old-spice,facebook,social,au_cw_oa_facebook_social_proctergambleaustralia_oldspice_259_2026_100486-oa_video-image,259,conversion,video-image_all,O&O,Proctergambleaustralia,Oldspice,2026,video-image,,,,,,"['FACEBOOK', 'INSTAGRAM', 'AUDIENCE_NETWORK', 'MESSENGER', 'THREADS']",au,cw,facebook,social,2026-W27,2026-07,"FACEBOOK, INSTAGRAM, AUDIENCE_NETWORK, MESSENGER, THREADS",True,True,True,True,True,False,Brand/Category Page,True,True,False,2026-07-06,2026-05-27 07:00:00,2026-07-06 16:23:53.030278,40
1886589995349016,2557618631362795,True,2026-05-21 07:00:00,2026-07-05 07:00:00,Chemist Warehouse,Chemist Warehouse,Pantene Bond Repair,NEW Pantene Miracles Bond Repair Leave-In Treatment - instantly nourishes & repairs,Shop now,VIDEO,https://www.chemistwarehouse.com.au/shop-online/863/pantene?utm_source=facebook&utm_medium=social&utm_campaign=au_cw_oa_facebook_social_proctergambleaustralia_pantene_129_2026_100212-oa_video-image&utm_term=traffic&utm_content=video-image_all,www.chemistwarehouse.com.au,/shop-online/863/pantene,facebook,social,au_cw_oa_facebook_social_proctergambleaustralia_pantene_129_2026_100212-oa_video-image,129,traffic,video-image_all,O&O,Proctergambleaustralia,Pantene,2026,video-image,,,,,,"['FACEBOOK', 'INSTAGRAM', 'MESSENGER']",au,cw,facebook,social,2026-W27,2026-07,"FACEBOOK, INSTAGRAM, MESSENGER",True,True,False,True,False,False,Brand/Category Page,True,False,True,2026-07-06,2026-05-21 07:00:00,2026-07-06 16:23:53.030278,46
1001907522300456,,True,2026-05-27 07:00:00,2026-07-04 07:00:00,Chemist Warehouse,Chemist Warehouse,{{product.name}},{{product.brand}},Shop now,DCO,https://www.chemistwarehouse.com.au/shop-online/705652/old-spice?utm_source=facebook&utm_medium=social&utm_campaign=au_cw_oa_facebook_social_proctergambleaustralia_oldspice_259_2026_100486-oa_video-image&utm_term=conversion&utm_content=video-image_all,www.chemistwarehouse.com.au,/shop-online/705652/old-spice,facebook,social,au_cw_oa_facebook_social_proctergambleaustralia_oldspice_259_2026_100486-oa_video-image,259,conversion,video-image_all,O&O,Proctergambleaustralia,Oldspice,2026,video-image,Shop at Chemist Warehouse,Long-lasting sweat and odor protection. Available Now at Chemist Warehouse.,Shop Now,https://scontent.ftgz4-1.fna.fbcdn.net/v/t39.35426-6/709036003_2045633243050555_7881139511795544658_n.jpg?_nc_cat=104&ccb=1-7&_nc_sid=c53f8f&_nc_ohc=gsiyOkAABUsQ7kNvwER4b9-&_nc_oc=Ado9YAlyO4WXym8xXwSnJzcfzmUZlN-x0TEG1OEOREbte6AplSnfTWnaotSTCmvirM4&_nc_zt=14&_nc_ht=scontent.ftgz4-1.fna&_nc_gid=zAVdapjr65i5f53RApQj7g&_nc_ss=7f180&oh=00_AQB4mQB4OWTSe8ORhPvf4wNCNYp9fy26-sXPyjjsLcsMaw&oe=6A50A52A,,"['FACEBOOK', 'INSTAGRAM', 'AUDIENCE_NETWORK', 'MESSENGER', 'THREADS']",au,cw,facebook,social,2026-W27,2026-07,"FACEBOOK, INSTAGRAM, AUDIENCE_NETWORK, MESSENGER, THREADS",True,True,True,True,True,False,Brand/Category Page,True,False,False,2026-07-06,2026-05-27 07:00:00,2026-07-06 16:23:53.030278,40
1357261146502349,,True,2026-05-27 07:00:00,2026-07-04 07:00:00,Chemist Warehouse,Chemist Warehouse,The Scent that Never Dies,Long-lasting sweat and odor protection. Feel 2x fresher with a perfume-quality fragrance!,Shop now,VIDEO,https://www.chemistwarehouse.com.au/shop-online/705652/old-spice?utm_source=facebook&utm_medium=social&utm_campaign=au_cw_oa_facebook_social_proctergambleaustralia_oldspice_259_2026_100486-oa_video-image&utm_term=traffic&utm_content=video-image_all,www.chemistwarehouse.com.au,/shop-online/705652/old-spice,facebook,social,au_cw_oa_facebook_social_proctergambleaustralia_oldspice_259_2026_100486-oa_video-image,259,traffic,video-image_all,O&O,Proctergambleaustralia,Oldspice,2026,video-image,,,,,,"['FACEBOOK', 'INSTAGRAM', 'AUDIENCE_NETWORK', 'MESSENGER', 'WHATSAPP', 'THREADS']",au,cw,facebook,social,2026-W27,2026-07,"FACEBOOK, INSTAGRAM, AUDIENCE_NETWORK, MESSENGER, WHATSAPP, THREADS",True,True,True,True,True,True,Brand/Category Page,True,False,False,2026-07-06,2026-05-27 07:00:00,2026-07-06 16:23:53.030278,40
1707277710722482,,True,2026-05-27 07:00:00,2026-07-04 07:00:00,Chemist Warehouse,Chemist Warehouse,The Scent that Never Dies,Old Spice long-lasting sweat and odor protection. Available Now at Chemist Warehouse.,Shop now,VIDEO,https://www.chemistwarehouse.com.au/shop-online/705652/old-spice?utm_source=facebook&utm_medium=social&utm_campaign=au_cw_oa_facebook_social_proctergambleaustralia_oldspice_259_2026_100486-oa_video-image&utm_term=conversion&utm_content=video-image_all,www.chemistwarehouse.com.au,/shop-online/705652/old-spice,facebook,social,au_cw_oa_facebook_social_proctergambleaustralia_oldspice_259_2026_100486-oa_video-image,259,conversion,video-image_all,O&O,Proctergambleaustralia,Oldspice,2026,video-image,,,,,,"['FACEBOOK', 'INSTAGRAM', 'AUDIENCE_NETWORK', 'MESSENGER', 'THREADS']",au,cw,facebook,social,2026-W27,2026-07,"FACEBOOK, INSTAGRAM, AUDIENCE_NETWORK, MESSENGER, THREADS",True,True,True,True,True,False,Brand/Category Page,True,True,False,2026-07-06,2026-05-27 07:00:00,2026-07-06 16:23:53.030278,40
982294970857656,1679139489989761,True,2026-05-27 07:00:00,2026-07-05 07:00:00,Chemist Warehouse,Chemist Warehouse,{{product.name}},{{product.brand}},Shop now,DCO,https://www.chemistwarehouse.com.au/shop-online/5318/garnier?category=Skincare&utm_source=facebook&utm_medium=social&utm_campaign=au_cw_coop_facebook_social_lorealaustraliaptyltd_garnier_665_may26_100045-bau_image&utm_term=traffic&utm_content=image_brand,www.chemistwarehouse.com.au,/shop-online/5318/garnier,facebook,social,au_cw_coop_facebook_social_lorealaustraliaptyltd_garnier_665_may26_100045-bau_image,665,traffic,image_brand,Coop,Lorealaustraliaptyltd,Garnier,may26,image,Your 2-Step Glow,"Say goodbye to dull skin! Garnier’s Vitamin C Serum + NEW Sorbet Cream duo targets the apperance of dark spots for visibly radiant, even skin tone.",Shop Now,https://scontent.ftgz4-1.fna.fbcdn.net/v/t39.35426-6/703356045_2546302639201426_3083990222628622759_n.jpg?_nc_cat=109&ccb=1-7&_nc_sid=c53f8f&_nc_ohc=Sq6ABMQF1CEQ7kNvwFXivGG&_nc_oc=AdosVQpS5Oe0ZJUSC3Y8zZhwSAzn3teQT8wDd-pMj_8zhpsJ-4JF2EafrD6Cb-ogcIc&_nc_zt=14&_nc_ht=scontent.ftgz4-1.fna&_nc_gid=zAVdapjr65i5f53RApQj7g&_nc_ss=7f180&oh=00_AQCssXzARz-lCKS-p4bjHr4uQ-QBYbym1wuiifwQ-uH5yQ&oe=6A50B3DF,,"['FACEBOOK', 'INSTAGRAM', 'AUDIENCE_NETWORK', 'MESSENGER', 'THREADS']",au,cw,facebook,social,2026-W27,2026-07,"FACEBOOK, INSTAGRAM, AUDIENCE_NETWORK, MESSENGER, THREADS",True,True,True,True,True,False,Brand/Category Page,True,False,False,2026-07-06,2026-05-27 07:00:00,2026-07-06 16:23:53.030278,40
1348602357332630,,True,2026-05-27 07:00:00,2026-07-02 07:00:00,Chemist Warehouse,Chemist Warehouse,The Scent that Never Dies,Long-lasting sweat and odor protection. Feel 2x fresher with a perfume-quality fragrance!,Shop now,VIDEO,https://www.chemistwarehouse.com.au/shop-online/705652/old-spice?utm_source=facebook&utm_medium=social&utm_campaign=au_cw_oa_facebook_social_proctergambleaustralia_oldspice_259_2026_100486-oa_video-image&utm_term=traffic&utm_content=video-image_all,www.chemistwarehouse.com.au,/shop-online/705652/old-spice,facebook,social,au_cw_oa_facebook_social_proctergambleaustralia_oldspice_259_2026_100486-oa_video-image,259,traffic,video-image_all,O&O,Proctergambleaustralia,Oldspice,2026,video-image,,,,,,"['FACEBOOK', 'INSTAGRAM', 'AUDIENCE_NETWORK', 'MESSENGER', 'WHATSAPP', 'THREADS']",au,cw,facebook,social,2026-W27,2026-07,"FACEBOOK, INSTAGRAM, AUDIENCE_NETWORK, MESSENGER, WHATSAPP, THREADS",True,True,True,True,True,True,Brand/Category Page,True,False,False,2026-07-06,2026-05-27 07:00:00,2026-07-06 16:23:53.030278,40
1290593333190723,1025939226431148,True,2026-05-24 07:00:00,2026-07-05 07:00:00,Chemist Warehouse,Chemist Warehouse,Choose High‑Quality Ester-C Vitamin C for Family,GO ESTER‑C® products contain high‑quality Ester‑C® Vitamin C with superior absorption. Non‑acidic and gentle on the stomach.,See details,VIDEO,https://www.chemistwarehouse.com.au/shop-online/2997/go-healthy?utm_source=facebook&utm_medium=social&utm_campaign=au_cw_coop_facebook_social_thebetterhealthcompanyaustralia_gohealthy_81_2026_bau_dynamic&utm_term=traffic&utm_content=image_branding,www.chemistwarehouse.com.au,/shop-online/2997/go-healthy,facebook,social,au_cw_coop_facebook_social_thebetterhealthcompanyaustralia_gohealthy_81_2026_bau_dynamic,81,traffic,image_branding,Coop,Thebetterhealthcompanyaustralia,Gohealthy,2026,dynamic,,,,,,"['FACEBOOK', 'INSTAGRAM', 'MESSENGER']",au,cw,facebook,social,2026-W27,2026-07,"FACEBOOK, INSTAGRAM, MESSENGER",True,True,False,True,False,False,Brand/Category Page,True,False,False,2026-07-06,2026-05-24 07:00:00,2026-07-06 16:23:53.030278,43
1676732083478433,1452537026921100,True,2026-05-25 07:00:00,2026-07-05 07:00:00,Chemist Warehouse,Chemist Warehouse,Choose High‑Quality Ester-C Vitamin C for Family,GO ESTER‑C® products contain high‑quality Ester‑C® Vitamin C with superior absorption. Non‑acidic and gentle on the stomach.,Shop now,VIDEO,https://www.chemistwarehouse.com.au/shop-online/2997/go-healthy?utm_source=facebook&utm_medium=social&utm_campaign=au_cw_coop_facebook_social_thebetterhealthcompanyaustralia_gohealthy_81_2026_bau_dynamic&utm_term=traffic&utm_content=image_branding,www.chemistwarehouse.com.au,/shop-online/2997/go-healthy,facebook,social,au_cw_coop_facebook_social_thebetterhealthcompanyaustralia_gohealthy_81_2026_bau_dynamic,81,traffic,image_branding,Coop,Thebetterhealthcompanyaustralia,Gohealthy,2026,dynamic,,,,,,"['FACEBOOK', 'INSTAGRAM', 'MESSENGER']",au,cw,facebook,social,2026-W27,2026-07,"FACEBOOK, INSTAGRAM, MESSENGER",True,True,False,True,False,False,Brand/Category Page,True,False,False,2026-07-06,2026-05-25 07:00:00,2026-07-06 16:23:53.030278,42
993299296429683,1452537026921100,True,2026-05-24 07:00:00,2026-07-05 07:00:00,Chemist Warehouse,Chemist Warehouse,Choose High‑Quality Ester-C Vitamin C for Family,GO ESTER‑C® products contain high‑quality Ester‑C® Vitamin C with superior absorption. Non‑acidic and gentle on the stomach.,Shop now,VIDEO,https://www.chemistwarehouse.com.au/shop-online/2997/go-healthy?utm_source=facebook&utm_medium=social&utm_campaign=au_cw_coop_facebook_social_thebetterhealthcompanyaustralia_gohealthy_81_2026_bau_dynamic&utm_term=traffic&utm_content=image_branding,www.chemistwarehouse.com.au,/shop-online/2997/go-healthy,facebook,social,au_cw_coop_facebook_social_thebetterhealthcompanyaustralia_gohealthy_81_2026_bau_dynamic,81,traffic,image_branding,Coop,Thebetterhealthcompanyaustralia,Gohealthy,2026,dynamic,,,,,,"['FACEBOOK', 'INSTAGRAM', 'MESSENGER']",au,cw,facebook,social,2026-W27,2026-07,"FACEBOOK, INSTAGRAM, MESSENGER",True,True,False,True,False,False,Brand/Category Page,True,False,False,2026-07-06,2026-05-24 07:00:00,2026-07-06 16:23:53.030278,43
946735031686834,967083702701792,True,2026-05-27 07:00:00,2026-07-05 07:00:00,Chemist Warehouse,Chemist Warehouse,{{product.name}},{{product.brand}},Shop now,DCO,https://www.chemistwarehouse.com.au/shop-online/5318/garnier?category=Skincare&utm_source=facebook&utm_medium=social&utm_campaign=au_cw_coop_facebook_social_lorealaustraliaptyltd_garnier_665_may26_100045-bau_image&utm_term=traffic&utm_content=image_brand,www.chemistwarehouse.com.au,/shop-online/5318/garnier,facebook,social,au_cw_coop_facebook_social_lorealaustraliaptyltd_garnier_665_may26_100045-bau_image,665,traffic,image_brand,Coop,Lorealaustraliaptyltd,Garnier,may26,image,Your 2-Step Glow,"Say goodbye to dull skin! Garnier’s Vitamin C Serum + NEW Sorbet Cream duo targets the apperance of dark spots for visibly radiant, even skin tone.",Shop Now,https://scontent.ftgz4-1.fna.fbcdn.net/v/t39.35426-6/701742640_4543544625965671_6767314706399862805_n.jpg?_nc_cat=107&ccb=1-7&_nc_sid=c53f8f&_nc_ohc=DCCgOaryLB8Q7kNvwGJblmv&_nc_oc=Adoi4vqmIOYQfzcnAlqarMyN3IIgMGpBUrXSOwsSGpooCnHLkDLulbTcaHU-xpTdtII&_nc_zt=14&_nc_ht=scontent.ftgz4-1.fna&_nc_gid=zAVdapjr65i5f53RApQj7g&_nc_ss=7f180&oh=00_AQB0rRWtRgkQYMcLC3BS6lq6n99FaD2I0KSf8VKZGufuiw&oe=6A50A069,,"['FACEBOOK', 'INSTAGRAM', 'AUDIENCE_NETWORK', 'MESSENGER', 'THREADS']",au,cw,facebook,social,2026-W27,2026-07,"FACEBOOK, INSTAGRAM, AUDIENCE_NETWORK, MESSENGER, THREADS",True,True,True,True,True,False,Brand/Category Page,True,False,False,2026-07-06,2026-05-27 07:00:00,2026-07-06 16:23:53.030278,40
1684438592748211,1002373845524484,True,2026-05-25 07:00:00,2026-07-05 07:00:00,Chemist Warehouse,Chemist Warehouse,Ester-C Vitamin C  for 24-Hour Immune Support,"24-Hour Immune Support
GO ESTER-C® IMMUNE COMPLEX provides 24 hour immune support  with Ester-C® Vitamin C.",Shop now,IMAGE,https://www.chemistwarehouse.com.au/shop-online/2997/go-healthy?utm_source=facebook&utm_medium=social&utm_campaign=au_cw_coop_facebook_social_thebetterhealthcompanyaustralia_gohealthy_81_2026_bau_dynamic&utm_term=traffic&utm_content=image_branding,www.chemistwarehouse.com.au,/shop-online/2997/go-healthy,facebook,social,au_cw_coop_facebook_social_thebetterhealthcompanyaustralia_gohealthy_81_2026_bau_dynamic,81,traffic,image_branding,Coop,Thebetterhealthcompanyaustralia,Gohealthy,2026,dynamic,,,,,,"['FACEBOOK', 'INSTAGRAM', 'MESSENGER']",au,cw,facebook,social,2026-W27,2026-07,"FACEBOOK, INSTAGRAM, MESSENGER",True,True,False,True,False,False,Brand/Category Page,True,False,False,2026-07-06,2026-05-25 07:00:00,2026-07-06 16:23:53.030278,42
3548138365350653,,True,2026-05-24 07:00:00,2026-07-05 07:00:00,Chemist Warehouse,Chemist Warehouse,Ester-C Vitamin C  for 24-Hour Immune Support,"""24-Hour Immune Support
GO ESTER-C® IMMUNE COMPLEX provides 24 hour immune support  with Ester-C® Vitamin C.""",Shop now,IMAGE,https://www.chemistwarehouse.com.au/shop-online/2997/go-healthy?utm_source=facebook&utm_medium=social&utm_campaign=au_cw_coop_facebook_social_thebetterhealthcompanyaustralia_gohealthy_81_2026_bau_dynamic&utm_term=traffic&utm_content=image_branding,www.chemistwarehouse.com.au,/shop-online/2997/go-healthy,facebook,social,au_cw_coop_facebook_social_thebetterhealthcompanyaustralia_gohealthy_81_2026_bau_dynamic,81,traffic,image_branding,Coop,Thebetterhealthcompanyaustralia,Gohealthy,2026,dynamic,,,,,,"['FACEBOOK', 'INSTAGRAM', 'MESSENGER']",au,cw,facebook,social,2026-W27,2026-07,"FACEBOOK, INSTAGRAM, MESSENGER",True,True,False,True,False,False,Brand/Category Page,True,False,False,2026-07-06,2026-05-24 07:00:00,2026-07-06 16:23:53.030278,43
822341230689265,1250676196982280,True,2026-05-29 07:00:00,2026-07-05 07:00:00,Chemist Warehouse,Chemist Warehouse,{{product.name}},{{product.brand}},Shop now,DCO,https://www.chemistwarehouse.com.au/shop-online/2601/nude-by-nature?&utm_source=facebook&utm_medium=social&utm_campaign=au_cw_coop_facebook_social_nudebynatureptyltd_nudebynature_648_2026_100097-bau_video-image&utm_term=conversion&utm_content=video-image_feb_p2_v1,www.chemistwarehouse.com.au,/shop-online/2601/nude-by-nature,facebook,social,au_cw_coop_facebook_social_nudebynatureptyltd_nudebynature_648_2026_100097-bau_video-image,648,conversion,video-image_feb_p2_v1,Coop,Nudebynatureptyltd,Nudebynature,2026,video-image,Nothing Cleaner than Nude,"Discover our most loved clean beauty products, crafted with naturally derived ingredients, where efficacy meets integrity.",Shop Now,https://scontent.ftgz4-1.fna.fbcdn.net/v/t39.35426-6/634005927_1315182670412206_2141518447955033294_n.jpg?_nc_cat=106&ccb=1-7&_nc_sid=c53f8f&_nc_ohc=LEgeCVmy-pUQ7kNvwEcVDTe&_nc_oc=AdrAChsd9Lx0NFazPT7AalQH1PAf-Zwr-uMDDghF0Ehr2sS_OHvp0UFnfeEd4CmSMcY&_nc_zt=14&_nc_ht=scontent.ftgz4-1.fna&_nc_gid=wjNr2Xm4CF_RghxZihEDEA&_nc_ss=7f180&oh=00_AQAuQojcuXm_lNZCW6065fIj5LXLTJHK-pfa_4cmpj_EQw&oe=6A50BFEC,,"['FACEBOOK', 'INSTAGRAM', 'AUDIENCE_NETWORK', 'MESSENGER', 'THREADS']",au,cw,facebook,social,2026-W27,2026-07,"FACEBOOK, INSTAGRAM, AUDIENCE_NETWORK, MESSENGER, THREADS",True,True,True,True,True,False,Brand/Category Page,True,False,False,2026-07-06,2026-05-29 07:00:00,2026-07-06 16:23:53.030278,38
2735925556780845,1530664758629620,True,2026-05-29 07:00:00,2026-07-04 07:00:00,Chemist Warehouse,Chemist Warehouse,{{product.name}},{{product.brand}},Shop now,DCO,https://www.chemistwarehouse.com.au/shop-online/2601/nude-by-nature?&utm_source=facebook&utm_medium=social&utm_campaign=au_cw_coop_facebook_social_nudebynatureptyltd_nudebynature_648_2026_100097-bau_video-image&utm_term=conversion&utm_content=video-image_lip-npd-v1,www.chemistwarehouse.com.au,/shop-online/2601/nude-by-nature,facebook,social,au_cw_coop_facebook_social_nudebynatureptyltd_nudebynature_648_2026_100097-bau_video-image,648,conversion,video-image_lip-npd-v1,Coop,Nudebynatureptyltd,Nudebynature,2026,video-image,Shop Nude by Nature!,Go bold with Nude by Nature! New lacquer lip serum available only at Chemist Warehouse. Shop today!,Shop Now,https://scontent.ftgz4-1.fna.fbcdn.net/v/t39.35426-6/648197201_1361939888975981_7326598693838845302_n.jpg?_nc_cat=109&ccb=1-7&_nc_sid=c53f8f&_nc_ohc=LKC-xV_DlYEQ7kNvwHr48NC&_nc_oc=Adpmo8fbs8Bw-3SDBCEcGIq6FQKveHKapjRV448LcYFrTScq4FMyqgJPP7nxYgXmpE4&_nc_zt=14&_nc_ht=scontent.ftgz4-1.fna&_nc_gid=wjNr2Xm4CF_RghxZihEDEA&_nc_ss=7f180&oh=00_AQCFjWKBX-I0AAPvg83Eu9nUsP1NkeeE3eCVwA5kFrJ9bg&oe=6A508FF7,,"['FACEBOOK', 'INSTAGRAM', 'AUDIENCE_NETWORK', 'MESSENGER', 'THREADS']",au,cw,facebook,social,2026-W27,2026-07,"FACEBOOK, INSTAGRAM, AUDIENCE_NETWORK, MESSENGER, THREADS",True,True,True,True,True,False,Brand/Category Page,True,False,False,2026-07-06,2026-05-29 07:00:00,2026-07-06 16:23:53.030278,38
1312490700339446,,True,2026-05-26 07:00:00,2026-07-05 07:00:00,Chemist Warehouse,Chemist Warehouse,Ester-C Vitamin C  for 24-Hour Immune Support,"""24-Hour Immune Support
GO ESTER-C® IMMUNE COMPLEX provides 24 hour immune support  with Ester-C® Vitamin C.""",Shop now,IMAGE,https://www.chemistwarehouse.com.au/shop-online/2997/go-healthy?utm_source=facebook&utm_medium=social&utm_campaign=au_cw_coop_facebook_social_thebetterhealthcompanyaustralia_gohealthy_81_2026_bau_dynamic&utm_term=traffic&utm_content=image_branding,www.chemistwarehouse.com.au,/shop-online/2997/go-healthy,facebook,social,au_cw_coop_facebook_social_thebetterhealthcompanyaustralia_gohealthy_81_2026_bau_dynamic,81,traffic,image_branding,Coop,Thebetterhealthcompanyaustralia,Gohealthy,2026,dynamic,,,,,,"['FACEBOOK', 'INSTAGRAM', 'MESSENGER']",au,cw,facebook,social,2026-W27,2026-07,"FACEBOOK, INSTAGRAM, MESSENGER",True,True,False,True,False,False,Brand/Category Page,True,False,False,2026-07-06,2026-05-26 07:00:00,2026-07-06 16:23:53.030278,41
1724521138742235,1002373845524484,True,2026-05-24 07:00:00,2026-07-05 07:00:00,Chemist Warehouse,Chemist Warehouse,Ester-C Vitamin C  for 24-Hour Immune Support,"24-Hour Immune Support
GO ESTER-C® IMMUNE COMPLEX provides 24 hour immune support  with Ester-C® Vitamin C.",Shop now,IMAGE,https://www.chemistwarehouse.com.au/shop-online/2997/go-healthy?utm_source=facebook&utm_medium=social&utm_campaign=au_cw_coop_facebook_social_thebetterhealthcompanyaustralia_gohealthy_81_2026_bau_dynamic&utm_term=traffic&utm_content=image_branding,www.chemistwarehouse.com.au,/shop-online/2997/go-healthy,facebook,social,au_cw_coop_facebook_social_thebetterhealthcompanyaustralia_gohealthy_81_2026_bau_dynamic,81,traffic,image_branding,Coop,Thebetterhealthcompanyaustralia,Gohealthy,2026,dynamic,,,,,,"['FACEBOOK', 'INSTAGRAM', 'MESSENGER']",au,cw,facebook,social,2026-W27,2026-07,"FACEBOOK, INSTAGRAM, MESSENGER",True,True,False,True,False,False,Brand/Category Page,True,False,False,2026-07-06,2026-05-24 07:00:00,2026-07-06 16:23:53.030278,43
1304318391229913,,True,2026-05-24 07:00:00,2026-06-29 07:00:00,Chemist Warehouse,Chemist Warehouse,{{product.name}},"Stop paying too much on contact lenses at Chemist Warehouse Optometry.

👉 Wide range of lenses at everyday low prices.
👉 Free Shipping on orders over $99
👉 Tracked Delivery on all orders
👉 Friendly Customer Service

Shop Online Now at Chemist Warehouse Optometry & see the savings!",Shop now,DPA,https://chemistwarehouseoptometry.com.au/,chemistwarehouseoptometry.com.au,/,,,,,,,Not Specified,,,,,MyDay 90 pack,"Stop paying too much on contact lenses at Chemist Warehouse Optometry.

👉 Wide range of lenses at everyday low prices.
👉 Free Shipping on orders over $99
👉 Tracked Delivery on all orders
👉 Friendly Customer Service

Shop Online Now at Chemist Warehouse Optometry & see the savings!",Shop Now,https://scontent.ftgz4-1.fna.fbcdn.net/v/t39.35426-6/707617884_1333884998620223_1118555939364735187_n.jpg?_nc_cat=111&ccb=1-7&_nc_sid=c53f8f&_nc_ohc=_ZULChYAVlQQ7kNvwHzn0T5&_nc_oc=AdrzFVWl0X-nFOZReKgFEGcdV7U_bq9O922jve6gXdKUPovR4p4KzAspzruNcyVI3kQ&_nc_zt=14&_nc_ht=scontent.ftgz4-1.fna&_nc_gid=7kcdYdQE9ngdqtnDxShgkw&_nc_ss=7f180&oh=00_AQAAyn1jaG9jvksMrxlPsqfjF8_pQL7k60diRcL9Sl1oIQ&oe=6A50AC11,,"['FACEBOOK', 'INSTAGRAM', 'AUDIENCE_NETWORK', 'MESSENGER', 'THREADS']",,,,,2026-W27,2026-07,"FACEBOOK, INSTAGRAM, AUDIENCE_NETWORK, MESSENGER, THREADS",True,True,True,True,True,False,Homepage,True,True,False,2026-07-06,2026-05-24 07:00:00,2026-07-06 16:23:53.030278,43
823376860566500,1201925352152860,True,2026-05-29 07:00:00,2026-07-05 07:00:00,Chemist Warehouse,Chemist Warehouse,{{product.name}},{{product.brand}},Shop now,DCO,https://www.chemistwarehouse.com.au/shop-online/2601/nude-by-nature?&utm_source=facebook&utm_medium=social&utm_campaign=au_cw_coop_facebook_social_nudebynatureptyltd_nudebynature_648_2026_100097-bau_video-image&utm_term=conversion&utm_content=video-image_feb_p2_v1,www.chemistwarehouse.com.au,/shop-online/2601/nude-by-nature,facebook,social,au_cw_coop_facebook_social_nudebynatureptyltd_nudebynature_648_2026_100097-bau_video-image,648,conversion,video-image_feb_p2_v1,Coop,Nudebynatureptyltd,Nudebynature,2026,video-image,Nothing Cleaner than Nude,"Discover our most loved clean beauty products, crafted with naturally derived ingredients, where efficacy meets integrity.",Shop Now,https://scontent.ftgz4-1.fna.fbcdn.net/v/t39.35426-6/631655837_2040201079924945_9112192052132752972_n.jpg?_nc_cat=102&ccb=1-7&_nc_sid=c53f8f&_nc_ohc=yiWTzdenwS8Q7kNvwGdSHOu&_nc_oc=AdrdR6TWvJE7m8GBfUcGSgQQDWI50SerASDOMpRklNnAqj_ul18D-iBke66uKW-YPJU&_nc_zt=14&_nc_ht=scontent.ftgz4-1.fna&_nc_gid=wjNr2Xm4CF_RghxZihEDEA&_nc_ss=7f180&oh=00_AQAWiIauPOpGXhnLo_-TVR4OkNI7-nC5lfdgmmW61CygIA&oe=6A50A891,,"['FACEBOOK', 'INSTAGRAM', 'AUDIENCE_NETWORK', 'MESSENGER', 'THREADS']",au,cw,facebook,social,2026-W27,2026-07,"FACEBOOK, INSTAGRAM, AUDIENCE_NETWORK, MESSENGER, THREADS",True,True,True,True,True,False,Brand/Category Page,True,False,False,2026-07-06,2026-05-29 07:00:00,2026-07-06 16:23:53.030278,38
1515371666655388,2284360432309530,True,2026-05-28 07:00:00,2026-07-04 07:00:00,Chemist Warehouse,Chemist Warehouse,The milky glaze that locks it all in.,"Milky Toner is here!  A rich toner essence with Ceramides and Hyaluronic Acid to hydrate, smooth and prep skin for makeup.",Shop now,VIDEO,https://www.chemistwarehouse.com.au/shop-online/5644/mcobeauty-cosmetics?utm_source=facebook&utm_medium=social&utm_campaign=au_cw_coop_facebook_social_mcobeautyptyltd_mcobeauty_648_2026_100097-bau_video-image&utm_term=traffic&utm_content=video-image_generic,www.chemistwarehouse.com.au,/shop-online/5644/mcobeauty-cosmetics,facebook,social,au_cw_coop_facebook_social_mcobeautyptyltd_mcobeauty_648_2026_100097-bau_video-image,648,traffic,video-image_generic,Coop,Mcobeautyptyltd,Mcobeauty,2026,video-image,,,,,,"['FACEBOOK', 'INSTAGRAM', 'AUDIENCE_NETWORK', 'MESSENGER', 'WHATSAPP', 'THREADS']",au,cw,facebook,social,2026-W27,2026-07,"FACEBOOK, INSTAGRAM, AUDIENCE_NETWORK, MESSENGER, WHATSAPP, THREADS",True,True,True,True,True,True,Brand/Category Page,True,False,False,2026-07-06,2026-05-28 07:00:00,2026-07-06 16:23:53.030278,39
1931129007519487,1291335976507023,True,2026-05-20 07:00:00,2026-07-05 07:00:00,Chemist Warehouse,Chemist Warehouse,{{product.name}},{{product.brand}},Shop now,DCO,https://www.chemistwarehouse.com.au/shop-online/3536/bioderma?utm_source=facebook&utm_medium=social&utm_campaign=au_cw_coop_facebook_social_naosaustraliaptyltd_bioderma_665_2026_100360-bau_video-image&utm_term=traffic&utm_content=video-image_all,www.chemistwarehouse.com.au,/shop-online/3536/bioderma,facebook,social,au_cw_coop_facebook_social_naosaustraliaptyltd_bioderma_665_2026_100360-bau_video-image,665,traffic,video-image_all,Coop,Naosaustraliaptyltd,Bioderma,2026,video-image,Available at Chemist Warehouse,"If you don't stop, why should your hydration? The Hydrabio Hydro Active range provides life-proof hydration.",Shop Now,https://scontent.ftgz4-1.fna.fbcdn.net/v/t39.35426-6/704527253_3811818652288174_4736246823195518089_n.jpg?_nc_cat=100&ccb=1-7&_nc_sid=c53f8f&_nc_ohc=IjMY90gdGEQQ7kNvwHfDV0A&_nc_oc=AdplTb_O8IlSq7gh6kBTbuyiCZ375U3w7Un5tZYfgmLCXmaxOiXr2OkYFzHN9bC2E5Y&_nc_zt=14&_nc_ht=scontent.ftgz4-1.fna&_nc_gid=7kcdYdQE9ngdqtnDxShgkw&_nc_ss=7f180&oh=00_AQB5z8TqHTpaaUxAvrGc1j76yIo4BshZPfuDWcTrwCUXKA&oe=6A50C124,,"['FACEBOOK', 'INSTAGRAM', 'AUDIENCE_NETWORK', 'MESSENGER', 'THREADS']",au,cw,facebook,social,2026-W27,2026-07,"FACEBOOK, INSTAGRAM, AUDIENCE_NETWORK, MESSENGER, THREADS",True,True,True,True,True,False,Brand/Category Page,True,False,False,2026-07-06,2026-05-20 07:00:00,2026-07-06 16:23:53.030278,47
2069508323630289,1502248061298783,True,2026-05-20 07:00:00,2026-07-05 07:00:00,Chemist Warehouse,Chemist Warehouse,{{product.name}},{{product.brand}},Shop now,DCO,https://www.chemistwarehouse.com.au/shop-online/863/pantene?utm_source=facebook&utm_medium=social&utm_campaign=au_cw_oa_facebook_social_proctergambleaustralia_pantene_129_2026_100212-oa_video-image&utm_term=traffic&utm_content=video-image_all,www.chemistwarehouse.com.au,/shop-online/863/pantene,facebook,social,au_cw_oa_facebook_social_proctergambleaustralia_pantene_129_2026_100212-oa_video-image,129,traffic,video-image_all,O&O,Proctergambleaustralia,Pantene,2026,video-image,Pantene Bond Repair,NEW Pantene Pro-V Miracles Molecular Bond Repair Leave-in treatment,Shop Now,https://scontent.ftgz4-1.fna.fbcdn.net/v/t39.35426-6/701409851_2327804541076246_2325615260873003030_n.jpg?_nc_cat=106&ccb=1-7&_nc_sid=c53f8f&_nc_ohc=vZCt-wog8a4Q7kNvwHFjUEm&_nc_oc=AdrkIYRznKtgQYlSGWVPIE-6ZBGWvsgHW5AhyH-lsrLsD6svvR4rw15ErxeFWhPCR4s&_nc_zt=14&_nc_ht=scontent.ftgz4-1.fna&_nc_gid=7kcdYdQE9ngdqtnDxShgkw&_nc_ss=7f180&oh=00_AQCN0WqLP-x7zjNQRkwq_sveYB5bDX6G0Yc_FA8EOqjd3w&oe=6A50BCC1,,"['FACEBOOK', 'INSTAGRAM', 'AUDIENCE_NETWORK', 'MESSENGER', 'THREADS']",au,cw,facebook,social,2026-W27,2026-07,"FACEBOOK, INSTAGRAM, AUDIENCE_NETWORK, MESSENGER, THREADS",True,True,True,True,True,False,Brand/Category Page,True,False,False,2026-07-06,2026-05-20 07:00:00,2026-07-06 16:23:53.030278,47
2231446817389322,956036527222536,True,2026-05-19 07:00:00,2026-07-05 07:00:00,Chemist Warehouse,Chemist Warehouse,Shop at Chemist Warehouse,"Pick up your Bio Oil essentials @ Chemist Warehouse. It’s clinically proven to help reduce the appearance of stretch marks and scars 1,2, and keeps my skin super hydrated.

#chemistwarehouse #biooil

Disclaimer: 1. ProDerm Institute for Applied Dermatological Research, Hamburg, Germany, 2010 (scars study), n=36. 2 ProDerm Institute for Applied Dermatological Research, Hamburg, Germany, 2010 (stretch mark study) n=38.",Shop now,VIDEO,https://www.chemistwarehouse.com.au/shop-online/1383/bio-oil?utm_source=facebook&utm_medium=social&utm_campaign=au_cw_oa_facebook_social_aspenpharmacareaustralia_biooil_665_may26_100386-oa_video-image&utm_term=traffic&utm_content=video-image_influencer-ella,www.chemistwarehouse.com.au,/shop-online/1383/bio-oil,facebook,social,au_cw_oa_facebook_social_aspenpharmacareaustralia_biooil_665_may26_100386-oa_video-image,665,traffic,video-image_influencer-ella,O&O,Aspenpharmacareaustralia,Biooil,may26,video-image,,,,,,"['FACEBOOK', 'INSTAGRAM', 'AUDIENCE_NETWORK', 'MESSENGER', 'THREADS']",au,cw,facebook,social,2026-W27,2026-07,"FACEBOOK, INSTAGRAM, AUDIENCE_NETWORK, MESSENGER, THREADS",True,True,True,True,True,False,Brand/Category Page,True,True,False,2026-07-06,2026-05-19 07:00:00,2026-07-06 16:23:53.030278,48
1890764388280372,2082601715690998,True,2026-05-19 07:00:00,2026-07-05 07:00:00,Chemist Warehouse,Chemist Warehouse,Shop at Chemist Warehouse,Because skincare doesn’t stop at your face @Bio Oil,Shop now,VIDEO,https://www.chemistwarehouse.com.au/shop-online/1383/bio-oil?utm_source=facebook&utm_medium=social&utm_campaign=au_cw_oa_facebook_social_aspenpharmacareaustralia_biooil_665_may26_100386-oa_video-image&utm_term=traffic&utm_content=video-image_influencer-yasmina,www.chemistwarehouse.com.au,/shop-online/1383/bio-oil,facebook,social,au_cw_oa_facebook_social_aspenpharmacareaustralia_biooil_665_may26_100386-oa_video-image,665,traffic,video-image_influencer-yasmina,O&O,Aspenpharmacareaustralia,Biooil,may26,video-image,,,,,,"['FACEBOOK', 'INSTAGRAM', 'AUDIENCE_NETWORK', 'MESSENGER', 'THREADS']",au,cw,facebook,social,2026-W27,2026-07,"FACEBOOK, INSTAGRAM, AUDIENCE_NETWORK, MESSENGER, THREADS",True,True,True,True,True,False,Brand/Category Page,True,True,False,2026-07-06,2026-05-19 07:00:00,2026-07-06 16:23:53.030278,48
2894545674233264,956036527222536,True,2026-05-19 07:00:00,2026-07-05 07:00:00,Chemist Warehouse,Chemist Warehouse,Shop at Chemist Warehouse,"Pick up your Bio Oil essentials @ Chemist Warehouse. It’s clinically proven to help reduce the appearance of stretch marks and scars 1,2, and keeps my skin super hydrated.

#chemistwarehouse #biooil

Disclaimer: 1. ProDerm Institute for Applied Dermatological Research, Hamburg, Germany, 2010 (scars study), n=36. 2 ProDerm Institute for Applied Dermatological Research, Hamburg, Germany, 2010 (stretch mark study) n=38.",Shop now,VIDEO,https://www.chemistwarehouse.com.au/shop-online/1383/bio-oil?utm_source=facebook&utm_medium=social&utm_campaign=au_cw_oa_facebook_social_aspenpharmacareaustralia_biooil_665_may26_100386-oa_video-image&utm_term=traffic&utm_content=video-image_influencer-ella,www.chemistwarehouse.com.au,/shop-online/1383/bio-oil,facebook,social,au_cw_oa_facebook_social_aspenpharmacareaustralia_biooil_665_may26_100386-oa_video-image,665,traffic,video-image_influencer-ella,O&O,Aspenpharmacareaustralia,Biooil,may26,video-image,,,,,,"['FACEBOOK', 'INSTAGRAM', 'AUDIENCE_NETWORK', 'MESSENGER', 'THREADS']",au,cw,facebook,social,2026-W27,2026-07,"FACEBOOK, INSTAGRAM, AUDIENCE_NETWORK, MESSENGER, THREADS",True,True,True,True,True,False,Brand/Category Page,True,True,False,2026-07-06,2026-05-19 07:00:00,2026-07-06 16:23:53.030278,48
965116113101798,2082601715690998,True,2026-05-19 07:00:00,2026-07-05 07:00:00,Chemist Warehouse,Chemist Warehouse,Shop at Chemist Warehouse,Because skincare doesn’t stop at your face @Bio Oil,Shop now,VIDEO,https://www.chemistwarehouse.com.au/shop-online/1383/bio-oil?utm_source=facebook&utm_medium=social&utm_campaign=au_cw_oa_facebook_social_aspenpharmacareaustralia_biooil_665_may26_100386-oa_video-image&utm_term=traffic&utm_content=video-image_influencer-yasmina,www.chemistwarehouse.com.au,/shop-online/1383/bio-oil,facebook,social,au_cw_oa_facebook_social_aspenpharmacareaustralia_biooil_665_may26_100386-oa_video-image,665,traffic,video-image_influencer-yasmina,O&O,Aspenpharmacareaustralia,Biooil,may26,video-image,,,,,,"['FACEBOOK', 'INSTAGRAM', 'AUDIENCE_NETWORK', 'MESSENGER', 'THREADS']",au,cw,facebook,social,2026-W27,2026-07,"FACEBOOK, INSTAGRAM, AUDIENCE_NETWORK, MESSENGER, THREADS",True,True,True,True,True,False,Brand/Category Page,True,True,False,2026-07-06,2026-05-19 07:00:00,2026-07-06 16:23:53.030278,48
1679880739922916,,True,2026-05-19 07:00:00,2026-07-05 07:00:00,Chemist Warehouse,Chemist Warehouse,SHOP LA ROCHE-POSAY SUN PROTECTION,"Discover the Anthelios Sun Protection range, developed for sensitive skin. Lightweight, non-greasy & fragrance-free.",Shop now,IMAGE,https://fb.com/canvas_doc/983400290880987,fb.com,/canvas_doc/983400290880987,,,,,,,Not Specified,,,,,,,,,,"['FACEBOOK', 'INSTAGRAM', 'AUDIENCE_NETWORK', 'MESSENGER', 'THREADS']",,,,,2026-W27,2026-07,"FACEBOOK, INSTAGRAM, AUDIENCE_NETWORK, MESSENGER, THREADS",True,True,True,True,True,False,Internal/App Page,True,False,False,2026-07-06,2026-05-19 07:00:00,2026-07-06 16:23:53.030278,48
2480431195736133,2007543736805389,True,2026-05-28 07:00:00,2026-07-05 07:00:00,Chemist Warehouse,Chemist Warehouse,The ulitmate glowy base combo,The perfect pairing of MCoBeauty's Flawless Glow & Bronzing Drops to give your skin an effortless lit from within glow. Shop now at Chemist Warehouse,Shop now,VIDEO,https://www.chemistwarehouse.com.au/shop-online/5644/mcobeauty-cosmetics?utm_source=facebook&utm_medium=social&utm_campaign=au_cw_coop_facebook_social_mcobeautyptyltd_mcobeauty_648_2026_100097-bau_video-image&utm_term=traffic&utm_content=video-image_generic,www.chemistwarehouse.com.au,/shop-online/5644/mcobeauty-cosmetics,facebook,social,au_cw_coop_facebook_social_mcobeautyptyltd_mcobeauty_648_2026_100097-bau_video-image,648,traffic,video-image_generic,Coop,Mcobeautyptyltd,Mcobeauty,2026,video-image,,,,,,"['FACEBOOK', 'INSTAGRAM', 'AUDIENCE_NETWORK', 'MESSENGER', 'WHATSAPP', 'THREADS']",au,cw,facebook,social,2026-W27,2026-07,"FACEBOOK, INSTAGRAM, AUDIENCE_NETWORK, MESSENGER, WHATSAPP, THREADS",True,True,True,True,True,True,Brand/Category Page,True,True,False,2026-07-06,2026-05-28 07:00:00,2026-07-06 16:23:53.030278,39
936978766084707,1501230811681315,True,2026-05-20 07:00:00,2026-07-05 07:00:00,Chemist Warehouse,Chemist Warehouse,SHOP LA ROCHE-POSAY ANTI-ACNE SKINCARE,"Recommended by Dermatologists, explore clear skin solutions and targeted routines for oily, acne-prone skin.",Shop now,VIDEO,https://fb.com/canvas_doc/27294847700116773,fb.com,/canvas_doc/27294847700116773,,,,,,,Not Specified,,,,,,,,,,"['FACEBOOK', 'INSTAGRAM', 'AUDIENCE_NETWORK', 'MESSENGER', 'THREADS']",,,,,2026-W27,2026-07,"FACEBOOK, INSTAGRAM, AUDIENCE_NETWORK, MESSENGER, THREADS",True,True,True,True,True,False,Internal/App Page,True,False,False,2026-07-06,2026-05-20 07:00:00,2026-07-06 16:23:53.030278,47
1583135802752826,,True,2026-05-19 07:00:00,2026-07-05 07:00:00,Chemist Warehouse,Chemist Warehouse,SHOP LA ROCHE-POSAY ANTI-AGEING SKINCARE,"Recommended by Dermatologists, explore anti-ageing, hydrating and brightening serums for effective, targeted results.",Shop now,IMAGE,https://fb.com/canvas_doc/992994927017582,fb.com,/canvas_doc/992994927017582,,,,,,,Not Specified,,,,,,,,,,"['FACEBOOK', 'INSTAGRAM', 'AUDIENCE_NETWORK', 'MESSENGER', 'THREADS']",,,,,2026-W27,2026-07,"FACEBOOK, INSTAGRAM, AUDIENCE_NETWORK, MESSENGER, THREADS",True,True,True,True,True,False,Internal/App Page,True,False,False,2026-07-06,2026-05-19 07:00:00,2026-07-06 16:23:53.030278,48
2054850708709947,,True,2026-05-19 07:00:00,2026-07-05 07:00:00,Chemist Warehouse,Chemist Warehouse,SHOP THE LA ROCHE-POSAY RANGE,"Recommended by Dermatologists, explore solutions for anti-ageing, acne, pigmentation and more.",Shop now,IMAGE,https://fb.com/canvas_doc/1270369865242337,fb.com,/canvas_doc/1270369865242337,,,,,,,Not Specified,,,,,,,,,,"['FACEBOOK', 'INSTAGRAM', 'AUDIENCE_NETWORK', 'MESSENGER', 'THREADS']",,,,,2026-W27,2026-07,"FACEBOOK, INSTAGRAM, AUDIENCE_NETWORK, MESSENGER, THREADS",True,True,True,True,True,False,Internal/App Page,True,False,False,2026-07-06,2026-05-19 07:00:00,2026-07-06 16:23:53.030278,48
1900670107272047,1734290164239538,True,2026-05-28 07:00:00,2026-07-04 07:00:00,Chemist Warehouse,Chemist Warehouse,Shop Raw Protein at Chemist Warehouse.,"ORGANIC
Not all protein works the same 👀
Raw is crafted for superior digestibility and absorption (and Low FODMAP certified), so your body can actually use it.",Shop now,VIDEO,https://www.chemistwarehouse.com.au/shop-online/2646/amazonia-raw?utm_source=facebook&utm_medium=social&utm_campaign=au_cw_coop_facebook_social_amazoniagroup_amazonia_1255_2026_bau_dynamic&utm_term=traffic&utm_content=video-instore,www.chemistwarehouse.com.au,/shop-online/2646/amazonia-raw,facebook,social,au_cw_coop_facebook_social_amazoniagroup_amazonia_1255_2026_bau_dynamic,1255,traffic,video-instore,Coop,Amazoniagroup,Amazonia,2026,dynamic,,,,,,"['FACEBOOK', 'INSTAGRAM', 'MESSENGER']",au,cw,facebook,social,2026-W27,2026-07,"FACEBOOK, INSTAGRAM, MESSENGER",True,True,False,True,False,False,Brand/Category Page,True,True,False,2026-07-06,2026-05-28 07:00:00,2026-07-06 16:23:53.030278,39
1336409418338630,1367035768818401,True,2026-05-14 07:00:00,2026-07-05 07:00:00,Chemist Warehouse,Chemist Warehouse,Shop at Chemist Warehouse now,Shop NEW Blackmores Gut Immune at Chemist Warehouse now,Shop now,VIDEO,https://www.chemistwarehouse.com.au/shop-online/513/blackmores?category=Cold%2C%20Flu%20%26%20Immunity&utm_source=facebook&utm_medium=social&utm_campaign=au_cw_oa_facebook_social_blackmoreslimited_blackmores_81_2026_bau_Dynamic&utm_term=conversion&utm_content=video-image_brooke,www.chemistwarehouse.com.au,/shop-online/513/blackmores,facebook,social,au_cw_oa_facebook_social_blackmoreslimited_blackmores_81_2026_bau_Dynamic,81,conversion,video-image_brooke,O&O,Blackmoreslimited,Blackmores,2026,dynamic,,,,,,"['FACEBOOK', 'INSTAGRAM', 'AUDIENCE_NETWORK', 'MESSENGER', 'THREADS']",au,cw,facebook,social,2026-W27,2026-07,"FACEBOOK, INSTAGRAM, AUDIENCE_NETWORK, MESSENGER, THREADS",True,True,True,True,True,False,Brand/Category Page,True,True,False,2026-07-06,2026-05-14 07:00:00,2026-07-06 16:23:53.030278,53
1470991904779612,808829982289269,True,2026-05-30 07:00:00,2026-07-05 07:00:00,Chemist Warehouse,Chemist Warehouse,The milky glaze that locks it all in,"Milky Toner is here! A rich toner essence with Ceramides and Hyaluronic Acid to hydrate, smooth and prep skin for makeup. Shop now at Chemist Warehouse",Shop now,VIDEO,https://www.chemistwarehouse.com.au/shop-online/5644/mcobeauty-cosmetics?utm_source=facebook&utm_medium=social&utm_campaign=au_cw_coop_facebook_social_mcobeautyptyltd_mcobeauty_648_2026_100097-bau_video-image&utm_term=traffic&utm_content=video-image_generic,www.chemistwarehouse.com.au,/shop-online/5644/mcobeauty-cosmetics,facebook,social,au_cw_coop_facebook_social_mcobeautyptyltd_mcobeauty_648_2026_100097-bau_video-image,648,traffic,video-image_generic,Coop,Mcobeautyptyltd,Mcobeauty,2026,video-image,,,,,,"['FACEBOOK', 'INSTAGRAM', 'AUDIENCE_NETWORK', 'MESSENGER', 'WHATSAPP', 'THREADS']",au,cw,facebook,social,2026-W27,2026-07,"FACEBOOK, INSTAGRAM, AUDIENCE_NETWORK, MESSENGER, WHATSAPP, THREADS",True,True,True,True,True,True,Brand/Category Page,True,True,False,2026-07-06,2026-05-30 07:00:00,2026-07-06 16:23:53.030278,37
2029667331264464,1367035768818401,True,2026-05-15 07:00:00,2026-07-05 07:00:00,Chemist Warehouse,Chemist Warehouse,Shop at Chemist Warehouse now,Shop NEW Blackmores Gut Immune at Chemist Warehouse now,Shop now,VIDEO,https://www.chemistwarehouse.com.au/shop-online/513/blackmores?category=Cold%2C%20Flu%20%26%20Immunity&utm_source=facebook&utm_medium=social&utm_campaign=au_cw_oa_facebook_social_blackmoreslimited_blackmores_81_2026_bau_Dynamic&utm_term=conversion&utm_content=video-image_brooke,www.chemistwarehouse.com.au,/shop-online/513/blackmores,facebook,social,au_cw_oa_facebook_social_blackmoreslimited_blackmores_81_2026_bau_Dynamic,81,conversion,video-image_brooke,O&O,Blackmoreslimited,Blackmores,2026,dynamic,,,,,,"['FACEBOOK', 'INSTAGRAM', 'AUDIENCE_NETWORK', 'MESSENGER', 'THREADS']",au,cw,facebook,social,2026-W27,2026-07,"FACEBOOK, INSTAGRAM, AUDIENCE_NETWORK, MESSENGER, THREADS",True,True,True,True,True,False,Brand/Category Page,True,True,False,2026-07-06,2026-05-15 07:00:00,2026-07-06 16:23:53.030278,52
1310242240600380,2453440675107342,True,2026-05-14 07:00:00,2026-07-05 07:00:00,Chemist Warehouse,Chemist Warehouse,Shop at Chemist Warehouse now,Shop NEW Blackmores Gut Immune at Chemist Warehouse now,Shop now,VIDEO,https://www.chemistwarehouse.com.au/shop-online/513/blackmores?category=Cold%2C%20Flu%20%26%20Immunity&utm_source=facebook&utm_medium=social&utm_campaign=au_cw_oa_facebook_social_blackmoreslimited_blackmores_81_2026_bau_Dynamic&utm_term=conversion&utm_content=video-image_instore,www.chemistwarehouse.com.au,/shop-online/513/blackmores,facebook,social,au_cw_oa_facebook_social_blackmoreslimited_blackmores_81_2026_bau_Dynamic,81,conversion,video-image_instore,O&O,Blackmoreslimited,Blackmores,2026,dynamic,,,,,,"['FACEBOOK', 'INSTAGRAM', 'AUDIENCE_NETWORK', 'MESSENGER', 'THREADS']",au,cw,facebook,social,2026-W27,2026-07,"FACEBOOK, INSTAGRAM, AUDIENCE_NETWORK, MESSENGER, THREADS",True,True,True,True,True,False,Brand/Category Page,True,True,False,2026-07-06,2026-05-14 07:00:00,2026-07-06 16:23:53.030278,53
2075408696338568,1925140345556056,True,2026-05-15 07:00:00,2026-07-02 07:00:00,Chemist Warehouse,Chemist Warehouse,{{product.name}},{{product.brand}},Shop now,DCO,https://www.chemistwarehouse.com.au/shop-online/513/blackmores?category=Cold%2C%20Flu%20%26%20Immunity&utm_source=facebook&utm_medium=social&utm_campaign=au_cw_oa_facebook_social_blackmoreslimited_blackmores_81_2026_bau_Dynamic&utm_term=conversion&utm_content=video-image_gutdynamic,www.chemistwarehouse.com.au,/shop-online/513/blackmores,facebook,social,au_cw_oa_facebook_social_blackmoreslimited_blackmores_81_2026_bau_Dynamic,81,conversion,video-image_gutdynamic,O&O,Blackmoreslimited,Blackmores,2026,dynamic,New Blackmores Gut Immune Biotic,"Triple action formula: Vitamin C, postbiotic & zinc. Always read the label and follow the directions for use",Shop Now,https://scontent.ftgz4-1.fna.fbcdn.net/v/t39.35426-6/701260445_4419390428279557_7750989980070840265_n.jpg?_nc_cat=110&ccb=1-7&_nc_sid=c53f8f&_nc_ohc=2kc8_mua_o0Q7kNvwFsge7X&_nc_oc=AdpKRZBM-GvZ0lS7lfgUS18haB3zrDP1dV5_Pai0S9iZIh8zZsyk3PY8W6Bb9TpQr5I&_nc_zt=14&_nc_ht=scontent.ftgz4-1.fna&_nc_gid=7kcdYdQE9ngdqtnDxShgkw&_nc_ss=7f180&oh=00_AQDU3LKuFBL99DxSnlsM5ns6UkGsQgwJP7vKwyhpudhEag&oe=6A5099A5,,"['FACEBOOK', 'INSTAGRAM', 'AUDIENCE_NETWORK', 'MESSENGER']",au,cw,facebook,social,2026-W27,2026-07,"FACEBOOK, INSTAGRAM, AUDIENCE_NETWORK, MESSENGER",True,True,True,True,False,False,Brand/Category Page,True,False,False,2026-07-06,2026-05-15 07:00:00,2026-07-06 16:23:53.030278,52
976796791880251,1353805059924256,True,2026-05-14 07:00:00,2026-07-05 07:00:00,Chemist Warehouse,Chemist Warehouse,Shop at Chemist Warehouse now,Shop NEW Blackmores Gut Immune at Chemist Warehouse now,Shop now,VIDEO,https://www.chemistwarehouse.com.au/shop-online/513/blackmores?category=Cold%2C%20Flu%20%26%20Immunity&utm_source=facebook&utm_medium=social&utm_campaign=au_cw_oa_facebook_social_blackmoreslimited_blackmores_81_2026_bau_Dynamic&utm_term=conversion&utm_content=video-image_michael,www.chemistwarehouse.com.au,/shop-online/513/blackmores,facebook,social,au_cw_oa_facebook_social_blackmoreslimited_blackmores_81_2026_bau_Dynamic,81,conversion,video-image_michael,O&O,Blackmoreslimited,Blackmores,2026,dynamic,,,,,,"['FACEBOOK', 'INSTAGRAM', 'AUDIENCE_NETWORK', 'MESSENGER', 'THREADS']",au,cw,facebook,social,2026-W27,2026-07,"FACEBOOK, INSTAGRAM, AUDIENCE_NETWORK, MESSENGER, THREADS",True,True,True,True,True,False,Brand/Category Page,True,True,False,2026-07-06,2026-05-14 07:00:00,2026-07-06 16:23:53.030278,53
1304018741874197,899855033062713,True,2026-05-15 07:00:00,2026-06-30 07:00:00,Chemist Warehouse,Chemist Warehouse,{{product.name}},{{product.brand}},Shop now,DCO,https://www.chemistwarehouse.com.au/shop-online/513/blackmores?category=Cold%2C%20Flu%20%26%20Immunity&utm_source=facebook&utm_medium=social&utm_campaign=au_cw_oa_facebook_social_blackmoreslimited_blackmores_81_2026_bau_Dynamic&utm_term=conversion&utm_content=video-image_range,www.chemistwarehouse.com.au,/shop-online/513/blackmores,facebook,social,au_cw_oa_facebook_social_blackmoreslimited_blackmores_81_2026_bau_Dynamic,81,conversion,video-image_range,O&O,Blackmoreslimited,Blackmores,2026,dynamic,Blackmores Immune Health Range  ,Support your immune system health with Blackmores. Always read the label and follow the directions for use,Shop Now,https://scontent.ftgz4-1.fna.fbcdn.net/v/t39.35426-6/700871060_1462297952311091_2451381010212691430_n.jpg?_nc_cat=100&ccb=1-7&_nc_sid=c53f8f&_nc_ohc=ds0Hak8VuQQQ7kNvwEj8hzz&_nc_oc=AdqvfIncUVaC2y2zGtSbHKGPpw_L2TnC_2ycwF3Ej7accCao37ErYXDVck5ZR9F2g3E&_nc_zt=14&_nc_ht=scontent.ftgz4-1.fna&_nc_gid=7kcdYdQE9ngdqtnDxShgkw&_nc_ss=7f180&oh=00_AQAtEfpi0fgGzvBjQz2y5-Jb4y6wNwOSiPg5SRzSb3H8tQ&oe=6A509E43,,"['FACEBOOK', 'INSTAGRAM', 'AUDIENCE_NETWORK', 'MESSENGER']",au,cw,facebook,social,2026-W27,2026-07,"FACEBOOK, INSTAGRAM, AUDIENCE_NETWORK, MESSENGER",True,True,True,True,False,False,Brand/Category Page,True,False,False,2026-07-06,2026-05-15 07:00:00,2026-07-06 16:23:53.030278,52
1454054246046389,1341142227874217,True,2026-05-14 07:00:00,2026-07-05 07:00:00,Chemist Warehouse,Chemist Warehouse,Ready For Winter?,Power Through This Winter When Cold & Flu Symptoms Hit - Be Prepared With This Bundle!,Learn more,VIDEO,https://www.chemistwarehouse.com.au/shop-online/inova-cold-and-flu?utm_source=facebook&utm_medium=social&utm_campaign=au_cw_oa_facebook_social_inovapharmaceuticals_all_258_may26_100300-coldnflu_video&utm_term=traffic&utm_content=video_betadine-video,www.chemistwarehouse.com.au,/shop-online/inova-cold-and-flu,facebook,social,au_cw_oa_facebook_social_inovapharmaceuticals_all_258_may26_100300-coldnflu_video,258,traffic,video_betadine-video,O&O,Inovapharmaceuticals,All,may26,video,,,,,,"['FACEBOOK', 'INSTAGRAM']",au,cw,facebook,social,2026-W27,2026-07,"FACEBOOK, INSTAGRAM",True,True,False,False,False,False,Brand/Category Page,True,False,False,2026-07-06,2026-05-14 07:00:00,2026-07-06 16:23:53.030278,53
2269262636944315,,True,2026-05-14 07:00:00,2026-07-05 07:00:00,Chemist Warehouse,Chemist Warehouse,Shop at Chemist Warehouse now,Shop NEW Blackmores Gut Immune at Chemist Warehouse now,Shop now,IMAGE,https://fb.com/canvas_doc/1472295550644712,fb.com,/canvas_doc/1472295550644712,,,,,,,Not Specified,,,,,,,,,,"['FACEBOOK', 'INSTAGRAM', 'AUDIENCE_NETWORK', 'MESSENGER']",,,,,2026-W27,2026-07,"FACEBOOK, INSTAGRAM, AUDIENCE_NETWORK, MESSENGER",True,True,True,True,False,False,Internal/App Page,True,True,False,2026-07-06,2026-05-14 07:00:00,2026-07-06 16:23:53.030278,53
909675305425845,1694068858442357,True,2026-05-20 07:00:00,2026-07-05 07:00:00,Chemist Warehouse,Chemist Warehouse,Pantene Bond Repair,NEW Pantene Miracles Bond Repair Leave-In Treatment - instantly nourishes & repairs,Shop now,VIDEO,https://www.chemistwarehouse.com.au/shop-online/863/pantene?utm_source=facebook&utm_medium=social&utm_campaign=au_cw_oa_facebook_social_proctergambleaustralia_pantene_129_2026_100212-oa_video-image&utm_term=traffic&utm_content=video-image_all,www.chemistwarehouse.com.au,/shop-online/863/pantene,facebook,social,au_cw_oa_facebook_social_proctergambleaustralia_pantene_129_2026_100212-oa_video-image,129,traffic,video-image_all,O&O,Proctergambleaustralia,Pantene,2026,video-image,,,,,,"['FACEBOOK', 'INSTAGRAM', 'MESSENGER']",au,cw,facebook,social,2026-W27,2026-07,"FACEBOOK, INSTAGRAM, MESSENGER",True,True,False,True,False,False,Brand/Category Page,True,False,True,2026-07-06,2026-05-20 07:00:00,2026-07-06 16:23:53.030278,47
1022261700466938,,True,2026-05-27 07:00:00,2026-07-05 07:00:00,Chemist Warehouse,Chemist Warehouse,The Scent that Never Dies,Old Spice long-lasting sweat and odor protection. Available Now at Chemist Warehouse.,Shop now,VIDEO,https://www.chemistwarehouse.com.au/shop-online/705652/old-spice?utm_source=facebook&utm_medium=social&utm_campaign=au_cw_oa_facebook_social_proctergambleaustralia_oldspice_259_2026_100486-oa_video-image&utm_term=conversion&utm_content=video-image_all,www.chemistwarehouse.com.au,/shop-online/705652/old-spice,facebook,social,au_cw_oa_facebook_social_proctergambleaustralia_oldspice_259_2026_100486-oa_video-image,259,conversion,video-image_all,O&O,Proctergambleaustralia,Oldspice,2026,video-image,,,,,,"['FACEBOOK', 'INSTAGRAM', 'AUDIENCE_NETWORK', 'MESSENGER', 'THREADS']",au,cw,facebook,social,2026-W27,2026-07,"FACEBOOK, INSTAGRAM, AUDIENCE_NETWORK, MESSENGER, THREADS",True,True,True,True,True,False,Brand/Category Page,True,True,False,2026-07-06,2026-05-27 07:00:00,2026-07-06 16:23:53.030278,40
1663731001418301,1276506504633421,True,2026-05-27 07:00:00,2026-07-05 07:00:00,Chemist Warehouse,Chemist Warehouse,{{product.name}},{{product.brand}},Shop now,DCO,https://www.chemistwarehouse.com.au/shop-online/5318/garnier?category=Skincare&utm_source=facebook&utm_medium=social&utm_campaign=au_cw_coop_facebook_social_lorealaustraliaptyltd_garnier_665_may26_100045-bau_image&utm_term=traffic&utm_content=image_brand,www.chemistwarehouse.com.au,/shop-online/5318/garnier,facebook,social,au_cw_coop_facebook_social_lorealaustraliaptyltd_garnier_665_may26_100045-bau_image,665,traffic,image_brand,Coop,Lorealaustraliaptyltd,Garnier,may26,image,Your 2-Step Glow,"Say goodbye to dull skin! Garnier’s Vitamin C Serum + NEW Sorbet Cream duo targets the apperance of dark spots for visibly radiant, even skin tone.",Shop Now,https://scontent.ftgz4-1.fna.fbcdn.net/v/t39.35426-6/703170423_1295524332746826_9075596120764495225_n.jpg?_nc_cat=111&ccb=1-7&_nc_sid=c53f8f&_nc_ohc=O7tWTl_CT6cQ7kNvwGxGThj&_nc_oc=Adpun57G1iN1lvO7pURSSAaZKx9_79LaLDQoQSf_wKn1Y29eJQWrifjaxcduNE-pXFc&_nc_zt=14&_nc_ht=scontent.ftgz4-1.fna&_nc_gid=zAVdapjr65i5f53RApQj7g&_nc_ss=7f180&oh=00_AQAnk2nVIYbQYWOovVC6Cp4pDJ2ngopBAMQePStK8QDDAQ&oe=6A50A430,,"['FACEBOOK', 'INSTAGRAM', 'AUDIENCE_NETWORK', 'MESSENGER', 'THREADS']",au,cw,facebook,social,2026-W27,2026-07,"FACEBOOK, INSTAGRAM, AUDIENCE_NETWORK, MESSENGER, THREADS",True,True,True,True,True,False,Brand/Category Page,True,False,False,2026-07-06,2026-05-27 07:00:00,2026-07-06 16:23:53.030278,40
2194787624638117,,True,2026-05-27 07:00:00,2026-07-05 07:00:00,Chemist Warehouse,Chemist Warehouse,The Scent that Never Dies,"Old Spice Captain keeps you smelling like you’ve still got it, shop now at Chemist Warehouse.",Shop now,VIDEO,https://www.chemistwarehouse.com.au/shop-online/705652/old-spice?utm_source=facebook&utm_medium=social&utm_campaign=au_cw_oa_facebook_social_proctergambleaustralia_oldspice_259_2026_100486-oa_video-image&utm_term=traffic&utm_content=video-image_all,www.chemistwarehouse.com.au,/shop-online/705652/old-spice,facebook,social,au_cw_oa_facebook_social_proctergambleaustralia_oldspice_259_2026_100486-oa_video-image,259,traffic,video-image_all,O&O,Proctergambleaustralia,Oldspice,2026,video-image,,,,,,"['FACEBOOK', 'INSTAGRAM', 'AUDIENCE_NETWORK', 'MESSENGER', 'WHATSAPP', 'THREADS']",au,cw,facebook,social,2026-W27,2026-07,"FACEBOOK, INSTAGRAM, AUDIENCE_NETWORK, MESSENGER, WHATSAPP, THREADS",True,True,True,True,True,True,Brand/Category Page,True,True,False,2026-07-06,2026-05-27 07:00:00,2026-07-06 16:23:53.030278,40
913241831718200,899855033062713,True,2026-05-13 07:00:00,2026-07-05 07:00:00,Chemist Warehouse,Chemist Warehouse,{{product.name}},{{product.brand}},Shop now,DCO,https://www.chemistwarehouse.com.au/shop-online/513/blackmores?category=Cold%2C%20Flu%20%26%20Immunity&utm_source=facebook&utm_medium=social&utm_campaign=au_cw_oa_facebook_social_blackmoreslimited_blackmores_81_may26_100474-oa_video-image&utm_term=traffic&utm_content=video-image_staticrange,www.chemistwarehouse.com.au,/shop-online/513/blackmores,facebook,social,au_cw_oa_facebook_social_blackmoreslimited_blackmores_81_may26_100474-oa_video-image,81,traffic,video-image_staticrange,O&O,Blackmoreslimited,Blackmores,may26,video-image,Blackmores Immune Health Range  ,Support your immune system health with Blackmores. Always read the label and follow the directions for use,Shop Now,https://scontent.ftgz4-1.fna.fbcdn.net/v/t39.35426-6/696419649_1333210115361302_5112739633051916302_n.jpg?_nc_cat=109&ccb=1-7&_nc_sid=c53f8f&_nc_ohc=kZkDBWrQvRYQ7kNvwEw_pUl&_nc_oc=Adrv8Fz5hrT_rIT0hbXw06drXBhEgPONc4R8X-aEIL3h25Gnjlmh7Bc1vzXqhVMEoeQ&_nc_zt=14&_nc_ht=scontent.ftgz4-1.fna&_nc_gid=ybLuV4WXpie3H3j4DGTSxw&_nc_ss=7f180&oh=00_AQAySrL6l8efyKZUgAkG2K6acUXViC6oN4d11xkhPxpa1w&oe=6A50B704,,"['FACEBOOK', 'INSTAGRAM', 'AUDIENCE_NETWORK', 'MESSENGER', 'THREADS']",au,cw,facebook,social,2026-W27,2026-07,"FACEBOOK, INSTAGRAM, AUDIENCE_NETWORK, MESSENGER, THREADS",True,True,True,True,True,False,Brand/Category Page,True,False,False,2026-07-06,2026-05-13 07:00:00,2026-07-06 16:23:53.030278,54
2036449220590672,899855033062713,True,2026-05-15 07:00:00,2026-07-05 07:00:00,Chemist Warehouse,Chemist Warehouse,{{product.name}},{{product.brand}},Shop now,DCO,https://www.chemistwarehouse.com.au/shop-online/513/blackmores?category=Cold%2C%20Flu%20%26%20Immunity&utm_source=facebook&utm_medium=social&utm_campaign=au_cw_oa_facebook_social_blackmoreslimited_blackmores_81_2026_bau_Dynamic&utm_term=conversion&utm_content=video-image_range,www.chemistwarehouse.com.au,/shop-online/513/blackmores,facebook,social,au_cw_oa_facebook_social_blackmoreslimited_blackmores_81_2026_bau_Dynamic,81,conversion,video-image_range,O&O,Blackmoreslimited,Blackmores,2026,dynamic,Blackmores Immune Health Range  ,Support your immune system health with Blackmores. Always read the label and follow the directions for use,Shop Now,https://scontent.ftgz4-1.fna.fbcdn.net/v/t39.35426-6/699752733_1688853652246444_4793341962919763529_n.jpg?_nc_cat=110&ccb=1-7&_nc_sid=c53f8f&_nc_ohc=aK2OtH4dsMIQ7kNvwHlSyhd&_nc_oc=AdpzB5fFYsVepCDOqMtA5x8AZZb1HohPn-0S1jnjBEJO8yaEylYTLHfW3_rxu1zbdew&_nc_zt=14&_nc_ht=scontent.ftgz4-1.fna&_nc_gid=ybLuV4WXpie3H3j4DGTSxw&_nc_ss=7f180&oh=00_AQBJORbAryVcxeG2eCEkkdM9wjDOjnej32Aezna85-ekeg&oe=6A508FE3,,"['FACEBOOK', 'INSTAGRAM', 'AUDIENCE_NETWORK', 'MESSENGER', 'THREADS']",au,cw,facebook,social,2026-W27,2026-07,"FACEBOOK, INSTAGRAM, AUDIENCE_NETWORK, MESSENGER, THREADS",True,True,True,True,True,False,Brand/Category Page,True,False,False,2026-07-06,2026-05-15 07:00:00,2026-07-06 16:23:53.030278,52
928427806860282,899855033062713,True,2026-05-14 07:00:00,2026-07-05 07:00:00,Chemist Warehouse,Chemist Warehouse,{{product.name}},{{product.brand}},Shop now,DCO,https://www.chemistwarehouse.com.au/shop-online/513/blackmores?category=Cold%2C%20Flu%20%26%20Immunity&utm_source=facebook&utm_medium=social&utm_campaign=au_cw_oa_facebook_social_blackmoreslimited_blackmores_81_may26_100474-oa_video-image&utm_term=traffic&utm_content=video-image_staticrange,www.chemistwarehouse.com.au,/shop-online/513/blackmores,facebook,social,au_cw_oa_facebook_social_blackmoreslimited_blackmores_81_may26_100474-oa_video-image,81,traffic,video-image_staticrange,O&O,Blackmoreslimited,Blackmores,may26,video-image,Blackmores Immune Health Range  ,Support your immune system health with Blackmores. Always read the label and follow the directions for use,Shop Now,https://scontent.ftgz4-1.fna.fbcdn.net/v/t39.35426-6/699479477_976000981801630_8846744408147841121_n.jpg?_nc_cat=105&ccb=1-7&_nc_sid=c53f8f&_nc_ohc=q0jW-ksBiJcQ7kNvwGiZi20&_nc_oc=AdpKH3gK0PptseC5ucalzShgYbHdUOaDuIKJ6V5RSKaOTdL4dO-x2SminO5kanKObp8&_nc_zt=14&_nc_ht=scontent.ftgz4-1.fna&_nc_gid=ybLuV4WXpie3H3j4DGTSxw&_nc_ss=7f180&oh=00_AQBUth_SUCAF7v8D7u9YaXqQpjw9_nlQuEhQ8D2TK0E7lw&oe=6A50A280,,"['FACEBOOK', 'INSTAGRAM', 'AUDIENCE_NETWORK', 'MESSENGER', 'THREADS']",au,cw,facebook,social,2026-W27,2026-07,"FACEBOOK, INSTAGRAM, AUDIENCE_NETWORK, MESSENGER, THREADS",True,True,True,True,True,False,Brand/Category Page,True,False,False,2026-07-06,2026-05-14 07:00:00,2026-07-06 16:23:53.030278,53
2475517429580122,1925140345556056,True,2026-05-15 07:00:00,2026-07-05 07:00:00,Chemist Warehouse,Chemist Warehouse,{{product.name}},{{product.brand}},Shop now,DCO,https://www.chemistwarehouse.com.au/shop-online/513/blackmores?category=Cold%2C%20Flu%20%26%20Immunity&utm_source=facebook&utm_medium=social&utm_campaign=au_cw_oa_facebook_social_blackmoreslimited_blackmores_81_2026_bau_Dynamic&utm_term=conversion&utm_content=video-image_gutdynamic,www.chemistwarehouse.com.au,/shop-online/513/blackmores,facebook,social,au_cw_oa_facebook_social_blackmoreslimited_blackmores_81_2026_bau_Dynamic,81,conversion,video-image_gutdynamic,O&O,Blackmoreslimited,Blackmores,2026,dynamic,New Blackmores Gut Immune Biotic,"Triple action formula: Vitamin C, postbiotic & zinc. Always read the label and follow the directions for use",Shop Now,https://scontent.ftgz4-1.fna.fbcdn.net/v/t39.35426-6/699416060_1687993502548591_7415980375162430333_n.jpg?_nc_cat=100&ccb=1-7&_nc_sid=c53f8f&_nc_ohc=vZ2vhIEfZTUQ7kNvwGVBwhi&_nc_oc=Adri2LTA7KacuaME2DlegZ5Iw7nmHM_RF0AVWoixfrIitsl-MuL_xI03yIJHLKcK1yE&_nc_zt=14&_nc_ht=scontent.ftgz4-1.fna&_nc_gid=ybLuV4WXpie3H3j4DGTSxw&_nc_ss=7f180&oh=00_AQDXAG6NF4a5Ugrlezw27bGeO76mKmgGwWa_1CMOmo7i4w&oe=6A50BA46,,"['FACEBOOK', 'INSTAGRAM', 'AUDIENCE_NETWORK', 'MESSENGER', 'THREADS']",au,cw,facebook,social,2026-W27,2026-07,"FACEBOOK, INSTAGRAM, AUDIENCE_NETWORK, MESSENGER, THREADS",True,True,True,True,True,False,Brand/Category Page,True,False,False,2026-07-06,2026-05-15 07:00:00,2026-07-06 16:23:53.030278,52
1796869515028905,1025939226431148,True,2026-05-26 07:00:00,2026-07-05 07:00:00,Chemist Warehouse,Chemist Warehouse,Choose High‑Quality Ester-C Vitamin C for Family,GO ESTER‑C® products contain high‑quality Ester‑C® Vitamin C with superior absorption. Non‑acidic and gentle on the stomach.,See details,VIDEO,https://www.chemistwarehouse.com.au/shop-online/2997/go-healthy?utm_source=facebook&utm_medium=social&utm_campaign=au_cw_coop_facebook_social_thebetterhealthcompanyaustralia_gohealthy_81_2026_bau_dynamic&utm_term=traffic&utm_content=image_branding,www.chemistwarehouse.com.au,/shop-online/2997/go-healthy,facebook,social,au_cw_coop_facebook_social_thebetterhealthcompanyaustralia_gohealthy_81_2026_bau_dynamic,81,traffic,image_branding,Coop,Thebetterhealthcompanyaustralia,Gohealthy,2026,dynamic,,,,,,"['FACEBOOK', 'INSTAGRAM', 'MESSENGER']",au,cw,facebook,social,2026-W27,2026-07,"FACEBOOK, INSTAGRAM, MESSENGER",True,True,False,True,False,False,Brand/Category Page,True,False,False,2026-07-06,2026-05-26 07:00:00,2026-07-06 16:23:53.030278,41
2351540605370678,26829173950068339,True,2026-05-20 07:00:00,2026-07-05 07:00:00,Chemist Warehouse,Chemist Warehouse,{{product.name}},{{product.brand}},Shop now,DCO,https://www.chemistwarehouse.com.au/shop-online/3536/bioderma?utm_source=facebook&utm_medium=social&utm_campaign=au_cw_coop_facebook_social_naosaustraliaptyltd_bioderma_665_2026_100360-bau_video-image&utm_term=traffic&utm_content=video-image_all,www.chemistwarehouse.com.au,/shop-online/3536/bioderma,facebook,social,au_cw_coop_facebook_social_naosaustraliaptyltd_bioderma_665_2026_100360-bau_video-image,665,traffic,video-image_all,Coop,Naosaustraliaptyltd,Bioderma,2026,video-image,Available at Chemist Warehouse,"If you don't stop, why should your hydration? The Hydrabio Hydro Active range provides life-proof hydration.",Shop Now,https://scontent.ftgz4-1.fna.fbcdn.net/v/t39.35426-6/703026662_2857621234599356_8216919767022662632_n.jpg?_nc_cat=110&ccb=1-7&_nc_sid=c53f8f&_nc_ohc=o_NVECfil_QQ7kNvwGCr52N&_nc_oc=AdrJCb85xbsnq4z1ObxHOjIwVnHbx6AS862OKlSO1DaZ2KYAlj7ybjSGyPUSG86aFsQ&_nc_zt=14&_nc_ht=scontent.ftgz4-1.fna&_nc_gid=7kcdYdQE9ngdqtnDxShgkw&_nc_ss=7f180&oh=00_AQBmu4QIoPQ6j_T7YnKwsfkl_eO6R0sdis0cMSUNacxNqg&oe=6A50A589,,"['FACEBOOK', 'INSTAGRAM', 'AUDIENCE_NETWORK', 'MESSENGER', 'THREADS']",au,cw,facebook,social,2026-W27,2026-07,"FACEBOOK, INSTAGRAM, AUDIENCE_NETWORK, MESSENGER, THREADS",True,True,True,True,True,False,Brand/Category Page,True,False,False,2026-07-06,2026-05-20 07:00:00,2026-07-06 16:23:53.030278,47
989841006751671,1925140345556056,True,2026-05-13 07:00:00,2026-07-04 07:00:00,Chemist Warehouse,Chemist Warehouse,{{product.name}},{{product.brand}},Shop now,DCO,https://www.chemistwarehouse.com.au/buy/163812/blackmores-gut-immune-biotic-60-tablets?utm_source=facebook&utm_medium=social&utm_campaign=au_cw_oa_facebook_social_blackmoreslimited_blackmores_81_may26_100474-oa_video-image&utm_term=traffic&utm_content=video-image_gutimmune,www.chemistwarehouse.com.au,/buy/163812/blackmores-gut-immune-biotic-60-tablets,facebook,social,au_cw_oa_facebook_social_blackmoreslimited_blackmores_81_may26_100474-oa_video-image,81,traffic,video-image_gutimmune,O&O,Blackmoreslimited,Blackmores,may26,video-image,New Blackmores Gut Immune Biotic,"Triple action formula: Vitamin C, postbiotic & zinc. Always read the label and follow the directions for use",Shop Now,https://scontent.ftgz4-1.fna.fbcdn.net/v/t39.35426-6/700079008_2184245015702231_1610733785695295338_n.jpg?_nc_cat=104&ccb=1-7&_nc_sid=c53f8f&_nc_ohc=6jwhr07bRYQQ7kNvwEsUM1r&_nc_oc=AdqTdX4PjZ1EYrLii4VNIs6dzPgt3uVL9X49pd65K-1swXveF5FbKiEPlBRAOyrQr5E&_nc_zt=14&_nc_ht=scontent.ftgz4-1.fna&_nc_gid=ybLuV4WXpie3H3j4DGTSxw&_nc_ss=7f180&oh=00_AQBT0xM1kfH2jmXmZa05Q6d4S7ZcUAhBgl0-bq88lT-kHg&oe=6A50B476,,"['FACEBOOK', 'INSTAGRAM', 'AUDIENCE_NETWORK', 'MESSENGER', 'THREADS']",au,cw,facebook,social,2026-W27,2026-07,"FACEBOOK, INSTAGRAM, AUDIENCE_NETWORK, MESSENGER, THREADS",True,True,True,True,True,False,SKU Product,True,False,False,2026-07-06,2026-05-13 07:00:00,2026-07-06 16:23:53.030278,54
1734111921370181,1526338259085289,True,2026-05-13 07:00:00,2026-07-01 07:00:00,Chemist Warehouse,Chemist Warehouse,Shop at Chemist Warehouse now,Shop NEW Blackmores Gut Immune at Chemist Warehouse now,Shop now,VIDEO,https://www.chemistwarehouse.com.au/shop-online/513/blackmores?category=Cold%2C%20Flu%20%26%20Immunity&utm_source=facebook&utm_medium=social&utm_campaign=au_cw_oa_facebook_social_blackmoreslimited_blackmores_81_may26_100474-oa_video-image&utm_term=traffic&utm_content=video-image_brooke,www.chemistwarehouse.com.au,/shop-online/513/blackmores,facebook,social,au_cw_oa_facebook_social_blackmoreslimited_blackmores_81_may26_100474-oa_video-image,81,traffic,video-image_brooke,O&O,Blackmoreslimited,Blackmores,may26,video-image,,,,,,"['FACEBOOK', 'INSTAGRAM', 'AUDIENCE_NETWORK', 'MESSENGER', 'THREADS']",au,cw,facebook,social,2026-W27,2026-07,"FACEBOOK, INSTAGRAM, AUDIENCE_NETWORK, MESSENGER, THREADS",True,True,True,True,True,False,Brand/Category Page,True,True,False,2026-07-06,2026-05-13 07:00:00,2026-07-06 16:23:53.030278,54
941587248748237,1925140345556056,True,2026-05-13 07:00:00,2026-06-19 07:00:00,Chemist Warehouse,Chemist Warehouse,{{product.name}},{{product.brand}},Shop now,DCO,https://www.chemistwarehouse.com.au/buy/163812/blackmores-gut-immune-biotic-60-tablets?utm_source=facebook&utm_medium=social&utm_campaign=au_cw_oa_facebook_social_blackmoreslimited_blackmores_81_may26_100474-oa_video-image&utm_term=traffic&utm_content=video-image_gutimmune,www.chemistwarehouse.com.au,/buy/163812/blackmores-gut-immune-biotic-60-tablets,facebook,social,au_cw_oa_facebook_social_blackmoreslimited_blackmores_81_may26_100474-oa_video-image,81,traffic,video-image_gutimmune,O&O,Blackmoreslimited,Blackmores,may26,video-image,New Blackmores Gut Immune Biotic,"Triple action formula: Vitamin C, postbiotic & zinc. Always read the label and follow the directions for use",Shop Now,https://scontent.ftgz4-1.fna.fbcdn.net/v/t39.35426-6/698818769_3187396611455586_3915717934732774730_n.jpg?_nc_cat=106&ccb=1-7&_nc_sid=c53f8f&_nc_ohc=M7LrtH5qiqAQ7kNvwEfR_k-&_nc_oc=Adqa5t8tEm6BQztTYicEoPCAQripGIJJA0NpjyHOwst-oD9xSnBy271OT4J3VZz3_rw&_nc_zt=14&_nc_ht=scontent.ftgz4-1.fna&_nc_gid=ybLuV4WXpie3H3j4DGTSxw&_nc_ss=7f180&oh=00_AQC20U5z_Uoli3VqE0WqeICfDS0cPfCNTm6WNfdf1Gbqig&oe=6A5094A6,,"['FACEBOOK', 'INSTAGRAM', 'AUDIENCE_NETWORK', 'MESSENGER', 'THREADS']",au,cw,facebook,social,2026-W27,2026-07,"FACEBOOK, INSTAGRAM, AUDIENCE_NETWORK, MESSENGER, THREADS",True,True,True,True,True,False,SKU Product,True,False,False,2026-07-06,2026-05-13 07:00:00,2026-07-06 16:23:53.030278,54
1296851575891696,1218339510234088,True,2026-05-13 07:00:00,2026-07-05 07:00:00,Chemist Warehouse,Chemist Warehouse,Shop at Chemist Warehouse now,Shop NEW Blackmores Gut Immune at Chemist Warehouse now,Shop now,VIDEO,https://www.chemistwarehouse.com.au/shop-online/513/blackmores?category=Cold%2C%20Flu%20%26%20Immunity&,www.chemistwarehouse.com.au,/shop-online/513/blackmores,,,,,,,Not Specified,,,,,,,,,,"['FACEBOOK', 'INSTAGRAM', 'AUDIENCE_NETWORK', 'MESSENGER', 'THREADS']",,,,,2026-W27,2026-07,"FACEBOOK, INSTAGRAM, AUDIENCE_NETWORK, MESSENGER, THREADS",True,True,True,True,True,False,Brand/Category Page,True,True,False,2026-07-06,2026-05-13 07:00:00,2026-07-06 16:23:53.030278,54
2824329254600707,1218339510234088,True,2026-05-13 07:00:00,2026-07-03 07:00:00,Chemist Warehouse,Chemist Warehouse,Shop at Chemist Warehouse now,Shop NEW Blackmores Gut Immune at Chemist Warehouse now,Shop now,VIDEO,https://www.chemistwarehouse.com.au/shop-online/513/blackmores?category=Cold%2C%20Flu%20%26%20Immunity&utm_source=facebook&utm_medium=social&utm_campaign=au_cw_oa_facebook_social_blackmoreslimited_blackmores_81_may26_100474-oa_video-image&utm_term=traffic&utm_content=video-image_instore,www.chemistwarehouse.com.au,/shop-online/513/blackmores,facebook,social,au_cw_oa_facebook_social_blackmoreslimited_blackmores_81_may26_100474-oa_video-image,81,traffic,video-image_instore,O&O,Blackmoreslimited,Blackmores,may26,video-image,,,,,,"['FACEBOOK', 'INSTAGRAM', 'AUDIENCE_NETWORK', 'MESSENGER', 'THREADS']",au,cw,facebook,social,2026-W27,2026-07,"FACEBOOK, INSTAGRAM, AUDIENCE_NETWORK, MESSENGER, THREADS",True,True,True,True,True,False,Brand/Category Page,True,True,False,2026-07-06,2026-05-13 07:00:00,2026-07-06 16:23:53.030278,54
1533397191840231,1568775927532168,True,2026-05-19 07:00:00,2026-07-05 07:00:00,Chemist Warehouse,Chemist Warehouse,{{product.name}},{{product.brand}},Shop now,DCO,https://www.chemistwarehouse.com.au/shop-online/2351/la-roche-posay?category=Dry%2C%20Sensitive%20%26%20Itchy%20Skin&utm_source=facebook&utm_medium=social&utm_campaign=au_cw_coop_facebook_social_lorealarocheposaycerave_larocheposay_665_2026_bau_dynamic&utm_term=traffic&utm_content=dynamic_dry,www.chemistwarehouse.com.au,/shop-online/2351/la-roche-posay,facebook,social,au_cw_coop_facebook_social_lorealarocheposaycerave_larocheposay_665_2026_bau_dynamic,665,traffic,dynamic_dry,Coop,Lorealarocheposaycerave,Larocheposay,2026,dynamic,SHOP LA ROCHE-POSAY FOR DRY SKIN,"Recommended by Dermatologists, explore Cicaplast skincare formulated to provide intense hydration & support the skin barrier.",Shop Now,https://scontent.ftgz4-1.fna.fbcdn.net/v/t39.35426-6/670570570_1461144555476835_3529941588856126360_n.jpg?_nc_cat=108&ccb=1-7&_nc_sid=c53f8f&_nc_ohc=eBoJPdsnHQoQ7kNvwEVRwre&_nc_oc=AdpzjPbnNKz3rEWaa5kSEArWnKEEg68KOQ5CsD2pK90CHfdE01X9Aoegqo_ng9pRcB0&_nc_zt=14&_nc_ht=scontent.ftgz4-1.fna&_nc_gid=7kcdYdQE9ngdqtnDxShgkw&_nc_ss=7f180&oh=00_AQAjY1AMd08BMCL4Vs4F0D2TXgY37zrL3fW9fZriCJe5EA&oe=6A50A96B,,"['FACEBOOK', 'INSTAGRAM', 'AUDIENCE_NETWORK', 'MESSENGER', 'THREADS']",au,cw,facebook,social,2026-W27,2026-07,"FACEBOOK, INSTAGRAM, AUDIENCE_NETWORK, MESSENGER, THREADS",True,True,True,True,True,False,Brand/Category Page,True,False,False,2026-07-06,2026-05-19 07:00:00,2026-07-06 16:23:53.030278,48
1357855142917328,1252239643389887,True,2026-05-13 07:00:00,2026-07-05 07:00:00,Chemist Warehouse,Chemist Warehouse,Get pro results now,"Salon-grade haircare, now in your hands! Shop L’Oréal Professionnel Metal Detox at Chemist Warehouse",Shop now,VIDEO,https://www.chemistwarehouse.com.au/buy/139310/l-oreal-professionnel-serie-expert-metal-detox-mask-250ml?utm_source=facebook&utm_medium=social&utm_campaign=au_cw_coop_facebook_social_lorealprofessional_lorealprofessionnel_129_2026_bau_dynamic&utm_term=traffic&utm_content=dynamic_stylist,www.chemistwarehouse.com.au,/buy/139310/l-oreal-professionnel-serie-expert-metal-detox-mask-250ml,facebook,social,au_cw_coop_facebook_social_lorealprofessional_lorealprofessionnel_129_2026_bau_dynamic,129,traffic,dynamic_stylist,Coop,Lorealprofessional,Lorealprofessionnel,2026,dynamic,,,,,,"['FACEBOOK', 'INSTAGRAM', 'AUDIENCE_NETWORK', 'MESSENGER', 'THREADS']",au,cw,facebook,social,2026-W27,2026-07,"FACEBOOK, INSTAGRAM, AUDIENCE_NETWORK, MESSENGER, THREADS",True,True,True,True,True,False,SKU Product,True,True,False,2026-07-06,2026-05-13 07:00:00,2026-07-06 16:23:53.030278,54
2413623985816257,,True,2026-05-14 07:00:00,2026-07-05 07:00:00,Chemist Warehouse,Chemist Warehouse,Shop at Chemist Warehouse now,Shop NEW Blackmores Gut Immune at Chemist Warehouse now,Shop now,IMAGE,https://fb.com/canvas_doc/1472295550644712,fb.com,/canvas_doc/1472295550644712,,,,,,,Not Specified,,,,,,,,,,"['FACEBOOK', 'INSTAGRAM', 'AUDIENCE_NETWORK', 'MESSENGER', 'THREADS']",,,,,2026-W27,2026-07,"FACEBOOK, INSTAGRAM, AUDIENCE_NETWORK, MESSENGER, THREADS",True,True,True,True,True,False,Internal/App Page,True,True,False,2026-07-06,2026-05-14 07:00:00,2026-07-06 16:23:53.030278,53
1660376241894074,1003875612077223,True,2026-05-12 07:00:00,2026-07-05 07:00:00,Chemist Warehouse,Chemist Warehouse,Matrix x KATSEYE: Hair in motion.,Matrix x KATSEYE: Pro haircare that transforms every choreography into a stunning hairography. Stage-ready hair!,Learn more,VIDEO,https://www.chemistwarehouse.com.au/shop-online/1066/matrix?utm_source=facebook&utm_medium=social&utm_campaign=au_cw_coop_facebook_social_lorealprofessional_matrix_129_2026_100047-bau_image&utm_term=reach&utm_content=image_curly,www.chemistwarehouse.com.au,/shop-online/1066/matrix,facebook,social,au_cw_coop_facebook_social_lorealprofessional_matrix_129_2026_100047-bau_image,129,reach,image_curly,Coop,Lorealprofessional,Matrix,2026,image,,,,,,"['FACEBOOK', 'INSTAGRAM', 'AUDIENCE_NETWORK', 'WHATSAPP', 'THREADS']",au,cw,facebook,social,2026-W27,2026-07,"FACEBOOK, INSTAGRAM, AUDIENCE_NETWORK, WHATSAPP, THREADS",True,True,True,False,True,True,Brand/Category Page,True,False,False,2026-07-06,2026-05-12 07:00:00,2026-07-06 16:23:53.030278,55
4357167681163000,1318980966999194,True,2026-05-11 07:00:00,2026-07-05 07:00:00,Chemist Warehouse,Chemist Warehouse,Our Ultimate Sleep Combination,Sleep with Eze: Ultra Muscleze Night + L-Theanine,Shop now,VIDEO,https://www.chemistwarehouse.com.au/shop-online/4395/bioceuticals?utm_source=facebook&utm_medium=social&utm_campaign=au_cw_coop_facebook_social_blackmoreslimited_bioceuticals_81_2026_100087-bau_video-image&utm_term=traffic&utm_content=video-image_video-may26,www.chemistwarehouse.com.au,/shop-online/4395/bioceuticals,facebook,social,au_cw_coop_facebook_social_blackmoreslimited_bioceuticals_81_2026_100087-bau_video-image,81,traffic,video-image_video-may26,Coop,Blackmoreslimited,Bioceuticals,2026,video-image,,,,,,"['FACEBOOK', 'INSTAGRAM', 'MESSENGER']",au,cw,facebook,social,2026-W27,2026-07,"FACEBOOK, INSTAGRAM, MESSENGER",True,True,False,True,False,False,Brand/Category Page,True,False,False,2026-07-06,2026-05-11 07:00:00,2026-07-06 16:23:53.030278,56
1693433628565379,1318980966999194,True,2026-05-11 07:00:00,2026-07-05 07:00:00,Chemist Warehouse,Chemist Warehouse,Our Ultimate Sleep Combination,Sleep with Eze: Ultra Muscleze Night + L-Theanine,Shop now,VIDEO,https://www.chemistwarehouse.com.au/shop-online/4395/bioceuticals?utm_source=facebook&utm_medium=social&utm_campaign=au_cw_coop_facebook_social_blackmoreslimited_bioceuticals_81_2026_100087-bau_video-image&utm_term=traffic&utm_content=video-image_video-may26,www.chemistwarehouse.com.au,/shop-online/4395/bioceuticals,facebook,social,au_cw_coop_facebook_social_blackmoreslimited_bioceuticals_81_2026_100087-bau_video-image,81,traffic,video-image_video-may26,Coop,Blackmoreslimited,Bioceuticals,2026,video-image,,,,,,"['FACEBOOK', 'INSTAGRAM', 'MESSENGER']",au,cw,facebook,social,2026-W27,2026-07,"FACEBOOK, INSTAGRAM, MESSENGER",True,True,False,True,False,False,Brand/Category Page,True,False,False,2026-07-06,2026-05-11 07:00:00,2026-07-06 16:23:53.030278,56
1884009175623437,2453440675107342,True,2026-05-14 07:00:00,2026-07-05 07:00:00,Chemist Warehouse,Chemist Warehouse,Shop at Chemist Warehouse now,Shop NEW Blackmores Gut Immune at Chemist Warehouse now,Shop now,VIDEO,https://www.chemistwarehouse.com.au/shop-online/513/blackmores?category=Cold%2C%20Flu%20%26%20Immunity&utm_source=facebook&utm_medium=social&utm_campaign=au_cw_oa_facebook_social_blackmoreslimited_blackmores_81_2026_bau_Dynamic&utm_term=conversion&utm_content=video-image_instore,www.chemistwarehouse.com.au,/shop-online/513/blackmores,facebook,social,au_cw_oa_facebook_social_blackmoreslimited_blackmores_81_2026_bau_Dynamic,81,conversion,video-image_instore,O&O,Blackmoreslimited,Blackmores,2026,dynamic,,,,,,"['FACEBOOK', 'INSTAGRAM', 'AUDIENCE_NETWORK', 'MESSENGER', 'THREADS']",au,cw,facebook,social,2026-W27,2026-07,"FACEBOOK, INSTAGRAM, AUDIENCE_NETWORK, MESSENGER, THREADS",True,True,True,True,True,False,Brand/Category Page,True,True,False,2026-07-06,2026-05-14 07:00:00,2026-07-06 16:23:53.030278,53
2058468231747978,1471563510977882,True,2026-05-10 07:00:00,2026-07-05 07:00:00,Chemist Warehouse,Chemist Warehouse,Shop Comvita Olive Leaf extract,"Immune Support Made Easy. Mix it in, sip it down, or take it straight. Get 'the good Leaf' for daily immune system maintenance.",Shop now,VIDEO,https://fb.com/canvas_doc/800019812579052,fb.com,/canvas_doc/800019812579052,,,,,,,Not Specified,,,,,,,,,,"['FACEBOOK', 'INSTAGRAM', 'AUDIENCE_NETWORK', 'MESSENGER', 'THREADS']",,,,,2026-W27,2026-07,"FACEBOOK, INSTAGRAM, AUDIENCE_NETWORK, MESSENGER, THREADS",True,True,True,True,True,False,Internal/App Page,True,False,False,2026-07-06,2026-05-10 07:00:00,2026-07-06 16:23:53.030278,57
1459492695926195,1353805059924256,True,2026-05-14 07:00:00,2026-07-05 07:00:00,Chemist Warehouse,Chemist Warehouse,Shop at Chemist Warehouse now,Shop NEW Blackmores Gut Immune at Chemist Warehouse now,Shop now,VIDEO,https://www.chemistwarehouse.com.au/shop-online/513/blackmores?category=Cold%2C%20Flu%20%26%20Immunity&utm_source=facebook&utm_medium=social&utm_campaign=au_cw_oa_facebook_social_blackmoreslimited_blackmores_81_2026_bau_Dynamic&utm_term=conversion&utm_content=video-image_michael,www.chemistwarehouse.com.au,/shop-online/513/blackmores,facebook,social,au_cw_oa_facebook_social_blackmoreslimited_blackmores_81_2026_bau_Dynamic,81,conversion,video-image_michael,O&O,Blackmoreslimited,Blackmores,2026,dynamic,,,,,,"['FACEBOOK', 'INSTAGRAM', 'AUDIENCE_NETWORK', 'MESSENGER', 'THREADS']",au,cw,facebook,social,2026-W27,2026-07,"FACEBOOK, INSTAGRAM, AUDIENCE_NETWORK, MESSENGER, THREADS",True,True,True,True,True,False,Brand/Category Page,True,True,False,2026-07-06,2026-05-14 07:00:00,2026-07-06 16:23:53.030278,53
920166254418124,,True,2026-05-10 07:00:00,2026-07-05 07:00:00,Chemist Warehouse,Chemist Warehouse,Antioxidant Olive Power,Antioxidant Powerhouse. High-quality Olive Leaf Extract helps reduce free radicals formed in the body. Start your support now!,Learn more,IMAGE,https://fb.com/canvas_doc/1706628247373592,fb.com,/canvas_doc/1706628247373592,,,,,,,Not Specified,,,,,,,,,,"['FACEBOOK', 'INSTAGRAM', 'AUDIENCE_NETWORK', 'MESSENGER', 'THREADS']",,,,,2026-W27,2026-07,"FACEBOOK, INSTAGRAM, AUDIENCE_NETWORK, MESSENGER, THREADS",True,True,True,True,True,False,Internal/App Page,True,False,False,2026-07-06,2026-05-10 07:00:00,2026-07-06 16:23:53.030278,57
1521509829408984,,True,2026-05-10 07:00:00,2026-07-04 07:00:00,Chemist Warehouse,Chemist Warehouse,The Power of Olive Leaf for Your Immunity,"Your Daily Wellness Ritual. Add 'the good Leaf' to your tea, smoothie, or take it neat. Supports general health & wellbeing.",Learn more,IMAGE,https://fb.com/canvas_doc/1878912039423254,fb.com,/canvas_doc/1878912039423254,,,,,,,Not Specified,,,,,,,,,,"['FACEBOOK', 'INSTAGRAM', 'AUDIENCE_NETWORK', 'MESSENGER', 'THREADS']",,,,,2026-W27,2026-07,"FACEBOOK, INSTAGRAM, AUDIENCE_NETWORK, MESSENGER, THREADS",True,True,True,True,True,False,Internal/App Page,True,False,False,2026-07-06,2026-05-10 07:00:00,2026-07-06 16:23:53.030278,57
1011900884694643,1885686518813522,True,2026-05-14 07:00:00,2026-07-05 07:00:00,Chemist Warehouse,Chemist Warehouse,{{product.name}},{{product.brand}},Learn more,DCO,https://www.chemistwarehouse.com.au/shop-online/inova-cold-and-flu?utm_source=facebook&utm_medium=social&utm_campaign=au_cw_oa_facebook_social_inovapharmaceuticals_all_258_may26_100300-coldnflu_video&utm_term=traffic&utm_content=video_instore-video,www.chemistwarehouse.com.au,/shop-online/inova-cold-and-flu,facebook,social,au_cw_oa_facebook_social_inovapharmaceuticals_all_258_may26_100300-coldnflu_video,258,traffic,video_instore-video,O&O,Inovapharmaceuticals,All,may26,video,Ready For Winter?,Power Through This Winter When Cold & Flu Symptoms Hit - Be Prepared With This Bundle!,Learn More,,https://video.ftgz4-1.fna.fbcdn.net/o1/v/t2/f2/m366/AQMCQ6K-jhFrexL3sBC6sFg09TeaQffcXLqPxDibS4PcJjlqZ0GxS4OWS6MXEIqBJf3_xbI1yCjH2UmxmJVkdAzOkXSeTRqaUx0Ml_Uz2PD--w.mp4?_nc_cat=109&_nc_oc=AdqzRxJBbd7OsljjEtCi10Fpui_XNieOdhQ_aDK--wR8M2qvDSRrIG3NahJ-k2mVJgI&_nc_sid=b66105&_nc_ht=video.ftgz4-1.fna.fbcdn.net&_nc_ohc=k43xQ7ZLzkwQ7kNvwHFaQk3&efg=eyJ2ZW5jb2RlX3RhZyI6Inhwdl9wcm9ncmVzc2l2ZS5WSV9VU0VDQVNFX1BST0RVQ1RfVFlQRS4uQzMuNzIwLmRhc2hfaDI2NC1iYXNpYy1nZW4yXzcyMHAiLCJ4cHZfYXNzZXRfaWQiOjI0NzkyMDgwMjI1MjYzNDAsImFzc2V0X2FnZV9kYXlzIjo1MSwidmlfdXNlY2FzZV9pZCI6MTA3OTksImR1cmF0aW9uX3MiOjM1LCJ1cmxnZW5fc291cmNlIjoid3d3In0%3D&ccb=17-1&vs=3fc0ba2b16eac491&_nc_vs=HBksFQIYRWZiX2VwaGVtZXJhbC80RDQ0NTY3MkQwOTk3NDIyODlGRDNGRTY4RTNENUU4MV9tdF8xX3ZpZGVvX2Rhc2hpbml0Lm1wNBUAAsgBEgAVAhhAZmJfcGVybWFuZW50L0RGNEUxOTRFMzQ5MDhCODhDRTZDNTY4QTVEOUVGN0JCX2F1ZGlvX2Rhc2hpbml0Lm1wNBUCAsgBEgAoABgAGwKIB3VzZV9vaWwBMRJwcm9ncmVzc2l2ZV9yZWNpcGUBMRUAACaIpo6Y87TnCBUCKAJDMywXQEHzMzMzMzMYGWRhc2hfaDI2NC1iYXNpYy1nZW4yXzcyMHARAHUAZd6oAQA&_nc_gid=ybLuV4WXpie3H3j4DGTSxw&_nc_ss=7f180&_nc_zt=28&oh=00_AQD_Gy6TwItE4GNJ16grqXxqF2p25as3-sJFc8yeY2nXyg&oe=6A50A4CF,"['FACEBOOK', 'INSTAGRAM']",au,cw,facebook,social,2026-W27,2026-07,"FACEBOOK, INSTAGRAM",True,True,False,False,False,False,Brand/Category Page,True,False,False,2026-07-06,2026-05-14 07:00:00,2026-07-06 16:23:53.030278,53
1479304053030733,,True,2026-05-10 07:00:00,2026-07-05 07:00:00,Chemist Warehouse,Chemist Warehouse,Start Immune Support with the good Leaf,Your Immune Defense. Start Immune Support with the good Leaf! Traditionally used in herbal medicine to support healthy immunity.,Learn more,IMAGE,https://fb.com/canvas_doc/784354201414867,fb.com,/canvas_doc/784354201414867,,,,,,,Not Specified,,,,,,,,,,"['FACEBOOK', 'INSTAGRAM', 'AUDIENCE_NETWORK', 'MESSENGER', 'THREADS']",,,,,2026-W27,2026-07,"FACEBOOK, INSTAGRAM, AUDIENCE_NETWORK, MESSENGER, THREADS",True,True,True,True,True,False,Internal/App Page,True,False,False,2026-07-06,2026-05-10 07:00:00,2026-07-06 16:23:53.030278,57
1586965875697681,,True,2026-05-13 07:00:00,2026-07-05 07:00:00,Chemist Warehouse,Chemist Warehouse,Crafted by Nature. Trusted by You,"Not all Mānuka is equal. Comvita UMF™ Mānuka Honey is NZ sourced & UMF™ certified. 50 years of wellness, 50 years of experience.",Shop now,IMAGE,https://fb.com/canvas_doc/1273147721157551,fb.com,/canvas_doc/1273147721157551,,,,,,,Not Specified,,,,,,,,,,"['FACEBOOK', 'INSTAGRAM', 'AUDIENCE_NETWORK', 'MESSENGER', 'THREADS']",,,,,2026-W27,2026-07,"FACEBOOK, INSTAGRAM, AUDIENCE_NETWORK, MESSENGER, THREADS",True,True,True,True,True,False,Internal/App Page,True,False,False,2026-07-06,2026-05-13 07:00:00,2026-07-06 16:23:53.030278,54
975852131819463,,True,2026-05-11 07:00:00,2026-07-04 07:00:00,Chemist Warehouse,Chemist Warehouse,Discover Comvita Mānuka honey,"Enjoy Peace of Mind with Our 3-Year Guarantee on UMF Levels
> Pure Quality
> Always Reliable
> Comvita Mānuka honey",Learn more,IMAGE,https://fb.com/canvas_doc/828717730110952,fb.com,/canvas_doc/828717730110952,,,,,,,Not Specified,,,,,,,,,,"['FACEBOOK', 'INSTAGRAM', 'AUDIENCE_NETWORK', 'MESSENGER', 'THREADS']",,,,,2026-W27,2026-07,"FACEBOOK, INSTAGRAM, AUDIENCE_NETWORK, MESSENGER, THREADS",True,True,True,True,True,False,Internal/App Page,True,False,False,2026-07-06,2026-05-11 07:00:00,2026-07-06 16:23:53.030278,56
1901667307202964,,True,2026-05-11 07:00:00,2026-07-05 07:00:00,Chemist Warehouse,Chemist Warehouse,A sugar replacement with the benefts of Mānuka.,"A sugar replacement that has the benefts of Mānuka.
Nourishing Sweet Goodness",Learn more,IMAGE,https://fb.com/canvas_doc/1813828280009652,fb.com,/canvas_doc/1813828280009652,,,,,,,Not Specified,,,,,,,,,,"['FACEBOOK', 'INSTAGRAM', 'AUDIENCE_NETWORK', 'MESSENGER', 'THREADS']",,,,,2026-W27,2026-07,"FACEBOOK, INSTAGRAM, AUDIENCE_NETWORK, MESSENGER, THREADS",True,True,True,True,True,False,Internal/App Page,True,False,False,2026-07-06,2026-05-11 07:00:00,2026-07-06 16:23:53.030278,56
1695901134853247,,True,2026-05-14 07:00:00,2026-07-04 07:00:00,Chemist Warehouse,Chemist Warehouse,Powered with Certified UMF™ 10+ Mānuka Honey,"Powered with Certified UMF 10+ Mānuka Honey to work alongside Vitamin C to get children back to their playful, super selves again.",Shop now,IMAGE,https://fb.com/canvas_doc/1295679729364170,fb.com,/canvas_doc/1295679729364170,,,,,,,Not Specified,,,,,,,,,,"['FACEBOOK', 'INSTAGRAM', 'AUDIENCE_NETWORK', 'MESSENGER', 'THREADS']",,,,,2026-W27,2026-07,"FACEBOOK, INSTAGRAM, AUDIENCE_NETWORK, MESSENGER, THREADS",True,True,True,True,True,False,Internal/App Page,True,False,False,2026-07-06,2026-05-14 07:00:00,2026-07-06 16:23:53.030278,53
3443525339158644,,True,2026-05-13 07:00:00,2026-07-03 07:00:00,Chemist Warehouse,Chemist Warehouse,"Comvita, 50 years of Wellness","Comvita, 50 years of Wellness with your family.  Manuka honey, Olive Leaf Extract, Manuka honey Lozenges.  Whats your go to?",Shop now,IMAGE,https://fb.com/canvas_doc/1765553881494167,fb.com,/canvas_doc/1765553881494167,,,,,,,Not Specified,,,,,,,,,,"['FACEBOOK', 'INSTAGRAM', 'AUDIENCE_NETWORK', 'MESSENGER', 'THREADS']",,,,,2026-W27,2026-07,"FACEBOOK, INSTAGRAM, AUDIENCE_NETWORK, MESSENGER, THREADS",True,True,True,True,True,False,Internal/App Page,True,False,False,2026-07-06,2026-05-13 07:00:00,2026-07-06 16:23:53.030278,54
1620611525866395,1282531270551991,True,2026-05-10 07:00:00,2026-07-05 07:00:00,Chemist Warehouse,Chemist Warehouse,Shop now at Chemist Warehouse.,"Comvita Manuka Honey On The Go UMF™ 5+, natural snack, anytime. Shop now at Chemist Warehouse.",Learn more,VIDEO,https://www.chemistwarehouse.com.au/shop-online/924/comvita?category=Manuka%20Honey&utm_source=facebook&utm_medium=social&utm_content=image&utm_campaign=au_cw_coop_facebook_social_comvita_comvita_81_2026_bau_Dynamic&utm_term=Dynamic,www.chemistwarehouse.com.au,/shop-online/924/comvita,facebook,social,au_cw_coop_facebook_social_comvita_comvita_81_2026_bau_Dynamic,81,Dynamic,image,Coop,Comvita,Comvita,2026,dynamic,,,,,,"['FACEBOOK', 'INSTAGRAM', 'AUDIENCE_NETWORK', 'MESSENGER', 'THREADS']",au,cw,facebook,social,2026-W27,2026-07,"FACEBOOK, INSTAGRAM, AUDIENCE_NETWORK, MESSENGER, THREADS",True,True,True,True,True,False,Brand/Category Page,True,True,False,2026-07-06,2026-05-10 07:00:00,2026-07-06 16:23:53.030278,57
1489269829328721,,True,2026-05-14 07:00:00,2026-06-27 07:00:00,Chemist Warehouse,Chemist Warehouse,The Power of Olive Leaf for Your Immunity,"Your Daily Wellness Ritual. Add 'the good Leaf' to your tea, smoothie, or take it neat. Supports general health & wellbeing.",Shop now,IMAGE,https://fb.com/canvas_doc/992780323433486,fb.com,/canvas_doc/992780323433486,,,,,,,Not Specified,,,,,,,,,,"['FACEBOOK', 'INSTAGRAM', 'AUDIENCE_NETWORK', 'MESSENGER', 'THREADS']",,,,,2026-W27,2026-07,"FACEBOOK, INSTAGRAM, AUDIENCE_NETWORK, MESSENGER, THREADS",True,True,True,True,True,False,Internal/App Page,True,False,False,2026-07-06,2026-05-14 07:00:00,2026-07-06 16:23:53.030278,53
813077814913387,,True,2026-05-16 07:00:00,2026-07-05 07:00:00,Chemist Warehouse,Chemist Warehouse,Try the soothing taste of Mānuka honey lozenges,Soothing UMF 10+ Mānuka honey lozenges with bee propolis.  Feel the difference.,Shop now,IMAGE,https://fb.com/canvas_doc/4341776329412027,fb.com,/canvas_doc/4341776329412027,,,,,,,Not Specified,,,,,,,,,,"['FACEBOOK', 'INSTAGRAM', 'AUDIENCE_NETWORK', 'MESSENGER', 'THREADS']",,,,,2026-W27,2026-07,"FACEBOOK, INSTAGRAM, AUDIENCE_NETWORK, MESSENGER, THREADS",True,True,True,True,True,False,Internal/App Page,True,False,False,2026-07-06,2026-05-16 07:00:00,2026-07-06 16:23:53.030278,51
1297844135075475,814096844867108,True,2026-05-10 07:00:00,2026-07-03 07:00:00,Chemist Warehouse,Chemist Warehouse,Supercharge your smoothie with Manuka honey,"Discover Comvita Mānuka honey
> Elevate your morning routine
> Each UMF™ level is a unique flavour, discover your favourite",Learn more,VIDEO,https://fb.com/canvas_doc/1483100689630311,fb.com,/canvas_doc/1483100689630311,,,,,,,Not Specified,,,,,,,,,,"['FACEBOOK', 'INSTAGRAM', 'AUDIENCE_NETWORK', 'MESSENGER', 'THREADS']",,,,,2026-W27,2026-07,"FACEBOOK, INSTAGRAM, AUDIENCE_NETWORK, MESSENGER, THREADS",True,True,True,True,True,False,Internal/App Page,True,False,False,2026-07-06,2026-05-10 07:00:00,2026-07-06 16:23:53.030278,57
979779918133855,1986207988645081,True,2026-05-06 07:00:00,2026-07-05 07:00:00,Chemist Warehouse,Chemist Warehouse,{{product.name}},{{product.brand}},Shop now,DCO,https://www.chemistwarehouse.com.au/shop-online/2128/bio-island?utm_source=facebook&utm_medium=social&utm_campaign=au_cw_oa_facebook_social_jbxptyltd_bioisland_81_2026_100293-oa_video-image&utm_term=traffic&utm_content=video-image_all,www.chemistwarehouse.com.au,/shop-online/2128/bio-island,facebook,social,au_cw_oa_facebook_social_jbxptyltd_bioisland_81_2026_100293-oa_video-image,81,traffic,video-image_all,O&O,Jbxptyltd,Bioisland,2026,video-image,Healthy bones for children and adults,Support bone health in children with Bio Island Milk Calcium for Kids and in adults with Bio Island Milk Calcium Bone Care.,Shop Now,https://scontent.ftgz4-1.fna.fbcdn.net/v/t39.35426-6/687036995_1308299160813374_1763037945416845930_n.jpg?_nc_cat=103&ccb=1-7&_nc_sid=c53f8f&_nc_ohc=aw_dWVo-aNUQ7kNvwECjl1h&_nc_oc=Adq1bOJpgkNvv7miQlgtRS0jxQnoFL140I4bNai8BP4cBhXFRxHvet2_pHM9sxVpEKo&_nc_zt=14&_nc_ht=scontent.ftgz4-1.fna&_nc_gid=rueybQvGpReOgmNjsf88LQ&_nc_ss=7f180&oh=00_AQCynBGqKosCtLuNtYeTauBeq98zrre-7RhojKR79-jWuA&oe=6A50A16C,,"['FACEBOOK', 'INSTAGRAM', 'AUDIENCE_NETWORK', 'MESSENGER', 'THREADS']",au,cw,facebook,social,2026-W27,2026-07,"FACEBOOK, INSTAGRAM, AUDIENCE_NETWORK, MESSENGER, THREADS",True,True,True,True,True,False,Brand/Category Page,True,False,False,2026-07-06,2026-05-06 07:00:00,2026-07-06 16:23:53.030278,61
1446764109993941,1658322221877769,True,2026-05-06 07:00:00,2026-07-05 07:00:00,Chemist Warehouse,Chemist Warehouse,{{product.name}},{{product.brand}},Shop now,DCO,https://www.chemistwarehouse.com.au/shop-online/2128/bio-island?utm_source=facebook&utm_medium=social&utm_campaign=au_cw_oa_facebook_social_jbxptyltd_bioisland_81_2026_100293-oa_video-image&utm_term=traffic&utm_content=video-image_all,www.chemistwarehouse.com.au,/shop-online/2128/bio-island,facebook,social,au_cw_oa_facebook_social_jbxptyltd_bioisland_81_2026_100293-oa_video-image,81,traffic,video-image_all,O&O,Jbxptyltd,Bioisland,2026,video-image,Supporting healthy growth in children,Support your child's healthy growth and development with Bio Island.,Shop Now,https://scontent.ftgz4-1.fna.fbcdn.net/v/t39.35426-6/692036347_800852422889392_6585540293126510809_n.jpg?_nc_cat=106&ccb=1-7&_nc_sid=c53f8f&_nc_ohc=GOZ-Ww7viuUQ7kNvwF2ee4D&_nc_oc=Adq5yjpJZa5AzpeBga-Zxfz68rAEdbMrRGeSOXfWZhph0z3lPSiFN0ZmbzpP1cfA7HU&_nc_zt=14&_nc_ht=scontent.ftgz4-1.fna&_nc_gid=rueybQvGpReOgmNjsf88LQ&_nc_ss=7f180&oh=00_AQA94CAPRHz1RJmsJF01T4WNw3LUyi4d-LrAI_UYJHPxXg&oe=6A50927E,,"['FACEBOOK', 'INSTAGRAM', 'AUDIENCE_NETWORK', 'MESSENGER', 'THREADS']",au,cw,facebook,social,2026-W27,2026-07,"FACEBOOK, INSTAGRAM, AUDIENCE_NETWORK, MESSENGER, THREADS",True,True,True,True,True,False,Brand/Category Page,True,False,False,2026-07-06,2026-05-06 07:00:00,2026-07-06 16:23:53.030278,61
1866274054328561,3022202141303794,True,2026-05-06 07:00:00,2026-07-05 07:00:00,Chemist Warehouse,Chemist Warehouse,{{product.name}},{{product.brand}},Shop now,DCO,https://www.chemistwarehouse.com.au/shop-online/2128/bio-island?utm_source=facebook&utm_medium=social&utm_campaign=au_cw_oa_facebook_social_jbxptyltd_bioisland_81_2026_100293-oa_video-image&utm_term=traffic&utm_content=video-image_all,www.chemistwarehouse.com.au,/shop-online/2128/bio-island,facebook,social,au_cw_oa_facebook_social_jbxptyltd_bioisland_81_2026_100293-oa_video-image,81,traffic,video-image_all,O&O,Jbxptyltd,Bioisland,2026,video-image,Supporting a healthy pregnancy,Bio Island DHA for Pregnancy supports a healthy pregnancy and maternal health.,Shop Now,https://scontent.ftgz4-1.fna.fbcdn.net/v/t39.35426-6/690634412_2463169300777106_7732025411437433183_n.jpg?_nc_cat=103&ccb=1-7&_nc_sid=c53f8f&_nc_ohc=RYt_C_BdB9AQ7kNvwElEWZ5&_nc_oc=AdpnKQ7Q3_s4GCTFfszAWPN3YOU8U0K3YYTzPTTMRI3BG4ejq8fOs3lx_-R2eKA6dmo&_nc_zt=14&_nc_ht=scontent.ftgz4-1.fna&_nc_gid=rueybQvGpReOgmNjsf88LQ&_nc_ss=7f180&oh=00_AQBs-GAj1eYyURN2zfbrF52Ti_Fvy2dMRxmuSZZMCczJCA&oe=6A50BA01,,"['FACEBOOK', 'INSTAGRAM', 'AUDIENCE_NETWORK', 'MESSENGER', 'THREADS']",au,cw,facebook,social,2026-W27,2026-07,"FACEBOOK, INSTAGRAM, AUDIENCE_NETWORK, MESSENGER, THREADS",True,True,True,True,True,False,Brand/Category Page,True,False,False,2026-07-06,2026-05-06 07:00:00,2026-07-06 16:23:53.030278,61
807203672462941,1443863660379842,True,2026-05-06 07:00:00,2026-07-05 07:00:00,Chemist Warehouse,Chemist Warehouse,{{product.name}},{{product.brand}},Shop now,DCO,https://www.chemistwarehouse.com.au/shop-online/2128/bio-island?utm_source=facebook&utm_medium=social&utm_campaign=au_cw_oa_facebook_social_jbxptyltd_bioisland_81_2026_100293-oa_video-image&utm_term=traffic&utm_content=video-image_all,www.chemistwarehouse.com.au,/shop-online/2128/bio-island,facebook,social,au_cw_oa_facebook_social_jbxptyltd_bioisland_81_2026_100293-oa_video-image,81,traffic,video-image_all,O&O,Jbxptyltd,Bioisland,2026,video-image,Healthy Eye Development,Bio Island VitaEyes for Children helps maintain healthy eye development and support eye health in children.,Shop Now,https://scontent.ftgz4-1.fna.fbcdn.net/v/t39.35426-6/693262126_833477203144864_1939203933577123748_n.jpg?_nc_cat=101&ccb=1-7&_nc_sid=c53f8f&_nc_ohc=bgvlJVz1ZvkQ7kNvwHdgn2Z&_nc_oc=AdqcE-8QJp99NHtKsuIksXHsNA54PzjCny8Z1w-wllmnMexohiMuWRhA5gsMLEGt0CY&_nc_zt=14&_nc_ht=scontent.ftgz4-1.fna&_nc_gid=rueybQvGpReOgmNjsf88LQ&_nc_ss=7f180&oh=00_AQBh8yHbYVNF94sdC8LZtTwJ0ls5Z_osomVVVNKWqzpQvQ&oe=6A50C078,,"['FACEBOOK', 'INSTAGRAM', 'AUDIENCE_NETWORK', 'MESSENGER', 'THREADS']",au,cw,facebook,social,2026-W27,2026-07,"FACEBOOK, INSTAGRAM, AUDIENCE_NETWORK, MESSENGER, THREADS",True,True,True,True,True,False,Brand/Category Page,True,False,False,2026-07-06,2026-05-06 07:00:00,2026-07-06 16:23:53.030278,61
942651148614194,1676234176900971,True,2026-05-05 07:00:00,2026-07-05 07:00:00,Chemist Warehouse,Chemist Warehouse,{{product.name}},{{product.brand}},Shop now,DCO,https://www.chemistwarehouse.com.au/shop-online/705617/got2b?utm_source=facebook&utm_medium=social&utm_campaign=au_cw_coop_facebook_social_henkelaustraliaptyltd_all_129_2026_100455-bau_image&utm_term=traffic&utm_content=image_got2b,www.chemistwarehouse.com.au,/shop-online/705617/got2b,facebook,social,au_cw_coop_facebook_social_henkelaustraliaptyltd_all_129_2026_100455-bau_image,129,traffic,image_got2b,Coop,Henkelaustraliaptyltd,All,2026,image,"Reset your style, ready to re-style!","got2b Un-Glued Styling Remover Foam, removes styling build up without washing. Gentle on scalp, and all hair types.",Shop Now,https://scontent.ftgz4-1.fna.fbcdn.net/v/t39.35426-6/686941020_1487114409861199_3332919513462306284_n.jpg?_nc_cat=110&ccb=1-7&_nc_sid=c53f8f&_nc_ohc=kqNEGxktebEQ7kNvwHgBL0f&_nc_oc=Adp7TZFzly_DjODQ_JEfy5yXPT_hDdwWpsMazdV2971umy8F7f5uwD8Kp9Mzbj0fFIQ&_nc_zt=14&_nc_ht=scontent.ftgz4-1.fna&_nc_gid=rueybQvGpReOgmNjsf88LQ&_nc_ss=7f180&oh=00_AQAjPwpd5eUn0yq1Oy2qjqdjMTqVdEDrpub2OArGIlUvPg&oe=6A50B135,,"['FACEBOOK', 'INSTAGRAM']",au,cw,facebook,social,2026-W27,2026-07,"FACEBOOK, INSTAGRAM",True,True,False,False,False,False,Brand/Category Page,True,False,False,2026-07-06,2026-05-05 07:00:00,2026-07-06 16:23:53.030278,62
1282247033498726,1346717163951978,True,2026-05-05 07:00:00,2026-07-05 07:00:00,Chemist Warehouse,Chemist Warehouse,{{product.name}},{{product.brand}},Shop now,DCO,https://www.chemistwarehouse.com.au/shop-online/705617/got2b?utm_source=facebook&utm_medium=social&utm_campaign=au_cw_coop_facebook_social_henkelaustraliaptyltd_all_129_2026_100455-bau_image&utm_term=traffic&utm_content=image_got2b,www.chemistwarehouse.com.au,/shop-online/705617/got2b,facebook,social,au_cw_coop_facebook_social_henkelaustraliaptyltd_all_129_2026_100455-bau_image,129,traffic,image_got2b,Coop,Henkelaustraliaptyltd,All,2026,image,Celebrate and Empower your Curls,"got2b Curlz, discover our new styling range for naturally wavy, curly & oily hair",Shop Now,https://scontent.ftgz4-1.fna.fbcdn.net/v/t39.35426-6/690886016_1803776090607741_8639943303893471373_n.jpg?_nc_cat=103&ccb=1-7&_nc_sid=c53f8f&_nc_ohc=Xv_62cpgJ7gQ7kNvwELgppT&_nc_oc=AdrGX_oaVafkpJLFP0Be-vynR22g2Bg6XU2ldrY0d6bnVkTJ9ugf7itvUk3SIpYpd6k&_nc_zt=14&_nc_ht=scontent.ftgz4-1.fna&_nc_gid=rueybQvGpReOgmNjsf88LQ&_nc_ss=7f180&oh=00_AQBo2pS_JpDRSF7dnJBIYsLY88OlVbPgiOMq3syvypxs4w&oe=6A50AD06,,"['FACEBOOK', 'INSTAGRAM']",au,cw,facebook,social,2026-W27,2026-07,"FACEBOOK, INSTAGRAM",True,True,False,False,False,False,Brand/Category Page,True,False,False,2026-07-06,2026-05-05 07:00:00,2026-07-06 16:23:53.030278,62
1347288060631174,988268463739808,True,2026-05-13 07:00:00,2026-07-05 07:00:00,Chemist Warehouse,Chemist Warehouse,Shop at Chemist Warehouse now,Shop NEW Blackmores Gut Immune at Chemist Warehouse now,Shop now,VIDEO,https://www.chemistwarehouse.com.au/shop-online/513/blackmores?category=Cold%2C%20Flu%20%26%20Immunity&utm_source=facebook&utm_medium=social&utm_campaign=au_cw_oa_facebook_social_blackmoreslimited_blackmores_81_may26_100474-oa_video-image&utm_term=traffic&utm_content=video-image_michael,www.chemistwarehouse.com.au,/shop-online/513/blackmores,facebook,social,au_cw_oa_facebook_social_blackmoreslimited_blackmores_81_may26_100474-oa_video-image,81,traffic,video-image_michael,O&O,Blackmoreslimited,Blackmores,may26,video-image,,,,,,"['FACEBOOK', 'INSTAGRAM', 'AUDIENCE_NETWORK', 'MESSENGER', 'THREADS']",au,cw,facebook,social,2026-W27,2026-07,"FACEBOOK, INSTAGRAM, AUDIENCE_NETWORK, MESSENGER, THREADS",True,True,True,True,True,False,Brand/Category Page,True,True,False,2026-07-06,2026-05-13 07:00:00,2026-07-06 16:23:53.030278,54
1501969288251779,1526338259085289,True,2026-05-13 07:00:00,2026-07-05 07:00:00,Chemist Warehouse,Chemist Warehouse,Shop at Chemist Warehouse now,Shop NEW Blackmores Gut Immune at Chemist Warehouse now,Shop now,VIDEO,https://www.chemistwarehouse.com.au/shop-online/513/blackmores?category=Cold%2C%20Flu%20%26%20Immunity&utm_source=facebook&utm_medium=social&utm_campaign=au_cw_oa_facebook_social_blackmoreslimited_blackmores_81_may26_100474-oa_video-image&utm_term=traffic&utm_content=video-image_brooke,www.chemistwarehouse.com.au,/shop-online/513/blackmores,facebook,social,au_cw_oa_facebook_social_blackmoreslimited_blackmores_81_may26_100474-oa_video-image,81,traffic,video-image_brooke,O&O,Blackmoreslimited,Blackmores,may26,video-image,,,,,,"['FACEBOOK', 'INSTAGRAM', 'AUDIENCE_NETWORK', 'MESSENGER', 'THREADS']",au,cw,facebook,social,2026-W27,2026-07,"FACEBOOK, INSTAGRAM, AUDIENCE_NETWORK, MESSENGER, THREADS",True,True,True,True,True,False,Brand/Category Page,True,True,False,2026-07-06,2026-05-13 07:00:00,2026-07-06 16:23:53.030278,54
1019331707109036,2812296312436847,True,2026-05-05 07:00:00,2026-07-04 07:00:00,Chemist Warehouse,Chemist Warehouse,Shop at Chemist Warehouse.,Shop Raw Protein at Chemist Warehouse.,Shop now,VIDEO,https://www.chemistwarehouse.com.au/shop-online/2646/amazonia-raw?utm_source=facebook&utm_medium=social&utm_campaign=au_cw_coop_facebook_social_amazoniagroup_amazonia_1255_2026_bau_dynamic&utm_term=traffic&utm_content=video-instore,www.chemistwarehouse.com.au,/shop-online/2646/amazonia-raw,facebook,social,au_cw_coop_facebook_social_amazoniagroup_amazonia_1255_2026_bau_dynamic,1255,traffic,video-instore,Coop,Amazoniagroup,Amazonia,2026,dynamic,,,,,,"['FACEBOOK', 'INSTAGRAM', 'MESSENGER']",au,cw,facebook,social,2026-W27,2026-07,"FACEBOOK, INSTAGRAM, MESSENGER",True,True,False,True,False,False,Brand/Category Page,True,True,False,2026-07-06,2026-05-05 07:00:00,2026-07-06 16:23:53.030278,62
1685659522670339,988268463739808,True,2026-05-13 07:00:00,2026-07-05 07:00:00,Chemist Warehouse,Chemist Warehouse,Shop at Chemist Warehouse now,Shop NEW Blackmores Gut Immune at Chemist Warehouse now,Shop now,VIDEO,https://www.chemistwarehouse.com.au/shop-online/513/blackmores?category=Cold%2C%20Flu%20%26%20Immunity&utm_source=facebook&utm_medium=social&utm_campaign=au_cw_oa_facebook_social_blackmoreslimited_blackmores_81_may26_100474-oa_video-image&utm_term=traffic&utm_content=video-image_michael,www.chemistwarehouse.com.au,/shop-online/513/blackmores,facebook,social,au_cw_oa_facebook_social_blackmoreslimited_blackmores_81_may26_100474-oa_video-image,81,traffic,video-image_michael,O&O,Blackmoreslimited,Blackmores,may26,video-image,,,,,,"['FACEBOOK', 'INSTAGRAM', 'AUDIENCE_NETWORK', 'MESSENGER', 'THREADS']",au,cw,facebook,social,2026-W27,2026-07,"FACEBOOK, INSTAGRAM, AUDIENCE_NETWORK, MESSENGER, THREADS",True,True,True,True,True,False,Brand/Category Page,True,True,False,2026-07-06,2026-05-13 07:00:00,2026-07-06 16:23:53.030278,54
1671119327373568,,True,2026-05-04 07:00:00,2026-07-05 07:00:00,Chemist Warehouse,Chemist Warehouse,"Cetaphil, For Everyone's Sensitive Skin",Skincare designed for sensitive skin and everyday use. Discover Cetaphil serum range at Chemist Warehouse.,Learn more,IMAGE,https://fb.com/canvas_doc/1339663821519191,fb.com,/canvas_doc/1339663821519191,,,,,,,Not Specified,,,,,,,,,,"['FACEBOOK', 'INSTAGRAM', 'AUDIENCE_NETWORK', 'MESSENGER', 'THREADS']",,,,,2026-W27,2026-07,"FACEBOOK, INSTAGRAM, AUDIENCE_NETWORK, MESSENGER, THREADS",True,True,True,True,True,False,Internal/App Page,True,True,False,2026-07-06,2026-05-04 07:00:00,2026-07-06 16:23:53.030278,63
953598790743442,1523199869200654,True,2026-05-04 07:00:00,2026-07-05 07:00:00,Chemist Warehouse,Chemist Warehouse,{{product.name}},{{product.brand}},Shop now,DCO,https://www.chemistwarehouse.com.au/search?query=Schwarzkopf%20full%20protect&contexts=default&utm_source=facebook&utm_medium=social&utm_campaign=au_cw_coop_facebook_social_henkelaustraliaptyltd_all_129_2026_100455-bau_image&utm_term=traffic&utm_content=image_extra-care,www.chemistwarehouse.com.au,/search,facebook,social,au_cw_coop_facebook_social_henkelaustraliaptyltd_all_129_2026_100455-bau_image,129,traffic,image_extra-care,Coop,Henkelaustraliaptyltd,All,2026,image,"Fuller, Stronger Hair","Schwarzkopf Extra Care Full Hair Protect Hair, infused with Caffeine & Peptides for fragile and weak hair",Shop Now,https://scontent.ftgz4-1.fna.fbcdn.net/v/t39.35426-6/689467340_962580133302066_9139549444152236601_n.jpg?_nc_cat=111&ccb=1-7&_nc_sid=c53f8f&_nc_ohc=FEuRPWfkpnkQ7kNvwGFPHNG&_nc_oc=Adrhl1Jx4PtC8KM6S6Gq9lnNkNWldTHeRKsFZ8umgIpJb40DeG_lrTsgI0NeUyNC2tw&_nc_zt=14&_nc_ht=scontent.ftgz4-1.fna&_nc_gid=rueybQvGpReOgmNjsf88LQ&_nc_ss=7f180&oh=00_AQCnbEqIaccw8oYWqqInc722zj5B2mUX1-MhJysFRzh3KQ&oe=6A50AAB6,,"['FACEBOOK', 'INSTAGRAM']",au,cw,facebook,social,2026-W27,2026-07,"FACEBOOK, INSTAGRAM",True,True,False,False,False,False,Search Page,True,False,False,2026-07-06,2026-05-04 07:00:00,2026-07-06 16:23:53.030278,63
1008079471717513,985496497461932,True,2026-05-12 07:00:00,2026-07-05 07:00:00,Chemist Warehouse,Chemist Warehouse,{{product.name}},{{product.brand}},Shop now,DCO,https://www.chemistwarehouse.com.au/buy/166706/jshealth-creatine-255g?utm_source=facebook&utm_medium=social&utm_campaign=au_cw_coop_facebook_social_jshealthvitamins_jshealth_81_2026_100007-bau_image&utm_term=conversion&utm_content=image_creatine,www.chemistwarehouse.com.au,/buy/166706/jshealth-creatine-255g,facebook,social,au_cw_coop_facebook_social_jshealthvitamins_jshealth_81_2026_100007-bau_image,81,conversion,image_creatine,Coop,Jshealthvitamins,Jshealth,2026,image,NEW! JSHEALTH CREATINE+,"NEW! 5g Creatine Monohydrate + Taurine + Choline
✅Helps metabolism of fat
✅Supports muscle strength
✅Supports memory recall",Shop Now,https://scontent.ftgz4-1.fna.fbcdn.net/v/t39.35426-6/699330931_2426199511180113_5196975762703356783_n.jpg?_nc_cat=104&ccb=1-7&_nc_sid=c53f8f&_nc_ohc=SSYbC1ar1xwQ7kNvwFWp739&_nc_oc=AdqluBg0aCWY50Mc6YDYxISxfFsukjXzlEPyu-7qn0lEJRrmi4ObPuGuwWQLs4LRN8k&_nc_zt=14&_nc_ht=scontent.ftgz4-1.fna&_nc_gid=ybLuV4WXpie3H3j4DGTSxw&_nc_ss=7f180&oh=00_AQCXevYZ9u_z1VmPwzy6Se7HjeCeBJd9nac5uf1CY0OPKw&oe=6A50A2B1,,"['FACEBOOK', 'INSTAGRAM', 'MESSENGER']",au,cw,facebook,social,2026-W27,2026-07,"FACEBOOK, INSTAGRAM, MESSENGER",True,True,False,True,False,False,SKU Product,True,False,False,2026-07-06,2026-05-12 07:00:00,2026-07-06 16:23:53.030278,55
1086842041185489,2063190221079100,True,2026-05-05 07:00:00,2026-07-05 07:00:00,Chemist Warehouse,Chemist Warehouse,{{product.name}},{{product.brand}},Shop now,DCO,https://www.chemistwarehouse.com.au/search?query=schwarzkopf%20brilliancce&contexts=default?utm_source=facebook&utm_medium=social&utm_campaign=au_cw_coop_facebook_social_henkelaustraliaptyltd_all_129_2026_100455-bau_image&utm_term=traffic&utm_content=image_brilliance,www.chemistwarehouse.com.au,/search,,social,au_cw_coop_facebook_social_henkelaustraliaptyltd_all_129_2026_100455-bau_image,129,traffic,image_brilliance,Coop,Henkelaustraliaptyltd,All,2026,image,Reviving Hair Colour & Shine,Bring your colour and shine back to life between salon visits with Brilliance Hair Gloss.,Shop Now,https://scontent.ftgz4-1.fna.fbcdn.net/v/t39.35426-6/691690145_1507463060886604_3113262809813394141_n.jpg?_nc_cat=103&ccb=1-7&_nc_sid=c53f8f&_nc_ohc=96MhUT6CUO0Q7kNvwEQbuLY&_nc_oc=AdqAbevwcrfhoFQhQ4RN8w_y8BoVsWlLgJB-3MMasw0ectLNBPewGSi1XGe8N-EPrQc&_nc_zt=14&_nc_ht=scontent.ftgz4-1.fna&_nc_gid=rueybQvGpReOgmNjsf88LQ&_nc_ss=7f180&oh=00_AQDlSYEIAqjb-PhBq9dzlMPtEvCzOsrrkhNaN-huZmiGLg&oe=6A509A7E,,"['FACEBOOK', 'INSTAGRAM']",au,cw,facebook,social,2026-W27,2026-07,"FACEBOOK, INSTAGRAM",True,True,False,False,False,False,Search Page,True,False,False,2026-07-06,2026-05-05 07:00:00,2026-07-06 16:23:53.030278,62
4342082292718056,1014942397628553,True,2026-05-12 07:00:00,2026-07-04 07:00:00,Chemist Warehouse,Chemist Warehouse,{{product.name}},{{product.brand}},Shop now,DCO,https://www.chemistwarehouse.com.au/buy/166706/jshealth-creatine-255g?utm_source=facebook&utm_medium=social&utm_campaign=au_cw_coop_facebook_social_jshealthvitamins_jshealth_81_2026_100007-bau_image&utm_term=conversion&utm_content=image_creatine,www.chemistwarehouse.com.au,/buy/166706/jshealth-creatine-255g,facebook,social,au_cw_coop_facebook_social_jshealthvitamins_jshealth_81_2026_100007-bau_image,81,conversion,image_creatine,Coop,Jshealthvitamins,Jshealth,2026,image,NEW! JSHEALTH CREATINE+,"NEW! 5g Creatine Monohydrate + Taurine + Choline
✅Helps metabolism of fat
✅Supports muscle strength
✅Supports memory recall",Shop Now,https://scontent.ftgz4-1.fna.fbcdn.net/v/t39.35426-6/700014548_1001278228990648_7883976621834824921_n.jpg?_nc_cat=105&ccb=1-7&_nc_sid=c53f8f&_nc_ohc=S3zPhfcCNNMQ7kNvwHb08M5&_nc_oc=AdpjMbNMuQw69P0GD5bMzlAEee_ehtk26oyhRKQijtEWB_NM4ipg-DH-fUidtkPhJRE&_nc_zt=14&_nc_ht=scontent.ftgz4-1.fna&_nc_gid=ybLuV4WXpie3H3j4DGTSxw&_nc_ss=7f180&oh=00_AQBfi6QvSnwMCTYdeEkKGR_4jTDkSZoBSUE9iV1bsgTnpw&oe=6A508B55,,"['FACEBOOK', 'INSTAGRAM', 'MESSENGER']",au,cw,facebook,social,2026-W27,2026-07,"FACEBOOK, INSTAGRAM, MESSENGER",True,True,False,True,False,False,SKU Product,True,False,False,2026-07-06,2026-05-12 07:00:00,2026-07-06 16:23:53.030278,55
970312635964321,4402303753430343,True,2026-05-13 07:00:00,2026-07-05 07:00:00,Chemist Warehouse,Chemist Warehouse,{{product.name}},{{product.brand}},Shop now,DCO,https://www.chemistwarehouse.com.au/buy/166706/jshealth-creatine-255g?utm_source=facebook&utm_medium=social&utm_campaign=au_cw_coop_facebook_social_jshealthvitamins_jshealth_81_2026_100007-bau_image&utm_term=conversion&utm_content=image_creatine,www.chemistwarehouse.com.au,/buy/166706/jshealth-creatine-255g,facebook,social,au_cw_coop_facebook_social_jshealthvitamins_jshealth_81_2026_100007-bau_image,81,conversion,image_creatine,Coop,Jshealthvitamins,Jshealth,2026,image,NEW! JSHEALTH CREATINE+,"NEW! 5g Creatine Monohydrate + Taurine + Choline
✅Helps metabolism of fat
✅Supports muscle strength
✅Supports memory recall",Shop Now,https://scontent.ftgz4-1.fna.fbcdn.net/v/t39.35426-6/699492299_1331713858860826_7455153724674160520_n.jpg?_nc_cat=107&ccb=1-7&_nc_sid=c53f8f&_nc_ohc=TPCnW3JuxuEQ7kNvwGek6FH&_nc_oc=AdpPkTTWMBTVpqew8I1YQlCefINu-4h9IoEiZ48R3Pm0YPM45H6myUiw5oxE1QA3KhE&_nc_zt=14&_nc_ht=scontent.ftgz4-1.fna&_nc_gid=ybLuV4WXpie3H3j4DGTSxw&_nc_ss=7f180&oh=00_AQBTJSqHSRVcmtsfqx2WTNGberzfD82LDbCGSWiKfd3u3g&oe=6A509E64,,"['FACEBOOK', 'INSTAGRAM', 'MESSENGER']",au,cw,facebook,social,2026-W27,2026-07,"FACEBOOK, INSTAGRAM, MESSENGER",True,True,False,True,False,False,SKU Product,True,False,False,2026-07-06,2026-05-13 07:00:00,2026-07-06 16:23:53.030278,54
4082377828563960,3423006067847896,True,2026-05-12 07:00:00,2026-07-05 07:00:00,Chemist Warehouse,Chemist Warehouse,Matrix x KATSEYE: Hair in motion.,Matrix x KATSEYE: Pro haircare that transforms every choreography into a stunning hairography. Stage-ready hair!,Learn more,VIDEO,https://www.chemistwarehouse.com.au/shop-online/1066/matrix?utm_source=facebook&utm_medium=social&utm_campaign=au_cw_coop_facebook_social_lorealprofessional_matrix_129_2026_100047-bau_image&utm_term=reach&utm_content=image_curly,www.chemistwarehouse.com.au,/shop-online/1066/matrix,facebook,social,au_cw_coop_facebook_social_lorealprofessional_matrix_129_2026_100047-bau_image,129,reach,image_curly,Coop,Lorealprofessional,Matrix,2026,image,,,,,,"['FACEBOOK', 'INSTAGRAM', 'AUDIENCE_NETWORK', 'WHATSAPP', 'THREADS']",au,cw,facebook,social,2026-W27,2026-07,"FACEBOOK, INSTAGRAM, AUDIENCE_NETWORK, WHATSAPP, THREADS",True,True,True,False,True,True,Brand/Category Page,True,False,False,2026-07-06,2026-05-12 07:00:00,2026-07-06 16:23:53.030278,55
2048717032691524,961689096854414,True,2026-05-13 07:00:00,2026-07-05 07:00:00,Chemist Warehouse,Chemist Warehouse,{{product.name}},{{product.brand}},Shop now,DCO,https://www.chemistwarehouse.com.au/buy/166706/jshealth-creatine-255g?utm_source=facebook&utm_medium=social&utm_campaign=au_cw_coop_facebook_social_jshealthvitamins_jshealth_81_2026_100007-bau_image&utm_term=conversion&utm_content=image_creatine,www.chemistwarehouse.com.au,/buy/166706/jshealth-creatine-255g,facebook,social,au_cw_coop_facebook_social_jshealthvitamins_jshealth_81_2026_100007-bau_image,81,conversion,image_creatine,Coop,Jshealthvitamins,Jshealth,2026,image,NEW! JSHEALTH CREATINE+,"NEW! 5g Creatine Monohydrate + Taurine + Choline
✅Helps metabolism of fat
✅Supports muscle strength
✅Supports memory recall",Shop Now,https://scontent.ftgz4-1.fna.fbcdn.net/v/t39.35426-6/698434896_1471150047446278_976675696039007752_n.jpg?_nc_cat=102&ccb=1-7&_nc_sid=c53f8f&_nc_ohc=MvMDup2tNnsQ7kNvwGwpvxZ&_nc_oc=AdrHdwx0lMJYx4IeG0uO6If9HxRuskRZkApLWjohYUhWTbj2wC0QT1HqQrs5JKbNCqU&_nc_zt=14&_nc_ht=scontent.ftgz4-1.fna&_nc_gid=ybLuV4WXpie3H3j4DGTSxw&_nc_ss=7f180&oh=00_AQCpAN2MCEn1ulA8x6l_5kldYYTmhI7A_wEJdPL8BKHU5Q&oe=6A509120,,"['FACEBOOK', 'INSTAGRAM', 'MESSENGER']",au,cw,facebook,social,2026-W27,2026-07,"FACEBOOK, INSTAGRAM, MESSENGER",True,True,False,True,False,False,SKU Product,True,False,False,2026-07-06,2026-05-13 07:00:00,2026-07-06 16:23:53.030278,54
1878580312847921,2260871374718010,True,2026-05-04 07:00:00,2026-07-05 07:00:00,Chemist Warehouse,Chemist Warehouse,{{product.name}},{{product.brand}},Learn more,DCO,https://www.chemistwarehouse.com.au/shop-online/705628/oli6?utm_source=facebook&utm_medium=social&utm_campaign=au_cw_coop_facebook_social_nuchevptyltd_oli6_20_2026_100001-bau_carousel-video&utm_term=traffic&utm_content=carousel-video_static,www.chemistwarehouse.com.au,/shop-online/705628/oli6,facebook,social,au_cw_coop_facebook_social_nuchevptyltd_oli6_20_2026_100001-bau_carousel-video,20,traffic,carousel-video_static,Coop,Nuchevptyltd,Oli6,2026,carousel-video,Goat Milk. Gentle Relief.,Naturally A2 Protein. Goat Milk nutrition easier on little tummies.,Learn More,https://scontent.ftgz4-1.fna.fbcdn.net/v/t39.35426-6/688904242_1446325947296408_8976737769711733008_n.jpg?_nc_cat=108&ccb=1-7&_nc_sid=c53f8f&_nc_ohc=LKMtAFabtCIQ7kNvwHNPLpU&_nc_oc=Adqeb99gMUXg5wCe-rlLOjmS2w5scr-LSWILBcv5ItfWfcXSX_n3f-KZxANRZL9qbNw&_nc_zt=14&_nc_ht=scontent.ftgz4-1.fna&_nc_gid=rueybQvGpReOgmNjsf88LQ&_nc_ss=7f180&oh=00_AQCDveyOqK5isHjTlckUtKCATzUSoHaGP9OYEHEp_NEH4w&oe=6A50C2EF,,"['FACEBOOK', 'INSTAGRAM', 'MESSENGER', 'THREADS']",au,cw,facebook,social,2026-W27,2026-07,"FACEBOOK, INSTAGRAM, MESSENGER, THREADS",True,True,False,True,True,False,Brand/Category Page,True,False,False,2026-07-06,2026-05-04 07:00:00,2026-07-06 16:23:53.030278,63
1092533500613841,1436269114922832,True,2026-05-04 07:00:00,2026-07-05 07:00:00,Chemist Warehouse,Chemist Warehouse,{{product.name}},{{product.brand}},Shop now,DCO,https://www.chemistwarehouse.com.au/search?query=schwarzkopf%20creme%20supreme&contexts=default&utm_source=facebook&utm_medium=social&utm_campaign=au_cw_coop_facebook_social_henkelaustraliaptyltd_all_129_2026_100455-bau_image&utm_term=traffic&utm_content=image_creme-supreme,www.chemistwarehouse.com.au,/search,facebook,social,au_cw_coop_facebook_social_henkelaustraliaptyltd_all_129_2026_100455-bau_image,129,traffic,image_creme-supreme,Coop,Henkelaustraliaptyltd,All,2026,image,New Caring Colouration,"New Schwarzkopf Creme Supreme Permanent Hair Dye, 3-Step Bonding Caring Colour Creme for Long Lasting Grey Coverage",Shop Now,https://scontent.ftgz4-1.fna.fbcdn.net/v/t39.35426-6/691001352_1548287033335783_7745333890431116126_n.jpg?_nc_cat=105&ccb=1-7&_nc_sid=c53f8f&_nc_ohc=rKAGgKMZS2YQ7kNvwFP3Ju5&_nc_oc=AdqVapCmymNfo7RAnhti2du_wKjPaPwli0GOOhX32e2eTqfzIWveqEd_NkRLXzDxZfw&_nc_zt=14&_nc_ht=scontent.ftgz4-1.fna&_nc_gid=rueybQvGpReOgmNjsf88LQ&_nc_ss=7f180&oh=00_AQDcaP42o8250KWDtmL0-twM-e5aC3J9YXxkUzBB2vtDgQ&oe=6A509248,,"['FACEBOOK', 'INSTAGRAM']",au,cw,facebook,social,2026-W27,2026-07,"FACEBOOK, INSTAGRAM",True,True,False,False,False,False,Search Page,True,False,False,2026-07-06,2026-05-04 07:00:00,2026-07-06 16:23:53.030278,63
2429256020910637,1633200058012679,True,2026-05-04 07:00:00,2026-07-03 07:00:00,Chemist Warehouse,Chemist Warehouse,{{product.name}},{{product.brand}},Learn more,DCO,https://www.chemistwarehouse.com.au/shop-online/705628/oli6?utm_source=facebook&utm_medium=social&utm_campaign=au_cw_coop_facebook_social_nuchevptyltd_oli6_20_2026_100001-bau_carousel-video&utm_term=traffic&utm_content=carousel-video_video-4,www.chemistwarehouse.com.au,/shop-online/705628/oli6,facebook,social,au_cw_coop_facebook_social_nuchevptyltd_oli6_20_2026_100001-bau_carousel-video,20,traffic,carousel-video_video-4,Coop,Nuchevptyltd,Oli6,2026,carousel-video,Real Support for Real Life,"Naturally vanilla, easy to mix, gentle on tummies. Nutrition made for busy families.
Food for special medical purposes. Must be used under medical supervision.",Learn More,,https://video.ftgz4-1.fna.fbcdn.net/o1/v/t2/f2/m366/AQNEAUX58CuAfHJbM9-lrPACNBBgafSo0igC-MTl1bfAZJQNHAh8S1BPxlkX5dxKIGHZBnV0KZ_0FFHZv7ztRNsebMjODJErR8FcDTX-NPEo7g.mp4?_nc_cat=105&_nc_oc=Adoa9tRFXH7_EbT03IPYOPXkDIyNDW3JIA1Ud-R4o2hI5LOTeYhFXleWyg1jUOXGI70&_nc_sid=b66105&_nc_ht=video.ftgz4-1.fna.fbcdn.net&_nc_ohc=NSQxfjHs29sQ7kNvwEFOcCu&efg=eyJ2ZW5jb2RlX3RhZyI6Inhwdl9wcm9ncmVzc2l2ZS5WSV9VU0VDQVNFX1BST0RVQ1RfVFlQRS4uQzMuNzIwLmRhc2hfaDI2NC1iYXNpYy1nZW4yXzcyMHAiLCJ4cHZfYXNzZXRfaWQiOjEzMDgwMzIxMTEyOTI1NDAsImFzc2V0X2FnZV9kYXlzIjo2MSwidmlfdXNlY2FzZV9pZCI6MTA3OTksImR1cmF0aW9uX3MiOjYsInVybGdlbl9zb3VyY2UiOiJ3d3cifQ%3D%3D&ccb=17-1&vs=7fc74b71a7fd8bb8&_nc_vs=HBksFQIYRWZiX2VwaGVtZXJhbC8zMzQxODYzOUMzRUMzNUFFN0FBODg1MTU2OUY3OUVBRl9tdF8xX3ZpZGVvX2Rhc2hpbml0Lm1wNBUAAsgBEgAVAhhAZmJfcGVybWFuZW50L0FFNDY0QkJCQkE3QkYzRkZFQkE1RTJCRDFGRjQ1NkJCX2F1ZGlvX2Rhc2hpbml0Lm1wNBUCAsgBEgAoABgAGwKIB3VzZV9vaWwBMRJwcm9ncmVzc2l2ZV9yZWNpcGUBMRUAACb4wcnVvunSBBUCKAJDMywXQBgAAAAAAAAYGWRhc2hfaDI2NC1iYXNpYy1nZW4yXzcyMHARAHUAZd6oAQA&_nc_gid=rueybQvGpReOgmNjsf88LQ&_nc_ss=7f180&_nc_zt=28&oh=00_AQBnaqt4iEhatOS_nIM7JEMmDsAZvJlQtQVqDsyQLbW9cw&oe=6A509277,"['FACEBOOK', 'INSTAGRAM', 'MESSENGER', 'THREADS']",au,cw,facebook,social,2026-W27,2026-07,"FACEBOOK, INSTAGRAM, MESSENGER, THREADS",True,True,False,True,True,False,Brand/Category Page,True,False,False,2026-07-06,2026-05-04 07:00:00,2026-07-06 16:23:53.030278,63
816318781166976,1005846095153675,True,2026-05-04 07:00:00,2026-07-05 07:00:00,Chemist Warehouse,Chemist Warehouse,{{product.name}},{{product.brand}},Learn more,DCO,https://www.chemistwarehouse.com.au/shop-online/705628/oli6?utm_source=facebook&utm_medium=social&utm_campaign=au_cw_coop_facebook_social_nuchevptyltd_oli6_20_2026_100001-bau_carousel-video&utm_term=traffic&utm_content=carousel-video_static,www.chemistwarehouse.com.au,/shop-online/705628/oli6,facebook,social,au_cw_coop_facebook_social_nuchevptyltd_oli6_20_2026_100001-bau_carousel-video,20,traffic,carousel-video_static,Coop,Nuchevptyltd,Oli6,2026,carousel-video,Goat Milk. Gentle Relief.,Naturally A2 Protein. Goat Milk nutrition easier on little tummies.,Learn More,https://scontent.ftgz4-1.fna.fbcdn.net/v/t39.35426-6/687039743_826739443822227_768571941937856311_n.jpg?_nc_cat=101&ccb=1-7&_nc_sid=c53f8f&_nc_ohc=Ot95HakJfcgQ7kNvwHVRf8V&_nc_oc=Adq0P5gqRAXI3GRkzOsBuAEuxlq0l7ZyovAvm_ucWaPyxXV9guIRNjiU0bW0NAhE_Dc&_nc_zt=14&_nc_ht=scontent.ftgz4-1.fna&_nc_gid=rueybQvGpReOgmNjsf88LQ&_nc_ss=7f180&oh=00_AQBDCQzZrr9IBRi57DBYTVLXENdaFlYMwHirhY_tz2mkpQ&oe=6A50981B,,"['FACEBOOK', 'INSTAGRAM', 'MESSENGER', 'THREADS']",au,cw,facebook,social,2026-W27,2026-07,"FACEBOOK, INSTAGRAM, MESSENGER, THREADS",True,True,False,True,True,False,Brand/Category Page,True,False,False,2026-07-06,2026-05-04 07:00:00,2026-07-06 16:23:53.030278,63
1978177189456565,1737498010955672,True,2026-05-04 07:00:00,2026-07-05 07:00:00,Chemist Warehouse,Chemist Warehouse,{{product.name}},{{product.brand}},Learn more,DCO,https://www.chemistwarehouse.com.au/shop-online/705628/oli6?utm_source=facebook&utm_medium=social&utm_campaign=au_cw_coop_facebook_social_nuchevptyltd_oli6_20_2026_100001-bau_carousel-video&utm_term=traffic&utm_content=carousel-video_static,www.chemistwarehouse.com.au,/shop-online/705628/oli6,facebook,social,au_cw_coop_facebook_social_nuchevptyltd_oli6_20_2026_100001-bau_carousel-video,20,traffic,carousel-video_static,Coop,Nuchevptyltd,Oli6,2026,carousel-video,Goat Milk. Gentle Relief.,Naturally A2 Protein. Goat Milk nutrition easier on little tummies.,Learn More,https://scontent.ftgz4-1.fna.fbcdn.net/v/t39.35426-6/690650455_4825427241018311_1170743132917936455_n.jpg?_nc_cat=109&ccb=1-7&_nc_sid=c53f8f&_nc_ohc=Yc8cy1hC3I0Q7kNvwG_PCbj&_nc_oc=AdoqrKbTMHbODGnCFiMGrWFIx9CzFQj33iMgXmjSLnRD5qFMmXLBGjhW58pcybggz4o&_nc_zt=14&_nc_ht=scontent.ftgz4-1.fna&_nc_gid=rueybQvGpReOgmNjsf88LQ&_nc_ss=7f180&oh=00_AQDuEngkDLujKDmzb5-SF8FHBXhlnrVx7D2yOepcPx0vHA&oe=6A50973D,,"['FACEBOOK', 'INSTAGRAM', 'MESSENGER', 'THREADS']",au,cw,facebook,social,2026-W27,2026-07,"FACEBOOK, INSTAGRAM, MESSENGER, THREADS",True,True,False,True,True,False,Brand/Category Page,True,False,False,2026-07-06,2026-05-04 07:00:00,2026-07-06 16:23:53.030278,63
941882385409501,26745277655111345,True,2026-05-04 07:00:00,2026-07-05 07:00:00,Chemist Warehouse,Chemist Warehouse,Marine Collagen Peptides,"Pure, potent and simple to use. Add Vida Glow Natural Marine Collagen to your routine to support skin elasticity and hydration.",Shop now,VIDEO,https://www.chemistwarehouse.com.au/shop-online/705653/vida-glow?utm_source=facebook&utm_medium=social&utm_campaign=au_cw_coop_facebook_social_vidaglow_vidaglow_81_2026_100167-bau_video-image&utm_term=traffic&utm_content=video-image_instore-video,www.chemistwarehouse.com.au,/shop-online/705653/vida-glow,facebook,social,au_cw_coop_facebook_social_vidaglow_vidaglow_81_2026_100167-bau_video-image,81,traffic,video-image_instore-video,Coop,Vidaglow,Vidaglow,2026,video-image,,,,,,"['FACEBOOK', 'INSTAGRAM', 'THREADS']",au,cw,facebook,social,2026-W27,2026-07,"FACEBOOK, INSTAGRAM, THREADS",True,True,False,False,True,False,Brand/Category Page,True,False,False,2026-07-06,2026-05-04 07:00:00,2026-07-06 16:23:53.030278,63
1638982337311751,,True,2026-05-10 07:00:00,2026-07-05 07:00:00,Chemist Warehouse,Chemist Warehouse,Relieve inflammation & Support cardiovascular system health,"Soothe & Support. Traditionally used in herbal medicine to relieve inflammation and cough, Feel the difference.",Learn more,IMAGE,https://fb.com/canvas_doc/1259499519482851,fb.com,/canvas_doc/1259499519482851,,,,,,,Not Specified,,,,,,,,,,"['FACEBOOK', 'INSTAGRAM', 'AUDIENCE_NETWORK', 'MESSENGER', 'THREADS']",,,,,2026-W27,2026-07,"FACEBOOK, INSTAGRAM, AUDIENCE_NETWORK, MESSENGER, THREADS",True,True,True,True,True,False,Internal/App Page,True,False,False,2026-07-06,2026-05-10 07:00:00,2026-07-06 16:23:53.030278,57
1390359152903766,,True,2026-05-10 07:00:00,2026-07-05 07:00:00,Chemist Warehouse,Chemist Warehouse,Start Immune Support with the good Leaf,Your Immune Defense. Start Immune Support with the good Leaf! Traditionally used in herbal medicine to support healthy immunity.,Learn more,IMAGE,https://fb.com/canvas_doc/1651847252726452,fb.com,/canvas_doc/1651847252726452,,,,,,,Not Specified,,,,,,,,,,"['FACEBOOK', 'INSTAGRAM', 'AUDIENCE_NETWORK', 'MESSENGER', 'THREADS']",,,,,2026-W27,2026-07,"FACEBOOK, INSTAGRAM, AUDIENCE_NETWORK, MESSENGER, THREADS",True,True,True,True,True,False,Internal/App Page,True,False,False,2026-07-06,2026-05-10 07:00:00,2026-07-06 16:23:53.030278,57
3969787563163203,,True,2026-05-11 07:00:00,2026-07-05 07:00:00,Chemist Warehouse,Chemist Warehouse,Start Immune Support with the good Leaf,Your Immune Defense. Start Immune Support with the good Leaf! Traditionally used in herbal medicine to support healthy immunity.,Learn more,IMAGE,https://fb.com/canvas_doc/1837545224074315,fb.com,/canvas_doc/1837545224074315,,,,,,,Not Specified,,,,,,,,,,"['FACEBOOK', 'INSTAGRAM', 'AUDIENCE_NETWORK', 'MESSENGER', 'THREADS']",,,,,2026-W27,2026-07,"FACEBOOK, INSTAGRAM, AUDIENCE_NETWORK, MESSENGER, THREADS",True,True,True,True,True,False,Internal/App Page,True,False,False,2026-07-06,2026-05-11 07:00:00,2026-07-06 16:23:53.030278,56
1324742463048209,1712851593223792,True,2026-05-03 07:00:00,2026-07-05 07:00:00,Chemist Warehouse,Chemist Warehouse,{{product.name}},{{product.brand}},Shop now,DCO,https://www.chemistwarehouse.com.au/shop-online/3144/optimum-nutrition?utm_source=facebook&utm_medium=social&utm_campaign=au_cw_coop_facebook_social_glanbiaperformancenutrition_optimumnutrition_1255_2026_bau_dynamic_100079&utm_term=traffic&utm_content=harley-reid,www.chemistwarehouse.com.au,/shop-online/3144/optimum-nutrition,facebook,social,au_cw_coop_facebook_social_glanbiaperformancenutrition_optimumnutrition_1255_2026_bau_dynamic_100079,1255,traffic,harley-reid,Coop,Glanbiaperformancenutrition,Optimumnutrition,2026,100079,Get The Optimum Advantage,"Hamiso ""The Hammer"" Will Do Anything To Keep The Optimum Advantage To Himself 💪",Shop Now,,https://video.ftgz4-1.fna.fbcdn.net/o1/v/t2/f2/m366/AQNrSUH6guu5oSP1WFo_tsx7AMSwWCDYLPizxaw7epjtKpzHaV1qrayrwwzTYFNs71gaoknQrr1u_u7ma4b2hVWWlsyhsxKeDdz37fE6Aw8MBQ.mp4?_nc_cat=110&_nc_oc=Adrh1MIaG1p9_0atT-byEmrt32HqEajFJr70AfhX6ukpkwUU7C_IkdU_8y_F004TNJQ&_nc_sid=b66105&_nc_ht=video.ftgz4-1.fna.fbcdn.net&_nc_ohc=qUILkLxhq0cQ7kNvwF83k4P&efg=eyJ2ZW5jb2RlX3RhZyI6Inhwdl9wcm9ncmVzc2l2ZS5WSV9VU0VDQVNFX1BST0RVQ1RfVFlQRS4uQzMuNzIwLmRhc2hfaDI2NC1iYXNpYy1nZW4yXzcyMHAiLCJ4cHZfYXNzZXRfaWQiOjkyNjAxODI4MDMwNzE0MSwiYXNzZXRfYWdlX2RheXMiOjc0LCJ2aV91c2VjYXNlX2lkIjoxMDEzOSwiZHVyYXRpb25fcyI6MzIsInVybGdlbl9zb3VyY2UiOiJ3d3cifQ%3D%3D&ccb=17-1&vs=faa2c50d0de2cf8e&_nc_vs=HBksFQIYRWZiX2VwaGVtZXJhbC9DRDRERTk4RjMzMDI0ODlEOTM4MUYwNDFDRUJDMzg4Nl9tdF8xX3ZpZGVvX2Rhc2hpbml0Lm1wNBUAAsgBEgAVAhhAZmJfcGVybWFuZW50L0Q0NEFGNDZCOEMyN0U3QzFDNkI3RjUxNEQxOUMyNEIxX2F1ZGlvX2Rhc2hpbml0Lm1wNBUCAsgBEgAoABgAGwKIB3VzZV9vaWwBMRJwcm9ncmVzc2l2ZV9yZWNpcGUBMRUAACaK57nqrY2lAxUCKAJDMywXQEAPO2RaHKwYGWRhc2hfaDI2NC1iYXNpYy1nZW4yXzcyMHARAHUAZbaeAQA&_nc_gid=ntR9s_JLrLf86yPNISWgRg&_nc_ss=7f180&_nc_zt=28&oh=00_AQCPlmt_UTj64rsV0OzUK4FGPNHLMyNLALq_suRueCJCwA&oe=6A509546,"['FACEBOOK', 'INSTAGRAM', 'AUDIENCE_NETWORK', 'MESSENGER', 'THREADS']",au,cw,facebook,social,2026-W27,2026-07,"FACEBOOK, INSTAGRAM, AUDIENCE_NETWORK, MESSENGER, THREADS",True,True,True,True,True,False,Brand/Category Page,True,False,False,2026-07-06,2026-05-03 07:00:00,2026-07-06 16:23:53.030278,64
4004367129863403,1712851593223792,True,2026-05-03 07:00:00,2026-07-05 07:00:00,Chemist Warehouse,Chemist Warehouse,{{product.name}},{{product.brand}},Shop now,DCO,https://www.chemistwarehouse.com.au/shop-online/3144/optimum-nutrition?utm_source=facebook&utm_medium=social&utm_campaign=au_cw_coop_facebook_social_glanbiaperformancenutrition_optimumnutrition_1255_2026_bau_dynamic_100079&utm_term=traffic&utm_content=harley-reid,www.chemistwarehouse.com.au,/shop-online/3144/optimum-nutrition,facebook,social,au_cw_coop_facebook_social_glanbiaperformancenutrition_optimumnutrition_1255_2026_bau_dynamic_100079,1255,traffic,harley-reid,Coop,Glanbiaperformancenutrition,Optimumnutrition,2026,100079,Get The Optimum Advantage,"Hamiso ""The Hammer"" Will Do Anything To Keep The Optimum Advantage To Himself 💪",Shop Now,,https://video.ftgz4-1.fna.fbcdn.net/o1/v/t2/f2/m366/AQNrSUH6guu5oSP1WFo_tsx7AMSwWCDYLPizxaw7epjtKpzHaV1qrayrwwzTYFNs71gaoknQrr1u_u7ma4b2hVWWlsyhsxKeDdz37fE6Aw8MBQ.mp4?_nc_cat=110&_nc_oc=Adrh1MIaG1p9_0atT-byEmrt32HqEajFJr70AfhX6ukpkwUU7C_IkdU_8y_F004TNJQ&_nc_sid=b66105&_nc_ht=video.ftgz4-1.fna.fbcdn.net&_nc_ohc=qUILkLxhq0cQ7kNvwF83k4P&efg=eyJ2ZW5jb2RlX3RhZyI6Inhwdl9wcm9ncmVzc2l2ZS5WSV9VU0VDQVNFX1BST0RVQ1RfVFlQRS4uQzMuNzIwLmRhc2hfaDI2NC1iYXNpYy1nZW4yXzcyMHAiLCJ4cHZfYXNzZXRfaWQiOjkyNjAxODI4MDMwNzE0MSwiYXNzZXRfYWdlX2RheXMiOjc0LCJ2aV91c2VjYXNlX2lkIjoxMDEzOSwiZHVyYXRpb25fcyI6MzIsInVybGdlbl9zb3VyY2UiOiJ3d3cifQ%3D%3D&ccb=17-1&vs=faa2c50d0de2cf8e&_nc_vs=HBksFQIYRWZiX2VwaGVtZXJhbC9DRDRERTk4RjMzMDI0ODlEOTM4MUYwNDFDRUJDMzg4Nl9tdF8xX3ZpZGVvX2Rhc2hpbml0Lm1wNBUAAsgBEgAVAhhAZmJfcGVybWFuZW50L0Q0NEFGNDZCOEMyN0U3QzFDNkI3RjUxNEQxOUMyNEIxX2F1ZGlvX2Rhc2hpbml0Lm1wNBUCAsgBEgAoABgAGwKIB3VzZV9vaWwBMRJwcm9ncmVzc2l2ZV9yZWNpcGUBMRUAACaK57nqrY2lAxUCKAJDMywXQEAPO2RaHKwYGWRhc2hfaDI2NC1iYXNpYy1nZW4yXzcyMHARAHUAZbaeAQA&_nc_gid=ntR9s_JLrLf86yPNISWgRg&_nc_ss=7f180&_nc_zt=28&oh=00_AQCPlmt_UTj64rsV0OzUK4FGPNHLMyNLALq_suRueCJCwA&oe=6A509546,"['FACEBOOK', 'INSTAGRAM', 'AUDIENCE_NETWORK', 'MESSENGER', 'THREADS']",au,cw,facebook,social,2026-W27,2026-07,"FACEBOOK, INSTAGRAM, AUDIENCE_NETWORK, MESSENGER, THREADS",True,True,True,True,True,False,Brand/Category Page,True,False,False,2026-07-06,2026-05-03 07:00:00,2026-07-06 16:23:53.030278,64
2801302790223102,,True,2026-05-10 07:00:00,2026-07-05 07:00:00,Chemist Warehouse,Chemist Warehouse,Start Immune Support with the good Leaf,Your Immune Defense. Start Immune Support with the good Leaf! Traditionally used in herbal medicine to support healthy immunity.,Learn more,IMAGE,https://fb.com/canvas_doc/1587673145682489,fb.com,/canvas_doc/1587673145682489,,,,,,,Not Specified,,,,,,,,,,"['FACEBOOK', 'INSTAGRAM', 'AUDIENCE_NETWORK', 'MESSENGER', 'THREADS']",,,,,2026-W27,2026-07,"FACEBOOK, INSTAGRAM, AUDIENCE_NETWORK, MESSENGER, THREADS",True,True,True,True,True,False,Internal/App Page,True,False,False,2026-07-06,2026-05-10 07:00:00,2026-07-06 16:23:53.030278,57
4318117051795826,26581293868180070,True,2026-05-03 07:00:00,2026-07-05 07:00:00,Chemist Warehouse,Chemist Warehouse,Get The Optimum Advantage,Harley Reid Will Do Anything To Keep the Optimum Advantage To Himself 💪,Shop now,VIDEO,https://fb.com/canvas_doc/26186229427740182,fb.com,/canvas_doc/26186229427740182,,,,,,,Not Specified,,,,,,,,,,"['FACEBOOK', 'INSTAGRAM', 'AUDIENCE_NETWORK', 'MESSENGER', 'THREADS']",,,,,2026-W27,2026-07,"FACEBOOK, INSTAGRAM, AUDIENCE_NETWORK, MESSENGER, THREADS",True,True,True,True,True,False,Internal/App Page,True,False,False,2026-07-06,2026-05-03 07:00:00,2026-07-06 16:23:53.030278,64
3461855723980578,1247483987150033,True,2026-05-03 07:00:00,2026-07-05 07:00:00,Chemist Warehouse,Chemist Warehouse,Get The Optimum Advantage,"Hamiso ""The Hammer"" Will Do Anything To Keep The Optimum Advantage To Himself 💪",Shop now,VIDEO,https://fb.com/canvas_doc/1491982315984268,fb.com,/canvas_doc/1491982315984268,,,,,,,Not Specified,,,,,,,,,,"['FACEBOOK', 'INSTAGRAM', 'AUDIENCE_NETWORK', 'MESSENGER', 'THREADS']",,,,,2026-W27,2026-07,"FACEBOOK, INSTAGRAM, AUDIENCE_NETWORK, MESSENGER, THREADS",True,True,True,True,True,False,Internal/App Page,True,False,False,2026-07-06,2026-05-03 07:00:00,2026-07-06 16:23:53.030278,64
956971250420615,1198220435615847,True,2026-05-03 07:00:00,2026-07-05 07:00:00,Chemist Warehouse,Chemist Warehouse,{{product.name}},{{product.brand}},Shop now,DCO,https://www.chemistwarehouse.com.au/shop-online/3144/optimum-nutrition?utm_source=facebook&utm_medium=social&utm_campaign=au_cw_coop_facebook_social_glanbiaperformancenutrition_optimumnutrition_1255_2026_bau_dynamic_100079&utm_term=traffic&utm_content=harley-reid,www.chemistwarehouse.com.au,/shop-online/3144/optimum-nutrition,facebook,social,au_cw_coop_facebook_social_glanbiaperformancenutrition_optimumnutrition_1255_2026_bau_dynamic_100079,1255,traffic,harley-reid,Coop,Glanbiaperformancenutrition,Optimumnutrition,2026,100079,Get The Optimum Advantage,Harley Reid Will Do Anything To Keep the Optimum Advantage To Himself 💪,Shop Now,,https://video.ftgz4-1.fna.fbcdn.net/o1/v/t2/f2/m366/AQPCIwihwPWNdbekJkkq59XtTQyX6Kt3yeLZaj_IZng0Z2CZjZq7XlvIKpndVXhBR3xy1R4b83ehnPWq993mnoq8BxCQNFkHEMRYog7E0aMVtg.mp4?_nc_cat=102&_nc_oc=Adrng9ix7wfikrnPNYj3OBT5xnlRuOzlEfERxV6Km-FhkKCGlPbGRs7z3fLLfM_dybE&_nc_sid=b66105&_nc_ht=video.ftgz4-1.fna.fbcdn.net&_nc_ohc=WdDVotT_v48Q7kNvwFqcPsl&efg=eyJ2ZW5jb2RlX3RhZyI6Inhwdl9wcm9ncmVzc2l2ZS5WSV9VU0VDQVNFX1BST0RVQ1RfVFlQRS4uQzMuNzIwLmRhc2hfaDI2NC1iYXNpYy1nZW4yXzcyMHAiLCJ4cHZfYXNzZXRfaWQiOjIyMzc2ODIyODcwMDEzNjAsImFzc2V0X2FnZV9kYXlzIjo3NCwidmlfdXNlY2FzZV9pZCI6MTA3OTksImR1cmF0aW9uX3MiOjI1LCJ1cmxnZW5fc291cmNlIjoid3d3In0%3D&ccb=17-1&vs=f813eafa4554b150&_nc_vs=HBksFQIYRWZiX2VwaGVtZXJhbC8xOTQxMDhCNkI3NTU2NUQwQkMwN0VFMENGN0EwRDBBRF9tdF8xX3ZpZGVvX2Rhc2hpbml0Lm1wNBUAAsgBEgAVAhhAZmJfcGVybWFuZW50L0U1NDgxQzE4QTE2RTk3REY3ODJERjA2QTUyOUNCRTlCX2F1ZGlvX2Rhc2hpbml0Lm1wNBUCAsgBEgAoABgAGwKIB3VzZV9vaWwBMRJwcm9ncmVzc2l2ZV9yZWNpcGUBMRUAACag_LGdoMr5BxUCKAJDMywXQDkUeuFHrhQYGWRhc2hfaDI2NC1iYXNpYy1nZW4yXzcyMHARAHUAZd6oAQA&_nc_gid=ntR9s_JLrLf86yPNISWgRg&_nc_ss=7f180&_nc_zt=28&oh=00_AQAKGtTOcM33CbuAjJ5gLIaGtMcl3EoZUnNgtlWZJ20zAw&oe=6A50AD12,"['FACEBOOK', 'INSTAGRAM', 'AUDIENCE_NETWORK', 'MESSENGER', 'THREADS']",au,cw,facebook,social,2026-W27,2026-07,"FACEBOOK, INSTAGRAM, AUDIENCE_NETWORK, MESSENGER, THREADS",True,True,True,True,True,False,Brand/Category Page,True,False,False,2026-07-06,2026-05-03 07:00:00,2026-07-06 16:23:53.030278,64
4521766391402364,1671240047396467,True,2026-04-30 07:00:00,2026-07-05 07:00:00,Chemist Warehouse,Chemist Warehouse,{{product.name}},{{product.brand}},Learn more,DCO,https://www.chemistwarehouse.com.au/buy/161002/naturopathica-sb-gastro-60-capsules?utm_source=facebook&utm_medium=social&utm_campaign=au_cw_coop_facebook_social_pharmacarelaboratories_gastrohealth_81_2026_100284-bau_video-image&utm_term=traffic&utm_content=video-image_static-image,www.chemistwarehouse.com.au,/buy/161002/naturopathica-sb-gastro-60-capsules,facebook,social,au_cw_coop_facebook_social_pharmacarelaboratories_gastrohealth_81_2026_100284-bau_video-image,81,traffic,video-image_static-image,Coop,Pharmacarelaboratories,Gastrohealth,2026,video-image,Travel Smart... Gastro SB,"Get your gut ready with Gastro SB, don't let traveller's diarrhoea slow you down.",Learn More,https://scontent.ftgz4-1.fna.fbcdn.net/v/t39.35426-6/685865643_2141628696631200_464841730264608707_n.jpg?_nc_cat=106&ccb=1-7&_nc_sid=c53f8f&_nc_ohc=48u2yyq1-NgQ7kNvwGYHZs8&_nc_oc=Adr-EE6MNAm2Ep93eiG7uzNPmeXIigJruHRmE6ImDtcSMmbkH0iFn4koAi1midtrYyo&_nc_zt=14&_nc_ht=scontent.ftgz4-1.fna&_nc_gid=ntR9s_JLrLf86yPNISWgRg&_nc_ss=7f180&oh=00_AQBPJpMRAbBDPM6Ss7Ee3LMdyCwNZR0Mjmn0z8iS2nPkAA&oe=6A50A2D4,,"['FACEBOOK', 'INSTAGRAM', 'THREADS']",au,cw,facebook,social,2026-W27,2026-07,"FACEBOOK, INSTAGRAM, THREADS",True,True,False,False,True,False,SKU Product,True,False,False,2026-07-06,2026-04-30 07:00:00,2026-07-06 16:23:53.030278,67
920484313718526,1486893949857615,True,2026-05-31 07:00:00,2026-07-05 07:00:00,Chemist Warehouse,Chemist Warehouse,Shop the Dynamiclear Rapid Cold Sore Application in-store and online at Chemist Warehouse!,"Always read the label and follow the directions for use. 

Shop the Dynamiclear Rapid Cold Sore Application in-store and online at Chemist Warehouse!",Shop now,VIDEO,https://www.chemistwarehouse.com.au/buy/131041/dynamiclear-rapid-cold-sore-application-2-x-0-65g?utm_source=facebook&utm_medium=social&utm_campaign=au_cw_oa_facebook_social_provendexptyltd_dynamiclear_159_may26_100247_video&utm_term=traffic&utm_content=video_,www.chemistwarehouse.com.au,/buy/131041/dynamiclear-rapid-cold-sore-application-2-x-0-65g,facebook,social,au_cw_oa_facebook_social_provendexptyltd_dynamiclear_159_may26_100247_video,159,traffic,video_,O&O,Provendexptyltd,Dynamiclear,may26,video,,,,,,"['FACEBOOK', 'INSTAGRAM', 'MESSENGER']",au,cw,facebook,social,2026-W27,2026-07,"FACEBOOK, INSTAGRAM, MESSENGER",True,True,False,True,False,False,SKU Product,True,True,False,2026-07-06,2026-05-31 07:00:00,2026-07-06 16:23:53.030278,36
26487048557631401,,True,2026-04-30 07:00:00,2026-07-05 07:00:00,Chemist Warehouse,Chemist Warehouse,Upgrade Your Oral Care Routine,Meet Grin Pro: Advanced toothpaste for modern routines. Designed for complete care with whitening and gentle protection.,Shop now,IMAGE,https://www.chemistwarehouse.com.au/shop-online/703921/grin?utm_source=facebook&utm_medium=social&utm_campaign=au_cw_coop_facebook_social_grinnaturalproductsaustraliaptyltd_grin_159_2026_100009-bau_image&utm_term=traffic&utm_content=image_static-image,www.chemistwarehouse.com.au,/shop-online/703921/grin,facebook,social,au_cw_coop_facebook_social_grinnaturalproductsaustraliaptyltd_grin_159_2026_100009-bau_image,159,traffic,image_static-image,Coop,Grinnaturalproductsaustraliaptyltd,Grin,2026,image,,,,,,"['FACEBOOK', 'INSTAGRAM']",au,cw,facebook,social,2026-W27,2026-07,"FACEBOOK, INSTAGRAM",True,True,False,False,False,False,Brand/Category Page,True,False,False,2026-07-06,2026-04-30 07:00:00,2026-07-06 16:23:53.030278,67
971682145468183,26581293868180070,True,2026-05-04 07:00:00,2026-07-05 07:00:00,Chemist Warehouse,Chemist Warehouse,Get The Optimum Advantage,Harley Reid Will Do Anything To Keep the Optimum Advantage To Himself 💪,Shop now,VIDEO,https://fb.com/canvas_doc/26186229427740182,fb.com,/canvas_doc/26186229427740182,,,,,,,Not Specified,,,,,,,,,,"['FACEBOOK', 'INSTAGRAM', 'AUDIENCE_NETWORK', 'MESSENGER', 'THREADS']",,,,,2026-W27,2026-07,"FACEBOOK, INSTAGRAM, AUDIENCE_NETWORK, MESSENGER, THREADS",True,True,True,True,True,False,Internal/App Page,True,False,False,2026-07-06,2026-05-04 07:00:00,2026-07-06 16:23:53.030278,63
1295658202494519,,True,2026-04-30 07:00:00,2026-07-05 07:00:00,Chemist Warehouse,Chemist Warehouse,Upgrade Your Oral Care Routine,Meet Grin Pro: Advanced toothpaste for modern routines. Designed for complete care with whitening and gentle protection.,Shop now,IMAGE,https://www.chemistwarehouse.com.au/shop-online/703921/grin?utm_source=facebook&utm_medium=social&utm_campaign=au_cw_coop_facebook_social_grinnaturalproductsaustraliaptyltd_grin_159_2026_100009-bau_image&utm_term=traffic&utm_content=image_static-image,www.chemistwarehouse.com.au,/shop-online/703921/grin,facebook,social,au_cw_coop_facebook_social_grinnaturalproductsaustraliaptyltd_grin_159_2026_100009-bau_image,159,traffic,image_static-image,Coop,Grinnaturalproductsaustraliaptyltd,Grin,2026,image,,,,,,"['FACEBOOK', 'INSTAGRAM']",au,cw,facebook,social,2026-W27,2026-07,"FACEBOOK, INSTAGRAM",True,True,False,False,False,False,Brand/Category Page,True,False,False,2026-07-06,2026-04-30 07:00:00,2026-07-06 16:23:53.030278,67
1443340994139982,,True,2026-04-30 07:00:00,2026-07-05 07:00:00,Chemist Warehouse,Chemist Warehouse,Upgrade Your Oral Care Routine,Meet Grin Pro: Advanced toothpaste for modern routines. Designed for complete care with whitening and gentle protection.,Shop now,IMAGE,https://www.chemistwarehouse.com.au/shop-online/703921/grin?utm_source=facebook&utm_medium=social&utm_campaign=au_cw_coop_facebook_social_grinnaturalproductsaustraliaptyltd_grin_159_2026_100009-bau_image&utm_term=traffic&utm_content=image_static-image,www.chemistwarehouse.com.au,/shop-online/703921/grin,facebook,social,au_cw_coop_facebook_social_grinnaturalproductsaustraliaptyltd_grin_159_2026_100009-bau_image,159,traffic,image_static-image,Coop,Grinnaturalproductsaustraliaptyltd,Grin,2026,image,,,,,,"['FACEBOOK', 'INSTAGRAM']",au,cw,facebook,social,2026-W27,2026-07,"FACEBOOK, INSTAGRAM",True,True,False,False,False,False,Brand/Category Page,True,False,False,2026-07-06,2026-04-30 07:00:00,2026-07-06 16:23:53.030278,67
2457292078051727,,True,2026-04-30 07:00:00,2026-07-05 07:00:00,Chemist Warehouse,Chemist Warehouse,Upgrade Your Oral Care Routine,Meet Grin Pro: Advanced toothpaste for modern routines. Designed for complete care with whitening and gentle protection.,Shop now,IMAGE,https://www.chemistwarehouse.com.au/shop-online/703921/grin?utm_source=facebook&utm_medium=social&utm_campaign=au_cw_coop_facebook_social_grinnaturalproductsaustraliaptyltd_grin_159_2026_100009-bau_image&utm_term=traffic&utm_content=image_static-image,www.chemistwarehouse.com.au,/shop-online/703921/grin,facebook,social,au_cw_coop_facebook_social_grinnaturalproductsaustraliaptyltd_grin_159_2026_100009-bau_image,159,traffic,image_static-image,Coop,Grinnaturalproductsaustraliaptyltd,Grin,2026,image,,,,,,"['FACEBOOK', 'INSTAGRAM']",au,cw,facebook,social,2026-W27,2026-07,"FACEBOOK, INSTAGRAM",True,True,False,False,False,False,Brand/Category Page,True,False,False,2026-07-06,2026-04-30 07:00:00,2026-07-06 16:23:53.030278,67
1474035607757209,,True,2026-04-30 07:00:00,2026-07-04 07:00:00,Chemist Warehouse,Chemist Warehouse,Upgrade Your Oral Care Routine,Meet Grin Pro: Advanced toothpaste for modern routines. Designed for complete care with whitening and gentle protection.,Shop now,IMAGE,https://www.chemistwarehouse.com.au/shop-online/703921/grin?utm_source=facebook&utm_medium=social&utm_campaign=au_cw_coop_facebook_social_grinnaturalproductsaustraliaptyltd_grin_159_2026_100009-bau_image&utm_term=traffic&utm_content=image_static-image,www.chemistwarehouse.com.au,/shop-online/703921/grin,facebook,social,au_cw_coop_facebook_social_grinnaturalproductsaustraliaptyltd_grin_159_2026_100009-bau_image,159,traffic,image_static-image,Coop,Grinnaturalproductsaustraliaptyltd,Grin,2026,image,,,,,,"['FACEBOOK', 'INSTAGRAM']",au,cw,facebook,social,2026-W27,2026-07,"FACEBOOK, INSTAGRAM",True,True,False,False,False,False,Brand/Category Page,True,False,False,2026-07-06,2026-04-30 07:00:00,2026-07-06 16:23:53.030278,67
1970234513620739,,True,2026-04-30 07:00:00,2026-07-04 07:00:00,Chemist Warehouse,Chemist Warehouse,Upgrade Your Oral Care Routine,Meet Grin Pro: Advanced toothpaste for modern routines. Designed for complete care with whitening and gentle protection.,Shop now,IMAGE,https://www.chemistwarehouse.com.au/shop-online/703921/grin?utm_source=facebook&utm_medium=social&utm_campaign=au_cw_coop_facebook_social_grinnaturalproductsaustraliaptyltd_grin_159_2026_100009-bau_image&utm_term=traffic&utm_content=image_static-image,www.chemistwarehouse.com.au,/shop-online/703921/grin,facebook,social,au_cw_coop_facebook_social_grinnaturalproductsaustraliaptyltd_grin_159_2026_100009-bau_image,159,traffic,image_static-image,Coop,Grinnaturalproductsaustraliaptyltd,Grin,2026,image,,,,,,"['FACEBOOK', 'INSTAGRAM']",au,cw,facebook,social,2026-W27,2026-07,"FACEBOOK, INSTAGRAM",True,True,False,False,False,False,Brand/Category Page,True,False,False,2026-07-06,2026-04-30 07:00:00,2026-07-06 16:23:53.030278,67
1448586593170149,,True,2026-04-30 07:00:00,2026-07-05 07:00:00,Chemist Warehouse,Chemist Warehouse,Upgrade Your Oral Care Routine,Meet Grin Pro: Advanced toothpaste for modern routines. Designed for complete care with whitening and gentle protection.,Shop now,IMAGE,https://www.chemistwarehouse.com.au/shop-online/703921/grin?utm_source=facebook&utm_medium=social&utm_campaign=au_cw_coop_facebook_social_grinnaturalproductsaustraliaptyltd_grin_159_2026_100009-bau_image&utm_term=traffic&utm_content=image_static-image,www.chemistwarehouse.com.au,/shop-online/703921/grin,facebook,social,au_cw_coop_facebook_social_grinnaturalproductsaustraliaptyltd_grin_159_2026_100009-bau_image,159,traffic,image_static-image,Coop,Grinnaturalproductsaustraliaptyltd,Grin,2026,image,,,,,,"['FACEBOOK', 'INSTAGRAM']",au,cw,facebook,social,2026-W27,2026-07,"FACEBOOK, INSTAGRAM",True,True,False,False,False,False,Brand/Category Page,True,False,False,2026-07-06,2026-04-30 07:00:00,2026-07-06 16:23:53.030278,67
1003738848888254,,True,2026-04-30 07:00:00,2026-07-05 07:00:00,Chemist Warehouse,Chemist Warehouse,Upgrade Your Oral Care Routine,Meet Grin Pro: Advanced toothpaste for modern routines. Designed for complete care with whitening and gentle protection.,Shop now,IMAGE,https://www.chemistwarehouse.com.au/shop-online/703921/grin?utm_source=facebook&utm_medium=social&utm_campaign=au_cw_coop_facebook_social_grinnaturalproductsaustraliaptyltd_grin_159_2026_100009-bau_image&utm_term=traffic&utm_content=image_static-image,www.chemistwarehouse.com.au,/shop-online/703921/grin,facebook,social,au_cw_coop_facebook_social_grinnaturalproductsaustraliaptyltd_grin_159_2026_100009-bau_image,159,traffic,image_static-image,Coop,Grinnaturalproductsaustraliaptyltd,Grin,2026,image,,,,,,"['FACEBOOK', 'INSTAGRAM']",au,cw,facebook,social,2026-W27,2026-07,"FACEBOOK, INSTAGRAM",True,True,False,False,False,False,Brand/Category Page,True,False,False,2026-07-06,2026-04-30 07:00:00,2026-07-06 16:23:53.030278,67
1993091711314315,2480705892364612,True,2026-04-29 07:00:00,2026-07-05 07:00:00,Chemist Warehouse,Chemist Warehouse,Shop at Chemist Warehouse,"When your skin is irritated, reactive or breaking out - focus on a simple, calming and barrier-focused skincare routine.",Shop now,VIDEO,https://www.chemistwarehouse.com.au/shop-online/705490/skin1004?utm_source=facebook&utm_medium=social&utm_campaign=au_cw_oa_facebook_social_cravercorporation_skin1004_665_mar26_100366-oa_video-image&utm_term=traffic&utm_content=video-influencer-sharn,www.chemistwarehouse.com.au,/shop-online/705490/skin1004,facebook,social,au_cw_oa_facebook_social_cravercorporation_skin1004_665_mar26_100366-oa_video-image,665,traffic,video-influencer-sharn,O&O,Cravercorporation,Skin1004,mar26,video-image,,,,,,"['FACEBOOK', 'INSTAGRAM', 'AUDIENCE_NETWORK', 'MESSENGER', 'THREADS']",au,cw,facebook,social,2026-W27,2026-07,"FACEBOOK, INSTAGRAM, AUDIENCE_NETWORK, MESSENGER, THREADS",True,True,True,True,True,False,Brand/Category Page,True,True,False,2026-07-06,2026-04-29 07:00:00,2026-07-06 16:23:53.030278,68
4415487555401676,903674806061614,True,2026-04-30 07:00:00,2026-07-05 07:00:00,Chemist Warehouse,Chemist Warehouse,Shop at Chemist Warehouse,K-beauty found a new lover and surprise surprise its me @chemistwarehouseaus,Shop now,VIDEO,https://www.chemistwarehouse.com.au/shop-online/705490/skin1004?utm_source=facebook&utm_medium=social&utm_campaign=au_cw_oa_facebook_social_cravercorporation_skin1004_665_mar26_100366-oa_video-image&utm_term=traffic&utm_content=video-influencer-adelle,www.chemistwarehouse.com.au,/shop-online/705490/skin1004,facebook,social,au_cw_oa_facebook_social_cravercorporation_skin1004_665_mar26_100366-oa_video-image,665,traffic,video-influencer-adelle,O&O,Cravercorporation,Skin1004,mar26,video-image,,,,,,"['FACEBOOK', 'INSTAGRAM', 'AUDIENCE_NETWORK', 'MESSENGER', 'THREADS']",au,cw,facebook,social,2026-W27,2026-07,"FACEBOOK, INSTAGRAM, AUDIENCE_NETWORK, MESSENGER, THREADS",True,True,True,True,True,False,Brand/Category Page,True,True,False,2026-07-06,2026-04-30 07:00:00,2026-07-06 16:23:53.030278,67
3473769446123850,960688963425472,True,2026-04-29 07:00:00,2026-07-05 07:00:00,Chemist Warehouse,Chemist Warehouse,Shop at Chemist Warehouse,"If your skin is irritated, flakey and breaking out at the same time… stop using more actives for a second.. it's probably your skin barrier.
I’ve been loving Skin1004 for years and it’s one of my go-to kbeauty brands when my skin needs to calm down. The range contains Madagascar Centella Asiatica which is super gentle, soothing and actually helps repair and protect the skin barrier. 
The ampoule is my holy grail (almost 4 bottles in), and I love the cleansing oil and toner just as much. 
Healthy barrier = better skin always 💗 Skin1004 is now at @chemistwarehouseaus !",Shop now,VIDEO,https://www.chemistwarehouse.com.au/shop-online/705490/skin1004?utm_source=facebook&utm_medium=social&utm_campaign=au_cw_oa_facebook_social_cravercorporation_skin1004_665_mar26_100366-oa_video-image&utm_term=traffic&utm_content=video-influencer-lucy,www.chemistwarehouse.com.au,/shop-online/705490/skin1004,facebook,social,au_cw_oa_facebook_social_cravercorporation_skin1004_665_mar26_100366-oa_video-image,665,traffic,video-influencer-lucy,O&O,Cravercorporation,Skin1004,mar26,video-image,,,,,,"['FACEBOOK', 'INSTAGRAM', 'AUDIENCE_NETWORK', 'MESSENGER', 'THREADS']",au,cw,facebook,social,2026-W27,2026-07,"FACEBOOK, INSTAGRAM, AUDIENCE_NETWORK, MESSENGER, THREADS",True,True,True,True,True,False,Brand/Category Page,True,True,False,2026-07-06,2026-04-29 07:00:00,2026-07-06 16:23:53.030278,68
1517633469916383,2480705892364612,True,2026-06-16 07:00:00,2026-07-05 07:00:00,Chemist Warehouse,Chemist Warehouse,Shop at Chemist Warehouse,"When your skin is irritated, reactive or breaking out - focus on a simple, calming and barrier-focused skincare routine.",Shop now,VIDEO,https://www.chemistwarehouse.com.au/shop-online/705490/skin1004?utm_source=facebook&utm_medium=social&utm_campaign=au_cw_oa_facebook_social_cravercorporation_skin1004_665_mar26_100366-oa_video-image&utm_term=traffic&utm_content=video-influencer-sharn,www.chemistwarehouse.com.au,/shop-online/705490/skin1004,facebook,social,au_cw_oa_facebook_social_cravercorporation_skin1004_665_mar26_100366-oa_video-image,665,traffic,video-influencer-sharn,O&O,Cravercorporation,Skin1004,mar26,video-image,,,,,,"['FACEBOOK', 'INSTAGRAM', 'AUDIENCE_NETWORK', 'MESSENGER', 'THREADS']",au,cw,facebook,social,2026-W27,2026-07,"FACEBOOK, INSTAGRAM, AUDIENCE_NETWORK, MESSENGER, THREADS",True,True,True,True,True,False,Brand/Category Page,True,True,False,2026-07-06,2026-06-16 07:00:00,2026-07-06 16:23:53.030278,20
1373288237957959,2144390489682083,True,2026-05-05 07:00:00,2026-07-05 07:00:00,Chemist Warehouse,Chemist Warehouse,{{product.name}},{{product.brand}},Shop now,DCO,https://www.chemistwarehouse.com.au/search?query=schwarzkopf%20creme%20supreme&contexts=default&utm_source=facebook&utm_medium=social&utm_campaign=au_cw_coop_facebook_social_henkelaustraliaptyltd_all_129_2026_100455-bau_image&utm_term=traffic&utm_content=image_creme-supreme,www.chemistwarehouse.com.au,/search,facebook,social,au_cw_coop_facebook_social_henkelaustraliaptyltd_all_129_2026_100455-bau_image,129,traffic,image_creme-supreme,Coop,Henkelaustraliaptyltd,All,2026,image,"New Caring Colouration
","New Schwarzkopf Creme Supreme Permanent Hair Dye, 3-Step Bonding Caring Colour Creme for Long Lasting Grey Coverage",Shop Now,https://scontent.ftgz4-1.fna.fbcdn.net/v/t39.35426-6/686937431_2168758380643954_9048107328596638598_n.jpg?_nc_cat=100&ccb=1-7&_nc_sid=c53f8f&_nc_ohc=_Q-qDwRVFzcQ7kNvwGkZIKX&_nc_oc=Adqs3nxXXzOXPIXU09MCzWhBtqfGfiHFG7XIRId0KmtFaDZ1RYNMNKSZbcKrmqm4yyU&_nc_zt=14&_nc_ht=scontent.ftgz4-1.fna&_nc_gid=rueybQvGpReOgmNjsf88LQ&_nc_ss=7f180&oh=00_AQDf41p1DeKKZ3A5Q5nDC07F0CQ5mjvJl7o0mz6EkHXzvA&oe=6A50A88D,,"['FACEBOOK', 'INSTAGRAM']",au,cw,facebook,social,2026-W27,2026-07,"FACEBOOK, INSTAGRAM",True,True,False,False,False,False,Search Page,True,False,False,2026-07-06,2026-05-05 07:00:00,2026-07-06 16:23:53.030278,62
1489250802600440,3394713860725667,True,2026-04-24 07:00:00,2026-07-05 07:00:00,Chemist Warehouse,Chemist Warehouse,{{product.name}},{{product.brand}},Shop now,DCO,https://www.chemistwarehouse.com.au/shop-online/705405/oral-b?utm_source=facebook&utm_medium=social&utm_campaign=au_cw_coop_facebook_social_proctergambleaustralia_oralb_159_2026_100078-bau_video-image&utm_term=conversion&utm_content=video-image_all,www.chemistwarehouse.com.au,/shop-online/705405/oral-b,facebook,social,au_cw_coop_facebook_social_proctergambleaustralia_oralb_159_2026_100078-bau_video-image,159,conversion,video-image_all,Coop,Proctergambleaustralia,Oralb,2026,video-image,Oral-B brush heads,Remember to change your brush heads every 3 months! Stock up and save at Chemist Warehouse,Shop Now,https://scontent.ftgz4-1.fna.fbcdn.net/v/t39.35426-6/657522575_1450788066749224_1217424552094019227_n.jpg?_nc_cat=111&ccb=1-7&_nc_sid=c53f8f&_nc_ohc=hL6q37ifLcoQ7kNvwFTYl4x&_nc_oc=AdrtALTj-4oTtxC6EBmPX_NRrH9ZVSYlAmstSIEeypUXlrPek7ILr3cX5eXdBOWsykM&_nc_zt=14&_nc_ht=scontent.ftgz4-1.fna&_nc_gid=GVRG_tzL10ng8kOSsQmXDw&_nc_ss=7f180&oh=00_AQB4WhZ-Eu8Pj7n2qOaJSEHu9r7evEOCXa4WmySwLl33zw&oe=6A50BA06,,"['FACEBOOK', 'INSTAGRAM', 'AUDIENCE_NETWORK', 'MESSENGER', 'THREADS']",au,cw,facebook,social,2026-W27,2026-07,"FACEBOOK, INSTAGRAM, AUDIENCE_NETWORK, MESSENGER, THREADS",True,True,True,True,True,False,Brand/Category Page,True,False,False,2026-07-06,2026-04-24 07:00:00,2026-07-06 16:23:53.030278,73
3838603066447838,,True,2026-04-24 07:00:00,2026-07-05 07:00:00,Chemist Warehouse,Chemist Warehouse,Oral-B brush heads,Remember to change your brush heads every 3 months! Stock up and save at Chemist Warehouse,Shop now,IMAGE,https://fb.com/canvas_doc/2403952293363225,fb.com,/canvas_doc/2403952293363225,,,,,,,Not Specified,,,,,,,,,,"['FACEBOOK', 'INSTAGRAM', 'AUDIENCE_NETWORK', 'MESSENGER', 'THREADS']",,,,,2026-W27,2026-07,"FACEBOOK, INSTAGRAM, AUDIENCE_NETWORK, MESSENGER, THREADS",True,True,True,True,True,False,Internal/App Page,True,True,False,2026-07-06,2026-04-24 07:00:00,2026-07-06 16:23:53.030278,73
1756782145738713,,True,2026-04-22 07:00:00,2026-07-05 07:00:00,Chemist Warehouse,Chemist Warehouse,Developed with dermatologists,"CeraVe, Developed with Dermatologists. Shop now at Chemist Warehouse!",Shop now,IMAGE,https://fb.com/canvas_doc/955920760483621,fb.com,/canvas_doc/955920760483621,,,,,,,Not Specified,,,,,,,,,,"['FACEBOOK', 'INSTAGRAM', 'AUDIENCE_NETWORK', 'MESSENGER', 'THREADS']",,,,,2026-W27,2026-07,"FACEBOOK, INSTAGRAM, AUDIENCE_NETWORK, MESSENGER, THREADS",True,True,True,True,True,False,Internal/App Page,True,True,False,2026-07-06,2026-04-22 07:00:00,2026-07-06 16:23:53.030278,75
1332148938968971,,True,2026-04-21 07:00:00,2026-07-05 07:00:00,Chemist Warehouse,Chemist Warehouse,Developed with dermatologists,Experience the science of CeraVe Foaming Cleanser. Shop now at Chemist Warehouse.,Shop now,IMAGE,https://fb.com/canvas_doc/1630256568184680,fb.com,/canvas_doc/1630256568184680,,,,,,,Not Specified,,,,,,,,,,"['FACEBOOK', 'INSTAGRAM', 'AUDIENCE_NETWORK', 'MESSENGER', 'THREADS']",,,,,2026-W27,2026-07,"FACEBOOK, INSTAGRAM, AUDIENCE_NETWORK, MESSENGER, THREADS",True,True,True,True,True,False,Internal/App Page,True,True,False,2026-07-06,2026-04-21 07:00:00,2026-07-06 16:23:53.030278,76
1990346321586737,1709736293791746,True,2026-04-20 07:00:00,2026-07-05 07:00:00,Chemist Warehouse,Chemist Warehouse,Marine Collagen Peptides,"Pure, potent and simple to use. Add Vida Glow Natural Marine Collagen to your routine to support skin elasticity and hydration.",Shop now,VIDEO,https://www.chemistwarehouse.com.au/shop-online/705653/vida-glow?utm_source=facebook&utm_medium=social&utm_campaign=au_cw_coop_facebook_social_vidaglow_vidaglow_81_2026_100167-bau_video-image&utm_term=traffic&utm_content=video-image_branding-video-2,www.chemistwarehouse.com.au,/shop-online/705653/vida-glow,facebook,social,au_cw_coop_facebook_social_vidaglow_vidaglow_81_2026_100167-bau_video-image,81,traffic,video-image_branding-video-2,Coop,Vidaglow,Vidaglow,2026,video-image,,,,,,"['FACEBOOK', 'INSTAGRAM']",au,cw,facebook,social,2026-W27,2026-07,"FACEBOOK, INSTAGRAM",True,True,False,False,False,False,Brand/Category Page,True,False,False,2026-07-06,2026-04-20 07:00:00,2026-07-06 16:23:53.030278,77
981416601119856,838223865337612,True,2026-04-20 07:00:00,2026-06-13 07:00:00,Chemist Warehouse,Chemist Warehouse,Marine Collagen Peptides,"Pure, potent and simple to use. Add Vida Glow Natural Marine Collagen to your routine to support skin elasticity and hydration.",Shop now,VIDEO,https://www.chemistwarehouse.com.au/shop-online/705653/vida-glow?utm_source=facebook&utm_medium=social&utm_campaign=au_cw_coop_facebook_social_vidaglow_vidaglow_81_2026_100167-bau_video-image&utm_term=traffic&utm_content=video-image_branding-video-1,www.chemistwarehouse.com.au,/shop-online/705653/vida-glow,facebook,social,au_cw_coop_facebook_social_vidaglow_vidaglow_81_2026_100167-bau_video-image,81,traffic,video-image_branding-video-1,Coop,Vidaglow,Vidaglow,2026,video-image,,,,,,"['FACEBOOK', 'INSTAGRAM']",au,cw,facebook,social,2026-W27,2026-07,"FACEBOOK, INSTAGRAM",True,True,False,False,False,False,Brand/Category Page,True,False,False,2026-07-06,2026-04-20 07:00:00,2026-07-06 16:23:53.030278,77
1355182663117231,960688963425472,True,2026-06-15 07:00:00,2026-07-05 07:00:00,Chemist Warehouse,Chemist Warehouse,Shop at Chemist Warehouse,"If your skin is irritated, flakey and breaking out at the same time… stop using more actives for a second.. it's probably your skin barrier.
I’ve been loving Skin1004 for years and it’s one of my go-to kbeauty brands when my skin needs to calm down. The range contains Madagascar Centella Asiatica which is super gentle, soothing and actually helps repair and protect the skin barrier. 
The ampoule is my holy grail (almost 4 bottles in), and I love the cleansing oil and toner just as much. 
Healthy barrier = better skin always 💗 Skin1004 is now at @chemistwarehouseaus !",Shop now,VIDEO,https://www.chemistwarehouse.com.au/shop-online/705490/skin1004?utm_source=facebook&utm_medium=social&utm_campaign=au_cw_oa_facebook_social_cravercorporation_skin1004_665_mar26_100366-oa_video-image&utm_term=traffic&utm_content=video-influencer-lucy,www.chemistwarehouse.com.au,/shop-online/705490/skin1004,facebook,social,au_cw_oa_facebook_social_cravercorporation_skin1004_665_mar26_100366-oa_video-image,665,traffic,video-influencer-lucy,O&O,Cravercorporation,Skin1004,mar26,video-image,,,,,,"['FACEBOOK', 'INSTAGRAM', 'AUDIENCE_NETWORK', 'MESSENGER', 'THREADS']",au,cw,facebook,social,2026-W27,2026-07,"FACEBOOK, INSTAGRAM, AUDIENCE_NETWORK, MESSENGER, THREADS",True,True,True,True,True,False,Brand/Category Page,True,True,False,2026-07-06,2026-06-15 07:00:00,2026-07-06 16:23:53.030278,21
2127533114762496,992305736471260,True,2026-04-20 07:00:00,2026-07-05 07:00:00,Chemist Warehouse,Chemist Warehouse,{{product.name}},{{product.brand}},Shop now,DCO,https://www.chemistwarehouse.com.au/shop-online/705652/old-spice?utm_source=facebook&utm_medium=social&utm_campaign=au_cw_coop_facebook_social_proctergambleaustralia_oldspice_259_2026_100078-bau_video&utm_term=traffic&utm_content=video_all,www.chemistwarehouse.com.au,/shop-online/705652/old-spice,facebook,social,au_cw_coop_facebook_social_proctergambleaustralia_oldspice_259_2026_100078-bau_video,259,traffic,video_all,Coop,Proctergambleaustralia,Oldspice,2026,video,Try Old Spice Range,Long-lasting sweat and odor protection. Feel 2x fresher with a perfume-quality fragrance!,Shop Now,https://scontent.ftgz4-1.fna.fbcdn.net/v/t39.35426-6/675552182_1679846909831864_7282801876572587463_n.jpg?_nc_cat=105&ccb=1-7&_nc_sid=c53f8f&_nc_ohc=2tMMwCGga-wQ7kNvwG3tyn8&_nc_oc=AdqtP6O9Sqe36XPOpfG6FtF5SB_Vdn0SSz5k51gHjALBDWJPsIfwTlX9LwBxqEdhnsE&_nc_zt=14&_nc_ht=scontent.ftgz4-1.fna&_nc_gid=GVRG_tzL10ng8kOSsQmXDw&_nc_ss=7f180&oh=00_AQDEVYwjuy0zhAUm8zwcqZ9q_COpKXIPVqYa7eN9OQZlBg&oe=6A50A3B8,,"['FACEBOOK', 'INSTAGRAM', 'AUDIENCE_NETWORK', 'MESSENGER', 'THREADS']",au,cw,facebook,social,2026-W27,2026-07,"FACEBOOK, INSTAGRAM, AUDIENCE_NETWORK, MESSENGER, THREADS",True,True,True,True,True,False,Brand/Category Page,True,False,False,2026-07-06,2026-04-20 07:00:00,2026-07-06 16:23:53.030278,77
1268643415418830,1298162745746830,True,2026-04-20 07:00:00,2026-07-05 07:00:00,Chemist Warehouse,Chemist Warehouse,{{product.name}},{{product.brand}},Shop now,DCO,https://www.chemistwarehouse.com.au/shop-online/705652/old-spice?utm_source=facebook&utm_medium=social&utm_campaign=au_cw_coop_facebook_social_proctergambleaustralia_oldspice_259_2026_100078-bau_video&utm_term=traffic&utm_content=video_all,www.chemistwarehouse.com.au,/shop-online/705652/old-spice,facebook,social,au_cw_coop_facebook_social_proctergambleaustralia_oldspice_259_2026_100078-bau_video,259,traffic,video_all,Coop,Proctergambleaustralia,Oldspice,2026,video,The Scent that Never Dies,Long-lasting sweat and odor protection. Feel 2x fresher with a perfume-quality fragrance!,Shop Now,https://scontent.ftgz4-1.fna.fbcdn.net/v/t39.35426-6/673598511_1024357526838826_4817423030499551495_n.jpg?_nc_cat=103&ccb=1-7&_nc_sid=c53f8f&_nc_ohc=E_ine7tRqBwQ7kNvwF8cKXP&_nc_oc=AdoMVDL2dn1JA9U56lK4Bt_KpfVNY_FRFQyeFZN7b7FmApbuAskeb2G9jY2vuYxV5VI&_nc_zt=14&_nc_ht=scontent.ftgz4-1.fna&_nc_gid=GVRG_tzL10ng8kOSsQmXDw&_nc_ss=7f180&oh=00_AQChQBNq5v2uOmi5qMkPui5x4dANugxZ8tyI4krFsEiG_Q&oe=6A50A36E,,"['FACEBOOK', 'INSTAGRAM', 'AUDIENCE_NETWORK', 'MESSENGER', 'THREADS']",au,cw,facebook,social,2026-W27,2026-07,"FACEBOOK, INSTAGRAM, AUDIENCE_NETWORK, MESSENGER, THREADS",True,True,True,True,True,False,Brand/Category Page,True,False,False,2026-07-06,2026-04-20 07:00:00,2026-07-06 16:23:53.030278,77
1284568810482483,1268862164881061,True,2026-04-20 07:00:00,2026-07-04 07:00:00,Chemist Warehouse,Chemist Warehouse,{{product.name}},{{product.brand}},Shop now,DCO,https://www.chemistwarehouse.com.au/shop-online/705653/vida-glow?utm_source=facebook&utm_medium=social&utm_campaign=au_cw_coop_facebook_social_vidaglow_vidaglow_81_2026_100167-bau_video-image&utm_term=traffic&utm_content=video-image_influencer-video,www.chemistwarehouse.com.au,/shop-online/705653/vida-glow,facebook,social,au_cw_coop_facebook_social_vidaglow_vidaglow_81_2026_100167-bau_video-image,81,traffic,video-image_influencer-video,Coop,Vidaglow,Vidaglow,2026,video-image,Marine Collagen Peptides,"Pure, potent and simple to use. Add Vida Glow Natural Marine Collagen to your routine to support skin elasticity and hydration.",Shop Now,,https://video.ftgz4-1.fna.fbcdn.net/o1/v/t2/f2/m366/AQPaPZYur0ufk-zNWzkVdwNf2h01QJdQHOX9YOERl1GMhBwPweOalzflfwMEUOUGGd0OFsAx9LEeTq4N1ijSTat9R4go9InQh2qSzWtbmPUMJw.mp4?_nc_cat=102&_nc_oc=AdoeB3aKOvwk3zjL3Ho9FhDD0lwfUjKZaceS8T_zc53RL2-aDL2oE1OFAIVVzwA-mnk&_nc_sid=b66105&_nc_ht=video.ftgz4-1.fna.fbcdn.net&_nc_ohc=xFPZqsdnctQQ7kNvwEgwGmQ&efg=eyJ2ZW5jb2RlX3RhZyI6Inhwdl9wcm9ncmVzc2l2ZS5WSV9VU0VDQVNFX1BST0RVQ1RfVFlQRS4uQzMuNzIwLmRhc2hfaDI2NC1iYXNpYy1nZW4yXzcyMHAiLCJ4cHZfYXNzZXRfaWQiOjEzMDQyNzY5MzQ5NjQ0MzMsImFzc2V0X2FnZV9kYXlzIjo3NSwidmlfdXNlY2FzZV9pZCI6MTA3OTksImR1cmF0aW9uX3MiOjIyLCJ1cmxnZW5fc291cmNlIjoid3d3In0%3D&ccb=17-1&vs=90a337394a0d2584&_nc_vs=HBksFQIYRWZiX2VwaGVtZXJhbC84QzQxNUQyQkJCQTNFQjExMUUxQjk3RkZCQkIwRUQ5OF9tdF8xX3ZpZGVvX2Rhc2hpbml0Lm1wNBUAAsgBEgAVAhhAZmJfcGVybWFuZW50LzE3NDRCRDlGODk4RjI5RDQxQzlGMzZENkIzQTJCMjhEX2F1ZGlvX2Rhc2hpbml0Lm1wNBUCAsgBEgAoABgAGwKIB3VzZV9vaWwBMRJwcm9ncmVzc2l2ZV9yZWNpcGUBMRUAACai06229I7RBBUCKAJDMywXQDbu2RaHKwIYGWRhc2hfaDI2NC1iYXNpYy1nZW4yXzcyMHARAHUAZd6oAQA&_nc_gid=GVRG_tzL10ng8kOSsQmXDw&_nc_ss=7f180&_nc_zt=28&oh=00_AQD-wy0VlUdguUFfF5rxsNZjLpkeaRKWCqIYivUdSmsPQw&oe=6A50A2BE,"['FACEBOOK', 'INSTAGRAM']",au,cw,facebook,social,2026-W27,2026-07,"FACEBOOK, INSTAGRAM",True,True,False,False,False,False,Brand/Category Page,True,False,False,2026-07-06,2026-04-20 07:00:00,2026-07-06 16:23:53.030278,77
982537174216425,1884764212231152,True,2026-04-19 07:00:00,2026-07-05 07:00:00,Chemist Warehouse,Chemist Warehouse,{{product.name}},{{product.brand}},Shop now,DCO,https://www.chemistwarehouse.com.au/buy/154853/redken-acidic-bonding-concentrate-24-7-serum-100ml?utm_source=facebook&utm_medium=social&utm_campaign=au_cw_coop_facebook_social_lorealprofessional_redken_129_2026_bau_dynamic&utm_term=traffic&utm_content=dynamic_abc3,www.chemistwarehouse.com.au,/buy/154853/redken-acidic-bonding-concentrate-24-7-serum-100ml,facebook,social,au_cw_coop_facebook_social_lorealprofessional_redken_129_2026_bau_dynamic,129,traffic,dynamic_abc3,Coop,Lorealprofessional,Redken,2026,dynamic,Your Redken Professional Tip,"Discover the NEW Redken Acidic Bonding Concentrate 24/7 Night & Day Serum. A revolutionary bonding serum that repairs and strengthens processed, damaged hair.",Shop Now,https://scontent.ftgz4-1.fna.fbcdn.net/v/t39.35426-6/673732478_931759922805879_9072318019907687955_n.jpg?_nc_cat=103&ccb=1-7&_nc_sid=c53f8f&_nc_ohc=xsKAH8X-4McQ7kNvwHgOezT&_nc_oc=Ado7nZMGYodUqOBFCcFP7CMJaKJRJ3_5rkPbW9TFRFtdt1dd9FKzkD2sJfOgvWcNvAM&_nc_zt=14&_nc_ht=scontent.ftgz4-1.fna&_nc_gid=GVRG_tzL10ng8kOSsQmXDw&_nc_ss=7f180&oh=00_AQBe-CPiNQ8zdFMXUNcAvmatSvHEuuO8gTHp_LBqJJbX0w&oe=6A50AEDA,,"['FACEBOOK', 'INSTAGRAM', 'AUDIENCE_NETWORK', 'MESSENGER', 'THREADS']",au,cw,facebook,social,2026-W27,2026-07,"FACEBOOK, INSTAGRAM, AUDIENCE_NETWORK, MESSENGER, THREADS",True,True,True,True,True,False,SKU Product,True,False,False,2026-07-06,2026-04-19 07:00:00,2026-07-06 16:23:53.030278,78
2072456359966566,2024661738468392,True,2026-04-16 07:00:00,2026-07-05 07:00:00,Chemist Warehouse,Chemist Warehouse,{{product.name}},{{product.brand}},Shop now,DCO,https://www.chemistwarehouse.com.au/shop-online/705653/vida-glow?utm_source=facebook&utm_medium=social&utm_campaign=au_cw_coop_facebook_social_vidaglow_vidaglow_81_2026_100167-bau_video-image&utm_term=traffic&utm_content=video-image_static-2,www.chemistwarehouse.com.au,/shop-online/705653/vida-glow,facebook,social,au_cw_coop_facebook_social_vidaglow_vidaglow_81_2026_100167-bau_video-image,81,traffic,video-image_static-2,Coop,Vidaglow,Vidaglow,2026,video-image,Marine Collagen Peptides,"Pure, potent and simple to use. Add Vida Glow Natural Marine Collagen to your routine to support skin elasticity and hydration.",Shop Now,https://scontent.ftgz4-1.fna.fbcdn.net/v/t39.35426-6/672687217_1212591444090753_458793157925896405_n.jpg?_nc_cat=104&ccb=1-7&_nc_sid=c53f8f&_nc_ohc=jwGl4GSJIcEQ7kNvwEHtDMJ&_nc_oc=AdrRJ-YiXSpBGev14jy4w2B1ljiKo1iilyqT28KtTjV_2D8CIxeaacugav4GRpe1_cg&_nc_zt=14&_nc_ht=scontent.ftgz4-1.fna&_nc_gid=GVRG_tzL10ng8kOSsQmXDw&_nc_ss=7f180&oh=00_AQCddrlFzFqKuJASnM-ZcleV04Ax1_9D2OoglVfZk2wAAw&oe=6A50C2CC,,"['FACEBOOK', 'INSTAGRAM', 'THREADS']",au,cw,facebook,social,2026-W27,2026-07,"FACEBOOK, INSTAGRAM, THREADS",True,True,False,False,True,False,Brand/Category Page,True,False,False,2026-07-06,2026-04-16 07:00:00,2026-07-06 16:23:53.030278,81
2152827952150392,1272641824384695,True,2026-04-17 07:00:00,2026-07-05 07:00:00,Chemist Warehouse,Chemist Warehouse,{{product.name}},{{product.brand}},Shop now,DCO,https://www.chemistwarehouse.com.au/buy/164220/jshealth-vita-growth-scalp-serum-50ml?utm_source=facebook&utm_medium=social&utm_campaign=au_cw_coop_facebook_social_jshealthvitamins_jshealth_81_2026_100007-bau_image&utm_term=conversion&utm_content=image_scalp-janet,www.chemistwarehouse.com.au,/buy/164220/jshealth-vita-growth-scalp-serum-50ml,facebook,social,au_cw_coop_facebook_social_jshealthvitamins_jshealth_81_2026_100007-bau_image,81,conversion,image_scalp-janet,Coop,Jshealthvitamins,Jshealth,2026,image,HAIR DENSITY + FULLNESS,JSHealth's best-selling Vita-Growth Scalp Serum has landed! With 7 clinically-backed actives for hair density + fullness.,Shop Now,https://scontent.ftgz4-1.fna.fbcdn.net/v/t39.35426-6/672686285_1535154798192517_1991923218993044973_n.jpg?_nc_cat=102&ccb=1-7&_nc_sid=c53f8f&_nc_ohc=lM1zOMChY8EQ7kNvwHUG7m_&_nc_oc=AdqujSo7bez_FchOhlKMA5rcqoWprDdf6gb5DCAms1cHUqa-EX_mq-vueTU--0dEUx8&_nc_zt=14&_nc_ht=scontent.ftgz4-1.fna&_nc_gid=GVRG_tzL10ng8kOSsQmXDw&_nc_ss=7f180&oh=00_AQB8u5g8Y5GtHoZBJZ259wFeM3WJTjOIGUjMDNTbJe0IrA&oe=6A5093D9,,"['FACEBOOK', 'INSTAGRAM', 'MESSENGER']",au,cw,facebook,social,2026-W27,2026-07,"FACEBOOK, INSTAGRAM, MESSENGER",True,True,False,True,False,False,SKU Product,True,False,False,2026-07-06,2026-04-17 07:00:00,2026-07-06 16:23:53.030278,80
928410636841008,4592791527615342,True,2026-04-16 07:00:00,2026-07-04 07:00:00,Chemist Warehouse,Chemist Warehouse,{{product.name}},{{product.brand}},Shop now,DCO,https://www.chemistwarehouse.com.au/shop-online/705653/vida-glow?utm_source=facebook&utm_medium=social&utm_campaign=au_cw_coop_facebook_social_vidaglow_vidaglow_81_2026_100167-bau_video-image&utm_term=traffic&utm_content=video-image_static-1,www.chemistwarehouse.com.au,/shop-online/705653/vida-glow,facebook,social,au_cw_coop_facebook_social_vidaglow_vidaglow_81_2026_100167-bau_video-image,81,traffic,video-image_static-1,Coop,Vidaglow,Vidaglow,2026,video-image,Marine Collagen Peptides,"Pure, potent and simple to use. Add Vida Glow Natural Marine Collagen to your routine to support skin elasticity and hydration.",Shop Now,https://scontent.ftgz4-1.fna.fbcdn.net/v/t39.35426-6/670525129_1215389997211816_5275696771799076566_n.jpg?_nc_cat=108&ccb=1-7&_nc_sid=c53f8f&_nc_ohc=BHNZJlTeuA0Q7kNvwG_59FT&_nc_oc=Adovr5zDLx4TyzvBsEk13mT3U-cNQ-0dAb23afCuYjm2mxZDMmzkCaWozMix6szPjTQ&_nc_zt=14&_nc_ht=scontent.ftgz4-1.fna&_nc_gid=GVRG_tzL10ng8kOSsQmXDw&_nc_ss=7f180&oh=00_AQAw26i_4aAY4Fq2rZa-kmre7egqFuDQqBPh6dLAvnpDvQ&oe=6A50C117,,"['FACEBOOK', 'INSTAGRAM', 'THREADS']",au,cw,facebook,social,2026-W27,2026-07,"FACEBOOK, INSTAGRAM, THREADS",True,True,False,False,True,False,Brand/Category Page,True,False,False,2026-07-06,2026-04-16 07:00:00,2026-07-06 16:23:53.030278,81
1890628551634654,842946934783585,True,2026-04-16 07:00:00,2026-07-05 07:00:00,Chemist Warehouse,Chemist Warehouse,{{product.name}},{{product.brand}},Shop now,DCO,https://www.chemistwarehouse.com.au/shop-online/705653/vida-glow?utm_source=facebook&utm_medium=social&utm_campaign=au_cw_coop_facebook_social_vidaglow_vidaglow_81_2026_100167-bau_video-image&utm_term=traffic&utm_content=video-image_static-3,www.chemistwarehouse.com.au,/shop-online/705653/vida-glow,facebook,social,au_cw_coop_facebook_social_vidaglow_vidaglow_81_2026_100167-bau_video-image,81,traffic,video-image_static-3,Coop,Vidaglow,Vidaglow,2026,video-image,Marine Collagen Peptides,"Pure, potent and simple to use. Add Vida Glow Natural Marine Collagen to your routine to support skin elasticity and hydration.",Shop Now,https://scontent.ftgz4-1.fna.fbcdn.net/v/t39.35426-6/671640447_2128346511286352_5026946083298738315_n.jpg?_nc_cat=102&ccb=1-7&_nc_sid=c53f8f&_nc_ohc=7sl79rmNFdEQ7kNvwEewm_M&_nc_oc=Adp_R3GBCJQOrhtW2A56Rl6ibotQLMCytaB7nS3lozz_AMbYIozdrWH8K8mKJYq1Evc&_nc_zt=14&_nc_ht=scontent.ftgz4-1.fna&_nc_gid=GVRG_tzL10ng8kOSsQmXDw&_nc_ss=7f180&oh=00_AQDoar0F4aMxyhJgKCiT5_a9Eye7BzYjGD3oY4TVDaoXDg&oe=6A5093A0,,"['FACEBOOK', 'INSTAGRAM', 'THREADS']",au,cw,facebook,social,2026-W27,2026-07,"FACEBOOK, INSTAGRAM, THREADS",True,True,False,False,True,False,Brand/Category Page,True,False,False,2026-07-06,2026-04-16 07:00:00,2026-07-06 16:23:53.030278,81
935827842776576,4372948282988682,True,2026-04-16 07:00:00,2026-07-05 07:00:00,Chemist Warehouse,Chemist Warehouse,Marine Collagen Peptides,"Pure, potent and simple to use. Add Vida Glow Natural Marine Collagen to your routine to support skin elasticity and hydration.",Shop now,VIDEO,https://www.chemistwarehouse.com.au/shop-online/705653/vida-glow?utm_source=facebook&utm_medium=social&utm_campaign=au_cw_coop_facebook_social_vidaglow_vidaglow_81_2026_100167-bau_video-image&utm_term=traffic&utm_content=video-image_instore-video,www.chemistwarehouse.com.au,/shop-online/705653/vida-glow,facebook,social,au_cw_coop_facebook_social_vidaglow_vidaglow_81_2026_100167-bau_video-image,81,traffic,video-image_instore-video,Coop,Vidaglow,Vidaglow,2026,video-image,,,,,,"['FACEBOOK', 'INSTAGRAM', 'THREADS']",au,cw,facebook,social,2026-W27,2026-07,"FACEBOOK, INSTAGRAM, THREADS",True,True,False,False,True,False,Brand/Category Page,True,False,False,2026-07-06,2026-04-16 07:00:00,2026-07-06 16:23:53.030278,81
2208635399906564,1459674745641261,True,2026-04-20 07:00:00,2026-07-05 07:00:00,Chemist Warehouse,Chemist Warehouse,{{product.name}},{{product.brand}},Shop now,DCO,https://www.chemistwarehouse.com.au/shop-online/705652/old-spice?utm_source=facebook&utm_medium=social&utm_campaign=au_cw_coop_facebook_social_proctergambleaustralia_oldspice_259_2026_100078-bau_video&utm_term=traffic&utm_content=video_all,www.chemistwarehouse.com.au,/shop-online/705652/old-spice,facebook,social,au_cw_coop_facebook_social_proctergambleaustralia_oldspice_259_2026_100078-bau_video,259,traffic,video_all,Coop,Proctergambleaustralia,Oldspice,2026,video,Try Old Spice Sticks!,Long-lasting sweat and odor protection. Feel 2x fresher with a perfume-quality fragrance!,Shop Now,https://scontent.ftgz4-1.fna.fbcdn.net/v/t39.35426-6/673558275_2366072413870705_6957809162252667346_n.jpg?_nc_cat=106&ccb=1-7&_nc_sid=c53f8f&_nc_ohc=zamCmJtNKaYQ7kNvwFcpTJB&_nc_oc=Adr0-X2yuiz4_2x8fXd08d_4cIsvUfW2rE62_qapRQg_s4LK9p196Y0MsyhaMCG8a9k&_nc_zt=14&_nc_ht=scontent.ftgz4-1.fna&_nc_gid=GVRG_tzL10ng8kOSsQmXDw&_nc_ss=7f180&oh=00_AQBD-3jRTwWXnz4muG_ppDR7Sc0p7Qt4opzn1zK0LuBo6g&oe=6A508B34,,"['FACEBOOK', 'INSTAGRAM', 'AUDIENCE_NETWORK', 'MESSENGER', 'THREADS']",au,cw,facebook,social,2026-W27,2026-07,"FACEBOOK, INSTAGRAM, AUDIENCE_NETWORK, MESSENGER, THREADS",True,True,True,True,True,False,Brand/Category Page,True,False,False,2026-07-06,2026-04-20 07:00:00,2026-07-06 16:23:53.030278,77
2060339631182666,,True,2026-04-13 07:00:00,2026-07-05 07:00:00,Chemist Warehouse,Chemist Warehouse,Get Pro Results Now,Experience the professional power of L'Oréal Professionnel Metal Detox Mask. The expert anti-metal shield for vibrant color.,Shop now,IMAGE,https://fb.com/canvas_doc/1616168926257167,fb.com,/canvas_doc/1616168926257167,,,,,,,Not Specified,,,,,,,,,,"['FACEBOOK', 'INSTAGRAM', 'AUDIENCE_NETWORK', 'MESSENGER', 'THREADS']",,,,,2026-W27,2026-07,"FACEBOOK, INSTAGRAM, AUDIENCE_NETWORK, MESSENGER, THREADS",True,True,True,True,True,False,Internal/App Page,True,False,False,2026-07-06,2026-04-13 07:00:00,2026-07-06 16:23:53.030278,84
880424455053168,,True,2026-04-12 07:00:00,2026-07-05 07:00:00,Chemist Warehouse,Chemist Warehouse,Strength in Every Drop,"Arnica powered, so you can keep on going. That's the Brauer promise.",Learn more,IMAGE,https://fb.com/canvas_doc/968934032313613,fb.com,/canvas_doc/968934032313613,,,,,,,Not Specified,,,,,,,,,,"['FACEBOOK', 'INSTAGRAM', 'THREADS']",,,,,2026-W27,2026-07,"FACEBOOK, INSTAGRAM, THREADS",True,True,False,False,True,False,Internal/App Page,True,False,False,2026-07-06,2026-04-12 07:00:00,2026-07-06 16:23:53.030278,85
2432051393904277,,True,2026-04-12 07:00:00,2026-07-05 07:00:00,Chemist Warehouse,Chemist Warehouse,Strength in Every Drop,"Brauer is there for the nights that test you both. Gentle, effective relief for peace of mind in every drop.",Learn more,IMAGE,https://fb.com/canvas_doc/977370358141098,fb.com,/canvas_doc/977370358141098,,,,,,,Not Specified,,,,,,,,,,"['FACEBOOK', 'INSTAGRAM', 'AUDIENCE_NETWORK', 'MESSENGER', 'THREADS']",,,,,2026-W27,2026-07,"FACEBOOK, INSTAGRAM, AUDIENCE_NETWORK, MESSENGER, THREADS",True,True,True,True,True,False,Internal/App Page,True,False,False,2026-07-06,2026-04-12 07:00:00,2026-07-06 16:23:53.030278,85
1507944674154297,1271297135144101,True,2026-04-12 07:00:00,2026-07-05 07:00:00,Chemist Warehouse,Chemist Warehouse,{{product.name}},{{product.brand}},Learn more,DCO,https://www.chemistwarehouse.com.au/shop-online/1066/matrix?utm_source=facebook&utm_medium=social&utm_campaign=au_cw_coop_facebook_social_lorealprofessional_matrix_129_2026_100047-bau_image&utm_term=reach&utm_content=image_curly,www.chemistwarehouse.com.au,/shop-online/1066/matrix,facebook,social,au_cw_coop_facebook_social_lorealprofessional_matrix_129_2026_100047-bau_image,129,reach,image_curly,Coop,Lorealprofessional,Matrix,2026,image,Matrix x KATSEYE: Hair in motion.,Matrix x KATSEYE: Pro haircare that transforms every choreography into a stunning hairography. Stage-ready hair!,Learn More,https://scontent.ftgz4-1.fna.fbcdn.net/v/t39.35426-6/672261616_951905554253352_5687681549465139754_n.jpg?_nc_cat=101&ccb=1-7&_nc_sid=c53f8f&_nc_ohc=XwZVqNrmQa0Q7kNvwF2DxV9&_nc_oc=AdpJf-zlKKNKq2luyJEpL8aRjlQYJKomiaKj3S5IdpVmKuaw6Zkq2aBwWEMM77vi_dI&_nc_zt=14&_nc_ht=scontent.ftgz4-1.fna&_nc_gid=GVRG_tzL10ng8kOSsQmXDw&_nc_ss=7f180&oh=00_AQAJ_XNSVjn6ddWRr6xJSs0_rcJ5kqAB8LfA2Ml_7DkRtw&oe=6A508DEE,,"['FACEBOOK', 'INSTAGRAM', 'AUDIENCE_NETWORK', 'WHATSAPP', 'THREADS']",au,cw,facebook,social,2026-W27,2026-07,"FACEBOOK, INSTAGRAM, AUDIENCE_NETWORK, WHATSAPP, THREADS",True,True,True,False,True,True,Brand/Category Page,True,False,False,2026-07-06,2026-04-12 07:00:00,2026-07-06 16:23:53.030278,85
942568748506532,,True,2026-04-12 07:00:00,2026-07-05 07:00:00,Chemist Warehouse,Chemist Warehouse,Strength in Every Drop,"Gentle, effective, and easy to take. Support your child’s growth and immunity with Brauer.",Learn more,IMAGE,https://fb.com/canvas_doc/911514928554732,fb.com,/canvas_doc/911514928554732,,,,,,,Not Specified,,,,,,,,,,"['FACEBOOK', 'INSTAGRAM', 'AUDIENCE_NETWORK', 'MESSENGER', 'THREADS']",,,,,2026-W27,2026-07,"FACEBOOK, INSTAGRAM, AUDIENCE_NETWORK, MESSENGER, THREADS",True,True,True,True,True,False,Internal/App Page,True,False,False,2026-07-06,2026-04-12 07:00:00,2026-07-06 16:23:53.030278,85
1596598248275517,,True,2026-04-12 07:00:00,2026-07-05 07:00:00,Chemist Warehouse,Chemist Warehouse,Strength in Every Drop,"Arnica powered, so you can keep on going. That's the Brauer promise.",Learn more,IMAGE,https://fb.com/canvas_doc/1388740719689421,fb.com,/canvas_doc/1388740719689421,,,,,,,Not Specified,,,,,,,,,,"['FACEBOOK', 'INSTAGRAM', 'THREADS']",,,,,2026-W27,2026-07,"FACEBOOK, INSTAGRAM, THREADS",True,True,False,False,True,False,Internal/App Page,True,False,False,2026-07-06,2026-04-12 07:00:00,2026-07-06 16:23:53.030278,85
1473170841054570,1096443559353880,True,2026-04-10 07:00:00,2026-07-04 07:00:00,Chemist Warehouse,Chemist Warehouse,Uh oh cold & flu?,"Get powerful cold & flu relief with Demazin & power through winter! 
Always read the label and follow the directions for use.",Shop now,VIDEO,https://fb.com/canvas_doc/917601674372651,fb.com,/canvas_doc/917601674372651,,,,,,,Not Specified,,,,,,,,,,"['FACEBOOK', 'INSTAGRAM', 'THREADS']",,,,,2026-W27,2026-07,"FACEBOOK, INSTAGRAM, THREADS",True,True,False,False,True,False,Internal/App Page,True,False,False,2026-07-06,2026-04-10 07:00:00,2026-07-06 16:23:53.030278,87
1426659215907572,,True,2026-04-10 07:00:00,2026-07-05 07:00:00,Chemist Warehouse,Chemist Warehouse,Ready For Winter?,"Find effective relief & power through your cold & flu, cough & sore throat symptoms",Shop now,IMAGE,https://fb.com/canvas_doc/1741600727248325,fb.com,/canvas_doc/1741600727248325,,,,,,,Not Specified,,,,,,,,,,"['FACEBOOK', 'INSTAGRAM', 'THREADS']",,,,,2026-W27,2026-07,"FACEBOOK, INSTAGRAM, THREADS",True,True,False,False,True,False,Internal/App Page,True,False,False,2026-07-06,2026-04-10 07:00:00,2026-07-06 16:23:53.030278,87
1498327918303122,,True,2026-04-10 07:00:00,2026-07-04 07:00:00,Chemist Warehouse,Chemist Warehouse,Ready For Winter?,Power Through This Winter When Cold & Flu Symptoms Hit - Be Prepared With This Bundle,Shop now,IMAGE,https://fb.com/canvas_doc/1468049511366417,fb.com,/canvas_doc/1468049511366417,,,,,,,Not Specified,,,,,,,,,,"['FACEBOOK', 'INSTAGRAM', 'THREADS']",,,,,2026-W27,2026-07,"FACEBOOK, INSTAGRAM, THREADS",True,True,False,False,True,False,Internal/App Page,True,False,False,2026-07-06,2026-04-10 07:00:00,2026-07-06 16:23:53.030278,87
1486010796247859,,True,2026-04-10 07:00:00,2026-07-03 07:00:00,Chemist Warehouse,Chemist Warehouse,Sore throat?,"Act fast with Difflam’s NEW 3in1 Throat Lozenge. Get fast soothing relief for sore throat, cough and blocked nose.",Shop now,IMAGE,https://fb.com/canvas_doc/1693396895352550,fb.com,/canvas_doc/1693396895352550,,,,,,,Not Specified,,,,,,,,,,"['FACEBOOK', 'INSTAGRAM', 'THREADS']",,,,,2026-W27,2026-07,"FACEBOOK, INSTAGRAM, THREADS",True,True,False,False,True,False,Internal/App Page,True,False,False,2026-07-06,2026-04-10 07:00:00,2026-07-06 16:23:53.030278,87
1432076881478933,,True,2026-04-10 07:00:00,2026-07-04 07:00:00,Chemist Warehouse,Chemist Warehouse,Sore throat?,Act fast at the first sign of a sore throat with Betadine.,Shop now,IMAGE,https://fb.com/canvas_doc/950214430734833,fb.com,/canvas_doc/950214430734833,,,,,,,Not Specified,,,,,,,,,,"['FACEBOOK', 'INSTAGRAM', 'THREADS']",,,,,2026-W27,2026-07,"FACEBOOK, INSTAGRAM, THREADS",True,True,False,False,True,False,Internal/App Page,True,False,False,2026-07-06,2026-04-10 07:00:00,2026-07-06 16:23:53.030278,87
1435568848347425,,True,2026-04-10 07:00:00,2026-07-05 07:00:00,Chemist Warehouse,Chemist Warehouse,Uh oh kids down with a cold?,"Demazin provides trusted relief for the whole family when sickness strikes 🤧
Always read the label and follow the directions for use.",Shop now,IMAGE,https://fb.com/canvas_doc/1132305695691694,fb.com,/canvas_doc/1132305695691694,,,,,,,Not Specified,,,,,,,,,,"['FACEBOOK', 'INSTAGRAM', 'THREADS']",,,,,2026-W27,2026-07,"FACEBOOK, INSTAGRAM, THREADS",True,True,False,False,True,False,Internal/App Page,True,False,False,2026-07-06,2026-04-10 07:00:00,2026-07-06 16:23:53.030278,87
3918989318232751,1000676038965533,True,2026-04-30 07:00:00,2026-07-05 07:00:00,Chemist Warehouse,Chemist Warehouse,Shop at Chemist Warehouse,Just got back from Korea… and you can literally buy some of their most viral skincare at @ChemistWarehouseaus 🤯 Skin1004 is now available! Think barrier support but affordable with quality ingredients!,Shop now,VIDEO,https://www.chemistwarehouse.com.au/shop-online/705490/skin1004?utm_source=facebook&utm_medium=social&utm_campaign=au_cw_oa_facebook_social_cravercorporation_skin1004_665_mar26_100366-oa_video-image&utm_term=traffic&utm_content=video-influencer-peyton,www.chemistwarehouse.com.au,/shop-online/705490/skin1004,facebook,social,au_cw_oa_facebook_social_cravercorporation_skin1004_665_mar26_100366-oa_video-image,665,traffic,video-influencer-peyton,O&O,Cravercorporation,Skin1004,mar26,video-image,,,,,,"['FACEBOOK', 'INSTAGRAM', 'AUDIENCE_NETWORK', 'MESSENGER', 'THREADS']",au,cw,facebook,social,2026-W27,2026-07,"FACEBOOK, INSTAGRAM, AUDIENCE_NETWORK, MESSENGER, THREADS",True,True,True,True,True,False,Brand/Category Page,True,True,False,2026-07-06,2026-04-30 07:00:00,2026-07-06 16:23:53.030278,67
942746435389643,1000676038965533,True,2026-04-29 07:00:00,2026-07-04 07:00:00,Chemist Warehouse,Chemist Warehouse,Shop at Chemist Warehouse,Just got back from Korea… and you can literally buy some of their most viral skincare at @ChemistWarehouseaus 🤯 Skin1004 is now available! Think barrier support but affordable with quality ingredients!,Shop now,VIDEO,https://www.chemistwarehouse.com.au/shop-online/705490/skin1004?utm_source=facebook&utm_medium=social&utm_campaign=au_cw_oa_facebook_social_cravercorporation_skin1004_665_mar26_100366-oa_video-image&utm_term=traffic&utm_content=video-influencer-peyton,www.chemistwarehouse.com.au,/shop-online/705490/skin1004,facebook,social,au_cw_oa_facebook_social_cravercorporation_skin1004_665_mar26_100366-oa_video-image,665,traffic,video-influencer-peyton,O&O,Cravercorporation,Skin1004,mar26,video-image,,,,,,"['FACEBOOK', 'INSTAGRAM', 'AUDIENCE_NETWORK', 'MESSENGER', 'THREADS']",au,cw,facebook,social,2026-W27,2026-07,"FACEBOOK, INSTAGRAM, AUDIENCE_NETWORK, MESSENGER, THREADS",True,True,True,True,True,False,Brand/Category Page,True,True,False,2026-07-06,2026-04-29 07:00:00,2026-07-06 16:23:53.030278,68
1710932767011501,846817658437919,True,2026-04-30 07:00:00,2026-07-04 07:00:00,Chemist Warehouse,Chemist Warehouse,Shop at Chemist Warehouse,Shop SKIN1004 Madagascar Centella Ampoule at Chemist Warehouse.,Shop now,VIDEO,https://www.chemistwarehouse.com.au/shop-online/705490/skin1004?utm_source=facebook&utm_medium=social&utm_campaign=au_cw_oa_facebook_social_cravercorporation_skin1004_665_mar26_100366-oa_video-image&utm_term=traffic&utm_content=video-influencer-instore,www.chemistwarehouse.com.au,/shop-online/705490/skin1004,facebook,social,au_cw_oa_facebook_social_cravercorporation_skin1004_665_mar26_100366-oa_video-image,665,traffic,video-influencer-instore,O&O,Cravercorporation,Skin1004,mar26,video-image,,,,,,"['FACEBOOK', 'INSTAGRAM', 'AUDIENCE_NETWORK', 'MESSENGER', 'THREADS']",au,cw,facebook,social,2026-W27,2026-07,"FACEBOOK, INSTAGRAM, AUDIENCE_NETWORK, MESSENGER, THREADS",True,True,True,True,True,False,Brand/Category Page,True,True,False,2026-07-06,2026-04-30 07:00:00,2026-07-06 16:23:53.030278,67
1241043811168879,1586699756203740,True,2026-04-30 07:00:00,2026-07-05 07:00:00,Chemist Warehouse,Chemist Warehouse,Shop at Chemist Warehouse,K-beauty found a new lover and surprise surprise its me @chemistwarehouseaus,Shop now,VIDEO,https://www.chemistwarehouse.com.au/shop-online/705490/skin1004?utm_source=facebook&utm_medium=social&utm_campaign=au_cw_oa_facebook_social_cravercorporation_skin1004_665_mar26_100366-oa_video-image&utm_term=traffic&utm_content=video-influencer-adelle,www.chemistwarehouse.com.au,/shop-online/705490/skin1004,facebook,social,au_cw_oa_facebook_social_cravercorporation_skin1004_665_mar26_100366-oa_video-image,665,traffic,video-influencer-adelle,O&O,Cravercorporation,Skin1004,mar26,video-image,,,,,,"['FACEBOOK', 'INSTAGRAM', 'AUDIENCE_NETWORK', 'MESSENGER', 'THREADS']",au,cw,facebook,social,2026-W27,2026-07,"FACEBOOK, INSTAGRAM, AUDIENCE_NETWORK, MESSENGER, THREADS",True,True,True,True,True,False,Brand/Category Page,True,True,False,2026-07-06,2026-04-30 07:00:00,2026-07-06 16:23:53.030278,67
4348886145387108,846817658437919,True,2026-04-29 07:00:00,2026-07-03 07:00:00,Chemist Warehouse,Chemist Warehouse,Shop at Chemist Warehouse,Shop SKIN1004 Madagascar Centella Ampoule at Chemist Warehouse.,Shop now,VIDEO,https://www.chemistwarehouse.com.au/shop-online/705490/skin1004?utm_source=facebook&utm_medium=social&utm_campaign=au_cw_oa_facebook_social_cravercorporation_skin1004_665_mar26_100366-oa_video-image&utm_term=traffic&utm_content=video-influencer-instore,www.chemistwarehouse.com.au,/shop-online/705490/skin1004,facebook,social,au_cw_oa_facebook_social_cravercorporation_skin1004_665_mar26_100366-oa_video-image,665,traffic,video-influencer-instore,O&O,Cravercorporation,Skin1004,mar26,video-image,,,,,,"['FACEBOOK', 'INSTAGRAM', 'AUDIENCE_NETWORK', 'MESSENGER', 'THREADS']",au,cw,facebook,social,2026-W27,2026-07,"FACEBOOK, INSTAGRAM, AUDIENCE_NETWORK, MESSENGER, THREADS",True,True,True,True,True,False,Brand/Category Page,True,True,False,2026-07-06,2026-04-29 07:00:00,2026-07-06 16:23:53.030278,68
1283739206518387,,True,2026-04-24 07:00:00,2026-07-05 07:00:00,Chemist Warehouse,Chemist Warehouse,{{product.name}},Shop Oral-B iO at Chemist Warehouse,Shop now,DPA,http://www.chemistwarehouse.com.au/,www.chemistwarehouse.com.au,/,,,,,,,Not Specified,,,,,Oral B Power Toothbrush iO 3 Series Clean & Whiten,Shop Oral-B iO at Chemist Warehouse,Shop Now,https://scontent.ftgz4-1.fna.fbcdn.net/v/t39.35426-6/679849133_1435428961602097_6139486467884621177_n.jpg?_nc_cat=106&ccb=1-7&_nc_sid=c53f8f&_nc_ohc=-mKprUAk3tsQ7kNvwHUYMYp&_nc_oc=AdqjjPyTvbCiHC5QzxwB2u2JFqiBrweoQb8U4E_sYKnFodAf0lUVUNWrpILffSnMKl0&_nc_zt=14&_nc_ht=scontent.ftgz4-1.fna&_nc_gid=ntR9s_JLrLf86yPNISWgRg&_nc_ss=7f180&oh=00_AQAR0LARHcJ-aAyRHBf-MpFuHoPaVH8N_LBqTO65aKw-sg&oe=6A50C2B9,,"['FACEBOOK', 'INSTAGRAM', 'AUDIENCE_NETWORK', 'MESSENGER', 'THREADS']",,,,,2026-W27,2026-07,"FACEBOOK, INSTAGRAM, AUDIENCE_NETWORK, MESSENGER, THREADS",True,True,True,True,True,False,Homepage,True,True,False,2026-07-06,2026-04-24 07:00:00,2026-07-06 16:23:53.030278,73
922860893922528,1320915516582927,True,2026-04-28 07:00:00,2026-07-05 07:00:00,Chemist Warehouse,Chemist Warehouse,{{product.name}},{{product.brand}},Shop now,DCO,https://www.chemistwarehouse.com.au/shop-online/4617/essano-skincare?utm_source=facebook&utm_medium=social&utm_campaign=au_cw_coop_facebook_social_vitalitybrandsworldwide_essano_665_2026_100243-bau_video-image&utm_term=traffic&utm_content=video-image_all,www.chemistwarehouse.com.au,/shop-online/4617/essano-skincare,facebook,social,au_cw_coop_facebook_social_vitalitybrandsworldwide_essano_665_2026_100243-bau_video-image,665,traffic,video-image_all,Coop,Vitalitybrandsworldwide,Essano,2026,video-image,Your collagen comeback starts here,Essano Collagen Boost. With skin plumping actives.,Shop Now,https://scontent.ftgz4-1.fna.fbcdn.net/v/t39.35426-6/681243427_2125048944981040_7464708014561087283_n.jpg?_nc_cat=111&ccb=1-7&_nc_sid=c53f8f&_nc_ohc=TFtZjG413msQ7kNvwE3LHTy&_nc_oc=AdpeBTRpOKcSzPsesgY_BnrbyUIjgBmgC-tRulLFki_TTlZANL3NDCw0rx58joNBDS8&_nc_zt=14&_nc_ht=scontent.ftgz4-1.fna&_nc_gid=ntR9s_JLrLf86yPNISWgRg&_nc_ss=7f180&oh=00_AQAlSK0s16BaaGQUfJJ88DOnPGHQkJwK3qvtXUhoM6fYGg&oe=6A509A41,,"['FACEBOOK', 'INSTAGRAM', 'AUDIENCE_NETWORK', 'MESSENGER', 'THREADS']",au,cw,facebook,social,2026-W27,2026-07,"FACEBOOK, INSTAGRAM, AUDIENCE_NETWORK, MESSENGER, THREADS",True,True,True,True,True,False,Brand/Category Page,True,False,False,2026-07-06,2026-04-28 07:00:00,2026-07-06 16:23:53.030278,69
3226258364248977,,True,2026-04-10 07:00:00,2026-07-05 07:00:00,Chemist Warehouse,Chemist Warehouse,Chesty Cough?,"Feeling trapped by your cough? Get DURO-TOUGH with DURO-TUSS!
Always read the label and follow the directions for use.",Shop now,IMAGE,https://fb.com/canvas_doc/27349074794681884,fb.com,/canvas_doc/27349074794681884,,,,,,,Not Specified,,,,,,,,,,"['FACEBOOK', 'INSTAGRAM', 'THREADS']",,,,,2026-W27,2026-07,"FACEBOOK, INSTAGRAM, THREADS",True,True,False,False,True,False,Internal/App Page,True,False,False,2026-07-06,2026-04-10 07:00:00,2026-07-06 16:23:53.030278,87
931618246534333,904511255955079,True,2026-04-24 07:00:00,2026-07-05 07:00:00,Chemist Warehouse,Chemist Warehouse,{{product.name}},{{product.brand}},Shop now,DCO,https://www.chemistwarehouse.com.au/shop-online/705405/oral-b?utm_source=facebook&utm_medium=social&utm_campaign=au_cw_coop_facebook_social_proctergambleaustralia_oralb_159_2026_100078-bau_video-image&utm_term=conversion&utm_content=video-image_all,www.chemistwarehouse.com.au,/shop-online/705405/oral-b,facebook,social,au_cw_coop_facebook_social_proctergambleaustralia_oralb_159_2026_100078-bau_video-image,159,conversion,video-image_all,Coop,Proctergambleaustralia,Oralb,2026,video-image,Oral-B 3D White,Brighten your smile with Oral-B! Removes tough surface stains to reveal a whiter smile,Shop Now,https://scontent.ftgz4-1.fna.fbcdn.net/v/t39.35426-6/681186044_1335483215061311_2113925251303489146_n.jpg?_nc_cat=111&ccb=1-7&_nc_sid=c53f8f&_nc_ohc=KVcloUyMJ-kQ7kNvwESr8k7&_nc_oc=AdpX8rZQZnrD9ZGhHJZcpkj-13RktsjmvCda-Q4Fzo5gchDzjE0td39V8mPPKJZZ6dM&_nc_zt=14&_nc_ht=scontent.ftgz4-1.fna&_nc_gid=GVRG_tzL10ng8kOSsQmXDw&_nc_ss=7f180&oh=00_AQBe56KraJxn_h6Lwf2aLUN-AsNlp1-WFHn-l3szvQTTbA&oe=6A50AE39,,"['FACEBOOK', 'INSTAGRAM', 'AUDIENCE_NETWORK', 'MESSENGER', 'THREADS']",au,cw,facebook,social,2026-W27,2026-07,"FACEBOOK, INSTAGRAM, AUDIENCE_NETWORK, MESSENGER, THREADS",True,True,True,True,True,False,Brand/Category Page,True,False,False,2026-07-06,2026-04-24 07:00:00,2026-07-06 16:23:53.030278,73
2026875037861077,26775905588697159,True,2026-04-24 07:00:00,2026-07-05 07:00:00,Chemist Warehouse,Chemist Warehouse,{{product.name}},{{product.brand}},Shop now,DCO,https://www.chemistwarehouse.com.au/shop-online/705405/oral-b?utm_source=facebook&utm_medium=social&utm_campaign=au_cw_coop_facebook_social_proctergambleaustralia_oralb_159_2026_100078-bau_video-image&utm_term=conversion&utm_content=video-image_all,www.chemistwarehouse.com.au,/shop-online/705405/oral-b,facebook,social,au_cw_coop_facebook_social_proctergambleaustralia_oralb_159_2026_100078-bau_video-image,159,conversion,video-image_all,Coop,Proctergambleaustralia,Oralb,2026,video-image,Oral-B 3D White,Brighten your smile with Oral-B! Removes tough surface stains to reveal a whiter smile,Shop Now,https://scontent.ftgz4-1.fna.fbcdn.net/v/t39.35426-6/679620282_1493463785839608_2255260499557027136_n.jpg?_nc_cat=103&ccb=1-7&_nc_sid=c53f8f&_nc_ohc=kf59uV5UaUQQ7kNvwGdytXE&_nc_oc=Adpo1bVVmno5TQK840skVTr_bOt6s5AdOFFqJSAJdBxnKJ0Yf_1jOuldxtpFGmoDM9M&_nc_zt=14&_nc_ht=scontent.ftgz4-1.fna&_nc_gid=ntR9s_JLrLf86yPNISWgRg&_nc_ss=7f180&oh=00_AQCvjkSmpEtOAG8deWqDfRA3crszu20TDxEDFem1PcSUTA&oe=6A509990,,"['FACEBOOK', 'INSTAGRAM', 'AUDIENCE_NETWORK', 'MESSENGER', 'THREADS']",au,cw,facebook,social,2026-W27,2026-07,"FACEBOOK, INSTAGRAM, AUDIENCE_NETWORK, MESSENGER, THREADS",True,True,True,True,True,False,Brand/Category Page,True,False,False,2026-07-06,2026-04-24 07:00:00,2026-07-06 16:23:53.030278,73
1837331666941292,,True,2026-04-24 07:00:00,2026-07-05 07:00:00,Chemist Warehouse,Chemist Warehouse,Stock up - sale on now!,This is your sign to switch out your old toothbrush head - change now to get back to 100% cleaning power!,Learn more,IMAGE,https://fb.com/canvas_doc/1566257237913544,fb.com,/canvas_doc/1566257237913544,,,,,,,Not Specified,,,,,,,,,,"['FACEBOOK', 'INSTAGRAM', 'AUDIENCE_NETWORK', 'MESSENGER', 'THREADS']",,,,,2026-W27,2026-07,"FACEBOOK, INSTAGRAM, AUDIENCE_NETWORK, MESSENGER, THREADS",True,True,True,True,True,False,Internal/App Page,True,False,False,2026-07-06,2026-04-24 07:00:00,2026-07-06 16:23:53.030278,73
1285726926318973,956759043570802,True,2026-04-10 07:00:00,2026-07-04 07:00:00,Chemist Warehouse,Chemist Warehouse,Stubborn Dry Cough?,"Feeling trapped by your stubborn dry cough? Get DURO-TOUGH with DURO-TUSS.
Always read the label and follow the directions for use.",Shop now,VIDEO,https://fb.com/canvas_doc/1373188091522221,fb.com,/canvas_doc/1373188091522221,,,,,,,Not Specified,,,,,,,,,,"['FACEBOOK', 'INSTAGRAM', 'THREADS']",,,,,2026-W27,2026-07,"FACEBOOK, INSTAGRAM, THREADS",True,True,False,False,True,False,Internal/App Page,True,False,False,2026-07-06,2026-04-10 07:00:00,2026-07-06 16:23:53.030278,87
1678104886947518,1650372882867076,True,2026-04-24 07:00:00,2026-07-05 07:00:00,Chemist Warehouse,Chemist Warehouse,{{product.name}},{{product.brand}},Shop now,DCO,https://www.chemistwarehouse.com.au/shop-online/705405/oral-b?utm_source=facebook&utm_medium=social&utm_campaign=au_cw_coop_facebook_social_proctergambleaustralia_oralb_159_2026_100078-bau_video-image&utm_term=conversion&utm_content=video-image_all,www.chemistwarehouse.com.au,/shop-online/705405/oral-b,facebook,social,au_cw_coop_facebook_social_proctergambleaustralia_oralb_159_2026_100078-bau_video-image,159,conversion,video-image_all,Coop,Proctergambleaustralia,Oralb,2026,video-image,Oral-B brush heads,A worn brush won't clean your teeth properly! Change to get back to 100% cleaning power,Shop Now,https://scontent.ftgz4-1.fna.fbcdn.net/v/t39.35426-6/678831649_1490660722700498_8335171074885402848_n.jpg?_nc_cat=109&ccb=1-7&_nc_sid=c53f8f&_nc_ohc=rqf4EmCS39AQ7kNvwE3_6ug&_nc_oc=AdrvIuRBNDQ0SWPc_FLwtqCPrG9nG_lowi7cji-lewzbobhf5ooYNADt5gGay3XhZo4&_nc_zt=14&_nc_ht=scontent.ftgz4-1.fna&_nc_gid=ntR9s_JLrLf86yPNISWgRg&_nc_ss=7f180&oh=00_AQCgBQrtO4pR9qzpMerumh4_shXtgbSPRdEI6plsXfRb9w&oe=6A509E28,,"['FACEBOOK', 'INSTAGRAM', 'AUDIENCE_NETWORK', 'MESSENGER', 'THREADS']",au,cw,facebook,social,2026-W27,2026-07,"FACEBOOK, INSTAGRAM, AUDIENCE_NETWORK, MESSENGER, THREADS",True,True,True,True,True,False,Brand/Category Page,True,False,False,2026-07-06,2026-04-24 07:00:00,2026-07-06 16:23:53.030278,73
960633843277925,964120622861651,True,2026-04-10 07:00:00,2026-07-04 07:00:00,Chemist Warehouse,Chemist Warehouse,Sore throat?,"Act fast with Difflam’s NEW 3in1 Throat Lozenge. Get fast soothing relief for sore throat, cough and blocked nose.",Shop now,VIDEO,https://fb.com/canvas_doc/956788387312728,fb.com,/canvas_doc/956788387312728,,,,,,,Not Specified,,,,,,,,,,"['FACEBOOK', 'INSTAGRAM', 'THREADS']",,,,,2026-W27,2026-07,"FACEBOOK, INSTAGRAM, THREADS",True,True,False,False,True,False,Internal/App Page,True,False,False,2026-07-06,2026-04-10 07:00:00,2026-07-06 16:23:53.030278,87
924349943815912,1508340580627327,True,2026-04-10 07:00:00,2026-07-05 07:00:00,Chemist Warehouse,Chemist Warehouse,Chesty Cough?,"Feeling trapped by your cough? Get DURO-TOUGH with DURO-TUSS!
Always read the label and follow the directions for use.",Shop now,VIDEO,https://fb.com/canvas_doc/3962556630554648,fb.com,/canvas_doc/3962556630554648,,,,,,,Not Specified,,,,,,,,,,"['FACEBOOK', 'INSTAGRAM', 'THREADS']",,,,,2026-W27,2026-07,"FACEBOOK, INSTAGRAM, THREADS",True,True,False,False,True,False,Internal/App Page,True,False,False,2026-07-06,2026-04-10 07:00:00,2026-07-06 16:23:53.030278,87
988942250373942,,True,2026-04-22 07:00:00,2026-07-05 07:00:00,Chemist Warehouse,Chemist Warehouse,Developed with dermatologists,"CeraVe, Developed with Dermatologists. Shop now at Chemist Warehouse!",Shop now,IMAGE,https://fb.com/canvas_doc/1512713406952080,fb.com,/canvas_doc/1512713406952080,,,,,,,Not Specified,,,,,,,,,,"['FACEBOOK', 'INSTAGRAM', 'AUDIENCE_NETWORK', 'MESSENGER', 'THREADS']",,,,,2026-W27,2026-07,"FACEBOOK, INSTAGRAM, AUDIENCE_NETWORK, MESSENGER, THREADS",True,True,True,True,True,False,Internal/App Page,True,True,False,2026-07-06,2026-04-22 07:00:00,2026-07-06 16:23:53.030278,75
954773073582189,1500000098503108,True,2026-04-10 07:00:00,2026-07-05 07:00:00,Chemist Warehouse,Chemist Warehouse,Uh oh kids down with a cold?,"Demazin provides trusted relief for the whole family when sickness strikes 🤧
Always read the label and follow the directions for use.",Shop now,VIDEO,https://fb.com/canvas_doc/4152945264955912,fb.com,/canvas_doc/4152945264955912,,,,,,,Not Specified,,,,,,,,,,"['FACEBOOK', 'INSTAGRAM', 'THREADS']",,,,,2026-W27,2026-07,"FACEBOOK, INSTAGRAM, THREADS",True,True,False,False,True,False,Internal/App Page,True,False,False,2026-07-06,2026-04-10 07:00:00,2026-07-06 16:23:53.030278,87
1464282441854740,1656442205401814,True,2026-04-09 07:00:00,2026-07-05 07:00:00,Chemist Warehouse,Chemist Warehouse,{{product.name}},{{product.brand}},Shop now,DCO,https://www.chemistwarehouse.com.au/shop-online/2128/bio-island?utm_source=facebook&utm_medium=social&utm_campaign=au_cw_coop_facebook_social_jbxptyltd_bioisland_81_2026_bau_dynamic&utm_term=conversion&utm_content=dynamic_brand,www.chemistwarehouse.com.au,/shop-online/2128/bio-island,facebook,social,au_cw_coop_facebook_social_jbxptyltd_bioisland_81_2026_bau_dynamic,81,conversion,dynamic_brand,Coop,Jbxptyltd,Bioisland,2026,dynamic,Bio Island DHA for Pregnancy,Bio Island DHA for Pregnancy helps support a healthy pregnancy and maternal health.,Shop Now,https://scontent.ftgz4-1.fna.fbcdn.net/v/t39.35426-6/668765413_1349199997256410_3952733425963684160_n.jpg?_nc_cat=107&ccb=1-7&_nc_sid=c53f8f&_nc_ohc=QxM8KGBnvcYQ7kNvwF5oQc5&_nc_oc=Adphr6mOU3yBe-HNgOYuJc12muCD2CsgPNv4a-FuwcBpEN4lluboVpzYV-ywSfgTit4&_nc_zt=14&_nc_ht=scontent.ftgz4-1.fna&_nc_gid=XVSE3r2lAZx-dqJONVLWHQ&_nc_ss=7f180&oh=00_AQC4uLMKzpvG4Xc5BMri61p6jTqRiSbpfwIrZKaHJYF4tA&oe=6A50A2E6,,"['FACEBOOK', 'INSTAGRAM', 'AUDIENCE_NETWORK', 'MESSENGER', 'THREADS']",au,cw,facebook,social,2026-W27,2026-07,"FACEBOOK, INSTAGRAM, AUDIENCE_NETWORK, MESSENGER, THREADS",True,True,True,True,True,False,Brand/Category Page,True,False,False,2026-07-06,2026-04-09 07:00:00,2026-07-06 16:23:53.030278,88
933262352676215,848062694979284,True,2026-04-09 07:00:00,2026-07-03 07:00:00,Chemist Warehouse,Chemist Warehouse,Shop the range at Chemist Warehouse,Shop the Thursday Plantation range in-store or online at Chemist Warehouse.,Shop now,VIDEO,https://www.chemistwarehouse.com.au/shop-online/1071/thursday-plantation?utm_source=facebook&utm_medium=social&utm_campaign=au_cw_oa_facebook_social_homartwellnessaustptyltd_thursdayplantation_665_apr26_100392-oa_video-image&utm_term=traffic&utm_content=video-image_influencer-yianna,www.chemistwarehouse.com.au,/shop-online/1071/thursday-plantation,facebook,social,au_cw_oa_facebook_social_homartwellnessaustptyltd_thursdayplantation_665_apr26_100392-oa_video-image,665,traffic,video-image_influencer-yianna,O&O,Homartwellnessaustptyltd,Thursdayplantation,apr26,video-image,,,,,,"['FACEBOOK', 'INSTAGRAM', 'MESSENGER']",au,cw,facebook,social,2026-W27,2026-07,"FACEBOOK, INSTAGRAM, MESSENGER",True,True,False,True,False,False,Brand/Category Page,True,True,False,2026-07-06,2026-04-09 07:00:00,2026-07-06 16:23:53.030278,88
2009871936543866,4512024849043559,True,2026-04-09 07:00:00,2026-07-04 07:00:00,Chemist Warehouse,Chemist Warehouse,Shop the range at Chemist Warehouse,Shop the Thursday Plantation range in-store or online at Chemist Warehouse.,Shop now,VIDEO,https://www.chemistwarehouse.com.au/shop-online/1071/thursday-plantation?utm_source=facebook&utm_medium=social&utm_campaign=au_cw_oa_facebook_social_homartwellnessaustptyltd_thursdayplantation_665_apr26_100392-oa_video-image&utm_term=traffic&utm_content=video-image_instore,www.chemistwarehouse.com.au,/shop-online/1071/thursday-plantation,facebook,social,au_cw_oa_facebook_social_homartwellnessaustptyltd_thursdayplantation_665_apr26_100392-oa_video-image,665,traffic,video-image_instore,O&O,Homartwellnessaustptyltd,Thursdayplantation,apr26,video-image,,,,,,"['FACEBOOK', 'INSTAGRAM', 'MESSENGER']",au,cw,facebook,social,2026-W27,2026-07,"FACEBOOK, INSTAGRAM, MESSENGER",True,True,False,True,False,False,Brand/Category Page,True,True,False,2026-07-06,2026-04-09 07:00:00,2026-07-06 16:23:53.030278,88
1650098199637257,26262158023378918,True,2026-04-06 07:00:00,2026-07-05 07:00:00,Chemist Warehouse,Chemist Warehouse,{{product.name}},{{product.brand}},Shop now,DCO,https://www.chemistwarehouse.com.au/shop-online/799/nicabate?utm_source=facebook&utm_medium=social&utm_campaign=au_cw_coop_facebook_social_marketingbrokersaustraliaptyltd_nicabate_258_2026_100177-bau_image&utm_term=traffic&utm_content=image_static1,www.chemistwarehouse.com.au,/shop-online/799/nicabate,facebook,social,au_cw_coop_facebook_social_marketingbrokersaustraliaptyltd_nicabate_258_2026_100177-bau_image,258,traffic,image_static1,Coop,Marketingbrokersaustraliaptyltd,Nicabate,2026,image,Turn Nicotine Cravings Down ,Learn how Nicabate can help you to stay on your quit journey.,Shop Now,https://scontent.ftgz4-1.fna.fbcdn.net/v/t39.35426-6/668627083_1919377809454381_5578959933370236325_n.jpg?_nc_cat=101&ccb=1-7&_nc_sid=c53f8f&_nc_ohc=TBpclc5A0IEQ7kNvwE_XhC5&_nc_oc=Ado1ZNVCrx96jV-mTPbie2gvlMrb94VBzhcO7womfRht3pCiLw4P5Egc--NJsbJDzDM&_nc_zt=14&_nc_ht=scontent.ftgz4-1.fna&_nc_gid=XVSE3r2lAZx-dqJONVLWHQ&_nc_ss=7f180&oh=00_AQBgWjRFMbr3xVfx0CoV48wD3Rp42aK0OrVzwPwaqSxQbg&oe=6A50C14F,,"['FACEBOOK', 'INSTAGRAM', 'AUDIENCE_NETWORK', 'MESSENGER', 'THREADS']",au,cw,facebook,social,2026-W27,2026-07,"FACEBOOK, INSTAGRAM, AUDIENCE_NETWORK, MESSENGER, THREADS",True,True,True,True,True,False,Brand/Category Page,True,False,False,2026-07-06,2026-04-06 07:00:00,2026-07-06 16:23:53.030278,91
1429394911793734,1393883255390259,True,2026-04-06 07:00:00,2026-07-05 07:00:00,Chemist Warehouse,Chemist Warehouse,{{product.name}},{{product.brand}},Shop now,DCO,https://www.chemistwarehouse.com.au/shop-online/799/nicabate?utm_source=facebook&utm_medium=social&utm_campaign=au_cw_coop_facebook_social_marketingbrokersaustraliaptyltd_nicabate_258_2026_100177-bau_image&utm_term=traffic&utm_content=image_static2,www.chemistwarehouse.com.au,/shop-online/799/nicabate,facebook,social,au_cw_coop_facebook_social_marketingbrokersaustraliaptyltd_nicabate_258_2026_100177-bau_image,258,traffic,image_static2,Coop,Marketingbrokersaustraliaptyltd,Nicabate,2026,image,Turn Nicotine Cravings Down,Learn how Nicabate can help you to stay on your quit journey.,Shop Now,https://scontent.ftgz4-1.fna.fbcdn.net/v/t39.35426-6/662362019_1249570870721074_2980744875479751706_n.jpg?_nc_cat=105&ccb=1-7&_nc_sid=c53f8f&_nc_ohc=5FkaFZ7OOv0Q7kNvwF1WXoP&_nc_oc=Ado20-g44k5VINU0uoSeqWPFkv-RUQDBjbB4-om7-P7vPmWwqJRq1tSITLX7WxbtkJQ&_nc_zt=14&_nc_ht=scontent.ftgz4-1.fna&_nc_gid=XVSE3r2lAZx-dqJONVLWHQ&_nc_ss=7f180&oh=00_AQBxxacO88rX30axXoIiAyDkR04mEArCnBCnBWk520Algg&oe=6A50B4BE,,"['FACEBOOK', 'INSTAGRAM', 'AUDIENCE_NETWORK', 'MESSENGER', 'THREADS']",au,cw,facebook,social,2026-W27,2026-07,"FACEBOOK, INSTAGRAM, AUDIENCE_NETWORK, MESSENGER, THREADS",True,True,True,True,True,False,Brand/Category Page,True,False,False,2026-07-06,2026-04-06 07:00:00,2026-07-06 16:23:53.030278,91
2561974027533639,,True,2026-04-09 07:00:00,2026-07-05 07:00:00,Chemist Warehouse,Chemist Warehouse,Infallible Cushion Foundation,"Flawless skin in seconds! L’Oréal Paris 24H Cushion Foundation, now at Chemist Warehouse. Pair it with the viral Setting Mist!",Shop now,IMAGE,https://fb.com/canvas_doc/2208866123266446,fb.com,/canvas_doc/2208866123266446,,,,,,,Not Specified,,,,,,,,,,"['FACEBOOK', 'INSTAGRAM', 'AUDIENCE_NETWORK', 'MESSENGER', 'THREADS']",,,,,2026-W27,2026-07,"FACEBOOK, INSTAGRAM, AUDIENCE_NETWORK, MESSENGER, THREADS",True,True,True,True,True,False,Internal/App Page,True,True,False,2026-07-06,2026-04-09 07:00:00,2026-07-06 16:23:53.030278,88
1688306815673342,919739644134695,True,2026-04-06 07:00:00,2026-07-05 07:00:00,Chemist Warehouse,Chemist Warehouse,{{product.name}},{{product.brand}},Shop now,DCO,https://www.chemistwarehouse.com.au/shop-online/799/nicabate?utm_source=facebook&utm_medium=social&utm_campaign=au_cw_coop_facebook_social_marketingbrokersaustraliaptyltd_nicabate_258_2026_100177-bau_image&utm_term=traffic&utm_content=image_static4,www.chemistwarehouse.com.au,/shop-online/799/nicabate,facebook,social,au_cw_coop_facebook_social_marketingbrokersaustraliaptyltd_nicabate_258_2026_100177-bau_image,258,traffic,image_static4,Coop,Marketingbrokersaustraliaptyltd,Nicabate,2026,image,Turn Nicotine Cravings Down,Learn how Nicabate can help you to stay on your quit journey.,Shop Now,https://scontent.ftgz4-1.fna.fbcdn.net/v/t39.35426-6/667871209_1448532786739283_8433879229650310005_n.jpg?_nc_cat=103&ccb=1-7&_nc_sid=c53f8f&_nc_ohc=WJu6pyNrlEEQ7kNvwE6s3Xg&_nc_oc=AdpNsqva5weaMWR0GSKFhyJ6vUpSipoePZGvIoAlSyaCgSKIIQcjXTzLMxexpugd2T0&_nc_zt=14&_nc_ht=scontent.ftgz4-1.fna&_nc_gid=XVSE3r2lAZx-dqJONVLWHQ&_nc_ss=7f180&oh=00_AQAlS-gfL4jO63tKXXcUvjrelMCrxQH4b5Antpy_tm8SgQ&oe=6A50B467,,"['FACEBOOK', 'INSTAGRAM', 'AUDIENCE_NETWORK', 'MESSENGER', 'THREADS']",au,cw,facebook,social,2026-W27,2026-07,"FACEBOOK, INSTAGRAM, AUDIENCE_NETWORK, MESSENGER, THREADS",True,True,True,True,True,False,Brand/Category Page,True,False,False,2026-07-06,2026-04-06 07:00:00,2026-07-06 16:23:53.030278,91
1360612936107186,3870704826572778,True,2026-04-01 07:00:00,2026-07-05 07:00:00,Chemist Warehouse,Chemist Warehouse,{{product.name}},{{product.brand}},Shop now,DCO,https://www.chemistwarehouse.com.au/shop-online/705490/skin1004?utm_source=facebook&utm_medium=social&utm_campaign=au_cw_oa_facebook_social_cravercorporation_skin1004_665_mar26_100366-oa_video-image&utm_term=traffic&utm_content=video-image_static-2,www.chemistwarehouse.com.au,/shop-online/705490/skin1004,facebook,social,au_cw_oa_facebook_social_cravercorporation_skin1004_665_mar26_100366-oa_video-image,665,traffic,video-image_static-2,O&O,Cravercorporation,Skin1004,mar26,video-image,"Centella, For Your Skincare Routine",Soothe and strengthen your skin with Madagascar Centella. Gentle care for everyday balance and healthy-looking skin.,Shop Now,https://scontent.ftgz4-1.fna.fbcdn.net/v/t39.35426-6/659135158_1465210461761364_4490141037104102492_n.jpg?_nc_cat=111&ccb=1-7&_nc_sid=c53f8f&_nc_ohc=-qkE2jxgMxAQ7kNvwGIuXTt&_nc_oc=Ado9y1U4Yr2tyj5d6EPPr55aiinw9iXdwY9qgGy0urc1XwcR_EEYzDM0NXaTkpdg4mo&_nc_zt=14&_nc_ht=scontent.ftgz4-1.fna&_nc_gid=XVSE3r2lAZx-dqJONVLWHQ&_nc_ss=7f180&oh=00_AQCPz8IOUWLPFeHytDC0Fm_SlC2qfLM44bL8Y93OTg6jew&oe=6A50BDF9,,"['FACEBOOK', 'INSTAGRAM', 'AUDIENCE_NETWORK', 'MESSENGER', 'THREADS']",au,cw,facebook,social,2026-W27,2026-07,"FACEBOOK, INSTAGRAM, AUDIENCE_NETWORK, MESSENGER, THREADS",True,True,True,True,True,False,Brand/Category Page,True,False,False,2026-07-06,2026-04-01 07:00:00,2026-07-06 16:23:53.030278,96
1270025787922236,3870704826572778,True,2026-04-01 07:00:00,2026-07-05 07:00:00,Chemist Warehouse,Chemist Warehouse,{{product.name}},{{product.brand}},Shop now,DCO,https://www.chemistwarehouse.com.au/shop-online/705490/skin1004?utm_source=facebook&utm_medium=social&utm_campaign=au_cw_oa_facebook_social_cravercorporation_skin1004_665_mar26_100366-oa_video-image&utm_term=traffic&utm_content=video-image_static-2,www.chemistwarehouse.com.au,/shop-online/705490/skin1004,facebook,social,au_cw_oa_facebook_social_cravercorporation_skin1004_665_mar26_100366-oa_video-image,665,traffic,video-image_static-2,O&O,Cravercorporation,Skin1004,mar26,video-image,"Centella, For Your Skincare Routine",Soothe and strengthen your skin with Madagascar Centella. Gentle care for everyday balance and healthy-looking skin.,Shop Now,https://scontent.ftgz4-1.fna.fbcdn.net/v/t39.35426-6/659794153_928248620093467_3989476078503426787_n.jpg?_nc_cat=111&ccb=1-7&_nc_sid=c53f8f&_nc_ohc=yo82Af9isOAQ7kNvwEqb-fM&_nc_oc=Adq7hhDkWrJk9amuVvnZD2YYZLj1-S-tnK4KiDqYwlUkUTVEXrC8kxdx_sDYF64WrUE&_nc_zt=14&_nc_ht=scontent.ftgz4-1.fna&_nc_gid=XVSE3r2lAZx-dqJONVLWHQ&_nc_ss=7f180&oh=00_AQD3jOYqXOOEzD4XIjvp1RoSgBclt5EDnvfZjtVDYHwMXw&oe=6A50A462,,"['FACEBOOK', 'INSTAGRAM', 'AUDIENCE_NETWORK', 'MESSENGER', 'THREADS']",au,cw,facebook,social,2026-W27,2026-07,"FACEBOOK, INSTAGRAM, AUDIENCE_NETWORK, MESSENGER, THREADS",True,True,True,True,True,False,Brand/Category Page,True,False,False,2026-07-06,2026-04-01 07:00:00,2026-07-06 16:23:53.030278,96
1252890590322217,,True,2026-03-24 07:00:00,2026-07-05 07:00:00,Chemist Warehouse,Chemist Warehouse,Aptamil at Chemist Warehouse,Aptamil Range Has Been Designed To Support Every Stage Of Your Child's Future Development,Learn more,IMAGE,https://www.chemistwarehouse.com.au/shop-online/958/aptamil?utm_source=facebook&utm_medium=social&utm_campaign=au_cw_coop_facebook_social_nutriciaaustraliaptylimited_aptamil_20_2026_100044-bau_video-image&utm_term=traffic&utm_content=video-image_aptamil-image-immune,www.chemistwarehouse.com.au,/shop-online/958/aptamil,facebook,social,au_cw_coop_facebook_social_nutriciaaustraliaptylimited_aptamil_20_2026_100044-bau_video-image,20,traffic,video-image_aptamil-image-immune,Coop,Nutriciaaustraliaptylimited,Aptamil,2026,video-image,,,,,,"['FACEBOOK', 'INSTAGRAM']",au,cw,facebook,social,2026-W27,2026-07,"FACEBOOK, INSTAGRAM",True,True,False,False,False,False,Brand/Category Page,True,True,False,2026-07-06,2026-03-24 07:00:00,2026-07-06 16:23:53.030278,104
2457053534731683,,True,2026-03-24 07:00:00,2026-07-05 07:00:00,Chemist Warehouse,Chemist Warehouse,Aptamil at Chemist Warehouse,Aptamil Range Has Been Designed To Support Every Stage Of Your Child's Future Development,Learn more,IMAGE,https://www.chemistwarehouse.com.au/shop-online/958/aptamil?utm_source=facebook&utm_medium=social&utm_campaign=au_cw_coop_facebook_social_nutriciaaustraliaptylimited_aptamil_20_2026_100044-bau_video-image&utm_term=traffic&utm_content=video-image_aptamil-image-1-per-feed,www.chemistwarehouse.com.au,/shop-online/958/aptamil,facebook,social,au_cw_coop_facebook_social_nutriciaaustraliaptylimited_aptamil_20_2026_100044-bau_video-image,20,traffic,video-image_aptamil-image-1-per-feed,Coop,Nutriciaaustraliaptylimited,Aptamil,2026,video-image,,,,,,"['FACEBOOK', 'INSTAGRAM']",au,cw,facebook,social,2026-W27,2026-07,"FACEBOOK, INSTAGRAM",True,True,False,False,False,False,Brand/Category Page,True,True,False,2026-07-06,2026-03-24 07:00:00,2026-07-06 16:23:53.030278,104
2046212672607904,,True,2026-03-24 07:00:00,2026-07-05 07:00:00,Chemist Warehouse,Chemist Warehouse,Karicare at Chemist Warehouse,Blends in key ingredients to support growth in children. Shop Karicare baby formula now,Learn more,IMAGE,https://www.chemistwarehouse.com.au/shop-online/963/karicare?utm_source=facebook&utm_medium=social&utm_campaign=au_cw_coop_facebook_social_nutriciaaustraliaptylimited_karicare_20_2026_100044-bau_video-image&utm_term=traffic&utm_content=video-image_karicare-image-b,www.chemistwarehouse.com.au,/shop-online/963/karicare,facebook,social,au_cw_coop_facebook_social_nutriciaaustraliaptylimited_karicare_20_2026_100044-bau_video-image,20,traffic,video-image_karicare-image-b,Coop,Nutriciaaustraliaptylimited,Karicare,2026,video-image,,,,,,"['FACEBOOK', 'INSTAGRAM']",au,cw,facebook,social,2026-W27,2026-07,"FACEBOOK, INSTAGRAM",True,True,False,False,False,False,Brand/Category Page,True,True,False,2026-07-06,2026-03-24 07:00:00,2026-07-06 16:23:53.030278,104
828904632808379,,True,2026-03-24 07:00:00,2026-07-05 07:00:00,Chemist Warehouse,Chemist Warehouse,Karicare at Chemist Warehouse,Blends in key ingredients to support growth in children. Shop Karicare baby formula now,Learn more,IMAGE,https://www.chemistwarehouse.com.au/shop-online/963/karicare?utm_source=facebook&utm_medium=social&utm_campaign=au_cw_coop_facebook_social_nutriciaaustraliaptylimited_karicare_20_2026_100044-bau_video-image&utm_term=traffic&utm_content=video-image_karicare-image-a,www.chemistwarehouse.com.au,/shop-online/963/karicare,facebook,social,au_cw_coop_facebook_social_nutriciaaustraliaptylimited_karicare_20_2026_100044-bau_video-image,20,traffic,video-image_karicare-image-a,Coop,Nutriciaaustraliaptylimited,Karicare,2026,video-image,,,,,,"['FACEBOOK', 'INSTAGRAM']",au,cw,facebook,social,2026-W27,2026-07,"FACEBOOK, INSTAGRAM",True,True,False,False,False,False,Brand/Category Page,True,True,False,2026-07-06,2026-03-24 07:00:00,2026-07-06 16:23:53.030278,104
1130380429223689,,True,2026-04-09 07:00:00,2026-07-05 07:00:00,Chemist Warehouse,Chemist Warehouse,Bio Island DHA for Pregnancy,Helps support a healthy pregnancy and maternal health,Shop now,IMAGE,https://fb.com/canvas_doc/2049245099267585,fb.com,/canvas_doc/2049245099267585,,,,,,,Not Specified,,,,,,,,,,"['FACEBOOK', 'INSTAGRAM', 'AUDIENCE_NETWORK', 'MESSENGER', 'THREADS']",,,,,2026-W27,2026-07,"FACEBOOK, INSTAGRAM, AUDIENCE_NETWORK, MESSENGER, THREADS",True,True,True,True,True,False,Internal/App Page,True,False,False,2026-07-06,2026-04-09 07:00:00,2026-07-06 16:23:53.030278,88
1456981055294631,1605377254024275,True,2026-04-09 07:00:00,2026-07-05 07:00:00,Chemist Warehouse,Chemist Warehouse,Shop the range at Chemist Warehouse,Shop the Thursday Plantation range in-store or online at Chemist Warehouse.,Shop now,VIDEO,https://www.chemistwarehouse.com.au/shop-online/1071/thursday-plantation?utm_source=facebook&utm_medium=social&utm_campaign=au_cw_oa_facebook_social_homartwellnessaustptyltd_thursdayplantation_665_apr26_100392-oa_video-image&utm_term=traffic&utm_content=video-image_influencer-natrosser,www.chemistwarehouse.com.au,/shop-online/1071/thursday-plantation,facebook,social,au_cw_oa_facebook_social_homartwellnessaustptyltd_thursdayplantation_665_apr26_100392-oa_video-image,665,traffic,video-image_influencer-natrosser,O&O,Homartwellnessaustptyltd,Thursdayplantation,apr26,video-image,,,,,,"['FACEBOOK', 'INSTAGRAM', 'MESSENGER']",au,cw,facebook,social,2026-W27,2026-07,"FACEBOOK, INSTAGRAM, MESSENGER",True,True,False,True,False,False,Brand/Category Page,True,True,False,2026-07-06,2026-04-09 07:00:00,2026-07-06 16:23:53.030278,88
1110337237928647,1458207795951417,True,2026-04-06 07:00:00,2026-07-04 07:00:00,Chemist Warehouse,Chemist Warehouse,{{product.name}},{{product.brand}},Shop now,DCO,https://www.chemistwarehouse.com.au/shop-online/799/nicabate?utm_source=facebook&utm_medium=social&utm_campaign=au_cw_coop_facebook_social_marketingbrokersaustraliaptyltd_nicabate_258_2026_100177-bau_image&utm_term=traffic&utm_content=image_static3,www.chemistwarehouse.com.au,/shop-online/799/nicabate,facebook,social,au_cw_coop_facebook_social_marketingbrokersaustraliaptyltd_nicabate_258_2026_100177-bau_image,258,traffic,image_static3,Coop,Marketingbrokersaustraliaptyltd,Nicabate,2026,image,Turn Nicotine Cravings Down,Learn how Nicabate can help you to stay on your quit journey.,Shop Now,https://scontent.ftgz4-1.fna.fbcdn.net/v/t39.35426-6/667392322_806534818717497_5480660440091818206_n.jpg?_nc_cat=102&ccb=1-7&_nc_sid=c53f8f&_nc_ohc=_Ugzrl1e29UQ7kNvwGzwLo_&_nc_oc=AdoYmDTI7D25usP1yEskGGO2u0oo6c7Nbqj4hWtbP33GPU7x3_SLRA2wYGjmXhkZBUQ&_nc_zt=14&_nc_ht=scontent.ftgz4-1.fna&_nc_gid=XVSE3r2lAZx-dqJONVLWHQ&_nc_ss=7f180&oh=00_AQBWcG4gJ2CkWe8Z8_jKTQA0LgQOgXm6U9o_hnWTJECZ2A&oe=6A50AB42,,"['FACEBOOK', 'INSTAGRAM', 'AUDIENCE_NETWORK', 'MESSENGER', 'THREADS']",au,cw,facebook,social,2026-W27,2026-07,"FACEBOOK, INSTAGRAM, AUDIENCE_NETWORK, MESSENGER, THREADS",True,True,True,True,True,False,Brand/Category Page,True,False,False,2026-07-06,2026-04-06 07:00:00,2026-07-06 16:23:53.030278,91
952823924343856,837912306004035,True,2026-04-01 07:00:00,2026-07-05 07:00:00,Chemist Warehouse,Chemist Warehouse,{{product.name}},{{product.brand}},Shop now,DCO,https://www.chemistwarehouse.com.au/shop-online/705490/skin1004?utm_source=facebook&utm_medium=social&utm_campaign=au_cw_oa_facebook_social_cravercorporation_skin1004_665_mar26_100366-oa_video-image&utm_term=traffic&utm_content=video-image_static-3,www.chemistwarehouse.com.au,/shop-online/705490/skin1004,facebook,social,au_cw_oa_facebook_social_cravercorporation_skin1004_665_mar26_100366-oa_video-image,665,traffic,video-image_static-3,O&O,Cravercorporation,Skin1004,mar26,video-image,"Centella, For Your Skincare Routine",Soothe and strengthen your skin with Madagascar Centella. Gentle care for everyday balance and healthy-looking skin.,Shop Now,https://scontent.ftgz4-1.fna.fbcdn.net/v/t39.35426-6/662665839_1342681611224116_3861884623040602843_n.jpg?_nc_cat=107&ccb=1-7&_nc_sid=c53f8f&_nc_ohc=E57T95oyK7YQ7kNvwFFC-36&_nc_oc=Adp_mLoGxeVIvtg6sVDmdhSfkQI-Pvr_ZW4vew4EVkxNMl8yReNC9byoF38aVknLNag&_nc_zt=14&_nc_ht=scontent.ftgz4-1.fna&_nc_gid=XVSE3r2lAZx-dqJONVLWHQ&_nc_ss=7f180&oh=00_AQCLEbJyhVwO7GxjNRfw2wUdrQV2bAAcUYRCwIl_WXrAVA&oe=6A50A449,,"['FACEBOOK', 'INSTAGRAM', 'AUDIENCE_NETWORK', 'MESSENGER', 'THREADS']",au,cw,facebook,social,2026-W27,2026-07,"FACEBOOK, INSTAGRAM, AUDIENCE_NETWORK, MESSENGER, THREADS",True,True,True,True,True,False,Brand/Category Page,True,False,False,2026-07-06,2026-04-01 07:00:00,2026-07-06 16:23:53.030278,96
1793158692069457,837912306004035,True,2026-04-01 07:00:00,2026-06-29 07:00:00,Chemist Warehouse,Chemist Warehouse,{{product.name}},{{product.brand}},Shop now,DCO,https://www.chemistwarehouse.com.au/shop-online/705490/skin1004?utm_source=facebook&utm_medium=social&utm_campaign=au_cw_oa_facebook_social_cravercorporation_skin1004_665_mar26_100366-oa_video-image&utm_term=traffic&utm_content=video-image_static-3,www.chemistwarehouse.com.au,/shop-online/705490/skin1004,facebook,social,au_cw_oa_facebook_social_cravercorporation_skin1004_665_mar26_100366-oa_video-image,665,traffic,video-image_static-3,O&O,Cravercorporation,Skin1004,mar26,video-image,"Centella, For Your Skincare Routine",Soothe and strengthen your skin with Madagascar Centella. Gentle care for everyday balance and healthy-looking skin.,Shop Now,https://scontent.ftgz4-1.fna.fbcdn.net/v/t39.35426-6/658200401_4418968658338177_5971079398178345470_n.jpg?_nc_cat=108&ccb=1-7&_nc_sid=c53f8f&_nc_ohc=FsD3VMw_vNUQ7kNvwFK-oji&_nc_oc=AdoO1_Wjex7JUdiXg4s94ih60zwlw0B7w9gKtqmo-EjZKLEtmtrq3mlNmTfUjx6CQ5E&_nc_zt=14&_nc_ht=scontent.ftgz4-1.fna&_nc_gid=XVSE3r2lAZx-dqJONVLWHQ&_nc_ss=7f180&oh=00_AQBmYDinFq8wbiaxHHqpuyIJZsgodlgUwR6SsFGvbzhGFA&oe=6A50B640,,"['FACEBOOK', 'INSTAGRAM', 'AUDIENCE_NETWORK', 'MESSENGER', 'THREADS']",au,cw,facebook,social,2026-W27,2026-07,"FACEBOOK, INSTAGRAM, AUDIENCE_NETWORK, MESSENGER, THREADS",True,True,True,True,True,False,Brand/Category Page,True,False,False,2026-07-06,2026-04-01 07:00:00,2026-07-06 16:23:53.030278,96
1718164912675642,962086356190204,True,2026-04-01 07:00:00,2026-07-05 07:00:00,Chemist Warehouse,Chemist Warehouse,{{product.name}},{{product.brand}},Shop now,DCO,https://www.chemistwarehouse.com.au/shop-online/705490/skin1004?utm_source=facebook&utm_medium=social&utm_campaign=au_cw_oa_facebook_social_cravercorporation_skin1004_665_mar26_100366-oa_video-image&utm_term=traffic&utm_content=video-image_video-1,www.chemistwarehouse.com.au,/shop-online/705490/skin1004,facebook,social,au_cw_oa_facebook_social_cravercorporation_skin1004_665_mar26_100366-oa_video-image,665,traffic,video-image_video-1,O&O,Cravercorporation,Skin1004,mar26,video-image,"Centella, For Your Skincare Routine",Soothe and strengthen your skin with Madagascar Centella. Gentle care for everyday balance and healthy-looking skin.,Shop Now,,https://video.ftgz4-1.fna.fbcdn.net/o1/v/t2/f2/m366/AQP1wlQA3tDQgOSGZAjqEacsZXpOYNVfsgWxABE_NFFgWQLpIpWAo9Nilz_mbpWdHCvWaSkVG2wPMZnM34g2Kshj-4hi4RBolfUs8GhOt-vKbw.mp4?_nc_cat=102&_nc_oc=AdrYf0tKgDwl_SUYn5ghLhGB6Ac_Zn1gaiZgvCZVANzwaFhcGDXvCMW6yokku0TOXQY&_nc_sid=b66105&_nc_ht=video.ftgz4-1.fna.fbcdn.net&_nc_ohc=oWpj5y-1Yv0Q7kNvwEFiJ7s&efg=eyJ2ZW5jb2RlX3RhZyI6Inhwdl9wcm9ncmVzc2l2ZS5WSV9VU0VDQVNFX1BST0RVQ1RfVFlQRS4uQzMuNzIwLmRhc2hfaDI2NC1iYXNpYy1nZW4yXzcyMHAiLCJ4cHZfYXNzZXRfaWQiOjE0Mjk0MTQ2OTUwNTU4MDAsImFzc2V0X2FnZV9kYXlzIjo5NCwidmlfdXNlY2FzZV9pZCI6MTA3OTksImR1cmF0aW9uX3MiOjE3LCJ1cmxnZW5fc291cmNlIjoid3d3In0%3D&ccb=17-1&vs=f3b653b753115c18&_nc_vs=HBksFQIYRWZiX2VwaGVtZXJhbC8yNjQxRjI5QzhBQjAxOENGNzQ1MzVDNjNGRDZBMjM4Nl9tdF8xX3ZpZGVvX2Rhc2hpbml0Lm1wNBUAAsgBEgAVAhhAZmJfcGVybWFuZW50L0NBNDE1RDBERTM3QUUzNEMxMzZDOThBNjRBMDEyRUEwX2F1ZGlvX2Rhc2hpbml0Lm1wNBUCAsgBEgAoABgAGwKIB3VzZV9vaWwBMRJwcm9ncmVzc2l2ZV9yZWNpcGUBMRUAACbwxpWy8YKKBRUCKAJDMywXQDEEWhysCDEYGWRhc2hfaDI2NC1iYXNpYy1nZW4yXzcyMHARAHUAZd6oAQA&_nc_gid=XVSE3r2lAZx-dqJONVLWHQ&_nc_ss=7f180&_nc_zt=28&oh=00_AQCTfdqabp1otpBeU8TRlbwLWGO_HdxM29OFoTmPJjc6VQ&oe=6A50A52E,"['FACEBOOK', 'INSTAGRAM', 'AUDIENCE_NETWORK', 'MESSENGER', 'THREADS']",au,cw,facebook,social,2026-W27,2026-07,"FACEBOOK, INSTAGRAM, AUDIENCE_NETWORK, MESSENGER, THREADS",True,True,True,True,True,False,Brand/Category Page,True,False,False,2026-07-06,2026-04-01 07:00:00,2026-07-06 16:23:53.030278,96
1479080803756280,962086356190204,True,2026-04-01 07:00:00,2026-07-05 07:00:00,Chemist Warehouse,Chemist Warehouse,{{product.name}},{{product.brand}},Shop now,DCO,https://www.chemistwarehouse.com.au/shop-online/705490/skin1004?utm_source=facebook&utm_medium=social&utm_campaign=au_cw_oa_facebook_social_cravercorporation_skin1004_665_mar26_100366-oa_video-image&utm_term=traffic&utm_content=video-image_video-1,www.chemistwarehouse.com.au,/shop-online/705490/skin1004,facebook,social,au_cw_oa_facebook_social_cravercorporation_skin1004_665_mar26_100366-oa_video-image,665,traffic,video-image_video-1,O&O,Cravercorporation,Skin1004,mar26,video-image,"Centella, For Your Skincare Routine",Soothe and strengthen your skin with Madagascar Centella. Gentle care for everyday balance and healthy-looking skin.,Shop Now,,https://video.ftgz4-1.fna.fbcdn.net/o1/v/t2/f2/m366/AQP1wlQA3tDQgOSGZAjqEacsZXpOYNVfsgWxABE_NFFgWQLpIpWAo9Nilz_mbpWdHCvWaSkVG2wPMZnM34g2Kshj-4hi4RBolfUs8GhOt-vKbw.mp4?_nc_cat=102&_nc_oc=AdrYf0tKgDwl_SUYn5ghLhGB6Ac_Zn1gaiZgvCZVANzwaFhcGDXvCMW6yokku0TOXQY&_nc_sid=b66105&_nc_ht=video.ftgz4-1.fna.fbcdn.net&_nc_ohc=oWpj5y-1Yv0Q7kNvwEFiJ7s&efg=eyJ2ZW5jb2RlX3RhZyI6Inhwdl9wcm9ncmVzc2l2ZS5WSV9VU0VDQVNFX1BST0RVQ1RfVFlQRS4uQzMuNzIwLmRhc2hfaDI2NC1iYXNpYy1nZW4yXzcyMHAiLCJ4cHZfYXNzZXRfaWQiOjE0Mjk0MTQ2OTUwNTU4MDAsImFzc2V0X2FnZV9kYXlzIjo5NCwidmlfdXNlY2FzZV9pZCI6MTA3OTksImR1cmF0aW9uX3MiOjE3LCJ1cmxnZW5fc291cmNlIjoid3d3In0%3D&ccb=17-1&vs=f3b653b753115c18&_nc_vs=HBksFQIYRWZiX2VwaGVtZXJhbC8yNjQxRjI5QzhBQjAxOENGNzQ1MzVDNjNGRDZBMjM4Nl9tdF8xX3ZpZGVvX2Rhc2hpbml0Lm1wNBUAAsgBEgAVAhhAZmJfcGVybWFuZW50L0NBNDE1RDBERTM3QUUzNEMxMzZDOThBNjRBMDEyRUEwX2F1ZGlvX2Rhc2hpbml0Lm1wNBUCAsgBEgAoABgAGwKIB3VzZV9vaWwBMRJwcm9ncmVzc2l2ZV9yZWNpcGUBMRUAACbwxpWy8YKKBRUCKAJDMywXQDEEWhysCDEYGWRhc2hfaDI2NC1iYXNpYy1nZW4yXzcyMHARAHUAZd6oAQA&_nc_gid=XVSE3r2lAZx-dqJONVLWHQ&_nc_ss=7f180&_nc_zt=28&oh=00_AQCTfdqabp1otpBeU8TRlbwLWGO_HdxM29OFoTmPJjc6VQ&oe=6A50A52E,"['FACEBOOK', 'INSTAGRAM', 'AUDIENCE_NETWORK', 'MESSENGER', 'THREADS']",au,cw,facebook,social,2026-W27,2026-07,"FACEBOOK, INSTAGRAM, AUDIENCE_NETWORK, MESSENGER, THREADS",True,True,True,True,True,False,Brand/Category Page,True,False,False,2026-07-06,2026-04-01 07:00:00,2026-07-06 16:23:53.030278,96
1447336696317383,1120438303558874,True,2026-03-31 07:00:00,2026-07-05 07:00:00,Chemist Warehouse,Chemist Warehouse,{{product.name}},{{product.brand}},Learn more,DCO,https://www.chemistwarehouse.com.au/shop-online/1066/matrix?utm_source=facebook&utm_medium=social&utm_campaign=au_cw_coop_facebook_social_lorealprofessional_matrix_129_2026_100047-bau_image&utm_term=reach&utm_content=image_curly,www.chemistwarehouse.com.au,/shop-online/1066/matrix,facebook,social,au_cw_coop_facebook_social_lorealprofessional_matrix_129_2026_100047-bau_image,129,reach,image_curly,Coop,Lorealprofessional,Matrix,2026,image,Matrix x KATSEYE: Hair in motion.,Matrix x KATSEYE: Pro haircare that transforms every choreography into a stunning hairography. Stage-ready hair!,Learn More,https://scontent.ftgz4-1.fna.fbcdn.net/v/t39.35426-6/658349085_1992575074665545_4480521454478200119_n.jpg?_nc_cat=100&ccb=1-7&_nc_sid=c53f8f&_nc_ohc=eC8NC5xNkPgQ7kNvwHsTMI_&_nc_oc=AdpbT9A1a03njJlYjYlzEm8OldvS8BHIvKu4Ddm9JL6E7VzMzxFZLpAh7awXDHbNWAo&_nc_zt=14&_nc_ht=scontent.ftgz4-1.fna&_nc_gid=XVSE3r2lAZx-dqJONVLWHQ&_nc_ss=7f180&oh=00_AQC1F2utFvCMLpzDTIAa2VXoBYSl4dhEib6YsBsWmEGCRg&oe=6A50A93F,,"['FACEBOOK', 'INSTAGRAM', 'AUDIENCE_NETWORK', 'WHATSAPP', 'THREADS']",au,cw,facebook,social,2026-W27,2026-07,"FACEBOOK, INSTAGRAM, AUDIENCE_NETWORK, WHATSAPP, THREADS",True,True,True,False,True,True,Brand/Category Page,True,False,False,2026-07-06,2026-03-31 07:00:00,2026-07-06 16:23:53.030278,97
1592855961831285,,True,2026-03-23 07:00:00,2026-07-05 07:00:00,Chemist Warehouse,Chemist Warehouse,Discover OGX® Shampoo and Conditioner,Achieve strong & healthy hair with OGX® Shampoo & Conditioner. Shop at Chemist Warehouse,Learn more,IMAGE,https://fb.com/canvas_doc/717777554636506,fb.com,/canvas_doc/717777554636506,,,,,,,Not Specified,,,,,,,,,,"['FACEBOOK', 'INSTAGRAM', 'AUDIENCE_NETWORK', 'MESSENGER', 'THREADS']",,,,,2026-W27,2026-07,"FACEBOOK, INSTAGRAM, AUDIENCE_NETWORK, MESSENGER, THREADS",True,True,True,True,True,False,Internal/App Page,True,True,False,2026-07-06,2026-03-23 07:00:00,2026-07-06 16:23:53.030278,105
890194130678840,,True,2026-03-22 07:00:00,2026-07-05 07:00:00,Chemist Warehouse,Chemist Warehouse,Redken All Soft for ultimate soft hair,"Redken All Soft moisturises dry, brittle hair with argan oil. This pro system leaves hair shiny, healthy and nourished",Shop now,IMAGE,https://fb.com/canvas_doc/2001727920719131,fb.com,/canvas_doc/2001727920719131,,,,,,,Not Specified,,,,,,,,,,"['FACEBOOK', 'INSTAGRAM', 'AUDIENCE_NETWORK', 'MESSENGER', 'THREADS']",,,,,2026-W27,2026-07,"FACEBOOK, INSTAGRAM, AUDIENCE_NETWORK, MESSENGER, THREADS",True,True,True,True,True,False,Internal/App Page,True,False,False,2026-07-06,2026-03-22 07:00:00,2026-07-06 16:23:53.030278,106
1936233353669106,,True,2026-03-26 07:00:00,2026-07-04 07:00:00,Chemist Warehouse,Chemist Warehouse,Neutrogena Collagen Bank,Neutrogena Collagen Bank supports collagen for firmer and youthful skin. Available at Chemist Warehouse.,Shop now,IMAGE,https://fb.com/canvas_doc/1443893930865287,fb.com,/canvas_doc/1443893930865287,,,,,,,Not Specified,,,,,,,,,,"['FACEBOOK', 'INSTAGRAM', 'AUDIENCE_NETWORK', 'MESSENGER', 'THREADS']",,,,,2026-W27,2026-07,"FACEBOOK, INSTAGRAM, AUDIENCE_NETWORK, MESSENGER, THREADS",True,True,True,True,True,False,Internal/App Page,True,True,False,2026-07-06,2026-03-26 07:00:00,2026-07-06 16:23:53.030278,102
2601422053586359,,True,2026-03-22 07:00:00,2026-07-05 07:00:00,Chemist Warehouse,Chemist Warehouse,Redken Damage Repair Routine,Strengthen hair with Redken Acidic Bonding Concentrate. This pro system repairs damage and protects colour from fading.,Shop now,IMAGE,https://fb.com/canvas_doc/4490041747937071,fb.com,/canvas_doc/4490041747937071,,,,,,,Not Specified,,,,,,,,,,"['FACEBOOK', 'INSTAGRAM', 'AUDIENCE_NETWORK', 'MESSENGER', 'THREADS']",,,,,2026-W27,2026-07,"FACEBOOK, INSTAGRAM, AUDIENCE_NETWORK, MESSENGER, THREADS",True,True,True,True,True,False,Internal/App Page,True,False,False,2026-07-06,2026-03-22 07:00:00,2026-07-06 16:23:53.030278,106
772315115737769,892789253738780,True,2026-03-23 07:00:00,2026-07-05 07:00:00,Chemist Warehouse,Chemist Warehouse,{{product.name}},{{product.brand}},Shop now,DCO,https://www.chemistwarehouse.com.au/buy/139283/redken-acidic-bonding-concentrate-leave-in-treatment-150ml?utm_source=facebook&utm_medium=social&utm_campaign=au_cw_coop_facebook_social_lorealprofessional_redken_129_2026_bau_dynamic&utm_term=traffic&utm_content=dynamic_abc1,www.chemistwarehouse.com.au,/buy/139283/redken-acidic-bonding-concentrate-leave-in-treatment-150ml,facebook,social,au_cw_coop_facebook_social_lorealprofessional_redken_129_2026_bau_dynamic,129,traffic,dynamic_abc1,Coop,Lorealprofessional,Redken,2026,dynamic,Redken Leave It In for ultimate hair repair,"Discover Redken Leave-In for ultimate hair repair. The multi-purpose hero for hair care and styling. It shields hair against up to 230°C, locks in softness, and helps protect colour!",Shop Now,https://scontent.ftgz4-1.fna.fbcdn.net/v/t39.35426-6/657034942_1628715488036533_7803026437827124539_n.jpg?_nc_cat=106&ccb=1-7&_nc_sid=c53f8f&_nc_ohc=08UI9nP5mGoQ7kNvwGofihx&_nc_oc=AdodHzd0hyENuX1eR3kHKTU7TFnZd2egv_9kq0vONeM8NYRYgawZ7TIwnu2fFfFWnE8&_nc_zt=14&_nc_ht=scontent.ftgz4-1.fna&_nc_gid=p1RBmZhAW-ZaOasKIbieEQ&_nc_ss=7f180&oh=00_AQAkjo1vwk4aXA3XTGjsSasd90FVJW-CbCcpi4Kj7_U-uw&oe=6A5091CC,,"['FACEBOOK', 'INSTAGRAM', 'AUDIENCE_NETWORK', 'MESSENGER', 'THREADS']",au,cw,facebook,social,2026-W27,2026-07,"FACEBOOK, INSTAGRAM, AUDIENCE_NETWORK, MESSENGER, THREADS",True,True,True,True,True,False,SKU Product,True,False,False,2026-07-06,2026-03-23 07:00:00,2026-07-06 16:23:53.030278,105
818771337924607,1644179023256566,True,2026-03-29 07:00:00,2026-07-05 07:00:00,Chemist Warehouse,Chemist Warehouse,{{product.name}},{{product.brand}},Learn more,DCO,https://www.chemistwarehouse.com.au/shop-online/6315/natalis-pregnancy-care?utm_source=facebook&utm_medium=social&utm_campaign=au_cw_coop_facebook_social_vidacorp_natalis_81_2026_100118-bau_video-image&utm_term=traffic&utm_content=video-image_instore,www.chemistwarehouse.com.au,/shop-online/6315/natalis-pregnancy-care,facebook,social,au_cw_coop_facebook_social_vidacorp_natalis_81_2026_100118-bau_video-image,81,traffic,video-image_instore,Coop,Vidacorp,Natalis,2026,video-image,Shop now at Chemist Warehouse!,Natalis supports mums & babies from pre-conception to breastfeeding. Shop now at Chemist Warehouse!,Learn More,,https://video.ftgz4-1.fna.fbcdn.net/o1/v/t2/f2/m366/AQOsLn4nrDhjhVhNA1db9M6IW2fOYJHW28B-EDvoVYXWS0HaGSwFg5YkkMtx8w9_5deIBlenf74rUa00nCrbEGwzeMkEXRlRr54Vz8B_7MI0Uw.mp4?_nc_cat=104&_nc_oc=AdpDNJexvJrh0uFZEc6Tm1jPe4CJT-XR0_9BelXhxCdLlfFLfxU8BrysRMI9EzJS4yE&_nc_sid=b66105&_nc_ht=video.ftgz4-1.fna.fbcdn.net&_nc_ohc=cRcvH8otq1cQ7kNvwE1w9iX&efg=eyJ2ZW5jb2RlX3RhZyI6Inhwdl9wcm9ncmVzc2l2ZS5WSV9VU0VDQVNFX1BST0RVQ1RfVFlQRS4uQzMuNzIwLmRhc2hfaDI2NC1iYXNpYy1nZW4yXzcyMHAiLCJ4cHZfYXNzZXRfaWQiOjIxMzMyOTIzNDA4MTQ4NTYsImFzc2V0X2FnZV9kYXlzIjoxMzEsInZpX3VzZWNhc2VfaWQiOjEwNzk5LCJkdXJhdGlvbl9zIjo0MiwidXJsZ2VuX3NvdXJjZSI6Ind3dyJ9&ccb=17-1&vs=3f412dbef0ed18f6&_nc_vs=HBksFQIYRWZiX2VwaGVtZXJhbC9GODQ3MkFCQjhGOTMzRDkwQjJFQ0Q2MTZBQjRCMDk4Ml9tdF8xX3ZpZGVvX2Rhc2hpbml0Lm1wNBUAAsgBEgAVAhhAZmJfcGVybWFuZW50LzI4NENBODEzODFBNEM0RDU3MEExNUQ5MDM4OENCNjgxX2F1ZGlvX2Rhc2hpbml0Lm1wNBUCAsgBEgAoABgAGwKIB3VzZV9vaWwBMRJwcm9ncmVzc2l2ZV9yZWNpcGUBMRUAACaQkOnC-o3KBxUCKAJDMywXQEUzMzMzMzMYGWRhc2hfaDI2NC1iYXNpYy1nZW4yXzcyMHARAHUAZd6oAQA&_nc_gid=XVSE3r2lAZx-dqJONVLWHQ&_nc_ss=7f180&_nc_zt=28&oh=00_AQDxWQtCkdEeI-UGE2xB0Kf6BW3xB6e1BWS2s5S3q-kxDQ&oe=6A509C20,"['FACEBOOK', 'INSTAGRAM', 'AUDIENCE_NETWORK', 'MESSENGER', 'THREADS']",au,cw,facebook,social,2026-W27,2026-07,"FACEBOOK, INSTAGRAM, AUDIENCE_NETWORK, MESSENGER, THREADS",True,True,True,True,True,False,Brand/Category Page,True,False,False,2026-07-06,2026-03-29 07:00:00,2026-07-06 16:23:53.030278,99
1663742368083466,1685763032599002,True,2026-03-31 07:00:00,2026-07-05 07:00:00,Chemist Warehouse,Chemist Warehouse,{{product.name}},{{product.brand}},Shop now,DCO,https://www.chemistwarehouse.com.au/buy/124789/jshealth-advanced-magnesium-60-tablets?utm_source=facebook&utm_medium=social&utm_campaign=au_cw_coop_facebook_social_jshealthvitamins_jshealth_81_2026_100007-bau_image&utm_term=conversion&utm_content=image_advanced-mag-1,www.chemistwarehouse.com.au,/buy/124789/jshealth-advanced-magnesium-60-tablets,facebook,social,au_cw_coop_facebook_social_jshealthvitamins_jshealth_81_2026_100007-bau_image,81,conversion,image_advanced-mag-1,Coop,Jshealthvitamins,Jshealth,2026,image,MAGNESIUM THAT TICKS ALL THE BOXES,"Feeling restless?
Try Advanced Magnesium+
✅ THREE forms of Magnesium
✅ With Magnesium Glycinate Dihydrate
✅ High 402mg daily dose",Shop Now,https://scontent.ftgz4-1.fna.fbcdn.net/v/t39.35426-6/658136375_1481028100267320_5270911546426183728_n.jpg?_nc_cat=107&ccb=1-7&_nc_sid=c53f8f&_nc_ohc=Ir1F1pnJHAsQ7kNvwH55iHp&_nc_oc=AdoqXz5rrPB9cUVS2jeJ2VXiox8arFUp2sxRfX1k8V3zpRG3P4Jb9HqBn78Pb4L22HI&_nc_zt=14&_nc_ht=scontent.ftgz4-1.fna&_nc_gid=XVSE3r2lAZx-dqJONVLWHQ&_nc_ss=7f180&oh=00_AQB5J_HwoPnTXQGS6qe1Z1lNMHg8xyeuj-q1mhGd47el0Q&oe=6A509793,,"['FACEBOOK', 'INSTAGRAM', 'MESSENGER']",au,cw,facebook,social,2026-W27,2026-07,"FACEBOOK, INSTAGRAM, MESSENGER",True,True,False,True,False,False,SKU Product,True,False,False,2026-07-06,2026-03-31 07:00:00,2026-07-06 16:23:53.030278,97
1409900977074284,962517569614982,True,2026-03-15 07:00:00,2026-07-05 07:00:00,Chemist Warehouse,Chemist Warehouse,Gastrohealth at Chemist Warehouse,Travel smart. ✈️ Support your gut health with GastroHealth Gut Function & Care Gastro SB Probiotics. Shop at Chemist Warehouse. Media plan attached,Learn more,VIDEO,https://www.chemistwarehouse.com.au/buy/161002/naturopathica-sb-gastro-60-capsules?utm_source=facebook&utm_medium=social&utm_campaign=au_cw_coop_facebook_social_pharmacarelaboratories_gastrohealth_81_2026_100284-bau_video-image&utm_term=traffic&utm_content=video-image_instore-video,www.chemistwarehouse.com.au,/buy/161002/naturopathica-sb-gastro-60-capsules,facebook,social,au_cw_coop_facebook_social_pharmacarelaboratories_gastrohealth_81_2026_100284-bau_video-image,81,traffic,video-image_instore-video,Coop,Pharmacarelaboratories,Gastrohealth,2026,video-image,,,,,,"['FACEBOOK', 'INSTAGRAM', 'THREADS']",au,cw,facebook,social,2026-W27,2026-07,"FACEBOOK, INSTAGRAM, THREADS",True,True,False,False,True,False,SKU Product,True,True,False,2026-07-06,2026-03-15 07:00:00,2026-07-06 16:23:53.030278,113
3955138884617518,1702339004066074,True,2026-03-22 07:00:00,2026-07-05 07:00:00,Chemist Warehouse,Chemist Warehouse,{{product.name}},{{product.brand}},Learn more,DCO,https://www.chemistwarehouse.com.au/buy/160049/biostime-infant-children-a-l-g-probiotic-care-28-sachets?utm_source=facebook&utm_medium=social&utm_campaign=au_cw_coop_facebook_social_swissewellnessptyltd_biostime_20_2026_100126-bau_video-image&utm_term=traffic&utm_content=video-image_static-3,www.chemistwarehouse.com.au,/buy/160049/biostime-infant-children-a-l-g-probiotic-care-28-sachets,facebook,social,au_cw_coop_facebook_social_swissewellnessptyltd_biostime_20_2026_100126-bau_video-image,20,traffic,video-image_static-3,Coop,Swissewellnessptyltd,Biostime,2026,video-image,Support their day from the inside out,Gentle support for little ones with mild eczema symptoms. Biostime is available at Chemist Warehouse,Learn More,https://scontent.ftgz4-1.fna.fbcdn.net/v/t39.35426-6/653912900_2371139983369176_1257409238172514783_n.jpg?_nc_cat=101&ccb=1-7&_nc_sid=c53f8f&_nc_ohc=OshORYivEc0Q7kNvwEGwGJ2&_nc_oc=AdpRSaHSUmR499SC9FjpNBf5erGEOKM7t1iqtmy5UXnZD2vin6aGaJpGr3Lo0NY05KI&_nc_zt=14&_nc_ht=scontent.ftgz4-1.fna&_nc_gid=p1RBmZhAW-ZaOasKIbieEQ&_nc_ss=7f180&oh=00_AQC-zCpyf2H9YDfkr2Aa5hyWuIjUb8q8OemGQ5MNG6HJKQ&oe=6A50C082,,"['FACEBOOK', 'INSTAGRAM', 'THREADS']",au,cw,facebook,social,2026-W27,2026-07,"FACEBOOK, INSTAGRAM, THREADS",True,True,False,False,True,False,SKU Product,True,False,False,2026-07-06,2026-03-22 07:00:00,2026-07-06 16:23:53.030278,106
2299848750504235,2436011233510184,True,2026-03-10 07:00:00,2026-07-05 07:00:00,Chemist Warehouse,Chemist Warehouse,"Want Instant Glowing, Glass Skin?",Discover the NEW L'Oréal Paris Filler Glass Skin Cream for glass skin glow in just 1 use.,Shop now,VIDEO,https://www.chemistwarehouse.com.au/shop-online/4068/loreal-paris?utm_source=facebook&utm_medium=social&utm_campaign=au_cw_coop_facebook_social_lorealaustraliaptyltd_lorealparis_665_2026_bau_dynamic&utm_term=traffic&utm_content=dynamic_cushionvid,www.chemistwarehouse.com.au,/shop-online/4068/loreal-paris,facebook,social,au_cw_coop_facebook_social_lorealaustraliaptyltd_lorealparis_665_2026_bau_dynamic,665,traffic,dynamic_cushionvid,Coop,Lorealaustraliaptyltd,Lorealparis,2026,dynamic,,,,,,"['FACEBOOK', 'INSTAGRAM', 'AUDIENCE_NETWORK', 'MESSENGER', 'THREADS']",au,cw,facebook,social,2026-W27,2026-07,"FACEBOOK, INSTAGRAM, AUDIENCE_NETWORK, MESSENGER, THREADS",True,True,True,True,True,False,Brand/Category Page,True,False,False,2026-07-06,2026-03-10 07:00:00,2026-07-06 16:23:53.030278,118
950838860837839,874151242311536,True,2026-03-26 07:00:00,2026-07-05 07:00:00,Chemist Warehouse,Chemist Warehouse,{{product.name}},{{product.brand}},Learn more,DCO,https://www.chemistwarehouse.com.au/shop-online/963/karicare?utm_source=facebook&utm_medium=social&utm_campaign=au_cw_coop_facebook_social_nutriciaaustraliaptylimited_karicare_20_2026_100044-bau_video-image&utm_term=traffic&utm_content=video-image_karicare-video,www.chemistwarehouse.com.au,/shop-online/963/karicare,facebook,social,au_cw_coop_facebook_social_nutriciaaustraliaptylimited_karicare_20_2026_100044-bau_video-image,20,traffic,video-image_karicare-video,Coop,Nutriciaaustraliaptylimited,Karicare,2026,video-image,Buy Karicare online,Blends in key ingredients to support growth in children. Shop Karicare baby formula now,Learn More,,,"['FACEBOOK', 'INSTAGRAM']",au,cw,facebook,social,2026-W27,2026-07,"FACEBOOK, INSTAGRAM",True,True,False,False,False,False,Brand/Category Page,True,False,False,2026-07-06,2026-03-26 07:00:00,2026-07-06 16:23:53.030278,102
4332095063732459,969609935738180,True,2026-03-11 07:00:00,2026-07-05 07:00:00,Chemist Warehouse,Chemist Warehouse,{{product.name}},{{product.brand}},Shop now,DCO,https://www.chemistwarehouse.com.au/buy/164964/jshealth-berberine-60-capsules?utm_source=facebook&utm_medium=social&utm_campaign=au_cw_coop_facebook_social_jshealthvitamins_jshealth_81_2026_100007-bau_image&utm_term=conversion&utm_content=image_berberine-2,www.chemistwarehouse.com.au,/buy/164964/jshealth-berberine-60-capsules,facebook,social,au_cw_coop_facebook_social_jshealthvitamins_jshealth_81_2026_100007-bau_image,81,conversion,image_berberine-2,Coop,Jshealthvitamins,Jshealth,2026,image,NEW BERBERINE+,"Take charge of your metabolism with JSHealth's Berberine+ formula:
💥 Bioavailable, premium berberine called Berbevis®
💥 Two capsules daily for metabolism wellness
💥 Supports healthy cholesterol in healthy individuals",Shop Now,https://scontent.ftgz4-1.fna.fbcdn.net/v/t39.35426-6/651322932_4351341768487618_4646123649002642396_n.jpg?_nc_cat=107&ccb=1-7&_nc_sid=c53f8f&_nc_ohc=pBoKP54GBYQQ7kNvwEhELM0&_nc_oc=AdrA1GdOjBvmp-H2jEYFiiheMUUYPlFnZlYQVMI-Uu9d_g81t4u0QQ-79dCRZB2CScs&_nc_zt=14&_nc_ht=scontent.ftgz4-1.fna&_nc_gid=p1RBmZhAW-ZaOasKIbieEQ&_nc_ss=7f180&oh=00_AQB73v3rBqk8YbrT3C_acb9xQKRfy2KZ68bemj2wDZBVew&oe=6A509EF0,,"['FACEBOOK', 'INSTAGRAM', 'MESSENGER']",au,cw,facebook,social,2026-W27,2026-07,"FACEBOOK, INSTAGRAM, MESSENGER",True,True,False,True,False,False,SKU Product,True,False,False,2026-07-06,2026-03-11 07:00:00,2026-07-06 16:23:53.030278,117
1658439755149487,1294996075861227,True,2026-03-11 07:00:00,2026-07-05 07:00:00,Chemist Warehouse,Chemist Warehouse,{{product.name}},{{product.brand}},Shop now,DCO,https://www.chemistwarehouse.com.au/buy/164964/jshealth-berberine-60-capsules?utm_source=facebook&utm_medium=social&utm_campaign=au_cw_coop_facebook_social_jshealthvitamins_jshealth_81_2026_100007-bau_image&utm_term=conversion&utm_content=image_berberine-1,www.chemistwarehouse.com.au,/buy/164964/jshealth-berberine-60-capsules,facebook,social,au_cw_coop_facebook_social_jshealthvitamins_jshealth_81_2026_100007-bau_image,81,conversion,image_berberine-1,Coop,Jshealthvitamins,Jshealth,2026,image,NEW BERBERINE+,"Take charge of your metabolism with JSHealth's Berberine+ formula:
💥 Bioavailable, premium berberine called Berbevis®
💥 Two capsules daily for metabolism wellness
💥 Supports healthy cholesterol in healthy individuals",Shop Now,https://scontent.ftgz4-1.fna.fbcdn.net/v/t39.35426-6/650744477_1283149363673630_3279282798776778915_n.jpg?_nc_cat=107&ccb=1-7&_nc_sid=c53f8f&_nc_ohc=6N1_OCORBiAQ7kNvwGXvbUT&_nc_oc=AdouYukeyPD4q62qc5812pPrgHK5cdJnhU7yb4CbbVeShl_roUa5mJZ2CZXRK1efof0&_nc_zt=14&_nc_ht=scontent.ftgz4-1.fna&_nc_gid=p1RBmZhAW-ZaOasKIbieEQ&_nc_ss=7f180&oh=00_AQBOWs-DJ43Ht_g4h0pQ5kxlKdObrjxTHZ1ml444lXELGw&oe=6A50A156,,"['FACEBOOK', 'INSTAGRAM', 'MESSENGER']",au,cw,facebook,social,2026-W27,2026-07,"FACEBOOK, INSTAGRAM, MESSENGER",True,True,False,True,False,False,SKU Product,True,False,False,2026-07-06,2026-03-11 07:00:00,2026-07-06 16:23:53.030278,117
1465697435183323,,True,2026-03-11 07:00:00,2026-07-05 07:00:00,Chemist Warehouse,Chemist Warehouse,Cerave: Derm-Developed Blemish Care,Cleanse and target your blemishes with CeraVe's two step acne routine Developed with Derms,Shop now,IMAGE,https://fb.com/canvas_doc/1652806715856948,fb.com,/canvas_doc/1652806715856948,,,,,,,Not Specified,,,,,,,,,,"['FACEBOOK', 'INSTAGRAM', 'AUDIENCE_NETWORK', 'MESSENGER', 'THREADS']",,,,,2026-W27,2026-07,"FACEBOOK, INSTAGRAM, AUDIENCE_NETWORK, MESSENGER, THREADS",True,True,True,True,True,False,Internal/App Page,True,False,False,2026-07-06,2026-03-11 07:00:00,2026-07-06 16:23:53.030278,117
2084549515776166,,True,2026-03-12 07:00:00,2026-07-05 07:00:00,Chemist Warehouse,Chemist Warehouse,Dermatologists Reinvented Haircare,CeraVe Haircare Reinvented with Dermatologists. Gentle on the scalp barrier and made for all hair types,Shop now,IMAGE,https://fb.com/canvas_doc/2041549553075241,fb.com,/canvas_doc/2041549553075241,,,,,,,Not Specified,,,,,,,,,,"['FACEBOOK', 'INSTAGRAM', 'AUDIENCE_NETWORK', 'MESSENGER', 'THREADS']",,,,,2026-W27,2026-07,"FACEBOOK, INSTAGRAM, AUDIENCE_NETWORK, MESSENGER, THREADS",True,True,True,True,True,False,Internal/App Page,True,False,False,2026-07-06,2026-03-12 07:00:00,2026-07-06 16:23:53.030278,116
1602269084375509,,True,2026-03-11 07:00:00,2026-07-04 07:00:00,Chemist Warehouse,Chemist Warehouse,Dermatologists Reinvented Haircare,CeraVe Haircare Reinvented with Dermatologists. Gentle on the scalp barrier and made for all hair types,Shop now,IMAGE,https://fb.com/canvas_doc/1250736777235351,fb.com,/canvas_doc/1250736777235351,,,,,,,Not Specified,,,,,,,,,,"['FACEBOOK', 'INSTAGRAM', 'AUDIENCE_NETWORK', 'MESSENGER', 'THREADS']",,,,,2026-W27,2026-07,"FACEBOOK, INSTAGRAM, AUDIENCE_NETWORK, MESSENGER, THREADS",True,True,True,True,True,False,Internal/App Page,True,False,False,2026-07-06,2026-03-11 07:00:00,2026-07-06 16:23:53.030278,117
2233306107560306,5233011380258107,True,2026-03-01 08:00:00,2026-07-05 07:00:00,Chemist Warehouse,Chemist Warehouse,{{product.name}},{{product.brand}},Shop now,DCO,https://www.chemistwarehouse.com.au/buy/164220/jshealth-vita-growth-scalp-serum-50ml?utm_source=facebook&utm_medium=social&utm_campaign=au_cw_coop_facebook_social_jshealthvitamins_jshealth_81_2026_100007-bau_image&utm_term=conversion&utm_content=image_scalp-serum-4,www.chemistwarehouse.com.au,/buy/164220/jshealth-vita-growth-scalp-serum-50ml,facebook,social,au_cw_coop_facebook_social_jshealthvitamins_jshealth_81_2026_100007-bau_image,81,conversion,image_scalp-serum-4,Coop,Jshealthvitamins,Jshealth,2026,image,HAIR DENSITY + FULLNESS,JSHealth's best-selling Vita-Growth Scalp Serum has landed! With 7 clinically-backed actives for hair density + fullness.,Shop Now,,https://video.ftgz4-1.fna.fbcdn.net/o1/v/t2/f2/m366/AQNML0dkMlnS0oPB0PWCXDWmG3415wZRFK79PfEGI7n9Wzb_ZcfyMaZtPtPBprJqJP_3l1qw32-ZcZ-s6vdmsI3T9lj6fpzPLbNG3-iufV3Iiw.mp4?_nc_cat=100&_nc_oc=Adr56juiHTQbZlnthNCF79ZYPPDRu2qrUi71lq1t8iD9LVKxnj8gB8IwH6JF8_VpduA&_nc_sid=b66105&_nc_ht=video.ftgz4-1.fna.fbcdn.net&_nc_ohc=DBlFolVodeQQ7kNvwFnwg3z&efg=eyJ2ZW5jb2RlX3RhZyI6Inhwdl9wcm9ncmVzc2l2ZS5WSV9VU0VDQVNFX1BST0RVQ1RfVFlQRS4uQzMuNzIwLmRhc2hfaDI2NC1iYXNpYy1nZW4yXzcyMHAiLCJ4cHZfYXNzZXRfaWQiOjE0MTExMjk1MjY4MDg1NDIsImFzc2V0X2FnZV9kYXlzIjoxMjUsInZpX3VzZWNhc2VfaWQiOjEwNzk5LCJkdXJhdGlvbl9zIjozMiwidXJsZ2VuX3NvdXJjZSI6Ind3dyJ9&ccb=17-1&vs=61b1d738feb9eeb4&_nc_vs=HBksFQIYRWZiX2VwaGVtZXJhbC82NTRDOTk5NjNBNUQ1OEY4NTFBODNDRDgwNzU4RTJCRl9tdF8xX3ZpZGVvX2Rhc2hpbml0Lm1wNBUAAsgBEgAVAhhAZmJfcGVybWFuZW50LzRFNEI2REI4NkNERDcyMDE2N0NFMENBQ0RCMjA5RTgwX2F1ZGlvX2Rhc2hpbml0Lm1wNBUCAsgBEgAoABgAGwKIB3VzZV9vaWwBMRJwcm9ncmVzc2l2ZV9yZWNpcGUBMRUAACa8v-uixtqBBRUCKAJDMywXQEAzMzMzMzMYGWRhc2hfaDI2NC1iYXNpYy1nZW4yXzcyMHARAHUAZd6oAQA&_nc_gid=p1RBmZhAW-ZaOasKIbieEQ&_nc_ss=7f180&_nc_zt=28&oh=00_AQBtxsiJtzerbD-uCVEHuE4HgpSkAQVG_a7EL7kJKsFOkA&oe=6A50A8A8,"['FACEBOOK', 'INSTAGRAM', 'MESSENGER']",au,cw,facebook,social,2026-W27,2026-07,"FACEBOOK, INSTAGRAM, MESSENGER",True,True,False,True,False,False,SKU Product,True,False,False,2026-07-06,2026-03-01 08:00:00,2026-07-06 16:23:53.030278,127
1315536347052888,,True,2026-03-12 07:00:00,2026-07-05 07:00:00,Chemist Warehouse,Chemist Warehouse,Dermatologists Reinvented Haircare,CeraVe Haircare Reinvented with Dermatologists. Gentle on the scalp barrier and made for all hair types,Shop now,IMAGE,https://fb.com/canvas_doc/889917790509673,fb.com,/canvas_doc/889917790509673,,,,,,,Not Specified,,,,,,,,,,"['FACEBOOK', 'INSTAGRAM', 'AUDIENCE_NETWORK', 'MESSENGER', 'THREADS']",,,,,2026-W27,2026-07,"FACEBOOK, INSTAGRAM, AUDIENCE_NETWORK, MESSENGER, THREADS",True,True,True,True,True,False,Internal/App Page,True,False,False,2026-07-06,2026-03-12 07:00:00,2026-07-06 16:23:53.030278,116
4049589671949108,1644179023256566,True,2026-02-26 08:00:00,2026-07-05 07:00:00,Chemist Warehouse,Chemist Warehouse,{{product.name}},{{product.brand}},Learn more,DCO,https://www.chemistwarehouse.com.au/shop-online/6315/natalis-pregnancy-care?utm_source=facebook&utm_medium=social&utm_campaign=au_cw_coop_facebook_social_vidacorp_natalis_81_2026_100118-bau_video-image&utm_term=traffic&utm_content=video-image_instore,www.chemistwarehouse.com.au,/shop-online/6315/natalis-pregnancy-care,facebook,social,au_cw_coop_facebook_social_vidacorp_natalis_81_2026_100118-bau_video-image,81,traffic,video-image_instore,Coop,Vidacorp,Natalis,2026,video-image,Shop now at Chemist Warehouse!,Natalis supports mums & babies from pre-conception to breastfeeding. Shop now at Chemist Warehouse!,Learn More,,https://video.ftgz4-1.fna.fbcdn.net/o1/v/t2/f2/m366/AQOsLn4nrDhjhVhNA1db9M6IW2fOYJHW28B-EDvoVYXWS0HaGSwFg5YkkMtx8w9_5deIBlenf74rUa00nCrbEGwzeMkEXRlRr54Vz8B_7MI0Uw.mp4?_nc_cat=104&_nc_oc=AdpDNJexvJrh0uFZEc6Tm1jPe4CJT-XR0_9BelXhxCdLlfFLfxU8BrysRMI9EzJS4yE&_nc_sid=b66105&_nc_ht=video.ftgz4-1.fna.fbcdn.net&_nc_ohc=cRcvH8otq1cQ7kNvwE1w9iX&efg=eyJ2ZW5jb2RlX3RhZyI6Inhwdl9wcm9ncmVzc2l2ZS5WSV9VU0VDQVNFX1BST0RVQ1RfVFlQRS4uQzMuNzIwLmRhc2hfaDI2NC1iYXNpYy1nZW4yXzcyMHAiLCJ4cHZfYXNzZXRfaWQiOjIxMzMyOTIzNDA4MTQ4NTYsImFzc2V0X2FnZV9kYXlzIjoxMzEsInZpX3VzZWNhc2VfaWQiOjEwNzk5LCJkdXJhdGlvbl9zIjo0MiwidXJsZ2VuX3NvdXJjZSI6Ind3dyJ9&ccb=17-1&vs=3f412dbef0ed18f6&_nc_vs=HBksFQIYRWZiX2VwaGVtZXJhbC9GODQ3MkFCQjhGOTMzRDkwQjJFQ0Q2MTZBQjRCMDk4Ml9tdF8xX3ZpZGVvX2Rhc2hpbml0Lm1wNBUAAsgBEgAVAhhAZmJfcGVybWFuZW50LzI4NENBODEzODFBNEM0RDU3MEExNUQ5MDM4OENCNjgxX2F1ZGlvX2Rhc2hpbml0Lm1wNBUCAsgBEgAoABgAGwKIB3VzZV9vaWwBMRJwcm9ncmVzc2l2ZV9yZWNpcGUBMRUAACaQkOnC-o3KBxUCKAJDMywXQEUzMzMzMzMYGWRhc2hfaDI2NC1iYXNpYy1nZW4yXzcyMHARAHUAZd6oAQA&_nc_gid=p1RBmZhAW-ZaOasKIbieEQ&_nc_ss=7f180&_nc_zt=28&oh=00_AQDhSkKjiC0B41RiCkAwk6jqd-4M4oqsG0Y7kWbgaW8bPQ&oe=6A509C20,"['FACEBOOK', 'INSTAGRAM', 'AUDIENCE_NETWORK', 'MESSENGER', 'THREADS']",au,cw,facebook,social,2026-W27,2026-07,"FACEBOOK, INSTAGRAM, AUDIENCE_NETWORK, MESSENGER, THREADS",True,True,True,True,True,False,Brand/Category Page,True,False,False,2026-07-06,2026-02-26 08:00:00,2026-07-06 16:23:53.030278,130
879545931583456,715774954827515,True,2026-02-25 08:00:00,2026-07-05 07:00:00,Chemist Warehouse,Chemist Warehouse,{{product.name}},{{product.brand}},Learn more,DCO,https://www.chemistwarehouse.com.au/buy/157226/neutrogena-collagen-bank-moisturiser-59ml?utm_source=facebook&utm_medium=social&utm_campaign=au_cw_coop_facebook_social_johnsonjohnsonpacific_neutrogena_665_2026_bau_dynamic&utm_term=conversion&utm_content=dynamic_collection_collagenbank-image,www.chemistwarehouse.com.au,/buy/157226/neutrogena-collagen-bank-moisturiser-59ml,facebook,social,au_cw_coop_facebook_social_johnsonjohnsonpacific_neutrogena_665_2026_bau_dynamic,665,conversion,dynamic_collection_collagenbank-image,Coop,Johnsonjohnsonpacific,Neutrogena,2026,dynamic,Neutrogena Collagen Bank Moisturiser,Neutrogena Collagen Bank Moisturiser supports collagen for firmer and youthful skin. Available at Chemist Warehouse.,Learn More,https://scontent.ftgz4-1.fna.fbcdn.net/v/t39.35426-6/642227450_958131603441042_4899467435931366132_n.jpg?_nc_cat=110&ccb=1-7&_nc_sid=c53f8f&_nc_ohc=z2Z1nPxVA5EQ7kNvwFYsHzI&_nc_oc=AdoZVgvZQCDHsCVqsQ6NVMGDe0jR3eTvPcmYscOK8lvR6xYKlQxVWvI-aCJyj56RAV8&_nc_zt=14&_nc_ht=scontent.ftgz4-1.fna&_nc_gid=LF0VWZOZ1aYxCQPGHxa9Dg&_nc_ss=7f180&oh=00_AQBdxpCNT4t-smbf1sRDCzJWCMywzm_e3zJA0WfvGIKQYw&oe=6A50AFE7,,"['FACEBOOK', 'INSTAGRAM', 'AUDIENCE_NETWORK', 'MESSENGER', 'THREADS']",au,cw,facebook,social,2026-W27,2026-07,"FACEBOOK, INSTAGRAM, AUDIENCE_NETWORK, MESSENGER, THREADS",True,True,True,True,True,False,SKU Product,True,False,False,2026-07-06,2026-02-25 08:00:00,2026-07-06 16:23:53.030278,131
1847540209291823,,True,2026-02-24 08:00:00,2026-07-04 07:00:00,Chemist Warehouse,Chemist Warehouse,24-Hour Immune Support,24-Hour Immune Support GO ESTER-C® IMMUNE COMPLEX is a quality formula that provides 24 hour support for healthy immune system function with Ester-C®.,Shop now,IMAGE,https://fb.com/canvas_doc/2376701432776434,fb.com,/canvas_doc/2376701432776434,,,,,,,Not Specified,,,,,,,,,,"['FACEBOOK', 'INSTAGRAM', 'AUDIENCE_NETWORK', 'MESSENGER', 'THREADS']",,,,,2026-W27,2026-07,"FACEBOOK, INSTAGRAM, AUDIENCE_NETWORK, MESSENGER, THREADS",True,True,True,True,True,False,Internal/App Page,True,False,False,2026-07-06,2026-02-24 08:00:00,2026-07-06 16:23:53.030278,132
1229206639409889,,True,2026-02-25 08:00:00,2026-07-05 07:00:00,Chemist Warehouse,Chemist Warehouse,Beauty Meets Nutrition,"Your everyday collagen ritual, thanks to The Collagen Co now at Chemist Warehouse",Shop now,IMAGE,https://fb.com/canvas_doc/1977917122797092,fb.com,/canvas_doc/1977917122797092,,,,,,,Not Specified,,,,,,,,,,"['FACEBOOK', 'INSTAGRAM', 'MESSENGER', 'THREADS']",,,,,2026-W27,2026-07,"FACEBOOK, INSTAGRAM, MESSENGER, THREADS",True,True,False,True,True,False,Internal/App Page,True,True,False,2026-07-06,2026-02-25 08:00:00,2026-07-06 16:23:53.030278,131
1305572008050018,2921963624838695,True,2026-02-25 08:00:00,2026-07-05 07:00:00,Chemist Warehouse,Chemist Warehouse,{{product.name}},{{product.brand}},Shop now,DCO,https://www.chemistwarehouse.com.au/shop-online/6918/the-collagen-co?utm_source=facebook&utm_medium=social&utm_content=Catalogue&utm_campaign=au_cw_coop_facebook_social_collagenco_thecollagenco_81_2026_bau_Dynamic&utm_term=Dynamic,www.chemistwarehouse.com.au,/shop-online/6918/the-collagen-co,facebook,social,au_cw_coop_facebook_social_collagenco_thecollagenco_81_2026_bau_Dynamic,81,Dynamic,Catalogue,Coop,Collagenco,Thecollagenco,2026,dynamic,Beauty Meets Nutrition,"Your everyday collagen ritual, thanks to The Collagen Co now at Chemist Warehouse",Shop Now,https://scontent.ftgz4-1.fna.fbcdn.net/v/t39.35426-6/637810836_1904925063486607_7852419059411506365_n.jpg?_nc_cat=109&ccb=1-7&_nc_sid=c53f8f&_nc_ohc=k5F8tKvPfesQ7kNvwGDO4Kf&_nc_oc=Adp1mtFLwfz2qFnX34b1fnG5H-0sHKR468ikUnirOnko6sVTzCC2bpj0UdY7vuIMc4A&_nc_zt=14&_nc_ht=scontent.ftgz4-1.fna&_nc_gid=LF0VWZOZ1aYxCQPGHxa9Dg&_nc_ss=7f180&oh=00_AQDPPewMdGmoNCsMDCkrdM_4UMXIvje93sbUMovtFOUp4Q&oe=6A509E10,,"['FACEBOOK', 'INSTAGRAM', 'MESSENGER', 'THREADS']",au,cw,facebook,social,2026-W27,2026-07,"FACEBOOK, INSTAGRAM, MESSENGER, THREADS",True,True,False,True,True,False,Brand/Category Page,True,False,False,2026-07-06,2026-02-25 08:00:00,2026-07-06 16:23:53.030278,131
1983042859277913,1515704459911840,True,2026-03-23 07:00:00,2026-07-05 07:00:00,Chemist Warehouse,Chemist Warehouse,{{product.name}},{{product.brand}},Learn more,DCO,https://www.chemistwarehouse.com.au/buy/160049/biostime-infant-children-a-l-g-probiotic-care-28-sachets?utm_source=facebook&utm_medium=social&utm_campaign=au_cw_coop_facebook_social_swissewellnessptyltd_biostime_20_2026_100126-bau_video-image&utm_term=traffic&utm_content=video-image_static-4,www.chemistwarehouse.com.au,/buy/160049/biostime-infant-children-a-l-g-probiotic-care-28-sachets,facebook,social,au_cw_coop_facebook_social_swissewellnessptyltd_biostime_20_2026_100126-bau_video-image,20,traffic,video-image_static-4,Coop,Swissewellnessptyltd,Biostime,2026,video-image,Support their day from the inside out,Gentle support for little ones with mild eczema symptoms. Biostime is available at Chemist Warehouse,Learn More,https://scontent.ftgz4-1.fna.fbcdn.net/v/t39.35426-6/656906517_2124655871599607_7578392960713735780_n.jpg?_nc_cat=105&ccb=1-7&_nc_sid=c53f8f&_nc_ohc=xdfYd3kTMAUQ7kNvwEO9h_d&_nc_oc=Adq1Z_T74sgPTRk8-Caz2jU2BRs0QMq3TfRmjTY5puKcawJ7DRa1bV2GfAgZvKc3pSk&_nc_zt=14&_nc_ht=scontent.ftgz4-1.fna&_nc_gid=p1RBmZhAW-ZaOasKIbieEQ&_nc_ss=7f180&oh=00_AQBoGOEgdckN-XyPV7RJr_HCZxvLC6y5rJtGL_j4uWmmog&oe=6A509B13,,"['FACEBOOK', 'INSTAGRAM', 'THREADS']",au,cw,facebook,social,2026-W27,2026-07,"FACEBOOK, INSTAGRAM, THREADS",True,True,False,False,True,False,SKU Product,True,False,False,2026-07-06,2026-03-23 07:00:00,2026-07-06 16:23:53.030278,105
1579474416498984,1499276495247643,True,2026-03-22 07:00:00,2026-07-05 07:00:00,Chemist Warehouse,Chemist Warehouse,{{product.name}},{{product.brand}},Learn more,DCO,https://www.chemistwarehouse.com.au/buy/160049/biostime-infant-children-a-l-g-probiotic-care-28-sachets?utm_source=facebook&utm_medium=social&utm_campaign=au_cw_coop_facebook_social_swissewellnessptyltd_biostime_20_2026_100126-bau_video-image&utm_term=traffic&utm_content=video-image_static-1,www.chemistwarehouse.com.au,/buy/160049/biostime-infant-children-a-l-g-probiotic-care-28-sachets,facebook,social,au_cw_coop_facebook_social_swissewellnessptyltd_biostime_20_2026_100126-bau_video-image,20,traffic,video-image_static-1,Coop,Swissewellnessptyltd,Biostime,2026,video-image,Support their day from the inside out,Gentle support for little ones with mild eczema symptoms. Biostime is available at Chemist Warehouse,Learn More,https://scontent.ftgz4-1.fna.fbcdn.net/v/t39.35426-6/656872842_948342547593375_974443558135462857_n.jpg?_nc_cat=103&ccb=1-7&_nc_sid=c53f8f&_nc_ohc=yrUhXV7GHusQ7kNvwEUu2YJ&_nc_oc=AdrZyLvx7MuHzvTt-1mU3rd2gif6LWPXmsPvvHUqoUvQ-O5hzDA7cTWxj4_GzqBu0P0&_nc_zt=14&_nc_ht=scontent.ftgz4-1.fna&_nc_gid=p1RBmZhAW-ZaOasKIbieEQ&_nc_ss=7f180&oh=00_AQBZY5e4zINTmXX1Z0Y0ZNq4kVFCx3LV-9kidGx6Cvvt6w&oe=6A50AF0C,,"['FACEBOOK', 'INSTAGRAM', 'THREADS']",au,cw,facebook,social,2026-W27,2026-07,"FACEBOOK, INSTAGRAM, THREADS",True,True,False,False,True,False,SKU Product,True,False,False,2026-07-06,2026-03-22 07:00:00,2026-07-06 16:23:53.030278,106
930911809324307,1342178437927744,True,2026-03-24 07:00:00,2026-07-05 07:00:00,Chemist Warehouse,Chemist Warehouse,{{product.name}},{{product.brand}},Learn more,DCO,https://www.chemistwarehouse.com.au/buy/160049/biostime-infant-children-a-l-g-probiotic-care-28-sachets?utm_source=facebook&utm_medium=social&utm_campaign=au_cw_coop_facebook_social_swissewellnessptyltd_biostime_20_2026_100126-bau_video-image&utm_term=traffic&utm_content=video-image_static-2,www.chemistwarehouse.com.au,/buy/160049/biostime-infant-children-a-l-g-probiotic-care-28-sachets,facebook,social,au_cw_coop_facebook_social_swissewellnessptyltd_biostime_20_2026_100126-bau_video-image,20,traffic,video-image_static-2,Coop,Swissewellnessptyltd,Biostime,2026,video-image,Support their day from the inside out,Gentle support for little ones with mild eczema symptoms. Biostime is available at Chemist Warehouse,Learn More,https://scontent.ftgz4-1.fna.fbcdn.net/v/t39.35426-6/654881607_1717682389203980_1530985513429701613_n.jpg?_nc_cat=111&ccb=1-7&_nc_sid=c53f8f&_nc_ohc=-C3TP-d7UeMQ7kNvwET4mdN&_nc_oc=AdqKKVekbh8mXTPhUkISc6coOG07uHxSOLt2c9JGjlAXUR6N3e-0LSTdFVBOfAaq5v0&_nc_zt=14&_nc_ht=scontent.ftgz4-1.fna&_nc_gid=p1RBmZhAW-ZaOasKIbieEQ&_nc_ss=7f180&oh=00_AQCLStY_98b6F53d8HSBWIV7aa_lBBmyWiuhOf5rqLvYnw&oe=6A50B6E3,,"['FACEBOOK', 'INSTAGRAM', 'THREADS']",au,cw,facebook,social,2026-W27,2026-07,"FACEBOOK, INSTAGRAM, THREADS",True,True,False,False,True,False,SKU Product,True,False,False,2026-07-06,2026-03-24 07:00:00,2026-07-06 16:23:53.030278,104
2363576060808967,1263283735193735,True,2026-03-22 07:00:00,2026-07-04 07:00:00,Chemist Warehouse,Chemist Warehouse,{{product.name}},{{product.brand}},Learn more,DCO,https://www.chemistwarehouse.com.au/buy/160049/biostime-infant-children-a-l-g-probiotic-care-28-sachets?utm_source=facebook&utm_medium=social&utm_campaign=au_cw_coop_facebook_social_swissewellnessptyltd_biostime_20_2026_100126-bau_video-image&utm_term=traffic&utm_content=video-image_static-5,www.chemistwarehouse.com.au,/buy/160049/biostime-infant-children-a-l-g-probiotic-care-28-sachets,facebook,social,au_cw_coop_facebook_social_swissewellnessptyltd_biostime_20_2026_100126-bau_video-image,20,traffic,video-image_static-5,Coop,Swissewellnessptyltd,Biostime,2026,video-image,Support their day from the inside out,Gentle support for little ones with mild eczema symptoms. Biostime is available at Chemist Warehouse,Learn More,https://scontent.ftgz4-1.fna.fbcdn.net/v/t39.35426-6/655827744_904311839142463_3666600619732473426_n.jpg?_nc_cat=102&ccb=1-7&_nc_sid=c53f8f&_nc_ohc=10E4yCBGy_IQ7kNvwH3xLDV&_nc_oc=AdqwsVMtEQEwzplljXMbKsrXhpyEDfPwhuQlzeTIJSIUYSXrS9B2EMUNcDoELSFfRUE&_nc_zt=14&_nc_ht=scontent.ftgz4-1.fna&_nc_gid=p1RBmZhAW-ZaOasKIbieEQ&_nc_ss=7f180&oh=00_AQDI_b7x8QtBSKHGXDdxVopB2tIXwrQMIKzx929fHUv5qw&oe=6A50B312,,"['FACEBOOK', 'INSTAGRAM', 'THREADS']",au,cw,facebook,social,2026-W27,2026-07,"FACEBOOK, INSTAGRAM, THREADS",True,True,False,False,True,False,SKU Product,True,False,False,2026-07-06,2026-03-22 07:00:00,2026-07-06 16:23:53.030278,106
1882275026497195,,True,2026-02-24 08:00:00,2026-07-04 07:00:00,Chemist Warehouse,Chemist Warehouse,GO Activated B12 supports energy production,Support healthy red blood cell production and maintain B12 levels with GO Healthy Activated B12.,Shop now,IMAGE,https://fb.com/canvas_doc/1185485476748090,fb.com,/canvas_doc/1185485476748090,,,,,,,Not Specified,,,,,,,,,,"['FACEBOOK', 'INSTAGRAM', 'AUDIENCE_NETWORK', 'MESSENGER', 'THREADS']",,,,,2026-W27,2026-07,"FACEBOOK, INSTAGRAM, AUDIENCE_NETWORK, MESSENGER, THREADS",True,True,True,True,True,False,Internal/App Page,True,False,False,2026-07-06,2026-02-24 08:00:00,2026-07-06 16:23:53.030278,132
868317339577193,,True,2026-02-24 08:00:00,2026-07-05 07:00:00,Chemist Warehouse,Chemist Warehouse,High-strength CoQ10 + D3 formula,Just one soft capsule a day gives you a high-strength dose of CoQ10 plus Vitamin D3 to support cardiovascular system health and energy production.,Shop now,IMAGE,https://fb.com/canvas_doc/4389054474682648,fb.com,/canvas_doc/4389054474682648,,,,,,,Not Specified,,,,,,,,,,"['FACEBOOK', 'INSTAGRAM', 'AUDIENCE_NETWORK', 'MESSENGER', 'THREADS']",,,,,2026-W27,2026-07,"FACEBOOK, INSTAGRAM, AUDIENCE_NETWORK, MESSENGER, THREADS",True,True,True,True,True,False,Internal/App Page,True,False,False,2026-07-06,2026-02-24 08:00:00,2026-07-06 16:23:53.030278,132
1379056927357159,,True,2026-02-24 08:00:00,2026-07-05 07:00:00,Chemist Warehouse,Chemist Warehouse,Feel like you’re not quite performing at your best?,"GO Healthy Man Plus Performance is a 1-A-DAY formula that contains Tribulus, Horny Goat Weed, Korean Ginseng and Ginkgo.",Shop now,IMAGE,https://fb.com/canvas_doc/923989350175581,fb.com,/canvas_doc/923989350175581,,,,,,,Not Specified,,,,,,,,,,"['FACEBOOK', 'INSTAGRAM', 'AUDIENCE_NETWORK', 'MESSENGER', 'THREADS']",,,,,2026-W27,2026-07,"FACEBOOK, INSTAGRAM, AUDIENCE_NETWORK, MESSENGER, THREADS",True,True,True,True,True,False,Internal/App Page,True,False,False,2026-07-06,2026-02-24 08:00:00,2026-07-06 16:23:53.030278,132
929136289659060,,True,2026-03-19 07:00:00,2026-07-05 07:00:00,Chemist Warehouse,Chemist Warehouse,"Want Instant Glowing, Glass Skin?",Discover the NEW L'Oréal Paris Filler Glass Skin Cream for glass skin glow in just 1 use.,Shop now,IMAGE,https://fb.com/canvas_doc/1721751209202513,fb.com,/canvas_doc/1721751209202513,,,,,,,Not Specified,,,,,,,,,,"['FACEBOOK', 'INSTAGRAM', 'AUDIENCE_NETWORK', 'MESSENGER', 'THREADS']",,,,,2026-W27,2026-07,"FACEBOOK, INSTAGRAM, AUDIENCE_NETWORK, MESSENGER, THREADS",True,True,True,True,True,False,Internal/App Page,True,False,False,2026-07-06,2026-03-19 07:00:00,2026-07-06 16:23:53.030278,109
1176189481098136,1581408246452958,True,2026-03-16 07:00:00,2026-07-05 07:00:00,Chemist Warehouse,Chemist Warehouse,{{product.name}},{{product.brand}},Learn more,DCO,https://www.chemistwarehouse.com.au/buy/160049/biostime-infant-children-a-l-g-probiotic-care-28-sachets?utm_source=facebook&utm_medium=social&utm_campaign=au_cw_coop_facebook_social_swissewellnessptyltd_biostime_20_2026_100126-bau_video-image&utm_term=traffic&utm_content=video-image_instore-video,www.chemistwarehouse.com.au,/buy/160049/biostime-infant-children-a-l-g-probiotic-care-28-sachets,facebook,social,au_cw_coop_facebook_social_swissewellnessptyltd_biostime_20_2026_100126-bau_video-image,20,traffic,video-image_instore-video,Coop,Swissewellnessptyltd,Biostime,2026,video-image,Biostime at Chemist Warehouse,Gentle support for mild eczema symptoms in infants and children. Shop Biostime at Chemist Warehouse.,Learn More,,https://video.ftgz4-1.fna.fbcdn.net/o1/v/t2/f2/m366/AQNtpuJUgwOfaAeBJNv2LlvYD__cwOUf3-3NTpUVeHIPDDeECEkVMfxt-XJDHYKbP6X0niaYyAy40X83-otXEhomqDNJZT5RFInXAAY3hjkKUA.mp4?_nc_cat=107&_nc_oc=AdrkuoUTrlQAnDzqPzxw6-u-ncn0OR48juFN7-5gPypAYxJtis8oatHaElkiV14lor0&_nc_sid=b66105&_nc_ht=video.ftgz4-1.fna.fbcdn.net&_nc_ohc=IykHYOF8MYoQ7kNvwEdEijO&efg=eyJ2ZW5jb2RlX3RhZyI6Inhwdl9wcm9ncmVzc2l2ZS5WSV9VU0VDQVNFX1BST0RVQ1RfVFlQRS4uQzMuNzIwLmRhc2hfaDI2NC1iYXNpYy1nZW4yXzcyMHAiLCJ4cHZfYXNzZXRfaWQiOjE0NDc2NTc3MDM1MTI5ODQsImFzc2V0X2FnZV9kYXlzIjoxMTAsInZpX3VzZWNhc2VfaWQiOjEwNzk5LCJkdXJhdGlvbl9zIjozNCwidXJsZ2VuX3NvdXJjZSI6Ind3dyJ9&ccb=17-1&vs=bf79ae71495c63f0&_nc_vs=HBksFQIYRWZiX2VwaGVtZXJhbC9GQTRDMTQyNTczNDMwMDg0M0Q2Q0Y3MUY1RUQ5RThBOV9tdF8xX3ZpZGVvX2Rhc2hpbml0Lm1wNBUAAsgBEgAVAhhAZmJfcGVybWFuZW50L0E2NEM2M0ZDOTNFRTNEM0RDOTIyMUYxNDZDODdFMEE5X2F1ZGlvX2Rhc2hpbml0Lm1wNBUCAsgBEgAoABgAGwKIB3VzZV9vaWwBMRJwcm9ncmVzc2l2ZV9yZWNpcGUBMRUAACaw7uSy4qiSBRUCKAJDMywXQEERBiTdLxsYGWRhc2hfaDI2NC1iYXNpYy1nZW4yXzcyMHARAHUAZd6oAQA&_nc_gid=p1RBmZhAW-ZaOasKIbieEQ&_nc_ss=7f180&_nc_zt=28&oh=00_AQBiZ-BbghsOVXcFHkcmk1RnJJQErGXYdG1zCTVuaEI_ng&oe=6A509801,"['FACEBOOK', 'INSTAGRAM', 'THREADS']",au,cw,facebook,social,2026-W27,2026-07,"FACEBOOK, INSTAGRAM, THREADS",True,True,False,False,True,False,SKU Product,True,False,False,2026-07-06,2026-03-16 07:00:00,2026-07-06 16:23:53.030278,112
1534446954914859,2126292548184621,True,2026-03-17 07:00:00,2026-07-05 07:00:00,Chemist Warehouse,Chemist Warehouse,My Organics at Chemist Warehouse,"Giving your hair the resurrection it deserves 🤍 My Organic's Resurrection Supreme Shampoo & Miracle Mask are formulated to help leave hair feeling shiny, nourished and healthy. Discover the range at Chemist Warehouse",Learn more,VIDEO,https://www.chemistwarehouse.com.au/shop-online/1597/my-organics?utm_source=facebook&utm_medium=social&utm_campaign=au_cw_oa_facebook_social_myorganics_myorganics_129_mar26_100308-social_video&utm_term=traffic&utm_content=video_instore-video,www.chemistwarehouse.com.au,/shop-online/1597/my-organics,facebook,social,au_cw_oa_facebook_social_myorganics_myorganics_129_mar26_100308-social_video,129,traffic,video_instore-video,O&O,Myorganics,Myorganics,mar26,video,,,,,,"['FACEBOOK', 'INSTAGRAM', 'THREADS']",au,cw,facebook,social,2026-W27,2026-07,"FACEBOOK, INSTAGRAM, THREADS",True,True,False,False,True,False,Brand/Category Page,True,True,True,2026-07-06,2026-03-17 07:00:00,2026-07-06 16:23:53.030278,111
1239336380957219,,True,2026-02-20 08:00:00,2026-07-05 07:00:00,Chemist Warehouse,Chemist Warehouse,GO Activated B12 supports energy production,Support healthy red blood cell production and maintain B12 levels with GO Healthy Activated B12.,Shop now,IMAGE,https://fb.com/canvas_doc/1185485476748090,fb.com,/canvas_doc/1185485476748090,,,,,,,Not Specified,,,,,,,,,,"['FACEBOOK', 'INSTAGRAM', 'AUDIENCE_NETWORK', 'MESSENGER', 'THREADS']",,,,,2026-W27,2026-07,"FACEBOOK, INSTAGRAM, AUDIENCE_NETWORK, MESSENGER, THREADS",True,True,True,True,True,False,Internal/App Page,True,False,False,2026-07-06,2026-02-20 08:00:00,2026-07-06 16:23:53.030278,136
1252003253556500,1276613001031929,True,2026-02-19 08:00:00,2026-07-05 07:00:00,Chemist Warehouse,Chemist Warehouse,New Omega Platinum,"Meet Blackmores NEW Omega Platinum range — our highest-strength omega-3, now also available in a mini capsule.",Shop now,VIDEO,https://fb.com/canvas_doc/1612214066789433,fb.com,/canvas_doc/1612214066789433,,,,,,,Not Specified,,,,,,,,,,"['FACEBOOK', 'INSTAGRAM', 'AUDIENCE_NETWORK', 'MESSENGER', 'THREADS']",,,,,2026-W27,2026-07,"FACEBOOK, INSTAGRAM, AUDIENCE_NETWORK, MESSENGER, THREADS",True,True,True,True,True,False,Internal/App Page,True,False,False,2026-07-06,2026-02-19 08:00:00,2026-07-06 16:23:53.030278,137
934188542457963,,True,2026-02-20 08:00:00,2026-07-05 07:00:00,Chemist Warehouse,Chemist Warehouse,High-strength CoQ10 + D3 formula,Just one soft capsule a day gives you a high-strength dose of CoQ10 plus Vitamin D3 to support cardiovascular system health and energy production.,Shop now,IMAGE,https://fb.com/canvas_doc/4389054474682648,fb.com,/canvas_doc/4389054474682648,,,,,,,Not Specified,,,,,,,,,,"['FACEBOOK', 'INSTAGRAM', 'AUDIENCE_NETWORK', 'MESSENGER', 'THREADS']",,,,,2026-W27,2026-07,"FACEBOOK, INSTAGRAM, AUDIENCE_NETWORK, MESSENGER, THREADS",True,True,True,True,True,False,Internal/App Page,True,False,False,2026-07-06,2026-02-20 08:00:00,2026-07-06 16:23:53.030278,136
1222997342827560,,True,2026-02-19 08:00:00,2026-07-05 07:00:00,Chemist Warehouse,Chemist Warehouse,Feel like you’re not quite performing at your best?,"GO Healthy Man Plus Performance is a 1-A-DAY formula that contains Tribulus, Horny Goat Weed, Korean Ginseng and Ginkgo.",Shop now,IMAGE,https://fb.com/canvas_doc/923989350175581,fb.com,/canvas_doc/923989350175581,,,,,,,Not Specified,,,,,,,,,,"['FACEBOOK', 'INSTAGRAM', 'AUDIENCE_NETWORK', 'MESSENGER', 'THREADS']",,,,,2026-W27,2026-07,"FACEBOOK, INSTAGRAM, AUDIENCE_NETWORK, MESSENGER, THREADS",True,True,True,True,True,False,Internal/App Page,True,False,False,2026-07-06,2026-02-19 08:00:00,2026-07-06 16:23:53.030278,137
1651295982522794,2091232681611257,True,2026-02-04 08:00:00,2026-07-05 07:00:00,Chemist Warehouse,Chemist Warehouse,Shop at Chemist Warehouse,"Ferro-grad C, available now at Chemist Warehouse.  Ask your pharmacist if it’s right for you.",Learn more,VIDEO,https://www.chemistwarehouse.com.au/shop-online/4616/ferro-grad?utm_source=facebook&utm_medium=social&utm_campaign=au_cw_coop_facebook_social_vidacorp_ferrograd_81_2026_100118-bau_video&utm_term=traffic&utm_content=video_instore,www.chemistwarehouse.com.au,/shop-online/4616/ferro-grad,facebook,social,au_cw_coop_facebook_social_vidacorp_ferrograd_81_2026_100118-bau_video,81,traffic,video_instore,Coop,Vidacorp,Ferrograd,2026,video,,,,,,"['FACEBOOK', 'INSTAGRAM', 'MESSENGER']",au,cw,facebook,social,2026-W27,2026-07,"FACEBOOK, INSTAGRAM, MESSENGER",True,True,False,True,False,False,Brand/Category Page,True,True,False,2026-07-06,2026-02-04 08:00:00,2026-07-06 16:23:53.030278,152
1115105317384102,893113806858079,True,2026-03-03 08:00:00,2026-07-05 07:00:00,Chemist Warehouse,Chemist Warehouse,Infallible Cushion Foundation,"Flawless skin in seconds! L’Oréal Paris 24H Cushion Foundation, now at Chemist Warehouse. Pair it with the viral Setting Mist!",Shop now,VIDEO,https://www.chemistwarehouse.com.au/shop-online/4068/loreal-paris?category=Foundation&utm_source=facebook&utm_medium=social&utm_campaign=au_cw_coop_facebook_social_lorealaustraliaptyltd_lorealparis_665_2026_bau_dynamic&utm_term=traffic&utm_content=dynamic_cushionvid,www.chemistwarehouse.com.au,/shop-online/4068/loreal-paris,facebook,social,au_cw_coop_facebook_social_lorealaustraliaptyltd_lorealparis_665_2026_bau_dynamic,665,traffic,dynamic_cushionvid,Coop,Lorealaustraliaptyltd,Lorealparis,2026,dynamic,,,,,,"['FACEBOOK', 'INSTAGRAM', 'AUDIENCE_NETWORK', 'MESSENGER', 'THREADS']",au,cw,facebook,social,2026-W27,2026-07,"FACEBOOK, INSTAGRAM, AUDIENCE_NETWORK, MESSENGER, THREADS",True,True,True,True,True,False,Brand/Category Page,True,True,False,2026-07-06,2026-03-03 08:00:00,2026-07-06 16:23:53.030278,125
1238822944853291,,True,2026-01-29 08:00:00,2026-07-05 07:00:00,Chemist Warehouse,Chemist Warehouse,{{product.price strip_zeros}} {{product.name}},Shop the Aveeno range online today at Chemist Warehouse,Shop now,DPA,http://www.chemistwarehouse.com.au/,www.chemistwarehouse.com.au,/,,,,,,,Not Specified,,,,,A$19.50 Aveeno Oat Milk Blend Moisturising Shampoo for Dry & Damaged Hair 354mL,Shop the Aveeno range online today at Chemist Warehouse,Shop Now,https://scontent.ftgz4-1.fna.fbcdn.net/v/t39.35426-6/622125324_918947857464579_6158617469390783704_n.jpg?_nc_cat=110&ccb=1-7&_nc_sid=c53f8f&_nc_ohc=DQk8o4GBt9IQ7kNvwEuwErN&_nc_oc=AdrBwo4oii3P2qGDG6W8vz4GgOS8EWFcs-8OfLfJ0nb-0MIOFQEaS0iTN_AvzxYWIvs&_nc_zt=14&_nc_ht=scontent.ftgz4-1.fna&_nc_gid=LF0VWZOZ1aYxCQPGHxa9Dg&_nc_ss=7f180&oh=00_AQDU3vB5Qga6d5nd716Kg346TXKrThNGx9a54G2L50jj0A&oe=6A50A438,,"['FACEBOOK', 'INSTAGRAM', 'AUDIENCE_NETWORK', 'MESSENGER', 'THREADS']",,,,,2026-W27,2026-07,"FACEBOOK, INSTAGRAM, AUDIENCE_NETWORK, MESSENGER, THREADS",True,True,True,True,True,False,Homepage,True,True,False,2026-07-06,2026-01-29 08:00:00,2026-07-06 16:23:53.030278,158
1802960970571989,,True,2026-01-22 08:00:00,2026-07-05 07:00:00,Chemist Warehouse,Chemist Warehouse,Raw Super Digestive - Hyper Effective,Super Digestive - Hyper Effective Protein. Certified Organic. Low FODMAP Certified. 100% Real. 100% Clean.,Learn more,IMAGE,https://fb.com/canvas_doc/1802880967007637,fb.com,/canvas_doc/1802880967007637,,,,,,,Not Specified,,,,,,,,,,"['FACEBOOK', 'INSTAGRAM', 'AUDIENCE_NETWORK', 'MESSENGER', 'THREADS']",,,,,2026-W27,2026-07,"FACEBOOK, INSTAGRAM, AUDIENCE_NETWORK, MESSENGER, THREADS",True,True,True,True,True,False,Internal/App Page,True,False,False,2026-07-06,2026-01-22 08:00:00,2026-07-06 16:23:53.030278,165
1600885107896324,,True,2026-02-24 08:00:00,2026-07-05 07:00:00,Chemist Warehouse,Chemist Warehouse,Discover GO Healthy stress & energy support products,Choose GO Activated B Complex for your energy production or GO  L‑Theanine 400 to help you stay calm — simple 1‑a‑day formulation.,Shop now,IMAGE,https://fb.com/canvas_doc/1257483286291537,fb.com,/canvas_doc/1257483286291537,,,,,,,Not Specified,,,,,,,,,,"['FACEBOOK', 'INSTAGRAM', 'AUDIENCE_NETWORK', 'MESSENGER', 'THREADS']",,,,,2026-W27,2026-07,"FACEBOOK, INSTAGRAM, AUDIENCE_NETWORK, MESSENGER, THREADS",True,True,True,True,True,False,Internal/App Page,True,False,False,2026-07-06,2026-02-24 08:00:00,2026-07-06 16:23:53.030278,132
1176408607991692,1847794712742930,True,2026-01-22 08:00:00,2026-07-04 07:00:00,Chemist Warehouse,Chemist Warehouse,{{product.name}},{{product.brand}},Learn more,DCO,https://www.chemistwarehouse.com.au/shop-online/2431/tooshies?utm_source=facebook&utm_medium=social&utm_campaign=au_cw_coop_facebook_social_nicepakproductsptyltd_all_20_2026_100057-bau_video-image&utm_term=traffic&utm_content=video-image_generic,www.chemistwarehouse.com.au,/shop-online/2431/tooshies,facebook,social,au_cw_coop_facebook_social_nicepakproductsptyltd_all_20_2026_100057-bau_video-image,20,traffic,video-image_generic,Coop,Nicepakproductsptyltd,All,2026,video-image,Because Nappies Need Changing,"Switch to Tooshies nappies and wipes—gentle on your baby’s skin, better for the planet. Make the change today",Learn More,,https://video.ftgz4-1.fna.fbcdn.net/o1/v/t2/f2/m366/AQPGr6GpAkXVJO1S6rTMpBfoL6djwM9KGDPzjuUhzaT0TtICAsLbj23TNSFeDCa1EC78p3JLXZRq8AR9r8WNSmozpmZEORNPywjsz5G64oshlA.mp4?_nc_cat=105&_nc_oc=AdqBd5kS-mxW9g2MUO6sG40ABTK6nY16sZbcEZQSuUWULodqxcl0Cd7D0Jj6zm9fH5o&_nc_sid=b66105&_nc_ht=video.ftgz4-1.fna.fbcdn.net&_nc_ohc=Vy0XsB4qhXAQ7kNvwEmR3Va&efg=eyJ2ZW5jb2RlX3RhZyI6Inhwdl9wcm9ncmVzc2l2ZS5WSV9VU0VDQVNFX1BST0RVQ1RfVFlQRS4uQzMuNzIwLmRhc2hfaDI2NC1iYXNpYy1nZW4yXzcyMHAiLCJ4cHZfYXNzZXRfaWQiOjEwODE2MTY0OTM3MzU1NjEsImFzc2V0X2FnZV9kYXlzIjo1MjIsInZpX3VzZWNhc2VfaWQiOjEwNzk5LCJkdXJhdGlvbl9zIjo2LCJ1cmxnZW5fc291cmNlIjoid3d3In0%3D&ccb=17-1&vs=8fdd01cbe5712f6b&_nc_vs=HBksFQIYRWZiX2VwaGVtZXJhbC85MTQ3NkJFNjI0MkYxRjFENUQzODgxRkREQTFDN0NCRF9tdF8xX3ZpZGVvX2Rhc2hpbml0Lm1wNBUAAsgBEgAVAhg6cGFzc3Rocm91Z2hfZXZlcnN0b3JlL0dFTmVUQndTVFNsNWVEWUNBTnZNLV9wV2otTmlidjRHQUFBRhUCAsgBEgAoABgAGwKIB3VzZV9vaWwBMRJwcm9ncmVzc2l2ZV9yZWNpcGUBMRUAACaSuqPuru7rAxUCKAJDMywXQBgGJN0vGqAYGWRhc2hfaDI2NC1iYXNpYy1nZW4yXzcyMHARAHUAZd6oAQA&_nc_gid=LF0VWZOZ1aYxCQPGHxa9Dg&_nc_ss=7f180&_nc_zt=28&oh=00_AQALNGsBV0Z3p05XLmER7AoRn2RkHhGRLIYrT1fsPeECtw&oe=6A50B2C3,"['FACEBOOK', 'INSTAGRAM', 'AUDIENCE_NETWORK', 'MESSENGER', 'THREADS']",au,cw,facebook,social,2026-W27,2026-07,"FACEBOOK, INSTAGRAM, AUDIENCE_NETWORK, MESSENGER, THREADS",True,True,True,True,True,False,Brand/Category Page,True,False,False,2026-07-06,2026-01-22 08:00:00,2026-07-06 16:23:53.030278,165
832448336498514,4097217510549516,True,2026-01-20 08:00:00,2026-07-05 07:00:00,Chemist Warehouse,Chemist Warehouse,{{product.name}},{{product.brand}},Learn more,DCO,https://www.chemistwarehouse.com.au/shop-online/2431/tooshies?utm_source=facebook&utm_medium=social&utm_campaign=au_cw_coop_facebook_social_nicepakproductsptyltd_all_20_2026_100057-bau_video-image&utm_term=traffic&utm_content=video-image_generic,www.chemistwarehouse.com.au,/shop-online/2431/tooshies,facebook,social,au_cw_coop_facebook_social_nicepakproductsptyltd_all_20_2026_100057-bau_video-image,20,traffic,video-image_generic,Coop,Nicepakproductsptyltd,All,2026,video-image,Because Nappies Need Changing,"Switch to Tooshies nappies and wipes—gentle on your baby’s skin, better for the planet. Make the change today",Learn More,,https://video.ftgz4-1.fna.fbcdn.net/o1/v/t2/f2/m366/AQN5XqjN1ukc2mXftWZshKcmUdyp-383ZEyQeaOTSxPic9_sWLIdCD_vbW9jeBSvEZX4Wluxvkwc21ebjaeeIOqOO2jXv2ll8_fEpIR8uwEr-A.mp4?_nc_cat=110&_nc_oc=AdoNx-WGA8sCkYyI6XOto1Ntej9b2ujg43p10YjZjqwYTGXBntqaOLoTBUtE3BFjiJ4&_nc_sid=b66105&_nc_ht=video.ftgz4-1.fna.fbcdn.net&_nc_ohc=iZfhXDlIENMQ7kNvwE_U2te&efg=eyJ2ZW5jb2RlX3RhZyI6Inhwdl9wcm9ncmVzc2l2ZS5WSV9VU0VDQVNFX1BST0RVQ1RfVFlQRS4uQzMuNzIwLmRhc2hfaDI2NC1iYXNpYy1nZW4yXzcyMHAiLCJ4cHZfYXNzZXRfaWQiOjI4NzI0ODAzOTY3MTMzNDc1LCJhc3NldF9hZ2VfZGF5cyI6NTIyLCJ2aV91c2VjYXNlX2lkIjoxMDc5OSwiZHVyYXRpb25fcyI6NDUsInVybGdlbl9zb3VyY2UiOiJ3d3cifQ%3D%3D&ccb=17-1&vs=7cc0cb1e1419e527&_nc_vs=HBksFQIYRWZiX2VwaGVtZXJhbC8wQzRFNjYxQzE4MTJERUQxMDhEQzk5QUMwMkVFQzg5Nl9tdF8xX3ZpZGVvX2Rhc2hpbml0Lm1wNBUAAsgBEgAVAhg6cGFzc3Rocm91Z2hfZXZlcnN0b3JlL0dEUjdVaHlELVRkSEZEa0NBTWNxLXFhOWJ2a3FidjRHQUFBRhUCAsgBEgAoABgAGwKIB3VzZV9vaWwBMRJwcm9ncmVzc2l2ZV9yZWNpcGUBMRUAACbGnKGL08OGZhUCKAJDMywXQEaFwo9cKPYYGWRhc2hfaDI2NC1iYXNpYy1nZW4yXzcyMHARAHUAZd6oAQA&_nc_gid=LF0VWZOZ1aYxCQPGHxa9Dg&_nc_ss=7f180&_nc_zt=28&oh=00_AQBVynuM0983Ur5e-zDSSKTU2ZlnDrJ0WAD-exP4-igprg&oe=6A508E0A,"['FACEBOOK', 'INSTAGRAM', 'AUDIENCE_NETWORK', 'MESSENGER', 'THREADS']",au,cw,facebook,social,2026-W27,2026-07,"FACEBOOK, INSTAGRAM, AUDIENCE_NETWORK, MESSENGER, THREADS",True,True,True,True,True,False,Brand/Category Page,True,False,False,2026-07-06,2026-01-20 08:00:00,2026-07-06 16:23:53.030278,167
1658322398667720,,True,2026-02-24 08:00:00,2026-07-02 07:00:00,Chemist Warehouse,Chemist Warehouse,GO Activated B Complex  for energy production,"1-A-DAY formula, it  delivers activated B2, B6, B12 and Folate to help support your body’s energy production.",Shop now,IMAGE,https://fb.com/canvas_doc/1220649510257956,fb.com,/canvas_doc/1220649510257956,,,,,,,Not Specified,,,,,,,,,,"['FACEBOOK', 'INSTAGRAM', 'AUDIENCE_NETWORK', 'MESSENGER', 'THREADS']",,,,,2026-W27,2026-07,"FACEBOOK, INSTAGRAM, AUDIENCE_NETWORK, MESSENGER, THREADS",True,True,True,True,True,False,Internal/App Page,True,False,False,2026-07-06,2026-02-24 08:00:00,2026-07-06 16:23:53.030278,132
2044837216367953,1387823599159151,True,2026-01-22 08:00:00,2026-07-05 07:00:00,Chemist Warehouse,Chemist Warehouse,{{product.name}},{{product.brand}},Learn more,DCO,https://www.chemistwarehouse.com.au/shop-online/2431/tooshies?utm_source=facebook&utm_medium=social&utm_campaign=au_cw_coop_facebook_social_nicepakproductsptyltd_all_20_2026_100057-bau_video-image&utm_term=traffic&utm_content=video-image_generic,www.chemistwarehouse.com.au,/shop-online/2431/tooshies,facebook,social,au_cw_coop_facebook_social_nicepakproductsptyltd_all_20_2026_100057-bau_video-image,20,traffic,video-image_generic,Coop,Nicepakproductsptyltd,All,2026,video-image,Because Nappies Need Changing,"Switch to Tooshies nappies and wipes—gentle on your baby’s skin, better for the planet. Make the change today",Learn More,,https://video.ftgz4-1.fna.fbcdn.net/o1/v/t2/f2/m366/AQNMGGZSdc1k6L0PCfnaTYUm2D9DGfLT0Pz4yOEwL2sFeksNXk63S043UPjEjW61srcw2ySI2FpnKf3aTKkCsvfjPtm6ihgH6K8ZHS7CqOc9lw.mp4?_nc_cat=104&_nc_oc=AdqvpWxwPawIPhRtiEkN-EAysFf0m6VUpSJq98IBuH2yD4AFUesY-buiAV3yePVPg5k&_nc_sid=b66105&_nc_ht=video.ftgz4-1.fna.fbcdn.net&_nc_ohc=De1zHSIJTqoQ7kNvwGLMx1J&efg=eyJ2ZW5jb2RlX3RhZyI6Inhwdl9wcm9ncmVzc2l2ZS5WSV9VU0VDQVNFX1BST0RVQ1RfVFlQRS4uQzMuNzIwLmRhc2hfaDI2NC1iYXNpYy1nZW4yXzcyMHAiLCJ4cHZfYXNzZXRfaWQiOjEzNjI3MjM5MjUwODgxNTksImFzc2V0X2FnZV9kYXlzIjo1MjIsInZpX3VzZWNhc2VfaWQiOjEwNzk5LCJkdXJhdGlvbl9zIjoxNSwidXJsZ2VuX3NvdXJjZSI6Ind3dyJ9&ccb=17-1&vs=81b7fe2fe8e1e8ae&_nc_vs=HBksFQIYRWZiX2VwaGVtZXJhbC9ERDQ5MDYzRDRBNEFGMDE4OUU1RTE4OTJFN0YzQzNCOV9tdF8xX3ZpZGVvX2Rhc2hpbml0Lm1wNBUAAsgBEgAVAhg6cGFzc3Rocm91Z2hfZXZlcnN0b3JlL0dIZ3RTaHdkOTFraHNSQUNBT2ZPdnFhVkF6UTNidjRHQUFBRhUCAsgBEgAoABgAGwKIB3VzZV9vaWwBMRJwcm9ncmVzc2l2ZV9yZWNpcGUBMRUAACa-3tq3_NjrBBUCKAJDMywXQC4HrhR64UgYGWRhc2hfaDI2NC1iYXNpYy1nZW4yXzcyMHARAHUAZd6oAQA&_nc_gid=MGRShCPQQ60ArmJDJhq-1g&_nc_ss=7f180&_nc_zt=28&oh=00_AQDh_Pq2mwJ2atvdFufIoDTEYsSujn70YfzaBEGwVqFEzw&oe=6A5098B8,"['FACEBOOK', 'INSTAGRAM', 'AUDIENCE_NETWORK', 'MESSENGER', 'THREADS']",au,cw,facebook,social,2026-W27,2026-07,"FACEBOOK, INSTAGRAM, AUDIENCE_NETWORK, MESSENGER, THREADS",True,True,True,True,True,False,Brand/Category Page,True,False,False,2026-07-06,2026-01-22 08:00:00,2026-07-06 16:23:53.030278,165
772527935909596,4091007604518657,True,2026-01-21 08:00:00,2026-07-05 07:00:00,Chemist Warehouse,Chemist Warehouse,{{product.name}},{{product.brand}},Learn more,DCO,https://www.chemistwarehouse.com.au/shop-online/2431/tooshies?utm_source=facebook&utm_medium=social&utm_campaign=au_cw_coop_facebook_social_nicepakproductsptyltd_all_20_2026_100057-bau_video-image&utm_term=traffic&utm_content=video-image_generic,www.chemistwarehouse.com.au,/shop-online/2431/tooshies,facebook,social,au_cw_coop_facebook_social_nicepakproductsptyltd_all_20_2026_100057-bau_video-image,20,traffic,video-image_generic,Coop,Nicepakproductsptyltd,All,2026,video-image,Because Nappies Need Changing,"Switch to Tooshies nappies and wipes—gentle on your baby’s skin, better for the planet. Make the change today",Learn More,,https://video.ftgz4-1.fna.fbcdn.net/o1/v/t2/f2/m366/AQPkQ4skrKPb9BAJhdSO7QBUXZcuO1fzVJXaNLMU_CYTtJN-ptpisehGSHiSHQJT9jxSiHbJu1rGm2ZEZEIPhST9Swhr5v1MbpAh5Fe80Y5lKg.mp4?_nc_cat=110&_nc_oc=AdrDjlRD_xKOUsi6IY5lBx_TvfPG0yxgdMGlparxUrAC81Ahwf6qUU-1go3PLIzUe6w&_nc_sid=b66105&_nc_ht=video.ftgz4-1.fna.fbcdn.net&_nc_ohc=vbjMWk1A-h4Q7kNvwEc8eJC&efg=eyJ2ZW5jb2RlX3RhZyI6Inhwdl9wcm9ncmVzc2l2ZS5WSV9VU0VDQVNFX1BST0RVQ1RfVFlQRS4uQzMuNzIwLmRhc2hfaDI2NC1iYXNpYy1nZW4yXzcyMHAiLCJ4cHZfYXNzZXRfaWQiOjExNDc4Mzk5NjM2NTgwMTcsImFzc2V0X2FnZV9kYXlzIjo1MjIsInZpX3VzZWNhc2VfaWQiOjEwNzk5LCJkdXJhdGlvbl9zIjo0NywidXJsZ2VuX3NvdXJjZSI6Ind3dyJ9&ccb=17-1&vs=2639d42938b3d606&_nc_vs=HBksFQIYRWZiX2VwaGVtZXJhbC83OTQ2RjNCOTg0NDA5RkFENUU4Qjc4NUI3Qjc0MjdCM19tdF8xX3ZpZGVvX2Rhc2hpbml0Lm1wNBUAAsgBEgAVAhg6cGFzc3Rocm91Z2hfZXZlcnN0b3JlL0dPUVFWUnphZU1IVmlDc0NBSWVHMm1Nem5hc25idjRHQUFBRhUCAsgBEgAoABgAGwKIB3VzZV9vaWwBMRJwcm9ncmVzc2l2ZV9yZWNpcGUBMRUAACbC3NeUiv2JBBUCKAJDMywXQEego9cKPXEYGWRhc2hfaDI2NC1iYXNpYy1nZW4yXzcyMHARAHUAZd6oAQA&_nc_gid=MGRShCPQQ60ArmJDJhq-1g&_nc_ss=7f180&_nc_zt=28&oh=00_AQDPVRiAI7gJxcfl1Jhgly3FIFQfvApABbCJCSjDuhigkg&oe=6A50A882,"['FACEBOOK', 'INSTAGRAM', 'AUDIENCE_NETWORK', 'MESSENGER', 'THREADS']",au,cw,facebook,social,2026-W27,2026-07,"FACEBOOK, INSTAGRAM, AUDIENCE_NETWORK, MESSENGER, THREADS",True,True,True,True,True,False,Brand/Category Page,True,False,False,2026-07-06,2026-01-21 08:00:00,2026-07-06 16:23:53.030278,166
1595926124995308,702721692366380,True,2026-01-21 08:00:00,2026-07-04 07:00:00,Chemist Warehouse,Chemist Warehouse,{{product.name}},{{product.brand}},Learn more,DCO,https://www.chemistwarehouse.com.au/shop-online/2431/tooshies?utm_source=facebook&utm_medium=social&utm_campaign=au_cw_coop_facebook_social_nicepakproductsptyltd_all_20_2026_100057-bau_video-image&utm_term=traffic&utm_content=video-image_generic,www.chemistwarehouse.com.au,/shop-online/2431/tooshies,facebook,social,au_cw_coop_facebook_social_nicepakproductsptyltd_all_20_2026_100057-bau_video-image,20,traffic,video-image_generic,Coop,Nicepakproductsptyltd,All,2026,video-image,Because Nappies Need Changing,"Switch to Tooshies nappies and wipes—gentle on your baby’s skin, better for the planet. Make the change today",Learn More,,https://video.ftgz4-1.fna.fbcdn.net/o1/v/t2/f2/m366/AQMnPGPFbA8XWGF_-Hw6kVXozBFxSkHq6cR-oVZ6H0_h5i-bY9of_vJ_7RWskaIIaAkRddaPwHUBwSLaPk4GrCcwU4MmqfadRsyXM5Iw9t5o2A.mp4?_nc_cat=107&_nc_oc=AdrDtgswS4q_xHTvLWR2HfdB7w9h4vwD9a2P2hcZfiySiUEu2pcfQh5EalRGdCVCPY0&_nc_sid=b66105&_nc_ht=video.ftgz4-1.fna.fbcdn.net&_nc_ohc=wkkBynmq-PwQ7kNvwF4TvNT&efg=eyJ2ZW5jb2RlX3RhZyI6Inhwdl9wcm9ncmVzc2l2ZS5WSV9VU0VDQVNFX1BST0RVQ1RfVFlQRS4uQzMuNzIwLmRhc2hfaDI2NC1iYXNpYy1nZW4yXzcyMHAiLCJ4cHZfYXNzZXRfaWQiOjYyMTg2NzA2Mzg2NzIwNSwiYXNzZXRfYWdlX2RheXMiOjUyMiwidmlfdXNlY2FzZV9pZCI6MTA3OTksImR1cmF0aW9uX3MiOjE1LCJ1cmxnZW5fc291cmNlIjoid3d3In0%3D&ccb=17-1&vs=d86ed86c680397f9&_nc_vs=HBksFQIYRWZiX2VwaGVtZXJhbC9EMDRDODRBNjZENTMzMThDNkYzMkM3M0ExNDM0N0VCRl9tdF8xX3ZpZGVvX2Rhc2hpbml0Lm1wNBUAAsgBEgAVAhg6cGFzc3Rocm91Z2hfZXZlcnN0b3JlL0dER3RUeHhaSDNpMXFHRURBTDRZblY3X2RpdEhidjRHQUFBRhUCAsgBEgAoABgAGwKIB3VzZV9vaWwBMRJwcm9ncmVzc2l2ZV9yZWNpcGUBMRUAACaK3YPXtuWaAhUCKAJDMywXQC4HrhR64UgYGWRhc2hfaDI2NC1iYXNpYy1nZW4yXzcyMHARAHUAZd6oAQA&_nc_gid=MGRShCPQQ60ArmJDJhq-1g&_nc_ss=7f180&_nc_zt=28&oh=00_AQBWStCt4cz-6Y4925xHHSAQVVYy9CDlhFSDrY389-Uhcw&oe=6A509815,"['FACEBOOK', 'INSTAGRAM', 'AUDIENCE_NETWORK', 'MESSENGER', 'THREADS']",au,cw,facebook,social,2026-W27,2026-07,"FACEBOOK, INSTAGRAM, AUDIENCE_NETWORK, MESSENGER, THREADS",True,True,True,True,True,False,Brand/Category Page,True,False,False,2026-07-06,2026-01-21 08:00:00,2026-07-06 16:23:53.030278,166
1515281609575759,1052620172975379,True,2026-01-22 08:00:00,2026-07-04 07:00:00,Chemist Warehouse,Chemist Warehouse,{{product.name}},{{product.brand}},Learn more,DCO,https://www.chemistwarehouse.com.au/shop-online/2431/tooshies?utm_source=facebook&utm_medium=social&utm_campaign=au_cw_coop_facebook_social_nicepakproductsptyltd_all_20_2026_100057-bau_video-image&utm_term=traffic&utm_content=video-image_generic,www.chemistwarehouse.com.au,/shop-online/2431/tooshies,facebook,social,au_cw_coop_facebook_social_nicepakproductsptyltd_all_20_2026_100057-bau_video-image,20,traffic,video-image_generic,Coop,Nicepakproductsptyltd,All,2026,video-image,Because Nappies Need Changing,"Switch to Tooshies nappies and wipes—gentle on your baby’s skin, better for the planet. Make the change today",Learn More,,https://video.ftgz4-1.fna.fbcdn.net/o1/v/t2/f2/m366/AQNU4mdzsPFf31ysQLTqu3sBnIvpuGrR7XYMhOn1cUoqep70k2tiSXvP1slILav3RZY-Y2S9wzz7tzy2oLxEPlREZklbRqCwdVyJiF8p7yHv8A.mp4?_nc_cat=103&_nc_oc=Adp7JSgU9AbH1dKSRCj0TrSw2n_Uu0OYm2jC3Y_sUgOPgc4mRbMT_IpolH9glLt3Aak&_nc_sid=b66105&_nc_ht=video.ftgz4-1.fna.fbcdn.net&_nc_ohc=YAJjmStDXZIQ7kNvwHF15C_&efg=eyJ2ZW5jb2RlX3RhZyI6Inhwdl9wcm9ncmVzc2l2ZS5WSV9VU0VDQVNFX1BST0RVQ1RfVFlQRS4uQzMuNzIwLmRhc2hfaDI2NC1iYXNpYy1nZW4yXzcyMHAiLCJ4cHZfYXNzZXRfaWQiOjMyNDYzMDg0NDU1MDg5OTIsImFzc2V0X2FnZV9kYXlzIjo1MjIsInZpX3VzZWNhc2VfaWQiOjEwNzk5LCJkdXJhdGlvbl9zIjo2LCJ1cmxnZW5fc291cmNlIjoid3d3In0%3D&ccb=17-1&vs=8598f7b0ce1be6a4&_nc_vs=HBksFQIYRWZiX2VwaGVtZXJhbC80RTQ0N0MyRjEzMjNCMUJEMzgyNTc4MjI0NEJFNURBQV9tdF8xX3ZpZGVvX2Rhc2hpbml0Lm1wNBUAAsgBEgAVAhg6cGFzc3Rocm91Z2hfZXZlcnN0b3JlL0dGY01WUndiS19jakJoOENBSnRDNmctbW1Qd1VidjRHQUFBRhUCAsgBEgAoABgAGwKIB3VzZV9vaWwBMRJwcm9ncmVzc2l2ZV9yZWNpcGUBMRUAACaA1s7bgqDECxUCKAJDMywXQBgGJN0vGqAYGWRhc2hfaDI2NC1iYXNpYy1nZW4yXzcyMHARAHUAZd6oAQA&_nc_gid=MGRShCPQQ60ArmJDJhq-1g&_nc_ss=7f180&_nc_zt=28&oh=00_AQBeP5eT2T5tqRwL4_7W6mCQvCms1ub_HKP5rJ9EFM2F1A&oe=6A509E0D,"['FACEBOOK', 'INSTAGRAM', 'AUDIENCE_NETWORK', 'MESSENGER', 'THREADS']",au,cw,facebook,social,2026-W27,2026-07,"FACEBOOK, INSTAGRAM, AUDIENCE_NETWORK, MESSENGER, THREADS",True,True,True,True,True,False,Brand/Category Page,True,False,False,2026-07-06,2026-01-22 08:00:00,2026-07-06 16:23:53.030278,165
1804412910277950,1234284671957521,True,2026-01-12 08:00:00,2026-07-05 07:00:00,Chemist Warehouse,Chemist Warehouse,{{product.name}},{{product.brand}},Learn more,DCO,https://ezeemobile.com.au/?utm_source=facebook&utm_medium=social&utm_campaign=au_cw_house_facebook_social_ezeemobile_ezee_0_nov25_welcomeseries_video-image&utm_term=traffic&utm_content=video-image_static-4,ezeemobile.com.au,/,facebook,social,au_cw_house_facebook_social_ezeemobile_ezee_0_nov25_welcomeseries_video-image,0,traffic,video-image_static-4,House,Ezeemobile,Ezee,nov25,video-image,No lock in contract,"Better value starts at just $23.
Get unlimited calls and texts across Australia- and to 15 international destinations, including India, the UK, USA, and more.
Save up to 500GB with Data Banking, or share your data with friends and fam on EZEE Mobile.
Plans that go further, cost less.",Learn More,https://scontent.ftgz4-1.fna.fbcdn.net/v/t39.35426-6/602931247_1524851138786046_3577286472447274165_n.jpg?_nc_cat=110&ccb=1-7&_nc_sid=c53f8f&_nc_ohc=emHpZda-9TIQ7kNvwFaQYJL&_nc_oc=AdrnFDFqyaZlVKfaVfh8GxLUfWsOWK1b6OB74OmyJob7MbTdqOa35-k8GJ5mgPIoNVk&_nc_zt=14&_nc_ht=scontent.ftgz4-1.fna&_nc_gid=MGRShCPQQ60ArmJDJhq-1g&_nc_ss=7f180&oh=00_AQBRZrPQItLinJmBfoHLAzzQ0mVFllU-5i8kOEeEdb7S1w&oe=6A509D3F,,"['FACEBOOK', 'INSTAGRAM', 'AUDIENCE_NETWORK', 'MESSENGER', 'THREADS']",au,cw,facebook,social,2026-W27,2026-07,"FACEBOOK, INSTAGRAM, AUDIENCE_NETWORK, MESSENGER, THREADS",True,True,True,True,True,False,Homepage,True,False,False,2026-07-06,2026-01-12 08:00:00,2026-07-06 16:23:53.030278,175
1576884893562866,889604940094507,True,2026-01-12 08:00:00,2026-07-05 07:00:00,Chemist Warehouse,Chemist Warehouse,{{product.name}},{{product.brand}},Learn more,DCO,https://ezeemobile.com.au/?utm_source=facebook&utm_medium=social&utm_campaign=au_cw_house_facebook_social_ezeemobile_ezee_0_nov25_welcomeseries_video-image&utm_term=traffic&utm_content=video-image_static-1,ezeemobile.com.au,/,facebook,social,au_cw_house_facebook_social_ezeemobile_ezee_0_nov25_welcomeseries_video-image,0,traffic,video-image_static-1,House,Ezeemobile,Ezee,nov25,video-image,No lock in contract,"Our lowest priced plan just got even lower! Same great service, heaps more value. Switch to Ezee Mobile today from $23
#ezeemobile #mobileplans",Learn More,https://scontent.ftgz4-1.fna.fbcdn.net/v/t39.35426-6/599949719_813868578318281_1154849795445574723_n.jpg?_nc_cat=101&ccb=1-7&_nc_sid=c53f8f&_nc_ohc=o8IaK9cii74Q7kNvwE5mZbq&_nc_oc=AdrgoPEqmy0pjummTnvUGR88iDTwQ7TU1ykjBp8n_6MpEVMRjB0CnvqOdr48JIf0-HY&_nc_zt=14&_nc_ht=scontent.ftgz4-1.fna&_nc_gid=MGRShCPQQ60ArmJDJhq-1g&_nc_ss=7f180&oh=00_AQDe23oAurvGKAMNVTHnrBqQ7qlTHRpzZMh2SRWWfanmdQ&oe=6A50BB2D,,"['FACEBOOK', 'INSTAGRAM', 'AUDIENCE_NETWORK', 'MESSENGER', 'THREADS']",au,cw,facebook,social,2026-W27,2026-07,"FACEBOOK, INSTAGRAM, AUDIENCE_NETWORK, MESSENGER, THREADS",True,True,True,True,True,False,Homepage,True,False,False,2026-07-06,2026-01-12 08:00:00,2026-07-06 16:23:53.030278,175
1421097219596449,1916400405948073,True,2026-01-13 08:00:00,2026-07-05 07:00:00,Chemist Warehouse,Chemist Warehouse,{{product.name}},{{product.brand}},Learn more,DCO,https://ezeemobile.com.au/?utm_source=facebook&utm_medium=social&utm_campaign=au_cw_house_facebook_social_ezeemobile_ezee_0_nov25_welcomeseries_video-image&utm_term=traffic&utm_content=video-image_static-3,ezeemobile.com.au,/,facebook,social,au_cw_house_facebook_social_ezeemobile_ezee_0_nov25_welcomeseries_video-image,0,traffic,video-image_static-3,House,Ezeemobile,Ezee,nov25,video-image,No lock in contract,Better Value Mobile is just one click away! Keep Your Number. No Lock-ins. No Fuss. Plans from $23.,Learn More,https://scontent.ftgz4-1.fna.fbcdn.net/v/t39.35426-6/600399388_2088676215235148_34802369802080224_n.jpg?_nc_cat=109&ccb=1-7&_nc_sid=c53f8f&_nc_ohc=_xDmCqD1psgQ7kNvwFYrlmd&_nc_oc=Adq3pp_ZotBdeP4IxsgqsuoytEEuHFLN7FxJOumsxu8yb_-DgwM5m6l9g-1OaNLhSgg&_nc_zt=14&_nc_ht=scontent.ftgz4-1.fna&_nc_gid=MGRShCPQQ60ArmJDJhq-1g&_nc_ss=7f180&oh=00_AQDtbke3AUjZrv_OdmT5563TGkpVF_qZkuOWgaPCwAr_AA&oe=6A50AB19,,"['FACEBOOK', 'INSTAGRAM', 'AUDIENCE_NETWORK', 'MESSENGER', 'THREADS']",au,cw,facebook,social,2026-W27,2026-07,"FACEBOOK, INSTAGRAM, AUDIENCE_NETWORK, MESSENGER, THREADS",True,True,True,True,True,False,Homepage,True,False,False,2026-07-06,2026-01-13 08:00:00,2026-07-06 16:23:53.030278,174
904086028799615,,True,2026-01-12 08:00:00,2026-07-05 07:00:00,Chemist Warehouse,Chemist Warehouse,"Cetaphil, For Everyone's Sensitive Skin",Everyday skincare made with sensitive skin in mind. Discover gentle Cetaphil care at Chemist Warehouse.,Learn more,IMAGE,https://fb.com/canvas_doc/2168610257004013,fb.com,/canvas_doc/2168610257004013,,,,,,,Not Specified,,,,,,,,,,"['FACEBOOK', 'INSTAGRAM', 'AUDIENCE_NETWORK', 'MESSENGER', 'THREADS']",,,,,2026-W27,2026-07,"FACEBOOK, INSTAGRAM, AUDIENCE_NETWORK, MESSENGER, THREADS",True,True,True,True,True,False,Internal/App Page,True,True,False,2026-07-06,2026-01-12 08:00:00,2026-07-06 16:23:53.030278,175
878934988390808,,True,2026-01-12 08:00:00,2026-07-05 07:00:00,Chemist Warehouse,Chemist Warehouse,"Cetaphil, For Everyone's Sensitive Skin",Everyday skincare made with sensitive skin in mind. Discover gentle Cetaphil care at Chemist Warehouse.,Learn more,IMAGE,https://fb.com/canvas_doc/1215818259965918,fb.com,/canvas_doc/1215818259965918,,,,,,,Not Specified,,,,,,,,,,"['FACEBOOK', 'INSTAGRAM', 'AUDIENCE_NETWORK', 'MESSENGER', 'THREADS']",,,,,2026-W27,2026-07,"FACEBOOK, INSTAGRAM, AUDIENCE_NETWORK, MESSENGER, THREADS",True,True,True,True,True,False,Internal/App Page,True,True,False,2026-07-06,2026-01-12 08:00:00,2026-07-06 16:23:53.030278,175
2706659349700665,24679975181624929,True,2026-01-12 08:00:00,2026-07-05 07:00:00,Chemist Warehouse,Chemist Warehouse,{{product.name}},{{product.brand}},Learn more,DCO,https://ezeemobile.com.au/?utm_source=facebook&utm_medium=social&utm_campaign=au_cw_house_facebook_social_ezeemobile_ezee_0_nov25_welcomeseries_video-image&utm_term=traffic&utm_content=video-image_static-2,ezeemobile.com.au,/,facebook,social,au_cw_house_facebook_social_ezeemobile_ezee_0_nov25_welcomeseries_video-image,0,traffic,video-image_static-2,House,Ezeemobile,Ezee,nov25,video-image,No lock in contract,"All this for just $23 a month.
No lock-ins. No catch. Now that’s Better Value Mobile #ezeemobile #mobileplans",Learn More,https://scontent.ftgz4-1.fna.fbcdn.net/v/t39.35426-6/601993605_2352726655198609_3375313405560242297_n.jpg?_nc_cat=100&ccb=1-7&_nc_sid=c53f8f&_nc_ohc=tbtLDLN17GcQ7kNvwGBxjrH&_nc_oc=AdocPknXvO-0Pgpi2Mr5BcRI1fA9v8Lw800bPBjrycKoW3UkPcNhObRWGDhG5tYTNSw&_nc_zt=14&_nc_ht=scontent.ftgz4-1.fna&_nc_gid=MGRShCPQQ60ArmJDJhq-1g&_nc_ss=7f180&oh=00_AQD__aThwfdUEHqeS4iFoBXkXkA15h0sR8MCB2KyZAGXkA&oe=6A509AAE,,"['FACEBOOK', 'INSTAGRAM', 'AUDIENCE_NETWORK', 'MESSENGER', 'THREADS']",au,cw,facebook,social,2026-W27,2026-07,"FACEBOOK, INSTAGRAM, AUDIENCE_NETWORK, MESSENGER, THREADS",True,True,True,True,True,False,Homepage,True,False,False,2026-07-06,2026-01-12 08:00:00,2026-07-06 16:23:53.030278,175
2105361836945237,,True,2026-01-12 08:00:00,2026-07-05 07:00:00,Chemist Warehouse,Chemist Warehouse,Swisse Beauty & Skincare,Buy Swisse Skin Care online at Chemist Warehouse and enjoy huge discounts across the entire range. Shop products online or via click and collect today.,Learn more,IMAGE,https://fb.com/canvas_doc/2082520155933333,fb.com,/canvas_doc/2082520155933333,,,,,,,Not Specified,,,,,,,,,,"['FACEBOOK', 'INSTAGRAM', 'AUDIENCE_NETWORK', 'MESSENGER', 'THREADS']",,,,,2026-W27,2026-07,"FACEBOOK, INSTAGRAM, AUDIENCE_NETWORK, MESSENGER, THREADS",True,True,True,True,True,False,Internal/App Page,True,True,False,2026-07-06,2026-01-12 08:00:00,2026-07-06 16:23:53.030278,175
2635542033473896,2069590130458759,True,2026-01-01 08:00:00,2026-07-05 07:00:00,Chemist Warehouse,Chemist Warehouse,{{product.name}},{{product.brand}},Learn more,DCO,https://www.chemistwarehouse.com.au/shop-online/704267/rexona?utm_source=facebook&utm_medium=social&utm_campaign=au_cw_coop_facebook_social_unileveraustralialimited_rexona_259_2025_100082_video-image&utm_term=traffic&utm_content=video-image,www.chemistwarehouse.com.au,/shop-online/704267/rexona,facebook,social,au_cw_coop_facebook_social_unileveraustralialimited_rexona_259_2025_100082_video-image,259,traffic,video-image,Coop,Unileveraustralialimited,Rexona,2025,video-image,Game-day sweat protection,"Stay cool under pressure, even on game day. Rexona Clinical keeps you fresh through every innings",Learn More,https://scontent.ftgz4-1.fna.fbcdn.net/v/t39.35426-6/607758164_1297014895794329_3942093459800044932_n.jpg?_nc_cat=101&ccb=1-7&_nc_sid=c53f8f&_nc_ohc=ib9xIMmsYgkQ7kNvwECUcrt&_nc_oc=AdruMOsZT_AV0olMjiRR-c-MKk-_GcmWQl8W-0aqRJ8NEHC4thIEM7V2TF9VOH4Kt4k&_nc_zt=14&_nc_ht=scontent.ftgz4-1.fna&_nc_gid=MGRShCPQQ60ArmJDJhq-1g&_nc_ss=7f180&oh=00_AQCaCztkqAQb__eILL8ZjuzbdB9pqu8sfJ070-pZFwZAMw&oe=6A50A106,,"['FACEBOOK', 'INSTAGRAM', 'AUDIENCE_NETWORK', 'MESSENGER', 'THREADS']",au,cw,facebook,social,2026-W27,2026-07,"FACEBOOK, INSTAGRAM, AUDIENCE_NETWORK, MESSENGER, THREADS",True,True,True,True,True,False,Brand/Category Page,True,False,False,2026-07-06,2026-01-01 08:00:00,2026-07-06 16:23:53.030278,186
928727982814317,2069590130458759,True,2026-01-01 08:00:00,2026-07-05 07:00:00,Chemist Warehouse,Chemist Warehouse,{{product.name}},{{product.brand}},Learn more,DCO,https://www.chemistwarehouse.com.au/shop-online/704267/rexona?utm_source=facebook&utm_medium=social&utm_campaign=au_cw_coop_facebook_social_unileveraustralialimited_rexona_259_2025_100082_video-image&utm_term=traffic&utm_content=video-image,www.chemistwarehouse.com.au,/shop-online/704267/rexona,facebook,social,au_cw_coop_facebook_social_unileveraustralialimited_rexona_259_2025_100082_video-image,259,traffic,video-image,Coop,Unileveraustralialimited,Rexona,2025,video-image,Game-day sweat protection,"Stay cool under pressure, even on game day. Rexona Clinical keeps you fresh through every innings",Learn More,https://scontent.ftgz4-1.fna.fbcdn.net/v/t39.35426-6/605795993_764964259249306_6118430035415725104_n.jpg?_nc_cat=109&ccb=1-7&_nc_sid=c53f8f&_nc_ohc=PljaC16MVA8Q7kNvwENckha&_nc_oc=AdpjSSfgnSgJ00GNf3iVeeJNvxEbJJz6d7RYaUtEnIEJKGKjJ1oEKMpLu259B-zMBMU&_nc_zt=14&_nc_ht=scontent.ftgz4-1.fna&_nc_gid=MGRShCPQQ60ArmJDJhq-1g&_nc_ss=7f180&oh=00_AQAm9RVXtQZvqIpFtePHa3eLgdboPKd1k3vIlR0C03GvYQ&oe=6A50C1F3,,"['FACEBOOK', 'INSTAGRAM', 'AUDIENCE_NETWORK', 'MESSENGER', 'THREADS']",au,cw,facebook,social,2026-W27,2026-07,"FACEBOOK, INSTAGRAM, AUDIENCE_NETWORK, MESSENGER, THREADS",True,True,True,True,True,False,Brand/Category Page,True,False,False,2026-07-06,2026-01-01 08:00:00,2026-07-06 16:23:53.030278,186
4401383553477543,1183298073174377,True,2026-01-21 08:00:00,2026-07-05 07:00:00,Chemist Warehouse,Chemist Warehouse,Raw Super Digestive - Hyper Effective,Super Digestive - Hyper Effective Protein. Certified Organic. Low FODMAP Certified. 100% Real. 100% Clean.,Learn more,VIDEO,https://www.chemistwarehouse.com.au/shop-online/2646/amazonia-raw?utm_source=facebook&utm_medium=social&utm_campaign=au_cw_coop_facebook_social_amazoniagroup_amazonia_1255_2026_bau_dynamic&utm_term=traffic&utm_content=video-instore,www.chemistwarehouse.com.au,/shop-online/2646/amazonia-raw,facebook,social,au_cw_coop_facebook_social_amazoniagroup_amazonia_1255_2026_bau_dynamic,1255,traffic,video-instore,Coop,Amazoniagroup,Amazonia,2026,dynamic,,,,,,"['FACEBOOK', 'INSTAGRAM', 'MESSENGER']",au,cw,facebook,social,2026-W27,2026-07,"FACEBOOK, INSTAGRAM, MESSENGER",True,True,False,True,False,False,Brand/Category Page,True,False,False,2026-07-06,2026-01-21 08:00:00,2026-07-06 16:23:53.030278,166
1570726920723686,694850816771297,True,2026-01-01 08:00:00,2026-07-04 07:00:00,Chemist Warehouse,Chemist Warehouse,{{product.name}},{{product.brand}},Learn more,DCO,https://www.chemistwarehouse.com.au/shop-online/5613/gaia?utm_source=facebook&utm_medium=social&utm_campaign=au_cw_coop_facebook_social_nicepakproductsptyltd_all_20_2026_100057-bau_video-image&utm_term=traffic&utm_content=video-image_generic,www.chemistwarehouse.com.au,/shop-online/5613/gaia,facebook,social,au_cw_coop_facebook_social_nicepakproductsptyltd_all_20_2026_100057-bau_video-image,20,traffic,video-image_generic,Coop,Nicepakproductsptyltd,All,2026,video-image,Nurture your baby’s skin naturally,"Give your baby the purest care with GAIA. Organic ingredients for sensitive skin, providing gentle protection every day. 
'Participant incentivised review’",Learn More,,https://video.ftgz4-1.fna.fbcdn.net/o1/v/t2/f2/m366/AQO1daBzVDZQdchbOSHp_qb2ip14KJ9YKlOXdWNoG12tH8DNM1T-DvZJMkXs_1-LtUL6MIsi642DPxHwk9qziv76Tdp8SeA8DUutJ1jLr1Puzw.mp4?_nc_cat=107&_nc_oc=Adqr13s9XgOp__2Wyr7CVcg91xn0lVRxKDLLYUqjbx_2nQrLTDj8tW3I0mXoAAknkow&_nc_sid=b66105&_nc_ht=video.ftgz4-1.fna.fbcdn.net&_nc_ohc=7z27m3GjKjAQ7kNvwGHG9zd&efg=eyJ2ZW5jb2RlX3RhZyI6Inhwdl9wcm9ncmVzc2l2ZS5WSV9VU0VDQVNFX1BST0RVQ1RfVFlQRS4uQzMuNzIwLmRhc2hfaDI2NC1iYXNpYy1nZW4yXzcyMHAiLCJ4cHZfYXNzZXRfaWQiOjUwMTg3MjYwNjI3MjMzMSwiYXNzZXRfYWdlX2RheXMiOjUyMiwidmlfdXNlY2FzZV9pZCI6MTA3OTksImR1cmF0aW9uX3MiOjIyLCJ1cmxnZW5fc291cmNlIjoid3d3In0%3D&ccb=17-1&vs=f095f7483d1c4df3&_nc_vs=HBkcFQIYRWZiX2VwaGVtZXJhbC8zMTQwRjc4RDMxMkMwMDUwQTE1Mjc5MTlBNEVCNzRBNV9tdF8xX3ZpZGVvX2Rhc2hpbml0Lm1wNBUAAsgBEgAoABgAGwKIB3VzZV9vaWwBMRJwcm9ncmVzc2l2ZV9yZWNpcGUBMRUAACaW7dqm6pzkARUCKAJDMywXQDaiDEm6XjUYGWRhc2hfaDI2NC1iYXNpYy1nZW4yXzcyMHARAHUAZd6oAQA&_nc_gid=MGRShCPQQ60ArmJDJhq-1g&_nc_ss=7f180&_nc_zt=28&oh=00_AQDLFrltMrKxZqIn_h6LQzPmNYsF90zyq96fhntRo-EWUQ&oe=6A50B3C5,"['FACEBOOK', 'INSTAGRAM', 'AUDIENCE_NETWORK', 'MESSENGER', 'THREADS']",au,cw,facebook,social,2026-W27,2026-07,"FACEBOOK, INSTAGRAM, AUDIENCE_NETWORK, MESSENGER, THREADS",True,True,True,True,True,False,Brand/Category Page,True,False,False,2026-07-06,2026-01-01 08:00:00,2026-07-06 16:23:53.030278,186
1310361524225131,1438786653760516,True,2026-01-04 08:00:00,2026-07-05 07:00:00,Chemist Warehouse,Chemist Warehouse,Nutritionally support memory,Souvenaid slows memory & cognitive decline by 60% in an early stage of Alzheimer's disease when taken daily for 3 years.,Learn more,IMAGE,https://fb.com/canvas_doc/1898032997589934,fb.com,/canvas_doc/1898032997589934,,,,,,,Not Specified,,,,,,,,,,"['FACEBOOK', 'INSTAGRAM']",,,,,2026-W27,2026-07,"FACEBOOK, INSTAGRAM",True,True,False,False,False,False,Internal/App Page,True,False,False,2026-07-06,2026-01-04 08:00:00,2026-07-06 16:23:53.030278,183
1204965607739347,837061565823342,True,2026-01-01 08:00:00,2026-07-04 07:00:00,Chemist Warehouse,Chemist Warehouse,{{product.name}},{{product.brand}},Learn more,DCO,https://www.chemistwarehouse.com.au/shop-online/5613/gaia?utm_source=facebook&utm_medium=social&utm_campaign=au_cw_coop_facebook_social_nicepakproductsptyltd_all_20_2026_100057-bau_video-image&utm_term=traffic&utm_content=video-image_generic,www.chemistwarehouse.com.au,/shop-online/5613/gaia,facebook,social,au_cw_coop_facebook_social_nicepakproductsptyltd_all_20_2026_100057-bau_video-image,20,traffic,video-image_generic,Coop,Nicepakproductsptyltd,All,2026,video-image,Nurture your baby’s skin naturally,"Give your baby the purest care with GAIA. Organic ingredients for sensitive skin, providing gentle protection every day. 
'Participant incentivised review’",Learn More,,https://video.ftgz4-1.fna.fbcdn.net/o1/v/t2/f2/m366/AQMV07qOc4oYIsbpkSt6DLdw1zGNtQ8z03b4VBp7MgT1yLbB2IFnFhmXvR-Q_hn6tMv57xX-6i2XExohUWzXLZco7T3XBInZbKhbGPxn6DX5mQ.mp4?_nc_cat=105&_nc_oc=AdoqLXkqiszQs7adsYYc7k7qTt-Cey-fPBkgi2Vmj6FC1FKBoFWpXM5AWr4ERLF9xGE&_nc_sid=b66105&_nc_ht=video.ftgz4-1.fna.fbcdn.net&_nc_ohc=IGpp7JMMrfEQ7kNvwFmIzWo&efg=eyJ2ZW5jb2RlX3RhZyI6Inhwdl9wcm9ncmVzc2l2ZS5WSV9VU0VDQVNFX1BST0RVQ1RfVFlQRS4uQzMuNzIwLmRhc2hfaDI2NC1iYXNpYy1nZW4yXzcyMHAiLCJ4cHZfYXNzZXRfaWQiOjEyNzYwMzg3MTY5ODU4MTcsImFzc2V0X2FnZV9kYXlzIjo1MjIsInZpX3VzZWNhc2VfaWQiOjEwNzk5LCJkdXJhdGlvbl9zIjo0NCwidXJsZ2VuX3NvdXJjZSI6Ind3dyJ9&ccb=17-1&vs=169c40ff6dbae388&_nc_vs=HBksFQIYRWZiX2VwaGVtZXJhbC9DNjQ2MkZGRDk5RDY0N0VEQ0MxNkIxRThGRERBMTNCQl9tdF8xX3ZpZGVvX2Rhc2hpbml0Lm1wNBUAAsgBEgAVAhg0ZmJfcGVybWFuZW50LzkwMjQ5NDQzNTA5NTgyN181NzA4NTgwNjU5MzI0ODk2MDI3Lm1wNBUCAsgBEgAoABgAGwKIB3VzZV9vaWwBMRJwcm9ncmVzc2l2ZV9yZWNpcGUBMRUAACayx5CnnaPEBBUCKAJDMywXQEYd0vGp--cYGWRhc2hfaDI2NC1iYXNpYy1nZW4yXzcyMHARAHUAZd6oAQA&_nc_gid=MGRShCPQQ60ArmJDJhq-1g&_nc_ss=7f180&_nc_zt=28&oh=00_AQDu1gMxG9oJktaXwk5tpZDuj0Alvrj7jNEJgysDWt5RrQ&oe=6A50AF4F,"['FACEBOOK', 'INSTAGRAM', 'AUDIENCE_NETWORK', 'MESSENGER', 'THREADS']",au,cw,facebook,social,2026-W27,2026-07,"FACEBOOK, INSTAGRAM, AUDIENCE_NETWORK, MESSENGER, THREADS",True,True,True,True,True,False,Brand/Category Page,True,False,False,2026-07-06,2026-01-01 08:00:00,2026-07-06 16:23:53.030278,186
1158459276450701,1183000683512686,True,2026-01-01 08:00:00,2026-07-05 07:00:00,Chemist Warehouse,Chemist Warehouse,{{product.name}},{{product.brand}},Learn more,DCO,https://www.chemistwarehouse.com.au/shop-online/5613/gaia?utm_source=facebook&utm_medium=social&utm_campaign=au_cw_coop_facebook_social_nicepakproductsptyltd_all_20_2026_100057-bau_video-image&utm_term=traffic&utm_content=video-image_generic,www.chemistwarehouse.com.au,/shop-online/5613/gaia,facebook,social,au_cw_coop_facebook_social_nicepakproductsptyltd_all_20_2026_100057-bau_video-image,20,traffic,video-image_generic,Coop,Nicepakproductsptyltd,All,2026,video-image,Nurture your baby’s skin naturally,"Give your baby the purest care with GAIA. Organic ingredients for sensitive skin, providing gentle protection every day. 
'Participant incentivised review’",Learn More,,,"['FACEBOOK', 'INSTAGRAM', 'AUDIENCE_NETWORK', 'MESSENGER', 'THREADS']",au,cw,facebook,social,2026-W27,2026-07,"FACEBOOK, INSTAGRAM, AUDIENCE_NETWORK, MESSENGER, THREADS",True,True,True,True,True,False,Brand/Category Page,True,False,False,2026-07-06,2026-01-01 08:00:00,2026-07-06 16:23:53.030278,186
1247723730096822,,True,2026-02-19 08:00:00,2026-07-05 07:00:00,Chemist Warehouse,Chemist Warehouse,Discover GO Healthy stress & energy support products,Choose GO Activated B Complex for your energy production or GO  L‑Theanine 400 to help you stay calm — simple 1‑a‑day formulation.,Shop now,IMAGE,https://fb.com/canvas_doc/1257483286291537,fb.com,/canvas_doc/1257483286291537,,,,,,,Not Specified,,,,,,,,,,"['FACEBOOK', 'INSTAGRAM', 'AUDIENCE_NETWORK', 'MESSENGER', 'THREADS']",,,,,2026-W27,2026-07,"FACEBOOK, INSTAGRAM, AUDIENCE_NETWORK, MESSENGER, THREADS",True,True,True,True,True,False,Internal/App Page,True,False,False,2026-07-06,2026-02-19 08:00:00,2026-07-06 16:23:53.030278,137
911276608161791,,True,2026-02-19 08:00:00,2026-07-05 07:00:00,Chemist Warehouse,Chemist Warehouse,GO Activated B Complex  for energy production,"1-A-DAY formula, it  delivers activated B2, B6, B12 and Folate to help support your body’s energy production.",Shop now,IMAGE,https://fb.com/canvas_doc/1220649510257956,fb.com,/canvas_doc/1220649510257956,,,,,,,Not Specified,,,,,,,,,,"['FACEBOOK', 'INSTAGRAM', 'AUDIENCE_NETWORK', 'MESSENGER', 'THREADS']",,,,,2026-W27,2026-07,"FACEBOOK, INSTAGRAM, AUDIENCE_NETWORK, MESSENGER, THREADS",True,True,True,True,True,False,Internal/App Page,True,False,False,2026-07-06,2026-02-19 08:00:00,2026-07-06 16:23:53.030278,137
1230290389249361,1400192328513911,True,2026-03-04 08:00:00,2026-07-05 07:00:00,Chemist Warehouse,Chemist Warehouse,Salon-grade haircare,"Salon-grade haircare, now in your hands! Shop L’Oréal Professionnel Metal Detox at Chemist Warehouse",Shop now,VIDEO,https://www.chemistwarehouse.com.au/shop-online/7229/loreal-professionnel?utm_source=facebook&utm_medium=social&utm_campaign=au_cw_coop_facebook_social_lorealprofessional_lorealprofessionnel_129_2026_bau_dynamic&utm_term=traffic&utm_content=dynamic_instore,www.chemistwarehouse.com.au,/shop-online/7229/loreal-professionnel,facebook,social,au_cw_coop_facebook_social_lorealprofessional_lorealprofessionnel_129_2026_bau_dynamic,129,traffic,dynamic_instore,Coop,Lorealprofessional,Lorealprofessionnel,2026,dynamic,,,,,,"['FACEBOOK', 'INSTAGRAM', 'AUDIENCE_NETWORK', 'MESSENGER', 'THREADS']",au,cw,facebook,social,2026-W27,2026-07,"FACEBOOK, INSTAGRAM, AUDIENCE_NETWORK, MESSENGER, THREADS",True,True,True,True,True,False,Brand/Category Page,True,True,False,2026-07-06,2026-03-04 08:00:00,2026-07-06 16:23:53.030278,124
2119227422228757,1658384458652357,True,2026-02-27 08:00:00,2026-07-05 07:00:00,Chemist Warehouse,Chemist Warehouse,{{product.name}},{{product.brand}},Shop now,DCO,https://www.chemistwarehouse.com.au/buy/164220/jshealth-vita-growth-scalp-serum-50ml?utm_source=facebook&utm_medium=social&utm_campaign=au_cw_coop_facebook_social_jshealthvitamins_jshealth_81_2026_100007-bau_image&utm_term=conversion&utm_content=image_scalp-serum-2,www.chemistwarehouse.com.au,/buy/164220/jshealth-vita-growth-scalp-serum-50ml,facebook,social,au_cw_coop_facebook_social_jshealthvitamins_jshealth_81_2026_100007-bau_image,81,conversion,image_scalp-serum-2,Coop,Jshealthvitamins,Jshealth,2026,image,HAIR DENSITY + FULLNESS,JSHealth's best-selling Vita-Growth Scalp Serum has landed! With 7 clinically-backed actives for hair density + fullness.,Shop Now,https://scontent.ftgz4-1.fna.fbcdn.net/v/t39.35426-6/636871474_3870688103231348_219873591723255200_n.jpg?_nc_cat=104&ccb=1-7&_nc_sid=c53f8f&_nc_ohc=cp9CcMjxqjUQ7kNvwGOyt7E&_nc_oc=AdqrKKHm-eck7JEZRhCnI-nnBsI96xDQJQC3wVDERFNqFUVwIy-W2AiZN48Sag9OCXM&_nc_zt=14&_nc_ht=scontent.ftgz4-1.fna&_nc_gid=LF0VWZOZ1aYxCQPGHxa9Dg&_nc_ss=7f180&oh=00_AQCx1GCbrzaQUdGpIHdZI41e_Yrw5PV8LbHTol6TFalFUg&oe=6A50A30C,,"['FACEBOOK', 'INSTAGRAM', 'MESSENGER']",au,cw,facebook,social,2026-W27,2026-07,"FACEBOOK, INSTAGRAM, MESSENGER",True,True,False,True,False,False,SKU Product,True,False,False,2026-07-06,2026-02-27 08:00:00,2026-07-06 16:23:53.030278,129
4311703479115424,1948825105731076,True,2026-02-25 08:00:00,2026-07-04 07:00:00,Chemist Warehouse,Chemist Warehouse,{{product.name}},{{product.brand}},Shop now,DCO,https://www.chemistwarehouse.com.au/buy/164220/jshealth-vita-growth-scalp-serum-50ml?utm_source=facebook&utm_medium=social&utm_campaign=au_cw_coop_facebook_social_jshealthvitamins_jshealth_81_2026_100007-bau_image&utm_term=conversion&utm_content=image_scalp-serum-3,www.chemistwarehouse.com.au,/buy/164220/jshealth-vita-growth-scalp-serum-50ml,facebook,social,au_cw_coop_facebook_social_jshealthvitamins_jshealth_81_2026_100007-bau_image,81,conversion,image_scalp-serum-3,Coop,Jshealthvitamins,Jshealth,2026,image,HAIR DENSITY + FULLNESS,JSHealth's best-selling Vita-Growth Scalp Serum has landed! With 7 clinically-backed actives for hair density + fullness.,Shop Now,https://scontent.ftgz4-1.fna.fbcdn.net/v/t39.35426-6/636682529_1457972922518507_7031386644235018726_n.jpg?_nc_cat=107&ccb=1-7&_nc_sid=c53f8f&_nc_ohc=M6imb7q7tu8Q7kNvwHASv8z&_nc_oc=AdpP2NKr4fu1-UcsPqF9kLo13iGBaRpUXnYOf-a7wNN03piOOBVtUZwpNCuzOtUfnNk&_nc_zt=14&_nc_ht=scontent.ftgz4-1.fna&_nc_gid=LF0VWZOZ1aYxCQPGHxa9Dg&_nc_ss=7f180&oh=00_AQDMZUUEDediMStmCA4LhFb8NnbCCEleFTnEPsVTKd-DFw&oe=6A50B9BA,,"['FACEBOOK', 'INSTAGRAM', 'MESSENGER']",au,cw,facebook,social,2026-W27,2026-07,"FACEBOOK, INSTAGRAM, MESSENGER",True,True,False,True,False,False,SKU Product,True,False,False,2026-07-06,2026-02-25 08:00:00,2026-07-06 16:23:53.030278,131
912857977878007,2091232681611257,True,2026-02-04 08:00:00,2026-06-28 07:00:00,Chemist Warehouse,Chemist Warehouse,Shop at Chemist Warehouse,"Ferro-grad C, available now at Chemist Warehouse.  Ask your pharmacist if it’s right for you.",Learn more,VIDEO,https://www.chemistwarehouse.com.au/shop-online/4616/ferro-grad?utm_source=facebook&utm_medium=social&utm_campaign=au_cw_coop_facebook_social_vidacorp_ferrograd_81_2026_100118-bau_video&utm_term=traffic&utm_content=video_instore,www.chemistwarehouse.com.au,/shop-online/4616/ferro-grad,facebook,social,au_cw_coop_facebook_social_vidacorp_ferrograd_81_2026_100118-bau_video,81,traffic,video_instore,Coop,Vidacorp,Ferrograd,2026,video,,,,,,"['FACEBOOK', 'INSTAGRAM', 'MESSENGER']",au,cw,facebook,social,2026-W27,2026-07,"FACEBOOK, INSTAGRAM, MESSENGER",True,True,False,True,False,False,Brand/Category Page,True,True,False,2026-07-06,2026-02-04 08:00:00,2026-07-06 16:23:53.030278,152
26370990029197117,,True,2026-02-19 08:00:00,2026-07-05 07:00:00,Chemist Warehouse,Chemist Warehouse,24-Hour Immune Support,24-Hour Immune Support GO ESTER-C® IMMUNE COMPLEX is a quality formula that provides 24 hour support for healthy immune system function with Ester-C®.,Shop now,IMAGE,https://fb.com/canvas_doc/2376701432776434,fb.com,/canvas_doc/2376701432776434,,,,,,,Not Specified,,,,,,,,,,"['FACEBOOK', 'INSTAGRAM', 'AUDIENCE_NETWORK', 'MESSENGER', 'THREADS']",,,,,2026-W27,2026-07,"FACEBOOK, INSTAGRAM, AUDIENCE_NETWORK, MESSENGER, THREADS",True,True,True,True,True,False,Internal/App Page,True,False,False,2026-07-06,2026-02-19 08:00:00,2026-07-06 16:23:53.030278,137
1960476968207932,2129975264442625,True,2026-02-04 08:00:00,2026-06-30 07:00:00,Chemist Warehouse,Chemist Warehouse,Shop at Chemist Warehouse,"Ferro-grad C, available now at Chemist Warehouse.  Ask your pharmacist if it’s right for you.",Learn more,VIDEO,https://www.chemistwarehouse.com.au/shop-online/4616/ferro-grad?utm_source=facebook&utm_medium=social&utm_campaign=au_cw_coop_facebook_social_vidacorp_ferrograd_81_2026_100118-bau_video&utm_term=traffic&utm_content=video_,www.chemistwarehouse.com.au,/shop-online/4616/ferro-grad,facebook,social,au_cw_coop_facebook_social_vidacorp_ferrograd_81_2026_100118-bau_video,81,traffic,video_,Coop,Vidacorp,Ferrograd,2026,video,,,,,,"['FACEBOOK', 'INSTAGRAM', 'MESSENGER']",au,cw,facebook,social,2026-W27,2026-07,"FACEBOOK, INSTAGRAM, MESSENGER",True,True,False,True,False,False,Brand/Category Page,True,True,False,2026-07-06,2026-02-04 08:00:00,2026-07-06 16:23:53.030278,152
1713028696283969,1394160935455248,True,2026-01-04 08:00:00,2026-07-05 07:00:00,Chemist Warehouse,Chemist Warehouse,{{product.name}},{{product.brand}},Shop now,DCO,https://www.chemistwarehouse.com.au/search?query=egmont&contexts=default&utm_source=facebook&utm_medium=social&utm_campaign=au_cw_coop_facebook_social_egmonthoneyaustraliaptyltd_egmonthoney_81_2026_100022-bau_image&utm_term=conversion&utm_content=image_image-7,www.chemistwarehouse.com.au,/search,facebook,social,au_cw_coop_facebook_social_egmonthoneyaustraliaptyltd_egmonthoney_81_2026_100022-bau_image,81,conversion,image_image-7,Coop,Egmonthoneyaustraliaptyltd,Egmonthoney,2026,image,"Premium, Authentic NZ Mānuka Honey.","Certified Mānuka honey from New Zealand, carefully crafted and available at Chemist Warehouse.",Shop Now,https://scontent.ftgz4-1.fna.fbcdn.net/v/t39.35426-6/605717572_2092929168190137_2327307420111152391_n.jpg?_nc_cat=102&ccb=1-7&_nc_sid=c53f8f&_nc_ohc=Y-pyB8pmglUQ7kNvwHabMbF&_nc_oc=AdpFCoc00mDWObUWVeuEr24NZq1REflJZnmceYJO_GdnoXrOcecXh5KJFCQm5JK3tE4&_nc_zt=14&_nc_ht=scontent.ftgz4-1.fna&_nc_gid=MGRShCPQQ60ArmJDJhq-1g&_nc_ss=7f180&oh=00_AQDsKXzoHpcsIM9G34mMU-HBEC_H_Y--RaMF5UckM-2kuw&oe=6A50B40B,,"['FACEBOOK', 'INSTAGRAM', 'AUDIENCE_NETWORK', 'MESSENGER', 'THREADS']",au,cw,facebook,social,2026-W27,2026-07,"FACEBOOK, INSTAGRAM, AUDIENCE_NETWORK, MESSENGER, THREADS",True,True,True,True,True,False,Search Page,True,False,False,2026-07-06,2026-01-04 08:00:00,2026-07-06 16:23:53.030278,183
666703606426744,3781230852010641,True,2026-01-04 08:00:00,2026-07-05 07:00:00,Chemist Warehouse,Chemist Warehouse,{{product.name}},{{product.brand}},Shop now,DCO,https://www.chemistwarehouse.com.au/search?query=egmont&contexts=default&utm_source=facebook&utm_medium=social&utm_campaign=au_cw_coop_facebook_social_egmonthoneyaustraliaptyltd_egmonthoney_81_2026_100022-bau_image&utm_term=conversion&utm_content=image_image-6,www.chemistwarehouse.com.au,/search,facebook,social,au_cw_coop_facebook_social_egmonthoneyaustraliaptyltd_egmonthoney_81_2026_100022-bau_image,81,conversion,image_image-6,Coop,Egmonthoneyaustraliaptyltd,Egmonthoney,2026,image,"Premium, Authentic NZ Mānuka Honey.","Certified Mānuka honey from New Zealand, carefully crafted and available at Chemist Warehouse.",Shop Now,https://scontent.ftgz4-1.fna.fbcdn.net/v/t39.35426-6/608893388_1880754136161502_2671614711088670375_n.jpg?_nc_cat=102&ccb=1-7&_nc_sid=c53f8f&_nc_ohc=DkgaiNWKh3IQ7kNvwGlKbop&_nc_oc=AdrzAcvCIIWoIJbNFzRW34MIuhCICTIwN4DXiR7PRmcuYezMj9-yKtoQgBmFKRvtUV4&_nc_zt=14&_nc_ht=scontent.ftgz4-1.fna&_nc_gid=MGRShCPQQ60ArmJDJhq-1g&_nc_ss=7f180&oh=00_AQDA5mLAskaF5P9KpAqWSrbSZuRQH53G35NahSg36qMxTw&oe=6A50A816,,"['FACEBOOK', 'INSTAGRAM', 'AUDIENCE_NETWORK', 'MESSENGER', 'THREADS']",au,cw,facebook,social,2026-W27,2026-07,"FACEBOOK, INSTAGRAM, AUDIENCE_NETWORK, MESSENGER, THREADS",True,True,True,True,True,False,Search Page,True,False,False,2026-07-06,2026-01-04 08:00:00,2026-07-06 16:23:53.030278,183
1404395371305720,1528963841668670,True,2026-01-04 08:00:00,2026-07-05 07:00:00,Chemist Warehouse,Chemist Warehouse,{{product.name}},{{product.brand}},Shop now,DCO,https://www.chemistwarehouse.com.au/search?query=egmont&contexts=default&utm_source=facebook&utm_medium=social&utm_campaign=au_cw_coop_facebook_social_egmonthoneyaustraliaptyltd_egmonthoney_81_2026_100022-bau_image&utm_term=conversion&utm_content=image_image-4,www.chemistwarehouse.com.au,/search,facebook,social,au_cw_coop_facebook_social_egmonthoneyaustraliaptyltd_egmonthoney_81_2026_100022-bau_image,81,conversion,image_image-4,Coop,Egmonthoneyaustraliaptyltd,Egmonthoney,2026,image,"Premium, Authentic NZ Mānuka Honey.","Certified Mānuka honey from New Zealand, carefully crafted and available at Chemist Warehouse.",Shop Now,https://scontent.ftgz4-1.fna.fbcdn.net/v/t39.35426-6/603954481_1443334177494863_8329341312183529893_n.jpg?_nc_cat=111&ccb=1-7&_nc_sid=c53f8f&_nc_ohc=sQL78_dchzAQ7kNvwGeKrrQ&_nc_oc=AdpNPObIuzs1UneJlU-4G2V7k_g2qRnBmdP41LvfgnT7FdvOXIAMRUf0rpBhGr3oetY&_nc_zt=14&_nc_ht=scontent.ftgz4-1.fna&_nc_gid=MGRShCPQQ60ArmJDJhq-1g&_nc_ss=7f180&oh=00_AQDXBuzNOi_dmji-clvOPgRU59Bg8u6pGeFEinke0WJtdA&oe=6A50A084,,"['FACEBOOK', 'INSTAGRAM', 'AUDIENCE_NETWORK', 'MESSENGER', 'THREADS']",au,cw,facebook,social,2026-W27,2026-07,"FACEBOOK, INSTAGRAM, AUDIENCE_NETWORK, MESSENGER, THREADS",True,True,True,True,True,False,Search Page,True,False,False,2026-07-06,2026-01-04 08:00:00,2026-07-06 16:23:53.030278,183
875870392007855,875576428701042,True,2026-02-01 08:00:00,2026-07-04 07:00:00,Chemist Warehouse,Chemist Warehouse,{{product.name}},{{product.brand}},Shop now,DCO,https://www.chemistwarehouse.com.au/buy/118065/jshealth-hair-energy-formula-60-capsules?utm_source=facebook&utm_medium=social&utm_campaign=au_cw_coop_facebook_social_jshealthvitamins_jshealth_81_2026_100007-bau_image&utm_term=conversion&utm_content=image_female-hair-static-feb-2,www.chemistwarehouse.com.au,/buy/118065/jshealth-hair-energy-formula-60-capsules,facebook,social,au_cw_coop_facebook_social_jshealthvitamins_jshealth_81_2026_100007-bau_image,81,conversion,image_female-hair-static-feb-2,Coop,Jshealthvitamins,Jshealth,2026,image,Only one capsule a day,Ready to start your hair health journey? Try Hair + Energy with 1000's of 5-star reviews!,Shop Now,https://scontent.ftgz4-1.fna.fbcdn.net/v/t39.35426-6/624659773_867573722744906_2206166057674384724_n.jpg?_nc_cat=100&ccb=1-7&_nc_sid=c53f8f&_nc_ohc=gudjE1lU1w4Q7kNvwHL8Awt&_nc_oc=Adq7QmZB32TAnLmXB9btEjeHfOooyIgnWZnOI53dzNRBd4mhajqM2rAlINfwiSxKQjc&_nc_zt=14&_nc_ht=scontent.ftgz4-1.fna&_nc_gid=LF0VWZOZ1aYxCQPGHxa9Dg&_nc_ss=7f180&oh=00_AQA87qlzGsAyJHSNxaqma2392MzqJS4RiuFZoINM8XaN-w&oe=6A5099AD,,"['FACEBOOK', 'INSTAGRAM', 'MESSENGER']",au,cw,facebook,social,2026-W27,2026-07,"FACEBOOK, INSTAGRAM, MESSENGER",True,True,False,True,False,False,SKU Product,True,False,False,2026-07-06,2026-02-01 08:00:00,2026-07-06 16:23:53.030278,155
2559869087729638,1344457607361789,True,2026-01-04 08:00:00,2026-07-05 07:00:00,Chemist Warehouse,Chemist Warehouse,{{product.name}},{{product.brand}},Shop now,DCO,https://www.chemistwarehouse.com.au/search?query=egmont&contexts=default&utm_source=facebook&utm_medium=social&utm_campaign=au_cw_coop_facebook_social_egmonthoneyaustraliaptyltd_egmonthoney_81_2026_100022-bau_image&utm_term=conversion&utm_content=image_image-9,www.chemistwarehouse.com.au,/search,facebook,social,au_cw_coop_facebook_social_egmonthoneyaustraliaptyltd_egmonthoney_81_2026_100022-bau_image,81,conversion,image_image-9,Coop,Egmonthoneyaustraliaptyltd,Egmonthoney,2026,image,"Premium, Authentic NZ Mānuka Honey.","Certified Mānuka honey from New Zealand, carefully crafted and available at Chemist Warehouse.",Shop Now,https://scontent.ftgz4-1.fna.fbcdn.net/v/t39.35426-6/607759464_904427782277119_5705363661379594621_n.jpg?_nc_cat=107&ccb=1-7&_nc_sid=c53f8f&_nc_ohc=A9Svn4WUXvAQ7kNvwFAWM-W&_nc_oc=AdoDDj73_ZWgU9AhP5-_t7G8vAfbxXYmmKgC8eVaVKePm7eVt62hvMDP8FwtebNwLtk&_nc_zt=14&_nc_ht=scontent.ftgz4-1.fna&_nc_gid=MGRShCPQQ60ArmJDJhq-1g&_nc_ss=7f180&oh=00_AQADjIbA37PDbs95DDT_bOVBFTghBsbd51YtTrvbyPIT3w&oe=6A509BAA,,"['FACEBOOK', 'INSTAGRAM', 'AUDIENCE_NETWORK', 'MESSENGER', 'THREADS']",au,cw,facebook,social,2026-W27,2026-07,"FACEBOOK, INSTAGRAM, AUDIENCE_NETWORK, MESSENGER, THREADS",True,True,True,True,True,False,Search Page,True,False,False,2026-07-06,2026-01-04 08:00:00,2026-07-06 16:23:53.030278,183
1413769050441742,2024057408992210,True,2026-02-08 08:00:00,2026-07-05 07:00:00,Chemist Warehouse,Chemist Warehouse,{{product.name}},{{product.brand}},Learn more,DCO,https://www.chemistwarehouse.com.au/buy/160049/biostime-infant-children-a-l-g-probiotic-care-28-sachets?utm_source=facebook&utm_medium=social&utm_campaign=au_cw_coop_facebook_social_swissewellnessptyltd_biostime_20_2026_100126-bau_video-image&utm_term=traffic&utm_content=video-image_video,www.chemistwarehouse.com.au,/buy/160049/biostime-infant-children-a-l-g-probiotic-care-28-sachets,facebook,social,au_cw_coop_facebook_social_swissewellnessptyltd_biostime_20_2026_100126-bau_video-image,20,traffic,video-image_video,Coop,Swissewellnessptyltd,Biostime,2026,video-image,Support their day from the inside out,Gentle support for little ones with mild eczema symptoms. Biostime is available at Chemist Warehouse,Learn More,,https://video.ftgz4-1.fna.fbcdn.net/o1/v/t2/f2/m366/AQPYuzNVLDm6OpPTFzD0U3GhzBcOLGlA3ergPSfis97H-WB-3hvG-2XcouDjfqng6yamx8e-RSLIuJtauYwt0e_-4IzAnr_VbKnWRQZZm1U3pg.mp4?_nc_cat=102&_nc_oc=Adq8r4fmGU_foqubv7CipCG6iqyeTMXEYQA-qURboXXQ0h2B4t4jpaVzs4i64xm3NDQ&_nc_sid=b66105&_nc_ht=video.ftgz4-1.fna.fbcdn.net&_nc_ohc=NHgEZ-81G-sQ7kNvwGPEn-R&efg=eyJ2ZW5jb2RlX3RhZyI6Inhwdl9wcm9ncmVzc2l2ZS5WSV9VU0VDQVNFX1BST0RVQ1RfVFlQRS4uQzMuNzIwLmRhc2hfaDI2NC1iYXNpYy1nZW4yXzcyMHAiLCJ4cHZfYXNzZXRfaWQiOjExOTQ0ODI5NDk0MzcxODIsImFzc2V0X2FnZV9kYXlzIjoxNDYsInZpX3VzZWNhc2VfaWQiOjEwNzk5LCJkdXJhdGlvbl9zIjoxMywidXJsZ2VuX3NvdXJjZSI6Ind3dyJ9&ccb=17-1&vs=97998b7d15872fd6&_nc_vs=HBksFQIYRWZiX2VwaGVtZXJhbC82QTRFNDBBNjU0RjIxREMyMkZCNTQzNDRDMzVFQURCRl9tdF8xX3ZpZGVvX2Rhc2hpbml0Lm1wNBUAAsgBEgAVAhhAZmJfcGVybWFuZW50LzlBNDNGNTRGOEZCRjg2MEJCNzkzOUU5QkFFQTYzQUFBX2F1ZGlvX2Rhc2hpbml0Lm1wNBUCAsgBEgAoABgAGwKIB3VzZV9vaWwBMRJwcm9ncmVzc2l2ZV9yZWNpcGUBMRUAACb826G-h5ifBBUCKAJDMywXQCtHrhR64UgYGWRhc2hfaDI2NC1iYXNpYy1nZW4yXzcyMHARAHUAZd6oAQA&_nc_gid=LF0VWZOZ1aYxCQPGHxa9Dg&_nc_ss=7f180&_nc_zt=28&oh=00_AQC5QKwoPr9ae2dEkRWUMz3oMEwL-JienOEP02Wj_ZMtVA&oe=6A50BF32,"['FACEBOOK', 'INSTAGRAM', 'THREADS']",au,cw,facebook,social,2026-W27,2026-07,"FACEBOOK, INSTAGRAM, THREADS",True,True,False,False,True,False,SKU Product,True,False,False,2026-07-06,2026-02-08 08:00:00,2026-07-06 16:23:53.030278,148
1408619434036792,1192403782538888,True,2026-01-04 08:00:00,2026-07-05 07:00:00,Chemist Warehouse,Chemist Warehouse,{{product.name}},{{product.brand}},Shop now,DCO,https://www.chemistwarehouse.com.au/search?query=egmont&contexts=default&utm_source=facebook&utm_medium=social&utm_campaign=au_cw_coop_facebook_social_egmonthoneyaustraliaptyltd_egmonthoney_81_2026_100022-bau_image&utm_term=conversion&utm_content=image_image-3,www.chemistwarehouse.com.au,/search,facebook,social,au_cw_coop_facebook_social_egmonthoneyaustraliaptyltd_egmonthoney_81_2026_100022-bau_image,81,conversion,image_image-3,Coop,Egmonthoneyaustraliaptyltd,Egmonthoney,2026,image,"Premium, Authentic NZ Mānuka Honey.","Certified Mānuka honey from New Zealand, carefully crafted and available at Chemist Warehouse.",Shop Now,https://scontent.ftgz4-1.fna.fbcdn.net/v/t39.35426-6/605288693_25013267828352778_6559769901329846510_n.jpg?_nc_cat=106&ccb=1-7&_nc_sid=c53f8f&_nc_ohc=f1wLGzh-EBEQ7kNvwFH3t1Q&_nc_oc=Adq66QS3_-8aHr97nyC1ouUay4vBnxvJpan6AKuWnkwG6o8kU_bMExfxLniuHI2m-Oc&_nc_zt=14&_nc_ht=scontent.ftgz4-1.fna&_nc_gid=MGRShCPQQ60ArmJDJhq-1g&_nc_ss=7f180&oh=00_AQC5iJ7Fu5tngZcsYTu0UOY-8aHRfp1Q1rCmqFELZBMFTg&oe=6A50BA1E,,"['FACEBOOK', 'INSTAGRAM', 'AUDIENCE_NETWORK', 'MESSENGER', 'THREADS']",au,cw,facebook,social,2026-W27,2026-07,"FACEBOOK, INSTAGRAM, AUDIENCE_NETWORK, MESSENGER, THREADS",True,True,True,True,True,False,Search Page,True,False,False,2026-07-06,2026-01-04 08:00:00,2026-07-06 16:23:53.030278,183
1667615594621811,,True,2026-01-31 08:00:00,2026-07-05 07:00:00,Chemist Warehouse,Chemist Warehouse,{{product.name}},Shop the Neutrogena Range online or via click and collect,Shop now,DPA,https://www.chemistwarehouse.com.au/shop-online/1873/neutrogena?utm_source=facebook&utm_medium=social&utm_campaign=au_cw_coop_facebook_social_johnsonjohnsonpacific_neutrogena_665_2026_bau_dynamic&utm_term=conversion&utm_content=dynamic_dynamic,www.chemistwarehouse.com.au,/shop-online/1873/neutrogena,facebook,social,au_cw_coop_facebook_social_johnsonjohnsonpacific_neutrogena_665_2026_bau_dynamic,665,conversion,dynamic_dynamic,Coop,Johnsonjohnsonpacific,Neutrogena,2026,dynamic,Neutrogena Advanced Acne Cleanser 150ml,Shop the Neutrogena Range online or via click and collect,Shop Now,https://scontent.ftgz4-1.fna.fbcdn.net/v/t39.35426-6/605688320_2892803857590015_2794070268258266593_n.jpg?_nc_cat=102&ccb=1-7&_nc_sid=c53f8f&_nc_ohc=z1uUCJF1GGwQ7kNvwEyg3Nn&_nc_oc=AdqJtzozbjl7rUI1CnVAojAKqB0IiEQCSYTDeKfnNx6-cdL5TLBmn9xlolOz80k0v74&_nc_zt=14&_nc_ht=scontent.ftgz4-1.fna&_nc_gid=LF0VWZOZ1aYxCQPGHxa9Dg&_nc_ss=7f180&oh=00_AQCZ39NufeA8uzApN5yxalmO6mtDiYNJvgK2Rd4aQ5sgRw&oe=6A508F0A,,"['FACEBOOK', 'INSTAGRAM', 'AUDIENCE_NETWORK', 'MESSENGER', 'THREADS']",au,cw,facebook,social,2026-W27,2026-07,"FACEBOOK, INSTAGRAM, AUDIENCE_NETWORK, MESSENGER, THREADS",True,True,True,True,True,False,Brand/Category Page,True,False,False,2026-07-06,2026-01-31 08:00:00,2026-07-06 16:23:53.030278,156
1845138382803770,,True,2026-01-31 08:00:00,2026-07-04 07:00:00,Chemist Warehouse,Chemist Warehouse,{{product.name}},Shop the Neutrogena Range online or via click and collect,Shop now,DPA,https://www.chemistwarehouse.com.au/shop-online/1873/neutrogena?utm_source=facebook&utm_medium=social&utm_campaign=au_cw_coop_facebook_social_johnsonjohnsonpacific_neutrogena_665_2026_bau_dynamic&utm_term=conversion&utm_content=dynamic_dynamic,www.chemistwarehouse.com.au,/shop-online/1873/neutrogena,facebook,social,au_cw_coop_facebook_social_johnsonjohnsonpacific_neutrogena_665_2026_bau_dynamic,665,conversion,dynamic_dynamic,Coop,Johnsonjohnsonpacific,Neutrogena,2026,dynamic,Neutrogena Rapid Wrinkle Repair Retinol Pro+ Power Serum 30ml,Shop the Neutrogena Range online or via click and collect,Shop Now,https://scontent.ftgz4-1.fna.fbcdn.net/v/t39.35426-6/608889567_1351141929664180_4996531379401758908_n.jpg?_nc_cat=105&ccb=1-7&_nc_sid=c53f8f&_nc_ohc=XAdqhQbPADcQ7kNvwEKv6el&_nc_oc=Adp9vCfeaei4cXbGSHE8-gkHMbvVph-fM5ONTc_0IriGz-zfXI-UGpFajyU5-5ZRRw8&_nc_zt=14&_nc_ht=scontent.ftgz4-1.fna&_nc_gid=LF0VWZOZ1aYxCQPGHxa9Dg&_nc_ss=7f180&oh=00_AQAi0_U7zt90-Y6s_hlFVlg69xI0v15EJftadm6yTTFpXA&oe=6A508BB2,,"['FACEBOOK', 'INSTAGRAM', 'AUDIENCE_NETWORK', 'MESSENGER', 'THREADS']",au,cw,facebook,social,2026-W27,2026-07,"FACEBOOK, INSTAGRAM, AUDIENCE_NETWORK, MESSENGER, THREADS",True,True,True,True,True,False,Brand/Category Page,True,False,False,2026-07-06,2026-01-31 08:00:00,2026-07-06 16:23:53.030278,156
2295558210941945,1493929252522284,True,2026-01-04 08:00:00,2026-07-05 07:00:00,Chemist Warehouse,Chemist Warehouse,{{product.name}},{{product.brand}},Shop now,DCO,https://www.chemistwarehouse.com.au/search?query=egmont&contexts=default&utm_source=facebook&utm_medium=social&utm_campaign=au_cw_coop_facebook_social_egmonthoneyaustraliaptyltd_egmonthoney_81_2026_100022-bau_image&utm_term=conversion&utm_content=image_image-1,www.chemistwarehouse.com.au,/search,facebook,social,au_cw_coop_facebook_social_egmonthoneyaustraliaptyltd_egmonthoney_81_2026_100022-bau_image,81,conversion,image_image-1,Coop,Egmonthoneyaustraliaptyltd,Egmonthoney,2026,image,"Premium, Authentic NZ Mānuka Honey.","Certified Mānuka honey from New Zealand, carefully crafted and available at Chemist Warehouse.",Shop Now,https://scontent.ftgz4-1.fna.fbcdn.net/v/t39.35426-6/608427449_1414806593386905_3926350605894167785_n.jpg?_nc_cat=101&ccb=1-7&_nc_sid=c53f8f&_nc_ohc=AAD9iX1VuocQ7kNvwFRxVnQ&_nc_oc=Ado9i1IW-ocvtXM8TmkpofvcguF__8tYGwgLjt7UG7oocttOACGs7bTby7btkAo_a9Q&_nc_zt=14&_nc_ht=scontent.ftgz4-1.fna&_nc_gid=MGRShCPQQ60ArmJDJhq-1g&_nc_ss=7f180&oh=00_AQDfNV6ugMAJeSBy1z28t8A1sgwImy-w0W7UDvUUC9_wiA&oe=6A508EEE,,"['FACEBOOK', 'INSTAGRAM', 'AUDIENCE_NETWORK', 'MESSENGER', 'THREADS']",au,cw,facebook,social,2026-W27,2026-07,"FACEBOOK, INSTAGRAM, AUDIENCE_NETWORK, MESSENGER, THREADS",True,True,True,True,True,False,Search Page,True,False,False,2026-07-06,2026-01-04 08:00:00,2026-07-06 16:23:53.030278,183
909740224766306,,True,2026-01-12 08:00:00,2026-07-05 07:00:00,Chemist Warehouse,Chemist Warehouse,"Cetaphil, For Everyone's Sensitive Skin",Everyday skincare made with sensitive skin in mind. Discover gentle Cetaphil care at Chemist Warehouse.,Learn more,IMAGE,https://fb.com/canvas_doc/4103603056450169,fb.com,/canvas_doc/4103603056450169,,,,,,,Not Specified,,,,,,,,,,"['FACEBOOK', 'INSTAGRAM', 'AUDIENCE_NETWORK', 'MESSENGER', 'THREADS']",,,,,2026-W27,2026-07,"FACEBOOK, INSTAGRAM, AUDIENCE_NETWORK, MESSENGER, THREADS",True,True,True,True,True,False,Internal/App Page,True,True,False,2026-07-06,2026-01-12 08:00:00,2026-07-06 16:23:53.030278,175
717454617886408,,True,2026-01-12 08:00:00,2026-07-04 07:00:00,Chemist Warehouse,Chemist Warehouse,"Cetaphil, For Everyone's Sensitive Skin",Everyday skincare made with sensitive skin in mind. Discover gentle Cetaphil care at Chemist Warehouse.,Learn more,IMAGE,https://fb.com/canvas_doc/2114055879128633,fb.com,/canvas_doc/2114055879128633,,,,,,,Not Specified,,,,,,,,,,"['FACEBOOK', 'INSTAGRAM', 'AUDIENCE_NETWORK', 'MESSENGER', 'THREADS']",,,,,2026-W27,2026-07,"FACEBOOK, INSTAGRAM, AUDIENCE_NETWORK, MESSENGER, THREADS",True,True,True,True,True,False,Internal/App Page,True,True,False,2026-07-06,2026-01-12 08:00:00,2026-07-06 16:23:53.030278,175
718043647729833,777841428658445,True,2026-01-04 08:00:00,2026-07-05 07:00:00,Chemist Warehouse,Chemist Warehouse,{{product.name}},{{product.brand}},Shop now,DCO,https://www.chemistwarehouse.com.au/search?query=egmont&contexts=default&utm_source=facebook&utm_medium=social&utm_campaign=au_cw_coop_facebook_social_egmonthoneyaustraliaptyltd_egmonthoney_81_2026_100022-bau_image&utm_term=conversion&utm_content=image_image-8,www.chemistwarehouse.com.au,/search,facebook,social,au_cw_coop_facebook_social_egmonthoneyaustraliaptyltd_egmonthoney_81_2026_100022-bau_image,81,conversion,image_image-8,Coop,Egmonthoneyaustraliaptyltd,Egmonthoney,2026,image,"Premium, Authentic NZ Mānuka Honey.","Certified Mānuka honey from New Zealand, carefully crafted and available at Chemist Warehouse.",Shop Now,https://scontent.ftgz4-1.fna.fbcdn.net/v/t39.35426-6/606120098_882953274430761_8971257578831367727_n.jpg?_nc_cat=105&ccb=1-7&_nc_sid=c53f8f&_nc_ohc=63yc_ybYFiMQ7kNvwFoPtKa&_nc_oc=AdpfMQD21DvEDFBP9-AlQVcmHyThrNP8XCgRCjxCpGeoKEY3E2vVHUqKfci7zzmaZLw&_nc_zt=14&_nc_ht=scontent.ftgz4-1.fna&_nc_gid=MGRShCPQQ60ArmJDJhq-1g&_nc_ss=7f180&oh=00_AQAKp7_ulWuaxI2JzGlqu37-LgF7DwoMNcu3pjDgKFEVNQ&oe=6A508B8B,,"['FACEBOOK', 'INSTAGRAM', 'AUDIENCE_NETWORK', 'MESSENGER', 'THREADS']",au,cw,facebook,social,2026-W27,2026-07,"FACEBOOK, INSTAGRAM, AUDIENCE_NETWORK, MESSENGER, THREADS",True,True,True,True,True,False,Search Page,True,False,False,2026-07-06,2026-01-04 08:00:00,2026-07-06 16:23:53.030278,183
2303238360196144,750676621396549,True,2026-01-04 08:00:00,2026-07-05 07:00:00,Chemist Warehouse,Chemist Warehouse,{{product.name}},{{product.brand}},Shop now,DCO,https://www.chemistwarehouse.com.au/search?query=egmont&contexts=default&utm_source=facebook&utm_medium=social&utm_campaign=au_cw_coop_facebook_social_egmonthoneyaustraliaptyltd_egmonthoney_81_2026_100022-bau_image&utm_term=conversion&utm_content=image_image-2,www.chemistwarehouse.com.au,/search,facebook,social,au_cw_coop_facebook_social_egmonthoneyaustraliaptyltd_egmonthoney_81_2026_100022-bau_image,81,conversion,image_image-2,Coop,Egmonthoneyaustraliaptyltd,Egmonthoney,2026,image,"Premium, Authentic NZ Mānuka Honey.","Certified Mānuka honey from New Zealand, carefully crafted and available at Chemist Warehouse.",Shop Now,https://scontent.ftgz4-1.fna.fbcdn.net/v/t39.35426-6/605666489_1900741087190104_8984826853807602484_n.jpg?_nc_cat=105&ccb=1-7&_nc_sid=c53f8f&_nc_ohc=SwQZULc9A8EQ7kNvwG4xHND&_nc_oc=Adpwj9qVgthPGyvXdmudShOo2tM5aO9dEWIcef-xSIJ-ACcBXDfi4laAwtoYwY2WlrU&_nc_zt=14&_nc_ht=scontent.ftgz4-1.fna&_nc_gid=MGRShCPQQ60ArmJDJhq-1g&_nc_ss=7f180&oh=00_AQDvZduXbHrBA-NlkW11v8xmHb0-vOMLd14tRDExpd7PiA&oe=6A50A43A,,"['FACEBOOK', 'INSTAGRAM', 'AUDIENCE_NETWORK', 'MESSENGER', 'THREADS']",au,cw,facebook,social,2026-W27,2026-07,"FACEBOOK, INSTAGRAM, AUDIENCE_NETWORK, MESSENGER, THREADS",True,True,True,True,True,False,Search Page,True,False,False,2026-07-06,2026-01-04 08:00:00,2026-07-06 16:23:53.030278,183
1931929814063564,650918258043442,True,2026-01-04 08:00:00,2026-07-05 07:00:00,Chemist Warehouse,Chemist Warehouse,{{product.name}},{{product.brand}},Shop now,DCO,https://www.chemistwarehouse.com.au/search?query=egmont&contexts=default&utm_source=facebook&utm_medium=social&utm_campaign=au_cw_coop_facebook_social_egmonthoneyaustraliaptyltd_egmonthoney_81_2026_100022-bau_image&utm_term=conversion&utm_content=image_image-5,www.chemistwarehouse.com.au,/search,facebook,social,au_cw_coop_facebook_social_egmonthoneyaustraliaptyltd_egmonthoney_81_2026_100022-bau_image,81,conversion,image_image-5,Coop,Egmonthoneyaustraliaptyltd,Egmonthoney,2026,image,"Premium, Authentic NZ Mānuka Honey.","Certified Mānuka honey from New Zealand, carefully crafted and available at Chemist Warehouse.",Shop Now,https://scontent.ftgz4-1.fna.fbcdn.net/v/t39.35426-6/608507587_1639663437000094_5866792540775280232_n.jpg?_nc_cat=107&ccb=1-7&_nc_sid=c53f8f&_nc_aid=0&_nc_ohc=9BVyxMjKvzoQ7kNvwGkpgqA&_nc_oc=AdoKpoY_yW7TJaZYXmRxcSb7a94tP8mP3utvkK8JS6ot3HgLH6qLQz6AfYeAVEnbFro&_nc_zt=14&_nc_ht=scontent.ftgz4-1.fna&_nc_gid=MGRShCPQQ60ArmJDJhq-1g&_nc_ss=7f180&oh=00_AQDAH-MT6NJ-k5OqGPaPfbRgxGCXB-x5LkOlUqhBuuCWJQ&oe=6A50B4EA,,"['FACEBOOK', 'INSTAGRAM', 'AUDIENCE_NETWORK', 'MESSENGER', 'THREADS']",au,cw,facebook,social,2026-W27,2026-07,"FACEBOOK, INSTAGRAM, AUDIENCE_NETWORK, MESSENGER, THREADS",True,True,True,True,True,False,Search Page,True,False,False,2026-07-06,2026-01-04 08:00:00,2026-07-06 16:23:53.030278,183
