ad_archive_id,collation_id,is_active,start_date_formatted,end_date_formatted,page_name,snapshot.page_name,snapshot.title,snapshot.body.text,snapshot.cta_text,snapshot.display_format,snapshot.link_url,domain,url_path,utm_source,utm_medium,utm_campaign,category_code,utm_term,utm_content,funding_type_label,supplier_label,brand_label,campaign_period,creative_format,card_title,card_body,card_cta_text,card_image_url,card_video_hd_url,publisher_platform,country,retailer,platform,channel,snapshot_week,snapshot_month,publisher_platform_clean,facebook,instagram,audience_network,messenger,threads,whatsapp,landing_page_type,is_official_cw,mentions_cw_brand,tga_risk_flag,snapshot_date,start_date_formatted_dt,snapshot_run_datetime,campaign_age_days
1330622292483685,,True,2026-09-06 07:00:00,2026-09-06 07:00:00,Chemist Warehouse,Chemist Warehouse,Shop CeraVe now at Chemist Warehouse!,"Developed by dermatologists, CeraVe has made skincare easy! For moisturising and cleansing shop CeraVe today at Chemist Warehouse!",Shop now,DCO,https://www.chemistwarehouse.com.au/buy/91324/cerave-hydrating-cleanser-236ml,www.chemistwarehouse.com.au,/buy/91324/cerave-hydrating-cleanser-236ml,,,,,,,Not Specified,,,,,Shop CeraVe now at Chemist Warehouse!,"Developed by dermatologists, CeraVe has made skincare easy! For moisturising and cleansing shop CeraVe today at Chemist Warehouse!",Shop Now,https://scontent.flwo4-2.fna.fbcdn.net/v/t39.35426-6/798798542_1093328803268608_2067363284150205489_n.jpg?_nc_cat=100&ccb=1-7&_nc_sid=c53f8f&_nc_ohc=MfUE7K0lpMMQ7kNvwHpYLVS&_nc_oc=Adr_0dMcTlGR17_nha-UlVLaxOYdsMFnKTvZuV2nbx1Xh8D9Jxq5wmo-hV25lcjbyRU&_nc_zt=14&_nc_ht=scontent.flwo4-2.fna&_nc_gid=FxRUi-QbR6sy73_sAtnq0g&_nc_ss=7f289&oh=00_AQKti4APECc94T-lZG8H3itOuAvC-f0tRx5ckU67WZD6yw&oe=6AA3A49A,,"['FACEBOOK', 'INSTAGRAM', 'WHATSAPP', 'THREADS']",,,,,2026-W36,2026-09,"FACEBOOK, INSTAGRAM, WHATSAPP, THREADS",True,True,False,False,True,True,SKU Product,True,True,False,2026-09-07,2026-09-06 07:00:00,2026-09-07 16:55:10.186478,1
1374917218173846,,True,2026-09-06 07:00:00,2026-09-06 07:00:00,Chemist Warehouse,Chemist Warehouse,Find La Roche Posay at Chemist Warehouse.,Target dark spots & pigmentation with the double-strength Melasyl formula.,Shop now,DCO,https://www.chemistwarehouse.com.au/buy/168967/la-roche-posay-double-dose-mela-b3-emulsion-40ml,www.chemistwarehouse.com.au,/buy/168967/la-roche-posay-double-dose-mela-b3-emulsion-40ml,,,,,,,Not Specified,,,,,Find La Roche Posay at Chemist Warehouse.,Target dark spots & pigmentation with the double-strength Melasyl formula.,Shop Now,https://scontent.flwo4-1.fna.fbcdn.net/v/t39.35426-6/793595779_1068029425962988_1863631861064274226_n.jpg?_nc_cat=101&ccb=1-7&_nc_sid=c53f8f&_nc_ohc=mjau0HwQwPUQ7kNvwE90WgW&_nc_oc=Ado2WhQUpTbpOB0hONdQQoWbEYmfwxjHHLHcqgKizyMGykpeeKVN7BBD4xaXK4HQjBo&_nc_zt=14&_nc_ht=scontent.flwo4-1.fna&_nc_gid=FxRUi-QbR6sy73_sAtnq0g&_nc_ss=7f289&oh=00_AQIfLricy5OK9V_QzD80N6a2ZM7KVCiTTs-hNZJHyulymA&oe=6AA39EA1,,"['FACEBOOK', 'INSTAGRAM', 'WHATSAPP', 'THREADS']",,,,,2026-W36,2026-09,"FACEBOOK, INSTAGRAM, WHATSAPP, THREADS",True,True,False,False,True,True,SKU Product,True,True,False,2026-09-07,2026-09-06 07:00:00,2026-09-07 16:55:10.186478,1
1948243905860621,,True,2026-09-06 07:00:00,2026-09-06 07:00:00,Chemist Warehouse,Chemist Warehouse,Shop Blackmores now at Chemist Warehouse!,Support your active lifestyle with NEW Blackmores Magnesium Glycinate.,Shop now,IMAGE,https://www.chemistwarehouse.com.au/buy/166971/blackmores-magnesium-glycinate-200-tablets-exclusive-size,www.chemistwarehouse.com.au,/buy/166971/blackmores-magnesium-glycinate-200-tablets-exclusive-size,,,,,,,Not Specified,,,,,,,,,,"['FACEBOOK', 'INSTAGRAM', 'THREADS']",,,,,2026-W36,2026-09,"FACEBOOK, INSTAGRAM, THREADS",True,True,False,False,True,False,SKU Product,True,True,False,2026-09-07,2026-09-06 07:00:00,2026-09-07 16:55:10.186478,1
2440528956436767,,True,2026-09-06 07:00:00,2026-09-06 07:00:00,Chemist Warehouse,Chemist Warehouse,Shop Bio‑Oil® Skincare Oil now at Chemist Warehouse!,Designed to improve the appearance of scars and stretch marks.,Shop now,IMAGE,https://www.chemistwarehouse.com.au/buy/53157/bio-oil-200ml,www.chemistwarehouse.com.au,/buy/53157/bio-oil-200ml,,,,,,,Not Specified,,,,,,,,,,"['FACEBOOK', 'INSTAGRAM', 'THREADS']",,,,,2026-W36,2026-09,"FACEBOOK, INSTAGRAM, THREADS",True,True,False,False,True,False,SKU Product,True,True,False,2026-09-07,2026-09-06 07:00:00,2026-09-07 16:55:10.186478,1
1059332863545573,,True,2026-09-06 07:00:00,2026-09-06 07:00:00,Chemist Warehouse,Chemist Warehouse,Shop Nature’s Own now at Chemist Warehouse!,"Looking for a convenient, one-a-day, high-strength 1000mcg dose of Vitamin B12?",Shop now,IMAGE,https://www.chemistwarehouse.com.au/buy/167813/natures-own-vitamin-b12-200-tablets-exclusive-size,www.chemistwarehouse.com.au,/buy/167813/natures-own-vitamin-b12-200-tablets-exclusive-size,,,,,,,Not Specified,,,,,,,,,,"['FACEBOOK', 'INSTAGRAM', 'THREADS']",,,,,2026-W36,2026-09,"FACEBOOK, INSTAGRAM, THREADS",True,True,False,False,True,False,SKU Product,True,True,False,2026-09-07,2026-09-06 07:00:00,2026-09-07 16:55:10.186478,1
1378462337726093,,True,2026-09-06 07:00:00,2026-09-06 07:00:00,Chemist Warehouse,Chemist Warehouse,Shop L’Oréal Paris Le Duo Serum now at Chemist Warehouse!,2 serums in 1 pump to visibly reduce 10 signs of ageing,Shop now,IMAGE,https://www.chemistwarehouse.com.au/buy/152947/loreal-age-perfect-le-duo-cell-renewal-serum-30ml,www.chemistwarehouse.com.au,/buy/152947/loreal-age-perfect-le-duo-cell-renewal-serum-30ml,,,,,,,Not Specified,,,,,,,,,,"['FACEBOOK', 'INSTAGRAM', 'THREADS']",,,,,2026-W36,2026-09,"FACEBOOK, INSTAGRAM, THREADS",True,True,False,False,True,False,SKU Product,True,True,False,2026-09-07,2026-09-06 07:00:00,2026-09-07 16:55:10.186478,1
2955227144811028,,True,2026-09-06 07:00:00,2026-09-06 07:00:00,Chemist Warehouse,Chemist Warehouse,Shop Gaviscon now at Chemist Warehouse!,"Heartburn ruining your meal? Get fast, long-lasting relief with Gaviscon.",Shop now,IMAGE,https://www.chemistwarehouse.com.au/buy/150881/gaviscon-dual-action-liquid-peppermint-500ml,www.chemistwarehouse.com.au,/buy/150881/gaviscon-dual-action-liquid-peppermint-500ml,,,,,,,Not Specified,,,,,,,,,,"['FACEBOOK', 'INSTAGRAM', 'THREADS']",,,,,2026-W36,2026-09,"FACEBOOK, INSTAGRAM, THREADS",True,True,False,False,True,False,SKU Product,True,True,False,2026-09-07,2026-09-06 07:00:00,2026-09-07 16:55:10.186478,1
928404113649184,,True,2026-09-06 07:00:00,2026-09-06 07:00:00,Chemist Warehouse,Chemist Warehouse,Shop Telfast now at Chemist Warehouse!,Relieve hayfever symptoms in one hour with Telfast 180 mg 100 Tablets.,Shop now,IMAGE,https://www.chemistwarehouse.com.au/buy/126931/telfast-180mg-100-tablets-exclusive-size,www.chemistwarehouse.com.au,/buy/126931/telfast-180mg-100-tablets-exclusive-size,,,,,,,Not Specified,,,,,,,,,,"['FACEBOOK', 'INSTAGRAM', 'THREADS']",,,,,2026-W36,2026-09,"FACEBOOK, INSTAGRAM, THREADS",True,True,False,False,True,False,SKU Product,True,True,False,2026-09-07,2026-09-06 07:00:00,2026-09-07 16:55:10.186478,1
2178261119732764,,True,2026-09-06 07:00:00,2026-09-06 07:00:00,Chemist Warehouse,Chemist Warehouse,Shop Bio‑Oil® Skincare Oil now at Chemist Warehouse!,Try these chocolate squares for constipation relief that actually tastes good,Shop now,IMAGE,https://www.chemistwarehouse.com.au/buy/5901/laxettes-24,www.chemistwarehouse.com.au,/buy/5901/laxettes-24,,,,,,,Not Specified,,,,,,,,,,"['FACEBOOK', 'INSTAGRAM', 'THREADS']",,,,,2026-W36,2026-09,"FACEBOOK, INSTAGRAM, THREADS",True,True,False,False,True,False,SKU Product,True,True,False,2026-09-07,2026-09-06 07:00:00,2026-09-07 16:55:10.186478,1
1480734827194362,,True,2026-09-06 07:00:00,2026-09-06 07:00:00,Chemist Warehouse,Chemist Warehouse,Shop Blackmores now at Chemist Warehouse!,Support your active lifestyle with NEW Blackmores Magnesium Glycinate.,Shop now,VIDEO,https://www.chemistwarehouse.com.au/buy/166971/blackmores-magnesium-glycinate-200-tablets-exclusive-size,www.chemistwarehouse.com.au,/buy/166971/blackmores-magnesium-glycinate-200-tablets-exclusive-size,,,,,,,Not Specified,,,,,,,,,,"['FACEBOOK', 'INSTAGRAM', 'MESSENGER']",,,,,2026-W36,2026-09,"FACEBOOK, INSTAGRAM, MESSENGER",True,True,False,True,False,False,SKU Product,True,True,False,2026-09-07,2026-09-06 07:00:00,2026-09-07 16:55:10.186478,1
1597186965281551,,True,2026-09-06 07:00:00,2026-09-06 07:00:00,Chemist Warehouse,Chemist Warehouse,Shop MoliCare® premium MEN Pad now at Chemist Warehouse!,"Take control of the leak, comfortably, with Molicare® premium MEN Pad",Shop now,IMAGE,https://www.chemistwarehouse.com.au/buy/105717/molicare-men-premium-5-drops-pads-14-packs,www.chemistwarehouse.com.au,/buy/105717/molicare-men-premium-5-drops-pads-14-packs,,,,,,,Not Specified,,,,,,,,,,"['FACEBOOK', 'INSTAGRAM', 'THREADS']",,,,,2026-W36,2026-09,"FACEBOOK, INSTAGRAM, THREADS",True,True,False,False,True,False,SKU Product,True,True,False,2026-09-07,2026-09-06 07:00:00,2026-09-07 16:55:10.186478,1
2048173762492774,,True,2026-09-06 07:00:00,2026-09-06 07:00:00,Chemist Warehouse,Chemist Warehouse,Shop Dr.Scholl’s now at Chemist Warehouse!,Put your best foot forward with this Exfoliating & Moisturising Foot Mask.,Shop now,IMAGE,https://www.chemistwarehouse.com.au/buy/168686/dr-scholls-exfoliating-moisturising-peeling-foot-mask,www.chemistwarehouse.com.au,/buy/168686/dr-scholls-exfoliating-moisturising-peeling-foot-mask,,,,,,,Not Specified,,,,,,,,,,"['FACEBOOK', 'INSTAGRAM', 'THREADS']",,,,,2026-W36,2026-09,"FACEBOOK, INSTAGRAM, THREADS",True,True,False,False,True,False,SKU Product,True,True,False,2026-09-07,2026-09-06 07:00:00,2026-09-07 16:55:10.186478,1
1060107533668983,,True,2026-09-06 07:00:00,2026-09-06 07:00:00,Chemist Warehouse,Chemist Warehouse,Shop Telfast now at Chemist Warehouse!,Relieve hayfever symptoms in one hour with Telfast 180 mg 100 Tablets.,Shop now,VIDEO,https://www.chemistwarehouse.com.au/buy/126931/telfast-180mg-100-tablets-exclusive-size,www.chemistwarehouse.com.au,/buy/126931/telfast-180mg-100-tablets-exclusive-size,,,,,,,Not Specified,,,,,,,,,,"['FACEBOOK', 'INSTAGRAM', 'MESSENGER', 'WHATSAPP']",,,,,2026-W36,2026-09,"FACEBOOK, INSTAGRAM, MESSENGER, WHATSAPP",True,True,False,True,False,True,SKU Product,True,True,False,2026-09-07,2026-09-06 07:00:00,2026-09-07 16:55:10.186478,1
1732438131395418,,True,2026-09-06 07:00:00,2026-09-06 07:00:00,Chemist Warehouse,Chemist Warehouse,Shop L’Oréal Paris Le Duo Serum now at Chemist Warehouse!,2 serums in 1 pump to visibly reduce 10 signs of ageing,Shop now,VIDEO,https://www.chemistwarehouse.com.au/buy/152947/loreal-age-perfect-le-duo-cell-renewal-serum-30ml,www.chemistwarehouse.com.au,/buy/152947/loreal-age-perfect-le-duo-cell-renewal-serum-30ml,,,,,,,Not Specified,,,,,,,,,,"['FACEBOOK', 'INSTAGRAM', 'MESSENGER']",,,,,2026-W36,2026-09,"FACEBOOK, INSTAGRAM, MESSENGER",True,True,False,True,False,False,SKU Product,True,True,False,2026-09-07,2026-09-06 07:00:00,2026-09-07 16:55:10.186478,1
1345338294045195,,True,2026-09-06 07:00:00,2026-09-06 07:00:00,Chemist Warehouse,Chemist Warehouse,Shop Nature’s Own now at Chemist Warehouse!,"Looking for a convenient, one-a-day, high-strength 1000mcg dose of Vitamin B12?",Shop now,VIDEO,https://www.chemistwarehouse.com.au/buy/167813/natures-own-vitamin-b12-200-tablets-exclusive-size,www.chemistwarehouse.com.au,/buy/167813/natures-own-vitamin-b12-200-tablets-exclusive-size,,,,,,,Not Specified,,,,,,,,,,"['FACEBOOK', 'INSTAGRAM', 'MESSENGER']",,,,,2026-W36,2026-09,"FACEBOOK, INSTAGRAM, MESSENGER",True,True,False,True,False,False,SKU Product,True,True,False,2026-09-07,2026-09-06 07:00:00,2026-09-07 16:55:10.186478,1
4213213642156266,,True,2026-09-06 07:00:00,2026-09-06 07:00:00,Chemist Warehouse,Chemist Warehouse,Shop Gaviscon now at Chemist Warehouse!,"Heartburn ruining your meal? Get fast, long-lasting relief with Gaviscon.",Shop now,VIDEO,https://www.chemistwarehouse.com.au/buy/150881/gaviscon-dual-action-liquid-peppermint-500ml,www.chemistwarehouse.com.au,/buy/150881/gaviscon-dual-action-liquid-peppermint-500ml,,,,,,,Not Specified,,,,,,,,,,"['FACEBOOK', 'INSTAGRAM', 'MESSENGER', 'WHATSAPP']",,,,,2026-W36,2026-09,"FACEBOOK, INSTAGRAM, MESSENGER, WHATSAPP",True,True,False,True,False,True,SKU Product,True,True,False,2026-09-07,2026-09-06 07:00:00,2026-09-07 16:55:10.186478,1
1289384350924549,,True,2026-09-06 07:00:00,2026-09-06 07:00:00,Chemist Warehouse,Chemist Warehouse,Shop Dulcolax now at Chemist Warehouse!,Get your gut back on track with Dulcolax constipation relief,Shop now,IMAGE,https://www.chemistwarehouse.com.au/buy/149566/dulcolax-laxatives-5mg-200-tablets,www.chemistwarehouse.com.au,/buy/149566/dulcolax-laxatives-5mg-200-tablets,,,,,,,Not Specified,,,,,,,,,,"['FACEBOOK', 'INSTAGRAM', 'THREADS']",,,,,2026-W36,2026-09,"FACEBOOK, INSTAGRAM, THREADS",True,True,False,False,True,False,SKU Product,True,True,False,2026-09-07,2026-09-06 07:00:00,2026-09-07 16:55:10.186478,1
1394632419279198,,True,2026-09-06 07:00:00,2026-09-06 07:00:00,Chemist Warehouse,Chemist Warehouse,Shop TENA ProSkin Stretch now at Chemist Warehouse!,Designed to improve the appearance of scars and stretch marks.Incontinence protection  with independence – the best of both worlds.,Shop now,IMAGE,https://www.chemistwarehouse.com.au/shop-online/1395/tena,www.chemistwarehouse.com.au,/shop-online/1395/tena,,,,,,,Not Specified,,,,,,,,,,"['FACEBOOK', 'INSTAGRAM', 'THREADS']",,,,,2026-W36,2026-09,"FACEBOOK, INSTAGRAM, THREADS",True,True,False,False,True,False,Brand/Category Page,True,True,False,2026-09-07,2026-09-06 07:00:00,2026-09-07 16:55:10.186478,1
3621415924693151,,True,2026-09-06 07:00:00,2026-09-06 07:00:00,Chemist Warehouse,Chemist Warehouse,Shop Depend now at Chemist Warehouse!,Tackle bladder leaks with the Depend Guards Range for Men.,Shop now,IMAGE,https://www.chemistwarehouse.com.au/buy/169183/depend-guard-level-2-12-pack,www.chemistwarehouse.com.au,/buy/169183/depend-guard-level-2-12-pack,,,,,,,Not Specified,,,,,,,,,,"['FACEBOOK', 'INSTAGRAM', 'THREADS']",,,,,2026-W36,2026-09,"FACEBOOK, INSTAGRAM, THREADS",True,True,False,False,True,False,SKU Product,True,True,False,2026-09-07,2026-09-06 07:00:00,2026-09-07 16:55:10.186478,1
2087357031856479,1751542369390269,True,2026-09-04 07:00:00,2026-09-06 07:00:00,Chemist Warehouse,Chemist Warehouse,The new Bonbon collection,Viktor & Rolf Bonbon collection - the new decadent delight! Crave it. Collect it. Spray it.,Shop now,IMAGE,https://www.chemistwarehouse.com.au/shop-online/4292/viktor-rolf?utm_source=facebook&utm_medium=social&utm_campaign=au_cw_coop_facebook_social_lorealluxury_viktorrolf_542_2026_100048-bau_video-image&utm_term=traffic&utm_content=video-image_brand,www.chemistwarehouse.com.au,/shop-online/4292/viktor-rolf,facebook,social,au_cw_coop_facebook_social_lorealluxury_viktorrolf_542_2026_100048-bau_video-image,542,traffic,video-image_brand,Coop,Lorealluxury,Viktorrolf,2026,video-image,,,,,,"['FACEBOOK', 'INSTAGRAM', 'AUDIENCE_NETWORK', 'MESSENGER', 'WHATSAPP', 'THREADS']",au,cw,facebook,social,2026-W36,2026-09,"FACEBOOK, INSTAGRAM, AUDIENCE_NETWORK, MESSENGER, WHATSAPP, THREADS",True,True,True,True,True,True,Brand/Category Page,True,False,False,2026-09-07,2026-09-04 07:00:00,2026-09-07 16:55:10.186478,3
955701723447614,1074557258488123,True,2026-09-04 07:00:00,2026-09-06 07:00:00,Chemist Warehouse,Chemist Warehouse,The new Bonbon collection,Viktor & Rolf Bonbon collection - the new decadent delight! Crave it. Collect it. Spray it.,Shop now,IMAGE,https://www.chemistwarehouse.com.au/shop-online/4292/viktor-rolf?utm_source=facebook&utm_medium=social&utm_campaign=au_cw_coop_facebook_social_lorealluxury_viktorrolf_542_2026_100048-bau_video-image&utm_term=traffic&utm_content=video-image_brand,www.chemistwarehouse.com.au,/shop-online/4292/viktor-rolf,facebook,social,au_cw_coop_facebook_social_lorealluxury_viktorrolf_542_2026_100048-bau_video-image,542,traffic,video-image_brand,Coop,Lorealluxury,Viktorrolf,2026,video-image,,,,,,"['FACEBOOK', 'INSTAGRAM', 'AUDIENCE_NETWORK', 'MESSENGER', 'WHATSAPP', 'THREADS']",au,cw,facebook,social,2026-W36,2026-09,"FACEBOOK, INSTAGRAM, AUDIENCE_NETWORK, MESSENGER, WHATSAPP, THREADS",True,True,True,True,True,True,Brand/Category Page,True,False,False,2026-09-07,2026-09-04 07:00:00,2026-09-07 16:55:10.186478,3
28620401297566113,1662109605592335,True,2026-09-04 07:00:00,2026-09-06 07:00:00,Chemist Warehouse,Chemist Warehouse,New: Caramel Crunch EDP,"Indulge in Viktor & Rolf's NEW Bonbon Caramel Crunch fragrance. Notes of warm popcorn drizzled with salted, melted caramel.",Shop now,IMAGE,https://www.chemistwarehouse.com.au/shop-online/4292/viktor-rolf?utm_source=facebook&utm_medium=social&utm_campaign=au_cw_coop_facebook_social_lorealluxury_viktorrolf_542_2026_100048-bau_video-image&utm_term=traffic&utm_content=video-image_brand,www.chemistwarehouse.com.au,/shop-online/4292/viktor-rolf,facebook,social,au_cw_coop_facebook_social_lorealluxury_viktorrolf_542_2026_100048-bau_video-image,542,traffic,video-image_brand,Coop,Lorealluxury,Viktorrolf,2026,video-image,,,,,,"['FACEBOOK', 'INSTAGRAM', 'AUDIENCE_NETWORK', 'MESSENGER', 'WHATSAPP', 'THREADS']",au,cw,facebook,social,2026-W36,2026-09,"FACEBOOK, INSTAGRAM, AUDIENCE_NETWORK, MESSENGER, WHATSAPP, THREADS",True,True,True,True,True,True,Brand/Category Page,True,False,False,2026-09-07,2026-09-04 07:00:00,2026-09-07 16:55:10.186478,3
1081514237628615,,True,2026-09-06 07:00:00,2026-09-06 07:00:00,Chemist Warehouse,Chemist Warehouse,Save Big on Baby,"Get up to 1/2 Price off RRP on selected Baby products, including Huggies, b.box, WaterWipes + more!",Shop now,IMAGE,https://fb.com/canvas_doc/1790897672252463,fb.com,/canvas_doc/1790897672252463,,,,,,,Not Specified,,,,,,,,,,"['FACEBOOK', 'INSTAGRAM', 'AUDIENCE_NETWORK', 'MESSENGER', 'WHATSAPP', 'THREADS']",,,,,2026-W36,2026-09,"FACEBOOK, INSTAGRAM, AUDIENCE_NETWORK, MESSENGER, WHATSAPP, THREADS",True,True,True,True,True,True,Internal/App Page,True,False,False,2026-09-07,2026-09-06 07:00:00,2026-09-07 16:55:10.186478,1
1551049386708799,,True,2026-09-06 07:00:00,2026-09-06 07:00:00,Chemist Warehouse,Chemist Warehouse,Buy Blackmores on sale,Don't miss out! Shop Blackmores on half price off RRP Always read the label and follow the directions for use.,Shop now,DCO,https://www.chemistwarehouse.com.au/shop-online/513/blackmores?utm_source=facebook&utm_medium=social&utm_campaign=au_cw_oa_facebook_social_blackmoreslimited_blackmores_81_sep26_100336-oa_video-image&utm_term=traffic&utm_content=video-image_,www.chemistwarehouse.com.au,/shop-online/513/blackmores,facebook,social,au_cw_oa_facebook_social_blackmoreslimited_blackmores_81_sep26_100336-oa_video-image,81,traffic,video-image_,O&O,Blackmoreslimited,Blackmores,sep26,video-image,Buy Blackmores on sale,Don't miss out! Shop Blackmores on half price off RRP Always read the label and follow the directions for use.,Shop Now,https://scontent.flwo4-2.fna.fbcdn.net/v/t39.35426-6/795132722_28448388571446792_346739327582347503_n.jpg?_nc_cat=103&ccb=1-7&_nc_sid=c53f8f&_nc_ohc=uxbBuP88oDwQ7kNvwEhC95u&_nc_oc=Adq_XOPPUo9UurVH6L6rax4ZlVfoOun6Y6HbbNAjzdX33QQUTtw2-alKH1Usz8KTTfU&_nc_zt=14&_nc_ht=scontent.flwo4-2.fna&_nc_gid=FxRUi-QbR6sy73_sAtnq0g&_nc_ss=7f289&oh=00_AQJi9EgV0CSgz-3mKCO0F00slG3jsC95zDxdNdwzKaYpqw&oe=6AA3BB59,,"['FACEBOOK', 'INSTAGRAM', 'AUDIENCE_NETWORK', 'WHATSAPP', 'THREADS']",au,cw,facebook,social,2026-W36,2026-09,"FACEBOOK, INSTAGRAM, AUDIENCE_NETWORK, WHATSAPP, THREADS",True,True,True,False,True,True,Brand/Category Page,True,False,False,2026-09-07,2026-09-06 07:00:00,2026-09-07 16:55:10.186478,1
1795538831464432,,True,2026-09-04 07:00:00,2026-09-06 07:00:00,Chemist Warehouse,Chemist Warehouse,New: Berry Jelly EDP,"Indulge in Viktor & Rolf's NEW Bonbon Berry Jelly fragrance, featuring rich raspberry and juicy blackcurrant.",Shop now,IMAGE,https://www.chemistwarehouse.com.au/buy/169199/viktor-rolf-bonbon-caramel-eau-de-parfum-50ml?utm_source=facebook&utm_medium=social&utm_campaign=au_cw_coop_facebook_social_lorealluxury_viktorrolf_542_2026_100048-bau_video-image&utm_term=traffic&utm_content=video-image_brand,www.chemistwarehouse.com.au,/buy/169199/viktor-rolf-bonbon-caramel-eau-de-parfum-50ml,facebook,social,au_cw_coop_facebook_social_lorealluxury_viktorrolf_542_2026_100048-bau_video-image,542,traffic,video-image_brand,Coop,Lorealluxury,Viktorrolf,2026,video-image,,,,,,"['FACEBOOK', 'INSTAGRAM', 'AUDIENCE_NETWORK', 'MESSENGER', 'WHATSAPP', 'THREADS']",au,cw,facebook,social,2026-W36,2026-09,"FACEBOOK, INSTAGRAM, AUDIENCE_NETWORK, MESSENGER, WHATSAPP, THREADS",True,True,True,True,True,True,SKU Product,True,False,False,2026-09-07,2026-09-04 07:00:00,2026-09-07 16:55:10.186478,3
2260506778038724,,True,2026-09-06 07:00:00,2026-09-06 07:00:00,Chemist Warehouse,Chemist Warehouse,Shop Bio‑Oil® Skincare Oil now at Chemist Warehouse!,Designed to improve the appearance of scars and stretch marks.,Shop now,IMAGE,https://www.chemistwarehouse.com.au/buy/53157/bio-oil-200ml,www.chemistwarehouse.com.au,/buy/53157/bio-oil-200ml,,,,,,,Not Specified,,,,,,,,,,"['FACEBOOK', 'INSTAGRAM', 'THREADS']",,,,,2026-W36,2026-09,"FACEBOOK, INSTAGRAM, THREADS",True,True,False,False,True,False,SKU Product,True,True,False,2026-09-07,2026-09-06 07:00:00,2026-09-07 16:55:10.186478,1
1380816813571085,,True,2026-09-06 07:00:00,2026-09-06 07:00:00,Chemist Warehouse,Chemist Warehouse,Save Big on Skincare,"Get up to 1/2 Price Off RRP selected Skincare products, including McPhersons, Dr. Lewinns, SKIN1004 + more!",Shop now,IMAGE,https://fb.com/canvas_doc/2055398385069354,fb.com,/canvas_doc/2055398385069354,,,,,,,Not Specified,,,,,,,,,,"['FACEBOOK', 'INSTAGRAM', 'AUDIENCE_NETWORK', 'MESSENGER', 'WHATSAPP', 'THREADS']",,,,,2026-W36,2026-09,"FACEBOOK, INSTAGRAM, AUDIENCE_NETWORK, MESSENGER, WHATSAPP, THREADS",True,True,True,True,True,True,Internal/App Page,True,False,False,2026-09-07,2026-09-06 07:00:00,2026-09-07 16:55:10.186478,1
4677313522592335,,True,2026-09-06 07:00:00,2026-09-06 07:00:00,Chemist Warehouse,Chemist Warehouse,Shop GO Healthy now at Chemist Warehouse!,Noticing changes in your sexual function? Try GO Healthy GO Man Plus Performance.,Shop now,IMAGE,https://www.chemistwarehouse.com.au/buy/98765/go-healthy-man-plus-performance-60-hard-capsules,www.chemistwarehouse.com.au,/buy/98765/go-healthy-man-plus-performance-60-hard-capsules,,,,,,,Not Specified,,,,,,,,,,"['FACEBOOK', 'INSTAGRAM', 'THREADS']",,,,,2026-W36,2026-09,"FACEBOOK, INSTAGRAM, THREADS",True,True,False,False,True,False,SKU Product,True,True,False,2026-09-07,2026-09-06 07:00:00,2026-09-07 16:55:10.186478,1
1998344084203593,,True,2026-09-06 07:00:00,2026-09-06 07:00:00,Chemist Warehouse,Chemist Warehouse,Footy Finals Sale,"Our Footy Finals Sale is here! Get up to 1/2 Price Off RRP selected Vitamins & Supplements, Cosmetics and More! 💥",Shop now,DCO,https://www.chemistwarehouse.com.au/?utm_source=facebook&utm_medium=social&utm_campaign=au_cw_house_facebook_social_chemistwarehouse_chemistwarehouse_0_sep26_200112-footyfinals_video-image&utm_term=traffic&utm_content=video-image_brand,www.chemistwarehouse.com.au,/,facebook,social,au_cw_house_facebook_social_chemistwarehouse_chemistwarehouse_0_sep26_200112-footyfinals_video-image,0,traffic,video-image_brand,House,Chemistwarehouse,Chemistwarehouse,sep26,video-image,Footy Finals Sale,"Our Footy Finals Sale is here! Get up to 1/2 Price Off RRP selected Vitamins & Supplements, Cosmetics and More! 💥",Shop Now,https://scontent.flim31-1.fna.fbcdn.net/v/t39.35426-6/790476249_1337055771562510_6902451289433016749_n.jpg?_nc_cat=100&ccb=1-7&_nc_sid=c53f8f&_nc_ohc=u2F45I3XungQ7kNvwFPV42p&_nc_oc=Adp5oUvzIL-oDEEaOuzKOYIXduQXekqETgUXQq9pVMPYJSe8LoKjzS-4gbqZZKRM-HM&_nc_zt=14&_nc_ht=scontent.flim31-1.fna&_nc_gid=L0jYu-t0DkG5bNZsIA97NQ&_nc_ss=7f180&oh=00_AQInbsCoH9Sh6GfbZUKQ2UcfuVqkT4B5x1DMN-xlOkr32Q&oe=6AA39BF2,,"['FACEBOOK', 'INSTAGRAM', 'AUDIENCE_NETWORK', 'MESSENGER', 'WHATSAPP', 'THREADS']",au,cw,facebook,social,2026-W36,2026-09,"FACEBOOK, INSTAGRAM, AUDIENCE_NETWORK, MESSENGER, WHATSAPP, THREADS",True,True,True,True,True,True,Homepage,True,False,False,2026-09-07,2026-09-06 07:00:00,2026-09-07 16:55:10.186478,1
1570002047310044,,True,2026-09-06 07:00:00,2026-09-06 07:00:00,Chemist Warehouse,Chemist Warehouse,Save Big on Fragrance,"Save on selected Fragrances products, including David Beckham, Yves Saint Laurent, Burberry + more!",Shop now,DCO,https://www.chemistwarehouse.com.au/shop-online/542/fragrances?utm_source=facebook&utm_medium=social&utm_campaign=au_cw_house_facebook_social_chemistwarehouse_chemistwarehouse_0_sep26_200112-footyfinals_video-image&utm_term=traffic&utm_content=video-image_brand,www.chemistwarehouse.com.au,/shop-online/542/fragrances,facebook,social,au_cw_house_facebook_social_chemistwarehouse_chemistwarehouse_0_sep26_200112-footyfinals_video-image,0,traffic,video-image_brand,House,Chemistwarehouse,Chemistwarehouse,sep26,video-image,Save Big on Fragrance,"Save on selected Fragrances products, including David Beckham, Yves Saint Laurent, Burberry + more!",Shop Now,https://scontent.flwo4-1.fna.fbcdn.net/v/t39.35426-6/788015713_1048979954436639_2704053523465436326_n.jpg?_nc_cat=109&ccb=1-7&_nc_sid=c53f8f&_nc_ohc=IAITwuJhUZEQ7kNvwH7ZaPv&_nc_oc=Adq6WSr1rVzsj0UQOYOMc8RKtyB5LdXeeYdCPmkTjrw5QfAVhOwx7MLi-Ku1u6XmkHs&_nc_zt=14&_nc_ht=scontent.flwo4-1.fna&_nc_gid=FxRUi-QbR6sy73_sAtnq0g&_nc_ss=7f289&oh=00_AQJfuG_O5szXUr54f6n4IMZKUnySFEfeNC9bzpbnZNMkMg&oe=6AA3B5A8,,"['FACEBOOK', 'INSTAGRAM', 'AUDIENCE_NETWORK', 'MESSENGER', 'WHATSAPP', 'THREADS']",au,cw,facebook,social,2026-W36,2026-09,"FACEBOOK, INSTAGRAM, AUDIENCE_NETWORK, MESSENGER, WHATSAPP, THREADS",True,True,True,True,True,True,Brand/Category Page,True,False,False,2026-09-07,2026-09-06 07:00:00,2026-09-07 16:55:10.186478,1
957948134002947,,True,2026-09-06 07:00:00,2026-09-06 07:00:00,Chemist Warehouse,Chemist Warehouse,Save Big on Fragrance,"Save on selected Fragrances products, including David Beckham, Yves Saint Laurent, Burberry + more!",Shop now,IMAGE,https://fb.com/canvas_doc/3882012181942054,fb.com,/canvas_doc/3882012181942054,,,,,,,Not Specified,,,,,,,,,,"['FACEBOOK', 'INSTAGRAM', 'AUDIENCE_NETWORK', 'MESSENGER', 'WHATSAPP', 'THREADS']",,,,,2026-W36,2026-09,"FACEBOOK, INSTAGRAM, AUDIENCE_NETWORK, MESSENGER, WHATSAPP, THREADS",True,True,True,True,True,True,Internal/App Page,True,False,False,2026-09-07,2026-09-06 07:00:00,2026-09-07 16:55:10.186478,1
1624018596060587,,True,2026-09-06 07:00:00,2026-09-06 07:00:00,Chemist Warehouse,Chemist Warehouse,Buy Blackmores on sale,Don't miss out! Shop Blackmores on half price off RRP Always read the label and follow the directions for use.,Shop now,DCO,https://www.chemistwarehouse.com.au/shop-online/513/blackmores?utm_source=facebook&utm_medium=social&utm_campaign=au_cw_oa_facebook_social_blackmoreslimited_blackmores_81_sep26_100336-oa_video-image&utm_term=traffic&utm_content=video-image_,www.chemistwarehouse.com.au,/shop-online/513/blackmores,facebook,social,au_cw_oa_facebook_social_blackmoreslimited_blackmores_81_sep26_100336-oa_video-image,81,traffic,video-image_,O&O,Blackmoreslimited,Blackmores,sep26,video-image,Buy Blackmores on sale,Don't miss out! Shop Blackmores on half price off RRP Always read the label and follow the directions for use.,Shop Now,https://scontent.flim31-1.fna.fbcdn.net/v/t39.35426-6/794230030_957293873346760_7211490106441361042_n.jpg?_nc_cat=101&ccb=1-7&_nc_sid=c53f8f&_nc_ohc=Aazw3T3L7UsQ7kNvwFe4Cbh&_nc_oc=AdoKVAbt-DbrgOppMW0nX-OqM1bqDd4TgT038X2KtnERVgQCUwi5tFrLNnY-j0PXRAY&_nc_zt=14&_nc_ht=scontent.flim31-1.fna&_nc_gid=L0jYu-t0DkG5bNZsIA97NQ&_nc_ss=7f180&oh=00_AQJ-WZMeP63k0r5w1Q9fT67dVgAGmuKQuHPqaFZmD5cV9w&oe=6AA3C794,,"['FACEBOOK', 'INSTAGRAM', 'AUDIENCE_NETWORK', 'WHATSAPP', 'THREADS']",au,cw,facebook,social,2026-W36,2026-09,"FACEBOOK, INSTAGRAM, AUDIENCE_NETWORK, WHATSAPP, THREADS",True,True,True,False,True,True,Brand/Category Page,True,False,False,2026-09-07,2026-09-06 07:00:00,2026-09-07 16:55:10.186478,1
1053110100683816,,True,2026-09-04 07:00:00,2026-09-06 07:00:00,Chemist Warehouse,Chemist Warehouse,New: Cola Fizz EDP,"Indulge in Viktor & Rolf's NEW Bonbon Cola Fizz, a sparkling zesty fragrance for decadent cravings.",Shop now,IMAGE,https://www.chemistwarehouse.com.au/buy/169198/viktor-rolf-bonbon-berry-eau-de-parfum-50ml?utm_source=facebook&utm_medium=social&utm_campaign=au_cw_coop_facebook_social_lorealluxury_viktorrolf_542_2026_100048-bau_video-image&utm_term=traffic&utm_content=video-image_brand,www.chemistwarehouse.com.au,/buy/169198/viktor-rolf-bonbon-berry-eau-de-parfum-50ml,facebook,social,au_cw_coop_facebook_social_lorealluxury_viktorrolf_542_2026_100048-bau_video-image,542,traffic,video-image_brand,Coop,Lorealluxury,Viktorrolf,2026,video-image,,,,,,"['FACEBOOK', 'INSTAGRAM', 'AUDIENCE_NETWORK', 'MESSENGER', 'WHATSAPP', 'THREADS']",au,cw,facebook,social,2026-W36,2026-09,"FACEBOOK, INSTAGRAM, AUDIENCE_NETWORK, MESSENGER, WHATSAPP, THREADS",True,True,True,True,True,True,SKU Product,True,False,False,2026-09-07,2026-09-04 07:00:00,2026-09-07 16:55:10.186478,3
1839062360415453,,True,2026-09-06 07:00:00,2026-09-06 07:00:00,Chemist Warehouse,Chemist Warehouse,Save Big on Baby,"Get up to 1/2 Price off RRP on selected Baby products, including Huggies, b.box, WaterWipes + more!",Shop now,DCO,https://www.chemistwarehouse.com.au/shop-online/20/baby-care?utm_source=facebook&utm_medium=social&utm_campaign=au_cw_house_facebook_social_chemistwarehouse_chemistwarehouse_0_sep26_200112-footyfinals_video-image&utm_term=traffic&utm_content=video-image_brand,www.chemistwarehouse.com.au,/shop-online/20/baby-care,facebook,social,au_cw_house_facebook_social_chemistwarehouse_chemistwarehouse_0_sep26_200112-footyfinals_video-image,0,traffic,video-image_brand,House,Chemistwarehouse,Chemistwarehouse,sep26,video-image,Save Big on Baby,"Get up to 1/2 Price off RRP on selected Baby products, including Huggies, b.box, WaterWipes + more!",Shop Now,https://scontent.flim31-1.fna.fbcdn.net/v/t39.35426-6/790509774_1452861976889379_1362732380618170814_n.jpg?_nc_cat=100&ccb=1-7&_nc_sid=c53f8f&_nc_ohc=0-iJjtjoeu8Q7kNvwEjvJ7N&_nc_oc=AdrngcDczx2nSJMQ-Mts0mSQH27iwV32r88EOlV4axxNe7Q1QPpmYJ2mQQxErAkUTZc&_nc_zt=14&_nc_ht=scontent.flim31-1.fna&_nc_gid=L0jYu-t0DkG5bNZsIA97NQ&_nc_ss=7f180&oh=00_AQI0WaiL7L64QKZvwGLyXvixZvi-oJwtg-B5wgjUREMZlA&oe=6AA3BF1E,,"['FACEBOOK', 'INSTAGRAM', 'AUDIENCE_NETWORK', 'MESSENGER', 'WHATSAPP', 'THREADS']",au,cw,facebook,social,2026-W36,2026-09,"FACEBOOK, INSTAGRAM, AUDIENCE_NETWORK, MESSENGER, WHATSAPP, THREADS",True,True,True,True,True,True,Brand/Category Page,True,False,False,2026-09-07,2026-09-06 07:00:00,2026-09-07 16:55:10.186478,1
2633063770478767,,True,2026-09-06 07:00:00,2026-09-06 07:00:00,Chemist Warehouse,Chemist Warehouse,Save Big on Sports Nutrition,"Get up to 1/2 Price Off RRP selected Sports Nutrition products, including BSc, Musashi, INC & more!",Shop now,IMAGE,https://fb.com/canvas_doc/2290868385078855,fb.com,/canvas_doc/2290868385078855,,,,,,,Not Specified,,,,,,,,,,"['FACEBOOK', 'INSTAGRAM', 'AUDIENCE_NETWORK', 'MESSENGER', 'WHATSAPP', 'THREADS']",,,,,2026-W36,2026-09,"FACEBOOK, INSTAGRAM, AUDIENCE_NETWORK, MESSENGER, WHATSAPP, THREADS",True,True,True,True,True,True,Internal/App Page,True,False,False,2026-09-07,2026-09-06 07:00:00,2026-09-07 16:55:10.186478,1
1694089471666273,,True,2026-09-06 07:00:00,2026-09-06 07:00:00,Chemist Warehouse,Chemist Warehouse,Footy Finals Sale,"Our Footy Finals Sale is here! Get up to 1/2 Price Off RRP selected Vitamins & Supplements, Cosmetics and More! 💥",Shop now,IMAGE,https://fb.com/canvas_doc/1077951944637817,fb.com,/canvas_doc/1077951944637817,,,,,,,Not Specified,,,,,,,,,,"['FACEBOOK', 'INSTAGRAM', 'AUDIENCE_NETWORK', 'MESSENGER', 'WHATSAPP', 'THREADS']",,,,,2026-W36,2026-09,"FACEBOOK, INSTAGRAM, AUDIENCE_NETWORK, MESSENGER, WHATSAPP, THREADS",True,True,True,True,True,True,Internal/App Page,True,False,False,2026-09-07,2026-09-06 07:00:00,2026-09-07 16:55:10.186478,1
1082198751219950,,True,2026-09-06 07:00:00,2026-09-06 07:00:00,Chemist Warehouse,Chemist Warehouse,Save Big on Cosmetics,"Get 1/2 Price off RRP on selected Cosmetics products, including Rimmel London, L'Oreal Paris, Nude by Nature + more!",Shop now,IMAGE,https://fb.com/canvas_doc/1968409350783979,fb.com,/canvas_doc/1968409350783979,,,,,,,Not Specified,,,,,,,,,,"['FACEBOOK', 'INSTAGRAM', 'AUDIENCE_NETWORK', 'MESSENGER', 'WHATSAPP', 'THREADS']",,,,,2026-W36,2026-09,"FACEBOOK, INSTAGRAM, AUDIENCE_NETWORK, MESSENGER, WHATSAPP, THREADS",True,True,True,True,True,True,Internal/App Page,True,False,False,2026-09-07,2026-09-06 07:00:00,2026-09-07 16:55:10.186478,1
1328110949179891,,True,2026-09-06 07:00:00,2026-09-06 07:00:00,Chemist Warehouse,Chemist Warehouse,Save Big on Haircare,"Get up to 40% Off RRP selected Hair Care products, including Pantene, Mimi Kids, Revlon + more!",Shop now,IMAGE,https://fb.com/canvas_doc/2177692469795541,fb.com,/canvas_doc/2177692469795541,,,,,,,Not Specified,,,,,,,,,,"['FACEBOOK', 'INSTAGRAM', 'AUDIENCE_NETWORK', 'MESSENGER', 'WHATSAPP', 'THREADS']",,,,,2026-W36,2026-09,"FACEBOOK, INSTAGRAM, AUDIENCE_NETWORK, MESSENGER, WHATSAPP, THREADS",True,True,True,True,True,True,Internal/App Page,True,False,False,2026-09-07,2026-09-06 07:00:00,2026-09-07 16:55:10.186478,1
1418914443450948,,True,2026-09-06 07:00:00,2026-09-06 07:00:00,Chemist Warehouse,Chemist Warehouse,Save Big on Sports Nutrition,"Get up to 1/2 Price Off RRP selected Sports Nutrition products, including BSc, Musashi, INC & more!",Shop now,DCO,https://www.chemistwarehouse.com.au/shop-online/1255/sports-nutrition?utm_source=facebook&utm_medium=social&utm_campaign=au_cw_house_facebook_social_chemistwarehouse_chemistwarehouse_0_sep26_200112-footyfinals_video-image&utm_term=traffic&utm_content=video-image_brand,www.chemistwarehouse.com.au,/shop-online/1255/sports-nutrition,facebook,social,au_cw_house_facebook_social_chemistwarehouse_chemistwarehouse_0_sep26_200112-footyfinals_video-image,0,traffic,video-image_brand,House,Chemistwarehouse,Chemistwarehouse,sep26,video-image,Save Big on Sports Nutrition,"Get up to 1/2 Price Off RRP selected Sports Nutrition products, including BSc, Musashi, INC & more!",Shop Now,https://scontent.flim31-1.fna.fbcdn.net/v/t39.35426-6/791227722_2047299576152184_6203844869131203205_n.jpg?_nc_cat=107&ccb=1-7&_nc_sid=c53f8f&_nc_ohc=a73KCt-XMdYQ7kNvwFb8591&_nc_oc=AdrcVOJCplhJ10gpE5pqEidu5p4eIapcO7FCOK8bRx1pvNebgKWCmhQlKlrXxoc_Hbs&_nc_zt=14&_nc_ht=scontent.flim31-1.fna&_nc_gid=L0jYu-t0DkG5bNZsIA97NQ&_nc_ss=7f180&oh=00_AQIAQS_B5nZoRRRFsP_u93s78i4ERas0vNOY2k0dZHTmpQ&oe=6AA3B00E,,"['FACEBOOK', 'INSTAGRAM', 'AUDIENCE_NETWORK', 'MESSENGER', 'WHATSAPP', 'THREADS']",au,cw,facebook,social,2026-W36,2026-09,"FACEBOOK, INSTAGRAM, AUDIENCE_NETWORK, MESSENGER, WHATSAPP, THREADS",True,True,True,True,True,True,Brand/Category Page,True,False,False,2026-09-07,2026-09-06 07:00:00,2026-09-07 16:55:10.186478,1
2256762795103666,,True,2026-09-06 07:00:00,2026-09-06 07:00:00,Chemist Warehouse,Chemist Warehouse,Save Big on Vitamins & Supplements,"Get up to 1/2 Price Off RRP selected Vitamins & Supplements products, including Swisse, Blackmores, VOOST & more!",Shop now,DCO,https://www.chemistwarehouse.com.au/shop-online/81/vitamins-supplements?utm_source=facebook&utm_medium=social&utm_campaign=au_cw_house_facebook_social_chemistwarehouse_chemistwarehouse_0_sep26_200112-footyfinals_video-image&utm_term=traffic&utm_content=video-image_brand,www.chemistwarehouse.com.au,/shop-online/81/vitamins-supplements,facebook,social,au_cw_house_facebook_social_chemistwarehouse_chemistwarehouse_0_sep26_200112-footyfinals_video-image,0,traffic,video-image_brand,House,Chemistwarehouse,Chemistwarehouse,sep26,video-image,Save Big on Vitamins & Supplements,"Get up to 1/2 Price Off RRP selected Vitamins & Supplements products, including Swisse, Blackmores, VOOST & more!",Shop Now,https://scontent.flim31-1.fna.fbcdn.net/v/t39.35426-6/791563833_2337996366608397_1761993232105112686_n.jpg?_nc_cat=111&ccb=1-7&_nc_sid=c53f8f&_nc_ohc=W_tVfKORyLcQ7kNvwHkIANW&_nc_oc=Adoxvv-wknmyFVby2eAYlI-__D-Afn8e-0Hu3-oA_GJhl2W2hIRHMsmyzAuakbMW0ac&_nc_zt=14&_nc_ht=scontent.flim31-1.fna&_nc_gid=L0jYu-t0DkG5bNZsIA97NQ&_nc_ss=7f180&oh=00_AQJclyRtRWTgDn3lHmSaiBfAT84oRf8MDA4JEq_KWl_o9A&oe=6AA3A416,,"['FACEBOOK', 'INSTAGRAM', 'AUDIENCE_NETWORK', 'MESSENGER', 'WHATSAPP', 'THREADS']",au,cw,facebook,social,2026-W36,2026-09,"FACEBOOK, INSTAGRAM, AUDIENCE_NETWORK, MESSENGER, WHATSAPP, THREADS",True,True,True,True,True,True,Brand/Category Page,True,False,False,2026-09-07,2026-09-06 07:00:00,2026-09-07 16:55:10.186478,1
1048275164740255,,True,2026-09-06 07:00:00,2026-09-06 07:00:00,Chemist Warehouse,Chemist Warehouse,Save Big on Hair Care,"Get up to 40% Off RRP selected Hair Care products, including Pantene, Mimi Kids, Revlon + more!",Shop now,DCO,https://www.chemistwarehouse.com.au/shop-online/129/hair-care?utm_source=facebook&utm_medium=social&utm_campaign=au_cw_house_facebook_social_chemistwarehouse_chemistwarehouse_0_sep26_200112-footyfinals_video-image&utm_term=traffic&utm_content=video-image_brand,www.chemistwarehouse.com.au,/shop-online/129/hair-care,facebook,social,au_cw_house_facebook_social_chemistwarehouse_chemistwarehouse_0_sep26_200112-footyfinals_video-image,0,traffic,video-image_brand,House,Chemistwarehouse,Chemistwarehouse,sep26,video-image,Save Big on Hair Care,"Get up to 40% Off RRP selected Hair Care products, including Pantene, Mimi Kids, Revlon + more!",Shop Now,https://scontent.flim31-1.fna.fbcdn.net/v/t39.35426-6/791943893_1379683783795502_5047169399510538001_n.jpg?_nc_cat=101&ccb=1-7&_nc_sid=c53f8f&_nc_ohc=QNQh_C1IKmgQ7kNvwE9859U&_nc_oc=AdqW7iSLpw9MRqV01IsWa_OL3tZlnA31hU7TwXRRGDQlspnpL7VtfOEmKkm1QuyQ6kE&_nc_zt=14&_nc_ht=scontent.flim31-1.fna&_nc_gid=L0jYu-t0DkG5bNZsIA97NQ&_nc_ss=7f180&oh=00_AQJDghovPsKc33HfEJuI2HfnLJ5m6bROZ8JjRXM4-iMd0Q&oe=6AA3CD1D,,"['FACEBOOK', 'INSTAGRAM', 'AUDIENCE_NETWORK', 'MESSENGER', 'WHATSAPP', 'THREADS']",au,cw,facebook,social,2026-W36,2026-09,"FACEBOOK, INSTAGRAM, AUDIENCE_NETWORK, MESSENGER, WHATSAPP, THREADS",True,True,True,True,True,True,Brand/Category Page,True,False,False,2026-09-07,2026-09-06 07:00:00,2026-09-07 16:55:10.186478,1
2038790573464562,,True,2026-09-06 07:00:00,2026-09-06 07:00:00,Chemist Warehouse,Chemist Warehouse,Save Big on Skincare,"Get up to 1/2 Price Off RRP selected Skincare products, including McPhersons, Dr. Lewinns, SKIN1004 + more!",Shop now,DCO,https://www.chemistwarehouse.com.au/shop-online/665/skin-care?utm_source=facebook&utm_medium=social&utm_campaign=au_cw_house_facebook_social_chemistwarehouse_chemistwarehouse_0_sep26_200112-footyfinals_video-image&utm_term=traffic&utm_content=video-image_brand,www.chemistwarehouse.com.au,/shop-online/665/skin-care,facebook,social,au_cw_house_facebook_social_chemistwarehouse_chemistwarehouse_0_sep26_200112-footyfinals_video-image,0,traffic,video-image_brand,House,Chemistwarehouse,Chemistwarehouse,sep26,video-image,Save Big on Skincare,"Get up to 1/2 Price Off RRP selected Skincare products, including McPhersons, Dr. Lewinns, SKIN1004 + more!",Shop Now,https://scontent.flim31-1.fna.fbcdn.net/v/t39.35426-6/787021618_29096315189969411_2933578552805447908_n.jpg?_nc_cat=110&ccb=1-7&_nc_sid=c53f8f&_nc_ohc=y9LerTNAMcwQ7kNvwHfMhkb&_nc_oc=AdqzkviPuRgcf2OAGBZHzU-vKHPG-MzxcKOD-Z-Wrj9myc4jeuyhNX1F2HIdQpjEOLI&_nc_zt=14&_nc_ht=scontent.flim31-1.fna&_nc_gid=L0jYu-t0DkG5bNZsIA97NQ&_nc_ss=7f180&oh=00_AQJjIHzqRScWZvlUfAsIMJ_AURbdnaKTOZfnAry__pJvsA&oe=6AA3AF5C,,"['FACEBOOK', 'INSTAGRAM', 'AUDIENCE_NETWORK', 'MESSENGER', 'WHATSAPP', 'THREADS']",au,cw,facebook,social,2026-W36,2026-09,"FACEBOOK, INSTAGRAM, AUDIENCE_NETWORK, MESSENGER, WHATSAPP, THREADS",True,True,True,True,True,True,Brand/Category Page,True,False,False,2026-09-07,2026-09-06 07:00:00,2026-09-07 16:55:10.186478,1
1438770144809375,,True,2026-09-06 07:00:00,2026-09-06 07:00:00,Chemist Warehouse,Chemist Warehouse,Save Big on Oral Care,"Get up to 1/2 Price Off RRP selected Oral Care products, including Colgate, Polident, Oral B + more!",Shop now,IMAGE,https://fb.com/canvas_doc/1441729474441720,fb.com,/canvas_doc/1441729474441720,,,,,,,Not Specified,,,,,,,,,,"['FACEBOOK', 'INSTAGRAM', 'AUDIENCE_NETWORK', 'MESSENGER', 'WHATSAPP', 'THREADS']",,,,,2026-W36,2026-09,"FACEBOOK, INSTAGRAM, AUDIENCE_NETWORK, MESSENGER, WHATSAPP, THREADS",True,True,True,True,True,True,Internal/App Page,True,False,False,2026-09-07,2026-09-06 07:00:00,2026-09-07 16:55:10.186478,1
27728843080129101,,True,2026-09-06 07:00:00,2026-09-06 07:00:00,Chemist Warehouse,Chemist Warehouse,Save Big on Vitamins,"Get up to 1/2 Price Off RRP selected Vitamins & Supplements products, including Swisse, Blackmores, VOOST & more!",Shop now,IMAGE,https://fb.com/canvas_doc/2157961431824524,fb.com,/canvas_doc/2157961431824524,,,,,,,Not Specified,,,,,,,,,,"['FACEBOOK', 'INSTAGRAM', 'AUDIENCE_NETWORK', 'MESSENGER', 'WHATSAPP', 'THREADS']",,,,,2026-W36,2026-09,"FACEBOOK, INSTAGRAM, AUDIENCE_NETWORK, MESSENGER, WHATSAPP, THREADS",True,True,True,True,True,True,Internal/App Page,True,False,False,2026-09-07,2026-09-06 07:00:00,2026-09-07 16:55:10.186478,1
1610179050680232,,True,2026-09-06 07:00:00,2026-09-06 07:00:00,Chemist Warehouse,Chemist Warehouse,Ready to upgrade your magnesium routine?,"Discover JSHealth Advanced Magnesium+, with 402 mg of quality, triple-form magnesium per daily dose to support muscle relaxation and nervous system function. Available now at Chemist Warehouse.",Shop now,VIDEO,https://www.chemistwarehouse.com.au/buy/124789/jshealth-advanced-magnesium-60-tablets?utm_source=facebook&utm_medium=social&utm_campaign=au_cw_coop_facebook_social_jshealthvitamins_jshealth_81_jan26_100007-influencer_video&utm_term=traffic&utm_content=video_instore,www.chemistwarehouse.com.au,/buy/124789/jshealth-advanced-magnesium-60-tablets,facebook,social,au_cw_coop_facebook_social_jshealthvitamins_jshealth_81_jan26_100007-influencer_video,81,traffic,video_instore,Coop,Jshealthvitamins,Jshealth,jan26,video,,,,,,"['FACEBOOK', 'INSTAGRAM', 'MESSENGER', 'THREADS']",au,cw,facebook,social,2026-W36,2026-09,"FACEBOOK, INSTAGRAM, MESSENGER, THREADS",True,True,False,True,True,False,SKU Product,True,True,False,2026-09-07,2026-09-06 07:00:00,2026-09-07 16:55:10.186478,1
1113297121632921,2131156854451506,True,2026-09-05 07:00:00,2026-09-06 07:00:00,Chemist Warehouse,Chemist Warehouse,Shop now at Chemist Warehouse!,Shop now at Chemist Warehouse!,Shop now,DCO,https://www.chemistwarehouse.com.au/shop-online/81/vitamins-supplements,www.chemistwarehouse.com.au,/shop-online/81/vitamins-supplements,,,,,,,Not Specified,,,,,Shop now at Chemist Warehouse!,Shop now at Chemist Warehouse!,Shop Now,https://scontent.flim31-1.fna.fbcdn.net/v/t39.35426-6/793457725_1412816120777643_9141215613834463337_n.jpg?_nc_cat=100&ccb=1-7&_nc_sid=c53f8f&_nc_ohc=2M7MEogY2LIQ7kNvwEAHCpp&_nc_oc=AdrEY2YsaKBs_PX7PJA-DhDGrY1XM2mIdGWmcYARq7XKYwXiF-9GCS8vn7_UvcTHLSI&_nc_zt=14&_nc_ht=scontent.flim31-1.fna&_nc_gid=L0jYu-t0DkG5bNZsIA97NQ&_nc_ss=7f180&oh=00_AQLwxcZcx62ZSzx_fBJORMIAYcLh2GYBcFzJ7PADaSuseQ&oe=6AA3CD14,,"['FACEBOOK', 'INSTAGRAM', 'WHATSAPP', 'THREADS']",,,,,2026-W36,2026-09,"FACEBOOK, INSTAGRAM, WHATSAPP, THREADS",True,True,False,False,True,True,Brand/Category Page,True,True,False,2026-09-07,2026-09-05 07:00:00,2026-09-07 16:55:10.186478,2
1686647119769473,2218782392247183,True,2026-09-05 07:00:00,2026-09-06 07:00:00,Chemist Warehouse,Chemist Warehouse,Shop now at Chemist Warehouse!,Shop now at Chemist Warehouse!,Shop now,DCO,https://www.chemistwarehouse.com.au/shop-online/648/cosmetics,www.chemistwarehouse.com.au,/shop-online/648/cosmetics,,,,,,,Not Specified,,,,,Shop now at Chemist Warehouse!,Shop now at Chemist Warehouse!,Shop Now,https://scontent.flim31-1.fna.fbcdn.net/v/t39.35426-6/797873373_1671443407660962_1741538956527449602_n.jpg?_nc_cat=107&ccb=1-7&_nc_sid=c53f8f&_nc_ohc=gzwNXvyHg0AQ7kNvwH3LV2I&_nc_oc=AdpOGFSYAbyp79LSxFfPOZqj7SkrObHcYGHrVpfWilyshqoBeUpmM3VT7gzHbONKMBs&_nc_zt=14&_nc_ht=scontent.flim31-1.fna&_nc_gid=L0jYu-t0DkG5bNZsIA97NQ&_nc_ss=7f180&oh=00_AQKpCklmXlabPawEeIDm3gpz3QSSa7tvacl2ie2pUpdQAw&oe=6AA3BCF4,,"['FACEBOOK', 'INSTAGRAM', 'WHATSAPP', 'THREADS']",,,,,2026-W36,2026-09,"FACEBOOK, INSTAGRAM, WHATSAPP, THREADS",True,True,False,False,True,True,Brand/Category Page,True,True,False,2026-09-07,2026-09-05 07:00:00,2026-09-07 16:55:10.186478,2
1365896298962759,,True,2026-09-05 07:00:00,2026-09-06 07:00:00,Chemist Warehouse,Chemist Warehouse,"Your sport, your BOOST!","TRY NEW VOOST SPORTS STICK PACKS!
Always read the label and follow the directions for use",Shop now,DCO,https://www.chemistwarehouse.com.au/shop-online/2368/voost?utm_source=facebook&utm_medium=social&utm_campaign=au_cw_oa_facebook_social_proctergambleaustralia_voost_258_2026_100733-oa_video-image&utm_term=conversion&utm_content=video-image_all,www.chemistwarehouse.com.au,/shop-online/2368/voost,facebook,social,au_cw_oa_facebook_social_proctergambleaustralia_voost_258_2026_100733-oa_video-image,258,conversion,video-image_all,O&O,Proctergambleaustralia,Voost,2026,video-image,"Your sport, your BOOST!","TRY NEW VOOST SPORTS STICK PACKS!
Always read the label and follow the directions for use",Shop Now,https://scontent.flim31-1.fna.fbcdn.net/v/t39.35426-6/793001875_1703995277342981_5350881221083816371_n.jpg?_nc_cat=105&ccb=1-7&_nc_sid=c53f8f&_nc_ohc=sV8tXmCgCIAQ7kNvwEREPmF&_nc_oc=AdqP_HEZQrlu53G1eRZyFVMXNFOFM8CJYaEjv9hS_J1IKwM4Qr9fyZ3KehWinZbfccE&_nc_zt=14&_nc_ht=scontent.flim31-1.fna&_nc_gid=L0jYu-t0DkG5bNZsIA97NQ&_nc_ss=7f180&oh=00_AQJYx1A72i2lFCLo_tasR4IPcIZdDwr0vVqYbnQsr0I4cw&oe=6AA3AB5E,,"['FACEBOOK', 'INSTAGRAM', 'MESSENGER', 'THREADS']",au,cw,facebook,social,2026-W36,2026-09,"FACEBOOK, INSTAGRAM, MESSENGER, THREADS",True,True,False,True,True,False,Brand/Category Page,True,False,False,2026-09-07,2026-09-05 07:00:00,2026-09-07 16:55:10.186478,2
1705025680557617,,True,2026-09-05 07:00:00,2026-09-06 07:00:00,Chemist Warehouse,Chemist Warehouse,"Your sport, your BOOST!","TRY NEW VOOST SPORTS STICK PACKS!
Always read the label and follow the directions for use",Shop now,DCO,https://www.chemistwarehouse.com.au/shop-online/2368/voost?utm_source=facebook&utm_medium=social&utm_campaign=au_cw_oa_facebook_social_proctergambleaustralia_voost_258_2026_100733-oa_video-image&utm_term=traffic&utm_content=video-image_all,www.chemistwarehouse.com.au,/shop-online/2368/voost,facebook,social,au_cw_oa_facebook_social_proctergambleaustralia_voost_258_2026_100733-oa_video-image,258,traffic,video-image_all,O&O,Proctergambleaustralia,Voost,2026,video-image,"Your sport, your BOOST!","TRY NEW VOOST SPORTS STICK PACKS!
Always read the label and follow the directions for use",Shop Now,,https://video.flim31-1.fna.fbcdn.net/o1/v/t2/f2/m366/AQMQpO7NIV6QKXhP5_MocXjnjmycTNtWqWTU5Q1dFzEC7n7W79BOpKLHQRNBlk3-GrwrKtAIzmbK7tBVW0VZu2f8gs7URzHFa3rwTYpbKjeE7Q.mp4?_nc_cat=101&_nc_oc=Adrz_f_csmRG5jdqSFtTaBTkW0jzxoFWpYUCO1JO1dJs-BNGH5rWPgpSERtlY1qNBsA&_nc_sid=b66105&_nc_ht=video.flim31-1.fna.fbcdn.net&_nc_ohc=kuhpfqIlJDIQ7kNvwG69ero&efg=eyJ2ZW5jb2RlX3RhZyI6Inhwdl9wcm9ncmVzc2l2ZS5WSV9VU0VDQVNFX1BST0RVQ1RfVFlQRS4uQzMuMTI4MC5kYXNoX2gyNjQtYmFzaWMtZ2VuMl83MjBwIiwieHB2X2Fzc2V0X2lkIjoxNDQ2MjI2MDEzOTg3MDk2LCJhc3NldF9hZ2VfZGF5cyI6MiwidmlfdXNlY2FzZV9pZCI6MTA3OTksImR1cmF0aW9uX3MiOjMwLCJ1cmxnZW5fc291cmNlIjoid3d3In0%3D&ccb=17-1&vs=75f3a8021b5943cb&_nc_vs=HBksFQIYRWZiX2VwaGVtZXJhbC83RDQzMjRFNjBDNjFBMjE5NDIzRDMxNUVCMjdFNDA4Ql9tdF8xX3ZpZGVvX2Rhc2hpbml0Lm1wNBUAAsgBEgAVAhhAZmJfcGVybWFuZW50LzQzNDRFMUNDNzQxQzgzNkM2MkE2MzU3NkY3RjRGODg3X2F1ZGlvX2Rhc2hpbml0Lm1wNBUCAsgBEgAoABgAGwKIB3VzZV9vaWwBMRJwcm9ncmVzc2l2ZV9yZWNpcGUBMRUAACawhKG9t9WRBRUCKAJDMywXQD4AAAAAAAAYGWRhc2hfaDI2NC1iYXNpYy1nZW4yXzcyMHARAHUAZd6oAQA&_nc_gid=L0jYu-t0DkG5bNZsIA97NQ&_nc_ss=7f180&_nc_zt=28&oh=00_AQIfWADZ7--rxuZgVPpvhXepXwOSs9rCidp4xzOUNYrEVg&oe=6AA3A2C7,"['FACEBOOK', 'INSTAGRAM', 'MESSENGER', 'WHATSAPP', 'THREADS']",au,cw,facebook,social,2026-W36,2026-09,"FACEBOOK, INSTAGRAM, MESSENGER, WHATSAPP, THREADS",True,True,False,True,True,True,Brand/Category Page,True,False,False,2026-09-07,2026-09-05 07:00:00,2026-09-07 16:55:10.186478,2
1846535433180762,,True,2026-09-05 07:00:00,2026-09-06 07:00:00,Chemist Warehouse,Chemist Warehouse,"Your sport, your BOOST!","TRY NEW VOOST SPORTS STICK PACKS!
Always read the label and follow the directions for use",Shop now,DCO,https://www.chemistwarehouse.com.au/shop-online/2368/voost?utm_source=facebook&utm_medium=social&utm_campaign=au_cw_oa_facebook_social_proctergambleaustralia_voost_258_2026_100733-oa_video-image&utm_term=traffic&utm_content=video-image_all,www.chemistwarehouse.com.au,/shop-online/2368/voost,facebook,social,au_cw_oa_facebook_social_proctergambleaustralia_voost_258_2026_100733-oa_video-image,258,traffic,video-image_all,O&O,Proctergambleaustralia,Voost,2026,video-image,"Your sport, your BOOST!","TRY NEW VOOST SPORTS STICK PACKS!
Always read the label and follow the directions for use",Shop Now,,https://video.flim31-1.fna.fbcdn.net/o1/v/t2/f2/m366/AQPdmRNQnzIwntTfIvYZgwKJiCW2MWstBdsPi64tan9YTes3eLdTlXiw0sgBkulhaCoe1KpbqyXY5qzcnHN60N5dTwpqjtVpEw3Zh6IAdyIMQQ.mp4?_nc_cat=110&_nc_oc=Adrqqv_59zqHj6qwiCwpe8fYpD3l9MF04OgrGcOaHnpFW4yPx_bYLwbhFi46_Ga6Nxo&_nc_sid=b66105&_nc_ht=video.flim31-1.fna.fbcdn.net&_nc_ohc=1U3zRlgbENIQ7kNvwEUOMi-&efg=eyJ2ZW5jb2RlX3RhZyI6Inhwdl9wcm9ncmVzc2l2ZS5WSV9VU0VDQVNFX1BST0RVQ1RfVFlQRS4uQzMuMTI4MC5kYXNoX2gyNjQtYmFzaWMtZ2VuMl83MjBwIiwieHB2X2Fzc2V0X2lkIjoxMDgwODI1OTA0NjYxMzM3LCJhc3NldF9hZ2VfZGF5cyI6MiwidmlfdXNlY2FzZV9pZCI6MTA3OTksImR1cmF0aW9uX3MiOjE1LCJ1cmxnZW5fc291cmNlIjoid3d3In0%3D&ccb=17-1&vs=7f10a921044d8731&_nc_vs=HBksFQIYRWZiX2VwaGVtZXJhbC9CQjQwRDJDNDMzNzVDMzlBMTZBNjRCQUJDODM5NEY4MF9tdF8xX3ZpZGVvX2Rhc2hpbml0Lm1wNBUAAsgBEgAVAhhAZmJfcGVybWFuZW50L0RFNDk3Q0JERDM0Rjc5QzY3NEMwMkU5MEYxMzhBQjkyX2F1ZGlvX2Rhc2hpbml0Lm1wNBUCAsgBEgAoABgAGwKIB3VzZV9vaWwBMRJwcm9ncmVzc2l2ZV9yZWNpcGUBMRUAACayjeTBrMDrAxUCKAJDMywXQC4AAAAAAAAYGWRhc2hfaDI2NC1iYXNpYy1nZW4yXzcyMHARAHUAZd6oAQA&_nc_gid=L0jYu-t0DkG5bNZsIA97NQ&_nc_ss=7f180&_nc_zt=28&oh=00_AQKgs7pS4hRy-wWtq7bFmT3tJGta5a3irKnsFfA_vg6ReQ&oe=6AA3990E,"['FACEBOOK', 'INSTAGRAM', 'MESSENGER', 'WHATSAPP', 'THREADS']",au,cw,facebook,social,2026-W36,2026-09,"FACEBOOK, INSTAGRAM, MESSENGER, WHATSAPP, THREADS",True,True,False,True,True,True,Brand/Category Page,True,False,False,2026-09-07,2026-09-05 07:00:00,2026-09-07 16:55:10.186478,2
1402353575196245,2486121985199880,True,2026-09-04 07:00:00,2026-09-06 07:00:00,Chemist Warehouse,Chemist Warehouse,Shop Naprogesic now at Chemist Warehouse.,Period pain? Keep Naprogesic in your bag for when you need it! 🤍,Shop now,DCO,http://www.chemistwarehouse.com.au/shop-online/705682/naprogesic?utm_source=facebook&utm_medium=social&utm_campaign=au_cw_oa_facebook_social_bayeraustralialtd_naprogesic_81_sep26_100137-social_video-image&utm_term=reach&utm_content=video-image_,www.chemistwarehouse.com.au,/shop-online/705682/naprogesic,facebook,social,au_cw_oa_facebook_social_bayeraustralialtd_naprogesic_81_sep26_100137-social_video-image,81,reach,video-image_,O&O,Bayeraustralialtd,Naprogesic,sep26,video-image,Shop Naprogesic now at Chemist Warehouse. ,Period pain? Keep Naprogesic in your bag for when you need it! 🤍,Shop Now,,https://video.flim31-1.fna.fbcdn.net/o1/v/t2/f2/m366/AQM1epyIBTfPZqm3PSy1TTLICS0-Y8wi0mxx84MPw7quE9I0Yx7-sFO7bDAb6E3bs6Kc7mQRfgxn77zeDWdxf3DwAoeoNQ3PIrjEWa-pqvka5w.mp4?_nc_cat=108&_nc_oc=AdpAAb_69bNtkP_JsEFwjwr7t9dcxThBcOKp9mOCs-mPXEihVsO-0KoLLyXX4a814w4&_nc_sid=b66105&_nc_ht=video.flim31-1.fna.fbcdn.net&_nc_ohc=t-3TK9PELCIQ7kNvwGMaGSu&efg=eyJ2ZW5jb2RlX3RhZyI6Inhwdl9wcm9ncmVzc2l2ZS5WSV9VU0VDQVNFX1BST0RVQ1RfVFlQRS4uQzMuNzIwLmRhc2hfaDI2NC1iYXNpYy1nZW4yXzcyMHAiLCJ4cHZfYXNzZXRfaWQiOjEwNDI4Mjg2Mjg2MjQ1OTYsImFzc2V0X2FnZV9kYXlzIjoxMSwidmlfdXNlY2FzZV9pZCI6MTA3OTksImR1cmF0aW9uX3MiOjMwLCJ1cmxnZW5fc291cmNlIjoid3d3In0%3D&ccb=17-1&vs=3ab5cf20ad168034&_nc_vs=HBksFQIYRWZiX2VwaGVtZXJhbC8zRjQzMkJDMjYxMDAxRTIyNzVENTIzNTJGRDdEMTU4OF9tdF8xX3ZpZGVvX2Rhc2hpbml0Lm1wNBUAAsgBEgAVAhhAZmJfcGVybWFuZW50L0ExNENENzU0RTE3ODZDNjhBMEJGNDMwNkVDNURFOEIzX2F1ZGlvX2Rhc2hpbml0Lm1wNBUCAsgBEgAoABgAGwKIB3VzZV9vaWwBMRJwcm9ncmVzc2l2ZV9yZWNpcGUBMRUAACaok8TfzpzaAxUCKAJDMywXQD6ZmZmZmZoYGWRhc2hfaDI2NC1iYXNpYy1nZW4yXzcyMHARAHUAZd6oAQA&_nc_gid=L0jYu-t0DkG5bNZsIA97NQ&_nc_ss=7f180&_nc_zt=28&oh=00_AQLTCxR6hY9v3E_8K_osOjY_8roaxl21uewpsfkW-zNH8Q&oe=6AA3B84C,"['FACEBOOK', 'INSTAGRAM', 'AUDIENCE_NETWORK', 'WHATSAPP', 'THREADS']",au,cw,facebook,social,2026-W36,2026-09,"FACEBOOK, INSTAGRAM, AUDIENCE_NETWORK, WHATSAPP, THREADS",True,True,True,False,True,True,Brand/Category Page,True,True,False,2026-09-07,2026-09-04 07:00:00,2026-09-07 16:55:10.186478,3
1635034624667728,2231812127602786,True,2026-09-03 07:00:00,2026-09-06 07:00:00,Chemist Warehouse,Chemist Warehouse,NEW Gillette Styling,"Trim, edge & shave with NEW Gillette Fusion1 Styling Range. 30% off RRP limited time only!",Shop now,DCO,https://www.chemistwarehouse.com.au/shop-online/5336/gillette?utm_source=facebook&utm_medium=social&utm_campaign=au_cw_oa_facebook_social_proctergambleaustralia_gillette_259_2026_100743-oa_video-image&utm_term=traffic&utm_content=video-image_all,www.chemistwarehouse.com.au,/shop-online/5336/gillette,facebook,social,au_cw_oa_facebook_social_proctergambleaustralia_gillette_259_2026_100743-oa_video-image,259,traffic,video-image_all,O&O,Proctergambleaustralia,Gillette,2026,video-image,NEW Gillette Styling,"Trim, edge & shave with NEW Gillette Fusion1 Styling Range. 30% off RRP limited time only!",Shop Now,,https://video.flim31-1.fna.fbcdn.net/o1/v/t2/f2/m366/AQOFO9lOZC4LjOXr_fjdOZbevC6LufExY5zZ5kZ3l9iXkFbqI_MX8XaVAOTVzHlCbQkYozipXnIjAux3LnfzlXk9NlgRDX9tbru5atCE79KEpQ.mp4?_nc_cat=108&_nc_oc=Adq3m13re9NiDYqcDZjb0f7H-8UopZt2_1qWofHp2paAWLQZwacEGA4hrgF8m_E9hfY&_nc_sid=b66105&_nc_ht=video.flim31-1.fna.fbcdn.net&_nc_ohc=ufngwyutTNgQ7kNvwER1zy5&efg=eyJ2ZW5jb2RlX3RhZyI6Inhwdl9wcm9ncmVzc2l2ZS5WSV9VU0VDQVNFX1BST0RVQ1RfVFlQRS4uQzMuNzIwLmRhc2hfaDI2NC1iYXNpYy1nZW4yXzcyMHAiLCJ4cHZfYXNzZXRfaWQiOjE1NjI1NzA0MTUzNDkxMDIsImFzc2V0X2FnZV9kYXlzIjo2LCJ2aV91c2VjYXNlX2lkIjoxMDc5OSwiZHVyYXRpb25fcyI6MTUsInVybGdlbl9zb3VyY2UiOiJ3d3cifQ%3D%3D&ccb=17-1&vs=120a9d65e5f1c442&_nc_vs=HBksFQIYRWZiX2VwaGVtZXJhbC9FQzQxMzQzQzA1NjVGQTM2ODM1Q0M0RDlENDU0Mjk4Ql9tdF8xX3ZpZGVvX2Rhc2hpbml0Lm1wNBUAAsgBEgAVAhhAZmJfcGVybWFuZW50L0NCNDgzRkZGMzVGNThFRUQ4M0E0NjAwOTk1MjFBRDkzX2F1ZGlvX2Rhc2hpbml0Lm1wNBUCAsgBEgAoABgAGwKIB3VzZV9vaWwBMRJwcm9ncmVzc2l2ZV9yZWNpcGUBMRUAACbc9djoyMnGBRUCKAJDMywXQC4AAAAAAAAYGWRhc2hfaDI2NC1iYXNpYy1nZW4yXzcyMHARAHUAZd6oAQA&_nc_gid=L0jYu-t0DkG5bNZsIA97NQ&_nc_ss=7f180&_nc_zt=28&oh=00_AQLoxNVcrCHOgrLbx4U8RS0fXW-XESFet94Xijeo2fxCrg&oe=6AA3AEFC,"['FACEBOOK', 'INSTAGRAM', 'AUDIENCE_NETWORK', 'WHATSAPP', 'THREADS']",au,cw,facebook,social,2026-W36,2026-09,"FACEBOOK, INSTAGRAM, AUDIENCE_NETWORK, WHATSAPP, THREADS",True,True,True,False,True,True,Brand/Category Page,True,False,False,2026-09-07,2026-09-03 07:00:00,2026-09-07 16:55:10.186478,4
1000389819721865,2486121985199880,True,2026-09-04 07:00:00,2026-09-06 07:00:00,Chemist Warehouse,Chemist Warehouse,Shop Naprogesic now at Chemist Warehouse.,Period pain? Keep Naprogesic in your bag for when you need it! 🤍,Shop now,DCO,http://www.chemistwarehouse.com.au/shop-online/705682/naprogesic?utm_source=facebook&utm_medium=social&utm_campaign=au_cw_oa_facebook_social_bayeraustralialtd_naprogesic_81_sep26_100137-social_video-image&utm_term=reach&utm_content=video-image_,www.chemistwarehouse.com.au,/shop-online/705682/naprogesic,facebook,social,au_cw_oa_facebook_social_bayeraustralialtd_naprogesic_81_sep26_100137-social_video-image,81,reach,video-image_,O&O,Bayeraustralialtd,Naprogesic,sep26,video-image,Shop Naprogesic now at Chemist Warehouse. ,Period pain? Keep Naprogesic in your bag for when you need it! 🤍,Shop Now,,https://video.flim31-1.fna.fbcdn.net/o1/v/t2/f2/m366/AQM1epyIBTfPZqm3PSy1TTLICS0-Y8wi0mxx84MPw7quE9I0Yx7-sFO7bDAb6E3bs6Kc7mQRfgxn77zeDWdxf3DwAoeoNQ3PIrjEWa-pqvka5w.mp4?_nc_cat=108&_nc_oc=AdpAAb_69bNtkP_JsEFwjwr7t9dcxThBcOKp9mOCs-mPXEihVsO-0KoLLyXX4a814w4&_nc_sid=b66105&_nc_ht=video.flim31-1.fna.fbcdn.net&_nc_ohc=t-3TK9PELCIQ7kNvwGMaGSu&efg=eyJ2ZW5jb2RlX3RhZyI6Inhwdl9wcm9ncmVzc2l2ZS5WSV9VU0VDQVNFX1BST0RVQ1RfVFlQRS4uQzMuNzIwLmRhc2hfaDI2NC1iYXNpYy1nZW4yXzcyMHAiLCJ4cHZfYXNzZXRfaWQiOjEwNDI4Mjg2Mjg2MjQ1OTYsImFzc2V0X2FnZV9kYXlzIjoxMSwidmlfdXNlY2FzZV9pZCI6MTA3OTksImR1cmF0aW9uX3MiOjMwLCJ1cmxnZW5fc291cmNlIjoid3d3In0%3D&ccb=17-1&vs=3ab5cf20ad168034&_nc_vs=HBksFQIYRWZiX2VwaGVtZXJhbC8zRjQzMkJDMjYxMDAxRTIyNzVENTIzNTJGRDdEMTU4OF9tdF8xX3ZpZGVvX2Rhc2hpbml0Lm1wNBUAAsgBEgAVAhhAZmJfcGVybWFuZW50L0ExNENENzU0RTE3ODZDNjhBMEJGNDMwNkVDNURFOEIzX2F1ZGlvX2Rhc2hpbml0Lm1wNBUCAsgBEgAoABgAGwKIB3VzZV9vaWwBMRJwcm9ncmVzc2l2ZV9yZWNpcGUBMRUAACaok8TfzpzaAxUCKAJDMywXQD6ZmZmZmZoYGWRhc2hfaDI2NC1iYXNpYy1nZW4yXzcyMHARAHUAZd6oAQA&_nc_gid=L0jYu-t0DkG5bNZsIA97NQ&_nc_ss=7f180&_nc_zt=28&oh=00_AQLTCxR6hY9v3E_8K_osOjY_8roaxl21uewpsfkW-zNH8Q&oe=6AA3B84C,"['FACEBOOK', 'INSTAGRAM', 'AUDIENCE_NETWORK', 'WHATSAPP', 'THREADS']",au,cw,facebook,social,2026-W36,2026-09,"FACEBOOK, INSTAGRAM, AUDIENCE_NETWORK, WHATSAPP, THREADS",True,True,True,False,True,True,Brand/Category Page,True,True,False,2026-09-07,2026-09-04 07:00:00,2026-09-07 16:55:10.186478,3
1381174686889754,27295033613503985,True,2026-09-04 07:00:00,2026-09-06 07:00:00,Chemist Warehouse,Chemist Warehouse,Hawaiian Tropic skin-loving suncare,"Hawaiian Tropic combine serious SPF protection with skin-loving ingredients, so you’re free to enjoy the sun knowing you’re protected!",Shop now,VIDEO,https://www.chemistwarehouse.com.au/shop-online/3293/hawaiian-tropic?utm_source=facebook&utm_medium=social&utm_campaign=au_cw_coop_facebook_social_edgewellpersonalcareaustralia_hawaiiantropic_665_2026_100011-bau_video-image&utm_term=traffic&utm_content=video-image_,www.chemistwarehouse.com.au,/shop-online/3293/hawaiian-tropic,facebook,social,au_cw_coop_facebook_social_edgewellpersonalcareaustralia_hawaiiantropic_665_2026_100011-bau_video-image,665,traffic,video-image_,Coop,Edgewellpersonalcareaustralia,Hawaiiantropic,2026,video-image,,,,,,"['FACEBOOK', 'INSTAGRAM', 'MESSENGER', 'WHATSAPP', 'THREADS']",au,cw,facebook,social,2026-W36,2026-09,"FACEBOOK, INSTAGRAM, MESSENGER, WHATSAPP, THREADS",True,True,False,True,True,True,Brand/Category Page,True,False,False,2026-09-07,2026-09-04 07:00:00,2026-09-07 16:55:10.186478,3
1390436709193332,1385617943774933,True,2026-09-03 07:00:00,2026-09-06 07:00:00,Chemist Warehouse,Chemist Warehouse,NEW Gillette Styling,"Trim, edge & shave with NEW Gillette Fusion1 Styling Range. 30% off RRP limited time only!",Shop now,DCO,https://www.chemistwarehouse.com.au/shop-online/5336/gillette?utm_source=facebook&utm_medium=social&utm_campaign=au_cw_oa_facebook_social_proctergambleaustralia_gillette_259_2026_100743-oa_video-image&utm_term=traffic&utm_content=video-image_all,www.chemistwarehouse.com.au,/shop-online/5336/gillette,facebook,social,au_cw_oa_facebook_social_proctergambleaustralia_gillette_259_2026_100743-oa_video-image,259,traffic,video-image_all,O&O,Proctergambleaustralia,Gillette,2026,video-image,NEW Gillette Styling,"Trim, edge & shave with NEW Gillette Fusion1 Styling Range. 30% off RRP limited time only!",Shop Now,https://scontent.flim31-1.fna.fbcdn.net/v/t39.35426-6/790457596_1545437043932843_5258079640527678002_n.jpg?_nc_cat=102&ccb=1-7&_nc_sid=c53f8f&_nc_ohc=gb6sP8ZcvOYQ7kNvwFa7bbx&_nc_oc=AdpzCkEXBGTT1k8zlvwtuuEaZNFks7izX8sKv0gJV9OkiDPP-tn-PDF3-Fy88I9WDh4&_nc_zt=14&_nc_ht=scontent.flim31-1.fna&_nc_gid=L0jYu-t0DkG5bNZsIA97NQ&_nc_ss=7f180&oh=00_AQJhCFTI30KOqN7GESfSw4NUi4hUtyYjWcwStSqCdOXjrA&oe=6AA3C06B,,"['FACEBOOK', 'INSTAGRAM', 'AUDIENCE_NETWORK', 'WHATSAPP', 'THREADS']",au,cw,facebook,social,2026-W36,2026-09,"FACEBOOK, INSTAGRAM, AUDIENCE_NETWORK, WHATSAPP, THREADS",True,True,True,False,True,True,Brand/Category Page,True,False,False,2026-09-07,2026-09-03 07:00:00,2026-09-07 16:55:10.186478,4
1421344089883232,,True,2026-09-06 07:00:00,2026-09-06 07:00:00,Chemist Warehouse,Chemist Warehouse,Save Big on Cosmetics,"Get 1/2 Price off RRP on selected Cosmetics products, including Rimmel London, L'Oreal Paris, Nude by Nature + more!",Shop now,DCO,https://www.chemistwarehouse.com.au/shop-online/648/cosmetics?utm_source=facebook&utm_medium=social&utm_campaign=au_cw_house_facebook_social_chemistwarehouse_chemistwarehouse_0_sep26_200112-footyfinals_video-image&utm_term=traffic&utm_content=video-image_brand,www.chemistwarehouse.com.au,/shop-online/648/cosmetics,facebook,social,au_cw_house_facebook_social_chemistwarehouse_chemistwarehouse_0_sep26_200112-footyfinals_video-image,0,traffic,video-image_brand,House,Chemistwarehouse,Chemistwarehouse,sep26,video-image,Save Big on Cosmetics,"Get 1/2 Price off RRP on selected Cosmetics products, including Rimmel London, L'Oreal Paris, Nude by Nature + more!",Shop Now,https://scontent.flim31-1.fna.fbcdn.net/v/t39.35426-6/793203797_1088698596998099_2945359494040099534_n.jpg?_nc_cat=108&ccb=1-7&_nc_sid=c53f8f&_nc_ohc=NX8fXy9L-NEQ7kNvwEPXGs5&_nc_oc=AdpmwQlQEerCXhBD3Ak3achZzcKLOwzJievyBJilc3z8RMFO66tJW75-RQKti7HuGrE&_nc_zt=14&_nc_ht=scontent.flim31-1.fna&_nc_gid=L0jYu-t0DkG5bNZsIA97NQ&_nc_ss=7f180&oh=00_AQIJD_dhVoh-TeBiQ-aFZH5_o1O7S-bmkjq8SssyFm2ERw&oe=6AA3C7CD,,"['FACEBOOK', 'INSTAGRAM', 'AUDIENCE_NETWORK', 'MESSENGER', 'WHATSAPP', 'THREADS']",au,cw,facebook,social,2026-W36,2026-09,"FACEBOOK, INSTAGRAM, AUDIENCE_NETWORK, MESSENGER, WHATSAPP, THREADS",True,True,True,True,True,True,Brand/Category Page,True,False,False,2026-09-07,2026-09-06 07:00:00,2026-09-07 16:55:10.186478,1
1074532751976490,1757268101986811,True,2026-09-03 07:00:00,2026-09-06 07:00:00,Chemist Warehouse,Chemist Warehouse,NEW Gillette Styling,"Trim, edge & shave with NEW Gillette Fusion1 Styling Range. 30% off RRP limited time only!",Shop now,DCO,https://www.chemistwarehouse.com.au/shop-online/5336/gillette?utm_source=facebook&utm_medium=social&utm_campaign=au_cw_oa_facebook_social_proctergambleaustralia_gillette_259_2026_100743-oa_video-image&utm_term=traffic&utm_content=video-image_all,www.chemistwarehouse.com.au,/shop-online/5336/gillette,facebook,social,au_cw_oa_facebook_social_proctergambleaustralia_gillette_259_2026_100743-oa_video-image,259,traffic,video-image_all,O&O,Proctergambleaustralia,Gillette,2026,video-image,NEW Gillette Styling,"Trim, edge & shave with NEW Gillette Fusion1 Styling Range. 30% off RRP limited time only!",Shop Now,,https://video.flim31-1.fna.fbcdn.net/o1/v/t2/f2/m366/AQO5jxwBp_ur2LCHgp_mhvQQVGgNO63vYdvFzd3DqfCj-mizIY1v2sgjpgcW7FpAAXsclg6WyFJI-77_1T0m2FUIOTNqzn0NhnakdRICBcTT8w.mp4?_nc_cat=100&_nc_oc=AdrPreRtYh4zCklbiDuOzsmR2l9tL4aef4twGZSOicOwBHzgcnfO4ounTRoLoLruhi8&_nc_sid=b66105&_nc_ht=video.flim31-1.fna.fbcdn.net&_nc_ohc=99QIRoAYQvQQ7kNvwFpoSWz&efg=eyJ2ZW5jb2RlX3RhZyI6Inhwdl9wcm9ncmVzc2l2ZS5WSV9VU0VDQVNFX1BST0RVQ1RfVFlQRS4uQzMuNzIwLmRhc2hfaDI2NC1iYXNpYy1nZW4yXzcyMHAiLCJ4cHZfYXNzZXRfaWQiOjE5NjAyODIzNjQ2NDk2ODIsImFzc2V0X2FnZV9kYXlzIjo2LCJ2aV91c2VjYXNlX2lkIjoxMDc5OSwiZHVyYXRpb25fcyI6MzAsInVybGdlbl9zb3VyY2UiOiJ3d3cifQ%3D%3D&ccb=17-1&vs=2a2e0df8c1ba92c6&_nc_vs=HBksFQIYRWZiX2VwaGVtZXJhbC83RjQ2MzM4NDUzRDYwNUQwMUZDQTVERURDNzFEMDE4QV9tdF8xX3ZpZGVvX2Rhc2hpbml0Lm1wNBUAAsgBEgAVAhhAZmJfcGVybWFuZW50L0ZENEU5MzU3RTQ4ODUxMkU3RUY3MkYyMjk3MTlEQTg4X2F1ZGlvX2Rhc2hpbml0Lm1wNBUCAsgBEgAoABgAGwKIB3VzZV9vaWwBMRJwcm9ncmVzc2l2ZV9yZWNpcGUBMRUAACakg4ngubf7BhUCKAJDMywXQD4AAAAAAAAYGWRhc2hfaDI2NC1iYXNpYy1nZW4yXzcyMHARAHUAZd6oAQA&_nc_gid=L0jYu-t0DkG5bNZsIA97NQ&_nc_ss=7f180&_nc_zt=28&oh=00_AQKpihpVeca31vm3GZ4AlPwvX_J3vZNHrta0i24KW0sXiA&oe=6AA3A110,"['FACEBOOK', 'INSTAGRAM', 'AUDIENCE_NETWORK', 'WHATSAPP', 'THREADS']",au,cw,facebook,social,2026-W36,2026-09,"FACEBOOK, INSTAGRAM, AUDIENCE_NETWORK, WHATSAPP, THREADS",True,True,True,False,True,True,Brand/Category Page,True,False,False,2026-09-07,2026-09-03 07:00:00,2026-09-07 16:55:10.186478,4
1400780102158568,2151332878925854,True,2026-09-03 07:00:00,2026-09-06 07:00:00,Chemist Warehouse,Chemist Warehouse,NEW Gillette Styling,"Trim, edge & shave with NEW Gillette Fusion1 Styling Range. 30% off RRP limited time only!",Shop now,DCO,https://www.chemistwarehouse.com.au/shop-online/5336/gillette?utm_source=facebook&utm_medium=social&utm_campaign=au_cw_oa_facebook_social_proctergambleaustralia_gillette_259_2026_100743-oa_video-image&utm_term=traffic&utm_content=video-image_all,www.chemistwarehouse.com.au,/shop-online/5336/gillette,facebook,social,au_cw_oa_facebook_social_proctergambleaustralia_gillette_259_2026_100743-oa_video-image,259,traffic,video-image_all,O&O,Proctergambleaustralia,Gillette,2026,video-image,NEW Gillette Styling,"Trim, edge & shave with NEW Gillette Fusion1 Styling Range. 30% off RRP limited time only!",Shop Now,,https://video.flim31-1.fna.fbcdn.net/o1/v/t2/f2/m366/AQPo4l4XHuAn4ddJng9U-XfBMowjK9YW_4kJ1FHFkZx4VlYlGvyxA0u96eBPyA6ZNhpJgSamPxHociwHxt-ASvMO5AFjwjVIcFXVMLSsCmEVIw.mp4?_nc_cat=102&_nc_oc=AdpOl1oTRJ3VLhvzf-o_YcS9x4fjcGsF9W4X3Rf2Twlh3fyS2vr4fkTe17zvtYA0AIk&_nc_sid=b66105&_nc_ht=video.flim31-1.fna.fbcdn.net&_nc_ohc=lvNDlilx_9wQ7kNvwG7IlFp&efg=eyJ2ZW5jb2RlX3RhZyI6Inhwdl9wcm9ncmVzc2l2ZS5WSV9VU0VDQVNFX1BST0RVQ1RfVFlQRS4uQzMuNzIwLmRhc2hfaDI2NC1iYXNpYy1nZW4yXzcyMHAiLCJ4cHZfYXNzZXRfaWQiOjEwMjI0MzM0NzA2MjI2NjYsImFzc2V0X2FnZV9kYXlzIjo2LCJ2aV91c2VjYXNlX2lkIjoxMDc5OSwiZHVyYXRpb25fcyI6NywidXJsZ2VuX3NvdXJjZSI6Ind3dyJ9&ccb=17-1&vs=abb2c8149e5aba8f&_nc_vs=HBksFQIYRWZiX2VwaGVtZXJhbC8xMTQwRERCMDBCM0Y0MUQ2NTNFODVFODE1Mjk2NDlCOV9tdF8xX3ZpZGVvX2Rhc2hpbml0Lm1wNBUAAsgBEgAVAhhAZmJfcGVybWFuZW50LzZBNDg5OUREMjM0M0I3QUE2M0NBRUM2RTY1MEQyRUE4X2F1ZGlvX2Rhc2hpbml0Lm1wNBUCAsgBEgAoABgAGwKIB3VzZV9vaWwBMRJwcm9ncmVzc2l2ZV9yZWNpcGUBMRUAACaUr5X9uvnQAxUCKAJDMywXQBwAAAAAAAAYGWRhc2hfaDI2NC1iYXNpYy1nZW4yXzcyMHARAHUAZd6oAQA&_nc_gid=L0jYu-t0DkG5bNZsIA97NQ&_nc_ss=7f180&_nc_zt=28&oh=00_AQKFhZ4YioMl-h6wklONGlj411vLUq_KTko7ot_kbrNe7w&oe=6AA3C92A,"['FACEBOOK', 'INSTAGRAM', 'AUDIENCE_NETWORK', 'WHATSAPP', 'THREADS']",au,cw,facebook,social,2026-W36,2026-09,"FACEBOOK, INSTAGRAM, AUDIENCE_NETWORK, WHATSAPP, THREADS",True,True,True,False,True,True,Brand/Category Page,True,False,False,2026-09-07,2026-09-03 07:00:00,2026-09-07 16:55:10.186478,4
1306624944734571,2231812127602786,True,2026-09-03 07:00:00,2026-09-06 07:00:00,Chemist Warehouse,Chemist Warehouse,NEW Gillette Styling,"Trim, edge & shave with NEW Gillette Fusion1 Styling Range. 30% off RRP limited time only!",Shop now,DCO,https://www.chemistwarehouse.com.au/shop-online/5336/gillette?utm_source=facebook&utm_medium=social&utm_campaign=au_cw_oa_facebook_social_proctergambleaustralia_gillette_259_2026_100743-oa_video-image&utm_term=traffic&utm_content=video-image_all,www.chemistwarehouse.com.au,/shop-online/5336/gillette,facebook,social,au_cw_oa_facebook_social_proctergambleaustralia_gillette_259_2026_100743-oa_video-image,259,traffic,video-image_all,O&O,Proctergambleaustralia,Gillette,2026,video-image,NEW Gillette Styling,"Trim, edge & shave with NEW Gillette Fusion1 Styling Range. 30% off RRP limited time only!",Shop Now,,https://video.flim31-1.fna.fbcdn.net/o1/v/t2/f2/m366/AQOFO9lOZC4LjOXr_fjdOZbevC6LufExY5zZ5kZ3l9iXkFbqI_MX8XaVAOTVzHlCbQkYozipXnIjAux3LnfzlXk9NlgRDX9tbru5atCE79KEpQ.mp4?_nc_cat=108&_nc_oc=Adq3m13re9NiDYqcDZjb0f7H-8UopZt2_1qWofHp2paAWLQZwacEGA4hrgF8m_E9hfY&_nc_sid=b66105&_nc_ht=video.flim31-1.fna.fbcdn.net&_nc_ohc=ufngwyutTNgQ7kNvwER1zy5&efg=eyJ2ZW5jb2RlX3RhZyI6Inhwdl9wcm9ncmVzc2l2ZS5WSV9VU0VDQVNFX1BST0RVQ1RfVFlQRS4uQzMuNzIwLmRhc2hfaDI2NC1iYXNpYy1nZW4yXzcyMHAiLCJ4cHZfYXNzZXRfaWQiOjE1NjI1NzA0MTUzNDkxMDIsImFzc2V0X2FnZV9kYXlzIjo2LCJ2aV91c2VjYXNlX2lkIjoxMDc5OSwiZHVyYXRpb25fcyI6MTUsInVybGdlbl9zb3VyY2UiOiJ3d3cifQ%3D%3D&ccb=17-1&vs=120a9d65e5f1c442&_nc_vs=HBksFQIYRWZiX2VwaGVtZXJhbC9FQzQxMzQzQzA1NjVGQTM2ODM1Q0M0RDlENDU0Mjk4Ql9tdF8xX3ZpZGVvX2Rhc2hpbml0Lm1wNBUAAsgBEgAVAhhAZmJfcGVybWFuZW50L0NCNDgzRkZGMzVGNThFRUQ4M0E0NjAwOTk1MjFBRDkzX2F1ZGlvX2Rhc2hpbml0Lm1wNBUCAsgBEgAoABgAGwKIB3VzZV9vaWwBMRJwcm9ncmVzc2l2ZV9yZWNpcGUBMRUAACbc9djoyMnGBRUCKAJDMywXQC4AAAAAAAAYGWRhc2hfaDI2NC1iYXNpYy1nZW4yXzcyMHARAHUAZd6oAQA&_nc_gid=PIv7aX3bcZkWzJhSpk8bnA&_nc_ss=7f180&_nc_zt=28&oh=00_AQJ-LjvyF-QHFmRozFAk2oTHH_I2TV3E73ZtKMbEI6uUFg&oe=6AA3AEFC,"['FACEBOOK', 'INSTAGRAM', 'AUDIENCE_NETWORK', 'WHATSAPP', 'THREADS']",au,cw,facebook,social,2026-W36,2026-09,"FACEBOOK, INSTAGRAM, AUDIENCE_NETWORK, WHATSAPP, THREADS",True,True,True,False,True,True,Brand/Category Page,True,False,False,2026-09-07,2026-09-03 07:00:00,2026-09-07 16:55:10.186478,4
1814592063314463,1757268101986811,True,2026-09-03 07:00:00,2026-09-06 07:00:00,Chemist Warehouse,Chemist Warehouse,NEW Gillette Styling,"Trim, edge & shave with NEW Gillette Fusion1 Styling Range. 30% off RRP limited time only!",Shop now,DCO,https://www.chemistwarehouse.com.au/shop-online/5336/gillette?utm_source=facebook&utm_medium=social&utm_campaign=au_cw_oa_facebook_social_proctergambleaustralia_gillette_259_2026_100743-oa_video-image&utm_term=traffic&utm_content=video-image_all,www.chemistwarehouse.com.au,/shop-online/5336/gillette,facebook,social,au_cw_oa_facebook_social_proctergambleaustralia_gillette_259_2026_100743-oa_video-image,259,traffic,video-image_all,O&O,Proctergambleaustralia,Gillette,2026,video-image,NEW Gillette Styling,"Trim, edge & shave with NEW Gillette Fusion1 Styling Range. 30% off RRP limited time only!",Shop Now,,https://video.flim31-1.fna.fbcdn.net/o1/v/t2/f2/m366/AQO5jxwBp_ur2LCHgp_mhvQQVGgNO63vYdvFzd3DqfCj-mizIY1v2sgjpgcW7FpAAXsclg6WyFJI-77_1T0m2FUIOTNqzn0NhnakdRICBcTT8w.mp4?_nc_cat=100&_nc_oc=AdrPreRtYh4zCklbiDuOzsmR2l9tL4aef4twGZSOicOwBHzgcnfO4ounTRoLoLruhi8&_nc_sid=b66105&_nc_ht=video.flim31-1.fna.fbcdn.net&_nc_ohc=99QIRoAYQvQQ7kNvwFpoSWz&efg=eyJ2ZW5jb2RlX3RhZyI6Inhwdl9wcm9ncmVzc2l2ZS5WSV9VU0VDQVNFX1BST0RVQ1RfVFlQRS4uQzMuNzIwLmRhc2hfaDI2NC1iYXNpYy1nZW4yXzcyMHAiLCJ4cHZfYXNzZXRfaWQiOjE5NjAyODIzNjQ2NDk2ODIsImFzc2V0X2FnZV9kYXlzIjo2LCJ2aV91c2VjYXNlX2lkIjoxMDc5OSwiZHVyYXRpb25fcyI6MzAsInVybGdlbl9zb3VyY2UiOiJ3d3cifQ%3D%3D&ccb=17-1&vs=2a2e0df8c1ba92c6&_nc_vs=HBksFQIYRWZiX2VwaGVtZXJhbC83RjQ2MzM4NDUzRDYwNUQwMUZDQTVERURDNzFEMDE4QV9tdF8xX3ZpZGVvX2Rhc2hpbml0Lm1wNBUAAsgBEgAVAhhAZmJfcGVybWFuZW50L0ZENEU5MzU3RTQ4ODUxMkU3RUY3MkYyMjk3MTlEQTg4X2F1ZGlvX2Rhc2hpbml0Lm1wNBUCAsgBEgAoABgAGwKIB3VzZV9vaWwBMRJwcm9ncmVzc2l2ZV9yZWNpcGUBMRUAACakg4ngubf7BhUCKAJDMywXQD4AAAAAAAAYGWRhc2hfaDI2NC1iYXNpYy1nZW4yXzcyMHARAHUAZd6oAQA&_nc_gid=PIv7aX3bcZkWzJhSpk8bnA&_nc_ss=7f180&_nc_zt=28&oh=00_AQJ86v4O7UxCIMmMCzSuxYU5QOeKinCvhIrNLRGnskbOLg&oe=6AA3A110,"['FACEBOOK', 'INSTAGRAM', 'AUDIENCE_NETWORK', 'WHATSAPP', 'THREADS']",au,cw,facebook,social,2026-W36,2026-09,"FACEBOOK, INSTAGRAM, AUDIENCE_NETWORK, WHATSAPP, THREADS",True,True,True,False,True,True,Brand/Category Page,True,False,False,2026-09-07,2026-09-03 07:00:00,2026-09-07 16:55:10.186478,4
1046281524941725,,True,2026-09-06 07:00:00,2026-09-06 07:00:00,Chemist Warehouse,Chemist Warehouse,Save Big on Oral Care,"Get up to 1/2 Price Off RRP selected Oral Care products, including Colgate, Polident, Oral B + more!",Shop now,DCO,https://www.chemistwarehouse.com.au/shop-online/159/oral-care?utm_source=facebook&utm_medium=social&utm_campaign=au_cw_house_facebook_social_chemistwarehouse_chemistwarehouse_0_sep26_200112-footyfinals_video-image&utm_term=traffic&utm_content=video-image_brand,www.chemistwarehouse.com.au,/shop-online/159/oral-care,facebook,social,au_cw_house_facebook_social_chemistwarehouse_chemistwarehouse_0_sep26_200112-footyfinals_video-image,0,traffic,video-image_brand,House,Chemistwarehouse,Chemistwarehouse,sep26,video-image,Save Big on Oral Care,"Get up to 1/2 Price Off RRP selected Oral Care products, including Colgate, Polident, Oral B + more!",Shop Now,https://scontent.flim31-1.fna.fbcdn.net/v/t39.35426-6/789325541_2162828851309549_7978711865465824929_n.jpg?_nc_cat=107&ccb=1-7&_nc_sid=c53f8f&_nc_ohc=FLtJI61EGDgQ7kNvwFwBsKW&_nc_oc=AdpkAY5YJfeTCtBrZx5i2wdJ6HOt89roPaWM6gNIzvyj42bzWjfoL33UaWIsOinHZDM&_nc_zt=14&_nc_ht=scontent.flim31-1.fna&_nc_gid=L0jYu-t0DkG5bNZsIA97NQ&_nc_ss=7f180&oh=00_AQLawdkVmRWHW6pMWdSM3PL5rK_OjBD9TxsUbTUtgESrxg&oe=6AA3AE52,,"['FACEBOOK', 'INSTAGRAM', 'AUDIENCE_NETWORK', 'MESSENGER', 'WHATSAPP', 'THREADS']",au,cw,facebook,social,2026-W36,2026-09,"FACEBOOK, INSTAGRAM, AUDIENCE_NETWORK, MESSENGER, WHATSAPP, THREADS",True,True,True,True,True,True,Brand/Category Page,True,False,False,2026-09-07,2026-09-06 07:00:00,2026-09-07 16:55:10.186478,1
1629142012161594,1385617943774933,True,2026-09-03 07:00:00,2026-09-06 07:00:00,Chemist Warehouse,Chemist Warehouse,NEW Gillette Styling,"Trim, edge & shave with NEW Gillette Fusion1 Styling Range. 30% off RRP limited time only!",Shop now,DCO,https://www.chemistwarehouse.com.au/shop-online/5336/gillette?utm_source=facebook&utm_medium=social&utm_campaign=au_cw_oa_facebook_social_proctergambleaustralia_gillette_259_2026_100743-oa_video-image&utm_term=traffic&utm_content=video-image_all,www.chemistwarehouse.com.au,/shop-online/5336/gillette,facebook,social,au_cw_oa_facebook_social_proctergambleaustralia_gillette_259_2026_100743-oa_video-image,259,traffic,video-image_all,O&O,Proctergambleaustralia,Gillette,2026,video-image,NEW Gillette Styling,"Trim, edge & shave with NEW Gillette Fusion1 Styling Range. 30% off RRP limited time only!",Shop Now,https://scontent.flim31-1.fna.fbcdn.net/v/t39.35426-6/794969804_1626212975535064_9132740106385529668_n.jpg?_nc_cat=103&ccb=1-7&_nc_sid=c53f8f&_nc_ohc=KiT4vsaL4jkQ7kNvwEmrqxt&_nc_oc=AdoVd9bZ7rUj2PrbIr2ejV0fxUk04DEJdhBos1HOugSVCS4UTUSMVBlxB6dbQkNdAfg&_nc_zt=14&_nc_ht=scontent.flim31-1.fna&_nc_gid=PIv7aX3bcZkWzJhSpk8bnA&_nc_ss=7f180&oh=00_AQIpgxSlEgbm676i0j07xY2h7eZx6D0t3-wRtU4pCXdlKA&oe=6AA3B3FA,,"['FACEBOOK', 'INSTAGRAM', 'AUDIENCE_NETWORK', 'WHATSAPP', 'THREADS']",au,cw,facebook,social,2026-W36,2026-09,"FACEBOOK, INSTAGRAM, AUDIENCE_NETWORK, WHATSAPP, THREADS",True,True,True,False,True,True,Brand/Category Page,True,False,False,2026-09-07,2026-09-03 07:00:00,2026-09-07 16:55:10.186478,4
1456754409596045,2151332878925854,True,2026-09-03 07:00:00,2026-09-06 07:00:00,Chemist Warehouse,Chemist Warehouse,NEW Gillette Styling,"Trim, edge & shave with NEW Gillette Fusion1 Styling Range. 30% off RRP limited time only!",Shop now,DCO,https://www.chemistwarehouse.com.au/shop-online/5336/gillette?utm_source=facebook&utm_medium=social&utm_campaign=au_cw_oa_facebook_social_proctergambleaustralia_gillette_259_2026_100743-oa_video-image&utm_term=traffic&utm_content=video-image_all,www.chemistwarehouse.com.au,/shop-online/5336/gillette,facebook,social,au_cw_oa_facebook_social_proctergambleaustralia_gillette_259_2026_100743-oa_video-image,259,traffic,video-image_all,O&O,Proctergambleaustralia,Gillette,2026,video-image,NEW Gillette Styling,"Trim, edge & shave with NEW Gillette Fusion1 Styling Range. 30% off RRP limited time only!",Shop Now,,https://video.flim31-1.fna.fbcdn.net/o1/v/t2/f2/m366/AQPo4l4XHuAn4ddJng9U-XfBMowjK9YW_4kJ1FHFkZx4VlYlGvyxA0u96eBPyA6ZNhpJgSamPxHociwHxt-ASvMO5AFjwjVIcFXVMLSsCmEVIw.mp4?_nc_cat=102&_nc_oc=AdpOl1oTRJ3VLhvzf-o_YcS9x4fjcGsF9W4X3Rf2Twlh3fyS2vr4fkTe17zvtYA0AIk&_nc_sid=b66105&_nc_ht=video.flim31-1.fna.fbcdn.net&_nc_ohc=lvNDlilx_9wQ7kNvwG7IlFp&efg=eyJ2ZW5jb2RlX3RhZyI6Inhwdl9wcm9ncmVzc2l2ZS5WSV9VU0VDQVNFX1BST0RVQ1RfVFlQRS4uQzMuNzIwLmRhc2hfaDI2NC1iYXNpYy1nZW4yXzcyMHAiLCJ4cHZfYXNzZXRfaWQiOjEwMjI0MzM0NzA2MjI2NjYsImFzc2V0X2FnZV9kYXlzIjo2LCJ2aV91c2VjYXNlX2lkIjoxMDc5OSwiZHVyYXRpb25fcyI6NywidXJsZ2VuX3NvdXJjZSI6Ind3dyJ9&ccb=17-1&vs=abb2c8149e5aba8f&_nc_vs=HBksFQIYRWZiX2VwaGVtZXJhbC8xMTQwRERCMDBCM0Y0MUQ2NTNFODVFODE1Mjk2NDlCOV9tdF8xX3ZpZGVvX2Rhc2hpbml0Lm1wNBUAAsgBEgAVAhhAZmJfcGVybWFuZW50LzZBNDg5OUREMjM0M0I3QUE2M0NBRUM2RTY1MEQyRUE4X2F1ZGlvX2Rhc2hpbml0Lm1wNBUCAsgBEgAoABgAGwKIB3VzZV9vaWwBMRJwcm9ncmVzc2l2ZV9yZWNpcGUBMRUAACaUr5X9uvnQAxUCKAJDMywXQBwAAAAAAAAYGWRhc2hfaDI2NC1iYXNpYy1nZW4yXzcyMHARAHUAZd6oAQA&_nc_gid=PIv7aX3bcZkWzJhSpk8bnA&_nc_ss=7f180&_nc_zt=28&oh=00_AQJtgb6YA_DvYJjBfkx8-Nkr7w4hrnX9PDZ9dEIuseJhew&oe=6AA3C92A,"['FACEBOOK', 'INSTAGRAM', 'AUDIENCE_NETWORK', 'WHATSAPP', 'THREADS']",au,cw,facebook,social,2026-W36,2026-09,"FACEBOOK, INSTAGRAM, AUDIENCE_NETWORK, WHATSAPP, THREADS",True,True,True,False,True,True,Brand/Category Page,True,False,False,2026-09-07,2026-09-03 07:00:00,2026-09-07 16:55:10.186478,4
1415268850550614,,True,2026-09-06 07:00:00,2026-09-06 07:00:00,Chemist Warehouse,Chemist Warehouse,Footy Finals Sale,"Our Footy Finals Sale is here! Get up to 1/2 Price Off RRP selected Vitamins & Supplements, Cosmetics and More! 💥",Shop now,DCO,https://www.chemistwarehouse.com.au/?utm_source=facebook&utm_medium=social&utm_campaign=au_cw_house_facebook_social_chemistwarehouse_chemistwarehouse_0_sep26_200112-footyfinals_video-image&utm_term=traffic&utm_content=video-image_brand,www.chemistwarehouse.com.au,/,facebook,social,au_cw_house_facebook_social_chemistwarehouse_chemistwarehouse_0_sep26_200112-footyfinals_video-image,0,traffic,video-image_brand,House,Chemistwarehouse,Chemistwarehouse,sep26,video-image,Footy Finals Sale,"Our Footy Finals Sale is here! Get up to 1/2 Price Off RRP selected Vitamins & Supplements, Cosmetics and More! 💥",Shop Now,,https://video.flim31-1.fna.fbcdn.net/o1/v/t2/f2/m366/AQMTaG-jOhGauO5sL9AzsINROEeqoKLtkwFZW44MglvRaKc-Qv0U6_yWPA-FJxmG0YNaPP-SMwDvPciiz31BNBt7f__Y-4r0VR1z6oKNs-bS8Q.mp4?_nc_cat=110&_nc_oc=Adpi44LV4pAenyai6a6UFEdAxdwsxNRKwlwNJyLFSklXbfz5WhBIDK0qF3iLVtpXHKg&_nc_sid=b66105&_nc_ht=video.flim31-1.fna.fbcdn.net&_nc_ohc=TubcConm3RYQ7kNvwGO66VZ&efg=eyJ2ZW5jb2RlX3RhZyI6Inhwdl9wcm9ncmVzc2l2ZS5WSV9VU0VDQVNFX1BST0RVQ1RfVFlQRS4uQzMuMTI4MC5kYXNoX2gyNjQtYmFzaWMtZ2VuMl83MjBwIiwieHB2X2Fzc2V0X2lkIjoxMTA0MDAzNTc1MzkwMTQ2LCJhc3NldF9hZ2VfZGF5cyI6MywidmlfdXNlY2FzZV9pZCI6MTA3OTksImR1cmF0aW9uX3MiOjEwLCJ1cmxnZW5fc291cmNlIjoid3d3In0%3D&ccb=17-1&vs=9e4a5cc079e8782e&_nc_vs=HBksFQIYRWZiX2VwaGVtZXJhbC9DNTQ1QTY3NjY4M0RGRTM4RjIzNjNGRUIyQURDREU5QV9tdF8xX3ZpZGVvX2Rhc2hpbml0Lm1wNBUAAsgBEgAVAhhAZmJfcGVybWFuZW50LzRFNEY3QTU3RUQ2NzgwRjhGMThCMUIyNjA4RTg2M0I5X2F1ZGlvX2Rhc2hpbml0Lm1wNBUCAsgBEgAoABgAGwKIB3VzZV9vaWwBMRJwcm9ncmVzc2l2ZV9yZWNpcGUBMRUAACaE_4jPu4X2AxUCKAJDMywXQCQAAAAAAAAYGWRhc2hfaDI2NC1iYXNpYy1nZW4yXzcyMHARAHUAZd6oAQA&_nc_gid=L0jYu-t0DkG5bNZsIA97NQ&_nc_ss=7f180&_nc_zt=28&oh=00_AQKlh2idgNB-BVwuZzQzRyL70bGbezU0PKatxSvjjLaK-Q&oe=6AA3B016,"['FACEBOOK', 'INSTAGRAM', 'AUDIENCE_NETWORK', 'MESSENGER', 'WHATSAPP', 'THREADS']",au,cw,facebook,social,2026-W36,2026-09,"FACEBOOK, INSTAGRAM, AUDIENCE_NETWORK, MESSENGER, WHATSAPP, THREADS",True,True,True,True,True,True,Homepage,True,False,False,2026-09-07,2026-09-06 07:00:00,2026-09-07 16:55:10.186478,1
1089081893653596,,True,2026-09-02 07:00:00,2026-09-06 07:00:00,Chemist Warehouse,Chemist Warehouse,Click and collect available,Make Oli6 part of your family’s daily routine - perfect for busy afternoons and winding down into a calm evening. Shop Oli6 at Chemist Warehouse today.,Shop now,VIDEO,https://www.chemistwarehouse.com.au/shop-online/705628/oli6?utm_source=facebook&utm_medium=social&utm_campaign=au_cw_oa_facebook_social_nuchevptyltd_oli6_20_sep26_100728-influencer_video&utm_term=reach&utm_content=video_influencer-video,www.chemistwarehouse.com.au,/shop-online/705628/oli6,facebook,social,au_cw_oa_facebook_social_nuchevptyltd_oli6_20_sep26_100728-influencer_video,20,reach,video_influencer-video,O&O,Nuchevptyltd,Oli6,sep26,video,,,,,,"['FACEBOOK', 'INSTAGRAM', 'THREADS']",au,cw,facebook,social,2026-W36,2026-09,"FACEBOOK, INSTAGRAM, THREADS",True,True,False,False,True,False,Brand/Category Page,True,True,False,2026-09-07,2026-09-02 07:00:00,2026-09-07 16:55:10.186478,5
3159588664231065,1459558256235420,True,2026-09-02 07:00:00,2026-09-06 07:00:00,Chemist Warehouse,Chemist Warehouse,Stubborn dark spots?,Formulated to target the appearance of stubborn dark spots and mature skin concerns. Shop La Roche Posay Mela B Double Dose at Chemist Warehouse,Shop now,VIDEO,https://www.chemistwarehouse.com.au/buy/168967/la-roche-posay-double-dose-mela-b3-emulsion-40ml?utm_source=facebook&utm_medium=social&utm_campaign=au_cw_oa_facebook_social_loreallarocheposaycerave_larocheposay_665_sep26_100765-melab3_video&utm_term=traffic&utm_content=video_brand,www.chemistwarehouse.com.au,/buy/168967/la-roche-posay-double-dose-mela-b3-emulsion-40ml,facebook,social,au_cw_oa_facebook_social_loreallarocheposaycerave_larocheposay_665_sep26_100765-melab3_video,665,traffic,video_brand,O&O,Loreallarocheposaycerave,Larocheposay,sep26,video,,,,,,"['FACEBOOK', 'INSTAGRAM', 'AUDIENCE_NETWORK', 'MESSENGER', 'WHATSAPP', 'THREADS']",au,cw,facebook,social,2026-W36,2026-09,"FACEBOOK, INSTAGRAM, AUDIENCE_NETWORK, MESSENGER, WHATSAPP, THREADS",True,True,True,True,True,True,SKU Product,True,True,False,2026-09-07,2026-09-02 07:00:00,2026-09-07 16:55:10.186478,5
1000253736400562,1053626480623880,True,2026-09-02 07:00:00,2026-09-06 07:00:00,Chemist Warehouse,Chemist Warehouse,DON'T MISS OUT! 💰,"GET $10 OFF YOUR CONTACT LENSES! 💰

Spend $150+ this September and we'll take $10 off — shop your lenses here! ✨

🏷️ Use code EYESAVE10 at checkout
🚚 FREE shipping on orders $99+^
⏰ Hurry - offer ends 11:59PM 30/09/26 (AEST)
👉 Don't pay full price - shop online at Chemist Warehouse Optometry now!",Shop now,DCO,https://chemistwarehouseoptometry.com.au/,chemistwarehouseoptometry.com.au,/,,,,,,,Not Specified,,,,,DON'T MISS OUT! 💰,"GET $10 OFF YOUR CONTACT LENSES! 💰

Spend $150+ this September and we'll take $10 off — shop your lenses here! ✨

🏷️ Use code EYESAVE10 at checkout
🚚 FREE shipping on orders $99+^
⏰ Hurry - offer ends 11:59PM 30/09/26 (AEST)
👉 Don't pay full price - shop online at Chemist Warehouse Optometry now!",Shop Now,https://scontent.flim31-1.fna.fbcdn.net/v/t39.35426-6/790408479_2074877563115353_9216727195227327420_n.jpg?_nc_cat=105&ccb=1-7&_nc_sid=c53f8f&_nc_ohc=af_nn20so-MQ7kNvwGd89-H&_nc_oc=AdreHgKNn3cTgYlzDHClYhUS6T-SXNqRbgBdPkpxNe-2liUm-M6oKS19U2zFXayQh4k&_nc_zt=14&_nc_ht=scontent.flim31-1.fna&_nc_gid=PIv7aX3bcZkWzJhSpk8bnA&_nc_ss=7f180&oh=00_AQIJ3tuSzK3gGvytQX4o-IXFBhOqao-w0uX_P8o3QwccPg&oe=6AA3B789,,"['FACEBOOK', 'INSTAGRAM', 'AUDIENCE_NETWORK', 'MESSENGER', 'THREADS']",,,,,2026-W36,2026-09,"FACEBOOK, INSTAGRAM, AUDIENCE_NETWORK, MESSENGER, THREADS",True,True,True,True,True,False,Homepage,True,True,False,2026-09-07,2026-09-02 07:00:00,2026-09-07 16:55:10.186478,5
4461451054168419,2842184339496558,True,2026-09-02 07:00:00,2026-09-06 07:00:00,Chemist Warehouse,Chemist Warehouse,TIME TO RESTOCK & SAVE! 💰,"GET $10 OFF YOUR CONTACT LENSES! 💰

Spend $150+ this September and we'll take $10 off — get your lenses here! ✨

🏷️ Use code EYESAVE10 at checkout
🚚 FREE shipping on orders $99+^
⏰ Hurry - offer ends 11:59PM 30/09/26 (AEST)
👉 Don't pay full price - shop online at Chemist Warehouse Optometry now!",Shop now,DCO,https://chemistwarehouseoptometry.com.au/,chemistwarehouseoptometry.com.au,/,,,,,,,Not Specified,,,,,TIME TO RESTOCK & SAVE! 💰,"GET $10 OFF YOUR CONTACT LENSES! 💰

Spend $150+ this September and we'll take $10 off — get your lenses here! ✨

🏷️ Use code EYESAVE10 at checkout
🚚 FREE shipping on orders $99+^
⏰ Hurry - offer ends 11:59PM 30/09/26 (AEST)
👉 Don't pay full price - shop online at Chemist Warehouse Optometry now!",Shop Now,https://scontent.flim31-1.fna.fbcdn.net/v/t39.35426-6/790434546_1588269852737597_6943022218640088181_n.jpg?_nc_cat=107&ccb=1-7&_nc_sid=c53f8f&_nc_ohc=7dxRu8zrI5UQ7kNvwEMuVYz&_nc_oc=AdoSkiX19stu48Th_YNeqOOJhhGD7amlBb3wNQFNxryS25Rp80DDNgTplYlfrNIckRM&_nc_zt=14&_nc_ht=scontent.flim31-1.fna&_nc_gid=PIv7aX3bcZkWzJhSpk8bnA&_nc_ss=7f180&oh=00_AQI2pFNLeB3Z9v1oRfquH4xIi3y6pQbQ7SQPyciH1Hg49g&oe=6AA3A924,,"['FACEBOOK', 'INSTAGRAM', 'AUDIENCE_NETWORK', 'THREADS']",,,,,2026-W36,2026-09,"FACEBOOK, INSTAGRAM, AUDIENCE_NETWORK, THREADS",True,True,True,False,True,False,Homepage,True,True,False,2026-09-07,2026-09-02 07:00:00,2026-09-07 16:55:10.186478,5
1456784749610893,1833839514651220,True,2026-09-02 07:00:00,2026-09-06 07:00:00,Chemist Warehouse,Chemist Warehouse,DON'T MISS OUT! 💰,"GET $10 OFF YOUR CONTACT LENSES! 💰

Spend $150+ this September and we'll take $10 off — shop your lenses here! ✨

🏷️ Use code EYESAVE10 at checkout
🚚 FREE shipping on orders $99+^
⏰ Hurry - offer ends 11:59PM 30/09/26 (AEST)
👉 Don't pay full price - shop online at Chemist Warehouse Optometry now!",Shop now,DCO,https://chemistwarehouseoptometry.com.au/,chemistwarehouseoptometry.com.au,/,,,,,,,Not Specified,,,,,DON'T MISS OUT! 💰,"GET $10 OFF YOUR CONTACT LENSES! 💰

Spend $150+ this September and we'll take $10 off — shop your lenses here! ✨

🏷️ Use code EYESAVE10 at checkout
🚚 FREE shipping on orders $99+^
⏰ Hurry - offer ends 11:59PM 30/09/26 (AEST)
👉 Don't pay full price - shop online at Chemist Warehouse Optometry now!",Shop Now,,https://video.flim31-1.fna.fbcdn.net/o1/v/t2/f2/m366/AQO4U6PfyuyP3Hj4QVYP9S8DKy5Fsxm6q1Az6Nh25BWTApex6oN3QiEixLbTYneJG-zhgU91J2-AQfS1Ak3CaP5Gk9GNG5mqKY9qMDut8eXtvg.mp4?_nc_cat=104&_nc_oc=AdrMEU31y5ic7tlhvbHco6B6NlwExqvWNuOkp4BWU6UizuM_XjsJZ9XsPDkRhJBBjFw&_nc_sid=b66105&_nc_ht=video.flim31-1.fna.fbcdn.net&_nc_ohc=fuOcDMb-tpMQ7kNvwFGhdul&efg=eyJ2ZW5jb2RlX3RhZyI6Inhwdl9wcm9ncmVzc2l2ZS5WSV9VU0VDQVNFX1BST0RVQ1RfVFlQRS4uQzMuNzIwLmRhc2hfaDI2NC1iYXNpYy1nZW4yXzcyMHAiLCJ4cHZfYXNzZXRfaWQiOjQ1NDM1MzU3NjkyNjQ2NDksImFzc2V0X2FnZV9kYXlzIjo0LCJ2aV91c2VjYXNlX2lkIjoxMDc5OSwiZHVyYXRpb25fcyI6MTAsInVybGdlbl9zb3VyY2UiOiJ3d3cifQ%3D%3D&ccb=17-1&vs=c95d3727142c230c&_nc_vs=HBkcFQIYRWZiX2VwaGVtZXJhbC8wQTRBRjhCQUZFOUZEMDUyMjg3NkRCMTJBM0I4Qzc4OV9tdF8xX3ZpZGVvX2Rhc2hpbml0Lm1wNBUAAsgBEgAoABgAGwKIB3VzZV9vaWwBMRJwcm9ncmVzc2l2ZV9yZWNpcGUBMRUAACaSiOm4y5SSEBUCKAJDMywXQCQAAAAAAAAYGWRhc2hfaDI2NC1iYXNpYy1nZW4yXzcyMHARAHUAZd6oAQA&_nc_gid=PIv7aX3bcZkWzJhSpk8bnA&_nc_ss=7f180&_nc_zt=28&oh=00_AQKkLI9Q56iFq6jdV8AvmUR_Tyfw01Qlr8eqsmymdgkM2w&oe=6AA3B1B0,"['FACEBOOK', 'INSTAGRAM', 'AUDIENCE_NETWORK', 'MESSENGER', 'THREADS']",,,,,2026-W36,2026-09,"FACEBOOK, INSTAGRAM, AUDIENCE_NETWORK, MESSENGER, THREADS",True,True,True,True,True,False,Homepage,True,True,False,2026-09-07,2026-09-02 07:00:00,2026-09-07 16:55:10.186478,5
1580766706757260,1793727268650126,True,2026-09-02 07:00:00,2026-09-06 07:00:00,Chemist Warehouse,Chemist Warehouse,TIME TO RESTOCK & SAVE! 💰,"GET $10 OFF YOUR CONTACT LENSES! 💰

Spend $150+ this September and we'll take $10 off — get your lenses here! ✨

🏷️ Use code EYESAVE10 at checkout
🚚 FREE shipping on orders $99+^
⏰ Hurry - offer ends 11:59PM 30/09/26 (AEST)
👉 Don't pay full price - shop online at Chemist Warehouse Optometry now!",See details,DCO,https://chemistwarehouseoptometry.com.au/,chemistwarehouseoptometry.com.au,/,,,,,,,Not Specified,,,,,TIME TO RESTOCK & SAVE! 💰,"GET $10 OFF YOUR CONTACT LENSES! 💰

Spend $150+ this September and we'll take $10 off — get your lenses here! ✨

🏷️ Use code EYESAVE10 at checkout
🚚 FREE shipping on orders $99+^
⏰ Hurry - offer ends 11:59PM 30/09/26 (AEST)
👉 Don't pay full price - shop online at Chemist Warehouse Optometry now!",See Details,,https://video.flim31-1.fna.fbcdn.net/o1/v/t2/f2/m366/AQO4U6PfyuyP3Hj4QVYP9S8DKy5Fsxm6q1Az6Nh25BWTApex6oN3QiEixLbTYneJG-zhgU91J2-AQfS1Ak3CaP5Gk9GNG5mqKY9qMDut8eXtvg.mp4?_nc_cat=104&_nc_oc=AdrMEU31y5ic7tlhvbHco6B6NlwExqvWNuOkp4BWU6UizuM_XjsJZ9XsPDkRhJBBjFw&_nc_sid=b66105&_nc_ht=video.flim31-1.fna.fbcdn.net&_nc_ohc=fuOcDMb-tpMQ7kNvwFGhdul&efg=eyJ2ZW5jb2RlX3RhZyI6Inhwdl9wcm9ncmVzc2l2ZS5WSV9VU0VDQVNFX1BST0RVQ1RfVFlQRS4uQzMuNzIwLmRhc2hfaDI2NC1iYXNpYy1nZW4yXzcyMHAiLCJ4cHZfYXNzZXRfaWQiOjQ1NDM1MzU3NjkyNjQ2NDksImFzc2V0X2FnZV9kYXlzIjo0LCJ2aV91c2VjYXNlX2lkIjoxMDc5OSwiZHVyYXRpb25fcyI6MTAsInVybGdlbl9zb3VyY2UiOiJ3d3cifQ%3D%3D&ccb=17-1&vs=c95d3727142c230c&_nc_vs=HBkcFQIYRWZiX2VwaGVtZXJhbC8wQTRBRjhCQUZFOUZEMDUyMjg3NkRCMTJBM0I4Qzc4OV9tdF8xX3ZpZGVvX2Rhc2hpbml0Lm1wNBUAAsgBEgAoABgAGwKIB3VzZV9vaWwBMRJwcm9ncmVzc2l2ZV9yZWNpcGUBMRUAACaSiOm4y5SSEBUCKAJDMywXQCQAAAAAAAAYGWRhc2hfaDI2NC1iYXNpYy1nZW4yXzcyMHARAHUAZd6oAQA&_nc_gid=PIv7aX3bcZkWzJhSpk8bnA&_nc_ss=7f180&_nc_zt=28&oh=00_AQKkLI9Q56iFq6jdV8AvmUR_Tyfw01Qlr8eqsmymdgkM2w&oe=6AA3B1B0,"['FACEBOOK', 'INSTAGRAM', 'AUDIENCE_NETWORK', 'THREADS']",,,,,2026-W36,2026-09,"FACEBOOK, INSTAGRAM, AUDIENCE_NETWORK, THREADS",True,True,True,False,True,False,Homepage,True,True,False,2026-09-07,2026-09-02 07:00:00,2026-09-07 16:55:10.186478,5
4696675993949689,2091232681611257,True,2026-09-01 07:00:00,2026-09-06 07:00:00,Chemist Warehouse,Chemist Warehouse,Shop at Chemist Warehouse,"Ferro-grad C, available now at Chemist Warehouse.  Ask your pharmacist if it’s right for you.",Learn more,VIDEO,https://www.chemistwarehouse.com.au/shop-online/4616/ferro-grad?utm_source=facebook&utm_medium=social&utm_campaign=au_cw_coop_facebook_social_vidacorp_ferrograd_81_2026_100118-bau_video&utm_term=traffic&utm_content=video_instore,www.chemistwarehouse.com.au,/shop-online/4616/ferro-grad,facebook,social,au_cw_coop_facebook_social_vidacorp_ferrograd_81_2026_100118-bau_video,81,traffic,video_instore,Coop,Vidacorp,Ferrograd,2026,video,,,,,,"['FACEBOOK', 'INSTAGRAM', 'MESSENGER']",au,cw,facebook,social,2026-W36,2026-09,"FACEBOOK, INSTAGRAM, MESSENGER",True,True,False,True,False,False,Brand/Category Page,True,True,False,2026-09-07,2026-09-01 07:00:00,2026-09-07 16:55:10.186478,6
2172952116935353,2129975264442625,True,2026-09-01 07:00:00,2026-09-04 07:00:00,Chemist Warehouse,Chemist Warehouse,Shop at Chemist Warehouse,"Ferro-grad C, available now at Chemist Warehouse.  Ask your pharmacist if it’s right for you.",Learn more,VIDEO,https://www.chemistwarehouse.com.au/shop-online/4616/ferro-grad?utm_source=facebook&utm_medium=social&utm_campaign=au_cw_coop_facebook_social_vidacorp_ferrograd_81_2026_100118-bau_video&utm_term=traffic&utm_content=video_,www.chemistwarehouse.com.au,/shop-online/4616/ferro-grad,facebook,social,au_cw_coop_facebook_social_vidacorp_ferrograd_81_2026_100118-bau_video,81,traffic,video_,Coop,Vidacorp,Ferrograd,2026,video,,,,,,"['FACEBOOK', 'INSTAGRAM', 'MESSENGER']",au,cw,facebook,social,2026-W36,2026-09,"FACEBOOK, INSTAGRAM, MESSENGER",True,True,False,True,False,False,Brand/Category Page,True,True,False,2026-09-07,2026-09-01 07:00:00,2026-09-07 16:55:10.186478,6
4066801653460098,,True,2026-09-01 07:00:00,2026-09-06 07:00:00,Chemist Warehouse,Chemist Warehouse,MAGNESIUM THAT TICKS ALL THE BOXES,"Restless muscles?
Try Advanced Magnesium+
✅ Quality Magnesium
✅ Magnesium Glycinate Dihydrate
✅ High 402mg daily dose",Shop now,IMAGE,https://fb.com/canvas_doc/2229626247828821,fb.com,/canvas_doc/2229626247828821,,,,,,,Not Specified,,,,,,,,,,"['FACEBOOK', 'INSTAGRAM', 'MESSENGER', 'THREADS']",,,,,2026-W36,2026-09,"FACEBOOK, INSTAGRAM, MESSENGER, THREADS",True,True,False,True,True,False,Internal/App Page,True,False,False,2026-09-07,2026-09-01 07:00:00,2026-09-07 16:55:10.186478,6
1015139001556025,,True,2026-09-01 07:00:00,2026-09-06 07:00:00,Chemist Warehouse,Chemist Warehouse,MAGNESIUM THAT TICKS ALL THE BOXES,"Restless muscles?
Try Advanced Magnesium+
✅ Quality Magnesium
✅ Magnesium Glycinate Dihydrate
✅ High 402mg daily dose",Shop now,IMAGE,https://fb.com/canvas_doc/2331734407566749,fb.com,/canvas_doc/2331734407566749,,,,,,,Not Specified,,,,,,,,,,"['FACEBOOK', 'INSTAGRAM', 'MESSENGER', 'THREADS']",,,,,2026-W36,2026-09,"FACEBOOK, INSTAGRAM, MESSENGER, THREADS",True,True,False,True,True,False,Internal/App Page,True,False,False,2026-09-07,2026-09-01 07:00:00,2026-09-07 16:55:10.186478,6
922484310452704,1634457321530362,True,2026-09-01 07:00:00,2026-09-06 07:00:00,Chemist Warehouse,Chemist Warehouse,DELICIOUS RASPBERRY LEMONADE FLAVOUR,"Restless muscles?
Try Advanced Magnesium+ Powder
✅ Quality Magnesium
✅ Magnesium Glycinate Dihydrate
✅ High 402mg daily dose",Shop now,VIDEO,https://fb.com/canvas_doc/28133377116315356,fb.com,/canvas_doc/28133377116315356,,,,,,,Not Specified,,,,,,,,,,"['FACEBOOK', 'INSTAGRAM', 'MESSENGER', 'THREADS']",,,,,2026-W36,2026-09,"FACEBOOK, INSTAGRAM, MESSENGER, THREADS",True,True,False,True,True,False,Internal/App Page,True,False,False,2026-09-07,2026-09-01 07:00:00,2026-09-07 16:55:10.186478,6
1019055784489297,,True,2026-09-01 07:00:00,2026-09-05 07:00:00,Chemist Warehouse,Chemist Warehouse,DELICIOUS RASPBERRY LEMONADE FLAVOUR,"Restless muscles?
Try Advanced Magnesium+ Powder
✅ Quality Magnesium
✅ Magnesium Glycinate Dihydrate
✅ High 402mg daily dose",Shop now,IMAGE,https://fb.com/canvas_doc/1063873579771086,fb.com,/canvas_doc/1063873579771086,,,,,,,Not Specified,,,,,,,,,,"['FACEBOOK', 'INSTAGRAM', 'MESSENGER', 'THREADS']",,,,,2026-W36,2026-09,"FACEBOOK, INSTAGRAM, MESSENGER, THREADS",True,True,False,True,True,False,Internal/App Page,True,False,False,2026-09-07,2026-09-01 07:00:00,2026-09-07 16:55:10.186478,6
1707951846963256,1663134654580993,True,2026-09-01 07:00:00,2026-09-06 07:00:00,Chemist Warehouse,Chemist Warehouse,Betadine - Trusted Wound Care,"From topical solution to spray, cream or ointment,  choose betadine for wound treatment.",Shop now,IMAGE,https://www.chemistwarehouse.com.au/shop-online/3113/betadine?&utm_source=facebook&utm_medium=social&utm_campaign=au_cw_coop_facebook_social_inovapharmaceuticals_betadine_99_2026_100015-bau_dynamic&utm_term=conversion&utm_content=dynamic_generic,www.chemistwarehouse.com.au,/shop-online/3113/betadine,facebook,social,au_cw_coop_facebook_social_inovapharmaceuticals_betadine_99_2026_100015-bau_dynamic,99,conversion,dynamic_generic,Coop,Inovapharmaceuticals,Betadine,2026,dynamic,,,,,,"['FACEBOOK', 'INSTAGRAM', 'AUDIENCE_NETWORK', 'MESSENGER', 'THREADS']",au,cw,facebook,social,2026-W36,2026-09,"FACEBOOK, INSTAGRAM, AUDIENCE_NETWORK, MESSENGER, THREADS",True,True,True,True,True,False,Brand/Category Page,True,False,False,2026-09-07,2026-09-01 07:00:00,2026-09-07 16:55:10.186478,6
2596573430797275,1667972048180726,True,2026-09-01 07:00:00,2026-09-06 07:00:00,Chemist Warehouse,Chemist Warehouse,Click and collect available,Shop Tommee Tippee Natural Start First Feed 60ml Extra Slow Bottle at Chemist Warehouse,Shop now,VIDEO,https://www.chemistwarehouse.com.au/buy/169382/tommee-tippee-natural-start-first-feed-60ml-extra-slow-bottle-1-pack?utm_source=facebook&utm_medium=social&utm_campaign=au_cw_oa_facebook_social_maybornanzptyltd_tommeetippee_20_sep26_100169-bottle_video-image-carousel&utm_term=reach&utm_content=video-image-carousel_video,www.chemistwarehouse.com.au,/buy/169382/tommee-tippee-natural-start-first-feed-60ml-extra-slow-bottle-1-pack,facebook,social,au_cw_oa_facebook_social_maybornanzptyltd_tommeetippee_20_sep26_100169-bottle_video-image-carousel,20,reach,video-image-carousel_video,O&O,Maybornanzptyltd,Tommeetippee,sep26,video-image-carousel,,,,,,"['FACEBOOK', 'INSTAGRAM']",au,cw,facebook,social,2026-W36,2026-09,"FACEBOOK, INSTAGRAM",True,True,False,False,False,False,SKU Product,True,True,False,2026-09-07,2026-09-01 07:00:00,2026-09-07 16:55:10.186478,6
2335542193851933,2037346113642488,True,2026-09-01 07:00:00,2026-09-06 07:00:00,Chemist Warehouse,Chemist Warehouse,Click and collect available,Shop Tommee Tippee Natural Start First Feed 60ml Extra Slow Bottle at Chemist Warehouse,Shop now,DCO,https://www.chemistwarehouse.com.au/buy/169382/tommee-tippee-natural-start-first-feed-60ml-extra-slow-bottle-1-pack?utm_source=facebook&utm_medium=social&utm_campaign=au_cw_oa_facebook_social_maybornanzptyltd_tommeetippee_20_sep26_100169-bottle_video-image-carousel&utm_term=reach&utm_content=video-image-carousel_static-image,www.chemistwarehouse.com.au,/buy/169382/tommee-tippee-natural-start-first-feed-60ml-extra-slow-bottle-1-pack,facebook,social,au_cw_oa_facebook_social_maybornanzptyltd_tommeetippee_20_sep26_100169-bottle_video-image-carousel,20,reach,video-image-carousel_static-image,O&O,Maybornanzptyltd,Tommeetippee,sep26,video-image-carousel,Click and collect available,Shop Tommee Tippee Natural Start First Feed 60ml Extra Slow Bottle at Chemist Warehouse,Shop Now,https://scontent.flim31-1.fna.fbcdn.net/v/t39.35426-6/790794046_1587344849611248_4509732596321285144_n.jpg?_nc_cat=104&ccb=1-7&_nc_sid=c53f8f&_nc_ohc=lSmkKkNBkUwQ7kNvwEKX-07&_nc_oc=AdqGdUN51PGZfNZDeiHK1D9jVk56wUB41nYGcpAdS8XnAWiNOaZoLvEBXMtW9jY9jXk&_nc_zt=14&_nc_ht=scontent.flim31-1.fna&_nc_gid=PIv7aX3bcZkWzJhSpk8bnA&_nc_ss=7f180&oh=00_AQLB380y1kXbKZ2jnau9TI-yNTsSimn6zFKqZbJ8qMNXjQ&oe=6AA3A59A,,"['FACEBOOK', 'INSTAGRAM']",au,cw,facebook,social,2026-W36,2026-09,"FACEBOOK, INSTAGRAM",True,True,False,False,False,False,SKU Product,True,True,False,2026-09-07,2026-09-01 07:00:00,2026-09-07 16:55:10.186478,6
1742419286831344,1089829456952530,True,2026-09-01 07:00:00,2026-09-06 07:00:00,Chemist Warehouse,Chemist Warehouse,Click and collect available,Shop Tommee Tippee Natural Start First Feed 60ml Extra Slow Bottle at Chemist Warehouse,Shop now,DCO,https://www.chemistwarehouse.com.au/buy/169382/tommee-tippee-natural-start-first-feed-60ml-extra-slow-bottle-1-pack?utm_source=facebook&utm_medium=social&utm_campaign=au_cw_oa_facebook_social_maybornanzptyltd_tommeetippee_20_sep26_100169-bottle_video-image-carousel&utm_term=reach&utm_content=video-image-carousel_static-image,www.chemistwarehouse.com.au,/buy/169382/tommee-tippee-natural-start-first-feed-60ml-extra-slow-bottle-1-pack,facebook,social,au_cw_oa_facebook_social_maybornanzptyltd_tommeetippee_20_sep26_100169-bottle_video-image-carousel,20,reach,video-image-carousel_static-image,O&O,Maybornanzptyltd,Tommeetippee,sep26,video-image-carousel,Click and collect available,Shop Tommee Tippee Natural Start First Feed 60ml Extra Slow Bottle at Chemist Warehouse,Shop Now,https://scontent.flim31-1.fna.fbcdn.net/v/t39.35426-6/792459329_951940667225463_4188935083329874651_n.jpg?_nc_cat=111&ccb=1-7&_nc_sid=c53f8f&_nc_ohc=3dXu1sMBYDEQ7kNvwEVysZK&_nc_oc=AdoODVoR-R0ihgYfDhQD0PZGldp1lpwYAmlGtMkv6tN2Pc_hF3g3_lUjLZ87kGnHVC8&_nc_zt=14&_nc_ht=scontent.flim31-1.fna&_nc_gid=PIv7aX3bcZkWzJhSpk8bnA&_nc_ss=7f180&oh=00_AQI0kEpER3eynP11oP3UHQ_puLF19Om30VT9VnM-Ik-lUA&oe=6AA3AC17,,"['FACEBOOK', 'INSTAGRAM']",au,cw,facebook,social,2026-W36,2026-09,"FACEBOOK, INSTAGRAM",True,True,False,False,False,False,SKU Product,True,True,False,2026-09-07,2026-09-01 07:00:00,2026-09-07 16:55:10.186478,6
1711304819979723,1835044617857488,True,2026-09-02 07:00:00,2026-09-05 07:00:00,Chemist Warehouse,Chemist Warehouse,Click and collect available,Shop Tommee Tippee Natural Start First Feed 60ml Extra Slow Bottle at Chemist Warehouse,Shop now,VIDEO,https://www.chemistwarehouse.com.au/buy/169382/tommee-tippee-natural-start-first-feed-60ml-extra-slow-bottle-1-pack?utm_source=facebook&utm_medium=social&utm_campaign=au_cw_oa_facebook_social_maybornanzptyltd_tommeetippee_20_sep26_100169-bottle_video-image-carousel&utm_term=reach&utm_content=video-image-carousel_video,www.chemistwarehouse.com.au,/buy/169382/tommee-tippee-natural-start-first-feed-60ml-extra-slow-bottle-1-pack,facebook,social,au_cw_oa_facebook_social_maybornanzptyltd_tommeetippee_20_sep26_100169-bottle_video-image-carousel,20,reach,video-image-carousel_video,O&O,Maybornanzptyltd,Tommeetippee,sep26,video-image-carousel,,,,,,"['FACEBOOK', 'INSTAGRAM']",au,cw,facebook,social,2026-W36,2026-09,"FACEBOOK, INSTAGRAM",True,True,False,False,False,False,SKU Product,True,True,False,2026-09-07,2026-09-02 07:00:00,2026-09-07 16:55:10.186478,5
1092832140362720,3027716714241655,True,2026-09-01 07:00:00,2026-09-06 07:00:00,Chemist Warehouse,Chemist Warehouse,Click and collect available,Shop Tommee Tippee Natural Start First Feed 60ml Extra Slow Bottle at Chemist Warehouse,Shop now,DCO,https://www.chemistwarehouse.com.au/buy/169382/tommee-tippee-natural-start-first-feed-60ml-extra-slow-bottle-1-pack?utm_source=facebook&utm_medium=social&utm_campaign=au_cw_oa_facebook_social_maybornanzptyltd_tommeetippee_20_sep26_100169-bottle_video-image-carousel&utm_term=reach&utm_content=video-image-carousel_static-image,www.chemistwarehouse.com.au,/buy/169382/tommee-tippee-natural-start-first-feed-60ml-extra-slow-bottle-1-pack,facebook,social,au_cw_oa_facebook_social_maybornanzptyltd_tommeetippee_20_sep26_100169-bottle_video-image-carousel,20,reach,video-image-carousel_static-image,O&O,Maybornanzptyltd,Tommeetippee,sep26,video-image-carousel,Click and collect available,Shop Tommee Tippee Natural Start First Feed 60ml Extra Slow Bottle at Chemist Warehouse,Shop Now,https://scontent.flim31-1.fna.fbcdn.net/v/t39.35426-6/783856921_1771251787635144_932891405924418169_n.jpg?_nc_cat=102&ccb=1-7&_nc_sid=c53f8f&_nc_ohc=GSFsSlCN7IgQ7kNvwG8t0o8&_nc_oc=AdqJKajEwS6qnOc9Wbb07f-og2yx-9eQafp1k_5ib7FQuQ9rKfsC0dfCXBDLnKccddU&_nc_zt=14&_nc_ht=scontent.flim31-1.fna&_nc_gid=PIv7aX3bcZkWzJhSpk8bnA&_nc_ss=7f180&oh=00_AQLfb2njRbzobJpHnB77itQAgushDXbkOpjqjnhUG7O4Hw&oe=6AA3CDB0,,"['FACEBOOK', 'INSTAGRAM']",au,cw,facebook,social,2026-W36,2026-09,"FACEBOOK, INSTAGRAM",True,True,False,False,False,False,SKU Product,True,True,False,2026-09-07,2026-09-01 07:00:00,2026-09-07 16:55:10.186478,6
1779694523050021,1736377420845074,True,2026-09-02 07:00:00,2026-09-06 07:00:00,Chemist Warehouse,Chemist Warehouse,Click and collect available,Shop Tommee Tippee Natural Start First Feed 60ml Extra Slow Bottle at Chemist Warehouse,Shop now,DCO,https://www.chemistwarehouse.com.au/buy/169382/tommee-tippee-natural-start-first-feed-60ml-extra-slow-bottle-1-pack?utm_source=facebook&utm_medium=social&utm_campaign=au_cw_oa_facebook_social_maybornanzptyltd_tommeetippee_20_sep26_100169-bottle_video-image-carousel&utm_term=reach&utm_content=video-image-carousel_static-image,www.chemistwarehouse.com.au,/buy/169382/tommee-tippee-natural-start-first-feed-60ml-extra-slow-bottle-1-pack,facebook,social,au_cw_oa_facebook_social_maybornanzptyltd_tommeetippee_20_sep26_100169-bottle_video-image-carousel,20,reach,video-image-carousel_static-image,O&O,Maybornanzptyltd,Tommeetippee,sep26,video-image-carousel,Click and collect available,Shop Tommee Tippee Natural Start First Feed 60ml Extra Slow Bottle at Chemist Warehouse,Shop Now,https://scontent.flim31-1.fna.fbcdn.net/v/t39.35426-6/790198280_1604377104409483_2792283603781514792_n.jpg?_nc_cat=103&ccb=1-7&_nc_sid=c53f8f&_nc_ohc=ERhaHGtu4sAQ7kNvwFsYS5F&_nc_oc=AdoPM9qlIMtio-Y0HwJoKkZ56Sq1HMy-9noMpdsqu6sLmJkuW1w9efLL4m0OgDUogZU&_nc_zt=14&_nc_ht=scontent.flim31-1.fna&_nc_gid=PIv7aX3bcZkWzJhSpk8bnA&_nc_ss=7f180&oh=00_AQJ7GXbZlT8ZGrxOHaq5orPEIQ8IW_UufY1bN-HPCZOzeQ&oe=6AA39969,,"['FACEBOOK', 'INSTAGRAM']",au,cw,facebook,social,2026-W36,2026-09,"FACEBOOK, INSTAGRAM",True,True,False,False,False,False,SKU Product,True,True,False,2026-09-07,2026-09-02 07:00:00,2026-09-07 16:55:10.186478,5
1108793871496903,1350667007112176,True,2026-09-01 07:00:00,2026-09-04 07:00:00,Chemist Warehouse,Chemist Warehouse,Your Morning Reset,"One simple routine. Real change.
One spoon every morning for 14 days.
Backed by 100+ research studies and clinical trials.",Shop now,DCO,https://www.chemistwarehouse.com.au/shop-online/3152/manuka-health?utm_source=facebook&utm_medium=social&utm_campaign=au_cw_coop_facebook_social_manukahealthaustralia_manukahealth_81_2026_bau_Dynamic&utm_term=dynamic&utm_content=,www.chemistwarehouse.com.au,/shop-online/3152/manuka-health,facebook,social,au_cw_coop_facebook_social_manukahealthaustralia_manukahealth_81_2026_bau_Dynamic,81,dynamic,,Coop,Manukahealthaustralia,Manukahealth,2026,dynamic,Your Morning Reset,"One simple routine. Real change.
One spoon every morning for 14 days.
Backed by 100+ research studies and clinical trials.",Shop Now,,https://video.flim31-1.fna.fbcdn.net/o1/v/t2/f2/m366/AQPsvtbb7Vso43z23SJ82eBE4Sb-E74PLiP_1XksBTRfV7Y_GXDyIIgKLkBleZWbrJzvSfpshPWDcnXH8SWpQOR3sSGjiaDAmjwVSli2yGZWcw.mp4?_nc_cat=101&_nc_oc=AdqVmwaabnCQeZcNiEdQAyYRtXmPsbvTOez1qLNU_zVM8JGn8nl7WPXqN-hIssnjJ8w&_nc_sid=b66105&_nc_ht=video.flim31-1.fna.fbcdn.net&_nc_ohc=37JH5mjMFgIQ7kNvwHqLg2S&efg=eyJ2ZW5jb2RlX3RhZyI6Inhwdl9wcm9ncmVzc2l2ZS5WSV9VU0VDQVNFX1BST0RVQ1RfVFlQRS4uQzMuNzIwLmRhc2hfaDI2NC1iYXNpYy1nZW4yXzcyMHAiLCJ4cHZfYXNzZXRfaWQiOjM3NjcwNDAzNDM0NjM2NjQsImFzc2V0X2FnZV9kYXlzIjo1LCJ2aV91c2VjYXNlX2lkIjoxMDc5OSwiZHVyYXRpb25fcyI6MjMsInVybGdlbl9zb3VyY2UiOiJ3d3cifQ%3D%3D&ccb=17-1&vs=4dc8949c6fb2617c&_nc_vs=HBksFQIYRWZiX2VwaGVtZXJhbC81NTQxQUEzQzE0NTFEN0Y3MUJBNDMwMDRBQzQ3RTY5Nl9tdF8xX3ZpZGVvX2Rhc2hpbml0Lm1wNBUAAsgBEgAVAhhAZmJfcGVybWFuZW50LzJFNDdBM0RGNzQ0MjVDMEM0MTYzMDExNjQ4QTNDODhDX2F1ZGlvX2Rhc2hpbml0Lm1wNBUCAsgBEgAoABgAGwKIB3VzZV9vaWwBMRJwcm9ncmVzc2l2ZV9yZWNpcGUBMRUAACbg27bYzYaxDRUCKAJDMywXQDd3S8an754YGWRhc2hfaDI2NC1iYXNpYy1nZW4yXzcyMHARAHUAZd6oAQA&_nc_gid=PIv7aX3bcZkWzJhSpk8bnA&_nc_ss=7f180&_nc_zt=28&oh=00_AQI139utLOkVg5xMtu6hphlQrWXlQrCftkZoAtKTjt8lAg&oe=6AA3B293,"['FACEBOOK', 'INSTAGRAM', 'AUDIENCE_NETWORK', 'MESSENGER', 'THREADS']",au,cw,facebook,social,2026-W36,2026-09,"FACEBOOK, INSTAGRAM, AUDIENCE_NETWORK, MESSENGER, THREADS",True,True,True,True,True,False,Brand/Category Page,True,False,False,2026-09-07,2026-09-01 07:00:00,2026-09-07 16:55:10.186478,6
897240099855763,932552082645910,True,2026-08-31 07:00:00,2026-09-06 07:00:00,Chemist Warehouse,Chemist Warehouse,DON'T MISS OUT! 💰,"SAVE $15 ON YOUR CONTACT LENSES! 💰

Spend $150+ on contact lenses and we'll take $15 off - limited time only! ✨

🏷️ Just add code SAVE15 at checkout
🚚 FREE shipping on orders $99+^
⏰ Hurry - offer ends 11:59PM 22/07/26 (AEST)

👉 Shop online now at Chemist Warehouse Optometry & see the savings!",Shop now,DCO,https://chemistwarehouseoptometry.com.au/,chemistwarehouseoptometry.com.au,/,,,,,,,Not Specified,,,,,DON'T MISS OUT! 💰,"SAVE $15 ON YOUR CONTACT LENSES! 💰

Spend $150+ on contact lenses and we'll take $15 off - limited time only! ✨

🏷️ Just add code SAVE15 at checkout
🚚 FREE shipping on orders $99+^
⏰ Hurry - offer ends 11:59PM 22/07/26 (AEST)

👉 Shop online now at Chemist Warehouse Optometry & see the savings!",Shop Now,https://scontent.flim31-1.fna.fbcdn.net/v/t39.35426-6/793245174_1378399970938836_5814822333003749267_n.jpg?_nc_cat=104&ccb=1-7&_nc_sid=c53f8f&_nc_ohc=NSd0Rx461mQQ7kNvwGm8A1Y&_nc_oc=Adokdz10nj9tGBYiJHUIuR2oGBlzRbTyZerEnoIu_ff2Vug40LGz1dqNF0JOwwSLxLM&_nc_zt=14&_nc_ht=scontent.flim31-1.fna&_nc_gid=PIv7aX3bcZkWzJhSpk8bnA&_nc_ss=7f180&oh=00_AQIyOhlphn5HzjLYi38_M96UbyT-Ejw7PDvoiEG59mwLxg&oe=6AA3C30D,,"['FACEBOOK', 'INSTAGRAM', 'AUDIENCE_NETWORK', 'MESSENGER', 'THREADS']",,,,,2026-W36,2026-09,"FACEBOOK, INSTAGRAM, AUDIENCE_NETWORK, MESSENGER, THREADS",True,True,True,True,True,False,Homepage,True,True,False,2026-09-07,2026-08-31 07:00:00,2026-09-07 16:55:10.186478,7
1062909523292431,1090548267251139,True,2026-09-02 07:00:00,2026-09-05 07:00:00,Chemist Warehouse,Chemist Warehouse,Click and collect available,Shop Tommee Tippee Natural Start First Feed 60ml Extra Slow Bottle at Chemist Warehouse,Shop now,VIDEO,https://www.chemistwarehouse.com.au/buy/169382/tommee-tippee-natural-start-first-feed-60ml-extra-slow-bottle-1-pack?utm_source=facebook&utm_medium=social&utm_campaign=au_cw_oa_facebook_social_maybornanzptyltd_tommeetippee_20_sep26_100169-bottle_video-image-carousel&utm_term=reach&utm_content=video-image-carousel_video,www.chemistwarehouse.com.au,/buy/169382/tommee-tippee-natural-start-first-feed-60ml-extra-slow-bottle-1-pack,facebook,social,au_cw_oa_facebook_social_maybornanzptyltd_tommeetippee_20_sep26_100169-bottle_video-image-carousel,20,reach,video-image-carousel_video,O&O,Maybornanzptyltd,Tommeetippee,sep26,video-image-carousel,,,,,,"['FACEBOOK', 'INSTAGRAM']",au,cw,facebook,social,2026-W36,2026-09,"FACEBOOK, INSTAGRAM",True,True,False,False,False,False,SKU Product,True,True,False,2026-09-07,2026-09-02 07:00:00,2026-09-07 16:55:10.186478,5
29058061370461154,2910115496016046,True,2026-08-31 07:00:00,2026-09-01 07:00:00,Chemist Warehouse,Chemist Warehouse,Your Morning Reset,"One simple routine. Real change.
One spoon every morning for 14 days.
Backed by 100+ research studies and clinical trials.",Shop now,DCO,https://www.chemistwarehouse.com.au/shop-online/3152/manuka-health?utm_source=facebook&utm_medium=social&utm_campaign=au_cw_coop_facebook_social_manukahealthaustralia_manukahealth_81_2026_bau_Dynamic&utm_term=dynamic&utm_content=,www.chemistwarehouse.com.au,/shop-online/3152/manuka-health,facebook,social,au_cw_coop_facebook_social_manukahealthaustralia_manukahealth_81_2026_bau_Dynamic,81,dynamic,,Coop,Manukahealthaustralia,Manukahealth,2026,dynamic,Your Morning Reset,"One simple routine. Real change.
One spoon every morning for 14 days.
Backed by 100+ research studies and clinical trials.",Shop Now,https://scontent.flim31-1.fna.fbcdn.net/v/t39.35426-6/793159045_2139768426884493_5385974798134530498_n.jpg?_nc_cat=101&ccb=1-7&_nc_sid=c53f8f&_nc_ohc=zVX23VRY37cQ7kNvwGia9O-&_nc_oc=AdrA5rJjg5AT0s8BWiB9NFt6iQzAk23bMIsyQoBJcKMVE6ZIIHjbUdWTGvXnCI9SGBg&_nc_zt=14&_nc_ht=scontent.flim31-1.fna&_nc_gid=PIv7aX3bcZkWzJhSpk8bnA&_nc_ss=7f180&oh=00_AQKuJgEJLSlXy-IkIrYv8VKwhzfWa-ahAmkya5SvjUuLHQ&oe=6AA3AA1F,,"['FACEBOOK', 'INSTAGRAM', 'AUDIENCE_NETWORK', 'MESSENGER', 'THREADS']",au,cw,facebook,social,2026-W36,2026-09,"FACEBOOK, INSTAGRAM, AUDIENCE_NETWORK, MESSENGER, THREADS",True,True,True,True,True,False,Brand/Category Page,True,False,False,2026-09-07,2026-08-31 07:00:00,2026-09-07 16:55:10.186478,7
1772634124162019,2910115496016046,True,2026-09-01 07:00:00,2026-09-04 07:00:00,Chemist Warehouse,Chemist Warehouse,Your Morning Reset,"One simple routine. Real change.
One spoon every morning for 14 days.
Backed by 100+ research studies and clinical trials.",Shop now,DCO,https://www.chemistwarehouse.com.au/shop-online/3152/manuka-health?utm_source=facebook&utm_medium=social&utm_campaign=au_cw_coop_facebook_social_manukahealthaustralia_manukahealth_81_2026_bau_Dynamic&utm_term=dynamic&utm_content=,www.chemistwarehouse.com.au,/shop-online/3152/manuka-health,facebook,social,au_cw_coop_facebook_social_manukahealthaustralia_manukahealth_81_2026_bau_Dynamic,81,dynamic,,Coop,Manukahealthaustralia,Manukahealth,2026,dynamic,Your Morning Reset,"One simple routine. Real change.
One spoon every morning for 14 days.
Backed by 100+ research studies and clinical trials.",Shop Now,https://scontent.flim31-1.fna.fbcdn.net/v/t39.35426-6/790591004_1260019009534546_2779745448234043909_n.jpg?_nc_cat=111&ccb=1-7&_nc_sid=c53f8f&_nc_ohc=u3EdZqYSZSIQ7kNvwFAP7Zi&_nc_oc=Adqcvq4TqZwHSr8jGa-WzGr2jugdnhy1gU1uDxczGaZDio1Lw6iiBJmvnZDRyuGznsI&_nc_zt=14&_nc_ht=scontent.flim31-1.fna&_nc_gid=PIv7aX3bcZkWzJhSpk8bnA&_nc_ss=7f180&oh=00_AQIx-CJ0xay0gsM0b3M65lU7xfG4mGyfBrr-3lCKIYeE3A&oe=6AA3AA69,,"['FACEBOOK', 'INSTAGRAM', 'AUDIENCE_NETWORK', 'MESSENGER', 'THREADS']",au,cw,facebook,social,2026-W36,2026-09,"FACEBOOK, INSTAGRAM, AUDIENCE_NETWORK, MESSENGER, THREADS",True,True,True,True,True,False,Brand/Category Page,True,False,False,2026-09-07,2026-09-01 07:00:00,2026-09-07 16:55:10.186478,6
1735595804388043,1292512246183689,True,2026-08-31 07:00:00,2026-09-06 07:00:00,Chemist Warehouse,Chemist Warehouse,Your Morning Reset,"One simple routine. Real change.
One spoon every morning for 14 days.
Backed by 100+ research studies and clinical trials.",Shop now,DCO,https://www.chemistwarehouse.com.au/shop-online/3152/manuka-health?utm_source=facebook&utm_medium=social&utm_campaign=au_cw_coop_facebook_social_manukahealthaustralia_manukahealth_81_2026_bau_Dynamic&utm_term=dynamic&utm_content=,www.chemistwarehouse.com.au,/shop-online/3152/manuka-health,facebook,social,au_cw_coop_facebook_social_manukahealthaustralia_manukahealth_81_2026_bau_Dynamic,81,dynamic,,Coop,Manukahealthaustralia,Manukahealth,2026,dynamic,Your Morning Reset,"One simple routine. Real change.
One spoon every morning for 14 days.
Backed by 100+ research studies and clinical trials.",Shop Now,https://scontent.flim31-1.fna.fbcdn.net/v/t39.35426-6/791906531_1045177094954199_8963327634572014187_n.jpg?_nc_cat=111&ccb=1-7&_nc_sid=c53f8f&_nc_ohc=xxdjvsqhftEQ7kNvwGDAltg&_nc_oc=Adr5WtIl7tTJn1CgOlO3Y_4G85PWdYC2jEK5H_uzPPl8sTKrNwiWQxzy_b4jxv1Gejs&_nc_zt=14&_nc_ht=scontent.flim31-1.fna&_nc_gid=_PgU7fBId8YFByRzzW7IYQ&_nc_ss=7f180&oh=00_AQJ4n0euKRnggw8hqxSdEyyaqeIQNXqWiSamGrYglfvRPg&oe=6AA39CA4,,"['FACEBOOK', 'INSTAGRAM', 'AUDIENCE_NETWORK', 'MESSENGER', 'THREADS']",au,cw,facebook,social,2026-W36,2026-09,"FACEBOOK, INSTAGRAM, AUDIENCE_NETWORK, MESSENGER, THREADS",True,True,True,True,True,False,Brand/Category Page,True,False,False,2026-09-07,2026-08-31 07:00:00,2026-09-07 16:55:10.186478,7
1852375782400910,2141031936762586,True,2026-09-01 07:00:00,2026-09-06 07:00:00,Chemist Warehouse,Chemist Warehouse,Your Morning Reset,"One simple routine. Real change.
One spoon every morning for 14 days.
Backed by 100+ research studies and clinical trials.",Shop now,DCO,https://www.chemistwarehouse.com.au/shop-online/3152/manuka-health?utm_source=facebook&utm_medium=social&utm_campaign=au_cw_coop_facebook_social_manukahealthaustralia_manukahealth_81_2026_bau_Dynamic&utm_term=dynamic&utm_content=,www.chemistwarehouse.com.au,/shop-online/3152/manuka-health,facebook,social,au_cw_coop_facebook_social_manukahealthaustralia_manukahealth_81_2026_bau_Dynamic,81,dynamic,,Coop,Manukahealthaustralia,Manukahealth,2026,dynamic,Your Morning Reset,"One simple routine. Real change.
One spoon every morning for 14 days.
Backed by 100+ research studies and clinical trials.",Shop Now,,https://video.flim31-1.fna.fbcdn.net/o1/v/t2/f2/m366/AQPHoxw6OvW0KaTzxJ6jOKxpHbayXVol0WjTAHypeZyW6w7TZsNfrZyMmu9Ewom0amZQsbt-Q9Sw7MRZ73OVBKHGbBnQtdAVKxVVJ7cIJZa7dg.mp4?_nc_cat=103&_nc_oc=AdrFqjJXYZfSJ0BjBdVweC7D-Gt9nL2lRVcwzcCJdvf5s7qd4elODoGLMhrhsfiQmy4&_nc_sid=b66105&_nc_ht=video.flim31-1.fna.fbcdn.net&_nc_ohc=i4NpVcgGJGkQ7kNvwECstg3&efg=eyJ2ZW5jb2RlX3RhZyI6Inhwdl9wcm9ncmVzc2l2ZS5WSV9VU0VDQVNFX1BST0RVQ1RfVFlQRS4uQzMuNzIwLmRhc2hfaDI2NC1iYXNpYy1nZW4yXzcyMHAiLCJ4cHZfYXNzZXRfaWQiOjIzMDYyODA5NjM0NzU0OTksImFzc2V0X2FnZV9kYXlzIjo1LCJ2aV91c2VjYXNlX2lkIjoxMDc5OSwiZHVyYXRpb25fcyI6MjIsInVybGdlbl9zb3VyY2UiOiJ3d3cifQ%3D%3D&ccb=17-1&vs=b523e7d138970857&_nc_vs=HBksFQIYRWZiX2VwaGVtZXJhbC9DQjQwQzNFMzE3RUUwRkMzNUZCNThBRDQ1RUREQUJCNF9tdF8xX3ZpZGVvX2Rhc2hpbml0Lm1wNBUAAsgBEgAVAhhAZmJfcGVybWFuZW50LzA2NEE3QjMyRDM2RTlCMTBBRkMyQTJBQUE2NTQyNjk2X2F1ZGlvX2Rhc2hpbml0Lm1wNBUCAsgBEgAoABgAGwKIB3VzZV9vaWwBMRJwcm9ncmVzc2l2ZV9yZWNpcGUBMRUAACbWoKSZnOOYCBUCKAJDMywXQDYzMzMzMzMYGWRhc2hfaDI2NC1iYXNpYy1nZW4yXzcyMHARAHUAZd6oAQA&_nc_gid=_PgU7fBId8YFByRzzW7IYQ&_nc_ss=7f180&_nc_zt=28&oh=00_AQJlQQcmr71v-Je9A-xvUX83anRarNFQAgzk1yafQFuxLw&oe=6AA39D31,"['FACEBOOK', 'INSTAGRAM', 'AUDIENCE_NETWORK', 'MESSENGER', 'THREADS']",au,cw,facebook,social,2026-W36,2026-09,"FACEBOOK, INSTAGRAM, AUDIENCE_NETWORK, MESSENGER, THREADS",True,True,True,True,True,False,Brand/Category Page,True,False,False,2026-09-07,2026-09-01 07:00:00,2026-09-07 16:55:10.186478,6
1419774916917592,2022371181800231,True,2026-09-01 07:00:00,2026-09-05 07:00:00,Chemist Warehouse,Chemist Warehouse,Your Morning Reset,"One simple routine. Real change.
One spoon every morning for 14 days.
Backed by 100+ research studies and clinical trials.",See details,DCO,https://www.chemistwarehouse.com.au/shop-online/3152/manuka-health?utm_source=facebook&utm_medium=social&utm_campaign=au_cw_coop_facebook_social_manukahealthaustralia_manukahealth_81_2026_bau_Dynamic&utm_term=dynamic&utm_content=,www.chemistwarehouse.com.au,/shop-online/3152/manuka-health,facebook,social,au_cw_coop_facebook_social_manukahealthaustralia_manukahealth_81_2026_bau_Dynamic,81,dynamic,,Coop,Manukahealthaustralia,Manukahealth,2026,dynamic,Your Morning Reset,"One simple routine. Real change.
One spoon every morning for 14 days.
Backed by 100+ research studies and clinical trials.",See Details,,https://video.flim31-1.fna.fbcdn.net/o1/v/t2/f2/m366/AQNnHgmr6MtqFzy0lS9tqXkBpc2XI7xGlUuTHOxhcB8RuTIz7pjVGjgO0LsxrhvxQwO4eSpBSJg-LVIBfEr3gTkIieNT0qph18jcGEWCD-pfpQ.mp4?_nc_cat=111&_nc_oc=AdpzeiZiFpe9yUaxIA1N_G6zL4BKhzqnF5mBH-SHi2kNlmj6VFzO7-wBclgMxbtYksA&_nc_sid=b66105&_nc_ht=video.flim31-1.fna.fbcdn.net&_nc_ohc=VXVjSVbe4CwQ7kNvwHfsS0p&efg=eyJ2ZW5jb2RlX3RhZyI6Inhwdl9wcm9ncmVzc2l2ZS5WSV9VU0VDQVNFX1BST0RVQ1RfVFlQRS4uQzMuNzIwLmRhc2hfaDI2NC1iYXNpYy1nZW4yXzcyMHAiLCJ4cHZfYXNzZXRfaWQiOjEwNDg3MjE5OTgwNzc5MzgsImFzc2V0X2FnZV9kYXlzIjo1LCJ2aV91c2VjYXNlX2lkIjoxMDc5OSwiZHVyYXRpb25fcyI6MTcsInVybGdlbl9zb3VyY2UiOiJ3d3cifQ%3D%3D&ccb=17-1&vs=a973fccdcdcb3521&_nc_vs=HBksFQIYRWZiX2VwaGVtZXJhbC83NjQwODZEQzlBOTE3NUQ3ODYzNTc4RUI1RTA3MjFBOF9tdF8xX3ZpZGVvX2Rhc2hpbml0Lm1wNBUAAsgBEgAVAhhAZmJfcGVybWFuZW50LzFBNDNDNDU3M0I1NEExNDc3NzEyNkZGNERBMzk1NTkwX2F1ZGlvX2Rhc2hpbml0Lm1wNBUCAsgBEgAoABgAGwKIB3VzZV9vaWwBMRJwcm9ncmVzc2l2ZV9yZWNpcGUBMRUAACbk_87i0_PcAxUCKAJDMywXQDE7peNT988YGWRhc2hfaDI2NC1iYXNpYy1nZW4yXzcyMHARAHUAZd6oAQA&_nc_gid=_PgU7fBId8YFByRzzW7IYQ&_nc_ss=7f180&_nc_zt=28&oh=00_AQJCDe0RJvO9Kd1LshusMr0LQIyVLe5gSNpW-P7XMpZM3Q&oe=6AA3BDC5,"['FACEBOOK', 'INSTAGRAM', 'AUDIENCE_NETWORK', 'MESSENGER', 'THREADS']",au,cw,facebook,social,2026-W36,2026-09,"FACEBOOK, INSTAGRAM, AUDIENCE_NETWORK, MESSENGER, THREADS",True,True,True,True,True,False,Brand/Category Page,True,False,False,2026-09-07,2026-09-01 07:00:00,2026-09-07 16:55:10.186478,6
1520668826763869,2022371181800231,True,2026-08-31 07:00:00,2026-09-02 07:00:00,Chemist Warehouse,Chemist Warehouse,Your Morning Reset,"One simple routine. Real change.
One spoon every morning for 14 days.
Backed by 100+ research studies and clinical trials.",See details,DCO,https://www.chemistwarehouse.com.au/shop-online/3152/manuka-health?utm_source=facebook&utm_medium=social&utm_campaign=au_cw_coop_facebook_social_manukahealthaustralia_manukahealth_81_2026_bau_Dynamic&utm_term=dynamic&utm_content=,www.chemistwarehouse.com.au,/shop-online/3152/manuka-health,facebook,social,au_cw_coop_facebook_social_manukahealthaustralia_manukahealth_81_2026_bau_Dynamic,81,dynamic,,Coop,Manukahealthaustralia,Manukahealth,2026,dynamic,Your Morning Reset,"One simple routine. Real change.
One spoon every morning for 14 days.
Backed by 100+ research studies and clinical trials.",See Details,,https://video.flim31-1.fna.fbcdn.net/o1/v/t2/f2/m366/AQNnHgmr6MtqFzy0lS9tqXkBpc2XI7xGlUuTHOxhcB8RuTIz7pjVGjgO0LsxrhvxQwO4eSpBSJg-LVIBfEr3gTkIieNT0qph18jcGEWCD-pfpQ.mp4?_nc_cat=111&_nc_oc=AdpzeiZiFpe9yUaxIA1N_G6zL4BKhzqnF5mBH-SHi2kNlmj6VFzO7-wBclgMxbtYksA&_nc_sid=b66105&_nc_ht=video.flim31-1.fna.fbcdn.net&_nc_ohc=VXVjSVbe4CwQ7kNvwHfsS0p&efg=eyJ2ZW5jb2RlX3RhZyI6Inhwdl9wcm9ncmVzc2l2ZS5WSV9VU0VDQVNFX1BST0RVQ1RfVFlQRS4uQzMuNzIwLmRhc2hfaDI2NC1iYXNpYy1nZW4yXzcyMHAiLCJ4cHZfYXNzZXRfaWQiOjEwNDg3MjE5OTgwNzc5MzgsImFzc2V0X2FnZV9kYXlzIjo1LCJ2aV91c2VjYXNlX2lkIjoxMDc5OSwiZHVyYXRpb25fcyI6MTcsInVybGdlbl9zb3VyY2UiOiJ3d3cifQ%3D%3D&ccb=17-1&vs=a973fccdcdcb3521&_nc_vs=HBksFQIYRWZiX2VwaGVtZXJhbC83NjQwODZEQzlBOTE3NUQ3ODYzNTc4RUI1RTA3MjFBOF9tdF8xX3ZpZGVvX2Rhc2hpbml0Lm1wNBUAAsgBEgAVAhhAZmJfcGVybWFuZW50LzFBNDNDNDU3M0I1NEExNDc3NzEyNkZGNERBMzk1NTkwX2F1ZGlvX2Rhc2hpbml0Lm1wNBUCAsgBEgAoABgAGwKIB3VzZV9vaWwBMRJwcm9ncmVzc2l2ZV9yZWNpcGUBMRUAACbk_87i0_PcAxUCKAJDMywXQDE7peNT988YGWRhc2hfaDI2NC1iYXNpYy1nZW4yXzcyMHARAHUAZd6oAQA&_nc_gid=_PgU7fBId8YFByRzzW7IYQ&_nc_ss=7f180&_nc_zt=28&oh=00_AQJCDe0RJvO9Kd1LshusMr0LQIyVLe5gSNpW-P7XMpZM3Q&oe=6AA3BDC5,"['FACEBOOK', 'INSTAGRAM', 'AUDIENCE_NETWORK', 'MESSENGER', 'THREADS']",au,cw,facebook,social,2026-W36,2026-09,"FACEBOOK, INSTAGRAM, AUDIENCE_NETWORK, MESSENGER, THREADS",True,True,True,True,True,False,Brand/Category Page,True,False,False,2026-09-07,2026-08-31 07:00:00,2026-09-07 16:55:10.186478,7
2069527887027841,1579890086416622,True,2026-09-03 07:00:00,2026-09-06 07:00:00,Chemist Warehouse,Chemist Warehouse,Shop Melrose at Chemist Warehouse!,Shop Melrose MCT Oil Kick Start Now at Chemist Warehouse!,Shop now,VIDEO,https://www.chemistwarehouse.com.au/buy/88684/melrose-mct-oil-kick-start-500ml?utm_source=facebook&utm_medium=social&utm_campaign=au_cw_oa_facebook_social_melrosehealthsupplies_melrose_1255_sep26_100598-oa_video-image&utm_term=traffic&utm_content=video-image_,www.chemistwarehouse.com.au,/buy/88684/melrose-mct-oil-kick-start-500ml,facebook,social,au_cw_oa_facebook_social_melrosehealthsupplies_melrose_1255_sep26_100598-oa_video-image,1255,traffic,video-image_,O&O,Melrosehealthsupplies,Melrose,sep26,video-image,,,,,,"['FACEBOOK', 'INSTAGRAM', 'MESSENGER', 'WHATSAPP']",au,cw,facebook,social,2026-W36,2026-09,"FACEBOOK, INSTAGRAM, MESSENGER, WHATSAPP",True,True,False,True,False,True,SKU Product,True,True,False,2026-09-07,2026-09-03 07:00:00,2026-09-07 16:55:10.186478,4
1081161900950174,1706877220390010,True,2026-08-31 07:00:00,2026-09-05 07:00:00,Chemist Warehouse,Chemist Warehouse,Your Morning Reset,"One simple routine. Real change.
One spoon every morning for 14 days.
Backed by 100+ research studies and clinical trials.",Shop now,DCO,https://www.chemistwarehouse.com.au/shop-online/3152/manuka-health?utm_source=facebook&utm_medium=social&utm_campaign=au_cw_coop_facebook_social_manukahealthaustralia_manukahealth_81_2026_bau_Dynamic&utm_term=dynamic&utm_content=,www.chemistwarehouse.com.au,/shop-online/3152/manuka-health,facebook,social,au_cw_coop_facebook_social_manukahealthaustralia_manukahealth_81_2026_bau_Dynamic,81,dynamic,,Coop,Manukahealthaustralia,Manukahealth,2026,dynamic,Your Morning Reset,"One simple routine. Real change.
One spoon every morning for 14 days.
Backed by 100+ research studies and clinical trials.",Shop Now,https://scontent.flim31-1.fna.fbcdn.net/v/t39.35426-6/788926384_974735352304724_9044554717107932103_n.jpg?_nc_cat=108&ccb=1-7&_nc_sid=c53f8f&_nc_ohc=lfTqrvVVpj8Q7kNvwFLLq0D&_nc_oc=AdpfBLWF-Nq6YrKxvjviNWCl12bCONidSDGGIeY_ltEa7_lbU3YTjkyQewceISfzKRU&_nc_zt=14&_nc_ht=scontent.flim31-1.fna&_nc_gid=_PgU7fBId8YFByRzzW7IYQ&_nc_ss=7f180&oh=00_AQKmTaQKcv1c4eX1ePXJ4H7mRnN-4WhFF8jPRUMWC_DXNg&oe=6AA3A8C9,,"['FACEBOOK', 'INSTAGRAM', 'AUDIENCE_NETWORK', 'MESSENGER', 'THREADS']",au,cw,facebook,social,2026-W36,2026-09,"FACEBOOK, INSTAGRAM, AUDIENCE_NETWORK, MESSENGER, THREADS",True,True,True,True,True,False,Brand/Category Page,True,False,False,2026-09-07,2026-08-31 07:00:00,2026-09-07 16:55:10.186478,7
1387706152787201,1706877220390010,True,2026-08-31 07:00:00,2026-09-01 07:00:00,Chemist Warehouse,Chemist Warehouse,Your Morning Reset,"One simple routine. Real change.
One spoon every morning for 14 days.
Backed by 100+ research studies and clinical trials.",Shop now,DCO,https://www.chemistwarehouse.com.au/shop-online/3152/manuka-health?utm_source=facebook&utm_medium=social&utm_campaign=au_cw_coop_facebook_social_manukahealthaustralia_manukahealth_81_2026_bau_Dynamic&utm_term=dynamic&utm_content=,www.chemistwarehouse.com.au,/shop-online/3152/manuka-health,facebook,social,au_cw_coop_facebook_social_manukahealthaustralia_manukahealth_81_2026_bau_Dynamic,81,dynamic,,Coop,Manukahealthaustralia,Manukahealth,2026,dynamic,Your Morning Reset,"One simple routine. Real change.
One spoon every morning for 14 days.
Backed by 100+ research studies and clinical trials.",Shop Now,https://scontent.flim31-1.fna.fbcdn.net/v/t39.35426-6/791045543_1877504849892814_58773334103612472_n.jpg?_nc_cat=105&ccb=1-7&_nc_sid=c53f8f&_nc_ohc=8OgFt1aiqUwQ7kNvwEI4TPI&_nc_oc=AdpZLphc6cgumqPGjJg1LmM81jqrd7vwGX8aCK27ZP1Q3GQbiitivEvap1b3Ea0aO1g&_nc_zt=14&_nc_ht=scontent.flim31-1.fna&_nc_gid=_PgU7fBId8YFByRzzW7IYQ&_nc_ss=7f180&oh=00_AQJJbp1ejWdxR65AuCoB3e24jDRdh4bcGzsRo1KV3Ro3Xw&oe=6AA3CEF2,,"['FACEBOOK', 'INSTAGRAM', 'AUDIENCE_NETWORK', 'MESSENGER', 'THREADS']",au,cw,facebook,social,2026-W36,2026-09,"FACEBOOK, INSTAGRAM, AUDIENCE_NETWORK, MESSENGER, THREADS",True,True,True,True,True,False,Brand/Category Page,True,False,False,2026-09-07,2026-08-31 07:00:00,2026-09-07 16:55:10.186478,7
1060041746935022,1361839182330199,True,2026-08-31 07:00:00,2026-09-06 07:00:00,Chemist Warehouse,Chemist Warehouse,Your Morning Reset,"One simple routine. Real change.
One spoon every morning for 14 days.
Backed by 100+ research studies and clinical trials.",See details,DCO,https://www.chemistwarehouse.com.au/shop-online/3152/manuka-health?utm_source=facebook&utm_medium=social&utm_campaign=au_cw_coop_facebook_social_manukahealthaustralia_manukahealth_81_2026_bau_Dynamic&utm_term=dynamic&utm_content=,www.chemistwarehouse.com.au,/shop-online/3152/manuka-health,facebook,social,au_cw_coop_facebook_social_manukahealthaustralia_manukahealth_81_2026_bau_Dynamic,81,dynamic,,Coop,Manukahealthaustralia,Manukahealth,2026,dynamic,Your Morning Reset,"One simple routine. Real change.
One spoon every morning for 14 days.
Backed by 100+ research studies and clinical trials.",See Details,,https://video.flim31-1.fna.fbcdn.net/o1/v/t2/f2/m366/AQNSg-ChAoFdWyPRPtYCPPWvokrQoevy-r4jp3ZNdNxLqtg2MQNXCd05razkabBdYzsEGd4DcC3eIODQZzX84YgWO6B8bCw6eBrKB8kaa3dRhQ.mp4?_nc_cat=111&_nc_oc=AdpDNMjd2RVEM9exp5WKFObmuMzVO5pHSVFZZ3VeDxJmOCbEzIadHD7CMo4s0oxF3Io&_nc_sid=b66105&_nc_ht=video.flim31-1.fna.fbcdn.net&_nc_ohc=UGh7G3RuoTMQ7kNvwEdZfF_&efg=eyJ2ZW5jb2RlX3RhZyI6Inhwdl9wcm9ncmVzc2l2ZS5WSV9VU0VDQVNFX1BST0RVQ1RfVFlQRS4uQzMuNzIwLmRhc2hfaDI2NC1iYXNpYy1nZW4yXzcyMHAiLCJ4cHZfYXNzZXRfaWQiOjEzOTMzMTExNjk2MDk5MjUsImFzc2V0X2FnZV9kYXlzIjo1LCJ2aV91c2VjYXNlX2lkIjoxMDc5OSwiZHVyYXRpb25fcyI6MzEsInVybGdlbl9zb3VyY2UiOiJ3d3cifQ%3D%3D&ccb=17-1&vs=861f7ea683cdbe67&_nc_vs=HBksFQIYRWZiX2VwaGVtZXJhbC8zRDQzRjQyMDYwMUE2RkM2NTZCMzUwMTQ3NkI4QTBCMV9tdF8xX3ZpZGVvX2Rhc2hpbml0Lm1wNBUAAsgBEgAVAhhAZmJfcGVybWFuZW50L0M4NDkyNDFBQTBCRDI2NzREMzJGNEFEREJEMjJFRUE3X2F1ZGlvX2Rhc2hpbml0Lm1wNBUCAsgBEgAoABgAGwKIB3VzZV9vaWwBMRJwcm9ncmVzc2l2ZV9yZWNpcGUBMRUAACaKg5yVsc35BBUCKAJDMywXQD9EGJN0vGoYGWRhc2hfaDI2NC1iYXNpYy1nZW4yXzcyMHARAHUAZd6oAQA&_nc_gid=_PgU7fBId8YFByRzzW7IYQ&_nc_ss=7f180&_nc_zt=28&oh=00_AQK2-i6qLFbHWCrTeUDV0b9KWzokdE4qIfR5_k_zGmmF2Q&oe=6AA39D3D,"['FACEBOOK', 'INSTAGRAM', 'AUDIENCE_NETWORK', 'MESSENGER', 'THREADS']",au,cw,facebook,social,2026-W36,2026-09,"FACEBOOK, INSTAGRAM, AUDIENCE_NETWORK, MESSENGER, THREADS",True,True,True,True,True,False,Brand/Category Page,True,False,False,2026-09-07,2026-08-31 07:00:00,2026-09-07 16:55:10.186478,7
3319708508417251,1361839182330199,True,2026-08-31 07:00:00,2026-09-05 07:00:00,Chemist Warehouse,Chemist Warehouse,Your Morning Reset,"One simple routine. Real change.
One spoon every morning for 14 days.
Backed by 100+ research studies and clinical trials.",See details,DCO,https://www.chemistwarehouse.com.au/shop-online/3152/manuka-health?utm_source=facebook&utm_medium=social&utm_campaign=au_cw_coop_facebook_social_manukahealthaustralia_manukahealth_81_2026_bau_Dynamic&utm_term=dynamic&utm_content=,www.chemistwarehouse.com.au,/shop-online/3152/manuka-health,facebook,social,au_cw_coop_facebook_social_manukahealthaustralia_manukahealth_81_2026_bau_Dynamic,81,dynamic,,Coop,Manukahealthaustralia,Manukahealth,2026,dynamic,Your Morning Reset,"One simple routine. Real change.
One spoon every morning for 14 days.
Backed by 100+ research studies and clinical trials.",See Details,,https://video.flim31-1.fna.fbcdn.net/o1/v/t2/f2/m366/AQNSg-ChAoFdWyPRPtYCPPWvokrQoevy-r4jp3ZNdNxLqtg2MQNXCd05razkabBdYzsEGd4DcC3eIODQZzX84YgWO6B8bCw6eBrKB8kaa3dRhQ.mp4?_nc_cat=111&_nc_oc=AdpDNMjd2RVEM9exp5WKFObmuMzVO5pHSVFZZ3VeDxJmOCbEzIadHD7CMo4s0oxF3Io&_nc_sid=b66105&_nc_ht=video.flim31-1.fna.fbcdn.net&_nc_ohc=UGh7G3RuoTMQ7kNvwEdZfF_&efg=eyJ2ZW5jb2RlX3RhZyI6Inhwdl9wcm9ncmVzc2l2ZS5WSV9VU0VDQVNFX1BST0RVQ1RfVFlQRS4uQzMuNzIwLmRhc2hfaDI2NC1iYXNpYy1nZW4yXzcyMHAiLCJ4cHZfYXNzZXRfaWQiOjEzOTMzMTExNjk2MDk5MjUsImFzc2V0X2FnZV9kYXlzIjo1LCJ2aV91c2VjYXNlX2lkIjoxMDc5OSwiZHVyYXRpb25fcyI6MzEsInVybGdlbl9zb3VyY2UiOiJ3d3cifQ%3D%3D&ccb=17-1&vs=861f7ea683cdbe67&_nc_vs=HBksFQIYRWZiX2VwaGVtZXJhbC8zRDQzRjQyMDYwMUE2RkM2NTZCMzUwMTQ3NkI4QTBCMV9tdF8xX3ZpZGVvX2Rhc2hpbml0Lm1wNBUAAsgBEgAVAhhAZmJfcGVybWFuZW50L0M4NDkyNDFBQTBCRDI2NzREMzJGNEFEREJEMjJFRUE3X2F1ZGlvX2Rhc2hpbml0Lm1wNBUCAsgBEgAoABgAGwKIB3VzZV9vaWwBMRJwcm9ncmVzc2l2ZV9yZWNpcGUBMRUAACaKg5yVsc35BBUCKAJDMywXQD9EGJN0vGoYGWRhc2hfaDI2NC1iYXNpYy1nZW4yXzcyMHARAHUAZd6oAQA&_nc_gid=_PgU7fBId8YFByRzzW7IYQ&_nc_ss=7f180&_nc_zt=28&oh=00_AQK2-i6qLFbHWCrTeUDV0b9KWzokdE4qIfR5_k_zGmmF2Q&oe=6AA39D3D,"['FACEBOOK', 'INSTAGRAM', 'AUDIENCE_NETWORK', 'MESSENGER', 'THREADS']",au,cw,facebook,social,2026-W36,2026-09,"FACEBOOK, INSTAGRAM, AUDIENCE_NETWORK, MESSENGER, THREADS",True,True,True,True,True,False,Brand/Category Page,True,False,False,2026-09-07,2026-08-31 07:00:00,2026-09-07 16:55:10.186478,7
1240253904902801,1350667007112176,True,2026-09-01 07:00:00,2026-09-06 07:00:00,Chemist Warehouse,Chemist Warehouse,Your Morning Reset,"One simple routine. Real change.
One spoon every morning for 14 days.
Backed by 100+ research studies and clinical trials.",Shop now,DCO,https://www.chemistwarehouse.com.au/shop-online/3152/manuka-health?utm_source=facebook&utm_medium=social&utm_campaign=au_cw_coop_facebook_social_manukahealthaustralia_manukahealth_81_2026_bau_Dynamic&utm_term=dynamic&utm_content=,www.chemistwarehouse.com.au,/shop-online/3152/manuka-health,facebook,social,au_cw_coop_facebook_social_manukahealthaustralia_manukahealth_81_2026_bau_Dynamic,81,dynamic,,Coop,Manukahealthaustralia,Manukahealth,2026,dynamic,Your Morning Reset,"One simple routine. Real change.
One spoon every morning for 14 days.
Backed by 100+ research studies and clinical trials.",Shop Now,,https://video.flim31-1.fna.fbcdn.net/o1/v/t2/f2/m366/AQPsvtbb7Vso43z23SJ82eBE4Sb-E74PLiP_1XksBTRfV7Y_GXDyIIgKLkBleZWbrJzvSfpshPWDcnXH8SWpQOR3sSGjiaDAmjwVSli2yGZWcw.mp4?_nc_cat=101&_nc_oc=AdqVmwaabnCQeZcNiEdQAyYRtXmPsbvTOez1qLNU_zVM8JGn8nl7WPXqN-hIssnjJ8w&_nc_sid=b66105&_nc_ht=video.flim31-1.fna.fbcdn.net&_nc_ohc=37JH5mjMFgIQ7kNvwHqLg2S&efg=eyJ2ZW5jb2RlX3RhZyI6Inhwdl9wcm9ncmVzc2l2ZS5WSV9VU0VDQVNFX1BST0RVQ1RfVFlQRS4uQzMuNzIwLmRhc2hfaDI2NC1iYXNpYy1nZW4yXzcyMHAiLCJ4cHZfYXNzZXRfaWQiOjM3NjcwNDAzNDM0NjM2NjQsImFzc2V0X2FnZV9kYXlzIjo1LCJ2aV91c2VjYXNlX2lkIjoxMDc5OSwiZHVyYXRpb25fcyI6MjMsInVybGdlbl9zb3VyY2UiOiJ3d3cifQ%3D%3D&ccb=17-1&vs=4dc8949c6fb2617c&_nc_vs=HBksFQIYRWZiX2VwaGVtZXJhbC81NTQxQUEzQzE0NTFEN0Y3MUJBNDMwMDRBQzQ3RTY5Nl9tdF8xX3ZpZGVvX2Rhc2hpbml0Lm1wNBUAAsgBEgAVAhhAZmJfcGVybWFuZW50LzJFNDdBM0RGNzQ0MjVDMEM0MTYzMDExNjQ4QTNDODhDX2F1ZGlvX2Rhc2hpbml0Lm1wNBUCAsgBEgAoABgAGwKIB3VzZV9vaWwBMRJwcm9ncmVzc2l2ZV9yZWNpcGUBMRUAACbg27bYzYaxDRUCKAJDMywXQDd3S8an754YGWRhc2hfaDI2NC1iYXNpYy1nZW4yXzcyMHARAHUAZd6oAQA&_nc_gid=_PgU7fBId8YFByRzzW7IYQ&_nc_ss=7f180&_nc_zt=28&oh=00_AQIN6e1rr0AhY25ldOsaq-UQD1EYc7VSwS73VEyQlNJupQ&oe=6AA3B293,"['FACEBOOK', 'INSTAGRAM', 'AUDIENCE_NETWORK', 'MESSENGER', 'THREADS']",au,cw,facebook,social,2026-W36,2026-09,"FACEBOOK, INSTAGRAM, AUDIENCE_NETWORK, MESSENGER, THREADS",True,True,True,True,True,False,Brand/Category Page,True,False,False,2026-09-07,2026-09-01 07:00:00,2026-09-07 16:55:10.186478,6
1967046580626076,1797432354780012,True,2026-08-31 07:00:00,2026-09-06 07:00:00,Chemist Warehouse,Chemist Warehouse,Whiter Teeth. Fresher Breath,Two of Hismile's biggest sellers. One bundle. Now available at Chemist Warehouse.,Shop now,DCO,https://www.chemistwarehouse.com.au/shop-online/6018/hismile?utm_source=facebook&utm_medium=social&utm_campaign=au_cw_coop_facebook_social_hismileptyltd_hismile_159_2026_100020-bau_image&utm_term=traffic&utm_content=image_static-image,www.chemistwarehouse.com.au,/shop-online/6018/hismile,facebook,social,au_cw_coop_facebook_social_hismileptyltd_hismile_159_2026_100020-bau_image,159,traffic,image_static-image,Coop,Hismileptyltd,Hismile,2026,image,Whiter Teeth. Fresher Breath,Two of Hismile's biggest sellers. One bundle. Now available at Chemist Warehouse.,Shop Now,https://scontent.flim31-1.fna.fbcdn.net/v/t39.35426-6/793158908_27778681548470161_8241370838422030627_n.jpg?_nc_cat=102&ccb=1-7&_nc_sid=c53f8f&_nc_ohc=ZoI3L48OEP8Q7kNvwEc2gce&_nc_oc=Adp4lEcf-qAghBtd4eZ17ThIQD8ziN4ZfXykQyfiuTTyUYxV5MoaD9oygx6jBNxCDnw&_nc_zt=14&_nc_ht=scontent.flim31-1.fna&_nc_gid=_PgU7fBId8YFByRzzW7IYQ&_nc_ss=7f180&oh=00_AQIrb_WQllLagp6029vwW50VQs6UlbMF6rPUHGjQjg7B8A&oe=6AA3AD09,,"['FACEBOOK', 'INSTAGRAM', 'THREADS']",au,cw,facebook,social,2026-W36,2026-09,"FACEBOOK, INSTAGRAM, THREADS",True,True,False,False,True,False,Brand/Category Page,True,True,False,2026-09-07,2026-08-31 07:00:00,2026-09-07 16:55:10.186478,7
1655452022594629,2213846239465867,True,2026-08-31 07:00:00,2026-09-06 07:00:00,Chemist Warehouse,Chemist Warehouse,Shop Natalis at Chemist Warehouse!,Find Natalis for a great price every day at Chemist Warehouse.,Shop now,VIDEO,https://www.chemistwarehouse.com.au/shop-online/6315/natalis-pregnancy-care,www.chemistwarehouse.com.au,/shop-online/6315/natalis-pregnancy-care,,,,,,,Not Specified,,,,,,,,,,"['FACEBOOK', 'INSTAGRAM']",,,,,2026-W36,2026-09,"FACEBOOK, INSTAGRAM",True,True,False,False,False,False,Brand/Category Page,True,True,False,2026-09-07,2026-08-31 07:00:00,2026-09-07 16:55:10.186478,7
3503713103143254,1721204452327492,True,2026-08-31 07:00:00,2026-09-06 07:00:00,Chemist Warehouse,Chemist Warehouse,,"Want the chance to WIN the ULTIMATE 2026 NRL Telstra Grand Final experience?
 
Super simple! Keep watching to find out!",Learn more,VIDEO,https://www.chemistwarehouse.com.au/competitions/footy-finals-2026?utm_source=facebook&utm_medium=social&utm_campaign=au_cw_house_facebook_social_chemistwarehouse_chemistwarehouse_0_2026_footyfinal_daly-cherry-evans&utm_term=reach&utm_content=daly-cherry-evans_brand,www.chemistwarehouse.com.au,/competitions/footy-finals-2026,facebook,social,au_cw_house_facebook_social_chemistwarehouse_chemistwarehouse_0_2026_footyfinal_daly-cherry-evans,0,reach,daly-cherry-evans_brand,House,Chemistwarehouse,Chemistwarehouse,2026,daly-cherry-evans,,,,,,"['FACEBOOK', 'INSTAGRAM']",au,cw,facebook,social,2026-W36,2026-09,"FACEBOOK, INSTAGRAM",True,True,False,False,False,False,Other,True,False,False,2026-09-07,2026-08-31 07:00:00,2026-09-07 16:55:10.186478,7
1093707669667990,1695219049270787,True,2026-08-31 07:00:00,2026-09-06 07:00:00,Chemist Warehouse,Chemist Warehouse,Sukin's New Radiance,"Gift your mum the glow she deserves with Sukin's new Glow Active C, Clinically proven.",Shop now,DCO,https://www.chemistwarehouse.com.au/shop-online/902/sukin?utm_source=facebook&utm_medium=social&utm_campaign=au_cw_coop_facebook_social_bwxbrandsptyltd_sukin_665_2026_100133-bau_video-image&utm_term=traffic&utm_content=video-image_all,www.chemistwarehouse.com.au,/shop-online/902/sukin,facebook,social,au_cw_coop_facebook_social_bwxbrandsptyltd_sukin_665_2026_100133-bau_video-image,665,traffic,video-image_all,Coop,Bwxbrandsptyltd,Sukin,2026,video-image,Sukin's New Radiance,"Gift your mum the glow she deserves with Sukin's new Glow Active C, Clinically proven.",Shop Now,https://scontent.flim31-1.fna.fbcdn.net/v/t39.35426-6/790318150_1335824038361128_7296625968499096731_n.jpg?_nc_cat=111&ccb=1-7&_nc_sid=c53f8f&_nc_ohc=SYJ_9TJGtSQQ7kNvwHw3IhI&_nc_oc=AdqPAChNYw6RWtf4aMGAGj_4Zg4nycKJVLu2LDk7jsDQYRpDgUHFBvcNyTIif2TotI4&_nc_zt=14&_nc_ht=scontent.flim31-1.fna&_nc_gid=_PgU7fBId8YFByRzzW7IYQ&_nc_ss=7f180&oh=00_AQJrOn5OgAWF-WB3jO_rDOyy0Pe09gGm9OfK1dmtdgyZew&oe=6AA3B9A9,,"['FACEBOOK', 'INSTAGRAM', 'AUDIENCE_NETWORK', 'MESSENGER', 'WHATSAPP', 'THREADS']",au,cw,facebook,social,2026-W36,2026-09,"FACEBOOK, INSTAGRAM, AUDIENCE_NETWORK, MESSENGER, WHATSAPP, THREADS",True,True,True,True,True,True,Brand/Category Page,True,False,False,2026-09-07,2026-08-31 07:00:00,2026-09-07 16:55:10.186478,7
2333385880804935,1314331430578639,True,2026-08-31 07:00:00,2026-09-06 07:00:00,Chemist Warehouse,Chemist Warehouse,Shop Natalis at Chemist Warehouse!,Find Natalis for a great price every day at Chemist Warehouse.,Shop now,DCO,https://www.chemistwarehouse.com.au/shop-online/6315/natalis-pregnancy-care,www.chemistwarehouse.com.au,/shop-online/6315/natalis-pregnancy-care,,,,,,,Not Specified,,,,,Shop Natalis at Chemist Warehouse!,Find Natalis for a great price every day at Chemist Warehouse.,Shop Now,,https://video.flim31-1.fna.fbcdn.net/o1/v/t2/f2/m366/AQMdYXO3Fa_d05oXm_B9W_rgMu3JtuTYWZPbxYgHeBu6I-mZD6khYKfuFpOPnB0C1VTf7v39LU2Sv1cw8z03nzL29-myn1251oYfrpISzUi0EQ.mp4?_nc_cat=108&_nc_oc=AdrV5zzCMgRrx1Fe2RY0RJ4oAIaos03IawEcT5obOcTYwqVzk2N0-U9EsK4VZJSo-fY&_nc_sid=b66105&_nc_ht=video.flim31-1.fna.fbcdn.net&_nc_ohc=QbRMwZGwYCEQ7kNvwGqCySy&efg=eyJ2ZW5jb2RlX3RhZyI6Inhwdl9wcm9ncmVzc2l2ZS5WSV9VU0VDQVNFX1BST0RVQ1RfVFlQRS4uQzMuNzIwLmRhc2hfaDI2NC1iYXNpYy1nZW4yXzcyMHAiLCJ4cHZfYXNzZXRfaWQiOjEwNzE1MDA3MDE5NjI3MzMsImFzc2V0X2FnZV9kYXlzIjoxOCwidmlfdXNlY2FzZV9pZCI6MTA3OTksImR1cmF0aW9uX3MiOjE0LCJ1cmxnZW5fc291cmNlIjoid3d3In0%3D&ccb=17-1&vs=909d2285f1156ea5&_nc_vs=HBksFQIYRWZiX2VwaGVtZXJhbC9DNzRCQUY3RkEyNTk1OTI5OTc4NkYyQTgwODA1QTNCOV9tdF8xX3ZpZGVvX2Rhc2hpbml0Lm1wNBUAAsgBEgAVAhhAZmJfcGVybWFuZW50L0UzNERFMDlGOTdFNDU3MDA2QTA2QTc1Q0M1NTk2NDg3X2F1ZGlvX2Rhc2hpbml0Lm1wNBUCAsgBEgAoABgAGwKIB3VzZV9vaWwBMRJwcm9ncmVzc2l2ZV9yZWNpcGUBMRUAACbax7yrxqHnAxUCKAJDMywXQC3rhR64UewYGWRhc2hfaDI2NC1iYXNpYy1nZW4yXzcyMHARAHUAZd6oAQA&_nc_gid=_PgU7fBId8YFByRzzW7IYQ&_nc_ss=7f180&_nc_zt=28&oh=00_AQJaRIh4afQn85P60yYv4cMfIG6ufNOizSvLndGuUH3F9Q&oe=6AA3CFA0,"['FACEBOOK', 'INSTAGRAM']",,,,,2026-W36,2026-09,"FACEBOOK, INSTAGRAM",True,True,False,False,False,False,Brand/Category Page,True,True,False,2026-09-07,2026-08-31 07:00:00,2026-09-07 16:55:10.186478,7
2086219045349128,1748332569915611,True,2026-08-31 07:00:00,2026-09-03 07:00:00,Chemist Warehouse,Chemist Warehouse,Sukin's New Radiance,"Gift your mum the glow she deserves with Sukin's new Glow Active C, Clinically proven.",Shop now,DCO,https://www.chemistwarehouse.com.au/shop-online/902/sukin?utm_source=facebook&utm_medium=social&utm_campaign=au_cw_coop_facebook_social_bwxbrandsptyltd_sukin_665_2026_100133-bau_video-image&utm_term=traffic&utm_content=video-image_all,www.chemistwarehouse.com.au,/shop-online/902/sukin,facebook,social,au_cw_coop_facebook_social_bwxbrandsptyltd_sukin_665_2026_100133-bau_video-image,665,traffic,video-image_all,Coop,Bwxbrandsptyltd,Sukin,2026,video-image,Sukin's New Radiance,"Gift your mum the glow she deserves with Sukin's new Glow Active C, Clinically proven.",Shop Now,https://scontent.flim31-1.fna.fbcdn.net/v/t39.35426-6/787904003_4222882881176874_4683880363422209392_n.jpg?_nc_cat=104&ccb=1-7&_nc_sid=c53f8f&_nc_ohc=FAeA6wcQ_EEQ7kNvwFpt3l0&_nc_oc=AdoYYa27eYN2LSr9AcD3qACx5t_FInmmMT0uVQpaiGdDd8AkshzLt0VsaMbFFuDAmRw&_nc_zt=14&_nc_ht=scontent.flim31-1.fna&_nc_gid=_PgU7fBId8YFByRzzW7IYQ&_nc_ss=7f180&oh=00_AQKuOTiX2IZ9qOfLfHlScisG1iUEdlhaJ7rszpiIM4GA0Q&oe=6AA3B929,,"['FACEBOOK', 'INSTAGRAM', 'AUDIENCE_NETWORK', 'MESSENGER', 'WHATSAPP', 'THREADS']",au,cw,facebook,social,2026-W36,2026-09,"FACEBOOK, INSTAGRAM, AUDIENCE_NETWORK, MESSENGER, WHATSAPP, THREADS",True,True,True,True,True,True,Brand/Category Page,True,False,False,2026-09-07,2026-08-31 07:00:00,2026-09-07 16:55:10.186478,7
2016848263036843,1595571115498488,True,2026-08-31 07:00:00,2026-09-06 07:00:00,Chemist Warehouse,Chemist Warehouse,Sukin's New Radiance,"Gift your mum the glow she deserves with Sukin's new Glow Active C, Clinically proven.",Shop now,DCO,https://www.chemistwarehouse.com.au/shop-online/902/sukin?utm_source=facebook&utm_medium=social&utm_campaign=au_cw_coop_facebook_social_bwxbrandsptyltd_sukin_665_2026_100133-bau_video-image&utm_term=traffic&utm_content=video-image_all,www.chemistwarehouse.com.au,/shop-online/902/sukin,facebook,social,au_cw_coop_facebook_social_bwxbrandsptyltd_sukin_665_2026_100133-bau_video-image,665,traffic,video-image_all,Coop,Bwxbrandsptyltd,Sukin,2026,video-image,Sukin's New Radiance,"Gift your mum the glow she deserves with Sukin's new Glow Active C, Clinically proven.",Shop Now,https://scontent.flim31-1.fna.fbcdn.net/v/t39.35426-6/787044963_1114037947951050_2240231002445086792_n.jpg?_nc_cat=107&ccb=1-7&_nc_sid=c53f8f&_nc_ohc=wN6m1l-8IpgQ7kNvwHyInAP&_nc_oc=AdoAz6nh7v3IDI1Yn5j8sIxTZWjtf_Ccadbboz9_09fxEc90QbbVP7o1VEmXwcuV4Jc&_nc_zt=14&_nc_ht=scontent.flim31-1.fna&_nc_gid=_PgU7fBId8YFByRzzW7IYQ&_nc_ss=7f180&oh=00_AQKBpqhYmD4nwwxvYub0X64NdokC_CmoaUBkrY0CPj0cOg&oe=6AA3B606,,"['FACEBOOK', 'INSTAGRAM', 'AUDIENCE_NETWORK', 'MESSENGER', 'WHATSAPP', 'THREADS']",au,cw,facebook,social,2026-W36,2026-09,"FACEBOOK, INSTAGRAM, AUDIENCE_NETWORK, MESSENGER, WHATSAPP, THREADS",True,True,True,True,True,True,Brand/Category Page,True,False,False,2026-09-07,2026-08-31 07:00:00,2026-09-07 16:55:10.186478,7
926166967210442,4339967119605337,True,2026-08-31 07:00:00,2026-09-06 07:00:00,Chemist Warehouse,Chemist Warehouse,Sukin's New Radiance,"Gift your mum the glow she deserves with Sukin's new Glow Active C, Clinically proven.",Shop now,DCO,https://www.chemistwarehouse.com.au/shop-online/902/sukin?utm_source=facebook&utm_medium=social&utm_campaign=au_cw_coop_facebook_social_bwxbrandsptyltd_sukin_665_2026_100133-bau_video-image&utm_term=traffic&utm_content=video-image_all,www.chemistwarehouse.com.au,/shop-online/902/sukin,facebook,social,au_cw_coop_facebook_social_bwxbrandsptyltd_sukin_665_2026_100133-bau_video-image,665,traffic,video-image_all,Coop,Bwxbrandsptyltd,Sukin,2026,video-image,Sukin's New Radiance,"Gift your mum the glow she deserves with Sukin's new Glow Active C, Clinically proven.",Shop Now,https://scontent.flim31-1.fna.fbcdn.net/v/t39.35426-6/789558620_1064694196270807_5429548945326704606_n.jpg?_nc_cat=103&ccb=1-7&_nc_sid=c53f8f&_nc_ohc=QX-FnQk55bwQ7kNvwHxWxtf&_nc_oc=Adr7PJj5pCP6l1bjKZFB4S9BggNqhD039nAocDomOhLDg_8g05H3_5L808uOm5Pe1Hk&_nc_zt=14&_nc_ht=scontent.flim31-1.fna&_nc_gid=_PgU7fBId8YFByRzzW7IYQ&_nc_ss=7f180&oh=00_AQJitFW6yKs-D2ltszAgeqNTHkFyttSh4Y0TZdjOBMWkGg&oe=6AA3CA29,,"['FACEBOOK', 'INSTAGRAM', 'AUDIENCE_NETWORK', 'MESSENGER', 'WHATSAPP', 'THREADS']",au,cw,facebook,social,2026-W36,2026-09,"FACEBOOK, INSTAGRAM, AUDIENCE_NETWORK, MESSENGER, WHATSAPP, THREADS",True,True,True,True,True,True,Brand/Category Page,True,False,False,2026-09-07,2026-08-31 07:00:00,2026-09-07 16:55:10.186478,7
2303584603510782,1900489168002516,True,2026-08-31 07:00:00,2026-09-06 07:00:00,Chemist Warehouse,Chemist Warehouse,Sukin's New Radiance,"Gift your mum the glow she deserves with Sukin's new Glow Active C, Clinically proven.",Shop now,DCO,https://www.chemistwarehouse.com.au/shop-online/902/sukin?utm_source=facebook&utm_medium=social&utm_campaign=au_cw_coop_facebook_social_bwxbrandsptyltd_sukin_665_2026_100133-bau_video-image&utm_term=traffic&utm_content=video-image_all,www.chemistwarehouse.com.au,/shop-online/902/sukin,facebook,social,au_cw_coop_facebook_social_bwxbrandsptyltd_sukin_665_2026_100133-bau_video-image,665,traffic,video-image_all,Coop,Bwxbrandsptyltd,Sukin,2026,video-image,Sukin's New Radiance,"Gift your mum the glow she deserves with Sukin's new Glow Active C, Clinically proven.",Shop Now,https://scontent.flim31-1.fna.fbcdn.net/v/t39.35426-6/789617561_2153913668805191_849505028098703956_n.jpg?_nc_cat=101&ccb=1-7&_nc_sid=c53f8f&_nc_ohc=eQqxeyliEygQ7kNvwEjAIaf&_nc_oc=AdppsdCHV_fLazeG3vFyw0pW1bDDspsWo3q3Vq-2W4s0xJFjLKaLsT6fto7-8SoGf5c&_nc_zt=14&_nc_ht=scontent.flim31-1.fna&_nc_gid=_PgU7fBId8YFByRzzW7IYQ&_nc_ss=7f180&oh=00_AQIqgRsm-njbL8YcIYCyhUPF_4PWh9XnfzGlAjl6plYXbg&oe=6AA3BED6,,"['FACEBOOK', 'INSTAGRAM', 'AUDIENCE_NETWORK', 'MESSENGER', 'WHATSAPP', 'THREADS']",au,cw,facebook,social,2026-W36,2026-09,"FACEBOOK, INSTAGRAM, AUDIENCE_NETWORK, MESSENGER, WHATSAPP, THREADS",True,True,True,True,True,True,Brand/Category Page,True,False,False,2026-09-07,2026-08-31 07:00:00,2026-09-07 16:55:10.186478,7
1552098276241781,1759225075395705,True,2026-08-31 07:00:00,2026-09-06 07:00:00,Chemist Warehouse,Chemist Warehouse,Sukin's New Radiance,"Gift your mum the glow she deserves with Sukin's new Glow Active C, Clinically proven.",Shop now,DCO,https://www.chemistwarehouse.com.au/shop-online/902/sukin?utm_source=facebook&utm_medium=social&utm_campaign=au_cw_coop_facebook_social_bwxbrandsptyltd_sukin_665_2026_100133-bau_video-image&utm_term=traffic&utm_content=video-image_all,www.chemistwarehouse.com.au,/shop-online/902/sukin,facebook,social,au_cw_coop_facebook_social_bwxbrandsptyltd_sukin_665_2026_100133-bau_video-image,665,traffic,video-image_all,Coop,Bwxbrandsptyltd,Sukin,2026,video-image,Sukin's New Radiance,"Gift your mum the glow she deserves with Sukin's new Glow Active C, Clinically proven.",Shop Now,https://scontent.flim31-1.fna.fbcdn.net/v/t39.35426-6/783857123_2620288731738195_8112685361559127221_n.jpg?_nc_cat=107&ccb=1-7&_nc_sid=c53f8f&_nc_ohc=IRmxgZtSwgMQ7kNvwFKq0Kp&_nc_oc=AdqTN3cvFnOtQq7JWjCZQQ1Z4uFmX2z6Rzc0UUvouJ0Or0YQFTXjL2J1geknbWVZYIM&_nc_zt=14&_nc_ht=scontent.flim31-1.fna&_nc_gid=_PgU7fBId8YFByRzzW7IYQ&_nc_ss=7f180&oh=00_AQKIbRTNYZOA6avDPfgBxYdP4fQmbFGNuvJ3_MzWbs-OCA&oe=6AA39D8F,,"['FACEBOOK', 'INSTAGRAM', 'AUDIENCE_NETWORK', 'MESSENGER', 'WHATSAPP', 'THREADS']",au,cw,facebook,social,2026-W36,2026-09,"FACEBOOK, INSTAGRAM, AUDIENCE_NETWORK, MESSENGER, WHATSAPP, THREADS",True,True,True,True,True,True,Brand/Category Page,True,False,False,2026-09-07,2026-08-31 07:00:00,2026-09-07 16:55:10.186478,7
1039020025756488,,True,2026-08-31 07:00:00,2026-09-06 07:00:00,Chemist Warehouse,Chemist Warehouse,Made for Sensitive Skin,"Gentle, pure wipes for sensitive skin. Shop Waterwipes now at Chemist Warehouse.",Learn more,VIDEO,https://www.chemistwarehouse.com.au/shop-online/3443/waterwipes?utm_source=facebook&utm_medium=social&utm_campaign=au_cw_oa_facebook_social_waterwipesaustraliaptyltd_waterwipes_20_sep26_100715-oa_video&utm_term=reach&utm_content=video_video,www.chemistwarehouse.com.au,/shop-online/3443/waterwipes,facebook,social,au_cw_oa_facebook_social_waterwipesaustraliaptyltd_waterwipes_20_sep26_100715-oa_video,20,reach,video_video,O&O,Waterwipesaustraliaptyltd,Waterwipes,sep26,video,,,,,,"['FACEBOOK', 'INSTAGRAM']",au,cw,facebook,social,2026-W36,2026-09,"FACEBOOK, INSTAGRAM",True,True,False,False,False,False,Brand/Category Page,True,True,False,2026-09-07,2026-08-31 07:00:00,2026-09-07 16:55:10.186478,7
1565755185004006,,True,2026-08-31 07:00:00,2026-09-06 07:00:00,Chemist Warehouse,Chemist Warehouse,Shop Now,Shop Novalac Allergy Toddler Drink at Chemist Warehouse,Shop now,VIDEO,https://www.chemistwarehouse.com.au/buy/166167/novalac-allergy-toddler-800g?utm_source=facebook&utm_medium=social&utm_campaign=au_cw_oa_facebook_social_aspenpharmacareaustralia_novalac_20_sep26_100580-oa_video-image&utm_term=reach&utm_content=video-image_,www.chemistwarehouse.com.au,/buy/166167/novalac-allergy-toddler-800g,facebook,social,au_cw_oa_facebook_social_aspenpharmacareaustralia_novalac_20_sep26_100580-oa_video-image,20,reach,video-image_,O&O,Aspenpharmacareaustralia,Novalac,sep26,video-image,,,,,,"['FACEBOOK', 'INSTAGRAM', 'MESSENGER', 'WHATSAPP']",au,cw,facebook,social,2026-W36,2026-09,"FACEBOOK, INSTAGRAM, MESSENGER, WHATSAPP",True,True,False,True,False,True,SKU Product,True,True,False,2026-09-07,2026-08-31 07:00:00,2026-09-07 16:55:10.186478,7
1051824591031672,,True,2026-08-31 07:00:00,2026-09-06 07:00:00,Chemist Warehouse,Chemist Warehouse,Dark Circles Meet RoC®,"Reduce the look of dark circles and tired eyes with RoC® Derm Correxion Eye Repair Cream. Lightweight, effective and dermatologist tested. Shop now at Chemist Warehouse.",Shop now,DCO,https://www.chemistwarehouse.com.au/buy/166530/roc-derm-correxion-eye-repair-dark-circle-cream-15ml?utm_source=facebook&utm_medium=social&utm_campaign=au_cw_coop_facebook_social_downessalesbrokerage_roc_665_2026_100433-bau_carousel-video&utm_term=traffic&utm_content=carousel-video_carousel,www.chemistwarehouse.com.au,/buy/166530/roc-derm-correxion-eye-repair-dark-circle-cream-15ml,facebook,social,au_cw_coop_facebook_social_downessalesbrokerage_roc_665_2026_100433-bau_carousel-video,665,traffic,carousel-video_carousel,Coop,Downessalesbrokerage,Roc,2026,carousel-video,Dark Circles Meet RoC®,"Reduce the look of dark circles and tired eyes with RoC® Derm Correxion Eye Repair Cream. Lightweight, effective and dermatologist tested. Shop now at Chemist Warehouse.",Shop Now,https://scontent.flim31-1.fna.fbcdn.net/v/t39.35426-6/787406000_1829946634836970_4301749812320928008_n.jpg?_nc_cat=102&ccb=1-7&_nc_sid=c53f8f&_nc_ohc=swVIK7txpaQQ7kNvwFayCNM&_nc_oc=AdqtqpVfj-vK8zVixeMFMB9E8baA-yfbnfKQp-TreB9PeCFWHCRVHXEvf_8Ab18DzFo&_nc_zt=14&_nc_ht=scontent.flim31-1.fna&_nc_gid=_PgU7fBId8YFByRzzW7IYQ&_nc_ss=7f180&oh=00_AQL_kEbCv4EJ6l__x83PeeOo5D7_ID-0xfSGm8hnjqu0aA&oe=6AA3CD14,,"['FACEBOOK', 'INSTAGRAM']",au,cw,facebook,social,2026-W36,2026-09,"FACEBOOK, INSTAGRAM",True,True,False,False,False,False,SKU Product,True,True,False,2026-09-07,2026-08-31 07:00:00,2026-09-07 16:55:10.186478,7
28185474561092209,,True,2026-08-31 07:00:00,2026-09-06 07:00:00,Chemist Warehouse,Chemist Warehouse,Visibly Lift & Firm On The Go,"Reduce the look of dark circles and tired eyes with RoC® Derm Correxion Eye Repair Cream. Lightweight, effective and dermatologist tested. Shop now at Chemist Warehouse.",Shop now,DCO,https://www.chemistwarehouse.com.au/buy/166530/roc-derm-correxion-eye-repair-dark-circle-cream-15ml?utm_source=facebook&utm_medium=social&utm_campaign=au_cw_coop_facebook_social_downessalesbrokerage_roc_665_2026_100433-bau_carousel-video&utm_term=traffic&utm_content=carousel-video_static,www.chemistwarehouse.com.au,/buy/166530/roc-derm-correxion-eye-repair-dark-circle-cream-15ml,facebook,social,au_cw_coop_facebook_social_downessalesbrokerage_roc_665_2026_100433-bau_carousel-video,665,traffic,carousel-video_static,Coop,Downessalesbrokerage,Roc,2026,carousel-video,Visibly Lift & Firm On The Go,"Reduce the look of dark circles and tired eyes with RoC® Derm Correxion Eye Repair Cream. Lightweight, effective and dermatologist tested. Shop now at Chemist Warehouse.",Shop Now,https://scontent.flim31-1.fna.fbcdn.net/v/t39.35426-6/787761575_1719374749271898_8813131604775467353_n.jpg?_nc_cat=102&ccb=1-7&_nc_sid=c53f8f&_nc_ohc=DeiXO3nmU9YQ7kNvwFRhMDq&_nc_oc=Adq19fwLH3JBJHCxSBlrU0YnXQSgnoTD8YB7D7sHEGw6MfELnrWOQ2F1i6rJaEZ16f4&_nc_zt=14&_nc_ht=scontent.flim31-1.fna&_nc_gid=_PgU7fBId8YFByRzzW7IYQ&_nc_ss=7f180&oh=00_AQJvGp-tqo4WG-B5QkDXLZYDdNwwptWJRMP4U0oNUTHzkg&oe=6AA3CB32,,"['FACEBOOK', 'INSTAGRAM']",au,cw,facebook,social,2026-W36,2026-09,"FACEBOOK, INSTAGRAM",True,True,False,False,False,False,SKU Product,True,True,False,2026-09-07,2026-08-31 07:00:00,2026-09-07 16:55:10.186478,7
2774554992930909,,True,2026-08-31 07:00:00,2026-09-06 07:00:00,Chemist Warehouse,Chemist Warehouse,Shop Now,Shop Novalac Allergy Toddler Drink at Chemist Warehouse,Shop now,VIDEO,https://www.chemistwarehouse.com.au/buy/166167/novalac-allergy-toddler-800g?utm_source=facebook&utm_medium=social&utm_campaign=au_cw_oa_facebook_social_aspenpharmacareaustralia_novalac_20_sep26_100580-oa_video-image&utm_term=reach&utm_content=video-image_,www.chemistwarehouse.com.au,/buy/166167/novalac-allergy-toddler-800g,facebook,social,au_cw_oa_facebook_social_aspenpharmacareaustralia_novalac_20_sep26_100580-oa_video-image,20,reach,video-image_,O&O,Aspenpharmacareaustralia,Novalac,sep26,video-image,,,,,,"['FACEBOOK', 'INSTAGRAM', 'MESSENGER', 'WHATSAPP']",au,cw,facebook,social,2026-W36,2026-09,"FACEBOOK, INSTAGRAM, MESSENGER, WHATSAPP",True,True,False,True,False,True,SKU Product,True,True,False,2026-09-07,2026-08-31 07:00:00,2026-09-07 16:55:10.186478,7
1969701850569958,,True,2026-08-31 07:00:00,2026-09-06 07:00:00,Chemist Warehouse,Chemist Warehouse,Visibly Lift & Firm On The Go,"Reduce the look of dark circles and tired eyes with RoC® Derm Correxion Eye Repair Cream. Lightweight, effective and dermatologist tested. Shop now at Chemist Warehouse.",Shop now,DCO,https://www.chemistwarehouse.com.au/buy/166530/roc-derm-correxion-eye-repair-dark-circle-cream-15ml?utm_source=facebook&utm_medium=social&utm_campaign=au_cw_coop_facebook_social_downessalesbrokerage_roc_665_2026_100433-bau_carousel-video&utm_term=traffic&utm_content=carousel-video_static,www.chemistwarehouse.com.au,/buy/166530/roc-derm-correxion-eye-repair-dark-circle-cream-15ml,facebook,social,au_cw_coop_facebook_social_downessalesbrokerage_roc_665_2026_100433-bau_carousel-video,665,traffic,carousel-video_static,Coop,Downessalesbrokerage,Roc,2026,carousel-video,Visibly Lift & Firm On The Go,"Reduce the look of dark circles and tired eyes with RoC® Derm Correxion Eye Repair Cream. Lightweight, effective and dermatologist tested. Shop now at Chemist Warehouse.",Shop Now,https://scontent.flim31-1.fna.fbcdn.net/v/t39.35426-6/783898345_2314998429242643_3993738352375341152_n.jpg?_nc_cat=110&ccb=1-7&_nc_sid=c53f8f&_nc_ohc=o89xetZh6u8Q7kNvwELTEP4&_nc_oc=AdrpvY0l5vjm5S3xSkMiPLJTWtuvr9dRctdCBMPm7FGaYzJg9XuhxMgq3Ye2U9WuQLY&_nc_zt=14&_nc_ht=scontent.flim31-1.fna&_nc_gid=_PgU7fBId8YFByRzzW7IYQ&_nc_ss=7f180&oh=00_AQIC2XMI8no9BTUnQAICjFBcqo1GtX98t_KxbVKCssX82Q&oe=6AA3BF6E,,"['FACEBOOK', 'INSTAGRAM']",au,cw,facebook,social,2026-W36,2026-09,"FACEBOOK, INSTAGRAM",True,True,False,False,False,False,SKU Product,True,True,False,2026-09-07,2026-08-31 07:00:00,2026-09-07 16:55:10.186478,7
934145896412477,,True,2026-08-31 07:00:00,2026-09-06 07:00:00,Chemist Warehouse,Chemist Warehouse,Visibly Lift & Firm On The Go,"Discover visibly firmer, smoother skin with RoC® Derm Correxion. Retinol-powered results made easy.",Shop now,DCO,https://www.chemistwarehouse.com.au/buy/166530/roc-derm-correxion-eye-repair-dark-circle-cream-15ml?utm_source=facebook&utm_medium=social&utm_campaign=au_cw_coop_facebook_social_downessalesbrokerage_roc_665_2026_100433-bau_carousel-video&utm_term=traffic&utm_content=carousel-video_static,www.chemistwarehouse.com.au,/buy/166530/roc-derm-correxion-eye-repair-dark-circle-cream-15ml,facebook,social,au_cw_coop_facebook_social_downessalesbrokerage_roc_665_2026_100433-bau_carousel-video,665,traffic,carousel-video_static,Coop,Downessalesbrokerage,Roc,2026,carousel-video,Visibly Lift & Firm On The Go,"Discover visibly firmer, smoother skin with RoC® Derm Correxion. Retinol-powered results made easy.",Shop Now,https://scontent.flim31-1.fna.fbcdn.net/v/t39.35426-6/786870956_935454068986336_7396698382124580842_n.jpg?_nc_cat=111&ccb=1-7&_nc_sid=c53f8f&_nc_ohc=3LTklJAyqaYQ7kNvwGG2hxv&_nc_oc=AdqK83KuQTSjZHlQsV17ybfqMVWGpvVXeDkImvR0M3a80ywbGPun6UpUI0ZyqKF9oyU&_nc_zt=14&_nc_ht=scontent.flim31-1.fna&_nc_gid=_PgU7fBId8YFByRzzW7IYQ&_nc_ss=7f180&oh=00_AQKAm35ONkP3595XPJN2FflplKCicRbRfqv5TS6_vzhrEQ&oe=6AA3C252,,"['FACEBOOK', 'INSTAGRAM']",au,cw,facebook,social,2026-W36,2026-09,"FACEBOOK, INSTAGRAM",True,True,False,False,False,False,SKU Product,True,False,False,2026-09-07,2026-08-31 07:00:00,2026-09-07 16:55:10.186478,7
2270265867161592,4390245184558417,True,2026-08-31 07:00:00,2026-09-05 07:00:00,Chemist Warehouse,Chemist Warehouse,{{product.name}},{{product.brand}},Shop now,DCO,https://www.chemistwarehouse.com.au/shop-online/6018/hismile?utm_source=facebook&utm_medium=social&utm_campaign=au_cw_coop_facebook_social_hismileptyltd_hismile_159_2026_100020-bau_image&utm_term=traffic&utm_content=image_static-image,www.chemistwarehouse.com.au,/shop-online/6018/hismile,facebook,social,au_cw_coop_facebook_social_hismileptyltd_hismile_159_2026_100020-bau_image,159,traffic,image_static-image,Coop,Hismileptyltd,Hismile,2026,image,V34 Strips & ID Stain is HERE!,Hismile's V34 Strips + ID Stain Whitening Mouthwash are now at Chemist Warehouse. The whitening duo people are OBSESSED With.,Shop Now,https://scontent.flim31-1.fna.fbcdn.net/v/t39.35426-6/735945403_1032771115866214_4990569373847364759_n.jpg?_nc_cat=106&ccb=1-7&_nc_sid=c53f8f&_nc_ohc=AAi_ZBw1AykQ7kNvwFgV0As&_nc_oc=Adqlgyvb6vg64QPxM95AuNYb3DJiMv_1NcqY8bvKkIz5DUQcxPO7vGV0VNLT_hPLfsM&_nc_zt=14&_nc_ht=scontent.flim31-1.fna&_nc_gid=_PgU7fBId8YFByRzzW7IYQ&_nc_ss=7f180&oh=00_AQIiQigGpCIE231ZCshBUX3-nhT_QhYnIfpHkgRUP9S1NQ&oe=6AA3A2D1,,"['FACEBOOK', 'INSTAGRAM', 'THREADS']",au,cw,facebook,social,2026-W36,2026-09,"FACEBOOK, INSTAGRAM, THREADS",True,True,False,False,True,False,Brand/Category Page,True,False,False,2026-09-07,2026-08-31 07:00:00,2026-09-07 16:55:10.186478,7
1467699918742289,1292512246183689,True,2026-08-31 07:00:00,2026-09-02 07:00:00,Chemist Warehouse,Chemist Warehouse,Your Morning Reset,"One simple routine. Real change.
One spoon every morning for 14 days.
Backed by 100+ research studies and clinical trials.",Shop now,DCO,https://www.chemistwarehouse.com.au/shop-online/3152/manuka-health?utm_source=facebook&utm_medium=social&utm_campaign=au_cw_coop_facebook_social_manukahealthaustralia_manukahealth_81_2026_bau_Dynamic&utm_term=dynamic&utm_content=,www.chemistwarehouse.com.au,/shop-online/3152/manuka-health,facebook,social,au_cw_coop_facebook_social_manukahealthaustralia_manukahealth_81_2026_bau_Dynamic,81,dynamic,,Coop,Manukahealthaustralia,Manukahealth,2026,dynamic,Your Morning Reset,"One simple routine. Real change.
One spoon every morning for 14 days.
Backed by 100+ research studies and clinical trials.",Shop Now,https://scontent.flim31-1.fna.fbcdn.net/v/t39.35426-6/789581195_2239489323513321_1962943765153784653_n.jpg?_nc_cat=100&ccb=1-7&_nc_sid=c53f8f&_nc_ohc=bmbLJoq5DCIQ7kNvwE0WJzc&_nc_oc=Adp3o7cC0diBwj-dN6dLC0K8kmryyhwuO4hBoZ3P71tLvHseUF-gf09byX_f7j1r7xo&_nc_zt=14&_nc_ht=scontent.flim31-1.fna&_nc_gid=PIv7aX3bcZkWzJhSpk8bnA&_nc_ss=7f180&oh=00_AQLCueI_0dGsOIcJBfdiqayoms3nmBKis8UvJcKHRU8glg&oe=6AA3AFCC,,"['FACEBOOK', 'INSTAGRAM', 'AUDIENCE_NETWORK', 'MESSENGER', 'THREADS']",au,cw,facebook,social,2026-W36,2026-09,"FACEBOOK, INSTAGRAM, AUDIENCE_NETWORK, MESSENGER, THREADS",True,True,True,True,True,False,Brand/Category Page,True,False,False,2026-09-07,2026-08-31 07:00:00,2026-09-07 16:55:10.186478,7
2517119855442516,1531524982057798,True,2026-08-30 07:00:00,2026-09-06 07:00:00,Chemist Warehouse,Chemist Warehouse,Shop Viclofen now at Chemist Warehouse!,"Sore from sport or everyday life? Viclofen Gel delivers targeted anti-inflammatory relief, so you can get back to doing what you love.",Shop now,VIDEO,https://www.chemistwarehouse.com.au/buy/148087/viclofen-diclofenac-gel-50g,www.chemistwarehouse.com.au,/buy/148087/viclofen-diclofenac-gel-50g,,,,,,,Not Specified,,,,,,,,,,"['FACEBOOK', 'INSTAGRAM']",,,,,2026-W36,2026-09,"FACEBOOK, INSTAGRAM",True,True,False,False,False,False,SKU Product,True,True,False,2026-09-07,2026-08-30 07:00:00,2026-09-07 16:55:10.186478,8
937136216128910,,True,2026-08-31 07:00:00,2026-09-06 07:00:00,Chemist Warehouse,Chemist Warehouse,"Stomach Ache Relief, Either Way",Releva 10mg & Releva Forte 20mg provide effective relief from acute stomach ache due to cramps and spasms.,Shop now,IMAGE,https://www.chemistwarehouse.com.au/buy/156053/releva-10mg-20-tablets,www.chemistwarehouse.com.au,/buy/156053/releva-10mg-20-tablets,,,,,,,Not Specified,,,,,,,,,,"['FACEBOOK', 'INSTAGRAM']",,,,,2026-W36,2026-09,"FACEBOOK, INSTAGRAM",True,True,False,False,False,False,SKU Product,True,False,False,2026-09-07,2026-08-31 07:00:00,2026-09-07 16:55:10.186478,7
3227030417488274,1422411139818317,True,2026-08-27 07:00:00,2026-09-06 07:00:00,Chemist Warehouse,Chemist Warehouse,Gastrohealth at Chemist Warehouse,Travel smart. ✈️ Support your gut health with GastroHealth Gut Function & Care Gastro SB Probiotics. Shop at Chemist Warehouse.,Learn more,VIDEO,https://www.chemistwarehouse.com.au/buy/161002/naturopathica-sb-gastro-60-capsules?utm_source=facebook&utm_medium=social&utm_campaign=au_cw_coop_facebook_social_pharmacarelaboratories_gastrohealth_81_2026_100284-bau_video-image&utm_term=traffic&utm_content=video-image_instore-video,www.chemistwarehouse.com.au,/buy/161002/naturopathica-sb-gastro-60-capsules,facebook,social,au_cw_coop_facebook_social_pharmacarelaboratories_gastrohealth_81_2026_100284-bau_video-image,81,traffic,video-image_instore-video,Coop,Pharmacarelaboratories,Gastrohealth,2026,video-image,,,,,,"['FACEBOOK', 'INSTAGRAM', 'THREADS']",au,cw,facebook,social,2026-W36,2026-09,"FACEBOOK, INSTAGRAM, THREADS",True,True,False,False,True,False,SKU Product,True,True,False,2026-09-07,2026-08-27 07:00:00,2026-09-07 16:55:10.186478,11
2119027342317063,,True,2026-08-28 07:00:00,2026-09-05 07:00:00,Chemist Warehouse,Chemist Warehouse,HAIR DENSITY + FULLNESS,JSHealth's best-selling Vita-Growth Scalp Serum has landed! With 7 clinically-backed actives for hair density + fullness.,Shop now,IMAGE,https://fb.com/canvas_doc/2121012322625769,fb.com,/canvas_doc/2121012322625769,,,,,,,Not Specified,,,,,,,,,,"['FACEBOOK', 'INSTAGRAM', 'MESSENGER', 'THREADS']",,,,,2026-W36,2026-09,"FACEBOOK, INSTAGRAM, MESSENGER, THREADS",True,True,False,True,True,False,Internal/App Page,True,False,False,2026-09-07,2026-08-28 07:00:00,2026-09-07 16:55:10.186478,10
1094105819712427,1592067139136715,True,2026-08-31 07:00:00,2026-09-05 07:00:00,Chemist Warehouse,Chemist Warehouse,Your Morning Reset,"One simple routine. Real change.
One spoon every morning for 14 days.
Backed by 100+ research studies and clinical trials.",Shop now,DCO,https://www.chemistwarehouse.com.au/shop-online/3152/manuka-health?utm_source=facebook&utm_medium=social&utm_campaign=au_cw_coop_facebook_social_manukahealthaustralia_manukahealth_81_2026_bau_Dynamic&utm_term=dynamic&utm_content=,www.chemistwarehouse.com.au,/shop-online/3152/manuka-health,facebook,social,au_cw_coop_facebook_social_manukahealthaustralia_manukahealth_81_2026_bau_Dynamic,81,dynamic,,Coop,Manukahealthaustralia,Manukahealth,2026,dynamic,Your Morning Reset,"One simple routine. Real change.
One spoon every morning for 14 days.
Backed by 100+ research studies and clinical trials.",Shop Now,https://scontent.flim31-1.fna.fbcdn.net/v/t39.35426-6/784693914_1686469729118844_2771425045823210718_n.jpg?_nc_cat=107&ccb=1-7&_nc_sid=c53f8f&_nc_ohc=0tPZlCCk6DkQ7kNvwGeyGEA&_nc_oc=AdqNaAneSismgVy8z5SipXsXiluLhboGMpn9g_pivBqdWSAc48u7tr8MUwy0vUrplhI&_nc_zt=14&_nc_ht=scontent.flim31-1.fna&_nc_gid=_PgU7fBId8YFByRzzW7IYQ&_nc_ss=7f180&oh=00_AQKxMiokepjP94WNfBHvWD9T60IHjW7pTxA7Qi31Z-knIA&oe=6AA3AF92,,"['FACEBOOK', 'INSTAGRAM', 'AUDIENCE_NETWORK', 'MESSENGER', 'THREADS']",au,cw,facebook,social,2026-W36,2026-09,"FACEBOOK, INSTAGRAM, AUDIENCE_NETWORK, MESSENGER, THREADS",True,True,True,True,True,False,Brand/Category Page,True,False,False,2026-09-07,2026-08-31 07:00:00,2026-09-07 16:55:10.186478,7
1967099610574451,2141031936762586,True,2026-08-31 07:00:00,2026-09-06 07:00:00,Chemist Warehouse,Chemist Warehouse,Your Morning Reset,"One simple routine. Real change.
One spoon every morning for 14 days.
Backed by 100+ research studies and clinical trials.",Shop now,DCO,https://www.chemistwarehouse.com.au/shop-online/3152/manuka-health?utm_source=facebook&utm_medium=social&utm_campaign=au_cw_coop_facebook_social_manukahealthaustralia_manukahealth_81_2026_bau_Dynamic&utm_term=dynamic&utm_content=,www.chemistwarehouse.com.au,/shop-online/3152/manuka-health,facebook,social,au_cw_coop_facebook_social_manukahealthaustralia_manukahealth_81_2026_bau_Dynamic,81,dynamic,,Coop,Manukahealthaustralia,Manukahealth,2026,dynamic,Your Morning Reset,"One simple routine. Real change.
One spoon every morning for 14 days.
Backed by 100+ research studies and clinical trials.",Shop Now,,https://video.flim31-1.fna.fbcdn.net/o1/v/t2/f2/m366/AQPHoxw6OvW0KaTzxJ6jOKxpHbayXVol0WjTAHypeZyW6w7TZsNfrZyMmu9Ewom0amZQsbt-Q9Sw7MRZ73OVBKHGbBnQtdAVKxVVJ7cIJZa7dg.mp4?_nc_cat=103&_nc_oc=AdrFqjJXYZfSJ0BjBdVweC7D-Gt9nL2lRVcwzcCJdvf5s7qd4elODoGLMhrhsfiQmy4&_nc_sid=b66105&_nc_ht=video.flim31-1.fna.fbcdn.net&_nc_ohc=i4NpVcgGJGkQ7kNvwECstg3&efg=eyJ2ZW5jb2RlX3RhZyI6Inhwdl9wcm9ncmVzc2l2ZS5WSV9VU0VDQVNFX1BST0RVQ1RfVFlQRS4uQzMuNzIwLmRhc2hfaDI2NC1iYXNpYy1nZW4yXzcyMHAiLCJ4cHZfYXNzZXRfaWQiOjIzMDYyODA5NjM0NzU0OTksImFzc2V0X2FnZV9kYXlzIjo1LCJ2aV91c2VjYXNlX2lkIjoxMDc5OSwiZHVyYXRpb25fcyI6MjIsInVybGdlbl9zb3VyY2UiOiJ3d3cifQ%3D%3D&ccb=17-1&vs=b523e7d138970857&_nc_vs=HBksFQIYRWZiX2VwaGVtZXJhbC9DQjQwQzNFMzE3RUUwRkMzNUZCNThBRDQ1RUREQUJCNF9tdF8xX3ZpZGVvX2Rhc2hpbml0Lm1wNBUAAsgBEgAVAhhAZmJfcGVybWFuZW50LzA2NEE3QjMyRDM2RTlCMTBBRkMyQTJBQUE2NTQyNjk2X2F1ZGlvX2Rhc2hpbml0Lm1wNBUCAsgBEgAoABgAGwKIB3VzZV9vaWwBMRJwcm9ncmVzc2l2ZV9yZWNpcGUBMRUAACbWoKSZnOOYCBUCKAJDMywXQDYzMzMzMzMYGWRhc2hfaDI2NC1iYXNpYy1nZW4yXzcyMHARAHUAZd6oAQA&_nc_gid=_PgU7fBId8YFByRzzW7IYQ&_nc_ss=7f180&_nc_zt=28&oh=00_AQJlQQcmr71v-Je9A-xvUX83anRarNFQAgzk1yafQFuxLw&oe=6AA39D31,"['FACEBOOK', 'INSTAGRAM', 'AUDIENCE_NETWORK', 'MESSENGER', 'THREADS']",au,cw,facebook,social,2026-W36,2026-09,"FACEBOOK, INSTAGRAM, AUDIENCE_NETWORK, MESSENGER, THREADS",True,True,True,True,True,False,Brand/Category Page,True,False,False,2026-09-07,2026-08-31 07:00:00,2026-09-07 16:55:10.186478,7
1622881512771468,,True,2026-08-28 07:00:00,2026-09-06 07:00:00,Chemist Warehouse,Chemist Warehouse,HAIR DENSITY + FULLNESS,JSHealth's best-selling Vita-Growth Scalp Serum has landed! With 7 clinically-backed actives for hair density + fullness.,Shop now,IMAGE,https://fb.com/canvas_doc/1012425571827790,fb.com,/canvas_doc/1012425571827790,,,,,,,Not Specified,,,,,,,,,,"['FACEBOOK', 'INSTAGRAM', 'MESSENGER', 'THREADS']",,,,,2026-W36,2026-09,"FACEBOOK, INSTAGRAM, MESSENGER, THREADS",True,True,False,True,True,False,Internal/App Page,True,False,False,2026-09-07,2026-08-28 07:00:00,2026-09-07 16:55:10.186478,10
2954800388245405,,True,2026-08-27 07:00:00,2026-09-05 07:00:00,Chemist Warehouse,Chemist Warehouse,HAIR DENSITY + FULLNESS,JSHealth's best-selling Vita-Growth Scalp Serum has landed! With 7 clinically-backed actives for hair density + fullness.,Shop now,IMAGE,https://fb.com/canvas_doc/1551539666450640,fb.com,/canvas_doc/1551539666450640,,,,,,,Not Specified,,,,,,,,,,"['FACEBOOK', 'INSTAGRAM', 'MESSENGER', 'THREADS']",,,,,2026-W36,2026-09,"FACEBOOK, INSTAGRAM, MESSENGER, THREADS",True,True,False,True,True,False,Internal/App Page,True,False,False,2026-09-07,2026-08-27 07:00:00,2026-09-07 16:55:10.186478,11
1053397004274028,1592067139136715,True,2026-08-31 07:00:00,2026-09-05 07:00:00,Chemist Warehouse,Chemist Warehouse,Your Morning Reset,"One simple routine. Real change.
One spoon every morning for 14 days.
Backed by 100+ research studies and clinical trials.",Shop now,DCO,https://www.chemistwarehouse.com.au/shop-online/3152/manuka-health?utm_source=facebook&utm_medium=social&utm_campaign=au_cw_coop_facebook_social_manukahealthaustralia_manukahealth_81_2026_bau_Dynamic&utm_term=dynamic&utm_content=,www.chemistwarehouse.com.au,/shop-online/3152/manuka-health,facebook,social,au_cw_coop_facebook_social_manukahealthaustralia_manukahealth_81_2026_bau_Dynamic,81,dynamic,,Coop,Manukahealthaustralia,Manukahealth,2026,dynamic,Your Morning Reset,"One simple routine. Real change.
One spoon every morning for 14 days.
Backed by 100+ research studies and clinical trials.",Shop Now,https://scontent.flim31-1.fna.fbcdn.net/v/t39.35426-6/791399198_1753272162236276_5360762091840538280_n.jpg?_nc_cat=102&ccb=1-7&_nc_sid=c53f8f&_nc_ohc=KArwz-_sVDcQ7kNvwEUXIya&_nc_oc=AdrfRYF9_R8Zj1mtjZorlx5naN1afdGbBBsffgI7FPaVDCUuBu_gomFy_oDvAWnr2X4&_nc_zt=14&_nc_ht=scontent.flim31-1.fna&_nc_gid=_PgU7fBId8YFByRzzW7IYQ&_nc_ss=7f180&oh=00_AQKYAib_SPuqeLPd2garAyPcSaRiyWCrtCnyXpIAfEqG0g&oe=6AA39FA6,,"['FACEBOOK', 'INSTAGRAM', 'AUDIENCE_NETWORK', 'MESSENGER', 'THREADS']",au,cw,facebook,social,2026-W36,2026-09,"FACEBOOK, INSTAGRAM, AUDIENCE_NETWORK, MESSENGER, THREADS",True,True,True,True,True,False,Brand/Category Page,True,False,False,2026-09-07,2026-08-31 07:00:00,2026-09-07 16:55:10.186478,7
1047051248129371,2321644298601411,True,2026-08-27 07:00:00,2026-09-06 07:00:00,Chemist Warehouse,Chemist Warehouse,Support their day from the inside out,Gentle support for little ones with mild eczema symptoms. Biostime is available at Chemist Warehouse,Shop now,VIDEO,https://www.chemistwarehouse.com.au/buy/160049/biostime-infant-children-a-l-g-probiotic-care-28-sachets?utm_source=facebook&utm_medium=social&utm_campaign=au_cw_coop_facebook_social_swissewellnessptyltd_biostime_20_2026_100126-bau_video-image&utm_term=traffic&utm_content=video-image_instore-video,www.chemistwarehouse.com.au,/buy/160049/biostime-infant-children-a-l-g-probiotic-care-28-sachets,facebook,social,au_cw_coop_facebook_social_swissewellnessptyltd_biostime_20_2026_100126-bau_video-image,20,traffic,video-image_instore-video,Coop,Swissewellnessptyltd,Biostime,2026,video-image,,,,,,"['FACEBOOK', 'INSTAGRAM', 'THREADS']",au,cw,facebook,social,2026-W36,2026-09,"FACEBOOK, INSTAGRAM, THREADS",True,True,False,False,True,False,SKU Product,True,True,False,2026-09-07,2026-08-27 07:00:00,2026-09-07 16:55:10.186478,11
916104851084725,2163296720902631,True,2026-08-27 07:00:00,2026-09-06 07:00:00,Chemist Warehouse,Chemist Warehouse,Ultimate Finals Experience 🏆⭐,"WIN tickets to the 2026 Toyota @AFL Grand Final and @NRL Telstra Grand Final! Plus, there are 20 runner-up prizes to be won! 🏉✈️🎟️",See details,DCO,http://www.chemistwarehouse.com.au/competitions/footy-finals-2026?utm_source=facebook&utm_medium=social&utm_campaign=au_cw_house_facebook_social_chemistwarehouse_chemistwarehouse_0_2026_footyfinalscomp_strat&utm_term=reach&utm_content=strat_brand,www.chemistwarehouse.com.au,/competitions/footy-finals-2026,facebook,social,au_cw_house_facebook_social_chemistwarehouse_chemistwarehouse_0_2026_footyfinalscomp_strat,0,reach,strat_brand,House,Chemistwarehouse,Chemistwarehouse,2026,strat,Ultimate Finals Experience 🏆⭐,"WIN tickets to the 2026 Toyota @AFL Grand Final and @NRL Telstra Grand Final! Plus, there are 20 runner-up prizes to be won! 🏉✈️🎟️",See Details,,https://video.flim31-1.fna.fbcdn.net/o1/v/t2/f2/m366/AQNYCLpkIttop-jl6ABlCCr8ALPeCdZ69SvGq1fCIQEXHYji-qwwReGed5fhA0dGWh--wnVZb3uSCc8dQ8r66Lqt3w802JL0YdlAZi2cw8rpsQ.mp4?_nc_cat=101&_nc_oc=Adr3-Pn2BSRBNh9VxHG24rcD5AI40Hd1iGTwLPCrOTHO1X6Cp2v-NGyGEcVJb6z5Ebc&_nc_sid=b66105&_nc_ht=video.flim31-1.fna.fbcdn.net&_nc_ohc=EDiZ4DEym1YQ7kNvwHB35s1&efg=eyJ2ZW5jb2RlX3RhZyI6Inhwdl9wcm9ncmVzc2l2ZS5WSV9VU0VDQVNFX1BST0RVQ1RfVFlQRS4uQzMuNzIwLmRhc2hfaDI2NC1iYXNpYy1nZW4yXzcyMHAiLCJ4cHZfYXNzZXRfaWQiOjI3NzYxMzUwNjUwMTg4NzAwLCJhc3NldF9hZ2VfZGF5cyI6MjQsInZpX3VzZWNhc2VfaWQiOjEwNzk5LCJkdXJhdGlvbl9zIjo2LCJ1cmxnZW5fc291cmNlIjoid3d3In0%3D&ccb=17-1&vs=dea3cd8ccaf761ac&_nc_vs=HBksFQIYRWZiX2VwaGVtZXJhbC8yMjRBNDZDMTM3Mjk4RjBCQzZFMjJCQUUzOUJBRTc4Rl9tdF8xX3ZpZGVvX2Rhc2hpbml0Lm1wNBUAAsgBEgAVAhhAZmJfcGVybWFuZW50LzkyNDVDMDkzQkJBMUEwNUI0MjAyRDk4NUE4QjU0QTkxX2F1ZGlvX2Rhc2hpbml0Lm1wNBUCAsgBEgAoABgAGwKIB3VzZV9vaWwBMRJwcm9ncmVzc2l2ZV9yZWNpcGUBMRUAACa4zuq_pLPQYhUCKAJDMywXQBgp--dsi0QYGWRhc2hfaDI2NC1iYXNpYy1nZW4yXzcyMHARAHUAZd6oAQA&_nc_gid=PdI0TpGNz1aOrXXfHL07TQ&_nc_ss=7f180&_nc_zt=28&oh=00_AQLDYhnjsyikF5imJJzGRum0gxs6DlBCAs9HvWzdVr4ugA&oe=6AA3B5E7,"['FACEBOOK', 'INSTAGRAM']",au,cw,facebook,social,2026-W36,2026-09,"FACEBOOK, INSTAGRAM",True,True,False,False,False,False,Other,True,False,False,2026-09-07,2026-08-27 07:00:00,2026-09-07 16:55:10.186478,11
1813104153182101,1710943083291871,True,2026-08-27 07:00:00,2026-09-06 07:00:00,Chemist Warehouse,Chemist Warehouse,Ultimate Finals Experience 🏆⭐,"WIN tickets to the 2026 Toyota @AFL Grand Final and @NRL Telstra Grand Final! Plus, there are 20 runner-up prizes to be won! 🏉✈️🎟️",See details,DCO,http://www.chemistwarehouse.com.au/competitions/footy-finals-2026?utm_source=facebook&utm_medium=social&utm_campaign=au_cw_house_facebook_social_chemistwarehouse_chemistwarehouse_0_2026_footyfinalscomp_strat&utm_term=reach&utm_content=strat_brand,www.chemistwarehouse.com.au,/competitions/footy-finals-2026,facebook,social,au_cw_house_facebook_social_chemistwarehouse_chemistwarehouse_0_2026_footyfinalscomp_strat,0,reach,strat_brand,House,Chemistwarehouse,Chemistwarehouse,2026,strat,Ultimate Finals Experience 🏆⭐,Shop at Chemist Warehouse for your chance to WIN!  🛒🏆,See Details,,https://video.flim31-1.fna.fbcdn.net/o1/v/t2/f2/m366/AQNYCLpkIttop-jl6ABlCCr8ALPeCdZ69SvGq1fCIQEXHYji-qwwReGed5fhA0dGWh--wnVZb3uSCc8dQ8r66Lqt3w802JL0YdlAZi2cw8rpsQ.mp4?_nc_cat=101&_nc_oc=Adr3-Pn2BSRBNh9VxHG24rcD5AI40Hd1iGTwLPCrOTHO1X6Cp2v-NGyGEcVJb6z5Ebc&_nc_sid=b66105&_nc_ht=video.flim31-1.fna.fbcdn.net&_nc_ohc=EDiZ4DEym1YQ7kNvwHB35s1&efg=eyJ2ZW5jb2RlX3RhZyI6Inhwdl9wcm9ncmVzc2l2ZS5WSV9VU0VDQVNFX1BST0RVQ1RfVFlQRS4uQzMuNzIwLmRhc2hfaDI2NC1iYXNpYy1nZW4yXzcyMHAiLCJ4cHZfYXNzZXRfaWQiOjI3NzYxMzUwNjUwMTg4NzAwLCJhc3NldF9hZ2VfZGF5cyI6MjQsInZpX3VzZWNhc2VfaWQiOjEwNzk5LCJkdXJhdGlvbl9zIjo2LCJ1cmxnZW5fc291cmNlIjoid3d3In0%3D&ccb=17-1&vs=dea3cd8ccaf761ac&_nc_vs=HBksFQIYRWZiX2VwaGVtZXJhbC8yMjRBNDZDMTM3Mjk4RjBCQzZFMjJCQUUzOUJBRTc4Rl9tdF8xX3ZpZGVvX2Rhc2hpbml0Lm1wNBUAAsgBEgAVAhhAZmJfcGVybWFuZW50LzkyNDVDMDkzQkJBMUEwNUI0MjAyRDk4NUE4QjU0QTkxX2F1ZGlvX2Rhc2hpbml0Lm1wNBUCAsgBEgAoABgAGwKIB3VzZV9vaWwBMRJwcm9ncmVzc2l2ZV9yZWNpcGUBMRUAACa4zuq_pLPQYhUCKAJDMywXQBgp--dsi0QYGWRhc2hfaDI2NC1iYXNpYy1nZW4yXzcyMHARAHUAZd6oAQA&_nc_gid=PdI0TpGNz1aOrXXfHL07TQ&_nc_ss=7f180&_nc_zt=28&oh=00_AQLDYhnjsyikF5imJJzGRum0gxs6DlBCAs9HvWzdVr4ugA&oe=6AA3B5E7,"['FACEBOOK', 'INSTAGRAM']",au,cw,facebook,social,2026-W36,2026-09,"FACEBOOK, INSTAGRAM",True,True,False,False,False,False,Other,True,False,False,2026-09-07,2026-08-27 07:00:00,2026-09-07 16:55:10.186478,11
1089044447392020,1408788131099740,True,2026-08-27 07:00:00,2026-09-06 07:00:00,Chemist Warehouse,Chemist Warehouse,Chemist Warehouse,Shop Brunae Body tanning range. Grab your glow at Chemist Warehouse now,Shop now,CAROUSEL,https://www.chemistwarehouse.com.au/search?query=brunae+body&contexts=default&utm_source=facebook&utm_medium=social&utm_campaign=au_cw_oa_facebook_social_brunaebodyptyltd_brunae_665_aug26_100092-boosting_carousel-video&utm_term=traffic&utm_content=carousel-video_carousel,www.chemistwarehouse.com.au,/search,facebook,social,au_cw_oa_facebook_social_brunaebodyptyltd_brunae_665_aug26_100092-boosting_carousel-video,665,traffic,carousel-video_carousel,O&O,Brunaebodyptyltd,Brunae,aug26,carousel-video,Brunae Body Tanning, ,Shop Now,https://scontent.flim31-1.fna.fbcdn.net/v/t39.35426-6/785859368_2540240893067342_4290774123718210047_n.jpg?_nc_cat=105&ccb=1-7&_nc_sid=c53f8f&_nc_ohc=WvVl5EChecEQ7kNvwHA8-3G&_nc_oc=AdpqBhDnOJe8ShFt1bgbSIAvpKbIO9FCATn6ZpphDW8fplMVX_ZLVNXsCEXcniaVkc0&_nc_zt=14&_nc_ht=scontent.flim31-1.fna&_nc_gid=PdI0TpGNz1aOrXXfHL07TQ&_nc_ss=7f180&oh=00_AQKPsPRQre0DswHDXWDNqI7L0eslnPyQtgDdkb1MtyE8jQ&oe=6AA3B3E6,,"['FACEBOOK', 'INSTAGRAM', 'MESSENGER', 'WHATSAPP']",au,cw,facebook,social,2026-W36,2026-09,"FACEBOOK, INSTAGRAM, MESSENGER, WHATSAPP",True,True,False,True,False,True,Search Page,True,True,False,2026-09-07,2026-08-27 07:00:00,2026-09-07 16:55:10.186478,11
1385177477121036,,True,2026-08-27 07:00:00,2026-09-06 07:00:00,Chemist Warehouse,Chemist Warehouse,Available at Chemist Warehouse,Shop Brunae Body tanning range. Grab your glow at Chemist Warehouse now,Shop now,IMAGE,https://www.chemistwarehouse.com.au/search?query=brunae%20body&contexts=default&utm_source=facebook&utm_medium=social&utm_campaign=au_cw_oa_facebook_social_brunaebodyptyltd_brunae_665_aug26_100192-boosting_carousel-video&utm_term=traffic&utm_content=carousel-video_carousel,www.chemistwarehouse.com.au,/search,facebook,social,au_cw_oa_facebook_social_brunaebodyptyltd_brunae_665_aug26_100192-boosting_carousel-video,665,traffic,carousel-video_carousel,O&O,Brunaebodyptyltd,Brunae,aug26,carousel-video,,,,,,"['FACEBOOK', 'INSTAGRAM', 'MESSENGER', 'WHATSAPP']",au,cw,facebook,social,2026-W36,2026-09,"FACEBOOK, INSTAGRAM, MESSENGER, WHATSAPP",True,True,False,True,False,True,Search Page,True,True,False,2026-09-07,2026-08-27 07:00:00,2026-09-07 16:55:10.186478,11
1107878698235282,1246797630906252,True,2026-08-27 07:00:00,2026-09-06 07:00:00,Chemist Warehouse,Chemist Warehouse,Available at Chemist Warehouse,Shop Brunae Body tanning range. Grab your glow at Chemist Warehouse now,Shop now,VIDEO,https://www.chemistwarehouse.com.au/search?query=brunae%20body&contexts=default&utm_source=facebook&utm_medium=social&utm_campaign=au_cw_oa_facebook_social_brunaebodyptyltd_brunae_665_aug26_100192-boosting_carousel-video&utm_term=traffic&utm_content=carousel-video_instore-video,www.chemistwarehouse.com.au,/search,facebook,social,au_cw_oa_facebook_social_brunaebodyptyltd_brunae_665_aug26_100192-boosting_carousel-video,665,traffic,carousel-video_instore-video,O&O,Brunaebodyptyltd,Brunae,aug26,carousel-video,,,,,,"['FACEBOOK', 'INSTAGRAM', 'WHATSAPP']",au,cw,facebook,social,2026-W36,2026-09,"FACEBOOK, INSTAGRAM, WHATSAPP",True,True,False,False,False,True,Search Page,True,True,False,2026-09-07,2026-08-27 07:00:00,2026-09-07 16:55:10.186478,11
2819991671711923,,True,2026-08-27 07:00:00,2026-09-05 07:00:00,Chemist Warehouse,Chemist Warehouse,Available at Chemist Warehouse,Shop Brunae Body tanning range. Grab your glow at Chemist Warehouse now,Shop now,IMAGE,https://www.chemistwarehouse.com.au/search?query=brunae%20body&contexts=default&utm_source=facebook&utm_medium=social&utm_campaign=au_cw_oa_facebook_social_brunaebodyptyltd_brunae_665_aug26_100192-boosting_carousel-video&utm_term=traffic&utm_content=carousel-video_carousel,www.chemistwarehouse.com.au,/search,facebook,social,au_cw_oa_facebook_social_brunaebodyptyltd_brunae_665_aug26_100192-boosting_carousel-video,665,traffic,carousel-video_carousel,O&O,Brunaebodyptyltd,Brunae,aug26,carousel-video,,,,,,"['FACEBOOK', 'INSTAGRAM', 'MESSENGER', 'WHATSAPP']",au,cw,facebook,social,2026-W36,2026-09,"FACEBOOK, INSTAGRAM, MESSENGER, WHATSAPP",True,True,False,True,False,True,Search Page,True,True,False,2026-09-07,2026-08-27 07:00:00,2026-09-07 16:55:10.186478,11
1065542612548474,1106759618537522,True,2026-08-27 07:00:00,2026-09-06 07:00:00,Chemist Warehouse,Chemist Warehouse,Chemist Warehouse,Shop Brunae Body tanning range. Grab your glow at Chemist Warehouse now,Shop now,CAROUSEL,https://www.chemistwarehouse.com.au/search?query=brunae%20body&contexts=default&utm_source=facebook&utm_medium=social&utm_campaign=au_cw_oa_facebook_social_brunaebodyptyltd_brunae_665_aug26_100192-boosting_carousel-video&utm_term=traffic&utm_content=carousel-video_carousel,www.chemistwarehouse.com.au,/search,facebook,social,au_cw_oa_facebook_social_brunaebodyptyltd_brunae_665_aug26_100192-boosting_carousel-video,665,traffic,carousel-video_carousel,O&O,Brunaebodyptyltd,Brunae,aug26,carousel-video,Available at Chemist Warehouse, ,Shop Now,https://scontent.flim31-1.fna.fbcdn.net/v/t39.35426-6/786778331_1630778285306649_7151804515094719736_n.jpg?_nc_cat=104&ccb=1-7&_nc_sid=c53f8f&_nc_ohc=P17-zwrabFoQ7kNvwHJ0l9U&_nc_oc=AdoWqzbDr014tl_7dfM5CUE1I5oPGM4T6xvnvMbScUiNkOFvG9iaCqalrq_ykH0BFxE&_nc_zt=14&_nc_ht=scontent.flim31-1.fna&_nc_gid=PdI0TpGNz1aOrXXfHL07TQ&_nc_ss=7f180&oh=00_AQIPnIZYadlMQ-aN1mks1FqDO7RV9aicui7H2K08UC6bag&oe=6AA3CAFC,,"['FACEBOOK', 'INSTAGRAM', 'MESSENGER', 'WHATSAPP']",au,cw,facebook,social,2026-W36,2026-09,"FACEBOOK, INSTAGRAM, MESSENGER, WHATSAPP",True,True,False,True,False,True,Search Page,True,True,False,2026-09-07,2026-08-27 07:00:00,2026-09-07 16:55:10.186478,11
1077368074988443,1629070465308227,True,2026-08-26 07:00:00,2026-09-06 07:00:00,Chemist Warehouse,Chemist Warehouse,Take control of your cravings,Turn Nicotine cravings down with Nicabate's range of products to suit your needs.,Shop now,DCO,https://www.chemistwarehouse.com.au/shop-online/799/nicabate?utm_source=facebook&utm_medium=social&utm_campaign=au_cw_coop_facebook_social_marketingbrokersaustraliaptyltd_nicabate_258_2026_100177-bau_image&utm_term=traffic&utm_content=image_aug-static2,www.chemistwarehouse.com.au,/shop-online/799/nicabate,facebook,social,au_cw_coop_facebook_social_marketingbrokersaustraliaptyltd_nicabate_258_2026_100177-bau_image,258,traffic,image_aug-static2,Coop,Marketingbrokersaustraliaptyltd,Nicabate,2026,image,Take control of your cravings,Turn Nicotine cravings down with Nicabate's range of products to suit your needs.,Shop Now,https://scontent.flim31-1.fna.fbcdn.net/v/t39.35426-6/787850333_2332141964217198_8361427884215599268_n.jpg?_nc_cat=100&ccb=1-7&_nc_sid=c53f8f&_nc_ohc=x7t2bdWqReMQ7kNvwGZ99xp&_nc_oc=Adq_4g6AzfdFotPucJmoZiCoOH90kL-vObKjTk1Am0m6dOiw6H-I9tSdaFS6pwglWBA&_nc_zt=14&_nc_ht=scontent.flim31-1.fna&_nc_gid=PdI0TpGNz1aOrXXfHL07TQ&_nc_ss=7f180&oh=00_AQKaYZqzuo-ZasrNIAVnj3Qkzm2rR8-jChQKhzfMfYAyqA&oe=6AA3ACE3,,"['FACEBOOK', 'INSTAGRAM', 'AUDIENCE_NETWORK', 'MESSENGER', 'THREADS']",au,cw,facebook,social,2026-W36,2026-09,"FACEBOOK, INSTAGRAM, AUDIENCE_NETWORK, MESSENGER, THREADS",True,True,True,True,True,False,Brand/Category Page,True,False,False,2026-09-07,2026-08-26 07:00:00,2026-09-07 16:55:10.186478,12
1437036178484416,1581133300420622,True,2026-08-26 07:00:00,2026-09-06 07:00:00,Chemist Warehouse,Chemist Warehouse,Take control of your cravings,Turn Nicotine cravings down with Nicabate's range of products to suit your needs.,Shop now,DCO,https://www.chemistwarehouse.com.au/shop-online/799/nicabate?utm_source=facebook&utm_medium=social&utm_campaign=au_cw_coop_facebook_social_marketingbrokersaustraliaptyltd_nicabate_258_2026_100177-bau_image&utm_term=traffic&utm_content=image_aug-static1,www.chemistwarehouse.com.au,/shop-online/799/nicabate,facebook,social,au_cw_coop_facebook_social_marketingbrokersaustraliaptyltd_nicabate_258_2026_100177-bau_image,258,traffic,image_aug-static1,Coop,Marketingbrokersaustraliaptyltd,Nicabate,2026,image,Take control of your cravings,Turn Nicotine cravings down with Nicabate's range of products to suit your needs.,Shop Now,https://scontent.flim31-1.fna.fbcdn.net/v/t39.35426-6/786562943_4191401804483760_2621575913554609500_n.jpg?_nc_cat=109&ccb=1-7&_nc_sid=c53f8f&_nc_ohc=3UPXGow6LsQQ7kNvwFIMkja&_nc_oc=AdrRbFJc9P029ESvpOKiogRHS6WUm-AUBSWPdT5De9AC5MMt_5zHE9xpr7DUBG6_Cv0&_nc_zt=14&_nc_ht=scontent.flim31-1.fna&_nc_gid=PdI0TpGNz1aOrXXfHL07TQ&_nc_ss=7f180&oh=00_AQJ4bXvlVUux_KPe5j4YiemgidhrItzniiCR_47Kul43bQ&oe=6AA39F70,,"['FACEBOOK', 'INSTAGRAM', 'AUDIENCE_NETWORK', 'MESSENGER', 'THREADS']",au,cw,facebook,social,2026-W36,2026-09,"FACEBOOK, INSTAGRAM, AUDIENCE_NETWORK, MESSENGER, THREADS",True,True,True,True,True,False,Brand/Category Page,True,False,False,2026-09-07,2026-08-26 07:00:00,2026-09-07 16:55:10.186478,12
1375190048056087,1250875057151595,True,2026-08-26 07:00:00,2026-09-06 07:00:00,Chemist Warehouse,Chemist Warehouse,Take control of your cravings,Turn Nicotine cravings down with Nicabate's range of products to suit your needs.,Shop now,DCO,https://www.chemistwarehouse.com.au/shop-online/799/nicabate?utm_source=facebook&utm_medium=social&utm_campaign=au_cw_coop_facebook_social_marketingbrokersaustraliaptyltd_nicabate_258_2026_100177-bau_image&utm_term=traffic&utm_content=image_aug-static2,www.chemistwarehouse.com.au,/shop-online/799/nicabate,facebook,social,au_cw_coop_facebook_social_marketingbrokersaustraliaptyltd_nicabate_258_2026_100177-bau_image,258,traffic,image_aug-static2,Coop,Marketingbrokersaustraliaptyltd,Nicabate,2026,image,Take control of your cravings,Turn Nicotine cravings down with Nicabate's range of products to suit your needs.,Shop Now,https://scontent.flim31-1.fna.fbcdn.net/v/t39.35426-6/785082717_1709227233468054_4478928646812752275_n.jpg?_nc_cat=103&ccb=1-7&_nc_sid=c53f8f&_nc_ohc=dtMu_gsUnMoQ7kNvwES-T8o&_nc_oc=Ado9YLkAZwu5QFaYzI4Sh1JbOZ18mThMih3TLtGo0TG5hckIFgnJliCr9Bi6U8id6fI&_nc_zt=14&_nc_ht=scontent.flim31-1.fna&_nc_gid=PdI0TpGNz1aOrXXfHL07TQ&_nc_ss=7f180&oh=00_AQKkZDrYHbqyxHf_MJY6pgjJhvyu8B8ELaeic2Ckk2fGgg&oe=6AA39F4A,,"['FACEBOOK', 'INSTAGRAM', 'AUDIENCE_NETWORK', 'MESSENGER', 'THREADS']",au,cw,facebook,social,2026-W36,2026-09,"FACEBOOK, INSTAGRAM, AUDIENCE_NETWORK, MESSENGER, THREADS",True,True,True,True,True,False,Brand/Category Page,True,False,False,2026-09-07,2026-08-26 07:00:00,2026-09-07 16:55:10.186478,12
1574078450827130,939583079182014,True,2026-08-26 07:00:00,2026-09-06 07:00:00,Chemist Warehouse,Chemist Warehouse,{{product.name}},{{product.brand}},Learn more,DCO,https://ezeemobile.com.au/activate/1069?utm_source=facebook&utm_medium=social&utm_campaign=au_cw_house_facebook_social_ezeemobile_ezee_0_nov25_welcomeseries_video-image&utm_term=traffic&utm_content=double_data_hero_55,ezeemobile.com.au,/activate/1069,facebook,social,au_cw_house_facebook_social_ezeemobile_ezee_0_nov25_welcomeseries_video-image,0,traffic,double_data_hero_55,House,Ezeemobile,Ezee,nov25,video-image,Double Data on Eligible Plans,"More data. More value. Less spend.

For a limited time, new and upgrading EZEE customers get DOUBLE DATA on eligible plans across their first six recharges — plus $5 off your first recharge when you enter SAVE5 at checkout.

Offer ends 29 September 2026. New customers or existing customers upgrading their plan. Full T&Cs: ezeemobile.com.au",Learn More,,https://video.flim31-1.fna.fbcdn.net/o1/v/t2/f2/m366/AQPGEFSyGt5IpFN9j9PpqdXFhW3Z-X75MARsw70CTz4dNklzin1kNlItZ9S-LHnoUbNBt5X8wUT98-EOKyYmNaP80HRECOF89YhtUNe1QDctGw.mp4?_nc_cat=100&_nc_oc=Adow9W0t6qqRIZIdMMWCmNvDLnipgQbZoLIhavdIkFrH1fl9v-l_NgD4YWIV-N8Sivg&_nc_sid=b66105&_nc_ht=video.flim31-1.fna.fbcdn.net&_nc_ohc=T-tZ8bwxvykQ7kNvwHVBNbW&efg=eyJ2ZW5jb2RlX3RhZyI6Inhwdl9wcm9ncmVzc2l2ZS5WSV9VU0VDQVNFX1BST0RVQ1RfVFlQRS4uQzMuNzIwLmRhc2hfaDI2NC1iYXNpYy1nZW4yXzcyMHAiLCJ4cHZfYXNzZXRfaWQiOjI0NTkzNzc2MDExNDA4NTcsImFzc2V0X2FnZV9kYXlzIjozOSwidmlfdXNlY2FzZV9pZCI6MTA3OTksImR1cmF0aW9uX3MiOjE1LCJ1cmxnZW5fc291cmNlIjoid3d3In0%3D&ccb=17-1&vs=6af52b987479f5f3&_nc_vs=HBksFQIYRWZiX2VwaGVtZXJhbC8wRDQ5QjBBMEFENjg4MkJDQTI2OTVEMzk4QzEzRjI4NV9tdF8xX3ZpZGVvX2Rhc2hpbml0Lm1wNBUAAsgBEgAVAhhAZmJfcGVybWFuZW50Lzk3NEM3Q0UzRTIzNzhFMkQ0RDJFREU0Njg4QzRDNkFBX2F1ZGlvX2Rhc2hpbml0Lm1wNBUCAsgBEgAoABgAGwKIB3VzZV9vaWwBMRJwcm9ncmVzc2l2ZV9yZWNpcGUBMRUAACby4caEz7LeCBUCKAJDMywXQC4Q5WBBiTcYGWRhc2hfaDI2NC1iYXNpYy1nZW4yXzcyMHARAHUAZd6oAQA&_nc_gid=PdI0TpGNz1aOrXXfHL07TQ&_nc_ss=7f180&_nc_zt=28&oh=00_AQJMic-fbgC2w5rgXvhInh9oir74E_RtHRu0pxwY3hr9iQ&oe=6AA3AEB4,"['FACEBOOK', 'INSTAGRAM', 'AUDIENCE_NETWORK', 'WHATSAPP', 'THREADS']",au,cw,facebook,social,2026-W36,2026-09,"FACEBOOK, INSTAGRAM, AUDIENCE_NETWORK, WHATSAPP, THREADS",True,True,True,False,True,True,Other,True,False,False,2026-09-07,2026-08-26 07:00:00,2026-09-07 16:55:10.186478,12
1490060273163596,978460361883446,True,2026-08-26 07:00:00,2026-09-05 07:00:00,Chemist Warehouse,Chemist Warehouse,{{product.name}},{{product.brand}},Learn more,DCO,https://ezeemobile.com.au/activate/1067?utm_source=facebook&utm_medium=social&utm_campaign=au_cw_house_facebook_social_ezeemobile_ezee_0_nov25_welcomeseries_video-image&utm_term=traffic&utm_content=double_data_hero_45,ezeemobile.com.au,/activate/1067,facebook,social,au_cw_house_facebook_social_ezeemobile_ezee_0_nov25_welcomeseries_video-image,0,traffic,double_data_hero_45,House,Ezeemobile,Ezee,nov25,video-image,Double Data on Eligible Plans,"More data. More value. Less spend.

For a limited time, new and upgrading EZEE customers get DOUBLE DATA on eligible plans across their first six recharges — plus $5 off your first recharge when you enter SAVE5 at checkout.

Offer ends 29 September 2026. New customers or existing customers upgrading their plan. Full T&Cs: ezeemobile.com.au",Learn More,,https://video.flim31-1.fna.fbcdn.net/o1/v/t2/f2/m366/AQNoCChesA9GSnX0RBs-S69SHMV_iJXMam-kiPZX2jRAc2ami9fI9uc9YSe914l4qGfD0qSK5ROOJ9RERSzEOHh-iDP_JNaRsVdXNMeqaGbiHw.mp4?_nc_cat=110&_nc_oc=AdqehvM88v_3I64x0UyAX7XaErKLP0dGjDWwKnpWBa5cS-Ou1Wx6Hj7e05G6Aqgu9Q0&_nc_sid=b66105&_nc_ht=video.flim31-1.fna.fbcdn.net&_nc_ohc=9XHgGuZtBL4Q7kNvwGkt8Uo&efg=eyJ2ZW5jb2RlX3RhZyI6Inhwdl9wcm9ncmVzc2l2ZS5WSV9VU0VDQVNFX1BST0RVQ1RfVFlQRS4uQzMuNzIwLmRhc2hfaDI2NC1iYXNpYy1nZW4yXzcyMHAiLCJ4cHZfYXNzZXRfaWQiOjg4NjIzMjk0MDgwODc3NCwiYXNzZXRfYWdlX2RheXMiOjM5LCJ2aV91c2VjYXNlX2lkIjoxMDc5OSwiZHVyYXRpb25fcyI6MTUsInVybGdlbl9zb3VyY2UiOiJ3d3cifQ%3D%3D&ccb=17-1&vs=b7daf1c6e2e43e7b&_nc_vs=HBksFQIYRWZiX2VwaGVtZXJhbC9BQTQzOEZDQzY5NThBMUFDMTE3QjlCMDk0MDk1QjlBRl9tdF8xX3ZpZGVvX2Rhc2hpbml0Lm1wNBUAAsgBEgAVAhhAZmJfcGVybWFuZW50LzJBNDJBRjhGQkMxRjExNDI0MzA0RjVDRjQ3NERGN0I4X2F1ZGlvX2Rhc2hpbml0Lm1wNBUCAsgBEgAoABgAGwKIB3VzZV9vaWwBMRJwcm9ncmVzc2l2ZV9yZWNpcGUBMRUAACaMqYD6xYGTAxUCKAJDMywXQC4Q5WBBiTcYGWRhc2hfaDI2NC1iYXNpYy1nZW4yXzcyMHARAHUAZd6oAQA&_nc_gid=PdI0TpGNz1aOrXXfHL07TQ&_nc_ss=7f180&_nc_zt=28&oh=00_AQKu2nVpz_hPobLQxAfEouwzKnA6nTKnvfm23q9LjIsENg&oe=6AA3A97A,"['FACEBOOK', 'INSTAGRAM', 'AUDIENCE_NETWORK', 'WHATSAPP', 'THREADS']",au,cw,facebook,social,2026-W36,2026-09,"FACEBOOK, INSTAGRAM, AUDIENCE_NETWORK, WHATSAPP, THREADS",True,True,True,False,True,True,Other,True,False,False,2026-09-07,2026-08-26 07:00:00,2026-09-07 16:55:10.186478,12
1098426179277218,1590628079209592,True,2026-08-26 07:00:00,2026-09-06 07:00:00,Chemist Warehouse,Chemist Warehouse,{{product.name}},{{product.brand}},Learn more,DCO,https://ezeemobile.com.au/activate/1079?utm_source=facebook&utm_medium=social&utm_campaign=au_cw_house_facebook_social_ezeemobile_ezee_0_nov25_welcomeseries_video-image&utm_term=traffic&utm_content=double_data_hero_39,ezeemobile.com.au,/activate/1079,facebook,social,au_cw_house_facebook_social_ezeemobile_ezee_0_nov25_welcomeseries_video-image,0,traffic,double_data_hero_39,House,Ezeemobile,Ezee,nov25,video-image,Double Data on Eligible Plans,"More data. More value. Less spend.

For a limited time, new and upgrading EZEE customers get DOUBLE DATA on eligible plans across their first six recharges — plus $5 off your first recharge when you enter SAVE5 at checkout.

Offer ends 29 September 2026. New customers or existing customers upgrading their plan. Full T&Cs: ezeemobile.com.au",Learn More,,https://video.flim31-1.fna.fbcdn.net/o1/v/t2/f2/m366/AQMGShbKRcUQR21Vl8LgzAml2LSb--CnMBvD2wPMS78qH6FwMqtFpR-FcuVESPJBwok8wIUj1Srv2isQ0CJVbhpmEeCW9Pp0EFSeESxf8xK6Uw.mp4?_nc_cat=105&_nc_oc=AdprOByWkEfap40zxM62gMTgZSkWBji716Uaybo8XB8T65k_MQehAfA73-7WUcDvZrg&_nc_sid=b66105&_nc_ht=video.flim31-1.fna.fbcdn.net&_nc_ohc=Qb4ilCssjmsQ7kNvwH5lQPT&efg=eyJ2ZW5jb2RlX3RhZyI6Inhwdl9wcm9ncmVzc2l2ZS5WSV9VU0VDQVNFX1BST0RVQ1RfVFlQRS4uQzMuNzIwLmRhc2hfaDI2NC1iYXNpYy1nZW4yXzcyMHAiLCJ4cHZfYXNzZXRfaWQiOjEzNTcwMjY2OTkzNDI0OTMsImFzc2V0X2FnZV9kYXlzIjozOSwidmlfdXNlY2FzZV9pZCI6MTA3OTksImR1cmF0aW9uX3MiOjE1LCJ1cmxnZW5fc291cmNlIjoid3d3In0%3D&ccb=17-1&vs=6c941fbcfed3598d&_nc_vs=HBksFQIYRWZiX2VwaGVtZXJhbC82MzQ3MkQ1QzJEREExRDk3ODJEQjBGNTNGMzZEQTk4MF9tdF8xX3ZpZGVvX2Rhc2hpbml0Lm1wNBUAAsgBEgAVAhhAZmJfcGVybWFuZW50Lzg0NEJCQzY1QzM3QjE0NUZEQjQxQkREMEM1RjUwQjg1X2F1ZGlvX2Rhc2hpbml0Lm1wNBUCAsgBEgAoABgAGwKIB3VzZV9vaWwBMRJwcm9ncmVzc2l2ZV9yZWNpcGUBMRUAACa6yuvlrI3pBBUCKAJDMywXQC4Q5WBBiTcYGWRhc2hfaDI2NC1iYXNpYy1nZW4yXzcyMHARAHUAZd6oAQA&_nc_gid=PdI0TpGNz1aOrXXfHL07TQ&_nc_ss=7f180&_nc_zt=28&oh=00_AQJcRc3cRpeOQ8fDSNeGuUxo-ord9SG1QO-0vfZCKT-mjQ&oe=6AA3C78F,"['FACEBOOK', 'INSTAGRAM', 'AUDIENCE_NETWORK', 'WHATSAPP', 'THREADS']",au,cw,facebook,social,2026-W36,2026-09,"FACEBOOK, INSTAGRAM, AUDIENCE_NETWORK, WHATSAPP, THREADS",True,True,True,False,True,True,Other,True,False,False,2026-09-07,2026-08-26 07:00:00,2026-09-07 16:55:10.186478,12
2196880694225423,1527519619057231,True,2026-08-28 07:00:00,2026-09-05 07:00:00,Chemist Warehouse,Chemist Warehouse,{{product.name}},{{product.brand}},Learn more,DCO,https://ezeemobile.com.au/activate/1065?utm_source=facebook&utm_medium=social&utm_campaign=au_cw_house_facebook_social_ezeemobile_ezee_0_nov25_welcomeseries_video-image&utm_term=traffic&utm_content=double_data_hero_29,ezeemobile.com.au,/activate/1065,facebook,social,au_cw_house_facebook_social_ezeemobile_ezee_0_nov25_welcomeseries_video-image,0,traffic,double_data_hero_29,House,Ezeemobile,Ezee,nov25,video-image,Double Data on Eligible Plans,"More data. More value. Less spend.

For a limited time, new and upgrading EZEE customers get DOUBLE DATA on eligible plans across their first six recharges — plus $5 off your first recharge when you enter SAVE5 at checkout.

Offer ends 29 September 2026. New customers or existing customers upgrading their plan. Full T&Cs: ezeemobile.com.au",Learn More,,https://video.flim31-1.fna.fbcdn.net/o1/v/t2/f2/m366/AQMPat0EqxGvU3L7sgGGKuDuNEnq7uDc0sxUvHR-yIzvdE3IauskrSKLjlA1-pMW6kk4vXKcfzueDynM5tniC0zGV_T8TTgOCwXfAS-QQL6ksg.mp4?_nc_cat=108&_nc_oc=AdpJ_W0J3b7iRPgR3o_OHOQ8cA5G6xAu16utw_g07Wi0JD1q6_nHtrkv5jGeN7055HI&_nc_sid=b66105&_nc_ht=video.flim31-1.fna.fbcdn.net&_nc_ohc=Di1VDUh-ovkQ7kNvwENxkck&efg=eyJ2ZW5jb2RlX3RhZyI6Inhwdl9wcm9ncmVzc2l2ZS5WSV9VU0VDQVNFX1BST0RVQ1RfVFlQRS4uQzMuNzIwLmRhc2hfaDI2NC1iYXNpYy1nZW4yXzcyMHAiLCJ4cHZfYXNzZXRfaWQiOjE3MDQ5MjExMTczODg3NjYsImFzc2V0X2FnZV9kYXlzIjozOSwidmlfdXNlY2FzZV9pZCI6MTA3OTksImR1cmF0aW9uX3MiOjE1LCJ1cmxnZW5fc291cmNlIjoid3d3In0%3D&ccb=17-1&vs=a5db9d018e453aa2&_nc_vs=HBksFQIYRWZiX2VwaGVtZXJhbC9BOTQzQTg0REIxRDM1Mzc1MTU0REFCMTQwRDIzMjBCQ19tdF8xX3ZpZGVvX2Rhc2hpbml0Lm1wNBUAAsgBEgAVAhhAZmJfcGVybWFuZW50LzM3NEFBQzUyMEQ3NERCMzQ0NTREMEI1OTBDMTZDRUI2X2F1ZGlvX2Rhc2hpbml0Lm1wNBUCAsgBEgAoABgAGwKIB3VzZV9vaWwBMRJwcm9ncmVzc2l2ZV9yZWNpcGUBMRUAACa8v5OZvKeHBhUCKAJDMywXQC4Q5WBBiTcYGWRhc2hfaDI2NC1iYXNpYy1nZW4yXzcyMHARAHUAZd6oAQA&_nc_gid=PdI0TpGNz1aOrXXfHL07TQ&_nc_ss=7f180&_nc_zt=28&oh=00_AQKbVDCi3zozoCZSRIsJxI6bLXow62FEghEiA6rfaywq9A&oe=6AA3BB10,"['FACEBOOK', 'INSTAGRAM', 'AUDIENCE_NETWORK', 'WHATSAPP', 'THREADS']",au,cw,facebook,social,2026-W36,2026-09,"FACEBOOK, INSTAGRAM, AUDIENCE_NETWORK, WHATSAPP, THREADS",True,True,True,False,True,True,Other,True,False,False,2026-09-07,2026-08-28 07:00:00,2026-09-07 16:55:10.186478,10
1634558781620604,,True,2026-08-26 07:00:00,2026-09-06 07:00:00,Chemist Warehouse,Chemist Warehouse,Discover OGX® Shampoo and Conditioner,Achieve strong & healthy hair with OGX® Shampoo & Conditioner. Shop at Chemist Warehouse,See details,IMAGE,https://fb.com/canvas_doc/717777554636506,fb.com,/canvas_doc/717777554636506,,,,,,,Not Specified,,,,,,,,,,"['FACEBOOK', 'INSTAGRAM', 'AUDIENCE_NETWORK', 'MESSENGER', 'THREADS']",,,,,2026-W36,2026-09,"FACEBOOK, INSTAGRAM, AUDIENCE_NETWORK, MESSENGER, THREADS",True,True,True,True,True,False,Internal/App Page,True,True,False,2026-09-07,2026-08-26 07:00:00,2026-09-07 16:55:10.186478,12
3113392529044915,3201758820214328,True,2026-08-25 07:00:00,2026-09-06 07:00:00,Chemist Warehouse,Chemist Warehouse,Made for women,"Perimenopause can last for up to 10 years, yet it's still a stage of life that isn't talked about enough.
It's great to see more conversations around women's health, and more support for every chapter. Shop new Swisse Perimenopause Balance now at Chemist Warehouse.

@chemistwarehouseaus @swisseau
#ad #sponsored #paidpartnership #swissewellness #swissewomenshealth #womenshealth",Shop now,VIDEO,https://www.chemistwarehouse.com.au/shop-online/swisse-womens-health?utm_source=facebook&utm_medium=social&utm_campaign=au_cw_oa_facebook_social_swissewellnessptyltd_swisse_81_aug26_100737-womenhealth_video-image&utm_term=conversion&utm_content=video-image_video,www.chemistwarehouse.com.au,/shop-online/swisse-womens-health,facebook,social,au_cw_oa_facebook_social_swissewellnessptyltd_swisse_81_aug26_100737-womenhealth_video-image,81,conversion,video-image_video,O&O,Swissewellnessptyltd,Swisse,aug26,video-image,,,,,,"['FACEBOOK', 'INSTAGRAM', 'THREADS']",au,cw,facebook,social,2026-W36,2026-09,"FACEBOOK, INSTAGRAM, THREADS",True,True,False,False,True,False,Brand/Category Page,True,True,False,2026-09-07,2026-08-25 07:00:00,2026-09-07 16:55:10.186478,13
1624937982683466,,True,2026-08-26 07:00:00,2026-09-06 07:00:00,Chemist Warehouse,Chemist Warehouse,{{product.name}},"Stop paying too much on contact lenses at Chemist Warehouse Optometry.

👉 Wide range of lenses at everyday low prices.
👉 Free Shipping on orders over $99
👉 Tracked Delivery on all orders
👉 Friendly Customer Service

Shop Online Now at Chemist Warehouse Optometry & see the savings!",Shop now,DPA,https://chemistwarehouseoptometry.com.au/,chemistwarehouseoptometry.com.au,/,,,,,,,Not Specified,,,,,MyDay 30 pack,"Stop paying too much on contact lenses at Chemist Warehouse Optometry.

👉 Wide range of lenses at everyday low prices.
👉 Free Shipping on orders over $99
👉 Tracked Delivery on all orders
👉 Friendly Customer Service

Shop Online Now at Chemist Warehouse Optometry & see the savings!",Shop Now,https://scontent.flim31-1.fna.fbcdn.net/v/t39.35426-6/788601538_2905227376483336_6873156768707108382_n.jpg?_nc_cat=108&ccb=1-7&_nc_sid=c53f8f&_nc_ohc=JZs5J_Bu7AoQ7kNvwEYov5R&_nc_oc=Adox43ln3eLl8u5XGsRMXvWnmJrpDMeU97KBLAjWmPBv6u9NQmZjX9lfUsus3Xax2cE&_nc_zt=14&_nc_ht=scontent.flim31-1.fna&_nc_gid=PdI0TpGNz1aOrXXfHL07TQ&_nc_ss=7f180&oh=00_AQI3T2-gniI3VjYwZI-EbKeIUktYgASD1oYeMR4eZIzJbQ&oe=6AA3994C,,"['FACEBOOK', 'INSTAGRAM', 'AUDIENCE_NETWORK', 'THREADS']",,,,,2026-W36,2026-09,"FACEBOOK, INSTAGRAM, AUDIENCE_NETWORK, THREADS",True,True,True,False,True,False,Homepage,True,True,False,2026-09-07,2026-08-26 07:00:00,2026-09-07 16:55:10.186478,12
2127724531429897,1621988036108909,True,2026-08-25 07:00:00,2026-09-06 07:00:00,Chemist Warehouse,Chemist Warehouse,Made for women,"Coming soon to Netflix: Christina’s PMS - The Documentary. Shop the new Swisse PMS Relief Gummies now at Chemist Warehouse.
@chemistwarehouseaus @swisseau
#ad #sponsored #paidpartnership #swissewellness #swissewomenshealth #womenshealth",Shop now,VIDEO,https://www.chemistwarehouse.com.au/shop-online/swisse-womens-health?utm_source=facebook&utm_medium=social&utm_campaign=au_cw_oa_facebook_social_swissewellnessptyltd_swisse_81_aug26_100737-womenhealth_video-image&utm_term=conversion&utm_content=video-image_video,www.chemistwarehouse.com.au,/shop-online/swisse-womens-health,facebook,social,au_cw_oa_facebook_social_swissewellnessptyltd_swisse_81_aug26_100737-womenhealth_video-image,81,conversion,video-image_video,O&O,Swissewellnessptyltd,Swisse,aug26,video-image,,,,,,"['FACEBOOK', 'INSTAGRAM', 'THREADS']",au,cw,facebook,social,2026-W36,2026-09,"FACEBOOK, INSTAGRAM, THREADS",True,True,False,False,True,False,Brand/Category Page,True,True,False,2026-09-07,2026-08-25 07:00:00,2026-09-07 16:55:10.186478,13
913513445162521,1403360445198808,True,2026-08-24 07:00:00,2026-09-06 07:00:00,Chemist Warehouse,Chemist Warehouse,Shop Now,The Dermeze Range has something for everyone! Available at Chemist Warehouse.,Shop now,VIDEO,https://www.chemistwarehouse.com.au/shop-online/5340/dermeze?utm_source=facebook&utm_medium=social&utm_campaign=au_cw_oa_facebook_social_aspenpharmacareaustralia_dermeze_665_aug26_100579-oa_video&utm_term=reach&utm_content=video_video,www.chemistwarehouse.com.au,/shop-online/5340/dermeze,facebook,social,au_cw_oa_facebook_social_aspenpharmacareaustralia_dermeze_665_aug26_100579-oa_video,665,reach,video_video,O&O,Aspenpharmacareaustralia,Dermeze,aug26,video,,,,,,"['FACEBOOK', 'INSTAGRAM']",au,cw,facebook,social,2026-W36,2026-09,"FACEBOOK, INSTAGRAM",True,True,False,False,False,False,Brand/Category Page,True,True,False,2026-09-07,2026-08-24 07:00:00,2026-09-07 16:55:10.186478,14
1097207382966495,1636953817401980,True,2026-08-27 07:00:00,2026-09-06 07:00:00,Chemist Warehouse,Chemist Warehouse,{{product.name}},{{product.brand}},Shop now,DCO,https://chemistwarehouseoptometry.com.au/,chemistwarehouseoptometry.com.au,/,,,,,,,Not Specified,,,,,Find your contact lenses online now!,"Stop paying too much on contact lenses at Chemist Warehouse Optometry.

👉 Wide range of lenses at everyday low prices.
👉 Free Shipping on orders over $99
👉 Tracked Delivery on all orders
👉 Friendly Customer Service

Shop Online Now at Chemist Warehouse Optometry & see the savings!",Shop Now,https://scontent.flim31-1.fna.fbcdn.net/v/t39.35426-6/753418382_1338032858005830_7875994342647541018_n.jpg?_nc_cat=109&ccb=1-7&_nc_sid=c53f8f&_nc_ohc=IfOpvmkUkEkQ7kNvwHQ6HWP&_nc_oc=AdpjS3KxtHqpKDd4IJCdvm-dGI8Hvi_OI5IYsVMwovETJooXOWLPVM1dZx58GHpCGfw&_nc_zt=14&_nc_ht=scontent.flim31-1.fna&_nc_gid=PdI0TpGNz1aOrXXfHL07TQ&_nc_ss=7f180&oh=00_AQIEgEPtI2S2Tsa8PnYMqqEiDPvJ-WUrblUvyeCw_iQe7A&oe=6AA3B3F8,,"['FACEBOOK', 'INSTAGRAM', 'AUDIENCE_NETWORK', 'MESSENGER', 'THREADS']",,,,,2026-W36,2026-09,"FACEBOOK, INSTAGRAM, AUDIENCE_NETWORK, MESSENGER, THREADS",True,True,True,True,True,False,Homepage,True,False,False,2026-09-07,2026-08-27 07:00:00,2026-09-07 16:55:10.186478,11
2130916724493679,2159235607980963,True,2026-08-24 07:00:00,2026-09-06 07:00:00,Chemist Warehouse,Chemist Warehouse,{{product.name}},{{product.brand}},Shop now,DCO,https://chemistwarehouseoptometry.com.au/,chemistwarehouseoptometry.com.au,/,,,,,,,Not Specified,,,,,Shop at Chemist Warehouse Optometry now,"Stop paying too much on contact lenses at Chemist Warehouse Optometry.

👉 Wide range of lenses at everyday low prices.
👉 Free Shipping on orders over $99
👉 Tracked Delivery on all orders
👉 Friendly Customer Service

Shop Online Now at Chemist Warehouse Optometry & see the savings!",Shop Now,https://scontent.flim31-1.fna.fbcdn.net/v/t39.35426-6/758854703_2996599434007923_1902274985632754260_n.jpg?_nc_cat=109&ccb=1-7&_nc_sid=c53f8f&_nc_ohc=JDRXoZrmE88Q7kNvwHFiPWY&_nc_oc=AdoX7aJfIWICwWpSP0_0cVS7Rfl6IrFwAHnDj6nrarbJxLtR4I-muq3QWXqXt5oB8Pg&_nc_zt=14&_nc_ht=scontent.flim31-1.fna&_nc_gid=PdI0TpGNz1aOrXXfHL07TQ&_nc_ss=7f180&oh=00_AQJKG5qwtv1xRBtesfCpZXK7MBc5xa2Ro-ijrCUznCgSvQ&oe=6AA3C760,,"['FACEBOOK', 'INSTAGRAM', 'AUDIENCE_NETWORK', 'MESSENGER', 'THREADS']",,,,,2026-W36,2026-09,"FACEBOOK, INSTAGRAM, AUDIENCE_NETWORK, MESSENGER, THREADS",True,True,True,True,True,False,Homepage,True,False,False,2026-09-07,2026-08-24 07:00:00,2026-09-07 16:55:10.186478,14
1970907410193464,880524777853354,True,2026-08-24 07:00:00,2026-09-03 07:00:00,Chemist Warehouse,Chemist Warehouse,{{product.name}},{{product.brand}},Shop now,DCO,https://chemistwarehouseoptometry.com.au/,chemistwarehouseoptometry.com.au,/,,,,,,,Not Specified,,,,,Contact Lenses at Chemist Warehouse prices!,"Stop paying too much on contact lenses at Chemist Warehouse Optometry.

👉 Wide range of lenses at everyday low prices.
👉 Free Shipping on orders over $99
👉 Tracked Delivery on all orders
👉 Friendly Customer Service

Shop Online Now at Chemist Warehouse Optometry & see the savings!",Shop Now,https://scontent.flim31-1.fna.fbcdn.net/v/t39.35426-6/758518274_1045140894879331_553471081367579194_n.jpg?_nc_cat=101&ccb=1-7&_nc_sid=c53f8f&_nc_ohc=1n1rZZKs3_kQ7kNvwHCU16q&_nc_oc=AdrqR45VzldyatafPRqhIPo3F7q-1ThjeO4bFO3QarNXWVRP_l8ir6T50duszb229Aw&_nc_zt=14&_nc_ht=scontent.flim31-1.fna&_nc_gid=PdI0TpGNz1aOrXXfHL07TQ&_nc_ss=7f180&oh=00_AQJPhRBjg0uL3fQiISWAPlNtI5pQvDVwLckf9WRet-jPFQ&oe=6AA3B6A5,,"['FACEBOOK', 'INSTAGRAM', 'AUDIENCE_NETWORK', 'MESSENGER', 'THREADS']",,,,,2026-W36,2026-09,"FACEBOOK, INSTAGRAM, AUDIENCE_NETWORK, MESSENGER, THREADS",True,True,True,True,True,False,Homepage,True,False,False,2026-09-07,2026-08-24 07:00:00,2026-09-07 16:55:10.186478,14
1754943969006700,,True,2026-08-24 07:00:00,2026-09-06 07:00:00,Chemist Warehouse,Chemist Warehouse,{{product.name}},"Stop paying too much on contact lenses at Chemist Warehouse Optometry.

👉 Wide range of lenses at everyday low prices.
👉 Free Shipping on orders over $99
👉 Tracked Delivery on all orders
👉 Friendly Customer Service

Shop Online Now at Chemist Warehouse Optometry & see the savings!",Shop now,DPA,https://chemistwarehouseoptometry.com.au/,chemistwarehouseoptometry.com.au,/,,,,,,,Not Specified,,,,,Air Optix plus Hydraglyde Toric,"Stop paying too much on contact lenses at Chemist Warehouse Optometry.

👉 Wide range of lenses at everyday low prices.
👉 Free Shipping on orders over $99
👉 Tracked Delivery on all orders
👉 Friendly Customer Service

Shop Online Now at Chemist Warehouse Optometry & see the savings!",Shop Now,https://scontent.flim31-1.fna.fbcdn.net/v/t39.35426-6/756779466_846163581761742_3356618505526577932_n.jpg?_nc_cat=102&ccb=1-7&_nc_sid=c53f8f&_nc_ohc=D387m7tpOCoQ7kNvwGGIcDm&_nc_oc=Adp2J2axTQniX6hcnJFLJ0GFZkkCcNgjQGfFwwDYY_jGNMG4gLZtXEH22gqfcw9OFhw&_nc_zt=14&_nc_ht=scontent.flim31-1.fna&_nc_gid=PdI0TpGNz1aOrXXfHL07TQ&_nc_ss=7f180&oh=00_AQJIjYcRVT2wkDqn8Hg4pO5gB4YfvQCKD_C_ADvvXWtYCg&oe=6AA3CD67,,"['FACEBOOK', 'INSTAGRAM', 'AUDIENCE_NETWORK', 'MESSENGER', 'THREADS']",,,,,2026-W36,2026-09,"FACEBOOK, INSTAGRAM, AUDIENCE_NETWORK, MESSENGER, THREADS",True,True,True,True,True,False,Homepage,True,True,False,2026-09-07,2026-08-24 07:00:00,2026-09-07 16:55:10.186478,14
1808443523667914,1553965706748475,True,2026-08-23 07:00:00,2026-09-05 07:00:00,Chemist Warehouse,Chemist Warehouse,Made for women,Swisse Women's vitamins now at Chemist Warehouse.,Shop now,DCO,https://www.chemistwarehouse.com.au/shop-online/swisse-womens-health?utm_source=facebook&utm_medium=social&utm_campaign=au_cw_oa_facebook_social_swissewellnessptyltd_swisse_81_aug26_100737-womenhealth_video-image&utm_term=conversion&utm_content=video-image_video,www.chemistwarehouse.com.au,/shop-online/swisse-womens-health,facebook,social,au_cw_oa_facebook_social_swissewellnessptyltd_swisse_81_aug26_100737-womenhealth_video-image,81,conversion,video-image_video,O&O,Swissewellnessptyltd,Swisse,aug26,video-image,Made for women,Swisse Women's vitamins now at Chemist Warehouse.,Shop Now,,https://video.flim31-1.fna.fbcdn.net/o1/v/t2/f2/m366/AQPlUv2WhBNQvMTdLe3evNiXt0GVViLZ1ceBxpcWEWSB2c6NWGemV7XjeuOXJFNqXWyvCvrm0hkXnmn8hLzq3-Z-O1bB90YFAYxsC3ka8HcG0w.mp4?_nc_cat=110&_nc_oc=AdqqZfHlCrLF5Y5AoTmlwzcrOD3jExlmuKQHaU5GD92r_Y3KvugTtZS5sOSsq-2snX8&_nc_sid=b66105&_nc_ht=video.flim31-1.fna.fbcdn.net&_nc_ohc=wuZy_N7CwLIQ7kNvwHAh48y&efg=eyJ2ZW5jb2RlX3RhZyI6Inhwdl9wcm9ncmVzc2l2ZS5WSV9VU0VDQVNFX1BST0RVQ1RfVFlQRS4uQzMuNzIwLmRhc2hfaDI2NC1iYXNpYy1nZW4yXzcyMHAiLCJ4cHZfYXNzZXRfaWQiOjI2MDUyOTAxNDY1OTM4NjEsImFzc2V0X2FnZV9kYXlzIjoxMywidmlfdXNlY2FzZV9pZCI6MTA3OTksImR1cmF0aW9uX3MiOjYsInVybGdlbl9zb3VyY2UiOiJ3d3cifQ%3D%3D&ccb=17-1&vs=186fcc45ad91e850&_nc_vs=HBksFQIYRWZiX2VwaGVtZXJhbC8zMDRCRjU2NjlBMzYxMjNENkVGMTFFMDY2M0VEOUNBNl9tdF8xX3ZpZGVvX2Rhc2hpbml0Lm1wNBUAAsgBEgAVAhhAZmJfcGVybWFuZW50L0M3NDQ5ODFDODI2ODVBMUUxMUI3MkUxNEFGNEEyQUEwX2F1ZGlvX2Rhc2hpbml0Lm1wNBUCAsgBEgAoABgAGwKIB3VzZV9vaWwBMRJwcm9ncmVzc2l2ZV9yZWNpcGUBMRUAACaK8cub7N-gCRUCKAJDMywXQBgAAAAAAAAYGWRhc2hfaDI2NC1iYXNpYy1nZW4yXzcyMHARAHUAZd6oAQA&_nc_gid=ShG0xIHk_s7D_BDpx_iieA&_nc_ss=7f180&_nc_zt=28&oh=00_AQK7LxlQhIaDGUnqGwBQ1daOLd5suv8FEl1Eq5yLwBd07g&oe=6AA3C916,"['FACEBOOK', 'INSTAGRAM', 'THREADS']",au,cw,facebook,social,2026-W36,2026-09,"FACEBOOK, INSTAGRAM, THREADS",True,True,False,False,True,False,Brand/Category Page,True,True,False,2026-09-07,2026-08-23 07:00:00,2026-09-07 16:55:10.186478,15
2576657879421658,1403360445198808,True,2026-08-24 07:00:00,2026-09-06 07:00:00,Chemist Warehouse,Chemist Warehouse,Shop Now,The Dermeze Range has something for everyone! Available at Chemist Warehouse.,Shop now,VIDEO,https://www.chemistwarehouse.com.au/shop-online/5340/dermeze?utm_source=facebook&utm_medium=social&utm_campaign=au_cw_oa_facebook_social_aspenpharmacareaustralia_dermeze_665_aug26_100579-oa_video&utm_term=reach&utm_content=video_video,www.chemistwarehouse.com.au,/shop-online/5340/dermeze,facebook,social,au_cw_oa_facebook_social_aspenpharmacareaustralia_dermeze_665_aug26_100579-oa_video,665,reach,video_video,O&O,Aspenpharmacareaustralia,Dermeze,aug26,video,,,,,,"['FACEBOOK', 'INSTAGRAM']",au,cw,facebook,social,2026-W36,2026-09,"FACEBOOK, INSTAGRAM",True,True,False,False,False,False,Brand/Category Page,True,True,False,2026-09-07,2026-08-24 07:00:00,2026-09-07 16:55:10.186478,14
1519879486570896,1630390031811582,True,2026-08-23 07:00:00,2026-09-06 07:00:00,Chemist Warehouse,Chemist Warehouse,Made for women,Swisse Women's Vitamins — tailored support from your 30s to your 65+,Shop now,VIDEO,https://fb.com/canvas_doc/2139225913606484,fb.com,/canvas_doc/2139225913606484,,,,,,,Not Specified,,,,,,,,,,"['FACEBOOK', 'INSTAGRAM', 'AUDIENCE_NETWORK', 'MESSENGER', 'THREADS']",,,,,2026-W36,2026-09,"FACEBOOK, INSTAGRAM, AUDIENCE_NETWORK, MESSENGER, THREADS",True,True,True,True,True,False,Internal/App Page,True,False,False,2026-09-07,2026-08-23 07:00:00,2026-09-07 16:55:10.186478,15
809056045604673,1724447372125553,True,2026-08-23 07:00:00,2026-09-06 07:00:00,Chemist Warehouse,Chemist Warehouse,Made for women,Swisse Women's Vitamins — tailored support from your 30s to your 65+,Shop now,VIDEO,https://fb.com/canvas_doc/2982168435453945,fb.com,/canvas_doc/2982168435453945,,,,,,,Not Specified,,,,,,,,,,"['FACEBOOK', 'INSTAGRAM', 'AUDIENCE_NETWORK', 'MESSENGER', 'THREADS']",,,,,2026-W36,2026-09,"FACEBOOK, INSTAGRAM, AUDIENCE_NETWORK, MESSENGER, THREADS",True,True,True,True,True,False,Internal/App Page,True,False,False,2026-09-07,2026-08-23 07:00:00,2026-09-07 16:55:10.186478,15
1049869104319038,1835181157611699,True,2026-08-23 07:00:00,2026-09-05 07:00:00,Chemist Warehouse,Chemist Warehouse,Made for women,Swisse Women's vitamins now at Chemist Warehouse.,Shop now,DCO,https://www.chemistwarehouse.com.au/shop-online/swisse-womens-health?utm_source=facebook&utm_medium=social&utm_campaign=au_cw_oa_facebook_social_swissewellnessptyltd_swisse_81_aug26_100737-womenhealth_video-image&utm_term=conversion&utm_content=video-image_video,www.chemistwarehouse.com.au,/shop-online/swisse-womens-health,facebook,social,au_cw_oa_facebook_social_swissewellnessptyltd_swisse_81_aug26_100737-womenhealth_video-image,81,conversion,video-image_video,O&O,Swissewellnessptyltd,Swisse,aug26,video-image,Made for women,Swisse Women's vitamins now at Chemist Warehouse.,Shop Now,,https://video.flim31-1.fna.fbcdn.net/o1/v/t2/f2/m366/AQMPopwD_4cV__22Yy0InAELLqthHuS3nw1qXl7Zzn0c-SdIm1HtgaHbyY7-C5wqUG8hOFNHeRkjgyjYNHI79dBi9rQMMR8-KzcL9z_N54gjeA.mp4?_nc_cat=102&_nc_oc=AdrE_FJFg0iOhY7PsPY-0g7HsMajVGG3t7zxpLCgxo5c4sXAlmmZDW3lWEZh3QJNl_I&_nc_sid=b66105&_nc_ht=video.flim31-1.fna.fbcdn.net&_nc_ohc=T60mbA_REGQQ7kNvwF9ruWj&efg=eyJ2ZW5jb2RlX3RhZyI6Inhwdl9wcm9ncmVzc2l2ZS5WSV9VU0VDQVNFX1BST0RVQ1RfVFlQRS4uQzMuNzIwLmRhc2hfaDI2NC1iYXNpYy1nZW4yXzcyMHAiLCJ4cHZfYXNzZXRfaWQiOjQ0NjEyNjM1MTc1MjIxMzQsImFzc2V0X2FnZV9kYXlzIjoxMywidmlfdXNlY2FzZV9pZCI6MTA3OTksImR1cmF0aW9uX3MiOjE1LCJ1cmxnZW5fc291cmNlIjoid3d3In0%3D&ccb=17-1&vs=edfc785f21e766e2&_nc_vs=HBksFQIYRWZiX2VwaGVtZXJhbC81NzQ4ODdBRjlGM0U2NEUyMUJENEZERDg0MDJGNzM5Ml9tdF8xX3ZpZGVvX2Rhc2hpbml0Lm1wNBUAAsgBEgAVAhhAZmJfcGVybWFuZW50L0QzNDMzRTM3Q0FGOTc0RjU1MTVEMkZDQTczODdGRjlGX2F1ZGlvX2Rhc2hpbml0Lm1wNBUCAsgBEgAoABgAGwKIB3VzZV9vaWwBMRJwcm9ncmVzc2l2ZV9yZWNpcGUBMRUAACas47Cz29_sDxUCKAJDMywXQC4AAAAAAAAYGWRhc2hfaDI2NC1iYXNpYy1nZW4yXzcyMHARAHUAZd6oAQA&_nc_gid=ShG0xIHk_s7D_BDpx_iieA&_nc_ss=7f180&_nc_zt=28&oh=00_AQIi0uI1v_n9IGMhCan-C46mLJ-b375FTHbqDFc5VTzyqw&oe=6AA3AF3A,"['FACEBOOK', 'INSTAGRAM', 'THREADS']",au,cw,facebook,social,2026-W36,2026-09,"FACEBOOK, INSTAGRAM, THREADS",True,True,False,False,True,False,Brand/Category Page,True,True,False,2026-09-07,2026-08-23 07:00:00,2026-09-07 16:55:10.186478,15
28141674025452070,1597387868763453,True,2026-08-23 07:00:00,2026-09-06 07:00:00,Chemist Warehouse,Chemist Warehouse,Made for women,Swisse Women's vitamins now at Chemist Warehouse.,Shop now,DCO,https://www.chemistwarehouse.com.au/shop-online/swisse-womens-health?utm_source=facebook&utm_medium=social&utm_campaign=au_cw_oa_facebook_social_swissewellnessptyltd_swisse_81_aug26_100737-womenhealth_video-image&utm_term=conversion&utm_content=video-image_video,www.chemistwarehouse.com.au,/shop-online/swisse-womens-health,facebook,social,au_cw_oa_facebook_social_swissewellnessptyltd_swisse_81_aug26_100737-womenhealth_video-image,81,conversion,video-image_video,O&O,Swissewellnessptyltd,Swisse,aug26,video-image,Made for women,Swisse Women's vitamins now at Chemist Warehouse.,Shop Now,,https://video.flim31-1.fna.fbcdn.net/o1/v/t2/f2/m366/AQMjssgQe3QIG75ZPjEHCkG8va-F_ECealSYk2hU7a53hHwEvzDvzr8fdAyTqt1CRIIWThn92_nMvlCUFmU9TlEGBJSP_SL_Id_Gr7EJOncUGQ.mp4?_nc_cat=108&_nc_oc=Ado3jEUnGrhXd2oHVnBfs200gfgHoILiSBrEH_A__E3htc9AKDSHzOwm9VH_bGaPlMw&_nc_sid=b66105&_nc_ht=video.flim31-1.fna.fbcdn.net&_nc_ohc=FN_6ZopLuxkQ7kNvwFvIVAB&efg=eyJ2ZW5jb2RlX3RhZyI6Inhwdl9wcm9ncmVzc2l2ZS5WSV9VU0VDQVNFX1BST0RVQ1RfVFlQRS4uQzMuNzIwLmRhc2hfaDI2NC1iYXNpYy1nZW4yXzcyMHAiLCJ4cHZfYXNzZXRfaWQiOjE0NjU3ODcwNDg5MTc2OTEsImFzc2V0X2FnZV9kYXlzIjoxMywidmlfdXNlY2FzZV9pZCI6MTA3OTksImR1cmF0aW9uX3MiOjE1LCJ1cmxnZW5fc291cmNlIjoid3d3In0%3D&ccb=17-1&vs=c8b7e7182cbdc776&_nc_vs=HBksFQIYRWZiX2VwaGVtZXJhbC9DNTQ3NzI4RTVFNjc1REIxMTAyNUFCQUQ1RDgyREE4RV9tdF8xX3ZpZGVvX2Rhc2hpbml0Lm1wNBUAAsgBEgAVAhhAZmJfcGVybWFuZW50L0VENDI5M0ZBQzExOTU0MDNBNzVGRjEzRDEwM0IwQkI5X2F1ZGlvX2Rhc2hpbml0Lm1wNBUCAsgBEgAoABgAGwKIB3VzZV9vaWwBMRJwcm9ncmVzc2l2ZV9yZWNpcGUBMRUAACb26u_FhMiaBRUCKAJDMywXQC4AAAAAAAAYGWRhc2hfaDI2NC1iYXNpYy1nZW4yXzcyMHARAHUAZd6oAQA&_nc_gid=ShG0xIHk_s7D_BDpx_iieA&_nc_ss=7f180&_nc_zt=28&oh=00_AQJl8Vq5TnKYck-iIh4386q_ajB5BwXivzZdqPZRaGo-Qw&oe=6AA3A184,"['FACEBOOK', 'INSTAGRAM', 'THREADS']",au,cw,facebook,social,2026-W36,2026-09,"FACEBOOK, INSTAGRAM, THREADS",True,True,False,False,True,False,Brand/Category Page,True,True,False,2026-09-07,2026-08-23 07:00:00,2026-09-07 16:55:10.186478,15
1810825953609149,1088939076822276,True,2026-08-23 07:00:00,2026-09-06 07:00:00,Chemist Warehouse,Chemist Warehouse,Made for women,Swisse Women's vitamins now at Chemist Warehouse.,Shop now,DCO,https://www.chemistwarehouse.com.au/shop-online/swisse-womens-health?utm_source=facebook&utm_medium=social&utm_campaign=au_cw_oa_facebook_social_swissewellnessptyltd_swisse_81_aug26_100737-womenhealth_video-image&utm_term=conversion&utm_content=video-image_video,www.chemistwarehouse.com.au,/shop-online/swisse-womens-health,facebook,social,au_cw_oa_facebook_social_swissewellnessptyltd_swisse_81_aug26_100737-womenhealth_video-image,81,conversion,video-image_video,O&O,Swissewellnessptyltd,Swisse,aug26,video-image,Made for women,Swisse Women's vitamins now at Chemist Warehouse.,Shop Now,,https://video.flim31-1.fna.fbcdn.net/o1/v/t2/f2/m366/AQMonysF3o48-sN0Kqs6t7_z62OFw9d2BBxWJSNaiga2dx7FMg65SRHGwSv7vJ5VuJonVrjEgxWlEALGjglZznDZDaS5VyFyVfL2v7x-SLKyNQ.mp4?_nc_cat=105&_nc_oc=AdqpH4BtueBKw5uzYMY56PWFJPBgjDmsHZUUJhEWHYqMo1aK4OcCMmVn13FV7BPGRpk&_nc_sid=b66105&_nc_ht=video.flim31-1.fna.fbcdn.net&_nc_ohc=DV6L49h0R64Q7kNvwHmpcXC&efg=eyJ2ZW5jb2RlX3RhZyI6Inhwdl9wcm9ncmVzc2l2ZS5WSV9VU0VDQVNFX1BST0RVQ1RfVFlQRS4uQzMuNzIwLmRhc2hfaDI2NC1iYXNpYy1nZW4yXzcyMHAiLCJ4cHZfYXNzZXRfaWQiOjE2OTkxMzgxODExNzY0MzMsImFzc2V0X2FnZV9kYXlzIjoxMywidmlfdXNlY2FzZV9pZCI6MTA3OTksImR1cmF0aW9uX3MiOjE1LCJ1cmxnZW5fc291cmNlIjoid3d3In0%3D&ccb=17-1&vs=18c79e109e276975&_nc_vs=HBksFQIYRWZiX2VwaGVtZXJhbC9ENzRGNEUyM0MxN0VCQTBBRjM4NUI2MTAyRTA3RDA5Q19tdF8xX3ZpZGVvX2Rhc2hpbml0Lm1wNBUAAsgBEgAVAhhAZmJfcGVybWFuZW50LzYzNDk4ODBCMzg3RDJENTk1MjM2MDk5MjM4MzQ5NDk3X2F1ZGlvX2Rhc2hpbml0Lm1wNBUCAsgBEgAoABgAGwKIB3VzZV9vaWwBMRJwcm9ncmVzc2l2ZV9yZWNpcGUBMRUAACbi8bT77daEBhUCKAJDMywXQC4AAAAAAAAYGWRhc2hfaDI2NC1iYXNpYy1nZW4yXzcyMHARAHUAZd6oAQA&_nc_gid=ShG0xIHk_s7D_BDpx_iieA&_nc_ss=7f180&_nc_zt=28&oh=00_AQIiaxnRx-zcOjsmoocuhJJDW2utvy00-brMGobUjcyFHg&oe=6AA3A8FB,"['FACEBOOK', 'INSTAGRAM', 'THREADS']",au,cw,facebook,social,2026-W36,2026-09,"FACEBOOK, INSTAGRAM, THREADS",True,True,False,False,True,False,Brand/Category Page,True,True,False,2026-09-07,2026-08-23 07:00:00,2026-09-07 16:55:10.186478,15
5500336870191838,1426085326075844,True,2026-08-23 07:00:00,2026-09-05 07:00:00,Chemist Warehouse,Chemist Warehouse,Made for women,Swisse Women's vitamins now at Chemist Warehouse.,Shop now,DCO,https://www.chemistwarehouse.com.au/shop-online/swisse-womens-health?utm_source=facebook&utm_medium=social&utm_campaign=au_cw_oa_facebook_social_swissewellnessptyltd_swisse_81_aug26_100737-womenhealth_video-image&utm_term=conversion&utm_content=video-image_video,www.chemistwarehouse.com.au,/shop-online/swisse-womens-health,facebook,social,au_cw_oa_facebook_social_swissewellnessptyltd_swisse_81_aug26_100737-womenhealth_video-image,81,conversion,video-image_video,O&O,Swissewellnessptyltd,Swisse,aug26,video-image,Made for women,Swisse Women's vitamins now at Chemist Warehouse.,Shop Now,,https://video.flim31-1.fna.fbcdn.net/o1/v/t2/f2/m366/AQNYu7KHyPyFjS_RFg1zaFnDOZNFx8h5aEtCOiBGUrPy9VhtMvRZHkuRpIb9msM9TPtWPcN0dNZR62WLt0cJINMkSHQS2458TLm0C-vzgbJJhA.mp4?_nc_cat=110&_nc_oc=AdoT1w3UvW0De_WMKxQB2QiM5iqz00Df_e1_1DBPe36gmXMNW4ygarN2OC1OVOZuuCc&_nc_sid=b66105&_nc_ht=video.flim31-1.fna.fbcdn.net&_nc_ohc=HmmDJCCnBVoQ7kNvwEVsmah&efg=eyJ2ZW5jb2RlX3RhZyI6Inhwdl9wcm9ncmVzc2l2ZS5WSV9VU0VDQVNFX1BST0RVQ1RfVFlQRS4uQzMuNzIwLmRhc2hfaDI2NC1iYXNpYy1nZW4yXzcyMHAiLCJ4cHZfYXNzZXRfaWQiOjEzNzc5MDExNDQ1NDAwNTcsImFzc2V0X2FnZV9kYXlzIjoxMywidmlfdXNlY2FzZV9pZCI6MTA3OTksImR1cmF0aW9uX3MiOjE1LCJ1cmxnZW5fc291cmNlIjoid3d3In0%3D&ccb=17-1&vs=432394bba0393966&_nc_vs=HBksFQIYRWZiX2VwaGVtZXJhbC9FNjQ4NzM2MkFDQTgwMDIyQzQ5MzgxNkQxMzZCNDZBNF9tdF8xX3ZpZGVvX2Rhc2hpbml0Lm1wNBUAAsgBEgAVAhhAZmJfcGVybWFuZW50L0FCNDQzOTdEMUJERjY4QjI5NTMxRTRDNkZBODMwNEEwX2F1ZGlvX2Rhc2hpbml0Lm1wNBUCAsgBEgAoABgAGwKIB3VzZV9vaWwBMRJwcm9ncmVzc2l2ZV9yZWNpcGUBMRUAACayjozEs8zyBBUCKAJDMywXQC4AAAAAAAAYGWRhc2hfaDI2NC1iYXNpYy1nZW4yXzcyMHARAHUAZd6oAQA&_nc_gid=ShG0xIHk_s7D_BDpx_iieA&_nc_ss=7f180&_nc_zt=28&oh=00_AQJmyV4EP-YVJpwkKn5V0g5Q-_pKrrKgzH4OsLmoEOhETg&oe=6AA3A20A,"['FACEBOOK', 'INSTAGRAM', 'THREADS']",au,cw,facebook,social,2026-W36,2026-09,"FACEBOOK, INSTAGRAM, THREADS",True,True,False,False,True,False,Brand/Category Page,True,True,False,2026-09-07,2026-08-23 07:00:00,2026-09-07 16:55:10.186478,15
926376800120949,1759748398253031,True,2026-08-23 07:00:00,2026-09-06 07:00:00,Chemist Warehouse,Chemist Warehouse,Made for women,Swisse Women's vitamins now at Chemist Warehouse.,Shop now,DCO,https://www.chemistwarehouse.com.au/shop-online/swisse-womens-health?utm_source=facebook&utm_medium=social&utm_campaign=au_cw_oa_facebook_social_swissewellnessptyltd_swisse_81_aug26_100737-womenhealth_video-image&utm_term=conversion&utm_content=video-image_video,www.chemistwarehouse.com.au,/shop-online/swisse-womens-health,facebook,social,au_cw_oa_facebook_social_swissewellnessptyltd_swisse_81_aug26_100737-womenhealth_video-image,81,conversion,video-image_video,O&O,Swissewellnessptyltd,Swisse,aug26,video-image,Made for women,Swisse Women's vitamins now at Chemist Warehouse.,Shop Now,,https://video.flim31-1.fna.fbcdn.net/o1/v/t2/f2/m366/AQOCmVAmuzIPDEpoN5c8ytN0fMTyNU1TJMCibbDP6sq5XFcd-9JlQW6ZcJOr4HIY-BU9yycpwMOtEfMfXr8r626fjzA4Jj8-J_tO3VCtSa079g.mp4?_nc_cat=108&_nc_oc=AdrvP-FPzFYxQhy9Z1aX7LXgSlWVNzWMTNGM1BiEkzBJmhIiRRPcp-_FTQYdRYYUd5U&_nc_sid=b66105&_nc_ht=video.flim31-1.fna.fbcdn.net&_nc_ohc=PHe34eXIMEcQ7kNvwGL5bQ-&efg=eyJ2ZW5jb2RlX3RhZyI6Inhwdl9wcm9ncmVzc2l2ZS5WSV9VU0VDQVNFX1BST0RVQ1RfVFlQRS4uQzMuNzIwLmRhc2hfaDI2NC1iYXNpYy1nZW4yXzcyMHAiLCJ4cHZfYXNzZXRfaWQiOjEwNDg3NDQ0NTQ3MTQ1MjEsImFzc2V0X2FnZV9kYXlzIjoxMywidmlfdXNlY2FzZV9pZCI6MTA3OTksImR1cmF0aW9uX3MiOjE1LCJ1cmxnZW5fc291cmNlIjoid3d3In0%3D&ccb=17-1&vs=920df3101e368482&_nc_vs=HBksFQIYRWZiX2VwaGVtZXJhbC9ENDRBNjNDOTI5RDAxOTgzMTdGQTkzMUZERjkxRTU4Q19tdF8xX3ZpZGVvX2Rhc2hpbml0Lm1wNBUAAsgBEgAVAhhAZmJfcGVybWFuZW50LzExNDUzNUEyNTU0NTI3RjhGRDE3NUEyNkI3NkZDMDgzX2F1ZGlvX2Rhc2hpbml0Lm1wNBUCAsgBEgAoABgAGwKIB3VzZV9vaWwBMRJwcm9ncmVzc2l2ZV9yZWNpcGUBMRUAACay0veK-_TcAxUCKAJDMywXQC4AAAAAAAAYGWRhc2hfaDI2NC1iYXNpYy1nZW4yXzcyMHARAHUAZd6oAQA&_nc_gid=ShG0xIHk_s7D_BDpx_iieA&_nc_ss=7f180&_nc_zt=28&oh=00_AQKPChKMgr5__LNVTHdaoIhxQT_QPq2a-oQAqFAmXvzCSg&oe=6AA3BD9C,"['FACEBOOK', 'INSTAGRAM', 'THREADS']",au,cw,facebook,social,2026-W36,2026-09,"FACEBOOK, INSTAGRAM, THREADS",True,True,False,False,True,False,Brand/Category Page,True,True,False,2026-09-07,2026-08-23 07:00:00,2026-09-07 16:55:10.186478,15
1368722025434909,1351953993630427,True,2026-08-23 07:00:00,2026-09-05 07:00:00,Chemist Warehouse,Chemist Warehouse,Made for women,Swisse Women's vitamins now at Chemist Warehouse.,Shop now,DCO,https://www.chemistwarehouse.com.au/shop-online/swisse-womens-health?utm_source=facebook&utm_medium=social&utm_campaign=au_cw_oa_facebook_social_swissewellnessptyltd_swisse_81_aug26_100737-womenhealth_video-image&utm_term=conversion&utm_content=video-image_video,www.chemistwarehouse.com.au,/shop-online/swisse-womens-health,facebook,social,au_cw_oa_facebook_social_swissewellnessptyltd_swisse_81_aug26_100737-womenhealth_video-image,81,conversion,video-image_video,O&O,Swissewellnessptyltd,Swisse,aug26,video-image,Made for women,Swisse Women's vitamins now at Chemist Warehouse.,Shop Now,,https://video.flim31-1.fna.fbcdn.net/o1/v/t2/f2/m366/AQM90opEl5BnVi_xg3DIBDbyXKTQOuC_RB35KXG8YbDMo9eM0JnYgVPvNagRNsEtKNat-LafECkSYXn0fw3R9GndN-_A5V-0qObapFBylLreSg.mp4?_nc_cat=109&_nc_oc=AdogjJUO1OOZ9TbSb89jnBoovNPROaqOzizGlBW-tK0LvZw8qJSZUA9xw1XnT7SvW70&_nc_sid=b66105&_nc_ht=video.flim31-1.fna.fbcdn.net&_nc_ohc=Fs0LBTcF180Q7kNvwFXxaL8&efg=eyJ2ZW5jb2RlX3RhZyI6Inhwdl9wcm9ncmVzc2l2ZS5WSV9VU0VDQVNFX1BST0RVQ1RfVFlQRS4uQzMuNzIwLmRhc2hfaDI2NC1iYXNpYy1nZW4yXzcyMHAiLCJ4cHZfYXNzZXRfaWQiOjQ3NDAwMTk3ODI5NDM2NjYsImFzc2V0X2FnZV9kYXlzIjoxMywidmlfdXNlY2FzZV9pZCI6MTA3OTksImR1cmF0aW9uX3MiOjYsInVybGdlbl9zb3VyY2UiOiJ3d3cifQ%3D%3D&ccb=17-1&vs=7be65e336e118af1&_nc_vs=HBksFQIYRWZiX2VwaGVtZXJhbC9DRTQwNDY5REVBMzE4RjZDQTQxRkUzMUI0QkFFOURCQl9tdF8xX3ZpZGVvX2Rhc2hpbml0Lm1wNBUAAsgBEgAVAhhAZmJfcGVybWFuZW50L0QwNDYxNEUzODIyMjZFMEE1MzQ3Njc3NzE3NjAyRTlDX2F1ZGlvX2Rhc2hpbml0Lm1wNBUCAsgBEgAoABgAGwKIB3VzZV9vaWwBMRJwcm9ncmVzc2l2ZV9yZWNpcGUBMRUAACbkjqC2u8HrEBUCKAJDMywXQBgAAAAAAAAYGWRhc2hfaDI2NC1iYXNpYy1nZW4yXzcyMHARAHUAZd6oAQA&_nc_gid=ShG0xIHk_s7D_BDpx_iieA&_nc_ss=7f180&_nc_zt=28&oh=00_AQIfptsDOz7WOvVclTCzccg7_BL5ynMVAUf6KVscUeQ3tg&oe=6AA3C2D7,"['FACEBOOK', 'INSTAGRAM', 'THREADS']",au,cw,facebook,social,2026-W36,2026-09,"FACEBOOK, INSTAGRAM, THREADS",True,True,False,False,True,False,Brand/Category Page,True,True,False,2026-09-07,2026-08-23 07:00:00,2026-09-07 16:55:10.186478,15
1060146330206704,1362045355996174,True,2026-08-23 07:00:00,2026-09-05 07:00:00,Chemist Warehouse,Chemist Warehouse,Made for women,Swisse Women's vitamins now at Chemist Warehouse.,Shop now,DCO,https://www.chemistwarehouse.com.au/shop-online/swisse-womens-health?utm_source=facebook&utm_medium=social&utm_campaign=au_cw_oa_facebook_social_swissewellnessptyltd_swisse_81_aug26_100737-womenhealth_video-image&utm_term=conversion&utm_content=video-image_video,www.chemistwarehouse.com.au,/shop-online/swisse-womens-health,facebook,social,au_cw_oa_facebook_social_swissewellnessptyltd_swisse_81_aug26_100737-womenhealth_video-image,81,conversion,video-image_video,O&O,Swissewellnessptyltd,Swisse,aug26,video-image,Made for women,Swisse Women's vitamins now at Chemist Warehouse.,Shop Now,,https://video.flim31-1.fna.fbcdn.net/o1/v/t2/f2/m366/AQNJCkc_3BrjP8OY2eAA3fbo4JINpLlXfYh5OTIhGME9rFrTjC_BjIFGxqJ2W4qfkHcSeyBsFHhEV1AZKjzjNZvHP0yU22wZWgaXqp-wPggvkA.mp4?_nc_cat=106&_nc_oc=Ado7dUXrepv9CK8XeS2hp0XrnF1m9lypKsYAughGm2WX_B6BUbfifOn9N5rWIU8r59k&_nc_sid=b66105&_nc_ht=video.flim31-1.fna.fbcdn.net&_nc_ohc=XwVFGh85-LoQ7kNvwH6cY32&efg=eyJ2ZW5jb2RlX3RhZyI6Inhwdl9wcm9ncmVzc2l2ZS5WSV9VU0VDQVNFX1BST0RVQ1RfVFlQRS4uQzMuNzIwLmRhc2hfaDI2NC1iYXNpYy1nZW4yXzcyMHAiLCJ4cHZfYXNzZXRfaWQiOjE1MTQwNzYwNDcwNzA1NTIsImFzc2V0X2FnZV9kYXlzIjoxMywidmlfdXNlY2FzZV9pZCI6MTA3OTksImR1cmF0aW9uX3MiOjYsInVybGdlbl9zb3VyY2UiOiJ3d3cifQ%3D%3D&ccb=17-1&vs=b72282e82afee80b&_nc_vs=HBksFQIYRWZiX2VwaGVtZXJhbC8wNTQzRDNCNzM2MDM2OEZDOEQzMEQxNUM2MjgyNjA4Q19tdF8xX3ZpZGVvX2Rhc2hpbml0Lm1wNBUAAsgBEgAVAhhAZmJfcGVybWFuZW50LzI5NDBBOTUyQzM0QkFBODI0NUY4OEMxMEJDRkJBRTlEX2F1ZGlvX2Rhc2hpbml0Lm1wNBUCAsgBEgAoABgAGwKIB3VzZV9vaWwBMRJwcm9ncmVzc2l2ZV9yZWNpcGUBMRUAACaw1ZbP6cKwBRUCKAJDMywXQBgAAAAAAAAYGWRhc2hfaDI2NC1iYXNpYy1nZW4yXzcyMHARAHUAZd6oAQA&_nc_gid=ShG0xIHk_s7D_BDpx_iieA&_nc_ss=7f180&_nc_zt=28&oh=00_AQJMpckD2yQAZiKaGNpRIBXf2J7i0ixAAklKtxWX4cD_sg&oe=6AA39AFE,"['FACEBOOK', 'INSTAGRAM', 'THREADS']",au,cw,facebook,social,2026-W36,2026-09,"FACEBOOK, INSTAGRAM, THREADS",True,True,False,False,True,False,Brand/Category Page,True,True,False,2026-09-07,2026-08-23 07:00:00,2026-09-07 16:55:10.186478,15
2138255310124910,1046534158369061,True,2026-08-23 07:00:00,2026-09-05 07:00:00,Chemist Warehouse,Chemist Warehouse,Made for women,Swisse Women's vitamins now at Chemist Warehouse.,Shop now,DCO,https://www.chemistwarehouse.com.au/shop-online/swisse-womens-health?utm_source=facebook&utm_medium=social&utm_campaign=au_cw_oa_facebook_social_swissewellnessptyltd_swisse_81_aug26_100737-womenhealth_video-image&utm_term=conversion&utm_content=video-image_video,www.chemistwarehouse.com.au,/shop-online/swisse-womens-health,facebook,social,au_cw_oa_facebook_social_swissewellnessptyltd_swisse_81_aug26_100737-womenhealth_video-image,81,conversion,video-image_video,O&O,Swissewellnessptyltd,Swisse,aug26,video-image,Made for women,Swisse Women's vitamins now at Chemist Warehouse.,Shop Now,,https://video.flim31-1.fna.fbcdn.net/o1/v/t2/f2/m366/AQN2ZL1hpIPmTxeVxKhfT6wV0rUUU5CVLxoDeFt8JzITjeSU35IVrTnCYS2cu6J0QITDMtxsju9kG7x1Z-MfArBMUvXvme7_QTGMNS1EBCOtlA.mp4?_nc_cat=105&_nc_oc=Adq9GmffBgDn7eObN30XopgPs5pWQD0KM-0jh5N_TX8nNNXhHR3uDjNZ4hbUKQvNEs0&_nc_sid=b66105&_nc_ht=video.flim31-1.fna.fbcdn.net&_nc_ohc=IGdnrwiltwAQ7kNvwFeuAWM&efg=eyJ2ZW5jb2RlX3RhZyI6Inhwdl9wcm9ncmVzc2l2ZS5WSV9VU0VDQVNFX1BST0RVQ1RfVFlQRS4uQzMuNzIwLmRhc2hfaDI2NC1iYXNpYy1nZW4yXzcyMHAiLCJ4cHZfYXNzZXRfaWQiOjEwODcwOTQ1OTczOTkwOTksImFzc2V0X2FnZV9kYXlzIjoxMywidmlfdXNlY2FzZV9pZCI6MTA3OTksImR1cmF0aW9uX3MiOjYsInVybGdlbl9zb3VyY2UiOiJ3d3cifQ%3D%3D&ccb=17-1&vs=907e6a3238190fdf&_nc_vs=HBksFQIYRWZiX2VwaGVtZXJhbC8zNzQwMjY1ODUxMzVCQTJDMTAyMUIxOTA3QjY0RjY4Nl9tdF8xX3ZpZGVvX2Rhc2hpbml0Lm1wNBUAAsgBEgAVAhhAZmJfcGVybWFuZW50LzE2NDE4MEJFNTdGNzk4NkJGMjIxOEI5MjRFRkYyRTlGX2F1ZGlvX2Rhc2hpbml0Lm1wNBUCAsgBEgAoABgAGwKIB3VzZV9vaWwBMRJwcm9ncmVzc2l2ZV9yZWNpcGUBMRUAACb2yIX1na3uAxUCKAJDMywXQBgAAAAAAAAYGWRhc2hfaDI2NC1iYXNpYy1nZW4yXzcyMHARAHUAZd6oAQA&_nc_gid=ShG0xIHk_s7D_BDpx_iieA&_nc_ss=7f180&_nc_zt=28&oh=00_AQJ35XmvUmCOv0UvSyZwH858BAz2qyviPug-HhK7QrGkTw&oe=6AA3BCCF,"['FACEBOOK', 'INSTAGRAM', 'THREADS']",au,cw,facebook,social,2026-W36,2026-09,"FACEBOOK, INSTAGRAM, THREADS",True,True,False,False,True,False,Brand/Category Page,True,True,False,2026-09-07,2026-08-23 07:00:00,2026-09-07 16:55:10.186478,15
1110059668119888,989916300770019,True,2026-08-23 07:00:00,2026-09-05 07:00:00,Chemist Warehouse,Chemist Warehouse,Made for women,Swisse Women's vitamins now at Chemist Warehouse.,Shop now,DCO,https://www.chemistwarehouse.com.au/shop-online/swisse-womens-health?utm_source=facebook&utm_medium=social&utm_campaign=au_cw_oa_facebook_social_swissewellnessptyltd_swisse_81_aug26_100737-womenhealth_video-image&utm_term=conversion&utm_content=video-image_video,www.chemistwarehouse.com.au,/shop-online/swisse-womens-health,facebook,social,au_cw_oa_facebook_social_swissewellnessptyltd_swisse_81_aug26_100737-womenhealth_video-image,81,conversion,video-image_video,O&O,Swissewellnessptyltd,Swisse,aug26,video-image,Made for women,Swisse Women's vitamins now at Chemist Warehouse.,Shop Now,,https://video.flim31-1.fna.fbcdn.net/o1/v/t2/f2/m366/AQPL5IFr1lF4NsLDVFOrdnySME7rVgpJb5JpK-P4r_grhM7wo8bhiySSxlhjvN9fuqSOzxKvZfNzlz2L-7RnzMQ4N-5zOn8oH1Rh8BBG0t3hNA.mp4?_nc_cat=100&_nc_oc=AdqRgpLF2z0_YtznJi_aDe3wb8CHVsPu8UCHXstss8Fc1g7E_Rf5XKnwqx3cDsWTVyg&_nc_sid=b66105&_nc_ht=video.flim31-1.fna.fbcdn.net&_nc_ohc=yHEvN_4dtJ0Q7kNvwHxDLgc&efg=eyJ2ZW5jb2RlX3RhZyI6Inhwdl9wcm9ncmVzc2l2ZS5WSV9VU0VDQVNFX1BST0RVQ1RfVFlQRS4uQzMuNzIwLmRhc2hfaDI2NC1iYXNpYy1nZW4yXzcyMHAiLCJ4cHZfYXNzZXRfaWQiOjE0NzQxNDE1NjQ0NzM5MTMsImFzc2V0X2FnZV9kYXlzIjoxMywidmlfdXNlY2FzZV9pZCI6MTA3OTksImR1cmF0aW9uX3MiOjYsInVybGdlbl9zb3VyY2UiOiJ3d3cifQ%3D%3D&ccb=17-1&vs=96ad5377dcbd4595&_nc_vs=HBksFQIYRWZiX2VwaGVtZXJhbC9CMjQxQUM2RjdDNzkxNkEwOTQxREZBMkZBM0MwRTNBNV9tdF8xX3ZpZGVvX2Rhc2hpbml0Lm1wNBUAAsgBEgAVAhhAZmJfcGVybWFuZW50LzhFNEU4QjdDRUU4N0E5MDkyQ0ExMTk2MDhBQjgzQ0EwX2F1ZGlvX2Rhc2hpbml0Lm1wNBUCAsgBEgAoABgAGwKIB3VzZV9vaWwBMRJwcm9ncmVzc2l2ZV9yZWNpcGUBMRUAACbyyOTEqq6eBRUCKAJDMywXQBgAAAAAAAAYGWRhc2hfaDI2NC1iYXNpYy1nZW4yXzcyMHARAHUAZd6oAQA&_nc_gid=ShG0xIHk_s7D_BDpx_iieA&_nc_ss=7f180&_nc_zt=28&oh=00_AQJJz-l49QCW0D_fhdIbCo81A8AqEMQiPn5MrEZN5zFkwQ&oe=6AA3B7B8,"['FACEBOOK', 'INSTAGRAM', 'THREADS']",au,cw,facebook,social,2026-W36,2026-09,"FACEBOOK, INSTAGRAM, THREADS",True,True,False,False,True,False,Brand/Category Page,True,True,False,2026-09-07,2026-08-23 07:00:00,2026-09-07 16:55:10.186478,15
1449408563905281,4163175590646946,True,2026-08-23 07:00:00,2026-09-06 07:00:00,Chemist Warehouse,Chemist Warehouse,"Your Skin, Stronger With Aveeno","Dry, sensitive skin? Give it soothing care with Aveeno. Shop the range at Chemist Warehouse.",See details,VIDEO,https://fb.com/canvas_doc/1382313697299883,fb.com,/canvas_doc/1382313697299883,,,,,,,Not Specified,,,,,,,,,,"['FACEBOOK', 'INSTAGRAM', 'AUDIENCE_NETWORK', 'MESSENGER', 'THREADS']",,,,,2026-W36,2026-09,"FACEBOOK, INSTAGRAM, AUDIENCE_NETWORK, MESSENGER, THREADS",True,True,True,True,True,False,Internal/App Page,True,True,False,2026-09-07,2026-08-23 07:00:00,2026-09-07 16:55:10.186478,15
1407146014839554,1104055421947032,True,2026-08-23 07:00:00,2026-09-06 07:00:00,Chemist Warehouse,Chemist Warehouse,Helps Improve Muscle Recovery,Triple Magnesium helps relieve sleeplessness and improve muscle recovery time.,Shop now,DCO,https://www.chemistwarehouse.com.au/shop-online/705669/pillar-performance?utm_source=facebook&utm_medium=social&utm_campaign=au_cw_oa_facebook_social_pillarperformance_pillar_1255_aug26_100530-launching_video-image&utm_term=reach&utm_content=video-image_image,www.chemistwarehouse.com.au,/shop-online/705669/pillar-performance,facebook,social,au_cw_oa_facebook_social_pillarperformance_pillar_1255_aug26_100530-launching_video-image,1255,reach,video-image_image,O&O,Pillarperformance,Pillar,aug26,video-image,Helps Improve Muscle Recovery,Triple Magnesium helps relieve sleeplessness and improve muscle recovery time.,Shop Now,https://scontent.flim31-1.fna.fbcdn.net/v/t39.35426-6/780403210_1776419193813029_4916113281215554270_n.jpg?_nc_cat=105&ccb=1-7&_nc_sid=c53f8f&_nc_ohc=iCN3g5oBCKEQ7kNvwEs1K_4&_nc_oc=AdpYVuAqAmhJeerxl1whM0RjPU6TrSKc29FAfkgczBDxulCux7wiJUOtvu7Fmwvy_ng&_nc_zt=14&_nc_ht=scontent.flim31-1.fna&_nc_gid=ShG0xIHk_s7D_BDpx_iieA&_nc_ss=7f180&oh=00_AQIA9WxRxb-E9svsHmCwNUfM5U_1WnJ9_srO2JTQ5yeJ6Q&oe=6AA3B00D,,"['FACEBOOK', 'INSTAGRAM', 'THREADS']",au,cw,facebook,social,2026-W36,2026-09,"FACEBOOK, INSTAGRAM, THREADS",True,True,False,False,True,False,Brand/Category Page,True,False,False,2026-09-07,2026-08-23 07:00:00,2026-09-07 16:55:10.186478,15
1535388121194205,1533032795237364,True,2026-08-23 07:00:00,2026-09-06 07:00:00,Chemist Warehouse,Chemist Warehouse,"Dry, sensitive skin? Give it soothing care with Aveeno. Shop the range at Chemist Warehouse.","Your Skin, Stronger With Aveeno",Shop now,DCO,https://www.chemistwarehouse.com.au/shop-online/1031/aveeno?utm_source=facebook&utm_medium=social&utm_campaign=au_cw_oa_facebook_social_johnsonjohnsonpacific_aveeno_665_aug26_100346-oa_video&utm_term=traffic&utm_content=video_video,www.chemistwarehouse.com.au,/shop-online/1031/aveeno,facebook,social,au_cw_oa_facebook_social_johnsonjohnsonpacific_aveeno_665_aug26_100346-oa_video,665,traffic,video_video,O&O,Johnsonjohnsonpacific,Aveeno,aug26,video,"Dry, sensitive skin? Give it soothing care with Aveeno. Shop the range at Chemist Warehouse.","Your Skin, Stronger With Aveeno",Shop Now,,https://video.flim31-1.fna.fbcdn.net/o1/v/t2/f2/m366/AQNMxtZpXpl2mYdE-lRcAeXBRFgIKeRijovp-nM_4rDZGL8hm8c6f4LeNRtZZRqnIzZz8flZC4aH8atwlKQpEVMQFTZiNJz_iZZ95CMcSRcQIg.mp4?_nc_cat=101&_nc_oc=AdrlGX7e5NssTczbrZx1drCjqnUApXFyYY7u5Yk5mo3oHPp5f-fqLxkuSMBbdDm40ww&_nc_sid=b66105&_nc_ht=video.flim31-1.fna.fbcdn.net&_nc_ohc=7V3fQh2Q2p8Q7kNvwHSL2X_&efg=eyJ2ZW5jb2RlX3RhZyI6Inhwdl9wcm9ncmVzc2l2ZS5WSV9VU0VDQVNFX1BST0RVQ1RfVFlQRS4uQzMuNzIwLmRhc2hfaDI2NC1iYXNpYy1nZW4yXzcyMHAiLCJ4cHZfYXNzZXRfaWQiOjE1NjUzMjc2OTQ3MTE5MzgsImFzc2V0X2FnZV9kYXlzIjoxMywidmlfdXNlY2FzZV9pZCI6MTA3OTksImR1cmF0aW9uX3MiOjQ0LCJ1cmxnZW5fc291cmNlIjoid3d3In0%3D&ccb=17-1&vs=1dc7c359a301fa39&_nc_vs=HBksFQIYRWZiX2VwaGVtZXJhbC8xRTRDNzk4MDNDREUzRDAxRDgyNEMzN0QwNzk5MzQ5MV9tdF8xX3ZpZGVvX2Rhc2hpbml0Lm1wNBUAAsgBEgAVAhhAZmJfcGVybWFuZW50LzA0NEM0MERDNkM3MkQ2MTMwRjY4OUI3ODYxQzdERjkyX2F1ZGlvX2Rhc2hpbml0Lm1wNBUCAsgBEgAoABgAGwKIB3VzZV9vaWwBMRJwcm9ncmVzc2l2ZV9yZWNpcGUBMRUAACaEspqTiOrHBRUCKAJDMywXQEZzMzMzMzMYGWRhc2hfaDI2NC1iYXNpYy1nZW4yXzcyMHARAHUAZd6oAQA&_nc_gid=ShG0xIHk_s7D_BDpx_iieA&_nc_ss=7f180&_nc_zt=28&oh=00_AQL57NEffcMTyz7OYRdvak28Nzzq48RbSSWSha08xSGikA&oe=6AA3B833,"['FACEBOOK', 'INSTAGRAM', 'AUDIENCE_NETWORK', 'MESSENGER', 'WHATSAPP', 'THREADS']",au,cw,facebook,social,2026-W36,2026-09,"FACEBOOK, INSTAGRAM, AUDIENCE_NETWORK, MESSENGER, WHATSAPP, THREADS",True,True,True,True,True,True,Brand/Category Page,True,True,False,2026-09-07,2026-08-23 07:00:00,2026-09-07 16:55:10.186478,15
1493610119461355,912777411424302,True,2026-08-23 07:00:00,2026-09-06 07:00:00,Chemist Warehouse,Chemist Warehouse,New: Triple Magnesium,Triple Magnesium helps relieve sleeplessness and improve muscle recovery time.,Shop now,DCO,https://www.chemistwarehouse.com.au/shop-online/705669/pillar-performance?utm_source=facebook&utm_medium=social&utm_campaign=au_cw_oa_facebook_social_pillarperformance_pillar_1255_aug26_100530-launching_video-image&utm_term=reach&utm_content=video-image_video,www.chemistwarehouse.com.au,/shop-online/705669/pillar-performance,facebook,social,au_cw_oa_facebook_social_pillarperformance_pillar_1255_aug26_100530-launching_video-image,1255,reach,video-image_video,O&O,Pillarperformance,Pillar,aug26,video-image,New: Triple Magnesium,Triple Magnesium helps relieve sleeplessness and improve muscle recovery time.,Shop Now,,https://video.flim31-1.fna.fbcdn.net/o1/v/t2/f2/m366/AQNRDW6UY4tyL24di2-g9WF5gBeAsyt1SMBKiBNkqVN6D4-ykJ4-UIfcjafjhdE0hxTJjIhNpYH0wzpq5WA3d2Z4sfskELAteJQvJRFTPwXoiQ.mp4?_nc_cat=104&_nc_oc=AdrYgaHl5AHAaaWs1FlFNJZBb9e6XgCZrlwKVlUD4kadYBlI_PJKGNcSLUrzuUxFeLI&_nc_sid=b66105&_nc_ht=video.flim31-1.fna.fbcdn.net&_nc_ohc=AUjtUZc780sQ7kNvwHRklad&efg=eyJ2ZW5jb2RlX3RhZyI6Inhwdl9wcm9ncmVzc2l2ZS5WSV9VU0VDQVNFX1BST0RVQ1RfVFlQRS4uQzMuNzIwLmRhc2hfaDI2NC1iYXNpYy1nZW4yXzcyMHAiLCJ4cHZfYXNzZXRfaWQiOjQ1NTYxNDU3MDQ2MDQ3OTIsImFzc2V0X2FnZV9kYXlzIjoxNiwidmlfdXNlY2FzZV9pZCI6MTA3OTksImR1cmF0aW9uX3MiOjYsInVybGdlbl9zb3VyY2UiOiJ3d3cifQ%3D%3D&ccb=17-1&vs=15bf958b6e0e36f4&_nc_vs=HBksFQIYRWZiX2VwaGVtZXJhbC82OTQ0MjEyRTU2N0EzMDY5NzkzNkIzQjA0MkFCNTA5MV9tdF8xX3ZpZGVvX2Rhc2hpbml0Lm1wNBUAAsgBEgAVAhhAZmJfcGVybWFuZW50LzUzNDYzQURDMkUxOEZFNTAzRTgxQzY0QjM0QzY2RTg2X2F1ZGlvX2Rhc2hpbml0Lm1wNBUCAsgBEgAoABgAGwKIB3VzZV9vaWwBMRJwcm9ncmVzc2l2ZV9yZWNpcGUBMRUAACbw0aTkyvKXEBUCKAJDMywXQBij1wo9cKQYGWRhc2hfaDI2NC1iYXNpYy1nZW4yXzcyMHARAHUAZd6oAQA&_nc_gid=ShG0xIHk_s7D_BDpx_iieA&_nc_ss=7f180&_nc_zt=28&oh=00_AQKo4HicfGH_p52ebegV0oxJHle_kNQZUNxY1FT-z873_g&oe=6AA39C7C,"['FACEBOOK', 'INSTAGRAM', 'THREADS']",au,cw,facebook,social,2026-W36,2026-09,"FACEBOOK, INSTAGRAM, THREADS",True,True,False,False,True,False,Brand/Category Page,True,False,False,2026-09-07,2026-08-23 07:00:00,2026-09-07 16:55:10.186478,15
839320332503293,1369462141497474,True,2026-08-23 07:00:00,2026-09-06 07:00:00,Chemist Warehouse,Chemist Warehouse,Triple Magnesium Is Here,Triple Magnesium is here. Formulated with three forms of magnesium for muscle performance recovery.,Shop now,DCO,https://www.chemistwarehouse.com.au/shop-online/705669/pillar-performance?utm_source=facebook&utm_medium=social&utm_campaign=au_cw_oa_facebook_social_pillarperformance_pillar_1255_aug26_100530-launching_video-image&utm_term=reach&utm_content=video-image_image,www.chemistwarehouse.com.au,/shop-online/705669/pillar-performance,facebook,social,au_cw_oa_facebook_social_pillarperformance_pillar_1255_aug26_100530-launching_video-image,1255,reach,video-image_image,O&O,Pillarperformance,Pillar,aug26,video-image,Triple Magnesium Is Here,Triple Magnesium is here. Formulated with three forms of magnesium for muscle performance recovery.,Shop Now,https://scontent.flim31-1.fna.fbcdn.net/v/t39.35426-6/778972412_2308392689978619_7728369755083402150_n.jpg?_nc_cat=110&ccb=1-7&_nc_sid=c53f8f&_nc_ohc=M0GgYjpp-p8Q7kNvwGjCrTb&_nc_oc=Adq2W_XvZK3_R_eCBJ1bNl_3AL_j0evh6pAd3nSjthTTWGJQ2mOhCo9yiL43LnvUTyI&_nc_zt=14&_nc_ht=scontent.flim31-1.fna&_nc_gid=ShG0xIHk_s7D_BDpx_iieA&_nc_ss=7f180&oh=00_AQKWeTiY1-Lk3iZDpxfeagckRpIaL3TJU14q663Tm3YXew&oe=6AA39B0B,,"['FACEBOOK', 'INSTAGRAM', 'THREADS']",au,cw,facebook,social,2026-W36,2026-09,"FACEBOOK, INSTAGRAM, THREADS",True,True,False,False,True,False,Brand/Category Page,True,False,False,2026-09-07,2026-08-23 07:00:00,2026-09-07 16:55:10.186478,15
1071172135840462,2221693068724934,True,2026-08-23 07:00:00,2026-09-06 07:00:00,Chemist Warehouse,Chemist Warehouse,Helps Improve Muscle Recovery,Triple Magnesium helps relieve sleeplessness and improve muscle recovery time.,Shop now,DCO,https://www.chemistwarehouse.com.au/shop-online/705669/pillar-performance?utm_source=facebook&utm_medium=social&utm_campaign=au_cw_oa_facebook_social_pillarperformance_pillar_1255_aug26_100530-launching_video-image&utm_term=reach&utm_content=video-image_video,www.chemistwarehouse.com.au,/shop-online/705669/pillar-performance,facebook,social,au_cw_oa_facebook_social_pillarperformance_pillar_1255_aug26_100530-launching_video-image,1255,reach,video-image_video,O&O,Pillarperformance,Pillar,aug26,video-image,Helps Improve Muscle Recovery,Triple Magnesium helps relieve sleeplessness and improve muscle recovery time.,Shop Now,,https://video.flim31-1.fna.fbcdn.net/o1/v/t2/f2/m366/AQPzzpX-e_zgkQPD6Cy6xNXEILLg0YMIb2gptZlWa5YIH7SreQ3KuJVHq4l1jTc2rRXlka8gSvQYIOs4nLXPVG9em4O57udoLm12PVOnEHMdIQ.mp4?_nc_cat=110&_nc_oc=Ado9C49oQsinGlA2f-wqJJeEcic5ljevTZE193Kmx3r4Lf5CIK0oHfFUyhALP923KoU&_nc_sid=b66105&_nc_ht=video.flim31-1.fna.fbcdn.net&_nc_ohc=z0dprbsKEZYQ7kNvwGNKWD_&efg=eyJ2ZW5jb2RlX3RhZyI6Inhwdl9wcm9ncmVzc2l2ZS5WSV9VU0VDQVNFX1BST0RVQ1RfVFlQRS4uQzMuNzIwLmRhc2hfaDI2NC1iYXNpYy1nZW4yXzcyMHAiLCJ4cHZfYXNzZXRfaWQiOjE3NDA5MTg5NjcxNjQ1NjUsImFzc2V0X2FnZV9kYXlzIjoxNiwidmlfdXNlY2FzZV9pZCI6MTA3OTksImR1cmF0aW9uX3MiOjksInVybGdlbl9zb3VyY2UiOiJ3d3cifQ%3D%3D&ccb=17-1&vs=8ab5ecd1662a508e&_nc_vs=HBksFQIYRWZiX2VwaGVtZXJhbC80ODQxQUQ0OTdFMjQ1QUFFNTUxMzlGMTE0MUE1NjBCQV9tdF8xX3ZpZGVvX2Rhc2hpbml0Lm1wNBUAAsgBEgAVAhhAZmJfcGVybWFuZW50LzIwNEM2MDY1QThDN0QyQzA0NTVFQTFGRUI3N0ZENkFEX2F1ZGlvX2Rhc2hpbml0Lm1wNBUCAsgBEgAoABgAGwKIB3VzZV9vaWwBMRJwcm9ncmVzc2l2ZV9yZWNpcGUBMRUAACaq-vaJ6daXBhUCKAJDMywXQCNwo9cKPXEYGWRhc2hfaDI2NC1iYXNpYy1nZW4yXzcyMHARAHUAZd6oAQA&_nc_gid=ShG0xIHk_s7D_BDpx_iieA&_nc_ss=7f180&_nc_zt=28&oh=00_AQKyvvPxsaA8ZhED3qQkuHCiocw4ViglqnFlYGmx9XHSJA&oe=6AA3A6BE,"['FACEBOOK', 'INSTAGRAM', 'THREADS']",au,cw,facebook,social,2026-W36,2026-09,"FACEBOOK, INSTAGRAM, THREADS",True,True,False,False,True,False,Brand/Category Page,True,False,False,2026-09-07,2026-08-23 07:00:00,2026-09-07 16:55:10.186478,15
1348900423996462,2212235182890482,True,2026-08-23 07:00:00,2026-09-06 07:00:00,Chemist Warehouse,Chemist Warehouse,Triple Magnesium Is Here,Triple Magnesium is here. Formulated with three forms of magnesium for muscle performance recovery.,Shop now,DCO,https://www.chemistwarehouse.com.au/shop-online/705669/pillar-performance?utm_source=facebook&utm_medium=social&utm_campaign=au_cw_oa_facebook_social_pillarperformance_pillar_1255_aug26_100530-launching_video-image&utm_term=reach&utm_content=video-image_video,www.chemistwarehouse.com.au,/shop-online/705669/pillar-performance,facebook,social,au_cw_oa_facebook_social_pillarperformance_pillar_1255_aug26_100530-launching_video-image,1255,reach,video-image_video,O&O,Pillarperformance,Pillar,aug26,video-image,Triple Magnesium Is Here,Triple Magnesium is here. Formulated with three forms of magnesium for muscle performance recovery.,Shop Now,,https://video.flim31-1.fna.fbcdn.net/o1/v/t2/f2/m366/AQMVDaRsIap9RJM-V-8FWIZtQHkD8cIp6noHIpX3w2knLfX5okb-o5CvLnJDDRcF3Pe5BwU4sYcNVxaBuLlFJCr0-kH3cWzwAGtznD2e2kj6Ng.mp4?_nc_cat=106&_nc_oc=AdrZE_Ti15Mi_L2qNqurkmzJXMg0gudPlOLSQHZ0RZzlVa0lWyjWxk9YLGZxDjwIlBI&_nc_sid=b66105&_nc_ht=video.flim31-1.fna.fbcdn.net&_nc_ohc=Qdp9LNxRLeAQ7kNvwEwQJnv&efg=eyJ2ZW5jb2RlX3RhZyI6Inhwdl9wcm9ncmVzc2l2ZS5WSV9VU0VDQVNFX1BST0RVQ1RfVFlQRS4uQzMuNzIwLmRhc2hfaDI2NC1iYXNpYy1nZW4yXzcyMHAiLCJ4cHZfYXNzZXRfaWQiOjEwNjczNTUwMDU4MzIzOTMsImFzc2V0X2FnZV9kYXlzIjoxNiwidmlfdXNlY2FzZV9pZCI6MTA3OTksImR1cmF0aW9uX3MiOjE1LCJ1cmxnZW5fc291cmNlIjoid3d3In0%3D&ccb=17-1&vs=cdfbc4863e7c0338&_nc_vs=HBksFQIYRWZiX2VwaGVtZXJhbC84ODRERkM1QjBGMTFFOUFCNDBEMjkxQjVDNEMzODRBNV9tdF8xX3ZpZGVvX2Rhc2hpbml0Lm1wNBUAAsgBEgAVAhhAZmJfcGVybWFuZW50LzRGNENBREEyMEIzRjJDRTE3NEI4NEI4OTdBNThBOEFDX2F1ZGlvX2Rhc2hpbml0Lm1wNBUCAsgBEgAoABgAGwKIB3VzZV9vaWwBMRJwcm9ncmVzc2l2ZV9yZWNpcGUBMRUAACaSs8a_nrDlAxUCKAJDMywXQC4zMzMzMzMYGWRhc2hfaDI2NC1iYXNpYy1nZW4yXzcyMHARAHUAZd6oAQA&_nc_gid=ShG0xIHk_s7D_BDpx_iieA&_nc_ss=7f180&_nc_zt=28&oh=00_AQI8JJy4ahxWCAlXJamdnDyj3iVj-UpnCjlccOmCGRPSQg&oe=6AA3BB66,"['FACEBOOK', 'INSTAGRAM', 'THREADS']",au,cw,facebook,social,2026-W36,2026-09,"FACEBOOK, INSTAGRAM, THREADS",True,True,False,False,True,False,Brand/Category Page,True,False,False,2026-09-07,2026-08-23 07:00:00,2026-09-07 16:55:10.186478,15
1821446872607599,1755631702155439,True,2026-08-23 07:00:00,2026-09-06 07:00:00,Chemist Warehouse,Chemist Warehouse,Made for women,Swisse Women's Vitamins — tailored support from your 30s to your 65+,Shop now,VIDEO,https://fb.com/canvas_doc/1830695208298970,fb.com,/canvas_doc/1830695208298970,,,,,,,Not Specified,,,,,,,,,,"['FACEBOOK', 'INSTAGRAM', 'AUDIENCE_NETWORK', 'MESSENGER', 'THREADS']",,,,,2026-W36,2026-09,"FACEBOOK, INSTAGRAM, AUDIENCE_NETWORK, MESSENGER, THREADS",True,True,True,True,True,False,Internal/App Page,True,False,False,2026-09-07,2026-08-23 07:00:00,2026-09-07 16:55:10.186478,15
1071609605280081,1614401493635109,True,2026-08-23 07:00:00,2026-09-06 07:00:00,Chemist Warehouse,Chemist Warehouse,Triple Magnesium Is Here,Triple Magnesium is here. Formulated with three forms of magnesium for muscle performance recovery.,Shop now,DCO,https://www.chemistwarehouse.com.au/shop-online/705669/pillar-performance?utm_source=facebook&utm_medium=social&utm_campaign=au_cw_oa_facebook_social_pillarperformance_pillar_1255_aug26_100530-launching_video-image&utm_term=reach&utm_content=video-image_image,www.chemistwarehouse.com.au,/shop-online/705669/pillar-performance,facebook,social,au_cw_oa_facebook_social_pillarperformance_pillar_1255_aug26_100530-launching_video-image,1255,reach,video-image_image,O&O,Pillarperformance,Pillar,aug26,video-image,Triple Magnesium Is Here,Triple Magnesium is here. Formulated with three forms of magnesium for muscle performance recovery.,Shop Now,https://scontent.flim31-1.fna.fbcdn.net/v/t39.35426-6/780750400_1041584161965533_5741518948931620469_n.jpg?_nc_cat=108&ccb=1-7&_nc_sid=c53f8f&_nc_ohc=j5hqJP4B6AkQ7kNvwGj2v3B&_nc_oc=Adpi4n5w5LMYl6XRyPcoMVOGtc22cpOpH0oz7B2iggeWyWOiipSmmi_lPD03OqHSPjY&_nc_zt=14&_nc_ht=scontent.flim31-1.fna&_nc_gid=ShG0xIHk_s7D_BDpx_iieA&_nc_ss=7f180&oh=00_AQK30xv6fdBolKYjgcC4kdPYWEuXqFb42cn9_AmntWORKw&oe=6AA3C4C4,,"['FACEBOOK', 'INSTAGRAM', 'THREADS']",au,cw,facebook,social,2026-W36,2026-09,"FACEBOOK, INSTAGRAM, THREADS",True,True,False,False,True,False,Brand/Category Page,True,False,False,2026-09-07,2026-08-23 07:00:00,2026-09-07 16:55:10.186478,15
1605529440977645,2335732673919182,True,2026-08-23 07:00:00,2026-09-05 07:00:00,Chemist Warehouse,Chemist Warehouse,Made for women,Swisse Women's Vitamins — tailored support from your 30s to your 65+,Shop now,VIDEO,https://fb.com/canvas_doc/4556884617929741,fb.com,/canvas_doc/4556884617929741,,,,,,,Not Specified,,,,,,,,,,"['FACEBOOK', 'INSTAGRAM', 'AUDIENCE_NETWORK', 'MESSENGER', 'THREADS']",,,,,2026-W36,2026-09,"FACEBOOK, INSTAGRAM, AUDIENCE_NETWORK, MESSENGER, THREADS",True,True,True,True,True,False,Internal/App Page,True,False,False,2026-09-07,2026-08-23 07:00:00,2026-09-07 16:55:10.186478,15
2560027544452399,1051122811025271,True,2026-08-23 07:00:00,2026-09-05 07:00:00,Chemist Warehouse,Chemist Warehouse,Helps Improve Muscle Recovery,Triple Magnesium helps relieve sleeplessness and improve muscle recovery time.,Shop now,VIDEO,https://www.chemistwarehouse.com.au/shop-online/705669/pillar-performance?utm_source=facebook&utm_medium=social&utm_campaign=au_cw_oa_facebook_social_pillarperformance_pillar_1255_aug26_100530-launching_video-image&utm_term=reach&utm_content=video-image_video,www.chemistwarehouse.com.au,/shop-online/705669/pillar-performance,facebook,social,au_cw_oa_facebook_social_pillarperformance_pillar_1255_aug26_100530-launching_video-image,1255,reach,video-image_video,O&O,Pillarperformance,Pillar,aug26,video-image,,,,,,"['FACEBOOK', 'INSTAGRAM', 'THREADS']",au,cw,facebook,social,2026-W36,2026-09,"FACEBOOK, INSTAGRAM, THREADS",True,True,False,False,True,False,Brand/Category Page,True,False,False,2026-09-07,2026-08-23 07:00:00,2026-09-07 16:55:10.186478,15
1876149600428495,27863537416639111,True,2026-08-23 07:00:00,2026-09-06 07:00:00,Chemist Warehouse,Chemist Warehouse,Made for women,Swisse Women's vitamins now at Chemist Warehouse.,Shop now,DCO,https://www.chemistwarehouse.com.au/shop-online/swisse-womens-health?utm_source=facebook&utm_medium=social&utm_campaign=au_cw_oa_facebook_social_swissewellnessptyltd_swisse_81_aug26_100737-womenhealth_video-image&utm_term=conversion&utm_content=video-image_video,www.chemistwarehouse.com.au,/shop-online/swisse-womens-health,facebook,social,au_cw_oa_facebook_social_swissewellnessptyltd_swisse_81_aug26_100737-womenhealth_video-image,81,conversion,video-image_video,O&O,Swissewellnessptyltd,Swisse,aug26,video-image,Made for women,Swisse Women's vitamins now at Chemist Warehouse.,Shop Now,,https://video.flim31-1.fna.fbcdn.net/o1/v/t2/f2/m366/AQNICoubuxHNHFwtxFO3WgYLf3d-tW3pkiTR4EwCGz4Uo0zE68IQfhXurz6tGS0lRggFwSjO1piuAJ1jGhQXoPZx5iJbKdZ4Bb1E_pzntg2yNw.mp4?_nc_cat=111&_nc_oc=AdqTA3ctdLyu4vk96nYK6he2WnXoCd4LQsMxPdKfR7PHym6d8G6e7RH5RYv2xvcasy4&_nc_sid=b66105&_nc_ht=video.flim31-1.fna.fbcdn.net&_nc_ohc=7A7vknnzpFwQ7kNvwFniEtL&efg=eyJ2ZW5jb2RlX3RhZyI6Inhwdl9wcm9ncmVzc2l2ZS5WSV9VU0VDQVNFX1BST0RVQ1RfVFlQRS4uQzMuNzIwLmRhc2hfaDI2NC1iYXNpYy1nZW4yXzcyMHAiLCJ4cHZfYXNzZXRfaWQiOjIxMzY1MzE3MDcyMDY3OTksImFzc2V0X2FnZV9kYXlzIjoxMywidmlfdXNlY2FzZV9pZCI6MTA3OTksImR1cmF0aW9uX3MiOjE1LCJ1cmxnZW5fc291cmNlIjoid3d3In0%3D&ccb=17-1&vs=e9c287f7ef2750ad&_nc_vs=HBksFQIYRWZiX2VwaGVtZXJhbC8wNzRDRDE0N0I2ODRDNzc4QThDQjZBQkI4QkFGODdCQV9tdF8xX3ZpZGVvX2Rhc2hpbml0Lm1wNBUAAsgBEgAVAhhAZmJfcGVybWFuZW50L0I4NEM5Mzk0QTIxRkJEMzQ1REFDQjQzMTQ0ODIyM0FGX2F1ZGlvX2Rhc2hpbml0Lm1wNBUCAsgBEgAoABgAGwKIB3VzZV9vaWwBMRJwcm9ncmVzc2l2ZV9yZWNpcGUBMRUAACae8qzXwcrLBxUCKAJDMywXQC4AAAAAAAAYGWRhc2hfaDI2NC1iYXNpYy1nZW4yXzcyMHARAHUAZd6oAQA&_nc_gid=ShG0xIHk_s7D_BDpx_iieA&_nc_ss=7f180&_nc_zt=28&oh=00_AQLVmN45qIzkJ9As8oKM5X8W_eVD89xXnOMUtCJcMu_mfw&oe=6AA39D51,"['FACEBOOK', 'INSTAGRAM', 'THREADS']",au,cw,facebook,social,2026-W36,2026-09,"FACEBOOK, INSTAGRAM, THREADS",True,True,False,False,True,False,Brand/Category Page,True,True,False,2026-09-07,2026-08-23 07:00:00,2026-09-07 16:55:10.186478,15
1539575024062406,1864767697834413,True,2026-08-23 07:00:00,2026-09-06 07:00:00,Chemist Warehouse,Chemist Warehouse,Made for women,Swisse Women's Vitamins — tailored support from your 30s to your 65+,Shop now,VIDEO,https://fb.com/canvas_doc/1543027763667323,fb.com,/canvas_doc/1543027763667323,,,,,,,Not Specified,,,,,,,,,,"['FACEBOOK', 'INSTAGRAM', 'AUDIENCE_NETWORK', 'MESSENGER', 'THREADS']",,,,,2026-W36,2026-09,"FACEBOOK, INSTAGRAM, AUDIENCE_NETWORK, MESSENGER, THREADS",True,True,True,True,True,False,Internal/App Page,True,False,False,2026-09-07,2026-08-23 07:00:00,2026-09-07 16:55:10.186478,15
2509314376253306,1745310376573891,True,2026-08-23 07:00:00,2026-09-05 07:00:00,Chemist Warehouse,Chemist Warehouse,Helps Improve Muscle Recovery,Triple Magnesium helps relieve sleeplessness and improve muscle recovery time.,Shop now,DCO,https://www.chemistwarehouse.com.au/shop-online/705669/pillar-performance?utm_source=facebook&utm_medium=social&utm_campaign=au_cw_oa_facebook_social_pillarperformance_pillar_1255_aug26_100530-launching_video-image&utm_term=reach&utm_content=video-image_image,www.chemistwarehouse.com.au,/shop-online/705669/pillar-performance,facebook,social,au_cw_oa_facebook_social_pillarperformance_pillar_1255_aug26_100530-launching_video-image,1255,reach,video-image_image,O&O,Pillarperformance,Pillar,aug26,video-image,Helps Improve Muscle Recovery,Triple Magnesium helps relieve sleeplessness and improve muscle recovery time.,Shop Now,https://scontent.flim31-1.fna.fbcdn.net/v/t39.35426-6/783512801_1597908885068721_5960810693080934893_n.jpg?_nc_cat=104&ccb=1-7&_nc_sid=c53f8f&_nc_ohc=bwa4PpTDVnQQ7kNvwEqCNT6&_nc_oc=AdrHTZB_SNlePkr_9Hu3EFhjgncp8QOYhx9Fof9ldmbvnrFJogIbC38dVTverYco8-g&_nc_zt=14&_nc_ht=scontent.flim31-1.fna&_nc_gid=ShG0xIHk_s7D_BDpx_iieA&_nc_ss=7f180&oh=00_AQL_965LowyERtGyPT3vRs3YyA-KmMPJ1dv_atAxkeOZow&oe=6AA3B23D,,"['FACEBOOK', 'INSTAGRAM', 'THREADS']",au,cw,facebook,social,2026-W36,2026-09,"FACEBOOK, INSTAGRAM, THREADS",True,True,False,False,True,False,Brand/Category Page,True,False,False,2026-09-07,2026-08-23 07:00:00,2026-09-07 16:55:10.186478,15
1414822703833206,1634678671407449,True,2026-08-21 07:00:00,2026-09-06 07:00:00,Chemist Warehouse,Chemist Warehouse,Redken Professional Haircare,Redken All Soft Argan-6 Oil: lightweight nourishment & heat protection up to 230°C,Shop now,DCO,https://www.chemistwarehouse.com.au/buy/164821/redken-all-soft-argan-oil-100ml?utm_source=facebook&utm_medium=social&utm_campaign=au_cw_coop_facebook_social_lorealprofessional_redken_129_2026_bau_dynamic&utm_term=traffic&utm_content=dynamic_abcrange,www.chemistwarehouse.com.au,/buy/164821/redken-all-soft-argan-oil-100ml,facebook,social,au_cw_coop_facebook_social_lorealprofessional_redken_129_2026_bau_dynamic,129,traffic,dynamic_abcrange,Coop,Lorealprofessional,Redken,2026,dynamic,Redken Professional Haircare ,Redken All Soft Argan-6 Oil: lightweight nourishment & heat protection up to 230°C,Shop Now,https://scontent.flim31-1.fna.fbcdn.net/v/t39.35426-6/782086759_1059919926994949_3862090766416911692_n.jpg?_nc_cat=104&ccb=1-7&_nc_sid=c53f8f&_nc_ohc=k2hyu1VogfgQ7kNvwFnrIza&_nc_oc=Adqsi84UOSOhBLyq11gcdd4o2m8CGpyrdtaDJVQjhOZYCkfpesBdALWNl6ChwYooED8&_nc_zt=14&_nc_ht=scontent.flim31-1.fna&_nc_gid=ShG0xIHk_s7D_BDpx_iieA&_nc_ss=7f180&oh=00_AQI7p8a5VqAke8MZs5DOJ858EhR2SsZ_Yo55wv8BYuY32g&oe=6AA3C622,,"['FACEBOOK', 'INSTAGRAM', 'AUDIENCE_NETWORK', 'MESSENGER', 'THREADS']",au,cw,facebook,social,2026-W36,2026-09,"FACEBOOK, INSTAGRAM, AUDIENCE_NETWORK, MESSENGER, THREADS",True,True,True,True,True,False,SKU Product,True,False,False,2026-09-07,2026-08-21 07:00:00,2026-09-07 16:55:10.186478,17
2050974899637944,,True,2026-08-21 07:00:00,2026-09-06 07:00:00,Chemist Warehouse,Chemist Warehouse,Redken Professional Haircare,NEW Redken Acidic Grow Full: Professional Haircare for instantly thicker & fuller hair,Shop now,IMAGE,https://fb.com/canvas_doc/27941198645508363,fb.com,/canvas_doc/27941198645508363,,,,,,,Not Specified,,,,,,,,,,"['FACEBOOK', 'INSTAGRAM', 'AUDIENCE_NETWORK', 'MESSENGER', 'THREADS']",,,,,2026-W36,2026-09,"FACEBOOK, INSTAGRAM, AUDIENCE_NETWORK, MESSENGER, THREADS",True,True,True,True,True,False,Internal/App Page,True,False,False,2026-09-07,2026-08-21 07:00:00,2026-09-07 16:55:10.186478,17
1438397714823560,1438631511651955,True,2026-08-21 07:00:00,2026-09-06 07:00:00,Chemist Warehouse,Chemist Warehouse,Redken Professional Haircare,Redken All Soft Argan-6 Oil: lightweight nourishment & heat protection up to 230°C,Shop now,DCO,https://www.chemistwarehouse.com.au/buy/164821/redken-all-soft-argan-oil-100ml?utm_source=facebook&utm_medium=social&utm_campaign=au_cw_coop_facebook_social_lorealprofessional_redken_129_2026_bau_dynamic&utm_term=traffic&utm_content=dynamic_abcrange,www.chemistwarehouse.com.au,/buy/164821/redken-all-soft-argan-oil-100ml,facebook,social,au_cw_coop_facebook_social_lorealprofessional_redken_129_2026_bau_dynamic,129,traffic,dynamic_abcrange,Coop,Lorealprofessional,Redken,2026,dynamic,Redken Professional Haircare,Redken All Soft Argan-6 Oil: lightweight nourishment & heat protection up to 230°C,Shop Now,https://scontent.flim31-1.fna.fbcdn.net/v/t39.35426-6/782924704_1608484143994263_3775749581513173575_n.jpg?_nc_cat=106&ccb=1-7&_nc_sid=c53f8f&_nc_ohc=jNXP403COSgQ7kNvwF3oi7Z&_nc_oc=AdqyVMkgtqHbWxSldHKUnFjHRfryatMBWTmUh9QM8BpXRdE9e29XTwXZdYvogo7wSZw&_nc_zt=14&_nc_ht=scontent.flim31-1.fna&_nc_gid=q9UFRJ9e2Ablu0gacfBkTg&_nc_ss=7f180&oh=00_AQIYWDf61n8_WGlF-s1qZL68mqAIvQSHBrRWk-lqf19J1w&oe=6AA3AED9,,"['FACEBOOK', 'INSTAGRAM', 'AUDIENCE_NETWORK', 'MESSENGER', 'THREADS']",au,cw,facebook,social,2026-W36,2026-09,"FACEBOOK, INSTAGRAM, AUDIENCE_NETWORK, MESSENGER, THREADS",True,True,True,True,True,False,SKU Product,True,False,False,2026-09-07,2026-08-21 07:00:00,2026-09-07 16:55:10.186478,17
1913374366288239,1681012459671671,True,2026-08-19 07:00:00,2026-09-06 07:00:00,Chemist Warehouse,Chemist Warehouse,Goat Milk. Gentle Relief.,Naturally A2 Protein. Goat Milk nutrition easier on little tummies.,Learn more,DCO,https://www.chemistwarehouse.com.au/shop-online/705628/oli6?utm_source=facebook&utm_medium=social&utm_campaign=au_cw_coop_facebook_social_nuchevptyltd_oli6_20_2026_100001-bau_carousel-video&utm_term=traffic&utm_content=carousel-video_static,www.chemistwarehouse.com.au,/shop-online/705628/oli6,facebook,social,au_cw_coop_facebook_social_nuchevptyltd_oli6_20_2026_100001-bau_carousel-video,20,traffic,carousel-video_static,Coop,Nuchevptyltd,Oli6,2026,carousel-video,Goat Milk. Gentle Relief.,Naturally A2 Protein. Goat Milk nutrition easier on little tummies.,Learn More,https://scontent.flim31-1.fna.fbcdn.net/v/t39.35426-6/775419820_1757850931914604_3148625624145960004_n.jpg?_nc_cat=104&ccb=1-7&_nc_sid=c53f8f&_nc_ohc=OdQuXVlhEYIQ7kNvwE3xysj&_nc_oc=AdptMV6KhWU_MtgprZvvmU8AFxi5Jp9AijX1yl2SPwmI6QcglcidVw05Y_WhvOa73y0&_nc_zt=14&_nc_ht=scontent.flim31-1.fna&_nc_gid=q9UFRJ9e2Ablu0gacfBkTg&_nc_ss=7f180&oh=00_AQIwG5KjHmR_JyvOZsBy2158DNvhjs297RI7Wl4X8MJIOA&oe=6AA3A2CE,,"['FACEBOOK', 'INSTAGRAM', 'MESSENGER', 'THREADS']",au,cw,facebook,social,2026-W36,2026-09,"FACEBOOK, INSTAGRAM, MESSENGER, THREADS",True,True,False,True,True,False,Brand/Category Page,True,False,False,2026-09-07,2026-08-19 07:00:00,2026-09-07 16:55:10.186478,19
1672004254312982,2427277251015104,True,2026-08-23 07:00:00,2026-09-05 07:00:00,Chemist Warehouse,Chemist Warehouse,Helps Improve Muscle Recovery,Triple Magnesium helps relieve sleeplessness and improve muscle recovery time.,Shop now,VIDEO,https://www.chemistwarehouse.com.au/shop-online/705669/pillar-performance?utm_source=facebook&utm_medium=social&utm_campaign=au_cw_oa_facebook_social_pillarperformance_pillar_1255_aug26_100530-launching_video-image&utm_term=reach&utm_content=video-image_video,www.chemistwarehouse.com.au,/shop-online/705669/pillar-performance,facebook,social,au_cw_oa_facebook_social_pillarperformance_pillar_1255_aug26_100530-launching_video-image,1255,reach,video-image_video,O&O,Pillarperformance,Pillar,aug26,video-image,,,,,,"['FACEBOOK', 'INSTAGRAM', 'THREADS']",au,cw,facebook,social,2026-W36,2026-09,"FACEBOOK, INSTAGRAM, THREADS",True,True,False,False,True,False,Brand/Category Page,True,False,False,2026-09-07,2026-08-23 07:00:00,2026-09-07 16:55:10.186478,15
1750616882846693,27905970932406673,True,2026-08-19 07:00:00,2026-09-06 07:00:00,Chemist Warehouse,Chemist Warehouse,Gentle Tummies. Calm Nights,"Aussie Made Goat Milk Formula - Easy to Blend, Loved by Families",Learn more,DCO,https://www.chemistwarehouse.com.au/shop-online/705628/oli6?utm_source=facebook&utm_medium=social&utm_campaign=au_cw_coop_facebook_social_nuchevptyltd_oli6_20_2026_100001-bau_carousel-video&utm_term=traffic&utm_content=carousel-video_static,www.chemistwarehouse.com.au,/shop-online/705628/oli6,facebook,social,au_cw_coop_facebook_social_nuchevptyltd_oli6_20_2026_100001-bau_carousel-video,20,traffic,carousel-video_static,Coop,Nuchevptyltd,Oli6,2026,carousel-video,"After-school, sorted","Oli6 goat and oat snack bites. After-school hunger, handled",Learn More,https://scontent.flim31-1.fna.fbcdn.net/v/t39.35426-6/776253184_1095534819578075_844830926382040019_n.jpg?_nc_cat=110&ccb=1-7&_nc_sid=c53f8f&_nc_ohc=VDYuCcm3RzAQ7kNvwGFaQR0&_nc_oc=Adp0ekNuWDCD0nddVSBOTsyKIu-zqE059TPYnqDJJVkAUL0e1CcA6V4N_6mnR_wLwVQ&_nc_zt=14&_nc_ht=scontent.flim31-1.fna&_nc_gid=q9UFRJ9e2Ablu0gacfBkTg&_nc_ss=7f180&oh=00_AQKeJPugnFxL2Rpww2QWBVZr1tcbWdJW72zPCqzu27riCA&oe=6AA3AB30,,"['FACEBOOK', 'INSTAGRAM', 'MESSENGER', 'THREADS']",au,cw,facebook,social,2026-W36,2026-09,"FACEBOOK, INSTAGRAM, MESSENGER, THREADS",True,True,False,True,True,False,Brand/Category Page,True,False,False,2026-09-07,2026-08-19 07:00:00,2026-09-07 16:55:10.186478,19
1996578821731561,2698620550535651,True,2026-08-20 07:00:00,2026-09-06 07:00:00,Chemist Warehouse,Chemist Warehouse,Calm in a cup,Create a calming bedtime ritual with a warm cup of Nighty Night Goat.,Learn more,DCO,https://www.chemistwarehouse.com.au/shop-online/705628/oli6?utm_source=facebook&utm_medium=social&utm_campaign=au_cw_coop_facebook_social_nuchevptyltd_oli6_20_2026_100001-bau_carousel-video&utm_term=traffic&utm_content=carousel-video_static,www.chemistwarehouse.com.au,/shop-online/705628/oli6,facebook,social,au_cw_coop_facebook_social_nuchevptyltd_oli6_20_2026_100001-bau_carousel-video,20,traffic,carousel-video_static,Coop,Nuchevptyltd,Oli6,2026,carousel-video,Calm in a cup,Create a calming bedtime ritual with a warm cup of Nighty Night Goat.,Learn More,https://scontent.flim31-1.fna.fbcdn.net/v/t39.35426-6/777766913_1389654753319821_857759315900096112_n.jpg?_nc_cat=100&ccb=1-7&_nc_sid=c53f8f&_nc_ohc=MwXgs0orBlcQ7kNvwHCn8VZ&_nc_oc=Adqs03qhBm4owclmDvD_irtQrtWZznAx44HznEdRHcX83vXwJTc8QLD5kvcrjgT4bFg&_nc_zt=14&_nc_ht=scontent.flim31-1.fna&_nc_gid=q9UFRJ9e2Ablu0gacfBkTg&_nc_ss=7f180&oh=00_AQKRyGrQhiIh6-OGkt9LV5-fAbh4sB7IClimifVLB0MNcw&oe=6AA3B8D3,,"['FACEBOOK', 'INSTAGRAM', 'MESSENGER', 'THREADS']",au,cw,facebook,social,2026-W36,2026-09,"FACEBOOK, INSTAGRAM, MESSENGER, THREADS",True,True,False,True,True,False,Brand/Category Page,True,False,False,2026-09-07,2026-08-20 07:00:00,2026-09-07 16:55:10.186478,18
1605074514297073,4522928367942406,True,2026-08-19 07:00:00,2026-09-05 07:00:00,Chemist Warehouse,Chemist Warehouse,Goat Milk. Gentle Relief.,Naturally A2 Protein. Goat Milk nutrition easier on little tummies.,Learn more,DCO,https://www.chemistwarehouse.com.au/shop-online/705628/oli6?utm_source=facebook&utm_medium=social&utm_campaign=au_cw_coop_facebook_social_nuchevptyltd_oli6_20_2026_100001-bau_carousel-video&utm_term=traffic&utm_content=carousel-video_static,www.chemistwarehouse.com.au,/shop-online/705628/oli6,facebook,social,au_cw_coop_facebook_social_nuchevptyltd_oli6_20_2026_100001-bau_carousel-video,20,traffic,carousel-video_static,Coop,Nuchevptyltd,Oli6,2026,carousel-video,Goat Milk. Gentle Relief.,Naturally A2 Protein. Goat Milk nutrition easier on little tummies.,Learn More,https://scontent.flim31-1.fna.fbcdn.net/v/t39.35426-6/778985939_1373083274952718_2926315694912803955_n.jpg?_nc_cat=102&ccb=1-7&_nc_sid=c53f8f&_nc_ohc=_xsLTaXQhDIQ7kNvwEVDZ0x&_nc_oc=Adoxf-IhQk10fTeS0VTOIQv-Tz0nb0OmSrIFCQNeRiT0zzPYO8Do9egKepF0utK56_M&_nc_zt=14&_nc_ht=scontent.flim31-1.fna&_nc_gid=q9UFRJ9e2Ablu0gacfBkTg&_nc_ss=7f180&oh=00_AQLHrf6lDGd2cwuWYlmlNXSaWjJTJ9_D34_D6WA5ufBu-Q&oe=6AA3C854,,"['FACEBOOK', 'INSTAGRAM', 'MESSENGER', 'THREADS']",au,cw,facebook,social,2026-W36,2026-09,"FACEBOOK, INSTAGRAM, MESSENGER, THREADS",True,True,False,True,True,False,Brand/Category Page,True,False,False,2026-09-07,2026-08-19 07:00:00,2026-09-07 16:55:10.186478,19
2154684181780335,1373822784873548,True,2026-08-19 07:00:00,2026-09-04 07:00:00,Chemist Warehouse,Chemist Warehouse,Gentle Tummies. Calm Nights,Create a calming bedtime ritual with a warm cup of Nighty Night Goat.,Learn more,DCO,https://www.chemistwarehouse.com.au/shop-online/705628/oli6?utm_source=facebook&utm_medium=social&utm_campaign=au_cw_coop_facebook_social_nuchevptyltd_oli6_20_2026_100001-bau_carousel-video&utm_term=traffic&utm_content=carousel-video_static,www.chemistwarehouse.com.au,/shop-online/705628/oli6,facebook,social,au_cw_coop_facebook_social_nuchevptyltd_oli6_20_2026_100001-bau_carousel-video,20,traffic,carousel-video_static,Coop,Nuchevptyltd,Oli6,2026,carousel-video,"Bedtime made simpler
",Create a calming bedtime ritual with a warm cup of Nighty Night Goat.,Learn More,https://scontent.flim31-1.fna.fbcdn.net/v/t39.35426-6/779001410_2562646460838719_9117436292564421791_n.jpg?_nc_cat=103&ccb=1-7&_nc_sid=c53f8f&_nc_ohc=tmAJtsyF0PYQ7kNvwEMLEic&_nc_oc=Adr4QEGxufjfKP5ezKQzM6oqxycYBouRuy10A-7z6ETTKhAal1BqFF1Wn0-fjuLpR-Y&_nc_zt=14&_nc_ht=scontent.flim31-1.fna&_nc_gid=q9UFRJ9e2Ablu0gacfBkTg&_nc_ss=7f180&oh=00_AQLQD8mkxaqw_Srk69EFLLfg6OVHGujLn69Tit4uTnE5vA&oe=6AA3A6C8,,"['FACEBOOK', 'INSTAGRAM', 'MESSENGER', 'THREADS']",au,cw,facebook,social,2026-W36,2026-09,"FACEBOOK, INSTAGRAM, MESSENGER, THREADS",True,True,False,True,True,False,Brand/Category Page,True,False,False,2026-09-07,2026-08-19 07:00:00,2026-09-07 16:55:10.186478,19
1523202499491266,1563646581875334,True,2026-08-20 07:00:00,2026-09-06 07:00:00,Chemist Warehouse,Chemist Warehouse,"Wholegrain oats, real food","Oli6 A2 goat milk protein balls. Kid-tested, fussy-eater approved.",Learn more,DCO,https://www.chemistwarehouse.com.au/shop-online/705628/oli6?utm_source=facebook&utm_medium=social&utm_campaign=au_cw_coop_facebook_social_nuchevptyltd_oli6_20_2026_100001-bau_carousel-video&utm_term=traffic&utm_content=carousel-video_static,www.chemistwarehouse.com.au,/shop-online/705628/oli6,facebook,social,au_cw_coop_facebook_social_nuchevptyltd_oli6_20_2026_100001-bau_carousel-video,20,traffic,carousel-video_static,Coop,Nuchevptyltd,Oli6,2026,carousel-video,Fussy eater? Sorted,"Oli6 A2 goat milk protein balls. Kid-tested, fussy-eater approved.",Learn More,https://scontent.flim31-1.fna.fbcdn.net/v/t39.35426-6/779455103_1336439201905937_5394190443156897451_n.jpg?_nc_cat=103&ccb=1-7&_nc_sid=c53f8f&_nc_ohc=HhuwtaML2p0Q7kNvwHTxIO2&_nc_oc=AdqUBZ3uhpbzJmPwTwoQHyhovA04yzGDn41r6WeVLwd8vK3U2jaVFcXb0j7o25EEOzQ&_nc_zt=14&_nc_ht=scontent.flim31-1.fna&_nc_gid=q9UFRJ9e2Ablu0gacfBkTg&_nc_ss=7f180&oh=00_AQLV43NQLzqNsy5ef1dkSLcGLB4yzsZJBUTZmeqdr4bZsw&oe=6AA3CC8C,,"['FACEBOOK', 'INSTAGRAM', 'MESSENGER', 'THREADS']",au,cw,facebook,social,2026-W36,2026-09,"FACEBOOK, INSTAGRAM, MESSENGER, THREADS",True,True,False,True,True,False,Brand/Category Page,True,False,False,2026-09-07,2026-08-20 07:00:00,2026-09-07 16:55:10.186478,18
1413615993993692,1082634044337500,True,2026-08-19 07:00:00,2026-09-03 07:00:00,Chemist Warehouse,Chemist Warehouse,Goat Milk. Gentle Relief.,Naturally A2 Protein. Goat Milk nutrition easier on little tummies.,Learn more,DCO,https://www.chemistwarehouse.com.au/shop-online/705628/oli6?utm_source=facebook&utm_medium=social&utm_campaign=au_cw_coop_facebook_social_nuchevptyltd_oli6_20_2026_100001-bau_carousel-video&utm_term=traffic&utm_content=carousel-video_static,www.chemistwarehouse.com.au,/shop-online/705628/oli6,facebook,social,au_cw_coop_facebook_social_nuchevptyltd_oli6_20_2026_100001-bau_carousel-video,20,traffic,carousel-video_static,Coop,Nuchevptyltd,Oli6,2026,carousel-video,Goat Milk. Gentle Relief.,Naturally A2 Protein. Goat Milk nutrition easier on little tummies.,Learn More,https://scontent.flim31-1.fna.fbcdn.net/v/t39.35426-6/777867414_2259100618219452_2276366066214912260_n.jpg?_nc_cat=109&ccb=1-7&_nc_sid=c53f8f&_nc_ohc=orlH3MQ-MhsQ7kNvwFAWdoI&_nc_oc=AdqkeyJpgkHkwcdJFfU8c3Godl40ERXh2cIAP8ixfDjLeRMh2M4QWkgXUaLvkiZ9PUY&_nc_zt=14&_nc_ht=scontent.flim31-1.fna&_nc_gid=q9UFRJ9e2Ablu0gacfBkTg&_nc_ss=7f180&oh=00_AQJeDMzRSQw-5cJPHJ_EH5y9gsWyXfKJ0cW0_SOS3XogyA&oe=6AA3CE2F,,"['FACEBOOK', 'INSTAGRAM', 'MESSENGER', 'THREADS']",au,cw,facebook,social,2026-W36,2026-09,"FACEBOOK, INSTAGRAM, MESSENGER, THREADS",True,True,False,True,True,False,Brand/Category Page,True,False,False,2026-09-07,2026-08-19 07:00:00,2026-09-07 16:55:10.186478,19
1623291082487034,1767467850934777,True,2026-08-20 07:00:00,2026-09-06 07:00:00,Chemist Warehouse,Chemist Warehouse,Goat Milk. Gentle Relief.,Naturally A2 Protein. Goat Milk nutrition easier on little tummies.,Learn more,DCO,https://www.chemistwarehouse.com.au/shop-online/705628/oli6?utm_source=facebook&utm_medium=social&utm_campaign=au_cw_coop_facebook_social_nuchevptyltd_oli6_20_2026_100001-bau_carousel-video&utm_term=traffic&utm_content=carousel-video_static,www.chemistwarehouse.com.au,/shop-online/705628/oli6,facebook,social,au_cw_coop_facebook_social_nuchevptyltd_oli6_20_2026_100001-bau_carousel-video,20,traffic,carousel-video_static,Coop,Nuchevptyltd,Oli6,2026,carousel-video,Goat Milk. Gentle Relief.,Naturally A2 Protein. Goat Milk nutrition easier on little tummies.,Learn More,https://scontent.flim31-1.fna.fbcdn.net/v/t39.35426-6/777868232_998267519873460_2128365146200432749_n.jpg?_nc_cat=111&ccb=1-7&_nc_sid=c53f8f&_nc_ohc=BMa6KwtNdRgQ7kNvwHAZPbJ&_nc_oc=AdoHJyoMr_H9ZAgGwaJUKwkatRnqsn3m4FsEa1kudChEQnn8VUiRTcYun1CtikUqwDE&_nc_zt=14&_nc_ht=scontent.flim31-1.fna&_nc_gid=q9UFRJ9e2Ablu0gacfBkTg&_nc_ss=7f180&oh=00_AQI4KbG623YAh4ZcHVFBxlJwi3R4g_RmOnLj2wL1Mt3IDg&oe=6AA3CE98,,"['FACEBOOK', 'INSTAGRAM', 'MESSENGER', 'THREADS']",au,cw,facebook,social,2026-W36,2026-09,"FACEBOOK, INSTAGRAM, MESSENGER, THREADS",True,True,False,True,True,False,Brand/Category Page,True,False,False,2026-09-07,2026-08-20 07:00:00,2026-09-07 16:55:10.186478,18
1010889975272087,2257635584994228,True,2026-08-19 07:00:00,2026-09-06 07:00:00,Chemist Warehouse,Chemist Warehouse,Telfast Kids Hayfever Relief Options,"Telfast Kids, relief from hayfever and hives. Available in a tasty raspberry liquid and easy to swallow tablets",Shop now,DCO,https://www.chemistwarehouse.com.au/shop-online/1536/telfast?category=Children%E2%80%99s%20Medicine&utm_source=facebook&utm_medium=social&utm_campaign=au_cw_oa_facebook_social_sanoficonsumerhealthcare_telfast_258_aug26_100673-kids_video-image&utm_term=traffic&utm_content=video-image_brand,www.chemistwarehouse.com.au,/shop-online/1536/telfast,facebook,social,au_cw_oa_facebook_social_sanoficonsumerhealthcare_telfast_258_aug26_100673-kids_video-image,258,traffic,video-image_brand,O&O,Sanoficonsumerhealthcare,Telfast,aug26,video-image,Telfast Kids Hayfever Relief Options,"Telfast Kids, relief from hayfever and hives. Available in a tasty raspberry liquid and easy to swallow tablets",Shop Now,,https://video.flim31-1.fna.fbcdn.net/o1/v/t2/f2/m366/AQMZbI5RTfhXbEgn6jXH2BKDTUg_vPwIDXMXr7hJ3IWab2mCYEe2OSI9Rx6G8NE1Mx5sIHXH5yTUSxQygjhYwnV2DY4_3tkVUkEZaIyi21ccHQ.mp4?_nc_cat=100&_nc_oc=AdqCPzPko-DAPZf6ShtNKFWdCqWSE9W0VvQwvOLAO0mzGe4Sn5Wwwz0OpNnXjy7TImc&_nc_sid=b66105&_nc_ht=video.flim31-1.fna.fbcdn.net&_nc_ohc=UWYHTljwQVgQ7kNvwEuB2gw&efg=eyJ2ZW5jb2RlX3RhZyI6Inhwdl9wcm9ncmVzc2l2ZS5WSV9VU0VDQVNFX1BST0RVQ1RfVFlQRS4uQzMuNzIwLmRhc2hfaDI2NC1iYXNpYy1nZW4yXzcyMHAiLCJ4cHZfYXNzZXRfaWQiOjQ1Mjc2ODY5NDA3ODExMDYsImFzc2V0X2FnZV9kYXlzIjoxOCwidmlfdXNlY2FzZV9pZCI6MTA3OTksImR1cmF0aW9uX3MiOjYsInVybGdlbl9zb3VyY2UiOiJ3d3cifQ%3D%3D&ccb=17-1&vs=3382d16002fc6773&_nc_vs=HBksFQIYRWZiX2VwaGVtZXJhbC82QjRDOUM1QzY3QkIzNzQwNDg5ODVFQUVFRDRCMUU4Rl9tdF8xX3ZpZGVvX2Rhc2hpbml0Lm1wNBUAAsgBEgAVAhhAZmJfcGVybWFuZW50LzNENEU1QUIyNzZEOTIxNjFEM0U5ODhGMTM0MTNCMTkxX2F1ZGlvX2Rhc2hpbml0Lm1wNBUCAsgBEgAoABgAGwKIB3VzZV9vaWwBMRJwcm9ncmVzc2l2ZV9yZWNpcGUBMRUAACbkqJO8iPqKEBUCKAJDMywXQBgAAAAAAAAYGWRhc2hfaDI2NC1iYXNpYy1nZW4yXzcyMHARAHUAZd6oAQA&_nc_gid=q9UFRJ9e2Ablu0gacfBkTg&_nc_ss=7f180&_nc_zt=28&oh=00_AQIx5LAmhPsHgRXOod6j6NnWvT9-Pib6ZySW5f0_sb6xcg&oe=6AA3B754,"['FACEBOOK', 'INSTAGRAM', 'AUDIENCE_NETWORK', 'MESSENGER', 'WHATSAPP', 'THREADS']",au,cw,facebook,social,2026-W36,2026-09,"FACEBOOK, INSTAGRAM, AUDIENCE_NETWORK, MESSENGER, WHATSAPP, THREADS",True,True,True,True,True,True,Brand/Category Page,True,False,False,2026-09-07,2026-08-19 07:00:00,2026-09-07 16:55:10.186478,19
2324259831742629,4385026418403709,True,2026-08-19 07:00:00,2026-09-06 07:00:00,Chemist Warehouse,Chemist Warehouse,Telfast Kids Hayfever Relief Options,"Telfast Kids, relief from hayfever and hives. Available in a tasty raspberry liquid and easy to swallow tablets",Shop now,DCO,https://www.chemistwarehouse.com.au/shop-online/1536/telfast?category=Children%E2%80%99s%20Medicine&utm_source=facebook&utm_medium=social&utm_campaign=au_cw_oa_facebook_social_sanoficonsumerhealthcare_telfast_258_aug26_100673-kids_video-image&utm_term=traffic&utm_content=video-image_brand,www.chemistwarehouse.com.au,/shop-online/1536/telfast,facebook,social,au_cw_oa_facebook_social_sanoficonsumerhealthcare_telfast_258_aug26_100673-kids_video-image,258,traffic,video-image_brand,O&O,Sanoficonsumerhealthcare,Telfast,aug26,video-image,"Telfast Kids Hayfever Relief Options
","Telfast Kids, relief from hayfever and hives. Available in a tasty raspberry liquid and easy to swallow tablets",Shop Now,https://scontent.flim31-1.fna.fbcdn.net/v/t39.35426-6/778899143_1754458668787584_1859495710874764399_n.jpg?_nc_cat=107&ccb=1-7&_nc_sid=c53f8f&_nc_ohc=OK3sCciEP3oQ7kNvwF_XLy9&_nc_oc=Adp_Qmi2Ocf0eXPolkVFxDmpAY5mSv9oQ8zGh60raQMo7zy7q-YJDcTwzDf6wTHZjQk&_nc_zt=14&_nc_ht=scontent.flim31-1.fna&_nc_gid=q9UFRJ9e2Ablu0gacfBkTg&_nc_ss=7f180&oh=00_AQKMJNOdN5gj-WiRey54VeD8kynshT6VgBEvQSLq20YZtw&oe=6AA39B11,,"['FACEBOOK', 'INSTAGRAM', 'AUDIENCE_NETWORK', 'MESSENGER', 'WHATSAPP', 'THREADS']",au,cw,facebook,social,2026-W36,2026-09,"FACEBOOK, INSTAGRAM, AUDIENCE_NETWORK, MESSENGER, WHATSAPP, THREADS",True,True,True,True,True,True,Brand/Category Page,True,False,False,2026-09-07,2026-08-19 07:00:00,2026-09-07 16:55:10.186478,19
1080418137669387,,True,2026-08-20 07:00:00,2026-09-06 07:00:00,Chemist Warehouse,Chemist Warehouse,Seductive. Fresh. 1 Million,Obey no one. Except your fantasies. 1 Million in spicy leather heat,Shop now,IMAGE,https://fb.com/canvas_doc/2535139373633824,fb.com,/canvas_doc/2535139373633824,,,,,,,Not Specified,,,,,,,,,,"['FACEBOOK', 'INSTAGRAM']",,,,,2026-W36,2026-09,"FACEBOOK, INSTAGRAM",True,True,False,False,False,False,Internal/App Page,True,False,False,2026-09-07,2026-08-20 07:00:00,2026-09-07 16:55:10.186478,18
1605823291178490,1500745601808430,True,2026-08-19 07:00:00,2026-09-06 07:00:00,Chemist Warehouse,Dan Reilly,,"#ad | Paid partnership with @ezee.mobile 🤝

EZEE Hacks is back. Today’s fix: the leaky tap. That drip isn’t just annoying — it’s money down the drain. Sorted in a few minutes, no plumber required. 🚰

While you’re stopping the waste at home, sort your phone plan too. Right now every EZEE Mobile plan comes with double the data for your first 6 recharges, starting from $29 for 58GB! Use my code DAN5 at checkout for $5 off your first recharge on top.*

Free eSIM at ezeemobile.com.au, or grab a physical SIM at Chemist Warehouse for $2. No lock-ins, 30-day billing. Switching is EZEE!

Big thanks to @ezee.mobile for backing this series.

*Double Data: eligible EZEE Mobile prepaid mobile plans ($29/$39/$45/$55) activated between 11/08/2026 and 29/09/2026 receive double the standard data allowance for the first 6 recharges, then revert to the standard allowance. Data-only Mobile Broadband plans excluded. DAN5: one-time $5 off the first recharge of a new EZEE Mobile prepaid mobile plan when the code is entered at checkout on ezeemobile.com.au or the EZEE Mobile App. Available to new customers, or existing customers activating a new additional service. One use per service. Full T&Cs and Critical Information Summary at ezeemobile.com.au.",Shop now,VIDEO,https://ezeemobile.com.au/plans?utm_source=facebook&utm_medium=social&utm_campaign=au_cw_house_facebook_social_ezeemobile_ezee_0_nov25_welcomeseries_video-image&utm_term=traffic&utm_content=video-image_august-dan,ezeemobile.com.au,/plans,facebook,social,au_cw_house_facebook_social_ezeemobile_ezee_0_nov25_welcomeseries_video-image,0,traffic,video-image_august-dan,House,Ezeemobile,Ezee,nov25,video-image,,,,,,"['FACEBOOK', 'INSTAGRAM', 'AUDIENCE_NETWORK', 'MESSENGER', 'THREADS']",au,cw,facebook,social,2026-W36,2026-09,"FACEBOOK, INSTAGRAM, AUDIENCE_NETWORK, MESSENGER, THREADS",True,True,True,True,True,False,Plans/Pricing Page,True,True,False,2026-09-07,2026-08-19 07:00:00,2026-09-07 16:55:10.186478,19
1994788344507786,,True,2026-08-19 07:00:00,2026-09-06 07:00:00,Chemist Warehouse,Chemist Warehouse,Seductive. Fresh. 1 Million,Obey no one. Except your fantasies. 1 Million in spicy leather heat,Shop now,IMAGE,https://fb.com/canvas_doc/1642228660625691,fb.com,/canvas_doc/1642228660625691,,,,,,,Not Specified,,,,,,,,,,"['FACEBOOK', 'INSTAGRAM']",,,,,2026-W36,2026-09,"FACEBOOK, INSTAGRAM",True,True,False,False,False,False,Internal/App Page,True,False,False,2026-09-07,2026-08-19 07:00:00,2026-09-07 16:55:10.186478,19
1507391134768870,,True,2026-08-19 07:00:00,2026-09-06 07:00:00,Chemist Warehouse,Chemist Warehouse,Seductive. Fresh. 1 Million,Obey no one. Except your fantasies. 1 Million in spicy leather heat,Shop now,IMAGE,https://fb.com/canvas_doc/1642228660625691,fb.com,/canvas_doc/1642228660625691,,,,,,,Not Specified,,,,,,,,,,"['FACEBOOK', 'INSTAGRAM']",,,,,2026-W36,2026-09,"FACEBOOK, INSTAGRAM",True,True,False,False,False,False,Internal/App Page,True,False,False,2026-09-07,2026-08-19 07:00:00,2026-09-07 16:55:10.186478,19
1045408084757699,,True,2026-08-19 07:00:00,2026-09-05 07:00:00,Chemist Warehouse,Chemist Warehouse,Seductive. Fresh. 1 Million,Obey no one. Except your fantasies. 1 Million in spicy leather heat,Shop now,IMAGE,https://fb.com/canvas_doc/1642228660625691,fb.com,/canvas_doc/1642228660625691,,,,,,,Not Specified,,,,,,,,,,"['FACEBOOK', 'INSTAGRAM']",,,,,2026-W36,2026-09,"FACEBOOK, INSTAGRAM",True,True,False,False,False,False,Internal/App Page,True,False,False,2026-09-07,2026-08-19 07:00:00,2026-09-07 16:55:10.186478,19
1370851041302317,,True,2026-08-19 07:00:00,2026-09-06 07:00:00,Chemist Warehouse,Chemist Warehouse,Seductive. Fresh. 1 Million,Obey no one. Except your fantasies. 1 Million in spicy leather heat,Shop now,IMAGE,https://fb.com/canvas_doc/1642228660625691,fb.com,/canvas_doc/1642228660625691,,,,,,,Not Specified,,,,,,,,,,"['FACEBOOK', 'INSTAGRAM']",,,,,2026-W36,2026-09,"FACEBOOK, INSTAGRAM",True,True,False,False,False,False,Internal/App Page,True,False,False,2026-09-07,2026-08-19 07:00:00,2026-09-07 16:55:10.186478,19
1037681032370810,,True,2026-08-19 07:00:00,2026-09-06 07:00:00,Chemist Warehouse,Chemist Warehouse,{{product.name}},{{product.brand}},Shop now,DCO,https://www.chemistwarehouse.com.au/buy/131793/bio-island-vitaeyes-for-children-60-capsules?utm_source=facebook&utm_medium=social&utm_campaign=au_cw_oa_facebook_social_jbxptyltd_bioisland_81_aug26_100710-oa_video-image&utm_term=traffic&utm_content=video-image_video-image,www.chemistwarehouse.com.au,/buy/131793/bio-island-vitaeyes-for-children-60-capsules,facebook,social,au_cw_oa_facebook_social_jbxptyltd_bioisland_81_aug26_100710-oa_video-image,81,traffic,video-image_video-image,O&O,Jbxptyltd,Bioisland,aug26,video-image,Australian made for children,Australian made Bio Island VitaEyes for Children supports eye health in children with a comprehensive blend of nutrients.,Shop Now,https://scontent.flim31-1.fna.fbcdn.net/v/t39.35426-6/773572715_2132743717278774_1176028906300393144_n.jpg?_nc_cat=102&ccb=1-7&_nc_sid=c53f8f&_nc_ohc=hy0rqUWhkmgQ7kNvwGJoEdK&_nc_oc=Adp4DCMYZ9ZRFuv8Yh8Kr2DTbWJI91R7aMTjbfpX7AQqlmr5fn4dNp6Ob9CQLY_BASI&_nc_zt=14&_nc_ht=scontent.flim31-1.fna&_nc_gid=q9UFRJ9e2Ablu0gacfBkTg&_nc_ss=7f180&oh=00_AQKVoKO9dsP41dsgSmlc4zM4WQB-7YH2-blAG1GXbRPaxg&oe=6AA3A8A2,,"['FACEBOOK', 'INSTAGRAM', 'AUDIENCE_NETWORK', 'MESSENGER', 'WHATSAPP', 'THREADS']",au,cw,facebook,social,2026-W36,2026-09,"FACEBOOK, INSTAGRAM, AUDIENCE_NETWORK, MESSENGER, WHATSAPP, THREADS",True,True,True,True,True,True,SKU Product,True,False,False,2026-09-07,2026-08-19 07:00:00,2026-09-07 16:55:10.186478,19
1578689733750385,,True,2026-08-20 07:00:00,2026-09-06 07:00:00,Chemist Warehouse,Chemist Warehouse,Seductive. Fresh. 1 Million,Obey no one. Except your fantasies. 1 Million in spicy leather heat,Shop now,IMAGE,https://fb.com/canvas_doc/1642228660625691,fb.com,/canvas_doc/1642228660625691,,,,,,,Not Specified,,,,,,,,,,"['FACEBOOK', 'INSTAGRAM']",,,,,2026-W36,2026-09,"FACEBOOK, INSTAGRAM",True,True,False,False,False,False,Internal/App Page,True,False,False,2026-09-07,2026-08-20 07:00:00,2026-09-07 16:55:10.186478,18
1072814892104691,,True,2026-08-19 07:00:00,2026-09-06 07:00:00,Chemist Warehouse,Chemist Warehouse,{{product.name}},{{product.brand}},Shop now,DCO,https://www.chemistwarehouse.com.au/buy/131793/bio-island-vitaeyes-for-children-60-capsules?utm_source=facebook&utm_medium=social&utm_campaign=au_cw_oa_facebook_social_jbxptyltd_bioisland_81_aug26_100710-oa_video-image&utm_term=traffic&utm_content=video-image_video-image,www.chemistwarehouse.com.au,/buy/131793/bio-island-vitaeyes-for-children-60-capsules,facebook,social,au_cw_oa_facebook_social_jbxptyltd_bioisland_81_aug26_100710-oa_video-image,81,traffic,video-image_video-image,O&O,Jbxptyltd,Bioisland,aug26,video-image,Australian made for children,Australian made Bio Island VitaEyes for Children supports eye health in children with a comprehensive blend of nutrients.,Shop Now,https://scontent.flim31-1.fna.fbcdn.net/v/t39.35426-6/769513387_2590458681409476_8486047481590983700_n.jpg?_nc_cat=107&ccb=1-7&_nc_sid=c53f8f&_nc_ohc=He9u4lHJhBUQ7kNvwG1Fhhw&_nc_oc=Adri78cE9dNE3dpqghiYLnIUclNLVClHKyZ5J3pralFQkNd6wlbvoLPkbZUmwpQYFQ8&_nc_zt=14&_nc_ht=scontent.flim31-1.fna&_nc_gid=q9UFRJ9e2Ablu0gacfBkTg&_nc_ss=7f180&oh=00_AQLm_TNjUguha62U5KdH6JZqK-Ei0aPzWqDEqzNOlF1S2w&oe=6AA3ACB6,,"['FACEBOOK', 'INSTAGRAM', 'AUDIENCE_NETWORK', 'MESSENGER', 'WHATSAPP', 'THREADS']",au,cw,facebook,social,2026-W36,2026-09,"FACEBOOK, INSTAGRAM, AUDIENCE_NETWORK, MESSENGER, WHATSAPP, THREADS",True,True,True,True,True,True,SKU Product,True,False,False,2026-09-07,2026-08-19 07:00:00,2026-09-07 16:55:10.186478,19
3034316023426538,,True,2026-08-19 07:00:00,2026-09-05 07:00:00,Chemist Warehouse,Chemist Warehouse,{{product.name}},{{product.brand}},Shop now,DCO,https://www.chemistwarehouse.com.au/buy/131793/bio-island-vitaeyes-for-children-60-capsules?utm_source=facebook&utm_medium=social&utm_campaign=au_cw_oa_facebook_social_jbxptyltd_bioisland_81_aug26_100710-oa_video-image&utm_term=traffic&utm_content=video-image_video-image,www.chemistwarehouse.com.au,/buy/131793/bio-island-vitaeyes-for-children-60-capsules,facebook,social,au_cw_oa_facebook_social_jbxptyltd_bioisland_81_aug26_100710-oa_video-image,81,traffic,video-image_video-image,O&O,Jbxptyltd,Bioisland,aug26,video-image,Support Kids Brain Health,Australian made Bio Island VitaEyes for Children supports eye health in children with a comprehensive blend of nutrients.,Shop Now,,https://video.flim31-1.fna.fbcdn.net/o1/v/t2/f2/m366/AQO5ZXuBT8DGOwd-TKN8qS-OdbBvD2RMF2YZZ8K08hDXb_58gwnVprD-jzWwlHgg0q4JOFcYR2y6jHKGfb7o0ebxyfHRUtIH0YBCjZIEEFpNJQ.mp4?_nc_cat=105&_nc_oc=AdosXv784asyh17vXSNb5_RSpIV5VKjBI3odkbRsqvdbhvgkqf-791npOADAkGBkwVQ&_nc_sid=b66105&_nc_ht=video.flim31-1.fna.fbcdn.net&_nc_ohc=MLMU8KB4QhUQ7kNvwGNmulT&efg=eyJ2ZW5jb2RlX3RhZyI6Inhwdl9wcm9ncmVzc2l2ZS5WSV9VU0VDQVNFX1BST0RVQ1RfVFlQRS4uQzMuNzIwLmRhc2hfaDI2NC1iYXNpYy1nZW4yXzcyMHAiLCJ4cHZfYXNzZXRfaWQiOjI4MTY1MDg5NzQ5Nzk1MzIyLCJhc3NldF9hZ2VfZGF5cyI6MjUsInZpX3VzZWNhc2VfaWQiOjEwNzk5LCJkdXJhdGlvbl9zIjoxMCwidXJsZ2VuX3NvdXJjZSI6Ind3dyJ9&ccb=17-1&vs=fc0335642ebf6ae5&_nc_vs=HBksFQIYRWZiX2VwaGVtZXJhbC8zODRBRURBNEM3NUNGRTQxMzZBRkFBN0NCMTg1QzZCMV9tdF8xX3ZpZGVvX2Rhc2hpbml0Lm1wNBUAAsgBEgAVAhhAZmJfcGVybWFuZW50L0M5NDY0QjgyNjEyMjE3MzBFQkI3MDJGN0Q1Q0RCOUJDX2F1ZGlvX2Rhc2hpbml0Lm1wNBUCAsgBEgAoABgAGwKIB3VzZV9vaWwBMRJwcm9ncmVzc2l2ZV9yZWNpcGUBMRUAACb0h9SZ__-HZBUCKAJDMywXQCQUeuFHrhQYGWRhc2hfaDI2NC1iYXNpYy1nZW4yXzcyMHARAHUAZd6oAQA&_nc_gid=q9UFRJ9e2Ablu0gacfBkTg&_nc_ss=7f180&_nc_zt=28&oh=00_AQKjQF3noXbnW4O69XTcMTjqxbkQXiLfegwjarkHldpnrg&oe=6AA3C883,"['FACEBOOK', 'INSTAGRAM', 'AUDIENCE_NETWORK', 'MESSENGER', 'WHATSAPP', 'THREADS']",au,cw,facebook,social,2026-W36,2026-09,"FACEBOOK, INSTAGRAM, AUDIENCE_NETWORK, MESSENGER, WHATSAPP, THREADS",True,True,True,True,True,True,SKU Product,True,False,False,2026-09-07,2026-08-19 07:00:00,2026-09-07 16:55:10.186478,19
1357730126563889,,True,2026-08-19 07:00:00,2026-09-06 07:00:00,Chemist Warehouse,Chemist Warehouse,{{product.name}},{{product.brand}},Shop now,DCO,https://www.chemistwarehouse.com.au/buy/131793/bio-island-vitaeyes-for-children-60-capsules?utm_source=facebook&utm_medium=social&utm_campaign=au_cw_oa_facebook_social_jbxptyltd_bioisland_81_aug26_100710-oa_video-image&utm_term=traffic&utm_content=video-image_video-image,www.chemistwarehouse.com.au,/buy/131793/bio-island-vitaeyes-for-children-60-capsules,facebook,social,au_cw_oa_facebook_social_jbxptyltd_bioisland_81_aug26_100710-oa_video-image,81,traffic,video-image_video-image,O&O,Jbxptyltd,Bioisland,aug26,video-image,Australian made for children,Australian made Bio Island VitaEyes for Children supports eye health in children with a comprehensive blend of nutrients.,Shop Now,,https://video.flim31-1.fna.fbcdn.net/o1/v/t2/f2/m366/AQODT5egasDt2x17t2xDE6jCA3mEBQmbjOlwGBQlH_Dg2wpbTr27BruN3HoLnTcfkRKjYjpJ3-rLkDTlHqhREHgTevgCtvZA0UfjDyGgJw2GZQ.mp4?_nc_cat=109&_nc_oc=Adq913315wPZ3jTMoJo9N1gTp7J0Z_nq-82wcQJ2h5tq4WQEmmg3NwUDD6mAZmtKWl0&_nc_sid=b66105&_nc_ht=video.flim31-1.fna.fbcdn.net&_nc_ohc=A8XkC2r-L_oQ7kNvwEV7Dh7&efg=eyJ2ZW5jb2RlX3RhZyI6Inhwdl9wcm9ncmVzc2l2ZS5WSV9VU0VDQVNFX1BST0RVQ1RfVFlQRS4uQzMuNzIwLmRhc2hfaDI2NC1iYXNpYy1nZW4yXzcyMHAiLCJ4cHZfYXNzZXRfaWQiOjg4NjAzMzQ1MDkzMjg1OCwiYXNzZXRfYWdlX2RheXMiOjI1LCJ2aV91c2VjYXNlX2lkIjoxMDc5OSwiZHVyYXRpb25fcyI6MTAsInVybGdlbl9zb3VyY2UiOiJ3d3cifQ%3D%3D&ccb=17-1&vs=97eaf5acc64929f4&_nc_vs=HBksFQIYRWZiX2VwaGVtZXJhbC9GQzQwQUEyRDk1QkVGMkU5ODVFQjI3MzU1OEE5M0ZBM19tdF8xX3ZpZGVvX2Rhc2hpbml0Lm1wNBUAAsgBEgAVAhhAZmJfcGVybWFuZW50LzY1NEIxMTE0RTc1Njk4OTgxMjBBMDVBQjgzOUM1MkFBX2F1ZGlvX2Rhc2hpbml0Lm1wNBUCAsgBEgAoABgAGwKIB3VzZV9vaWwBMRJwcm9ncmVzc2l2ZV9yZWNpcGUBMRUAACb06dDR9_WSAxUCKAJDMywXQCQUeuFHrhQYGWRhc2hfaDI2NC1iYXNpYy1nZW4yXzcyMHARAHUAZd6oAQA&_nc_gid=q9UFRJ9e2Ablu0gacfBkTg&_nc_ss=7f180&_nc_zt=28&oh=00_AQKuphmZWAcCToTE8QniEUdCaEF6tQDRlKEP8Sz4SEZA8Q&oe=6AA39A6F,"['FACEBOOK', 'INSTAGRAM', 'AUDIENCE_NETWORK', 'MESSENGER', 'WHATSAPP', 'THREADS']",au,cw,facebook,social,2026-W36,2026-09,"FACEBOOK, INSTAGRAM, AUDIENCE_NETWORK, MESSENGER, WHATSAPP, THREADS",True,True,True,True,True,True,SKU Product,True,False,False,2026-09-07,2026-08-19 07:00:00,2026-09-07 16:55:10.186478,19
4479760955627096,,True,2026-08-19 07:00:00,2026-09-06 07:00:00,Chemist Warehouse,Chemist Warehouse,Available at Chemist Warehouse,Colgate Optic White Vitamin C Toothpaste now ½ price off RRP at Chemist Warehouse!,Shop now,VIDEO,https://www.chemistwarehouse.com.au/buy/169059/colgate-toothpaste-optic-white-vitamin-c-100g?utm_source=facebook&utm_medium=social&utm_campaign=au_cw_oa_facebook_social_colgatepalmoliveptyltd_colgate_159_aug26_100750-boosting_video&utm_term=traffic&utm_content=video_pharmacist-video,www.chemistwarehouse.com.au,/buy/169059/colgate-toothpaste-optic-white-vitamin-c-100g,facebook,social,au_cw_oa_facebook_social_colgatepalmoliveptyltd_colgate_159_aug26_100750-boosting_video,159,traffic,video_pharmacist-video,O&O,Colgatepalmoliveptyltd,Colgate,aug26,video,,,,,,"['FACEBOOK', 'INSTAGRAM']",au,cw,facebook,social,2026-W36,2026-09,"FACEBOOK, INSTAGRAM",True,True,False,False,False,False,SKU Product,True,True,False,2026-09-07,2026-08-19 07:00:00,2026-09-07 16:55:10.186478,19
1789812425697680,,True,2026-08-19 07:00:00,2026-09-06 07:00:00,Chemist Warehouse,Chemist Warehouse,Click and collect available,Shop Sensodyne Expert Repair Deep Clean today. Available at Chemist Warehouse,Shop now,VIDEO,https://www.chemistwarehouse.com.au/shop-online/703990/sensodyne?utm_source=facebook&utm_medium=social&utm_campaign=au_cw_oa_facebook_social_haleonaustraliaptyltd_sensodyne_159_aug26_100660-npd_video-image&utm_term=traffic&utm_content=video-image_video,www.chemistwarehouse.com.au,/shop-online/703990/sensodyne,facebook,social,au_cw_oa_facebook_social_haleonaustraliaptyltd_sensodyne_159_aug26_100660-npd_video-image,159,traffic,video-image_video,O&O,Haleonaustraliaptyltd,Sensodyne,aug26,video-image,,,,,,"['FACEBOOK', 'INSTAGRAM']",au,cw,facebook,social,2026-W36,2026-09,"FACEBOOK, INSTAGRAM",True,True,False,False,False,False,Brand/Category Page,True,True,False,2026-09-07,2026-08-19 07:00:00,2026-09-07 16:55:10.186478,19
2518520138647954,,True,2026-08-19 07:00:00,2026-09-06 07:00:00,Chemist Warehouse,Chemist Warehouse,Available at Chemist Warehouse,Colgate Optic White Vitamin C Toothpaste now ½ price off RRP at Chemist Warehouse!,Shop now,VIDEO,https://www.chemistwarehouse.com.au/buy/169059/colgate-toothpaste-optic-white-vitamin-c-100g?utm_source=facebook&utm_medium=social&utm_campaign=au_cw_oa_facebook_social_colgatepalmoliveptyltd_colgate_159_aug26_100750-boosting_video&utm_term=traffic&utm_content=video_instore-video,www.chemistwarehouse.com.au,/buy/169059/colgate-toothpaste-optic-white-vitamin-c-100g,facebook,social,au_cw_oa_facebook_social_colgatepalmoliveptyltd_colgate_159_aug26_100750-boosting_video,159,traffic,video_instore-video,O&O,Colgatepalmoliveptyltd,Colgate,aug26,video,,,,,,"['FACEBOOK', 'INSTAGRAM']",au,cw,facebook,social,2026-W36,2026-09,"FACEBOOK, INSTAGRAM",True,True,False,False,False,False,SKU Product,True,True,False,2026-09-07,2026-08-19 07:00:00,2026-09-07 16:55:10.186478,19
1031737776125225,,True,2026-08-19 07:00:00,2026-09-06 07:00:00,Chemist Warehouse,Chemist Warehouse,Click and collect available,Shop Sensodyne Expert Repair Deep Clean today at Chemist Warehouse,Shop now,IMAGE,https://fb.com/canvas_doc/1966251780755141,fb.com,/canvas_doc/1966251780755141,,,,,,,Not Specified,,,,,,,,,,"['FACEBOOK', 'INSTAGRAM', 'AUDIENCE_NETWORK', 'MESSENGER', 'THREADS']",,,,,2026-W36,2026-09,"FACEBOOK, INSTAGRAM, AUDIENCE_NETWORK, MESSENGER, THREADS",True,True,True,True,True,False,Internal/App Page,True,True,False,2026-09-07,2026-08-19 07:00:00,2026-09-07 16:55:10.186478,19
1067991508905387,,True,2026-08-19 07:00:00,2026-09-06 07:00:00,Chemist Warehouse,Chemist Warehouse,Click and collect available,Shop Sensodyne Expert Repair Deep Clean today at Chemist Warehouse,Shop now,VIDEO,https://fb.com/canvas_doc/1536997184383216,fb.com,/canvas_doc/1536997184383216,,,,,,,Not Specified,,,,,,,,,,"['FACEBOOK', 'INSTAGRAM', 'AUDIENCE_NETWORK', 'MESSENGER', 'THREADS']",,,,,2026-W36,2026-09,"FACEBOOK, INSTAGRAM, AUDIENCE_NETWORK, MESSENGER, THREADS",True,True,True,True,True,False,Internal/App Page,True,True,False,2026-09-07,2026-08-19 07:00:00,2026-09-07 16:55:10.186478,19
1686106452453268,,True,2026-08-21 07:00:00,2026-09-06 07:00:00,Chemist Warehouse,Chemist Warehouse,Redken Professional Haircare,NEW Redken Acidic Grow Full: Professional Haircare for instantly thicker & fuller hair,Shop now,IMAGE,https://fb.com/canvas_doc/1374778344167195,fb.com,/canvas_doc/1374778344167195,,,,,,,Not Specified,,,,,,,,,,"['FACEBOOK', 'INSTAGRAM', 'AUDIENCE_NETWORK', 'MESSENGER', 'THREADS']",,,,,2026-W36,2026-09,"FACEBOOK, INSTAGRAM, AUDIENCE_NETWORK, MESSENGER, THREADS",True,True,True,True,True,False,Internal/App Page,True,False,False,2026-09-07,2026-08-21 07:00:00,2026-09-07 16:55:10.186478,17
1428933445733274,,True,2026-08-19 07:00:00,2026-09-06 07:00:00,Chemist Warehouse,Chemist Warehouse,Click and collect available,Shop Sensodyne Expert Repair Deep Clean today at Chemist Warehouse,Shop now,IMAGE,https://fb.com/canvas_doc/1720578362611385,fb.com,/canvas_doc/1720578362611385,,,,,,,Not Specified,,,,,,,,,,"['FACEBOOK', 'INSTAGRAM', 'AUDIENCE_NETWORK', 'MESSENGER', 'THREADS']",,,,,2026-W36,2026-09,"FACEBOOK, INSTAGRAM, AUDIENCE_NETWORK, MESSENGER, THREADS",True,True,True,True,True,False,Internal/App Page,True,True,False,2026-09-07,2026-08-19 07:00:00,2026-09-07 16:55:10.186478,19
1045621275061392,,True,2026-08-19 07:00:00,2026-09-06 07:00:00,Chemist Warehouse,Chemist Warehouse,New Cetaphil Oil to Foam,New Cetaphil Nourishing Oil to Foam Cleanser for Sensitive Skin,Shop now,IMAGE,https://fb.com/canvas_doc/1507847404713909,fb.com,/canvas_doc/1507847404713909,,,,,,,Not Specified,,,,,,,,,,"['FACEBOOK', 'INSTAGRAM', 'AUDIENCE_NETWORK', 'MESSENGER', 'WHATSAPP', 'THREADS']",,,,,2026-W36,2026-09,"FACEBOOK, INSTAGRAM, AUDIENCE_NETWORK, MESSENGER, WHATSAPP, THREADS",True,True,True,True,True,True,Internal/App Page,True,False,False,2026-09-07,2026-08-19 07:00:00,2026-09-07 16:55:10.186478,19
4621728578147210,1875436190098765,True,2026-08-21 07:00:00,2026-09-06 07:00:00,Chemist Warehouse,Chemist Warehouse,Redken Professional Haircare,Redken All Soft Argan-6 Oil: lightweight nourishment & heat protection up to 230°C,Shop now,DCO,https://www.chemistwarehouse.com.au/shop-online/866/redken?utm_source=facebook&utm_medium=social&utm_campaign=au_cw_coop_facebook_social_lorealprofessional_redken_129_2026_bau_dynamic&utm_term=traffic&utm_content=dynamic_abcrange,www.chemistwarehouse.com.au,/shop-online/866/redken,facebook,social,au_cw_coop_facebook_social_lorealprofessional_redken_129_2026_bau_dynamic,129,traffic,dynamic_abcrange,Coop,Lorealprofessional,Redken,2026,dynamic,Redken Professional Haircare,Redken All Soft Argan-6 Oil: lightweight nourishment & heat protection up to 230°C,Shop Now,https://scontent.flim31-1.fna.fbcdn.net/v/t39.35426-6/779865392_993180447107571_1712483414529343801_n.jpg?_nc_cat=108&ccb=1-7&_nc_sid=c53f8f&_nc_ohc=nTkTmO2esfAQ7kNvwFwy8Wf&_nc_oc=AdqnxW6qmdi8OTkKg-52j0Py7cAYSL9lOKQ2t_QapEKG2ZHTwjDDsUFKt7IaoORfD2s&_nc_zt=14&_nc_ht=scontent.flim31-1.fna&_nc_gid=q9UFRJ9e2Ablu0gacfBkTg&_nc_ss=7f180&oh=00_AQL4RuZ4Z_jju0ED8dAs4rL0QdN15BZDi368s2SVY9Ef-Q&oe=6AA3A444,,"['FACEBOOK', 'INSTAGRAM', 'AUDIENCE_NETWORK', 'MESSENGER', 'THREADS']",au,cw,facebook,social,2026-W36,2026-09,"FACEBOOK, INSTAGRAM, AUDIENCE_NETWORK, MESSENGER, THREADS",True,True,True,True,True,False,Brand/Category Page,True,False,False,2026-09-07,2026-08-21 07:00:00,2026-09-07 16:55:10.186478,17
1348019340653501,,True,2026-09-01 07:00:00,2026-09-05 07:00:00,Chemist Warehouse,Chemist Warehouse,Redken Professional Haircare,"Transform damaged hair! Redken ABC delivers strength, smoothness & less breakage. Try it!",Shop now,IMAGE,https://fb.com/canvas_doc/3046674489028311,fb.com,/canvas_doc/3046674489028311,,,,,,,Not Specified,,,,,,,,,,"['FACEBOOK', 'INSTAGRAM', 'AUDIENCE_NETWORK', 'MESSENGER', 'THREADS']",,,,,2026-W36,2026-09,"FACEBOOK, INSTAGRAM, AUDIENCE_NETWORK, MESSENGER, THREADS",True,True,True,True,True,False,Internal/App Page,True,False,False,2026-09-07,2026-09-01 07:00:00,2026-09-07 16:55:10.186478,6
2243089013114149,,True,2026-08-19 07:00:00,2026-09-06 07:00:00,Chemist Warehouse,Chemist Warehouse,{{product.name}},{{product.brand}},Shop now,DCO,https://www.chemistwarehouse.com.au/shop-online/703990/sensodyne?utm_source=facebook&utm_medium=social&utm_campaign=au_cw_oa_facebook_social_haleonaustraliaptyltd_sensodyne_159_aug26_100660-npd_video-image&utm_term=traffic&utm_content=video-image_static-image,www.chemistwarehouse.com.au,/shop-online/703990/sensodyne,facebook,social,au_cw_oa_facebook_social_haleonaustraliaptyltd_sensodyne_159_aug26_100660-npd_video-image,159,traffic,video-image_static-image,O&O,Haleonaustraliaptyltd,Sensodyne,aug26,video-image,Click and collect available,Shop Sensodyne Expert Repair Deep Clean today. Available at Chemist Warehouse,Shop Now,https://scontent.flim31-1.fna.fbcdn.net/v/t39.35426-6/759664215_1759915822099220_4005601263505565681_n.jpg?_nc_cat=106&ccb=1-7&_nc_sid=c53f8f&_nc_ohc=NPLZ_alMm2IQ7kNvwH1hqkJ&_nc_oc=AdoN9VjJIFkj-6SRQJO-OaqgZPjOvvvAlL0YyF1QrqBUb-Zp33Q4KSbsYYkdzyV4aAU&_nc_zt=14&_nc_ht=scontent.flim31-1.fna&_nc_gid=JrPo3zImVeIojS9di1PXYg&_nc_ss=7f180&oh=00_AQJOrM3hQ0mU6dYlOP8vvYaSi7fB7xrGT3V8zM9-sDEPJw&oe=6AA3CD5C,,"['FACEBOOK', 'INSTAGRAM']",au,cw,facebook,social,2026-W36,2026-09,"FACEBOOK, INSTAGRAM",True,True,False,False,False,False,Brand/Category Page,True,False,False,2026-09-07,2026-08-19 07:00:00,2026-09-07 16:55:10.186478,19
4357888164523352,,True,2026-08-21 07:00:00,2026-09-05 07:00:00,Chemist Warehouse,Chemist Warehouse,Redken Professional Haircare,"Transform damaged hair! Redken ABC delivers strength, smoothness & less breakage. Try it!",Shop now,IMAGE,https://fb.com/canvas_doc/4563490020588085,fb.com,/canvas_doc/4563490020588085,,,,,,,Not Specified,,,,,,,,,,"['FACEBOOK', 'INSTAGRAM', 'AUDIENCE_NETWORK', 'MESSENGER', 'THREADS']",,,,,2026-W36,2026-09,"FACEBOOK, INSTAGRAM, AUDIENCE_NETWORK, MESSENGER, THREADS",True,True,True,True,True,False,Internal/App Page,True,False,False,2026-09-07,2026-08-21 07:00:00,2026-09-07 16:55:10.186478,17
2608622422931268,,True,2026-08-19 07:00:00,2026-09-06 07:00:00,Chemist Warehouse,Chemist Warehouse,Click and collect available,Shop Sensodyne Expert Repair Deep Clean today at Chemist Warehouse,Shop now,VIDEO,https://fb.com/canvas_doc/1569158524748489,fb.com,/canvas_doc/1569158524748489,,,,,,,Not Specified,,,,,,,,,,"['FACEBOOK', 'INSTAGRAM', 'AUDIENCE_NETWORK', 'MESSENGER', 'THREADS']",,,,,2026-W36,2026-09,"FACEBOOK, INSTAGRAM, AUDIENCE_NETWORK, MESSENGER, THREADS",True,True,True,True,True,False,Internal/App Page,True,True,False,2026-09-07,2026-08-19 07:00:00,2026-09-07 16:55:10.186478,19
1389459823110677,,True,2026-08-19 07:00:00,2026-09-06 07:00:00,Chemist Warehouse,Chemist Warehouse,{{product.name}},{{product.brand}},Shop now,DCO,https://www.chemistwarehouse.com.au/shop-online/703990/sensodyne?utm_source=facebook&utm_medium=social&utm_campaign=au_cw_oa_facebook_social_haleonaustraliaptyltd_sensodyne_159_aug26_100660-npd_video-image&utm_term=traffic&utm_content=video-image_static-image,www.chemistwarehouse.com.au,/shop-online/703990/sensodyne,facebook,social,au_cw_oa_facebook_social_haleonaustraliaptyltd_sensodyne_159_aug26_100660-npd_video-image,159,traffic,video-image_static-image,O&O,Haleonaustraliaptyltd,Sensodyne,aug26,video-image,Click and collect available,Shop Sensodyne Expert Repair Deep Clean today. Available at Chemist Warehouse,Shop Now,https://scontent.flim31-1.fna.fbcdn.net/v/t39.35426-6/759575975_1022124027390735_2764931322365700386_n.jpg?_nc_cat=104&ccb=1-7&_nc_sid=c53f8f&_nc_ohc=_HWmJOzM-OkQ7kNvwFsd8q-&_nc_oc=AdoJ3Ki9tAt_gNKErIzj_FM7Rpu36XJs3mwbju8sQs6yGxYXpDCsSmim9fMrbtuYeb0&_nc_zt=14&_nc_ht=scontent.flim31-1.fna&_nc_gid=JrPo3zImVeIojS9di1PXYg&_nc_ss=7f180&oh=00_AQJRUtAA4i6IhG8UBJ4O9_QW1qNFlpSmQK831AXhoadR6Q&oe=6AA3CFFF,,"['FACEBOOK', 'INSTAGRAM']",au,cw,facebook,social,2026-W36,2026-09,"FACEBOOK, INSTAGRAM",True,True,False,False,False,False,Brand/Category Page,True,False,False,2026-09-07,2026-08-19 07:00:00,2026-09-07 16:55:10.186478,19
2035884930354501,,True,2026-08-19 07:00:00,2026-09-06 07:00:00,Chemist Warehouse,Chemist Warehouse,Click and collect available,Shop Sensodyne Expert Repair Deep Clean today at Chemist Warehouse,Shop now,VIDEO,https://fb.com/canvas_doc/1458352926055474,fb.com,/canvas_doc/1458352926055474,,,,,,,Not Specified,,,,,,,,,,"['FACEBOOK', 'INSTAGRAM', 'AUDIENCE_NETWORK', 'MESSENGER', 'THREADS']",,,,,2026-W36,2026-09,"FACEBOOK, INSTAGRAM, AUDIENCE_NETWORK, MESSENGER, THREADS",True,True,True,True,True,False,Internal/App Page,True,True,False,2026-09-07,2026-08-19 07:00:00,2026-09-07 16:55:10.186478,19
1052772213813055,,True,2026-08-19 07:00:00,2026-09-05 07:00:00,Chemist Warehouse,Chemist Warehouse,Available at Chemist Warehouse,Stretch your salon colour with Schwarzkopf Brilliance Gloss. Shop now at Chemist Warehouse!,Shop now,VIDEO,https://www.chemistwarehouse.com.au/search?query=schwarzkopf%20brilliance&contexts=default&category=Semi-Permanent%20Hair%20Colour&utm_source=facebook&utm_medium=social&utm_campaign=au_cw_oa_facebook_social_henkelaustraliaptyltd_schwarzkopf_129_aug26_100721-boosting_video&utm_term=traffic&utm_content=video_branding-video,www.chemistwarehouse.com.au,/search,facebook,social,au_cw_oa_facebook_social_henkelaustraliaptyltd_schwarzkopf_129_aug26_100721-boosting_video,129,traffic,video_branding-video,O&O,Henkelaustraliaptyltd,Schwarzkopf,aug26,video,,,,,,"['FACEBOOK', 'INSTAGRAM']",au,cw,facebook,social,2026-W36,2026-09,"FACEBOOK, INSTAGRAM",True,True,False,False,False,False,Search Page,True,True,False,2026-09-07,2026-08-19 07:00:00,2026-09-07 16:55:10.186478,19
2086239122268087,,True,2026-08-19 07:00:00,2026-09-06 07:00:00,Chemist Warehouse,Chemist Warehouse,Click and collect available,Shop Sensodyne Expert Repair Deep Clean today. Available at Chemist Warehouse,Shop now,VIDEO,https://www.chemistwarehouse.com.au/shop-online/703990/sensodyne?utm_source=facebook&utm_medium=social&utm_campaign=au_cw_oa_facebook_social_haleonaustraliaptyltd_sensodyne_159_aug26_100660-npd_video-image&utm_term=traffic&utm_content=video-image_video,www.chemistwarehouse.com.au,/shop-online/703990/sensodyne,facebook,social,au_cw_oa_facebook_social_haleonaustraliaptyltd_sensodyne_159_aug26_100660-npd_video-image,159,traffic,video-image_video,O&O,Haleonaustraliaptyltd,Sensodyne,aug26,video-image,,,,,,"['FACEBOOK', 'INSTAGRAM']",au,cw,facebook,social,2026-W36,2026-09,"FACEBOOK, INSTAGRAM",True,True,False,False,False,False,Brand/Category Page,True,True,False,2026-09-07,2026-08-19 07:00:00,2026-09-07 16:55:10.186478,19
2423067071516127,,True,2026-08-19 07:00:00,2026-09-06 07:00:00,Chemist Warehouse,Chemist Warehouse,Seductive. Fresh. 1 Million,Obey no one. Except your fantasies. 1 Million in spicy leather heat,Shop now,IMAGE,https://fb.com/canvas_doc/1569270678071781,fb.com,/canvas_doc/1569270678071781,,,,,,,Not Specified,,,,,,,,,,"['FACEBOOK', 'INSTAGRAM']",,,,,2026-W36,2026-09,"FACEBOOK, INSTAGRAM",True,True,False,False,False,False,Internal/App Page,True,False,False,2026-09-07,2026-08-19 07:00:00,2026-09-07 16:55:10.186478,19
1592733739177544,,True,2026-08-19 07:00:00,2026-09-06 07:00:00,Chemist Warehouse,Chemist Warehouse,New Cetaphil Oil to Foam,New Cetaphil Nourishing Oil to Foam Cleanser for Sensitive Skin,Shop now,IMAGE,https://fb.com/canvas_doc/1548771726244456,fb.com,/canvas_doc/1548771726244456,,,,,,,Not Specified,,,,,,,,,,"['FACEBOOK', 'INSTAGRAM', 'AUDIENCE_NETWORK', 'MESSENGER', 'WHATSAPP', 'THREADS']",,,,,2026-W36,2026-09,"FACEBOOK, INSTAGRAM, AUDIENCE_NETWORK, MESSENGER, WHATSAPP, THREADS",True,True,True,True,True,True,Internal/App Page,True,False,False,2026-09-07,2026-08-19 07:00:00,2026-09-07 16:55:10.186478,19
1116883217568454,,True,2026-08-19 07:00:00,2026-09-06 07:00:00,Chemist Warehouse,Chemist Warehouse,Seductive. Fresh. 1 Million,Obey no one. Except your fantasies. 1 Million in spicy leather heat,Shop now,IMAGE,https://fb.com/canvas_doc/1642228660625691,fb.com,/canvas_doc/1642228660625691,,,,,,,Not Specified,,,,,,,,,,"['FACEBOOK', 'INSTAGRAM']",,,,,2026-W36,2026-09,"FACEBOOK, INSTAGRAM",True,True,False,False,False,False,Internal/App Page,True,False,False,2026-09-07,2026-08-19 07:00:00,2026-09-07 16:55:10.186478,19
1685310795905197,,True,2026-08-19 07:00:00,2026-09-05 07:00:00,Chemist Warehouse,Chemist Warehouse,Click and collect available,Shop Sensodyne Expert Repair Deep Clean today. Available at Chemist Warehouse,Shop now,VIDEO,https://www.chemistwarehouse.com.au/shop-online/703990/sensodyne?utm_source=facebook&utm_medium=social&utm_campaign=au_cw_oa_facebook_social_haleonaustraliaptyltd_sensodyne_159_aug26_100660-npd_video-image&utm_term=traffic&utm_content=video-image_video,www.chemistwarehouse.com.au,/shop-online/703990/sensodyne,facebook,social,au_cw_oa_facebook_social_haleonaustraliaptyltd_sensodyne_159_aug26_100660-npd_video-image,159,traffic,video-image_video,O&O,Haleonaustraliaptyltd,Sensodyne,aug26,video-image,,,,,,"['FACEBOOK', 'INSTAGRAM']",au,cw,facebook,social,2026-W36,2026-09,"FACEBOOK, INSTAGRAM",True,True,False,False,False,False,Brand/Category Page,True,True,False,2026-09-07,2026-08-19 07:00:00,2026-09-07 16:55:10.186478,19
1612928287067701,,True,2026-08-19 07:00:00,2026-09-06 07:00:00,Chemist Warehouse,Chemist Warehouse,Predictable Overnight Relief,Don’t let constipation disrupt your day. Dulcolax provides overnight relief you can count on.,Shop now,VIDEO,https://www.chemistwarehouse.com.au/shop-online/1227/dulcolax?utm_source=facebook&utm_medium=social&utm_campaign=au_cw_oa_facebook_social_sanoficonsumerhealthcare_dulcolax_258_2026_100561-oa_video-image&utm_term=traffic&utm_content=video-image_all,www.chemistwarehouse.com.au,/shop-online/1227/dulcolax,facebook,social,au_cw_oa_facebook_social_sanoficonsumerhealthcare_dulcolax_258_2026_100561-oa_video-image,258,traffic,video-image_all,O&O,Sanoficonsumerhealthcare,Dulcolax,2026,video-image,,,,,,"['FACEBOOK', 'INSTAGRAM', 'AUDIENCE_NETWORK', 'MESSENGER', 'WHATSAPP', 'THREADS']",au,cw,facebook,social,2026-W36,2026-09,"FACEBOOK, INSTAGRAM, AUDIENCE_NETWORK, MESSENGER, WHATSAPP, THREADS",True,True,True,True,True,True,Brand/Category Page,True,False,False,2026-09-07,2026-08-19 07:00:00,2026-09-07 16:55:10.186478,19
4003124576488933,,True,2026-08-19 07:00:00,2026-09-06 07:00:00,Chemist Warehouse,Chemist Warehouse,{{product.name}},{{product.brand}},Shop now,DCO,https://www.chemistwarehouse.com.au/shop-online/1227/dulcolax?utm_source=facebook&utm_medium=social&utm_campaign=au_cw_oa_facebook_social_sanoficonsumerhealthcare_dulcolax_258_2026_100561-oa_video-image&utm_term=traffic&utm_content=video-image_all,www.chemistwarehouse.com.au,/shop-online/1227/dulcolax,facebook,social,au_cw_oa_facebook_social_sanoficonsumerhealthcare_dulcolax_258_2026_100561-oa_video-image,258,traffic,video-image_all,O&O,Sanoficonsumerhealthcare,Dulcolax,2026,video-image,Predictable Overnight Relief,Don’t let constipation disrupt your day. Dulcolax provides overnight relief you can count on.,Shop Now,,https://video.flim31-1.fna.fbcdn.net/o1/v/t2/f2/m366/AQMU6x9cNgjtloWHR_Ynwtu4lzjq_7p--UBNOWfvCBTeAcpOqsZ0aXFP6ZSER2_cP5Nlydb6xTen7ev2CDp2bUe4W0NCV-GR85PTYWVUQWnmAg.mp4?_nc_cat=108&_nc_oc=AdqWR2wKBaI7cdv9xJMNuFXMCq40Z-LN4Uw9KTjxFi8kmzIImhSvceWFD_szkCl15_k&_nc_sid=b66105&_nc_ht=video.flim31-1.fna.fbcdn.net&_nc_ohc=koDRxhQKNt8Q7kNvwGmmXPR&efg=eyJ2ZW5jb2RlX3RhZyI6Inhwdl9wcm9ncmVzc2l2ZS5WSV9VU0VDQVNFX1BST0RVQ1RfVFlQRS4uQzMuNzIwLmRhc2hfaDI2NC1iYXNpYy1nZW4yXzcyMHAiLCJ4cHZfYXNzZXRfaWQiOjE1Mjk5NTUzODE5MTMyMDcsImFzc2V0X2FnZV9kYXlzIjo4MywidmlfdXNlY2FzZV9pZCI6MTA3OTksImR1cmF0aW9uX3MiOjksInVybGdlbl9zb3VyY2UiOiJ3d3cifQ%3D%3D&ccb=17-1&vs=134fff2ea4ba3b68&_nc_vs=HBksFQIYRWZiX2VwaGVtZXJhbC9BNTRCRkQ1MTE1NUYzMjNCN0E4MDhERTk0RjdCNjA5MF9tdF8xX3ZpZGVvX2Rhc2hpbml0Lm1wNBUAAsgBEgAVAhhAZmJfcGVybWFuZW50Lzg4NEE2QUVFRjVCMTlCMEVDQzJCOTBDRUE5M0IyNEFCX2F1ZGlvX2Rhc2hpbml0Lm1wNBUCAsgBEgAoABgAGwKIB3VzZV9vaWwBMRJwcm9ncmVzc2l2ZV9yZWNpcGUBMRUAACbumf3wj9-3BRUCKAJDMywXQCK4UeuFHrgYGWRhc2hfaDI2NC1iYXNpYy1nZW4yXzcyMHARAHUAZd6oAQA&_nc_gid=JrPo3zImVeIojS9di1PXYg&_nc_ss=7f180&_nc_zt=28&oh=00_AQJS_vkZOTPFVKgsCnGPb6B7IfleqJrmb0ZRE3nDjQbTCA&oe=6AA3BB88,"['FACEBOOK', 'INSTAGRAM', 'AUDIENCE_NETWORK', 'MESSENGER', 'WHATSAPP', 'THREADS']",au,cw,facebook,social,2026-W36,2026-09,"FACEBOOK, INSTAGRAM, AUDIENCE_NETWORK, MESSENGER, WHATSAPP, THREADS",True,True,True,True,True,True,Brand/Category Page,True,False,False,2026-09-07,2026-08-19 07:00:00,2026-09-07 16:55:10.186478,19
1359141199426163,,True,2026-08-19 07:00:00,2026-09-06 07:00:00,Chemist Warehouse,Chemist Warehouse,{{product.name}},{{product.brand}},Shop now,DCO,https://www.chemistwarehouse.com.au/shop-online/1227/dulcolax?utm_source=facebook&utm_medium=social&utm_campaign=au_cw_oa_facebook_social_sanoficonsumerhealthcare_dulcolax_258_2026_100561-oa_video-image&utm_term=traffic&utm_content=video-image_all,www.chemistwarehouse.com.au,/shop-online/1227/dulcolax,facebook,social,au_cw_oa_facebook_social_sanoficonsumerhealthcare_dulcolax_258_2026_100561-oa_video-image,258,traffic,video-image_all,O&O,Sanoficonsumerhealthcare,Dulcolax,2026,video-image,Predictable Overnight Relief,Don’t let constipation disrupt your day. Dulcolax provides overnight relief you can count on.,Shop Now,https://scontent.flim31-1.fna.fbcdn.net/v/t39.35426-6/724341171_3445503012271245_5573884279946189129_n.jpg?_nc_cat=102&ccb=1-7&_nc_sid=c53f8f&_nc_ohc=4K3077gnAccQ7kNvwGJ9NLb&_nc_oc=Adohd0LO10DxapubrHFcG4aj84XI4iME0z_AXNYpdGrrKNU26VO_ANpQbHXfy5nmsfk&_nc_zt=14&_nc_ht=scontent.flim31-1.fna&_nc_gid=JrPo3zImVeIojS9di1PXYg&_nc_ss=7f180&oh=00_AQJyobpSH-YELaQjQGVxl59g2oGqhvU4Tjn4QccTGABOjQ&oe=6AA3B7F3,,"['FACEBOOK', 'INSTAGRAM', 'AUDIENCE_NETWORK', 'MESSENGER', 'WHATSAPP', 'THREADS']",au,cw,facebook,social,2026-W36,2026-09,"FACEBOOK, INSTAGRAM, AUDIENCE_NETWORK, MESSENGER, WHATSAPP, THREADS",True,True,True,True,True,True,Brand/Category Page,True,False,False,2026-09-07,2026-08-19 07:00:00,2026-09-07 16:55:10.186478,19
984046037767999,,True,2026-08-19 07:00:00,2026-09-05 07:00:00,Chemist Warehouse,Chemist Warehouse,{{product.name}},{{product.brand}},Shop now,DCO,https://www.chemistwarehouse.com.au/shop-online/1227/dulcolax?utm_source=facebook&utm_medium=social&utm_campaign=au_cw_oa_facebook_social_sanoficonsumerhealthcare_dulcolax_258_2026_100561-oa_video-image&utm_term=traffic&utm_content=video-image_all,www.chemistwarehouse.com.au,/shop-online/1227/dulcolax,facebook,social,au_cw_oa_facebook_social_sanoficonsumerhealthcare_dulcolax_258_2026_100561-oa_video-image,258,traffic,video-image_all,O&O,Sanoficonsumerhealthcare,Dulcolax,2026,video-image,Predictable Overnight Relief,Don’t let constipation disrupt your day. Dulcolax provides overnight relief you can count on.,Shop Now,https://scontent.flim31-1.fna.fbcdn.net/v/t39.35426-6/723084560_3102041846662049_3644593758360579233_n.jpg?_nc_cat=111&ccb=1-7&_nc_sid=c53f8f&_nc_ohc=LvNxo8OnqKYQ7kNvwEH9jci&_nc_oc=Adoj7lkVjBq2SI17MKiCEIbplkPkf2_szoGMql6_SkV_EKflnUjyXZ_45qZy_xiQMB0&_nc_zt=14&_nc_ht=scontent.flim31-1.fna&_nc_gid=JrPo3zImVeIojS9di1PXYg&_nc_ss=7f180&oh=00_AQJ6dnzIKDuetLKZOvLS8KDx5u5GvxvjbX4PTxRWZMW9XQ&oe=6AA3BBA0,,"['FACEBOOK', 'INSTAGRAM', 'AUDIENCE_NETWORK', 'MESSENGER', 'WHATSAPP', 'THREADS']",au,cw,facebook,social,2026-W36,2026-09,"FACEBOOK, INSTAGRAM, AUDIENCE_NETWORK, MESSENGER, WHATSAPP, THREADS",True,True,True,True,True,True,Brand/Category Page,True,False,False,2026-09-07,2026-08-19 07:00:00,2026-09-07 16:55:10.186478,19
1310546654583590,,True,2026-08-19 07:00:00,2026-09-06 07:00:00,Chemist Warehouse,Chemist Warehouse,{{product.name}},{{product.brand}},Shop now,DCO,https://www.chemistwarehouse.com.au/shop-online/1227/dulcolax?utm_source=facebook&utm_medium=social&utm_campaign=au_cw_oa_facebook_social_sanoficonsumerhealthcare_dulcolax_258_2026_100561-oa_video-image&utm_term=traffic&utm_content=video-image_all,www.chemistwarehouse.com.au,/shop-online/1227/dulcolax,facebook,social,au_cw_oa_facebook_social_sanoficonsumerhealthcare_dulcolax_258_2026_100561-oa_video-image,258,traffic,video-image_all,O&O,Sanoficonsumerhealthcare,Dulcolax,2026,video-image,Predictable Overnight Relief,Don’t let constipation disrupt your day. Dulcolax provides overnight relief you can count on.,Shop Now,https://scontent.flim31-1.fna.fbcdn.net/v/t39.35426-6/721360954_1011545994684066_5702482726678047589_n.jpg?_nc_cat=102&ccb=1-7&_nc_sid=c53f8f&_nc_ohc=qBTBYsENWX8Q7kNvwFzfnUh&_nc_oc=AdoUt0YMckL0c8_A0cexGAm1yx7zZiWjWyCLSN7fSvX8Evz0Yb049AxB3EyMXZk55pU&_nc_zt=14&_nc_ht=scontent.flim31-1.fna&_nc_gid=JrPo3zImVeIojS9di1PXYg&_nc_ss=7f180&oh=00_AQLM5JAwiEc2dl8oMEiebbjWWVBZ0J3g8EezIkBpRr10EA&oe=6AA3CB49,,"['FACEBOOK', 'INSTAGRAM', 'AUDIENCE_NETWORK', 'MESSENGER', 'WHATSAPP', 'THREADS']",au,cw,facebook,social,2026-W36,2026-09,"FACEBOOK, INSTAGRAM, AUDIENCE_NETWORK, MESSENGER, WHATSAPP, THREADS",True,True,True,True,True,True,Brand/Category Page,True,False,False,2026-09-07,2026-08-19 07:00:00,2026-09-07 16:55:10.186478,19
1285081543587700,1073565438944111,True,2026-08-19 07:00:00,2026-09-06 07:00:00,Chemist Warehouse,Chemist Warehouse,Blackmores Magnesium,"Relieves muscle cramps when dietary intake is inadequate. 
Always read the label and follow the directions for use.",Shop now,VIDEO,https://www.chemistwarehouse.com.au/shop-online/513/blackmores?category=Muscles%2C%20Bones%20%26%20Joints&utm_source=facebook&utm_medium=social&utm_campaign=au_cw_oa_facebook_social_blackmoreslimited_blackmores_81_jul26_100661-oa_video-image&utm_term=traffic&utm_content=video-image_,www.chemistwarehouse.com.au,/shop-online/513/blackmores,facebook,social,au_cw_oa_facebook_social_blackmoreslimited_blackmores_81_jul26_100661-oa_video-image,81,traffic,video-image_,O&O,Blackmoreslimited,Blackmores,jul26,video-image,,,,,,"['FACEBOOK', 'INSTAGRAM', 'MESSENGER', 'WHATSAPP']",au,cw,facebook,social,2026-W36,2026-09,"FACEBOOK, INSTAGRAM, MESSENGER, WHATSAPP",True,True,False,True,False,True,Brand/Category Page,True,False,False,2026-09-07,2026-08-19 07:00:00,2026-09-07 16:55:10.186478,19
1041357118850608,,True,2026-08-19 07:00:00,2026-09-05 07:00:00,Chemist Warehouse,Chemist Warehouse,{{product.name}},{{product.brand}},Shop now,DCO,https://www.chemistwarehouse.com.au/shop-online/1227/dulcolax?utm_source=facebook&utm_medium=social&utm_campaign=au_cw_oa_facebook_social_sanoficonsumerhealthcare_dulcolax_258_2026_100561-oa_video-image&utm_term=traffic&utm_content=video-image_all,www.chemistwarehouse.com.au,/shop-online/1227/dulcolax,facebook,social,au_cw_oa_facebook_social_sanoficonsumerhealthcare_dulcolax_258_2026_100561-oa_video-image,258,traffic,video-image_all,O&O,Sanoficonsumerhealthcare,Dulcolax,2026,video-image,Predictable Overnight Relief,Don’t let constipation disrupt your day. Dulcolax provides overnight relief you can count on.,Shop Now,,https://video.flim31-1.fna.fbcdn.net/o1/v/t2/f2/m366/AQM9nJoUMpKIyNMCx9HxzyAOgYOWaMzF66XInmn6trCIJE8zcNnhVdeP5jqYsusawH6pvQJvEgQk-uuPfdZh3JWPjYcAjyzPah_X1Uzo24oNMQ.mp4?_nc_cat=104&_nc_oc=AdqdXU2TaGL4zQH_wh30OGsOr-5hHJaLrdHGozZJs_ebtkTxj8Ns0WfGIZbvlFKeAmg&_nc_sid=b66105&_nc_ht=video.flim31-1.fna.fbcdn.net&_nc_ohc=YcuGCN8dg5EQ7kNvwFqFJh-&efg=eyJ2ZW5jb2RlX3RhZyI6Inhwdl9wcm9ncmVzc2l2ZS5WSV9VU0VDQVNFX1BST0RVQ1RfVFlQRS4uQzMuNzIwLmRhc2hfaDI2NC1iYXNpYy1nZW4yXzcyMHAiLCJ4cHZfYXNzZXRfaWQiOjEwMDA5MzU4MjU4NzkwNDAsImFzc2V0X2FnZV9kYXlzIjo4MywidmlfdXNlY2FzZV9pZCI6MTA3OTksImR1cmF0aW9uX3MiOjcsInVybGdlbl9zb3VyY2UiOiJ3d3cifQ%3D%3D&ccb=17-1&vs=7dfc798773e2558&_nc_vs=HBksFQIYRWZiX2VwaGVtZXJhbC8xQjRGM0Y4RDM1MUExODI5Q0I3QzFGMDU0RUNBMkFCMl9tdF8xX3ZpZGVvX2Rhc2hpbml0Lm1wNBUAAsgBEgAVAhhAZmJfcGVybWFuZW50LzY3NDc2OUJGNTIyOTlEOTkxQUY2QUM2NkIwMkNBQTkzX2F1ZGlvX2Rhc2hpbml0Lm1wNBUCAsgBEgAoABgAGwKIB3VzZV9vaWwBMRJwcm9ncmVzc2l2ZV9yZWNpcGUBMRUAACaAwMGFkZbHAxUCKAJDMywXQBwAAAAAAAAYGWRhc2hfaDI2NC1iYXNpYy1nZW4yXzcyMHARAHUAZd6oAQA&_nc_gid=JrPo3zImVeIojS9di1PXYg&_nc_ss=7f180&_nc_zt=28&oh=00_AQLgyIt79N911uGzVmp5NsXqTkPrrzPrfrFB5zxZb2lcRQ&oe=6AA39FD0,"['FACEBOOK', 'INSTAGRAM', 'AUDIENCE_NETWORK', 'MESSENGER', 'WHATSAPP', 'THREADS']",au,cw,facebook,social,2026-W36,2026-09,"FACEBOOK, INSTAGRAM, AUDIENCE_NETWORK, MESSENGER, WHATSAPP, THREADS",True,True,True,True,True,True,Brand/Category Page,True,False,False,2026-09-07,2026-08-19 07:00:00,2026-09-07 16:55:10.186478,19
2538061369947875,,True,2026-08-19 07:00:00,2026-09-05 07:00:00,Chemist Warehouse,Chemist Warehouse,Predictable Overnight Relief,Don’t let constipation disrupt your day. Dulcolax provides overnight relief you can count on.,Shop now,VIDEO,https://www.chemistwarehouse.com.au/shop-online/1227/dulcolax?utm_source=facebook&utm_medium=social&utm_campaign=au_cw_oa_facebook_social_sanoficonsumerhealthcare_dulcolax_258_2026_100561-oa_video-image&utm_term=traffic&utm_content=video-image_all,www.chemistwarehouse.com.au,/shop-online/1227/dulcolax,facebook,social,au_cw_oa_facebook_social_sanoficonsumerhealthcare_dulcolax_258_2026_100561-oa_video-image,258,traffic,video-image_all,O&O,Sanoficonsumerhealthcare,Dulcolax,2026,video-image,,,,,,"['FACEBOOK', 'INSTAGRAM', 'AUDIENCE_NETWORK', 'MESSENGER', 'WHATSAPP', 'THREADS']",au,cw,facebook,social,2026-W36,2026-09,"FACEBOOK, INSTAGRAM, AUDIENCE_NETWORK, MESSENGER, WHATSAPP, THREADS",True,True,True,True,True,True,Brand/Category Page,True,False,False,2026-09-07,2026-08-19 07:00:00,2026-09-07 16:55:10.186478,19
1055261587481887,1764084298193161,True,2026-08-19 07:00:00,2026-09-06 07:00:00,Chemist Warehouse,Chemist Warehouse,NEW Maybelline Sky Tubes Tubing Mascara,"Get Sky High Lashes, With Zero Smudges",Shop now,DCO,https://www.chemistwarehouse.com.au/buy/167912/maybelline-lash-sensational-sky-high-tubing-mascara-black?utm_source=facebook&utm_medium=social&utm_campaign=au_cw_coop_facebook_social_lorealaustraliaptyltd_maybelline_648_2026_bau_dynamic&utm_term=conversion&utm_content=dynamic_skytubes,www.chemistwarehouse.com.au,/buy/167912/maybelline-lash-sensational-sky-high-tubing-mascara-black,facebook,social,au_cw_coop_facebook_social_lorealaustraliaptyltd_maybelline_648_2026_bau_dynamic,648,conversion,dynamic_skytubes,Coop,Lorealaustraliaptyltd,Maybelline,2026,dynamic,NEW Maybelline Sky Tubes Tubing Mascara,"Get Sky High Lashes, With Zero Smudges",Shop Now,https://scontent.flim31-1.fna.fbcdn.net/v/t39.35426-6/778231351_977394068692987_3695472335043859184_n.jpg?_nc_cat=100&ccb=1-7&_nc_sid=c53f8f&_nc_ohc=9nSv_3e4mGQQ7kNvwGZciWq&_nc_oc=Adox8_DGJTLQ7xEnPJchTFJjuNetpYe-5QbSCc3jycd_COckVFqRAWrJeUqN3Z4uuuQ&_nc_zt=14&_nc_ht=scontent.flim31-1.fna&_nc_gid=JrPo3zImVeIojS9di1PXYg&_nc_ss=7f180&oh=00_AQJk1EJeJEf9WCV7G--xrNhmOWD8R6_TJizHmTMgk-8zcA&oe=6AA3AD01,,"['FACEBOOK', 'INSTAGRAM', 'AUDIENCE_NETWORK', 'MESSENGER', 'THREADS']",au,cw,facebook,social,2026-W36,2026-09,"FACEBOOK, INSTAGRAM, AUDIENCE_NETWORK, MESSENGER, THREADS",True,True,True,True,True,False,SKU Product,True,False,False,2026-09-07,2026-08-19 07:00:00,2026-09-07 16:55:10.186478,19
1051651344050296,,True,2026-08-16 07:00:00,2026-09-06 07:00:00,Chemist Warehouse,Chemist Warehouse,,"Stomach Ache Relief, Either Way",Shop now,VIDEO,https://www.chemistwarehouse.com.au/buy/156053/releva-10mg-20-tablets,www.chemistwarehouse.com.au,/buy/156053/releva-10mg-20-tablets,,,,,,,Not Specified,,,,,,,,,,"['FACEBOOK', 'INSTAGRAM']",,,,,2026-W36,2026-09,"FACEBOOK, INSTAGRAM",True,True,False,False,False,False,SKU Product,True,False,False,2026-09-07,2026-08-16 07:00:00,2026-09-07 16:55:10.186478,22
2952068228460217,1073565438944111,True,2026-08-19 07:00:00,2026-09-05 07:00:00,Chemist Warehouse,Chemist Warehouse,Blackmores Magnesium,"Relieves muscle cramps when dietary intake is inadequate. 
Always read the label and follow the directions for use.",Shop now,VIDEO,https://www.chemistwarehouse.com.au/shop-online/513/blackmores?category=Muscles%2C%20Bones%20%26%20Joints&utm_source=facebook&utm_medium=social&utm_campaign=au_cw_oa_facebook_social_blackmoreslimited_blackmores_81_jul26_100661-oa_video-image&utm_term=traffic&utm_content=video-image_,www.chemistwarehouse.com.au,/shop-online/513/blackmores,facebook,social,au_cw_oa_facebook_social_blackmoreslimited_blackmores_81_jul26_100661-oa_video-image,81,traffic,video-image_,O&O,Blackmoreslimited,Blackmores,jul26,video-image,,,,,,"['FACEBOOK', 'INSTAGRAM', 'MESSENGER', 'WHATSAPP']",au,cw,facebook,social,2026-W36,2026-09,"FACEBOOK, INSTAGRAM, MESSENGER, WHATSAPP",True,True,False,True,False,True,Brand/Category Page,True,False,False,2026-09-07,2026-08-19 07:00:00,2026-09-07 16:55:10.186478,19
1442104321083218,2255995015165569,True,2026-08-16 07:00:00,2026-09-06 07:00:00,Chemist Warehouse,Chemist Warehouse,{{product.name}},{{product.brand}},Shop now,DCO,https://www.chemistwarehouse.com.au/shop-online/swisse-womens-health?utm_source=facebook&utm_medium=social&utm_campaign=au_cw_oa_facebook_social_swissewellnessptyltd_swisse_81_aug26_100737-womenhealth_video-image&utm_term=conversion&utm_content=video-image_static-image,www.chemistwarehouse.com.au,/shop-online/swisse-womens-health,facebook,social,au_cw_oa_facebook_social_swissewellnessptyltd_swisse_81_aug26_100737-womenhealth_video-image,81,conversion,video-image_static-image,O&O,Swissewellnessptyltd,Swisse,aug26,video-image, Made for women,Swisse Women's vitamins now at Chemist Warehouse.,Shop Now,https://scontent.flim31-1.fna.fbcdn.net/v/t39.35426-6/777189215_1357166866398355_7080504185162404837_n.jpg?_nc_cat=108&ccb=1-7&_nc_sid=c53f8f&_nc_ohc=MXOGGfHe5wEQ7kNvwF6dkLb&_nc_oc=AdqmDgTAuz9SZUuK9SmWGuIekFNxrTegAIYoN_LMI7pqqDzpM-1adA3ZEN6AjDNkNNI&_nc_zt=14&_nc_ht=scontent.flim31-1.fna&_nc_gid=JrPo3zImVeIojS9di1PXYg&_nc_ss=7f180&oh=00_AQIwqMhVki_0Kz0uct4qLm-VBAlacQNYOwdo1baj3d4nOg&oe=6AA3CFDF,,"['FACEBOOK', 'INSTAGRAM', 'THREADS']",au,cw,facebook,social,2026-W36,2026-09,"FACEBOOK, INSTAGRAM, THREADS",True,True,False,False,True,False,Brand/Category Page,True,False,False,2026-09-07,2026-08-16 07:00:00,2026-09-07 16:55:10.186478,22
1420956323213709,1043421001386350,True,2026-08-16 07:00:00,2026-09-05 07:00:00,Chemist Warehouse,Chemist Warehouse,{{product.name}},{{product.brand}},Shop now,DCO,https://www.chemistwarehouse.com.au/shop-online/swisse-womens-health?utm_source=facebook&utm_medium=social&utm_campaign=au_cw_oa_facebook_social_swissewellnessptyltd_swisse_81_aug26_100737-womenhealth_video-image&utm_term=conversion&utm_content=video-image_static-image,www.chemistwarehouse.com.au,/shop-online/swisse-womens-health,facebook,social,au_cw_oa_facebook_social_swissewellnessptyltd_swisse_81_aug26_100737-womenhealth_video-image,81,conversion,video-image_static-image,O&O,Swissewellnessptyltd,Swisse,aug26,video-image,Made for women,Swisse Women's vitamins now at Chemist Warehouse.,Shop Now,https://scontent.flim31-1.fna.fbcdn.net/v/t39.35426-6/774600060_1733269974383669_7629675518392515757_n.jpg?_nc_cat=106&ccb=1-7&_nc_sid=c53f8f&_nc_ohc=VwYQDnmPs_sQ7kNvwE5aqZ7&_nc_oc=AdrLM-SurNoDahiZ8fPdRWGS97Zonv9KeAl4wg7t0c8HNwK8Fc1rOhMVeSr4ZJeSEFo&_nc_zt=14&_nc_ht=scontent.flim31-1.fna&_nc_gid=JrPo3zImVeIojS9di1PXYg&_nc_ss=7f180&oh=00_AQI3gX6gJwxLOI3Pnn6iTdJGX3dkh9p7uQakIAejbjS-PQ&oe=6AA3BFF9,,"['FACEBOOK', 'INSTAGRAM', 'THREADS']",au,cw,facebook,social,2026-W36,2026-09,"FACEBOOK, INSTAGRAM, THREADS",True,True,False,False,True,False,Brand/Category Page,True,False,False,2026-09-07,2026-08-16 07:00:00,2026-09-07 16:55:10.186478,22
37258023410509006,,True,2026-08-19 07:00:00,2026-09-06 07:00:00,Chemist Warehouse,Chemist Warehouse,Available at Chemist Warehouse,Stretch your salon colour with Schwarzkopf Brilliance Gloss. Shop now at Chemist Warehouse!,Shop now,VIDEO,https://www.chemistwarehouse.com.au/search?query=schwarzkopf%20brilliance&contexts=default&category=Semi-Permanent%20Hair%20Colour&utm_source=facebook&utm_medium=social&utm_campaign=au_cw_oa_facebook_social_henkelaustraliaptyltd_schwarzkopf_129_aug26_100721-boosting_video&utm_term=traffic&utm_content=video_branding-video,www.chemistwarehouse.com.au,/search,facebook,social,au_cw_oa_facebook_social_henkelaustraliaptyltd_schwarzkopf_129_aug26_100721-boosting_video,129,traffic,video_branding-video,O&O,Henkelaustraliaptyltd,Schwarzkopf,aug26,video,,,,,,"['FACEBOOK', 'INSTAGRAM']",au,cw,facebook,social,2026-W36,2026-09,"FACEBOOK, INSTAGRAM",True,True,False,False,False,False,Search Page,True,True,False,2026-09-07,2026-08-19 07:00:00,2026-09-07 16:55:10.186478,19
987012074364896,1792292505474284,True,2026-08-13 07:00:00,2026-09-06 07:00:00,Chemist Warehouse,Chemist Warehouse,{{product.name}},{{product.brand}},Shop now,DCO,https://www.chemistwarehouse.com.au/buy/170402/essie-break-fix-transparent-liquid-nail-patch-7ml?utm_source=facebook&utm_medium=social&utm_campaign=au_cw_coop_facebook_social_lorealaustraliaptyltd_essie_648_aug26_100045-bau_image&utm_term=traffic&utm_content=image_brand,www.chemistwarehouse.com.au,/buy/170402/essie-break-fix-transparent-liquid-nail-patch-7ml,facebook,social,au_cw_coop_facebook_social_lorealaustraliaptyltd_essie_648_aug26_100045-bau_image,648,traffic,image_brand,Coop,Lorealaustraliaptyltd,Essie,aug26,image,NEW Essie Break Fix Liquid Nail Patch,"Discover The New Essie Care Break Fix Liquid Nail, Patches Broken Nails in up to 5 Days. Shop now at Chemist Warehouse",Shop Now,https://scontent.flim31-1.fna.fbcdn.net/v/t39.35426-6/770740190_2232446077546834_314247807751381167_n.jpg?_nc_cat=106&ccb=1-7&_nc_sid=c53f8f&_nc_ohc=zGS4YZdcWcoQ7kNvwEbXEB_&_nc_oc=AdqZY9XgJVktvNWTxgnqpXbaBs1J_O5fC9bzUEMVyY_U3VyAkf2MHdCdKe8Bjqr5cVo&_nc_zt=14&_nc_ht=scontent.flim31-1.fna&_nc_gid=cMu7Rn4eT5yW4yng9eafxg&_nc_ss=7f180&oh=00_AQJlEshQQbwZUGo2z3icypY_zJSg_HpcNPSS-j7YM8CtnA&oe=6AA3BD30,,"['FACEBOOK', 'INSTAGRAM', 'AUDIENCE_NETWORK', 'MESSENGER', 'WHATSAPP', 'THREADS']",au,cw,facebook,social,2026-W36,2026-09,"FACEBOOK, INSTAGRAM, AUDIENCE_NETWORK, MESSENGER, WHATSAPP, THREADS",True,True,True,True,True,True,SKU Product,True,False,False,2026-09-07,2026-08-13 07:00:00,2026-09-07 16:55:10.186478,25
1414672637176332,,True,2026-08-19 07:00:00,2026-09-06 07:00:00,Chemist Warehouse,Chemist Warehouse,Available at Chemist Warehouse,Stretch your salon colour with Schwarzkopf Brilliance Gloss. Shop now at Chemist Warehouse!,Shop now,VIDEO,https://www.chemistwarehouse.com.au/search?query=schwarzkopf%20brilliance&contexts=default&category=Semi-Permanent%20Hair%20Colour&utm_source=facebook&utm_medium=social&utm_campaign=au_cw_oa_facebook_social_henkelaustraliaptyltd_schwarzkopf_129_aug26_100721-boosting_video&utm_term=traffic&utm_content=video_branding-video,www.chemistwarehouse.com.au,/search,facebook,social,au_cw_oa_facebook_social_henkelaustraliaptyltd_schwarzkopf_129_aug26_100721-boosting_video,129,traffic,video_branding-video,O&O,Henkelaustraliaptyltd,Schwarzkopf,aug26,video,,,,,,"['FACEBOOK', 'INSTAGRAM']",au,cw,facebook,social,2026-W36,2026-09,"FACEBOOK, INSTAGRAM",True,True,False,False,False,False,Search Page,True,True,False,2026-09-07,2026-08-19 07:00:00,2026-09-07 16:55:10.186478,19
2890868201268012,803509179484938,True,2026-08-19 07:00:00,2026-09-06 07:00:00,Chemist Warehouse,Chemist Warehouse,{{product.name}},{{product.brand}},Shop now,DCO,https://www.chemistwarehouse.com.au/shop-online/6437/nyx?category=Finishing%20Powders&utm_source=facebook&utm_medium=social&utm_campaign=au_cw_coop_facebook_social_lorealaustraliaptyltd_nyx_648_2026_bau_dynamic&utm_term=traffic&utm_content=dynamic_50jellyjob2,www.chemistwarehouse.com.au,/shop-online/6437/nyx,facebook,social,au_cw_coop_facebook_social_lorealaustraliaptyltd_nyx_648_2026_bau_dynamic,648,traffic,dynamic_50jellyjob2,Coop,Lorealaustraliaptyltd,Nyx,2026,dynamic,Shop NEW Wonder Concealer Now!,The VIRAL NYX Wonder Concealer you've seen on your FYP is now available online at Chemist Warehous!,Shop Now,https://scontent.flim31-1.fna.fbcdn.net/v/t39.35426-6/774008532_1798759224637986_923519283021184893_n.jpg?_nc_cat=101&ccb=1-7&_nc_sid=c53f8f&_nc_ohc=lYXri6aAakMQ7kNvwHkpM6a&_nc_oc=Adov_e_SWFXOua5PxhdsdHr8ELE9GxFSt0VxyKXQcF6JTFBUScX196R_8RcWfu2lqU4&_nc_zt=14&_nc_ht=scontent.flim31-1.fna&_nc_gid=cMu7Rn4eT5yW4yng9eafxg&_nc_ss=7f180&oh=00_AQLIUGL4TrDAv2-PsR-ioNbetgZOr2sChKjFYeFh6cLY_Q&oe=6AA3A487,,"['FACEBOOK', 'INSTAGRAM', 'AUDIENCE_NETWORK', 'MESSENGER', 'WHATSAPP', 'THREADS']",au,cw,facebook,social,2026-W36,2026-09,"FACEBOOK, INSTAGRAM, AUDIENCE_NETWORK, MESSENGER, WHATSAPP, THREADS",True,True,True,True,True,True,Brand/Category Page,True,False,False,2026-09-07,2026-08-19 07:00:00,2026-09-07 16:55:10.186478,19
2231163384398420,4578329082404015,True,2026-08-13 07:00:00,2026-09-06 07:00:00,Chemist Warehouse,Chemist Warehouse,{{product.name}},{{product.brand}},Shop now,DCO,https://www.chemistwarehouse.com.au/shop-online/6437/nyx?category=Finishing%20Powders&utm_source=facebook&utm_medium=social&utm_campaign=au_cw_coop_facebook_social_lorealaustraliaptyltd_nyx_648_2026_bau_dynamic&utm_term=traffic&utm_content=dynamic_50jellyjob2,www.chemistwarehouse.com.au,/shop-online/6437/nyx,facebook,social,au_cw_coop_facebook_social_lorealaustraliaptyltd_nyx_648_2026_bau_dynamic,648,traffic,dynamic_50jellyjob2,Coop,Lorealaustraliaptyltd,Nyx,2026,dynamic,Shop NEW Wonder Concealer Now!,The VIRAL NYX Wonder Concealer you've seen on your FYP is now available online at Chemist Warehous!,Shop Now,https://scontent.flim31-1.fna.fbcdn.net/v/t39.35426-6/774287723_848694451660380_7269664339463206842_n.jpg?_nc_cat=100&ccb=1-7&_nc_sid=c53f8f&_nc_ohc=MPjIiNfC9J8Q7kNvwE-mkMR&_nc_oc=AdriwksvwuHg6vyaXgFXFXYuC8g4q6zb7F8G3I_49MMXgeUtgaxlT9ISs0NGMk7fp_U&_nc_zt=14&_nc_ht=scontent.flim31-1.fna&_nc_gid=cMu7Rn4eT5yW4yng9eafxg&_nc_ss=7f180&oh=00_AQKXSEBb__xC5giYwtGaflx8A3RB3WF70bkg2FekUnIUCA&oe=6AA3B693,,"['FACEBOOK', 'INSTAGRAM', 'AUDIENCE_NETWORK', 'MESSENGER', 'WHATSAPP', 'THREADS']",au,cw,facebook,social,2026-W36,2026-09,"FACEBOOK, INSTAGRAM, AUDIENCE_NETWORK, MESSENGER, WHATSAPP, THREADS",True,True,True,True,True,True,Brand/Category Page,True,False,False,2026-09-07,2026-08-13 07:00:00,2026-09-07 16:55:10.186478,25
1062377163034516,27532420696439842,True,2026-08-13 07:00:00,2026-09-06 07:00:00,Chemist Warehouse,Chemist Warehouse,{{product.name}},{{product.brand}},Shop now,DCO,https://www.chemistwarehouse.com.au/buy/169066/cerave-hydrating-ha-water-gel-50ml?utm_source=facebook&utm_medium=social&utm_campaign=au_cw_oa_facebook_social_loreallarocheposaycerave_cerave_665_aug26_100494-oa_video&utm_term=traffic&utm_content=video_video,www.chemistwarehouse.com.au,/buy/169066/cerave-hydrating-ha-water-gel-50ml,facebook,social,au_cw_oa_facebook_social_loreallarocheposaycerave_cerave_665_aug26_100494-oa_video,665,traffic,video_video,O&O,Loreallarocheposaycerave,Cerave,aug26,video,CeraVe Hydrating HA Water Gel,Hello hydrated skin! Shop the CeraVe Hydrating HA Water Gel at Chemist Warehouse.,Shop Now,,https://video.flim31-1.fna.fbcdn.net/o1/v/t2/f2/m366/AQOBfk_1JwxONM19HJDzqy9E9UifXO_sMSIw-iJ-M96KKb-z99RZzMYgI-R1ofM3x_hE1Zkwyl07GK8Fc6-nOD5H6R_Ctqa-XfQe99CgYAZhaQ.mp4?_nc_cat=108&_nc_oc=Ado4pgYXRg_a0Noml-Nci9KMjM_54Y8pkp9DAFAIyipjcTlJEVB89IvtIcEawYb8NsU&_nc_sid=b66105&_nc_ht=video.flim31-1.fna.fbcdn.net&_nc_ohc=tcjDacRjNywQ7kNvwHwhHw7&efg=eyJ2ZW5jb2RlX3RhZyI6Inhwdl9wcm9ncmVzc2l2ZS5WSV9VU0VDQVNFX1BST0RVQ1RfVFlQRS4uQzMuNzIwLmRhc2hfaDI2NC1iYXNpYy1nZW4yXzcyMHAiLCJ4cHZfYXNzZXRfaWQiOjE0NTI1MDk2NjY2OTk0OTgsImFzc2V0X2FnZV9kYXlzIjoyNCwidmlfdXNlY2FzZV9pZCI6MTA3OTksImR1cmF0aW9uX3MiOjQwLCJ1cmxnZW5fc291cmNlIjoid3d3In0%3D&ccb=17-1&vs=b3c99f241a5586c8&_nc_vs=HBksFQIYRWZiX2VwaGVtZXJhbC9EQTQ3Mjk3MzU3NjI5OTk3NjVFMDI0MTJGN0VCNEFCQl9tdF8xX3ZpZGVvX2Rhc2hpbml0Lm1wNBUAAsgBEgAVAhhAZmJfcGVybWFuZW50L0FBNDczODVDQTk2RTMxMkZBNzQ3QjUyRDgwREE5Rjk5X2F1ZGlvX2Rhc2hpbml0Lm1wNBUCAsgBEgAoABgAGwKIB3VzZV9vaWwBMRJwcm9ncmVzc2l2ZV9yZWNpcGUBMRUAACbUo7urmMOUBRUCKAJDMywXQER3bItDlYEYGWRhc2hfaDI2NC1iYXNpYy1nZW4yXzcyMHARAHUAZd6oAQA&_nc_gid=cMu7Rn4eT5yW4yng9eafxg&_nc_ss=7f180&_nc_zt=28&oh=00_AQL99RYLqV9zWfYejaYSSpQEXTVOpP66nTqR352MB6YeZg&oe=6AA3C9C0,"['FACEBOOK', 'INSTAGRAM', 'MESSENGER', 'WHATSAPP', 'THREADS']",au,cw,facebook,social,2026-W36,2026-09,"FACEBOOK, INSTAGRAM, MESSENGER, WHATSAPP, THREADS",True,True,False,True,True,True,SKU Product,True,False,False,2026-09-07,2026-08-13 07:00:00,2026-09-07 16:55:10.186478,25
38025579820389036,1856438292430311,True,2026-08-13 07:00:00,2026-09-06 07:00:00,Chemist Warehouse,Chemist Warehouse,{{product.name}},{{product.brand}},Shop now,DCO,https://www.chemistwarehouse.com.au/buy/169066/cerave-hydrating-ha-water-gel-50ml?utm_source=facebook&utm_medium=social&utm_campaign=au_cw_oa_facebook_social_loreallarocheposaycerave_cerave_665_aug26_100494-oa_video&utm_term=traffic&utm_content=video_video,www.chemistwarehouse.com.au,/buy/169066/cerave-hydrating-ha-water-gel-50ml,facebook,social,au_cw_oa_facebook_social_loreallarocheposaycerave_cerave_665_aug26_100494-oa_video,665,traffic,video_video,O&O,Loreallarocheposaycerave,Cerave,aug26,video,CeraVe Hydrating HA Water Gel,CeraVe Hydrating HA Water Gel is now NEW and EXCLUSIVE at Chemist Warehouse!,Shop Now,,https://video.flim31-1.fna.fbcdn.net/o1/v/t2/f2/m366/AQNf3cGO2PsWYMVcVMCX2JfzD4RTCvHP9fKgT8cMLsPdRHLBLm574kI1U7EMDW6-S9lQRVWXZzz_pYLLKNFrHdM5LSJQNkriKjKSR2tpgaWRUQ.mp4?_nc_cat=111&_nc_oc=AdrssETakeu1Vh_CeQTwjxRfyCRoGsJO-8MYkZE1WJseuo6QwrHWnFqJlz8cMLsg6AU&_nc_sid=b66105&_nc_ht=video.flim31-1.fna.fbcdn.net&_nc_ohc=h_Cy8nBsrb8Q7kNvwEJFVKI&efg=eyJ2ZW5jb2RlX3RhZyI6Inhwdl9wcm9ncmVzc2l2ZS5WSV9VU0VDQVNFX1BST0RVQ1RfVFlQRS4uQzMuNzIwLmRhc2hfaDI2NC1iYXNpYy1nZW4yXzcyMHAiLCJ4cHZfYXNzZXRfaWQiOjEwNjQ1MTk4Njk0MTg4MjgsImFzc2V0X2FnZV9kYXlzIjoyNCwidmlfdXNlY2FzZV9pZCI6MTA3OTksImR1cmF0aW9uX3MiOjI4LCJ1cmxnZW5fc291cmNlIjoid3d3In0%3D&ccb=17-1&vs=2281887c3f40dd0b&_nc_vs=HBksFQIYRWZiX2VwaGVtZXJhbC9GNjQ3RjIzMjlCODkzNEE1NTdCMzdENkUzODBGRURBNV9tdF8xX3ZpZGVvX2Rhc2hpbml0Lm1wNBUAAsgBEgAVAhhAZmJfcGVybWFuZW50L0MxNDAyRTdGODcwQzA3QkY2MTEwMUIzNDlCNEYzRTg2X2F1ZGlvX2Rhc2hpbml0Lm1wNBUCAsgBEgAoABgAGwKIB3VzZV9vaWwBMRJwcm9ncmVzc2l2ZV9yZWNpcGUBMRUAACaYteKKm4vkAxUCKAJDMywXQDyAAAAAAAAYGWRhc2hfaDI2NC1iYXNpYy1nZW4yXzcyMHARAHUAZd6oAQA&_nc_gid=cMu7Rn4eT5yW4yng9eafxg&_nc_ss=7f180&_nc_zt=28&oh=00_AQLY_mC5u3Vb64EOzLzMHaNjkj0hjUw-vTiDx2yP8LOmOA&oe=6AA3A255,"['FACEBOOK', 'INSTAGRAM', 'MESSENGER', 'WHATSAPP', 'THREADS']",au,cw,facebook,social,2026-W36,2026-09,"FACEBOOK, INSTAGRAM, MESSENGER, WHATSAPP, THREADS",True,True,False,True,True,True,SKU Product,True,False,False,2026-09-07,2026-08-13 07:00:00,2026-09-07 16:55:10.186478,25
3572412516246342,,True,2026-08-13 07:00:00,2026-09-06 07:00:00,Chemist Warehouse,Chemist Warehouse,Shop SKINLAB Online,"Formulated with science-backed ingredients to deliver visible anti-aging results. 
 
Now available at Chemist Warehouse online. 
 
#antiaging #antiagingskincare #youthfulskin 
#glowingskin #SKINLAB",Listen now,IMAGE,https://www.chemistwarehouse.com.au/shop-online/705676/skinlab?utm_source=facebook&utm_medium=social&utm_campaign=au_cw_mp_facebook_social_skinlabmarketplace_skinlab_665_aug26_sklb03082026_image&utm_term=reach&utm_content=image_image,www.chemistwarehouse.com.au,/shop-online/705676/skinlab,facebook,social,au_cw_mp_facebook_social_skinlabmarketplace_skinlab_665_aug26_sklb03082026_image,665,reach,image_image,mp,Skinlabmarketplace,Skinlab,aug26,image,,,,,,"['FACEBOOK', 'INSTAGRAM']",au,cw,facebook,social,2026-W36,2026-09,"FACEBOOK, INSTAGRAM",True,True,False,False,False,False,Brand/Category Page,True,True,False,2026-09-07,2026-08-13 07:00:00,2026-09-07 16:55:10.186478,25
874767538825715,1374801957315265,True,2026-08-13 07:00:00,2026-09-06 07:00:00,Chemist Warehouse,Chemist Warehouse,{{product.name}},{{product.brand}},Shop now,DCO,https://www.chemistwarehouse.com.au/buy/161468/melrose-futurelab-ultra-pure-creatine-300g?utm_source=facebook&utm_medium=social&utm_campaign=au_cw_oa_facebook_social_melrosehealthsupplies_melrose_665_aug26_100735-pure_image&utm_term=traffic&utm_content=image_static-image,www.chemistwarehouse.com.au,/buy/161468/melrose-futurelab-ultra-pure-creatine-300g,facebook,social,au_cw_oa_facebook_social_melrosehealthsupplies_melrose_665_aug26_100735-pure_image,665,traffic,image_static-image,O&O,Melrosehealthsupplies,Melrose,aug26,image,100% OptiCreatine™ Formula,100% OptiCreatine™ micronised creatine monohydrate. Mixes smooth and sediment free*.*if prepared as directed,Shop Now,https://scontent.flim31-1.fna.fbcdn.net/v/t39.35426-6/774075897_832264199875837_8869758132877601017_n.jpg?_nc_cat=105&ccb=1-7&_nc_sid=c53f8f&_nc_ohc=vtk_IRjzK3wQ7kNvwGEtb4w&_nc_oc=AdrGn-zxnfs8PLifjBBPogyfMFlwzfYKOhT6-928aartgE7_2nQQNgVy27hr6ROTQgU&_nc_zt=14&_nc_ht=scontent.flim31-1.fna&_nc_gid=cMu7Rn4eT5yW4yng9eafxg&_nc_ss=7f180&oh=00_AQK6vuulaEtjmRO2HUr9MFh6aLS1HtpD3n9-x1_MfCEGZA&oe=6AA3C117,,"['FACEBOOK', 'INSTAGRAM', 'AUDIENCE_NETWORK', 'MESSENGER', 'WHATSAPP', 'THREADS']",au,cw,facebook,social,2026-W36,2026-09,"FACEBOOK, INSTAGRAM, AUDIENCE_NETWORK, MESSENGER, WHATSAPP, THREADS",True,True,True,True,True,True,SKU Product,True,False,False,2026-09-07,2026-08-13 07:00:00,2026-09-07 16:55:10.186478,25
4457644987839184,1019921327152972,True,2026-08-13 07:00:00,2026-09-06 07:00:00,Chemist Warehouse,Chemist Warehouse,{{product.name}},{{product.brand}},Shop now,DCO,https://www.chemistwarehouse.com.au/buy/161468/melrose-futurelab-ultra-pure-creatine-300g?utm_source=facebook&utm_medium=social&utm_campaign=au_cw_oa_facebook_social_melrosehealthsupplies_melrose_665_aug26_100735-pure_image&utm_term=traffic&utm_content=image_static-image,www.chemistwarehouse.com.au,/buy/161468/melrose-futurelab-ultra-pure-creatine-300g,facebook,social,au_cw_oa_facebook_social_melrosehealthsupplies_melrose_665_aug26_100735-pure_image,665,traffic,image_static-image,O&O,Melrosehealthsupplies,Melrose,aug26,image,100% OptiCreatine™ Formula,100% OptiCreatine™ micronised creatine monohydrate. Mixes smooth and sediment free*.*if prepared as directed,Shop Now,https://scontent.flim31-1.fna.fbcdn.net/v/t39.35426-6/773339099_1038544955816470_3786996634856900991_n.jpg?_nc_cat=102&ccb=1-7&_nc_sid=c53f8f&_nc_ohc=4WOVofEFpCYQ7kNvwHzueVu&_nc_oc=Adqh_jcayBY4xJAG0B4NBzgj3cNu63ONy76qrRMY5pDSJASF8HkIqVZFgD-kna5pwjE&_nc_zt=14&_nc_ht=scontent.flim31-1.fna&_nc_gid=cMu7Rn4eT5yW4yng9eafxg&_nc_ss=7f180&oh=00_AQJAwXSNzWcy9C2nRokf6H9Io5TIT7f_lcAfdoEe0e2KAA&oe=6AA3CF22,,"['FACEBOOK', 'INSTAGRAM', 'AUDIENCE_NETWORK', 'MESSENGER', 'WHATSAPP', 'THREADS']",au,cw,facebook,social,2026-W36,2026-09,"FACEBOOK, INSTAGRAM, AUDIENCE_NETWORK, MESSENGER, WHATSAPP, THREADS",True,True,True,True,True,True,SKU Product,True,False,False,2026-09-07,2026-08-13 07:00:00,2026-09-07 16:55:10.186478,25
2569634786798582,,True,2026-08-12 07:00:00,2026-09-06 07:00:00,Chemist Warehouse,Chemist Warehouse,"Your Skin, Stronger With Aveeno","Dry, sensitive skin? Give it soothing care with Aveeno. Shop the range at Chemist Warehouse.",Shop now,IMAGE,https://fb.com/canvas_doc/27993607836924715,fb.com,/canvas_doc/27993607836924715,,,,,,,Not Specified,,,,,,,,,,"['FACEBOOK', 'INSTAGRAM', 'AUDIENCE_NETWORK', 'MESSENGER', 'THREADS']",,,,,2026-W36,2026-09,"FACEBOOK, INSTAGRAM, AUDIENCE_NETWORK, MESSENGER, THREADS",True,True,True,True,True,False,Internal/App Page,True,True,False,2026-09-07,2026-08-12 07:00:00,2026-09-07 16:55:10.186478,26
1055193576876751,1761728374860623,True,2026-08-12 07:00:00,2026-09-06 07:00:00,Chemist Warehouse,Chemist Warehouse,"Your Skin, Stronger With Aveeno","Dry, sensitive skin? Give it soothing care with Aveeno. Shop the range at Chemist Warehouse.",Shop now,VIDEO,https://fb.com/canvas_doc/1842068866768284,fb.com,/canvas_doc/1842068866768284,,,,,,,Not Specified,,,,,,,,,,"['FACEBOOK', 'INSTAGRAM', 'AUDIENCE_NETWORK', 'MESSENGER', 'THREADS']",,,,,2026-W36,2026-09,"FACEBOOK, INSTAGRAM, AUDIENCE_NETWORK, MESSENGER, THREADS",True,True,True,True,True,False,Internal/App Page,True,True,False,2026-09-07,2026-08-12 07:00:00,2026-09-07 16:55:10.186478,26
4608809689382578,1662481415886469,True,2026-08-12 07:00:00,2026-09-06 07:00:00,Chemist Warehouse,Chemist Warehouse,"Your Skin, Stronger With Aveeno","Dry, sensitive skin? Give it soothing care with Aveeno. Shop the range at Chemist Warehouse.",Shop now,VIDEO,https://fb.com/canvas_doc/2654617681635674,fb.com,/canvas_doc/2654617681635674,,,,,,,Not Specified,,,,,,,,,,"['FACEBOOK', 'INSTAGRAM', 'AUDIENCE_NETWORK', 'MESSENGER', 'THREADS']",,,,,2026-W36,2026-09,"FACEBOOK, INSTAGRAM, AUDIENCE_NETWORK, MESSENGER, THREADS",True,True,True,True,True,False,Internal/App Page,True,True,False,2026-09-07,2026-08-12 07:00:00,2026-09-07 16:55:10.186478,26
1454493999900633,,True,2026-08-12 07:00:00,2026-09-06 07:00:00,Chemist Warehouse,Chemist Warehouse,Available at Chemist Warehouse,Shop GC Tooth Mousse at Chemist Warehouse!,Shop now,VIDEO,https://www.chemistwarehouse.com.au/search?query=GC+Tooth+Mousse+Plus&contexts=default&utm_source=facebook&utm_medium=social&utm_campaign=au_cw_oa_facebook_social_erskineoralcare_gctoothmousse_159_aug26_bau_video&utm_term=traffic&utm_content=video_instore-video,www.chemistwarehouse.com.au,/search,facebook,social,au_cw_oa_facebook_social_erskineoralcare_gctoothmousse_159_aug26_bau_video,159,traffic,video_instore-video,O&O,Erskineoralcare,Gctoothmousse,aug26,video,,,,,,"['FACEBOOK', 'INSTAGRAM', 'AUDIENCE_NETWORK', 'MESSENGER', 'WHATSAPP', 'THREADS']",au,cw,facebook,social,2026-W36,2026-09,"FACEBOOK, INSTAGRAM, AUDIENCE_NETWORK, MESSENGER, WHATSAPP, THREADS",True,True,True,True,True,True,Search Page,True,True,False,2026-09-07,2026-08-12 07:00:00,2026-09-07 16:55:10.186478,26
1603840884480297,28343975035226722,True,2026-08-11 07:00:00,2026-09-05 07:00:00,Chemist Warehouse,Chemist Warehouse,{{product.name}},{{product.brand}},Shop now,DCO,https://www.chemistwarehouse.com.au/shop-online/1031/aveeno?utm_source=facebook&utm_medium=social&utm_campaign=au_cw_oa_facebook_social_johnsonjohnsonpacific_aveeno_665_aug26_100346-oa_video&utm_term=traffic&utm_content=video_video,www.chemistwarehouse.com.au,/shop-online/1031/aveeno,facebook,social,au_cw_oa_facebook_social_johnsonjohnsonpacific_aveeno_665_aug26_100346-oa_video,665,traffic,video_video,O&O,Johnsonjohnsonpacific,Aveeno,aug26,video,"Dry, sensitive skin? Give it soothing care with Aveeno. Shop the range at Chemist Warehouse.","Your Skin, Stronger With Aveeno",Shop Now,,https://video.flim31-1.fna.fbcdn.net/o1/v/t2/f2/m366/AQOtIKHU6lS9g8GZLGuT8Sz8GE8cZJKVdNleF8nF0LMiVlrYddqjsgh8wvVZwk09SPi2eoWOh6XsnjK9eSpOTPnkL8TQhnWMAvPGYp4QuR7ZTw.mp4?_nc_cat=109&_nc_oc=AdoTDCmmnhQTfKbnuvt6DWcwPv9Bzhcy4XJBAI6R9_vOM630D2NZu5777hFz-BHyoB4&_nc_sid=b66105&_nc_ht=video.flim31-1.fna.fbcdn.net&_nc_ohc=PADaUF7ZtU4Q7kNvwFaz0-q&efg=eyJ2ZW5jb2RlX3RhZyI6Inhwdl9wcm9ncmVzc2l2ZS5WSV9VU0VDQVNFX1BST0RVQ1RfVFlQRS4uQzMuNzIwLmRhc2hfaDI2NC1iYXNpYy1nZW4yXzcyMHAiLCJ4cHZfYXNzZXRfaWQiOjEwNjEyODM1MjYzOTA5MTUsImFzc2V0X2FnZV9kYXlzIjoyNSwidmlfdXNlY2FzZV9pZCI6MTA3OTksImR1cmF0aW9uX3MiOjU3LCJ1cmxnZW5fc291cmNlIjoid3d3In0%3D&ccb=17-1&vs=73612ad486d03074&_nc_vs=HBksFQIYRWZiX2VwaGVtZXJhbC9ERTQ1MDNEQTEyNERDNDY3M0ZDNUYwQTU3Q0VCNkVBQV9tdF8xX3ZpZGVvX2Rhc2hpbml0Lm1wNBUAAsgBEgAVAhhAZmJfcGVybWFuZW50LzJGNEM1N0U1MjkwNUVGN0MzQ0ExNDI0OUEwQjg4MDhEX2F1ZGlvX2Rhc2hpbml0Lm1wNBUCAsgBEgAoABgAGwKIB3VzZV9vaWwBMRJwcm9ncmVzc2l2ZV9yZWNpcGUBMRUAACaG0sW56s7iAxUCKAJDMywXQEyu2RaHKwIYGWRhc2hfaDI2NC1iYXNpYy1nZW4yXzcyMHARAHUAZd6oAQA&_nc_gid=cMu7Rn4eT5yW4yng9eafxg&_nc_ss=7f180&_nc_zt=28&oh=00_AQLeBte8wW5F851gJ2STcZD-4AGQAv4BYMh0_ozu5j__6Q&oe=6AA3C117,"['FACEBOOK', 'INSTAGRAM', 'AUDIENCE_NETWORK', 'MESSENGER', 'WHATSAPP', 'THREADS']",au,cw,facebook,social,2026-W36,2026-09,"FACEBOOK, INSTAGRAM, AUDIENCE_NETWORK, MESSENGER, WHATSAPP, THREADS",True,True,True,True,True,True,Brand/Category Page,True,False,False,2026-09-07,2026-08-11 07:00:00,2026-09-07 16:55:10.186478,27
2472837989857783,2212213326288047,True,2026-08-11 07:00:00,2026-09-06 07:00:00,Chemist Warehouse,Chemist Warehouse,{{product.name}},{{product.brand}},Shop now,DCO,https://www.chemistwarehouse.com.au/shop-online/1031/aveeno?utm_source=facebook&utm_medium=social&utm_campaign=au_cw_oa_facebook_social_johnsonjohnsonpacific_aveeno_665_aug26_100346-oa_video&utm_term=traffic&utm_content=video_video,www.chemistwarehouse.com.au,/shop-online/1031/aveeno,facebook,social,au_cw_oa_facebook_social_johnsonjohnsonpacific_aveeno_665_aug26_100346-oa_video,665,traffic,video_video,O&O,Johnsonjohnsonpacific,Aveeno,aug26,video,"Dry, sensitive skin? Give it soothing care with Aveeno. Shop the range at Chemist Warehouse.","Your Skin, Stronger With Aveeno",Shop Now,,https://video.flim31-1.fna.fbcdn.net/o1/v/t2/f2/m366/AQOWuKdbUvIc3q4OcZYoQkopoGMEeiwbv7JsNg-AvJQ5TiQiCADa2le9BxrPEWdwb5A3tePXbE5lhZLdYveOmzTUWI3bMFMKrJjPLgHQlexXoA.mp4?_nc_cat=106&_nc_oc=AdoIigS8UX3Ied5xb9lyXujbBiEzgqiRMSFRGkos03Ec5eLTosOOAmBkmo1-4i9yN7k&_nc_sid=b66105&_nc_ht=video.flim31-1.fna.fbcdn.net&_nc_ohc=_khJ-5BST6AQ7kNvwGhiXJx&efg=eyJ2ZW5jb2RlX3RhZyI6Inhwdl9wcm9ncmVzc2l2ZS5WSV9VU0VDQVNFX1BST0RVQ1RfVFlQRS4uQzMuNzIwLmRhc2hfaDI2NC1iYXNpYy1nZW4yXzcyMHAiLCJ4cHZfYXNzZXRfaWQiOjE1NjYzNDY1MTQ4NzYwMjYsImFzc2V0X2FnZV9kYXlzIjoyNywidmlfdXNlY2FzZV9pZCI6MTA3OTksImR1cmF0aW9uX3MiOjc1LCJ1cmxnZW5fc291cmNlIjoid3d3In0%3D&ccb=17-1&vs=62e16ceafb029d41&_nc_vs=HBksFQIYRWZiX2VwaGVtZXJhbC8wNzQ4MkE4RjM0MEJFQkVGMzhEQzc5REEzNEE0MTM5QV9tdF8xX3ZpZGVvX2Rhc2hpbml0Lm1wNBUAAsgBEgAVAhhAZmJfcGVybWFuZW50LzA3NEQ3OTE3N0IzODYzNTc0QkNDQUYwRTZCM0U3RUIzX2F1ZGlvX2Rhc2hpbml0Lm1wNBUCAsgBEgAoABgAGwKIB3VzZV9vaWwBMRJwcm9ncmVzc2l2ZV9yZWNpcGUBMRUAACb0mer5rqXIBRUCKAJDMywXQFLmZmZmZmYYGWRhc2hfaDI2NC1iYXNpYy1nZW4yXzcyMHARAHUAZd6oAQA&_nc_gid=cMu7Rn4eT5yW4yng9eafxg&_nc_ss=7f180&_nc_zt=28&oh=00_AQJsEfE7r51YN8sdSAH2GrhugFVWOLZ8W2WIBq0TKTcdGA&oe=6AA3A3CE,"['FACEBOOK', 'INSTAGRAM', 'AUDIENCE_NETWORK', 'MESSENGER', 'WHATSAPP', 'THREADS']",au,cw,facebook,social,2026-W36,2026-09,"FACEBOOK, INSTAGRAM, AUDIENCE_NETWORK, MESSENGER, WHATSAPP, THREADS",True,True,True,True,True,True,Brand/Category Page,True,False,False,2026-09-07,2026-08-11 07:00:00,2026-09-07 16:55:10.186478,27
1774114507116851,,True,2026-08-10 07:00:00,2026-09-06 07:00:00,Chemist Warehouse,Chemist Warehouse,Strength in Every Drop,"Gentle, effective, and easy to take. Support your child’s growth and immunity with Brauer.",Learn more,IMAGE,https://fb.com/canvas_doc/907162971954879,fb.com,/canvas_doc/907162971954879,,,,,,,Not Specified,,,,,,,,,,"['FACEBOOK', 'INSTAGRAM', 'AUDIENCE_NETWORK', 'MESSENGER', 'THREADS']",,,,,2026-W36,2026-09,"FACEBOOK, INSTAGRAM, AUDIENCE_NETWORK, MESSENGER, THREADS",True,True,True,True,True,False,Internal/App Page,True,False,False,2026-09-07,2026-08-10 07:00:00,2026-09-07 16:55:10.186478,28
1780971559596318,1091357126798027,True,2026-08-10 07:00:00,2026-09-06 07:00:00,Chemist Warehouse,Chemist Warehouse,{{product.name}},{{product.brand}},See details,DCO,https://www.chemistwarehouse.com.au/store-locator,www.chemistwarehouse.com.au,/store-locator,,,,,,,Not Specified,,,,,,Chemist Warehouse Brunswick RELOCATION!,See Details,https://scontent.flim31-1.fna.fbcdn.net/v/t39.35426-6/768972666_1601318375028802_9079742153810676816_n.jpg?_nc_cat=102&ccb=1-7&_nc_sid=c53f8f&_nc_ohc=8qIjn80QtGkQ7kNvwHC1-9z&_nc_oc=Ado6HkDiAKZBnMfeRc_BcYEP-OyjlepM5hy7bcfohVUmhlACOpf4cBk8IJIYfZB9sAA&_nc_zt=14&_nc_ht=scontent.flim31-1.fna&_nc_gid=cMu7Rn4eT5yW4yng9eafxg&_nc_ss=7f180&oh=00_AQJkPFkPhSdiNGxi30t7y0ImQx8Hm173xsKqbO2eMDlVeQ&oe=6AA3B9FC,,"['FACEBOOK', 'INSTAGRAM', 'AUDIENCE_NETWORK', 'WHATSAPP', 'THREADS']",,,,,2026-W36,2026-09,"FACEBOOK, INSTAGRAM, AUDIENCE_NETWORK, WHATSAPP, THREADS",True,True,True,False,True,True,Store Locator,True,False,False,2026-09-07,2026-08-10 07:00:00,2026-09-07 16:55:10.186478,28
4296591640651301,,True,2026-08-10 07:00:00,2026-09-04 07:00:00,Chemist Warehouse,Chemist Warehouse,Strength in Every Drop,"Gentle, effective, and easy to take. Support your child’s growth and immunity with Brauer.",Learn more,IMAGE,https://fb.com/canvas_doc/1687934008987977,fb.com,/canvas_doc/1687934008987977,,,,,,,Not Specified,,,,,,,,,,"['FACEBOOK', 'INSTAGRAM', 'AUDIENCE_NETWORK', 'MESSENGER', 'THREADS']",,,,,2026-W36,2026-09,"FACEBOOK, INSTAGRAM, AUDIENCE_NETWORK, MESSENGER, THREADS",True,True,True,True,True,False,Internal/App Page,True,False,False,2026-09-07,2026-08-10 07:00:00,2026-09-07 16:55:10.186478,28
1667333714338644,,True,2026-08-10 07:00:00,2026-09-06 07:00:00,Chemist Warehouse,Chemist Warehouse,Strength in Every Drop,"Gentle, effective, and easy to take. Support your child’s growth and immunity with Brauer.",Learn more,IMAGE,https://fb.com/canvas_doc/1774332556904786,fb.com,/canvas_doc/1774332556904786,,,,,,,Not Specified,,,,,,,,,,"['FACEBOOK', 'INSTAGRAM', 'AUDIENCE_NETWORK', 'MESSENGER', 'THREADS']",,,,,2026-W36,2026-09,"FACEBOOK, INSTAGRAM, AUDIENCE_NETWORK, MESSENGER, THREADS",True,True,True,True,True,False,Internal/App Page,True,False,False,2026-09-07,2026-08-10 07:00:00,2026-09-07 16:55:10.186478,28
1405493681494912,1542879770926658,True,2026-08-10 07:00:00,2026-09-06 07:00:00,Chemist Warehouse,Chemist Warehouse,{{product.name}},{{product.brand}},Shop now,DCO,https://www.chemistwarehouse.com.au/shop-online/5376/brauer?utm_source=facebook&utm_medium=social&utm_campaign=au_cw_coop_facebook_social_brauernaturalmedicine_brauer_81_2026_bau_dynamic&utm_term=traffic&utm_content=carousel,www.chemistwarehouse.com.au,/shop-online/5376/brauer,facebook,social,au_cw_coop_facebook_social_brauernaturalmedicine_brauer_81_2026_bau_dynamic,81,traffic,carousel,Coop,Brauernaturalmedicine,Brauer,2026,dynamic,Strength in Every Drop,"Gentle, effective, and easy to take. Support your child’s growth and immunity with Brauer.",Shop Now,https://scontent.flim31-1.fna.fbcdn.net/v/t39.35426-6/772185778_1248492867347820_4606394104740331618_n.jpg?_nc_cat=107&ccb=1-7&_nc_sid=c53f8f&_nc_ohc=U7x8FY_luCIQ7kNvwHPFKS0&_nc_oc=AdrDQULPs5immFk6ajqDmKG4Drc0Q5w23bD0Mc9S2wYAX6i_QgiGpF7NGTfa9Cp55ow&_nc_zt=14&_nc_ht=scontent.flim31-1.fna&_nc_gid=cMu7Rn4eT5yW4yng9eafxg&_nc_ss=7f180&oh=00_AQK8wWjL30xlQ5U_2DnMgshaWdsvR5veyzzy_a0v64-jZA&oe=6AA3A83B,,"['FACEBOOK', 'INSTAGRAM', 'AUDIENCE_NETWORK', 'MESSENGER', 'THREADS']",au,cw,facebook,social,2026-W36,2026-09,"FACEBOOK, INSTAGRAM, AUDIENCE_NETWORK, MESSENGER, THREADS",True,True,True,True,True,False,Brand/Category Page,True,False,False,2026-09-07,2026-08-10 07:00:00,2026-09-07 16:55:10.186478,28
1321659286439095,,True,2026-08-09 07:00:00,2026-09-04 07:00:00,Chemist Warehouse,Chemist Warehouse,Strength in Every Drop,"Gentle, effective, and easy to take. Support your child’s growth and immunity with Brauer.",Learn more,IMAGE,https://fb.com/canvas_doc/1812774853415457,fb.com,/canvas_doc/1812774853415457,,,,,,,Not Specified,,,,,,,,,,"['FACEBOOK', 'INSTAGRAM', 'AUDIENCE_NETWORK', 'MESSENGER', 'THREADS']",,,,,2026-W36,2026-09,"FACEBOOK, INSTAGRAM, AUDIENCE_NETWORK, MESSENGER, THREADS",True,True,True,True,True,False,Internal/App Page,True,False,False,2026-09-07,2026-08-09 07:00:00,2026-09-07 16:55:10.186478,29
28174090042278540,1542879770926658,True,2026-08-10 07:00:00,2026-09-06 07:00:00,Chemist Warehouse,Chemist Warehouse,{{product.name}},{{product.brand}},Shop now,DCO,https://www.chemistwarehouse.com.au/shop-online/5376/brauer?utm_source=facebook&utm_medium=social&utm_campaign=au_cw_coop_facebook_social_brauernaturalmedicine_brauer_81_2026_bau_dynamic&utm_term=traffic&utm_content=carousel,www.chemistwarehouse.com.au,/shop-online/5376/brauer,facebook,social,au_cw_coop_facebook_social_brauernaturalmedicine_brauer_81_2026_bau_dynamic,81,traffic,carousel,Coop,Brauernaturalmedicine,Brauer,2026,dynamic,Strength in Every Drop,"Gentle, effective, and easy to take. Support your child’s growth and immunity with Brauer.",Shop Now,https://scontent.flim31-1.fna.fbcdn.net/v/t39.35426-6/768350885_2681137332281326_8763128247396173657_n.jpg?_nc_cat=110&ccb=1-7&_nc_sid=c53f8f&_nc_ohc=6wpze-9JEuMQ7kNvwGdhJuB&_nc_oc=AdonEkxjSAmQJtRpry7mzzoe0CV5jeBinuKclv9tjybhwy7Wf2h7CaP1aHLl952prjw&_nc_zt=14&_nc_ht=scontent.flim31-1.fna&_nc_gid=cMu7Rn4eT5yW4yng9eafxg&_nc_ss=7f180&oh=00_AQIv9vHABYeh-FVyk29PgXUpcUr5NcAnxgsXTf9U9kxnSg&oe=6AA399B4,,"['FACEBOOK', 'INSTAGRAM', 'AUDIENCE_NETWORK', 'MESSENGER', 'THREADS']",au,cw,facebook,social,2026-W36,2026-09,"FACEBOOK, INSTAGRAM, AUDIENCE_NETWORK, MESSENGER, THREADS",True,True,True,True,True,False,Brand/Category Page,True,False,False,2026-09-07,2026-08-10 07:00:00,2026-09-07 16:55:10.186478,28
1031276632869488,1657369719726667,True,2026-08-10 07:00:00,2026-09-06 07:00:00,Chemist Warehouse,Chemist Warehouse,{{product.name}},{{product.brand}},Shop now,DCO,https://www.chemistwarehouse.com.au/shop-online/5376/brauer?utm_source=facebook&utm_medium=social&utm_campaign=au_cw_coop_facebook_social_brauernaturalmedicine_brauer_81_2026_bau_dynamic&utm_term=traffic&utm_content=carousel,www.chemistwarehouse.com.au,/shop-online/5376/brauer,facebook,social,au_cw_coop_facebook_social_brauernaturalmedicine_brauer_81_2026_bau_dynamic,81,traffic,carousel,Coop,Brauernaturalmedicine,Brauer,2026,dynamic,Strength in Every Drop,"Gentle, effective, and easy to take. Support your child’s growth and immunity with Brauer.",Shop Now,https://scontent.flim31-1.fna.fbcdn.net/v/t39.35426-6/769175245_2104214017179322_355719885203484287_n.jpg?_nc_cat=102&ccb=1-7&_nc_sid=c53f8f&_nc_ohc=_qC5cIJfI1gQ7kNvwH7TJC1&_nc_oc=AdoJ21P0JNt5Q7CWkYUEZVxO68DGx6qzWEOwtuVmA6FGokYB699JpeG9BKQ3EsVeAAI&_nc_zt=14&_nc_ht=scontent.flim31-1.fna&_nc_gid=cMu7Rn4eT5yW4yng9eafxg&_nc_ss=7f180&oh=00_AQK2IaGPWi09i-6Ik7GIoJ9-nRsoFtsRHx6NTYBGnCQ68g&oe=6AA3BEFA,,"['FACEBOOK', 'INSTAGRAM', 'AUDIENCE_NETWORK', 'MESSENGER', 'THREADS']",au,cw,facebook,social,2026-W36,2026-09,"FACEBOOK, INSTAGRAM, AUDIENCE_NETWORK, MESSENGER, THREADS",True,True,True,True,True,False,Brand/Category Page,True,False,False,2026-09-07,2026-08-10 07:00:00,2026-09-07 16:55:10.186478,28
1605248311017647,4526323120984279,True,2026-08-10 07:00:00,2026-09-06 07:00:00,Chemist Warehouse,Chemist Warehouse,{{product.name}},{{product.brand}},Shop now,DCO,https://www.chemistwarehouse.com.au/shop-online/5376/brauer?utm_source=facebook&utm_medium=social&utm_campaign=au_cw_coop_facebook_social_brauernaturalmedicine_brauer_81_2026_bau_dynamic&utm_term=traffic&utm_content=carousel,www.chemistwarehouse.com.au,/shop-online/5376/brauer,facebook,social,au_cw_coop_facebook_social_brauernaturalmedicine_brauer_81_2026_bau_dynamic,81,traffic,carousel,Coop,Brauernaturalmedicine,Brauer,2026,dynamic,Strength in Every Drop,"Gentle, effective, and easy to take. Support your child’s growth and immunity with Brauer.",Shop Now,https://scontent.flim31-1.fna.fbcdn.net/v/t39.35426-6/768310411_1574282448074865_5356808938513593308_n.jpg?_nc_cat=105&ccb=1-7&_nc_sid=c53f8f&_nc_ohc=hJkSVdyKEqgQ7kNvwEWZVzN&_nc_oc=Adr1riTDzQ5R-Ehw7-vi0EFvpdV7t5knVpoHfArizZvtKsdzJWomiHGuCCatnhcgj9I&_nc_zt=14&_nc_ht=scontent.flim31-1.fna&_nc_gid=cMu7Rn4eT5yW4yng9eafxg&_nc_ss=7f180&oh=00_AQLA4-CmBFro6JYeigGH15SW2oW-8KBlGOtirC2QmyWQ1A&oe=6AA3C534,,"['FACEBOOK', 'INSTAGRAM', 'AUDIENCE_NETWORK', 'MESSENGER', 'THREADS']",au,cw,facebook,social,2026-W36,2026-09,"FACEBOOK, INSTAGRAM, AUDIENCE_NETWORK, MESSENGER, THREADS",True,True,True,True,True,False,Brand/Category Page,True,False,False,2026-09-07,2026-08-10 07:00:00,2026-09-07 16:55:10.186478,28
27716285941374268,1395827369315474,True,2026-08-09 07:00:00,2026-09-06 07:00:00,Chemist Warehouse,Chemist Warehouse,{{product.name}},{{product.brand}},Shop now,DCO,https://www.chemistwarehouse.com.au/shop-online/5376/brauer?utm_source=facebook&utm_medium=social&utm_campaign=au_cw_coop_facebook_social_brauernaturalmedicine_brauer_81_2026_bau_dynamic&utm_term=traffic&utm_content=carousel,www.chemistwarehouse.com.au,/shop-online/5376/brauer,facebook,social,au_cw_coop_facebook_social_brauernaturalmedicine_brauer_81_2026_bau_dynamic,81,traffic,carousel,Coop,Brauernaturalmedicine,Brauer,2026,dynamic,Strength in Every Drop,"Gentle, effective, and easy to take. Support your child’s growth and immunity with Brauer.",Shop Now,https://scontent.flim31-1.fna.fbcdn.net/v/t39.35426-6/771400886_1360009776326819_2182960757660260077_n.jpg?_nc_cat=105&ccb=1-7&_nc_sid=c53f8f&_nc_ohc=P6_hfBEK9IcQ7kNvwEyDb2P&_nc_oc=AdqtaAosvnukoaZK-4axNm2F06VGO8flOyC1GfDJFw1O3o1TqDVMK_ZUa6KtmCUXjoo&_nc_zt=14&_nc_ht=scontent.flim31-1.fna&_nc_gid=cMu7Rn4eT5yW4yng9eafxg&_nc_ss=7f180&oh=00_AQJY34Ci5bvS2mtKzq6IScxtvw4OCGKxKt684iEYXJXAPQ&oe=6AA3A44C,,"['FACEBOOK', 'INSTAGRAM', 'AUDIENCE_NETWORK', 'MESSENGER', 'THREADS']",au,cw,facebook,social,2026-W36,2026-09,"FACEBOOK, INSTAGRAM, AUDIENCE_NETWORK, MESSENGER, THREADS",True,True,True,True,True,False,Brand/Category Page,True,False,False,2026-09-07,2026-08-09 07:00:00,2026-09-07 16:55:10.186478,29
1372247755093166,4526323120984279,True,2026-08-10 07:00:00,2026-09-06 07:00:00,Chemist Warehouse,Chemist Warehouse,{{product.name}},{{product.brand}},Shop now,DCO,https://www.chemistwarehouse.com.au/shop-online/5376/brauer?utm_source=facebook&utm_medium=social&utm_campaign=au_cw_coop_facebook_social_brauernaturalmedicine_brauer_81_2026_bau_dynamic&utm_term=traffic&utm_content=carousel,www.chemistwarehouse.com.au,/shop-online/5376/brauer,facebook,social,au_cw_coop_facebook_social_brauernaturalmedicine_brauer_81_2026_bau_dynamic,81,traffic,carousel,Coop,Brauernaturalmedicine,Brauer,2026,dynamic,Strength in Every Drop,"Gentle, effective, and easy to take. Support your child’s growth and immunity with Brauer.",Shop Now,https://scontent.flim31-1.fna.fbcdn.net/v/t39.35426-6/769175971_1098426179518816_3664809459308232567_n.jpg?_nc_cat=108&ccb=1-7&_nc_sid=c53f8f&_nc_ohc=YMqQxnL1pnoQ7kNvwGWB4Cc&_nc_oc=AdqmHOi4fEuEDedhBVbXkZ9bCUy0oENNlORxVuyVkfe5H85GbrchgmccswaUy7uTwBg&_nc_zt=14&_nc_ht=scontent.flim31-1.fna&_nc_gid=cMu7Rn4eT5yW4yng9eafxg&_nc_ss=7f180&oh=00_AQLJzKitoTGazIDuRaLEoc_ozQ0lt56Qy_mopImn16KMvw&oe=6AA3CBA7,,"['FACEBOOK', 'INSTAGRAM', 'AUDIENCE_NETWORK', 'MESSENGER', 'THREADS']",au,cw,facebook,social,2026-W36,2026-09,"FACEBOOK, INSTAGRAM, AUDIENCE_NETWORK, MESSENGER, THREADS",True,True,True,True,True,False,Brand/Category Page,True,False,False,2026-09-07,2026-08-10 07:00:00,2026-09-07 16:55:10.186478,28
1961167671262261,1657369719726667,True,2026-08-09 07:00:00,2026-09-05 07:00:00,Chemist Warehouse,Chemist Warehouse,{{product.name}},{{product.brand}},Shop now,DCO,https://www.chemistwarehouse.com.au/shop-online/5376/brauer?utm_source=facebook&utm_medium=social&utm_campaign=au_cw_coop_facebook_social_brauernaturalmedicine_brauer_81_2026_bau_dynamic&utm_term=traffic&utm_content=carousel,www.chemistwarehouse.com.au,/shop-online/5376/brauer,facebook,social,au_cw_coop_facebook_social_brauernaturalmedicine_brauer_81_2026_bau_dynamic,81,traffic,carousel,Coop,Brauernaturalmedicine,Brauer,2026,dynamic,Strength in Every Drop,"Gentle, effective, and easy to take. Support your child’s growth and immunity with Brauer.",Shop Now,https://scontent.flim31-1.fna.fbcdn.net/v/t39.35426-6/769318897_1822724425371192_151645421983454616_n.jpg?_nc_cat=103&ccb=1-7&_nc_sid=c53f8f&_nc_ohc=Ehhhs1SDLjYQ7kNvwHK6Jig&_nc_oc=Adp6FeYGd6kEyAXuLrAlbZBIQmWh7OkXohh7k13b-DtwX4QkQbQZbo4vqUDcE3gIAHs&_nc_zt=14&_nc_ht=scontent.flim31-1.fna&_nc_gid=cMu7Rn4eT5yW4yng9eafxg&_nc_ss=7f180&oh=00_AQJzbmg5eTj0r4CVkhyqfbIMMpIJ4-a2u3-eXXnS3F8FrQ&oe=6AA3BF3C,,"['FACEBOOK', 'INSTAGRAM', 'AUDIENCE_NETWORK', 'MESSENGER', 'THREADS']",au,cw,facebook,social,2026-W36,2026-09,"FACEBOOK, INSTAGRAM, AUDIENCE_NETWORK, MESSENGER, THREADS",True,True,True,True,True,False,Brand/Category Page,True,False,False,2026-09-07,2026-08-09 07:00:00,2026-09-07 16:55:10.186478,29
3635761673237823,1340649168056911,True,2026-08-16 07:00:00,2026-09-05 07:00:00,Chemist Warehouse,Chemist Warehouse,Made for women,Swisse Women's vitamins now at Chemist Warehouse.,Shop now,VIDEO,https://www.chemistwarehouse.com.au/shop-online/swisse-womens-health?utm_source=facebook&utm_medium=social&utm_campaign=au_cw_oa_facebook_social_swissewellnessptyltd_swisse_81_aug26_100737-womenhealth_video-image&utm_term=conversion&utm_content=video-image_video,www.chemistwarehouse.com.au,/shop-online/swisse-womens-health,facebook,social,au_cw_oa_facebook_social_swissewellnessptyltd_swisse_81_aug26_100737-womenhealth_video-image,81,conversion,video-image_video,O&O,Swissewellnessptyltd,Swisse,aug26,video-image,,,,,,"['FACEBOOK', 'INSTAGRAM', 'THREADS']",au,cw,facebook,social,2026-W36,2026-09,"FACEBOOK, INSTAGRAM, THREADS",True,True,False,False,True,False,Brand/Category Page,True,True,False,2026-09-07,2026-08-16 07:00:00,2026-09-07 16:55:10.186478,22
1922078128459058,1801443457967005,True,2026-08-10 07:00:00,2026-09-06 07:00:00,Chemist Warehouse,Chemist Warehouse,{{product.name}},{{product.brand}},Shop now,DCO,https://www.chemistwarehouse.com.au/shop-online/5376/brauer?utm_source=facebook&utm_medium=social&utm_campaign=au_cw_coop_facebook_social_brauernaturalmedicine_brauer_81_2026_bau_dynamic&utm_term=traffic&utm_content=carousel,www.chemistwarehouse.com.au,/shop-online/5376/brauer,facebook,social,au_cw_coop_facebook_social_brauernaturalmedicine_brauer_81_2026_bau_dynamic,81,traffic,carousel,Coop,Brauernaturalmedicine,Brauer,2026,dynamic,Strength in Every Drop,"Gentle, effective, and easy to take. Support your child’s growth and immunity with Brauer.",Shop Now,https://scontent.flim31-1.fna.fbcdn.net/v/t39.35426-6/767585928_37340956475551630_7475504835744382227_n.jpg?_nc_cat=102&ccb=1-7&_nc_sid=c53f8f&_nc_ohc=5DJkKLXFhBIQ7kNvwGpB-Kl&_nc_oc=AdrKOf0xTesoLJffpJAy-VVB4dgjiMwYSYTdBmsxpn1ezdi4huQl0HgBSz-zjDwYT6c&_nc_zt=14&_nc_ht=scontent.flim31-1.fna&_nc_gid=wlaHJkhDbO0OK5P0Hk1Xag&_nc_ss=7f180&oh=00_AQLm7Ra_KhbGRfbvjiIEkdLnmy6ZzYGZQ5qgFdkblLog5Q&oe=6AA3CD3A,,"['FACEBOOK', 'INSTAGRAM', 'AUDIENCE_NETWORK', 'MESSENGER', 'THREADS']",au,cw,facebook,social,2026-W36,2026-09,"FACEBOOK, INSTAGRAM, AUDIENCE_NETWORK, MESSENGER, THREADS",True,True,True,True,True,False,Brand/Category Page,True,False,False,2026-09-07,2026-08-10 07:00:00,2026-09-07 16:55:10.186478,28
2267400330751078,1565382068397113,True,2026-08-16 07:00:00,2026-09-05 07:00:00,Chemist Warehouse,Chemist Warehouse,{{product.name}},{{product.brand}},Shop now,DCO,https://www.chemistwarehouse.com.au/shop-online/swisse-womens-health?utm_source=facebook&utm_medium=social&utm_campaign=au_cw_oa_facebook_social_swissewellnessptyltd_swisse_81_aug26_100737-womenhealth_video-image&utm_term=conversion&utm_content=video-image_static-image,www.chemistwarehouse.com.au,/shop-online/swisse-womens-health,facebook,social,au_cw_oa_facebook_social_swissewellnessptyltd_swisse_81_aug26_100737-womenhealth_video-image,81,conversion,video-image_static-image,O&O,Swissewellnessptyltd,Swisse,aug26,video-image,Made for women,Swisse Women's vitamins now at Chemist Warehouse.,Shop Now,https://scontent.flim31-1.fna.fbcdn.net/v/t39.35426-6/772664363_2551078838649502_5232508737272185213_n.jpg?_nc_cat=102&ccb=1-7&_nc_sid=c53f8f&_nc_ohc=DCTbo9qkYJYQ7kNvwGrFWKN&_nc_oc=AdqzqB36lUjJCFzebiY7Gd_PhNMHyBYK7XNuV93ZVOFkkRPK2ozXTtalhUOZG0SKnIw&_nc_zt=14&_nc_ht=scontent.flim31-1.fna&_nc_gid=JrPo3zImVeIojS9di1PXYg&_nc_ss=7f180&oh=00_AQIBtI5y__i6i-lfSUgLctBoVQnIflHAsiQ6e1p2zEbbhw&oe=6AA3CA10,,"['FACEBOOK', 'INSTAGRAM', 'THREADS']",au,cw,facebook,social,2026-W36,2026-09,"FACEBOOK, INSTAGRAM, THREADS",True,True,False,False,True,False,Brand/Category Page,True,False,False,2026-09-07,2026-08-16 07:00:00,2026-09-07 16:55:10.186478,22
1625924292200893,1584441783278545,True,2026-08-09 07:00:00,2026-09-06 07:00:00,Chemist Warehouse,Chemist Warehouse,{{product.name}},{{product.brand}},Shop now,DCO,https://www.chemistwarehouse.com.au/shop-online/3073/body-blendz?utm_source=facebook&utm_medium=social&utm_campaign=au_cw_oa_facebook_social_miomouenterprisesptyltd_bodyblendz_665_aug26_100725-boosting_video&utm_term=traffic&utm_content=video_branding-video,www.chemistwarehouse.com.au,/shop-online/3073/body-blendz,facebook,social,au_cw_oa_facebook_social_miomouenterprisesptyltd_bodyblendz_665_aug26_100725-boosting_video,665,traffic,video_branding-video,O&O,Miomouenterprisesptyltd,Bodyblendz,aug26,video,Available at Chemist Warehouse,Shop your new bodycare routine from BodyBlendz at Chemist Warehouse.,Shop Now,,https://video.flim31-1.fna.fbcdn.net/o1/v/t2/f2/m366/AQPK9L30bTs211472EbouCid_WaP5Tlxh2entCf0P0Rug-q49vuuCQ7VOqh4LERnFkrCP7Ger_gklNT8NGQJTIhfQ59EkR7JaYqcu8k6VB67hA.mp4?_nc_cat=107&_nc_oc=Adrz0EIfQ2SjO5K-N3ntklcR2JCv0gMmyPI0bVosV60gqaMw9jhURgcctjCDZoTg8to&_nc_sid=b66105&_nc_ht=video.flim31-1.fna.fbcdn.net&_nc_ohc=gRUFgNp6w6gQ7kNvwEBiaps&efg=eyJ2ZW5jb2RlX3RhZyI6Inhwdl9wcm9ncmVzc2l2ZS5WSV9VU0VDQVNFX1BST0RVQ1RfVFlQRS4uQzMuNzI0LmRhc2hfaDI2NC1iYXNpYy1nZW4yXzcyMHAiLCJ4cHZfYXNzZXRfaWQiOjIwOTU2MTcyMjQzNjI3NTksImFzc2V0X2FnZV9kYXlzIjozMywidmlfdXNlY2FzZV9pZCI6MTA3OTksImR1cmF0aW9uX3MiOjQ1LCJ1cmxnZW5fc291cmNlIjoid3d3In0%3D&ccb=17-1&vs=a707ab4ad613ba76&_nc_vs=HBksFQIYRWZiX2VwaGVtZXJhbC85QzREOTVBRjVFOEJEN0U2ODIxMUMyOEE2QURDMTA4Ml9tdF8xX3ZpZGVvX2Rhc2hpbml0Lm1wNBUAAsgBEgAVAhhAZmJfcGVybWFuZW50L0RDNEUxNkE3Mjc3MDVGRjJFREY5ODlEOEI2REVGQUI3X2F1ZGlvX2Rhc2hpbml0Lm1wNBUCAsgBEgAoABgAGwKIB3VzZV9vaWwBMRJwcm9ncmVzc2l2ZV9yZWNpcGUBMRUAACaOrPKD_fy4BxUCKAJDMywXQEaiDEm6XjUYGWRhc2hfaDI2NC1iYXNpYy1nZW4yXzcyMHARAHUAZd6oAQA&_nc_gid=wlaHJkhDbO0OK5P0Hk1Xag&_nc_ss=7f180&_nc_zt=28&oh=00_AQI-wR3tyYLLqceFT3afxr0wPZhypkTgRsswkJDliW5SVw&oe=6AA3A929,"['FACEBOOK', 'INSTAGRAM', 'MESSENGER', 'WHATSAPP', 'THREADS']",au,cw,facebook,social,2026-W36,2026-09,"FACEBOOK, INSTAGRAM, MESSENGER, WHATSAPP, THREADS",True,True,False,True,True,True,Brand/Category Page,True,False,False,2026-09-07,2026-08-09 07:00:00,2026-09-07 16:55:10.186478,29
1030308566571747,4422325964646138,True,2026-08-09 07:00:00,2026-09-06 07:00:00,Chemist Warehouse,Chemist Warehouse,{{product.name}},{{product.brand}},Shop now,DCO,https://www.chemistwarehouse.com.au/shop-online/705672/kuci-biome?utm_source=facebook&utm_medium=social&utm_campaign=au_cw_coop_facebook_social_nuchevptyltd_kucibiome_81_2026_100550-bau_image&utm_term=traffic&utm_content=image_static-image,www.chemistwarehouse.com.au,/shop-online/705672/kuci-biome,facebook,social,au_cw_coop_facebook_social_nuchevptyltd_kucibiome_81_2026_100550-bau_image,81,traffic,image_static-image,Coop,Nuchevptyltd,Kucibiome,2026,image,Which Kuci Is Yours?,Daily support. Made specifically for women. Shop now at Chemist Warehouse.,Shop Now,https://scontent.flim31-1.fna.fbcdn.net/v/t39.35426-6/763098476_1558957129027401_5899157756921699478_n.jpg?_nc_cat=109&ccb=1-7&_nc_sid=c53f8f&_nc_ohc=ddFabw2o7gsQ7kNvwFA1lWk&_nc_oc=AdqGHPjqAhvBkGgRV9Q_RQaIlhAXH21wZazlOhOITT0vU5wQjo7CDYSjNXqCdVCtmE4&_nc_zt=14&_nc_ht=scontent.flim31-1.fna&_nc_gid=wlaHJkhDbO0OK5P0Hk1Xag&_nc_ss=7f180&oh=00_AQLNlTBrLB1_hEnMkhkZW7JTo6MsJA-knnHBRBt-Qthzpg&oe=6AA3A6AE,,"['FACEBOOK', 'INSTAGRAM']",au,cw,facebook,social,2026-W36,2026-09,"FACEBOOK, INSTAGRAM",True,True,False,False,False,False,Brand/Category Page,True,False,False,2026-09-07,2026-08-09 07:00:00,2026-09-07 16:55:10.186478,29
2048842775738439,3004994089849977,True,2026-08-09 07:00:00,2026-09-06 07:00:00,Chemist Warehouse,Chemist Warehouse,{{product.name}},{{product.brand}},Shop now,DCO,https://www.chemistwarehouse.com.au/shop-online/1395/tena?utm_source=facebook&utm_medium=social&utm_campaign=au_cw_coop_facebook_social_asaleopersonalcareptyltd_tena_259_2026_100186-bau_image&utm_term=traffic&utm_content=image_static-image,www.chemistwarehouse.com.au,/shop-online/1395/tena,facebook,social,au_cw_coop_facebook_social_asaleopersonalcareptyltd_tena_259_2026_100186-bau_image,259,traffic,image_static-image,Coop,Asaleopersonalcareptyltd,Tena,2026,image,"Dry, Secure & Odour Control","Designed for the male body.
Discreet protection when you need it most.
Stay confident and dry throughout your day.",Shop Now,https://scontent.flim31-1.fna.fbcdn.net/v/t39.35426-6/765008306_1068758988954643_6194054623991935688_n.jpg?_nc_cat=107&ccb=1-7&_nc_sid=c53f8f&_nc_ohc=h2wBRiKzPEkQ7kNvwGQRVTj&_nc_oc=AdqCZ0y0PlwZQROOdRVXUaZUHHb9GX92xejVFTIahft0p9awBngFysw-zLd3qQ9PV1w&_nc_zt=14&_nc_ht=scontent.flim31-1.fna&_nc_gid=wlaHJkhDbO0OK5P0Hk1Xag&_nc_ss=7f180&oh=00_AQJylYRNi0ucY4PPO7q-bEX6uobUCeKPUdkgXO9jXCE5Wg&oe=6AA3A8E4,,"['FACEBOOK', 'INSTAGRAM']",au,cw,facebook,social,2026-W36,2026-09,"FACEBOOK, INSTAGRAM",True,True,False,False,False,False,Brand/Category Page,True,False,False,2026-09-07,2026-08-09 07:00:00,2026-09-07 16:55:10.186478,29
2050561738914657,3004994089849977,True,2026-08-09 07:00:00,2026-09-06 07:00:00,Chemist Warehouse,Chemist Warehouse,{{product.name}},{{product.brand}},Shop now,DCO,https://www.chemistwarehouse.com.au/shop-online/1395/tena?utm_source=facebook&utm_medium=social&utm_campaign=au_cw_coop_facebook_social_asaleopersonalcareptyltd_tena_259_2026_100186-bau_image&utm_term=traffic&utm_content=image_static-image,www.chemistwarehouse.com.au,/shop-online/1395/tena,facebook,social,au_cw_coop_facebook_social_asaleopersonalcareptyltd_tena_259_2026_100186-bau_image,259,traffic,image_static-image,Coop,Asaleopersonalcareptyltd,Tena,2026,image,"Dry, Secure & Odour Control","Designed for the male body.
Discreet protection when you need it most.
Stay confident and dry throughout your day.",Shop Now,https://scontent.flim31-1.fna.fbcdn.net/v/t39.35426-6/765871850_2010880019796829_575458473087186794_n.jpg?_nc_cat=107&ccb=1-7&_nc_sid=c53f8f&_nc_ohc=n_c0hWxzWx4Q7kNvwH3eUln&_nc_oc=Adomfn5PDy_WnTvgXRWWeXTvcqhKdCX6-gLIVeguUc5KBs3M346cHhO8mTuv-ctOzB0&_nc_zt=14&_nc_ht=scontent.flim31-1.fna&_nc_gid=wlaHJkhDbO0OK5P0Hk1Xag&_nc_ss=7f180&oh=00_AQJozjaMLV5VzEx1aZEqrAG0L4uKwpP0Rpy_vaCwebnLvA&oe=6AA3BE38,,"['FACEBOOK', 'INSTAGRAM']",au,cw,facebook,social,2026-W36,2026-09,"FACEBOOK, INSTAGRAM",True,True,False,False,False,False,Brand/Category Page,True,False,False,2026-09-07,2026-08-09 07:00:00,2026-09-07 16:55:10.186478,29
1024432203686147,1091469683448028,True,2026-08-16 07:00:00,2026-09-06 07:00:00,Chemist Warehouse,Chemist Warehouse,{{product.name}},{{product.brand}},Shop now,DCO,https://www.chemistwarehouse.com.au/shop-online/swisse-womens-health?utm_source=facebook&utm_medium=social&utm_campaign=au_cw_oa_facebook_social_swissewellnessptyltd_swisse_81_aug26_100737-womenhealth_video-image&utm_term=conversion&utm_content=video-image_static-image,www.chemistwarehouse.com.au,/shop-online/swisse-womens-health,facebook,social,au_cw_oa_facebook_social_swissewellnessptyltd_swisse_81_aug26_100737-womenhealth_video-image,81,conversion,video-image_static-image,O&O,Swissewellnessptyltd,Swisse,aug26,video-image,Made for women,Swisse Women's vitamins now at Chemist Warehouse.,Shop Now,https://scontent.flim31-1.fna.fbcdn.net/v/t39.35426-6/774908772_2115583089311440_4604578678029463570_n.jpg?_nc_cat=103&ccb=1-7&_nc_sid=c53f8f&_nc_ohc=TYL5fwkL98MQ7kNvwGq_pji&_nc_oc=AdouJ1NeKeJC_pab7MrARcQYDFY8TtBXeH4iGYQuX8zqH_FQsF1OVlwyG30IfBjlAtA&_nc_zt=14&_nc_ht=scontent.flim31-1.fna&_nc_gid=cMu7Rn4eT5yW4yng9eafxg&_nc_ss=7f180&oh=00_AQKZCDxpdlZ2OAZVmRCFuuIKqTsc0IAeCkWABNT4arCR4g&oe=6AA3B794,,"['FACEBOOK', 'INSTAGRAM', 'THREADS']",au,cw,facebook,social,2026-W36,2026-09,"FACEBOOK, INSTAGRAM, THREADS",True,True,False,False,True,False,Brand/Category Page,True,False,False,2026-09-07,2026-08-16 07:00:00,2026-09-07 16:55:10.186478,22
1029559893042894,,True,2026-08-15 07:00:00,2026-09-06 07:00:00,Chemist Warehouse,Chemist Warehouse,{{product.name}},{{product.brand}},Shop now,DCO,https://www.chemistwarehouse.com.au/buy/76669/azonaire-hayfever-50mcg-140-dose-spray,www.chemistwarehouse.com.au,/buy/76669/azonaire-hayfever-50mcg-140-dose-spray,,,,,,,Not Specified,,,,,,Hayfever Relief That Lasts,Shop Now,https://scontent.flim31-1.fna.fbcdn.net/v/t39.35426-6/761615156_28239238592339778_5218001040568572373_n.jpg?_nc_cat=108&ccb=1-7&_nc_sid=c53f8f&_nc_ohc=Tt526slvPVMQ7kNvwFNMxBq&_nc_oc=Adqf48PlCHlTn5HahKY7GMm5v5ggQkX-jYzd9OjcYbyPxq3HFQrtXBR4TXGAfT6_n-s&_nc_zt=14&_nc_ht=scontent.flim31-1.fna&_nc_gid=cMu7Rn4eT5yW4yng9eafxg&_nc_ss=7f180&oh=00_AQLmRr1COYZDERR5irKQPzP_ihKEBoldoJ9P3_7a6UvvyQ&oe=6AA399DA,,"['FACEBOOK', 'INSTAGRAM']",,,,,2026-W36,2026-09,"FACEBOOK, INSTAGRAM",True,True,False,False,False,False,SKU Product,True,False,False,2026-09-07,2026-08-15 07:00:00,2026-09-07 16:55:10.186478,23
1578499837121357,1041431811950363,True,2026-08-13 07:00:00,2026-09-06 07:00:00,Chemist Warehouse,Chemist Warehouse,{{product.name}},{{product.brand}},Shop now,DCO,https://www.chemistwarehouse.com.au/buy/170402/essie-break-fix-transparent-liquid-nail-patch-7ml?utm_source=facebook&utm_medium=social&utm_campaign=au_cw_coop_facebook_social_lorealaustraliaptyltd_essie_648_aug26_100045-bau_image&utm_term=traffic&utm_content=image_brand,www.chemistwarehouse.com.au,/buy/170402/essie-break-fix-transparent-liquid-nail-patch-7ml,facebook,social,au_cw_coop_facebook_social_lorealaustraliaptyltd_essie_648_aug26_100045-bau_image,648,traffic,image_brand,Coop,Lorealaustraliaptyltd,Essie,aug26,image,NEW Essie Break Fix Liquid Nail Patch ,"Discover The New Essie Care Break Fix Liquid Nail, Patches Broken Nails in up to 5 Days. Shop now at Chemist Warehouse",Shop Now,https://scontent.flim31-1.fna.fbcdn.net/v/t39.35426-6/772894544_2227648804636275_3465445181224647834_n.jpg?_nc_cat=102&ccb=1-7&_nc_sid=c53f8f&_nc_ohc=loRfLt137vQQ7kNvwHyeL9D&_nc_oc=AdomrzoUJEqt6_XRFO2-mN7Tp-fqw9PbqPeiZu0pcTiUjU7rr1noK5tkv5pGHSsZvEM&_nc_zt=14&_nc_ht=scontent.flim31-1.fna&_nc_gid=cMu7Rn4eT5yW4yng9eafxg&_nc_ss=7f180&oh=00_AQIo7A3WRxI-gUu-dyZBn1IbMD0ffW-b3qYpf4oo6k6JJA&oe=6AA3A84A,,"['FACEBOOK', 'INSTAGRAM', 'AUDIENCE_NETWORK', 'MESSENGER', 'WHATSAPP', 'THREADS']",au,cw,facebook,social,2026-W36,2026-09,"FACEBOOK, INSTAGRAM, AUDIENCE_NETWORK, MESSENGER, WHATSAPP, THREADS",True,True,True,True,True,True,SKU Product,True,False,False,2026-09-07,2026-08-13 07:00:00,2026-09-07 16:55:10.186478,25
973112849078362,2078096066119635,True,2026-08-09 07:00:00,2026-09-06 07:00:00,Chemist Warehouse,Chemist Warehouse,Available at Chemist Warehouse,Shop your new bodycare routine from BodyBlendz at Chemist Warehouse.,Shop now,VIDEO,https://www.chemistwarehouse.com.au/shop-online/3073/body-blendz?utm_source=facebook&utm_medium=social&utm_campaign=au_cw_oa_facebook_social_miomouenterprisesptyltd_bodyblendz_665_aug26_100725-boosting_video&utm_term=traffic&utm_content=video_branding-video,www.chemistwarehouse.com.au,/shop-online/3073/body-blendz,facebook,social,au_cw_oa_facebook_social_miomouenterprisesptyltd_bodyblendz_665_aug26_100725-boosting_video,665,traffic,video_branding-video,O&O,Miomouenterprisesptyltd,Bodyblendz,aug26,video,,,,,,"['FACEBOOK', 'INSTAGRAM', 'MESSENGER', 'WHATSAPP', 'THREADS']",au,cw,facebook,social,2026-W36,2026-09,"FACEBOOK, INSTAGRAM, MESSENGER, WHATSAPP, THREADS",True,True,False,True,True,True,Brand/Category Page,True,True,False,2026-09-07,2026-08-09 07:00:00,2026-09-07 16:55:10.186478,29
2118191535778056,1581179250057990,True,2026-08-09 07:00:00,2026-09-05 07:00:00,Chemist Warehouse,Chemist Warehouse,{{product.name}},{{product.brand}},Shop now,DCO,https://www.chemistwarehouse.com.au/shop-online/1395/tena?utm_source=facebook&utm_medium=social&utm_campaign=au_cw_coop_facebook_social_asaleopersonalcareptyltd_tena_259_2026_100186-bau_image&utm_term=traffic&utm_content=image_static-image,www.chemistwarehouse.com.au,/shop-online/1395/tena,facebook,social,au_cw_coop_facebook_social_asaleopersonalcareptyltd_tena_259_2026_100186-bau_image,259,traffic,image_static-image,Coop,Asaleopersonalcareptyltd,Tena,2026,image,"Dry, Secure & Odour Control","Designed for the male body.
Discreet protection when you need it most.
Stay confident and dry throughout your day.",Shop Now,https://scontent.flim31-1.fna.fbcdn.net/v/t39.35426-6/769131191_1570441817824744_2806742970062145427_n.jpg?_nc_cat=107&ccb=1-7&_nc_sid=c53f8f&_nc_ohc=aXCfmCZTr-AQ7kNvwH5DO1Y&_nc_oc=AdqlyRP0xAIJ-JXqqc26QHvLnx9ycE0g9O00LAKTNo-8ZDN3RdF4HjQ2D9YXup-fBoI&_nc_zt=14&_nc_ht=scontent.flim31-1.fna&_nc_gid=wlaHJkhDbO0OK5P0Hk1Xag&_nc_ss=7f180&oh=00_AQKGc4BO5u3duUSc8iF6rzhZGIQxk8udMZ6Q-vQB3GGCIA&oe=6AA3B2B0,,"['FACEBOOK', 'INSTAGRAM']",au,cw,facebook,social,2026-W36,2026-09,"FACEBOOK, INSTAGRAM",True,True,False,False,False,False,Brand/Category Page,True,False,False,2026-09-07,2026-08-09 07:00:00,2026-09-07 16:55:10.186478,29
1677036076719412,1033283489313366,True,2026-08-09 07:00:00,2026-09-05 07:00:00,Chemist Warehouse,Chemist Warehouse,{{product.name}},{{product.brand}},Shop now,DCO,https://www.chemistwarehouse.com.au/shop-online/1395/tena?utm_source=facebook&utm_medium=social&utm_campaign=au_cw_coop_facebook_social_asaleopersonalcareptyltd_tena_259_2026_100186-bau_image&utm_term=traffic&utm_content=image_static-image,www.chemistwarehouse.com.au,/shop-online/1395/tena,facebook,social,au_cw_coop_facebook_social_asaleopersonalcareptyltd_tena_259_2026_100186-bau_image,259,traffic,image_static-image,Coop,Asaleopersonalcareptyltd,Tena,2026,image,"Dry, Secure & Odour Control","Designed for the male body.
Discreet protection when you need it most.
Stay confident and dry throughout your day.",Shop Now,https://scontent.flim31-1.fna.fbcdn.net/v/t39.35426-6/768577256_1599645615166759_2729701834104061562_n.jpg?_nc_cat=101&ccb=1-7&_nc_sid=c53f8f&_nc_ohc=eKfjULSP1lUQ7kNvwEaQr3m&_nc_oc=AdrEXA4p1jN5jUdg16u35-nYQOKmNi1lURGLACTGzSgd8w7OohD2OqkrKJkt4TELBOc&_nc_zt=14&_nc_ht=scontent.flim31-1.fna&_nc_gid=wlaHJkhDbO0OK5P0Hk1Xag&_nc_ss=7f180&oh=00_AQKAn5VHN8BK9Sd2HjZjldGmTiP72QhWwfRHVW3ucrtV9w&oe=6AA3CA38,,"['FACEBOOK', 'INSTAGRAM']",au,cw,facebook,social,2026-W36,2026-09,"FACEBOOK, INSTAGRAM",True,True,False,False,False,False,Brand/Category Page,True,False,False,2026-09-07,2026-08-09 07:00:00,2026-09-07 16:55:10.186478,29
908357548500488,1581179250057990,True,2026-08-09 07:00:00,2026-09-03 07:00:00,Chemist Warehouse,Chemist Warehouse,{{product.name}},{{product.brand}},Shop now,DCO,https://www.chemistwarehouse.com.au/shop-online/1395/tena?utm_source=facebook&utm_medium=social&utm_campaign=au_cw_coop_facebook_social_asaleopersonalcareptyltd_tena_259_2026_100186-bau_image&utm_term=traffic&utm_content=image_static-image,www.chemistwarehouse.com.au,/shop-online/1395/tena,facebook,social,au_cw_coop_facebook_social_asaleopersonalcareptyltd_tena_259_2026_100186-bau_image,259,traffic,image_static-image,Coop,Asaleopersonalcareptyltd,Tena,2026,image,"Dry, Secure & Odour Control","Designed for the male body.
Discreet protection when you need it most.
Stay confident and dry throughout your day.",Shop Now,https://scontent.flim31-1.fna.fbcdn.net/v/t39.35426-6/764006503_1284424930285481_5458234734539070224_n.jpg?_nc_cat=107&ccb=1-7&_nc_sid=c53f8f&_nc_ohc=XElRi_YTgKQQ7kNvwE0E6qv&_nc_oc=AdrX9_Lm20cvq_R0i6BuwdzZsR2Fp9H3gGm6Hr3kQpjOSKAoIdMT0WQYxC9aqnLra4Y&_nc_zt=14&_nc_ht=scontent.flim31-1.fna&_nc_gid=wlaHJkhDbO0OK5P0Hk1Xag&_nc_ss=7f180&oh=00_AQKSFFrNTvQRze_uEDICksN-SjkzYQr80DXWZugvo2SrCQ&oe=6AA3D06C,,"['FACEBOOK', 'INSTAGRAM']",au,cw,facebook,social,2026-W36,2026-09,"FACEBOOK, INSTAGRAM",True,True,False,False,False,False,Brand/Category Page,True,False,False,2026-09-07,2026-08-09 07:00:00,2026-09-07 16:55:10.186478,29
1084394237265334,1804910493838722,True,2026-08-16 07:00:00,2026-09-06 07:00:00,Chemist Warehouse,Chemist Warehouse,{{product.name}},{{product.brand}},Shop now,DCO,https://www.chemistwarehouse.com.au/shop-online/swisse-womens-health?utm_source=facebook&utm_medium=social&utm_campaign=au_cw_oa_facebook_social_swissewellnessptyltd_swisse_81_aug26_100737-womenhealth_video-image&utm_term=conversion&utm_content=video-image_static-image,www.chemistwarehouse.com.au,/shop-online/swisse-womens-health,facebook,social,au_cw_oa_facebook_social_swissewellnessptyltd_swisse_81_aug26_100737-womenhealth_video-image,81,conversion,video-image_static-image,O&O,Swissewellnessptyltd,Swisse,aug26,video-image,Made for women,Swisse Women's vitamins now at Chemist Warehouse.,Shop Now,https://scontent.flim31-1.fna.fbcdn.net/v/t39.35426-6/774102334_1062921069722478_8441575324775763474_n.jpg?_nc_cat=108&ccb=1-7&_nc_sid=c53f8f&_nc_ohc=5oTJKE9B2R4Q7kNvwFIohQo&_nc_oc=Adqj2h9-Pe3syy4rGiW50ZbkkbUGGt5zUbSqY3HUx0QRbMyRRSU30jid8w6Qb4F9igg&_nc_zt=14&_nc_ht=scontent.flim31-1.fna&_nc_gid=cMu7Rn4eT5yW4yng9eafxg&_nc_ss=7f180&oh=00_AQK3nZzThRQ1IDvDAjNgKSzbSjVV5axh_ykO2V5SUw82rQ&oe=6AA3CA7B,,"['FACEBOOK', 'INSTAGRAM', 'THREADS']",au,cw,facebook,social,2026-W36,2026-09,"FACEBOOK, INSTAGRAM, THREADS",True,True,False,False,True,False,Brand/Category Page,True,False,False,2026-09-07,2026-08-16 07:00:00,2026-09-07 16:55:10.186478,22
1026790376860727,1033283489313366,True,2026-08-09 07:00:00,2026-09-04 07:00:00,Chemist Warehouse,Chemist Warehouse,{{product.name}},{{product.brand}},Shop now,DCO,https://www.chemistwarehouse.com.au/shop-online/1395/tena?utm_source=facebook&utm_medium=social&utm_campaign=au_cw_coop_facebook_social_asaleopersonalcareptyltd_tena_259_2026_100186-bau_image&utm_term=traffic&utm_content=image_static-image,www.chemistwarehouse.com.au,/shop-online/1395/tena,facebook,social,au_cw_coop_facebook_social_asaleopersonalcareptyltd_tena_259_2026_100186-bau_image,259,traffic,image_static-image,Coop,Asaleopersonalcareptyltd,Tena,2026,image,"Dry, Secure & Odour Control","Designed for the male body.
Discreet protection when you need it most.
Stay confident and dry throughout your day.",Shop Now,https://scontent.flim31-1.fna.fbcdn.net/v/t39.35426-6/765732503_1575114040939461_8130887510252219256_n.jpg?_nc_cat=107&ccb=1-7&_nc_sid=c53f8f&_nc_ohc=RrB12iSCIykQ7kNvwFYeZhe&_nc_oc=AdrgxBVNIr0DqPgwrPPLLsbTSUZ7wgHhhlg6aGnRU2h9n7i5dG-tfk5TDxQurhm1NuA&_nc_zt=14&_nc_ht=scontent.flim31-1.fna&_nc_gid=wlaHJkhDbO0OK5P0Hk1Xag&_nc_ss=7f180&oh=00_AQLPTOwFNnAUSmLGQTLBp3A-uFKMixGFI3xwmDAZLqXNhw&oe=6AA3A515,,"['FACEBOOK', 'INSTAGRAM']",au,cw,facebook,social,2026-W36,2026-09,"FACEBOOK, INSTAGRAM",True,True,False,False,False,False,Brand/Category Page,True,False,False,2026-09-07,2026-08-09 07:00:00,2026-09-07 16:55:10.186478,29
1524390778906612,26895309810145763,True,2026-08-07 07:00:00,2026-09-06 07:00:00,Chemist Warehouse,Chemist Warehouse,{{product.name}},{{product.brand}},Shop now,DCO,https://www.chemistwarehouse.com.au/shop-online/705672/kuci-biome?utm_source=facebook&utm_medium=social&utm_campaign=au_cw_coop_facebook_social_nuchevptyltd_kucibiome_81_2026_100550-bau_image&utm_term=traffic&utm_content=image_static-image,www.chemistwarehouse.com.au,/shop-online/705672/kuci-biome,facebook,social,au_cw_coop_facebook_social_nuchevptyltd_kucibiome_81_2026_100550-bau_image,81,traffic,image_static-image,Coop,Nuchevptyltd,Kucibiome,2026,image,Which Kuci Is Yours?,Daily support. Made specifically for women. Shop now at Chemist Warehouse.,Shop Now,https://scontent.flim31-1.fna.fbcdn.net/v/t39.35426-6/769083467_3243910242473764_6970050597714948399_n.jpg?_nc_cat=110&ccb=1-7&_nc_sid=c53f8f&_nc_ohc=vsjMPLh2rBsQ7kNvwGAQQMb&_nc_oc=AdrehsATCvb3kugjufoNRK45sZ0RysdcabX6DWLi9YNcrIuav8b2d1Gj1xmyj-mY97Y&_nc_zt=14&_nc_ht=scontent.flim31-1.fna&_nc_gid=wlaHJkhDbO0OK5P0Hk1Xag&_nc_ss=7f180&oh=00_AQIgZ6HeN2FxLXQxjeGG71GwYHymMyIjxnB-1lhSmN1-jQ&oe=6AA39FF4,,"['FACEBOOK', 'INSTAGRAM']",au,cw,facebook,social,2026-W36,2026-09,"FACEBOOK, INSTAGRAM",True,True,False,False,False,False,Brand/Category Page,True,False,False,2026-09-07,2026-08-07 07:00:00,2026-09-07 16:55:10.186478,31
2137234377177427,1631963655169119,True,2026-08-07 07:00:00,2026-09-06 07:00:00,Chemist Warehouse,Chemist Warehouse,{{product.name}},{{product.brand}},Shop now,DCO,https://www.chemistwarehouse.com.au/shop-online/705672/kuci-biome?utm_source=facebook&utm_medium=social&utm_campaign=au_cw_coop_facebook_social_nuchevptyltd_kucibiome_81_2026_100550-bau_image&utm_term=traffic&utm_content=image_static-image,www.chemistwarehouse.com.au,/shop-online/705672/kuci-biome,facebook,social,au_cw_coop_facebook_social_nuchevptyltd_kucibiome_81_2026_100550-bau_image,81,traffic,image_static-image,Coop,Nuchevptyltd,Kucibiome,2026,image,Which Kuci Is Yours?,Daily support. Made specifically for women. Shop now at Chemist Warehouse.,Shop Now,https://scontent.flim31-1.fna.fbcdn.net/v/t39.35426-6/768172788_1359882022375665_2316030202733609612_n.jpg?_nc_cat=103&ccb=1-7&_nc_sid=c53f8f&_nc_ohc=ILVvNg_tQkQQ7kNvwEMVim0&_nc_oc=Adq05wUa5ZMnTJEqEy9FnHB9uZ-nKrHGeZOe0rpJYCFdv6pdlqsx0wC2yt4AO87IXEk&_nc_zt=14&_nc_ht=scontent.flim31-1.fna&_nc_gid=wlaHJkhDbO0OK5P0Hk1Xag&_nc_ss=7f180&oh=00_AQKsoq6a0ulnPUIBLdAKDw0LXwg8X9oO5Ad6g_O1upRr-g&oe=6AA3A01C,,"['FACEBOOK', 'INSTAGRAM']",au,cw,facebook,social,2026-W36,2026-09,"FACEBOOK, INSTAGRAM",True,True,False,False,False,False,Brand/Category Page,True,False,False,2026-09-07,2026-08-07 07:00:00,2026-09-07 16:55:10.186478,31
2384944615362952,1601169851614428,True,2026-08-07 07:00:00,2026-09-06 07:00:00,Chemist Warehouse,Chemist Warehouse,{{product.name}},{{product.brand}},Shop now,DCO,https://www.chemistwarehouse.com.au/shop-online/705672/kuci-biome?utm_source=facebook&utm_medium=social&utm_campaign=au_cw_coop_facebook_social_nuchevptyltd_kucibiome_81_2026_100550-bau_image&utm_term=traffic&utm_content=image_static-image,www.chemistwarehouse.com.au,/shop-online/705672/kuci-biome,facebook,social,au_cw_coop_facebook_social_nuchevptyltd_kucibiome_81_2026_100550-bau_image,81,traffic,image_static-image,Coop,Nuchevptyltd,Kucibiome,2026,image,Which Kuci Is Yours?,Daily support. Made specifically for women. Shop now at Chemist Warehouse.,Shop Now,https://scontent.flim31-1.fna.fbcdn.net/v/t39.35426-6/765995791_1078392911292422_716295583904570666_n.jpg?_nc_cat=111&ccb=1-7&_nc_sid=c53f8f&_nc_ohc=q5dntWRHbycQ7kNvwFlJeb4&_nc_oc=Ado2Hsrl1_NKN_UdHL-shWpC4y0PZ7tHmn2RazKDzF_v0LqjMc2nzbXJ9G-MU1LB4xc&_nc_zt=14&_nc_ht=scontent.flim31-1.fna&_nc_gid=wlaHJkhDbO0OK5P0Hk1Xag&_nc_ss=7f180&oh=00_AQLVldek96ehvBIYuKky_q2wC4IGeWHt_RjsYzbYwzq-gg&oe=6AA3C55B,,"['FACEBOOK', 'INSTAGRAM']",au,cw,facebook,social,2026-W36,2026-09,"FACEBOOK, INSTAGRAM",True,True,False,False,False,False,Brand/Category Page,True,False,False,2026-09-07,2026-08-07 07:00:00,2026-09-07 16:55:10.186478,31
1041366075279436,1042366038396339,True,2026-08-07 07:00:00,2026-09-06 07:00:00,Chemist Warehouse,Chemist Warehouse,{{product.name}},{{product.brand}},Shop now,DCO,https://www.chemistwarehouse.com.au/shop-online/705672/kuci-biome?utm_source=facebook&utm_medium=social&utm_campaign=au_cw_coop_facebook_social_nuchevptyltd_kucibiome_81_2026_100550-bau_image&utm_term=traffic&utm_content=image_static-image,www.chemistwarehouse.com.au,/shop-online/705672/kuci-biome,facebook,social,au_cw_coop_facebook_social_nuchevptyltd_kucibiome_81_2026_100550-bau_image,81,traffic,image_static-image,Coop,Nuchevptyltd,Kucibiome,2026,image,Which Kuci Is Yours?,Daily support. Made specifically for women. Shop now at Chemist Warehouse.,Shop Now,https://scontent.flim31-1.fna.fbcdn.net/v/t39.35426-6/769144642_1584780123354796_5803166694865367492_n.jpg?_nc_cat=104&ccb=1-7&_nc_sid=c53f8f&_nc_ohc=h_qXWPzBfCIQ7kNvwF7_QGu&_nc_oc=Ado_hDLSp6ix5VcDyYxXmhWN5s5-go16siCbjVOYM2KC5qrZsQN04Xws2TnhhghKPPY&_nc_zt=14&_nc_ht=scontent.flim31-1.fna&_nc_gid=wlaHJkhDbO0OK5P0Hk1Xag&_nc_ss=7f180&oh=00_AQL0FMYmdG4jF5CNjztYyfH9rUodyj8jm_i2sB5sv6gKEw&oe=6AA3A284,,"['FACEBOOK', 'INSTAGRAM']",au,cw,facebook,social,2026-W36,2026-09,"FACEBOOK, INSTAGRAM",True,True,False,False,False,False,Brand/Category Page,True,False,False,2026-09-07,2026-08-07 07:00:00,2026-09-07 16:55:10.186478,31
1362693289300924,1242018771327941,True,2026-08-06 07:00:00,2026-09-06 07:00:00,Chemist Warehouse,Chemist Warehouse,Neutrogena Vitamin C,Shop Neutrogena Collagen Bank 15% Pure Vitamin C Serum at Chemist Warehouse.,Shop now,VIDEO,https://fb.com/canvas_doc/1027471007000638,fb.com,/canvas_doc/1027471007000638,,,,,,,Not Specified,,,,,,,,,,"['FACEBOOK', 'INSTAGRAM', 'AUDIENCE_NETWORK', 'MESSENGER', 'THREADS']",,,,,2026-W36,2026-09,"FACEBOOK, INSTAGRAM, AUDIENCE_NETWORK, MESSENGER, THREADS",True,True,True,True,True,False,Internal/App Page,True,True,False,2026-09-07,2026-08-06 07:00:00,2026-09-07 16:55:10.186478,32
1058986423554426,1777325246750979,True,2026-08-06 07:00:00,2026-09-06 07:00:00,Chemist Warehouse,Chemist Warehouse,{{product.name}},{{product.brand}},Shop now,DCO,https://www.chemistwarehouse.com.au/shop-online/1873/neutrogena?utm_source=facebook&utm_medium=social&utm_campaign=au_cw_oa_facebook_social_johnsonjohnsonpacific_neutrogena_665_jul25_100649-oa_video-image&utm_term=traffic&utm_content=video-image_video-image,www.chemistwarehouse.com.au,/shop-online/1873/neutrogena,facebook,social,au_cw_oa_facebook_social_johnsonjohnsonpacific_neutrogena_665_jul25_100649-oa_video-image,665,traffic,video-image_video-image,O&O,Johnsonjohnsonpacific,Neutrogena,jul25,video-image,Neutrogena Vitamin C,Shop Neutrogena Collagen Bank 15% Pure Vitamin C Serum at Chemist Warehouse.,Shop Now,,https://video.flim31-1.fna.fbcdn.net/o1/v/t2/f2/m366/AQNdJI0jDJikUvtx1XYBFCrYlOvNjiQ-UlFlLmi9nuon4RlhVMjxaOsYI8tae14EgKWWfMqlvnH9JpSls6ricD672cXLzCIOFAge5g-GWsVaew.mp4?_nc_cat=101&_nc_oc=AdpCYpSE1qfzJIGiozUvhgP6UHKinS9NJt4YJR759enW0hQAZdtY2-HR5KkhIisPVKg&_nc_sid=b66105&_nc_ht=video.flim31-1.fna.fbcdn.net&_nc_ohc=QJy4UK58EdcQ7kNvwG5C9Wi&efg=eyJ2ZW5jb2RlX3RhZyI6Inhwdl9wcm9ncmVzc2l2ZS5WSV9VU0VDQVNFX1BST0RVQ1RfVFlQRS4uQzMuNzIwLmRhc2hfaDI2NC1iYXNpYy1nZW4yXzcyMHAiLCJ4cHZfYXNzZXRfaWQiOjEwODEyNjQ2NzA5OTU3MzMsImFzc2V0X2FnZV9kYXlzIjozMCwidmlfdXNlY2FzZV9pZCI6MTA3OTksImR1cmF0aW9uX3MiOjM1LCJ1cmxnZW5fc291cmNlIjoid3d3In0%3D&ccb=17-1&vs=262f4c903306b00&_nc_vs=HBksFQIYRWZiX2VwaGVtZXJhbC9GMTQ0MjEzNjY2MTExMEYwRkRFNkY4N0ExMkMzMDg5M19tdF8xX3ZpZGVvX2Rhc2hpbml0Lm1wNBUAAsgBEgAVAhhAZmJfcGVybWFuZW50L0U4NDEwQzk3QjBBRUZFM0U5MjI3QzdEMjExMkREQ0E2X2F1ZGlvX2Rhc2hpbml0Lm1wNBUCAsgBEgAoABgAGwKIB3VzZV9vaWwBMRJwcm9ncmVzc2l2ZV9yZWNpcGUBMRUAACaq1PvJ8dnrAxUCKAJDMywXQEHd0vGp--cYGWRhc2hfaDI2NC1iYXNpYy1nZW4yXzcyMHARAHUAZd6oAQA&_nc_gid=wlaHJkhDbO0OK5P0Hk1Xag&_nc_ss=7f180&_nc_zt=28&oh=00_AQJh2OuJtUeMHXWp_cdL2p8d1cEAxvRQZbJk6KB3pJXtPA&oe=6AA3A6DB,"['FACEBOOK', 'INSTAGRAM', 'AUDIENCE_NETWORK', 'MESSENGER', 'WHATSAPP', 'THREADS']",au,cw,facebook,social,2026-W36,2026-09,"FACEBOOK, INSTAGRAM, AUDIENCE_NETWORK, MESSENGER, WHATSAPP, THREADS",True,True,True,True,True,True,Brand/Category Page,True,False,False,2026-09-07,2026-08-06 07:00:00,2026-09-07 16:55:10.186478,32
1573785094151191,1777325246750979,True,2026-08-06 07:00:00,2026-09-06 07:00:00,Chemist Warehouse,Chemist Warehouse,{{product.name}},{{product.brand}},Shop now,DCO,https://www.chemistwarehouse.com.au/shop-online/1873/neutrogena?utm_source=facebook&utm_medium=social&utm_campaign=au_cw_oa_facebook_social_johnsonjohnsonpacific_neutrogena_665_jul25_100649-oa_video-image&utm_term=traffic&utm_content=video-image_video-image,www.chemistwarehouse.com.au,/shop-online/1873/neutrogena,facebook,social,au_cw_oa_facebook_social_johnsonjohnsonpacific_neutrogena_665_jul25_100649-oa_video-image,665,traffic,video-image_video-image,O&O,Johnsonjohnsonpacific,Neutrogena,jul25,video-image,Neutrogena Vitamin C,Shop Neutrogena Collagen Bank 15% Pure Vitamin C Serum at Chemist Warehouse.,Shop Now,,https://video.flim31-1.fna.fbcdn.net/o1/v/t2/f2/m366/AQNdJI0jDJikUvtx1XYBFCrYlOvNjiQ-UlFlLmi9nuon4RlhVMjxaOsYI8tae14EgKWWfMqlvnH9JpSls6ricD672cXLzCIOFAge5g-GWsVaew.mp4?_nc_cat=101&_nc_oc=AdpCYpSE1qfzJIGiozUvhgP6UHKinS9NJt4YJR759enW0hQAZdtY2-HR5KkhIisPVKg&_nc_sid=b66105&_nc_ht=video.flim31-1.fna.fbcdn.net&_nc_ohc=QJy4UK58EdcQ7kNvwG5C9Wi&efg=eyJ2ZW5jb2RlX3RhZyI6Inhwdl9wcm9ncmVzc2l2ZS5WSV9VU0VDQVNFX1BST0RVQ1RfVFlQRS4uQzMuNzIwLmRhc2hfaDI2NC1iYXNpYy1nZW4yXzcyMHAiLCJ4cHZfYXNzZXRfaWQiOjEwODEyNjQ2NzA5OTU3MzMsImFzc2V0X2FnZV9kYXlzIjozMCwidmlfdXNlY2FzZV9pZCI6MTA3OTksImR1cmF0aW9uX3MiOjM1LCJ1cmxnZW5fc291cmNlIjoid3d3In0%3D&ccb=17-1&vs=262f4c903306b00&_nc_vs=HBksFQIYRWZiX2VwaGVtZXJhbC9GMTQ0MjEzNjY2MTExMEYwRkRFNkY4N0ExMkMzMDg5M19tdF8xX3ZpZGVvX2Rhc2hpbml0Lm1wNBUAAsgBEgAVAhhAZmJfcGVybWFuZW50L0U4NDEwQzk3QjBBRUZFM0U5MjI3QzdEMjExMkREQ0E2X2F1ZGlvX2Rhc2hpbml0Lm1wNBUCAsgBEgAoABgAGwKIB3VzZV9vaWwBMRJwcm9ncmVzc2l2ZV9yZWNpcGUBMRUAACaq1PvJ8dnrAxUCKAJDMywXQEHd0vGp--cYGWRhc2hfaDI2NC1iYXNpYy1nZW4yXzcyMHARAHUAZd6oAQA&_nc_gid=wlaHJkhDbO0OK5P0Hk1Xag&_nc_ss=7f180&_nc_zt=28&oh=00_AQJh2OuJtUeMHXWp_cdL2p8d1cEAxvRQZbJk6KB3pJXtPA&oe=6AA3A6DB,"['FACEBOOK', 'INSTAGRAM', 'AUDIENCE_NETWORK', 'MESSENGER', 'WHATSAPP', 'THREADS']",au,cw,facebook,social,2026-W36,2026-09,"FACEBOOK, INSTAGRAM, AUDIENCE_NETWORK, MESSENGER, WHATSAPP, THREADS",True,True,True,True,True,True,Brand/Category Page,True,False,False,2026-09-07,2026-08-06 07:00:00,2026-09-07 16:55:10.186478,32
868252762831700,,True,2026-08-06 07:00:00,2026-09-05 07:00:00,Chemist Warehouse,Chemist Warehouse,Strength in Every Drop,"Gentle, effective, and easy to take. Support your child’s growth and immunity with Brauer.",Learn more,IMAGE,https://fb.com/canvas_doc/911514928554732,fb.com,/canvas_doc/911514928554732,,,,,,,Not Specified,,,,,,,,,,"['FACEBOOK', 'INSTAGRAM', 'AUDIENCE_NETWORK', 'MESSENGER', 'THREADS']",,,,,2026-W36,2026-09,"FACEBOOK, INSTAGRAM, AUDIENCE_NETWORK, MESSENGER, THREADS",True,True,True,True,True,False,Internal/App Page,True,False,False,2026-09-07,2026-08-06 07:00:00,2026-09-07 16:55:10.186478,32
2098998647711966,1541174150825405,True,2026-08-04 07:00:00,2026-09-06 07:00:00,Chemist Warehouse,Chemist Warehouse,{{product.name}},{{product.brand}},Shop now,DCO,https://www.chemistwarehouse.com.au/shop-online/705405/oral-b?utm_source=facebook&utm_medium=social&utm_campaign=au_cw_coop_facebook_social_proctergambleaustralia_oralb_159_2026_100078-bau_video-image&utm_term=conversion&utm_content=video-image_all,www.chemistwarehouse.com.au,/shop-online/705405/oral-b,facebook,social,au_cw_coop_facebook_social_proctergambleaustralia_oralb_159_2026_100078-bau_video-image,159,conversion,video-image_all,Coop,Proctergambleaustralia,Oralb,2026,video-image,Oral-B 3D White,Brighten your smile with Oral-B! Removes tough surface stains to reveal a whiter smile,Shop Now,https://scontent.flim31-1.fna.fbcdn.net/v/t39.35426-6/679620282_1493463785839608_2255260499557027136_n.jpg?_nc_cat=103&ccb=1-7&_nc_sid=c53f8f&_nc_ohc=YetwE6b-U3QQ7kNvwH0s3iO&_nc_oc=AdoPSCFbGlxKKCStXIZxib6kw4L3_G1qh1yjT0iu1-9jIHYwBIIS2J3tQaqraqmhBac&_nc_zt=14&_nc_ht=scontent.flim31-1.fna&_nc_gid=wlaHJkhDbO0OK5P0Hk1Xag&_nc_ss=7f180&oh=00_AQLt5kGEJkr8VgtU34QUSPaVL1oahy5-tj-AYBegMD_VHQ&oe=6AA3A810,,"['FACEBOOK', 'INSTAGRAM', 'AUDIENCE_NETWORK', 'THREADS']",au,cw,facebook,social,2026-W36,2026-09,"FACEBOOK, INSTAGRAM, AUDIENCE_NETWORK, THREADS",True,True,True,False,True,False,Brand/Category Page,True,False,False,2026-09-07,2026-08-04 07:00:00,2026-09-07 16:55:10.186478,34
2089555831661751,,True,2026-08-04 07:00:00,2026-09-06 07:00:00,Chemist Warehouse,Chemist Warehouse,{{product.name}},Shop Oral-B iO at Chemist Warehouse,Shop now,DPA,http://www.chemistwarehouse.com.au/,www.chemistwarehouse.com.au,/,,,,,,,Not Specified,,,,,Oral B Power Toothbrush iO Advanced Clean Refills Black 2 Pack,Shop Oral-B iO at Chemist Warehouse,Shop Now,https://scontent.flim31-1.fna.fbcdn.net/v/t39.35426-6/678292381_1872490583464696_9139571396299930742_n.jpg?_nc_cat=107&ccb=1-7&_nc_sid=c53f8f&_nc_ohc=yt7mP4j8SEEQ7kNvwHK__WW&_nc_oc=AdonbMd-DFeAR3N56lmvJT-JzzBVNUCDCWP3oEzsBRFtQ0v0gAUUprD2BTrkVWVa9ZA&_nc_zt=14&_nc_ht=scontent.flim31-1.fna&_nc_gid=wlaHJkhDbO0OK5P0Hk1Xag&_nc_ss=7f180&oh=00_AQIfdoc6qhRq5B3D5_O-TJWvqjDewvtqEhPTGEx5J0jh3g&oe=6AA3CA99,,"['FACEBOOK', 'INSTAGRAM', 'AUDIENCE_NETWORK', 'THREADS']",,,,,2026-W36,2026-09,"FACEBOOK, INSTAGRAM, AUDIENCE_NETWORK, THREADS",True,True,True,False,True,False,Homepage,True,True,False,2026-09-07,2026-08-04 07:00:00,2026-09-07 16:55:10.186478,34
1255316686628018,1066907002452992,True,2026-08-04 07:00:00,2026-09-06 07:00:00,Chemist Warehouse,Chemist Warehouse,{{product.name}},{{product.brand}},Shop now,DCO,https://www.chemistwarehouse.com.au/shop-online/705405/oral-b?utm_source=facebook&utm_medium=social&utm_campaign=au_cw_coop_facebook_social_proctergambleaustralia_oralb_159_2026_100078-bau_video-image&utm_term=conversion&utm_content=video-image_all,www.chemistwarehouse.com.au,/shop-online/705405/oral-b,facebook,social,au_cw_coop_facebook_social_proctergambleaustralia_oralb_159_2026_100078-bau_video-image,159,conversion,video-image_all,Coop,Proctergambleaustralia,Oralb,2026,video-image,Oral-B 3D White,Brighten your smile with Oral-B! Removes tough surface stains to reveal a whiter smile,Shop Now,https://scontent.flim31-1.fna.fbcdn.net/v/t39.35426-6/681186044_1335483215061311_2113925251303489146_n.jpg?_nc_cat=111&ccb=1-7&_nc_sid=c53f8f&_nc_ohc=gBcjRQvwGOgQ7kNvwHkqwjo&_nc_oc=AdopGgej3TXMpNm67RF3SD12K40H7o1FZpQKGscRzZVpL7UQR6EPU2zDxnkITqwufUY&_nc_zt=14&_nc_ht=scontent.flim31-1.fna&_nc_gid=wlaHJkhDbO0OK5P0Hk1Xag&_nc_ss=7f180&oh=00_AQKOo7GMwBUiOdD8jq4ffii4ZUnFZUh4-6ImwfqIUyCLjA&oe=6AA3BCB9,,"['FACEBOOK', 'INSTAGRAM', 'AUDIENCE_NETWORK', 'THREADS']",au,cw,facebook,social,2026-W36,2026-09,"FACEBOOK, INSTAGRAM, AUDIENCE_NETWORK, THREADS",True,True,True,False,True,False,Brand/Category Page,True,False,False,2026-09-07,2026-08-04 07:00:00,2026-09-07 16:55:10.186478,34
1675739733508863,,True,2026-08-04 07:00:00,2026-09-03 07:00:00,Chemist Warehouse,Chemist Warehouse,Oral-B 3D White Range,Visibly Whiter Teeth in 1 Day with Oral-B! Removes tough surface stains for a brighter smile. Shop now at Chemist Warehouse.,Shop now,IMAGE,https://fb.com/canvas_doc/1737663727265517,fb.com,/canvas_doc/1737663727265517,,,,,,,Not Specified,,,,,,,,,,"['FACEBOOK', 'INSTAGRAM', 'AUDIENCE_NETWORK', 'THREADS']",,,,,2026-W36,2026-09,"FACEBOOK, INSTAGRAM, AUDIENCE_NETWORK, THREADS",True,True,True,False,True,False,Internal/App Page,True,True,False,2026-09-07,2026-08-04 07:00:00,2026-09-07 16:55:10.186478,34
887424480714996,,True,2026-08-04 07:00:00,2026-09-05 07:00:00,Chemist Warehouse,Chemist Warehouse,Oral-B 3D White Range,Brighten your smile with Oral-B 3D White removes tough surface stains for a brighter smile. Shop now at Chemist Warehouse.,Shop now,IMAGE,https://fb.com/canvas_doc/1370530718360648,fb.com,/canvas_doc/1370530718360648,,,,,,,Not Specified,,,,,,,,,,"['FACEBOOK', 'INSTAGRAM', 'AUDIENCE_NETWORK', 'THREADS']",,,,,2026-W36,2026-09,"FACEBOOK, INSTAGRAM, AUDIENCE_NETWORK, THREADS",True,True,True,False,True,False,Internal/App Page,True,True,False,2026-09-07,2026-08-04 07:00:00,2026-09-07 16:55:10.186478,34
27647095814956075,1650372882867076,True,2026-08-04 07:00:00,2026-09-06 07:00:00,Chemist Warehouse,Chemist Warehouse,{{product.name}},{{product.brand}},Shop now,DCO,https://www.chemistwarehouse.com.au/shop-online/705405/oral-b?utm_source=facebook&utm_medium=social&utm_campaign=au_cw_coop_facebook_social_proctergambleaustralia_oralb_159_2026_100078-bau_video-image&utm_term=conversion&utm_content=video-image_all,www.chemistwarehouse.com.au,/shop-online/705405/oral-b,facebook,social,au_cw_coop_facebook_social_proctergambleaustralia_oralb_159_2026_100078-bau_video-image,159,conversion,video-image_all,Coop,Proctergambleaustralia,Oralb,2026,video-image,Oral-B brush heads,A worn brush won't clean your teeth properly! Change to get back to 100% cleaning power,Shop Now,https://scontent.flim31-1.fna.fbcdn.net/v/t39.35426-6/678831649_1490660722700498_8335171074885402848_n.jpg?_nc_cat=109&ccb=1-7&_nc_sid=c53f8f&_nc_ohc=zDh5RaubsZcQ7kNvwGyR7_F&_nc_oc=AdqRAFRMlaECl5vYc5Nbg5RRlbn18NMo6zsbdioE4oW9hWFL8YGoSkr7rslRW5XUJqM&_nc_zt=14&_nc_ht=scontent.flim31-1.fna&_nc_gid=wlaHJkhDbO0OK5P0Hk1Xag&_nc_ss=7f180&oh=00_AQJytTu26pxz1_eqf2B-XlXlx7mBgh-Ifuxa0uELtwznRQ&oe=6AA3ACA8,,"['FACEBOOK', 'INSTAGRAM', 'AUDIENCE_NETWORK', 'THREADS']",au,cw,facebook,social,2026-W36,2026-09,"FACEBOOK, INSTAGRAM, AUDIENCE_NETWORK, THREADS",True,True,True,False,True,False,Brand/Category Page,True,False,False,2026-09-07,2026-08-04 07:00:00,2026-09-07 16:55:10.186478,34
1051177757279205,3394713860725667,True,2026-08-04 07:00:00,2026-09-06 07:00:00,Chemist Warehouse,Chemist Warehouse,{{product.name}},{{product.brand}},Shop now,DCO,https://www.chemistwarehouse.com.au/shop-online/705405/oral-b?utm_source=facebook&utm_medium=social&utm_campaign=au_cw_coop_facebook_social_proctergambleaustralia_oralb_159_2026_100078-bau_video-image&utm_term=conversion&utm_content=video-image_all,www.chemistwarehouse.com.au,/shop-online/705405/oral-b,facebook,social,au_cw_coop_facebook_social_proctergambleaustralia_oralb_159_2026_100078-bau_video-image,159,conversion,video-image_all,Coop,Proctergambleaustralia,Oralb,2026,video-image,Oral-B brush heads,Remember to change your brush heads every 3 months! Stock up and save at Chemist Warehouse,Shop Now,https://scontent.flim31-1.fna.fbcdn.net/v/t39.35426-6/657522575_1450788066749224_1217424552094019227_n.jpg?_nc_cat=111&ccb=1-7&_nc_sid=c53f8f&_nc_ohc=WkBSvIX72yIQ7kNvwFyAUxy&_nc_oc=Ado7nw_UBEY32xX_yVFk3yoSAFKxUi0CNAdika2rG5M90KnAerU_feLj_17W0qDHyZQ&_nc_zt=14&_nc_ht=scontent.flim31-1.fna&_nc_gid=wlaHJkhDbO0OK5P0Hk1Xag&_nc_ss=7f180&oh=00_AQJtWry2FuzWqZ3XSXTJKR7L_H4A0EWGQt8ZyZ9eEVE94Q&oe=6AA3C886,,"['FACEBOOK', 'INSTAGRAM', 'AUDIENCE_NETWORK', 'THREADS']",au,cw,facebook,social,2026-W36,2026-09,"FACEBOOK, INSTAGRAM, AUDIENCE_NETWORK, THREADS",True,True,True,False,True,False,Brand/Category Page,True,False,False,2026-09-07,2026-08-04 07:00:00,2026-09-07 16:55:10.186478,34
1809180870523255,,True,2026-08-04 07:00:00,2026-09-05 07:00:00,Chemist Warehouse,Chemist Warehouse,Oral-B brush heads,Remember to change your brush heads every 3 months! Stock up and save at Chemist Warehouse,Shop now,IMAGE,https://fb.com/canvas_doc/2403952293363225,fb.com,/canvas_doc/2403952293363225,,,,,,,Not Specified,,,,,,,,,,"['FACEBOOK', 'INSTAGRAM', 'AUDIENCE_NETWORK', 'THREADS']",,,,,2026-W36,2026-09,"FACEBOOK, INSTAGRAM, AUDIENCE_NETWORK, THREADS",True,True,True,False,True,False,Internal/App Page,True,True,False,2026-09-07,2026-08-04 07:00:00,2026-09-07 16:55:10.186478,34
1410175964320961,,True,2026-08-04 07:00:00,2026-09-04 07:00:00,Chemist Warehouse,Chemist Warehouse,Oral-B 3D White Range,Brighten your smile with Oral-B 3D White removes tough surface stains for a brighter smile. Shop now at Chemist Warehouse.,Shop now,IMAGE,https://fb.com/canvas_doc/27206958465665982,fb.com,/canvas_doc/27206958465665982,,,,,,,Not Specified,,,,,,,,,,"['FACEBOOK', 'INSTAGRAM', 'AUDIENCE_NETWORK', 'THREADS']",,,,,2026-W36,2026-09,"FACEBOOK, INSTAGRAM, AUDIENCE_NETWORK, THREADS",True,True,True,False,True,False,Internal/App Page,True,True,False,2026-09-07,2026-08-04 07:00:00,2026-09-07 16:55:10.186478,34
2196470021135417,,True,2026-08-04 07:00:00,2026-09-06 07:00:00,Chemist Warehouse,Chemist Warehouse,Ciao! Meet Bambi Mini Co,"Bambi Mini Co. has snuggle-ready babywear, perfect for sleepytime and wriggle time. Exclusive to Chemist Warehouse.",Shop now,IMAGE,https://fb.com/canvas_doc/1405029541525577,fb.com,/canvas_doc/1405029541525577,,,,,,,Not Specified,,,,,,,,,,"['FACEBOOK', 'INSTAGRAM', 'MESSENGER', 'THREADS']",,,,,2026-W36,2026-09,"FACEBOOK, INSTAGRAM, MESSENGER, THREADS",True,True,False,True,True,False,Internal/App Page,True,True,False,2026-09-07,2026-08-04 07:00:00,2026-09-07 16:55:10.186478,34
2297940324307015,,True,2026-08-04 07:00:00,2026-09-05 07:00:00,Chemist Warehouse,Chemist Warehouse,Stock up - sale on now!,This is your sign to switch out your old toothbrush head - change now to get back to 100% cleaning power!,Learn more,IMAGE,https://fb.com/canvas_doc/1566257237913544,fb.com,/canvas_doc/1566257237913544,,,,,,,Not Specified,,,,,,,,,,"['FACEBOOK', 'INSTAGRAM', 'AUDIENCE_NETWORK', 'THREADS']",,,,,2026-W36,2026-09,"FACEBOOK, INSTAGRAM, AUDIENCE_NETWORK, THREADS",True,True,True,False,True,False,Internal/App Page,True,False,False,2026-09-07,2026-08-04 07:00:00,2026-09-07 16:55:10.186478,34
3556234891191769,,True,2026-08-04 07:00:00,2026-09-04 07:00:00,Chemist Warehouse,Chemist Warehouse,Oral-B 3D White Range,Three Step routine for visibly whiter teeth with Oral-B. Shop now at Chemist Warehouse!,Shop now,IMAGE,https://fb.com/canvas_doc/2503652266742649,fb.com,/canvas_doc/2503652266742649,,,,,,,Not Specified,,,,,,,,,,"['FACEBOOK', 'INSTAGRAM', 'AUDIENCE_NETWORK', 'THREADS']",,,,,2026-W36,2026-09,"FACEBOOK, INSTAGRAM, AUDIENCE_NETWORK, THREADS",True,True,True,False,True,False,Internal/App Page,True,True,False,2026-09-07,2026-08-04 07:00:00,2026-09-07 16:55:10.186478,34
1023205543962599,,True,2026-08-04 07:00:00,2026-09-06 07:00:00,Chemist Warehouse,Chemist Warehouse,Ciao! Meet Bambi Mini Co,"Bambi Mini Co. has snuggle-ready babywear, perfect for sleepytime and wriggle time. Exclusive to Chemist Warehouse.",Shop now,IMAGE,https://fb.com/canvas_doc/2799869900383086,fb.com,/canvas_doc/2799869900383086,,,,,,,Not Specified,,,,,,,,,,"['FACEBOOK', 'INSTAGRAM', 'MESSENGER', 'THREADS']",,,,,2026-W36,2026-09,"FACEBOOK, INSTAGRAM, MESSENGER, THREADS",True,True,False,True,True,False,Internal/App Page,True,True,False,2026-09-07,2026-08-04 07:00:00,2026-09-07 16:55:10.186478,34
1716681966323703,1670640730709410,True,2026-08-03 07:00:00,2026-09-06 07:00:00,Chemist Warehouse,Chemist Warehouse,{{product.name}},{{product.brand}},Shop now,DCO,https://www.chemistwarehouse.com.au/shop-online/2601/nude-by-nature?&utm_source=facebook&utm_medium=social&utm_campaign=au_cw_coop_facebook_social_nudebynatureptyltd_nudebynature_648_2026_100097-bau_video-image&utm_term=conversion&utm_content=video-image_branding,www.chemistwarehouse.com.au,/shop-online/2601/nude-by-nature,facebook,social,au_cw_coop_facebook_social_nudebynatureptyltd_nudebynature_648_2026_100097-bau_video-image,648,conversion,video-image_branding,Coop,Nudebynatureptyltd,Nudebynature,2026,video-image,Exclusive to Chemist Warehouse,"Nude By Nature New Dewey Derum Skin Tint available now exclusively at CWH! Powered by skin loving ingredients, with a radiant Dewey finish which helps to hydrate and plump the look of your skin.",Shop Now,,https://video.flim31-1.fna.fbcdn.net/o1/v/t2/f2/m366/AQNCA-gAtFLpF6Xp4iD9INPw8fcpRFF7WKJ2-6AKdWltkrElmp7xrshSxjt8ipPSZuskW-xq0KrMfKIGE7FmlR5ChEqqAgB9nIUdjXgnaXmSyw.mp4?_nc_cat=101&_nc_oc=AdrmiJEeHiLpXroD9fXAGxoLab-9aPPSbR-8e3DKzsA5cUsQtkZBcZzkrRim0ZLvHeo&_nc_sid=b66105&_nc_ht=video.flim31-1.fna.fbcdn.net&_nc_ohc=7MIJE0rdOX4Q7kNvwFaqdnP&efg=eyJ2ZW5jb2RlX3RhZyI6Inhwdl9wcm9ncmVzc2l2ZS5WSV9VU0VDQVNFX1BST0RVQ1RfVFlQRS4uQzMuNzIwLmRhc2hfaDI2NC1iYXNpYy1nZW4yXzcyMHAiLCJ4cHZfYXNzZXRfaWQiOjE2ODQ4NzI4MjkyNTY5NjgsImFzc2V0X2FnZV9kYXlzIjozMywidmlfdXNlY2FzZV9pZCI6MTA3OTksImR1cmF0aW9uX3MiOjM0LCJ1cmxnZW5fc291cmNlIjoid3d3In0%3D&ccb=17-1&vs=ae9bf876227835dc&_nc_vs=HBksFQIYRWZiX2VwaGVtZXJhbC9FQzRGODVBQ0YzMjZBOEQ3RjRBNUY0MTFEMzlBMTg4NF9tdF8xX3ZpZGVvX2Rhc2hpbml0Lm1wNBUAAsgBEgAVAhhAZmJfcGVybWFuZW50L0RFNEM3QzVGNEUzM0Y5QjMwMDRBQTlBNDg3NUE1Qjg4X2F1ZGlvX2Rhc2hpbml0Lm1wNBUCAsgBEgAoABgAGwKIB3VzZV9vaWwBMRJwcm9ncmVzc2l2ZV9yZWNpcGUBMRUAACaQlNbnwJj-BRUCKAJDMywXQEEu2RaHKwIYGWRhc2hfaDI2NC1iYXNpYy1nZW4yXzcyMHARAHUAZd6oAQA&_nc_gid=2iQP61Xqrq4WePj566s9yA&_nc_ss=7f180&_nc_zt=28&oh=00_AQLzji7ImdRLSDrd5yPy9DU1kP3dpOGxwzVDoPYnCDiCuA&oe=6AA3C8D3,"['FACEBOOK', 'INSTAGRAM', 'AUDIENCE_NETWORK', 'MESSENGER', 'THREADS']",au,cw,facebook,social,2026-W36,2026-09,"FACEBOOK, INSTAGRAM, AUDIENCE_NETWORK, MESSENGER, THREADS",True,True,True,True,True,False,Brand/Category Page,True,False,False,2026-09-07,2026-08-03 07:00:00,2026-09-07 16:55:10.186478,35
3296362457230459,2125999278328778,True,2026-08-03 07:00:00,2026-09-06 07:00:00,Chemist Warehouse,Chemist Warehouse,{{product.name}},{{product.brand}},Shop now,DCO,https://www.chemistwarehouse.com.au/shop-online/958/aptamil?utm_source=facebook&utm_medium=social&utm_campaign=au_cw_coop_facebook_social_nutriciaaustraliaptylimited_aptamil_20_2026_100044-bau_video-image&utm_term=traffic&utm_content=video-image_aptamil-static-generic,www.chemistwarehouse.com.au,/shop-online/958/aptamil,facebook,social,au_cw_coop_facebook_social_nutriciaaustraliaptylimited_aptamil_20_2026_100044-bau_video-image,20,traffic,video-image_aptamil-static-generic,Coop,Nutriciaaustraliaptylimited,Aptamil,2026,video-image,Immune ready* for life adventures!,"Contains a blend of prebiotics proven to strengthen their immunity* 

When intake is inadequate.​*prebiotic blend as scGOS/lcFOS in the ratio of 9:1.",Shop Now,https://scontent.flim31-1.fna.fbcdn.net/v/t39.35426-6/765871901_2893366837663785_9079542745751064377_n.jpg?_nc_cat=109&ccb=1-7&_nc_sid=c53f8f&_nc_ohc=wCxHIPLHy0EQ7kNvwHzY1bN&_nc_oc=Adqy4yJcHC5D53mmtmcSCSyVqGkR7BwzuyaAxN0x9kh9TUdYEyUMa_X-4F7UN8-x9T8&_nc_zt=14&_nc_ht=scontent.flim31-1.fna&_nc_gid=2iQP61Xqrq4WePj566s9yA&_nc_ss=7f180&oh=00_AQI0V_jNfCTfmeghropz-9ZusA2lFZJ4gZovvqrlt33-MQ&oe=6AA3C81B,,"['FACEBOOK', 'INSTAGRAM', 'MESSENGER', 'WHATSAPP']",au,cw,facebook,social,2026-W36,2026-09,"FACEBOOK, INSTAGRAM, MESSENGER, WHATSAPP",True,True,False,True,False,True,Brand/Category Page,True,False,False,2026-09-07,2026-08-03 07:00:00,2026-09-07 16:55:10.186478,35
1905398736791538,27623231247318295,True,2026-08-03 07:00:00,2026-09-05 07:00:00,Chemist Warehouse,Chemist Warehouse,{{product.name}},{{product.brand}},Shop now,DCO,https://www.chemistwarehouse.com.au/shop-online/958/aptamil?utm_source=facebook&utm_medium=social&utm_campaign=au_cw_coop_facebook_social_nutriciaaustraliaptylimited_aptamil_20_2026_100044-bau_video-image&utm_term=traffic&utm_content=video-image_aptamil-video-generic,www.chemistwarehouse.com.au,/shop-online/958/aptamil,facebook,social,au_cw_coop_facebook_social_nutriciaaustraliaptylimited_aptamil_20_2026_100044-bau_video-image,20,traffic,video-image_aptamil-video-generic,Coop,Nutriciaaustraliaptylimited,Aptamil,2026,video-image,Immune ready* for life adventures!,"Contains a blend of prebiotics proven to strengthen their immunity* 

When intake is inadequate.​*prebiotic blend as scGOS/lcFOS in the ratio of 9:1.",Shop Now,,https://video.flim31-1.fna.fbcdn.net/o1/v/t2/f2/m366/AQMcb89cPcTlHzp7t_21_uJWKDn9eaiEliHx9hCCsVLyH9wibfRpucImnJgM9TAVtKXLx9doR8FIUfXu_Ps6_Kv2-06KLHyGrM0_LcRzg7UCEw.mp4?_nc_cat=105&_nc_oc=AdrUgVgFhJimG76AifIuscOejL9SQuEDZXLDOXWB8_fgpIk9XQ4BPkXUSRwOsOx8F_w&_nc_sid=b66105&_nc_ht=video.flim31-1.fna.fbcdn.net&_nc_ohc=CDaDt3f10PYQ7kNvwFgU0Kl&efg=eyJ2ZW5jb2RlX3RhZyI6Inhwdl9wcm9ncmVzc2l2ZS5WSV9VU0VDQVNFX1BST0RVQ1RfVFlQRS4uQzMuNzIwLmRhc2hfaDI2NC1iYXNpYy1nZW4yXzcyMHAiLCJ4cHZfYXNzZXRfaWQiOjIzMzI0NzcyODA1NzE0NTUsImFzc2V0X2FnZV9kYXlzIjoxNDUsInZpX3VzZWNhc2VfaWQiOjEwNzk5LCJkdXJhdGlvbl9zIjo2LCJ1cmxnZW5fc291cmNlIjoid3d3In0%3D&ccb=17-1&vs=3f85cc4d6135c641&_nc_vs=HBkcFQIYRWZiX2VwaGVtZXJhbC9GNjRCOEQ0QTYwQThDQzhBREZFOERBNzMyQkQ5MzE4RF9tdF8xX3ZpZGVvX2Rhc2hpbml0Lm1wNBUAAsgBEgAoABgAGwKIB3VzZV9vaWwBMRJwcm9ncmVzc2l2ZV9yZWNpcGUBMRUAACb-wIr8hdikCBUCKAJDMywXQBoAAAAAAAAYGWRhc2hfaDI2NC1iYXNpYy1nZW4yXzcyMHARAHUAZd6oAQA&_nc_gid=2iQP61Xqrq4WePj566s9yA&_nc_ss=7f180&_nc_zt=28&oh=00_AQJOZfAxYw0Jbj6cHxNkqs1U8icXRbSZm1xoL2ON4DiNHw&oe=6AA3B47F,"['FACEBOOK', 'INSTAGRAM', 'MESSENGER', 'WHATSAPP']",au,cw,facebook,social,2026-W36,2026-09,"FACEBOOK, INSTAGRAM, MESSENGER, WHATSAPP",True,True,False,True,False,True,Brand/Category Page,True,False,False,2026-09-07,2026-08-03 07:00:00,2026-09-07 16:55:10.186478,35
2829425414087712,1051305283951182,True,2026-08-07 07:00:00,2026-09-05 07:00:00,Chemist Warehouse,Chemist Warehouse,{{product.name}},{{product.brand}},Shop now,DCO,https://www.chemistwarehouse.com.au/shop-online/705672/kuci-biome?utm_source=facebook&utm_medium=social&utm_campaign=au_cw_coop_facebook_social_nuchevptyltd_kucibiome_81_2026_100550-bau_image&utm_term=traffic&utm_content=image_static-image,www.chemistwarehouse.com.au,/shop-online/705672/kuci-biome,facebook,social,au_cw_coop_facebook_social_nuchevptyltd_kucibiome_81_2026_100550-bau_image,81,traffic,image_static-image,Coop,Nuchevptyltd,Kucibiome,2026,image,Which Kuci Is Yours?,Daily support. Made specifically for women. Shop now at Chemist Warehouse.,Shop Now,https://scontent.flim31-1.fna.fbcdn.net/v/t39.35426-6/764300493_4196036680697826_2171154257694989264_n.jpg?_nc_cat=107&ccb=1-7&_nc_sid=c53f8f&_nc_ohc=s6AgQKFNwKQQ7kNvwG53EIw&_nc_oc=AdqbVUKGGqlkmFol5lmnHCBqrAnPu3k81JI26tl3GazetWWjCarR-HX432mHBfjQ0gg&_nc_zt=14&_nc_ht=scontent.flim31-1.fna&_nc_gid=wlaHJkhDbO0OK5P0Hk1Xag&_nc_ss=7f180&oh=00_AQJucGoIlAluNiaaX2Dsku_O9VhpUdUUGQzBtn36j2TD-w&oe=6AA3A956,,"['FACEBOOK', 'INSTAGRAM']",au,cw,facebook,social,2026-W36,2026-09,"FACEBOOK, INSTAGRAM",True,True,False,False,False,False,Brand/Category Page,True,False,False,2026-09-07,2026-08-07 07:00:00,2026-09-07 16:55:10.186478,31
1437075498263644,1540889083814509,True,2026-08-03 07:00:00,2026-09-06 07:00:00,Chemist Warehouse,Chemist Warehouse,{{product.name}},{{product.brand}},Shop now,DCO,https://www.chemistwarehouse.com.au/shop-online/587/swisse?category=Multivitamins&utm_source=facebook&utm_medium=social&utm_campaign=au_cw_coop_facebook_social_swissewellness_swissewellness_81_2026_100126-bau_image-video-traffic&utm_term=traffic&utm_content=image-video-traffic_image-women,www.chemistwarehouse.com.au,/shop-online/587/swisse,facebook,social,au_cw_coop_facebook_social_swissewellness_swissewellness_81_2026_100126-bau_image-video-traffic,81,traffic,image-video-traffic_image-women,Coop,Swissewellness,Swissewellness,2026,image-video-traffic,Have you had your multi today?,"Daily vitality support for women to help maintain energy, immunity and wellbeing",Shop Now,https://scontent.flim31-1.fna.fbcdn.net/v/t39.35426-6/763805833_1542496957651908_7945504886257248416_n.jpg?_nc_cat=104&ccb=1-7&_nc_sid=c53f8f&_nc_ohc=LC_0dtwKdxAQ7kNvwFRt4UD&_nc_oc=AdoAErUon3RgXHK-DzOuRkKuCZJeQD6R36s9UaUZ4UW54647s1eiAvdsEi1-u1k2EcQ&_nc_zt=14&_nc_ht=scontent.flim31-1.fna&_nc_gid=2iQP61Xqrq4WePj566s9yA&_nc_ss=7f180&oh=00_AQKUpwTHPSNFWKrYiOI1dqeMJTVoiT7eh8rNpkohzTsQOQ&oe=6AA3AAED,,"['FACEBOOK', 'INSTAGRAM']",au,cw,facebook,social,2026-W36,2026-09,"FACEBOOK, INSTAGRAM",True,True,False,False,False,False,Brand/Category Page,True,False,False,2026-09-07,2026-08-03 07:00:00,2026-09-07 16:55:10.186478,35
2235696293846863,2093057468118725,True,2026-08-03 07:00:00,2026-09-06 07:00:00,Chemist Warehouse,Chemist Warehouse,{{product.name}},{{product.brand}},Shop now,DCO,https://www.chemistwarehouse.com.au/shop-online/587/swisse?category=Multivitamins&utm_source=facebook&utm_medium=social&utm_campaign=au_cw_coop_facebook_social_swissewellness_swissewellness_81_2026_100126-bau_image-video-traffic&utm_term=traffic&utm_content=image-video-traffic_image-men,www.chemistwarehouse.com.au,/shop-online/587/swisse,facebook,social,au_cw_coop_facebook_social_swissewellness_swissewellness_81_2026_100126-bau_image-video-traffic,81,traffic,image-video-traffic_image-men,Coop,Swissewellness,Swissewellness,2026,image-video-traffic,Have you had your multi today?,"Daily vitality support for men to help maintain energy, immunity and wellbeing",Shop Now,https://scontent.flim31-1.fna.fbcdn.net/v/t39.35426-6/762737539_1087408057130684_5540394796712416918_n.jpg?_nc_cat=111&ccb=1-7&_nc_sid=c53f8f&_nc_ohc=2YYuE7NAzBYQ7kNvwFyObc-&_nc_oc=AdrwCP-yLGSuO42WvOvQ59NR1uOa9z5P2vIBnZMNFieBydi3JKJ6Thm3NQ3NSe4dd1U&_nc_zt=14&_nc_ht=scontent.flim31-1.fna&_nc_gid=2iQP61Xqrq4WePj566s9yA&_nc_ss=7f180&oh=00_AQIIYhI6_Thq5hugSOxkAQSv0KLhQcNi-L3Ai06fgkS4Lw&oe=6AA3A9CD,,"['FACEBOOK', 'INSTAGRAM']",au,cw,facebook,social,2026-W36,2026-09,"FACEBOOK, INSTAGRAM",True,True,False,False,False,False,Brand/Category Page,True,False,False,2026-09-07,2026-08-03 07:00:00,2026-09-07 16:55:10.186478,35
978189118603112,1921686465173973,True,2026-08-03 07:00:00,2026-09-06 07:00:00,Chemist Warehouse,Chemist Warehouse,{{product.name}},{{product.brand}},Shop now,DCO,https://www.chemistwarehouse.com.au/shop-online/587/swisse?utm_source=facebook&utm_medium=social&utm_campaign=au_cw_coop_facebook_social_swissewellness_swissewellness_81_2026_100126-bau_image-video-traffic&utm_term=traffic&utm_content=image-video-traffic_video-sleep,www.chemistwarehouse.com.au,/shop-online/587/swisse,facebook,social,au_cw_coop_facebook_social_swissewellness_swissewellness_81_2026_100126-bau_image-video-traffic,81,traffic,image-video-traffic_video-sleep,Coop,Swissewellness,Swissewellness,2026,image-video-traffic,Swisse Calm & Sleep,Swisse Sleep Supplements assist natural and restful sleep. Shop now at Chemist Warehouse,Shop Now,,https://video.flim31-1.fna.fbcdn.net/o1/v/t2/f2/m366/AQNf5jsAXON2qBZgZSQdn5OFH1j1xKFr1n11fhJY0n7mofkPR9qEDhwOfsJwXKvoFgLRWfvmWl4sAA9WRQKGw120I2hu7OvInZ10ferqiVw-eQ.mp4?_nc_cat=100&_nc_oc=AdpxJ6CaIMiDe4mNHyVrTuoJZ23LJaeJSE9yBDG4TOc87QG8CnX_4lepkncV7jLBVsE&_nc_sid=b66105&_nc_ht=video.flim31-1.fna.fbcdn.net&_nc_ohc=r6rD39Ew4bsQ7kNvwGU1d_2&efg=eyJ2ZW5jb2RlX3RhZyI6Inhwdl9wcm9ncmVzc2l2ZS5WSV9VU0VDQVNFX1BST0RVQ1RfVFlQRS4uQzMuNzIwLmRhc2hfaDI2NC1iYXNpYy1nZW4yXzcyMHAiLCJ4cHZfYXNzZXRfaWQiOjE0ODM3NjQ2NDMzMjI4MjIsImFzc2V0X2FnZV9kYXlzIjoxNzQsInZpX3VzZWNhc2VfaWQiOjEwNzk5LCJkdXJhdGlvbl9zIjo5LCJ1cmxnZW5fc291cmNlIjoid3d3In0%3D&ccb=17-1&vs=19e2870fcfbfcefb&_nc_vs=HBksFQIYRWZiX2VwaGVtZXJhbC9DNDQ1NzNDMDhEMTc3MzBENjdDQzFFREFERjlCRkZBN19tdF8xX3ZpZGVvX2Rhc2hpbml0Lm1wNBUAAsgBEgAVAhhAZmJfcGVybWFuZW50LzkwNDNFMkMzNTNEOURDRTlDRUU2MjZCQzYyM0RDODk5X2F1ZGlvX2Rhc2hpbml0Lm1wNBUCAsgBEgAoABgAGwKIB3VzZV9vaWwBMRJwcm9ncmVzc2l2ZV9yZWNpcGUBMRUAACaM7_aHvN6iBRUCKAJDMywXQCIAAAAAAAAYGWRhc2hfaDI2NC1iYXNpYy1nZW4yXzcyMHARAHUAZd6oAQA&_nc_gid=2iQP61Xqrq4WePj566s9yA&_nc_ss=7f180&_nc_zt=28&oh=00_AQJUBoM6Ua6Xb912XJdjDH-MFh_TCl9dd1nXNvu6xIJ7sQ&oe=6AA3B440,"['FACEBOOK', 'INSTAGRAM']",au,cw,facebook,social,2026-W36,2026-09,"FACEBOOK, INSTAGRAM",True,True,False,False,False,False,Brand/Category Page,True,False,False,2026-09-07,2026-08-03 07:00:00,2026-09-07 16:55:10.186478,35
1807581556873389,736489289082685,True,2026-08-02 07:00:00,2026-09-06 07:00:00,Chemist Warehouse,Chemist Warehouse,{{product.name}},{{product.brand}},Shop now,DCO,https://www.chemistwarehouse.com.au/shop-online/587/swisse?category=Fish%20%26%20Nutritional%20Oils&utm_source=facebook&utm_medium=social&utm_campaign=au_cw_coop_facebook_social_swissewellness_swissewellness_81_2026_100126-bau_image-video-traffic&utm_term=traffic&utm_content=image-video-traffic_image-fishoil,www.chemistwarehouse.com.au,/shop-online/587/swisse,facebook,social,au_cw_coop_facebook_social_swissewellness_swissewellness_81_2026_100126-bau_image-video-traffic,81,traffic,image-video-traffic_image-fishoil,Coop,Swissewellness,Swissewellness,2026,image-video-traffic,Fuel Your Brain with Swisse,Boost Brain Health with Swisse Odourless Super Strength Fish Oil,Shop Now,https://scontent.flim31-1.fna.fbcdn.net/v/t39.35426-6/763701050_26915706331368254_911068891325765198_n.jpg?_nc_cat=111&ccb=1-7&_nc_sid=c53f8f&_nc_ohc=W7dCQp7gEZAQ7kNvwFdqdqr&_nc_oc=AdqJDWP1OUUk1j_Kc09wpLsn1j8qA-KdE9i6_wExbLPWI2xhaQK9EJIGFPYdXy4CUvc&_nc_zt=14&_nc_ht=scontent.flim31-1.fna&_nc_gid=2iQP61Xqrq4WePj566s9yA&_nc_ss=7f180&oh=00_AQJ9JS61t-CWdk6Pu2pUcjr0eqFz0WtFGwX7uLxQpMvRUg&oe=6AA3B47E,,"['FACEBOOK', 'INSTAGRAM']",au,cw,facebook,social,2026-W36,2026-09,"FACEBOOK, INSTAGRAM",True,True,False,False,False,False,Brand/Category Page,True,False,False,2026-09-07,2026-08-02 07:00:00,2026-09-07 16:55:10.186478,36
1351046250566728,1121552297252597,True,2026-08-03 07:00:00,2026-09-05 07:00:00,Chemist Warehouse,Chemist Warehouse,{{product.name}},{{product.brand}},Shop now,DCO,https://www.chemistwarehouse.com.au/shop-online/587/swisse?utm_source=facebook&utm_medium=social&utm_campaign=au_cw_coop_facebook_social_swissewellness_swissewellness_81_2026_100126-bau_image-video-traffic&utm_term=traffic&utm_content=image-video-traffic_video-immunity,www.chemistwarehouse.com.au,/shop-online/587/swisse,facebook,social,au_cw_coop_facebook_social_swissewellness_swissewellness_81_2026_100126-bau_image-video-traffic,81,traffic,image-video-traffic_video-immunity,Coop,Swissewellness,Swissewellness,2026,image-video-traffic,Shop Swisse Vitamin C,Swisse High Strength Vitamin C—an easy daily addition to support wellbeing,Shop Now,,https://video.flim31-1.fna.fbcdn.net/o1/v/t2/f2/m366/AQOOQ_zg_GKzIsDSz6D3oQRUg2OPk7CPC4940SY_5C8QQFrxEDS_aa7HlG0A8KgJowfHKpJ5eef3JIl5OfKzKd1nyFcQY06lHNWbfuzjcXP2qQ.mp4?_nc_cat=100&_nc_oc=Adq6saX1ssBFjrM9EB05FC_2NZm4rdYmSpUwnbEaope8oXvSJ0Ym30cUnLmWQ6lfv6s&_nc_sid=b66105&_nc_ht=video.flim31-1.fna.fbcdn.net&_nc_ohc=P-qhxKP4mbIQ7kNvwFEZvQJ&efg=eyJ2ZW5jb2RlX3RhZyI6Inhwdl9wcm9ncmVzc2l2ZS5WSV9VU0VDQVNFX1BST0RVQ1RfVFlQRS4uQzMuNzIwLmRhc2hfaDI2NC1iYXNpYy1nZW4yXzcyMHAiLCJ4cHZfYXNzZXRfaWQiOjI0MzE4OTQ5NjA1ODIyNjAsImFzc2V0X2FnZV9kYXlzIjoxNzQsInZpX3VzZWNhc2VfaWQiOjEwNzk5LCJkdXJhdGlvbl9zIjo5LCJ1cmxnZW5fc291cmNlIjoid3d3In0%3D&ccb=17-1&vs=7a50ce6bc15d7c08&_nc_vs=HBksFQIYRWZiX2VwaGVtZXJhbC8wQTQwOUVBQkJEOEJFNjI5MjNENEIyMkYyNzQ3REJCOV9tdF8xX3ZpZGVvX2Rhc2hpbml0Lm1wNBUAAsgBEgAVAhhAZmJfcGVybWFuZW50L0U5NDEwNjU4QTZCOTQ5RTMxMzFERThGNDI1OTg2NkE2X2F1ZGlvX2Rhc2hpbml0Lm1wNBUCAsgBEgAoABgAGwKIB3VzZV9vaWwBMRJwcm9ncmVzc2l2ZV9yZWNpcGUBMRUAACbouY209fLRCBUCKAJDMywXQCIAAAAAAAAYGWRhc2hfaDI2NC1iYXNpYy1nZW4yXzcyMHARAHUAZd6oAQA&_nc_gid=2iQP61Xqrq4WePj566s9yA&_nc_ss=7f180&_nc_zt=28&oh=00_AQLkZ8JWYUfo-NLPWm9IksqDAozMnl2s8kN-o5rvIhETtA&oe=6AA3B660,"['FACEBOOK', 'INSTAGRAM']",au,cw,facebook,social,2026-W36,2026-09,"FACEBOOK, INSTAGRAM",True,True,False,False,False,False,Brand/Category Page,True,False,False,2026-09-07,2026-08-03 07:00:00,2026-09-07 16:55:10.186478,35
1099140452722440,1811982193526270,True,2026-08-03 07:00:00,2026-09-06 07:00:00,Chemist Warehouse,Chemist Warehouse,{{product.name}},{{product.brand}},Shop now,DCO,https://www.chemistwarehouse.com.au/shop-online/587/swisse?category=Multivitamins&utm_source=facebook&utm_medium=social&utm_campaign=au_cw_coop_facebook_social_swissewellness_swissewellness_81_2026_100126-bau_image-video-traffic&utm_term=traffic&utm_content=image-video-traffic_image-women,www.chemistwarehouse.com.au,/shop-online/587/swisse,facebook,social,au_cw_coop_facebook_social_swissewellness_swissewellness_81_2026_100126-bau_image-video-traffic,81,traffic,image-video-traffic_image-women,Coop,Swissewellness,Swissewellness,2026,image-video-traffic,Have you had your multi today?,"Daily vitality support for women to help maintain energy, immunity and wellbeing",Shop Now,https://scontent.flim31-1.fna.fbcdn.net/v/t39.35426-6/762658072_1803611317294832_4090417220850881051_n.jpg?_nc_cat=106&ccb=1-7&_nc_sid=c53f8f&_nc_ohc=yU9KLd75qsoQ7kNvwF0xxCS&_nc_oc=AdqnegVaqVb5IRM6aQnrD60D10BmZgXSYl0AIEhrReuQVnpqcPOWg-2Lyc2VArcVnHw&_nc_zt=14&_nc_ht=scontent.flim31-1.fna&_nc_gid=2iQP61Xqrq4WePj566s9yA&_nc_ss=7f180&oh=00_AQI_VNDtuox7Th6quvO2U4mFwmfb-_tpyc63NThgymHO3Q&oe=6AA39AE3,,"['FACEBOOK', 'INSTAGRAM']",au,cw,facebook,social,2026-W36,2026-09,"FACEBOOK, INSTAGRAM",True,True,False,False,False,False,Brand/Category Page,True,False,False,2026-09-07,2026-08-03 07:00:00,2026-09-07 16:55:10.186478,35
1254587290032111,37254411604205974,True,2026-08-03 07:00:00,2026-09-05 07:00:00,Chemist Warehouse,Chemist Warehouse,{{product.name}},{{product.brand}},Shop now,DCO,https://www.chemistwarehouse.com.au/shop-online/587/swisse?utm_source=facebook&utm_medium=social&utm_campaign=au_cw_coop_facebook_social_swissewellness_swissewellness_81_2026_100126-bau_image-video-traffic&utm_term=traffic&utm_content=image-video-traffic_video-magnesium,www.chemistwarehouse.com.au,/shop-online/587/swisse,facebook,social,au_cw_coop_facebook_social_swissewellness_swissewellness_81_2026_100126-bau_image-video-traffic,81,traffic,image-video-traffic_video-magnesium,Coop,Swissewellness,Swissewellness,2026,image-video-traffic,Shop Swisse Magnesium Today,Maintain your wellness with Swisse. Shop Swisse Supplement Range at Chemist Warehouse.,Shop Now,,https://video.flim31-1.fna.fbcdn.net/o1/v/t2/f2/m366/AQOAGzXmaATbLs3lIQZ1btoCfv4XacrFHGedC2fp2RYgatfUvdcV313tgrm3y0jOb1mmJTnj-G3KdmFUtAeMcYRJn6f_uybku-009zrunByNbQ.mp4?_nc_cat=102&_nc_oc=AdoNMrPvdWoi-0xtgzf1SqDE4rlTOHJEpKTvvhctvbMxlWTDSpSSwRWo00kUqlnDTjk&_nc_sid=b66105&_nc_ht=video.flim31-1.fna.fbcdn.net&_nc_ohc=WC1VYBhBGfYQ7kNvwErva2R&efg=eyJ2ZW5jb2RlX3RhZyI6Inhwdl9wcm9ncmVzc2l2ZS5WSV9VU0VDQVNFX1BST0RVQ1RfVFlQRS4uQzMuNzIwLmRhc2hfaDI2NC1iYXNpYy1nZW4yXzcyMHAiLCJ4cHZfYXNzZXRfaWQiOjc5NTMyMTkxOTc5MTcwMCwiYXNzZXRfYWdlX2RheXMiOjE3NCwidmlfdXNlY2FzZV9pZCI6MTA3OTksImR1cmF0aW9uX3MiOjksInVybGdlbl9zb3VyY2UiOiJ3d3cifQ%3D%3D&ccb=17-1&vs=e1e363f64383911e&_nc_vs=HBksFQIYRWZiX2VwaGVtZXJhbC82NjQwMDY4RTQxQjMzNUI0RkZBNTY2NjI3MkU3OEJCNl9tdF8xX3ZpZGVvX2Rhc2hpbml0Lm1wNBUAAsgBEgAVAhhAZmJfcGVybWFuZW50LzFCNDNDMDg4RTUzMEQ4OTJBMEY4RTkyODhGNjMzQ0EyX2F1ZGlvX2Rhc2hpbml0Lm1wNBUCAsgBEgAoABgAGwKIB3VzZV9vaWwBMRJwcm9ncmVzc2l2ZV9yZWNpcGUBMRUAACaoiZeI6tXpAhUCKAJDMywXQCIAAAAAAAAYGWRhc2hfaDI2NC1iYXNpYy1nZW4yXzcyMHARAHUAZd6oAQA&_nc_gid=2iQP61Xqrq4WePj566s9yA&_nc_ss=7f180&_nc_zt=28&oh=00_AQKVGdFg3x7_1XweX3b-ewuYwshWAQlMZqmao1JGf5hGnw&oe=6AA3BF36,"['FACEBOOK', 'INSTAGRAM']",au,cw,facebook,social,2026-W36,2026-09,"FACEBOOK, INSTAGRAM",True,True,False,False,False,False,Brand/Category Page,True,False,False,2026-09-07,2026-08-03 07:00:00,2026-09-07 16:55:10.186478,35
1385850503683167,1364783521716918,True,2026-08-03 07:00:00,2026-09-06 07:00:00,Chemist Warehouse,Chemist Warehouse,Nutritionally support memory,Souvenaid: Supports Memory Function. Shop at Chemist Warehouse,Shop now,VIDEO,https://fb.com/canvas_doc/1591172115975460,fb.com,/canvas_doc/1591172115975460,,,,,,,Not Specified,,,,,,,,,,"['FACEBOOK', 'INSTAGRAM']",,,,,2026-W36,2026-09,"FACEBOOK, INSTAGRAM",True,True,False,False,False,False,Internal/App Page,True,True,False,2026-09-07,2026-08-03 07:00:00,2026-09-07 16:55:10.186478,35
1727166005149045,1052524171228954,True,2026-08-02 07:00:00,2026-09-06 07:00:00,Chemist Warehouse,Chemist Warehouse,Nutritionally support memory,Souvenaid Memory Drink: Hold On To What Matters. Shop at Chemist Warehouse,Shop now,VIDEO,https://fb.com/canvas_doc/2778011512579094,fb.com,/canvas_doc/2778011512579094,,,,,,,Not Specified,,,,,,,,,,"['FACEBOOK', 'INSTAGRAM']",,,,,2026-W36,2026-09,"FACEBOOK, INSTAGRAM",True,True,False,False,False,False,Internal/App Page,True,True,False,2026-09-07,2026-08-02 07:00:00,2026-09-07 16:55:10.186478,36
1032696269166513,1438786653760516,True,2026-08-02 07:00:00,2026-09-06 07:00:00,Chemist Warehouse,Chemist Warehouse,Nutritionally support memory,Souvenaid slows memory & cognitive decline by 60% in an early stage of Alzheimer's disease when taken daily for 3 years.,Shop now,IMAGE,https://fb.com/canvas_doc/1898032997589934,fb.com,/canvas_doc/1898032997589934,,,,,,,Not Specified,,,,,,,,,,"['FACEBOOK', 'INSTAGRAM']",,,,,2026-W36,2026-09,"FACEBOOK, INSTAGRAM",True,True,False,False,False,False,Internal/App Page,True,False,False,2026-09-07,2026-08-02 07:00:00,2026-09-07 16:55:10.186478,36
1035064985598987,,True,2026-07-31 07:00:00,2026-09-06 07:00:00,Chemist Warehouse,Chemist Warehouse,{{product.name}},{{product.brand}},Shop now,DCO,https://www.chemistwarehouse.com.au/shop-online/2128/bio-island?utm_source=facebook&utm_medium=social&utm_campaign=au_cw_oa_facebook_social_jbxptyltd_bioisland_81_aug26_100710-oa_video-image&utm_term=traffic&utm_content=video-image_video-image,www.chemistwarehouse.com.au,/shop-online/2128/bio-island,facebook,social,au_cw_oa_facebook_social_jbxptyltd_bioisland_81_aug26_100710-oa_video-image,81,traffic,video-image_video-image,O&O,Jbxptyltd,Bioisland,aug26,video-image,Bio Island DHA for Kids,Maintain your infant's brain health with Bio Island DHA for Kids. Algae sourced DHA and Australian made.,Shop Now,https://scontent.flim31-1.fna.fbcdn.net/v/t39.35426-6/761573916_1342894811312684_8268728317635223808_n.jpg?_nc_cat=110&ccb=1-7&_nc_sid=c53f8f&_nc_ohc=-xu7pz3GH0wQ7kNvwELbaer&_nc_oc=AdoINDWgjVHHk_Lsp0HNuOgM0VSLPSy5sFNLxmi31cWpsLzBNy-Krs8sFA41j-aYnik&_nc_zt=14&_nc_ht=scontent.flim31-1.fna&_nc_gid=2iQP61Xqrq4WePj566s9yA&_nc_ss=7f180&oh=00_AQI3PV9T4S_InDXK4HBGysCVNIZsfh8JWHQk2Q1hZzEv-Q&oe=6AA3C163,,"['FACEBOOK', 'INSTAGRAM', 'AUDIENCE_NETWORK', 'WHATSAPP', 'THREADS']",au,cw,facebook,social,2026-W36,2026-09,"FACEBOOK, INSTAGRAM, AUDIENCE_NETWORK, WHATSAPP, THREADS",True,True,True,False,True,True,Brand/Category Page,True,False,False,2026-09-07,2026-07-31 07:00:00,2026-09-07 16:55:10.186478,38
4597118013868887,,True,2026-07-31 07:00:00,2026-09-06 07:00:00,Chemist Warehouse,Chemist Warehouse,{{product.name}},{{product.brand}},Shop now,DCO,https://www.chemistwarehouse.com.au/shop-online/3966/guess?utm_source=facebook&utm_medium=social&utm_campaign=au_cw_coop_facebook_social_luxasiaoceania_guess_542_jul26_100594_video-image&utm_term=traffic&utm_content=video-image_,www.chemistwarehouse.com.au,/shop-online/3966/guess,facebook,social,au_cw_coop_facebook_social_luxasiaoceania_guess_542_jul26_100594_video-image,542,traffic,video-image_,Coop,Luxasiaoceania,Guess,jul26,video-image,GUESS Iconic Blue For Men.,"Introducing GUESS ICONIC BLUE, inspired by the adrenaline of open water and the magnetic energy of the GUESS man.",Shop Now,https://scontent.flim31-1.fna.fbcdn.net/v/t39.35426-6/753783465_1039531638663231_1531666724956513154_n.jpg?_nc_cat=107&ccb=1-7&_nc_sid=c53f8f&_nc_ohc=Wj09QV-CsngQ7kNvwFSv7sN&_nc_oc=AdqZlZ99CHDQ0dbSL_hgjqLvzu7aX4i9peaVP8tkEhcoaUNvOV9tTeFaO9N3uXU64cA&_nc_zt=14&_nc_ht=scontent.flim31-1.fna&_nc_gid=2iQP61Xqrq4WePj566s9yA&_nc_ss=7f180&oh=00_AQKcutpm4DyF7MEQfjSp89zbFOnV3NI55pLHSyd2heZneA&oe=6AA3A748,,"['FACEBOOK', 'INSTAGRAM', 'AUDIENCE_NETWORK', 'MESSENGER', 'WHATSAPP', 'THREADS']",au,cw,facebook,social,2026-W36,2026-09,"FACEBOOK, INSTAGRAM, AUDIENCE_NETWORK, MESSENGER, WHATSAPP, THREADS",True,True,True,True,True,True,Brand/Category Page,True,False,False,2026-09-07,2026-07-31 07:00:00,2026-09-07 16:55:10.186478,38
1944800599569942,,True,2026-07-31 07:00:00,2026-09-06 07:00:00,Chemist Warehouse,Chemist Warehouse,{{product.name}},{{product.brand}},Shop now,DCO,https://www.chemistwarehouse.com.au/shop-online/2128/bio-island?utm_source=facebook&utm_medium=social&utm_campaign=au_cw_oa_facebook_social_jbxptyltd_bioisland_81_aug26_100710-oa_video-image&utm_term=traffic&utm_content=video-image_video-image,www.chemistwarehouse.com.au,/shop-online/2128/bio-island,facebook,social,au_cw_oa_facebook_social_jbxptyltd_bioisland_81_aug26_100710-oa_video-image,81,traffic,video-image_video-image,O&O,Jbxptyltd,Bioisland,aug26,video-image,Bio Island DHA for Kids,Maintain your infant's brain health with Bio Island DHA for Kids. Algae sourced DHA and Australian made.,Shop Now,https://scontent.flim31-1.fna.fbcdn.net/v/t39.35426-6/761573916_1342894811312684_8268728317635223808_n.jpg?_nc_cat=110&ccb=1-7&_nc_sid=c53f8f&_nc_ohc=-xu7pz3GH0wQ7kNvwELbaer&_nc_oc=AdoINDWgjVHHk_Lsp0HNuOgM0VSLPSy5sFNLxmi31cWpsLzBNy-Krs8sFA41j-aYnik&_nc_zt=14&_nc_ht=scontent.flim31-1.fna&_nc_gid=2iQP61Xqrq4WePj566s9yA&_nc_ss=7f180&oh=00_AQI3PV9T4S_InDXK4HBGysCVNIZsfh8JWHQk2Q1hZzEv-Q&oe=6AA3C163,,"['FACEBOOK', 'INSTAGRAM', 'AUDIENCE_NETWORK', 'WHATSAPP', 'THREADS']",au,cw,facebook,social,2026-W36,2026-09,"FACEBOOK, INSTAGRAM, AUDIENCE_NETWORK, WHATSAPP, THREADS",True,True,True,False,True,True,Brand/Category Page,True,False,False,2026-09-07,2026-07-31 07:00:00,2026-09-07 16:55:10.186478,38
1356213232577106,,True,2026-07-31 07:00:00,2026-09-06 07:00:00,Chemist Warehouse,Chemist Warehouse,Shop now at Chemist Warehouse.,Shop Remifemin now at Chemist Warehouse.,Shop now,VIDEO,https://www.chemistwarehouse.com.au/buy/149742/remifemin-200-tablets?utm_source=facebook&utm_medium=social&utm_campaign=au_cw_oa_facebook_social_aspenpharmacareaustralia_remifemin_81_aug26_100679-oa_video&utm_term=traffic&utm_content=video_,www.chemistwarehouse.com.au,/buy/149742/remifemin-200-tablets,facebook,social,au_cw_oa_facebook_social_aspenpharmacareaustralia_remifemin_81_aug26_100679-oa_video,81,traffic,video_,O&O,Aspenpharmacareaustralia,Remifemin,aug26,video,,,,,,"['FACEBOOK', 'INSTAGRAM', 'MESSENGER', 'WHATSAPP']",au,cw,facebook,social,2026-W36,2026-09,"FACEBOOK, INSTAGRAM, MESSENGER, WHATSAPP",True,True,False,True,False,True,SKU Product,True,True,False,2026-09-07,2026-07-31 07:00:00,2026-09-07 16:55:10.186478,38
28260702033513958,,True,2026-07-31 07:00:00,2026-09-05 07:00:00,Chemist Warehouse,Chemist Warehouse,{{product.name}},{{product.brand}},Shop now,DCO,https://www.chemistwarehouse.com.au/shop-online/3966/guess?utm_source=facebook&utm_medium=social&utm_campaign=au_cw_coop_facebook_social_luxasiaoceania_guess_542_jul26_100594_video-image&utm_term=traffic&utm_content=video-image_,www.chemistwarehouse.com.au,/shop-online/3966/guess,facebook,social,au_cw_coop_facebook_social_luxasiaoceania_guess_542_jul26_100594_video-image,542,traffic,video-image_,Coop,Luxasiaoceania,Guess,jul26,video-image,GUESS Iconic Blue For Men.,"Introducing GUESS ICONIC BLUE, inspired by the adrenaline of open water and the magnetic energy of the GUESS man.",Shop Now,https://scontent.flim31-1.fna.fbcdn.net/v/t39.35426-6/753169780_2484376695416499_4630972993782615769_n.jpg?_nc_cat=104&ccb=1-7&_nc_sid=c53f8f&_nc_ohc=Ap-GkYAMIL0Q7kNvwFh5Dq7&_nc_oc=AdqyXnn3A1KlDitWoAy__TQdVdujFpNuGKIJLJJ_t8fHxYbbYYVHqorKcOBKgIJp3Ps&_nc_zt=14&_nc_ht=scontent.flim31-1.fna&_nc_gid=2iQP61Xqrq4WePj566s9yA&_nc_ss=7f180&oh=00_AQIqBxr2Kup2lfET85Jf6gsHJUpWoFYDPLNS7uajlkdNug&oe=6AA3C54F,,"['FACEBOOK', 'INSTAGRAM', 'AUDIENCE_NETWORK', 'MESSENGER', 'WHATSAPP', 'THREADS']",au,cw,facebook,social,2026-W36,2026-09,"FACEBOOK, INSTAGRAM, AUDIENCE_NETWORK, MESSENGER, WHATSAPP, THREADS",True,True,True,True,True,True,Brand/Category Page,True,False,False,2026-09-07,2026-07-31 07:00:00,2026-09-07 16:55:10.186478,38
875516845378445,,True,2026-08-04 07:00:00,2026-09-06 07:00:00,Chemist Warehouse,Chemist Warehouse,Ciao! Meet Bambi Mini Co,"Bambi Mini Co. has snuggle-ready babywear, perfect for sleepytime and wriggle time. Exclusive to Chemist Warehouse.",Shop now,IMAGE,https://fb.com/canvas_doc/1861263751520781,fb.com,/canvas_doc/1861263751520781,,,,,,,Not Specified,,,,,,,,,,"['FACEBOOK', 'INSTAGRAM', 'MESSENGER', 'THREADS']",,,,,2026-W36,2026-09,"FACEBOOK, INSTAGRAM, MESSENGER, THREADS",True,True,False,True,True,False,Internal/App Page,True,True,False,2026-09-07,2026-08-04 07:00:00,2026-09-07 16:55:10.186478,34
1369135987939527,,True,2026-08-04 07:00:00,2026-09-06 07:00:00,Chemist Warehouse,Chemist Warehouse,Ciao! Meet Bambi Mini Co,"Bambi Mini Co. has snuggle-ready babywear, perfect for sleepytime and wriggle time. Exclusive to Chemist Warehouse.",Shop now,IMAGE,https://fb.com/canvas_doc/1056505100094884,fb.com,/canvas_doc/1056505100094884,,,,,,,Not Specified,,,,,,,,,,"['FACEBOOK', 'INSTAGRAM', 'MESSENGER', 'THREADS']",,,,,2026-W36,2026-09,"FACEBOOK, INSTAGRAM, MESSENGER, THREADS",True,True,False,True,True,False,Internal/App Page,True,True,False,2026-09-07,2026-08-04 07:00:00,2026-09-07 16:55:10.186478,34
1431576958807985,,True,2026-07-31 07:00:00,2026-09-06 07:00:00,Chemist Warehouse,Chemist Warehouse,Shop now at Chemist Warehouse.,Shop Remifemin now at Chemist Warehouse.,Shop now,VIDEO,https://www.chemistwarehouse.com.au/buy/149742/remifemin-200-tablets?utm_source=facebook&utm_medium=social&utm_campaign=au_cw_oa_facebook_social_aspenpharmacareaustralia_remifemin_81_aug26_100679-oa_video&utm_term=traffic&utm_content=video_,www.chemistwarehouse.com.au,/buy/149742/remifemin-200-tablets,facebook,social,au_cw_oa_facebook_social_aspenpharmacareaustralia_remifemin_81_aug26_100679-oa_video,81,traffic,video_,O&O,Aspenpharmacareaustralia,Remifemin,aug26,video,,,,,,"['FACEBOOK', 'INSTAGRAM', 'MESSENGER', 'WHATSAPP']",au,cw,facebook,social,2026-W36,2026-09,"FACEBOOK, INSTAGRAM, MESSENGER, WHATSAPP",True,True,False,True,False,True,SKU Product,True,True,False,2026-09-07,2026-07-31 07:00:00,2026-09-07 16:55:10.186478,38
920193111143760,,True,2026-08-04 07:00:00,2026-09-06 07:00:00,Chemist Warehouse,Chemist Warehouse,Ciao! Meet Bambi Mini Co,"Bambi Mini Co. has snuggle-ready babywear, perfect for sleepytime and wriggle time. Exclusive to Chemist Warehouse.",Shop now,IMAGE,https://fb.com/canvas_doc/1747258206608858,fb.com,/canvas_doc/1747258206608858,,,,,,,Not Specified,,,,,,,,,,"['FACEBOOK', 'INSTAGRAM', 'MESSENGER', 'THREADS']",,,,,2026-W36,2026-09,"FACEBOOK, INSTAGRAM, MESSENGER, THREADS",True,True,False,True,True,False,Internal/App Page,True,True,False,2026-09-07,2026-08-04 07:00:00,2026-09-07 16:55:10.186478,34
4086315288327389,,True,2026-08-04 07:00:00,2026-09-06 07:00:00,Chemist Warehouse,Chemist Warehouse,Ciao! Meet Bambi Mini Co,"Bambi Mini Co. has snuggle-ready babywear, perfect for sleepytime and wriggle time. Exclusive to Chemist Warehouse.",Shop now,IMAGE,https://fb.com/canvas_doc/1106061065436742,fb.com,/canvas_doc/1106061065436742,,,,,,,Not Specified,,,,,,,,,,"['FACEBOOK', 'INSTAGRAM', 'MESSENGER', 'THREADS']",,,,,2026-W36,2026-09,"FACEBOOK, INSTAGRAM, MESSENGER, THREADS",True,True,False,True,True,False,Internal/App Page,True,True,False,2026-09-07,2026-08-04 07:00:00,2026-09-07 16:55:10.186478,34
1064661426336908,,True,2026-07-31 07:00:00,2026-09-06 07:00:00,Chemist Warehouse,Chemist Warehouse,{{product.name}},{{product.brand}},Shop now,DCO,https://www.chemistwarehouse.com.au/shop-online/3966/guess?utm_source=facebook&utm_medium=social&utm_campaign=au_cw_coop_facebook_social_luxasiaoceania_guess_542_jul26_100594_video-image&utm_term=traffic&utm_content=video-image_,www.chemistwarehouse.com.au,/shop-online/3966/guess,facebook,social,au_cw_coop_facebook_social_luxasiaoceania_guess_542_jul26_100594_video-image,542,traffic,video-image_,Coop,Luxasiaoceania,Guess,jul26,video-image,GUESS Iconic Blue For Men.,"Introducing GUESS ICONIC BLUE, inspired by the adrenaline of open water and the magnetic energy of the GUESS man.",Shop Now,,https://video.flim31-1.fna.fbcdn.net/o1/v/t2/f2/m366/AQNAvby8sBVogA8Ipp7tOrEN2w7QTra219wr89goSgd0PF1sZGl5wfJ2-dsPkPfL3HcTdiL0cRUHEW0hJPh4LgiW8V7--i2PORiVcyZQ8DPS5g.mp4?_nc_cat=102&_nc_oc=Adr-2htLpK0HmqOD1zbjFfnarIvP0fIs7746smWi1BTPAD71x7OUOOYeG_ZiutTNiNU&_nc_sid=b66105&_nc_ht=video.flim31-1.fna.fbcdn.net&_nc_ohc=3jrsTfo2nHcQ7kNvwFk2ocm&efg=eyJ2ZW5jb2RlX3RhZyI6Inhwdl9wcm9ncmVzc2l2ZS5WSV9VU0VDQVNFX1BST0RVQ1RfVFlQRS4uQzMuNzIwLmRhc2hfaDI2NC1iYXNpYy1nZW4yXzcyMHAiLCJ4cHZfYXNzZXRfaWQiOjEzNDY2MjU2NDQyNzA0NTUsImFzc2V0X2FnZV9kYXlzIjo0NCwidmlfdXNlY2FzZV9pZCI6MTA3OTksImR1cmF0aW9uX3MiOjE1LCJ1cmxnZW5fc291cmNlIjoid3d3In0%3D&ccb=17-1&vs=f07ce39847f95bb9&_nc_vs=HBksFQIYRWZiX2VwaGVtZXJhbC9GODQwQ0RGNEE2Nzc1MDlCMjNENTBGN0JENENBRDhBOF9tdF8xX3ZpZGVvX2Rhc2hpbml0Lm1wNBUAAsgBEgAVAhhAZmJfcGVybWFuZW50Lzk1NEFCMzgwREQ2NzgxMTA5RjJBREJEREU2NTdEM0I3X2F1ZGlvX2Rhc2hpbml0Lm1wNBUCAsgBEgAoABgAGwKIB3VzZV9vaWwBMRJwcm9ncmVzc2l2ZV9yZWNpcGUBMRUAACbuzeDy9q_kBBUCKAJDMywXQC4UeuFHrhQYGWRhc2hfaDI2NC1iYXNpYy1nZW4yXzcyMHARAHUAZd6oAQA&_nc_gid=2iQP61Xqrq4WePj566s9yA&_nc_ss=7f180&_nc_zt=28&oh=00_AQLLGj60DYe3VL5lE_yWOi_VX-gpZKFaQ25dmrvpWuL07g&oe=6AA39EA6,"['FACEBOOK', 'INSTAGRAM', 'AUDIENCE_NETWORK', 'MESSENGER', 'WHATSAPP', 'THREADS']",au,cw,facebook,social,2026-W36,2026-09,"FACEBOOK, INSTAGRAM, AUDIENCE_NETWORK, MESSENGER, WHATSAPP, THREADS",True,True,True,True,True,True,Brand/Category Page,True,False,False,2026-09-07,2026-07-31 07:00:00,2026-09-07 16:55:10.186478,38
1769835554259961,,True,2026-07-31 07:00:00,2026-09-04 07:00:00,Chemist Warehouse,Chemist Warehouse,{{product.name}},{{product.brand}},Learn more,DCO,https://www.chemistwarehouse.com.au/shop-online/2128/bio-island?utm_source=facebook&utm_medium=social&utm_campaign=au_cw_oa_facebook_social_jbxptyltd_bioisland_81_aug26_100710-oa_video-image&utm_term=traffic&utm_content=video-image_video-image,www.chemistwarehouse.com.au,/shop-online/2128/bio-island,facebook,social,au_cw_oa_facebook_social_jbxptyltd_bioisland_81_aug26_100710-oa_video-image,81,traffic,video-image_video-image,O&O,Jbxptyltd,Bioisland,aug26,video-image,Bio Island DHA for Kids,Maintain your infant's brain health with Bio Island DHA for Kids. Algae sourced DHA and Australian made.,Learn More,,https://video.flim31-1.fna.fbcdn.net/o1/v/t2/f2/m366/AQNRp9s2GuVMFv-LCbOfhQhacNmjL0mBmEbOJXB8txlWFRVkaobP5BM0HqTg0gW3lyY0z2iw3TehL1zTjqKb5Os841qtAd8Ou09dNBKnfP5A0g.mp4?_nc_cat=108&_nc_oc=AdotO-38UDbrPIFkPPPbdwIN7yNh39VG0T-_fZa8Ppfat4M0uz9kfk2ECYVbcu0wwTY&_nc_sid=b66105&_nc_ht=video.flim31-1.fna.fbcdn.net&_nc_ohc=x4KilK9i4kMQ7kNvwFCEFk2&efg=eyJ2ZW5jb2RlX3RhZyI6Inhwdl9wcm9ncmVzc2l2ZS5WSV9VU0VDQVNFX1BST0RVQ1RfVFlQRS4uQzMuNzIwLmRhc2hfaDI2NC1iYXNpYy1nZW4yXzcyMHAiLCJ4cHZfYXNzZXRfaWQiOjE5MzI5NTEyMDQwNjY4MTYsImFzc2V0X2FnZV9kYXlzIjozNywidmlfdXNlY2FzZV9pZCI6MTA3OTksImR1cmF0aW9uX3MiOjEwLCJ1cmxnZW5fc291cmNlIjoid3d3In0%3D&ccb=17-1&vs=4f4317b37af6092e&_nc_vs=HBksFQIYRWZiX2VwaGVtZXJhbC9ENDRGNDZCNDVCMjU2N0REODc4QTQ2MzhGMUU4OEU5NV9tdF8xX3ZpZGVvX2Rhc2hpbml0Lm1wNBUAAsgBEgAVAhhAZmJfcGVybWFuZW50Lzc5NEIwQjUyNDkwM0E4ODAwQkUyQkE2QjY0RDE3QTk1X2F1ZGlvX2Rhc2hpbml0Lm1wNBUCAsgBEgAoABgAGwKIB3VzZV9vaWwBMRJwcm9ncmVzc2l2ZV9yZWNpcGUBMRUAACaA2JfeyIDvBhUCKAJDMywXQCQUeuFHrhQYGWRhc2hfaDI2NC1iYXNpYy1nZW4yXzcyMHARAHUAZd6oAQA&_nc_gid=MWV6cVMrZ1fzg4FE2KqTgQ&_nc_ss=7f180&_nc_zt=28&oh=00_AQJ6C-zRNPRQX8fVh4aNQLWaqxoZpwH-7M-S1nPTCT51cw&oe=6AA39D68,"['FACEBOOK', 'INSTAGRAM', 'AUDIENCE_NETWORK', 'WHATSAPP', 'THREADS']",au,cw,facebook,social,2026-W36,2026-09,"FACEBOOK, INSTAGRAM, AUDIENCE_NETWORK, WHATSAPP, THREADS",True,True,True,False,True,True,Brand/Category Page,True,False,False,2026-09-07,2026-07-31 07:00:00,2026-09-07 16:55:10.186478,38
875884085242174,1383734439776377,True,2026-08-27 07:00:00,2026-09-06 07:00:00,Chemist Warehouse,Chemist Warehouse,{{product.name}},{{product.brand}},Shop now,DCO,https://www.chemistwarehouse.com.au/shop-online/3966/guess?utm_source=facebook&utm_medium=social&utm_campaign=au_cw_coop_facebook_social_luxasiaoceania_guess_542_jul26_100594_video-image&utm_term=traffic&utm_content=video-image_,www.chemistwarehouse.com.au,/shop-online/3966/guess,facebook,social,au_cw_coop_facebook_social_luxasiaoceania_guess_542_jul26_100594_video-image,542,traffic,video-image_,Coop,Luxasiaoceania,Guess,jul26,video-image,GUESS Iconic Blue For Men.,"Introducing GUESS ICONIC BLUE, inspired by the adrenaline of open water and the magnetic energy of the GUESS man.",Shop Now,https://scontent.flim31-1.fna.fbcdn.net/v/t39.35426-6/749896180_1849356949782840_4107805176290433250_n.jpg?_nc_cat=102&ccb=1-7&_nc_sid=c53f8f&_nc_ohc=dWWyd91QdEUQ7kNvwF_5q6a&_nc_oc=AdoxDC4eh6PsIJtfqdpYdmT083HyjejVapbdc48bkLgYHgrwzBgG310kPJCtTomLOto&_nc_zt=14&_nc_ht=scontent.flim31-1.fna&_nc_gid=2iQP61Xqrq4WePj566s9yA&_nc_ss=7f180&oh=00_AQKp3uzVsK2Gl7laaH_bEIfOkrt-iGlOX5mdn-CHRKuqpA&oe=6AA3BB0A,,"['FACEBOOK', 'INSTAGRAM', 'AUDIENCE_NETWORK', 'MESSENGER', 'WHATSAPP', 'THREADS']",au,cw,facebook,social,2026-W36,2026-09,"FACEBOOK, INSTAGRAM, AUDIENCE_NETWORK, MESSENGER, WHATSAPP, THREADS",True,True,True,True,True,True,Brand/Category Page,True,False,False,2026-09-07,2026-08-27 07:00:00,2026-09-07 16:55:10.186478,11
1392884469388375,,True,2026-07-31 07:00:00,2026-09-06 07:00:00,Chemist Warehouse,Chemist Warehouse,{{product.name}},{{product.brand}},Shop now,DCO,https://www.chemistwarehouse.com.au/shop-online/3966/guess?utm_source=facebook&utm_medium=social&utm_campaign=au_cw_coop_facebook_social_luxasiaoceania_guess_542_jul26_100594_video-image&utm_term=traffic&utm_content=video-image_,www.chemistwarehouse.com.au,/shop-online/3966/guess,facebook,social,au_cw_coop_facebook_social_luxasiaoceania_guess_542_jul26_100594_video-image,542,traffic,video-image_,Coop,Luxasiaoceania,Guess,jul26,video-image,GUESS Iconic Blue For Men.,"Introducing GUESS ICONIC BLUE, inspired by the adrenaline of open water and the magnetic energy of the GUESS man.",Shop Now,,https://video.flim31-1.fna.fbcdn.net/o1/v/t2/f2/m366/AQNAvby8sBVogA8Ipp7tOrEN2w7QTra219wr89goSgd0PF1sZGl5wfJ2-dsPkPfL3HcTdiL0cRUHEW0hJPh4LgiW8V7--i2PORiVcyZQ8DPS5g.mp4?_nc_cat=102&_nc_oc=Adr-2htLpK0HmqOD1zbjFfnarIvP0fIs7746smWi1BTPAD71x7OUOOYeG_ZiutTNiNU&_nc_sid=b66105&_nc_ht=video.flim31-1.fna.fbcdn.net&_nc_ohc=3jrsTfo2nHcQ7kNvwFk2ocm&efg=eyJ2ZW5jb2RlX3RhZyI6Inhwdl9wcm9ncmVzc2l2ZS5WSV9VU0VDQVNFX1BST0RVQ1RfVFlQRS4uQzMuNzIwLmRhc2hfaDI2NC1iYXNpYy1nZW4yXzcyMHAiLCJ4cHZfYXNzZXRfaWQiOjEzNDY2MjU2NDQyNzA0NTUsImFzc2V0X2FnZV9kYXlzIjo0NCwidmlfdXNlY2FzZV9pZCI6MTA3OTksImR1cmF0aW9uX3MiOjE1LCJ1cmxnZW5fc291cmNlIjoid3d3In0%3D&ccb=17-1&vs=f07ce39847f95bb9&_nc_vs=HBksFQIYRWZiX2VwaGVtZXJhbC9GODQwQ0RGNEE2Nzc1MDlCMjNENTBGN0JENENBRDhBOF9tdF8xX3ZpZGVvX2Rhc2hpbml0Lm1wNBUAAsgBEgAVAhhAZmJfcGVybWFuZW50Lzk1NEFCMzgwREQ2NzgxMTA5RjJBREJEREU2NTdEM0I3X2F1ZGlvX2Rhc2hpbml0Lm1wNBUCAsgBEgAoABgAGwKIB3VzZV9vaWwBMRJwcm9ncmVzc2l2ZV9yZWNpcGUBMRUAACbuzeDy9q_kBBUCKAJDMywXQC4UeuFHrhQYGWRhc2hfaDI2NC1iYXNpYy1nZW4yXzcyMHARAHUAZd6oAQA&_nc_gid=MWV6cVMrZ1fzg4FE2KqTgQ&_nc_ss=7f180&_nc_zt=28&oh=00_AQJAD_ydYHpdiSznVftOIbhN-EgKISCrhjvw_-k-fpL2fQ&oe=6AA39EA6,"['FACEBOOK', 'INSTAGRAM', 'AUDIENCE_NETWORK', 'MESSENGER', 'WHATSAPP', 'THREADS']",au,cw,facebook,social,2026-W36,2026-09,"FACEBOOK, INSTAGRAM, AUDIENCE_NETWORK, MESSENGER, WHATSAPP, THREADS",True,True,True,True,True,True,Brand/Category Page,True,False,False,2026-09-07,2026-07-31 07:00:00,2026-09-07 16:55:10.186478,38
1355477543459342,1078497028153545,True,2026-08-03 07:00:00,2026-09-06 07:00:00,Chemist Warehouse,Chemist Warehouse,{{product.name}},{{product.brand}},Shop now,DCO,https://www.chemistwarehouse.com.au/shop-online/958/aptamil?utm_source=facebook&utm_medium=social&utm_campaign=au_cw_coop_facebook_social_nutriciaaustraliaptylimited_aptamil_20_2026_100044-bau_video-image&utm_term=traffic&utm_content=video-image_aptamil-video-generic,www.chemistwarehouse.com.au,/shop-online/958/aptamil,facebook,social,au_cw_coop_facebook_social_nutriciaaustraliaptylimited_aptamil_20_2026_100044-bau_video-image,20,traffic,video-image_aptamil-video-generic,Coop,Nutriciaaustraliaptylimited,Aptamil,2026,video-image,Immune ready* for life adventures!,"Contains a blend of prebiotics proven to strengthen their immunity* 

When intake is inadequate.​*prebiotic blend as scGOS/lcFOS in the ratio of 9:1.",Shop Now,,https://video.flim31-1.fna.fbcdn.net/o1/v/t2/f2/m366/AQO_GScNVGPvFXama49harDGr5D3Q-VeoiprkZ1RUuSMVkRWfxPiGCDDd6RLsSoCknWLSsgklyHwrUfjOAmkkfKjWAS6fxy5PTls4MaruOMxIA.mp4?_nc_cat=100&_nc_oc=Adpxh7rDBtzQoeTHdhht0zbaUC8xxS332Rsq-P_ZGb0SalGp8tcByrTPQ2PbxwMVyRY&_nc_sid=b66105&_nc_ht=video.flim31-1.fna.fbcdn.net&_nc_ohc=OCTmipqnQOMQ7kNvwGBbIws&efg=eyJ2ZW5jb2RlX3RhZyI6Inhwdl9wcm9ncmVzc2l2ZS5WSV9VU0VDQVNFX1BST0RVQ1RfVFlQRS4uQzMuNzIwLmRhc2hfaDI2NC1iYXNpYy1nZW4yXzcyMHAiLCJ4cHZfYXNzZXRfaWQiOjkyMDUzMjE5Nzc2MzA2MywiYXNzZXRfYWdlX2RheXMiOjMzLCJ2aV91c2VjYXNlX2lkIjoxMDc5OSwiZHVyYXRpb25fcyI6NiwidXJsZ2VuX3NvdXJjZSI6Ind3dyJ9&ccb=17-1&vs=8315f5cda56b4fb8&_nc_vs=HBkcFQIYRWZiX2VwaGVtZXJhbC9BNzQ5QjIyQjcxRjc0QzJCMkVGQzM1NDg1RTYwRTA4OV9tdF8xX3ZpZGVvX2Rhc2hpbml0Lm1wNBUAAsgBEgAoABgAGwKIB3VzZV9vaWwBMRJwcm9ncmVzc2l2ZV9yZWNpcGUBMRUAACbun7eqg86iAxUCKAJDMywXQBoAAAAAAAAYGWRhc2hfaDI2NC1iYXNpYy1nZW4yXzcyMHARAHUAZd6oAQA&_nc_gid=2iQP61Xqrq4WePj566s9yA&_nc_ss=7f180&_nc_zt=28&oh=00_AQJolBi9RdXUHWATIr2-yBk-SHAbARU31ntBu7_S0LNiyA&oe=6AA3A920,"['FACEBOOK', 'INSTAGRAM', 'MESSENGER', 'WHATSAPP']",au,cw,facebook,social,2026-W36,2026-09,"FACEBOOK, INSTAGRAM, MESSENGER, WHATSAPP",True,True,False,True,False,True,Brand/Category Page,True,False,False,2026-09-07,2026-08-03 07:00:00,2026-09-07 16:55:10.186478,35
1501055465124695,,True,2026-07-31 07:00:00,2026-09-06 07:00:00,Chemist Warehouse,Chemist Warehouse,{{product.name}},{{product.brand}},Learn more,DCO,https://www.chemistwarehouse.com.au/shop-online/2128/bio-island?utm_source=facebook&utm_medium=social&utm_campaign=au_cw_oa_facebook_social_jbxptyltd_bioisland_81_aug26_100710-oa_video-image&utm_term=traffic&utm_content=video-image_video-image,www.chemistwarehouse.com.au,/shop-online/2128/bio-island,facebook,social,au_cw_oa_facebook_social_jbxptyltd_bioisland_81_aug26_100710-oa_video-image,81,traffic,video-image_video-image,O&O,Jbxptyltd,Bioisland,aug26,video-image,Bio Island DHA for Kids,Maintain your infant's brain health with Bio Island DHA for Kids. Algae sourced DHA and Australian made.,Learn More,,https://video.flim31-1.fna.fbcdn.net/o1/v/t2/f2/m366/AQNRp9s2GuVMFv-LCbOfhQhacNmjL0mBmEbOJXB8txlWFRVkaobP5BM0HqTg0gW3lyY0z2iw3TehL1zTjqKb5Os841qtAd8Ou09dNBKnfP5A0g.mp4?_nc_cat=108&_nc_oc=AdotO-38UDbrPIFkPPPbdwIN7yNh39VG0T-_fZa8Ppfat4M0uz9kfk2ECYVbcu0wwTY&_nc_sid=b66105&_nc_ht=video.flim31-1.fna.fbcdn.net&_nc_ohc=x4KilK9i4kMQ7kNvwFCEFk2&efg=eyJ2ZW5jb2RlX3RhZyI6Inhwdl9wcm9ncmVzc2l2ZS5WSV9VU0VDQVNFX1BST0RVQ1RfVFlQRS4uQzMuNzIwLmRhc2hfaDI2NC1iYXNpYy1nZW4yXzcyMHAiLCJ4cHZfYXNzZXRfaWQiOjE5MzI5NTEyMDQwNjY4MTYsImFzc2V0X2FnZV9kYXlzIjozNywidmlfdXNlY2FzZV9pZCI6MTA3OTksImR1cmF0aW9uX3MiOjEwLCJ1cmxnZW5fc291cmNlIjoid3d3In0%3D&ccb=17-1&vs=4f4317b37af6092e&_nc_vs=HBksFQIYRWZiX2VwaGVtZXJhbC9ENDRGNDZCNDVCMjU2N0REODc4QTQ2MzhGMUU4OEU5NV9tdF8xX3ZpZGVvX2Rhc2hpbml0Lm1wNBUAAsgBEgAVAhhAZmJfcGVybWFuZW50Lzc5NEIwQjUyNDkwM0E4ODAwQkUyQkE2QjY0RDE3QTk1X2F1ZGlvX2Rhc2hpbml0Lm1wNBUCAsgBEgAoABgAGwKIB3VzZV9vaWwBMRJwcm9ncmVzc2l2ZV9yZWNpcGUBMRUAACaA2JfeyIDvBhUCKAJDMywXQCQUeuFHrhQYGWRhc2hfaDI2NC1iYXNpYy1nZW4yXzcyMHARAHUAZd6oAQA&_nc_gid=MWV6cVMrZ1fzg4FE2KqTgQ&_nc_ss=7f180&_nc_zt=28&oh=00_AQJ6C-zRNPRQX8fVh4aNQLWaqxoZpwH-7M-S1nPTCT51cw&oe=6AA39D68,"['FACEBOOK', 'INSTAGRAM', 'AUDIENCE_NETWORK', 'WHATSAPP', 'THREADS']",au,cw,facebook,social,2026-W36,2026-09,"FACEBOOK, INSTAGRAM, AUDIENCE_NETWORK, WHATSAPP, THREADS",True,True,True,False,True,True,Brand/Category Page,True,False,False,2026-09-07,2026-07-31 07:00:00,2026-09-07 16:55:10.186478,38
2495871974190614,,True,2026-07-31 07:00:00,2026-09-06 07:00:00,Chemist Warehouse,Chemist Warehouse,MAGNESIUM THAT TICKS ALL THE BOXES,"Feeling restless?
Try Advanced Magnesium+
✅ THREE forms of Magnesium
✅ With Magnesium Glycinate Dihydrate
✅ High 402mg daily dose",Shop now,IMAGE,https://fb.com/canvas_doc/1301888401830215,fb.com,/canvas_doc/1301888401830215,,,,,,,Not Specified,,,,,,,,,,"['FACEBOOK', 'INSTAGRAM', 'MESSENGER', 'THREADS']",,,,,2026-W36,2026-09,"FACEBOOK, INSTAGRAM, MESSENGER, THREADS",True,True,False,True,True,False,Internal/App Page,True,False,False,2026-09-07,2026-07-31 07:00:00,2026-09-07 16:55:10.186478,38
1749845272706044,,True,2026-07-31 07:00:00,2026-09-06 07:00:00,Chemist Warehouse,Chemist Warehouse,NEW! JSHEALTH NMN 500 + RESVERATROL,"NEW! JSHealth NMN 500 + Resveratrol
🔋 Recharge your cellular battery
🔋 Support energy production
🔋 Reduce free radicals formed in the body",Shop now,IMAGE,https://fb.com/canvas_doc/1217842140478521,fb.com,/canvas_doc/1217842140478521,,,,,,,Not Specified,,,,,,,,,,"['FACEBOOK', 'INSTAGRAM', 'MESSENGER', 'THREADS']",,,,,2026-W36,2026-09,"FACEBOOK, INSTAGRAM, MESSENGER, THREADS",True,True,False,True,True,False,Internal/App Page,True,False,False,2026-09-07,2026-07-31 07:00:00,2026-09-07 16:55:10.186478,38
1029793463309984,,True,2026-07-31 07:00:00,2026-09-06 07:00:00,Chemist Warehouse,Chemist Warehouse,NEW BERBERINE+,"Take charge of your metabolism with JSHealth's Berberine+ formula:
💥 Bioavailable, premium berberine called Berbevis®
💥 Two capsules daily for metabolism wellness
💥 Supports healthy cholesterol in healthy individuals",Shop now,IMAGE,https://fb.com/canvas_doc/2236324117129704,fb.com,/canvas_doc/2236324117129704,,,,,,,Not Specified,,,,,,,,,,"['FACEBOOK', 'INSTAGRAM', 'MESSENGER', 'THREADS']",,,,,2026-W36,2026-09,"FACEBOOK, INSTAGRAM, MESSENGER, THREADS",True,True,False,True,True,False,Internal/App Page,True,False,False,2026-09-07,2026-07-31 07:00:00,2026-09-07 16:55:10.186478,38
1071326455330491,,True,2026-07-31 07:00:00,2026-09-06 07:00:00,Chemist Warehouse,Chemist Warehouse,NEW! JSHEALTH CREATINE+,"NEW! 5g Creatine Monohydrate + Taurine + Choline
✅Helps metabolism of fat
✅Supports muscle strength
✅Supports memory recall",Shop now,IMAGE,https://fb.com/canvas_doc/2485342961939957,fb.com,/canvas_doc/2485342961939957,,,,,,,Not Specified,,,,,,,,,,"['FACEBOOK', 'INSTAGRAM', 'MESSENGER', 'THREADS']",,,,,2026-W36,2026-09,"FACEBOOK, INSTAGRAM, MESSENGER, THREADS",True,True,False,True,True,False,Internal/App Page,True,False,False,2026-09-07,2026-07-31 07:00:00,2026-09-07 16:55:10.186478,38
28126882600262963,,True,2026-07-31 07:00:00,2026-09-06 07:00:00,Chemist Warehouse,Chemist Warehouse,NEW! JSHEALTH CREATINE+,"NEW! 5g Creatine Monohydrate + Taurine + Choline
✅Helps metabolism of fat
✅Supports muscle strength
✅Supports memory recall",Shop now,IMAGE,https://fb.com/canvas_doc/1733785130971249,fb.com,/canvas_doc/1733785130971249,,,,,,,Not Specified,,,,,,,,,,"['FACEBOOK', 'INSTAGRAM', 'MESSENGER', 'THREADS']",,,,,2026-W36,2026-09,"FACEBOOK, INSTAGRAM, MESSENGER, THREADS",True,True,False,True,True,False,Internal/App Page,True,False,False,2026-09-07,2026-07-31 07:00:00,2026-09-07 16:55:10.186478,38
1060648736423494,,True,2026-07-31 07:00:00,2026-09-06 07:00:00,Chemist Warehouse,Chemist Warehouse,NEW! JSHEALTH CREATINE+,"NEW! 5g Creatine Monohydrate + Taurine + Choline
✅Helps metabolism of fat
✅Supports muscle strength
✅Supports memory recall",Shop now,IMAGE,https://fb.com/canvas_doc/920937504360285,fb.com,/canvas_doc/920937504360285,,,,,,,Not Specified,,,,,,,,,,"['FACEBOOK', 'INSTAGRAM', 'MESSENGER', 'THREADS']",,,,,2026-W36,2026-09,"FACEBOOK, INSTAGRAM, MESSENGER, THREADS",True,True,False,True,True,False,Internal/App Page,True,False,False,2026-09-07,2026-07-31 07:00:00,2026-09-07 16:55:10.186478,38
864814513377448,,True,2026-07-31 07:00:00,2026-09-06 07:00:00,Chemist Warehouse,Chemist Warehouse,NEW! JSHEALTH CREATINE+,"NEW! 5g Creatine Monohydrate + Taurine + Choline
✅Helps metabolism of fat
✅Supports muscle strength
✅Supports memory recall",Shop now,IMAGE,https://fb.com/canvas_doc/1590601409346637,fb.com,/canvas_doc/1590601409346637,,,,,,,Not Specified,,,,,,,,,,"['FACEBOOK', 'INSTAGRAM', 'MESSENGER', 'THREADS']",,,,,2026-W36,2026-09,"FACEBOOK, INSTAGRAM, MESSENGER, THREADS",True,True,False,True,True,False,Internal/App Page,True,False,False,2026-09-07,2026-07-31 07:00:00,2026-09-07 16:55:10.186478,38
1927194494637378,,True,2026-07-31 07:00:00,2026-09-06 07:00:00,Chemist Warehouse,Chemist Warehouse,JUST ONE CAPSULE A DAY,Want hair growth and thickness? Try Hair + Energy with 1000's of 5-star reviews!,Shop now,IMAGE,https://fb.com/canvas_doc/1045126574677975,fb.com,/canvas_doc/1045126574677975,,,,,,,Not Specified,,,,,,,,,,"['FACEBOOK', 'INSTAGRAM', 'MESSENGER', 'THREADS']",,,,,2026-W36,2026-09,"FACEBOOK, INSTAGRAM, MESSENGER, THREADS",True,True,False,True,True,False,Internal/App Page,True,False,False,2026-09-07,2026-07-31 07:00:00,2026-09-07 16:55:10.186478,38
1726657118659582,1580339903581281,True,2026-07-31 07:00:00,2026-09-05 07:00:00,Chemist Warehouse,Chemist Warehouse,NEW! JSHEALTH NMN 500 + RESVERATROL,"NEW! JSHealth NMN 500 + Resveratrol
🔋 Recharge your cellular battery
🔋 Support energy production
🔋 Reduce free radicals formed in the body",Shop now,VIDEO,https://fb.com/canvas_doc/1359337362980080,fb.com,/canvas_doc/1359337362980080,,,,,,,Not Specified,,,,,,,,,,"['FACEBOOK', 'INSTAGRAM', 'MESSENGER', 'THREADS']",,,,,2026-W36,2026-09,"FACEBOOK, INSTAGRAM, MESSENGER, THREADS",True,True,False,True,True,False,Internal/App Page,True,False,False,2026-09-07,2026-07-31 07:00:00,2026-09-07 16:55:10.186478,38
1741728780192392,,True,2026-07-31 07:00:00,2026-09-06 07:00:00,Chemist Warehouse,Chemist Warehouse,MAGNESIUM THAT TICKS ALL THE BOXES,"Feeling restless?
Try Advanced Magnesium+
✅ THREE forms of Magnesium
✅ With Magnesium Glycinate Dihydrate
✅ High 402mg daily dose",Shop now,IMAGE,https://fb.com/canvas_doc/896511996447253,fb.com,/canvas_doc/896511996447253,,,,,,,Not Specified,,,,,,,,,,"['FACEBOOK', 'INSTAGRAM', 'MESSENGER', 'THREADS']",,,,,2026-W36,2026-09,"FACEBOOK, INSTAGRAM, MESSENGER, THREADS",True,True,False,True,True,False,Internal/App Page,True,False,False,2026-09-07,2026-07-31 07:00:00,2026-09-07 16:55:10.186478,38
1362850922719495,,True,2026-07-31 07:00:00,2026-09-06 07:00:00,Chemist Warehouse,Chemist Warehouse,NEW! JSHEALTH CREATINE+,"NEW! 5g Creatine Monohydrate + Taurine + Choline
✅Helps metabolism of fat
✅Supports muscle strength
✅Supports memory recall",Shop now,IMAGE,https://fb.com/canvas_doc/1713822419769166,fb.com,/canvas_doc/1713822419769166,,,,,,,Not Specified,,,,,,,,,,"['FACEBOOK', 'INSTAGRAM', 'MESSENGER', 'THREADS']",,,,,2026-W36,2026-09,"FACEBOOK, INSTAGRAM, MESSENGER, THREADS",True,True,False,True,True,False,Internal/App Page,True,False,False,2026-09-07,2026-07-31 07:00:00,2026-09-07 16:55:10.186478,38
1360829375585812,,True,2026-07-31 07:00:00,2026-09-05 07:00:00,Chemist Warehouse,Chemist Warehouse,SHOP JSHEALTH METABOLISM RANGE,"Where metabolism meets strength 💪
Try JSHealth Creatine+ and Berberine+, your new wellness duo.",Shop now,IMAGE,https://fb.com/canvas_doc/1700193271033515,fb.com,/canvas_doc/1700193271033515,,,,,,,Not Specified,,,,,,,,,,"['FACEBOOK', 'INSTAGRAM', 'MESSENGER', 'THREADS']",,,,,2026-W36,2026-09,"FACEBOOK, INSTAGRAM, MESSENGER, THREADS",True,True,False,True,True,False,Internal/App Page,True,False,False,2026-09-07,2026-07-31 07:00:00,2026-09-07 16:55:10.186478,38
1052525080868076,,True,2026-07-31 07:00:00,2026-09-05 07:00:00,Chemist Warehouse,Chemist Warehouse,JSHEALTH'S BEST-SELLING DETOX + DEBLOAT,Shop JSHealth's Detox + Debloat at Chemist Warehouse,Shop now,IMAGE,https://fb.com/canvas_doc/1419940736635816,fb.com,/canvas_doc/1419940736635816,,,,,,,Not Specified,,,,,,,,,,"['FACEBOOK', 'INSTAGRAM', 'MESSENGER', 'THREADS']",,,,,2026-W36,2026-09,"FACEBOOK, INSTAGRAM, MESSENGER, THREADS",True,True,False,True,True,False,Internal/App Page,True,True,False,2026-09-07,2026-07-31 07:00:00,2026-09-07 16:55:10.186478,38
1479180047449399,1052841187703945,True,2026-08-02 07:00:00,2026-09-06 07:00:00,Chemist Warehouse,Chemist Warehouse,{{product.name}},{{product.brand}},Shop now,DCO,https://www.chemistwarehouse.com.au/shop-online/5365/souvenaid?utm_source=facebook&utm_medium=social&utm_campaign=au_cw_coop_facebook_social_nutriciaaustraliaptylimited_souvenaid_81_2026_bau_dynamic&utm_term=conversion&utm_content=dynamic_video,www.chemistwarehouse.com.au,/shop-online/5365/souvenaid,facebook,social,au_cw_coop_facebook_social_nutriciaaustraliaptylimited_souvenaid_81_2026_bau_dynamic,81,conversion,dynamic_video,Coop,Nutriciaaustraliaptylimited,Souvenaid,2026,dynamic,Souvenaid at Chemist Warehouse,Souvenaid: Supports Memory Function. Shop at Chemist Warehouse,Shop Now,,https://video.flim31-1.fna.fbcdn.net/o1/v/t2/f2/m366/AQNVR_I92gW6yzaVUl-xjgvOMSA690mP2aJuNcnszJHkJzDsLm-vbxeBUZfBD9V8MUjrAkPjkYWNRGoAsEqHzTn3GKA04Lmqk-fInicXIU2ZBA.mp4?_nc_cat=105&_nc_oc=Adrg_8HKLfSxU1n3eLieHITVgxm9lJR0QjSOcnt7ezPVSXP4U9_sFG1InugdkateXXM&_nc_sid=b66105&_nc_ht=video.flim31-1.fna.fbcdn.net&_nc_ohc=D9juacSrE_QQ7kNvwE05kYx&efg=eyJ2ZW5jb2RlX3RhZyI6Inhwdl9wcm9ncmVzc2l2ZS5WSV9VU0VDQVNFX1BST0RVQ1RfVFlQRS4uQzMuNzIwLmRhc2hfaDI2NC1iYXNpYy1nZW4yXzcyMHAiLCJ4cHZfYXNzZXRfaWQiOjE0OTE5OTY2MzI2MDk3OTMsImFzc2V0X2FnZV9kYXlzIjo2MCwidmlfdXNlY2FzZV9pZCI6MTA3OTksImR1cmF0aW9uX3MiOjE0LCJ1cmxnZW5fc291cmNlIjoid3d3In0%3D&ccb=17-1&vs=bd4f0322b63fefdf&_nc_vs=HBksFQIYRWZiX2VwaGVtZXJhbC8zRDRGQ0Y0Q0MxQTQ1Q0IzQjhGMUVCNDdEMjY4QkJBQV9tdF8xX3ZpZGVvX2Rhc2hpbml0Lm1wNBUAAsgBEgAVAhhAZmJfcGVybWFuZW50LzNGNEUyQzY1QTQwNTgzRjg0M0MyREQ1MzUwMjhDMjg3X2F1ZGlvX2Rhc2hpbml0Lm1wNBUCAsgBEgAoABgAGwKIB3VzZV9vaWwBMRJwcm9ncmVzc2l2ZV9yZWNpcGUBMRUAACaC0NeU0b2mBRUCKAJDMywXQCwhysCDEm8YGWRhc2hfaDI2NC1iYXNpYy1nZW4yXzcyMHARAHUAZd6oAQA&_nc_gid=2iQP61Xqrq4WePj566s9yA&_nc_ss=7f180&_nc_zt=28&oh=00_AQLxCcUFIlP_7URUw3-76kKhpHCKg9WHBJQJhNCNp0l4CQ&oe=6AA3AD4F,"['FACEBOOK', 'INSTAGRAM']",au,cw,facebook,social,2026-W36,2026-09,"FACEBOOK, INSTAGRAM",True,True,False,False,False,False,Brand/Category Page,True,False,False,2026-09-07,2026-08-02 07:00:00,2026-09-07 16:55:10.186478,36
2122901621987369,1278703254190558,True,2026-08-02 07:00:00,2026-09-06 07:00:00,Chemist Warehouse,Chemist Warehouse,{{product.name}},{{product.brand}},Shop now,DCO,https://www.chemistwarehouse.com.au/shop-online/5365/souvenaid?utm_source=facebook&utm_medium=social&utm_campaign=au_cw_coop_facebook_social_nutriciaaustraliaptylimited_souvenaid_81_2026_bau_dynamic&utm_term=conversion&utm_content=dynamic_video,www.chemistwarehouse.com.au,/shop-online/5365/souvenaid,facebook,social,au_cw_coop_facebook_social_nutriciaaustraliaptylimited_souvenaid_81_2026_bau_dynamic,81,conversion,dynamic_video,Coop,Nutriciaaustraliaptylimited,Souvenaid,2026,dynamic,Souvenaid at Chemist Warehouse,Souvenaid Memory Drink: Hold On To What Matters. Shop at Chemist Warehouse,Shop Now,,https://video.flim31-1.fna.fbcdn.net/o1/v/t2/f2/m366/AQP38oW-8AOv2TKQqziY1QE11AcTW56ZtU40oc_hqoGqqTfRPMWPNy9zic2HVVe-y9KHkDyMBT5oIKOh-GblBrWGoryVS7ZAdudA-zFqis3GqQ.mp4?_nc_cat=107&_nc_oc=AdrW0jPMNwjTwAP8TegiURxwcbemHOPGoOzvtvtwvOpeC_5fqY7qsVumGinby-4pEfM&_nc_sid=b66105&_nc_ht=video.flim31-1.fna.fbcdn.net&_nc_ohc=fqTTnhKKxRYQ7kNvwE3El3x&efg=eyJ2ZW5jb2RlX3RhZyI6Inhwdl9wcm9ncmVzc2l2ZS5WSV9VU0VDQVNFX1BST0RVQ1RfVFlQRS4uQzMuNzIwLmRhc2hfaDI2NC1iYXNpYy1nZW4yXzcyMHAiLCJ4cHZfYXNzZXRfaWQiOjI3MzIxNTk2NTU0MTYzMzUwLCJhc3NldF9hZ2VfZGF5cyI6NjAsInZpX3VzZWNhc2VfaWQiOjEwNzk5LCJkdXJhdGlvbl9zIjozMCwidXJsZ2VuX3NvdXJjZSI6Ind3dyJ9&ccb=17-1&vs=60d2f78118142318&_nc_vs=HBksFQIYRWZiX2VwaGVtZXJhbC85RjRBMEI3REZCMTBGMzJDRThDM0QxNUNFRkUxMUVCNV9tdF8xX3ZpZGVvX2Rhc2hpbml0Lm1wNBUAAsgBEgAVAhhAZmJfcGVybWFuZW50L0U3NDhFMTg4RDVGQkVCRUZERTZCRDM1QUMzOUVBNEFBX2F1ZGlvX2Rhc2hpbml0Lm1wNBUCAsgBEgAoABgAGwKIB3VzZV9vaWwBMRJwcm9ncmVzc2l2ZV9yZWNpcGUBMRUAACas0vWUnbaIYRUCKAJDMywXQD4IcrAgxJwYGWRhc2hfaDI2NC1iYXNpYy1nZW4yXzcyMHARAHUAZd6oAQA&_nc_gid=2iQP61Xqrq4WePj566s9yA&_nc_ss=7f180&_nc_zt=28&oh=00_AQJWSlnTSpnMAYbckRXdMScBCqHMMB9vpAXu8ewVFsj3-w&oe=6AA39CB1,"['FACEBOOK', 'INSTAGRAM']",au,cw,facebook,social,2026-W36,2026-09,"FACEBOOK, INSTAGRAM",True,True,False,False,False,False,Brand/Category Page,True,False,False,2026-09-07,2026-08-02 07:00:00,2026-09-07 16:55:10.186478,36
940154055775898,2337903103409745,True,2026-07-30 07:00:00,2026-09-06 07:00:00,Chemist Warehouse,Breeonabudget ,,"I’m all about small actions with big returns and this upgrade does just that
I’ve been using the @neutrogena_anz Collagen Bank Vitamin C Serum as a simple upgrade to my routine. It combines 15% Pure Vitamin C, Micro-Peptides to help support collagen, and PHA to gently exfoliate and help Vitamin C absorb into refreshed skin.
I love that it’s designed for brighter, smoother and more even-looking skin while still being gentle enough for daily use.
It’s new at Chemist Warehouse in-store or online.
#BankWithNeutrogena #Ad",Shop now,VIDEO,https://www.chemistwarehouse.com.au/shop-online/1873/neutrogena?utm_source=facebook&utm_medium=social&utm_campaign=au_cw_oa_facebook_social_johnsonjohnsonpacific_neutrogena_665_jul25_100649-oa_video-image&utm_term=traffic&utm_content=video-image_video-image,www.chemistwarehouse.com.au,/shop-online/1873/neutrogena,facebook,social,au_cw_oa_facebook_social_johnsonjohnsonpacific_neutrogena_665_jul25_100649-oa_video-image,665,traffic,video-image_video-image,O&O,Johnsonjohnsonpacific,Neutrogena,jul25,video-image,,,,,,"['FACEBOOK', 'INSTAGRAM', 'AUDIENCE_NETWORK', 'MESSENGER', 'WHATSAPP', 'THREADS']",au,cw,facebook,social,2026-W36,2026-09,"FACEBOOK, INSTAGRAM, AUDIENCE_NETWORK, MESSENGER, WHATSAPP, THREADS",True,True,True,True,True,True,Brand/Category Page,True,True,False,2026-09-07,2026-07-30 07:00:00,2026-09-07 16:55:10.186478,39
2184728152071626,2337903103409745,True,2026-07-30 07:00:00,2026-09-06 07:00:00,Chemist Warehouse,Breeonabudget ,,"I’m all about small actions with big returns and this upgrade does just that
I’ve been using the @neutrogena_anz Collagen Bank Vitamin C Serum as a simple upgrade to my routine. It combines 15% Pure Vitamin C, Micro-Peptides to help support collagen, and PHA to gently exfoliate and help Vitamin C absorb into refreshed skin.
I love that it’s designed for brighter, smoother and more even-looking skin while still being gentle enough for daily use.
It’s new at Chemist Warehouse in-store or online.
#BankWithNeutrogena #Ad",Shop now,VIDEO,https://www.chemistwarehouse.com.au/shop-online/1873/neutrogena?utm_source=facebook&utm_medium=social&utm_campaign=au_cw_oa_facebook_social_johnsonjohnsonpacific_neutrogena_665_jul25_100649-oa_video-image&utm_term=traffic&utm_content=video-image_video-image,www.chemistwarehouse.com.au,/shop-online/1873/neutrogena,facebook,social,au_cw_oa_facebook_social_johnsonjohnsonpacific_neutrogena_665_jul25_100649-oa_video-image,665,traffic,video-image_video-image,O&O,Johnsonjohnsonpacific,Neutrogena,jul25,video-image,,,,,,"['FACEBOOK', 'INSTAGRAM', 'AUDIENCE_NETWORK', 'MESSENGER', 'WHATSAPP', 'THREADS']",au,cw,facebook,social,2026-W36,2026-09,"FACEBOOK, INSTAGRAM, AUDIENCE_NETWORK, MESSENGER, WHATSAPP, THREADS",True,True,True,True,True,True,Brand/Category Page,True,True,False,2026-09-07,2026-07-30 07:00:00,2026-09-07 16:55:10.186478,39
27545549008472801,,True,2026-07-30 07:00:00,2026-09-06 07:00:00,Chemist Warehouse,Chemist Warehouse,Made for women,Swisse Women's Vitamins — tailored support from your 30s to your 65+,Shop now,IMAGE,https://fb.com/canvas_doc/2957561687923003,fb.com,/canvas_doc/2957561687923003,,,,,,,Not Specified,,,,,,,,,,"['FACEBOOK', 'INSTAGRAM', 'AUDIENCE_NETWORK', 'MESSENGER', 'THREADS']",,,,,2026-W36,2026-09,"FACEBOOK, INSTAGRAM, AUDIENCE_NETWORK, MESSENGER, THREADS",True,True,True,True,True,False,Internal/App Page,True,False,False,2026-09-07,2026-07-30 07:00:00,2026-09-07 16:55:10.186478,39
1014620834698090,1361798966096678,True,2026-07-29 07:00:00,2026-09-06 07:00:00,Chemist Warehouse,Chemist Warehouse,Start Winter Skin Right,"Cleanse, hydrate and prep your skin for the day with Sukin's winter hydration essentials.",Shop now,VIDEO,https://www.chemistwarehouse.com.au/shop-online/902/sukin?utm_source=facebook&utm_medium=social&utm_campaign=au_cw_oa_facebook_social_sukinaustraliaptyltd_sukin_665_jul26_100663-oa_video-image&utm_term=traffic&utm_content=video-image_,www.chemistwarehouse.com.au,/shop-online/902/sukin,facebook,social,au_cw_oa_facebook_social_sukinaustraliaptyltd_sukin_665_jul26_100663-oa_video-image,665,traffic,video-image_,O&O,Sukinaustraliaptyltd,Sukin,jul26,video-image,,,,,,"['FACEBOOK', 'INSTAGRAM', 'AUDIENCE_NETWORK', 'MESSENGER', 'WHATSAPP', 'THREADS']",au,cw,facebook,social,2026-W36,2026-09,"FACEBOOK, INSTAGRAM, AUDIENCE_NETWORK, MESSENGER, WHATSAPP, THREADS",True,True,True,True,True,True,Brand/Category Page,True,False,False,2026-09-07,2026-07-29 07:00:00,2026-09-07 16:55:10.186478,40
2392093794532496,2112386225977233,True,2026-07-29 07:00:00,2026-09-06 07:00:00,Chemist Warehouse,Chemist Warehouse,Start Winter Skin Right,"Cleanse, hydrate and prep your skin for the day with Sukin's winter hydration essentials.",Shop now,VIDEO,https://www.chemistwarehouse.com.au/shop-online/902/sukin?utm_source=facebook&utm_medium=social&utm_campaign=au_cw_oa_facebook_social_sukinaustraliaptyltd_sukin_665_jul26_100663-oa_video-image&utm_term=traffic&utm_content=video-image_,www.chemistwarehouse.com.au,/shop-online/902/sukin,facebook,social,au_cw_oa_facebook_social_sukinaustraliaptyltd_sukin_665_jul26_100663-oa_video-image,665,traffic,video-image_,O&O,Sukinaustraliaptyltd,Sukin,jul26,video-image,,,,,,"['FACEBOOK', 'INSTAGRAM', 'AUDIENCE_NETWORK', 'MESSENGER', 'WHATSAPP', 'THREADS']",au,cw,facebook,social,2026-W36,2026-09,"FACEBOOK, INSTAGRAM, AUDIENCE_NETWORK, MESSENGER, WHATSAPP, THREADS",True,True,True,True,True,True,Brand/Category Page,True,False,False,2026-09-07,2026-07-29 07:00:00,2026-09-07 16:55:10.186478,40
967815036311195,2112386225977233,True,2026-07-29 07:00:00,2026-09-06 07:00:00,Chemist Warehouse,Chemist Warehouse,Start Winter Skin Right,"Cleanse, hydrate and prep your skin for the day with Sukin's winter hydration essentials.",Shop now,VIDEO,https://www.chemistwarehouse.com.au/shop-online/902/sukin?utm_source=facebook&utm_medium=social&utm_campaign=au_cw_oa_facebook_social_sukinaustraliaptyltd_sukin_665_jul26_100663-oa_video-image&utm_term=traffic&utm_content=video-image_,www.chemistwarehouse.com.au,/shop-online/902/sukin,facebook,social,au_cw_oa_facebook_social_sukinaustraliaptyltd_sukin_665_jul26_100663-oa_video-image,665,traffic,video-image_,O&O,Sukinaustraliaptyltd,Sukin,jul26,video-image,,,,,,"['FACEBOOK', 'INSTAGRAM', 'AUDIENCE_NETWORK', 'MESSENGER', 'WHATSAPP', 'THREADS']",au,cw,facebook,social,2026-W36,2026-09,"FACEBOOK, INSTAGRAM, AUDIENCE_NETWORK, MESSENGER, WHATSAPP, THREADS",True,True,True,True,True,True,Brand/Category Page,True,False,False,2026-09-07,2026-07-29 07:00:00,2026-09-07 16:55:10.186478,40
1127175153302842,,True,2026-07-30 07:00:00,2026-09-05 07:00:00,Chemist Warehouse,Chemist Warehouse,Made for women,Swisse Women's Vitamins — tailored support from your 30s to your 65+,Shop now,IMAGE,https://fb.com/canvas_doc/1019498944141039,fb.com,/canvas_doc/1019498944141039,,,,,,,Not Specified,,,,,,,,,,"['FACEBOOK', 'INSTAGRAM', 'AUDIENCE_NETWORK', 'MESSENGER', 'THREADS']",,,,,2026-W36,2026-09,"FACEBOOK, INSTAGRAM, AUDIENCE_NETWORK, MESSENGER, THREADS",True,True,True,True,True,False,Internal/App Page,True,False,False,2026-09-07,2026-07-30 07:00:00,2026-09-07 16:55:10.186478,39
3307238056123375,1361798966096678,True,2026-07-29 07:00:00,2026-09-06 07:00:00,Chemist Warehouse,Chemist Warehouse,Start Winter Skin Right,"Cleanse, hydrate and prep your skin for the day with Sukin's winter hydration essentials.",Shop now,VIDEO,https://www.chemistwarehouse.com.au/shop-online/902/sukin?utm_source=facebook&utm_medium=social&utm_campaign=au_cw_oa_facebook_social_sukinaustraliaptyltd_sukin_665_jul26_100663-oa_video-image&utm_term=traffic&utm_content=video-image_,www.chemistwarehouse.com.au,/shop-online/902/sukin,facebook,social,au_cw_oa_facebook_social_sukinaustraliaptyltd_sukin_665_jul26_100663-oa_video-image,665,traffic,video-image_,O&O,Sukinaustraliaptyltd,Sukin,jul26,video-image,,,,,,"['FACEBOOK', 'INSTAGRAM', 'AUDIENCE_NETWORK', 'MESSENGER', 'WHATSAPP', 'THREADS']",au,cw,facebook,social,2026-W36,2026-09,"FACEBOOK, INSTAGRAM, AUDIENCE_NETWORK, MESSENGER, WHATSAPP, THREADS",True,True,True,True,True,True,Brand/Category Page,True,False,False,2026-09-07,2026-07-29 07:00:00,2026-09-07 16:55:10.186478,40
1555140606106389,,True,2026-07-31 07:00:00,2026-09-05 07:00:00,Chemist Warehouse,Chemist Warehouse,Made for women,Swisse Women's Vitamins — tailored support from your 30s to your 65+,Shop now,IMAGE,https://fb.com/canvas_doc/1053218177182481,fb.com,/canvas_doc/1053218177182481,,,,,,,Not Specified,,,,,,,,,,"['FACEBOOK', 'INSTAGRAM', 'AUDIENCE_NETWORK', 'MESSENGER', 'THREADS']",,,,,2026-W36,2026-09,"FACEBOOK, INSTAGRAM, AUDIENCE_NETWORK, MESSENGER, THREADS",True,True,True,True,True,False,Internal/App Page,True,False,False,2026-09-07,2026-07-31 07:00:00,2026-09-07 16:55:10.186478,38
1584973026600937,1034547282614970,True,2026-07-29 07:00:00,2026-09-06 07:00:00,Chemist Warehouse,Chemist Warehouse,{{product.name}},{{product.brand}},Shop now,DCO,https://www.chemistwarehouse.com.au/shop-online/1520/claratyne?utm_source=facebook&utm_medium=social&utm_campaign=au_cw_coop_facebook_social_bayeraustralialtd_claratyne_258_jul26_100137-bau_video&utm_term=traffic&utm_content=video_video,www.chemistwarehouse.com.au,/shop-online/1520/claratyne,facebook,social,au_cw_coop_facebook_social_bayeraustralialtd_claratyne_258_jul26_100137-bau_video,258,traffic,video_video,Coop,Bayeraustralialtd,Claratyne,jul26,video,Allergies? It's CLARATIME!,It’s CLARATIME with Claratyne. Show now at Chemist Warehouse!,Shop Now,,https://video.flim31-1.fna.fbcdn.net/o1/v/t2/f2/m366/AQMs09pAaajYAyENKro8-NuzZktPgQx_rcPuecoRZYNsBgrqLSB7HksYxUtjdGMgWRMCf43tpGQ_sy6ZWY0j3QRv5NlSYwFgYn-qmc5-_zALAQ.mp4?_nc_cat=109&_nc_oc=AdqOJ1OCoY9ScU_EIBu7uOEzlTdV8WKV7-8HYisvasUYDLegU5UaA0USmy1yuWsH6Zg&_nc_sid=b66105&_nc_ht=video.flim31-1.fna.fbcdn.net&_nc_ohc=b__HIHmAAGIQ7kNvwGeQ-Bb&efg=eyJ2ZW5jb2RlX3RhZyI6Inhwdl9wcm9ncmVzc2l2ZS5WSV9VU0VDQVNFX1BST0RVQ1RfVFlQRS4uQzMuNzIwLmRhc2hfaDI2NC1iYXNpYy1nZW4yXzcyMHAiLCJ4cHZfYXNzZXRfaWQiOjMyNTgxNjA2MDQzODU5OTgsImFzc2V0X2FnZV9kYXlzIjozOCwidmlfdXNlY2FzZV9pZCI6MTA3OTksImR1cmF0aW9uX3MiOjI0LCJ1cmxnZW5fc291cmNlIjoid3d3In0%3D&ccb=17-1&vs=baebb6e44f12d394&_nc_vs=HBksFQIYRWZiX2VwaGVtZXJhbC9DNjQ0N0FGQjM4QTA1ODMwODY2OUIwMjcxOEI3RjdCM19tdF8xX3ZpZGVvX2Rhc2hpbml0Lm1wNBUAAsgBEgAVAhhAZmJfcGVybWFuZW50L0VGNDAwNTg2NEZGNzRGQjEwNjIzRDIyQzQ3NTdEREFBX2F1ZGlvX2Rhc2hpbml0Lm1wNBUCAsgBEgAoABgAGwKIB3VzZV9vaWwBMRJwcm9ncmVzc2l2ZV9yZWNpcGUBMRUAACacy5CX9NHJCxUCKAJDMywXQDgZmZmZmZoYGWRhc2hfaDI2NC1iYXNpYy1nZW4yXzcyMHARAHUAZd6oAQA&_nc_gid=MWV6cVMrZ1fzg4FE2KqTgQ&_nc_ss=7f180&_nc_zt=28&oh=00_AQJeZBkAzAtoaDNJPKUHzQqIlx4jCjrsLeYp_tWF1ZdwdA&oe=6AA3C083,"['FACEBOOK', 'INSTAGRAM', 'AUDIENCE_NETWORK', 'WHATSAPP', 'THREADS']",au,cw,facebook,social,2026-W36,2026-09,"FACEBOOK, INSTAGRAM, AUDIENCE_NETWORK, WHATSAPP, THREADS",True,True,True,False,True,True,Brand/Category Page,True,False,False,2026-09-07,2026-07-29 07:00:00,2026-09-07 16:55:10.186478,40
1021756874021810,2511976525893873,True,2026-07-29 07:00:00,2026-09-06 07:00:00,Chemist Warehouse,Chemist Warehouse,Blackmores Magnesium,"Relieves muscle cramps when dietary intake is inadequate. 
Always read the label and follow the directions for use.",Shop now,VIDEO,https://www.chemistwarehouse.com.au/shop-online/513/blackmores?category=Muscles%2C%20Bones%20%26%20Joints&utm_source=facebook&utm_medium=social&utm_campaign=au_cw_oa_facebook_social_blackmoreslimited_blackmores_81_jul26_100661-oa_video-image&utm_term=traffic&utm_content=video-image_,www.chemistwarehouse.com.au,/shop-online/513/blackmores,facebook,social,au_cw_oa_facebook_social_blackmoreslimited_blackmores_81_jul26_100661-oa_video-image,81,traffic,video-image_,O&O,Blackmoreslimited,Blackmores,jul26,video-image,,,,,,"['FACEBOOK', 'INSTAGRAM', 'MESSENGER', 'WHATSAPP']",au,cw,facebook,social,2026-W36,2026-09,"FACEBOOK, INSTAGRAM, MESSENGER, WHATSAPP",True,True,False,True,False,True,Brand/Category Page,True,False,False,2026-09-07,2026-07-29 07:00:00,2026-09-07 16:55:10.186478,40
1312745864274085,,True,2026-07-31 07:00:00,2026-09-05 07:00:00,Chemist Warehouse,Chemist Warehouse,HAIR DENSITY + FULLNESS,JSHealth's best-selling Vita-Growth Scalp Serum has landed! With 7 clinically-backed actives for hair density + fullness.,Shop now,IMAGE,https://fb.com/canvas_doc/2241169566736107,fb.com,/canvas_doc/2241169566736107,,,,,,,Not Specified,,,,,,,,,,"['FACEBOOK', 'INSTAGRAM', 'MESSENGER', 'THREADS']",,,,,2026-W36,2026-09,"FACEBOOK, INSTAGRAM, MESSENGER, THREADS",True,True,False,True,True,False,Internal/App Page,True,False,False,2026-09-07,2026-07-31 07:00:00,2026-09-07 16:55:10.186478,38
2220543082045117,,True,2026-07-28 07:00:00,2026-09-06 07:00:00,Chemist Warehouse,Chemist Warehouse,{{product.name}},"Stop paying too much on contact lenses at Chemist Warehouse Optometry.

👉 Wide range of lenses at everyday low prices.
👉 Free Shipping on orders over $99
👉 Tracked Delivery on all orders
👉 Friendly Customer Service

Shop Online Now at Chemist Warehouse Optometry & see the savings!",Shop now,DPA,https://chemistwarehouseoptometry.com.au/,chemistwarehouseoptometry.com.au,/,,,,,,,Not Specified,,,,,MyDay 30 pack,"Stop paying too much on contact lenses at Chemist Warehouse Optometry.

👉 Wide range of lenses at everyday low prices.
👉 Free Shipping on orders over $99
👉 Tracked Delivery on all orders
👉 Friendly Customer Service

Shop Online Now at Chemist Warehouse Optometry & see the savings!",Shop Now,https://scontent.flim31-1.fna.fbcdn.net/v/t39.35426-6/756724799_1318902243333132_3485765084103467715_n.jpg?_nc_cat=101&ccb=1-7&_nc_sid=c53f8f&_nc_ohc=-p9xEF5IJkkQ7kNvwFGmVcP&_nc_oc=Adqo1j2Ub6XWx8nlBedwiP3BQ8G3YtR6k7FbWiLAPKNH6510sECZyP-87ylWd2EkMZM&_nc_zt=14&_nc_ht=scontent.flim31-1.fna&_nc_gid=cvbIco2yHC_FHSh0Nr2_KQ&_nc_ss=7f180&oh=00_AQKnk7IwdCKHJ2cSA-8pLliaG7ot6XKbNys78A4JBG_OJg&oe=6AA3A8AF,,"['FACEBOOK', 'INSTAGRAM', 'AUDIENCE_NETWORK', 'MESSENGER', 'THREADS']",,,,,2026-W36,2026-09,"FACEBOOK, INSTAGRAM, AUDIENCE_NETWORK, MESSENGER, THREADS",True,True,True,True,True,False,Homepage,True,True,False,2026-09-07,2026-07-28 07:00:00,2026-09-07 16:55:10.186478,41
932725426525947,2159235607980963,True,2026-07-29 07:00:00,2026-09-05 07:00:00,Chemist Warehouse,Chemist Warehouse,{{product.name}},{{product.brand}},Shop now,DCO,https://chemistwarehouseoptometry.com.au/,chemistwarehouseoptometry.com.au,/,,,,,,,Not Specified,,,,,Shop at Chemist Warehouse Optometry now,"Stop paying too much on contact lenses at Chemist Warehouse Optometry.

👉 Wide range of lenses at everyday low prices.
👉 Free Shipping on orders over $99
👉 Tracked Delivery on all orders
👉 Friendly Customer Service

Shop Online Now at Chemist Warehouse Optometry & see the savings!",Shop Now,https://scontent.flim31-1.fna.fbcdn.net/v/t39.35426-6/758589479_5512323948992853_866057138854286648_n.jpg?_nc_cat=107&ccb=1-7&_nc_sid=c53f8f&_nc_ohc=VcU9Jbv3cOUQ7kNvwGT47Ra&_nc_oc=AdpipEyvBH3p0ZdkOBsdYjERbAYPw_QwFYM87TMcOjjxyxu8KFiujew62aSNjPmM-GI&_nc_zt=14&_nc_ht=scontent.flim31-1.fna&_nc_gid=cvbIco2yHC_FHSh0Nr2_KQ&_nc_ss=7f180&oh=00_AQLk7W6YSmwzgQOotPvDj-we6woYzBfDgQkNLvRN3k3-ZQ&oe=6AA3B966,,"['FACEBOOK', 'INSTAGRAM', 'AUDIENCE_NETWORK', 'MESSENGER', 'THREADS']",,,,,2026-W36,2026-09,"FACEBOOK, INSTAGRAM, AUDIENCE_NETWORK, MESSENGER, THREADS",True,True,True,True,True,False,Homepage,True,False,False,2026-09-07,2026-07-29 07:00:00,2026-09-07 16:55:10.186478,40
1763960248258801,1651973163217204,True,2026-07-28 07:00:00,2026-09-06 07:00:00,Chemist Warehouse,Chemist Warehouse,{{product.name}},{{product.brand}},Shop now,DCO,https://www.chemistwarehouse.com.au/buy/169062/ethical-nutrients-mega-magnesium-glycinate-3-in-1-50-capsules?utm_source=facebook&utm_medium=social&utm_campaign=au_cw_oa_facebook_social_metagenicsaustralia_ethicalnutrients_81_jul25_100696-oa_video&utm_term=traffic&utm_content=video_video,www.chemistwarehouse.com.au,/buy/169062/ethical-nutrients-mega-magnesium-glycinate-3-in-1-50-capsules,facebook,social,au_cw_oa_facebook_social_metagenicsaustralia_ethicalnutrients_81_jul25_100696-oa_video,81,traffic,video_video,O&O,Metagenicsaustralia,Ethicalnutrients,jul25,video,Not all magnesium is equal,"When your days feel busy, it can show up in more ways than one.

NEW MagActive® Magnesium Glycinate 3-in-1 capsules are designed to:
⭐ Help relax muscles & relieve cramps
⭐ Support a healthy stress response
⭐ Support energy & vitality

One daily formula. Total support. Try it today.

Always read the label & follow the directions for use.",Shop Now,,https://video.flim31-1.fna.fbcdn.net/o1/v/t2/f2/m366/AQPi3B1HxrOQ3DwQTWl-w_Xu_kifjKLKARkK3LtHPYp4dt3wf4FGC81q5LHf3WUtrn67Qxlh6nX0R2GNMRyacTa3HOK6ffLkcwARm5VKz96zvA.mp4?_nc_cat=107&_nc_oc=Adpk-3bmdOXMTNuNtcdC-XDX6JMMc1GscqVGK2C0WPC7pUm33qVaRlUmve4L3zdiJBY&_nc_sid=b66105&_nc_ht=video.flim31-1.fna.fbcdn.net&_nc_ohc=HXrN5aPxDn4Q7kNvwFJj0Sw&efg=eyJ2ZW5jb2RlX3RhZyI6Inhwdl9wcm9ncmVzc2l2ZS5WSV9VU0VDQVNFX1BST0RVQ1RfVFlQRS4uQzMuNzIwLmRhc2hfaDI2NC1iYXNpYy1nZW4yXzcyMHAiLCJ4cHZfYXNzZXRfaWQiOjEwNzI1MTUyNzU0NTM2NTAsImFzc2V0X2FnZV9kYXlzIjozOSwidmlfdXNlY2FzZV9pZCI6MTA3OTksImR1cmF0aW9uX3MiOjE4LCJ1cmxnZW5fc291cmNlIjoid3d3In0%3D&ccb=17-1&vs=1c4761e8f0131b7d&_nc_vs=HBksFQIYRWZiX2VwaGVtZXJhbC9BRDRFRkE5RUZBQkQ4RUI1RTNGNjY5OEIxODQ3RDFBRl9tdF8xX3ZpZGVvX2Rhc2hpbml0Lm1wNBUAAsgBEgAVAhhAZmJfcGVybWFuZW50LzIyNEYwQ0Q0RjlFRjNGMDMyRkQ1OUQ4N0Q2RDE2N0E1X2F1ZGlvX2Rhc2hpbml0Lm1wNBUCAsgBEgAoABgAGwKIB3VzZV9vaWwBMRJwcm9ncmVzc2l2ZV9yZWNpcGUBMRUAACak05PAzdznAxUCKAJDMywXQDKAAAAAAAAYGWRhc2hfaDI2NC1iYXNpYy1nZW4yXzcyMHARAHUAZd6oAQA&_nc_gid=cvbIco2yHC_FHSh0Nr2_KQ&_nc_ss=7f180&_nc_zt=28&oh=00_AQIPSC2johlp5wfpQ444JA8LIAPvgbUWdEfYYMkJlS5Fyw&oe=6AA3C9AD,"['FACEBOOK', 'INSTAGRAM', 'AUDIENCE_NETWORK', 'MESSENGER', 'WHATSAPP', 'THREADS']",au,cw,facebook,social,2026-W36,2026-09,"FACEBOOK, INSTAGRAM, AUDIENCE_NETWORK, MESSENGER, WHATSAPP, THREADS",True,True,True,True,True,True,SKU Product,True,False,False,2026-09-07,2026-07-28 07:00:00,2026-09-07 16:55:10.186478,41
1824333528549424,1972987723379611,True,2026-07-31 07:00:00,2026-09-06 07:00:00,Chemist Warehouse,Chemist Warehouse,Blackmores Magnesium,"Relieves muscle cramps when dietary intake is inadequate. 
Always read the label and follow the directions for use.",Shop now,VIDEO,https://www.chemistwarehouse.com.au/shop-online/513/blackmores?category=Muscles%2C%20Bones%20%26%20Joints&utm_source=facebook&utm_medium=social&utm_campaign=au_cw_oa_facebook_social_blackmoreslimited_blackmores_81_jul26_100661-oa_video-image&utm_term=traffic&utm_content=video-image_,www.chemistwarehouse.com.au,/shop-online/513/blackmores,facebook,social,au_cw_oa_facebook_social_blackmoreslimited_blackmores_81_jul26_100661-oa_video-image,81,traffic,video-image_,O&O,Blackmoreslimited,Blackmores,jul26,video-image,,,,,,"['FACEBOOK', 'INSTAGRAM', 'MESSENGER', 'WHATSAPP']",au,cw,facebook,social,2026-W36,2026-09,"FACEBOOK, INSTAGRAM, MESSENGER, WHATSAPP",True,True,False,True,False,True,Brand/Category Page,True,False,False,2026-09-07,2026-07-31 07:00:00,2026-09-07 16:55:10.186478,38
27940376978985387,4423576951235011,True,2026-07-28 07:00:00,2026-09-06 07:00:00,Chemist Warehouse,Chemist Warehouse,{{product.name}},{{product.brand}},Shop now,DCO,https://www.chemistwarehouse.com.au/buy/169062/ethical-nutrients-mega-magnesium-glycinate-3-in-1-50-capsules?utm_source=facebook&utm_medium=social&utm_campaign=au_cw_oa_facebook_social_metagenicsaustralia_ethicalnutrients_81_jul25_100696-oa_video&utm_term=traffic&utm_content=video_video,www.chemistwarehouse.com.au,/buy/169062/ethical-nutrients-mega-magnesium-glycinate-3-in-1-50-capsules,facebook,social,au_cw_oa_facebook_social_metagenicsaustralia_ethicalnutrients_81_jul25_100696-oa_video,81,traffic,video_video,O&O,Metagenicsaustralia,Ethicalnutrients,jul25,video,Not all magnesium is equal,"When your days feel busy, it can show up in more ways than one.

NEW MagActive® Magnesium Glycinate 3-in-1 capsules are designed to:
⭐ Help relax muscles & relieve cramps
⭐ Support a healthy stress response
⭐ Support energy & vitality

One daily formula. Total support. Try it today.

Always read the label & follow the directions for use.",Shop Now,,https://video.flim31-1.fna.fbcdn.net/o1/v/t2/f2/m366/AQNhiMVs78Z2IY3S8bO2x5y2ajYFs8pYr0amQvXRcpdHUIv9FORpspodQKsgOOMFVtdo-uA2Sg0s5VApve-_xK2KKjUWnP6qnf9GP06K3DCMZw.mp4?_nc_cat=104&_nc_oc=Ado2HLXpuTEJQSm8L7zTFRykxPl_fOZ2W3a5zh4Yfk-6F2tgeP-x46vu5i9Fpmz9_Vc&_nc_sid=b66105&_nc_ht=video.flim31-1.fna.fbcdn.net&_nc_ohc=kO35qhlim8QQ7kNvwEc9NES&efg=eyJ2ZW5jb2RlX3RhZyI6Inhwdl9wcm9ncmVzc2l2ZS5WSV9VU0VDQVNFX1BST0RVQ1RfVFlQRS4uQzMuNzIwLmRhc2hfaDI2NC1iYXNpYy1nZW4yXzcyMHAiLCJ4cHZfYXNzZXRfaWQiOjE3MDAwNzU3MTgyMjY5NDMsImFzc2V0X2FnZV9kYXlzIjo0NSwidmlfdXNlY2FzZV9pZCI6MTA3OTksImR1cmF0aW9uX3MiOjM0LCJ1cmxnZW5fc291cmNlIjoid3d3In0%3D&ccb=17-1&vs=7001ed8cc9839d66&_nc_vs=HBksFQIYRWZiX2VwaGVtZXJhbC9GQzRFNjNFMzJBMzM0QUVCMDFEOTMwRTQ1RjUyQjk5OF9tdF8xX3ZpZGVvX2Rhc2hpbml0Lm1wNBUAAsgBEgAVAhhAZmJfcGVybWFuZW50LzlBNDRFN0ZGODM2Q0UzQjRDQ0EzOTUwQjJBODhBMkE5X2F1ZGlvX2Rhc2hpbml0Lm1wNBUCAsgBEgAoABgAGwKIB3VzZV9vaWwBMRJwcm9ncmVzc2l2ZV9yZWNpcGUBMRUAACb-z7WUt42FBhUCKAJDMywXQEEIcrAgxJwYGWRhc2hfaDI2NC1iYXNpYy1nZW4yXzcyMHARAHUAZd6oAQA&_nc_gid=cvbIco2yHC_FHSh0Nr2_KQ&_nc_ss=7f180&_nc_zt=28&oh=00_AQLjo8_tVxM5Z3czg7kC81B9B_iMqESbT4CcL4Uthi8OlQ&oe=6AA3C508,"['FACEBOOK', 'INSTAGRAM', 'AUDIENCE_NETWORK', 'MESSENGER', 'WHATSAPP', 'THREADS']",au,cw,facebook,social,2026-W36,2026-09,"FACEBOOK, INSTAGRAM, AUDIENCE_NETWORK, MESSENGER, WHATSAPP, THREADS",True,True,True,True,True,True,SKU Product,True,False,False,2026-09-07,2026-07-28 07:00:00,2026-09-07 16:55:10.186478,41
1030044546327267,1023069380122344,True,2026-07-28 07:00:00,2026-09-06 07:00:00,Chemist Warehouse,Chemist Warehouse,{{product.name}},{{product.brand}},Shop now,DCO,https://www.chemistwarehouse.com.au/shop-online/mcobeauty-new-august?utm_source=facebook&utm_medium=social&utm_campaign=au_cw_coop_facebook_social_mcobeautyptyltd_mcobeauty_648_2026_bau_dynamic&utm_term=conversion&utm_content=dynamic_image-generic,www.chemistwarehouse.com.au,/shop-online/mcobeauty-new-august,facebook,social,au_cw_coop_facebook_social_mcobeautyptyltd_mcobeauty_648_2026_bau_dynamic,648,conversion,dynamic_image-generic,Coop,Mcobeautyptyltd,Mcobeauty,2026,dynamic,Kiss This 💋,Line it. Stain it. Glaze it. Meet your new lip obsession 💋,Shop Now,https://scontent.flim31-1.fna.fbcdn.net/v/t39.35426-6/756440595_1679515296455133_7261072871345530659_n.jpg?_nc_cat=105&ccb=1-7&_nc_sid=c53f8f&_nc_ohc=i_MdNPA6YQkQ7kNvwH-5lXS&_nc_oc=Adrvp4lC6YWrnRcnOfsMmTg6LuBRNPay3XbzrpVKYOZDK_aMntaP6yiJRa_xs6T_R9Y&_nc_zt=14&_nc_ht=scontent.flim31-1.fna&_nc_gid=cvbIco2yHC_FHSh0Nr2_KQ&_nc_ss=7f180&oh=00_AQLDKNMqyGZb7p6UIKpkYuUi-PxoypQ-r6wRp-QPVrFISg&oe=6AA3A38D,,"['FACEBOOK', 'INSTAGRAM', 'AUDIENCE_NETWORK', 'MESSENGER', 'THREADS']",au,cw,facebook,social,2026-W36,2026-09,"FACEBOOK, INSTAGRAM, AUDIENCE_NETWORK, MESSENGER, THREADS",True,True,True,True,True,False,Brand/Category Page,True,False,False,2026-09-07,2026-07-28 07:00:00,2026-09-07 16:55:10.186478,41
1684627659419975,1972987723379611,True,2026-07-31 07:00:00,2026-09-06 07:00:00,Chemist Warehouse,Chemist Warehouse,Blackmores Magnesium,"Relieves muscle cramps when dietary intake is inadequate. 
Always read the label and follow the directions for use.",Shop now,VIDEO,https://www.chemistwarehouse.com.au/shop-online/513/blackmores?category=Muscles%2C%20Bones%20%26%20Joints&utm_source=facebook&utm_medium=social&utm_campaign=au_cw_oa_facebook_social_blackmoreslimited_blackmores_81_jul26_100661-oa_video-image&utm_term=traffic&utm_content=video-image_,www.chemistwarehouse.com.au,/shop-online/513/blackmores,facebook,social,au_cw_oa_facebook_social_blackmoreslimited_blackmores_81_jul26_100661-oa_video-image,81,traffic,video-image_,O&O,Blackmoreslimited,Blackmores,jul26,video-image,,,,,,"['FACEBOOK', 'INSTAGRAM', 'MESSENGER', 'WHATSAPP']",au,cw,facebook,social,2026-W36,2026-09,"FACEBOOK, INSTAGRAM, MESSENGER, WHATSAPP",True,True,False,True,False,True,Brand/Category Page,True,False,False,2026-09-07,2026-07-31 07:00:00,2026-09-07 16:55:10.186478,38
28309999065301678,1032350546262451,True,2026-07-28 07:00:00,2026-09-05 07:00:00,Chemist Warehouse,Chemist Warehouse,{{product.name}},{{product.brand}},Shop now,DCO,https://www.chemistwarehouse.com.au/shop-online/mcobeauty-new-august?utm_source=facebook&utm_medium=social&utm_campaign=au_cw_coop_facebook_social_mcobeautyptyltd_mcobeauty_648_2026_bau_dynamic&utm_term=conversion&utm_content=dynamic_image-generic,www.chemistwarehouse.com.au,/shop-online/mcobeauty-new-august,facebook,social,au_cw_coop_facebook_social_mcobeautyptyltd_mcobeauty_648_2026_bau_dynamic,648,conversion,dynamic_image-generic,Coop,Mcobeautyptyltd,Mcobeauty,2026,dynamic,Hydrate. Prep. Set.,"Smooth, prep & hydrate your skin for the ultimate glass skin finish",Shop Now,https://scontent.flim31-1.fna.fbcdn.net/v/t39.35426-6/755693795_1766337674376992_8319275823433001156_n.jpg?_nc_cat=103&ccb=1-7&_nc_sid=c53f8f&_nc_ohc=n5fv4p0RueYQ7kNvwFmWBoU&_nc_oc=AdqqICSNSPRAr_9mFHZxEbIahryhvEuoPyXQHwQdf7Du0qUhiaJI7DllIp8-ApeVOFo&_nc_zt=14&_nc_ht=scontent.flim31-1.fna&_nc_gid=cvbIco2yHC_FHSh0Nr2_KQ&_nc_ss=7f180&oh=00_AQKFPp2yc_rdsm21cyhgKP3HXkkKipAek0M2GVLE7ISDEw&oe=6AA3AFCD,,"['FACEBOOK', 'INSTAGRAM', 'AUDIENCE_NETWORK', 'MESSENGER', 'THREADS']",au,cw,facebook,social,2026-W36,2026-09,"FACEBOOK, INSTAGRAM, AUDIENCE_NETWORK, MESSENGER, THREADS",True,True,True,True,True,False,Brand/Category Page,True,False,False,2026-09-07,2026-07-28 07:00:00,2026-09-07 16:55:10.186478,41
4702666893297592,4175722789357392,True,2026-07-28 07:00:00,2026-09-06 07:00:00,Chemist Warehouse,Chemist Warehouse,{{product.name}},{{product.brand}},Shop now,DCO,https://www.chemistwarehouse.com.au/shop-online/mcobeauty-new-august?utm_source=facebook&utm_medium=social&utm_campaign=au_cw_coop_facebook_social_mcobeautyptyltd_mcobeauty_648_2026_bau_dynamic&utm_term=conversion&utm_content=dynamic_image-generic,www.chemistwarehouse.com.au,/shop-online/mcobeauty-new-august,facebook,social,au_cw_coop_facebook_social_mcobeautyptyltd_mcobeauty_648_2026_bau_dynamic,648,conversion,dynamic_image-generic,Coop,Mcobeautyptyltd,Mcobeauty,2026,dynamic,Kiss This 💋,Line it. Stain it. Glaze it. Meet your new lip obsession 💋,Shop Now,https://scontent.flim31-1.fna.fbcdn.net/v/t39.35426-6/756341906_1374987484572844_1396304327187040685_n.jpg?_nc_cat=100&ccb=1-7&_nc_sid=c53f8f&_nc_ohc=ARCLBZc4uE4Q7kNvwHHPhfh&_nc_oc=AdooeHA8-eLciQYXeSEn1hO7keb6b9bkLytFGhseVs5R2ee-fZc1Y-lNMA7mlXrmtjg&_nc_zt=14&_nc_ht=scontent.flim31-1.fna&_nc_gid=cvbIco2yHC_FHSh0Nr2_KQ&_nc_ss=7f180&oh=00_AQIFJAbTbEgm9zd61BVCgMIj9rVl534RV81Mc1WMNdAlvw&oe=6AA3C113,,"['FACEBOOK', 'INSTAGRAM', 'AUDIENCE_NETWORK', 'MESSENGER', 'THREADS']",au,cw,facebook,social,2026-W36,2026-09,"FACEBOOK, INSTAGRAM, AUDIENCE_NETWORK, MESSENGER, THREADS",True,True,True,True,True,False,Brand/Category Page,True,False,False,2026-09-07,2026-07-28 07:00:00,2026-09-07 16:55:10.186478,41
1067629069026303,1011601698275896,True,2026-07-28 07:00:00,2026-09-06 07:00:00,Chemist Warehouse,Chemist Warehouse,{{product.name}},{{product.brand}},Shop now,DCO,https://www.chemistwarehouse.com.au/shop-online/mcobeauty-new-august?utm_source=facebook&utm_medium=social&utm_campaign=au_cw_coop_facebook_social_mcobeautyptyltd_mcobeauty_648_2026_bau_dynamic&utm_term=conversion&utm_content=dynamic_image-generic,www.chemistwarehouse.com.au,/shop-online/mcobeauty-new-august,facebook,social,au_cw_coop_facebook_social_mcobeautyptyltd_mcobeauty_648_2026_bau_dynamic,648,conversion,dynamic_image-generic,Coop,Mcobeautyptyltd,Mcobeauty,2026,dynamic,Kiss This 💋,Line it. Stain it. Glaze it. Meet your new lip obsession 💋,Shop Now,https://scontent.flim31-1.fna.fbcdn.net/v/t39.35426-6/758288847_877789735403970_7847286340072303196_n.jpg?_nc_cat=106&ccb=1-7&_nc_sid=c53f8f&_nc_ohc=4fBS0kBicPcQ7kNvwGKflEb&_nc_oc=Adq7Ytb9chILhB9AoKE52vqS4JjVZavYKz8BZrwuWXt7bgyxUZ9WmQCanvld7oOtMBc&_nc_zt=14&_nc_ht=scontent.flim31-1.fna&_nc_gid=cvbIco2yHC_FHSh0Nr2_KQ&_nc_ss=7f180&oh=00_AQJCZrdE1NznR-3qsuMs6mItDkmfPy5-R_mL0NLYGHw3Kg&oe=6AA3ABB8,,"['FACEBOOK', 'INSTAGRAM', 'AUDIENCE_NETWORK', 'MESSENGER', 'THREADS']",au,cw,facebook,social,2026-W36,2026-09,"FACEBOOK, INSTAGRAM, AUDIENCE_NETWORK, MESSENGER, THREADS",True,True,True,True,True,False,Brand/Category Page,True,False,False,2026-09-07,2026-07-28 07:00:00,2026-09-07 16:55:10.186478,41
1330594252390742,1570433354656863,True,2026-07-28 07:00:00,2026-09-06 07:00:00,Chemist Warehouse,Chemist Warehouse,{{product.name}},{{product.brand}},Shop now,DCO,https://www.chemistwarehouse.com.au/shop-online/mcobeauty-new-august?utm_source=facebook&utm_medium=social&utm_campaign=au_cw_coop_facebook_social_mcobeautyptyltd_mcobeauty_648_2026_bau_dynamic&utm_term=conversion&utm_content=dynamic_image-generic,www.chemistwarehouse.com.au,/shop-online/mcobeauty-new-august,facebook,social,au_cw_coop_facebook_social_mcobeautyptyltd_mcobeauty_648_2026_bau_dynamic,648,conversion,dynamic_image-generic,Coop,Mcobeautyptyltd,Mcobeauty,2026,dynamic,Hydrate. Prep. Set.,"Smooth, prep & hydrate your skin for the ultimate glass skin finish",Shop Now,https://scontent.flim31-1.fna.fbcdn.net/v/t39.35426-6/755694556_1359572005517980_1903561381847868752_n.jpg?_nc_cat=105&ccb=1-7&_nc_sid=c53f8f&_nc_ohc=p1_1CQlfwKsQ7kNvwHUIkDt&_nc_oc=Adpoa_wRoj4iIUY_xwbhiM1HPmyRggODYhOtBViNLzdvGsMIdI9pCELUnJwlE4FVvcc&_nc_zt=14&_nc_ht=scontent.flim31-1.fna&_nc_gid=cvbIco2yHC_FHSh0Nr2_KQ&_nc_ss=7f180&oh=00_AQKxANxoDtrpi_g-4MLeGo-3EFhO1vHCd8b0p1aa5D7GmA&oe=6AA3C46F,,"['FACEBOOK', 'INSTAGRAM', 'AUDIENCE_NETWORK', 'MESSENGER', 'THREADS']",au,cw,facebook,social,2026-W36,2026-09,"FACEBOOK, INSTAGRAM, AUDIENCE_NETWORK, MESSENGER, THREADS",True,True,True,True,True,False,Brand/Category Page,True,False,False,2026-09-07,2026-07-28 07:00:00,2026-09-07 16:55:10.186478,41
1051699477338146,1503905024550933,True,2026-07-28 07:00:00,2026-09-06 07:00:00,Chemist Warehouse,Chemist Warehouse,{{product.name}},{{product.brand}},Shop now,DCO,https://www.chemistwarehouse.com.au/shop-online/mcobeauty-new-august?utm_source=facebook&utm_medium=social&utm_campaign=au_cw_coop_facebook_social_mcobeautyptyltd_mcobeauty_648_2026_bau_dynamic&utm_term=conversion&utm_content=dynamic_image-generic,www.chemistwarehouse.com.au,/shop-online/mcobeauty-new-august,facebook,social,au_cw_coop_facebook_social_mcobeautyptyltd_mcobeauty_648_2026_bau_dynamic,648,conversion,dynamic_image-generic,Coop,Mcobeautyptyltd,Mcobeauty,2026,dynamic,Turn Up The Volume,Bold lashes. Defined eyes. Your new eye makeup obsession starts here,Shop Now,https://scontent.flim31-1.fna.fbcdn.net/v/t39.35426-6/758830800_1851607912484119_1422070504426687826_n.jpg?_nc_cat=103&ccb=1-7&_nc_sid=c53f8f&_nc_ohc=o5NH0Uc3cSoQ7kNvwGiSpBf&_nc_oc=Adoi3uvcglVdLs48T0g1GkBQaqdK4jgaiTYiaIZJM6UhUNDLHTgHM_zDIfTom9C9Q3s&_nc_zt=14&_nc_ht=scontent.flim31-1.fna&_nc_gid=cvbIco2yHC_FHSh0Nr2_KQ&_nc_ss=7f180&oh=00_AQJUAKhZtmcWIex1BcoYRBM0v1cbP6QXNVk0BdypZS0FXA&oe=6AA3AAD2,,"['FACEBOOK', 'INSTAGRAM', 'AUDIENCE_NETWORK', 'MESSENGER', 'THREADS']",au,cw,facebook,social,2026-W36,2026-09,"FACEBOOK, INSTAGRAM, AUDIENCE_NETWORK, MESSENGER, THREADS",True,True,True,True,True,False,Brand/Category Page,True,False,False,2026-09-07,2026-07-28 07:00:00,2026-09-07 16:55:10.186478,41
1740401890404493,28041452858780203,True,2026-07-28 07:00:00,2026-09-05 07:00:00,Chemist Warehouse,Chemist Warehouse,{{product.name}},{{product.brand}},Shop now,DCO,https://www.chemistwarehouse.com.au/shop-online/mcobeauty-new-august?utm_source=facebook&utm_medium=social&utm_campaign=au_cw_coop_facebook_social_mcobeautyptyltd_mcobeauty_648_2026_bau_dynamic&utm_term=conversion&utm_content=dynamic_image-generic,www.chemistwarehouse.com.au,/shop-online/mcobeauty-new-august,facebook,social,au_cw_coop_facebook_social_mcobeautyptyltd_mcobeauty_648_2026_bau_dynamic,648,conversion,dynamic_image-generic,Coop,Mcobeautyptyltd,Mcobeauty,2026,dynamic,Turn Up The Volume,Bold lashes. Defined eyes. Your new eye makeup obsession starts here,Shop Now,https://scontent.flim31-1.fna.fbcdn.net/v/t39.35426-6/753970743_1516769603074189_1803035513913015441_n.jpg?_nc_cat=101&ccb=1-7&_nc_sid=c53f8f&_nc_ohc=PKEO2uwR98sQ7kNvwHlScC8&_nc_oc=AdqL4JvNXiKL_ECaSefy3DUaPX1o0nZIBbiHSzdmlOJ6EfQgQgWGT_AwAFwgw37LAxs&_nc_zt=14&_nc_ht=scontent.flim31-1.fna&_nc_gid=cvbIco2yHC_FHSh0Nr2_KQ&_nc_ss=7f180&oh=00_AQIW99inD10f7W-jrnT3pP_KGnMAfv1oinu7PIWvZ0Yosw&oe=6AA3D085,,"['FACEBOOK', 'INSTAGRAM', 'AUDIENCE_NETWORK', 'MESSENGER', 'THREADS']",au,cw,facebook,social,2026-W36,2026-09,"FACEBOOK, INSTAGRAM, AUDIENCE_NETWORK, MESSENGER, THREADS",True,True,True,True,True,False,Brand/Category Page,True,False,False,2026-09-07,2026-07-28 07:00:00,2026-09-07 16:55:10.186478,41
2240312186781958,1736920077324430,True,2026-07-28 07:00:00,2026-09-06 07:00:00,Chemist Warehouse,Chemist Warehouse,{{product.name}},{{product.brand}},Shop now,DCO,https://www.chemistwarehouse.com.au/shop-online/mcobeauty-new-august?utm_source=facebook&utm_medium=social&utm_campaign=au_cw_coop_facebook_social_mcobeautyptyltd_mcobeauty_648_2026_bau_dynamic&utm_term=conversion&utm_content=dynamic_image-generic,www.chemistwarehouse.com.au,/shop-online/mcobeauty-new-august,facebook,social,au_cw_coop_facebook_social_mcobeautyptyltd_mcobeauty_648_2026_bau_dynamic,648,conversion,dynamic_image-generic,Coop,Mcobeautyptyltd,Mcobeauty,2026,dynamic,Hydrate. Prep. Set.,"Smooth, prep & hydrate your skin for the ultimate glass skin finish",Shop Now,https://scontent.flim31-1.fna.fbcdn.net/v/t39.35426-6/758180563_1769882787500561_9044978276425615136_n.jpg?_nc_cat=110&ccb=1-7&_nc_sid=c53f8f&_nc_ohc=PXYHPpVujlAQ7kNvwFSdwDo&_nc_oc=Adrh29cJQwaJmLacz0WF-XPYEjVkCU5cHgFJA03FEGs9m2ZaRQfLI7bnrNgcZty5VwM&_nc_zt=14&_nc_ht=scontent.flim31-1.fna&_nc_gid=cvbIco2yHC_FHSh0Nr2_KQ&_nc_ss=7f180&oh=00_AQI9RZ6NrHUnP7KuOWgeLks7whlInOQN0HzSNYa6APOcnQ&oe=6AA39ADB,,"['FACEBOOK', 'INSTAGRAM', 'AUDIENCE_NETWORK', 'MESSENGER', 'THREADS']",au,cw,facebook,social,2026-W36,2026-09,"FACEBOOK, INSTAGRAM, AUDIENCE_NETWORK, MESSENGER, THREADS",True,True,True,True,True,False,Brand/Category Page,True,False,False,2026-09-07,2026-07-28 07:00:00,2026-09-07 16:55:10.186478,41
1020332800912607,1993767567917186,True,2026-07-28 07:00:00,2026-09-06 07:00:00,Chemist Warehouse,Chemist Warehouse,{{product.name}},{{product.brand}},Shop now,DCO,https://www.chemistwarehouse.com.au/shop-online/mcobeauty-new-august?utm_source=facebook&utm_medium=social&utm_campaign=au_cw_coop_facebook_social_mcobeautyptyltd_mcobeauty_648_2026_bau_dynamic&utm_term=conversion&utm_content=dynamic_image-generic,www.chemistwarehouse.com.au,/shop-online/mcobeauty-new-august,facebook,social,au_cw_coop_facebook_social_mcobeautyptyltd_mcobeauty_648_2026_bau_dynamic,648,conversion,dynamic_image-generic,Coop,Mcobeautyptyltd,Mcobeauty,2026,dynamic,Hydrate. Prep. Set.,"Smooth, prep & hydrate your skin for the ultimate glass skin finish",Shop Now,https://scontent.flim31-1.fna.fbcdn.net/v/t39.35426-6/756959390_2471423596688077_1667417392721595099_n.jpg?_nc_cat=110&ccb=1-7&_nc_sid=c53f8f&_nc_ohc=pEda1C0ezXUQ7kNvwFWq5Yk&_nc_oc=AdpR-I96_4NzVp4AY9WVTzOKeUJ7KG-al7-zKwA3nlG_lsVsRykVng8iUX_9AEDeD1w&_nc_zt=14&_nc_ht=scontent.flim31-1.fna&_nc_gid=cvbIco2yHC_FHSh0Nr2_KQ&_nc_ss=7f180&oh=00_AQIzsPweC6gfHPoNtMNSM2OU4qVo553WC9u-LRZpznYcgw&oe=6AA3BCB8,,"['FACEBOOK', 'INSTAGRAM', 'AUDIENCE_NETWORK', 'MESSENGER', 'THREADS']",au,cw,facebook,social,2026-W36,2026-09,"FACEBOOK, INSTAGRAM, AUDIENCE_NETWORK, MESSENGER, THREADS",True,True,True,True,True,False,Brand/Category Page,True,False,False,2026-09-07,2026-07-28 07:00:00,2026-09-07 16:55:10.186478,41
968289796228868,1516863560454162,True,2026-07-28 07:00:00,2026-09-05 07:00:00,Chemist Warehouse,Chemist Warehouse,{{product.name}},{{product.brand}},Shop now,DCO,https://www.chemistwarehouse.com.au/shop-online/mcobeauty-new-august?utm_source=facebook&utm_medium=social&utm_campaign=au_cw_coop_facebook_social_mcobeautyptyltd_mcobeauty_648_2026_bau_dynamic&utm_term=conversion&utm_content=dynamic_image-generic,www.chemistwarehouse.com.au,/shop-online/mcobeauty-new-august,facebook,social,au_cw_coop_facebook_social_mcobeautyptyltd_mcobeauty_648_2026_bau_dynamic,648,conversion,dynamic_image-generic,Coop,Mcobeautyptyltd,Mcobeauty,2026,dynamic,Turn Up The Volume,Bold lashes. Defined eyes. Your new eye makeup obsession starts here,Shop Now,https://scontent.flim31-1.fna.fbcdn.net/v/t39.35426-6/757417254_1591428295729560_4236322860239736367_n.jpg?_nc_cat=101&ccb=1-7&_nc_sid=c53f8f&_nc_ohc=QKJDXGmrAeUQ7kNvwGb5hDI&_nc_oc=Adqi_G8SLOu8ZEAUCRKqNyUiTFMfwJOyWp3oKQgLKlc00qGyhP0Ke4-5UlqOW0tI4wM&_nc_zt=14&_nc_ht=scontent.flim31-1.fna&_nc_gid=cvbIco2yHC_FHSh0Nr2_KQ&_nc_ss=7f180&oh=00_AQIDKCFORPGTCkIivbfx8RMBHhVevvluExuwYWugFogyTw&oe=6AA3CD4B,,"['FACEBOOK', 'INSTAGRAM', 'AUDIENCE_NETWORK', 'MESSENGER', 'THREADS']",au,cw,facebook,social,2026-W36,2026-09,"FACEBOOK, INSTAGRAM, AUDIENCE_NETWORK, MESSENGER, THREADS",True,True,True,True,True,False,Brand/Category Page,True,False,False,2026-09-07,2026-07-28 07:00:00,2026-09-07 16:55:10.186478,41
1373030918304047,1613936326756597,True,2026-07-28 07:00:00,2026-09-06 07:00:00,Chemist Warehouse,Chemist Warehouse,{{product.name}},{{product.brand}},Shop now,DCO,https://www.chemistwarehouse.com.au/shop-online/mcobeauty-new-august?utm_source=facebook&utm_medium=social&utm_campaign=au_cw_coop_facebook_social_mcobeautyptyltd_mcobeauty_648_2026_bau_dynamic&utm_term=conversion&utm_content=dynamic_image-generic,www.chemistwarehouse.com.au,/shop-online/mcobeauty-new-august,facebook,social,au_cw_coop_facebook_social_mcobeautyptyltd_mcobeauty_648_2026_bau_dynamic,648,conversion,dynamic_image-generic,Coop,Mcobeautyptyltd,Mcobeauty,2026,dynamic,Turn Up The Volume,Bold lashes. Defined eyes. Your new eye makeup obsession starts here,Shop Now,https://scontent.flim31-1.fna.fbcdn.net/v/t39.35426-6/752150962_913316495143800_5602543295407434183_n.jpg?_nc_cat=111&ccb=1-7&_nc_sid=c53f8f&_nc_ohc=HytMWiJXSxcQ7kNvwEZjY9G&_nc_oc=Adqeh1oAYW42U5SzyBhoqiQ6BJ4tHT5Y45Ei9Bim9jW-i6T6-5CNCbFa4w4Li-KAndQ&_nc_zt=14&_nc_ht=scontent.flim31-1.fna&_nc_gid=cvbIco2yHC_FHSh0Nr2_KQ&_nc_ss=7f180&oh=00_AQIHs_DEkZd5JVwdqA_CAaIyhSmfUqoOfG6nGkE_E4NnmQ&oe=6AA3CE09,,"['FACEBOOK', 'INSTAGRAM', 'AUDIENCE_NETWORK', 'MESSENGER', 'THREADS']",au,cw,facebook,social,2026-W36,2026-09,"FACEBOOK, INSTAGRAM, AUDIENCE_NETWORK, MESSENGER, THREADS",True,True,True,True,True,False,Brand/Category Page,True,False,False,2026-09-07,2026-07-28 07:00:00,2026-09-07 16:55:10.186478,41
1507780703983631,1927672387878231,True,2026-07-28 07:00:00,2026-09-06 07:00:00,Chemist Warehouse,Chemist Warehouse,{{product.name}},{{product.brand}},Shop now,DCO,https://www.chemistwarehouse.com.au/shop-online/mcobeauty-new-august?utm_source=facebook&utm_medium=social&utm_campaign=au_cw_coop_facebook_social_mcobeautyptyltd_mcobeauty_648_2026_bau_dynamic&utm_term=conversion&utm_content=dynamic_image-generic,www.chemistwarehouse.com.au,/shop-online/mcobeauty-new-august,facebook,social,au_cw_coop_facebook_social_mcobeautyptyltd_mcobeauty_648_2026_bau_dynamic,648,conversion,dynamic_image-generic,Coop,Mcobeautyptyltd,Mcobeauty,2026,dynamic,Turn Up The Volume,Bold lashes. Defined eyes. Your new eye makeup obsession starts here,Shop Now,https://scontent.flim31-1.fna.fbcdn.net/v/t39.35426-6/758395868_917963580637660_1466748499760379195_n.jpg?_nc_cat=109&ccb=1-7&_nc_sid=c53f8f&_nc_ohc=MScKheRHbcoQ7kNvwGkX_Y0&_nc_oc=AdqZOSHv1wOUjM8hTGJlxxDb5yyjr1e73aUlG6Us93ydyKadraZhJpulYYpNx5dL658&_nc_zt=14&_nc_ht=scontent.flim31-1.fna&_nc_gid=cvbIco2yHC_FHSh0Nr2_KQ&_nc_ss=7f180&oh=00_AQLP1nqUacQe7AfpiXaLwgluMI90yMhryVcvULd4T_D5dg&oe=6AA3A889,,"['FACEBOOK', 'INSTAGRAM', 'AUDIENCE_NETWORK', 'MESSENGER', 'THREADS']",au,cw,facebook,social,2026-W36,2026-09,"FACEBOOK, INSTAGRAM, AUDIENCE_NETWORK, MESSENGER, THREADS",True,True,True,True,True,False,Brand/Category Page,True,False,False,2026-09-07,2026-07-28 07:00:00,2026-09-07 16:55:10.186478,41
1048688354523832,1023583566701708,True,2026-07-28 07:00:00,2026-09-06 07:00:00,Chemist Warehouse,Chemist Warehouse,{{product.name}},{{product.brand}},Shop now,DCO,https://www.chemistwarehouse.com.au/shop-online/mcobeauty-new-august?utm_source=facebook&utm_medium=social&utm_campaign=au_cw_coop_facebook_social_mcobeautyptyltd_mcobeauty_648_2026_bau_dynamic&utm_term=conversion&utm_content=dynamic_image-generic,www.chemistwarehouse.com.au,/shop-online/mcobeauty-new-august,facebook,social,au_cw_coop_facebook_social_mcobeautyptyltd_mcobeauty_648_2026_bau_dynamic,648,conversion,dynamic_image-generic,Coop,Mcobeautyptyltd,Mcobeauty,2026,dynamic,Kiss This 💋,Line it. Stain it. Glaze it. Meet your new lip obsession 💋,Shop Now,https://scontent.flim31-1.fna.fbcdn.net/v/t39.35426-6/758951260_1713654129843416_1773431957572298661_n.jpg?_nc_cat=111&ccb=1-7&_nc_sid=c53f8f&_nc_ohc=YCO4_1bAsnQQ7kNvwHPgDQG&_nc_oc=Adoc3qw_Zpc8qIaE4p9Pd19bd7Kwm43b0IANxO7Z-fCeLO8Gny5ALV4ov44N3PiPEiE&_nc_zt=14&_nc_ht=scontent.flim31-1.fna&_nc_gid=cvbIco2yHC_FHSh0Nr2_KQ&_nc_ss=7f180&oh=00_AQIYrPD9RH6Vn1mETZr3ghjkX8hjuEh4Jnm152_Dz_Suzg&oe=6AA3C5C5,,"['FACEBOOK', 'INSTAGRAM', 'AUDIENCE_NETWORK', 'MESSENGER', 'THREADS']",au,cw,facebook,social,2026-W36,2026-09,"FACEBOOK, INSTAGRAM, AUDIENCE_NETWORK, MESSENGER, THREADS",True,True,True,True,True,False,Brand/Category Page,True,False,False,2026-09-07,2026-07-28 07:00:00,2026-09-07 16:55:10.186478,41
1046505938078009,1361848269206893,True,2026-07-28 07:00:00,2026-09-06 07:00:00,Chemist Warehouse,Chemist Warehouse,{{product.name}},{{product.brand}},Shop now,DCO,https://www.chemistwarehouse.com.au/shop-online/mcobeauty-new-august?utm_source=facebook&utm_medium=social&utm_campaign=au_cw_coop_facebook_social_mcobeautyptyltd_mcobeauty_648_2026_bau_dynamic&utm_term=conversion&utm_content=dynamic_image-generic,www.chemistwarehouse.com.au,/shop-online/mcobeauty-new-august,facebook,social,au_cw_coop_facebook_social_mcobeautyptyltd_mcobeauty_648_2026_bau_dynamic,648,conversion,dynamic_image-generic,Coop,Mcobeautyptyltd,Mcobeauty,2026,dynamic,Turn Up The Volume,Bold lashes. Defined eyes. Your new eye makeup obsession starts here,Shop Now,https://scontent.flim31-1.fna.fbcdn.net/v/t39.35426-6/757212305_1691485511971547_4800398365598128833_n.jpg?_nc_cat=105&ccb=1-7&_nc_sid=c53f8f&_nc_ohc=7BK6X2FBuJEQ7kNvwF0ErJN&_nc_oc=AdrNsGjNfHZscOH8U587o2g0YtvkgWs4MslrCaFSElUQXE9foCgngFVpLN-iU4uuEu0&_nc_zt=14&_nc_ht=scontent.flim31-1.fna&_nc_gid=cvbIco2yHC_FHSh0Nr2_KQ&_nc_ss=7f180&oh=00_AQJf8OEqyHPAvqDZlf-mCck0Zf1xbnw900_A_NR7BMR08w&oe=6AA3C654,,"['FACEBOOK', 'INSTAGRAM', 'AUDIENCE_NETWORK', 'MESSENGER', 'THREADS']",au,cw,facebook,social,2026-W36,2026-09,"FACEBOOK, INSTAGRAM, AUDIENCE_NETWORK, MESSENGER, THREADS",True,True,True,True,True,False,Brand/Category Page,True,False,False,2026-09-07,2026-07-28 07:00:00,2026-09-07 16:55:10.186478,41
1915498002452409,2872121609824412,True,2026-07-28 07:00:00,2026-09-06 07:00:00,Chemist Warehouse,Chemist Warehouse,{{product.name}},{{product.brand}},Shop now,DCO,https://www.chemistwarehouse.com.au/shop-online/mcobeauty-new-august?utm_source=facebook&utm_medium=social&utm_campaign=au_cw_coop_facebook_social_mcobeautyptyltd_mcobeauty_648_2026_bau_dynamic&utm_term=conversion&utm_content=dynamic_image-generic,www.chemistwarehouse.com.au,/shop-online/mcobeauty-new-august,facebook,social,au_cw_coop_facebook_social_mcobeautyptyltd_mcobeauty_648_2026_bau_dynamic,648,conversion,dynamic_image-generic,Coop,Mcobeautyptyltd,Mcobeauty,2026,dynamic,Kiss This 💋,Line it. Stain it. Glaze it. Meet your new lip obsession 💋,Shop Now,https://scontent.flim31-1.fna.fbcdn.net/v/t39.35426-6/758501735_2750767431973492_3372735623204188014_n.jpg?_nc_cat=110&ccb=1-7&_nc_sid=c53f8f&_nc_ohc=a2OihexIqkwQ7kNvwEOxxPf&_nc_oc=Adqx3XGulET19Hm538KLlp-PbfTV8bvatXogzSy7oBF_C3M3hwR8cPJYbY8gIvVhzgA&_nc_zt=14&_nc_ht=scontent.flim31-1.fna&_nc_gid=cvbIco2yHC_FHSh0Nr2_KQ&_nc_ss=7f180&oh=00_AQIHZztUx1b928fzAfjtBKtQ7SRI19VVHv4xx3VlUDk1zQ&oe=6AA3C70D,,"['FACEBOOK', 'INSTAGRAM', 'AUDIENCE_NETWORK', 'MESSENGER', 'THREADS']",au,cw,facebook,social,2026-W36,2026-09,"FACEBOOK, INSTAGRAM, AUDIENCE_NETWORK, MESSENGER, THREADS",True,True,True,True,True,False,Brand/Category Page,True,False,False,2026-09-07,2026-07-28 07:00:00,2026-09-07 16:55:10.186478,41
2555485601558250,1013518671550255,True,2026-07-28 07:00:00,2026-09-06 07:00:00,Chemist Warehouse,Chemist Warehouse,{{product.name}},{{product.brand}},Shop now,DCO,https://www.chemistwarehouse.com.au/shop-online/mcobeauty-new-august?utm_source=facebook&utm_medium=social&utm_campaign=au_cw_coop_facebook_social_mcobeautyptyltd_mcobeauty_648_2026_bau_dynamic&utm_term=conversion&utm_content=dynamic_image-generic,www.chemistwarehouse.com.au,/shop-online/mcobeauty-new-august,facebook,social,au_cw_coop_facebook_social_mcobeautyptyltd_mcobeauty_648_2026_bau_dynamic,648,conversion,dynamic_image-generic,Coop,Mcobeautyptyltd,Mcobeauty,2026,dynamic,Turn Up The Volume,Bold lashes. Defined eyes. Your new eye makeup obsession starts here,Shop Now,https://scontent.flim31-1.fna.fbcdn.net/v/t39.35426-6/757305444_1376328124439637_4535422069007563464_n.jpg?_nc_cat=106&ccb=1-7&_nc_sid=c53f8f&_nc_ohc=EBCdWIkExhYQ7kNvwFzI0yY&_nc_oc=AdqRDJL9X_zVY9howCVcT1PYda18f0q-R2enkuoK5qyMX47qDM7DoHY58_vAOi4XJww&_nc_zt=14&_nc_ht=scontent.flim31-1.fna&_nc_gid=cvbIco2yHC_FHSh0Nr2_KQ&_nc_ss=7f180&oh=00_AQIrSL2leqvu5cp3W-MUIG26UvTaIbvU8BMK6S1ffDcugw&oe=6AA3C2BF,,"['FACEBOOK', 'INSTAGRAM', 'AUDIENCE_NETWORK', 'MESSENGER', 'THREADS']",au,cw,facebook,social,2026-W36,2026-09,"FACEBOOK, INSTAGRAM, AUDIENCE_NETWORK, MESSENGER, THREADS",True,True,True,True,True,False,Brand/Category Page,True,False,False,2026-09-07,2026-07-28 07:00:00,2026-09-07 16:55:10.186478,41
1049090941210302,1756480972367739,True,2026-07-28 07:00:00,2026-09-06 07:00:00,Chemist Warehouse,Chemist Warehouse,{{product.name}},{{product.brand}},Shop now,DCO,https://www.chemistwarehouse.com.au/shop-online/mcobeauty-new-august?utm_source=facebook&utm_medium=social&utm_campaign=au_cw_coop_facebook_social_mcobeautyptyltd_mcobeauty_648_2026_bau_dynamic&utm_term=conversion&utm_content=dynamic_image-generic,www.chemistwarehouse.com.au,/shop-online/mcobeauty-new-august,facebook,social,au_cw_coop_facebook_social_mcobeautyptyltd_mcobeauty_648_2026_bau_dynamic,648,conversion,dynamic_image-generic,Coop,Mcobeautyptyltd,Mcobeauty,2026,dynamic,Hydrate. Prep. Set.,"Smooth, prep & hydrate your skin for the ultimate glass skin finish",Shop Now,https://scontent.flim31-1.fna.fbcdn.net/v/t39.35426-6/757507550_1701579061080811_5041925996957818537_n.jpg?_nc_cat=104&ccb=1-7&_nc_sid=c53f8f&_nc_ohc=LuwpE5De92YQ7kNvwF82n18&_nc_oc=AdqqTplQdjjs6jgU1j8dpagv25QaHMed8X3lBH5viUKY3N9GehJo1912ntRXwKKl4Qs&_nc_zt=14&_nc_ht=scontent.flim31-1.fna&_nc_gid=cvbIco2yHC_FHSh0Nr2_KQ&_nc_ss=7f180&oh=00_AQKc3q5vM0ZxNAcNk51_KSTFOpUMW0XqNtZCvVij3IKlxQ&oe=6AA3B0EF,,"['FACEBOOK', 'INSTAGRAM', 'AUDIENCE_NETWORK', 'MESSENGER', 'THREADS']",au,cw,facebook,social,2026-W36,2026-09,"FACEBOOK, INSTAGRAM, AUDIENCE_NETWORK, MESSENGER, THREADS",True,True,True,True,True,False,Brand/Category Page,True,False,False,2026-09-07,2026-07-28 07:00:00,2026-09-07 16:55:10.186478,41
27282206158128586,,True,2026-07-28 07:00:00,2026-09-06 07:00:00,Chemist Warehouse,Chemist Warehouse,{{product.name}},{{product.name}},Shop now,DPA,https://www.chemistwarehouse.com.au/shop-online/1028/trilogy?utm_source=facebook&utm_medium=social&utm_content=Catalogue&utm_campaign=au_cw_coop_facebook_social_trilogynaturalproductslimited_trilogy_665_2026_bau_dynamic_100570&utm_term=Dynamic,www.chemistwarehouse.com.au,/shop-online/1028/trilogy,facebook,social,au_cw_coop_facebook_social_trilogynaturalproductslimited_trilogy_665_2026_bau_dynamic_100570,665,Dynamic,Catalogue,Coop,Trilogynaturalproductslimited,Trilogy,2026,100570,Trilogy Vitamin C+ Super Serum 30ml,Trilogy Vitamin C+ Super Serum 30ml,Shop Now,https://scontent.flim31-1.fna.fbcdn.net/v/t39.35426-6/756441303_1414601413850729_8011142233626658120_n.jpg?_nc_cat=106&ccb=1-7&_nc_sid=c53f8f&_nc_ohc=j3WyMpnGEGEQ7kNvwGmyomX&_nc_oc=Adq4L4EHoHreqJbLfwohq9tQYkazczEpxMIQIpr_fIRa_uxlIPksBGIy0fHOvgglC-w&_nc_zt=14&_nc_ht=scontent.flim31-1.fna&_nc_gid=cvbIco2yHC_FHSh0Nr2_KQ&_nc_ss=7f180&oh=00_AQKpiRuC_dGP02K_mzPKxLODPaQkKQ_YeGVijA8EEkaj6g&oe=6AA39988,,"['FACEBOOK', 'INSTAGRAM', 'AUDIENCE_NETWORK', 'MESSENGER', 'THREADS']",au,cw,facebook,social,2026-W36,2026-09,"FACEBOOK, INSTAGRAM, AUDIENCE_NETWORK, MESSENGER, THREADS",True,True,True,True,True,False,Brand/Category Page,True,False,False,2026-09-07,2026-07-28 07:00:00,2026-09-07 16:55:10.186478,41
1056902593452367,28628984323358203,True,2026-07-28 07:00:00,2026-09-06 07:00:00,Chemist Warehouse,Chemist Warehouse,{{product.name}},{{product.brand}},Shop now,DCO,https://www.chemistwarehouse.com.au/shop-online/1028/trilogy?utm_source=facebook&utm_medium=social&utm_campaign=au_cw_coop_facebook_social_trilogynaturalproductslimited_trilogy_665_2026_bau_dynamic_100570&utm_term=conversion&utm_content=dynamic_dynamic,www.chemistwarehouse.com.au,/shop-online/1028/trilogy,facebook,social,au_cw_coop_facebook_social_trilogynaturalproductslimited_trilogy_665_2026_bau_dynamic_100570,665,conversion,dynamic_dynamic,Coop,Trilogynaturalproductslimited,Trilogy,2026,100570,One sold every 37 seconds.,"One ingredient. Guaranteed quality. 
 ✨100% Certified Organic Rosehip Oil - the foundation of your skincare capsule
 ✨Cold‑pressed
 ✨Batch tested for quality",Shop Now,,https://video.flim31-1.fna.fbcdn.net/o1/v/t2/f2/m366/AQOC-BSffdfJuFrHjdL0QVWMTj_yAkH0p4JeD9vki78rrzXDUxTjbdpp1Cimvr4OldVYa7txzoTfe764u0Opn-bvedMsQVNsiHYXsx9IN0gs-g.mp4?_nc_cat=101&_nc_oc=AdrhdIXn8b31B00i_oZNPNhfqRzVgHNMweBr56n1Itq7YD2O54bo0nfx4Zju-OQTLqo&_nc_sid=b66105&_nc_ht=video.flim31-1.fna.fbcdn.net&_nc_ohc=jVUJ1qjOHigQ7kNvwF0TTdj&efg=eyJ2ZW5jb2RlX3RhZyI6Inhwdl9wcm9ncmVzc2l2ZS5WSV9VU0VDQVNFX1BST0RVQ1RfVFlQRS4uQzMuNzIwLmRhc2hfaDI2NC1iYXNpYy1nZW4yXzcyMHAiLCJ4cHZfYXNzZXRfaWQiOjE3OTcwNDgyOTc5MjYzMTksImFzc2V0X2FnZV9kYXlzIjo0NiwidmlfdXNlY2FzZV9pZCI6MTA3OTksImR1cmF0aW9uX3MiOjI0LCJ1cmxnZW5fc291cmNlIjoid3d3In0%3D&ccb=17-1&vs=f0e68966c8d09e3c&_nc_vs=HBksFQIYRWZiX2VwaGVtZXJhbC83NTRCQ0E0QTlBMjMxMUFGODU3QTNBMERGMTNGQUY4Rl9tdF8xX3ZpZGVvX2Rhc2hpbml0Lm1wNBUAAsgBEgAVAhhAZmJfcGVybWFuZW50L0FGNDY2MEU2ODVBNzczQzBGRkFFNjdCNDZBQjMwQ0JBX2F1ZGlvX2Rhc2hpbml0Lm1wNBUCAsgBEgAoABgAGwKIB3VzZV9vaWwBMRJwcm9ncmVzc2l2ZV9yZWNpcGUBMRUAACbeuomX_ZmxBhUCKAJDMywXQDgIcrAgxJwYGWRhc2hfaDI2NC1iYXNpYy1nZW4yXzcyMHARAHUAZd6oAQA&_nc_gid=cvbIco2yHC_FHSh0Nr2_KQ&_nc_ss=7f180&_nc_zt=28&oh=00_AQI5dan-MVa5vVlx6frbBco-_AJH-kG88LDvD1Lm_PL-kg&oe=6AA3A893,"['FACEBOOK', 'INSTAGRAM', 'AUDIENCE_NETWORK', 'MESSENGER', 'THREADS']",au,cw,facebook,social,2026-W36,2026-09,"FACEBOOK, INSTAGRAM, AUDIENCE_NETWORK, MESSENGER, THREADS",True,True,True,True,True,False,Brand/Category Page,True,False,False,2026-09-07,2026-07-28 07:00:00,2026-09-07 16:55:10.186478,41
1759457018576903,1034547282614970,True,2026-07-29 07:00:00,2026-09-06 07:00:00,Chemist Warehouse,Chemist Warehouse,{{product.name}},{{product.brand}},Shop now,DCO,https://www.chemistwarehouse.com.au/shop-online/1520/claratyne?utm_source=facebook&utm_medium=social&utm_campaign=au_cw_coop_facebook_social_bayeraustralialtd_claratyne_258_jul26_100137-bau_video&utm_term=traffic&utm_content=video_video,www.chemistwarehouse.com.au,/shop-online/1520/claratyne,facebook,social,au_cw_coop_facebook_social_bayeraustralialtd_claratyne_258_jul26_100137-bau_video,258,traffic,video_video,Coop,Bayeraustralialtd,Claratyne,jul26,video,Allergies? It's CLARATIME!,It’s CLARATIME with Claratyne. Show now at Chemist Warehouse!,Shop Now,,https://video.flim31-1.fna.fbcdn.net/o1/v/t2/f2/m366/AQMs09pAaajYAyENKro8-NuzZktPgQx_rcPuecoRZYNsBgrqLSB7HksYxUtjdGMgWRMCf43tpGQ_sy6ZWY0j3QRv5NlSYwFgYn-qmc5-_zALAQ.mp4?_nc_cat=109&_nc_oc=AdqOJ1OCoY9ScU_EIBu7uOEzlTdV8WKV7-8HYisvasUYDLegU5UaA0USmy1yuWsH6Zg&_nc_sid=b66105&_nc_ht=video.flim31-1.fna.fbcdn.net&_nc_ohc=b__HIHmAAGIQ7kNvwGeQ-Bb&efg=eyJ2ZW5jb2RlX3RhZyI6Inhwdl9wcm9ncmVzc2l2ZS5WSV9VU0VDQVNFX1BST0RVQ1RfVFlQRS4uQzMuNzIwLmRhc2hfaDI2NC1iYXNpYy1nZW4yXzcyMHAiLCJ4cHZfYXNzZXRfaWQiOjMyNTgxNjA2MDQzODU5OTgsImFzc2V0X2FnZV9kYXlzIjozOCwidmlfdXNlY2FzZV9pZCI6MTA3OTksImR1cmF0aW9uX3MiOjI0LCJ1cmxnZW5fc291cmNlIjoid3d3In0%3D&ccb=17-1&vs=baebb6e44f12d394&_nc_vs=HBksFQIYRWZiX2VwaGVtZXJhbC9DNjQ0N0FGQjM4QTA1ODMwODY2OUIwMjcxOEI3RjdCM19tdF8xX3ZpZGVvX2Rhc2hpbml0Lm1wNBUAAsgBEgAVAhhAZmJfcGVybWFuZW50L0VGNDAwNTg2NEZGNzRGQjEwNjIzRDIyQzQ3NTdEREFBX2F1ZGlvX2Rhc2hpbml0Lm1wNBUCAsgBEgAoABgAGwKIB3VzZV9vaWwBMRJwcm9ncmVzc2l2ZV9yZWNpcGUBMRUAACacy5CX9NHJCxUCKAJDMywXQDgZmZmZmZoYGWRhc2hfaDI2NC1iYXNpYy1nZW4yXzcyMHARAHUAZd6oAQA&_nc_gid=MWV6cVMrZ1fzg4FE2KqTgQ&_nc_ss=7f180&_nc_zt=28&oh=00_AQJeZBkAzAtoaDNJPKUHzQqIlx4jCjrsLeYp_tWF1ZdwdA&oe=6AA3C083,"['FACEBOOK', 'INSTAGRAM', 'AUDIENCE_NETWORK', 'WHATSAPP', 'THREADS']",au,cw,facebook,social,2026-W36,2026-09,"FACEBOOK, INSTAGRAM, AUDIENCE_NETWORK, WHATSAPP, THREADS",True,True,True,False,True,True,Brand/Category Page,True,False,False,2026-09-07,2026-07-29 07:00:00,2026-09-07 16:55:10.186478,40
945205745260191,1518942319679058,True,2026-07-28 07:00:00,2026-09-06 07:00:00,Chemist Warehouse,Chemist Warehouse,{{product.name}},{{product.brand}},Shop now,DCO,https://www.chemistwarehouse.com.au/shop-online/902/sukin?utm_source=facebook&utm_medium=social&utm_campaign=au_cw_coop_facebook_social_bwxbrandsptyltd_sukin_665_2026_100133-bau_video-image&utm_term=traffic&utm_content=video-image_all,www.chemistwarehouse.com.au,/shop-online/902/sukin,facebook,social,au_cw_coop_facebook_social_bwxbrandsptyltd_sukin_665_2026_100133-bau_video-image,665,traffic,video-image_all,Coop,Bwxbrandsptyltd,Sukin,2026,video-image,Everyday Bodycare Rituals,Upgrade your shower routine with Sukin bodycare essentials at Chemist Warehouse.,Shop Now,,,"['FACEBOOK', 'INSTAGRAM', 'AUDIENCE_NETWORK', 'MESSENGER', 'WHATSAPP', 'THREADS']",au,cw,facebook,social,2026-W36,2026-09,"FACEBOOK, INSTAGRAM, AUDIENCE_NETWORK, MESSENGER, WHATSAPP, THREADS",True,True,True,True,True,True,Brand/Category Page,True,False,False,2026-09-07,2026-07-28 07:00:00,2026-09-07 16:55:10.186478,41
2873567719658360,829755366654509,True,2026-07-28 07:00:00,2026-09-01 07:00:00,Chemist Warehouse,Chemist Warehouse,{{product.name}},{{product.brand}},Shop now,DCO,https://www.chemistwarehouse.com.au/shop-online/902/sukin?utm_source=facebook&utm_medium=social&utm_campaign=au_cw_coop_facebook_social_bwxbrandsptyltd_sukin_665_2026_100133-bau_video-image&utm_term=traffic&utm_content=video-image_all,www.chemistwarehouse.com.au,/shop-online/902/sukin,facebook,social,au_cw_coop_facebook_social_bwxbrandsptyltd_sukin_665_2026_100133-bau_video-image,665,traffic,video-image_all,Coop,Bwxbrandsptyltd,Sukin,2026,video-image,Sukin's New Fruity Range,"Awaken your senses with the New Sukin Coconut Bliss, Paraben Free,  Suits all skin types",Shop Now,https://scontent.flim31-1.fna.fbcdn.net/v/t39.35426-6/721575506_982828477793464_9218058166543650403_n.jpg?_nc_cat=105&ccb=1-7&_nc_sid=c53f8f&_nc_ohc=7LJoSrMFCEwQ7kNvwE_tcxy&_nc_oc=Adp0xu5ORrgeXOBrO10mM8MXRGQTS04Tuww1TwRMRILMvoLFXAzZit5E_hWJlB1q6hk&_nc_zt=14&_nc_ht=scontent.flim31-1.fna&_nc_gid=cvbIco2yHC_FHSh0Nr2_KQ&_nc_ss=7f180&oh=00_AQK0VrnmMPOAEYrUUMm1NFWIMRJP3NkGUflVS8QQfWtGqQ&oe=6AA3C728,,"['FACEBOOK', 'INSTAGRAM', 'AUDIENCE_NETWORK', 'MESSENGER', 'WHATSAPP', 'THREADS']",au,cw,facebook,social,2026-W36,2026-09,"FACEBOOK, INSTAGRAM, AUDIENCE_NETWORK, MESSENGER, WHATSAPP, THREADS",True,True,True,True,True,True,Brand/Category Page,True,False,False,2026-09-07,2026-07-28 07:00:00,2026-09-07 16:55:10.186478,41
870336025872836,1016714720737599,True,2026-07-29 07:00:00,2026-09-05 07:00:00,Chemist Warehouse,Chemist Warehouse,{{product.name}},{{product.brand}},Shop now,DCO,https://www.chemistwarehouse.com.au/shop-online/902/sukin?utm_source=facebook&utm_medium=social&utm_campaign=au_cw_coop_facebook_social_bwxbrandsptyltd_sukin_665_2026_100133-bau_video-image&utm_term=traffic&utm_content=video-image_all,www.chemistwarehouse.com.au,/shop-online/902/sukin,facebook,social,au_cw_coop_facebook_social_bwxbrandsptyltd_sukin_665_2026_100133-bau_video-image,665,traffic,video-image_all,Coop,Bwxbrandsptyltd,Sukin,2026,video-image,Everyday Bodycare Rituals,Upgrade your shower routine with Sukin bodycare essentials at Chemist Warehouse.,Shop Now,,,"['FACEBOOK', 'INSTAGRAM', 'AUDIENCE_NETWORK', 'MESSENGER', 'WHATSAPP', 'THREADS']",au,cw,facebook,social,2026-W36,2026-09,"FACEBOOK, INSTAGRAM, AUDIENCE_NETWORK, MESSENGER, WHATSAPP, THREADS",True,True,True,True,True,True,Brand/Category Page,True,False,False,2026-09-07,2026-07-29 07:00:00,2026-09-07 16:55:10.186478,40
1385526763751765,2511976525893873,True,2026-07-29 07:00:00,2026-09-04 07:00:00,Chemist Warehouse,Chemist Warehouse,Blackmores Magnesium,"Relieves muscle cramps when dietary intake is inadequate. 
Always read the label and follow the directions for use.",Shop now,VIDEO,https://www.chemistwarehouse.com.au/shop-online/513/blackmores?category=Muscles%2C%20Bones%20%26%20Joints&utm_source=facebook&utm_medium=social&utm_campaign=au_cw_oa_facebook_social_blackmoreslimited_blackmores_81_jul26_100661-oa_video-image&utm_term=traffic&utm_content=video-image_,www.chemistwarehouse.com.au,/shop-online/513/blackmores,facebook,social,au_cw_oa_facebook_social_blackmoreslimited_blackmores_81_jul26_100661-oa_video-image,81,traffic,video-image_,O&O,Blackmoreslimited,Blackmores,jul26,video-image,,,,,,"['FACEBOOK', 'INSTAGRAM', 'MESSENGER', 'WHATSAPP']",au,cw,facebook,social,2026-W36,2026-09,"FACEBOOK, INSTAGRAM, MESSENGER, WHATSAPP",True,True,False,True,False,True,Brand/Category Page,True,False,False,2026-09-07,2026-07-29 07:00:00,2026-09-07 16:55:10.186478,40
1020031157683392,1521152079191395,True,2026-07-29 07:00:00,2026-09-06 07:00:00,Chemist Warehouse,Chemist Warehouse,Blackmores Magnesium,"Relieves muscle cramps when dietary intake is inadequate. 
Always read the label and follow the directions for use.",Shop now,VIDEO,https://www.chemistwarehouse.com.au/shop-online/513/blackmores?category=Muscles%2C%20Bones%20%26%20Joints&utm_source=facebook&utm_medium=social&utm_campaign=au_cw_oa_facebook_social_blackmoreslimited_blackmores_81_jul26_100661-oa_video-image&utm_term=traffic&utm_content=video-image_,www.chemistwarehouse.com.au,/shop-online/513/blackmores,facebook,social,au_cw_oa_facebook_social_blackmoreslimited_blackmores_81_jul26_100661-oa_video-image,81,traffic,video-image_,O&O,Blackmoreslimited,Blackmores,jul26,video-image,,,,,,"['FACEBOOK', 'INSTAGRAM', 'MESSENGER', 'WHATSAPP']",au,cw,facebook,social,2026-W36,2026-09,"FACEBOOK, INSTAGRAM, MESSENGER, WHATSAPP",True,True,False,True,False,True,Brand/Category Page,True,False,False,2026-09-07,2026-07-29 07:00:00,2026-09-07 16:55:10.186478,40
1742365370238213,1521152079191395,True,2026-07-29 07:00:00,2026-09-05 07:00:00,Chemist Warehouse,Chemist Warehouse,Blackmores Magnesium,"Relieves muscle cramps when dietary intake is inadequate. 
Always read the label and follow the directions for use.",Shop now,VIDEO,https://www.chemistwarehouse.com.au/shop-online/513/blackmores?category=Muscles%2C%20Bones%20%26%20Joints&utm_source=facebook&utm_medium=social&utm_campaign=au_cw_oa_facebook_social_blackmoreslimited_blackmores_81_jul26_100661-oa_video-image&utm_term=traffic&utm_content=video-image_,www.chemistwarehouse.com.au,/shop-online/513/blackmores,facebook,social,au_cw_oa_facebook_social_blackmoreslimited_blackmores_81_jul26_100661-oa_video-image,81,traffic,video-image_,O&O,Blackmoreslimited,Blackmores,jul26,video-image,,,,,,"['FACEBOOK', 'INSTAGRAM', 'MESSENGER', 'WHATSAPP']",au,cw,facebook,social,2026-W36,2026-09,"FACEBOOK, INSTAGRAM, MESSENGER, WHATSAPP",True,True,False,True,False,True,Brand/Category Page,True,False,False,2026-09-07,2026-07-29 07:00:00,2026-09-07 16:55:10.186478,40
2249016629209470,1920043732047233,True,2026-07-29 07:00:00,2026-09-05 07:00:00,Chemist Warehouse,Chemist Warehouse,{{product.name}},{{product.brand}},Shop now,DCO,https://www.chemistwarehouse.com.au/shop-online/902/sukin?utm_source=facebook&utm_medium=social&utm_campaign=au_cw_coop_facebook_social_bwxbrandsptyltd_sukin_665_2026_100133-bau_video-image&utm_term=traffic&utm_content=video-image_all,www.chemistwarehouse.com.au,/shop-online/902/sukin,facebook,social,au_cw_coop_facebook_social_bwxbrandsptyltd_sukin_665_2026_100133-bau_video-image,665,traffic,video-image_all,Coop,Bwxbrandsptyltd,Sukin,2026,video-image,Everyday Bodycare Rituals,Upgrade your shower routine with Sukin bodycare essentials at Chemist Warehouse.,Shop Now,,,"['FACEBOOK', 'INSTAGRAM', 'AUDIENCE_NETWORK', 'MESSENGER', 'WHATSAPP', 'THREADS']",au,cw,facebook,social,2026-W36,2026-09,"FACEBOOK, INSTAGRAM, AUDIENCE_NETWORK, MESSENGER, WHATSAPP, THREADS",True,True,True,True,True,True,Brand/Category Page,True,False,False,2026-09-07,2026-07-29 07:00:00,2026-09-07 16:55:10.186478,40
2364954927604752,2176800673160321,True,2026-07-28 07:00:00,2026-08-07 07:00:00,Chemist Warehouse,Chemist Warehouse,{{product.name}},{{product.brand}},Shop now,DCO,https://www.chemistwarehouse.com.au/shop-online/902/sukin?utm_source=facebook&utm_medium=social&utm_campaign=au_cw_coop_facebook_social_bwxbrandsptyltd_sukin_665_2026_100133-bau_video-image&utm_term=traffic&utm_content=video-image_all,www.chemistwarehouse.com.au,/shop-online/902/sukin,facebook,social,au_cw_coop_facebook_social_bwxbrandsptyltd_sukin_665_2026_100133-bau_video-image,665,traffic,video-image_all,Coop,Bwxbrandsptyltd,Sukin,2026,video-image,Sukin's New Fruity Range,"Awaken your senses with the New Sukin Coconut Bliss, Paraben Free,  Suits all skin types",Shop Now,https://scontent.flim31-1.fna.fbcdn.net/v/t39.35426-6/723573554_1335895175148255_361426192767929543_n.jpg?_nc_cat=102&ccb=1-7&_nc_sid=c53f8f&_nc_ohc=wtzObNdEJkwQ7kNvwFD7UhT&_nc_oc=AdpJxVGU9iHZv8TeFvH8NNkqR0gqdpDiju5yqXW3PLpuTm5E2vMcMDHdTmLhOGzq1FY&_nc_zt=14&_nc_ht=scontent.flim31-1.fna&_nc_gid=Nc4bZNFMETCFh4jXEMwVpQ&_nc_ss=7f180&oh=00_AQIfSJK8U2UULJ105FSybA99P2QN5ZS6lvZdRLaGljbhnA&oe=6AA3B7DE,,"['FACEBOOK', 'INSTAGRAM', 'AUDIENCE_NETWORK', 'MESSENGER', 'WHATSAPP', 'THREADS']",au,cw,facebook,social,2026-W36,2026-09,"FACEBOOK, INSTAGRAM, AUDIENCE_NETWORK, MESSENGER, WHATSAPP, THREADS",True,True,True,True,True,True,Brand/Category Page,True,False,False,2026-09-07,2026-07-28 07:00:00,2026-09-07 16:55:10.186478,41
1503124451615681,880524777853354,True,2026-07-28 07:00:00,2026-09-06 07:00:00,Chemist Warehouse,Chemist Warehouse,{{product.name}},{{product.brand}},Shop now,DCO,https://chemistwarehouseoptometry.com.au/,chemistwarehouseoptometry.com.au,/,,,,,,,Not Specified,,,,,Contact Lenses at Chemist Warehouse prices!,"Stop paying too much on contact lenses at Chemist Warehouse Optometry.

👉 Wide range of lenses at everyday low prices.
👉 Free Shipping on orders over $99
👉 Tracked Delivery on all orders
👉 Friendly Customer Service

Shop Online Now at Chemist Warehouse Optometry & see the savings!",Shop Now,https://scontent.flim31-1.fna.fbcdn.net/v/t39.35426-6/759521840_2238362903371868_1273543281654396432_n.jpg?_nc_cat=100&ccb=1-7&_nc_sid=c53f8f&_nc_ohc=4JxXXwMe89IQ7kNvwHyvI5h&_nc_oc=AdoJNeNieXt5lL22yTLN_b0Jj6a8bstsjLs4chfOVXj1P0WVxI1JerXbt1sVF_yZvzs&_nc_zt=14&_nc_ht=scontent.flim31-1.fna&_nc_gid=cvbIco2yHC_FHSh0Nr2_KQ&_nc_ss=7f180&oh=00_AQL4XEPlEmyzgNjvg2NcHi1p9TaPz316oD46Nx-7c4yBcQ&oe=6AA3CA8F,,"['FACEBOOK', 'INSTAGRAM', 'AUDIENCE_NETWORK', 'MESSENGER', 'THREADS']",,,,,2026-W36,2026-09,"FACEBOOK, INSTAGRAM, AUDIENCE_NETWORK, MESSENGER, THREADS",True,True,True,True,True,False,Homepage,True,False,False,2026-09-07,2026-07-28 07:00:00,2026-09-07 16:55:10.186478,41
1757118605472594,1016032997480593,True,2026-07-28 07:00:00,2026-09-05 07:00:00,Chemist Warehouse,Chemist Warehouse,{{product.name}},{{product.brand}},Shop now,DCO,https://chemistwarehouseoptometry.com.au/,chemistwarehouseoptometry.com.au,/,,,,,,,Not Specified,,,,,Shop at Chemist Warehouse Optometry now,"Stop paying too much on contact lenses at Chemist Warehouse Optometry.

👉 Wide range of lenses at everyday low prices.
👉 Free Shipping on orders over $99
👉 Tracked Delivery on all orders
👉 Friendly Customer Service

Shop Online Now at Chemist Warehouse Optometry & see the savings!",Shop Now,https://scontent.flim31-1.fna.fbcdn.net/v/t39.35426-6/756833026_2206493373526588_4263798080134258754_n.jpg?_nc_cat=110&ccb=1-7&_nc_sid=c53f8f&_nc_ohc=iUrrPI6kHEsQ7kNvwFGlH9K&_nc_oc=AdpIUvyMErkowvI-dwZ3AGWgLCiaMHzWxId8QdAZkFYn91vOzkCj3a4jkzsc3jOcmD4&_nc_zt=14&_nc_ht=scontent.flim31-1.fna&_nc_gid=Nc4bZNFMETCFh4jXEMwVpQ&_nc_ss=7f180&oh=00_AQIxyvTeQ0u3YhQ2-k-v-WeqIr-apfLiQ95uVt4oFmXXEw&oe=6AA3BC65,,"['FACEBOOK', 'INSTAGRAM', 'AUDIENCE_NETWORK', 'THREADS']",,,,,2026-W36,2026-09,"FACEBOOK, INSTAGRAM, AUDIENCE_NETWORK, THREADS",True,True,True,False,True,False,Homepage,True,False,False,2026-09-07,2026-07-28 07:00:00,2026-09-07 16:55:10.186478,41
1016157288059914,1636953817401980,True,2026-07-29 07:00:00,2026-09-06 07:00:00,Chemist Warehouse,Chemist Warehouse,{{product.name}},{{product.brand}},Shop now,DCO,https://chemistwarehouseoptometry.com.au/,chemistwarehouseoptometry.com.au,/,,,,,,,Not Specified,,,,,Find your contact lenses online now!,"Stop paying too much on contact lenses at Chemist Warehouse Optometry.

👉 Wide range of lenses at everyday low prices.
👉 Free Shipping on orders over $99
👉 Tracked Delivery on all orders
👉 Friendly Customer Service

Shop Online Now at Chemist Warehouse Optometry & see the savings!",Shop Now,https://scontent.flim31-1.fna.fbcdn.net/v/t39.35426-6/758671901_1857606638533543_5599887358557545614_n.jpg?_nc_cat=109&ccb=1-7&_nc_sid=c53f8f&_nc_ohc=mkptEzWb-WEQ7kNvwH7QQNp&_nc_oc=AdqbrwIv2QAmoIOiKDvS0sqMy9iVyWRKnT0p7GcFrJ6NJyfEcOurdADINXqg-xQ6AeU&_nc_zt=14&_nc_ht=scontent.flim31-1.fna&_nc_gid=cvbIco2yHC_FHSh0Nr2_KQ&_nc_ss=7f180&oh=00_AQIAvDzjS4ZeQ_Z2odNuhvAsLGLD87Etw-33i1tRVDvhDg&oe=6AA3CC31,,"['FACEBOOK', 'INSTAGRAM', 'AUDIENCE_NETWORK', 'MESSENGER', 'THREADS']",,,,,2026-W36,2026-09,"FACEBOOK, INSTAGRAM, AUDIENCE_NETWORK, MESSENGER, THREADS",True,True,True,True,True,False,Homepage,True,False,False,2026-09-07,2026-07-29 07:00:00,2026-09-07 16:55:10.186478,40
4456946847958211,1413957427208544,True,2026-07-28 07:00:00,2026-09-06 07:00:00,Chemist Warehouse,Chemist Warehouse,{{product.name}},{{product.brand}},Shop now,DCO,https://chemistwarehouseoptometry.com.au/,chemistwarehouseoptometry.com.au,/,,,,,,,Not Specified,,,,,Find your contact lenses online now!,"Stop paying too much on contact lenses at Chemist Warehouse Optometry.

👉 Wide range of lenses at everyday low prices.
👉 Free Shipping on orders over $99
👉 Tracked Delivery on all orders
👉 Friendly Customer Service

Shop Online Now at Chemist Warehouse Optometry & see the savings!",Shop Now,https://scontent.flim31-1.fna.fbcdn.net/v/t39.35426-6/756042908_2125447201730183_2165699493015282767_n.jpg?_nc_cat=108&ccb=1-7&_nc_sid=c53f8f&_nc_ohc=_-dPVE0K9KsQ7kNvwEA_tCo&_nc_oc=Ado21iDgDRf5SgNc064oorLyWJ7AUm_TZzqaZXHe4hxrnX0kyAoh3pBMAQYUXIcCNLg&_nc_zt=14&_nc_ht=scontent.flim31-1.fna&_nc_gid=Nc4bZNFMETCFh4jXEMwVpQ&_nc_ss=7f180&oh=00_AQK5n4UIbuYIwO4f5jN5mHXYmGUzr6zvs_b5I-KHb_dMIg&oe=6AA3C1D7,,"['FACEBOOK', 'INSTAGRAM', 'AUDIENCE_NETWORK', 'THREADS']",,,,,2026-W36,2026-09,"FACEBOOK, INSTAGRAM, AUDIENCE_NETWORK, THREADS",True,True,True,False,True,False,Homepage,True,False,False,2026-09-07,2026-07-28 07:00:00,2026-09-07 16:55:10.186478,41
1745583303046771,880524777853354,True,2026-07-28 07:00:00,2026-09-06 07:00:00,Chemist Warehouse,Chemist Warehouse,{{product.name}},{{product.brand}},Shop now,DCO,https://chemistwarehouseoptometry.com.au/,chemistwarehouseoptometry.com.au,/,,,,,,,Not Specified,,,,,Contact Lenses at Chemist Warehouse prices!,"Stop paying too much on contact lenses at Chemist Warehouse Optometry.

👉 Wide range of lenses at everyday low prices.
👉 Free Shipping on orders over $99
👉 Tracked Delivery on all orders
👉 Friendly Customer Service

Shop Online Now at Chemist Warehouse Optometry & see the savings!",Shop Now,https://scontent.flim31-1.fna.fbcdn.net/v/t39.35426-6/756814534_1674871456920047_8458746648513075008_n.jpg?_nc_cat=101&ccb=1-7&_nc_sid=c53f8f&_nc_ohc=qy6TY84gJVIQ7kNvwHevMEV&_nc_oc=AdrYTrbyH_0xwzGA639kzETea1bRG7R3PUWOMVj4uKBpqwu2TZVhP9BHDttCsgVnqpM&_nc_zt=14&_nc_ht=scontent.flim31-1.fna&_nc_gid=Nc4bZNFMETCFh4jXEMwVpQ&_nc_ss=7f180&oh=00_AQLl1X8SpPFH0zGcfDz0164OUgxSdS8SsQCqZzPy8MOlwg&oe=6AA3B1EC,,"['FACEBOOK', 'INSTAGRAM', 'AUDIENCE_NETWORK', 'THREADS']",,,,,2026-W36,2026-09,"FACEBOOK, INSTAGRAM, AUDIENCE_NETWORK, THREADS",True,True,True,False,True,False,Homepage,True,False,False,2026-09-07,2026-07-28 07:00:00,2026-09-07 16:55:10.186478,41
2345500349589488,1388014340056988,True,2026-07-27 07:00:00,2026-09-06 07:00:00,Chemist Warehouse,Chemist Warehouse,{{product.name}},{{product.brand}},Shop now,DCO,https://www.chemistwarehouse.com.au/shop-online/705617/got2b?utm_source=facebook&utm_medium=social&utm_campaign=au_cw_coop_facebook_social_henkelaustraliaptyltd_all_129_2026_100455-bau_image&utm_term=traffic&utm_content=image_got2b,www.chemistwarehouse.com.au,/shop-online/705617/got2b,facebook,social,au_cw_coop_facebook_social_henkelaustraliaptyltd_all_129_2026_100455-bau_image,129,traffic,image_got2b,Coop,Henkelaustraliaptyltd,All,2026,image,Celebrate and Empower your Curls,"got2b Un-Glued Styling Remover Foam, removes styling build up without washing. Gentle on scalp, and all hair types.",Shop Now,https://scontent.flim31-1.fna.fbcdn.net/v/t39.35426-6/758239372_2937955446540965_8829865542360215858_n.jpg?_nc_cat=110&ccb=1-7&_nc_sid=c53f8f&_nc_ohc=s21Lq07wD0QQ7kNvwEr6e40&_nc_oc=Adr_sdf1ZhSK9vzUeH6XYtpU_qHdF0305T9pZA5RjaDZ-GkQFNrHzb7TjXK9MU6Qvt8&_nc_zt=14&_nc_ht=scontent.flim31-1.fna&_nc_gid=Nc4bZNFMETCFh4jXEMwVpQ&_nc_ss=7f180&oh=00_AQIvzAmpYumMvRPpyjGoywO2wnQoJveblq8usTE6nmJssg&oe=6AA3B47E,,"['FACEBOOK', 'INSTAGRAM']",au,cw,facebook,social,2026-W36,2026-09,"FACEBOOK, INSTAGRAM",True,True,False,False,False,False,Brand/Category Page,True,False,False,2026-09-07,2026-07-27 07:00:00,2026-09-07 16:55:10.186478,42
872056099006566,1893272618723599,True,2026-07-27 07:00:00,2026-09-06 07:00:00,Chemist Warehouse,Chemist Warehouse,{{product.name}},{{product.brand}},Shop now,DCO,https://www.chemistwarehouse.com.au/shop-online/705617/got2b?utm_source=facebook&utm_medium=social&utm_campaign=au_cw_coop_facebook_social_henkelaustraliaptyltd_all_129_2026_100455-bau_image&utm_term=traffic&utm_content=image_got2b,www.chemistwarehouse.com.au,/shop-online/705617/got2b,facebook,social,au_cw_coop_facebook_social_henkelaustraliaptyltd_all_129_2026_100455-bau_image,129,traffic,image_got2b,Coop,Henkelaustraliaptyltd,All,2026,image,"Reset your style, ready to re-style!","got2b Curlz, discover our new styling range for naturally wavy, curly & oily hair",Shop Now,https://scontent.flim31-1.fna.fbcdn.net/v/t39.35426-6/759199816_1382882227372363_9062811213585720997_n.jpg?_nc_cat=100&ccb=1-7&_nc_sid=c53f8f&_nc_ohc=_3oZGET2VHwQ7kNvwEYrOqV&_nc_oc=AdrzhIHHZf_mXgd43dqsrWRWMLF9bRClKH0wb5zwhnd9Zi8OdipDGaVEmLV7N0dcFR0&_nc_zt=14&_nc_ht=scontent.flim31-1.fna&_nc_gid=Nc4bZNFMETCFh4jXEMwVpQ&_nc_ss=7f180&oh=00_AQJOakUiOI4s72A6rS--FWuYumP8B0B1FZ7iAF2TGAgs-w&oe=6AA3B2C2,,"['FACEBOOK', 'INSTAGRAM']",au,cw,facebook,social,2026-W36,2026-09,"FACEBOOK, INSTAGRAM",True,True,False,False,False,False,Brand/Category Page,True,False,False,2026-09-07,2026-07-27 07:00:00,2026-09-07 16:55:10.186478,42
1418195313804296,1595619718800034,True,2026-08-07 07:00:00,2026-09-06 07:00:00,Chemist Warehouse,Chemist Warehouse,{{product.name}},{{product.brand}},Shop now,DCO,https://www.chemistwarehouse.com.au/shop-online/2601/nude-by-nature?&utm_source=facebook&utm_medium=social&utm_campaign=au_cw_coop_facebook_social_nudebynatureptyltd_nudebynature_648_2026_100097-bau_video-image&utm_term=conversion&utm_content=video-image_branding,www.chemistwarehouse.com.au,/shop-online/2601/nude-by-nature,facebook,social,au_cw_coop_facebook_social_nudebynatureptyltd_nudebynature_648_2026_100097-bau_video-image,648,conversion,video-image_branding,Coop,Nudebynatureptyltd,Nudebynature,2026,video-image,The Barely There Glow,"Meet NEW Skin Tint & Concealer with skin-loving ingredients for dewy, barely there skin that looks naturally you",Shop Now,https://scontent.flim31-1.fna.fbcdn.net/v/t39.35426-6/757851462_1518344969587725_3057122567978328365_n.jpg?_nc_cat=110&ccb=1-7&_nc_sid=c53f8f&_nc_ohc=LYeo9PCIdtkQ7kNvwGFREqi&_nc_oc=AdowQ3xDdlBiDVaQZUMXY35p34jxjE8-HlMWX9nC2rpaSkhyMT1XczAXAYqiZGvouiE&_nc_zt=14&_nc_ht=scontent.flim31-1.fna&_nc_gid=Nc4bZNFMETCFh4jXEMwVpQ&_nc_ss=7f180&oh=00_AQL4ODjXYCwd7sd5gCeeRtqwkvJRu6HKjmZ0KnuPH535rA&oe=6AA3CFBA,,"['FACEBOOK', 'INSTAGRAM', 'AUDIENCE_NETWORK', 'MESSENGER', 'THREADS']",au,cw,facebook,social,2026-W36,2026-09,"FACEBOOK, INSTAGRAM, AUDIENCE_NETWORK, MESSENGER, THREADS",True,True,True,True,True,False,Brand/Category Page,True,False,False,2026-09-07,2026-08-07 07:00:00,2026-09-07 16:55:10.186478,31
1593687495503198,1749226932769593,True,2026-08-06 07:00:00,2026-09-02 07:00:00,Chemist Warehouse,Chemist Warehouse,{{product.name}},{{product.brand}},Shop now,DCO,https://www.chemistwarehouse.com.au/shop-online/2601/nude-by-nature?&utm_source=facebook&utm_medium=social&utm_campaign=au_cw_coop_facebook_social_nudebynatureptyltd_nudebynature_648_2026_100097-bau_video-image&utm_term=conversion&utm_content=video-image_branding,www.chemistwarehouse.com.au,/shop-online/2601/nude-by-nature,facebook,social,au_cw_coop_facebook_social_nudebynatureptyltd_nudebynature_648_2026_100097-bau_video-image,648,conversion,video-image_branding,Coop,Nudebynatureptyltd,Nudebynature,2026,video-image,The Barely There Glow,"Meet NEW Skin Tint & Concealer with skin-loving ingredients for dewy, barely there skin that looks naturally you",Shop Now,https://scontent.flim31-1.fna.fbcdn.net/v/t39.35426-6/757507471_1699975977972670_6636988664187348190_n.jpg?_nc_cat=100&ccb=1-7&_nc_sid=c53f8f&_nc_ohc=ba4DFyu8Wm0Q7kNvwFQo4NN&_nc_oc=AdrpPdF3uQv-abKiXZKP50sk76nfwuwRkqn9meHq7cBLRkgVelStKofiS_8SHyiGFQI&_nc_zt=14&_nc_ht=scontent.flim31-1.fna&_nc_gid=Nc4bZNFMETCFh4jXEMwVpQ&_nc_ss=7f180&oh=00_AQJHQpZLDGNu6LHiSv2F2_0eoFB1mxutbA94c5zEfbdJsw&oe=6AA3CDAD,,"['FACEBOOK', 'INSTAGRAM', 'AUDIENCE_NETWORK', 'MESSENGER', 'THREADS']",au,cw,facebook,social,2026-W36,2026-09,"FACEBOOK, INSTAGRAM, AUDIENCE_NETWORK, MESSENGER, THREADS",True,True,True,True,True,False,Brand/Category Page,True,False,False,2026-09-07,2026-08-06 07:00:00,2026-09-07 16:55:10.186478,32
1544241790825016,4466752660232088,True,2026-07-26 07:00:00,2026-09-05 07:00:00,Chemist Warehouse,Chemist Warehouse,Shop Nude by Nature today!,"Big lashes. Clean formula. No Compromise. The Absolute Volumising Mascara delivers intense volume, definition and pigment, all whilst conditioning the lashes.",Shop now,VIDEO,https://www.chemistwarehouse.com.au/shop-online/2601/nude-by-nature?&utm_source=facebook&utm_medium=social&utm_campaign=au_cw_coop_facebook_social_nudebynatureptyltd_nudebynature_648_2026_100097-bau_video-image&utm_term=conversion&utm_content=video-image_kyra-ugc,www.chemistwarehouse.com.au,/shop-online/2601/nude-by-nature,facebook,social,au_cw_coop_facebook_social_nudebynatureptyltd_nudebynature_648_2026_100097-bau_video-image,648,conversion,video-image_kyra-ugc,Coop,Nudebynatureptyltd,Nudebynature,2026,video-image,,,,,,"['FACEBOOK', 'INSTAGRAM', 'AUDIENCE_NETWORK', 'MESSENGER', 'THREADS']",au,cw,facebook,social,2026-W36,2026-09,"FACEBOOK, INSTAGRAM, AUDIENCE_NETWORK, MESSENGER, THREADS",True,True,True,True,True,False,Brand/Category Page,True,False,False,2026-09-07,2026-07-26 07:00:00,2026-09-07 16:55:10.186478,43
2841107202893032,2079445096281667,True,2026-07-26 07:00:00,2026-09-05 07:00:00,Chemist Warehouse,Chemist Warehouse,Shop Nude by Nature today!,"Your skin, but better. Natural Mineral Cover melts in like a second skin for flawless, breathable coverage.",Shop now,VIDEO,https://www.chemistwarehouse.com.au/shop-online/2601/nude-by-nature?&utm_source=facebook&utm_medium=social&utm_campaign=au_cw_coop_facebook_social_nudebynatureptyltd_nudebynature_648_2026_100097-bau_video-image&utm_term=conversion&utm_content=video-image_steph-ugc,www.chemistwarehouse.com.au,/shop-online/2601/nude-by-nature,facebook,social,au_cw_coop_facebook_social_nudebynatureptyltd_nudebynature_648_2026_100097-bau_video-image,648,conversion,video-image_steph-ugc,Coop,Nudebynatureptyltd,Nudebynature,2026,video-image,,,,,,"['FACEBOOK', 'INSTAGRAM', 'AUDIENCE_NETWORK', 'MESSENGER', 'THREADS']",au,cw,facebook,social,2026-W36,2026-09,"FACEBOOK, INSTAGRAM, AUDIENCE_NETWORK, MESSENGER, THREADS",True,True,True,True,True,False,Brand/Category Page,True,False,False,2026-09-07,2026-07-26 07:00:00,2026-09-07 16:55:10.186478,43
2115256026016291,27508930625443096,True,2026-07-26 07:00:00,2026-09-05 07:00:00,Chemist Warehouse,Chemist Warehouse,Shop Nude by Nature today!,"Your skin, but better. Natural Mineral Cover melts in like a second skin for flawless, breathable coverage.",Shop now,VIDEO,https://www.chemistwarehouse.com.au/shop-online/2601/nude-by-nature?&utm_source=facebook&utm_medium=social&utm_campaign=au_cw_coop_facebook_social_nudebynatureptyltd_nudebynature_648_2026_100097-bau_video-image&utm_term=conversion&utm_content=video-image_dom-ugc,www.chemistwarehouse.com.au,/shop-online/2601/nude-by-nature,facebook,social,au_cw_coop_facebook_social_nudebynatureptyltd_nudebynature_648_2026_100097-bau_video-image,648,conversion,video-image_dom-ugc,Coop,Nudebynatureptyltd,Nudebynature,2026,video-image,,,,,,"['FACEBOOK', 'INSTAGRAM', 'AUDIENCE_NETWORK', 'MESSENGER', 'THREADS']",au,cw,facebook,social,2026-W36,2026-09,"FACEBOOK, INSTAGRAM, AUDIENCE_NETWORK, MESSENGER, THREADS",True,True,True,True,True,False,Brand/Category Page,True,False,False,2026-09-07,2026-07-26 07:00:00,2026-09-07 16:55:10.186478,43
1016796494589270,2109790552945151,True,2026-07-27 07:00:00,2026-09-06 07:00:00,Chemist Warehouse,Chemist Warehouse,{{product.name}},{{product.brand}},Shop now,DCO,https://www.chemistwarehouse.com.au/shop-online/rimmel-slip-sticks?utm_source=facebook&utm_medium=social&utm_campaign=au_cw_oa_facebook_social_cotyconsumerbeauty_rimmel_648_july26_100675-slipsticks_video-image&utm_term=traffic&utm_content=video-image_influencer,www.chemistwarehouse.com.au,/shop-online/rimmel-slip-sticks,facebook,social,au_cw_oa_facebook_social_cotyconsumerbeauty_rimmel_648_july26_100675-slipsticks_video-image,648,traffic,video-image_influencer,O&O,Cotyconsumerbeauty,Rimmel,july26,video-image,Let it slip,Next‑gen gloss. Zero stick. Pure slip.​ Meet the NEW Oh My Gloss! Slip Stick 💋 Shop exclusively at Chemist Warehouse,Shop Now,,https://video.flim31-1.fna.fbcdn.net/o1/v/t2/f2/m366/AQPbSNJ_w8nDlzhTcmbAfO6Y0NGwQQqBiIKTXZL709FPxUS03vJn1vmWiKFr8im4sBPS78uwLo0KdFi8OVZZhp3G7YVTIjdNqeTTJcnvgScbKQ.mp4?_nc_cat=104&_nc_oc=Adonxq9tGIO13Td3Hc179EWA0OAP9ulq0CtQ_GR9qihQOQIGppCdXogUzLupM2T-ffI&_nc_sid=b66105&_nc_ht=video.flim31-1.fna.fbcdn.net&_nc_ohc=J0_NO16R2jEQ7kNvwEn7W5n&efg=eyJ2ZW5jb2RlX3RhZyI6Inhwdl9wcm9ncmVzc2l2ZS5WSV9VU0VDQVNFX1BST0RVQ1RfVFlQRS4uQzMuNzIwLmRhc2hfaDI2NC1iYXNpYy1nZW4yXzcyMHAiLCJ4cHZfYXNzZXRfaWQiOjEwMTcxMjg5NjQ1NjAyNjMsImFzc2V0X2FnZV9kYXlzIjo0NCwidmlfdXNlY2FzZV9pZCI6MTA3OTksImR1cmF0aW9uX3MiOjU5LCJ1cmxnZW5fc291cmNlIjoid3d3In0%3D&ccb=17-1&vs=dc07b0341dce505e&_nc_vs=HBksFQIYRWZiX2VwaGVtZXJhbC9BNjRBOTVGRkU1QTdBMEZFODQzMDlCQTUxMzVFMkZCQV9tdF8xX3ZpZGVvX2Rhc2hpbml0Lm1wNBUAAsgBEgAVAhhAZmJfcGVybWFuZW50L0Y5NEUwNTQ0NENGMDQwQjdENkZFMDYwNjBGMzI2NTg4X2F1ZGlvX2Rhc2hpbml0Lm1wNBUCAsgBEgAoABgAGwKIB3VzZV9vaWwBMRJwcm9ncmVzc2l2ZV9yZWNpcGUBMRUAACaO1vyp2cTOAxUCKAJDMywXQE3zMzMzMzMYGWRhc2hfaDI2NC1iYXNpYy1nZW4yXzcyMHARAHUAZd6oAQA&_nc_gid=Nc4bZNFMETCFh4jXEMwVpQ&_nc_ss=7f180&_nc_zt=28&oh=00_AQJJk19B41-v3RVdXywxEXbE4SVdwh7MCI5T9M4CR7DfhA&oe=6AA3B190,"['FACEBOOK', 'INSTAGRAM', 'AUDIENCE_NETWORK', 'MESSENGER', 'WHATSAPP', 'THREADS']",au,cw,facebook,social,2026-W36,2026-09,"FACEBOOK, INSTAGRAM, AUDIENCE_NETWORK, MESSENGER, WHATSAPP, THREADS",True,True,True,True,True,True,Brand/Category Page,True,False,False,2026-09-07,2026-07-27 07:00:00,2026-09-07 16:55:10.186478,42
1407352564540242,1740446083937728,True,2026-07-26 07:00:00,2026-09-06 07:00:00,Chemist Warehouse,Chemist Warehouse,{{product.name}},{{product.brand}},Shop now,DCO,https://www.chemistwarehouse.com.au/shop-online/rimmel-slip-sticks?utm_source=facebook&utm_medium=social&utm_campaign=au_cw_oa_facebook_social_cotyconsumerbeauty_rimmel_648_july26_100675-slipsticks_video-image&utm_term=traffic&utm_content=video-image_influencer,www.chemistwarehouse.com.au,/shop-online/rimmel-slip-sticks,facebook,social,au_cw_oa_facebook_social_cotyconsumerbeauty_rimmel_648_july26_100675-slipsticks_video-image,648,traffic,video-image_influencer,O&O,Cotyconsumerbeauty,Rimmel,july26,video-image,Let it slip,Next‑gen gloss. Zero stick. Pure slip.​ Meet the NEW Oh My Gloss! Slip Stick 💋 Shop exclusively at Chemist Warehouse,Shop Now,,https://video.flim31-1.fna.fbcdn.net/o1/v/t2/f2/m366/AQMlMHuHBMV7pXRRGGJuSkW9bkh6zdd_rgpjunmDmnJXH5UX5uyeUNEZl3WNJECQRSGAd6ycfIQC9hRIISYLpHh2iwNhScoyMhADIfcidv6rKg.mp4?_nc_cat=109&_nc_oc=Ado9Dc2TvCoNBH6BVcL-E0Rty6NrwzDoj4DZCVT9pf7fhlnp9e5gb7BKo1bfu2G-sSc&_nc_sid=b66105&_nc_ht=video.flim31-1.fna.fbcdn.net&_nc_ohc=wo2VrgCoVBEQ7kNvwE0nSpf&efg=eyJ2ZW5jb2RlX3RhZyI6Inhwdl9wcm9ncmVzc2l2ZS5WSV9VU0VDQVNFX1BST0RVQ1RfVFlQRS4uQzMuNzIwLmRhc2hfaDI2NC1iYXNpYy1nZW4yXzcyMHAiLCJ4cHZfYXNzZXRfaWQiOjE0NDE0NjIxNzc0MTY4ODQsImFzc2V0X2FnZV9kYXlzIjo0NCwidmlfdXNlY2FzZV9pZCI6MTA3OTksImR1cmF0aW9uX3MiOjY1LCJ1cmxnZW5fc291cmNlIjoid3d3In0%3D&ccb=17-1&vs=dca7d5b3bc561a12&_nc_vs=HBksFQIYRWZiX2VwaGVtZXJhbC83NTRBMkE2QzBERTgxQUM3QzRCQjJFREU1MERFNjY4NV9tdF8xX3ZpZGVvX2Rhc2hpbml0Lm1wNBUAAsgBEgAVAhhAZmJfcGVybWFuZW50L0I4NEIwRENBNUNBQkU1RDFENUVGQTAzODEyM0E5NkIyX2F1ZGlvX2Rhc2hpbml0Lm1wNBUCAsgBEgAoABgAGwKIB3VzZV9vaWwBMRJwcm9ncmVzc2l2ZV9yZWNpcGUBMRUAACbomtaQksCPBRUCKAJDMywXQFBkOVgQYk4YGWRhc2hfaDI2NC1iYXNpYy1nZW4yXzcyMHARAHUAZd6oAQA&_nc_gid=Nc4bZNFMETCFh4jXEMwVpQ&_nc_ss=7f180&_nc_zt=28&oh=00_AQLAyD6_uLoKXGYBVvM8pyoU7AfugbWM6QPNpgnSatXvhw&oe=6AA39C9F,"['FACEBOOK', 'INSTAGRAM', 'AUDIENCE_NETWORK', 'MESSENGER', 'WHATSAPP', 'THREADS']",au,cw,facebook,social,2026-W36,2026-09,"FACEBOOK, INSTAGRAM, AUDIENCE_NETWORK, MESSENGER, WHATSAPP, THREADS",True,True,True,True,True,True,Brand/Category Page,True,False,False,2026-09-07,2026-07-26 07:00:00,2026-09-07 16:55:10.186478,43
1059010743232248,1507751687315229,True,2026-07-26 07:00:00,2026-09-06 07:00:00,Chemist Warehouse,Chemist Warehouse,{{product.name}},{{product.brand}},Shop now,DCO,https://www.chemistwarehouse.com.au/shop-online/rimmel-slip-sticks?utm_source=facebook&utm_medium=social&utm_campaign=au_cw_oa_facebook_social_cotyconsumerbeauty_rimmel_648_july26_100675-slipsticks_video-image&utm_term=traffic&utm_content=video-image_influencer,www.chemistwarehouse.com.au,/shop-online/rimmel-slip-sticks,facebook,social,au_cw_oa_facebook_social_cotyconsumerbeauty_rimmel_648_july26_100675-slipsticks_video-image,648,traffic,video-image_influencer,O&O,Cotyconsumerbeauty,Rimmel,july26,video-image,Let it slip,Next‑gen gloss. Zero stick. Pure slip.​ Meet the NEW Oh My Gloss! Slip Stick 💋 Shop exclusively at Chemist Warehouse,Shop Now,https://scontent.flim31-1.fna.fbcdn.net/v/t39.35426-6/753540986_2884817511915848_5861519338866569000_n.jpg?_nc_cat=101&ccb=1-7&_nc_sid=c53f8f&_nc_ohc=IVp4RBccBy4Q7kNvwEhLDBb&_nc_oc=AdotxJzo7FcIkKaI_9AF5G9yWVGvZ5CYypJy9NTfCkU2kapysZBypAombt3mlvTi-Eg&_nc_zt=14&_nc_ht=scontent.flim31-1.fna&_nc_gid=Nc4bZNFMETCFh4jXEMwVpQ&_nc_ss=7f180&oh=00_AQIvOrRJCpOpVF6Q97FOXUyJV9NidmtnPhDwlfPPi0jXxg&oe=6AA3A52E,,"['FACEBOOK', 'INSTAGRAM', 'AUDIENCE_NETWORK', 'MESSENGER', 'WHATSAPP', 'THREADS']",au,cw,facebook,social,2026-W36,2026-09,"FACEBOOK, INSTAGRAM, AUDIENCE_NETWORK, MESSENGER, WHATSAPP, THREADS",True,True,True,True,True,True,Brand/Category Page,True,False,False,2026-09-07,2026-07-26 07:00:00,2026-09-07 16:55:10.186478,43
1038595572357530,1534618058401827,True,2026-07-28 07:00:00,2026-09-06 07:00:00,Chemist Warehouse,Chemist Warehouse,{{product.name}},{{product.brand}},Shop now,DCO,https://www.chemistwarehouse.com.au/shop-online/rimmel-slip-sticks?utm_source=facebook&utm_medium=social&utm_campaign=au_cw_oa_facebook_social_cotyconsumerbeauty_rimmel_648_july26_100675-slipsticks_video-image&utm_term=traffic&utm_content=video-image_influencer,www.chemistwarehouse.com.au,/shop-online/rimmel-slip-sticks,facebook,social,au_cw_oa_facebook_social_cotyconsumerbeauty_rimmel_648_july26_100675-slipsticks_video-image,648,traffic,video-image_influencer,O&O,Cotyconsumerbeauty,Rimmel,july26,video-image,Let it slip,Next‑gen gloss. Zero stick. Pure slip.​ Meet the NEW Oh My Gloss! Slip Stick 💋 Shop exclusively at Chemist Warehouse,Shop Now,,https://video.flim31-1.fna.fbcdn.net/o1/v/t2/f2/m366/AQPbSNJ_w8nDlzhTcmbAfO6Y0NGwQQqBiIKTXZL709FPxUS03vJn1vmWiKFr8im4sBPS78uwLo0KdFi8OVZZhp3G7YVTIjdNqeTTJcnvgScbKQ.mp4?_nc_cat=104&_nc_oc=Adonxq9tGIO13Td3Hc179EWA0OAP9ulq0CtQ_GR9qihQOQIGppCdXogUzLupM2T-ffI&_nc_sid=b66105&_nc_ht=video.flim31-1.fna.fbcdn.net&_nc_ohc=J0_NO16R2jEQ7kNvwEn7W5n&efg=eyJ2ZW5jb2RlX3RhZyI6Inhwdl9wcm9ncmVzc2l2ZS5WSV9VU0VDQVNFX1BST0RVQ1RfVFlQRS4uQzMuNzIwLmRhc2hfaDI2NC1iYXNpYy1nZW4yXzcyMHAiLCJ4cHZfYXNzZXRfaWQiOjEwMTcxMjg5NjQ1NjAyNjMsImFzc2V0X2FnZV9kYXlzIjo0NCwidmlfdXNlY2FzZV9pZCI6MTA3OTksImR1cmF0aW9uX3MiOjU5LCJ1cmxnZW5fc291cmNlIjoid3d3In0%3D&ccb=17-1&vs=dc07b0341dce505e&_nc_vs=HBksFQIYRWZiX2VwaGVtZXJhbC9BNjRBOTVGRkU1QTdBMEZFODQzMDlCQTUxMzVFMkZCQV9tdF8xX3ZpZGVvX2Rhc2hpbml0Lm1wNBUAAsgBEgAVAhhAZmJfcGVybWFuZW50L0Y5NEUwNTQ0NENGMDQwQjdENkZFMDYwNjBGMzI2NTg4X2F1ZGlvX2Rhc2hpbml0Lm1wNBUCAsgBEgAoABgAGwKIB3VzZV9vaWwBMRJwcm9ncmVzc2l2ZV9yZWNpcGUBMRUAACaO1vyp2cTOAxUCKAJDMywXQE3zMzMzMzMYGWRhc2hfaDI2NC1iYXNpYy1nZW4yXzcyMHARAHUAZd6oAQA&_nc_gid=Nc4bZNFMETCFh4jXEMwVpQ&_nc_ss=7f180&_nc_zt=28&oh=00_AQJJk19B41-v3RVdXywxEXbE4SVdwh7MCI5T9M4CR7DfhA&oe=6AA3B190,"['FACEBOOK', 'INSTAGRAM', 'AUDIENCE_NETWORK', 'MESSENGER', 'WHATSAPP', 'THREADS']",au,cw,facebook,social,2026-W36,2026-09,"FACEBOOK, INSTAGRAM, AUDIENCE_NETWORK, MESSENGER, WHATSAPP, THREADS",True,True,True,True,True,True,Brand/Category Page,True,False,False,2026-09-07,2026-07-28 07:00:00,2026-09-07 16:55:10.186478,41
1646246826466483,1437122578241250,True,2026-07-27 07:00:00,2026-09-05 07:00:00,Chemist Warehouse,Chemist Warehouse,{{product.name}},{{product.brand}},Shop now,DCO,https://www.chemistwarehouse.com.au/shop-online/rimmel-slip-sticks?utm_source=facebook&utm_medium=social&utm_campaign=au_cw_oa_facebook_social_cotyconsumerbeauty_rimmel_648_july26_100675-slipsticks_video-image&utm_term=traffic&utm_content=video-image_influencer,www.chemistwarehouse.com.au,/shop-online/rimmel-slip-sticks,facebook,social,au_cw_oa_facebook_social_cotyconsumerbeauty_rimmel_648_july26_100675-slipsticks_video-image,648,traffic,video-image_influencer,O&O,Cotyconsumerbeauty,Rimmel,july26,video-image,Let it slip,Next‑gen gloss. Zero stick. Pure slip.​ Meet the NEW Oh My Gloss! Slip Stick 💋 Shop exclusively at Chemist Warehouse,Shop Now,,https://video.flim31-1.fna.fbcdn.net/o1/v/t2/f2/m366/AQP4tXH_8Rn8yPxHjX9y8TI4iwzUxtZ7lU-QgN9MJ8RQ74XUyeuLQgvMI-p8L3Z3whA8AV08ZTWgrdLVet83JMOKB4UL7yMZ10u05lBqBEO1rQ.mp4?_nc_cat=102&_nc_oc=AdqWBVt4uG8ygtwhoOMhX7xQrf1iQvTKdR2piQm5i_tqmmbUKD-4sM7EGSBeYWDaFuM&_nc_sid=b66105&_nc_ht=video.flim31-1.fna.fbcdn.net&_nc_ohc=Wdk6SXvUBJIQ7kNvwGuNkkH&efg=eyJ2ZW5jb2RlX3RhZyI6Inhwdl9wcm9ncmVzc2l2ZS5WSV9VU0VDQVNFX1BST0RVQ1RfVFlQRS4uQzMuNzIwLmRhc2hfaDI2NC1iYXNpYy1nZW4yXzcyMHAiLCJ4cHZfYXNzZXRfaWQiOjIwNjEzNzYzMDc3ODc0NzMsImFzc2V0X2FnZV9kYXlzIjo0NCwidmlfdXNlY2FzZV9pZCI6MTA3OTksImR1cmF0aW9uX3MiOjEwLCJ1cmxnZW5fc291cmNlIjoid3d3In0%3D&ccb=17-1&vs=b88c5174a6bc0f26&_nc_vs=HBksFQIYRWZiX2VwaGVtZXJhbC9BNTQ0RjQ1Q0NEMzYwQ0IwMUU1REMwMTIxNEZEN0E4N19tdF8xX3ZpZGVvX2Rhc2hpbml0Lm1wNBUAAsgBEgAVAhhAZmJfcGVybWFuZW50LzIwNDUyQ0IwQTI2NDkyMzZBOEU0RTY5REZEODY5Njg3X2F1ZGlvX2Rhc2hpbml0Lm1wNBUCAsgBEgAoABgAGwKIB3VzZV9vaWwBMRJwcm9ncmVzc2l2ZV9yZWNpcGUBMRUAACai25ep8rOpBxUCKAJDMywXQCQAAAAAAAAYGWRhc2hfaDI2NC1iYXNpYy1nZW4yXzcyMHARAHUAZd6oAQA&_nc_gid=Nc4bZNFMETCFh4jXEMwVpQ&_nc_ss=7f180&_nc_zt=28&oh=00_AQJf6Iwt8sC7ttRiL8Sd67yq0UCcAWy3l3EI6wGmWFXqiA&oe=6AA3CB6A,"['FACEBOOK', 'INSTAGRAM', 'AUDIENCE_NETWORK', 'MESSENGER', 'WHATSAPP', 'THREADS']",au,cw,facebook,social,2026-W36,2026-09,"FACEBOOK, INSTAGRAM, AUDIENCE_NETWORK, MESSENGER, WHATSAPP, THREADS",True,True,True,True,True,True,Brand/Category Page,True,False,False,2026-09-07,2026-07-27 07:00:00,2026-09-07 16:55:10.186478,42
1015831214408711,1013097241502182,True,2026-07-27 07:00:00,2026-09-06 07:00:00,Chemist Warehouse,Chemist Warehouse,{{product.name}},{{product.brand}},Shop now,DCO,https://www.chemistwarehouse.com.au/shop-online/rimmel-slip-sticks?utm_source=facebook&utm_medium=social&utm_campaign=au_cw_oa_facebook_social_cotyconsumerbeauty_rimmel_648_july26_100675-slipsticks_video-image&utm_term=traffic&utm_content=video-image_influencer,www.chemistwarehouse.com.au,/shop-online/rimmel-slip-sticks,facebook,social,au_cw_oa_facebook_social_cotyconsumerbeauty_rimmel_648_july26_100675-slipsticks_video-image,648,traffic,video-image_influencer,O&O,Cotyconsumerbeauty,Rimmel,july26,video-image,Let it slip,60% oil‑infused. All slip. No stick. Powered by cherry seed oil + ceramides. NEW Oh My Gloss! Slip Stick at Chemist Warehouse,Shop Now,,https://video.flim31-1.fna.fbcdn.net/o1/v/t2/f2/m366/AQNFp6grcSqbgX8I4J6BeqTpOCTUCupA4_fD5XHXQ2YAvaURliSGlTdZIZG0FlW7qal9uRsIx8SWrXNusUfQTUpjCbRqkWzYfKHsjgZ_UK7Mfg.mp4?_nc_cat=111&_nc_oc=Adp4-ItaBRa2EqlnBlXGB4NTQQBBf9ZmzjP9wh7DpiBcUIKC44sPp-PWraOMr9o51kc&_nc_sid=b66105&_nc_ht=video.flim31-1.fna.fbcdn.net&_nc_ohc=C9PGkAskMX8Q7kNvwHvljHk&efg=eyJ2ZW5jb2RlX3RhZyI6Inhwdl9wcm9ncmVzc2l2ZS5WSV9VU0VDQVNFX1BST0RVQ1RfVFlQRS4uQzMuNzIwLmRhc2hfaDI2NC1iYXNpYy1nZW4yXzcyMHAiLCJ4cHZfYXNzZXRfaWQiOjEzNDIwMTAxNjQxOTUzODIsImFzc2V0X2FnZV9kYXlzIjo0NCwidmlfdXNlY2FzZV9pZCI6MTA3OTksImR1cmF0aW9uX3MiOjgsInVybGdlbl9zb3VyY2UiOiJ3d3cifQ%3D%3D&ccb=17-1&vs=221cc62befa54565&_nc_vs=HBksFQIYRWZiX2VwaGVtZXJhbC82NjQxRjc2NTYwMzA4ODIzNzgzQjE0NEVEQjBENDc5NF9tdF8xX3ZpZGVvX2Rhc2hpbml0Lm1wNBUAAsgBEgAVAhhAZmJfcGVybWFuZW50LzIwNEU4MjQzN0Y0MjZCNDlFOUZDNzFBQTFGRTIxNzk2X2F1ZGlvX2Rhc2hpbml0Lm1wNBUCAsgBEgAoABgAGwKIB3VzZV9vaWwBMRJwcm9ncmVzc2l2ZV9yZWNpcGUBMRUAACbswPnxoqPiBBUCKAJDMywXQCEzMzMzMzMYGWRhc2hfaDI2NC1iYXNpYy1nZW4yXzcyMHARAHUAZd6oAQA&_nc_gid=Nc4bZNFMETCFh4jXEMwVpQ&_nc_ss=7f180&_nc_zt=28&oh=00_AQIxewcOuCwnn0s8vQTCd-fHhBSFRyuYUCwXLCySEYOO2g&oe=6AA39D3D,"['FACEBOOK', 'INSTAGRAM', 'AUDIENCE_NETWORK', 'MESSENGER', 'WHATSAPP', 'THREADS']",au,cw,facebook,social,2026-W36,2026-09,"FACEBOOK, INSTAGRAM, AUDIENCE_NETWORK, MESSENGER, WHATSAPP, THREADS",True,True,True,True,True,True,Brand/Category Page,True,False,False,2026-09-07,2026-07-27 07:00:00,2026-09-07 16:55:10.186478,42
1110313887992688,1949066438995704,True,2026-07-27 07:00:00,2026-09-05 07:00:00,Chemist Warehouse,Chemist Warehouse,{{product.name}},{{product.brand}},Shop now,DCO,https://www.chemistwarehouse.com.au/shop-online/rimmel-slip-sticks?utm_source=facebook&utm_medium=social&utm_campaign=au_cw_oa_facebook_social_cotyconsumerbeauty_rimmel_648_july26_100675-slipsticks_video-image&utm_term=traffic&utm_content=video-image_influencer,www.chemistwarehouse.com.au,/shop-online/rimmel-slip-sticks,facebook,social,au_cw_oa_facebook_social_cotyconsumerbeauty_rimmel_648_july26_100675-slipsticks_video-image,648,traffic,video-image_influencer,O&O,Cotyconsumerbeauty,Rimmel,july26,video-image,Let it slip,"Up to 12 hours of deep hydration. Gloss that slips, shines and never sticks. ​Shop exclusively at at Chemist Warehouse",Shop Now,,https://video.flim31-1.fna.fbcdn.net/o1/v/t2/f2/m366/AQNF76kIlddnQU3ehZy4svuT7OBcVuwAGzvWv9eqB0zTSnrOs3qNVcowjEeAo2QWCaQBM8A3WhQK_Kbo9ThHJ96S8bw55xuvlBmjdwm8HYXu_A.mp4?_nc_cat=111&_nc_oc=AdrGm5G0txOG7aTCWw8gq1hqgaZACPGb3u82xumqb89ezMA30nyeEXDMEqNKOfJ9Z2g&_nc_sid=b66105&_nc_ht=video.flim31-1.fna.fbcdn.net&_nc_ohc=PK0Hh0-FCw8Q7kNvwFEhlSR&efg=eyJ2ZW5jb2RlX3RhZyI6Inhwdl9wcm9ncmVzc2l2ZS5WSV9VU0VDQVNFX1BST0RVQ1RfVFlQRS4uQzMuNzIwLmRhc2hfaDI2NC1iYXNpYy1nZW4yXzcyMHAiLCJ4cHZfYXNzZXRfaWQiOjE3Mzk2MTM4NTczODc2MDMsImFzc2V0X2FnZV9kYXlzIjo0NCwidmlfdXNlY2FzZV9pZCI6MTA3OTksImR1cmF0aW9uX3MiOjEwLCJ1cmxnZW5fc291cmNlIjoid3d3In0%3D&ccb=17-1&vs=80801544d7bedd02&_nc_vs=HBksFQIYRWZiX2VwaGVtZXJhbC81MDRGMTNGNzdCQUZGRDk1RDNDMjczOTAzQThCQkZBOF9tdF8xX3ZpZGVvX2Rhc2hpbml0Lm1wNBUAAsgBEgAVAhhAZmJfcGVybWFuZW50LzIxNDNGQkVEODRBNkM4MTg5ODRCRjRBRTExMUQ4M0IzX2F1ZGlvX2Rhc2hpbml0Lm1wNBUCAsgBEgAoABgAGwKIB3VzZV9vaWwBMRJwcm9ncmVzc2l2ZV9yZWNpcGUBMRUAACam0aCg7YqXBhUCKAJDMywXQCXMzMzMzM0YGWRhc2hfaDI2NC1iYXNpYy1nZW4yXzcyMHARAHUAZd6oAQA&_nc_gid=LmpXEuHEII7opyMZSvGSgQ&_nc_ss=7f180&_nc_zt=28&oh=00_AQJCFBN2YOP_1Mohb7cO-llmpFN8ztgz6wdmm0b8LL7dnA&oe=6AA3B9E9,"['FACEBOOK', 'INSTAGRAM', 'AUDIENCE_NETWORK', 'MESSENGER', 'WHATSAPP', 'THREADS']",au,cw,facebook,social,2026-W36,2026-09,"FACEBOOK, INSTAGRAM, AUDIENCE_NETWORK, MESSENGER, WHATSAPP, THREADS",True,True,True,True,True,True,Brand/Category Page,True,False,False,2026-09-07,2026-07-27 07:00:00,2026-09-07 16:55:10.186478,42
1788294682332806,1334071058450340,True,2026-07-27 07:00:00,2026-09-06 07:00:00,Chemist Warehouse,Chemist Warehouse,{{product.name}},{{product.brand}},Shop now,DCO,https://www.chemistwarehouse.com.au/shop-online/rimmel-slip-sticks?utm_source=facebook&utm_medium=social&utm_campaign=au_cw_oa_facebook_social_cotyconsumerbeauty_rimmel_648_july26_100675-slipsticks_video-image&utm_term=traffic&utm_content=video-image_influencer,www.chemistwarehouse.com.au,/shop-online/rimmel-slip-sticks,facebook,social,au_cw_oa_facebook_social_cotyconsumerbeauty_rimmel_648_july26_100675-slipsticks_video-image,648,traffic,video-image_influencer,O&O,Cotyconsumerbeauty,Rimmel,july26,video-image,Let it slip,"Up to 12 hours of deep hydration. Gloss that slips, shines and never sticks. ​Shop exclusively at at Chemist Warehouse",Shop Now,,https://video.flim31-1.fna.fbcdn.net/o1/v/t2/f2/m366/AQPapN-N3aah-HQH4G8Nr-3t96GGyB9LMH4m-zVPuagITjueTwAEYZMOt8DoTxC36Exyy3FQXCgTvOSEuTN5awVCiZrW72cWI0yc96Eg6t0lrw.mp4?_nc_cat=108&_nc_oc=AdpSGYSl5SAq8dxLJj_hhQyJ35ljUlUZ7VFEOOsbTH1OfEVENo8GqFMCN8ymR6migy0&_nc_sid=b66105&_nc_ht=video.flim31-1.fna.fbcdn.net&_nc_ohc=Q7olKiXEWScQ7kNvwGETDY0&efg=eyJ2ZW5jb2RlX3RhZyI6Inhwdl9wcm9ncmVzc2l2ZS5WSV9VU0VDQVNFX1BST0RVQ1RfVFlQRS4uQzMuNzIwLmRhc2hfaDI2NC1iYXNpYy1nZW4yXzcyMHAiLCJ4cHZfYXNzZXRfaWQiOjE2ODgwODQwMTkxMTkyNTksImFzc2V0X2FnZV9kYXlzIjo0NCwidmlfdXNlY2FzZV9pZCI6MTA3OTksImR1cmF0aW9uX3MiOjExLCJ1cmxnZW5fc291cmNlIjoid3d3In0%3D&ccb=17-1&vs=169a9a39df1b73ea&_nc_vs=HBksFQIYRWZiX2VwaGVtZXJhbC9DRDRDMzhBNUZCMjlBRThCMzhENEZBOTdGM0Y1OTNBQl9tdF8xX3ZpZGVvX2Rhc2hpbml0Lm1wNBUAAsgBEgAVAhhAZmJfcGVybWFuZW50LzMxNENDOEVFQjcxQ0EwMUFEMzBDQTIzMzk4Q0IwMThCX2F1ZGlvX2Rhc2hpbml0Lm1wNBUCAsgBEgAoABgAGwKIB3VzZV9vaWwBMRJwcm9ncmVzc2l2ZV9yZWNpcGUBMRUAACa2kvyEttP_BRUCKAJDMywXQCeZmZmZmZoYGWRhc2hfaDI2NC1iYXNpYy1nZW4yXzcyMHARAHUAZd6oAQA&_nc_gid=LmpXEuHEII7opyMZSvGSgQ&_nc_ss=7f180&_nc_zt=28&oh=00_AQJi_mjFT45EABYJteWYQuhDPj-KXepNBjxWTR-kiUHuDQ&oe=6AA3C50C,"['FACEBOOK', 'INSTAGRAM', 'AUDIENCE_NETWORK', 'MESSENGER', 'WHATSAPP', 'THREADS']",au,cw,facebook,social,2026-W36,2026-09,"FACEBOOK, INSTAGRAM, AUDIENCE_NETWORK, MESSENGER, WHATSAPP, THREADS",True,True,True,True,True,True,Brand/Category Page,True,False,False,2026-09-07,2026-07-27 07:00:00,2026-09-07 16:55:10.186478,42
1343202761263900,1564364138398545,True,2026-07-26 07:00:00,2026-09-06 07:00:00,Chemist Warehouse,Chemist Warehouse,Let it slip,Next‑gen gloss. Zero stick. Pure slip.​ Meet the NEW Oh My Gloss! Slip Stick 💋 Shop exclusively at Chemist Warehouse,Shop now,VIDEO,https://www.chemistwarehouse.com.au/shop-online/rimmel-slip-sticks?utm_source=facebook&utm_medium=social&utm_campaign=au_cw_oa_facebook_social_cotyconsumerbeauty_rimmel_648_july26_100675-slipsticks_video-image&utm_term=traffic&utm_content=video-image_influencer,www.chemistwarehouse.com.au,/shop-online/rimmel-slip-sticks,facebook,social,au_cw_oa_facebook_social_cotyconsumerbeauty_rimmel_648_july26_100675-slipsticks_video-image,648,traffic,video-image_influencer,O&O,Cotyconsumerbeauty,Rimmel,july26,video-image,,,,,,"['FACEBOOK', 'INSTAGRAM', 'AUDIENCE_NETWORK', 'MESSENGER', 'WHATSAPP', 'THREADS']",au,cw,facebook,social,2026-W36,2026-09,"FACEBOOK, INSTAGRAM, AUDIENCE_NETWORK, MESSENGER, WHATSAPP, THREADS",True,True,True,True,True,True,Brand/Category Page,True,True,False,2026-09-07,2026-07-26 07:00:00,2026-09-07 16:55:10.186478,43
2213721562811377,,True,2026-07-23 07:00:00,2026-09-06 07:00:00,Chemist Warehouse,Chemist Warehouse,New Billie Malibu range,Shop the Billie Malibu Kit and Refills at Chemist Warehouse.,Shop now,VIDEO,https://www.chemistwarehouse.com.au/shop-online/705630/billie?utm_source=facebook&utm_medium=social&utm_content=Catalogue&utm_campaign=au_cw_oa_facebook_social_edgewellpersonalcareaustralia_billie_259_2026_bau_Dynamic&utm_term=Dynamic,www.chemistwarehouse.com.au,/shop-online/705630/billie,facebook,social,au_cw_oa_facebook_social_edgewellpersonalcareaustralia_billie_259_2026_bau_Dynamic,259,Dynamic,Catalogue,O&O,Edgewellpersonalcareaustralia,Billie,2026,dynamic,,,,,,"['FACEBOOK', 'INSTAGRAM', 'MESSENGER']",au,cw,facebook,social,2026-W36,2026-09,"FACEBOOK, INSTAGRAM, MESSENGER",True,True,False,True,False,False,Brand/Category Page,True,True,False,2026-09-07,2026-07-23 07:00:00,2026-09-07 16:55:10.186478,46
4527088250905991,,True,2026-07-26 07:00:00,2026-09-06 07:00:00,Chemist Warehouse,Chemist Warehouse,Strength in Every Drop,"Gentle, effective, and easy to take. Support your child’s growth and immunity with Brauer.",See details,IMAGE,https://fb.com/canvas_doc/27738017192527640,fb.com,/canvas_doc/27738017192527640,,,,,,,Not Specified,,,,,,,,,,"['FACEBOOK', 'INSTAGRAM', 'AUDIENCE_NETWORK', 'MESSENGER', 'THREADS']",,,,,2026-W36,2026-09,"FACEBOOK, INSTAGRAM, AUDIENCE_NETWORK, MESSENGER, THREADS",True,True,True,True,True,False,Internal/App Page,True,False,False,2026-09-07,2026-07-26 07:00:00,2026-09-07 16:55:10.186478,43
995514299975092,,True,2026-07-23 07:00:00,2026-09-06 07:00:00,Chemist Warehouse,Chemist Warehouse,Relieve mood swings,Relieves irritability and mood swings in perimenopausal women. Based on science.,Shop now,IMAGE,https://fb.com/canvas_doc/901200545761036,fb.com,/canvas_doc/901200545761036,,,,,,,Not Specified,,,,,,,,,,"['FACEBOOK', 'INSTAGRAM', 'AUDIENCE_NETWORK', 'MESSENGER', 'THREADS']",,,,,2026-W36,2026-09,"FACEBOOK, INSTAGRAM, AUDIENCE_NETWORK, MESSENGER, THREADS",True,True,True,True,True,False,Internal/App Page,True,False,False,2026-09-07,2026-07-23 07:00:00,2026-09-07 16:55:10.186478,46
1576905480541953,,True,2026-07-23 07:00:00,2026-09-06 07:00:00,Chemist Warehouse,Chemist Warehouse,{{product.name}},{{product.brand}},Shop now,DCO,https://www.chemistwarehouse.com.au/shop-online/705630/billie?utm_source=facebook&utm_medium=social&utm_content=Catalogue&utm_campaign=au_cw_oa_facebook_social_edgewellpersonalcareaustralia_billie_259_2026_bau_Dynamic&utm_term=Dynamic,www.chemistwarehouse.com.au,/shop-online/705630/billie,facebook,social,au_cw_oa_facebook_social_edgewellpersonalcareaustralia_billie_259_2026_bau_Dynamic,259,Dynamic,Catalogue,O&O,Edgewellpersonalcareaustralia,Billie,2026,dynamic,New Billie Malibu range,Shop the Billie Malibu Kit and Refills at Chemist Warehouse.,Shop Now,,https://video.flim31-1.fna.fbcdn.net/o1/v/t2/f2/m366/AQPZxxyiBtlTT6aXI52Vr2T2je3ia3n-zdKJDWETJLaiWM9upWcs9siQqHcyidmY2gyKag9-ZnPmtfFvkDG_qCU5VjEtIQ4G9kizdL5UEO0bBg.mp4?_nc_cat=111&_nc_oc=Adqz-453G5wpTEjMbKAm7aRv5Q7WEaFpo0gmgDZUQHTBCD7K1uB0IaN9aKsNeXmxAvY&_nc_sid=b66105&_nc_ht=video.flim31-1.fna.fbcdn.net&_nc_ohc=2999hDhgNwwQ7kNvwHJ2QE4&efg=eyJ2ZW5jb2RlX3RhZyI6Inhwdl9wcm9ncmVzc2l2ZS5WSV9VU0VDQVNFX1BST0RVQ1RfVFlQRS4uQzMuNzIwLmRhc2hfaDI2NC1iYXNpYy1nZW4yXzcyMHAiLCJ4cHZfYXNzZXRfaWQiOjEwNjI2ODc5Mjk1NDE2NzUsImFzc2V0X2FnZV9kYXlzIjo0NywidmlfdXNlY2FzZV9pZCI6MTA3OTksImR1cmF0aW9uX3MiOjQyLCJ1cmxnZW5fc291cmNlIjoid3d3In0%3D&ccb=17-1&vs=46feea14916d8404&_nc_vs=HBksFQIYRWZiX2VwaGVtZXJhbC9CNjQxRTM1Mjg2QUNGMjU3QkFBMERBMkNCOUYxMDVBQ19tdF8xX3ZpZGVvX2Rhc2hpbml0Lm1wNBUAAsgBEgAVAhhAZmJfcGVybWFuZW50LzVENEUyRjc5MjkxNTg5Q0ZDNDRBQkExQUZBQTU0MEIzX2F1ZGlvX2Rhc2hpbml0Lm1wNBUCAsgBEgAoABgAGwKIB3VzZV9vaWwBMRJwcm9ncmVzc2l2ZV9yZWNpcGUBMRUAACbWkOGIyqDjAxUCKAJDMywXQEUd0vGp--cYGWRhc2hfaDI2NC1iYXNpYy1nZW4yXzcyMHARAHUAZd6oAQA&_nc_gid=LmpXEuHEII7opyMZSvGSgQ&_nc_ss=7f180&_nc_zt=28&oh=00_AQLMxRR82TXwAawcvoc4aoo5fdMoZiF0jbjhYPBzUxPchw&oe=6AA399D9,"['FACEBOOK', 'INSTAGRAM', 'AUDIENCE_NETWORK', 'MESSENGER', 'WHATSAPP', 'THREADS']",au,cw,facebook,social,2026-W36,2026-09,"FACEBOOK, INSTAGRAM, AUDIENCE_NETWORK, MESSENGER, WHATSAPP, THREADS",True,True,True,True,True,True,Brand/Category Page,True,False,False,2026-09-07,2026-07-23 07:00:00,2026-09-07 16:55:10.186478,46
1651809949799320,,True,2026-07-23 07:00:00,2026-09-05 07:00:00,Chemist Warehouse,Chemist Warehouse,{{product.name}},{{product.brand}},See details,DCO,https://www.chemistwarehouse.com.au/shop-online/1873/neutrogena?utm_source=facebook&utm_medium=social&utm_campaign=au_cw_oa_facebook_social_johnsonjohnsonpacific_neutrogena_665_jul25_100649-oa_video-image&utm_term=traffic&utm_content=video-image_video-image,www.chemistwarehouse.com.au,/shop-online/1873/neutrogena,facebook,social,au_cw_oa_facebook_social_johnsonjohnsonpacific_neutrogena_665_jul25_100649-oa_video-image,665,traffic,video-image_video-image,O&O,Johnsonjohnsonpacific,Neutrogena,jul25,video-image,"Stronger Collagen, Glowing Skin",Shop the NEW Neutrogena Collagen Bank 15% Vitamin C serum today at Chemist Warehouse,See Details,,https://video.flim31-1.fna.fbcdn.net/o1/v/t2/f2/m366/AQPjLyvJPxnWz2N7MTfbaW4YBu4nKGz4pkorwegfg6Qt9R5efAQvsC-aXAVl3voLlCdLJDaAagldoY61ufVKUQKbQg-x7Vac6xGzsRhuXCV9rg.mp4?_nc_cat=102&_nc_oc=AdpQFJCpTP6CPfKyjIvVRwCrpWP5hWhaHfgO1KnzTgGJjoA26GBKhl54l3OhtB25-vs&_nc_sid=b66105&_nc_ht=video.flim31-1.fna.fbcdn.net&_nc_ohc=V8r2JQVCpNsQ7kNvwHIKhE7&efg=eyJ2ZW5jb2RlX3RhZyI6Inhwdl9wcm9ncmVzc2l2ZS5WSV9VU0VDQVNFX1BST0RVQ1RfVFlQRS4uQzMuNzIwLmRhc2hfaDI2NC1iYXNpYy1nZW4yXzcyMHAiLCJ4cHZfYXNzZXRfaWQiOjczMjIxMDIyNjY1Mzc2OSwiYXNzZXRfYWdlX2RheXMiOjQ1LCJ2aV91c2VjYXNlX2lkIjoxMDc5OSwiZHVyYXRpb25fcyI6MTUsInVybGdlbl9zb3VyY2UiOiJ3d3cifQ%3D%3D&ccb=17-1&vs=932e187c766f9415&_nc_vs=HBksFQIYRWZiX2VwaGVtZXJhbC85MDQ5QkE1NjRFMDgxQzE0NTg1NjNBQjE4QTA4NkRCMV9tdF8xX3ZpZGVvX2Rhc2hpbml0Lm1wNBUAAsgBEgAVAhhAZmJfcGVybWFuZW50L0VGNDZGNzcxQkM1OTBFQThERjM0NDg0NjYyNUQxMzhEX2F1ZGlvX2Rhc2hpbml0Lm1wNBUCAsgBEgAoABgAGwKIB3VzZV9vaWwBMRJwcm9ncmVzc2l2ZV9yZWNpcGUBMRUAACaSqa-nn_zMAhUCKAJDMywXQC4HrhR64UgYGWRhc2hfaDI2NC1iYXNpYy1nZW4yXzcyMHARAHUAZd6oAQA&_nc_gid=LmpXEuHEII7opyMZSvGSgQ&_nc_ss=7f180&_nc_zt=28&oh=00_AQJLInTenIrOPovc135cC170NtU9KcfHEFAZUyDl6bLrhQ&oe=6AA3A5D2,"['FACEBOOK', 'INSTAGRAM', 'AUDIENCE_NETWORK', 'MESSENGER', 'WHATSAPP', 'THREADS']",au,cw,facebook,social,2026-W36,2026-09,"FACEBOOK, INSTAGRAM, AUDIENCE_NETWORK, MESSENGER, WHATSAPP, THREADS",True,True,True,True,True,True,Brand/Category Page,True,False,False,2026-09-07,2026-07-23 07:00:00,2026-09-07 16:55:10.186478,46
2102704073611708,,True,2026-07-23 07:00:00,2026-09-06 07:00:00,Chemist Warehouse,Chemist Warehouse,{{product.name}},{{product.brand}},See details,DCO,https://www.chemistwarehouse.com.au/shop-online/1873/neutrogena?utm_source=facebook&utm_medium=social&utm_campaign=au_cw_oa_facebook_social_johnsonjohnsonpacific_neutrogena_665_jul25_100649-oa_video-image&utm_term=traffic&utm_content=video-image_video-image,www.chemistwarehouse.com.au,/shop-online/1873/neutrogena,facebook,social,au_cw_oa_facebook_social_johnsonjohnsonpacific_neutrogena_665_jul25_100649-oa_video-image,665,traffic,video-image_video-image,O&O,Johnsonjohnsonpacific,Neutrogena,jul25,video-image,"Stronger Collagen, Glowing Skin",Shop the NEW Neutrogena Collagen Bank 15% Vitamin C serum today at Chemist Warehouse,See Details,https://scontent.flim31-1.fna.fbcdn.net/v/t39.35426-6/751738249_2203498260504204_6740552997519968384_n.jpg?_nc_cat=111&ccb=1-7&_nc_sid=c53f8f&_nc_ohc=KCSkQ-Y4qYMQ7kNvwGBLjd4&_nc_oc=Adr23WJ0aUsGfYi-wsDSbOoc7ndEfYmdwClR3wWoIiN3_1YqTEO2lwqmj5QNqU7N2HQ&_nc_zt=14&_nc_ht=scontent.flim31-1.fna&_nc_gid=LmpXEuHEII7opyMZSvGSgQ&_nc_ss=7f180&oh=00_AQKQbnIsGQe9j4b8rkKYqZUS4FX1w7cX45wgw1-P_Im-gQ&oe=6AA3C76B,,"['FACEBOOK', 'INSTAGRAM', 'AUDIENCE_NETWORK', 'MESSENGER', 'WHATSAPP', 'THREADS']",au,cw,facebook,social,2026-W36,2026-09,"FACEBOOK, INSTAGRAM, AUDIENCE_NETWORK, MESSENGER, WHATSAPP, THREADS",True,True,True,True,True,True,Brand/Category Page,True,False,False,2026-09-07,2026-07-23 07:00:00,2026-09-07 16:55:10.186478,46
1609594570767693,,True,2026-07-26 07:00:00,2026-09-06 07:00:00,Chemist Warehouse,Chemist Warehouse,One sold every 37 seconds.,"One ingredient. Guaranteed quality. 
 ✨100% Certified Organic Rosehip Oil - the foundation of your skincare capsule
 ✨Cold‑pressed
 ✨Batch tested for quality",Shop now,IMAGE,https://fb.com/canvas_doc/1672069607243342,fb.com,/canvas_doc/1672069607243342,,,,,,,Not Specified,,,,,,,,,,"['FACEBOOK', 'INSTAGRAM', 'AUDIENCE_NETWORK', 'MESSENGER', 'THREADS']",,,,,2026-W36,2026-09,"FACEBOOK, INSTAGRAM, AUDIENCE_NETWORK, MESSENGER, THREADS",True,True,True,True,True,False,Internal/App Page,True,False,False,2026-09-07,2026-07-26 07:00:00,2026-09-07 16:55:10.186478,43
1396400519036306,,True,2026-07-23 07:00:00,2026-09-05 07:00:00,Chemist Warehouse,Chemist Warehouse,{{product.name}},{{product.brand}},See details,DCO,https://www.chemistwarehouse.com.au/shop-online/1873/neutrogena?utm_source=facebook&utm_medium=social&utm_campaign=au_cw_oa_facebook_social_johnsonjohnsonpacific_neutrogena_665_jul25_100649-oa_video-image&utm_term=traffic&utm_content=video-image_video-image,www.chemistwarehouse.com.au,/shop-online/1873/neutrogena,facebook,social,au_cw_oa_facebook_social_johnsonjohnsonpacific_neutrogena_665_jul25_100649-oa_video-image,665,traffic,video-image_video-image,O&O,Johnsonjohnsonpacific,Neutrogena,jul25,video-image,"Stronger Collagen, Glowing Skin",Shop the NEW Neutrogena Collagen Bank 15% Vitamin C serum today at Chemist Warehouse,See Details,,https://video.flim31-1.fna.fbcdn.net/o1/v/t2/f2/m366/AQPjLyvJPxnWz2N7MTfbaW4YBu4nKGz4pkorwegfg6Qt9R5efAQvsC-aXAVl3voLlCdLJDaAagldoY61ufVKUQKbQg-x7Vac6xGzsRhuXCV9rg.mp4?_nc_cat=102&_nc_oc=AdpQFJCpTP6CPfKyjIvVRwCrpWP5hWhaHfgO1KnzTgGJjoA26GBKhl54l3OhtB25-vs&_nc_sid=b66105&_nc_ht=video.flim31-1.fna.fbcdn.net&_nc_ohc=V8r2JQVCpNsQ7kNvwHIKhE7&efg=eyJ2ZW5jb2RlX3RhZyI6Inhwdl9wcm9ncmVzc2l2ZS5WSV9VU0VDQVNFX1BST0RVQ1RfVFlQRS4uQzMuNzIwLmRhc2hfaDI2NC1iYXNpYy1nZW4yXzcyMHAiLCJ4cHZfYXNzZXRfaWQiOjczMjIxMDIyNjY1Mzc2OSwiYXNzZXRfYWdlX2RheXMiOjQ1LCJ2aV91c2VjYXNlX2lkIjoxMDc5OSwiZHVyYXRpb25fcyI6MTUsInVybGdlbl9zb3VyY2UiOiJ3d3cifQ%3D%3D&ccb=17-1&vs=932e187c766f9415&_nc_vs=HBksFQIYRWZiX2VwaGVtZXJhbC85MDQ5QkE1NjRFMDgxQzE0NTg1NjNBQjE4QTA4NkRCMV9tdF8xX3ZpZGVvX2Rhc2hpbml0Lm1wNBUAAsgBEgAVAhhAZmJfcGVybWFuZW50L0VGNDZGNzcxQkM1OTBFQThERjM0NDg0NjYyNUQxMzhEX2F1ZGlvX2Rhc2hpbml0Lm1wNBUCAsgBEgAoABgAGwKIB3VzZV9vaWwBMRJwcm9ncmVzc2l2ZV9yZWNpcGUBMRUAACaSqa-nn_zMAhUCKAJDMywXQC4HrhR64UgYGWRhc2hfaDI2NC1iYXNpYy1nZW4yXzcyMHARAHUAZd6oAQA&_nc_gid=LmpXEuHEII7opyMZSvGSgQ&_nc_ss=7f180&_nc_zt=28&oh=00_AQJLInTenIrOPovc135cC170NtU9KcfHEFAZUyDl6bLrhQ&oe=6AA3A5D2,"['FACEBOOK', 'INSTAGRAM', 'AUDIENCE_NETWORK', 'MESSENGER', 'WHATSAPP', 'THREADS']",au,cw,facebook,social,2026-W36,2026-09,"FACEBOOK, INSTAGRAM, AUDIENCE_NETWORK, MESSENGER, WHATSAPP, THREADS",True,True,True,True,True,True,Brand/Category Page,True,False,False,2026-09-07,2026-07-23 07:00:00,2026-09-07 16:55:10.186478,46
4023968217898080,1512807507195262,True,2026-08-08 07:00:00,2026-09-05 07:00:00,Chemist Warehouse,Chemist Warehouse,{{product.name}},{{product.brand}},Shop now,DCO,https://www.chemistwarehouse.com.au/shop-online/2601/nude-by-nature?&utm_source=facebook&utm_medium=social&utm_campaign=au_cw_coop_facebook_social_nudebynatureptyltd_nudebynature_648_2026_100097-bau_video-image&utm_term=conversion&utm_content=video-image_branding,www.chemistwarehouse.com.au,/shop-online/2601/nude-by-nature,facebook,social,au_cw_coop_facebook_social_nudebynatureptyltd_nudebynature_648_2026_100097-bau_video-image,648,conversion,video-image_branding,Coop,Nudebynatureptyltd,Nudebynature,2026,video-image,The Barely There Glow,"Meet NEW Skin Tint & Concealer with skin-loving ingredients for dewy, barely there skin that looks naturally you",Shop Now,https://scontent.flim31-1.fna.fbcdn.net/v/t39.35426-6/757128480_2798699270548020_2455213495412691795_n.jpg?_nc_cat=111&ccb=1-7&_nc_sid=c53f8f&_nc_ohc=PJO__n9qZyAQ7kNvwFgmI5k&_nc_oc=AdoZOJoGmeFLAAHTlXwqIr-Rip7rcHyL1CZIDEsX0QnubfpDXo3tqRmFqib5qnOF3b8&_nc_zt=14&_nc_ht=scontent.flim31-1.fna&_nc_gid=Nc4bZNFMETCFh4jXEMwVpQ&_nc_ss=7f180&oh=00_AQJHbGUQgVIRI00vccXnIZgiUpiGWXOwCGDuyLpkePKD3g&oe=6AA3C5AC,,"['FACEBOOK', 'INSTAGRAM', 'AUDIENCE_NETWORK', 'MESSENGER', 'THREADS']",au,cw,facebook,social,2026-W36,2026-09,"FACEBOOK, INSTAGRAM, AUDIENCE_NETWORK, MESSENGER, THREADS",True,True,True,True,True,False,Brand/Category Page,True,False,False,2026-09-07,2026-08-08 07:00:00,2026-09-07 16:55:10.186478,30
1055320730218052,1056022073620295,True,2026-08-06 07:00:00,2026-09-05 07:00:00,Chemist Warehouse,Chemist Warehouse,{{product.name}},{{product.brand}},Shop now,DCO,https://www.chemistwarehouse.com.au/shop-online/2601/nude-by-nature?&utm_source=facebook&utm_medium=social&utm_campaign=au_cw_coop_facebook_social_nudebynatureptyltd_nudebynature_648_2026_100097-bau_video-image&utm_term=conversion&utm_content=video-image_branding,www.chemistwarehouse.com.au,/shop-online/2601/nude-by-nature,facebook,social,au_cw_coop_facebook_social_nudebynatureptyltd_nudebynature_648_2026_100097-bau_video-image,648,conversion,video-image_branding,Coop,Nudebynatureptyltd,Nudebynature,2026,video-image,The Barely There Glow,"Meet NEW Skin Tint & Concealer with skin-loving ingredients for dewy, barely there skin that looks naturally you",Shop Now,https://scontent.flim31-1.fna.fbcdn.net/v/t39.35426-6/759232613_1398181072183882_7689257723188776950_n.jpg?_nc_cat=107&ccb=1-7&_nc_sid=c53f8f&_nc_ohc=c-xpDbd3FCYQ7kNvwGPtZSX&_nc_oc=AdoOgrZPkmnX_WG_cfye6srnCoxf53cqZsiqAcbnSU9eCqvSWvDZrT7SDQ8LENUdJSA&_nc_zt=14&_nc_ht=scontent.flim31-1.fna&_nc_gid=Nc4bZNFMETCFh4jXEMwVpQ&_nc_ss=7f180&oh=00_AQJk5gI33vmykTvCljN3Iv9B2mlGW7pqJeLNstr2VdEWSw&oe=6AA39D4C,,"['FACEBOOK', 'INSTAGRAM', 'AUDIENCE_NETWORK', 'MESSENGER', 'THREADS']",au,cw,facebook,social,2026-W36,2026-09,"FACEBOOK, INSTAGRAM, AUDIENCE_NETWORK, MESSENGER, THREADS",True,True,True,True,True,False,Brand/Category Page,True,False,False,2026-09-07,2026-08-06 07:00:00,2026-09-07 16:55:10.186478,32
1519596752669160,1837335847242022,True,2026-07-20 07:00:00,2026-09-06 07:00:00,Chemist Warehouse,Chemist Warehouse,Get The Optimum Advantage,"Shop Protein, Creatine, & Energy From Optimum Nutrition",Shop now,VIDEO,https://fb.com/canvas_doc/2512946019129950,fb.com,/canvas_doc/2512946019129950,,,,,,,Not Specified,,,,,,,,,,"['FACEBOOK', 'INSTAGRAM', 'AUDIENCE_NETWORK', 'MESSENGER', 'WHATSAPP', 'THREADS']",,,,,2026-W36,2026-09,"FACEBOOK, INSTAGRAM, AUDIENCE_NETWORK, MESSENGER, WHATSAPP, THREADS",True,True,True,True,True,True,Internal/App Page,True,False,False,2026-09-07,2026-07-20 07:00:00,2026-09-07 16:55:10.186478,49
1348916846706102,1837335847242022,True,2026-07-20 07:00:00,2026-09-05 07:00:00,Chemist Warehouse,Chemist Warehouse,Get The Optimum Advantage,"Shop Protein, Creatine, & Energy From Optimum Nutrition",Shop now,VIDEO,https://fb.com/canvas_doc/2512946019129950,fb.com,/canvas_doc/2512946019129950,,,,,,,Not Specified,,,,,,,,,,"['FACEBOOK', 'INSTAGRAM', 'AUDIENCE_NETWORK', 'MESSENGER', 'WHATSAPP', 'THREADS']",,,,,2026-W36,2026-09,"FACEBOOK, INSTAGRAM, AUDIENCE_NETWORK, MESSENGER, WHATSAPP, THREADS",True,True,True,True,True,True,Internal/App Page,True,False,False,2026-09-07,2026-07-20 07:00:00,2026-09-07 16:55:10.186478,49
1337672485237664,,True,2026-07-28 07:00:00,2026-09-06 07:00:00,Chemist Warehouse,Chemist Warehouse,The icon.,Your skincare capsule. A single‑ingredient formula designed to support everyday skin health.,Shop now,IMAGE,https://fb.com/canvas_doc/1806580277362645,fb.com,/canvas_doc/1806580277362645,,,,,,,Not Specified,,,,,,,,,,"['FACEBOOK', 'INSTAGRAM', 'AUDIENCE_NETWORK', 'MESSENGER', 'THREADS']",,,,,2026-W36,2026-09,"FACEBOOK, INSTAGRAM, AUDIENCE_NETWORK, MESSENGER, THREADS",True,True,True,True,True,False,Internal/App Page,True,False,False,2026-09-07,2026-07-28 07:00:00,2026-09-07 16:55:10.186478,41
1052296480650879,919334473776973,True,2026-07-20 07:00:00,2026-09-06 07:00:00,Chemist Warehouse,Chemist Warehouse,{{product.name}},{{product.brand}},Shop now,DCO,https://www.chemistwarehouse.com.au/shop-online/3144/optimum-nutrition?utm_source=facebook&utm_medium=social&utm_campaign=au_cw_coop_facebook_social_glanbiaperformancenutrition_optimumnutrition_1255_2026_bau_dynamic_100079&utm_term=traffic&utm_content=creatine,www.chemistwarehouse.com.au,/shop-online/3144/optimum-nutrition,facebook,social,au_cw_coop_facebook_social_glanbiaperformancenutrition_optimumnutrition_1255_2026_bau_dynamic_100079,1255,traffic,creatine,Coop,Glanbiaperformancenutrition,Optimumnutrition,2026,100079,Get The Optimum Advantage,"Shop Protein, Creatine, & Energy From Optimum Nutrition",Shop Now,,https://video.flim31-1.fna.fbcdn.net/o1/v/t2/f2/m366/AQPD8E9gjrwxmCkYiBRjz5tG9-C0rfJ3d00_C31xY490HmUQbwLfILTmCseZKgBz4MnoKOnu7AiBwhChkTlUfkjkRF25q4gt5y7LeuA8WeNLXg.mp4?_nc_cat=100&_nc_oc=Ado4rUw5MfF9DUtve5S4kqE87-zYDNoJsZjIqqn38zuhI_rs0KhPyREcyGfTX6cEVqc&_nc_sid=b66105&_nc_ht=video.flim31-1.fna.fbcdn.net&_nc_ohc=-nwaTArzpoMQ7kNvwGFA84H&efg=eyJ2ZW5jb2RlX3RhZyI6Inhwdl9wcm9ncmVzc2l2ZS5WSV9VU0VDQVNFX1BST0RVQ1RfVFlQRS4uQzMuNzIwLmRhc2hfaDI2NC1iYXNpYy1nZW4yXzcyMHAiLCJ4cHZfYXNzZXRfaWQiOjIwNzk5NTgwNDI5MTM2ODEsImFzc2V0X2FnZV9kYXlzIjo0OCwidmlfdXNlY2FzZV9pZCI6MTA3OTksImR1cmF0aW9uX3MiOjIxLCJ1cmxnZW5fc291cmNlIjoid3d3In0%3D&ccb=17-1&vs=c77ac34941a18ae2&_nc_vs=HBksFQIYRWZiX2VwaGVtZXJhbC9BNTQ3RTFGODJEQ0M0RENBM0VGQTg2QzI1MDYyRUVCRF9tdF8xX3ZpZGVvX2Rhc2hpbml0Lm1wNBUAAsgBEgAVAhhAZmJfcGVybWFuZW50LzUyNDk0RDc3QTQ3NjkxNUM3MUNCMUY2MUFCRTI0MEJEX2F1ZGlvX2Rhc2hpbml0Lm1wNBUCAsgBEgAoABgAGwKIB3VzZV9vaWwBMRJwcm9ncmVzc2l2ZV9yZWNpcGUBMRUAACairt2Ev-2xBxUCKAJDMywXQDVwo9cKPXEYGWRhc2hfaDI2NC1iYXNpYy1nZW4yXzcyMHARAHUAZd6oAQA&_nc_gid=LmpXEuHEII7opyMZSvGSgQ&_nc_ss=7f180&_nc_zt=28&oh=00_AQJdYY5vqSJqo-jLgH2mOgOi8K1v-XvPd1ECmZzOwg7uug&oe=6AA3994C,"['FACEBOOK', 'INSTAGRAM', 'AUDIENCE_NETWORK', 'MESSENGER', 'WHATSAPP', 'THREADS']",au,cw,facebook,social,2026-W36,2026-09,"FACEBOOK, INSTAGRAM, AUDIENCE_NETWORK, MESSENGER, WHATSAPP, THREADS",True,True,True,True,True,True,Brand/Category Page,True,False,False,2026-09-07,2026-07-20 07:00:00,2026-09-07 16:55:10.186478,49
2260407808058657,1388440813261621,True,2026-07-20 07:00:00,2026-09-06 07:00:00,Chemist Warehouse,Chemist Warehouse,{{product.name}},{{product.brand}},Shop now,DCO,https://www.chemistwarehouse.com.au/buy/149125/zenifen-200mg-48-tablets,www.chemistwarehouse.com.au,/buy/149125/zenifen-200mg-48-tablets,,,,,,,Not Specified,,,,,Effective Pain Relief,"Zenifen provides temporary relief from headaches, back pain, period pain, dental pain and more, so you can get on with your day.",Shop Now,https://scontent.flim31-1.fna.fbcdn.net/v/t39.35426-6/746155811_1007573422318601_8449082391526961106_n.jpg?_nc_cat=104&ccb=1-7&_nc_sid=c53f8f&_nc_ohc=7qV4QY9bo7oQ7kNvwHagd7n&_nc_oc=AdqcO76GG2p-SVbZ1MAWNds-QLT87eDD9JNEev4-a0DQhJfgYB9cXnUkyr9XWErcP0k&_nc_zt=14&_nc_ht=scontent.flim31-1.fna&_nc_gid=LmpXEuHEII7opyMZSvGSgQ&_nc_ss=7f180&oh=00_AQJmT7rcwvIK4SW0hVwDrzCpMAyC_TeBl5G7dwAJnZnNAw&oe=6AA3B42F,,"['FACEBOOK', 'INSTAGRAM', 'MESSENGER', 'WHATSAPP', 'THREADS']",,,,,2026-W36,2026-09,"FACEBOOK, INSTAGRAM, MESSENGER, WHATSAPP, THREADS",True,True,False,True,True,True,SKU Product,True,False,False,2026-09-07,2026-07-20 07:00:00,2026-09-07 16:55:10.186478,49
1038161489179379,2601009157023790,True,2026-07-20 07:00:00,2026-09-06 07:00:00,Chemist Warehouse,Chemist Warehouse,Effective Pain Relief,"Zenifen provides temporary relief from headaches, back pain, period pain, dental pain and more, so you can get on with your day.",Shop now,VIDEO,https://www.chemistwarehouse.com.au/buy/149125/zenifen-200mg-48-tablets,www.chemistwarehouse.com.au,/buy/149125/zenifen-200mg-48-tablets,,,,,,,Not Specified,,,,,,,,,,"['FACEBOOK', 'INSTAGRAM', 'WHATSAPP', 'THREADS']",,,,,2026-W36,2026-09,"FACEBOOK, INSTAGRAM, WHATSAPP, THREADS",True,True,False,False,True,True,SKU Product,True,False,False,2026-09-07,2026-07-20 07:00:00,2026-09-07 16:55:10.186478,49
1608612407352717,919334473776973,True,2026-07-20 07:00:00,2026-09-06 07:00:00,Chemist Warehouse,Chemist Warehouse,{{product.name}},{{product.brand}},Shop now,DCO,https://www.chemistwarehouse.com.au/shop-online/3144/optimum-nutrition?utm_source=facebook&utm_medium=social&utm_campaign=au_cw_coop_facebook_social_glanbiaperformancenutrition_optimumnutrition_1255_2026_bau_dynamic_100079&utm_term=traffic&utm_content=creatine,www.chemistwarehouse.com.au,/shop-online/3144/optimum-nutrition,facebook,social,au_cw_coop_facebook_social_glanbiaperformancenutrition_optimumnutrition_1255_2026_bau_dynamic_100079,1255,traffic,creatine,Coop,Glanbiaperformancenutrition,Optimumnutrition,2026,100079,Get The Optimum Advantage,"Shop Protein, Creatine, & Energy From Optimum Nutrition",Shop Now,,https://video.flim31-1.fna.fbcdn.net/o1/v/t2/f2/m366/AQPD8E9gjrwxmCkYiBRjz5tG9-C0rfJ3d00_C31xY490HmUQbwLfILTmCseZKgBz4MnoKOnu7AiBwhChkTlUfkjkRF25q4gt5y7LeuA8WeNLXg.mp4?_nc_cat=100&_nc_oc=Ado4rUw5MfF9DUtve5S4kqE87-zYDNoJsZjIqqn38zuhI_rs0KhPyREcyGfTX6cEVqc&_nc_sid=b66105&_nc_ht=video.flim31-1.fna.fbcdn.net&_nc_ohc=-nwaTArzpoMQ7kNvwGFA84H&efg=eyJ2ZW5jb2RlX3RhZyI6Inhwdl9wcm9ncmVzc2l2ZS5WSV9VU0VDQVNFX1BST0RVQ1RfVFlQRS4uQzMuNzIwLmRhc2hfaDI2NC1iYXNpYy1nZW4yXzcyMHAiLCJ4cHZfYXNzZXRfaWQiOjIwNzk5NTgwNDI5MTM2ODEsImFzc2V0X2FnZV9kYXlzIjo0OCwidmlfdXNlY2FzZV9pZCI6MTA3OTksImR1cmF0aW9uX3MiOjIxLCJ1cmxnZW5fc291cmNlIjoid3d3In0%3D&ccb=17-1&vs=c77ac34941a18ae2&_nc_vs=HBksFQIYRWZiX2VwaGVtZXJhbC9BNTQ3RTFGODJEQ0M0RENBM0VGQTg2QzI1MDYyRUVCRF9tdF8xX3ZpZGVvX2Rhc2hpbml0Lm1wNBUAAsgBEgAVAhhAZmJfcGVybWFuZW50LzUyNDk0RDc3QTQ3NjkxNUM3MUNCMUY2MUFCRTI0MEJEX2F1ZGlvX2Rhc2hpbml0Lm1wNBUCAsgBEgAoABgAGwKIB3VzZV9vaWwBMRJwcm9ncmVzc2l2ZV9yZWNpcGUBMRUAACairt2Ev-2xBxUCKAJDMywXQDVwo9cKPXEYGWRhc2hfaDI2NC1iYXNpYy1nZW4yXzcyMHARAHUAZd6oAQA&_nc_gid=LmpXEuHEII7opyMZSvGSgQ&_nc_ss=7f180&_nc_zt=28&oh=00_AQJdYY5vqSJqo-jLgH2mOgOi8K1v-XvPd1ECmZzOwg7uug&oe=6AA3994C,"['FACEBOOK', 'INSTAGRAM', 'AUDIENCE_NETWORK', 'MESSENGER', 'WHATSAPP', 'THREADS']",au,cw,facebook,social,2026-W36,2026-09,"FACEBOOK, INSTAGRAM, AUDIENCE_NETWORK, MESSENGER, WHATSAPP, THREADS",True,True,True,True,True,True,Brand/Category Page,True,False,False,2026-09-07,2026-07-20 07:00:00,2026-09-07 16:55:10.186478,49
1555670342602555,,True,2026-07-27 07:00:00,2026-09-05 07:00:00,Chemist Warehouse,Chemist Warehouse,Your skincare capsule.,"100% Certified Organic Rosehip Oil - the foundation of your skincare capsule.
 ✨ Supports skin barrier 
 ✨ Nourishes and softens skin
 ✨ Helps improve the look of scars and stretch marks",Shop now,IMAGE,https://fb.com/canvas_doc/1366690284907869,fb.com,/canvas_doc/1366690284907869,,,,,,,Not Specified,,,,,,,,,,"['FACEBOOK', 'INSTAGRAM', 'AUDIENCE_NETWORK', 'MESSENGER', 'THREADS']",,,,,2026-W36,2026-09,"FACEBOOK, INSTAGRAM, AUDIENCE_NETWORK, MESSENGER, THREADS",True,True,True,True,True,False,Internal/App Page,True,False,False,2026-09-07,2026-07-27 07:00:00,2026-09-07 16:55:10.186478,42
1767546517903756,1605956691112303,True,2026-07-20 07:00:00,2026-09-06 07:00:00,Chemist Warehouse,Chemist Warehouse,{{product.name}},{{product.brand}},Shop now,DCO,https://www.chemistwarehouse.com.au/buy/166312/paramyl-500mg-50-tablets,www.chemistwarehouse.com.au,/buy/166312/paramyl-500mg-50-tablets,,,,,,,Not Specified,,,,,Trusted Pain Relief,"Paramyl provides effective temporary relief from headaches, muscle aches, fever and everyday pain so you can get back on your feet.",Shop Now,https://scontent.flim31-1.fna.fbcdn.net/v/t39.35426-6/750377986_1338411071812182_3041818647274409647_n.jpg?_nc_cat=109&ccb=1-7&_nc_sid=c53f8f&_nc_ohc=sJGeK5tgegAQ7kNvwFem2Mx&_nc_oc=AdrLjQ8pvK6mOApjU-JbekPdO8kpS9eL3TjLoMZmHXKjhDk5G0W_vTpST8dZ5fe3jak&_nc_zt=14&_nc_ht=scontent.flim31-1.fna&_nc_gid=LmpXEuHEII7opyMZSvGSgQ&_nc_ss=7f180&oh=00_AQK6iENKD3hkh5pDvn8eHaAwgeZn7ponSJmOXtqvvYEKDQ&oe=6AA3CB28,,"['FACEBOOK', 'INSTAGRAM', 'MESSENGER', 'WHATSAPP', 'THREADS']",,,,,2026-W36,2026-09,"FACEBOOK, INSTAGRAM, MESSENGER, WHATSAPP, THREADS",True,True,False,True,True,True,SKU Product,True,False,False,2026-09-07,2026-07-20 07:00:00,2026-09-07 16:55:10.186478,49
1694254745123013,1400070541933834,True,2026-07-19 07:00:00,2026-09-06 07:00:00,Chemist Warehouse,Chemist Warehouse,"Turn up the volume, not the price.","Big volume. Bold definition. The new WowLash Mascara and Kajal Velvet Eyeliners bring prestige-inspired performance to your everyday routine, with rich pigment, dramatic impact, and effortless wear—all at a price you'll love.",Shop now,VIDEO,https://www.chemistwarehouse.com.au/shop-online/5644/mcobeauty-cosmetics?utm_source=facebook&utm_medium=social&utm_campaign=au_cw_coop_facebook_social_mcobeautyptyltd_mcobeauty_648_2026_100097-bau_video-image&utm_term=traffic&utm_content=video-image_generic,www.chemistwarehouse.com.au,/shop-online/5644/mcobeauty-cosmetics,facebook,social,au_cw_coop_facebook_social_mcobeautyptyltd_mcobeauty_648_2026_100097-bau_video-image,648,traffic,video-image_generic,Coop,Mcobeautyptyltd,Mcobeauty,2026,video-image,,,,,,"['FACEBOOK', 'INSTAGRAM', 'AUDIENCE_NETWORK', 'MESSENGER', 'WHATSAPP', 'THREADS']",au,cw,facebook,social,2026-W36,2026-09,"FACEBOOK, INSTAGRAM, AUDIENCE_NETWORK, MESSENGER, WHATSAPP, THREADS",True,True,True,True,True,True,Brand/Category Page,True,False,False,2026-09-07,2026-07-19 07:00:00,2026-09-07 16:55:10.186478,50
1078352858047938,1017699734476834,True,2026-07-19 07:00:00,2026-09-06 07:00:00,Chemist Warehouse,Chemist Warehouse,"Turn up the volume, not the price.","Big volume. Bold definition. The new WowLash Mascara and Kajal Velvet Eyeliners bring prestige-inspired performance to your everyday routine, with rich pigment, dramatic impact, and effortless wear—all at a price you'll love.",Shop now,VIDEO,https://www.chemistwarehouse.com.au/shop-online/5644/mcobeauty-cosmetics?utm_source=facebook&utm_medium=social&utm_campaign=au_cw_coop_facebook_social_mcobeautyptyltd_mcobeauty_648_2026_100097-bau_video-image&utm_term=traffic&utm_content=video-image_generic,www.chemistwarehouse.com.au,/shop-online/5644/mcobeauty-cosmetics,facebook,social,au_cw_coop_facebook_social_mcobeautyptyltd_mcobeauty_648_2026_100097-bau_video-image,648,traffic,video-image_generic,Coop,Mcobeautyptyltd,Mcobeauty,2026,video-image,,,,,,"['FACEBOOK', 'INSTAGRAM', 'AUDIENCE_NETWORK', 'MESSENGER', 'WHATSAPP', 'THREADS']",au,cw,facebook,social,2026-W36,2026-09,"FACEBOOK, INSTAGRAM, AUDIENCE_NETWORK, MESSENGER, WHATSAPP, THREADS",True,True,True,True,True,True,Brand/Category Page,True,False,False,2026-09-07,2026-07-19 07:00:00,2026-09-07 16:55:10.186478,50
1063260659468758,1753770455974857,True,2026-07-19 07:00:00,2026-09-06 07:00:00,Chemist Warehouse,Chemist Warehouse,Trusted Pain Relief,"Paramyl provides effective temporary relief from headaches, muscle aches, fever and everyday pain so you can get back on your feet.",Shop now,VIDEO,https://www.chemistwarehouse.com.au/buy/166312/paramyl-500mg-50-tablets,www.chemistwarehouse.com.au,/buy/166312/paramyl-500mg-50-tablets,,,,,,,Not Specified,,,,,,,,,,"['FACEBOOK', 'INSTAGRAM', 'WHATSAPP', 'THREADS']",,,,,2026-W36,2026-09,"FACEBOOK, INSTAGRAM, WHATSAPP, THREADS",True,True,False,False,True,True,SKU Product,True,False,False,2026-09-07,2026-07-19 07:00:00,2026-09-07 16:55:10.186478,50
4482458592075197,4499662637020051,True,2026-07-19 07:00:00,2026-09-05 07:00:00,Chemist Warehouse,Chemist Warehouse,"Turn up the volume, not the price.","Big volume. Bold definition. The new WowLash Mascara and Kajal Velvet Eyeliners bring prestige-inspired performance to your everyday routine, with rich pigment, dramatic impact, and effortless wear—all at a price you'll love.",Shop now,VIDEO,https://www.chemistwarehouse.com.au/shop-online/5644/mcobeauty-cosmetics?utm_source=facebook&utm_medium=social&utm_campaign=au_cw_coop_facebook_social_mcobeautyptyltd_mcobeauty_648_2026_100097-bau_video-image&utm_term=traffic&utm_content=video-image_generic,www.chemistwarehouse.com.au,/shop-online/5644/mcobeauty-cosmetics,facebook,social,au_cw_coop_facebook_social_mcobeautyptyltd_mcobeauty_648_2026_100097-bau_video-image,648,traffic,video-image_generic,Coop,Mcobeautyptyltd,Mcobeauty,2026,video-image,,,,,,"['FACEBOOK', 'INSTAGRAM', 'AUDIENCE_NETWORK', 'MESSENGER', 'WHATSAPP', 'THREADS']",au,cw,facebook,social,2026-W36,2026-09,"FACEBOOK, INSTAGRAM, AUDIENCE_NETWORK, MESSENGER, WHATSAPP, THREADS",True,True,True,True,True,True,Brand/Category Page,True,False,False,2026-09-07,2026-07-19 07:00:00,2026-09-07 16:55:10.186478,50
2198106214377014,1067550435843016,True,2026-07-16 07:00:00,2026-09-06 07:00:00,Chemist Warehouse,Chemist Warehouse,Start Winter Skin Right,"Cleanse, hydrate and prep your skin for the day with Sukin's winter hydration essentials.",Shop now,VIDEO,https://www.chemistwarehouse.com.au/shop-online/902/sukin?utm_source=facebook&utm_medium=social&utm_campaign=au_cw_oa_facebook_social_sukinaustraliaptyltd_sukin_665_jul26_100663-oa_video-image&utm_term=traffic&utm_content=video-image_,www.chemistwarehouse.com.au,/shop-online/902/sukin,facebook,social,au_cw_oa_facebook_social_sukinaustraliaptyltd_sukin_665_jul26_100663-oa_video-image,665,traffic,video-image_,O&O,Sukinaustraliaptyltd,Sukin,jul26,video-image,,,,,,"['FACEBOOK', 'INSTAGRAM', 'AUDIENCE_NETWORK', 'MESSENGER', 'WHATSAPP', 'THREADS']",au,cw,facebook,social,2026-W36,2026-09,"FACEBOOK, INSTAGRAM, AUDIENCE_NETWORK, MESSENGER, WHATSAPP, THREADS",True,True,True,True,True,True,Brand/Category Page,True,False,False,2026-09-07,2026-07-16 07:00:00,2026-09-07 16:55:10.186478,53
1013535064643190,1067550435843016,True,2026-07-17 07:00:00,2026-09-06 07:00:00,Chemist Warehouse,Chemist Warehouse,Start Winter Skin Right,"Cleanse, hydrate and prep your skin for the day with Sukin's winter hydration essentials.",Shop now,VIDEO,https://www.chemistwarehouse.com.au/shop-online/902/sukin?utm_source=facebook&utm_medium=social&utm_campaign=au_cw_oa_facebook_social_sukinaustraliaptyltd_sukin_665_jul26_100663-oa_video-image&utm_term=traffic&utm_content=video-image_,www.chemistwarehouse.com.au,/shop-online/902/sukin,facebook,social,au_cw_oa_facebook_social_sukinaustraliaptyltd_sukin_665_jul26_100663-oa_video-image,665,traffic,video-image_,O&O,Sukinaustraliaptyltd,Sukin,jul26,video-image,,,,,,"['FACEBOOK', 'INSTAGRAM', 'AUDIENCE_NETWORK', 'MESSENGER', 'WHATSAPP', 'THREADS']",au,cw,facebook,social,2026-W36,2026-09,"FACEBOOK, INSTAGRAM, AUDIENCE_NETWORK, MESSENGER, WHATSAPP, THREADS",True,True,True,True,True,True,Brand/Category Page,True,False,False,2026-09-07,2026-07-17 07:00:00,2026-09-07 16:55:10.186478,52
27656604294003121,1723204795770943,True,2026-07-17 07:00:00,2026-09-05 07:00:00,Chemist Warehouse,Chemist Warehouse,Discover Sukin designed to fit seamlessly into your routine.,"Travel Light, Stay Hydrated",Shop now,VIDEO,https://www.chemistwarehouse.com.au/shop-online/902/sukin?utm_source=facebook&utm_medium=social&utm_campaign=au_cw_oa_facebook_social_sukinaustraliaptyltd_sukin_665_jul26_100663-oa_video-image&utm_term=traffic&utm_content=video-image_,www.chemistwarehouse.com.au,/shop-online/902/sukin,facebook,social,au_cw_oa_facebook_social_sukinaustraliaptyltd_sukin_665_jul26_100663-oa_video-image,665,traffic,video-image_,O&O,Sukinaustraliaptyltd,Sukin,jul26,video-image,,,,,,"['FACEBOOK', 'INSTAGRAM', 'AUDIENCE_NETWORK', 'MESSENGER', 'WHATSAPP', 'THREADS']",au,cw,facebook,social,2026-W36,2026-09,"FACEBOOK, INSTAGRAM, AUDIENCE_NETWORK, MESSENGER, WHATSAPP, THREADS",True,True,True,True,True,True,Brand/Category Page,True,False,False,2026-09-07,2026-07-17 07:00:00,2026-09-07 16:55:10.186478,52
1536650578197113,1723204795770943,True,2026-07-16 07:00:00,2026-09-05 07:00:00,Chemist Warehouse,Chemist Warehouse,Discover Sukin designed to fit seamlessly into your routine.,"Travel Light, Stay Hydrated",Shop now,VIDEO,https://www.chemistwarehouse.com.au/shop-online/902/sukin?utm_source=facebook&utm_medium=social&utm_campaign=au_cw_oa_facebook_social_sukinaustraliaptyltd_sukin_665_jul26_100663-oa_video-image&utm_term=traffic&utm_content=video-image_,www.chemistwarehouse.com.au,/shop-online/902/sukin,facebook,social,au_cw_oa_facebook_social_sukinaustraliaptyltd_sukin_665_jul26_100663-oa_video-image,665,traffic,video-image_,O&O,Sukinaustraliaptyltd,Sukin,jul26,video-image,,,,,,"['FACEBOOK', 'INSTAGRAM', 'AUDIENCE_NETWORK', 'MESSENGER', 'WHATSAPP', 'THREADS']",au,cw,facebook,social,2026-W36,2026-09,"FACEBOOK, INSTAGRAM, AUDIENCE_NETWORK, MESSENGER, WHATSAPP, THREADS",True,True,True,True,True,True,Brand/Category Page,True,False,False,2026-09-07,2026-07-16 07:00:00,2026-09-07 16:55:10.186478,53
2498438337292241,,True,2026-07-23 07:00:00,2026-09-05 07:00:00,Chemist Warehouse,Chemist Warehouse,New Billie Malibu range,Shop the Billie Malibu Kit and Refills at Chemist Warehouse.,Shop now,VIDEO,https://www.chemistwarehouse.com.au/shop-online/705630/billie?utm_source=facebook&utm_medium=social&utm_content=Catalogue&utm_campaign=au_cw_oa_facebook_social_edgewellpersonalcareaustralia_billie_259_2026_bau_Dynamic&utm_term=Dynamic,www.chemistwarehouse.com.au,/shop-online/705630/billie,facebook,social,au_cw_oa_facebook_social_edgewellpersonalcareaustralia_billie_259_2026_bau_Dynamic,259,Dynamic,Catalogue,O&O,Edgewellpersonalcareaustralia,Billie,2026,dynamic,,,,,,"['FACEBOOK', 'INSTAGRAM', 'MESSENGER']",au,cw,facebook,social,2026-W36,2026-09,"FACEBOOK, INSTAGRAM, MESSENGER",True,True,False,True,False,False,Brand/Category Page,True,True,False,2026-09-07,2026-07-23 07:00:00,2026-09-07 16:55:10.186478,46
1414596650485985,2416363388875406,True,2026-07-17 07:00:00,2026-09-05 07:00:00,Chemist Warehouse,Chemist Warehouse,{{product.name}},{{product.brand}},Shop now,DCO,https://www.chemistwarehouse.com.au/shop-online/902/sukin?utm_source=facebook&utm_medium=social&utm_campaign=au_cw_oa_facebook_social_sukinaustraliaptyltd_sukin_665_jul26_100663-oa_video-image&utm_term=traffic&utm_content=video-image_,www.chemistwarehouse.com.au,/shop-online/902/sukin,facebook,social,au_cw_oa_facebook_social_sukinaustraliaptyltd_sukin_665_jul26_100663-oa_video-image,665,traffic,video-image_,O&O,Sukinaustraliaptyltd,Sukin,jul26,video-image,Start Winter Skin Right,"Cleanse, hydrate and prep your skin for the day with Sukin's winter hydration essentials.",Shop Now,,https://video.flim31-1.fna.fbcdn.net/o1/v/t2/f2/m366/AQP0LdbP-U0mJsimKwnMDa5sba9lximX9On9RIpMjr7Jv2ztM6YTjynPNeRSeUK2lBa2trKgXH_pFehr36wlahfy0ocIfhD-RC_u2KfNQOEHNg.mp4?_nc_cat=108&_nc_oc=Adr-MAaykjCnMNlsLb8MV1Bh8oy3NbEvJ7OJ7xAJiq3poxXEh2jcENySO2jungOXBGk&_nc_sid=b66105&_nc_ht=video.flim31-1.fna.fbcdn.net&_nc_ohc=uxTf_0xxRloQ7kNvwEyZdWa&efg=eyJ2ZW5jb2RlX3RhZyI6Inhwdl9wcm9ncmVzc2l2ZS5WSV9VU0VDQVNFX1BST0RVQ1RfVFlQRS4uQzMuNzIwLmRhc2hfaDI2NC1iYXNpYy1nZW4yXzcyMHAiLCJ4cHZfYXNzZXRfaWQiOjE2NDU2OTA0MTA1NTc5NzMsImFzc2V0X2FnZV9kYXlzIjo1MSwidmlfdXNlY2FzZV9pZCI6MTA3OTksImR1cmF0aW9uX3MiOjMxLCJ1cmxnZW5fc291cmNlIjoid3d3In0%3D&ccb=17-1&vs=6e20bcf1227f913f&_nc_vs=HBksFQIYRWZiX2VwaGVtZXJhbC8yRDRFNDc0OThCNjZCNURFRURERDNBOEQ3OUQ5Qjc5QV9tdF8xX3ZpZGVvX2Rhc2hpbml0Lm1wNBUAAsgBEgAVAhhAZmJfcGVybWFuZW50L0M4NDE3OTE0MDJGRUNBMzNFMEM4MTQzNjQyREQwNDhFX2F1ZGlvX2Rhc2hpbml0Lm1wNBUCAsgBEgAoABgAGwKIB3VzZV9vaWwBMRJwcm9ncmVzc2l2ZV9yZWNpcGUBMRUAACaqiKeF5a_sBRUCKAJDMywXQD_dsi0OVgQYGWRhc2hfaDI2NC1iYXNpYy1nZW4yXzcyMHARAHUAZd6oAQA&_nc_gid=u0ur3Ib6My_ToqYL9WxOKQ&_nc_ss=7f180&_nc_zt=28&oh=00_AQLFzJ5piGOLprKi7GlmCleePcIV9yMBeju0foibPr9XFQ&oe=6AA3B578,"['FACEBOOK', 'INSTAGRAM', 'AUDIENCE_NETWORK', 'MESSENGER', 'WHATSAPP', 'THREADS']",au,cw,facebook,social,2026-W36,2026-09,"FACEBOOK, INSTAGRAM, AUDIENCE_NETWORK, MESSENGER, WHATSAPP, THREADS",True,True,True,True,True,True,Brand/Category Page,True,False,False,2026-09-07,2026-07-17 07:00:00,2026-09-07 16:55:10.186478,52
3325274780991175,,True,2026-07-23 07:00:00,2026-09-06 07:00:00,Chemist Warehouse,Chemist Warehouse,Relieve mood swings,Swisse Perimenopause Balance — for when irritability shows up uninvited.,Shop now,IMAGE,https://fb.com/canvas_doc/1451926506960017,fb.com,/canvas_doc/1451926506960017,,,,,,,Not Specified,,,,,,,,,,"['FACEBOOK', 'INSTAGRAM', 'AUDIENCE_NETWORK', 'MESSENGER', 'THREADS']",,,,,2026-W36,2026-09,"FACEBOOK, INSTAGRAM, AUDIENCE_NETWORK, MESSENGER, THREADS",True,True,True,True,True,False,Internal/App Page,True,False,False,2026-09-07,2026-07-23 07:00:00,2026-09-07 16:55:10.186478,46
2851866838505297,26951911864487024,True,2026-07-17 07:00:00,2026-09-06 07:00:00,Chemist Warehouse,Chemist Warehouse,{{product.name}},{{product.brand}},Shop now,DCO,https://www.chemistwarehouse.com.au/shop-online/902/sukin?utm_source=facebook&utm_medium=social&utm_campaign=au_cw_oa_facebook_social_sukinaustraliaptyltd_sukin_665_jul26_100663-oa_video-image&utm_term=traffic&utm_content=video-image_,www.chemistwarehouse.com.au,/shop-online/902/sukin,facebook,social,au_cw_oa_facebook_social_sukinaustraliaptyltd_sukin_665_jul26_100663-oa_video-image,665,traffic,video-image_,O&O,Sukinaustraliaptyltd,Sukin,jul26,video-image,Start Winter Skin Right,"Cleanse, hydrate and prep your skin for the day with Sukin's winter hydration essentials.",Shop Now,,https://video.flim31-1.fna.fbcdn.net/o1/v/t2/f2/m366/AQO4U-qb07KeK4UQjb3gaMAwEnN8ARxbmXPnVcHKfJ-ALrg2DfmHXVHR-RDIcA0kg3_twF_FaWd7nYBfUkT4Ub26YAMmpgkyb7JCQ0ft5XccqA.mp4?_nc_cat=104&_nc_oc=AdpOHkbkw1PMDY527gvGNpAIJxWScc-5VhCdJVXR336h4sF_h4JnYv4TlKTpohr4xyU&_nc_sid=b66105&_nc_ht=video.flim31-1.fna.fbcdn.net&_nc_ohc=vnh7zORNDaoQ7kNvwETALM7&efg=eyJ2ZW5jb2RlX3RhZyI6Inhwdl9wcm9ncmVzc2l2ZS5WSV9VU0VDQVNFX1BST0RVQ1RfVFlQRS4uQzMuNzIwLmRhc2hfaDI2NC1iYXNpYy1nZW4yXzcyMHAiLCJ4cHZfYXNzZXRfaWQiOjk5ODczMjgzMjkzMDcyMSwiYXNzZXRfYWdlX2RheXMiOjUxLCJ2aV91c2VjYXNlX2lkIjoxMDc5OSwiZHVyYXRpb25fcyI6MzUsInVybGdlbl9zb3VyY2UiOiJ3d3cifQ%3D%3D&ccb=17-1&vs=9b5e2607086a1453&_nc_vs=HBksFQIYRWZiX2VwaGVtZXJhbC82QzRCMzlFOUE5OEJDQjE0RTAyNDAxQTE2M0YzNTFCRV9tdF8xX3ZpZGVvX2Rhc2hpbml0Lm1wNBUAAsgBEgAVAhhAZmJfcGVybWFuZW50Lzk0NDkxOTM1NEUxNzcxMzYxREVGRTBCMUI3MjBCQUExX2F1ZGlvX2Rhc2hpbml0Lm1wNBUCAsgBEgAoABgAGwKIB3VzZV9vaWwBMRJwcm9ncmVzc2l2ZV9yZWNpcGUBMRUAACbC7tu785XGAxUCKAJDMywXQEGmZmZmZmYYGWRhc2hfaDI2NC1iYXNpYy1nZW4yXzcyMHARAHUAZd6oAQA&_nc_gid=u0ur3Ib6My_ToqYL9WxOKQ&_nc_ss=7f180&_nc_zt=28&oh=00_AQKeFJnrKDvQ4d_vSJt8sPzsfKH39Yk5TfxxiCTPCHxQ_g&oe=6AA39C08,"['FACEBOOK', 'INSTAGRAM', 'AUDIENCE_NETWORK', 'MESSENGER', 'WHATSAPP', 'THREADS']",au,cw,facebook,social,2026-W36,2026-09,"FACEBOOK, INSTAGRAM, AUDIENCE_NETWORK, MESSENGER, WHATSAPP, THREADS",True,True,True,True,True,True,Brand/Category Page,True,False,False,2026-09-07,2026-07-17 07:00:00,2026-09-07 16:55:10.186478,52
28112146571724506,26951911864487024,True,2026-07-17 07:00:00,2026-09-06 07:00:00,Chemist Warehouse,Chemist Warehouse,{{product.name}},{{product.brand}},Shop now,DCO,https://www.chemistwarehouse.com.au/shop-online/902/sukin?utm_source=facebook&utm_medium=social&utm_campaign=au_cw_oa_facebook_social_sukinaustraliaptyltd_sukin_665_jul26_100663-oa_video-image&utm_term=traffic&utm_content=video-image_,www.chemistwarehouse.com.au,/shop-online/902/sukin,facebook,social,au_cw_oa_facebook_social_sukinaustraliaptyltd_sukin_665_jul26_100663-oa_video-image,665,traffic,video-image_,O&O,Sukinaustraliaptyltd,Sukin,jul26,video-image,Start Winter Skin Right,"Cleanse, hydrate and prep your skin for the day with Sukin's winter hydration essentials.",Shop Now,,https://video.flim31-1.fna.fbcdn.net/o1/v/t2/f2/m366/AQO4U-qb07KeK4UQjb3gaMAwEnN8ARxbmXPnVcHKfJ-ALrg2DfmHXVHR-RDIcA0kg3_twF_FaWd7nYBfUkT4Ub26YAMmpgkyb7JCQ0ft5XccqA.mp4?_nc_cat=104&_nc_oc=AdpOHkbkw1PMDY527gvGNpAIJxWScc-5VhCdJVXR336h4sF_h4JnYv4TlKTpohr4xyU&_nc_sid=b66105&_nc_ht=video.flim31-1.fna.fbcdn.net&_nc_ohc=vnh7zORNDaoQ7kNvwETALM7&efg=eyJ2ZW5jb2RlX3RhZyI6Inhwdl9wcm9ncmVzc2l2ZS5WSV9VU0VDQVNFX1BST0RVQ1RfVFlQRS4uQzMuNzIwLmRhc2hfaDI2NC1iYXNpYy1nZW4yXzcyMHAiLCJ4cHZfYXNzZXRfaWQiOjk5ODczMjgzMjkzMDcyMSwiYXNzZXRfYWdlX2RheXMiOjUxLCJ2aV91c2VjYXNlX2lkIjoxMDc5OSwiZHVyYXRpb25fcyI6MzUsInVybGdlbl9zb3VyY2UiOiJ3d3cifQ%3D%3D&ccb=17-1&vs=9b5e2607086a1453&_nc_vs=HBksFQIYRWZiX2VwaGVtZXJhbC82QzRCMzlFOUE5OEJDQjE0RTAyNDAxQTE2M0YzNTFCRV9tdF8xX3ZpZGVvX2Rhc2hpbml0Lm1wNBUAAsgBEgAVAhhAZmJfcGVybWFuZW50Lzk0NDkxOTM1NEUxNzcxMzYxREVGRTBCMUI3MjBCQUExX2F1ZGlvX2Rhc2hpbml0Lm1wNBUCAsgBEgAoABgAGwKIB3VzZV9vaWwBMRJwcm9ncmVzc2l2ZV9yZWNpcGUBMRUAACbC7tu785XGAxUCKAJDMywXQEGmZmZmZmYYGWRhc2hfaDI2NC1iYXNpYy1nZW4yXzcyMHARAHUAZd6oAQA&_nc_gid=u0ur3Ib6My_ToqYL9WxOKQ&_nc_ss=7f180&_nc_zt=28&oh=00_AQKeFJnrKDvQ4d_vSJt8sPzsfKH39Yk5TfxxiCTPCHxQ_g&oe=6AA39C08,"['FACEBOOK', 'INSTAGRAM', 'AUDIENCE_NETWORK', 'MESSENGER', 'WHATSAPP', 'THREADS']",au,cw,facebook,social,2026-W36,2026-09,"FACEBOOK, INSTAGRAM, AUDIENCE_NETWORK, MESSENGER, WHATSAPP, THREADS",True,True,True,True,True,True,Brand/Category Page,True,False,False,2026-09-07,2026-07-17 07:00:00,2026-09-07 16:55:10.186478,52
1572631684446936,2416363388875406,True,2026-07-17 07:00:00,2026-09-05 07:00:00,Chemist Warehouse,Chemist Warehouse,{{product.name}},{{product.brand}},Shop now,DCO,https://www.chemistwarehouse.com.au/shop-online/902/sukin?utm_source=facebook&utm_medium=social&utm_campaign=au_cw_oa_facebook_social_sukinaustraliaptyltd_sukin_665_jul26_100663-oa_video-image&utm_term=traffic&utm_content=video-image_,www.chemistwarehouse.com.au,/shop-online/902/sukin,facebook,social,au_cw_oa_facebook_social_sukinaustraliaptyltd_sukin_665_jul26_100663-oa_video-image,665,traffic,video-image_,O&O,Sukinaustraliaptyltd,Sukin,jul26,video-image,Start Winter Skin Right,"Cleanse, hydrate and prep your skin for the day with Sukin's winter hydration essentials.",Shop Now,,https://video.flim31-1.fna.fbcdn.net/o1/v/t2/f2/m366/AQP0LdbP-U0mJsimKwnMDa5sba9lximX9On9RIpMjr7Jv2ztM6YTjynPNeRSeUK2lBa2trKgXH_pFehr36wlahfy0ocIfhD-RC_u2KfNQOEHNg.mp4?_nc_cat=108&_nc_oc=Adr-MAaykjCnMNlsLb8MV1Bh8oy3NbEvJ7OJ7xAJiq3poxXEh2jcENySO2jungOXBGk&_nc_sid=b66105&_nc_ht=video.flim31-1.fna.fbcdn.net&_nc_ohc=uxTf_0xxRloQ7kNvwEyZdWa&efg=eyJ2ZW5jb2RlX3RhZyI6Inhwdl9wcm9ncmVzc2l2ZS5WSV9VU0VDQVNFX1BST0RVQ1RfVFlQRS4uQzMuNzIwLmRhc2hfaDI2NC1iYXNpYy1nZW4yXzcyMHAiLCJ4cHZfYXNzZXRfaWQiOjE2NDU2OTA0MTA1NTc5NzMsImFzc2V0X2FnZV9kYXlzIjo1MSwidmlfdXNlY2FzZV9pZCI6MTA3OTksImR1cmF0aW9uX3MiOjMxLCJ1cmxnZW5fc291cmNlIjoid3d3In0%3D&ccb=17-1&vs=6e20bcf1227f913f&_nc_vs=HBksFQIYRWZiX2VwaGVtZXJhbC8yRDRFNDc0OThCNjZCNURFRURERDNBOEQ3OUQ5Qjc5QV9tdF8xX3ZpZGVvX2Rhc2hpbml0Lm1wNBUAAsgBEgAVAhhAZmJfcGVybWFuZW50L0M4NDE3OTE0MDJGRUNBMzNFMEM4MTQzNjQyREQwNDhFX2F1ZGlvX2Rhc2hpbml0Lm1wNBUCAsgBEgAoABgAGwKIB3VzZV9vaWwBMRJwcm9ncmVzc2l2ZV9yZWNpcGUBMRUAACaqiKeF5a_sBRUCKAJDMywXQD_dsi0OVgQYGWRhc2hfaDI2NC1iYXNpYy1nZW4yXzcyMHARAHUAZd6oAQA&_nc_gid=u0ur3Ib6My_ToqYL9WxOKQ&_nc_ss=7f180&_nc_zt=28&oh=00_AQLFzJ5piGOLprKi7GlmCleePcIV9yMBeju0foibPr9XFQ&oe=6AA3B578,"['FACEBOOK', 'INSTAGRAM', 'AUDIENCE_NETWORK', 'MESSENGER', 'WHATSAPP', 'THREADS']",au,cw,facebook,social,2026-W36,2026-09,"FACEBOOK, INSTAGRAM, AUDIENCE_NETWORK, MESSENGER, WHATSAPP, THREADS",True,True,True,True,True,True,Brand/Category Page,True,False,False,2026-09-07,2026-07-17 07:00:00,2026-09-07 16:55:10.186478,52
894735816544428,,True,2026-07-23 07:00:00,2026-09-06 07:00:00,Chemist Warehouse,Chemist Warehouse,New Billie Malibu range,Shop the Billie Malibu Kit and Refills at Chemist Warehouse.,See details,IMAGE,https://fb.com/canvas_doc/1007692885594981,fb.com,/canvas_doc/1007692885594981,,,,,,,Not Specified,,,,,,,,,,"['FACEBOOK', 'INSTAGRAM', 'AUDIENCE_NETWORK', 'MESSENGER', 'WHATSAPP', 'THREADS']",,,,,2026-W36,2026-09,"FACEBOOK, INSTAGRAM, AUDIENCE_NETWORK, MESSENGER, WHATSAPP, THREADS",True,True,True,True,True,True,Internal/App Page,True,True,False,2026-09-07,2026-07-23 07:00:00,2026-09-07 16:55:10.186478,46
1027429563588413,2521676858276918,True,2026-07-17 07:00:00,2026-09-06 07:00:00,Chemist Warehouse,Chemist Warehouse,{{product.name}},{{product.brand}},Shop now,DCO,https://www.chemistwarehouse.com.au/shop-online/902/sukin?utm_source=facebook&utm_medium=social&utm_campaign=au_cw_oa_facebook_social_sukinaustraliaptyltd_sukin_665_jul26_100663-oa_video-image&utm_term=traffic&utm_content=video-image_,www.chemistwarehouse.com.au,/shop-online/902/sukin,facebook,social,au_cw_oa_facebook_social_sukinaustraliaptyltd_sukin_665_jul26_100663-oa_video-image,665,traffic,video-image_,O&O,Sukinaustraliaptyltd,Sukin,jul26,video-image,Start Winter Skin Right,"Cleanse, hydrate and prep your skin for the day with Sukin's winter hydration essentials.",Shop Now,,https://video.flim31-1.fna.fbcdn.net/o1/v/t2/f2/m366/AQNUDbAf1Pmxz4MH6HPOPkGyLcnLZFnvS-q_1BMi7OfLa7r2E2XhKeCGf4m3JRAfLTN0TfpgQstZh7lKHas-yc-ozRoYj3he2cbnV7NxkvJxcg.mp4?_nc_cat=107&_nc_oc=Adp0Xg6Q0Ja525kHIM89H2JNuLuWCBT1CLL1at7xsDJ7Q0UsKrpGHS3h2oPNqtgG7D0&_nc_sid=b66105&_nc_ht=video.flim31-1.fna.fbcdn.net&_nc_ohc=W1nNjIGFemUQ7kNvwHuEHHg&efg=eyJ2ZW5jb2RlX3RhZyI6Inhwdl9wcm9ncmVzc2l2ZS5WSV9VU0VDQVNFX1BST0RVQ1RfVFlQRS4uQzMuNzIwLmRhc2hfaDI2NC1iYXNpYy1nZW4yXzcyMHAiLCJ4cHZfYXNzZXRfaWQiOjEwMTIzNTI0NDgzMjkyNzUsImFzc2V0X2FnZV9kYXlzIjo1MSwidmlfdXNlY2FzZV9pZCI6MTA3OTksImR1cmF0aW9uX3MiOjUzLCJ1cmxnZW5fc291cmNlIjoid3d3In0%3D&ccb=17-1&vs=b66fdaa0ffb22239&_nc_vs=HBksFQIYRWZiX2VwaGVtZXJhbC9EQzQ1NzZGQjU5QTQ4RkZBOURFNERFQkQ4M0YxNTk5NV9tdF8xX3ZpZGVvX2Rhc2hpbml0Lm1wNBUAAsgBEgAVAhhAZmJfcGVybWFuZW50LzNDNEYwRTFGMDMwMjYyQzVGRDFERjc3RDk2OUM4MUE5X2F1ZGlvX2Rhc2hpbml0Lm1wNBUCAsgBEgAoABgAGwKIB3VzZV9vaWwBMRJwcm9ncmVzc2l2ZV9yZWNpcGUBMRUAACb22I_B1a7MAxUCKAJDMywXQEriDEm6XjUYGWRhc2hfaDI2NC1iYXNpYy1nZW4yXzcyMHARAHUAZd6oAQA&_nc_gid=u0ur3Ib6My_ToqYL9WxOKQ&_nc_ss=7f180&_nc_zt=28&oh=00_AQLUE3boghwB1dBohc6ghwwR5qrg9kMU5U0J4cYRz42FNQ&oe=6AA3CB19,"['FACEBOOK', 'INSTAGRAM', 'AUDIENCE_NETWORK', 'MESSENGER', 'WHATSAPP', 'THREADS']",au,cw,facebook,social,2026-W36,2026-09,"FACEBOOK, INSTAGRAM, AUDIENCE_NETWORK, MESSENGER, WHATSAPP, THREADS",True,True,True,True,True,True,Brand/Category Page,True,False,False,2026-09-07,2026-07-17 07:00:00,2026-09-07 16:55:10.186478,52
1509275073719449,2521676858276918,True,2026-07-17 07:00:00,2026-09-06 07:00:00,Chemist Warehouse,Chemist Warehouse,{{product.name}},{{product.brand}},Shop now,DCO,https://www.chemistwarehouse.com.au/shop-online/902/sukin?utm_source=facebook&utm_medium=social&utm_campaign=au_cw_oa_facebook_social_sukinaustraliaptyltd_sukin_665_jul26_100663-oa_video-image&utm_term=traffic&utm_content=video-image_,www.chemistwarehouse.com.au,/shop-online/902/sukin,facebook,social,au_cw_oa_facebook_social_sukinaustraliaptyltd_sukin_665_jul26_100663-oa_video-image,665,traffic,video-image_,O&O,Sukinaustraliaptyltd,Sukin,jul26,video-image,Start Winter Skin Right,"Cleanse, hydrate and prep your skin for the day with Sukin's winter hydration essentials.",Shop Now,,https://video.flim31-1.fna.fbcdn.net/o1/v/t2/f2/m366/AQNUDbAf1Pmxz4MH6HPOPkGyLcnLZFnvS-q_1BMi7OfLa7r2E2XhKeCGf4m3JRAfLTN0TfpgQstZh7lKHas-yc-ozRoYj3he2cbnV7NxkvJxcg.mp4?_nc_cat=107&_nc_oc=Adp0Xg6Q0Ja525kHIM89H2JNuLuWCBT1CLL1at7xsDJ7Q0UsKrpGHS3h2oPNqtgG7D0&_nc_sid=b66105&_nc_ht=video.flim31-1.fna.fbcdn.net&_nc_ohc=W1nNjIGFemUQ7kNvwHuEHHg&efg=eyJ2ZW5jb2RlX3RhZyI6Inhwdl9wcm9ncmVzc2l2ZS5WSV9VU0VDQVNFX1BST0RVQ1RfVFlQRS4uQzMuNzIwLmRhc2hfaDI2NC1iYXNpYy1nZW4yXzcyMHAiLCJ4cHZfYXNzZXRfaWQiOjEwMTIzNTI0NDgzMjkyNzUsImFzc2V0X2FnZV9kYXlzIjo1MSwidmlfdXNlY2FzZV9pZCI6MTA3OTksImR1cmF0aW9uX3MiOjUzLCJ1cmxnZW5fc291cmNlIjoid3d3In0%3D&ccb=17-1&vs=b66fdaa0ffb22239&_nc_vs=HBksFQIYRWZiX2VwaGVtZXJhbC9EQzQ1NzZGQjU5QTQ4RkZBOURFNERFQkQ4M0YxNTk5NV9tdF8xX3ZpZGVvX2Rhc2hpbml0Lm1wNBUAAsgBEgAVAhhAZmJfcGVybWFuZW50LzNDNEYwRTFGMDMwMjYyQzVGRDFERjc3RDk2OUM4MUE5X2F1ZGlvX2Rhc2hpbml0Lm1wNBUCAsgBEgAoABgAGwKIB3VzZV9vaWwBMRJwcm9ncmVzc2l2ZV9yZWNpcGUBMRUAACb22I_B1a7MAxUCKAJDMywXQEriDEm6XjUYGWRhc2hfaDI2NC1iYXNpYy1nZW4yXzcyMHARAHUAZd6oAQA&_nc_gid=u0ur3Ib6My_ToqYL9WxOKQ&_nc_ss=7f180&_nc_zt=28&oh=00_AQLUE3boghwB1dBohc6ghwwR5qrg9kMU5U0J4cYRz42FNQ&oe=6AA3CB19,"['FACEBOOK', 'INSTAGRAM', 'AUDIENCE_NETWORK', 'MESSENGER', 'WHATSAPP', 'THREADS']",au,cw,facebook,social,2026-W36,2026-09,"FACEBOOK, INSTAGRAM, AUDIENCE_NETWORK, MESSENGER, WHATSAPP, THREADS",True,True,True,True,True,True,Brand/Category Page,True,False,False,2026-09-07,2026-07-17 07:00:00,2026-09-07 16:55:10.186478,52
1407188301253781,,True,2026-07-23 07:00:00,2026-09-06 07:00:00,Chemist Warehouse,Chemist Warehouse,{{product.name}},{{product.brand}},See details,DCO,https://www.chemistwarehouse.com.au/shop-online/1873/neutrogena?utm_source=facebook&utm_medium=social&utm_campaign=au_cw_oa_facebook_social_johnsonjohnsonpacific_neutrogena_665_jul25_100649-oa_video-image&utm_term=traffic&utm_content=video-image_video-image,www.chemistwarehouse.com.au,/shop-online/1873/neutrogena,facebook,social,au_cw_oa_facebook_social_johnsonjohnsonpacific_neutrogena_665_jul25_100649-oa_video-image,665,traffic,video-image_video-image,O&O,Johnsonjohnsonpacific,Neutrogena,jul25,video-image,"Stronger Collagen, Glowing Skin",Shop the NEW Neutrogena Collagen Bank 15% Vitamin C serum today at Chemist Warehouse,See Details,https://scontent.flim31-1.fna.fbcdn.net/v/t39.35426-6/753282369_1744592463250319_2113903896625104523_n.jpg?_nc_cat=109&ccb=1-7&_nc_sid=c53f8f&_nc_ohc=3ax6VA5TOpwQ7kNvwHk5yv1&_nc_oc=AdrimNcRGLFeIRmt64hKSmC1uqHEgXJe-pmUsC1VP1N5J-QTdYmB2iRn53Tv3IrA56g&_nc_zt=14&_nc_ht=scontent.flim31-1.fna&_nc_gid=LmpXEuHEII7opyMZSvGSgQ&_nc_ss=7f180&oh=00_AQINTWsSqu_p0QIdNo6fx40FMDoDX8mDFeiutqBpLZrwdw&oe=6AA3BF4A,,"['FACEBOOK', 'INSTAGRAM', 'AUDIENCE_NETWORK', 'MESSENGER', 'WHATSAPP', 'THREADS']",au,cw,facebook,social,2026-W36,2026-09,"FACEBOOK, INSTAGRAM, AUDIENCE_NETWORK, MESSENGER, WHATSAPP, THREADS",True,True,True,True,True,True,Brand/Category Page,True,False,False,2026-09-07,2026-07-23 07:00:00,2026-09-07 16:55:10.186478,46
1578799897303079,,True,2026-07-23 07:00:00,2026-09-06 07:00:00,Chemist Warehouse,Chemist Warehouse,{{product.name}},{{product.brand}},See details,DCO,https://www.chemistwarehouse.com.au/shop-online/1873/neutrogena?utm_source=facebook&utm_medium=social&utm_campaign=au_cw_oa_facebook_social_johnsonjohnsonpacific_neutrogena_665_jul25_100649-oa_video-image&utm_term=traffic&utm_content=video-image_video-image,www.chemistwarehouse.com.au,/shop-online/1873/neutrogena,facebook,social,au_cw_oa_facebook_social_johnsonjohnsonpacific_neutrogena_665_jul25_100649-oa_video-image,665,traffic,video-image_video-image,O&O,Johnsonjohnsonpacific,Neutrogena,jul25,video-image,"Stronger Collagen, Glowing Skin",Shop the NEW Neutrogena Collagen Bank 15% Vitamin C serum today at Chemist Warehouse,See Details,https://scontent.flim31-1.fna.fbcdn.net/v/t39.35426-6/751738249_2203498260504204_6740552997519968384_n.jpg?_nc_cat=111&ccb=1-7&_nc_sid=c53f8f&_nc_ohc=KCSkQ-Y4qYMQ7kNvwGBLjd4&_nc_oc=Adr23WJ0aUsGfYi-wsDSbOoc7ndEfYmdwClR3wWoIiN3_1YqTEO2lwqmj5QNqU7N2HQ&_nc_zt=14&_nc_ht=scontent.flim31-1.fna&_nc_gid=LmpXEuHEII7opyMZSvGSgQ&_nc_ss=7f180&oh=00_AQKQbnIsGQe9j4b8rkKYqZUS4FX1w7cX45wgw1-P_Im-gQ&oe=6AA3C76B,,"['FACEBOOK', 'INSTAGRAM', 'AUDIENCE_NETWORK', 'MESSENGER', 'WHATSAPP', 'THREADS']",au,cw,facebook,social,2026-W36,2026-09,"FACEBOOK, INSTAGRAM, AUDIENCE_NETWORK, MESSENGER, WHATSAPP, THREADS",True,True,True,True,True,True,Brand/Category Page,True,False,False,2026-09-07,2026-07-23 07:00:00,2026-09-07 16:55:10.186478,46
2564399060681785,1708592713676169,True,2026-07-16 07:00:00,2026-09-06 07:00:00,Chemist Warehouse,Chemist Warehouse,Start Winter Skin Right,"Cleanse, hydrate and prep your skin for the day with Sukin's winter hydration essentials.",Shop now,VIDEO,https://www.chemistwarehouse.com.au/shop-online/902/sukin?utm_source=facebook&utm_medium=social&utm_campaign=au_cw_oa_facebook_social_sukinaustraliaptyltd_sukin_665_jul26_100663-oa_video-image&utm_term=traffic&utm_content=video-image_,www.chemistwarehouse.com.au,/shop-online/902/sukin,facebook,social,au_cw_oa_facebook_social_sukinaustraliaptyltd_sukin_665_jul26_100663-oa_video-image,665,traffic,video-image_,O&O,Sukinaustraliaptyltd,Sukin,jul26,video-image,,,,,,"['FACEBOOK', 'INSTAGRAM', 'AUDIENCE_NETWORK', 'MESSENGER', 'WHATSAPP', 'THREADS']",au,cw,facebook,social,2026-W36,2026-09,"FACEBOOK, INSTAGRAM, AUDIENCE_NETWORK, MESSENGER, WHATSAPP, THREADS",True,True,True,True,True,True,Brand/Category Page,True,False,False,2026-09-07,2026-07-16 07:00:00,2026-09-07 16:55:10.186478,53
1342122837485887,1708592713676169,True,2026-07-16 07:00:00,2026-09-06 07:00:00,Chemist Warehouse,Chemist Warehouse,Start Winter Skin Right,"Cleanse, hydrate and prep your skin for the day with Sukin's winter hydration essentials.",Shop now,VIDEO,https://www.chemistwarehouse.com.au/shop-online/902/sukin?utm_source=facebook&utm_medium=social&utm_campaign=au_cw_oa_facebook_social_sukinaustraliaptyltd_sukin_665_jul26_100663-oa_video-image&utm_term=traffic&utm_content=video-image_,www.chemistwarehouse.com.au,/shop-online/902/sukin,facebook,social,au_cw_oa_facebook_social_sukinaustraliaptyltd_sukin_665_jul26_100663-oa_video-image,665,traffic,video-image_,O&O,Sukinaustraliaptyltd,Sukin,jul26,video-image,,,,,,"['FACEBOOK', 'INSTAGRAM', 'AUDIENCE_NETWORK', 'MESSENGER', 'WHATSAPP', 'THREADS']",au,cw,facebook,social,2026-W36,2026-09,"FACEBOOK, INSTAGRAM, AUDIENCE_NETWORK, MESSENGER, WHATSAPP, THREADS",True,True,True,True,True,True,Brand/Category Page,True,False,False,2026-09-07,2026-07-16 07:00:00,2026-09-07 16:55:10.186478,53
1735966594517703,4459034974409920,True,2026-07-17 07:00:00,2026-09-06 07:00:00,Chemist Warehouse,Chemist Warehouse,Start Winter Skin Right,"Cleanse, hydrate and prep your skin for the day with Sukin's winter hydration essentials.",Shop now,VIDEO,https://www.chemistwarehouse.com.au/shop-online/902/sukin?utm_source=facebook&utm_medium=social&utm_campaign=au_cw_oa_facebook_social_sukinaustraliaptyltd_sukin_665_jul26_100663-oa_video-image&utm_term=traffic&utm_content=video-image_,www.chemistwarehouse.com.au,/shop-online/902/sukin,facebook,social,au_cw_oa_facebook_social_sukinaustraliaptyltd_sukin_665_jul26_100663-oa_video-image,665,traffic,video-image_,O&O,Sukinaustraliaptyltd,Sukin,jul26,video-image,,,,,,"['FACEBOOK', 'INSTAGRAM', 'AUDIENCE_NETWORK', 'MESSENGER', 'WHATSAPP', 'THREADS']",au,cw,facebook,social,2026-W36,2026-09,"FACEBOOK, INSTAGRAM, AUDIENCE_NETWORK, MESSENGER, WHATSAPP, THREADS",True,True,True,True,True,True,Brand/Category Page,True,False,False,2026-09-07,2026-07-17 07:00:00,2026-09-07 16:55:10.186478,52
1041531658356347,4459034974409920,True,2026-07-16 07:00:00,2026-09-06 07:00:00,Chemist Warehouse,Chemist Warehouse,Start Winter Skin Right,"Cleanse, hydrate and prep your skin for the day with Sukin's winter hydration essentials.",Shop now,VIDEO,https://www.chemistwarehouse.com.au/shop-online/902/sukin?utm_source=facebook&utm_medium=social&utm_campaign=au_cw_oa_facebook_social_sukinaustraliaptyltd_sukin_665_jul26_100663-oa_video-image&utm_term=traffic&utm_content=video-image_,www.chemistwarehouse.com.au,/shop-online/902/sukin,facebook,social,au_cw_oa_facebook_social_sukinaustraliaptyltd_sukin_665_jul26_100663-oa_video-image,665,traffic,video-image_,O&O,Sukinaustraliaptyltd,Sukin,jul26,video-image,,,,,,"['FACEBOOK', 'INSTAGRAM', 'AUDIENCE_NETWORK', 'MESSENGER', 'WHATSAPP', 'THREADS']",au,cw,facebook,social,2026-W36,2026-09,"FACEBOOK, INSTAGRAM, AUDIENCE_NETWORK, MESSENGER, WHATSAPP, THREADS",True,True,True,True,True,True,Brand/Category Page,True,False,False,2026-09-07,2026-07-16 07:00:00,2026-09-07 16:55:10.186478,53
1745408053310807,1063380732781139,True,2026-07-16 07:00:00,2026-09-06 07:00:00,Chemist Warehouse,Chemist Warehouse,Winter Hydration On-The-Go,Keep your skincare routine close with Sukin's travel-friendly hydration heroes.,Shop now,VIDEO,https://www.chemistwarehouse.com.au/shop-online/902/sukin?utm_source=facebook&utm_medium=social&utm_campaign=au_cw_oa_facebook_social_sukinaustraliaptyltd_sukin_665_jul26_100663-oa_video-image&utm_term=traffic&utm_content=video-image_,www.chemistwarehouse.com.au,/shop-online/902/sukin,facebook,social,au_cw_oa_facebook_social_sukinaustraliaptyltd_sukin_665_jul26_100663-oa_video-image,665,traffic,video-image_,O&O,Sukinaustraliaptyltd,Sukin,jul26,video-image,,,,,,"['FACEBOOK', 'INSTAGRAM', 'AUDIENCE_NETWORK', 'MESSENGER', 'WHATSAPP', 'THREADS']",au,cw,facebook,social,2026-W36,2026-09,"FACEBOOK, INSTAGRAM, AUDIENCE_NETWORK, MESSENGER, WHATSAPP, THREADS",True,True,True,True,True,True,Brand/Category Page,True,False,False,2026-09-07,2026-07-16 07:00:00,2026-09-07 16:55:10.186478,53
27167308646285405,1945078356207013,True,2026-07-17 07:00:00,2026-09-05 07:00:00,Chemist Warehouse,Chemist Warehouse,Restore Skin Overnight,Replenish moisture and support your skin barrier while you sleep.,Shop now,VIDEO,https://www.chemistwarehouse.com.au/shop-online/902/sukin?utm_source=facebook&utm_medium=social&utm_campaign=au_cw_oa_facebook_social_sukinaustraliaptyltd_sukin_665_jul26_100663-oa_video-image&utm_term=traffic&utm_content=video-image_,www.chemistwarehouse.com.au,/shop-online/902/sukin,facebook,social,au_cw_oa_facebook_social_sukinaustraliaptyltd_sukin_665_jul26_100663-oa_video-image,665,traffic,video-image_,O&O,Sukinaustraliaptyltd,Sukin,jul26,video-image,,,,,,"['FACEBOOK', 'INSTAGRAM', 'AUDIENCE_NETWORK', 'MESSENGER', 'WHATSAPP', 'THREADS']",au,cw,facebook,social,2026-W36,2026-09,"FACEBOOK, INSTAGRAM, AUDIENCE_NETWORK, MESSENGER, WHATSAPP, THREADS",True,True,True,True,True,True,Brand/Category Page,True,False,False,2026-09-07,2026-07-17 07:00:00,2026-09-07 16:55:10.186478,52
1331565192441091,1338011748505755,True,2026-07-15 07:00:00,2026-09-06 07:00:00,Chemist Warehouse,Chemist Warehouse,{{product.name}},{{product.brand}},Shop now,DCO,https://www.chemistwarehouse.com.au/shop-online/1951/clearblue-pregnancy-tests?&utm_source=facebook&utm_medium=social&utm_campaign=au_cw_coop_facebook_social_proctergambleaustralia_clearblue_20_2026_100078-bau_video-image&utm_term=traffic&utm_content=video-image_all,www.chemistwarehouse.com.au,/shop-online/1951/clearblue-pregnancy-tests,facebook,social,au_cw_coop_facebook_social_proctergambleaustralia_clearblue_20_2026_100078-bau_video-image,20,traffic,video-image_all,Coop,Proctergambleaustralia,Clearblue,2026,video-image,Clearblue Ovulation Tests,Trying for a Baby? Identify Your Most Fertile Days With Accuracy,Shop Now,https://scontent.flim31-1.fna.fbcdn.net/v/t39.35426-6/748704848_2088568768706582_5135564670848549281_n.jpg?_nc_cat=100&ccb=1-7&_nc_sid=c53f8f&_nc_ohc=AlUAoZ8poR0Q7kNvwE5dLhx&_nc_oc=Ado6LM62jqus_1eP_B1zWNPbgqOgICEmjEilYkyY0uhH3HZGkQDaH2Sb1CCav1yLQhE&_nc_zt=14&_nc_ht=scontent.flim31-1.fna&_nc_gid=u0ur3Ib6My_ToqYL9WxOKQ&_nc_ss=7f180&oh=00_AQIp8w69S8Dk0wJobTyUkFIkDoVqhQj7fvPUytVvVeLnlQ&oe=6AA3B1EA,,"['FACEBOOK', 'INSTAGRAM', 'AUDIENCE_NETWORK', 'MESSENGER', 'WHATSAPP', 'THREADS']",au,cw,facebook,social,2026-W36,2026-09,"FACEBOOK, INSTAGRAM, AUDIENCE_NETWORK, MESSENGER, WHATSAPP, THREADS",True,True,True,True,True,True,Brand/Category Page,True,False,False,2026-09-07,2026-07-15 07:00:00,2026-09-07 16:55:10.186478,54
2018892698993084,1036470029132889,True,2026-08-01 07:00:00,2026-09-06 07:00:00,Chemist Warehouse,Chemist Warehouse,{{product.name}},{{product.brand}},Shop now,DCO,https://www.chemistwarehouse.com.au/shop-online/1908/schick-womens-shavers-blades?&utm_source=facebook&utm_medium=social&utm_campaign=au_cw_coop_facebook_social_edgewellpersonalcareaustralia_schickwomens_259_2026_100011-bau_video-image&utm_term=traffic&utm_content=video-image_all,www.chemistwarehouse.com.au,/shop-online/1908/schick-womens-shavers-blades,facebook,social,au_cw_coop_facebook_social_edgewellpersonalcareaustralia_schickwomens_259_2026_100011-bau_video-image,259,traffic,video-image_all,Coop,Edgewellpersonalcareaustralia,Schickwomens,2026,video-image,Your Chance to Win 10k!,Buy any 2 Schick Women's and/or Billie products for your chance to win $10k OR a $50 voucher for the Iconic. Shop now at Chemist Warehouse!,Shop Now,https://scontent.flim31-1.fna.fbcdn.net/v/t39.35426-6/747062862_2229450464476073_2987619277448308251_n.jpg?_nc_cat=100&ccb=1-7&_nc_sid=c53f8f&_nc_ohc=NyYip8ltMa0Q7kNvwHQIa9x&_nc_oc=AdqCwWZtawxBjvfDGzE_6ocXtZWz4U4OiUeeLFFduDUZjfGVaAqfGLMP8q0Gpn0P4_8&_nc_zt=14&_nc_ht=scontent.flim31-1.fna&_nc_gid=u0ur3Ib6My_ToqYL9WxOKQ&_nc_ss=7f180&oh=00_AQI87gw5gtZGUZbelXe6h41trOuc2kl_9mnze8gagaGGPg&oe=6AA3AAF8,,"['FACEBOOK', 'INSTAGRAM', 'AUDIENCE_NETWORK', 'MESSENGER', 'THREADS']",au,cw,facebook,social,2026-W36,2026-09,"FACEBOOK, INSTAGRAM, AUDIENCE_NETWORK, MESSENGER, THREADS",True,True,True,True,True,False,Brand/Category Page,True,False,False,2026-09-07,2026-08-01 07:00:00,2026-09-07 16:55:10.186478,37
2010985632854931,1291262759480178,True,2026-07-09 07:00:00,2026-09-06 07:00:00,Chemist Warehouse,Chemist Warehouse,{{product.name}},{{product.brand}},Shop now,DCO,https://www.chemistwarehouse.com.au/shop-online/7229/loreal-professionnel?utm_source=facebook&utm_medium=social&utm_campaign=au_cw_coop_facebook_social_lorealprofessional_lorealprofessionnel_129_2026_bau_dynamic&utm_term=traffic&utm_content=dynamic_instore,www.chemistwarehouse.com.au,/shop-online/7229/loreal-professionnel,facebook,social,au_cw_coop_facebook_social_lorealprofessional_lorealprofessionnel_129_2026_bau_dynamic,129,traffic,dynamic_instore,Coop,Lorealprofessional,Lorealprofessionnel,2026,dynamic,NEW Keratin Alpha Sleek,Shop L’Oréal Professionnel Keratin Alpha Sleek at Chemist Warehouse,Shop Now,,https://video.flim31-1.fna.fbcdn.net/o1/v/t2/f2/m366/AQPau6DFPIFAZUlikV_IoN5-4VDxfqPfnqUxaWkOaqiHAONgsYfwVHMGu8VWP1l5PB3lj2utr6xohoryQ6aEDxExcsxzRFSKMISsBpBScTzN_A.mp4?_nc_cat=100&_nc_oc=AdpWdjHMenzw6owCsOEeIuuu1UP9Cd97CCmLjI_V4T5fNI5O3DJ1b6CTqkGrv4Lesl8&_nc_sid=b66105&_nc_ht=video.flim31-1.fna.fbcdn.net&_nc_ohc=q6CNfTszUfYQ7kNvwGCGhEk&efg=eyJ2ZW5jb2RlX3RhZyI6Inhwdl9wcm9ncmVzc2l2ZS5WSV9VU0VDQVNFX1BST0RVQ1RfVFlQRS4uQzMuNzIwLmRhc2hfaDI2NC1iYXNpYy1nZW4yXzcyMHAiLCJ4cHZfYXNzZXRfaWQiOjIzMzM2ODk2MDM4MjkzODYsImFzc2V0X2FnZV9kYXlzIjo1OCwidmlfdXNlY2FzZV9pZCI6MTA3OTksImR1cmF0aW9uX3MiOjUxLCJ1cmxnZW5fc291cmNlIjoid3d3In0%3D&ccb=17-1&vs=cf8bb2d973d2d494&_nc_vs=HBksFQIYRWZiX2VwaGVtZXJhbC9CNzRGN0ZCRkRCRDYxMkM4OTk0Qjk4MzgwNjcwRDY5NV9tdF8xX3ZpZGVvX2Rhc2hpbml0Lm1wNBUAAsgBEgAVAhhAZmJfcGVybWFuZW50LzQ0NDlERDMxM0VFM0UwNjUwMDE5RDEzQ0MwMTAyQkIxX2F1ZGlvX2Rhc2hpbml0Lm1wNBUCAsgBEgAoABgAGwKIB3VzZV9vaWwBMRJwcm9ncmVzc2l2ZV9yZWNpcGUBMRUAACaUutG9zp6lCBUCKAJDMywXQEnu2RaHKwIYGWRhc2hfaDI2NC1iYXNpYy1nZW4yXzcyMHARAHUAZd6oAQA&_nc_gid=u0ur3Ib6My_ToqYL9WxOKQ&_nc_ss=7f180&_nc_zt=28&oh=00_AQIdRCR1qVy2kajeQG05ohPIA5q7dl-mgfMLh-_d_K407Q&oe=6AA3CB10,"['FACEBOOK', 'INSTAGRAM', 'AUDIENCE_NETWORK', 'MESSENGER', 'THREADS']",au,cw,facebook,social,2026-W36,2026-09,"FACEBOOK, INSTAGRAM, AUDIENCE_NETWORK, MESSENGER, THREADS",True,True,True,True,True,False,Brand/Category Page,True,False,False,2026-09-07,2026-07-09 07:00:00,2026-09-07 16:55:10.186478,60
1089179210333647,,True,2026-07-23 07:00:00,2026-09-06 07:00:00,Chemist Warehouse,Chemist Warehouse,{{product.name}},{{product.brand}},See details,DCO,https://www.chemistwarehouse.com.au/shop-online/1873/neutrogena?utm_source=facebook&utm_medium=social&utm_campaign=au_cw_oa_facebook_social_johnsonjohnsonpacific_neutrogena_665_jul25_100649-oa_video-image&utm_term=traffic&utm_content=video-image_video-image,www.chemistwarehouse.com.au,/shop-online/1873/neutrogena,facebook,social,au_cw_oa_facebook_social_johnsonjohnsonpacific_neutrogena_665_jul25_100649-oa_video-image,665,traffic,video-image_video-image,O&O,Johnsonjohnsonpacific,Neutrogena,jul25,video-image,"Stronger Collagen, Glowing Skin",Shop the NEW Neutrogena Collagen Bank 15% Vitamin C serum today at Chemist Warehouse,See Details,https://scontent.flim31-1.fna.fbcdn.net/v/t39.35426-6/753282369_1744592463250319_2113903896625104523_n.jpg?_nc_cat=109&ccb=1-7&_nc_sid=c53f8f&_nc_ohc=3ax6VA5TOpwQ7kNvwHk5yv1&_nc_oc=AdrimNcRGLFeIRmt64hKSmC1uqHEgXJe-pmUsC1VP1N5J-QTdYmB2iRn53Tv3IrA56g&_nc_zt=14&_nc_ht=scontent.flim31-1.fna&_nc_gid=LmpXEuHEII7opyMZSvGSgQ&_nc_ss=7f180&oh=00_AQINTWsSqu_p0QIdNo6fx40FMDoDX8mDFeiutqBpLZrwdw&oe=6AA3BF4A,,"['FACEBOOK', 'INSTAGRAM', 'AUDIENCE_NETWORK', 'MESSENGER', 'WHATSAPP', 'THREADS']",au,cw,facebook,social,2026-W36,2026-09,"FACEBOOK, INSTAGRAM, AUDIENCE_NETWORK, MESSENGER, WHATSAPP, THREADS",True,True,True,True,True,True,Brand/Category Page,True,False,False,2026-09-07,2026-07-23 07:00:00,2026-09-07 16:55:10.186478,46
2052924908630755,983277238038497,True,2026-07-07 07:00:00,2026-09-06 07:00:00,Chemist Warehouse,Chemist Warehouse,Take your skincare mile high,The latest MCoBeauty arrivals! 💦 Hydration essentials for skin on the move.,Shop now,VIDEO,https://www.chemistwarehouse.com.au/shop-online/5644/mcobeauty-cosmetics?utm_source=facebook&utm_medium=social&utm_campaign=au_cw_coop_facebook_social_mcobeautyptyltd_mcobeauty_648_2026_100097-bau_video-image&utm_term=traffic&utm_content=video-image_generic,www.chemistwarehouse.com.au,/shop-online/5644/mcobeauty-cosmetics,facebook,social,au_cw_coop_facebook_social_mcobeautyptyltd_mcobeauty_648_2026_100097-bau_video-image,648,traffic,video-image_generic,Coop,Mcobeautyptyltd,Mcobeauty,2026,video-image,,,,,,"['FACEBOOK', 'INSTAGRAM', 'AUDIENCE_NETWORK', 'MESSENGER', 'WHATSAPP', 'THREADS']",au,cw,facebook,social,2026-W36,2026-09,"FACEBOOK, INSTAGRAM, AUDIENCE_NETWORK, MESSENGER, WHATSAPP, THREADS",True,True,True,True,True,True,Brand/Category Page,True,False,False,2026-09-07,2026-07-07 07:00:00,2026-09-07 16:55:10.186478,62
994274616754222,,True,2026-07-08 07:00:00,2026-09-05 07:00:00,Chemist Warehouse,Chemist Warehouse,Strength in Every Drop,"Arnica powered, so you can keep on going. That's the Brauer promise.",Learn more,IMAGE,https://fb.com/canvas_doc/968934032313613,fb.com,/canvas_doc/968934032313613,,,,,,,Not Specified,,,,,,,,,,"['FACEBOOK', 'INSTAGRAM', 'THREADS']",,,,,2026-W36,2026-09,"FACEBOOK, INSTAGRAM, THREADS",True,True,False,False,True,False,Internal/App Page,True,False,False,2026-09-07,2026-07-08 07:00:00,2026-09-07 16:55:10.186478,61
2837808323278254,1560501802311150,True,2026-07-07 07:00:00,2026-09-06 07:00:00,Chemist Warehouse,Chemist Warehouse,Take your skincare mile high,The latest MCoBeauty arrivals! 💦 Hydration essentials for skin on the move. Shop now at Chemist Warehous,Shop now,VIDEO,https://www.chemistwarehouse.com.au/shop-online/5644/mcobeauty-cosmetics?utm_source=facebook&utm_medium=social&utm_campaign=au_cw_coop_facebook_social_mcobeautyptyltd_mcobeauty_648_2026_100097-bau_video-image&utm_term=traffic&utm_content=video-image_generic,www.chemistwarehouse.com.au,/shop-online/5644/mcobeauty-cosmetics,facebook,social,au_cw_coop_facebook_social_mcobeautyptyltd_mcobeauty_648_2026_100097-bau_video-image,648,traffic,video-image_generic,Coop,Mcobeautyptyltd,Mcobeauty,2026,video-image,,,,,,"['FACEBOOK', 'INSTAGRAM', 'AUDIENCE_NETWORK', 'MESSENGER', 'WHATSAPP', 'THREADS']",au,cw,facebook,social,2026-W36,2026-09,"FACEBOOK, INSTAGRAM, AUDIENCE_NETWORK, MESSENGER, WHATSAPP, THREADS",True,True,True,True,True,True,Brand/Category Page,True,False,False,2026-09-07,2026-07-07 07:00:00,2026-09-07 16:55:10.186478,62
955109770880482,1036598725474810,True,2026-07-10 07:00:00,2026-08-26 07:00:00,Chemist Warehouse,Chemist Warehouse,Take your skincare mile high,The latest MCoBeauty arrivals! 💦 Hydration essentials for skin on the move. Shop now at Chemist Warehouse,Shop now,VIDEO,https://www.chemistwarehouse.com.au/shop-online/5644/mcobeauty-cosmetics?utm_source=facebook&utm_medium=social&utm_campaign=au_cw_coop_facebook_social_mcobeautyptyltd_mcobeauty_648_2026_100097-bau_video-image&utm_term=traffic&utm_content=video-image_generic,www.chemistwarehouse.com.au,/shop-online/5644/mcobeauty-cosmetics,facebook,social,au_cw_coop_facebook_social_mcobeautyptyltd_mcobeauty_648_2026_100097-bau_video-image,648,traffic,video-image_generic,Coop,Mcobeautyptyltd,Mcobeauty,2026,video-image,,,,,,"['FACEBOOK', 'INSTAGRAM', 'AUDIENCE_NETWORK', 'MESSENGER', 'WHATSAPP', 'THREADS']",au,cw,facebook,social,2026-W36,2026-09,"FACEBOOK, INSTAGRAM, AUDIENCE_NETWORK, MESSENGER, WHATSAPP, THREADS",True,True,True,True,True,True,Brand/Category Page,True,True,False,2026-09-07,2026-07-10 07:00:00,2026-09-07 16:55:10.186478,59
1329076829372567,1945078356207013,True,2026-07-16 07:00:00,2026-09-06 07:00:00,Chemist Warehouse,Chemist Warehouse,Restore Skin Overnight,Replenish moisture and support your skin barrier while you sleep.,Shop now,VIDEO,https://www.chemistwarehouse.com.au/shop-online/902/sukin?utm_source=facebook&utm_medium=social&utm_campaign=au_cw_oa_facebook_social_sukinaustraliaptyltd_sukin_665_jul26_100663-oa_video-image&utm_term=traffic&utm_content=video-image_,www.chemistwarehouse.com.au,/shop-online/902/sukin,facebook,social,au_cw_oa_facebook_social_sukinaustraliaptyltd_sukin_665_jul26_100663-oa_video-image,665,traffic,video-image_,O&O,Sukinaustraliaptyltd,Sukin,jul26,video-image,,,,,,"['FACEBOOK', 'INSTAGRAM', 'AUDIENCE_NETWORK', 'MESSENGER', 'WHATSAPP', 'THREADS']",au,cw,facebook,social,2026-W36,2026-09,"FACEBOOK, INSTAGRAM, AUDIENCE_NETWORK, MESSENGER, WHATSAPP, THREADS",True,True,True,True,True,True,Brand/Category Page,True,False,False,2026-09-07,2026-07-16 07:00:00,2026-09-07 16:55:10.186478,53
4454905424828770,1074696681513498,True,2026-07-16 07:00:00,2026-09-06 07:00:00,Chemist Warehouse,Chemist Warehouse,Shop Swisse today,Shop Swisse on Vitamins and supplements online at Chemist Warehouse and enjoy huge discounts across the range.,Shop now,VIDEO,https://fb.com/canvas_doc/1404258707626389,fb.com,/canvas_doc/1404258707626389,,,,,,,Not Specified,,,,,,,,,,"['FACEBOOK', 'INSTAGRAM', 'AUDIENCE_NETWORK', 'MESSENGER', 'THREADS']",,,,,2026-W36,2026-09,"FACEBOOK, INSTAGRAM, AUDIENCE_NETWORK, MESSENGER, THREADS",True,True,True,True,True,False,Internal/App Page,True,True,False,2026-09-07,2026-07-16 07:00:00,2026-09-07 16:55:10.186478,53
2176581836456210,1063380732781139,True,2026-07-16 07:00:00,2026-09-06 07:00:00,Chemist Warehouse,Chemist Warehouse,Winter Hydration On-The-Go,Keep your skincare routine close with Sukin's travel-friendly hydration heroes.,Shop now,VIDEO,https://www.chemistwarehouse.com.au/shop-online/902/sukin?utm_source=facebook&utm_medium=social&utm_campaign=au_cw_oa_facebook_social_sukinaustraliaptyltd_sukin_665_jul26_100663-oa_video-image&utm_term=traffic&utm_content=video-image_,www.chemistwarehouse.com.au,/shop-online/902/sukin,facebook,social,au_cw_oa_facebook_social_sukinaustraliaptyltd_sukin_665_jul26_100663-oa_video-image,665,traffic,video-image_,O&O,Sukinaustraliaptyltd,Sukin,jul26,video-image,,,,,,"['FACEBOOK', 'INSTAGRAM', 'AUDIENCE_NETWORK', 'MESSENGER', 'WHATSAPP', 'THREADS']",au,cw,facebook,social,2026-W36,2026-09,"FACEBOOK, INSTAGRAM, AUDIENCE_NETWORK, MESSENGER, WHATSAPP, THREADS",True,True,True,True,True,True,Brand/Category Page,True,False,False,2026-09-07,2026-07-16 07:00:00,2026-09-07 16:55:10.186478,53
1392289922804332,1691607935404649,True,2026-07-15 07:00:00,2026-09-06 07:00:00,Chemist Warehouse,Chemist Warehouse,{{product.name}},{{product.brand}},Shop now,DCO,https://www.chemistwarehouse.com.au/shop-online/1951/clearblue-pregnancy-tests?&utm_source=facebook&utm_medium=social&utm_campaign=au_cw_coop_facebook_social_proctergambleaustralia_clearblue_20_2026_100078-bau_video-image&utm_term=traffic&utm_content=video-image_all,www.chemistwarehouse.com.au,/shop-online/1951/clearblue-pregnancy-tests,facebook,social,au_cw_coop_facebook_social_proctergambleaustralia_clearblue_20_2026_100078-bau_video-image,20,traffic,video-image_all,Coop,Proctergambleaustralia,Clearblue,2026,video-image,Clearblue Ovulation Tests,Trying for a Baby? Identify Your Most Fertile Days With Accuracy,Shop Now,,https://video.flim31-1.fna.fbcdn.net/o1/v/t2/f2/m366/AQNLUCaUcYj8U051ZaVZ65TSZurjkyFmp3UlLUGgGb9aBqiTOe6Gfe2DQzRUcDcgFPTWKB5T2JSeIIKu0qp_G672Kpx1_jsxR-eyBcVoUtT1Og.mp4?_nc_cat=104&_nc_oc=AdpfGJSUgL22ETyAGGswhpSvNY5wnxCRZe_Du9x0GBW3rNg2myZf0oeHP7gpv7JharE&_nc_sid=b66105&_nc_ht=video.flim31-1.fna.fbcdn.net&_nc_ohc=JhfvYvo_LCEQ7kNvwFFBzPg&efg=eyJ2ZW5jb2RlX3RhZyI6Inhwdl9wcm9ncmVzc2l2ZS5WSV9VU0VDQVNFX1BST0RVQ1RfVFlQRS4uQzMuNzIwLmRhc2hfaDI2NC1iYXNpYy1nZW4yXzcyMHAiLCJ4cHZfYXNzZXRfaWQiOjE1NzYwNjY0NTA4NDE5NjEsImFzc2V0X2FnZV9kYXlzIjo1MywidmlfdXNlY2FzZV9pZCI6MTA3OTksImR1cmF0aW9uX3MiOjE1LCJ1cmxnZW5fc291cmNlIjoid3d3In0%3D&ccb=17-1&vs=f2ebc3cc13190cce&_nc_vs=HBksFQIYRWZiX2VwaGVtZXJhbC80QTQ1MzI5NEZBQjExQ0IwNDg4QTUzNTU3MkRGMzE5Rl9tdF8xX3ZpZGVvX2Rhc2hpbml0Lm1wNBUAAsgBEgAVAhhAZmJfcGVybWFuZW50L0EzNDA5OTQ1QzE4NDg1OUI3MTBCNzgzQ0JDQjc3RkE3X2F1ZGlvX2Rhc2hpbml0Lm1wNBUCAsgBEgAoABgAGwKIB3VzZV9vaWwBMRJwcm9ncmVzc2l2ZV9yZWNpcGUBMRUAACbShY-PktvMBRUCKAJDMywXQC4AAAAAAAAYGWRhc2hfaDI2NC1iYXNpYy1nZW4yXzcyMHARAHUAZd6oAQA&_nc_gid=u0ur3Ib6My_ToqYL9WxOKQ&_nc_ss=7f180&_nc_zt=28&oh=00_AQLbOJFSpXJryyaBiQ-kJeJDXgHztHiN5Fi9pAhPMVIi5w&oe=6AA3C528,"['FACEBOOK', 'INSTAGRAM', 'AUDIENCE_NETWORK', 'MESSENGER', 'WHATSAPP', 'THREADS']",au,cw,facebook,social,2026-W36,2026-09,"FACEBOOK, INSTAGRAM, AUDIENCE_NETWORK, MESSENGER, WHATSAPP, THREADS",True,True,True,True,True,True,Brand/Category Page,True,False,False,2026-09-07,2026-07-15 07:00:00,2026-09-07 16:55:10.186478,54
1052160810707867,,True,2026-07-02 07:00:00,2026-09-05 07:00:00,Chemist Warehouse,Chemist Warehouse,New Keratin Alpha Sleek,"New at Chemist Warehouse! Transform hair for 2 weeks of smooth, absolute frizz control.",Shop now,IMAGE,https://fb.com/canvas_doc/2120942381825181,fb.com,/canvas_doc/2120942381825181,,,,,,,Not Specified,,,,,,,,,,"['FACEBOOK', 'INSTAGRAM', 'AUDIENCE_NETWORK', 'MESSENGER', 'THREADS']",,,,,2026-W36,2026-09,"FACEBOOK, INSTAGRAM, AUDIENCE_NETWORK, MESSENGER, THREADS",True,True,True,True,True,False,Internal/App Page,True,True,False,2026-09-07,2026-07-02 07:00:00,2026-09-07 16:55:10.186478,67
1096214133098594,,True,2026-07-02 07:00:00,2026-09-05 07:00:00,Chemist Warehouse,Chemist Warehouse,Olive Leaf Immunce Defence,Olive Leaf Extract. Relieve the severity of common cold symptoms,Shop now,IMAGE,https://fb.com/canvas_doc/1582456080128001,fb.com,/canvas_doc/1582456080128001,,,,,,,Not Specified,,,,,,,,,,"['FACEBOOK', 'INSTAGRAM', 'AUDIENCE_NETWORK', 'MESSENGER', 'THREADS']",,,,,2026-W36,2026-09,"FACEBOOK, INSTAGRAM, AUDIENCE_NETWORK, MESSENGER, THREADS",True,True,True,True,True,False,Internal/App Page,True,False,False,2026-09-07,2026-07-02 07:00:00,2026-09-07 16:55:10.186478,67
1271296596056889,,True,2026-07-02 07:00:00,2026-09-06 07:00:00,Chemist Warehouse,Chemist Warehouse,Common Cold and the Good Leaf,Olive Leaf Extract. Traditionally used in Western herbal medicine to maintain/support immune system health.,Shop now,IMAGE,https://fb.com/canvas_doc/2077556452829671,fb.com,/canvas_doc/2077556452829671,,,,,,,Not Specified,,,,,,,,,,"['FACEBOOK', 'INSTAGRAM', 'AUDIENCE_NETWORK', 'MESSENGER', 'THREADS']",,,,,2026-W36,2026-09,"FACEBOOK, INSTAGRAM, AUDIENCE_NETWORK, MESSENGER, THREADS",True,True,True,True,True,False,Internal/App Page,True,False,False,2026-09-07,2026-07-02 07:00:00,2026-09-07 16:55:10.186478,67
4521483871435016,1316178387333651,True,2026-07-01 07:00:00,2026-09-05 07:00:00,Chemist Warehouse,Chemist Warehouse,Common Cold and the Good Leaf,Olive Leaf Extract. Relieve the severity of common cold symptoms,Shop now,VIDEO,https://fb.com/canvas_doc/2496157234199330,fb.com,/canvas_doc/2496157234199330,,,,,,,Not Specified,,,,,,,,,,"['FACEBOOK', 'INSTAGRAM', 'AUDIENCE_NETWORK', 'MESSENGER', 'THREADS']",,,,,2026-W36,2026-09,"FACEBOOK, INSTAGRAM, AUDIENCE_NETWORK, MESSENGER, THREADS",True,True,True,True,True,False,Internal/App Page,True,False,False,2026-09-07,2026-07-01 07:00:00,2026-09-07 16:55:10.186478,68
1329317258826278,2068859650372562,True,2026-07-01 07:00:00,2026-09-05 07:00:00,Chemist Warehouse,Chemist Warehouse,Common Cold and the Good Leaf,Olive Leaf Extract. Relieve the severity of common cold symptoms,Shop now,VIDEO,https://fb.com/canvas_doc/1352857712939934,fb.com,/canvas_doc/1352857712939934,,,,,,,Not Specified,,,,,,,,,,"['FACEBOOK', 'INSTAGRAM', 'AUDIENCE_NETWORK', 'MESSENGER', 'THREADS']",,,,,2026-W36,2026-09,"FACEBOOK, INSTAGRAM, AUDIENCE_NETWORK, MESSENGER, THREADS",True,True,True,True,True,False,Internal/App Page,True,False,False,2026-09-07,2026-07-01 07:00:00,2026-09-07 16:55:10.186478,68
4048312082132604,1632543024470889,True,2026-07-01 07:00:00,2026-09-03 07:00:00,Chemist Warehouse,Chemist Warehouse,{{product.name}},{{product.brand}},Shop now,DCO,https://www.chemistwarehouse.com.au/buy/147521/carusos-probiotic-vaginal-care-60-capsules?utm_source=facebook&utm_medium=social&utm_campaign=au_cw_coop_facebook_social_carusosnaturalhealth_carusos_81_2026_100096-bau_video-image&utm_term=traffic&utm_content=video-image_,www.chemistwarehouse.com.au,/buy/147521/carusos-probiotic-vaginal-care-60-capsules,facebook,social,au_cw_coop_facebook_social_carusosnaturalhealth_carusos_81_2026_100096-bau_video-image,81,traffic,video-image_,Coop,Carusosnaturalhealth,Carusos,2026,video-image,"5 Billion CFU, 3 Strains","Looking for ways to support your vaginal health?
Caruso’s Vaginal Care Probiotic supports vaginal health and helps support healthy vaginal pH while
also relieves abdominal bloating.",Shop Now,,https://video.flim31-1.fna.fbcdn.net/o1/v/t2/f2/m366/AQNu4YcAUQ1f1Yc8bHVNJWYWJCQrHz0c0rdMKtgNHFwimqc6WkZg0ilpjcseBNIrHlERZ8w1YufUErC1hkZ_CuPkCJh-ytOKhisN6-MYoKzbUw.mp4?_nc_cat=107&_nc_oc=Adp8eeqo3_Engi4PTnjcBGr0xcibQGarnEdw0NATyNvE3MnR-KuGFHUJlAxMtH6EvUo&_nc_sid=b66105&_nc_ht=video.flim31-1.fna.fbcdn.net&_nc_ohc=97g9CVOHjrkQ7kNvwESYXTT&efg=eyJ2ZW5jb2RlX3RhZyI6Inhwdl9wcm9ncmVzc2l2ZS5WSV9VU0VDQVNFX1BST0RVQ1RfVFlQRS4uQzMuNzIwLmRhc2hfaDI2NC1iYXNpYy1nZW4yXzcyMHAiLCJ4cHZfYXNzZXRfaWQiOjE1Nzc5NTQ4NTA1NjQ1NTEsImFzc2V0X2FnZV9kYXlzIjo4MCwidmlfdXNlY2FzZV9pZCI6MTA3OTksImR1cmF0aW9uX3MiOjE1LCJ1cmxnZW5fc291cmNlIjoid3d3In0%3D&ccb=17-1&vs=1926bd53517a55b2&_nc_vs=HBksFQIYRWZiX2VwaGVtZXJhbC81NjRBNkU0NUUyMkM0QUZBNTY2RkU2Q0I0N0RFQjZCNF9tdF8xX3ZpZGVvX2Rhc2hpbml0Lm1wNBUAAsgBEgAVAhhAZmJfcGVybWFuZW50LzQ1NDBBMDY0OTExRjRDQjkzRTJFM0M0OTY5MjYxRjkxX2F1ZGlvX2Rhc2hpbml0Lm1wNBUCAsgBEgAoABgAGwKIB3VzZV9vaWwBMRJwcm9ncmVzc2l2ZV9yZWNpcGUBMRUAACaOp7flh8nNBRUCKAJDMywXQC4AAAAAAAAYGWRhc2hfaDI2NC1iYXNpYy1nZW4yXzcyMHARAHUAZd6oAQA&_nc_gid=dl0NajUgYOM3QgBh4HOBAg&_nc_ss=7f180&_nc_zt=28&oh=00_AQJbBiFHqMoSfqY4-DZWEYaxsN6ZENEAmtlt_BCKpduG_w&oe=6AA3B58D,"['FACEBOOK', 'INSTAGRAM', 'AUDIENCE_NETWORK', 'MESSENGER', 'WHATSAPP', 'THREADS']",au,cw,facebook,social,2026-W36,2026-09,"FACEBOOK, INSTAGRAM, AUDIENCE_NETWORK, MESSENGER, WHATSAPP, THREADS",True,True,True,True,True,True,SKU Product,True,False,False,2026-09-07,2026-07-01 07:00:00,2026-09-07 16:55:10.186478,68
1928048318581786,,True,2026-07-02 07:00:00,2026-09-06 07:00:00,Chemist Warehouse,Chemist Warehouse,New Keratin Alpha Sleek,"New at Chemist Warehouse! Transform hair for 2 weeks of smooth, absolute frizz control.",Shop now,IMAGE,https://fb.com/canvas_doc/1680973390115819,fb.com,/canvas_doc/1680973390115819,,,,,,,Not Specified,,,,,,,,,,"['FACEBOOK', 'INSTAGRAM', 'AUDIENCE_NETWORK', 'MESSENGER', 'THREADS']",,,,,2026-W36,2026-09,"FACEBOOK, INSTAGRAM, AUDIENCE_NETWORK, MESSENGER, THREADS",True,True,True,True,True,False,Internal/App Page,True,True,False,2026-09-07,2026-07-02 07:00:00,2026-09-07 16:55:10.186478,67
1035975682491849,1679425176629646,True,2026-06-30 07:00:00,2026-09-06 07:00:00,Chemist Warehouse,Chemist Warehouse,{{product.name}},{{product.brand}},Shop now,DCO,https://www.chemistwarehouse.com.au/buy/147521/carusos-probiotic-vaginal-care-60-capsules?utm_source=facebook&utm_medium=social&utm_campaign=au_cw_coop_facebook_social_carusosnaturalhealth_carusos_81_2026_100096-bau_video-image&utm_term=traffic&utm_content=video-image_,www.chemistwarehouse.com.au,/buy/147521/carusos-probiotic-vaginal-care-60-capsules,facebook,social,au_cw_coop_facebook_social_carusosnaturalhealth_carusos_81_2026_100096-bau_video-image,81,traffic,video-image_,Coop,Carusosnaturalhealth,Carusos,2026,video-image,"5 Billion CFU, 3 Strains","Looking for ways to support your vaginal health?
Caruso’s Vaginal Care Probiotic supports vaginal health and helps support healthy vaginal pH while
also relieves abdominal bloating.",Shop Now,,https://video.flim31-1.fna.fbcdn.net/o1/v/t2/f2/m366/AQNa5VV8R_io6k1dRF3zNi2IUnb7BnAG0EiUG9ZPVvCwzhZ-hA7xf_uzEB_A9ns-fh0WMkWcfgOtSmQKxk6fxFUb1TM-8itHBEr1aH2_3tVC_g.mp4?_nc_cat=107&_nc_oc=Adqh21RSK64ovEpwC7cOdmcvPSN5FqX4-GdWa1gdbfF2kelTPeCAMNK_XQHjMNu-i08&_nc_sid=b66105&_nc_ht=video.flim31-1.fna.fbcdn.net&_nc_ohc=PlwZKXjofPwQ7kNvwE11RLD&efg=eyJ2ZW5jb2RlX3RhZyI6Inhwdl9wcm9ncmVzc2l2ZS5WSV9VU0VDQVNFX1BST0RVQ1RfVFlQRS4uQzMuNzIwLmRhc2hfaDI2NC1iYXNpYy1nZW4yXzcyMHAiLCJ4cHZfYXNzZXRfaWQiOjE1NzgxNDk0NTczNjcwMjUsImFzc2V0X2FnZV9kYXlzIjo4MCwidmlfdXNlY2FzZV9pZCI6MTA3OTksImR1cmF0aW9uX3MiOjE1LCJ1cmxnZW5fc291cmNlIjoid3d3In0%3D&ccb=17-1&vs=b87fe6ea39627d26&_nc_vs=HBksFQIYRWZiX2VwaGVtZXJhbC8wNjQ3MDc1ODNCNTNFRDY0NjhBNUZCNDc0QzE1NURBRF9tdF8xX3ZpZGVvX2Rhc2hpbml0Lm1wNBUAAsgBEgAVAhhAZmJfcGVybWFuZW50LzIyNEZBMDgzRUFEODE1RkM3MTBFNEM4MDVDQTc1QzkxX2F1ZGlvX2Rhc2hpbml0Lm1wNBUCAsgBEgAoABgAGwKIB3VzZV9vaWwBMRJwcm9ncmVzc2l2ZV9yZWNpcGUBMRUAACbiv_jcsdTNBRUCKAJDMywXQC4AAAAAAAAYGWRhc2hfaDI2NC1iYXNpYy1nZW4yXzcyMHARAHUAZd6oAQA&_nc_gid=dl0NajUgYOM3QgBh4HOBAg&_nc_ss=7f180&_nc_zt=28&oh=00_AQJK58dQl-2EkBMznLl2RnzJtH2ycu9UlrlBmPDFqeWXpQ&oe=6AA3A0F5,"['FACEBOOK', 'INSTAGRAM', 'AUDIENCE_NETWORK', 'MESSENGER', 'WHATSAPP', 'THREADS']",au,cw,facebook,social,2026-W36,2026-09,"FACEBOOK, INSTAGRAM, AUDIENCE_NETWORK, MESSENGER, WHATSAPP, THREADS",True,True,True,True,True,True,SKU Product,True,False,False,2026-09-07,2026-06-30 07:00:00,2026-09-07 16:55:10.186478,69
1729855118208329,1638520854017577,True,2026-06-30 07:00:00,2026-09-06 07:00:00,Chemist Warehouse,Chemist Warehouse,{{product.name}},{{product.brand}},Shop now,DCO,https://www.chemistwarehouse.com.au/shop-online/559/skin-doctors?utm_source=facebook&utm_medium=social&utm_campaign=au_cw_coop_facebook_social_pharmacarelaboratories_skindoctors_665_2026_100283-bau_video-image&utm_term=traffic&utm_content=video-image_video-instore,www.chemistwarehouse.com.au,/shop-online/559/skin-doctors,facebook,social,au_cw_coop_facebook_social_pharmacarelaboratories_skindoctors_665_2026_100283-bau_video-image,665,traffic,video-image_video-instore,Coop,Pharmacarelaboratories,Skindoctors,2026,video-image,Skincare with real results.,"Meet the NEW and improved Skin Doctors lift range, targeted care for every zone. Shop now at Chemist Warehouse.",Shop Now,,https://video.flim31-1.fna.fbcdn.net/o1/v/t2/f2/m366/AQOru_Praf2FTB6IH9pCZ9-aBhokxuBc4yeHYizPL_YMSfDIy5omiejdk5zDHYcxk6A_5qZDOAd23zh7JdH1TU_3GD1QL0k27a3NYfJsK_E45g.mp4?_nc_cat=101&_nc_oc=AdpkDKUCglXtZ_QAL0sxoAAobBCYH8qcXasQHGdnngmnrIELnAqU-ly7qlIHZEVtNhg&_nc_sid=b66105&_nc_ht=video.flim31-1.fna.fbcdn.net&_nc_ohc=ek_uZQOLHrwQ7kNvwHZzqQz&efg=eyJ2ZW5jb2RlX3RhZyI6Inhwdl9wcm9ncmVzc2l2ZS5WSV9VU0VDQVNFX1BST0RVQ1RfVFlQRS4uQzMuNzIwLmRhc2hfaDI2NC1iYXNpYy1nZW4yXzcyMHAiLCJ4cHZfYXNzZXRfaWQiOjE4Njk4MjMzMjM1ODMzODAsImFzc2V0X2FnZV9kYXlzIjoxMzUsInZpX3VzZWNhc2VfaWQiOjEwNzk5LCJkdXJhdGlvbl9zIjozOSwidXJsZ2VuX3NvdXJjZSI6Ind3dyJ9&ccb=17-1&vs=6aa8a0f843e7d366&_nc_vs=HBksFQIYRWZiX2VwaGVtZXJhbC85RTRGMTcyODQ1ODNGREYxN0Q5NTE3NjZBNDdGNUVBRF9tdF8xX3ZpZGVvX2Rhc2hpbml0Lm1wNBUAAsgBEgAVAhhAZmJfcGVybWFuZW50LzZENEU3QUEwQTQxN0VBNjgwMDkwMUMwODFDQ0EzQ0I4X2F1ZGlvX2Rhc2hpbml0Lm1wNBUCAsgBEgAoABgAGwKIB3VzZV9vaWwBMRJwcm9ncmVzc2l2ZV9yZWNpcGUBMRUAACaozvWvhabSBhUCKAJDMywXQEPEOVgQYk4YGWRhc2hfaDI2NC1iYXNpYy1nZW4yXzcyMHARAHUAZd6oAQA&_nc_gid=dl0NajUgYOM3QgBh4HOBAg&_nc_ss=7f180&_nc_zt=28&oh=00_AQIjWL5aEBH0Nx-kmT2RJCE2ZuycYGpc-YxMc-IXkmeIEA&oe=6AA3A957,"['FACEBOOK', 'INSTAGRAM', 'THREADS']",au,cw,facebook,social,2026-W36,2026-09,"FACEBOOK, INSTAGRAM, THREADS",True,True,False,False,True,False,Brand/Category Page,True,False,False,2026-09-07,2026-06-30 07:00:00,2026-09-07 16:55:10.186478,69
1002030619414789,1347282007501347,True,2026-06-30 07:00:00,2026-09-06 07:00:00,Chemist Warehouse,Chemist Warehouse,{{product.name}},{{product.brand}},Learn more,DCO,https://www.chemistwarehouse.com.au/shop-online/559/skin-doctors?utm_source=facebook&utm_medium=social&utm_campaign=au_cw_coop_facebook_social_pharmacarelaboratories_skindoctors_665_2026_100283-bau_video-image&utm_term=traffic&utm_content=video-image_image-eyes,www.chemistwarehouse.com.au,/shop-online/559/skin-doctors,facebook,social,au_cw_coop_facebook_social_pharmacarelaboratories_skindoctors_665_2026_100283-bau_video-image,665,traffic,video-image_image-eyes,Coop,Pharmacarelaboratories,Skindoctors,2026,video-image,Skincare with real results.,"Skincare results that visibly renews, restores, & revitalises your skin.",Learn More,https://scontent.flim31-1.fna.fbcdn.net/v/t39.35426-6/735456824_1823713382325623_2068648740364693712_n.jpg?_nc_cat=109&ccb=1-7&_nc_sid=c53f8f&_nc_ohc=KRavcaqz3G4Q7kNvwHbPpTM&_nc_oc=AdrFqFgwFWOvH_4fn37NMzcBOMd5ePCRCrV-SnvcBZK84Jq38LKzR1Ir8wqnCD86ok0&_nc_zt=14&_nc_ht=scontent.flim31-1.fna&_nc_gid=dl0NajUgYOM3QgBh4HOBAg&_nc_ss=7f180&oh=00_AQIfU4HaMVlvAKhMmRihTMMfqX_oIF3Kdjuz6PdDpSS4RA&oe=6AA3A303,,"['FACEBOOK', 'INSTAGRAM', 'THREADS']",au,cw,facebook,social,2026-W36,2026-09,"FACEBOOK, INSTAGRAM, THREADS",True,True,False,False,True,False,Brand/Category Page,True,False,False,2026-09-07,2026-06-30 07:00:00,2026-09-07 16:55:10.186478,69
1552285486498065,,True,2026-06-30 07:00:00,2026-09-06 07:00:00,Chemist Warehouse,Chemist Warehouse,{{product.name}},{{product.brand}},Shop now,DCO,https://www.chemistwarehouse.com.au/shop-online/5571/john-frieda?utm_source=facebook&utm_medium=social&utm_campaign=au_cw_coop_facebook_social_kaoaustraliaptylimited_johnfrieda_129_2026_100152-bau_video-image&utm_term=traffic&utm_content=video-image_,www.chemistwarehouse.com.au,/shop-online/5571/john-frieda,facebook,social,au_cw_coop_facebook_social_kaoaustraliaptylimited_johnfrieda_129_2026_100152-bau_video-image,129,traffic,video-image_,Coop,Kaoaustraliaptylimited,Johnfrieda,2026,video-image,"Good Before, Incredible After ","The icon just got more
iconic. New look, elevated packaging,
same obsession with hair.",Shop Now,https://scontent.flim31-1.fna.fbcdn.net/v/t39.35426-6/725767647_1352745230144708_3692578185201384386_n.jpg?_nc_cat=101&ccb=1-7&_nc_sid=c53f8f&_nc_ohc=JZ4BwrfnFswQ7kNvwHwclwG&_nc_oc=AdrBUBgaYloX-wHoDTs3TjF6rpx4pInUGahdeN6DqRWmi7pSjqVzBd6DsyHnfdxCNrg&_nc_zt=14&_nc_ht=scontent.flim31-1.fna&_nc_gid=dl0NajUgYOM3QgBh4HOBAg&_nc_ss=7f180&oh=00_AQKCyWdGJKDzVdNMBK-er6rQbD5QCrcdOaey58xCPFFWyg&oe=6AA3C552,,"['FACEBOOK', 'INSTAGRAM', 'AUDIENCE_NETWORK', 'MESSENGER', 'WHATSAPP', 'THREADS']",au,cw,facebook,social,2026-W36,2026-09,"FACEBOOK, INSTAGRAM, AUDIENCE_NETWORK, MESSENGER, WHATSAPP, THREADS",True,True,True,True,True,True,Brand/Category Page,True,False,False,2026-09-07,2026-06-30 07:00:00,2026-09-07 16:55:10.186478,69
1507860287382442,,True,2026-06-30 07:00:00,2026-09-06 07:00:00,Chemist Warehouse,Chemist Warehouse,{{product.name}},{{product.brand}},Shop now,DCO,https://www.chemistwarehouse.com.au/shop-online/5571/john-frieda?utm_source=facebook&utm_medium=social&utm_campaign=au_cw_coop_facebook_social_kaoaustraliaptylimited_johnfrieda_129_2026_100152-bau_video-image&utm_term=traffic&utm_content=video-image_,www.chemistwarehouse.com.au,/shop-online/5571/john-frieda,facebook,social,au_cw_coop_facebook_social_kaoaustraliaptylimited_johnfrieda_129_2026_100152-bau_video-image,129,traffic,video-image_,Coop,Kaoaustraliaptylimited,Johnfrieda,2026,video-image,"Good Before, Incredible After ","The icon just got more
iconic. New look, elevated packaging,
same obsession with hair.",Shop Now,https://scontent.flim31-1.fna.fbcdn.net/v/t39.35426-6/726411631_4319864348267048_3754158037486867813_n.jpg?_nc_cat=108&ccb=1-7&_nc_sid=c53f8f&_nc_ohc=s47VR8aY05sQ7kNvwEteEP_&_nc_oc=AdpnHGR_mrGMphh21lj0ahZeKztmB4wJCHoVM85IppHNbfYDwaBh0HkFgnGp7AEzv7Q&_nc_zt=14&_nc_ht=scontent.flim31-1.fna&_nc_gid=dl0NajUgYOM3QgBh4HOBAg&_nc_ss=7f180&oh=00_AQIPlJUXagOQhRkIDW7CG74kv9CmCBrBEL_6AjpvOd1oFA&oe=6AA3B899,,"['FACEBOOK', 'INSTAGRAM', 'AUDIENCE_NETWORK', 'MESSENGER', 'WHATSAPP', 'THREADS']",au,cw,facebook,social,2026-W36,2026-09,"FACEBOOK, INSTAGRAM, AUDIENCE_NETWORK, MESSENGER, WHATSAPP, THREADS",True,True,True,True,True,True,Brand/Category Page,True,False,False,2026-09-07,2026-06-30 07:00:00,2026-09-07 16:55:10.186478,69
2210485349745818,,True,2026-06-30 07:00:00,2026-09-06 07:00:00,Chemist Warehouse,Chemist Warehouse,Premium hair colour without the premium price,"Get salon-quality results at home with Vitality Colour. Affordable, effective and available at Chemist Warehouse!",Shop now,IMAGE,https://fb.com/canvas_doc/1315003574096099,fb.com,/canvas_doc/1315003574096099,,,,,,,Not Specified,,,,,,,,,,"['FACEBOOK', 'INSTAGRAM']",,,,,2026-W36,2026-09,"FACEBOOK, INSTAGRAM",True,True,False,False,False,False,Internal/App Page,True,True,False,2026-09-07,2026-06-30 07:00:00,2026-09-07 16:55:10.186478,69
2547681705705413,,True,2026-06-30 07:00:00,2026-09-06 07:00:00,Chemist Warehouse,Chemist Warehouse,Colour your hair at home with Vitalitys,"For vibrant, long-lasting professional hair colour at home reach for Vitality's Art Absolute Professional hair colour range",See details,IMAGE,https://fb.com/canvas_doc/1636967140736065,fb.com,/canvas_doc/1636967140736065,,,,,,,Not Specified,,,,,,,,,,"['FACEBOOK', 'INSTAGRAM']",,,,,2026-W36,2026-09,"FACEBOOK, INSTAGRAM",True,True,False,False,False,False,Internal/App Page,True,False,False,2026-09-07,2026-06-30 07:00:00,2026-09-07 16:55:10.186478,69
1340880134141669,1535663554716920,True,2026-06-30 07:00:00,2026-09-06 07:00:00,Chemist Warehouse,Chemist Warehouse,{{product.name}},{{product.brand}},Shop now,DCO,https://www.chemistwarehouse.com.au/shop-online/813/deep-heat?utm_source=facebook&utm_medium=social&utm_campaign=au_cw_coop_facebook_social_mentholatumaustralasia_deepheat_258_2026_100186-bau_image&utm_term=traffic&utm_content=image_brand,www.chemistwarehouse.com.au,/shop-online/813/deep-heat,facebook,social,au_cw_coop_facebook_social_mentholatumaustralasia_deepheat_258_2026_100186-bau_image,258,traffic,image_brand,Coop,Mentholatumaustralasia,Deepheat,2026,image,Warm Up. Cool Down.,Warm Up with Deep Heat and relieve inflammation with ICE Magnesium Spray,Shop Now,https://scontent.flim31-1.fna.fbcdn.net/v/t39.35426-6/734067722_1765549441557851_881556171612331815_n.jpg?_nc_cat=111&ccb=1-7&_nc_sid=c53f8f&_nc_ohc=bRgY1IsqXmQQ7kNvwFnmVIg&_nc_oc=AdqvMRHFRM1ProOD0MRAWEAo67VefGEb3pWqWQAlqqGu756tiRNxVwJloQ3autnv4hU&_nc_zt=14&_nc_ht=scontent.flim31-1.fna&_nc_gid=dl0NajUgYOM3QgBh4HOBAg&_nc_ss=7f180&oh=00_AQL0S_Fx77_SEFsSuGraiN3kWo9h0hcjbnU-4KmbzoOCjA&oe=6AA3BFF4,,"['FACEBOOK', 'INSTAGRAM', 'AUDIENCE_NETWORK', 'MESSENGER', 'WHATSAPP', 'THREADS']",au,cw,facebook,social,2026-W36,2026-09,"FACEBOOK, INSTAGRAM, AUDIENCE_NETWORK, MESSENGER, WHATSAPP, THREADS",True,True,True,True,True,True,Brand/Category Page,True,False,False,2026-09-07,2026-06-30 07:00:00,2026-09-07 16:55:10.186478,69
1344415564311136,2164982040745096,True,2026-07-31 07:00:00,2026-09-06 07:00:00,Chemist Warehouse,Chemist Warehouse,Shop Now,Shop Emla now at Chemist Warehouse!,Shop now,VIDEO,https://www.chemistwarehouse.com.au/buy/4238/emla-cream-5-30g-tube?utm_source=facebook&utm_medium=social&utm_campaign=au_cw_oa_facebook_social_aspenpharmacareaustralia_emla_99_may26_100498-oa_video-image&utm_term=traffic&utm_content=video-image_tuch,www.chemistwarehouse.com.au,/buy/4238/emla-cream-5-30g-tube,facebook,social,au_cw_oa_facebook_social_aspenpharmacareaustralia_emla_99_may26_100498-oa_video-image,99,traffic,video-image_tuch,O&O,Aspenpharmacareaustralia,Emla,may26,video-image,,,,,,"['FACEBOOK', 'INSTAGRAM', 'AUDIENCE_NETWORK', 'MESSENGER', 'WHATSAPP', 'THREADS']",au,cw,facebook,social,2026-W36,2026-09,"FACEBOOK, INSTAGRAM, AUDIENCE_NETWORK, MESSENGER, WHATSAPP, THREADS",True,True,True,True,True,True,SKU Product,True,True,False,2026-09-07,2026-07-31 07:00:00,2026-09-07 16:55:10.186478,38
1018573840681686,1476444624518681,True,2026-07-07 07:00:00,2026-09-06 07:00:00,Chemist Warehouse,Chemist Warehouse,Shop Harmonex now at Chemist Warehouse!,"Work, play and everything in between, then period pain. Get Harmonex tablets from Chemist Warehouse and take on the day, your way!",Learn more,VIDEO,https://www.chemistwarehouse.com.au/buy/149155/harmonex-275mg-24-tablets,www.chemistwarehouse.com.au,/buy/149155/harmonex-275mg-24-tablets,,,,,,,Not Specified,,,,,,,,,,"['FACEBOOK', 'INSTAGRAM']",,,,,2026-W36,2026-09,"FACEBOOK, INSTAGRAM",True,True,False,False,False,False,SKU Product,True,True,False,2026-09-07,2026-07-07 07:00:00,2026-09-07 16:55:10.186478,62
1332402685699241,2760509811014802,True,2026-06-30 07:00:00,2026-09-06 07:00:00,Chemist Warehouse,Chemist Warehouse,{{product.name}},{{product.brand}},Shop now,DCO,https://www.chemistwarehouse.com.au/buy/147521/carusos-probiotic-vaginal-care-60-capsules?utm_source=facebook&utm_medium=social&utm_campaign=au_cw_coop_facebook_social_carusosnaturalhealth_carusos_81_2026_100096-bau_video-image&utm_term=traffic&utm_content=video-image_,www.chemistwarehouse.com.au,/buy/147521/carusos-probiotic-vaginal-care-60-capsules,facebook,social,au_cw_coop_facebook_social_carusosnaturalhealth_carusos_81_2026_100096-bau_video-image,81,traffic,video-image_,Coop,Carusosnaturalhealth,Carusos,2026,video-image,"5 Billion CFU, 3 Strains","Looking for ways to support your vaginal health?
Caruso’s Vaginal Care Probiotic supports vaginal health and helps support healthy vaginal pH while
also relieves abdominal bloating.",Shop Now,,https://video.flim31-1.fna.fbcdn.net/o1/v/t2/f2/m366/AQNE-DAup8z1Ch-hPkdqxUwneQ2bR-JNrzoJxyvDP8EOSNfm0qrho4hD5GkxwuHI8P5OKPLcL0Qfp--_qIvGlZQnE-YO5-iccWmtTLuAqIH5bQ.mp4?_nc_cat=109&_nc_oc=Adpk-nf09aj1kRUn4aSmrh5czHp9nHeb2IMTHVKBrBF6KcYj585pxz3_MGAqGynwsWo&_nc_sid=b66105&_nc_ht=video.flim31-1.fna.fbcdn.net&_nc_ohc=Qmov_d7JjGYQ7kNvwE-Htkk&efg=eyJ2ZW5jb2RlX3RhZyI6Inhwdl9wcm9ncmVzc2l2ZS5WSV9VU0VDQVNFX1BST0RVQ1RfVFlQRS4uQzMuNzIwLmRhc2hfaDI2NC1iYXNpYy1nZW4yXzcyMHAiLCJ4cHZfYXNzZXRfaWQiOjk1MzQ2NzMxMTAyODQ5MywiYXNzZXRfYWdlX2RheXMiOjgwLCJ2aV91c2VjYXNlX2lkIjoxMDc5OSwiZHVyYXRpb25fcyI6MTUsInVybGdlbl9zb3VyY2UiOiJ3d3cifQ%3D%3D&ccb=17-1&vs=658f7e9f66ae4805&_nc_vs=HBksFQIYRWZiX2VwaGVtZXJhbC81QTQxQzVEQTEzNzk3REE0MDc1OUY2MEQwRjBGQzZBMF9tdF8xX3ZpZGVvX2Rhc2hpbml0Lm1wNBUAAsgBEgAVAhhAZmJfcGVybWFuZW50L0FFNDA3RTg5NzM0MjQyOEE3QjMzNDVBQjc2OUI5QkJFX2F1ZGlvX2Rhc2hpbml0Lm1wNBUCAsgBEgAoABgAGwKIB3VzZV9vaWwBMRJwcm9ncmVzc2l2ZV9yZWNpcGUBMRUAACaa5IeGjcuxAxUCKAJDMywXQC4AAAAAAAAYGWRhc2hfaDI2NC1iYXNpYy1nZW4yXzcyMHARAHUAZd6oAQA&_nc_gid=dl0NajUgYOM3QgBh4HOBAg&_nc_ss=7f180&_nc_zt=28&oh=00_AQKkr-40t61ZXDhhOTC8dUdCWPphfyrXpVvhXO5Iq7H_YQ&oe=6AA3C3B3,"['FACEBOOK', 'INSTAGRAM', 'AUDIENCE_NETWORK', 'MESSENGER', 'WHATSAPP', 'THREADS']",au,cw,facebook,social,2026-W36,2026-09,"FACEBOOK, INSTAGRAM, AUDIENCE_NETWORK, MESSENGER, WHATSAPP, THREADS",True,True,True,True,True,True,SKU Product,True,False,False,2026-09-07,2026-06-30 07:00:00,2026-09-07 16:55:10.186478,69
4582864171935287,1499558608064996,True,2026-06-29 07:00:00,2026-09-06 07:00:00,Chemist Warehouse,Chemist Warehouse,{{product.name}},{{product.brand}},Shop now,DCO,https://www.chemistwarehouse.com.au/shop-online/772/revlon-cosmetics?utm_source=facebook&utm_medium=social&utm_campaign=au_cw_coop_facebook_social_revlonaustraliaptyltd_revlon_648_2026_bau_dynamic_100088&utm_term=traffic&utm_content=static-junept2,www.chemistwarehouse.com.au,/shop-online/772/revlon-cosmetics,facebook,social,au_cw_coop_facebook_social_revlonaustraliaptyltd_revlon_648_2026_bau_dynamic_100088,648,traffic,static-junept2,Coop,Revlonaustraliaptyltd,Revlon,2026,100088,Transform Your Look,Are you PhotoReady? Shop NEW Revlon PhotoReady range.,Shop Now,https://scontent.flim31-1.fna.fbcdn.net/v/t39.35426-6/722163494_27457193667225441_5343100764808995682_n.jpg?_nc_cat=110&ccb=1-7&_nc_sid=c53f8f&_nc_ohc=HBx8i2V0aC8Q7kNvwHb9Au3&_nc_oc=AdrJKWdWO0kNyjPWZbGzSG2jhKJJ8E7rKVbiP4Jgi81YlCTetTPtXl6ciGwOobxWeWk&_nc_zt=14&_nc_ht=scontent.flim31-1.fna&_nc_gid=dl0NajUgYOM3QgBh4HOBAg&_nc_ss=7f180&oh=00_AQJVUT7KpKwS1AWgn_S6C6F_n1o_SU5Fd6BsxFmdG6iEvg&oe=6AA39D3F,,"['FACEBOOK', 'INSTAGRAM', 'MESSENGER']",au,cw,facebook,social,2026-W36,2026-09,"FACEBOOK, INSTAGRAM, MESSENGER",True,True,False,True,False,False,Brand/Category Page,True,False,False,2026-09-07,2026-06-29 07:00:00,2026-09-07 16:55:10.186478,70
1307909494885368,1632543024470889,True,2026-06-30 07:00:00,2026-09-05 07:00:00,Chemist Warehouse,Chemist Warehouse,{{product.name}},{{product.brand}},Shop now,DCO,https://www.chemistwarehouse.com.au/buy/147521/carusos-probiotic-vaginal-care-60-capsules?utm_source=facebook&utm_medium=social&utm_campaign=au_cw_coop_facebook_social_carusosnaturalhealth_carusos_81_2026_100096-bau_video-image&utm_term=traffic&utm_content=video-image_,www.chemistwarehouse.com.au,/buy/147521/carusos-probiotic-vaginal-care-60-capsules,facebook,social,au_cw_coop_facebook_social_carusosnaturalhealth_carusos_81_2026_100096-bau_video-image,81,traffic,video-image_,Coop,Carusosnaturalhealth,Carusos,2026,video-image,"5 Billion CFU, 3 Strains","Looking for ways to support your vaginal health?
Caruso’s Vaginal Care Probiotic supports vaginal health and helps support healthy vaginal pH while
also relieves abdominal bloating.",Shop Now,,https://video.flim31-1.fna.fbcdn.net/o1/v/t2/f2/m366/AQNu4YcAUQ1f1Yc8bHVNJWYWJCQrHz0c0rdMKtgNHFwimqc6WkZg0ilpjcseBNIrHlERZ8w1YufUErC1hkZ_CuPkCJh-ytOKhisN6-MYoKzbUw.mp4?_nc_cat=107&_nc_oc=Adp8eeqo3_Engi4PTnjcBGr0xcibQGarnEdw0NATyNvE3MnR-KuGFHUJlAxMtH6EvUo&_nc_sid=b66105&_nc_ht=video.flim31-1.fna.fbcdn.net&_nc_ohc=97g9CVOHjrkQ7kNvwESYXTT&efg=eyJ2ZW5jb2RlX3RhZyI6Inhwdl9wcm9ncmVzc2l2ZS5WSV9VU0VDQVNFX1BST0RVQ1RfVFlQRS4uQzMuNzIwLmRhc2hfaDI2NC1iYXNpYy1nZW4yXzcyMHAiLCJ4cHZfYXNzZXRfaWQiOjE1Nzc5NTQ4NTA1NjQ1NTEsImFzc2V0X2FnZV9kYXlzIjo4MCwidmlfdXNlY2FzZV9pZCI6MTA3OTksImR1cmF0aW9uX3MiOjE1LCJ1cmxnZW5fc291cmNlIjoid3d3In0%3D&ccb=17-1&vs=1926bd53517a55b2&_nc_vs=HBksFQIYRWZiX2VwaGVtZXJhbC81NjRBNkU0NUUyMkM0QUZBNTY2RkU2Q0I0N0RFQjZCNF9tdF8xX3ZpZGVvX2Rhc2hpbml0Lm1wNBUAAsgBEgAVAhhAZmJfcGVybWFuZW50LzQ1NDBBMDY0OTExRjRDQjkzRTJFM0M0OTY5MjYxRjkxX2F1ZGlvX2Rhc2hpbml0Lm1wNBUCAsgBEgAoABgAGwKIB3VzZV9vaWwBMRJwcm9ncmVzc2l2ZV9yZWNpcGUBMRUAACaOp7flh8nNBRUCKAJDMywXQC4AAAAAAAAYGWRhc2hfaDI2NC1iYXNpYy1nZW4yXzcyMHARAHUAZd6oAQA&_nc_gid=dl0NajUgYOM3QgBh4HOBAg&_nc_ss=7f180&_nc_zt=28&oh=00_AQJbBiFHqMoSfqY4-DZWEYaxsN6ZENEAmtlt_BCKpduG_w&oe=6AA3B58D,"['FACEBOOK', 'INSTAGRAM', 'AUDIENCE_NETWORK', 'MESSENGER', 'WHATSAPP', 'THREADS']",au,cw,facebook,social,2026-W36,2026-09,"FACEBOOK, INSTAGRAM, AUDIENCE_NETWORK, MESSENGER, WHATSAPP, THREADS",True,True,True,True,True,True,SKU Product,True,False,False,2026-09-07,2026-06-30 07:00:00,2026-09-07 16:55:10.186478,69
1019995537627885,2760509811014802,True,2026-07-01 07:00:00,2026-09-05 07:00:00,Chemist Warehouse,Chemist Warehouse,{{product.name}},{{product.brand}},Shop now,DCO,https://www.chemistwarehouse.com.au/buy/147521/carusos-probiotic-vaginal-care-60-capsules?utm_source=facebook&utm_medium=social&utm_campaign=au_cw_coop_facebook_social_carusosnaturalhealth_carusos_81_2026_100096-bau_video-image&utm_term=traffic&utm_content=video-image_,www.chemistwarehouse.com.au,/buy/147521/carusos-probiotic-vaginal-care-60-capsules,facebook,social,au_cw_coop_facebook_social_carusosnaturalhealth_carusos_81_2026_100096-bau_video-image,81,traffic,video-image_,Coop,Carusosnaturalhealth,Carusos,2026,video-image,"5 Billion CFU, 3 Strains","Looking for ways to support your vaginal health?
Caruso’s Vaginal Care Probiotic supports vaginal health and helps support healthy vaginal pH while
also relieves abdominal bloating.",Shop Now,,https://video.flim31-1.fna.fbcdn.net/o1/v/t2/f2/m366/AQNE-DAup8z1Ch-hPkdqxUwneQ2bR-JNrzoJxyvDP8EOSNfm0qrho4hD5GkxwuHI8P5OKPLcL0Qfp--_qIvGlZQnE-YO5-iccWmtTLuAqIH5bQ.mp4?_nc_cat=109&_nc_oc=Adpk-nf09aj1kRUn4aSmrh5czHp9nHeb2IMTHVKBrBF6KcYj585pxz3_MGAqGynwsWo&_nc_sid=b66105&_nc_ht=video.flim31-1.fna.fbcdn.net&_nc_ohc=Qmov_d7JjGYQ7kNvwE-Htkk&efg=eyJ2ZW5jb2RlX3RhZyI6Inhwdl9wcm9ncmVzc2l2ZS5WSV9VU0VDQVNFX1BST0RVQ1RfVFlQRS4uQzMuNzIwLmRhc2hfaDI2NC1iYXNpYy1nZW4yXzcyMHAiLCJ4cHZfYXNzZXRfaWQiOjk1MzQ2NzMxMTAyODQ5MywiYXNzZXRfYWdlX2RheXMiOjgwLCJ2aV91c2VjYXNlX2lkIjoxMDc5OSwiZHVyYXRpb25fcyI6MTUsInVybGdlbl9zb3VyY2UiOiJ3d3cifQ%3D%3D&ccb=17-1&vs=658f7e9f66ae4805&_nc_vs=HBksFQIYRWZiX2VwaGVtZXJhbC81QTQxQzVEQTEzNzk3REE0MDc1OUY2MEQwRjBGQzZBMF9tdF8xX3ZpZGVvX2Rhc2hpbml0Lm1wNBUAAsgBEgAVAhhAZmJfcGVybWFuZW50L0FFNDA3RTg5NzM0MjQyOEE3QjMzNDVBQjc2OUI5QkJFX2F1ZGlvX2Rhc2hpbml0Lm1wNBUCAsgBEgAoABgAGwKIB3VzZV9vaWwBMRJwcm9ncmVzc2l2ZV9yZWNpcGUBMRUAACaa5IeGjcuxAxUCKAJDMywXQC4AAAAAAAAYGWRhc2hfaDI2NC1iYXNpYy1nZW4yXzcyMHARAHUAZd6oAQA&_nc_gid=dl0NajUgYOM3QgBh4HOBAg&_nc_ss=7f180&_nc_zt=28&oh=00_AQKkr-40t61ZXDhhOTC8dUdCWPphfyrXpVvhXO5Iq7H_YQ&oe=6AA3C3B3,"['FACEBOOK', 'INSTAGRAM', 'AUDIENCE_NETWORK', 'MESSENGER', 'WHATSAPP', 'THREADS']",au,cw,facebook,social,2026-W36,2026-09,"FACEBOOK, INSTAGRAM, AUDIENCE_NETWORK, MESSENGER, WHATSAPP, THREADS",True,True,True,True,True,True,SKU Product,True,False,False,2026-09-07,2026-07-01 07:00:00,2026-09-07 16:55:10.186478,68
1489109242528125,1428512279299202,True,2026-06-29 07:00:00,2026-09-06 07:00:00,Chemist Warehouse,Chemist Warehouse,{{product.name}},{{product.brand}},Shop now,DCO,https://www.chemistwarehouse.com.au/shop-online/772/revlon-cosmetics?utm_source=facebook&utm_medium=social&utm_campaign=au_cw_coop_facebook_social_revlonaustraliaptyltd_revlon_648_2026_bau_dynamic_100088&utm_term=traffic&utm_content=static-julpt,www.chemistwarehouse.com.au,/shop-online/772/revlon-cosmetics,facebook,social,au_cw_coop_facebook_social_revlonaustraliaptyltd_revlon_648_2026_bau_dynamic_100088,648,traffic,static-julpt,Coop,Revlonaustraliaptyltd,Revlon,2026,100088,Perfect Your Pout,"1/2 price, full glam! Shop all Revlon 1/2 price off RRP now at Chemist Warehouse.",Shop Now,https://scontent.flim31-1.fna.fbcdn.net/v/t39.35426-6/736142686_1758752798811430_532683338338592723_n.jpg?_nc_cat=111&ccb=1-7&_nc_sid=c53f8f&_nc_ohc=j9QlAa5vyvQQ7kNvwGt7pRs&_nc_oc=AdoTGNkxNE2LtfIEzmksVlmR-gqSfOm3iTdYhYm-mpyhMpeAYK1U3KJ-DMrtOJafPuU&_nc_zt=14&_nc_ht=scontent.flim31-1.fna&_nc_gid=dl0NajUgYOM3QgBh4HOBAg&_nc_ss=7f180&oh=00_AQJqlgd5ANeu2RVOt4reRJueZcg_Lf_AYTKF0OcG2Nbcrg&oe=6AA3B0E5,,"['FACEBOOK', 'INSTAGRAM', 'MESSENGER']",au,cw,facebook,social,2026-W36,2026-09,"FACEBOOK, INSTAGRAM, MESSENGER",True,True,False,True,False,False,Brand/Category Page,True,False,False,2026-09-07,2026-06-29 07:00:00,2026-09-07 16:55:10.186478,70
1302670968520053,1689405738766820,True,2026-06-29 07:00:00,2026-09-06 07:00:00,Chemist Warehouse,Chemist Warehouse,{{product.name}},{{product.brand}},Shop now,DCO,https://www.chemistwarehouse.com.au/shop-online/772/revlon-cosmetics?utm_source=facebook&utm_medium=social&utm_campaign=au_cw_coop_facebook_social_revlonaustraliaptyltd_revlon_648_2026_bau_dynamic_100088&utm_term=traffic&utm_content=static-junept1,www.chemistwarehouse.com.au,/shop-online/772/revlon-cosmetics,facebook,social,au_cw_coop_facebook_social_revlonaustraliaptyltd_revlon_648_2026_bau_dynamic_100088,648,traffic,static-junept1,Coop,Revlonaustraliaptyltd,Revlon,2026,100088,Perfect Your Pout,Define your lips while extending the wear of your favorite lip colour with Revlon's ColorStay Lip Liner.,Shop Now,https://scontent.flim31-1.fna.fbcdn.net/v/t39.35426-6/722336996_1377504197577509_3129580004226627969_n.jpg?_nc_cat=101&ccb=1-7&_nc_sid=c53f8f&_nc_ohc=Zk961Es9hP0Q7kNvwELP88v&_nc_oc=AdpKEGHsCq9PI_3pLWK8t17E6_z6NmS3wIE0M0RHbdyjsvjDm6DTZTacqXTqE6Kwhvc&_nc_zt=14&_nc_ht=scontent.flim31-1.fna&_nc_gid=dl0NajUgYOM3QgBh4HOBAg&_nc_ss=7f180&oh=00_AQL6s5VVP2GAWZ1nUbWfqvSOOGHzdNISW8f2O3xJvAdIOA&oe=6AA3A4A3,,"['FACEBOOK', 'INSTAGRAM', 'MESSENGER']",au,cw,facebook,social,2026-W36,2026-09,"FACEBOOK, INSTAGRAM, MESSENGER",True,True,False,True,False,False,Brand/Category Page,True,False,False,2026-09-07,2026-06-29 07:00:00,2026-09-07 16:55:10.186478,70
2410135536466458,1423166803177870,True,2026-06-29 07:00:00,2026-09-06 07:00:00,Chemist Warehouse,Chemist Warehouse,{{product.name}},{{product.brand}},Shop now,DCO,https://www.chemistwarehouse.com.au/shop-online/772/revlon-cosmetics?utm_source=facebook&utm_medium=social&utm_campaign=au_cw_coop_facebook_social_revlonaustraliaptyltd_revlon_648_2026_bau_dynamic_100088&utm_term=traffic&utm_content=static-junept1,www.chemistwarehouse.com.au,/shop-online/772/revlon-cosmetics,facebook,social,au_cw_coop_facebook_social_revlonaustraliaptyltd_revlon_648_2026_bau_dynamic_100088,648,traffic,static-junept1,Coop,Revlonaustraliaptyltd,Revlon,2026,100088,Shop AUS #1 longwear brand,"All‑day wear, all‑day confidence. Shop Australia’s #1 longwear brand now at Chemist Warehouse.",Shop Now,https://scontent.flim31-1.fna.fbcdn.net/v/t39.35426-6/723809698_1593888662262779_7150276564552341215_n.jpg?_nc_cat=100&ccb=1-7&_nc_sid=c53f8f&_nc_ohc=eIYltFdEO0YQ7kNvwFElSTQ&_nc_oc=AdprtkhGB7qM5ChfFJMw0PaMQ8-flfzuHqnPX2T4JoRGwqXgKW_dBXPrzudBOROdcdA&_nc_zt=14&_nc_ht=scontent.flim31-1.fna&_nc_gid=dl0NajUgYOM3QgBh4HOBAg&_nc_ss=7f180&oh=00_AQJ_XZODtTOpiAngrAL8xkYHaJrLqmRus8Za2hDB21mkpQ&oe=6AA3BC3E,,"['FACEBOOK', 'INSTAGRAM', 'MESSENGER']",au,cw,facebook,social,2026-W36,2026-09,"FACEBOOK, INSTAGRAM, MESSENGER",True,True,False,True,False,False,Brand/Category Page,True,False,False,2026-09-07,2026-06-29 07:00:00,2026-09-07 16:55:10.186478,70
946775028371622,941556325600795,True,2026-07-01 07:00:00,2026-09-06 07:00:00,Chemist Warehouse,Chemist Warehouse,{{product.name}},{{product.brand}},Shop now,DCO,https://www.chemistwarehouse.com.au/buy/147521/carusos-probiotic-vaginal-care-60-capsules?utm_source=facebook&utm_medium=social&utm_campaign=au_cw_coop_facebook_social_carusosnaturalhealth_carusos_81_2026_100096-bau_video-image&utm_term=traffic&utm_content=video-image_,www.chemistwarehouse.com.au,/buy/147521/carusos-probiotic-vaginal-care-60-capsules,facebook,social,au_cw_coop_facebook_social_carusosnaturalhealth_carusos_81_2026_100096-bau_video-image,81,traffic,video-image_,Coop,Carusosnaturalhealth,Carusos,2026,video-image,"5 Billion CFU, 3 Strains","Looking for ways to support your vaginal health?
Caruso’s Vaginal Care Probiotic supports vaginal health and helps support healthy vaginal pH while
also relieves abdominal bloating.",Shop Now,https://scontent.flim31-1.fna.fbcdn.net/v/t39.35426-6/734152634_1780786063358070_2273766686130230600_n.jpg?_nc_cat=107&ccb=1-7&_nc_sid=c53f8f&_nc_ohc=nJTFfma89WQQ7kNvwFAQwtc&_nc_oc=AdrgVWMrUieCnio_pY0d77FoECGOEfQixJdX5s28A4dGNWcm9WkCGTKE-IgKWaDFQaA&_nc_zt=14&_nc_ht=scontent.flim31-1.fna&_nc_gid=dl0NajUgYOM3QgBh4HOBAg&_nc_ss=7f180&oh=00_AQIzosYI-eqjooO-awbTXq4e4z68ZdwDu0gwV2CjMEZvDw&oe=6AA3BFE9,,"['FACEBOOK', 'INSTAGRAM', 'AUDIENCE_NETWORK', 'MESSENGER', 'WHATSAPP', 'THREADS']",au,cw,facebook,social,2026-W36,2026-09,"FACEBOOK, INSTAGRAM, AUDIENCE_NETWORK, MESSENGER, WHATSAPP, THREADS",True,True,True,True,True,True,SKU Product,True,False,False,2026-09-07,2026-07-01 07:00:00,2026-09-07 16:55:10.186478,68
1532223835071307,1679425176629646,True,2026-07-01 07:00:00,2026-09-06 07:00:00,Chemist Warehouse,Chemist Warehouse,{{product.name}},{{product.brand}},Shop now,DCO,https://www.chemistwarehouse.com.au/buy/147521/carusos-probiotic-vaginal-care-60-capsules?utm_source=facebook&utm_medium=social&utm_campaign=au_cw_coop_facebook_social_carusosnaturalhealth_carusos_81_2026_100096-bau_video-image&utm_term=traffic&utm_content=video-image_,www.chemistwarehouse.com.au,/buy/147521/carusos-probiotic-vaginal-care-60-capsules,facebook,social,au_cw_coop_facebook_social_carusosnaturalhealth_carusos_81_2026_100096-bau_video-image,81,traffic,video-image_,Coop,Carusosnaturalhealth,Carusos,2026,video-image,"5 Billion CFU, 3 Strains","Looking for ways to support your vaginal health?
Caruso’s Vaginal Care Probiotic supports vaginal health and helps support healthy vaginal pH while
also relieves abdominal bloating.",Shop Now,,https://video.flim31-1.fna.fbcdn.net/o1/v/t2/f2/m366/AQNa5VV8R_io6k1dRF3zNi2IUnb7BnAG0EiUG9ZPVvCwzhZ-hA7xf_uzEB_A9ns-fh0WMkWcfgOtSmQKxk6fxFUb1TM-8itHBEr1aH2_3tVC_g.mp4?_nc_cat=107&_nc_oc=Adqh21RSK64ovEpwC7cOdmcvPSN5FqX4-GdWa1gdbfF2kelTPeCAMNK_XQHjMNu-i08&_nc_sid=b66105&_nc_ht=video.flim31-1.fna.fbcdn.net&_nc_ohc=PlwZKXjofPwQ7kNvwE11RLD&efg=eyJ2ZW5jb2RlX3RhZyI6Inhwdl9wcm9ncmVzc2l2ZS5WSV9VU0VDQVNFX1BST0RVQ1RfVFlQRS4uQzMuNzIwLmRhc2hfaDI2NC1iYXNpYy1nZW4yXzcyMHAiLCJ4cHZfYXNzZXRfaWQiOjE1NzgxNDk0NTczNjcwMjUsImFzc2V0X2FnZV9kYXlzIjo4MCwidmlfdXNlY2FzZV9pZCI6MTA3OTksImR1cmF0aW9uX3MiOjE1LCJ1cmxnZW5fc291cmNlIjoid3d3In0%3D&ccb=17-1&vs=b87fe6ea39627d26&_nc_vs=HBksFQIYRWZiX2VwaGVtZXJhbC8wNjQ3MDc1ODNCNTNFRDY0NjhBNUZCNDc0QzE1NURBRF9tdF8xX3ZpZGVvX2Rhc2hpbml0Lm1wNBUAAsgBEgAVAhhAZmJfcGVybWFuZW50LzIyNEZBMDgzRUFEODE1RkM3MTBFNEM4MDVDQTc1QzkxX2F1ZGlvX2Rhc2hpbml0Lm1wNBUCAsgBEgAoABgAGwKIB3VzZV9vaWwBMRJwcm9ncmVzc2l2ZV9yZWNpcGUBMRUAACbiv_jcsdTNBRUCKAJDMywXQC4AAAAAAAAYGWRhc2hfaDI2NC1iYXNpYy1nZW4yXzcyMHARAHUAZd6oAQA&_nc_gid=dl0NajUgYOM3QgBh4HOBAg&_nc_ss=7f180&_nc_zt=28&oh=00_AQJK58dQl-2EkBMznLl2RnzJtH2ycu9UlrlBmPDFqeWXpQ&oe=6AA3A0F5,"['FACEBOOK', 'INSTAGRAM', 'AUDIENCE_NETWORK', 'MESSENGER', 'WHATSAPP', 'THREADS']",au,cw,facebook,social,2026-W36,2026-09,"FACEBOOK, INSTAGRAM, AUDIENCE_NETWORK, MESSENGER, WHATSAPP, THREADS",True,True,True,True,True,True,SKU Product,True,False,False,2026-09-07,2026-07-01 07:00:00,2026-09-07 16:55:10.186478,68
1371505104832827,,True,2026-06-29 07:00:00,2026-09-06 07:00:00,Chemist Warehouse,Chemist Warehouse,Shop AUS #1 longwear brand,"All‑day wear, all‑day confidence. Shop Australia’s #1 longwear brand now at Chemist Warehouse.",See details,IMAGE,https://fb.com/canvas_doc/1526150555835709,fb.com,/canvas_doc/1526150555835709,,,,,,,Not Specified,,,,,,,,,,"['FACEBOOK', 'INSTAGRAM', 'MESSENGER']",,,,,2026-W36,2026-09,"FACEBOOK, INSTAGRAM, MESSENGER",True,True,False,True,False,False,Internal/App Page,True,True,False,2026-09-07,2026-06-29 07:00:00,2026-09-07 16:55:10.186478,70
2901249090227961,2285070822031079,True,2026-06-30 07:00:00,2026-09-06 07:00:00,Chemist Warehouse,Chemist Warehouse,{{product.name}},{{product.brand}},Shop now,DCO,https://www.chemistwarehouse.com.au/buy/147521/carusos-probiotic-vaginal-care-60-capsules?utm_source=facebook&utm_medium=social&utm_campaign=au_cw_coop_facebook_social_carusosnaturalhealth_carusos_81_2026_100096-bau_video-image&utm_term=traffic&utm_content=video-image_,www.chemistwarehouse.com.au,/buy/147521/carusos-probiotic-vaginal-care-60-capsules,facebook,social,au_cw_coop_facebook_social_carusosnaturalhealth_carusos_81_2026_100096-bau_video-image,81,traffic,video-image_,Coop,Carusosnaturalhealth,Carusos,2026,video-image,"5 Billion CFU, 3 Strains","Looking for ways to support your vaginal health?
Caruso’s Vaginal Care Probiotic supports vaginal health and helps support healthy vaginal pH while
also relieves abdominal bloating.",Shop Now,,https://video.flim31-1.fna.fbcdn.net/o1/v/t2/f2/m366/AQM3v3p9aTTyjGeBFdMxbsdJYfxFtziCFqm142IK6wc5aeoAQLRWNbvvrFoAsBZFYVy0-0GeLK34bmglRRWmhddSRg_Obhs_Z-bbFcXHmV6_2Q.mp4?_nc_cat=107&_nc_oc=AdrN19tdRx3EcDvWaqNuSADtyQCIqdf-lX57nRTs9b-JpPlG_U6VmsLJ8EVPo2A0sEk&_nc_sid=b66105&_nc_ht=video.flim31-1.fna.fbcdn.net&_nc_ohc=eB9mEFJQjDAQ7kNvwHK4vd3&efg=eyJ2ZW5jb2RlX3RhZyI6Inhwdl9wcm9ncmVzc2l2ZS5WSV9VU0VDQVNFX1BST0RVQ1RfVFlQRS4uQzMuNzIwLmRhc2hfaDI2NC1iYXNpYy1nZW4yXzcyMHAiLCJ4cHZfYXNzZXRfaWQiOjE5OTg1NDc4MTA3NjI2NTcsImFzc2V0X2FnZV9kYXlzIjo4MCwidmlfdXNlY2FzZV9pZCI6MTA3OTksImR1cmF0aW9uX3MiOjE1LCJ1cmxnZW5fc291cmNlIjoid3d3In0%3D&ccb=17-1&vs=df7b05cbfb10cffe&_nc_vs=HBksFQIYRWZiX2VwaGVtZXJhbC9GQTREQzg0QzlCMzBCQ0YwODdENTY4MkU2NUIyQzdBOV9tdF8xX3ZpZGVvX2Rhc2hpbml0Lm1wNBUAAsgBEgAVAhhAZmJfcGVybWFuZW50LzQxNDM1MUE1QzQ1MDU1MkE3OTY3ODBBN0JFQ0E0Mjk4X2F1ZGlvX2Rhc2hpbml0Lm1wNBUCAsgBEgAoABgAGwKIB3VzZV9vaWwBMRJwcm9ncmVzc2l2ZV9yZWNpcGUBMRUAACbC_p3F5eqMBxUCKAJDMywXQC4AAAAAAAAYGWRhc2hfaDI2NC1iYXNpYy1nZW4yXzcyMHARAHUAZd6oAQA&_nc_gid=dl0NajUgYOM3QgBh4HOBAg&_nc_ss=7f180&_nc_zt=28&oh=00_AQKubH0EyfOzuSbgh_2Y0seMgX-2Xn4uqKe5yqQhO8nuQQ&oe=6AA3B379,"['FACEBOOK', 'INSTAGRAM', 'AUDIENCE_NETWORK', 'MESSENGER', 'WHATSAPP', 'THREADS']",au,cw,facebook,social,2026-W36,2026-09,"FACEBOOK, INSTAGRAM, AUDIENCE_NETWORK, MESSENGER, WHATSAPP, THREADS",True,True,True,True,True,True,SKU Product,True,False,False,2026-09-07,2026-06-30 07:00:00,2026-09-07 16:55:10.186478,69
1336093458732460,2285070822031079,True,2026-07-01 07:00:00,2026-09-05 07:00:00,Chemist Warehouse,Chemist Warehouse,{{product.name}},{{product.brand}},Shop now,DCO,https://www.chemistwarehouse.com.au/buy/147521/carusos-probiotic-vaginal-care-60-capsules?utm_source=facebook&utm_medium=social&utm_campaign=au_cw_coop_facebook_social_carusosnaturalhealth_carusos_81_2026_100096-bau_video-image&utm_term=traffic&utm_content=video-image_,www.chemistwarehouse.com.au,/buy/147521/carusos-probiotic-vaginal-care-60-capsules,facebook,social,au_cw_coop_facebook_social_carusosnaturalhealth_carusos_81_2026_100096-bau_video-image,81,traffic,video-image_,Coop,Carusosnaturalhealth,Carusos,2026,video-image,"5 Billion CFU, 3 Strains","Looking for ways to support your vaginal health?
Caruso’s Vaginal Care Probiotic supports vaginal health and helps support healthy vaginal pH while
also relieves abdominal bloating.",Shop Now,,https://video.flim31-1.fna.fbcdn.net/o1/v/t2/f2/m366/AQM3v3p9aTTyjGeBFdMxbsdJYfxFtziCFqm142IK6wc5aeoAQLRWNbvvrFoAsBZFYVy0-0GeLK34bmglRRWmhddSRg_Obhs_Z-bbFcXHmV6_2Q.mp4?_nc_cat=107&_nc_oc=AdrN19tdRx3EcDvWaqNuSADtyQCIqdf-lX57nRTs9b-JpPlG_U6VmsLJ8EVPo2A0sEk&_nc_sid=b66105&_nc_ht=video.flim31-1.fna.fbcdn.net&_nc_ohc=eB9mEFJQjDAQ7kNvwHK4vd3&efg=eyJ2ZW5jb2RlX3RhZyI6Inhwdl9wcm9ncmVzc2l2ZS5WSV9VU0VDQVNFX1BST0RVQ1RfVFlQRS4uQzMuNzIwLmRhc2hfaDI2NC1iYXNpYy1nZW4yXzcyMHAiLCJ4cHZfYXNzZXRfaWQiOjE5OTg1NDc4MTA3NjI2NTcsImFzc2V0X2FnZV9kYXlzIjo4MCwidmlfdXNlY2FzZV9pZCI6MTA3OTksImR1cmF0aW9uX3MiOjE1LCJ1cmxnZW5fc291cmNlIjoid3d3In0%3D&ccb=17-1&vs=df7b05cbfb10cffe&_nc_vs=HBksFQIYRWZiX2VwaGVtZXJhbC9GQTREQzg0QzlCMzBCQ0YwODdENTY4MkU2NUIyQzdBOV9tdF8xX3ZpZGVvX2Rhc2hpbml0Lm1wNBUAAsgBEgAVAhhAZmJfcGVybWFuZW50LzQxNDM1MUE1QzQ1MDU1MkE3OTY3ODBBN0JFQ0E0Mjk4X2F1ZGlvX2Rhc2hpbml0Lm1wNBUCAsgBEgAoABgAGwKIB3VzZV9vaWwBMRJwcm9ncmVzc2l2ZV9yZWNpcGUBMRUAACbC_p3F5eqMBxUCKAJDMywXQC4AAAAAAAAYGWRhc2hfaDI2NC1iYXNpYy1nZW4yXzcyMHARAHUAZd6oAQA&_nc_gid=dl0NajUgYOM3QgBh4HOBAg&_nc_ss=7f180&_nc_zt=28&oh=00_AQKubH0EyfOzuSbgh_2Y0seMgX-2Xn4uqKe5yqQhO8nuQQ&oe=6AA3B379,"['FACEBOOK', 'INSTAGRAM', 'AUDIENCE_NETWORK', 'MESSENGER', 'WHATSAPP', 'THREADS']",au,cw,facebook,social,2026-W36,2026-09,"FACEBOOK, INSTAGRAM, AUDIENCE_NETWORK, MESSENGER, WHATSAPP, THREADS",True,True,True,True,True,True,SKU Product,True,False,False,2026-09-07,2026-07-01 07:00:00,2026-09-07 16:55:10.186478,68
1991867871791135,941556325600795,True,2026-06-30 07:00:00,2026-09-06 07:00:00,Chemist Warehouse,Chemist Warehouse,{{product.name}},{{product.brand}},Shop now,DCO,https://www.chemistwarehouse.com.au/buy/147521/carusos-probiotic-vaginal-care-60-capsules?utm_source=facebook&utm_medium=social&utm_campaign=au_cw_coop_facebook_social_carusosnaturalhealth_carusos_81_2026_100096-bau_video-image&utm_term=traffic&utm_content=video-image_,www.chemistwarehouse.com.au,/buy/147521/carusos-probiotic-vaginal-care-60-capsules,facebook,social,au_cw_coop_facebook_social_carusosnaturalhealth_carusos_81_2026_100096-bau_video-image,81,traffic,video-image_,Coop,Carusosnaturalhealth,Carusos,2026,video-image,"5 Billion CFU, 3 Strains","Looking for ways to support your vaginal health?
Caruso’s Vaginal Care Probiotic supports vaginal health and helps support healthy vaginal pH while
also relieves abdominal bloating.",Shop Now,https://scontent.flim31-1.fna.fbcdn.net/v/t39.35426-6/735831915_1344158727043136_4787860901485795300_n.jpg?_nc_cat=101&ccb=1-7&_nc_sid=c53f8f&_nc_ohc=HvegsuaSG0EQ7kNvwHqry0m&_nc_oc=AdoRqtXWQhKXxfcvL_8jDgonB9aMMKVl47O5eTJKHSLzY2YmTS7tORHBTI60htLLx1U&_nc_zt=14&_nc_ht=scontent.flim31-1.fna&_nc_gid=dl0NajUgYOM3QgBh4HOBAg&_nc_ss=7f180&oh=00_AQL4QOqQ47sqg4agOMSid8uu-1En9CY-0RBPGUVsGLb57A&oe=6AA3B467,,"['FACEBOOK', 'INSTAGRAM', 'AUDIENCE_NETWORK', 'MESSENGER', 'WHATSAPP', 'THREADS']",au,cw,facebook,social,2026-W36,2026-09,"FACEBOOK, INSTAGRAM, AUDIENCE_NETWORK, MESSENGER, WHATSAPP, THREADS",True,True,True,True,True,True,SKU Product,True,False,False,2026-09-07,2026-06-30 07:00:00,2026-09-07 16:55:10.186478,69
1905926196761626,,True,2026-06-29 07:00:00,2026-09-06 07:00:00,Chemist Warehouse,Chemist Warehouse,Transform Your Look,Are you PhotoReady? Shop NEW Revlon PhotoReady range.,Shop now,IMAGE,https://fb.com/canvas_doc/1364882458817335,fb.com,/canvas_doc/1364882458817335,,,,,,,Not Specified,,,,,,,,,,"['FACEBOOK', 'INSTAGRAM', 'MESSENGER']",,,,,2026-W36,2026-09,"FACEBOOK, INSTAGRAM, MESSENGER",True,True,False,True,False,False,Internal/App Page,True,False,False,2026-09-07,2026-06-29 07:00:00,2026-09-07 16:55:10.186478,70
2093418098237656,,True,2026-06-30 07:00:00,2026-09-06 07:00:00,Chemist Warehouse,Chemist Warehouse,Shop AUS #1 longwear brand,"All‑day wear, all‑day confidence. Shop Australia’s #1 longwear brand now at Chemist Warehouse.",Shop now,IMAGE,https://fb.com/canvas_doc/1334781831948915,fb.com,/canvas_doc/1334781831948915,,,,,,,Not Specified,,,,,,,,,,"['FACEBOOK', 'INSTAGRAM', 'MESSENGER']",,,,,2026-W36,2026-09,"FACEBOOK, INSTAGRAM, MESSENGER",True,True,False,True,False,False,Internal/App Page,True,True,False,2026-09-07,2026-06-30 07:00:00,2026-09-07 16:55:10.186478,69
2021413181802118,,True,2026-06-30 07:00:00,2026-09-06 07:00:00,Chemist Warehouse,Chemist Warehouse,Transform Your Look,Are you PhotoReady? Shop NEW Revlon PhotoReady range.,Shop now,IMAGE,https://fb.com/canvas_doc/1000813322312719,fb.com,/canvas_doc/1000813322312719,,,,,,,Not Specified,,,,,,,,,,"['FACEBOOK', 'INSTAGRAM', 'MESSENGER']",,,,,2026-W36,2026-09,"FACEBOOK, INSTAGRAM, MESSENGER",True,True,False,True,False,False,Internal/App Page,True,False,False,2026-09-07,2026-06-30 07:00:00,2026-09-07 16:55:10.186478,69
1051268214251536,2710480735993112,True,2026-06-30 07:00:00,2026-09-05 07:00:00,Chemist Warehouse,Chemist Warehouse,{{product.name}},{{product.brand}},Shop now,DCO,https://www.chemistwarehouse.com.au/shop-online/772/revlon-cosmetics?utm_source=facebook&utm_medium=social&utm_campaign=au_cw_coop_facebook_social_revlonaustraliaptyltd_revlon_648_2026_bau_dynamic_100088&utm_term=traffic&utm_content=static-junept2,www.chemistwarehouse.com.au,/shop-online/772/revlon-cosmetics,facebook,social,au_cw_coop_facebook_social_revlonaustraliaptyltd_revlon_648_2026_bau_dynamic_100088,648,traffic,static-junept2,Coop,Revlonaustraliaptyltd,Revlon,2026,100088,Transform Your Look,Are you PhotoReady? Shop NEW Revlon PhotoReady range.,Shop Now,https://scontent.flim31-1.fna.fbcdn.net/v/t39.35426-6/720739247_1480950359907323_9025024265185689391_n.jpg?_nc_cat=110&ccb=1-7&_nc_sid=c53f8f&_nc_ohc=k4UFJlXNqVUQ7kNvwEvK_wC&_nc_oc=AdoBNRAqL03Uo2tz7IL_xXx03ACTbIeXckICrY8gm_A6p2qrVE_pwxIlpZLvc1gj_I8&_nc_zt=14&_nc_ht=scontent.flim31-1.fna&_nc_gid=_GLF3ApxTiSSD0gz8DT5dA&_nc_ss=7f180&oh=00_AQIThU3rGoqzBgWUz3Ug5uxCWBS34qkxSsymm9W9AEg4qw&oe=6AA3B1BB,,"['FACEBOOK', 'INSTAGRAM', 'MESSENGER']",au,cw,facebook,social,2026-W36,2026-09,"FACEBOOK, INSTAGRAM, MESSENGER",True,True,False,True,False,False,Brand/Category Page,True,False,False,2026-09-07,2026-06-30 07:00:00,2026-09-07 16:55:10.186478,69
3928723200591053,,True,2026-06-30 07:00:00,2026-09-06 07:00:00,Chemist Warehouse,Chemist Warehouse,Perfect Your Pout,Define your lips while extending the wear of your favorite lip colour with Revlon's ColorStay Lip Liner.,Shop now,IMAGE,https://fb.com/canvas_doc/1039818308731887,fb.com,/canvas_doc/1039818308731887,,,,,,,Not Specified,,,,,,,,,,"['FACEBOOK', 'INSTAGRAM', 'MESSENGER']",,,,,2026-W36,2026-09,"FACEBOOK, INSTAGRAM, MESSENGER",True,True,False,True,False,False,Internal/App Page,True,False,False,2026-09-07,2026-06-30 07:00:00,2026-09-07 16:55:10.186478,69
1932659784068913,1663607488278472,True,2026-06-30 07:00:00,2026-09-05 07:00:00,Chemist Warehouse,Chemist Warehouse,{{product.name}},{{product.brand}},Shop now,DCO,https://www.chemistwarehouse.com.au/shop-online/772/revlon-cosmetics?utm_source=facebook&utm_medium=social&utm_campaign=au_cw_coop_facebook_social_revlonaustraliaptyltd_revlon_648_2026_bau_dynamic_100088&utm_term=traffic&utm_content=static-junept2,www.chemistwarehouse.com.au,/shop-online/772/revlon-cosmetics,facebook,social,au_cw_coop_facebook_social_revlonaustraliaptyltd_revlon_648_2026_bau_dynamic_100088,648,traffic,static-junept2,Coop,Revlonaustraliaptyltd,Revlon,2026,100088,Shop AUS #1 longwear brand,"All‑day wear, all‑day confidence. Shop Australia’s #1 longwear brand now at Chemist Warehouse.",Shop Now,https://scontent.flim31-1.fna.fbcdn.net/v/t39.35426-6/723768074_858534340643216_4730972236579603985_n.jpg?_nc_cat=108&ccb=1-7&_nc_sid=c53f8f&_nc_ohc=7fFP9O_99sgQ7kNvwFZXfuX&_nc_oc=AdpdIlQN0zPH8iqzY5Gjcg2c3aBz2a9a98ZC0ZX2sS8jfsGn5PxeJI6qcBKCrmu7zW4&_nc_zt=14&_nc_ht=scontent.flim31-1.fna&_nc_gid=_GLF3ApxTiSSD0gz8DT5dA&_nc_ss=7f180&oh=00_AQKJcMEbZoq6nAT1V3PhUO7-tF8kHGveaJkE-_oI0xhc6g&oe=6AA3A1B7,,"['FACEBOOK', 'INSTAGRAM', 'MESSENGER']",au,cw,facebook,social,2026-W36,2026-09,"FACEBOOK, INSTAGRAM, MESSENGER",True,True,False,True,False,False,Brand/Category Page,True,False,False,2026-09-07,2026-06-30 07:00:00,2026-09-07 16:55:10.186478,69
2126910357889391,1741679483951133,True,2026-06-24 07:00:00,2026-09-06 07:00:00,Chemist Warehouse,Chemist Warehouse,{{product.name}},{{product.brand}},Shop now,DCO,https://www.chemistwarehouse.com.au/buy/168503/l-oreal-paris-revitalift-laser-dark-spot-creamy-serum-30ml?utm_source=facebook&utm_medium=social&utm_campaign=au_cw_coop_facebook_social_lorealaustraliaptyltd_lorealparis_665_2026_bau_dynamic&utm_term=traffic&utm_content=dynamic_cushionvid,www.chemistwarehouse.com.au,/buy/168503/l-oreal-paris-revitalift-laser-dark-spot-creamy-serum-30ml,facebook,social,au_cw_coop_facebook_social_lorealaustraliaptyltd_lorealparis_665_2026_bau_dynamic,665,traffic,dynamic_cushionvid,Coop,Lorealaustraliaptyltd,Lorealparis,2026,dynamic,L’Oréal Paris Revitalift Creamy-Serum,"Formulated with multi-patented Melasyl™. In 7 days see triple efficacy: wrinkles, dark spots, dullness. You're Worth It.",Shop Now,https://scontent.flim31-1.fna.fbcdn.net/v/t39.35426-6/728473990_4387511174844537_5826334507530277081_n.jpg?_nc_cat=111&ccb=1-7&_nc_sid=c53f8f&_nc_ohc=XRgYyZZx85YQ7kNvwEND_1e&_nc_oc=AdobhG2hX5ic5HUEZ74jqR3YeZcSwHP6iDqQtSfmPF39Qear0yo33Uh5765lWmMHVVE&_nc_zt=14&_nc_ht=scontent.flim31-1.fna&_nc_gid=_GLF3ApxTiSSD0gz8DT5dA&_nc_ss=7f180&oh=00_AQK4FjnvR45A3TYDBp347fX_nTN_h5ebwdVm_6IU62iq-w&oe=6AA3B02A,,"['FACEBOOK', 'INSTAGRAM', 'AUDIENCE_NETWORK', 'MESSENGER', 'THREADS']",au,cw,facebook,social,2026-W36,2026-09,"FACEBOOK, INSTAGRAM, AUDIENCE_NETWORK, MESSENGER, THREADS",True,True,True,True,True,False,SKU Product,True,False,False,2026-09-07,2026-06-24 07:00:00,2026-09-07 16:55:10.186478,75
1693240091994605,2070738706810849,True,2026-06-25 07:00:00,2026-09-06 07:00:00,Chemist Warehouse,Chemist Warehouse,My Organics at Chemist Warehouse,"Giving your hair the resurrection it deserves 🤍 My Organic's Resurrection Supreme Shampoo & Miracle Mask are formulated to help leave hair feeling shiny, nourished and healthy. Discover the range at Chemist Warehouse",Learn more,VIDEO,https://www.chemistwarehouse.com.au/shop-online/1597/my-organics?utm_source=facebook&utm_medium=social&utm_campaign=au_cw_oa_facebook_social_myorganics_myorganics_129_mar26_100308-social_video&utm_term=traffic&utm_content=video_june-video,www.chemistwarehouse.com.au,/shop-online/1597/my-organics,facebook,social,au_cw_oa_facebook_social_myorganics_myorganics_129_mar26_100308-social_video,129,traffic,video_june-video,O&O,Myorganics,Myorganics,mar26,video,,,,,,"['FACEBOOK', 'INSTAGRAM', 'THREADS']",au,cw,facebook,social,2026-W36,2026-09,"FACEBOOK, INSTAGRAM, THREADS",True,True,False,False,True,False,Brand/Category Page,True,True,True,2026-09-07,2026-06-25 07:00:00,2026-09-07 16:55:10.186478,74
1019825203853948,,True,2026-06-17 07:00:00,2026-09-06 07:00:00,Chemist Warehouse,Chemist Warehouse,Immune Health and the Good Leaf,Olive Leaf Extract. Traditionally used in Western herbal medicine to maintain/support immune system health.,Shop now,IMAGE,https://fb.com/canvas_doc/961557170032604,fb.com,/canvas_doc/961557170032604,,,,,,,Not Specified,,,,,,,,,,"['FACEBOOK', 'INSTAGRAM', 'AUDIENCE_NETWORK', 'MESSENGER', 'THREADS']",,,,,2026-W36,2026-09,"FACEBOOK, INSTAGRAM, AUDIENCE_NETWORK, MESSENGER, THREADS",True,True,True,True,True,False,Internal/App Page,True,False,False,2026-09-07,2026-06-17 07:00:00,2026-09-07 16:55:10.186478,82
857874810719368,1704381983913258,True,2026-06-16 07:00:00,2026-09-06 07:00:00,Chemist Warehouse,Chemist Warehouse,{{product.name}},{{product.brand}},Shop now,DCO,https://www.chemistwarehouse.com.au/shop-online/821/pigeon?utm_source=facebook&utm_medium=social&utm_campaign=au_cw_coop_facebook_social_havenhallptyltd_pigeon_20_2026_100214-bau_image&utm_term=traffic&utm_content=image_static,www.chemistwarehouse.com.au,/shop-online/821/pigeon,facebook,social,au_cw_coop_facebook_social_havenhallptyltd_pigeon_20_2026_100214-bau_image,20,traffic,image_static,Coop,Havenhallptyltd,Pigeon,2026,image,Pigeon StarTouch™ Straw Cup,IT'S HERE! 🙌🏻 The straw cup parents are grabbing fast. Pigeon StarTouch™ available at Chemist Warehouse. In-store & online.,Shop Now,https://scontent.flim31-1.fna.fbcdn.net/v/t39.35426-6/724613237_1715697356119387_7793646179905953756_n.jpg?_nc_cat=103&ccb=1-7&_nc_sid=c53f8f&_nc_ohc=UK1IGv_uIqcQ7kNvwEVA3Hf&_nc_oc=AdoWBF27dmebvEMc0FggmJFYOdz-YPowJhf-LRuBS6H7TjhruE6KJ6Uw8JieOJPpx_I&_nc_zt=14&_nc_ht=scontent.flim31-1.fna&_nc_gid=_GLF3ApxTiSSD0gz8DT5dA&_nc_ss=7f180&oh=00_AQIMgat6ijfwr8n5jSnGqhp7rTbrxjDnqMJafGINm__m5w&oe=6AA3B583,,"['FACEBOOK', 'INSTAGRAM']",au,cw,facebook,social,2026-W36,2026-09,"FACEBOOK, INSTAGRAM",True,True,False,False,False,False,Brand/Category Page,True,False,False,2026-09-07,2026-06-16 07:00:00,2026-09-07 16:55:10.186478,83
994941526611945,1035143355575429,True,2026-06-16 07:00:00,2026-09-06 07:00:00,Chemist Warehouse,Chemist Warehouse,{{product.name}},{{product.brand}},Shop now,DCO,https://www.chemistwarehouse.com.au/buy/167590/pigeon-startouch-straw-cup-mint-250ml?utm_source=facebook&utm_medium=social&utm_campaign=au_cw_coop_facebook_social_havenhallptyltd_pigeon_20_2026_100214-bau_image&utm_term=traffic&utm_content=image_video,www.chemistwarehouse.com.au,/buy/167590/pigeon-startouch-straw-cup-mint-250ml,facebook,social,au_cw_coop_facebook_social_havenhallptyltd_pigeon_20_2026_100214-bau_image,20,traffic,image_video,Coop,Havenhallptyltd,Pigeon,2026,image,Pigeon StarTouch™ Straw Cup,IT'S HERE! 🙌🏻 The straw cup parents are grabbing fast. Pigeon StarTouch™ available at Chemist Warehouse. In-store & online.,Shop Now,,https://video.flim31-1.fna.fbcdn.net/o1/v/t2/f2/m366/AQNsQoDn7QuczWqPgeKRQK30-o9zsU7fuu0RuYvAhVO0NMa9B0Wou4TuGC3O9uGVMunNRDDq5Yi8OGvCs9wcZY71Mgv6r_3JNIZxt9APy45kgQ.mp4?_nc_cat=101&_nc_oc=AdoIIntDaUdf-0_XrrtgzpxL-bBIQ3SAblYiwXXztljG6uFtC4-IQxuiT0HXtze88rY&_nc_sid=b66105&_nc_ht=video.flim31-1.fna.fbcdn.net&_nc_ohc=ed47kAC9UZUQ7kNvwFkhhzs&efg=eyJ2ZW5jb2RlX3RhZyI6Inhwdl9wcm9ncmVzc2l2ZS5WSV9VU0VDQVNFX1BST0RVQ1RfVFlQRS4uQzMuNzIwLmRhc2hfaDI2NC1iYXNpYy1nZW4yXzcyMHAiLCJ4cHZfYXNzZXRfaWQiOjEwMDI2MTQxOTkyOTcwOTEsImFzc2V0X2FnZV9kYXlzIjo4MSwidmlfdXNlY2FzZV9pZCI6MTA3OTksImR1cmF0aW9uX3MiOjE1LCJ1cmxnZW5fc291cmNlIjoid3d3In0%3D&ccb=17-1&vs=51770713bf695f2&_nc_vs=HBksFQIYRWZiX2VwaGVtZXJhbC8zQjQzMjVGNDFFODZCOUEzM0UzMTlDOUJGODQ0MjZCNl9tdF8xX3ZpZGVvX2Rhc2hpbml0Lm1wNBUAAsgBEgAVAhhAZmJfcGVybWFuZW50Lzg1NEFDRjcyQUREMEU0MDk0NkY4RjRCMERGOEU5MThDX2F1ZGlvX2Rhc2hpbml0Lm1wNBUCAsgBEgAoABgAGwKIB3VzZV9vaWwBMRJwcm9ncmVzc2l2ZV9yZWNpcGUBMRUAACaGkZHz6ffHAxUCKAJDMywXQC67ZFocrAgYGWRhc2hfaDI2NC1iYXNpYy1nZW4yXzcyMHARAHUAZd6oAQA&_nc_gid=_GLF3ApxTiSSD0gz8DT5dA&_nc_ss=7f180&_nc_zt=28&oh=00_AQJcQVkwZ-t_DFonltEvtaX7OTCtRK0AAOUWoQphotNxHA&oe=6AA3BF9F,"['FACEBOOK', 'INSTAGRAM']",au,cw,facebook,social,2026-W36,2026-09,"FACEBOOK, INSTAGRAM",True,True,False,False,False,False,SKU Product,True,False,False,2026-09-07,2026-06-16 07:00:00,2026-09-07 16:55:10.186478,83
1531986348326277,1723799615723550,True,2026-06-10 07:00:00,2026-09-05 07:00:00,Chemist Warehouse,Chemist Warehouse,{{product.name}},{{product.brand}},Shop now,DCO,https://www.chemistwarehouse.com.au/shop-online/4617/essano-skincare?utm_source=facebook&utm_medium=social&utm_campaign=au_cw_coop_facebook_social_vitalitybrandsworldwide_essano_665_2026_100243-bau_video-image&utm_term=traffic&utm_content=video-image_all,www.chemistwarehouse.com.au,/shop-online/4617/essano-skincare,facebook,social,au_cw_coop_facebook_social_vitalitybrandsworldwide_essano_665_2026_100243-bau_video-image,665,traffic,video-image_all,Coop,Vitalitybrandsworldwide,Essano,2026,video-image,One drop closer to quenched skin,"Plump, hydrated skin starts with essano Hydration+ powered by four weights of hyaluronic acid. No fluff, just results.",Shop Now,https://scontent.flim31-1.fna.fbcdn.net/v/t39.35426-6/723599965_2424040868105360_7895513933142848484_n.jpg?_nc_cat=110&ccb=1-7&_nc_sid=c53f8f&_nc_ohc=TD3CRME5QMwQ7kNvwHCv06-&_nc_oc=Adp37_86yGBnSbOvkz9iilvzhiWnplEuqRpwA0Zjh-OMOiODkmFPMeWO0CLmBMTEysM&_nc_zt=14&_nc_ht=scontent.flim31-1.fna&_nc_gid=_GLF3ApxTiSSD0gz8DT5dA&_nc_ss=7f180&oh=00_AQIERso8_Q4pYeMU3xjA9STLeYdLAXPp896M5OAC70MCvQ&oe=6AA3B31C,,"['FACEBOOK', 'INSTAGRAM', 'AUDIENCE_NETWORK', 'MESSENGER', 'THREADS']",au,cw,facebook,social,2026-W36,2026-09,"FACEBOOK, INSTAGRAM, AUDIENCE_NETWORK, MESSENGER, THREADS",True,True,True,True,True,False,Brand/Category Page,True,False,False,2026-09-07,2026-06-10 07:00:00,2026-09-07 16:55:10.186478,89
3386788254817945,1698680334777403,True,2026-06-12 07:00:00,2026-08-27 07:00:00,Chemist Warehouse,Chemist Warehouse,{{product.name}},{{product.brand}},Shop now,DCO,https://www.chemistwarehouse.com.au/shop-online/902/sukin?utm_source=facebook&utm_medium=social&utm_campaign=au_cw_coop_facebook_social_bwxbrandsptyltd_sukin_665_2026_100133-bau_video-image&utm_term=traffic&utm_content=video-image_all,www.chemistwarehouse.com.au,/shop-online/902/sukin,facebook,social,au_cw_coop_facebook_social_bwxbrandsptyltd_sukin_665_2026_100133-bau_video-image,665,traffic,video-image_all,Coop,Bwxbrandsptyltd,Sukin,2026,video-image,All-in-one Hair Spritz,"Afraid of Heat Damage? Not anymore, with one Spritz that reduces damage & hydrates scalp.",Shop Now,https://scontent.flim31-1.fna.fbcdn.net/v/t39.35426-6/720333996_1518246559997276_7190025230281921060_n.jpg?_nc_cat=104&ccb=1-7&_nc_sid=c53f8f&_nc_ohc=YsvaGvOgstIQ7kNvwHdaO3W&_nc_oc=AdqOXdc0H39i-ZNhhKFIonlgqi8lgJm35LunV7B5mVPDrUPZ_t6G0d36awulAYk8aE8&_nc_zt=14&_nc_ht=scontent.flim31-1.fna&_nc_gid=_GLF3ApxTiSSD0gz8DT5dA&_nc_ss=7f180&oh=00_AQIVWEizl2NrAuy79ylytu6ur1TqndRbdgRMxCYNzINTDw&oe=6AA3A1C0,,"['FACEBOOK', 'INSTAGRAM', 'AUDIENCE_NETWORK', 'MESSENGER', 'WHATSAPP', 'THREADS']",au,cw,facebook,social,2026-W36,2026-09,"FACEBOOK, INSTAGRAM, AUDIENCE_NETWORK, MESSENGER, WHATSAPP, THREADS",True,True,True,True,True,True,Brand/Category Page,True,False,False,2026-09-07,2026-06-12 07:00:00,2026-09-07 16:55:10.186478,87
1759081031748156,1315153927463664,True,2026-06-16 07:00:00,2026-09-06 07:00:00,Chemist Warehouse,Chemist Warehouse,{{product.name}},{{product.brand}},Shop now,DCO,https://www.chemistwarehouse.com.au/shop-online/821/pigeon?utm_source=facebook&utm_medium=social&utm_campaign=au_cw_coop_facebook_social_havenhallptyltd_pigeon_20_2026_100214-bau_image&utm_term=traffic&utm_content=image_static,www.chemistwarehouse.com.au,/shop-online/821/pigeon,facebook,social,au_cw_coop_facebook_social_havenhallptyltd_pigeon_20_2026_100214-bau_image,20,traffic,image_static,Coop,Havenhallptyltd,Pigeon,2026,image,Pigeon StarTouch™ Straw Cup,IT'S HERE! 🙌🏻 The straw cup parents are grabbing fast. Pigeon StarTouch™ available at Chemist Warehouse. In-store & online.,Shop Now,https://scontent.flim31-1.fna.fbcdn.net/v/t39.35426-6/725839242_2437757610079576_549587195341389908_n.jpg?_nc_cat=102&ccb=1-7&_nc_sid=c53f8f&_nc_ohc=jbX5jLNcmVUQ7kNvwHZYyR3&_nc_oc=AdqWgqjhK9LDftYqNXpTj8bcrWKY8vZX9lWiSjM8H5E2olhtrQ98SI4UUqhwKB777kk&_nc_zt=14&_nc_ht=scontent.flim31-1.fna&_nc_gid=_GLF3ApxTiSSD0gz8DT5dA&_nc_ss=7f180&oh=00_AQL8sv_3lqjUF1DU85-xRK7HLFvvIICzgP9swQyiYpbWhA&oe=6AA3A08E,,"['FACEBOOK', 'INSTAGRAM']",au,cw,facebook,social,2026-W36,2026-09,"FACEBOOK, INSTAGRAM",True,True,False,False,False,False,Brand/Category Page,True,False,False,2026-09-07,2026-06-16 07:00:00,2026-09-07 16:55:10.186478,83
2115993388948556,1743309437122990,True,2026-06-10 07:00:00,2026-09-05 07:00:00,Chemist Warehouse,Chemist Warehouse,{{product.name}},{{product.brand}},Shop now,DCO,https://www.chemistwarehouse.com.au/shop-online/4617/essano-skincare?utm_source=facebook&utm_medium=social&utm_campaign=au_cw_coop_facebook_social_vitalitybrandsworldwide_essano_665_2026_100243-bau_video-image&utm_term=traffic&utm_content=video-image_all,www.chemistwarehouse.com.au,/shop-online/4617/essano-skincare,facebook,social,au_cw_coop_facebook_social_vitalitybrandsworldwide_essano_665_2026_100243-bau_video-image,665,traffic,video-image_all,Coop,Vitalitybrandsworldwide,Essano,2026,video-image,One drop closer to quenched skin,"Plump, hydrated skin starts with essano Hydration+ powered by four weights of hyaluronic acid. No fluff, just results.",Shop Now,https://scontent.flim31-1.fna.fbcdn.net/v/t39.35426-6/722296285_974834561827542_4259555710928905665_n.jpg?_nc_cat=104&ccb=1-7&_nc_sid=c53f8f&_nc_ohc=eyGVgIoELGEQ7kNvwE4cetf&_nc_oc=Adr4ZasRTNvX0ISQBkLqWxjhMtnCzORvuzz-WiwYBIxAZlMX63OdRQEOMXE7qE-DPhA&_nc_zt=14&_nc_ht=scontent.flim31-1.fna&_nc_gid=_GLF3ApxTiSSD0gz8DT5dA&_nc_ss=7f180&oh=00_AQJaqmJ9Ym2ZfM9gOe1r7Lmd27T70_6Xr1HD3eYF9HLXrA&oe=6AA3D0D0,,"['FACEBOOK', 'INSTAGRAM', 'AUDIENCE_NETWORK', 'MESSENGER', 'THREADS']",au,cw,facebook,social,2026-W36,2026-09,"FACEBOOK, INSTAGRAM, AUDIENCE_NETWORK, MESSENGER, THREADS",True,True,True,True,True,False,Brand/Category Page,True,False,False,2026-09-07,2026-06-10 07:00:00,2026-09-07 16:55:10.186478,89
961444359990894,828000516836420,True,2026-06-10 07:00:00,2026-09-06 07:00:00,Chemist Warehouse,Chemist Warehouse,{{product.name}},{{product.brand}},Shop now,DCO,https://www.chemistwarehouse.com.au/shop-online/4617/essano-skincare?utm_source=facebook&utm_medium=social&utm_campaign=au_cw_coop_facebook_social_vitalitybrandsworldwide_essano_665_2026_100243-bau_video-image&utm_term=traffic&utm_content=video-image_all,www.chemistwarehouse.com.au,/shop-online/4617/essano-skincare,facebook,social,au_cw_coop_facebook_social_vitalitybrandsworldwide_essano_665_2026_100243-bau_video-image,665,traffic,video-image_all,Coop,Vitalitybrandsworldwide,Essano,2026,video-image,One drop closer to quenched skin,"Plump, hydrated skin starts with essano Hydration+ powered by four weights of hyaluronic acid. No fluff, just results.",Shop Now,https://scontent.flim31-1.fna.fbcdn.net/v/t39.35426-6/723612463_1584372393117477_8717782784269120607_n.jpg?_nc_cat=103&ccb=1-7&_nc_sid=c53f8f&_nc_ohc=JqwhKcMMUMoQ7kNvwHFNZhj&_nc_oc=Adrq8DU1HR0FWIUVQcbjWBAF_Xdxi8MGgrWuf58nvXJma9P9xNShh07TUwlyIQvWAhU&_nc_zt=14&_nc_ht=scontent.flim31-1.fna&_nc_gid=_GLF3ApxTiSSD0gz8DT5dA&_nc_ss=7f180&oh=00_AQK27X-fcthijE-DNwmedjKGsF8IPxmfFOwOoUMEls0YGA&oe=6AA3B1B2,,"['FACEBOOK', 'INSTAGRAM', 'AUDIENCE_NETWORK', 'MESSENGER', 'THREADS']",au,cw,facebook,social,2026-W36,2026-09,"FACEBOOK, INSTAGRAM, AUDIENCE_NETWORK, MESSENGER, THREADS",True,True,True,True,True,False,Brand/Category Page,True,False,False,2026-09-07,2026-06-10 07:00:00,2026-09-07 16:55:10.186478,89
865730142764636,,True,2026-06-17 07:00:00,2026-09-05 07:00:00,Chemist Warehouse,Chemist Warehouse,Immune Health and the Good Leaf,Olive Leaf Extract. Traditionally used in Western herbal medicine to maintain/support immune system health.,Shop now,IMAGE,https://fb.com/canvas_doc/991922403645540,fb.com,/canvas_doc/991922403645540,,,,,,,Not Specified,,,,,,,,,,"['FACEBOOK', 'INSTAGRAM', 'AUDIENCE_NETWORK', 'MESSENGER', 'THREADS']",,,,,2026-W36,2026-09,"FACEBOOK, INSTAGRAM, AUDIENCE_NETWORK, MESSENGER, THREADS",True,True,True,True,True,False,Internal/App Page,True,False,False,2026-09-07,2026-06-17 07:00:00,2026-09-07 16:55:10.186478,82
994584893555624,,True,2026-06-17 07:00:00,2026-09-05 07:00:00,Chemist Warehouse,Chemist Warehouse,Immune Health and the Good Leaf,Olive Leaf Extract. Traditionally used in Western herbal medicine to maintain/support immune system health.,Shop now,IMAGE,https://fb.com/canvas_doc/2250877852408455,fb.com,/canvas_doc/2250877852408455,,,,,,,Not Specified,,,,,,,,,,"['FACEBOOK', 'INSTAGRAM', 'AUDIENCE_NETWORK', 'MESSENGER', 'THREADS']",,,,,2026-W36,2026-09,"FACEBOOK, INSTAGRAM, AUDIENCE_NETWORK, MESSENGER, THREADS",True,True,True,True,True,False,Internal/App Page,True,False,False,2026-09-07,2026-06-17 07:00:00,2026-09-07 16:55:10.186478,82
1305247445122080,1524747285858087,True,2026-06-17 07:00:00,2026-09-06 07:00:00,Chemist Warehouse,Chemist Warehouse,Immune Health and the Good Leaf,Olive Leaf Extract. Traditionally used in Western herbal medicine to maintain/support immune system health.,Shop now,VIDEO,https://fb.com/canvas_doc/2852107918463668,fb.com,/canvas_doc/2852107918463668,,,,,,,Not Specified,,,,,,,,,,"['FACEBOOK', 'INSTAGRAM', 'AUDIENCE_NETWORK', 'MESSENGER', 'THREADS']",,,,,2026-W36,2026-09,"FACEBOOK, INSTAGRAM, AUDIENCE_NETWORK, MESSENGER, THREADS",True,True,True,True,True,False,Internal/App Page,True,False,False,2026-09-07,2026-06-17 07:00:00,2026-09-07 16:55:10.186478,82
4128871550737081,1535845588074280,True,2026-06-17 07:00:00,2026-09-05 07:00:00,Chemist Warehouse,Chemist Warehouse,Immune Health and the Good Leaf,Olive Leaf Extract. Traditionally used in Western herbal medicine to maintain/support immune system health.,Shop now,VIDEO,https://fb.com/canvas_doc/941286108946074,fb.com,/canvas_doc/941286108946074,,,,,,,Not Specified,,,,,,,,,,"['FACEBOOK', 'INSTAGRAM', 'AUDIENCE_NETWORK', 'MESSENGER', 'THREADS']",,,,,2026-W36,2026-09,"FACEBOOK, INSTAGRAM, AUDIENCE_NETWORK, MESSENGER, THREADS",True,True,True,True,True,False,Internal/App Page,True,False,False,2026-09-07,2026-06-17 07:00:00,2026-09-07 16:55:10.186478,82
1018285217314981,1642957224068312,True,2026-06-10 07:00:00,2026-09-05 07:00:00,Chemist Warehouse,Chemist Warehouse,Sukin's New Men's Range,"Re-engineered for Men, naturally",Shop now,VIDEO,https://www.chemistwarehouse.com.au/shop-online/902/sukin?utm_source=facebook&utm_medium=social&utm_campaign=au_cw_coop_facebook_social_bwxbrandsptyltd_sukin_665_2026_100133-bau_video-image&utm_term=traffic&utm_content=video-image_all,www.chemistwarehouse.com.au,/shop-online/902/sukin,facebook,social,au_cw_coop_facebook_social_bwxbrandsptyltd_sukin_665_2026_100133-bau_video-image,665,traffic,video-image_all,Coop,Bwxbrandsptyltd,Sukin,2026,video-image,,,,,,"['FACEBOOK', 'INSTAGRAM', 'AUDIENCE_NETWORK', 'MESSENGER', 'WHATSAPP', 'THREADS']",au,cw,facebook,social,2026-W36,2026-09,"FACEBOOK, INSTAGRAM, AUDIENCE_NETWORK, MESSENGER, WHATSAPP, THREADS",True,True,True,True,True,True,Brand/Category Page,True,False,False,2026-09-07,2026-06-10 07:00:00,2026-09-07 16:55:10.186478,89
2144305776351869,1488911652814653,True,2026-06-11 07:00:00,2026-09-05 07:00:00,Chemist Warehouse,Chemist Warehouse,{{product.name}},{{product.brand}},Shop now,DCO,https://www.chemistwarehouse.com.au/shop-online/902/sukin?utm_source=facebook&utm_medium=social&utm_campaign=au_cw_coop_facebook_social_bwxbrandsptyltd_sukin_665_2026_100133-bau_video-image&utm_term=traffic&utm_content=video-image_all,www.chemistwarehouse.com.au,/shop-online/902/sukin,facebook,social,au_cw_coop_facebook_social_bwxbrandsptyltd_sukin_665_2026_100133-bau_video-image,665,traffic,video-image_all,Coop,Bwxbrandsptyltd,Sukin,2026,video-image,Sukin's New Men's Range,"Re-engineered for Men, naturally",Shop Now,https://scontent.flim31-1.fna.fbcdn.net/v/t39.35426-6/662120061_933803946214913_7193988565546084730_n.jpg?_nc_cat=110&ccb=1-7&_nc_sid=c53f8f&_nc_ohc=0mzXuY2Z0GkQ7kNvwFPtMwb&_nc_oc=AdqHhpQcS2Hmdie2_m8yVyqHJLcTBmt85Bi5wbLVFit6-0i7QCBV60AP-51bCCzSNT8&_nc_zt=14&_nc_ht=scontent.flim31-1.fna&_nc_gid=_GLF3ApxTiSSD0gz8DT5dA&_nc_ss=7f180&oh=00_AQJBzQ5v093xwQMvPbu0M5-7pr1y8T7aRWW06djHrIFLPQ&oe=6AA3A295,,"['FACEBOOK', 'INSTAGRAM', 'AUDIENCE_NETWORK', 'MESSENGER', 'WHATSAPP', 'THREADS']",au,cw,facebook,social,2026-W36,2026-09,"FACEBOOK, INSTAGRAM, AUDIENCE_NETWORK, MESSENGER, WHATSAPP, THREADS",True,True,True,True,True,True,Brand/Category Page,True,False,False,2026-09-07,2026-06-11 07:00:00,2026-09-07 16:55:10.186478,88
1022788360217432,2189920005137459,True,2026-06-11 07:00:00,2026-09-05 07:00:00,Chemist Warehouse,Chemist Warehouse,{{product.name}},{{product.brand}},Shop now,DCO,https://www.chemistwarehouse.com.au/shop-online/902/sukin?utm_source=facebook&utm_medium=social&utm_campaign=au_cw_coop_facebook_social_bwxbrandsptyltd_sukin_665_2026_100133-bau_video-image&utm_term=traffic&utm_content=video-image_all,www.chemistwarehouse.com.au,/shop-online/902/sukin,facebook,social,au_cw_coop_facebook_social_bwxbrandsptyltd_sukin_665_2026_100133-bau_video-image,665,traffic,video-image_all,Coop,Bwxbrandsptyltd,Sukin,2026,video-image,All-in-one Hair Spritz,"Afraid of Heat Damage? Not anymore, with one Spritz that reduces damage & hydrates scalp.",Shop Now,https://scontent.flim31-1.fna.fbcdn.net/v/t39.35426-6/723197062_3543893212436412_3590643982748247008_n.jpg?_nc_cat=107&ccb=1-7&_nc_sid=c53f8f&_nc_ohc=SJLksS_-Gc0Q7kNvwFo1a2i&_nc_oc=AdpwD9xx22TSDwDjXTbYQTk2Z5nBwXCsvKA0umYE_Ru0hQZLSjM_ctTofGdo8bdQfcg&_nc_zt=14&_nc_ht=scontent.flim31-1.fna&_nc_gid=_GLF3ApxTiSSD0gz8DT5dA&_nc_ss=7f180&oh=00_AQIQAwka40jqRDIlki9stckoo_7W9ylICvyx5L-vGFOABw&oe=6AA3B121,,"['FACEBOOK', 'INSTAGRAM', 'AUDIENCE_NETWORK', 'MESSENGER', 'WHATSAPP', 'THREADS']",au,cw,facebook,social,2026-W36,2026-09,"FACEBOOK, INSTAGRAM, AUDIENCE_NETWORK, MESSENGER, WHATSAPP, THREADS",True,True,True,True,True,True,Brand/Category Page,True,False,False,2026-09-07,2026-06-11 07:00:00,2026-09-07 16:55:10.186478,88
984643161008890,1287415183357671,True,2026-06-10 07:00:00,2026-09-06 07:00:00,Chemist Warehouse,Chemist Warehouse,{{product.name}},{{product.brand}},Shop now,DCO,https://www.chemistwarehouse.com.au/shop-online/902/sukin?utm_source=facebook&utm_medium=social&utm_campaign=au_cw_coop_facebook_social_bwxbrandsptyltd_sukin_665_2026_100133-bau_video-image&utm_term=traffic&utm_content=video-image_all,www.chemistwarehouse.com.au,/shop-online/902/sukin,facebook,social,au_cw_coop_facebook_social_bwxbrandsptyltd_sukin_665_2026_100133-bau_video-image,665,traffic,video-image_all,Coop,Bwxbrandsptyltd,Sukin,2026,video-image,Sukin's New Sensitive Scalpcare Range,"Gentle on scalp, soft on hair",Shop Now,https://scontent.flim31-1.fna.fbcdn.net/v/t39.35426-6/662670169_1638141274060599_4138531430275163714_n.jpg?_nc_cat=110&ccb=1-7&_nc_sid=c53f8f&_nc_ohc=-wJjcyMnrZIQ7kNvwEbOSjc&_nc_oc=AdoQGhgGvlRXfI8qSyL2C4bQ4KZWy8RFBflPDvMpmQslUdZonRKLpa8uIZo-f_JsJ6M&_nc_zt=14&_nc_ht=scontent.flim31-1.fna&_nc_gid=g4oChBoPZ3EmvW_A1Mskpw&_nc_ss=7f180&oh=00_AQIjXMLsnlBZVYMzA6XQpFra734NxpSHyeVLdJ-a5yQI9Q&oe=6AA3CB7F,,"['FACEBOOK', 'INSTAGRAM', 'AUDIENCE_NETWORK', 'MESSENGER', 'WHATSAPP', 'THREADS']",au,cw,facebook,social,2026-W36,2026-09,"FACEBOOK, INSTAGRAM, AUDIENCE_NETWORK, MESSENGER, WHATSAPP, THREADS",True,True,True,True,True,True,Brand/Category Page,True,False,False,2026-09-07,2026-06-10 07:00:00,2026-09-07 16:55:10.186478,89
753946101113719,1775263893268847,True,2026-06-11 07:00:00,2026-09-05 07:00:00,Chemist Warehouse,Chemist Warehouse,{{product.name}},{{product.brand}},Shop now,DCO,https://www.chemistwarehouse.com.au/shop-online/902/sukin?utm_source=facebook&utm_medium=social&utm_campaign=au_cw_coop_facebook_social_bwxbrandsptyltd_sukin_665_2026_100133-bau_video-image&utm_term=traffic&utm_content=video-image_all,www.chemistwarehouse.com.au,/shop-online/902/sukin,facebook,social,au_cw_coop_facebook_social_bwxbrandsptyltd_sukin_665_2026_100133-bau_video-image,665,traffic,video-image_all,Coop,Bwxbrandsptyltd,Sukin,2026,video-image,All-in-one Hair Spritz,"Afraid of Heat Damage? Not anymore, with one Spritz that reduces damage & hydrates scalp.",Shop Now,https://scontent.flim31-1.fna.fbcdn.net/v/t39.35426-6/724123558_1484130646225744_3828370308688939805_n.jpg?_nc_cat=107&ccb=1-7&_nc_sid=c53f8f&_nc_ohc=KZoqAn6WGrUQ7kNvwHoOrfb&_nc_oc=AdpSjM7zZ7AAHj-e-x83hPFqqQ1DbWszzJFDlFwIw-_EQka5azBijOiE7f4olmI8GtM&_nc_zt=14&_nc_ht=scontent.flim31-1.fna&_nc_gid=g4oChBoPZ3EmvW_A1Mskpw&_nc_ss=7f180&oh=00_AQI2oN0AA3bp2epTWB3a5DMhmjAHuTDC_cvKvxuj8pwd0w&oe=6AA3CE84,,"['FACEBOOK', 'INSTAGRAM', 'AUDIENCE_NETWORK', 'MESSENGER', 'WHATSAPP', 'THREADS']",au,cw,facebook,social,2026-W36,2026-09,"FACEBOOK, INSTAGRAM, AUDIENCE_NETWORK, MESSENGER, WHATSAPP, THREADS",True,True,True,True,True,True,Brand/Category Page,True,False,False,2026-09-07,2026-06-11 07:00:00,2026-09-07 16:55:10.186478,88
1623590263099449,2501070800339503,True,2026-06-12 07:00:00,2026-08-26 07:00:00,Chemist Warehouse,Chemist Warehouse,Sukin's New Sensitive Scalpcare Range,"Gentle on scalp, soft on hair",Shop now,VIDEO,https://www.chemistwarehouse.com.au/shop-online/902/sukin?utm_source=facebook&utm_medium=social&utm_campaign=au_cw_coop_facebook_social_bwxbrandsptyltd_sukin_665_2026_100133-bau_video-image&utm_term=traffic&utm_content=video-image_all,www.chemistwarehouse.com.au,/shop-online/902/sukin,facebook,social,au_cw_coop_facebook_social_bwxbrandsptyltd_sukin_665_2026_100133-bau_video-image,665,traffic,video-image_all,Coop,Bwxbrandsptyltd,Sukin,2026,video-image,,,,,,"['FACEBOOK', 'INSTAGRAM', 'AUDIENCE_NETWORK', 'MESSENGER', 'WHATSAPP', 'THREADS']",au,cw,facebook,social,2026-W36,2026-09,"FACEBOOK, INSTAGRAM, AUDIENCE_NETWORK, MESSENGER, WHATSAPP, THREADS",True,True,True,True,True,True,Brand/Category Page,True,False,False,2026-09-07,2026-06-12 07:00:00,2026-09-07 16:55:10.186478,87
1672651500676476,1734566137907613,True,2026-06-11 07:00:00,2026-09-01 07:00:00,Chemist Warehouse,Chemist Warehouse,{{product.name}},{{product.brand}},Shop now,DCO,https://www.chemistwarehouse.com.au/shop-online/902/sukin?utm_source=facebook&utm_medium=social&utm_campaign=au_cw_coop_facebook_social_bwxbrandsptyltd_sukin_665_2026_100133-bau_video-image&utm_term=traffic&utm_content=video-image_all,www.chemistwarehouse.com.au,/shop-online/902/sukin,facebook,social,au_cw_coop_facebook_social_bwxbrandsptyltd_sukin_665_2026_100133-bau_video-image,665,traffic,video-image_all,Coop,Bwxbrandsptyltd,Sukin,2026,video-image,All-in-one Hair Spritz,"Afraid of Heat Damage? Not anymore, with one Spritz that reduces damage & hydrates scalp.",Shop Now,https://scontent.flim31-1.fna.fbcdn.net/v/t39.35426-6/721430359_2336668206743492_1691212261620231036_n.jpg?_nc_cat=110&ccb=1-7&_nc_sid=c53f8f&_nc_ohc=0MNiGhaKs6EQ7kNvwEpgsOE&_nc_oc=AdoRd8fyqk52Hu4Fd1d5V3C_25BcXDXFz8eh0KHZomyK4ZLgD078f05OIzPpYm1ZeOo&_nc_zt=14&_nc_ht=scontent.flim31-1.fna&_nc_gid=g4oChBoPZ3EmvW_A1Mskpw&_nc_ss=7f180&oh=00_AQK96S15jayaN-_3nSxTgwygoIKwMM-iMLMhhPo5vNPksw&oe=6AA3AF0B,,"['FACEBOOK', 'INSTAGRAM', 'AUDIENCE_NETWORK', 'MESSENGER', 'WHATSAPP', 'THREADS']",au,cw,facebook,social,2026-W36,2026-09,"FACEBOOK, INSTAGRAM, AUDIENCE_NETWORK, MESSENGER, WHATSAPP, THREADS",True,True,True,True,True,True,Brand/Category Page,True,False,False,2026-09-07,2026-06-11 07:00:00,2026-09-07 16:55:10.186478,88
994531556674176,1472787060839756,True,2026-06-11 07:00:00,2026-09-03 07:00:00,Chemist Warehouse,Chemist Warehouse,{{product.name}},{{product.brand}},Shop now,DCO,https://www.chemistwarehouse.com.au/shop-online/902/sukin?utm_source=facebook&utm_medium=social&utm_campaign=au_cw_coop_facebook_social_bwxbrandsptyltd_sukin_665_2026_100133-bau_video-image&utm_term=traffic&utm_content=video-image_all,www.chemistwarehouse.com.au,/shop-online/902/sukin,facebook,social,au_cw_coop_facebook_social_bwxbrandsptyltd_sukin_665_2026_100133-bau_video-image,665,traffic,video-image_all,Coop,Bwxbrandsptyltd,Sukin,2026,video-image,All-in-one Hair Spritz,"Afraid of Heat Damage? Not anymore, with one Spritz that reduces damage & hydrates scalp.",Shop Now,https://scontent.flim31-1.fna.fbcdn.net/v/t39.35426-6/723256780_1701841941125377_6903945643742099061_n.jpg?_nc_cat=105&ccb=1-7&_nc_sid=c53f8f&_nc_ohc=uoA0COQIcx0Q7kNvwEIjMyR&_nc_oc=AdqyDpa_LuGYAjz1yNC73suss4vbtKaiWvwjR6CAVrwz0xFh0ofRgrnW2u26RW4dSzg&_nc_zt=14&_nc_ht=scontent.flim31-1.fna&_nc_gid=g4oChBoPZ3EmvW_A1Mskpw&_nc_ss=7f180&oh=00_AQJinfEHY0hdk6w-MJj3zUpFWnlWAZ5PhbuLlzxQaXexeg&oe=6AA3A945,,"['FACEBOOK', 'INSTAGRAM', 'AUDIENCE_NETWORK', 'MESSENGER', 'WHATSAPP', 'THREADS']",au,cw,facebook,social,2026-W36,2026-09,"FACEBOOK, INSTAGRAM, AUDIENCE_NETWORK, MESSENGER, WHATSAPP, THREADS",True,True,True,True,True,True,Brand/Category Page,True,False,False,2026-09-07,2026-06-11 07:00:00,2026-09-07 16:55:10.186478,88
27561420513463348,,True,2026-06-11 07:00:00,2026-09-05 07:00:00,Chemist Warehouse,Chemist Warehouse,"Flat Hair, Need A Lift?","Discover the NEW Big Hair Day Refreshing Volume Spray. Spray to the roots, massage with fingers, and see the instant root lift!",Shop now,IMAGE,https://www.chemistwarehouse.com.au/shop-online/loreal-elvive-collagen-lifter-range?utm_source=facebook&utm_medium=social&utm_campaign=au_cw_coop_facebook_social_lorealaustraliaptyltd_lorealparis_665_2026_bau_dynamic&utm_term=traffic&utm_content=collagenlifter,www.chemistwarehouse.com.au,/shop-online/loreal-elvive-collagen-lifter-range,facebook,social,au_cw_coop_facebook_social_lorealaustraliaptyltd_lorealparis_665_2026_bau_dynamic,665,traffic,collagenlifter,Coop,Lorealaustraliaptyltd,Lorealparis,2026,dynamic,,,,,,"['FACEBOOK', 'INSTAGRAM', 'AUDIENCE_NETWORK', 'MESSENGER', 'THREADS']",au,cw,facebook,social,2026-W36,2026-09,"FACEBOOK, INSTAGRAM, AUDIENCE_NETWORK, MESSENGER, THREADS",True,True,True,True,True,False,Brand/Category Page,True,False,False,2026-09-07,2026-06-11 07:00:00,2026-09-07 16:55:10.186478,88
4336976253236509,1706351654001441,True,2026-06-10 07:00:00,2026-09-06 07:00:00,Chemist Warehouse,Chemist Warehouse,{{product.name}},{{product.brand}},Shop now,DCO,https://www.chemistwarehouse.com.au/shop-online/6112/dercos?brand=Dercos&utm_source=facebook&utm_medium=social&utm_campaign=au_cw_coop_facebook_social_loreallarocheposaycerave_dercos_129_2026_bau_dynamic&utm_term=traffic&utm_content=video_brand,www.chemistwarehouse.com.au,/shop-online/6112/dercos,facebook,social,au_cw_coop_facebook_social_loreallarocheposaycerave_dercos_129_2026_bau_dynamic,129,traffic,video_brand,Coop,Loreallarocheposaycerave,Dercos,2026,dynamic,Up to 100% Flake Elimination,Flake-free confidence starts here. Trust the world’s #1 derm-recommended dandruff brand for expert results!,Shop Now,,https://video.flim31-1.fna.fbcdn.net/o1/v/t2/f2/m366/AQNZ1ac_vXH0KOd0efDVkIVb4Dy48B-nOeM2e2B5XIp1DeBViKy3xl1wrgcpjVAQpRFOYwWz6PSp9qGNKss86-l3kSWfSiThMWptg_5xUR_xMQ.mp4?_nc_cat=100&_nc_oc=AdpTLv5TDrFKStr3exg844nO-wcdOLA6_Bajuht8k07ZimM3RhJQZCtj8K0jNAAHg50&_nc_sid=b66105&_nc_ht=video.flim31-1.fna.fbcdn.net&_nc_ohc=kztCX9-NgkkQ7kNvwG4xpPI&efg=eyJ2ZW5jb2RlX3RhZyI6Inhwdl9wcm9ncmVzc2l2ZS5WSV9VU0VDQVNFX1BST0RVQ1RfVFlQRS4uQzMuNzIwLmRhc2hfaDI2NC1iYXNpYy1nZW4yXzcyMHAiLCJ4cHZfYXNzZXRfaWQiOjIyMjA0NDMxMTIwNDM3NTYsImFzc2V0X2FnZV9kYXlzIjoxMDgsInZpX3VzZWNhc2VfaWQiOjEwNzk5LCJkdXJhdGlvbl9zIjozMCwidXJsZ2VuX3NvdXJjZSI6Ind3dyJ9&ccb=17-1&vs=9d4c4caccfe2f4f4&_nc_vs=HBksFQIYRWZiX2VwaGVtZXJhbC9EMzQwMTlBRUUzMTAwMEU2QzhCODg5RkIxQTExOTQ4MV9tdF8xX3ZpZGVvX2Rhc2hpbml0Lm1wNBUAAsgBEgAVAhhAZmJfcGVybWFuZW50L0M1NEI4MDhEMkFFMThEOEI1REE2Mjg5OThDMjIxNkFBX2F1ZGlvX2Rhc2hpbml0Lm1wNBUCAsgBEgAoABgAGwKIB3VzZV9vaWwBMRJwcm9ncmVzc2l2ZV9yZWNpcGUBMRUAACbY0_-u5t7xBxUCKAJDMywXQD4zMzMzMzMYGWRhc2hfaDI2NC1iYXNpYy1nZW4yXzcyMHARAHUAZd6oAQA&_nc_gid=g4oChBoPZ3EmvW_A1Mskpw&_nc_ss=7f180&_nc_zt=28&oh=00_AQKL8WJceXqC1mGSECGjia93K3v-R-QBDcUyXm3fScKAHw&oe=6AA3A4E8,"['FACEBOOK', 'INSTAGRAM', 'AUDIENCE_NETWORK', 'MESSENGER', 'THREADS']",au,cw,facebook,social,2026-W36,2026-09,"FACEBOOK, INSTAGRAM, AUDIENCE_NETWORK, MESSENGER, THREADS",True,True,True,True,True,False,Brand/Category Page,True,False,False,2026-09-07,2026-06-10 07:00:00,2026-09-07 16:55:10.186478,89
1304430901802497,,True,2026-06-10 07:00:00,2026-09-06 07:00:00,Chemist Warehouse,Chemist Warehouse,Flake-Free Scalp. Trust Dercos by Vichy,"Recommended By Dermatologists. Try DERCOS, The Haircare And Scalp Expert.",Shop now,IMAGE,https://fb.com/canvas_doc/1311302761198627,fb.com,/canvas_doc/1311302761198627,,,,,,,Not Specified,,,,,,,,,,"['FACEBOOK', 'INSTAGRAM', 'AUDIENCE_NETWORK', 'MESSENGER', 'THREADS']",,,,,2026-W36,2026-09,"FACEBOOK, INSTAGRAM, AUDIENCE_NETWORK, MESSENGER, THREADS",True,True,True,True,True,False,Internal/App Page,True,False,False,2026-09-07,2026-06-10 07:00:00,2026-09-07 16:55:10.186478,89
4490935531229973,,True,2026-06-10 07:00:00,2026-09-06 07:00:00,Chemist Warehouse,Chemist Warehouse,Target Dandruff From First Use,Say goodbye to dandruff with the world’s #1 derm-recommended brand. Clinical efficacy you can trust. Shop now!,Shop now,IMAGE,https://fb.com/canvas_doc/1943345497055585,fb.com,/canvas_doc/1943345497055585,,,,,,,Not Specified,,,,,,,,,,"['FACEBOOK', 'INSTAGRAM', 'AUDIENCE_NETWORK', 'MESSENGER', 'THREADS']",,,,,2026-W36,2026-09,"FACEBOOK, INSTAGRAM, AUDIENCE_NETWORK, MESSENGER, THREADS",True,True,True,True,True,False,Internal/App Page,True,False,False,2026-09-07,2026-06-10 07:00:00,2026-09-07 16:55:10.186478,89
2097299617483293,,True,2026-06-10 07:00:00,2026-09-06 07:00:00,Chemist Warehouse,Chemist Warehouse,Anti-Dandruff From First Use,Experience the science of Dercos by Vichy. Shop now at Chemist Warehouse.,Shop now,IMAGE,https://fb.com/canvas_doc/1291063919295564,fb.com,/canvas_doc/1291063919295564,,,,,,,Not Specified,,,,,,,,,,"['FACEBOOK', 'INSTAGRAM', 'AUDIENCE_NETWORK', 'MESSENGER', 'THREADS']",,,,,2026-W36,2026-09,"FACEBOOK, INSTAGRAM, AUDIENCE_NETWORK, MESSENGER, THREADS",True,True,True,True,True,False,Internal/App Page,True,True,False,2026-09-07,2026-06-10 07:00:00,2026-09-07 16:55:10.186478,89
997151496502885,1639240033852168,True,2026-06-11 07:00:00,2026-09-06 07:00:00,Chemist Warehouse,Chemist Warehouse,{{product.name}},{{product.brand}},Shop now,DCO,https://www.chemistwarehouse.com.au/shop-online/4617/essano-skincare?utm_source=facebook&utm_medium=social&utm_campaign=au_cw_coop_facebook_social_vitalitybrandsworldwide_essano_665_2026_100243-bau_video-image&utm_term=traffic&utm_content=video-image_all,www.chemistwarehouse.com.au,/shop-online/4617/essano-skincare,facebook,social,au_cw_coop_facebook_social_vitalitybrandsworldwide_essano_665_2026_100243-bau_video-image,665,traffic,video-image_all,Coop,Vitalitybrandsworldwide,Essano,2026,video-image,One drop closer to quenched skin,"Plump, hydrated skin starts with essano Hydration+ powered by four weights of hyaluronic acid. No fluff, just results.",Shop Now,https://scontent.flim31-1.fna.fbcdn.net/v/t39.35426-6/721129477_1680104559775850_1724707076740059685_n.jpg?_nc_cat=101&ccb=1-7&_nc_sid=c53f8f&_nc_ohc=k9YRtuDMbLkQ7kNvwHl7xCN&_nc_oc=AdpF8p_YlraPnEGinX0im1gC1wyhuyw5bw8p7yqXwJ0nsV_GCvyz_b0SaYiFR511Iis&_nc_zt=14&_nc_ht=scontent.flim31-1.fna&_nc_gid=g4oChBoPZ3EmvW_A1Mskpw&_nc_ss=7f180&oh=00_AQK4CAibRSAVl2KcoS5B1uhi5Kq5SkSOB0XGaymSFHzzHA&oe=6AA3C265,,"['FACEBOOK', 'INSTAGRAM', 'AUDIENCE_NETWORK', 'MESSENGER', 'THREADS']",au,cw,facebook,social,2026-W36,2026-09,"FACEBOOK, INSTAGRAM, AUDIENCE_NETWORK, MESSENGER, THREADS",True,True,True,True,True,False,Brand/Category Page,True,False,False,2026-09-07,2026-06-11 07:00:00,2026-09-07 16:55:10.186478,88
866205029863214,1202847438574265,True,2026-06-11 07:00:00,2026-09-06 07:00:00,Chemist Warehouse,Chemist Warehouse,{{product.name}},{{product.brand}},Shop now,DCO,https://www.chemistwarehouse.com.au/shop-online/5318/garnier?category=Skincare&utm_source=facebook&utm_medium=social&utm_campaign=au_cw_coop_facebook_social_lorealaustraliaptyltd_garnier_665_may26_100045-bau_image&utm_term=traffic&utm_content=image_GarnierGoodInstore,www.chemistwarehouse.com.au,/shop-online/5318/garnier,facebook,social,au_cw_coop_facebook_social_lorealaustraliaptyltd_garnier_665_may26_100045-bau_image,665,traffic,image_GarnierGoodInstore,Coop,Lorealaustraliaptyltd,Garnier,may26,image,Shop Garnier at Chemist Warehouse,Shop Garnier GOOD range at Chemist Warehouse,Shop Now,,https://video.flim31-1.fna.fbcdn.net/o1/v/t2/f2/m366/AQPxAyTubzltgZS0sQY3tlTVbYTT_Omp4TuJkKR1n08VIQ2l9XJ4sfnF0oAK9QF_8M_WDcrU5V6A4hMAMeAj208hRtJHEeHbfnj55Kr-lzj83g.mp4?_nc_cat=103&_nc_oc=AdpULcGG3o-5X3y7h5dKnWHHJyH91t5i_QgcRCmkFyYgkGPGHtO_Zf6SKyqe92pX-Fc&_nc_sid=b66105&_nc_ht=video.flim31-1.fna.fbcdn.net&_nc_ohc=8LlduR1jvd8Q7kNvwF8n3bA&efg=eyJ2ZW5jb2RlX3RhZyI6Inhwdl9wcm9ncmVzc2l2ZS5WSV9VU0VDQVNFX1BST0RVQ1RfVFlQRS4uQzMuNzIwLmRhc2hfaDI2NC1iYXNpYy1nZW4yXzcyMHAiLCJ4cHZfYXNzZXRfaWQiOjk4NDg1MzE3MTA3NjQ3NywiYXNzZXRfYWdlX2RheXMiOjg4LCJ2aV91c2VjYXNlX2lkIjoxMDc5OSwiZHVyYXRpb25fcyI6MjMsInVybGdlbl9zb3VyY2UiOiJ3d3cifQ%3D%3D&ccb=17-1&vs=cfb1c45a072c91a&_nc_vs=HBksFQIYRWZiX2VwaGVtZXJhbC9EQjRENTdFMTA2REYyOTYxNkU0RDU4RTRCQ0M4N0U4Ml9tdF8xX3ZpZGVvX2Rhc2hpbml0Lm1wNBUAAsgBEgAVAhhAZmJfcGVybWFuZW50L0I3NEUxRTkzRkUxN0VDMkY0NUU1ODJDMjQ1MjFFNDhFX2F1ZGlvX2Rhc2hpbml0Lm1wNBUCAsgBEgAoABgAGwKIB3VzZV9vaWwBMRJwcm9ncmVzc2l2ZV9yZWNpcGUBMRUAACb69df2_-2_AxUCKAJDMywXQDc7peNT988YGWRhc2hfaDI2NC1iYXNpYy1nZW4yXzcyMHARAHUAZd6oAQA&_nc_gid=g4oChBoPZ3EmvW_A1Mskpw&_nc_ss=7f180&_nc_zt=28&oh=00_AQJbmI35Qj5W7HW2gOp2Qa2CficYGTjUnTKV8nXyHV8oLg&oe=6AA3B6A1,"['FACEBOOK', 'INSTAGRAM', 'AUDIENCE_NETWORK', 'MESSENGER', 'THREADS']",au,cw,facebook,social,2026-W36,2026-09,"FACEBOOK, INSTAGRAM, AUDIENCE_NETWORK, MESSENGER, THREADS",True,True,True,True,True,False,Brand/Category Page,True,False,False,2026-09-07,2026-06-11 07:00:00,2026-09-07 16:55:10.186478,88
993487136783891,1312113263851782,True,2026-06-11 07:00:00,2026-09-06 07:00:00,Chemist Warehouse,Chemist Warehouse,{{product.name}},{{product.brand}},Shop now,DCO,https://www.chemistwarehouse.com.au/shop-online/4617/essano-skincare?utm_source=facebook&utm_medium=social&utm_campaign=au_cw_coop_facebook_social_vitalitybrandsworldwide_essano_665_2026_100243-bau_video-image&utm_term=traffic&utm_content=video-image_all,www.chemistwarehouse.com.au,/shop-online/4617/essano-skincare,facebook,social,au_cw_coop_facebook_social_vitalitybrandsworldwide_essano_665_2026_100243-bau_video-image,665,traffic,video-image_all,Coop,Vitalitybrandsworldwide,Essano,2026,video-image,One drop closer to quenched skin,"Plump, hydrated skin starts with essano Hydration+ powered by four weights of hyaluronic acid. No fluff, just results.",Shop Now,https://scontent.flim31-1.fna.fbcdn.net/v/t39.35426-6/719598180_2187987498627125_4184615972373812202_n.jpg?_nc_cat=103&ccb=1-7&_nc_sid=c53f8f&_nc_ohc=LqiXGDYAJYQQ7kNvwE3zrqL&_nc_oc=AdoWt_LR8v7Wwsg--eZpQuyiwXjf7gRXJczncE9kcmsU8GdtFAYXCy5uMneffu33oEQ&_nc_zt=14&_nc_ht=scontent.flim31-1.fna&_nc_gid=g4oChBoPZ3EmvW_A1Mskpw&_nc_ss=7f180&oh=00_AQJ3mkbmZwbYR7eH28d6yZJC61JnqpLBSCpz5knXZ1jqqQ&oe=6AA3B291,,"['FACEBOOK', 'INSTAGRAM', 'AUDIENCE_NETWORK', 'MESSENGER', 'THREADS']",au,cw,facebook,social,2026-W36,2026-09,"FACEBOOK, INSTAGRAM, AUDIENCE_NETWORK, MESSENGER, THREADS",True,True,True,True,True,False,Brand/Category Page,True,False,False,2026-09-07,2026-06-11 07:00:00,2026-09-07 16:55:10.186478,88
1189471696621063,1911101179566146,True,2026-06-11 07:00:00,2026-09-06 07:00:00,Chemist Warehouse,Chemist Warehouse,{{product.name}},{{product.brand}},Shop now,DCO,https://www.chemistwarehouse.com.au/shop-online/4617/essano-skincare?utm_source=facebook&utm_medium=social&utm_campaign=au_cw_coop_facebook_social_vitalitybrandsworldwide_essano_665_2026_100243-bau_video-image&utm_term=traffic&utm_content=video-image_all,www.chemistwarehouse.com.au,/shop-online/4617/essano-skincare,facebook,social,au_cw_coop_facebook_social_vitalitybrandsworldwide_essano_665_2026_100243-bau_video-image,665,traffic,video-image_all,Coop,Vitalitybrandsworldwide,Essano,2026,video-image,One drop closer to quenched skin,"Plump, hydrated skin starts with essano Hydration+ powered by four weights of hyaluronic acid. No fluff, just results.",Shop Now,https://scontent.flim31-1.fna.fbcdn.net/v/t39.35426-6/719969380_1642144346843295_6340368107692613312_n.jpg?_nc_cat=106&ccb=1-7&_nc_sid=c53f8f&_nc_ohc=0U_R5r1--owQ7kNvwFmaoka&_nc_oc=AdrgqwGiDVYP-1GQEN9AE1PHnmo_tCwWf8lkjILfUo2cfj91GanW4C9LrkwSB10UjZE&_nc_zt=14&_nc_ht=scontent.flim31-1.fna&_nc_gid=g4oChBoPZ3EmvW_A1Mskpw&_nc_ss=7f180&oh=00_AQKzxzM-Qzy0wM9zHqwP9tKm-XnxxYt3ELSPs7ABp_f2sg&oe=6AA3ADF1,,"['FACEBOOK', 'INSTAGRAM', 'AUDIENCE_NETWORK', 'MESSENGER', 'THREADS']",au,cw,facebook,social,2026-W36,2026-09,"FACEBOOK, INSTAGRAM, AUDIENCE_NETWORK, MESSENGER, THREADS",True,True,True,True,True,False,Brand/Category Page,True,False,False,2026-09-07,2026-06-11 07:00:00,2026-09-07 16:55:10.186478,88
1511556204085190,1310913481135646,True,2026-06-04 07:00:00,2026-09-06 07:00:00,Chemist Warehouse,Chemist Warehouse,{{product.name}},{{product.brand}},Shop now,DCO,https://www.chemistwarehouse.com.au/shop-online/4343/daily-dog?utm_source=facebook&utm_medium=social&utm_campaign=au_cw_house_facebook_social_chemistwarehouse_dailydog_60000_2026_100349-bau_image&utm_term=traffic&utm_content=image_static-range,www.chemistwarehouse.com.au,/shop-online/4343/daily-dog,facebook,social,au_cw_house_facebook_social_chemistwarehouse_dailydog_60000_2026_100349-bau_image,60000,traffic,image_static-range,House,Chemistwarehouse,Dailydog,2026,image,Treat your fur baby to Daily Dog,"Discover Daily Dog range at Chemist Warehouse, shop online now",Shop Now,https://scontent.flim31-1.fna.fbcdn.net/v/t39.35426-6/716450730_1558218735642420_2600040955787648435_n.jpg?_nc_cat=105&ccb=1-7&_nc_sid=c53f8f&_nc_ohc=VuomuBys88gQ7kNvwHKHbAu&_nc_oc=AdoxKAhg_CyFEtctMYI9k2W6dy4Ok1ErR3wnKw_jk9E0ExIMuu5nz7n7ZtCbZfF_Bhs&_nc_zt=14&_nc_ht=scontent.flim31-1.fna&_nc_gid=g4oChBoPZ3EmvW_A1Mskpw&_nc_ss=7f180&oh=00_AQJrU1sctBX1DoA4M951mMvLalEnHmS1Lyk6zhJU5OIRVQ&oe=6AA3BC21,,"['FACEBOOK', 'INSTAGRAM']",au,cw,facebook,social,2026-W36,2026-09,"FACEBOOK, INSTAGRAM",True,True,False,False,False,False,Brand/Category Page,True,False,False,2026-09-07,2026-06-04 07:00:00,2026-09-07 16:55:10.186478,95
1507765027470494,1291985065693843,True,2026-06-05 07:00:00,2026-09-06 07:00:00,Chemist Warehouse,Chemist Warehouse,{{product.name}},{{product.brand}},Shop now,DCO,https://www.chemistwarehouse.com.au/shop-online/4343/daily-dog?utm_source=facebook&utm_medium=social&utm_campaign=au_cw_house_facebook_social_chemistwarehouse_dailydog_60000_2026_100349-bau_image&utm_term=traffic&utm_content=image_static-accessories,www.chemistwarehouse.com.au,/shop-online/4343/daily-dog,facebook,social,au_cw_house_facebook_social_chemistwarehouse_dailydog_60000_2026_100349-bau_image,60000,traffic,image_static-accessories,House,Chemistwarehouse,Dailydog,2026,image,Treat your fur baby to Daily Dog,"Discover Daily Dog range at Chemist Warehouse, shop online now",Shop Now,https://scontent.flim31-1.fna.fbcdn.net/v/t39.35426-6/710799446_1345100407626441_332362109673370382_n.jpg?_nc_cat=102&ccb=1-7&_nc_sid=c53f8f&_nc_ohc=ruMj6wG7XGcQ7kNvwEH3d5g&_nc_oc=Adrbyq70fIZSpWCSeRHVfS2Io88C08OdfxPN68tkTRO5urFxSkcKS5wXRLUe3k_huYY&_nc_zt=14&_nc_ht=scontent.flim31-1.fna&_nc_gid=g4oChBoPZ3EmvW_A1Mskpw&_nc_ss=7f180&oh=00_AQLxYXXdOKep66QLqxk9-_IQjgn0bFovHnnzKQecoY9jQQ&oe=6AA3C668,,"['FACEBOOK', 'INSTAGRAM']",au,cw,facebook,social,2026-W36,2026-09,"FACEBOOK, INSTAGRAM",True,True,False,False,False,False,Brand/Category Page,True,False,False,2026-09-07,2026-06-05 07:00:00,2026-09-07 16:55:10.186478,94
1677776763546782,1915253812438751,True,2026-06-05 07:00:00,2026-09-06 07:00:00,Chemist Warehouse,Chemist Warehouse,{{product.name}},{{product.brand}},Shop now,DCO,https://www.chemistwarehouse.com.au/shop-online/4343/daily-dog?utm_source=facebook&utm_medium=social&utm_campaign=au_cw_house_facebook_social_chemistwarehouse_dailydog_60000_2026_100349-bau_image&utm_term=traffic&utm_content=image_static-treat,www.chemistwarehouse.com.au,/shop-online/4343/daily-dog,facebook,social,au_cw_house_facebook_social_chemistwarehouse_dailydog_60000_2026_100349-bau_image,60000,traffic,image_static-treat,House,Chemistwarehouse,Dailydog,2026,image,Treat your fur baby to Daily Dog,"Discover Daily Dog range at Chemist Warehouse, shop online now",Shop Now,https://scontent.flim31-1.fna.fbcdn.net/v/t39.35426-6/714852688_4248379578757903_7718818703371768170_n.jpg?_nc_cat=101&ccb=1-7&_nc_sid=c53f8f&_nc_ohc=QaNCKK-ClOAQ7kNvwHjkE6-&_nc_oc=AdpKJiHteArRdG5bF5KifQ0FPf4bFDSFHqNyjU8lq8mNqgKtQvD6dIfF0tdRWm_KWMI&_nc_zt=14&_nc_ht=scontent.flim31-1.fna&_nc_gid=g4oChBoPZ3EmvW_A1Mskpw&_nc_ss=7f180&oh=00_AQL7bGkNpG3GKbLZ2OnzII3WYWX7nISa6Jdm3FiLyy0X5A&oe=6AA3B785,,"['FACEBOOK', 'INSTAGRAM']",au,cw,facebook,social,2026-W36,2026-09,"FACEBOOK, INSTAGRAM",True,True,False,False,False,False,Brand/Category Page,True,False,False,2026-09-07,2026-06-05 07:00:00,2026-09-07 16:55:10.186478,94
861567429748926,2532191840547604,True,2026-06-03 07:00:00,2026-09-06 07:00:00,Chemist Warehouse,Chemist Warehouse,{{product.name}},{{product.brand}},Shop now,DCO,https://www.chemistwarehouse.com.au/shop-online/professional-haircare?utm_source=facebook&utm_medium=social&utm_campaign=au_cw_coop_facebook_social_lorealprofessional_all_129_2026_100047-bau_image&utm_term=traffic&utm_content=image_brand,www.chemistwarehouse.com.au,/shop-online/professional-haircare,facebook,social,au_cw_coop_facebook_social_lorealprofessional_all_129_2026_100047-bau_image,129,traffic,image_brand,Coop,Lorealprofessional,All,2026,image,Salon Professional Haircare,"Get the salon look at home. Professional haircare trusted by hairdressers, now at Chemist Warehouse. Shop expert care today",Shop Now,https://scontent.flim31-1.fna.fbcdn.net/v/t39.35426-6/711905794_1240566654651924_6494703754338075024_n.jpg?_nc_cat=101&ccb=1-7&_nc_sid=c53f8f&_nc_ohc=EhvlVDQ5sgsQ7kNvwEv5xIy&_nc_oc=AdqUVyh7-02Z1AUdD4SJ4pYNDBCKWHXo0UwKuwwcpWyY8X6XBttBIAXY5N86CmA3Tb8&_nc_zt=14&_nc_ht=scontent.flim31-1.fna&_nc_gid=g4oChBoPZ3EmvW_A1Mskpw&_nc_ss=7f180&oh=00_AQLMmw-Js0dpuV9vYJT0M79cM5TTa7DanKMC_l1fzYQMLw&oe=6AA3C73B,,"['FACEBOOK', 'INSTAGRAM', 'AUDIENCE_NETWORK', 'MESSENGER', 'THREADS']",au,cw,facebook,social,2026-W36,2026-09,"FACEBOOK, INSTAGRAM, AUDIENCE_NETWORK, MESSENGER, THREADS",True,True,True,True,True,False,Brand/Category Page,True,False,False,2026-09-07,2026-06-03 07:00:00,2026-09-07 16:55:10.186478,96
1022720360127713,1038801368682142,True,2026-06-11 07:00:00,2026-09-06 07:00:00,Chemist Warehouse,Chemist Warehouse,Refresh Your Skin Routine,Discover Sukin cleansing balms & facial wipes at Chemist Warehouse.,Shop now,VIDEO,https://www.chemistwarehouse.com.au/shop-online/902/sukin?utm_source=facebook&utm_medium=social&utm_campaign=au_cw_coop_facebook_social_bwxbrandsptyltd_sukin_665_2026_100133-bau_video-image&utm_term=traffic&utm_content=video-image_all,www.chemistwarehouse.com.au,/shop-online/902/sukin,facebook,social,au_cw_coop_facebook_social_bwxbrandsptyltd_sukin_665_2026_100133-bau_video-image,665,traffic,video-image_all,Coop,Bwxbrandsptyltd,Sukin,2026,video-image,,,,,,"['FACEBOOK', 'INSTAGRAM', 'AUDIENCE_NETWORK', 'MESSENGER', 'WHATSAPP', 'THREADS']",au,cw,facebook,social,2026-W36,2026-09,"FACEBOOK, INSTAGRAM, AUDIENCE_NETWORK, MESSENGER, WHATSAPP, THREADS",True,True,True,True,True,True,Brand/Category Page,True,True,False,2026-09-07,2026-06-11 07:00:00,2026-09-07 16:55:10.186478,88
2076071060456980,980216628121874,True,2026-06-11 07:00:00,2026-09-05 07:00:00,Chemist Warehouse,Chemist Warehouse,Refresh Your Skin Routine,Discover Sukin cleansing balms & facial wipes at Chemist Warehouse.,Shop now,VIDEO,https://www.chemistwarehouse.com.au/shop-online/902/sukin?utm_source=facebook&utm_medium=social&utm_campaign=au_cw_coop_facebook_social_bwxbrandsptyltd_sukin_665_2026_100133-bau_video-image&utm_term=traffic&utm_content=video-image_all,www.chemistwarehouse.com.au,/shop-online/902/sukin,facebook,social,au_cw_coop_facebook_social_bwxbrandsptyltd_sukin_665_2026_100133-bau_video-image,665,traffic,video-image_all,Coop,Bwxbrandsptyltd,Sukin,2026,video-image,,,,,,"['FACEBOOK', 'INSTAGRAM', 'AUDIENCE_NETWORK', 'MESSENGER', 'WHATSAPP', 'THREADS']",au,cw,facebook,social,2026-W36,2026-09,"FACEBOOK, INSTAGRAM, AUDIENCE_NETWORK, MESSENGER, WHATSAPP, THREADS",True,True,True,True,True,True,Brand/Category Page,True,True,False,2026-09-07,2026-06-11 07:00:00,2026-09-07 16:55:10.186478,88
1327548799568174,1764227684574176,True,2026-06-11 07:00:00,2026-09-06 07:00:00,Chemist Warehouse,Chemist Warehouse,Refresh Your Skin Routine,Discover Sukin cleansing balms & facial wipes at Chemist Warehouse.,Shop now,VIDEO,https://www.chemistwarehouse.com.au/shop-online/902/sukin?utm_source=facebook&utm_medium=social&utm_campaign=au_cw_coop_facebook_social_bwxbrandsptyltd_sukin_665_2026_100133-bau_video-image&utm_term=traffic&utm_content=video-image_all,www.chemistwarehouse.com.au,/shop-online/902/sukin,facebook,social,au_cw_coop_facebook_social_bwxbrandsptyltd_sukin_665_2026_100133-bau_video-image,665,traffic,video-image_all,Coop,Bwxbrandsptyltd,Sukin,2026,video-image,,,,,,"['FACEBOOK', 'INSTAGRAM', 'AUDIENCE_NETWORK', 'MESSENGER', 'WHATSAPP', 'THREADS']",au,cw,facebook,social,2026-W36,2026-09,"FACEBOOK, INSTAGRAM, AUDIENCE_NETWORK, MESSENGER, WHATSAPP, THREADS",True,True,True,True,True,True,Brand/Category Page,True,True,False,2026-09-07,2026-06-11 07:00:00,2026-09-07 16:55:10.186478,88
1976722686544513,1287935233326695,True,2026-06-11 07:00:00,2026-09-06 07:00:00,Chemist Warehouse,Chemist Warehouse,Refresh Your Skin Routine,Discover Sukin cleansing balms & facial wipes at Chemist Warehouse.,Shop now,VIDEO,https://www.chemistwarehouse.com.au/shop-online/902/sukin?utm_source=facebook&utm_medium=social&utm_campaign=au_cw_coop_facebook_social_bwxbrandsptyltd_sukin_665_2026_100133-bau_video-image&utm_term=traffic&utm_content=video-image_all,www.chemistwarehouse.com.au,/shop-online/902/sukin,facebook,social,au_cw_coop_facebook_social_bwxbrandsptyltd_sukin_665_2026_100133-bau_video-image,665,traffic,video-image_all,Coop,Bwxbrandsptyltd,Sukin,2026,video-image,,,,,,"['FACEBOOK', 'INSTAGRAM', 'AUDIENCE_NETWORK', 'MESSENGER', 'WHATSAPP', 'THREADS']",au,cw,facebook,social,2026-W36,2026-09,"FACEBOOK, INSTAGRAM, AUDIENCE_NETWORK, MESSENGER, WHATSAPP, THREADS",True,True,True,True,True,True,Brand/Category Page,True,True,False,2026-09-07,2026-06-11 07:00:00,2026-09-07 16:55:10.186478,88
998579852792588,2279811056169415,True,2026-06-04 07:00:00,2026-09-02 07:00:00,Chemist Warehouse,Chemist Warehouse,{{product.name}},{{product.brand}},Learn more,DCO,https://www.chemistwarehouse.com.au/shop-online/5758/sudocrem?utm_source=facebook&utm_medium=social&utm_campaign=au_cw_coop_facebook_social_nicepakproductsptyltd_all_20_2026_100057-bau_video-image&utm_term=traffic&utm_content=video-image_generic,www.chemistwarehouse.com.au,/shop-online/5758/sudocrem,facebook,social,au_cw_coop_facebook_social_nicepakproductsptyltd_all_20_2026_100057-bau_video-image,20,traffic,video-image_generic,Coop,Nicepakproductsptyltd,All,2026,video-image,Soothes skin from nappy rash,"Sudocrem Healing Cream, Soothes and protect delicate skin from nappy rash",Learn More,,,"['FACEBOOK', 'INSTAGRAM', 'AUDIENCE_NETWORK', 'MESSENGER', 'THREADS']",au,cw,facebook,social,2026-W36,2026-09,"FACEBOOK, INSTAGRAM, AUDIENCE_NETWORK, MESSENGER, THREADS",True,True,True,True,True,False,Brand/Category Page,True,False,False,2026-09-07,2026-06-04 07:00:00,2026-09-07 16:55:10.186478,95
1591869366271834,1557397522758899,True,2026-06-11 07:00:00,2026-09-06 07:00:00,Chemist Warehouse,Chemist Warehouse,Refresh Your Skin Routine,Discover Sukin cleansing balms & facial wipes at Chemist Warehouse.,Shop now,VIDEO,https://www.chemistwarehouse.com.au/shop-online/902/sukin?utm_source=facebook&utm_medium=social&utm_campaign=au_cw_coop_facebook_social_bwxbrandsptyltd_sukin_665_2026_100133-bau_video-image&utm_term=traffic&utm_content=video-image_all,www.chemistwarehouse.com.au,/shop-online/902/sukin,facebook,social,au_cw_coop_facebook_social_bwxbrandsptyltd_sukin_665_2026_100133-bau_video-image,665,traffic,video-image_all,Coop,Bwxbrandsptyltd,Sukin,2026,video-image,,,,,,"['FACEBOOK', 'INSTAGRAM', 'AUDIENCE_NETWORK', 'MESSENGER', 'WHATSAPP', 'THREADS']",au,cw,facebook,social,2026-W36,2026-09,"FACEBOOK, INSTAGRAM, AUDIENCE_NETWORK, MESSENGER, WHATSAPP, THREADS",True,True,True,True,True,True,Brand/Category Page,True,True,False,2026-09-07,2026-06-11 07:00:00,2026-09-07 16:55:10.186478,88
1790816455236212,1389613899654991,True,2026-06-11 07:00:00,2026-08-31 07:00:00,Chemist Warehouse,Chemist Warehouse,Healthy Hair Starts Here,Refresh your routine with Sukin hair spritzes & nourishing masques at Chemist Warehouse.,Shop now,VIDEO,https://www.chemistwarehouse.com.au/shop-online/902/sukin?utm_source=facebook&utm_medium=social&utm_campaign=au_cw_coop_facebook_social_bwxbrandsptyltd_sukin_665_2026_100133-bau_video-image&utm_term=traffic&utm_content=video-image_all,www.chemistwarehouse.com.au,/shop-online/902/sukin,facebook,social,au_cw_coop_facebook_social_bwxbrandsptyltd_sukin_665_2026_100133-bau_video-image,665,traffic,video-image_all,Coop,Bwxbrandsptyltd,Sukin,2026,video-image,,,,,,"['FACEBOOK', 'INSTAGRAM', 'AUDIENCE_NETWORK', 'MESSENGER', 'WHATSAPP', 'THREADS']",au,cw,facebook,social,2026-W36,2026-09,"FACEBOOK, INSTAGRAM, AUDIENCE_NETWORK, MESSENGER, WHATSAPP, THREADS",True,True,True,True,True,True,Brand/Category Page,True,True,False,2026-09-07,2026-06-11 07:00:00,2026-09-07 16:55:10.186478,88
1549032246934016,1027729896592482,True,2026-05-29 07:00:00,2026-09-05 07:00:00,Chemist Warehouse,Chemist Warehouse,Shop Nude by Nature's best selling blush drops,"A lightweight, buildable serum blush that delivers a fresh, dewy flush of colour. Clean colour. Real Results.",Shop now,VIDEO,https://www.chemistwarehouse.com.au/shop-online/2601/nude-by-nature?&utm_source=facebook&utm_medium=social&utm_campaign=au_cw_coop_facebook_social_nudebynatureptyltd_nudebynature_648_2026_100097-bau_video-image&utm_term=conversion&utm_content=video-image_kol,www.chemistwarehouse.com.au,/shop-online/2601/nude-by-nature,facebook,social,au_cw_coop_facebook_social_nudebynatureptyltd_nudebynature_648_2026_100097-bau_video-image,648,conversion,video-image_kol,Coop,Nudebynatureptyltd,Nudebynature,2026,video-image,,,,,,"['FACEBOOK', 'INSTAGRAM', 'AUDIENCE_NETWORK', 'MESSENGER', 'THREADS']",au,cw,facebook,social,2026-W36,2026-09,"FACEBOOK, INSTAGRAM, AUDIENCE_NETWORK, MESSENGER, THREADS",True,True,True,True,True,False,Brand/Category Page,True,False,False,2026-09-07,2026-05-29 07:00:00,2026-09-07 16:55:10.186478,101
2828822474146430,1526126569125130,True,2026-05-29 07:00:00,2026-09-06 07:00:00,Chemist Warehouse,Chemist Warehouse,Shop Nude by Nature,"The Skin Radiance Foundation is a long wearing, light to medium coverage foundation with a radiant, dewy finish.",Shop now,VIDEO,https://www.chemistwarehouse.com.au/shop-online/2601/nude-by-nature?&utm_source=facebook&utm_medium=social&utm_campaign=au_cw_coop_facebook_social_nudebynatureptyltd_nudebynature_648_2026_100097-bau_video-image&utm_term=conversion&utm_content=video-image_kol,www.chemistwarehouse.com.au,/shop-online/2601/nude-by-nature,facebook,social,au_cw_coop_facebook_social_nudebynatureptyltd_nudebynature_648_2026_100097-bau_video-image,648,conversion,video-image_kol,Coop,Nudebynatureptyltd,Nudebynature,2026,video-image,,,,,,"['FACEBOOK', 'INSTAGRAM', 'AUDIENCE_NETWORK', 'MESSENGER', 'THREADS']",au,cw,facebook,social,2026-W36,2026-09,"FACEBOOK, INSTAGRAM, AUDIENCE_NETWORK, MESSENGER, THREADS",True,True,True,True,True,False,Brand/Category Page,True,False,False,2026-09-07,2026-05-29 07:00:00,2026-09-07 16:55:10.186478,101
1032909909392248,1674917927130228,True,2026-06-11 07:00:00,2026-08-23 07:00:00,Chemist Warehouse,Chemist Warehouse,Healthy Hair Starts Here,Refresh your routine with Sukin hair spritzes & nourishing masques at Chemist Warehouse.,Shop now,VIDEO,https://www.chemistwarehouse.com.au/shop-online/902/sukin?utm_source=facebook&utm_medium=social&utm_campaign=au_cw_coop_facebook_social_bwxbrandsptyltd_sukin_665_2026_100133-bau_video-image&utm_term=traffic&utm_content=video-image_all,www.chemistwarehouse.com.au,/shop-online/902/sukin,facebook,social,au_cw_coop_facebook_social_bwxbrandsptyltd_sukin_665_2026_100133-bau_video-image,665,traffic,video-image_all,Coop,Bwxbrandsptyltd,Sukin,2026,video-image,,,,,,"['FACEBOOK', 'INSTAGRAM', 'AUDIENCE_NETWORK', 'MESSENGER', 'WHATSAPP', 'THREADS']",au,cw,facebook,social,2026-W36,2026-09,"FACEBOOK, INSTAGRAM, AUDIENCE_NETWORK, MESSENGER, WHATSAPP, THREADS",True,True,True,True,True,True,Brand/Category Page,True,True,False,2026-09-07,2026-06-11 07:00:00,2026-09-07 16:55:10.186478,88
3711985115607439,26523043347373870,True,2026-06-11 07:00:00,2026-08-15 07:00:00,Chemist Warehouse,Chemist Warehouse,Healthy Hair Starts Here,Refresh your routine with Sukin hair spritzes & nourishing masques at Chemist Warehouse.,Shop now,VIDEO,https://www.chemistwarehouse.com.au/shop-online/902/sukin?utm_source=facebook&utm_medium=social&utm_campaign=au_cw_coop_facebook_social_bwxbrandsptyltd_sukin_665_2026_100133-bau_video-image&utm_term=traffic&utm_content=video-image_all,www.chemistwarehouse.com.au,/shop-online/902/sukin,facebook,social,au_cw_coop_facebook_social_bwxbrandsptyltd_sukin_665_2026_100133-bau_video-image,665,traffic,video-image_all,Coop,Bwxbrandsptyltd,Sukin,2026,video-image,,,,,,"['FACEBOOK', 'INSTAGRAM', 'AUDIENCE_NETWORK', 'MESSENGER', 'WHATSAPP', 'THREADS']",au,cw,facebook,social,2026-W36,2026-09,"FACEBOOK, INSTAGRAM, AUDIENCE_NETWORK, MESSENGER, WHATSAPP, THREADS",True,True,True,True,True,True,Brand/Category Page,True,True,False,2026-09-07,2026-06-11 07:00:00,2026-09-07 16:55:10.186478,88
2432980090462185,1712313663519493,True,2026-05-28 07:00:00,2026-09-06 07:00:00,Chemist Warehouse,Chemist Warehouse,Unlock glass skin,"A hydrating, ultra-fine setting spray that locks in makeup, smooths powder
and delivers a glossy, glass like finish.",Shop now,VIDEO,https://www.chemistwarehouse.com.au/shop-online/5644/mcobeauty-cosmetics?utm_source=facebook&utm_medium=social&utm_campaign=au_cw_coop_facebook_social_mcobeautyptyltd_mcobeauty_648_2026_100097-bau_video-image&utm_term=traffic&utm_content=video-image_generic,www.chemistwarehouse.com.au,/shop-online/5644/mcobeauty-cosmetics,facebook,social,au_cw_coop_facebook_social_mcobeautyptyltd_mcobeauty_648_2026_100097-bau_video-image,648,traffic,video-image_generic,Coop,Mcobeautyptyltd,Mcobeauty,2026,video-image,,,,,,"['FACEBOOK', 'INSTAGRAM', 'AUDIENCE_NETWORK', 'MESSENGER', 'WHATSAPP', 'THREADS']",au,cw,facebook,social,2026-W36,2026-09,"FACEBOOK, INSTAGRAM, AUDIENCE_NETWORK, MESSENGER, WHATSAPP, THREADS",True,True,True,True,True,True,Brand/Category Page,True,False,False,2026-09-07,2026-05-28 07:00:00,2026-09-07 16:55:10.186478,102
1842953756662754,1729872451490482,True,2026-05-31 07:00:00,2026-09-06 07:00:00,Chemist Warehouse,Chemist Warehouse,Shop Bulldog Today,"Guys, if skincare feels too hard, Bulldog gets it! Simple, effective, and made for men's skin, beard & shave needs. Shop now at Chemist Warehouse!",Shop now,VIDEO,https://www.chemistwarehouse.com.au/shop-online/704064/bulldog?utm_source=facebook&utm_medium=social&utm_campaign=au_cw_coop_facebook_social_edgewellpersonalcareaustralia_bulldog_665_2026_100011-bau_video-image&utm_term=traffic&utm_content=video-image_all,www.chemistwarehouse.com.au,/shop-online/704064/bulldog,facebook,social,au_cw_coop_facebook_social_edgewellpersonalcareaustralia_bulldog_665_2026_100011-bau_video-image,665,traffic,video-image_all,Coop,Edgewellpersonalcareaustralia,Bulldog,2026,video-image,,,,,,"['FACEBOOK', 'INSTAGRAM', 'AUDIENCE_NETWORK', 'MESSENGER', 'THREADS']",au,cw,facebook,social,2026-W36,2026-09,"FACEBOOK, INSTAGRAM, AUDIENCE_NETWORK, MESSENGER, THREADS",True,True,True,True,True,False,Brand/Category Page,True,True,False,2026-09-07,2026-05-31 07:00:00,2026-09-07 16:55:10.186478,99
1643061040509793,1597842961477032,True,2026-05-29 07:00:00,2026-09-06 07:00:00,Chemist Warehouse,Chemist Warehouse,Shop Nude by Nature today!,#ad Go bold with the NEW Lacquer Lip Serums.,Shop now,VIDEO,https://www.chemistwarehouse.com.au/shop-online/2601/nude-by-nature?&utm_source=facebook&utm_medium=social&utm_campaign=au_cw_coop_facebook_social_nudebynatureptyltd_nudebynature_648_2026_100097-bau_video-image&utm_term=conversion&utm_content=video-image_dominique-ugc,www.chemistwarehouse.com.au,/shop-online/2601/nude-by-nature,facebook,social,au_cw_coop_facebook_social_nudebynatureptyltd_nudebynature_648_2026_100097-bau_video-image,648,conversion,video-image_dominique-ugc,Coop,Nudebynatureptyltd,Nudebynature,2026,video-image,,,,,,"['FACEBOOK', 'INSTAGRAM', 'AUDIENCE_NETWORK', 'MESSENGER', 'THREADS']",au,cw,facebook,social,2026-W36,2026-09,"FACEBOOK, INSTAGRAM, AUDIENCE_NETWORK, MESSENGER, THREADS",True,True,True,True,True,False,Brand/Category Page,True,False,False,2026-09-07,2026-05-29 07:00:00,2026-09-07 16:55:10.186478,101
1680487833075783,1499639871942948,True,2026-06-03 07:00:00,2026-09-06 07:00:00,Chemist Warehouse,Chemist Warehouse,{{product.name}},{{product.brand}},Learn more,DCO,https://www.chemistwarehouse.com.au/shop-online/5758/sudocrem?utm_source=facebook&utm_medium=social&utm_campaign=au_cw_coop_facebook_social_nicepakproductsptyltd_all_20_2026_100057-bau_video-image&utm_term=traffic&utm_content=video-image_generic,www.chemistwarehouse.com.au,/shop-online/5758/sudocrem,facebook,social,au_cw_coop_facebook_social_nicepakproductsptyltd_all_20_2026_100057-bau_video-image,20,traffic,video-image_generic,Coop,Nicepakproductsptyltd,All,2026,video-image,Soothes skin from nappy rash,"Sudocrem Healing Cream, Soothes and protect delicate skin from nappy rash",Learn More,,https://video.flim31-1.fna.fbcdn.net/o1/v/t2/f2/m366/AQOtJaq273mZR2L8AJVE8MMhlmQXzacB4AtrwAYXMxb0g90BH938UAdEFFWQgYzeHz6OcMQyoqtZF5zykWetU9lvKuxN2l14FGG8DJ-8Ai4CNA.mp4?_nc_cat=104&_nc_oc=AdrYbhilqZa-DVlQJmDE08QIEoV3SaMwcWLVV4FCPEUKPpQrrhzqK6Yzk3YuBAy8YAo&_nc_sid=b66105&_nc_ht=video.flim31-1.fna.fbcdn.net&_nc_ohc=9xkfulhWhDkQ7kNvwFP02GX&efg=eyJ2ZW5jb2RlX3RhZyI6Inhwdl9wcm9ncmVzc2l2ZS5WSV9VU0VDQVNFX1BST0RVQ1RfVFlQRS4uQzMuNzIwLmRhc2hfaDI2NC1iYXNpYy1nZW4yXzcyMHAiLCJ4cHZfYXNzZXRfaWQiOjIyNzQ5NDIzNjI5MDc5MzMsImFzc2V0X2FnZV9kYXlzIjo1NzcsInZpX3VzZWNhc2VfaWQiOjEwNzk5LCJkdXJhdGlvbl9zIjozMCwidXJsZ2VuX3NvdXJjZSI6Ind3dyJ9&ccb=17-1&vs=ddce9728032eeed0&_nc_vs=HBksFQIYRWZiX2VwaGVtZXJhbC8xNTRDNkVFMjVENDE5RkRENUM5NUIzRTc4QTJBRTY4MV9tdF8xX3ZpZGVvX2Rhc2hpbml0Lm1wNBUAAsgBEgAVAhg6cGFzc3Rocm91Z2hfZXZlcnN0b3JlL0dGYy1ZaHhYaTV0bGxLRUZBR3g1WXU0OG01VlVidjRHQUFBRhUCAsgBEgAoABgAGwKIB3VzZV9vaWwBMRJwcm9ncmVzc2l2ZV9yZWNpcGUBMRUAACa61Oe2icOKCBUCKAJDMywXQD4AAAAAAAAYGWRhc2hfaDI2NC1iYXNpYy1nZW4yXzcyMHARAHUAZd6oAQA&_nc_gid=g4oChBoPZ3EmvW_A1Mskpw&_nc_ss=7f180&_nc_zt=28&oh=00_AQL_kKz2PxIyoOieEhF-wkQUqrGIXy2wLixreqpKc0dq2w&oe=6AA39E94,"['FACEBOOK', 'INSTAGRAM', 'AUDIENCE_NETWORK', 'MESSENGER', 'THREADS']",au,cw,facebook,social,2026-W36,2026-09,"FACEBOOK, INSTAGRAM, AUDIENCE_NETWORK, MESSENGER, THREADS",True,True,True,True,True,False,Brand/Category Page,True,False,False,2026-09-07,2026-06-03 07:00:00,2026-09-07 16:55:10.186478,96
1515371666655388,2284360432309530,True,2026-05-28 07:00:00,2026-09-05 07:00:00,Chemist Warehouse,Chemist Warehouse,The milky glaze that locks it all in.,"Milky Toner is here!  A rich toner essence with Ceramides and Hyaluronic Acid to hydrate, smooth and prep skin for makeup.",Shop now,VIDEO,https://www.chemistwarehouse.com.au/shop-online/5644/mcobeauty-cosmetics?utm_source=facebook&utm_medium=social&utm_campaign=au_cw_coop_facebook_social_mcobeautyptyltd_mcobeauty_648_2026_100097-bau_video-image&utm_term=traffic&utm_content=video-image_generic,www.chemistwarehouse.com.au,/shop-online/5644/mcobeauty-cosmetics,facebook,social,au_cw_coop_facebook_social_mcobeautyptyltd_mcobeauty_648_2026_100097-bau_video-image,648,traffic,video-image_generic,Coop,Mcobeautyptyltd,Mcobeauty,2026,video-image,,,,,,"['FACEBOOK', 'INSTAGRAM', 'AUDIENCE_NETWORK', 'MESSENGER', 'WHATSAPP', 'THREADS']",au,cw,facebook,social,2026-W36,2026-09,"FACEBOOK, INSTAGRAM, AUDIENCE_NETWORK, MESSENGER, WHATSAPP, THREADS",True,True,True,True,True,True,Brand/Category Page,True,False,False,2026-09-07,2026-05-28 07:00:00,2026-09-07 16:55:10.186478,102
813799854943705,1977870582870596,True,2026-05-28 07:00:00,2026-09-06 07:00:00,Chemist Warehouse,Chemist Warehouse,The milky glaze that locks it all in.,Ready for a routine refresh? ✨ Shop now at Chemist Warehouse,Shop now,VIDEO,https://www.chemistwarehouse.com.au/shop-online/5644/mcobeauty-cosmetics?utm_source=facebook&utm_medium=social&utm_campaign=au_cw_coop_facebook_social_mcobeautyptyltd_mcobeauty_648_2026_100097-bau_video-image&utm_term=traffic&utm_content=video-image_generic,www.chemistwarehouse.com.au,/shop-online/5644/mcobeauty-cosmetics,facebook,social,au_cw_coop_facebook_social_mcobeautyptyltd_mcobeauty_648_2026_100097-bau_video-image,648,traffic,video-image_generic,Coop,Mcobeautyptyltd,Mcobeauty,2026,video-image,,,,,,"['FACEBOOK', 'INSTAGRAM', 'AUDIENCE_NETWORK', 'MESSENGER', 'WHATSAPP', 'THREADS']",au,cw,facebook,social,2026-W36,2026-09,"FACEBOOK, INSTAGRAM, AUDIENCE_NETWORK, MESSENGER, WHATSAPP, THREADS",True,True,True,True,True,True,Brand/Category Page,True,True,False,2026-09-07,2026-05-28 07:00:00,2026-09-07 16:55:10.186478,102
1673966530510184,26974417422198457,True,2026-05-29 07:00:00,2026-09-06 07:00:00,Chemist Warehouse,Chemist Warehouse,The milky glaze that locks it all in,"Milky Toner is here! A rich toner essence with Ceramides and Hyaluronic Acid to hydrate, smooth and prep skin for makeup. Shop now at Chemist Warehouse",Shop now,VIDEO,https://www.chemistwarehouse.com.au/shop-online/5644/mcobeauty-cosmetics?utm_source=facebook&utm_medium=social&utm_campaign=au_cw_coop_facebook_social_mcobeautyptyltd_mcobeauty_648_2026_100097-bau_video-image&utm_term=traffic&utm_content=video-image_generic,www.chemistwarehouse.com.au,/shop-online/5644/mcobeauty-cosmetics,facebook,social,au_cw_coop_facebook_social_mcobeautyptyltd_mcobeauty_648_2026_100097-bau_video-image,648,traffic,video-image_generic,Coop,Mcobeautyptyltd,Mcobeauty,2026,video-image,,,,,,"['FACEBOOK', 'INSTAGRAM', 'AUDIENCE_NETWORK', 'MESSENGER', 'WHATSAPP', 'THREADS']",au,cw,facebook,social,2026-W36,2026-09,"FACEBOOK, INSTAGRAM, AUDIENCE_NETWORK, MESSENGER, WHATSAPP, THREADS",True,True,True,True,True,True,Brand/Category Page,True,True,False,2026-09-07,2026-05-29 07:00:00,2026-09-07 16:55:10.186478,101
1676732083478433,1452537026921100,True,2026-05-25 07:00:00,2026-09-06 07:00:00,Chemist Warehouse,Chemist Warehouse,Choose High‑Quality Ester-C Vitamin C for Family,GO ESTER‑C® products contain high‑quality Ester‑C® Vitamin C with superior absorption. Non‑acidic and gentle on the stomach.,Shop now,VIDEO,https://www.chemistwarehouse.com.au/shop-online/2997/go-healthy?utm_source=facebook&utm_medium=social&utm_campaign=au_cw_coop_facebook_social_thebetterhealthcompanyaustralia_gohealthy_81_2026_bau_dynamic&utm_term=traffic&utm_content=image_branding,www.chemistwarehouse.com.au,/shop-online/2997/go-healthy,facebook,social,au_cw_coop_facebook_social_thebetterhealthcompanyaustralia_gohealthy_81_2026_bau_dynamic,81,traffic,image_branding,Coop,Thebetterhealthcompanyaustralia,Gohealthy,2026,dynamic,,,,,,"['FACEBOOK', 'INSTAGRAM', 'MESSENGER']",au,cw,facebook,social,2026-W36,2026-09,"FACEBOOK, INSTAGRAM, MESSENGER",True,True,False,True,False,False,Brand/Category Page,True,False,False,2026-09-07,2026-05-25 07:00:00,2026-09-07 16:55:10.186478,105
1796869515028905,1025939226431148,True,2026-05-26 07:00:00,2026-09-06 07:00:00,Chemist Warehouse,Chemist Warehouse,Choose High‑Quality Ester-C Vitamin C for Family,GO ESTER‑C® products contain high‑quality Ester‑C® Vitamin C with superior absorption. Non‑acidic and gentle on the stomach.,See details,VIDEO,https://www.chemistwarehouse.com.au/shop-online/2997/go-healthy?utm_source=facebook&utm_medium=social&utm_campaign=au_cw_coop_facebook_social_thebetterhealthcompanyaustralia_gohealthy_81_2026_bau_dynamic&utm_term=traffic&utm_content=image_branding,www.chemistwarehouse.com.au,/shop-online/2997/go-healthy,facebook,social,au_cw_coop_facebook_social_thebetterhealthcompanyaustralia_gohealthy_81_2026_bau_dynamic,81,traffic,image_branding,Coop,Thebetterhealthcompanyaustralia,Gohealthy,2026,dynamic,,,,,,"['FACEBOOK', 'INSTAGRAM', 'MESSENGER']",au,cw,facebook,social,2026-W36,2026-09,"FACEBOOK, INSTAGRAM, MESSENGER",True,True,False,True,False,False,Brand/Category Page,True,False,False,2026-09-07,2026-05-26 07:00:00,2026-09-07 16:55:10.186478,104
993299296429683,1452537026921100,True,2026-05-24 07:00:00,2026-09-06 07:00:00,Chemist Warehouse,Chemist Warehouse,Choose High‑Quality Ester-C Vitamin C for Family,GO ESTER‑C® products contain high‑quality Ester‑C® Vitamin C with superior absorption. Non‑acidic and gentle on the stomach.,Shop now,VIDEO,https://www.chemistwarehouse.com.au/shop-online/2997/go-healthy?utm_source=facebook&utm_medium=social&utm_campaign=au_cw_coop_facebook_social_thebetterhealthcompanyaustralia_gohealthy_81_2026_bau_dynamic&utm_term=traffic&utm_content=image_branding,www.chemistwarehouse.com.au,/shop-online/2997/go-healthy,facebook,social,au_cw_coop_facebook_social_thebetterhealthcompanyaustralia_gohealthy_81_2026_bau_dynamic,81,traffic,image_branding,Coop,Thebetterhealthcompanyaustralia,Gohealthy,2026,dynamic,,,,,,"['FACEBOOK', 'INSTAGRAM', 'MESSENGER']",au,cw,facebook,social,2026-W36,2026-09,"FACEBOOK, INSTAGRAM, MESSENGER",True,True,False,True,False,False,Brand/Category Page,True,False,False,2026-09-07,2026-05-24 07:00:00,2026-09-07 16:55:10.186478,106
3548138365350653,,True,2026-05-24 07:00:00,2026-09-06 07:00:00,Chemist Warehouse,Chemist Warehouse,Ester-C Vitamin C  for 24-Hour Immune Support,"""24-Hour Immune Support
GO ESTER-C® IMMUNE COMPLEX provides 24 hour immune support  with Ester-C® Vitamin C.""",Shop now,IMAGE,https://www.chemistwarehouse.com.au/shop-online/2997/go-healthy?utm_source=facebook&utm_medium=social&utm_campaign=au_cw_coop_facebook_social_thebetterhealthcompanyaustralia_gohealthy_81_2026_bau_dynamic&utm_term=traffic&utm_content=image_branding,www.chemistwarehouse.com.au,/shop-online/2997/go-healthy,facebook,social,au_cw_coop_facebook_social_thebetterhealthcompanyaustralia_gohealthy_81_2026_bau_dynamic,81,traffic,image_branding,Coop,Thebetterhealthcompanyaustralia,Gohealthy,2026,dynamic,,,,,,"['FACEBOOK', 'INSTAGRAM', 'MESSENGER']",au,cw,facebook,social,2026-W36,2026-09,"FACEBOOK, INSTAGRAM, MESSENGER",True,True,False,True,False,False,Brand/Category Page,True,False,False,2026-09-07,2026-05-24 07:00:00,2026-09-07 16:55:10.186478,106
1724521138742235,1002373845524484,True,2026-05-24 07:00:00,2026-09-06 07:00:00,Chemist Warehouse,Chemist Warehouse,Ester-C Vitamin C  for 24-Hour Immune Support,"24-Hour Immune Support
GO ESTER-C® IMMUNE COMPLEX provides 24 hour immune support  with Ester-C® Vitamin C.",Shop now,IMAGE,https://www.chemistwarehouse.com.au/shop-online/2997/go-healthy?utm_source=facebook&utm_medium=social&utm_campaign=au_cw_coop_facebook_social_thebetterhealthcompanyaustralia_gohealthy_81_2026_bau_dynamic&utm_term=traffic&utm_content=image_branding,www.chemistwarehouse.com.au,/shop-online/2997/go-healthy,facebook,social,au_cw_coop_facebook_social_thebetterhealthcompanyaustralia_gohealthy_81_2026_bau_dynamic,81,traffic,image_branding,Coop,Thebetterhealthcompanyaustralia,Gohealthy,2026,dynamic,,,,,,"['FACEBOOK', 'INSTAGRAM', 'MESSENGER']",au,cw,facebook,social,2026-W36,2026-09,"FACEBOOK, INSTAGRAM, MESSENGER",True,True,False,True,False,False,Brand/Category Page,True,False,False,2026-09-07,2026-05-24 07:00:00,2026-09-07 16:55:10.186478,106
1312490700339446,,True,2026-05-26 07:00:00,2026-09-06 07:00:00,Chemist Warehouse,Chemist Warehouse,Ester-C Vitamin C  for 24-Hour Immune Support,"""24-Hour Immune Support
GO ESTER-C® IMMUNE COMPLEX provides 24 hour immune support  with Ester-C® Vitamin C.""",Shop now,IMAGE,https://www.chemistwarehouse.com.au/shop-online/2997/go-healthy?utm_source=facebook&utm_medium=social&utm_campaign=au_cw_coop_facebook_social_thebetterhealthcompanyaustralia_gohealthy_81_2026_bau_dynamic&utm_term=traffic&utm_content=image_branding,www.chemistwarehouse.com.au,/shop-online/2997/go-healthy,facebook,social,au_cw_coop_facebook_social_thebetterhealthcompanyaustralia_gohealthy_81_2026_bau_dynamic,81,traffic,image_branding,Coop,Thebetterhealthcompanyaustralia,Gohealthy,2026,dynamic,,,,,,"['FACEBOOK', 'INSTAGRAM', 'MESSENGER']",au,cw,facebook,social,2026-W36,2026-09,"FACEBOOK, INSTAGRAM, MESSENGER",True,True,False,True,False,False,Brand/Category Page,True,False,False,2026-09-07,2026-05-26 07:00:00,2026-09-07 16:55:10.186478,104
1684438592748211,1002373845524484,True,2026-05-25 07:00:00,2026-09-06 07:00:00,Chemist Warehouse,Chemist Warehouse,Ester-C Vitamin C  for 24-Hour Immune Support,"24-Hour Immune Support
GO ESTER-C® IMMUNE COMPLEX provides 24 hour immune support  with Ester-C® Vitamin C.",Shop now,IMAGE,https://www.chemistwarehouse.com.au/shop-online/2997/go-healthy?utm_source=facebook&utm_medium=social&utm_campaign=au_cw_coop_facebook_social_thebetterhealthcompanyaustralia_gohealthy_81_2026_bau_dynamic&utm_term=traffic&utm_content=image_branding,www.chemistwarehouse.com.au,/shop-online/2997/go-healthy,facebook,social,au_cw_coop_facebook_social_thebetterhealthcompanyaustralia_gohealthy_81_2026_bau_dynamic,81,traffic,image_branding,Coop,Thebetterhealthcompanyaustralia,Gohealthy,2026,dynamic,,,,,,"['FACEBOOK', 'INSTAGRAM', 'MESSENGER']",au,cw,facebook,social,2026-W36,2026-09,"FACEBOOK, INSTAGRAM, MESSENGER",True,True,False,True,False,False,Brand/Category Page,True,False,False,2026-09-07,2026-05-25 07:00:00,2026-09-07 16:55:10.186478,105
2231446817389322,956036527222536,True,2026-05-19 07:00:00,2026-09-06 07:00:00,Chemist Warehouse,Chemist Warehouse,Shop at Chemist Warehouse,"Pick up your Bio Oil essentials @ Chemist Warehouse. It’s clinically proven to help reduce the appearance of stretch marks and scars 1,2, and keeps my skin super hydrated.

#chemistwarehouse #biooil

Disclaimer: 1. ProDerm Institute for Applied Dermatological Research, Hamburg, Germany, 2010 (scars study), n=36. 2 ProDerm Institute for Applied Dermatological Research, Hamburg, Germany, 2010 (stretch mark study) n=38.",Shop now,VIDEO,https://www.chemistwarehouse.com.au/shop-online/1383/bio-oil?utm_source=facebook&utm_medium=social&utm_campaign=au_cw_oa_facebook_social_aspenpharmacareaustralia_biooil_665_may26_100386-oa_video-image&utm_term=traffic&utm_content=video-image_influencer-ella,www.chemistwarehouse.com.au,/shop-online/1383/bio-oil,facebook,social,au_cw_oa_facebook_social_aspenpharmacareaustralia_biooil_665_may26_100386-oa_video-image,665,traffic,video-image_influencer-ella,O&O,Aspenpharmacareaustralia,Biooil,may26,video-image,,,,,,"['FACEBOOK', 'INSTAGRAM', 'AUDIENCE_NETWORK', 'MESSENGER', 'THREADS']",au,cw,facebook,social,2026-W36,2026-09,"FACEBOOK, INSTAGRAM, AUDIENCE_NETWORK, MESSENGER, THREADS",True,True,True,True,True,False,Brand/Category Page,True,True,False,2026-09-07,2026-05-19 07:00:00,2026-09-07 16:55:10.186478,111
2894545674233264,956036527222536,True,2026-05-19 07:00:00,2026-09-06 07:00:00,Chemist Warehouse,Chemist Warehouse,Shop at Chemist Warehouse,"Pick up your Bio Oil essentials @ Chemist Warehouse. It’s clinically proven to help reduce the appearance of stretch marks and scars 1,2, and keeps my skin super hydrated.

#chemistwarehouse #biooil

Disclaimer: 1. ProDerm Institute for Applied Dermatological Research, Hamburg, Germany, 2010 (scars study), n=36. 2 ProDerm Institute for Applied Dermatological Research, Hamburg, Germany, 2010 (stretch mark study) n=38.",Shop now,VIDEO,https://www.chemistwarehouse.com.au/shop-online/1383/bio-oil?utm_source=facebook&utm_medium=social&utm_campaign=au_cw_oa_facebook_social_aspenpharmacareaustralia_biooil_665_may26_100386-oa_video-image&utm_term=traffic&utm_content=video-image_influencer-ella,www.chemistwarehouse.com.au,/shop-online/1383/bio-oil,facebook,social,au_cw_oa_facebook_social_aspenpharmacareaustralia_biooil_665_may26_100386-oa_video-image,665,traffic,video-image_influencer-ella,O&O,Aspenpharmacareaustralia,Biooil,may26,video-image,,,,,,"['FACEBOOK', 'INSTAGRAM', 'AUDIENCE_NETWORK', 'MESSENGER', 'THREADS']",au,cw,facebook,social,2026-W36,2026-09,"FACEBOOK, INSTAGRAM, AUDIENCE_NETWORK, MESSENGER, THREADS",True,True,True,True,True,False,Brand/Category Page,True,True,False,2026-09-07,2026-05-19 07:00:00,2026-09-07 16:55:10.186478,111
1890764388280372,2082601715690998,True,2026-05-19 07:00:00,2026-09-06 07:00:00,Chemist Warehouse,Chemist Warehouse,Shop at Chemist Warehouse,Because skincare doesn’t stop at your face @Bio Oil,Shop now,VIDEO,https://www.chemistwarehouse.com.au/shop-online/1383/bio-oil?utm_source=facebook&utm_medium=social&utm_campaign=au_cw_oa_facebook_social_aspenpharmacareaustralia_biooil_665_may26_100386-oa_video-image&utm_term=traffic&utm_content=video-image_influencer-yasmina,www.chemistwarehouse.com.au,/shop-online/1383/bio-oil,facebook,social,au_cw_oa_facebook_social_aspenpharmacareaustralia_biooil_665_may26_100386-oa_video-image,665,traffic,video-image_influencer-yasmina,O&O,Aspenpharmacareaustralia,Biooil,may26,video-image,,,,,,"['FACEBOOK', 'INSTAGRAM', 'AUDIENCE_NETWORK', 'MESSENGER', 'THREADS']",au,cw,facebook,social,2026-W36,2026-09,"FACEBOOK, INSTAGRAM, AUDIENCE_NETWORK, MESSENGER, THREADS",True,True,True,True,True,False,Brand/Category Page,True,True,False,2026-09-07,2026-05-19 07:00:00,2026-09-07 16:55:10.186478,111
965116113101798,2082601715690998,True,2026-05-19 07:00:00,2026-09-06 07:00:00,Chemist Warehouse,Chemist Warehouse,Shop at Chemist Warehouse,Because skincare doesn’t stop at your face @Bio Oil,Shop now,VIDEO,https://www.chemistwarehouse.com.au/shop-online/1383/bio-oil?utm_source=facebook&utm_medium=social&utm_campaign=au_cw_oa_facebook_social_aspenpharmacareaustralia_biooil_665_may26_100386-oa_video-image&utm_term=traffic&utm_content=video-image_influencer-yasmina,www.chemistwarehouse.com.au,/shop-online/1383/bio-oil,facebook,social,au_cw_oa_facebook_social_aspenpharmacareaustralia_biooil_665_may26_100386-oa_video-image,665,traffic,video-image_influencer-yasmina,O&O,Aspenpharmacareaustralia,Biooil,may26,video-image,,,,,,"['FACEBOOK', 'INSTAGRAM', 'AUDIENCE_NETWORK', 'MESSENGER', 'THREADS']",au,cw,facebook,social,2026-W36,2026-09,"FACEBOOK, INSTAGRAM, AUDIENCE_NETWORK, MESSENGER, THREADS",True,True,True,True,True,False,Brand/Category Page,True,True,False,2026-09-07,2026-05-19 07:00:00,2026-09-07 16:55:10.186478,111
1679880739922916,,True,2026-05-19 07:00:00,2026-09-06 07:00:00,Chemist Warehouse,Chemist Warehouse,SHOP LA ROCHE-POSAY SUN PROTECTION,"Discover the Anthelios Sun Protection range, developed for sensitive skin. Lightweight, non-greasy & fragrance-free.",Shop now,IMAGE,https://fb.com/canvas_doc/983400290880987,fb.com,/canvas_doc/983400290880987,,,,,,,Not Specified,,,,,,,,,,"['FACEBOOK', 'INSTAGRAM', 'AUDIENCE_NETWORK', 'MESSENGER', 'THREADS']",,,,,2026-W36,2026-09,"FACEBOOK, INSTAGRAM, AUDIENCE_NETWORK, MESSENGER, THREADS",True,True,True,True,True,False,Internal/App Page,True,False,False,2026-09-07,2026-05-19 07:00:00,2026-09-07 16:55:10.186478,111
1583135802752826,,True,2026-05-19 07:00:00,2026-09-06 07:00:00,Chemist Warehouse,Chemist Warehouse,SHOP LA ROCHE-POSAY ANTI-AGEING SKINCARE,"Recommended by Dermatologists, explore anti-ageing, hydrating and brightening serums for effective, targeted results.",Shop now,IMAGE,https://fb.com/canvas_doc/992994927017582,fb.com,/canvas_doc/992994927017582,,,,,,,Not Specified,,,,,,,,,,"['FACEBOOK', 'INSTAGRAM', 'AUDIENCE_NETWORK', 'MESSENGER', 'THREADS']",,,,,2026-W36,2026-09,"FACEBOOK, INSTAGRAM, AUDIENCE_NETWORK, MESSENGER, THREADS",True,True,True,True,True,False,Internal/App Page,True,False,False,2026-09-07,2026-05-19 07:00:00,2026-09-07 16:55:10.186478,111
936978766084707,1501230811681315,True,2026-05-20 07:00:00,2026-09-06 07:00:00,Chemist Warehouse,Chemist Warehouse,SHOP LA ROCHE-POSAY ANTI-ACNE SKINCARE,"Recommended by Dermatologists, explore clear skin solutions and targeted routines for oily, acne-prone skin.",Shop now,VIDEO,https://fb.com/canvas_doc/27294847700116773,fb.com,/canvas_doc/27294847700116773,,,,,,,Not Specified,,,,,,,,,,"['FACEBOOK', 'INSTAGRAM', 'AUDIENCE_NETWORK', 'MESSENGER', 'THREADS']",,,,,2026-W36,2026-09,"FACEBOOK, INSTAGRAM, AUDIENCE_NETWORK, MESSENGER, THREADS",True,True,True,True,True,False,Internal/App Page,True,False,False,2026-09-07,2026-05-20 07:00:00,2026-09-07 16:55:10.186478,110
1533397191840231,1568775927532168,True,2026-05-19 07:00:00,2026-09-06 07:00:00,Chemist Warehouse,Chemist Warehouse,{{product.name}},{{product.brand}},Shop now,DCO,https://www.chemistwarehouse.com.au/shop-online/2351/la-roche-posay?category=Dry%2C%20Sensitive%20%26%20Itchy%20Skin&utm_source=facebook&utm_medium=social&utm_campaign=au_cw_coop_facebook_social_lorealarocheposaycerave_larocheposay_665_2026_bau_dynamic&utm_term=traffic&utm_content=dynamic_dry,www.chemistwarehouse.com.au,/shop-online/2351/la-roche-posay,facebook,social,au_cw_coop_facebook_social_lorealarocheposaycerave_larocheposay_665_2026_bau_dynamic,665,traffic,dynamic_dry,Coop,Lorealarocheposaycerave,Larocheposay,2026,dynamic,SHOP LA ROCHE-POSAY FOR DRY SKIN,"Recommended by Dermatologists, explore Cicaplast skincare formulated to provide intense hydration & support the skin barrier.",Shop Now,https://scontent.flim31-1.fna.fbcdn.net/v/t39.35426-6/670570570_1461144555476835_3529941588856126360_n.jpg?_nc_cat=108&ccb=1-7&_nc_sid=c53f8f&_nc_ohc=VIM-R5G7fk8Q7kNvwHQM8cS&_nc_oc=AdqKs42SBpuxuJVJ6riE7qNgUnGoeIBJDjwR3YHRe2Y2eTDBhTlspSw5Tvu_P2nod-Q&_nc_zt=14&_nc_ht=scontent.flim31-1.fna&_nc_gid=y2hDknh9OOcYxNl138m09w&_nc_ss=7f180&oh=00_AQLc-N2ymUmWbT5DWv1iSqbi5dWs_b8ctX2Lt0puSp52yg&oe=6AA3B7EB,,"['FACEBOOK', 'INSTAGRAM', 'AUDIENCE_NETWORK', 'MESSENGER', 'THREADS']",au,cw,facebook,social,2026-W36,2026-09,"FACEBOOK, INSTAGRAM, AUDIENCE_NETWORK, MESSENGER, THREADS",True,True,True,True,True,False,Brand/Category Page,True,False,False,2026-09-07,2026-05-19 07:00:00,2026-09-07 16:55:10.186478,111
1332692462332560,960019757090737,True,2026-06-11 07:00:00,2026-09-06 07:00:00,Chemist Warehouse,Chemist Warehouse,{{product.name}},{{product.brand}},Shop now,DCO,https://www.chemistwarehouse.com.au/shop-online/4617/essano-skincare?utm_source=facebook&utm_medium=social&utm_campaign=au_cw_coop_facebook_social_vitalitybrandsworldwide_essano_665_2026_100243-bau_video-image&utm_term=traffic&utm_content=video-image_all,www.chemistwarehouse.com.au,/shop-online/4617/essano-skincare,facebook,social,au_cw_coop_facebook_social_vitalitybrandsworldwide_essano_665_2026_100243-bau_video-image,665,traffic,video-image_all,Coop,Vitalitybrandsworldwide,Essano,2026,video-image,One drop closer to quenched skin,"Plump, hydrated skin starts with essano Hydration+ powered by four weights of hyaluronic acid. No fluff, just results.",Shop Now,https://scontent.flim31-1.fna.fbcdn.net/v/t39.35426-6/719051238_2305732499956254_5785978151516134274_n.jpg?_nc_cat=107&ccb=1-7&_nc_sid=c53f8f&_nc_ohc=0E5R28EfIwAQ7kNvwH9I7N-&_nc_oc=Ado_V3skHVxjDRu8Ase50A37w7elpYzs51sfKfa13v-Zs8klXiKf7S7Livg7UA1TjC8&_nc_zt=14&_nc_ht=scontent.flim31-1.fna&_nc_gid=g4oChBoPZ3EmvW_A1Mskpw&_nc_ss=7f180&oh=00_AQIjlHslnIZPHw-KxeFdeRn4iPOpJxYtSNhgXlswb-Y5Zg&oe=6AA3A8DE,,"['FACEBOOK', 'INSTAGRAM', 'AUDIENCE_NETWORK', 'MESSENGER', 'THREADS']",au,cw,facebook,social,2026-W36,2026-09,"FACEBOOK, INSTAGRAM, AUDIENCE_NETWORK, MESSENGER, THREADS",True,True,True,True,True,False,Brand/Category Page,True,False,False,2026-09-07,2026-06-11 07:00:00,2026-09-07 16:55:10.186478,88
2054850708709947,,True,2026-05-19 07:00:00,2026-09-06 07:00:00,Chemist Warehouse,Chemist Warehouse,SHOP THE LA ROCHE-POSAY RANGE,"Recommended by Dermatologists, explore solutions for anti-ageing, acne, pigmentation and more.",Shop now,IMAGE,https://fb.com/canvas_doc/1270369865242337,fb.com,/canvas_doc/1270369865242337,,,,,,,Not Specified,,,,,,,,,,"['FACEBOOK', 'INSTAGRAM', 'AUDIENCE_NETWORK', 'MESSENGER', 'THREADS']",,,,,2026-W36,2026-09,"FACEBOOK, INSTAGRAM, AUDIENCE_NETWORK, MESSENGER, THREADS",True,True,True,True,True,False,Internal/App Page,True,False,False,2026-09-07,2026-05-19 07:00:00,2026-09-07 16:55:10.186478,111
1357855142917328,1252239643389887,True,2026-05-13 07:00:00,2026-09-05 07:00:00,Chemist Warehouse,Chemist Warehouse,Get pro results now,"Salon-grade haircare, now in your hands! Shop L’Oréal Professionnel Metal Detox at Chemist Warehouse",Shop now,VIDEO,https://www.chemistwarehouse.com.au/buy/139310/l-oreal-professionnel-serie-expert-metal-detox-mask-250ml?utm_source=facebook&utm_medium=social&utm_campaign=au_cw_coop_facebook_social_lorealprofessional_lorealprofessionnel_129_2026_bau_dynamic&utm_term=traffic&utm_content=dynamic_stylist,www.chemistwarehouse.com.au,/buy/139310/l-oreal-professionnel-serie-expert-metal-detox-mask-250ml,facebook,social,au_cw_coop_facebook_social_lorealprofessional_lorealprofessionnel_129_2026_bau_dynamic,129,traffic,dynamic_stylist,Coop,Lorealprofessional,Lorealprofessionnel,2026,dynamic,,,,,,"['FACEBOOK', 'INSTAGRAM', 'AUDIENCE_NETWORK', 'MESSENGER', 'THREADS']",au,cw,facebook,social,2026-W36,2026-09,"FACEBOOK, INSTAGRAM, AUDIENCE_NETWORK, MESSENGER, THREADS",True,True,True,True,True,False,SKU Product,True,True,False,2026-09-07,2026-05-13 07:00:00,2026-09-07 16:55:10.186478,117
4082377828563960,3423006067847896,True,2026-05-12 07:00:00,2026-09-06 07:00:00,Chemist Warehouse,Chemist Warehouse,Matrix x KATSEYE: Hair in motion.,Matrix x KATSEYE: Pro haircare that transforms every choreography into a stunning hairography. Stage-ready hair!,Learn more,VIDEO,https://www.chemistwarehouse.com.au/shop-online/1066/matrix?utm_source=facebook&utm_medium=social&utm_campaign=au_cw_coop_facebook_social_lorealprofessional_matrix_129_2026_100047-bau_image&utm_term=reach&utm_content=image_curly,www.chemistwarehouse.com.au,/shop-online/1066/matrix,facebook,social,au_cw_coop_facebook_social_lorealprofessional_matrix_129_2026_100047-bau_image,129,reach,image_curly,Coop,Lorealprofessional,Matrix,2026,image,,,,,,"['FACEBOOK', 'INSTAGRAM', 'AUDIENCE_NETWORK', 'WHATSAPP', 'THREADS']",au,cw,facebook,social,2026-W36,2026-09,"FACEBOOK, INSTAGRAM, AUDIENCE_NETWORK, WHATSAPP, THREADS",True,True,True,False,True,True,Brand/Category Page,True,False,False,2026-09-07,2026-05-12 07:00:00,2026-09-07 16:55:10.186478,118
1660376241894074,1003875612077223,True,2026-05-12 07:00:00,2026-09-06 07:00:00,Chemist Warehouse,Chemist Warehouse,Matrix x KATSEYE: Hair in motion.,Matrix x KATSEYE: Pro haircare that transforms every choreography into a stunning hairography. Stage-ready hair!,Learn more,VIDEO,https://www.chemistwarehouse.com.au/shop-online/1066/matrix?utm_source=facebook&utm_medium=social&utm_campaign=au_cw_coop_facebook_social_lorealprofessional_matrix_129_2026_100047-bau_image&utm_term=reach&utm_content=image_curly,www.chemistwarehouse.com.au,/shop-online/1066/matrix,facebook,social,au_cw_coop_facebook_social_lorealprofessional_matrix_129_2026_100047-bau_image,129,reach,image_curly,Coop,Lorealprofessional,Matrix,2026,image,,,,,,"['FACEBOOK', 'INSTAGRAM', 'AUDIENCE_NETWORK', 'WHATSAPP', 'THREADS']",au,cw,facebook,social,2026-W36,2026-09,"FACEBOOK, INSTAGRAM, AUDIENCE_NETWORK, WHATSAPP, THREADS",True,True,True,False,True,True,Brand/Category Page,True,False,False,2026-09-07,2026-05-12 07:00:00,2026-09-07 16:55:10.186478,118
1014562157614292,26901983076098913,True,2026-06-04 07:00:00,2026-09-06 07:00:00,Chemist Warehouse,Chemist Warehouse,{{product.name}},{{product.brand}},Shop now,DCO,https://www.chemistwarehouse.com.au/shop-online/4343/daily-dog?utm_source=facebook&utm_medium=social&utm_campaign=au_cw_house_facebook_social_chemistwarehouse_dailydog_60000_2026_100349-bau_image&utm_term=traffic&utm_content=image_static-grooming,www.chemistwarehouse.com.au,/shop-online/4343/daily-dog,facebook,social,au_cw_house_facebook_social_chemistwarehouse_dailydog_60000_2026_100349-bau_image,60000,traffic,image_static-grooming,House,Chemistwarehouse,Dailydog,2026,image,Treat your fur baby to Daily Dog,"Discover Daily Dog range at Chemist Warehouse, shop online now",Shop Now,https://scontent.flim31-1.fna.fbcdn.net/v/t39.35426-6/716076737_1296089302236096_2867560570749873178_n.jpg?_nc_cat=101&ccb=1-7&_nc_sid=c53f8f&_nc_ohc=6LEWpNNoGhIQ7kNvwGk-DPk&_nc_oc=Ado51qrmxmGK7-hMpKWmbBWT8VvvrqQ-57ksr5RxKeMjStuntRgH3caQjfIw65S1wPg&_nc_zt=14&_nc_ht=scontent.flim31-1.fna&_nc_gid=g4oChBoPZ3EmvW_A1Mskpw&_nc_ss=7f180&oh=00_AQI1XiuiAo_jGPIxTX-OJrfc7lz0-sa4sF__Lc1vrzvlJQ&oe=6AA3A0CD,,"['FACEBOOK', 'INSTAGRAM']",au,cw,facebook,social,2026-W36,2026-09,"FACEBOOK, INSTAGRAM",True,True,False,False,False,False,Brand/Category Page,True,False,False,2026-09-07,2026-06-04 07:00:00,2026-09-07 16:55:10.186478,95
4357167681163000,1318980966999194,True,2026-05-11 07:00:00,2026-09-06 07:00:00,Chemist Warehouse,Chemist Warehouse,Our Ultimate Sleep Combination,Sleep with Eze: Ultra Muscleze Night + L-Theanine,Shop now,VIDEO,https://www.chemistwarehouse.com.au/shop-online/4395/bioceuticals?utm_source=facebook&utm_medium=social&utm_campaign=au_cw_coop_facebook_social_blackmoreslimited_bioceuticals_81_2026_100087-bau_video-image&utm_term=traffic&utm_content=video-image_video-may26,www.chemistwarehouse.com.au,/shop-online/4395/bioceuticals,facebook,social,au_cw_coop_facebook_social_blackmoreslimited_bioceuticals_81_2026_100087-bau_video-image,81,traffic,video-image_video-may26,Coop,Blackmoreslimited,Bioceuticals,2026,video-image,,,,,,"['FACEBOOK', 'INSTAGRAM', 'MESSENGER']",au,cw,facebook,social,2026-W36,2026-09,"FACEBOOK, INSTAGRAM, MESSENGER",True,True,False,True,False,False,Brand/Category Page,True,False,False,2026-09-07,2026-05-11 07:00:00,2026-09-07 16:55:10.186478,119
3969787563163203,,True,2026-05-11 07:00:00,2026-09-06 07:00:00,Chemist Warehouse,Chemist Warehouse,Start Immune Support with the good Leaf,Your Immune Defense. Start Immune Support with the good Leaf! Traditionally used in herbal medicine to support healthy immunity.,Learn more,IMAGE,https://fb.com/canvas_doc/1837545224074315,fb.com,/canvas_doc/1837545224074315,,,,,,,Not Specified,,,,,,,,,,"['FACEBOOK', 'INSTAGRAM', 'AUDIENCE_NETWORK', 'MESSENGER', 'THREADS']",,,,,2026-W36,2026-09,"FACEBOOK, INSTAGRAM, AUDIENCE_NETWORK, MESSENGER, THREADS",True,True,True,True,True,False,Internal/App Page,True,False,False,2026-09-07,2026-05-11 07:00:00,2026-09-07 16:55:10.186478,119
1521509829408984,,True,2026-05-10 07:00:00,2026-09-06 07:00:00,Chemist Warehouse,Chemist Warehouse,The Power of Olive Leaf for Your Immunity,"Your Daily Wellness Ritual. Add 'the good Leaf' to your tea, smoothie, or take it neat. Supports general health & wellbeing.",Learn more,IMAGE,https://fb.com/canvas_doc/1878912039423254,fb.com,/canvas_doc/1878912039423254,,,,,,,Not Specified,,,,,,,,,,"['FACEBOOK', 'INSTAGRAM', 'AUDIENCE_NETWORK', 'MESSENGER', 'THREADS']",,,,,2026-W36,2026-09,"FACEBOOK, INSTAGRAM, AUDIENCE_NETWORK, MESSENGER, THREADS",True,True,True,True,True,False,Internal/App Page,True,False,False,2026-09-07,2026-05-10 07:00:00,2026-09-07 16:55:10.186478,120
1390359152903766,,True,2026-05-10 07:00:00,2026-09-06 07:00:00,Chemist Warehouse,Chemist Warehouse,Start Immune Support with the good Leaf,Your Immune Defense. Start Immune Support with the good Leaf! Traditionally used in herbal medicine to support healthy immunity.,Learn more,IMAGE,https://fb.com/canvas_doc/1651847252726452,fb.com,/canvas_doc/1651847252726452,,,,,,,Not Specified,,,,,,,,,,"['FACEBOOK', 'INSTAGRAM', 'AUDIENCE_NETWORK', 'MESSENGER', 'THREADS']",,,,,2026-W36,2026-09,"FACEBOOK, INSTAGRAM, AUDIENCE_NETWORK, MESSENGER, THREADS",True,True,True,True,True,False,Internal/App Page,True,False,False,2026-09-07,2026-05-10 07:00:00,2026-09-07 16:55:10.186478,120
2058468231747978,1471563510977882,True,2026-05-10 07:00:00,2026-09-04 07:00:00,Chemist Warehouse,Chemist Warehouse,Shop Comvita Olive Leaf extract,"Immune Support Made Easy. Mix it in, sip it down, or take it straight. Get 'the good Leaf' for daily immune system maintenance.",Shop now,VIDEO,https://fb.com/canvas_doc/800019812579052,fb.com,/canvas_doc/800019812579052,,,,,,,Not Specified,,,,,,,,,,"['FACEBOOK', 'INSTAGRAM', 'AUDIENCE_NETWORK', 'MESSENGER', 'THREADS']",,,,,2026-W36,2026-09,"FACEBOOK, INSTAGRAM, AUDIENCE_NETWORK, MESSENGER, THREADS",True,True,True,True,True,False,Internal/App Page,True,False,False,2026-09-07,2026-05-10 07:00:00,2026-09-07 16:55:10.186478,120
920166254418124,,True,2026-05-10 07:00:00,2026-09-06 07:00:00,Chemist Warehouse,Chemist Warehouse,Antioxidant Olive Power,Antioxidant Powerhouse. High-quality Olive Leaf Extract helps reduce free radicals formed in the body. Start your support now!,Learn more,IMAGE,https://fb.com/canvas_doc/1706628247373592,fb.com,/canvas_doc/1706628247373592,,,,,,,Not Specified,,,,,,,,,,"['FACEBOOK', 'INSTAGRAM', 'AUDIENCE_NETWORK', 'MESSENGER', 'THREADS']",,,,,2026-W36,2026-09,"FACEBOOK, INSTAGRAM, AUDIENCE_NETWORK, MESSENGER, THREADS",True,True,True,True,True,False,Internal/App Page,True,False,False,2026-09-07,2026-05-10 07:00:00,2026-09-07 16:55:10.186478,120
1638982337311751,,True,2026-05-10 07:00:00,2026-09-05 07:00:00,Chemist Warehouse,Chemist Warehouse,Relieve inflammation & Support cardiovascular system health,"Soothe & Support. Traditionally used in herbal medicine to relieve inflammation and cough, Feel the difference.",Learn more,IMAGE,https://fb.com/canvas_doc/1259499519482851,fb.com,/canvas_doc/1259499519482851,,,,,,,Not Specified,,,,,,,,,,"['FACEBOOK', 'INSTAGRAM', 'AUDIENCE_NETWORK', 'MESSENGER', 'THREADS']",,,,,2026-W36,2026-09,"FACEBOOK, INSTAGRAM, AUDIENCE_NETWORK, MESSENGER, THREADS",True,True,True,True,True,False,Internal/App Page,True,False,False,2026-09-07,2026-05-10 07:00:00,2026-09-07 16:55:10.186478,120
1479304053030733,,True,2026-05-10 07:00:00,2026-09-06 07:00:00,Chemist Warehouse,Chemist Warehouse,Start Immune Support with the good Leaf,Your Immune Defense. Start Immune Support with the good Leaf! Traditionally used in herbal medicine to support healthy immunity.,Learn more,IMAGE,https://fb.com/canvas_doc/784354201414867,fb.com,/canvas_doc/784354201414867,,,,,,,Not Specified,,,,,,,,,,"['FACEBOOK', 'INSTAGRAM', 'AUDIENCE_NETWORK', 'MESSENGER', 'THREADS']",,,,,2026-W36,2026-09,"FACEBOOK, INSTAGRAM, AUDIENCE_NETWORK, MESSENGER, THREADS",True,True,True,True,True,False,Internal/App Page,True,False,False,2026-09-07,2026-05-10 07:00:00,2026-09-07 16:55:10.186478,120
1022679633514989,1375789770981081,True,2026-05-28 07:00:00,2026-09-06 07:00:00,Chemist Warehouse,Chemist Warehouse,"Luminous cream blush with a dewy, moisturising finish","Creates a soft, warm glow for your cheeks and lips. Made with Castor Oil, Jojoba Seed Oil, Shea Butter, and Hyaluronic Acid",Shop now,VIDEO,https://www.chemistwarehouse.com.au/shop-online/5644/mcobeauty-cosmetics?utm_source=facebook&utm_medium=social&utm_campaign=au_cw_coop_facebook_social_mcobeautyptyltd_mcobeauty_648_2026_100097-bau_video-image&utm_term=traffic&utm_content=video-image_generic,www.chemistwarehouse.com.au,/shop-online/5644/mcobeauty-cosmetics,facebook,social,au_cw_coop_facebook_social_mcobeautyptyltd_mcobeauty_648_2026_100097-bau_video-image,648,traffic,video-image_generic,Coop,Mcobeautyptyltd,Mcobeauty,2026,video-image,,,,,,"['FACEBOOK', 'INSTAGRAM', 'AUDIENCE_NETWORK', 'MESSENGER', 'WHATSAPP', 'THREADS']",au,cw,facebook,social,2026-W36,2026-09,"FACEBOOK, INSTAGRAM, AUDIENCE_NETWORK, MESSENGER, WHATSAPP, THREADS",True,True,True,True,True,True,Brand/Category Page,True,False,False,2026-09-07,2026-05-28 07:00:00,2026-09-07 16:55:10.186478,102
1404627135032645,1901551597210780,True,2026-05-27 07:00:00,2026-09-06 07:00:00,Chemist Warehouse,Chemist Warehouse,Shop Now,Shop Emla now at Chemist Warehouse!,Shop now,VIDEO,https://www.chemistwarehouse.com.au/buy/4238/emla-cream-5-30g-tube?utm_source=facebook&utm_medium=social&utm_campaign=au_cw_oa_facebook_social_aspenpharmacareaustralia_emla_99_may26_100498-oa_video-image&utm_term=traffic&utm_content=video-image_matilda,www.chemistwarehouse.com.au,/buy/4238/emla-cream-5-30g-tube,facebook,social,au_cw_oa_facebook_social_aspenpharmacareaustralia_emla_99_may26_100498-oa_video-image,99,traffic,video-image_matilda,O&O,Aspenpharmacareaustralia,Emla,may26,video-image,,,,,,"['FACEBOOK', 'INSTAGRAM', 'AUDIENCE_NETWORK', 'MESSENGER', 'WHATSAPP', 'THREADS']",au,cw,facebook,social,2026-W36,2026-09,"FACEBOOK, INSTAGRAM, AUDIENCE_NETWORK, MESSENGER, WHATSAPP, THREADS",True,True,True,True,True,True,SKU Product,True,True,False,2026-09-07,2026-05-27 07:00:00,2026-09-07 16:55:10.186478,103
1033838849302706,1256205939660638,True,2026-05-27 07:00:00,2026-09-05 07:00:00,Chemist Warehouse,Chemist Warehouse,Shop Now,Shop Emla now at Chemist Warehouse!,Shop now,VIDEO,https://www.chemistwarehouse.com.au/buy/4238/emla-cream-5-30g-tube?utm_source=facebook&utm_medium=social&utm_campaign=au_cw_oa_facebook_social_aspenpharmacareaustralia_emla_99_may26_100498-oa_video-image&utm_term=traffic&utm_content=video-image_gwen,www.chemistwarehouse.com.au,/buy/4238/emla-cream-5-30g-tube,facebook,social,au_cw_oa_facebook_social_aspenpharmacareaustralia_emla_99_may26_100498-oa_video-image,99,traffic,video-image_gwen,O&O,Aspenpharmacareaustralia,Emla,may26,video-image,,,,,,"['FACEBOOK', 'INSTAGRAM', 'AUDIENCE_NETWORK', 'MESSENGER', 'WHATSAPP', 'THREADS']",au,cw,facebook,social,2026-W36,2026-09,"FACEBOOK, INSTAGRAM, AUDIENCE_NETWORK, MESSENGER, WHATSAPP, THREADS",True,True,True,True,True,True,SKU Product,True,True,False,2026-09-07,2026-05-27 07:00:00,2026-09-07 16:55:10.186478,103
2801302790223102,,True,2026-05-10 07:00:00,2026-09-06 07:00:00,Chemist Warehouse,Chemist Warehouse,Start Immune Support with the good Leaf,Your Immune Defense. Start Immune Support with the good Leaf! Traditionally used in herbal medicine to support healthy immunity.,Learn more,IMAGE,https://fb.com/canvas_doc/1587673145682489,fb.com,/canvas_doc/1587673145682489,,,,,,,Not Specified,,,,,,,,,,"['FACEBOOK', 'INSTAGRAM', 'AUDIENCE_NETWORK', 'MESSENGER', 'THREADS']",,,,,2026-W36,2026-09,"FACEBOOK, INSTAGRAM, AUDIENCE_NETWORK, MESSENGER, THREADS",True,True,True,True,True,False,Internal/App Page,True,False,False,2026-09-07,2026-05-10 07:00:00,2026-09-07 16:55:10.186478,120
1467996494498803,37233359779641296,True,2026-05-27 07:00:00,2026-09-06 07:00:00,Chemist Warehouse,Chemist Warehouse,Available at Chemist Warehouse,Check out the new range Uriage at Chemist Warehouse!,Shop now,VIDEO,https://www.chemistwarehouse.com.au/shop-online/705639/uriage?utm_source=facebook&utm_medium=social&utm_campaign=au_cw_house_facebook_social_puig_uriage_665_may26_100522-boosting_video&utm_term=traffic&utm_content=video_instore-video,www.chemistwarehouse.com.au,/shop-online/705639/uriage,facebook,social,au_cw_house_facebook_social_puig_uriage_665_may26_100522-boosting_video,665,traffic,video_instore-video,House,Puig,Uriage,may26,video,,,,,,"['FACEBOOK', 'INSTAGRAM', 'WHATSAPP']",au,cw,facebook,social,2026-W36,2026-09,"FACEBOOK, INSTAGRAM, WHATSAPP",True,True,False,False,False,True,Brand/Category Page,True,True,False,2026-09-07,2026-05-27 07:00:00,2026-09-07 16:55:10.186478,103
982294970857656,1679139489989761,True,2026-05-27 07:00:00,2026-09-06 07:00:00,Chemist Warehouse,Chemist Warehouse,{{product.name}},{{product.brand}},Shop now,DCO,https://www.chemistwarehouse.com.au/shop-online/5318/garnier?category=Skincare&utm_source=facebook&utm_medium=social&utm_campaign=au_cw_coop_facebook_social_lorealaustraliaptyltd_garnier_665_may26_100045-bau_image&utm_term=traffic&utm_content=image_brand,www.chemistwarehouse.com.au,/shop-online/5318/garnier,facebook,social,au_cw_coop_facebook_social_lorealaustraliaptyltd_garnier_665_may26_100045-bau_image,665,traffic,image_brand,Coop,Lorealaustraliaptyltd,Garnier,may26,image,Your 2-Step Glow,"Say goodbye to dull skin! Garnier’s Vitamin C Serum + NEW Sorbet Cream duo targets the apperance of dark spots for visibly radiant, even skin tone.",Shop Now,https://scontent.flim31-1.fna.fbcdn.net/v/t39.35426-6/703356045_2546302639201426_3083990222628622759_n.jpg?_nc_cat=109&ccb=1-7&_nc_sid=c53f8f&_nc_ohc=k1I0rFd-gUAQ7kNvwHfsFaj&_nc_oc=Adp0Hkfyhq7TYV6pLthbeVAfSdtTi0BwNRc8F683pLoT0OVpWGATyryonnKQhvUBfxA&_nc_zt=14&_nc_ht=scontent.flim31-1.fna&_nc_gid=y2hDknh9OOcYxNl138m09w&_nc_ss=7f180&oh=00_AQLeLrn3uuc6DhFmJ1-h_R4SGnzBp6uNt6MW3ifRBM6Xtw&oe=6AA3C25F,,"['FACEBOOK', 'INSTAGRAM', 'AUDIENCE_NETWORK', 'MESSENGER', 'THREADS']",au,cw,facebook,social,2026-W36,2026-09,"FACEBOOK, INSTAGRAM, AUDIENCE_NETWORK, MESSENGER, THREADS",True,True,True,True,True,False,Brand/Category Page,True,False,False,2026-09-07,2026-05-27 07:00:00,2026-09-07 16:55:10.186478,103
1620611525866395,1282531270551991,True,2026-05-10 07:00:00,2026-09-06 07:00:00,Chemist Warehouse,Chemist Warehouse,Shop now at Chemist Warehouse.,"Comvita Manuka Honey On The Go UMF™ 5+, natural snack, anytime. Shop now at Chemist Warehouse.",Learn more,VIDEO,https://www.chemistwarehouse.com.au/shop-online/924/comvita?category=Manuka%20Honey&utm_source=facebook&utm_medium=social&utm_content=image&utm_campaign=au_cw_coop_facebook_social_comvita_comvita_81_2026_bau_Dynamic&utm_term=Dynamic,www.chemistwarehouse.com.au,/shop-online/924/comvita,facebook,social,au_cw_coop_facebook_social_comvita_comvita_81_2026_bau_Dynamic,81,Dynamic,image,Coop,Comvita,Comvita,2026,dynamic,,,,,,"['FACEBOOK', 'INSTAGRAM', 'AUDIENCE_NETWORK', 'MESSENGER', 'THREADS']",au,cw,facebook,social,2026-W36,2026-09,"FACEBOOK, INSTAGRAM, AUDIENCE_NETWORK, MESSENGER, THREADS",True,True,True,True,True,False,Brand/Category Page,True,True,False,2026-09-07,2026-05-10 07:00:00,2026-09-07 16:55:10.186478,120
813077814913387,,True,2026-05-16 07:00:00,2026-09-06 07:00:00,Chemist Warehouse,Chemist Warehouse,Try the soothing taste of Mānuka honey lozenges,Soothing UMF 10+ Mānuka honey lozenges with bee propolis.  Feel the difference.,Shop now,IMAGE,https://fb.com/canvas_doc/4341776329412027,fb.com,/canvas_doc/4341776329412027,,,,,,,Not Specified,,,,,,,,,,"['FACEBOOK', 'INSTAGRAM', 'AUDIENCE_NETWORK', 'MESSENGER', 'THREADS']",,,,,2026-W36,2026-09,"FACEBOOK, INSTAGRAM, AUDIENCE_NETWORK, MESSENGER, THREADS",True,True,True,True,True,False,Internal/App Page,True,False,False,2026-09-07,2026-05-16 07:00:00,2026-09-07 16:55:10.186478,114
1663731001418301,1276506504633421,True,2026-05-27 07:00:00,2026-09-06 07:00:00,Chemist Warehouse,Chemist Warehouse,{{product.name}},{{product.brand}},Shop now,DCO,https://www.chemistwarehouse.com.au/shop-online/5318/garnier?category=Skincare&utm_source=facebook&utm_medium=social&utm_campaign=au_cw_coop_facebook_social_lorealaustraliaptyltd_garnier_665_may26_100045-bau_image&utm_term=traffic&utm_content=image_brand,www.chemistwarehouse.com.au,/shop-online/5318/garnier,facebook,social,au_cw_coop_facebook_social_lorealaustraliaptyltd_garnier_665_may26_100045-bau_image,665,traffic,image_brand,Coop,Lorealaustraliaptyltd,Garnier,may26,image,Your 2-Step Glow,"Say goodbye to dull skin! Garnier’s Vitamin C Serum + NEW Sorbet Cream duo targets the apperance of dark spots for visibly radiant, even skin tone.",Shop Now,https://scontent.flim31-1.fna.fbcdn.net/v/t39.35426-6/703170423_1295524332746826_9075596120764495225_n.jpg?_nc_cat=111&ccb=1-7&_nc_sid=c53f8f&_nc_ohc=2B7Hd_T-2fwQ7kNvwFp1gnS&_nc_oc=Adq4v7d03DXdqRwD2Q0AnkNoCuufufVrvyiuT62nZKZZQrfcgSL9vGfC-9DZmtmk4sE&_nc_zt=14&_nc_ht=scontent.flim31-1.fna&_nc_gid=y2hDknh9OOcYxNl138m09w&_nc_ss=7f180&oh=00_AQIHhsMt1hJzPPoHaNeAA92rnnOsNKYw4f1FIhPlafCD7Q&oe=6AA3B2B0,,"['FACEBOOK', 'INSTAGRAM', 'AUDIENCE_NETWORK', 'MESSENGER', 'THREADS']",au,cw,facebook,social,2026-W36,2026-09,"FACEBOOK, INSTAGRAM, AUDIENCE_NETWORK, MESSENGER, THREADS",True,True,True,True,True,False,Brand/Category Page,True,False,False,2026-09-07,2026-05-27 07:00:00,2026-09-07 16:55:10.186478,103
1290593333190723,1025939226431148,True,2026-05-24 07:00:00,2026-09-06 07:00:00,Chemist Warehouse,Chemist Warehouse,Choose High‑Quality Ester-C Vitamin C for Family,GO ESTER‑C® products contain high‑quality Ester‑C® Vitamin C with superior absorption. Non‑acidic and gentle on the stomach.,See details,VIDEO,https://www.chemistwarehouse.com.au/shop-online/2997/go-healthy?utm_source=facebook&utm_medium=social&utm_campaign=au_cw_coop_facebook_social_thebetterhealthcompanyaustralia_gohealthy_81_2026_bau_dynamic&utm_term=traffic&utm_content=image_branding,www.chemistwarehouse.com.au,/shop-online/2997/go-healthy,facebook,social,au_cw_coop_facebook_social_thebetterhealthcompanyaustralia_gohealthy_81_2026_bau_dynamic,81,traffic,image_branding,Coop,Thebetterhealthcompanyaustralia,Gohealthy,2026,dynamic,,,,,,"['FACEBOOK', 'INSTAGRAM', 'MESSENGER']",au,cw,facebook,social,2026-W36,2026-09,"FACEBOOK, INSTAGRAM, MESSENGER",True,True,False,True,False,False,Brand/Category Page,True,False,False,2026-09-07,2026-05-24 07:00:00,2026-09-07 16:55:10.186478,106
1297844135075475,814096844867108,True,2026-05-10 07:00:00,2026-09-06 07:00:00,Chemist Warehouse,Chemist Warehouse,Supercharge your smoothie with Manuka honey,"Discover Comvita Mānuka honey
> Elevate your morning routine
> Each UMF™ level is a unique flavour, discover your favourite",Learn more,VIDEO,https://fb.com/canvas_doc/1483100689630311,fb.com,/canvas_doc/1483100689630311,,,,,,,Not Specified,,,,,,,,,,"['FACEBOOK', 'INSTAGRAM', 'AUDIENCE_NETWORK', 'MESSENGER', 'THREADS']",,,,,2026-W36,2026-09,"FACEBOOK, INSTAGRAM, AUDIENCE_NETWORK, MESSENGER, THREADS",True,True,True,True,True,False,Internal/App Page,True,False,False,2026-09-07,2026-05-10 07:00:00,2026-09-07 16:55:10.186478,120
953598790743442,1523199869200654,True,2026-05-04 07:00:00,2026-09-05 07:00:00,Chemist Warehouse,Chemist Warehouse,{{product.name}},{{product.brand}},Shop now,DCO,https://www.chemistwarehouse.com.au/search?query=Schwarzkopf%20full%20protect&contexts=default&utm_source=facebook&utm_medium=social&utm_campaign=au_cw_coop_facebook_social_henkelaustraliaptyltd_all_129_2026_100455-bau_image&utm_term=traffic&utm_content=image_extra-care,www.chemistwarehouse.com.au,/search,facebook,social,au_cw_coop_facebook_social_henkelaustraliaptyltd_all_129_2026_100455-bau_image,129,traffic,image_extra-care,Coop,Henkelaustraliaptyltd,All,2026,image,"Fuller, Stronger Hair","Schwarzkopf Extra Care Full Hair Protect Hair, infused with Caffeine & Peptides for fragile and weak hair",Shop Now,https://scontent.flim31-1.fna.fbcdn.net/v/t39.35426-6/689467340_962580133302066_9139549444152236601_n.jpg?_nc_cat=111&ccb=1-7&_nc_sid=c53f8f&_nc_ohc=F83lij7faZcQ7kNvwFg-7J7&_nc_oc=AdpO-_iBDaPCA3E399lEySxFs404fNBTm5SdbxFR7TMTgxzRiRHL1PlD7va9_dSNW2o&_nc_zt=14&_nc_ht=scontent.flim31-1.fna&_nc_gid=JbDlB6JKJ4zbLxO3onsqLg&_nc_ss=7f180&oh=00_AQKqBUiD0SuUFj3DzRS6Gj9BUoULVc-h0YfNHPjXnGlRMQ&oe=6AA3B936,,"['FACEBOOK', 'INSTAGRAM']",au,cw,facebook,social,2026-W36,2026-09,"FACEBOOK, INSTAGRAM",True,True,False,False,False,False,Search Page,True,False,False,2026-09-07,2026-05-04 07:00:00,2026-09-07 16:55:10.186478,126
1086842041185489,2063190221079100,True,2026-05-05 07:00:00,2026-09-06 07:00:00,Chemist Warehouse,Chemist Warehouse,{{product.name}},{{product.brand}},Shop now,DCO,https://www.chemistwarehouse.com.au/search?query=schwarzkopf%20brilliancce&contexts=default?utm_source=facebook&utm_medium=social&utm_campaign=au_cw_coop_facebook_social_henkelaustraliaptyltd_all_129_2026_100455-bau_image&utm_term=traffic&utm_content=image_brilliance,www.chemistwarehouse.com.au,/search,,social,au_cw_coop_facebook_social_henkelaustraliaptyltd_all_129_2026_100455-bau_image,129,traffic,image_brilliance,Coop,Henkelaustraliaptyltd,All,2026,image,Reviving Hair Colour & Shine,Bring your colour and shine back to life between salon visits with Brilliance Hair Gloss.,Shop Now,https://scontent.flim31-1.fna.fbcdn.net/v/t39.35426-6/691690145_1507463060886604_3113262809813394141_n.jpg?_nc_cat=103&ccb=1-7&_nc_sid=c53f8f&_nc_ohc=c62lDSCdMjUQ7kNvwEKp6Tc&_nc_oc=AdqQFT-rw1QeRPfVb0IL_7spqbpJX71Dk3ldagefcAKpFxNP4lzfakQI-PizoTr-jO4&_nc_zt=14&_nc_ht=scontent.flim31-1.fna&_nc_gid=JbDlB6JKJ4zbLxO3onsqLg&_nc_ss=7f180&oh=00_AQJrKO51GIcsM0m4SC1Mzt-MF0EhnRXi5YDGCkq7of3epw&oe=6AA3A8FE,,"['FACEBOOK', 'INSTAGRAM']",au,cw,facebook,social,2026-W36,2026-09,"FACEBOOK, INSTAGRAM",True,True,False,False,False,False,Search Page,True,False,False,2026-09-07,2026-05-05 07:00:00,2026-09-07 16:55:10.186478,125
1693433628565379,1318980966999194,True,2026-05-11 07:00:00,2026-09-06 07:00:00,Chemist Warehouse,Chemist Warehouse,Our Ultimate Sleep Combination,Sleep with Eze: Ultra Muscleze Night + L-Theanine,Shop now,VIDEO,https://www.chemistwarehouse.com.au/shop-online/4395/bioceuticals?utm_source=facebook&utm_medium=social&utm_campaign=au_cw_coop_facebook_social_blackmoreslimited_bioceuticals_81_2026_100087-bau_video-image&utm_term=traffic&utm_content=video-image_video-may26,www.chemistwarehouse.com.au,/shop-online/4395/bioceuticals,facebook,social,au_cw_coop_facebook_social_blackmoreslimited_bioceuticals_81_2026_100087-bau_video-image,81,traffic,video-image_video-may26,Coop,Blackmoreslimited,Bioceuticals,2026,video-image,,,,,,"['FACEBOOK', 'INSTAGRAM', 'MESSENGER']",au,cw,facebook,social,2026-W36,2026-09,"FACEBOOK, INSTAGRAM, MESSENGER",True,True,False,True,False,False,Brand/Category Page,True,False,False,2026-09-07,2026-05-11 07:00:00,2026-09-07 16:55:10.186478,119
1373288237957959,2144390489682083,True,2026-05-05 07:00:00,2026-09-05 07:00:00,Chemist Warehouse,Chemist Warehouse,{{product.name}},{{product.brand}},Shop now,DCO,https://www.chemistwarehouse.com.au/search?query=schwarzkopf%20creme%20supreme&contexts=default&utm_source=facebook&utm_medium=social&utm_campaign=au_cw_coop_facebook_social_henkelaustraliaptyltd_all_129_2026_100455-bau_image&utm_term=traffic&utm_content=image_creme-supreme,www.chemistwarehouse.com.au,/search,facebook,social,au_cw_coop_facebook_social_henkelaustraliaptyltd_all_129_2026_100455-bau_image,129,traffic,image_creme-supreme,Coop,Henkelaustraliaptyltd,All,2026,image,"New Caring Colouration
","New Schwarzkopf Creme Supreme Permanent Hair Dye, 3-Step Bonding Caring Colour Creme for Long Lasting Grey Coverage",Shop Now,https://scontent.flim31-1.fna.fbcdn.net/v/t39.35426-6/686937431_2168758380643954_9048107328596638598_n.jpg?_nc_cat=100&ccb=1-7&_nc_sid=c53f8f&_nc_ohc=RLB4dZ83Is4Q7kNvwF9uqO4&_nc_oc=Ado24q4FzHfWB4JwJBmmH2Jp71ScH29VSLXd6F5IFkUbf9wJELF48JqdbrsuWPb3igI&_nc_zt=14&_nc_ht=scontent.flim31-1.fna&_nc_gid=JbDlB6JKJ4zbLxO3onsqLg&_nc_ss=7f180&oh=00_AQJgMF37coWtxmFvm74J6HLp5XZf9o9WspuocD2xhfWU1g&oe=6AA3B70D,,"['FACEBOOK', 'INSTAGRAM']",au,cw,facebook,social,2026-W36,2026-09,"FACEBOOK, INSTAGRAM",True,True,False,False,False,False,Search Page,True,False,False,2026-09-07,2026-05-05 07:00:00,2026-09-07 16:55:10.186478,125
1092533500613841,1436269114922832,True,2026-05-04 07:00:00,2026-09-06 07:00:00,Chemist Warehouse,Chemist Warehouse,{{product.name}},{{product.brand}},Shop now,DCO,https://www.chemistwarehouse.com.au/search?query=schwarzkopf%20creme%20supreme&contexts=default&utm_source=facebook&utm_medium=social&utm_campaign=au_cw_coop_facebook_social_henkelaustraliaptyltd_all_129_2026_100455-bau_image&utm_term=traffic&utm_content=image_creme-supreme,www.chemistwarehouse.com.au,/search,facebook,social,au_cw_coop_facebook_social_henkelaustraliaptyltd_all_129_2026_100455-bau_image,129,traffic,image_creme-supreme,Coop,Henkelaustraliaptyltd,All,2026,image,New Caring Colouration,"New Schwarzkopf Creme Supreme Permanent Hair Dye, 3-Step Bonding Caring Colour Creme for Long Lasting Grey Coverage",Shop Now,https://scontent.flim31-1.fna.fbcdn.net/v/t39.35426-6/691001352_1548287033335783_7745333890431116126_n.jpg?_nc_cat=105&ccb=1-7&_nc_sid=c53f8f&_nc_ohc=4yCzgwJDV4kQ7kNvwFTxCl8&_nc_oc=AdrWNpWngf8Dgjk6gZ5LU-_6I1g1PJhjdoz2M9ajdS-iNmBbtQnv7LobMfvgnVpJ-rQ&_nc_zt=14&_nc_ht=scontent.flim31-1.fna&_nc_gid=JbDlB6JKJ4zbLxO3onsqLg&_nc_ss=7f180&oh=00_AQKqPd9hDMd1TELuBvwicPfYgA4ko7CNxOfoTtvGiRh3rQ&oe=6AA3A0C8,,"['FACEBOOK', 'INSTAGRAM']",au,cw,facebook,social,2026-W36,2026-09,"FACEBOOK, INSTAGRAM",True,True,False,False,False,False,Search Page,True,False,False,2026-09-07,2026-05-04 07:00:00,2026-09-07 16:55:10.186478,126
948875954795064,2209074093195577,True,2026-05-04 07:00:00,2026-09-06 07:00:00,Chemist Warehouse,Chemist Warehouse,{{product.name}},{{product.brand}},Shop now,DCO,https://www.chemistwarehouse.com.au/shop-online/5560/bambi-mini-co?utm_source=facebook&utm_medium=social&utm_campaign=au_cw_house_facebook_social_chemistwarehouse_bambiminico_20_2026_100128-bau_image&utm_term=traffic&utm_content=image_static-image,www.chemistwarehouse.com.au,/shop-online/5560/bambi-mini-co,facebook,social,au_cw_house_facebook_social_chemistwarehouse_bambiminico_20_2026_100128-bau_image,20,traffic,image_static-image,House,Chemistwarehouse,Bambiminico,2026,image,Ciao! Meet Bambi Mini Co,"Bambi Mini Co. has snuggle-ready babywear, perfect for sleepytime and wriggle time. Exclusive to Chemist Warehouse.",Shop Now,https://scontent.flim31-1.fna.fbcdn.net/v/t39.35426-6/686929121_1711444076950231_6372289955999654868_n.jpg?_nc_cat=110&ccb=1-7&_nc_sid=c53f8f&_nc_ohc=2ulBrBeeXEwQ7kNvwHRdN9d&_nc_oc=AdpMLL4MConOArrflhQzxbNRmwe7FePqVIDFC-YN2IpLVTm2C-523OuHAoLc3NHmSNs&_nc_zt=14&_nc_ht=scontent.flim31-1.fna&_nc_gid=JbDlB6JKJ4zbLxO3onsqLg&_nc_ss=7f180&oh=00_AQLPPg1ArvYXZG3f41WxxzH-IEWw2bM-1fdbFdZMsY7axg&oe=6AA3CE4F,,"['FACEBOOK', 'INSTAGRAM']",au,cw,facebook,social,2026-W36,2026-09,"FACEBOOK, INSTAGRAM",True,True,False,False,False,False,Brand/Category Page,True,False,False,2026-09-07,2026-05-04 07:00:00,2026-09-07 16:55:10.186478,126
1382100840444435,2083397932597812,True,2026-05-04 07:00:00,2026-09-06 07:00:00,Chemist Warehouse,Chemist Warehouse,{{product.name}},{{product.brand}},Shop now,DCO,https://www.chemistwarehouse.com.au/shop-online/5560/bambi-mini-co?utm_source=facebook&utm_medium=social&utm_campaign=au_cw_house_facebook_social_chemistwarehouse_bambiminico_20_2026_100128-bau_image&utm_term=traffic&utm_content=image_static-image,www.chemistwarehouse.com.au,/shop-online/5560/bambi-mini-co,facebook,social,au_cw_house_facebook_social_chemistwarehouse_bambiminico_20_2026_100128-bau_image,20,traffic,image_static-image,House,Chemistwarehouse,Bambiminico,2026,image,Ciao! Meet Bambi Mini Co,Bambi Mini Co. dribblebib's triple organic cotton helps protect baby’s delicate skin from excess moisture & messy meal times.,Shop Now,https://scontent.flim31-1.fna.fbcdn.net/v/t39.35426-6/688638514_1060798273660488_1361107855340311996_n.jpg?_nc_cat=103&ccb=1-7&_nc_sid=c53f8f&_nc_ohc=DmdI-d-6ztYQ7kNvwGFxvG9&_nc_oc=AdpRSeZeE2vnH15cyJGIm6jfwklD5EDgdl-WqsuQyiPBnJ8RWbjaxlkoudLCO9IDTFw&_nc_zt=14&_nc_ht=scontent.flim31-1.fna&_nc_gid=JbDlB6JKJ4zbLxO3onsqLg&_nc_ss=7f180&oh=00_AQKcIdw0SZ_I6XncaE2S8NuBuNqilhd_IHWzHMFzjGVS_A&oe=6AA3C64B,,"['FACEBOOK', 'INSTAGRAM']",au,cw,facebook,social,2026-W36,2026-09,"FACEBOOK, INSTAGRAM",True,True,False,False,False,False,Brand/Category Page,True,False,False,2026-09-07,2026-05-04 07:00:00,2026-09-07 16:55:10.186478,126
2031442190914173,3397954240374671,True,2026-05-04 07:00:00,2026-09-06 07:00:00,Chemist Warehouse,Chemist Warehouse,{{product.name}},{{product.brand}},Shop now,DCO,https://www.chemistwarehouse.com.au/shop-online/5560/bambi-mini-co?utm_source=facebook&utm_medium=social&utm_campaign=au_cw_house_facebook_social_chemistwarehouse_bambiminico_20_2026_100128-bau_image&utm_term=traffic&utm_content=image_static-image,www.chemistwarehouse.com.au,/shop-online/5560/bambi-mini-co,facebook,social,au_cw_house_facebook_social_chemistwarehouse_bambiminico_20_2026_100128-bau_image,20,traffic,image_static-image,House,Chemistwarehouse,Bambiminico,2026,image,Ciao! Meet Bambi Mini Co,"Bambi Mini Co. has snuggle-ready babywear, perfect for sleepytime and wriggle time. Exclusive to Chemist Warehouse.",Shop Now,https://scontent.flim31-1.fna.fbcdn.net/v/t39.35426-6/688446073_1296158815972115_2819414425085904237_n.jpg?_nc_cat=110&ccb=1-7&_nc_sid=c53f8f&_nc_ohc=dCWwBXaHnNUQ7kNvwFR0uuW&_nc_oc=Ado2P3hoF-FQgy7cYGMS4cvUORfp4k441OIRvbuVFR8h9XTNtzpAzxXmaAe1D4jW00Q&_nc_zt=14&_nc_ht=scontent.flim31-1.fna&_nc_gid=JbDlB6JKJ4zbLxO3onsqLg&_nc_ss=7f180&oh=00_AQKf3HxTnDzXlJtmLZ1jSrzLvwSUBRujKGOhq04G99fa8g&oe=6AA3CFA3,,"['FACEBOOK', 'INSTAGRAM']",au,cw,facebook,social,2026-W36,2026-09,"FACEBOOK, INSTAGRAM",True,True,False,False,False,False,Brand/Category Page,True,False,False,2026-09-07,2026-05-04 07:00:00,2026-09-07 16:55:10.186478,126
4376614532626221,1501843081476619,True,2026-05-04 07:00:00,2026-09-06 07:00:00,Chemist Warehouse,Chemist Warehouse,{{product.name}},{{product.brand}},Shop now,DCO,https://www.chemistwarehouse.com.au/shop-online/5560/bambi-mini-co?utm_source=facebook&utm_medium=social&utm_campaign=au_cw_house_facebook_social_chemistwarehouse_bambiminico_20_2026_100128-bau_image&utm_term=traffic&utm_content=image_static-image,www.chemistwarehouse.com.au,/shop-online/5560/bambi-mini-co,facebook,social,au_cw_house_facebook_social_chemistwarehouse_bambiminico_20_2026_100128-bau_image,20,traffic,image_static-image,House,Chemistwarehouse,Bambiminico,2026,image,Ciao! Meet Bambi Mini Co,Bambi Mini Co. Supersinglet is made from luxuriously soft organic cotton. Exclusive to Chemist Warehouse.,Shop Now,https://scontent.flim31-1.fna.fbcdn.net/v/t39.35426-6/690634432_4517857791812224_3009841928679050874_n.jpg?_nc_cat=104&ccb=1-7&_nc_sid=c53f8f&_nc_ohc=kNX8YVvYtoMQ7kNvwFhbe-F&_nc_oc=AdrT9LvQV6_IoE2QI0BP11jWWE-6fGRX_oC_y8RmUXA6-hC-wJo5niW6juZ4TO-hb24&_nc_zt=14&_nc_ht=scontent.flim31-1.fna&_nc_gid=JbDlB6JKJ4zbLxO3onsqLg&_nc_ss=7f180&oh=00_AQKAz7G_oQMdA5BvdU8Qm32Uvxt0Pgb13FYedOVmGeKRDQ&oe=6AA3CB5B,,"['FACEBOOK', 'INSTAGRAM']",au,cw,facebook,social,2026-W36,2026-09,"FACEBOOK, INSTAGRAM",True,True,False,False,False,False,Brand/Category Page,True,False,False,2026-09-07,2026-05-04 07:00:00,2026-09-07 16:55:10.186478,126
4413876548897869,1564094521810620,True,2026-05-04 07:00:00,2026-09-06 07:00:00,Chemist Warehouse,Chemist Warehouse,{{product.name}},{{product.brand}},Shop now,DCO,https://www.chemistwarehouse.com.au/shop-online/5560/bambi-mini-co?utm_source=facebook&utm_medium=social&utm_campaign=au_cw_house_facebook_social_chemistwarehouse_bambiminico_20_2026_100128-bau_image&utm_term=traffic&utm_content=image_static-image,www.chemistwarehouse.com.au,/shop-online/5560/bambi-mini-co,facebook,social,au_cw_house_facebook_social_chemistwarehouse_bambiminico_20_2026_100128-bau_image,20,traffic,image_static-image,House,Chemistwarehouse,Bambiminico,2026,image,Ciao! Meet Bambi Mini Co,"Bambi Mini Co. has snuggle-ready babywear, perfect for sleepytime and wriggle time. Exclusive to Chemist Warehouse.",Shop Now,https://scontent.flim31-1.fna.fbcdn.net/v/t39.35426-6/690650346_1364516035499711_825550915496582198_n.jpg?_nc_cat=107&ccb=1-7&_nc_sid=c53f8f&_nc_ohc=wvghixdyE8UQ7kNvwHkEVBR&_nc_oc=AdrLQ6WAU-wB9PFrhoZHi5qD3NjlEoRtqqIhq96GMCc12ggx6_ejYy9aJpFrqV8S9tY&_nc_zt=14&_nc_ht=scontent.flim31-1.fna&_nc_gid=JbDlB6JKJ4zbLxO3onsqLg&_nc_ss=7f180&oh=00_AQIbZCCztBr4PtN_qFQxW7h7rOvGoSZGHXJp9Zz7xv1ksg&oe=6AA3BCB8,,"['FACEBOOK', 'INSTAGRAM']",au,cw,facebook,social,2026-W36,2026-09,"FACEBOOK, INSTAGRAM",True,True,False,False,False,False,Brand/Category Page,True,False,False,2026-09-07,2026-05-04 07:00:00,2026-09-07 16:55:10.186478,126
1306125261495215,1713540626728985,True,2026-05-04 07:00:00,2026-09-06 07:00:00,Chemist Warehouse,Chemist Warehouse,{{product.name}},{{product.brand}},Shop now,DCO,https://www.chemistwarehouse.com.au/search?query=lvl%20up%20passionfruit&contexts=default&utm_source=facebook&utm_medium=social&utm_campaign=au_cw_house_facebook_social_chemistwarehouse_lvlup_258_2026_100141-bau_image&utm_term=traffic&utm_content=image_image-passion-fruit,www.chemistwarehouse.com.au,/search,facebook,social,au_cw_house_facebook_social_chemistwarehouse_lvlup_258_2026_100141-bau_image,258,traffic,image_image-passion-fruit,House,Chemistwarehouse,Lvlup,2026,image,LVL UP Passionfruit - shop now,LVL UP Everyday Hydration Passionfruit flavour available now exclusively at Chemist Warehouse,Shop Now,https://scontent.flim31-1.fna.fbcdn.net/v/t39.35426-6/689472890_1329033365795446_8886828877420117874_n.jpg?_nc_cat=110&ccb=1-7&_nc_sid=c53f8f&_nc_ohc=WNxzioyTdDQQ7kNvwGSprUW&_nc_oc=AdoVt7bmmoassAa0BVA4U0Z_Jm8EYuof9WW-hERO9pqAjebJdMeIgTEjuzZuw00a-k0&_nc_zt=14&_nc_ht=scontent.flim31-1.fna&_nc_gid=JbDlB6JKJ4zbLxO3onsqLg&_nc_ss=7f180&oh=00_AQKF2jenLbRh8X8WbmGALqKN-jS8iQU-h_Y0nj5tWBQzPQ&oe=6AA3C32D,,"['FACEBOOK', 'INSTAGRAM']",au,cw,facebook,social,2026-W36,2026-09,"FACEBOOK, INSTAGRAM",True,True,False,False,False,False,Search Page,True,False,False,2026-09-07,2026-05-04 07:00:00,2026-09-07 16:55:10.186478,126
1286522280290511,1749677799535290,True,2026-05-04 07:00:00,2026-09-06 07:00:00,Chemist Warehouse,Chemist Warehouse,{{product.name}},{{product.brand}},Shop now,DCO,https://www.chemistwarehouse.com.au/shop-online/5560/bambi-mini-co?utm_source=facebook&utm_medium=social&utm_campaign=au_cw_house_facebook_social_chemistwarehouse_bambiminico_20_2026_100128-bau_image&utm_term=traffic&utm_content=image_static-image,www.chemistwarehouse.com.au,/shop-online/5560/bambi-mini-co,facebook,social,au_cw_house_facebook_social_chemistwarehouse_bambiminico_20_2026_100128-bau_image,20,traffic,image_static-image,House,Chemistwarehouse,Bambiminico,2026,image,Ciao! Meet Bambi Mini Co,"Bambi Mini Co. has snuggle-ready babywear, perfect for sleepytime and wriggle time. Exclusive to Chemist Warehouse.",Shop Now,https://scontent.flim31-1.fna.fbcdn.net/v/t39.35426-6/686327046_957512940366068_8798544951273459740_n.jpg?_nc_cat=110&ccb=1-7&_nc_sid=c53f8f&_nc_ohc=C4O2jGgT59kQ7kNvwHI3aQv&_nc_oc=AdrwEcRQxCr0w-OdoLynnhxahYeNkK5EOgv_GiG_mrXy5xDYX21d8wQk4JSjWGr5uJ8&_nc_zt=14&_nc_ht=scontent.flim31-1.fna&_nc_gid=JbDlB6JKJ4zbLxO3onsqLg&_nc_ss=7f180&oh=00_AQI3DIwTO3bsS2UxEsNbybROGLT0NBLi7fkubRCYPJ_wIQ&oe=6AA3A52B,,"['FACEBOOK', 'INSTAGRAM']",au,cw,facebook,social,2026-W36,2026-09,"FACEBOOK, INSTAGRAM",True,True,False,False,False,False,Brand/Category Page,True,False,False,2026-09-07,2026-05-04 07:00:00,2026-09-07 16:55:10.186478,126
985829527471440,1031593812770328,True,2026-05-04 07:00:00,2026-09-06 07:00:00,Chemist Warehouse,Chemist Warehouse,{{product.name}},{{product.brand}},Shop now,DCO,https://www.chemistwarehouse.com.au/shop-online/5560/bambi-mini-co?utm_source=facebook&utm_medium=social&utm_campaign=au_cw_house_facebook_social_chemistwarehouse_bambiminico_20_2026_100128-bau_image&utm_term=traffic&utm_content=image_static-image,www.chemistwarehouse.com.au,/shop-online/5560/bambi-mini-co,facebook,social,au_cw_house_facebook_social_chemistwarehouse_bambiminico_20_2026_100128-bau_image,20,traffic,image_static-image,House,Chemistwarehouse,Bambiminico,2026,image,Ciao! Meet Bambi Mini Co,"Bambi Mini Co. has snuggle-ready babywear, perfect for sleepytime and wriggle time. Exclusive to Chemist Warehouse.",Shop Now,https://scontent.flim31-1.fna.fbcdn.net/v/t39.35426-6/688939530_2463322997422184_125602607793760600_n.jpg?_nc_cat=109&ccb=1-7&_nc_sid=c53f8f&_nc_ohc=_onEfa3iUQkQ7kNvwGOHERx&_nc_oc=AdosYYZCasj0LioCsvOPqY-DzP5bFp_voLAQcqWOpraUPF7ZuwPe2gdWIoXM0dJOUQc&_nc_zt=14&_nc_ht=scontent.flim31-1.fna&_nc_gid=JbDlB6JKJ4zbLxO3onsqLg&_nc_ss=7f180&oh=00_AQIsRlI_XiS_MB-iZpGDIuxlm5_1_HIUuetfhUCfhYoLGg&oe=6AA3BCC1,,"['FACEBOOK', 'INSTAGRAM']",au,cw,facebook,social,2026-W36,2026-09,"FACEBOOK, INSTAGRAM",True,True,False,False,False,False,Brand/Category Page,True,False,False,2026-09-07,2026-05-04 07:00:00,2026-09-07 16:55:10.186478,126
965259043033997,931811703227217,True,2026-05-04 07:00:00,2026-09-06 07:00:00,Chemist Warehouse,Chemist Warehouse,{{product.name}},{{product.brand}},Shop now,DCO,https://www.chemistwarehouse.com.au/search?query=lvl%20up%20passionfruit&contexts=default&utm_source=facebook&utm_medium=social&utm_campaign=au_cw_house_facebook_social_chemistwarehouse_lvlup_258_2026_100141-bau_image&utm_term=traffic&utm_content=image_image-passion-fruit,www.chemistwarehouse.com.au,/search,facebook,social,au_cw_house_facebook_social_chemistwarehouse_lvlup_258_2026_100141-bau_image,258,traffic,image_image-passion-fruit,House,Chemistwarehouse,Lvlup,2026,image,LVL UP Passionfruit - shop now,LVL UP Everyday Hydration Passionfruit flavour available now exclusively at Chemist Warehouse,Shop Now,https://scontent.flim31-1.fna.fbcdn.net/v/t39.35426-6/687029340_2029180867949379_5233461362662756940_n.jpg?_nc_cat=110&ccb=1-7&_nc_sid=c53f8f&_nc_ohc=sZ5yB-EEhsoQ7kNvwHE5_bn&_nc_oc=AdrAjIX1JNvnrdzgTKbHWxPBmYJ7_gNNrItE3MsfdagSsxwcr4DwjvxJFQwcR_a9DAQ&_nc_zt=14&_nc_ht=scontent.flim31-1.fna&_nc_gid=JbDlB6JKJ4zbLxO3onsqLg&_nc_ss=7f180&oh=00_AQJy-eDZpPpMm2ApRBvsDCykc3-6R0Q5KdbZe0oHfTJLAQ&oe=6AA3C4CC,,"['FACEBOOK', 'INSTAGRAM']",au,cw,facebook,social,2026-W36,2026-09,"FACEBOOK, INSTAGRAM",True,True,False,False,False,False,Search Page,True,False,False,2026-09-07,2026-05-04 07:00:00,2026-09-07 16:55:10.186478,126
1901667307202964,,True,2026-05-11 07:00:00,2026-09-05 07:00:00,Chemist Warehouse,Chemist Warehouse,A sugar replacement with the benefts of Mānuka.,"A sugar replacement that has the benefts of Mānuka.
Nourishing Sweet Goodness",Learn more,IMAGE,https://fb.com/canvas_doc/1813828280009652,fb.com,/canvas_doc/1813828280009652,,,,,,,Not Specified,,,,,,,,,,"['FACEBOOK', 'INSTAGRAM', 'AUDIENCE_NETWORK', 'MESSENGER', 'THREADS']",,,,,2026-W36,2026-09,"FACEBOOK, INSTAGRAM, AUDIENCE_NETWORK, MESSENGER, THREADS",True,True,True,True,True,False,Internal/App Page,True,False,False,2026-09-07,2026-05-11 07:00:00,2026-09-07 16:55:10.186478,119
975852131819463,,True,2026-05-11 07:00:00,2026-09-05 07:00:00,Chemist Warehouse,Chemist Warehouse,Discover Comvita Mānuka honey,"Enjoy Peace of Mind with Our 3-Year Guarantee on UMF Levels
> Pure Quality
> Always Reliable
> Comvita Mānuka honey",Learn more,IMAGE,https://fb.com/canvas_doc/828717730110952,fb.com,/canvas_doc/828717730110952,,,,,,,Not Specified,,,,,,,,,,"['FACEBOOK', 'INSTAGRAM', 'AUDIENCE_NETWORK', 'MESSENGER', 'THREADS']",,,,,2026-W36,2026-09,"FACEBOOK, INSTAGRAM, AUDIENCE_NETWORK, MESSENGER, THREADS",True,True,True,True,True,False,Internal/App Page,True,False,False,2026-09-07,2026-05-11 07:00:00,2026-09-07 16:55:10.186478,119
1977053566226329,1722741489072191,True,2026-05-04 07:00:00,2026-09-04 07:00:00,Chemist Warehouse,Chemist Warehouse,{{product.name}},{{product.brand}},Shop now,DCO,https://www.chemistwarehouse.com.au/shop-online/4399/bondi-protein-co?category=Collagen&utm_source=facebook&utm_medium=social&utm_campaign=au_cw_house_facebook_social_chemistwarehouse_bondiproteinco_1255_2026_100139-house_video-image&utm_term=traffic&utm_content=video-image_collagen,www.chemistwarehouse.com.au,/shop-online/4399/bondi-protein-co,facebook,social,au_cw_house_facebook_social_chemistwarehouse_bondiproteinco_1255_2026_100139-house_video-image,1255,traffic,video-image_collagen,House,Chemistwarehouse,Bondiproteinco,2026,video-image,Bondi Protein Co.,"Bondi Protein Co. Collagen supplements are our go-to solution to support healthy skin and joints.
• 10g collagen
• No artificial flavours, colours and sweeteners
• Gluten Free",Shop Now,https://scontent.flim31-1.fna.fbcdn.net/v/t39.35426-6/686474902_1488571359672245_6753184722873910965_n.jpg?_nc_cat=109&ccb=1-7&_nc_sid=c53f8f&_nc_ohc=mB5vLgdHSxQQ7kNvwFWnVDQ&_nc_oc=AdptGtZYk-UDw57kXVlCFQZG1MO5NxsQinaJOdxib-NdFzdDYZjvU61OoEhzNJeXKUo&_nc_zt=14&_nc_ht=scontent.flim31-1.fna&_nc_gid=JbDlB6JKJ4zbLxO3onsqLg&_nc_ss=7f180&oh=00_AQLiSyYsRkM-lbFEH6HfWQU3AbBER36bHW0oi4xnf4yBAA&oe=6AA3C26F,,"['FACEBOOK', 'INSTAGRAM']",au,cw,facebook,social,2026-W36,2026-09,"FACEBOOK, INSTAGRAM",True,True,False,False,False,False,Brand/Category Page,True,False,False,2026-09-07,2026-05-04 07:00:00,2026-09-07 16:55:10.186478,126
1369815971651132,1008504011829576,True,2026-05-04 07:00:00,2026-09-06 07:00:00,Chemist Warehouse,Chemist Warehouse,{{product.name}},{{product.brand}},Shop now,DCO,https://www.chemistwarehouse.com.au/shop-online/6104/lvl-up?utm_source=facebook&utm_medium=social&utm_campaign=au_cw_house_facebook_social_chemistwarehouse_lvlup_258_2026_100141-bau_image&utm_term=traffic&utm_content=image_image-4,www.chemistwarehouse.com.au,/shop-online/6104/lvl-up,facebook,social,au_cw_house_facebook_social_chemistwarehouse_lvlup_258_2026_100141-bau_image,258,traffic,image_image-4,House,Chemistwarehouse,Lvlup,2026,image,Sip. Hydrate. Repeat.,LVL UP Everyday Hydration available at Chemist Warehouse,Shop Now,https://scontent.flim31-1.fna.fbcdn.net/v/t39.35426-6/687038125_1476577417201950_3493327064051815395_n.jpg?_nc_cat=108&ccb=1-7&_nc_sid=c53f8f&_nc_ohc=zChCo6kG9igQ7kNvwFNcGAd&_nc_oc=Adpjhb87AbR5KSKMYbnFu0XJ1eQwuRsy7DEp6K6bHLmW9LdlFOmwzdQmbNFFA6NjDjs&_nc_zt=14&_nc_ht=scontent.flim31-1.fna&_nc_gid=5-v9sOpErlyNQtVLZp_yHA&_nc_ss=7f180&oh=00_AQLvcaCAwHTphUgkMYuR2RmAPxidXL8Zqjlad2Y-A0j1Dg&oe=6AA3A86E,,"['FACEBOOK', 'INSTAGRAM']",au,cw,facebook,social,2026-W36,2026-09,"FACEBOOK, INSTAGRAM",True,True,False,False,False,False,Brand/Category Page,True,False,False,2026-09-07,2026-05-04 07:00:00,2026-09-07 16:55:10.186478,126
1248340837325117,1782550582725289,True,2026-05-04 07:00:00,2026-09-05 07:00:00,Chemist Warehouse,Chemist Warehouse,{{product.name}},{{product.brand}},Shop now,DCO,https://www.chemistwarehouse.com.au/shop-online/4399/bondi-protein-co?category=Vegan%20%26%20Plant%20Proteins&utm_source=facebook&utm_medium=social&utm_campaign=au_cw_house_facebook_social_chemistwarehouse_bondiproteinco_1255_2026_100139-house_video-image&utm_term=traffic&utm_content=video-image_plant-2,www.chemistwarehouse.com.au,/shop-online/4399/bondi-protein-co,facebook,social,au_cw_house_facebook_social_chemistwarehouse_bondiproteinco_1255_2026_100139-house_video-image,1255,traffic,video-image_plant-2,House,Chemistwarehouse,Bondiproteinco,2026,video-image,Bondi Protein Co.,"Plant Protein is your go-to plant-based protein powder. This high-quality pea and brown rice protein has a complete amino acid profile.

💚 21g Protein
💚 126 Calories
💚 Vegan Friendly",Shop Now,https://scontent.flim31-1.fna.fbcdn.net/v/t39.35426-6/689751103_1494233925698336_6108817142210553894_n.jpg?_nc_cat=104&ccb=1-7&_nc_sid=c53f8f&_nc_ohc=KQonLbuILbQQ7kNvwEDmoPv&_nc_oc=Adqt3g0e3jvwFnK7iGmuW-TR_c8JCbvp37UZQO0M7BhvehjEMyMWG0QLWmplMBaROZ8&_nc_zt=14&_nc_ht=scontent.flim31-1.fna&_nc_gid=5-v9sOpErlyNQtVLZp_yHA&_nc_ss=7f180&oh=00_AQIljUdkOqwt8tvit7DExug-SJlXp8t5FHdZTEz5GGyimQ&oe=6AA39DF3,,"['FACEBOOK', 'INSTAGRAM']",au,cw,facebook,social,2026-W36,2026-09,"FACEBOOK, INSTAGRAM",True,True,False,False,False,False,Brand/Category Page,True,False,False,2026-09-07,2026-05-04 07:00:00,2026-09-07 16:55:10.186478,126
4521766391402364,1671240047396467,True,2026-04-30 07:00:00,2026-09-06 07:00:00,Chemist Warehouse,Chemist Warehouse,{{product.name}},{{product.brand}},Learn more,DCO,https://www.chemistwarehouse.com.au/buy/161002/naturopathica-sb-gastro-60-capsules?utm_source=facebook&utm_medium=social&utm_campaign=au_cw_coop_facebook_social_pharmacarelaboratories_gastrohealth_81_2026_100284-bau_video-image&utm_term=traffic&utm_content=video-image_static-image,www.chemistwarehouse.com.au,/buy/161002/naturopathica-sb-gastro-60-capsules,facebook,social,au_cw_coop_facebook_social_pharmacarelaboratories_gastrohealth_81_2026_100284-bau_video-image,81,traffic,video-image_static-image,Coop,Pharmacarelaboratories,Gastrohealth,2026,video-image,Travel Smart... Gastro SB,"Get your gut ready with Gastro SB, don't let traveller's diarrhoea slow you down.",Learn More,https://scontent.flim31-1.fna.fbcdn.net/v/t39.35426-6/685865643_2141628696631200_464841730264608707_n.jpg?_nc_cat=106&ccb=1-7&_nc_sid=c53f8f&_nc_ohc=yeXuA2STQOYQ7kNvwFzKzbg&_nc_oc=AdpanW1ZqnMJuCl0ZjkpgUVOpeGaWug6s6baDwRHp8Et5Hc4MHf_apoRDSRCXs7Jgpk&_nc_zt=14&_nc_ht=scontent.flim31-1.fna&_nc_gid=5-v9sOpErlyNQtVLZp_yHA&_nc_ss=7f180&oh=00_AQLzd-NcaF1n6dL287sEcseORGnXlejy-O1FQGzaAlwAXw&oe=6AA3B154,,"['FACEBOOK', 'INSTAGRAM', 'THREADS']",au,cw,facebook,social,2026-W36,2026-09,"FACEBOOK, INSTAGRAM, THREADS",True,True,False,False,True,False,SKU Product,True,False,False,2026-09-07,2026-04-30 07:00:00,2026-09-07 16:55:10.186478,130
941882385409501,26745277655111345,True,2026-05-04 07:00:00,2026-09-06 07:00:00,Chemist Warehouse,Chemist Warehouse,Marine Collagen Peptides,"Pure, potent and simple to use. Add Vida Glow Natural Marine Collagen to your routine to support skin elasticity and hydration.",Shop now,VIDEO,https://www.chemistwarehouse.com.au/shop-online/705653/vida-glow?utm_source=facebook&utm_medium=social&utm_campaign=au_cw_coop_facebook_social_vidaglow_vidaglow_81_2026_100167-bau_video-image&utm_term=traffic&utm_content=video-image_instore-video,www.chemistwarehouse.com.au,/shop-online/705653/vida-glow,facebook,social,au_cw_coop_facebook_social_vidaglow_vidaglow_81_2026_100167-bau_video-image,81,traffic,video-image_instore-video,Coop,Vidaglow,Vidaglow,2026,video-image,,,,,,"['FACEBOOK', 'INSTAGRAM', 'THREADS']",au,cw,facebook,social,2026-W36,2026-09,"FACEBOOK, INSTAGRAM, THREADS",True,True,False,False,True,False,Brand/Category Page,True,False,False,2026-09-07,2026-05-04 07:00:00,2026-09-07 16:55:10.186478,126
4454979448066271,855159240958327,True,2026-04-30 07:00:00,2026-09-06 07:00:00,Chemist Warehouse,Chemist Warehouse,"Daily Wellness, Made Easy.",Australia’s first supplement tailored to every generation. Simple daily care for life. Available at Chemist Warehouse.,Shop now,VIDEO,https://www.chemistwarehouse.com.au/shop-online/705614/gen-gummies?utm_source=facebook&utm_medium=social&utm_campaign=au_cw_house_facebook_social_chemistwarehouse_gengummies_81_2026_100138-bau_image&utm_term=traffic&utm_content=image_instore-content,www.chemistwarehouse.com.au,/shop-online/705614/gen-gummies,facebook,social,au_cw_house_facebook_social_chemistwarehouse_gengummies_81_2026_100138-bau_image,81,traffic,image_instore-content,House,Chemistwarehouse,Gengummies,2026,image,,,,,,"['FACEBOOK', 'INSTAGRAM']",au,cw,facebook,social,2026-W36,2026-09,"FACEBOOK, INSTAGRAM",True,True,False,False,False,False,Brand/Category Page,True,True,False,2026-09-07,2026-04-30 07:00:00,2026-09-07 16:55:10.186478,130
934839486016009,875080895600990,True,2026-05-01 07:00:00,2026-09-06 07:00:00,Chemist Warehouse,Chemist Warehouse,{{product.name}},{{product.brand}},Shop now,DCO,https://www.chemistwarehouse.com.au/shop-online/705614/gen-gummies?utm_source=facebook&utm_medium=social&utm_campaign=au_cw_house_facebook_social_chemistwarehouse_gengummies_81_2026_100138-bau_image&utm_term=traffic&utm_content=image_genz,www.chemistwarehouse.com.au,/shop-online/705614/gen-gummies,facebook,social,au_cw_house_facebook_social_chemistwarehouse_gengummies_81_2026_100138-bau_image,81,traffic,image_genz,House,Chemistwarehouse,Gengummies,2026,image,Support that keeps up with your pace.,Simple support for life that’s always on the go. Available at Chemist Warehouse.,Shop Now,https://scontent.flim31-1.fna.fbcdn.net/v/t39.35426-6/683699620_1285398683128608_9062832596007475761_n.jpg?_nc_cat=111&ccb=1-7&_nc_sid=c53f8f&_nc_ohc=koAggy5At0oQ7kNvwHl0i-M&_nc_oc=AdrfuYrUvKa1vzfD87IdAwoddw0nmjYuI8D4Otmbie-3wcqc9JsDvA6PlaXBSkui17U&_nc_zt=14&_nc_ht=scontent.flim31-1.fna&_nc_gid=5-v9sOpErlyNQtVLZp_yHA&_nc_ss=7f180&oh=00_AQJWvpRWhLcqt2tHyHk2Ux8rp2rKsMiI__lT6Rza0YdgzA&oe=6AA3BBBC,,"['FACEBOOK', 'INSTAGRAM']",au,cw,facebook,social,2026-W36,2026-09,"FACEBOOK, INSTAGRAM",True,True,False,False,False,False,Brand/Category Page,True,False,False,2026-09-07,2026-05-01 07:00:00,2026-09-07 16:55:10.186478,129
2143562983095481,690245077267364,True,2026-04-30 07:00:00,2026-09-05 07:00:00,Chemist Warehouse,Chemist Warehouse,{{product.name}},{{product.brand}},Shop now,DCO,https://www.chemistwarehouse.com.au/shop-online/705614/gen-gummies?utm_source=facebook&utm_medium=social&utm_campaign=au_cw_house_facebook_social_chemistwarehouse_gengummies_81_2026_100138-bau_image&utm_term=traffic&utm_content=image_millennials,www.chemistwarehouse.com.au,/shop-online/705614/gen-gummies,facebook,social,au_cw_house_facebook_social_chemistwarehouse_gengummies_81_2026_100138-bau_image,81,traffic,image_millennials,House,Chemistwarehouse,Gengummies,2026,image,"Feel your best, even on your busiest days.",Wellness you can trust. Simple daily care for busy lives. Available at Chemist Warehouse.,Shop Now,https://scontent.flim31-1.fna.fbcdn.net/v/t39.35426-6/684187823_874018181763911_6082255104269010714_n.jpg?_nc_cat=106&ccb=1-7&_nc_sid=c53f8f&_nc_ohc=1SRatF97pRgQ7kNvwGxpikx&_nc_oc=AdpCWISTqjZrpgRHrJFPX7pv4UxjcMKQRP3crMel9neB4srttcKVNGQPEK59zRWeT3k&_nc_zt=14&_nc_ht=scontent.flim31-1.fna&_nc_gid=5-v9sOpErlyNQtVLZp_yHA&_nc_ss=7f180&oh=00_AQKSgvG1RcfbiCFqKrmG4ur0afIxMBqi-GdYbHKzTVjb_g&oe=6AA3B121,,"['FACEBOOK', 'INSTAGRAM']",au,cw,facebook,social,2026-W36,2026-09,"FACEBOOK, INSTAGRAM",True,True,False,False,False,False,Brand/Category Page,True,False,False,2026-09-07,2026-04-30 07:00:00,2026-09-07 16:55:10.186478,130
945638694984516,1153517596866832,True,2026-05-01 07:00:00,2026-09-06 07:00:00,Chemist Warehouse,Chemist Warehouse,{{product.name}},{{product.brand}},Shop now,DCO,https://www.chemistwarehouse.com.au/shop-online/705614/gen-gummies?utm_source=facebook&utm_medium=social&utm_campaign=au_cw_house_facebook_social_chemistwarehouse_gengummies_81_2026_100138-bau_image&utm_term=traffic&utm_content=image_generic_1,www.chemistwarehouse.com.au,/shop-online/705614/gen-gummies,facebook,social,au_cw_house_facebook_social_chemistwarehouse_gengummies_81_2026_100138-bau_image,81,traffic,image_generic_1,House,Chemistwarehouse,Gengummies,2026,image,"Daily Wellness, Made Easy.",Australia’s first supplement tailored to every generation. Simple daily care for life. Available at Chemist Warehouse.,Shop Now,https://scontent.flim31-1.fna.fbcdn.net/v/t39.35426-6/685482600_1473102027637362_3205047419139716690_n.jpg?_nc_cat=101&ccb=1-7&_nc_sid=c53f8f&_nc_ohc=QHLY0SrMpjgQ7kNvwFWVm5K&_nc_oc=AdpKL3ZjMYRM3j_-ZsErkauSYl87X73lbzKOJdVi5rAxjABNkKnGryUq646zUI7einA&_nc_zt=14&_nc_ht=scontent.flim31-1.fna&_nc_gid=5-v9sOpErlyNQtVLZp_yHA&_nc_ss=7f180&oh=00_AQKjyvp6QQLaFsY8qthSHvfmQoZY-zc7CdvZ0pw_LZH1Aw&oe=6AA3D143,,"['FACEBOOK', 'INSTAGRAM']",au,cw,facebook,social,2026-W36,2026-09,"FACEBOOK, INSTAGRAM",True,True,False,False,False,False,Brand/Category Page,True,False,False,2026-09-07,2026-05-01 07:00:00,2026-09-07 16:55:10.186478,129
1887487401821530,1442194720550892,True,2026-04-30 07:00:00,2026-09-06 07:00:00,Chemist Warehouse,Chemist Warehouse,{{product.name}},{{product.brand}},Shop now,DCO,https://www.chemistwarehouse.com.au/shop-online/705614/gen-gummies?utm_source=facebook&utm_medium=social&utm_campaign=au_cw_house_facebook_social_chemistwarehouse_gengummies_81_2026_100138-bau_image&utm_term=traffic&utm_content=image_genx,www.chemistwarehouse.com.au,/shop-online/705614/gen-gummies,facebook,social,au_cw_house_facebook_social_chemistwarehouse_gengummies_81_2026_100138-bau_image,81,traffic,image_genx,House,Chemistwarehouse,Gengummies,2026,image,Reliable support for everything you juggle.,"Made for your full life, every day. Now available at Chemist Warehouse.",Shop Now,https://scontent.flim31-1.fna.fbcdn.net/v/t39.35426-6/686277839_1626873038530500_1126361134065370446_n.jpg?_nc_cat=102&ccb=1-7&_nc_sid=c53f8f&_nc_ohc=JdTlko-IgdAQ7kNvwHLXL47&_nc_oc=AdpYYGYrzITSvy4memfjjCtJ9Kyj-YESKxwLMa9Qe5GyhhGS7W8jc2q6kvuTXQu88lo&_nc_zt=14&_nc_ht=scontent.flim31-1.fna&_nc_gid=5-v9sOpErlyNQtVLZp_yHA&_nc_ss=7f180&oh=00_AQIOmoRDH1o5ppPQXuTGob8SvFlJDjkSPn3WDTGZm2z-kQ&oe=6AA3A717,,"['FACEBOOK', 'INSTAGRAM']",au,cw,facebook,social,2026-W36,2026-09,"FACEBOOK, INSTAGRAM",True,True,False,False,False,False,Brand/Category Page,True,False,False,2026-09-07,2026-04-30 07:00:00,2026-09-07 16:55:10.186478,130
1487747983001408,1929141781112140,True,2026-05-04 07:00:00,2026-09-06 07:00:00,Chemist Warehouse,Chemist Warehouse,{{product.name}},{{product.brand}},Shop now,DCO,https://www.chemistwarehouse.com.au/shop-online/4399/bondi-protein-co?utm_source=facebook&utm_medium=social&utm_campaign=au_cw_house_facebook_social_chemistwarehouse_bondiproteinco_1255_2026_100139-house_video-image&utm_term=traffic&utm_content=video-image_slim-it,www.chemistwarehouse.com.au,/shop-online/4399/bondi-protein-co,facebook,social,au_cw_house_facebook_social_chemistwarehouse_bondiproteinco_1255_2026_100139-house_video-image,1255,traffic,video-image_slim-it,House,Chemistwarehouse,Bondiproteinco,2026,video-image,Bondi Protein Co.,"Slim-it Protein is our go-to protein powder for lean muscle. With thermogenic support. 
 💙 21g Protein
💙 <145 Calories
💙 Green Tea, Guarana & Green Tea Extract",Shop Now,https://scontent.flim31-1.fna.fbcdn.net/v/t39.35426-6/689416822_2948371682025883_3435528925759244378_n.jpg?_nc_cat=100&ccb=1-7&_nc_sid=c53f8f&_nc_ohc=Ntr9uWwUOZgQ7kNvwHjBYpa&_nc_oc=AdrHEq4YWUyfEDtDFAA2GukrXIf0gVeYmb6otY3xhZ7jiTii3_FxMOEtCV4-jWQFDV4&_nc_zt=14&_nc_ht=scontent.flim31-1.fna&_nc_gid=JbDlB6JKJ4zbLxO3onsqLg&_nc_ss=7f180&oh=00_AQKz-5Tap8jk-vsGb2bHzkD3ge2JSR1Dq5nXCii1RL6bvA&oe=6AA3D0C9,,"['FACEBOOK', 'INSTAGRAM']",au,cw,facebook,social,2026-W36,2026-09,"FACEBOOK, INSTAGRAM",True,True,False,False,False,False,Brand/Category Page,True,False,False,2026-09-07,2026-05-04 07:00:00,2026-09-07 16:55:10.186478,126
3278693368980410,1981729845800108,True,2026-05-04 07:00:00,2026-09-06 07:00:00,Chemist Warehouse,Chemist Warehouse,{{product.name}},{{product.brand}},Shop now,DCO,https://www.chemistwarehouse.com.au/search?query=lvl%20up%20passionfruit&contexts=default&utm_source=facebook&utm_medium=social&utm_campaign=au_cw_house_facebook_social_chemistwarehouse_lvlup_258_2026_100141-bau_image&utm_term=traffic&utm_content=image_image-passion-fruit,www.chemistwarehouse.com.au,/search,facebook,social,au_cw_house_facebook_social_chemistwarehouse_lvlup_258_2026_100141-bau_image,258,traffic,image_image-passion-fruit,House,Chemistwarehouse,Lvlup,2026,image,LVL UP Passionfruit - shop now,LVL UP Everyday Hydration Passionfruit flavour available now exclusively at Chemist Warehouse,Shop Now,https://scontent.flim31-1.fna.fbcdn.net/v/t39.35426-6/686304841_1457613932193677_7394501728597042609_n.jpg?_nc_cat=105&ccb=1-7&_nc_sid=c53f8f&_nc_ohc=HxXmLADClIsQ7kNvwGUZv4m&_nc_oc=AdrXPiLizfVmIdJ_UapUk8TCfJcX13iU4RU36YvfN8wFR3qzhzYzIWpQlpvxAAER-wM&_nc_zt=14&_nc_ht=scontent.flim31-1.fna&_nc_gid=JbDlB6JKJ4zbLxO3onsqLg&_nc_ss=7f180&oh=00_AQLLpATYfaCIy8-Sdqjg4PRuZE_g_BI9bcCS0zwmSOIrCA&oe=6AA3CB80,,"['FACEBOOK', 'INSTAGRAM']",au,cw,facebook,social,2026-W36,2026-09,"FACEBOOK, INSTAGRAM",True,True,False,False,False,False,Search Page,True,False,False,2026-09-07,2026-05-04 07:00:00,2026-09-07 16:55:10.186478,126
3342404062587855,1022701653430063,True,2026-05-04 07:00:00,2026-09-04 07:00:00,Chemist Warehouse,Chemist Warehouse,{{product.name}},{{product.brand}},Shop now,DCO,https://www.chemistwarehouse.com.au/shop-online/4399/bondi-protein-co?utm_source=facebook&utm_medium=social&utm_campaign=au_cw_house_facebook_social_chemistwarehouse_bondiproteinco_1255_2026_100139-house_video-image&utm_term=traffic&utm_content=video-image_daily,www.chemistwarehouse.com.au,/shop-online/4399/bondi-protein-co,facebook,social,au_cw_house_facebook_social_chemistwarehouse_bondiproteinco_1255_2026_100139-house_video-image,1255,traffic,video-image_daily,House,Chemistwarehouse,Bondiproteinco,2026,video-image,Bondi Protein Co.,"Daily Protein is your go-to high-quality whey-based formulation protein powder for everyday wellbeing 
💛 21g Protein
💛 <133 Calories
💛 1 billion probiotics per serve
💛 Iron, Calcium & Vitamin D for general wellbeing",Shop Now,https://scontent.flim31-1.fna.fbcdn.net/v/t39.35426-6/687043841_1485706716529627_6076079733898012029_n.jpg?_nc_cat=111&ccb=1-7&_nc_sid=c53f8f&_nc_ohc=Lf8ZSS9uBF8Q7kNvwHKqtft&_nc_oc=AdqfiiB-V14kQZ6o2efmnUc_tuqdU8fTmsTuUiIGU3bv_VvzuNAtO4OUzaZ1taSmErQ&_nc_zt=14&_nc_ht=scontent.flim31-1.fna&_nc_gid=JbDlB6JKJ4zbLxO3onsqLg&_nc_ss=7f180&oh=00_AQKJ1vheNU1z993OW9UrZZaf2oi669ik-JBqmlshnhdpnQ&oe=6AA3CFBF,,"['FACEBOOK', 'INSTAGRAM']",au,cw,facebook,social,2026-W36,2026-09,"FACEBOOK, INSTAGRAM",True,True,False,False,False,False,Brand/Category Page,True,False,False,2026-09-07,2026-05-04 07:00:00,2026-09-07 16:55:10.186478,126
1671484290755741,1657231572227054,True,2026-05-04 07:00:00,2026-09-06 07:00:00,Chemist Warehouse,Chemist Warehouse,{{product.name}},{{product.brand}},Shop now,DCO,https://www.chemistwarehouse.com.au/buy/164985/lvl-up-everyday-hydration-sticks-variety-10-pack?utm_source=facebook&utm_medium=social&utm_campaign=au_cw_house_facebook_social_chemistwarehouse_lvlup_258_2026_100141-bau_image&utm_term=traffic&utm_content=image_image-mixed,www.chemistwarehouse.com.au,/buy/164985/lvl-up-everyday-hydration-sticks-variety-10-pack,facebook,social,au_cw_house_facebook_social_chemistwarehouse_lvlup_258_2026_100141-bau_image,258,traffic,image_image-mixed,House,Chemistwarehouse,Lvlup,2026,image,Find your LVL UP flavour,"Electrolytes designed for daily use, not just workouts or recovery.",Shop Now,https://scontent.flim31-1.fna.fbcdn.net/v/t39.35426-6/687036971_1290607409186551_6142001163327585483_n.jpg?_nc_cat=110&ccb=1-7&_nc_sid=c53f8f&_nc_ohc=8_BBPxtCb6EQ7kNvwHq5ppW&_nc_oc=AdpONOQvHN-efNfirUOseXcjyMsENutPWsqsdlExs6gGxT5hnwa2ZrSs8wZ7eGN9uv0&_nc_zt=14&_nc_ht=scontent.flim31-1.fna&_nc_gid=5-v9sOpErlyNQtVLZp_yHA&_nc_ss=7f180&oh=00_AQIMVn5OGHdItEMhMBTdgxsRlv5ip1VwCX1kRS4SHOzIBw&oe=6AA3B10F,,"['FACEBOOK', 'INSTAGRAM']",au,cw,facebook,social,2026-W36,2026-09,"FACEBOOK, INSTAGRAM",True,True,False,False,False,False,SKU Product,True,False,False,2026-09-07,2026-05-04 07:00:00,2026-09-07 16:55:10.186478,126
987759847540555,1509163710742214,True,2026-05-04 07:00:00,2026-09-06 07:00:00,Chemist Warehouse,Chemist Warehouse,{{product.name}},{{product.brand}},Shop now,DCO,https://www.chemistwarehouse.com.au/shop-online/4399/bondi-protein-co?utm_source=facebook&utm_medium=social&utm_campaign=au_cw_house_facebook_social_chemistwarehouse_bondiproteinco_1255_2026_100139-house_video-image&utm_term=traffic&utm_content=video-image_generic-1,www.chemistwarehouse.com.au,/shop-online/4399/bondi-protein-co,facebook,social,au_cw_house_facebook_social_chemistwarehouse_bondiproteinco_1255_2026_100139-house_video-image,1255,traffic,video-image_generic-1,House,Chemistwarehouse,Bondiproteinco,2026,video-image,Bondi Protein Co.,"Our clean, great tasting wellness products are free from artificial flavours, colours and sweeteners & crafted to support your goals and inspire a better you.",Shop Now,https://scontent.flim31-1.fna.fbcdn.net/v/t39.35426-6/686935788_1666275401083907_2574977237259496743_n.jpg?_nc_cat=103&ccb=1-7&_nc_sid=c53f8f&_nc_ohc=OnupSFFow58Q7kNvwE0ogFf&_nc_oc=AdqNA9831CGj-YGOaoaK227IP9eZ9BJ7X3YE7A_q55IZWVRdDLHUlZTO2pnGK4y1YZ4&_nc_zt=14&_nc_ht=scontent.flim31-1.fna&_nc_gid=5-v9sOpErlyNQtVLZp_yHA&_nc_ss=7f180&oh=00_AQJf_EqZdD6aoCDqayZua9JUI5W91tzxvya1hje4QyBmbQ&oe=6AA3A719,,"['FACEBOOK', 'INSTAGRAM']",au,cw,facebook,social,2026-W36,2026-09,"FACEBOOK, INSTAGRAM",True,True,False,False,False,False,Brand/Category Page,True,False,False,2026-09-07,2026-05-04 07:00:00,2026-09-07 16:55:10.186478,126
1294022865447399,2022160768413676,True,2026-05-04 07:00:00,2026-09-05 07:00:00,Chemist Warehouse,Chemist Warehouse,{{product.name}},{{product.brand}},Shop now,DCO,https://www.chemistwarehouse.com.au/shop-online/4399/bondi-protein-co?utm_source=facebook&utm_medium=social&utm_campaign=au_cw_house_facebook_social_chemistwarehouse_bondiproteinco_1255_2026_100139-house_video-image&utm_term=traffic&utm_content=video-image_generic-2,www.chemistwarehouse.com.au,/shop-online/4399/bondi-protein-co,facebook,social,au_cw_house_facebook_social_chemistwarehouse_bondiproteinco_1255_2026_100139-house_video-image,1255,traffic,video-image_generic-2,House,Chemistwarehouse,Bondiproteinco,2026,video-image,Bondi Protein Co.,"Our clean, great tasting wellness products are free from artificial flavours, colours and sweeteners & crafted to support your goals and inspire a better you.",Shop Now,https://scontent.flim31-1.fna.fbcdn.net/v/t39.35426-6/686170433_963913143037041_1331006287810014025_n.jpg?_nc_cat=108&ccb=1-7&_nc_sid=c53f8f&_nc_ohc=mJCjfuO6UMoQ7kNvwHt9Efk&_nc_oc=AdpRZe48gb28oXEWapfvmpistpueHIATWabOSmjxJqkdW-riFdsgEHw_EHVPdk_DZoQ&_nc_zt=14&_nc_ht=scontent.flim31-1.fna&_nc_gid=5-v9sOpErlyNQtVLZp_yHA&_nc_ss=7f180&oh=00_AQIe7ZotLAA6ntDEMRju4plTG7a10hPGu3f8epHJ8DL4PQ&oe=6AA39EC2,,"['FACEBOOK', 'INSTAGRAM']",au,cw,facebook,social,2026-W36,2026-09,"FACEBOOK, INSTAGRAM",True,True,False,False,False,False,Brand/Category Page,True,False,False,2026-09-07,2026-05-04 07:00:00,2026-09-07 16:55:10.186478,126
1756782145738713,,True,2026-04-22 07:00:00,2026-09-06 07:00:00,Chemist Warehouse,Chemist Warehouse,Developed with dermatologists,"CeraVe, Developed with Dermatologists. Shop now at Chemist Warehouse!",Shop now,IMAGE,https://fb.com/canvas_doc/955920760483621,fb.com,/canvas_doc/955920760483621,,,,,,,Not Specified,,,,,,,,,,"['FACEBOOK', 'INSTAGRAM', 'AUDIENCE_NETWORK', 'MESSENGER', 'THREADS']",,,,,2026-W36,2026-09,"FACEBOOK, INSTAGRAM, AUDIENCE_NETWORK, MESSENGER, THREADS",True,True,True,True,True,False,Internal/App Page,True,True,False,2026-09-07,2026-04-22 07:00:00,2026-09-07 16:55:10.186478,138
4149642358513870,1654860305565668,True,2026-05-04 07:00:00,2026-09-03 07:00:00,Chemist Warehouse,Chemist Warehouse,{{product.name}},{{product.brand}},Shop now,DCO,https://www.chemistwarehouse.com.au/shop-online/4399/bondi-protein-co?category=Vegan%20%26%20Plant%20Proteins&utm_source=facebook&utm_medium=social&utm_campaign=au_cw_house_facebook_social_chemistwarehouse_bondiproteinco_1255_2026_100139-house_video-image&utm_term=traffic&utm_content=video-image_plant-1,www.chemistwarehouse.com.au,/shop-online/4399/bondi-protein-co,facebook,social,au_cw_house_facebook_social_chemistwarehouse_bondiproteinco_1255_2026_100139-house_video-image,1255,traffic,video-image_plant-1,House,Chemistwarehouse,Bondiproteinco,2026,video-image,Bondi Protein Co.,"Plant Protein is your go-to plant-based protein powder. This high-quality pea and brown rice protein has a complete amino acid profile.

💚 21g Protein
💚 126 Calories
💚 Vegan Friendly",Shop Now,https://scontent.flim31-1.fna.fbcdn.net/v/t39.35426-6/686469222_27146586438266422_8695434895077163948_n.jpg?_nc_cat=104&ccb=1-7&_nc_sid=c53f8f&_nc_ohc=7Nz0349qZPoQ7kNvwHO5YHo&_nc_oc=Adpg74Qrp5eYQUkDKmwdT0y0EknsbyErkkUAJwiUjTPv189JmfqJlDVZS2hp-cgn5H4&_nc_zt=14&_nc_ht=scontent.flim31-1.fna&_nc_gid=5-v9sOpErlyNQtVLZp_yHA&_nc_ss=7f180&oh=00_AQJiN-N-tP0iPNNwciIFONwYJjhLsqeJ-xnLK7xJokTjIA&oe=6AA3BA23,,"['FACEBOOK', 'INSTAGRAM']",au,cw,facebook,social,2026-W36,2026-09,"FACEBOOK, INSTAGRAM",True,True,False,False,False,False,Brand/Category Page,True,False,False,2026-09-07,2026-05-04 07:00:00,2026-09-07 16:55:10.186478,126
1508233204230952,1007843542411186,True,2026-04-24 07:00:00,2026-09-06 07:00:00,Chemist Warehouse,Chemist Warehouse,Shop Swisse at Chemist Warehouse,Shop Swisse on Vitamins and supplements online at Chemist Warehouse and enjoy huge discounts across the range.,Shop now,VIDEO,https://fb.com/canvas_doc/1278867780407683,fb.com,/canvas_doc/1278867780407683,,,,,,,Not Specified,,,,,,,,,,"['FACEBOOK', 'INSTAGRAM', 'AUDIENCE_NETWORK', 'MESSENGER', 'THREADS']",,,,,2026-W36,2026-09,"FACEBOOK, INSTAGRAM, AUDIENCE_NETWORK, MESSENGER, THREADS",True,True,True,True,True,False,Internal/App Page,True,True,False,2026-09-07,2026-04-24 07:00:00,2026-09-07 16:55:10.186478,136
1332148938968971,,True,2026-04-21 07:00:00,2026-09-06 07:00:00,Chemist Warehouse,Chemist Warehouse,Developed with dermatologists,Experience the science of CeraVe Foaming Cleanser. Shop now at Chemist Warehouse.,Shop now,IMAGE,https://fb.com/canvas_doc/1630256568184680,fb.com,/canvas_doc/1630256568184680,,,,,,,Not Specified,,,,,,,,,,"['FACEBOOK', 'INSTAGRAM', 'AUDIENCE_NETWORK', 'MESSENGER', 'THREADS']",,,,,2026-W36,2026-09,"FACEBOOK, INSTAGRAM, AUDIENCE_NETWORK, MESSENGER, THREADS",True,True,True,True,True,False,Internal/App Page,True,True,False,2026-09-07,2026-04-21 07:00:00,2026-09-07 16:55:10.186478,139
988942250373942,,True,2026-04-22 07:00:00,2026-09-06 07:00:00,Chemist Warehouse,Chemist Warehouse,Developed with dermatologists,"CeraVe, Developed with Dermatologists. Shop now at Chemist Warehouse!",Shop now,IMAGE,https://fb.com/canvas_doc/1512713406952080,fb.com,/canvas_doc/1512713406952080,,,,,,,Not Specified,,,,,,,,,,"['FACEBOOK', 'INSTAGRAM', 'AUDIENCE_NETWORK', 'MESSENGER', 'THREADS']",,,,,2026-W36,2026-09,"FACEBOOK, INSTAGRAM, AUDIENCE_NETWORK, MESSENGER, THREADS",True,True,True,True,True,False,Internal/App Page,True,True,False,2026-09-07,2026-04-22 07:00:00,2026-09-07 16:55:10.186478,138
1268643415418830,1298162745746830,True,2026-04-20 07:00:00,2026-09-06 07:00:00,Chemist Warehouse,Chemist Warehouse,{{product.name}},{{product.brand}},Shop now,DCO,https://www.chemistwarehouse.com.au/shop-online/705652/old-spice?utm_source=facebook&utm_medium=social&utm_campaign=au_cw_coop_facebook_social_proctergambleaustralia_oldspice_259_2026_100078-bau_video&utm_term=traffic&utm_content=video_all,www.chemistwarehouse.com.au,/shop-online/705652/old-spice,facebook,social,au_cw_coop_facebook_social_proctergambleaustralia_oldspice_259_2026_100078-bau_video,259,traffic,video_all,Coop,Proctergambleaustralia,Oldspice,2026,video,The Scent that Never Dies,Long-lasting sweat and odor protection. Feel 2x fresher with a perfume-quality fragrance!,Shop Now,https://scontent.flim31-1.fna.fbcdn.net/v/t39.35426-6/673598511_1024357526838826_4817423030499551495_n.jpg?_nc_cat=103&ccb=1-7&_nc_sid=c53f8f&_nc_ohc=NU2xnV0HDGAQ7kNvwESulql&_nc_oc=AdrJmeZtVqlOROH4sIMa6uk4ZoMNfjFjvo7rO1gPbRkL2t-U7JiydrmqRpQ8SZnLhbQ&_nc_zt=14&_nc_ht=scontent.flim31-1.fna&_nc_gid=5-v9sOpErlyNQtVLZp_yHA&_nc_ss=7f180&oh=00_AQKJlOCmvi8gVoWNixFA3r9WTdZ_uYnmmRjAwBd8o0UdVA&oe=6AA3B1EE,,"['FACEBOOK', 'INSTAGRAM', 'AUDIENCE_NETWORK', 'MESSENGER', 'THREADS']",au,cw,facebook,social,2026-W36,2026-09,"FACEBOOK, INSTAGRAM, AUDIENCE_NETWORK, MESSENGER, THREADS",True,True,True,True,True,False,Brand/Category Page,True,False,False,2026-09-07,2026-04-20 07:00:00,2026-09-07 16:55:10.186478,140
954587367376972,879057371882622,True,2026-05-04 07:00:00,2026-09-05 07:00:00,Chemist Warehouse,Chemist Warehouse,{{product.name}},{{product.brand}},Shop now,DCO,https://www.chemistwarehouse.com.au/shop-online/4399/bondi-protein-co?utm_source=facebook&utm_medium=social&utm_campaign=au_cw_house_facebook_social_chemistwarehouse_bondiproteinco_1255_2026_100139-house_video-image&utm_term=traffic&utm_content=video-image_generic-3,www.chemistwarehouse.com.au,/shop-online/4399/bondi-protein-co,facebook,social,au_cw_house_facebook_social_chemistwarehouse_bondiproteinco_1255_2026_100139-house_video-image,1255,traffic,video-image_generic-3,House,Chemistwarehouse,Bondiproteinco,2026,video-image,Bondi Protein Co.,"Our clean, great tasting wellness products are free from artificial flavours, colours and sweeteners & crafted to support your goals and inspire a better you.",Shop Now,,https://video.flim31-1.fna.fbcdn.net/o1/v/t2/f2/m366/AQOPimSbASBqFr7WV1Iab53aUZ2ZhmK3Q2dkVLSTPxPxkDcRvKZl_sKWkZHI5VuZPRto00bOeTp1YR1M3Xo6Cl4ahEb388eMrWyat2jfHawBkA.mp4?_nc_cat=101&_nc_oc=AdoYN3VFxvgqH3RlkI7p9ZyEyaxy8KW9vpJFEzDYIYdtLoe0ZE3yeXpdior2xKK8n3I&_nc_sid=b66105&_nc_ht=video.flim31-1.fna.fbcdn.net&_nc_ohc=fD1BrNeSfPQQ7kNvwGzVEhn&efg=eyJ2ZW5jb2RlX3RhZyI6Inhwdl9wcm9ncmVzc2l2ZS5WSV9VU0VDQVNFX1BST0RVQ1RfVFlQRS4uQzMuNzIwLmRhc2hfaDI2NC1iYXNpYy1nZW4yXzcyMHAiLCJ4cHZfYXNzZXRfaWQiOjE0NzM0MTIzNTc1OTc3NTUsImFzc2V0X2FnZV9kYXlzIjoxMjUsInZpX3VzZWNhc2VfaWQiOjEwNzk5LCJkdXJhdGlvbl9zIjo3LCJ1cmxnZW5fc291cmNlIjoid3d3In0%3D&ccb=17-1&vs=9e2d07341beeadc7&_nc_vs=HBksFQIYRWZiX2VwaGVtZXJhbC85MjRCQUZDMDI0MTFBN0Y0RjFCN0MyMDNERUI1QTY5OF9tdF8xX3ZpZGVvX2Rhc2hpbml0Lm1wNBUAAsgBEgAVAhhAZmJfcGVybWFuZW50L0U1NDM1M0FEREE1Nzg3MzEzOUFCQzQxMTlEQzUzQkI4X2F1ZGlvX2Rhc2hpbml0Lm1wNBUCAsgBEgAoABgAGwKIB3VzZV9vaWwBMRJwcm9ncmVzc2l2ZV9yZWNpcGUBMRUAACb2qPXC8YOeBRUCKAJDMywXQBwAAAAAAAAYGWRhc2hfaDI2NC1iYXNpYy1nZW4yXzcyMHARAHUAZd6oAQA&_nc_gid=5-v9sOpErlyNQtVLZp_yHA&_nc_ss=7f180&_nc_zt=28&oh=00_AQLCZyuRv1sQDhLJbj42XC_Bl4Fk6ZR8YBwEn8Ns4DwMdw&oe=6AA39F9B,"['FACEBOOK', 'INSTAGRAM']",au,cw,facebook,social,2026-W36,2026-09,"FACEBOOK, INSTAGRAM",True,True,False,False,False,False,Brand/Category Page,True,False,False,2026-09-07,2026-05-04 07:00:00,2026-09-07 16:55:10.186478,126
2127533114762496,992305736471260,True,2026-04-20 07:00:00,2026-09-05 07:00:00,Chemist Warehouse,Chemist Warehouse,{{product.name}},{{product.brand}},Shop now,DCO,https://www.chemistwarehouse.com.au/shop-online/705652/old-spice?utm_source=facebook&utm_medium=social&utm_campaign=au_cw_coop_facebook_social_proctergambleaustralia_oldspice_259_2026_100078-bau_video&utm_term=traffic&utm_content=video_all,www.chemistwarehouse.com.au,/shop-online/705652/old-spice,facebook,social,au_cw_coop_facebook_social_proctergambleaustralia_oldspice_259_2026_100078-bau_video,259,traffic,video_all,Coop,Proctergambleaustralia,Oldspice,2026,video,Try Old Spice Range,Long-lasting sweat and odor protection. Feel 2x fresher with a perfume-quality fragrance!,Shop Now,https://scontent.flim31-1.fna.fbcdn.net/v/t39.35426-6/675552182_1679846909831864_7282801876572587463_n.jpg?_nc_cat=105&ccb=1-7&_nc_sid=c53f8f&_nc_ohc=UlpsQDbBSbsQ7kNvwGbUJWE&_nc_oc=AdotPWpQJzhW3Br-aQlaEjw8jIh1OiFyB4FJbznNDVsvQWg_JYC4qnfGjRaFvr1UpbY&_nc_zt=14&_nc_ht=scontent.flim31-1.fna&_nc_gid=5-v9sOpErlyNQtVLZp_yHA&_nc_ss=7f180&oh=00_AQLaoFsC6nK0nQPDw0EX3HEG6J9mf4wtK0qZ0To1xEJwxA&oe=6AA3B238,,"['FACEBOOK', 'INSTAGRAM', 'AUDIENCE_NETWORK', 'MESSENGER', 'THREADS']",au,cw,facebook,social,2026-W36,2026-09,"FACEBOOK, INSTAGRAM, AUDIENCE_NETWORK, MESSENGER, THREADS",True,True,True,True,True,False,Brand/Category Page,True,False,False,2026-09-07,2026-04-20 07:00:00,2026-09-07 16:55:10.186478,140
2060339631182666,,True,2026-04-13 07:00:00,2026-09-06 07:00:00,Chemist Warehouse,Chemist Warehouse,Get Pro Results Now,Experience the professional power of L'Oréal Professionnel Metal Detox Mask. The expert anti-metal shield for vibrant color.,Shop now,IMAGE,https://fb.com/canvas_doc/1616168926257167,fb.com,/canvas_doc/1616168926257167,,,,,,,Not Specified,,,,,,,,,,"['FACEBOOK', 'INSTAGRAM', 'AUDIENCE_NETWORK', 'MESSENGER', 'THREADS']",,,,,2026-W36,2026-09,"FACEBOOK, INSTAGRAM, AUDIENCE_NETWORK, MESSENGER, THREADS",True,True,True,True,True,False,Internal/App Page,True,False,False,2026-09-07,2026-04-13 07:00:00,2026-09-07 16:55:10.186478,147
1447336696317383,1120438303558874,True,2026-03-31 07:00:00,2026-09-06 07:00:00,Chemist Warehouse,Chemist Warehouse,{{product.name}},{{product.brand}},Learn more,DCO,https://www.chemistwarehouse.com.au/shop-online/1066/matrix?utm_source=facebook&utm_medium=social&utm_campaign=au_cw_coop_facebook_social_lorealprofessional_matrix_129_2026_100047-bau_image&utm_term=reach&utm_content=image_curly,www.chemistwarehouse.com.au,/shop-online/1066/matrix,facebook,social,au_cw_coop_facebook_social_lorealprofessional_matrix_129_2026_100047-bau_image,129,reach,image_curly,Coop,Lorealprofessional,Matrix,2026,image,Matrix x KATSEYE: Hair in motion.,Matrix x KATSEYE: Pro haircare that transforms every choreography into a stunning hairography. Stage-ready hair!,Learn More,https://scontent.flim31-1.fna.fbcdn.net/v/t39.35426-6/658349085_1992575074665545_4480521454478200119_n.jpg?_nc_cat=100&ccb=1-7&_nc_sid=c53f8f&_nc_ohc=_m-9ppdE3H8Q7kNvwEdt8lq&_nc_oc=Adq2v5UpoRWuDYG2gVv77W9p17GOzfjmAZUGsDtNYgln_-nwK_EceOMuJc1-2A6w5hI&_nc_zt=14&_nc_ht=scontent.flim31-1.fna&_nc_gid=M_-Nhh3bMD2iHjEZxct7eQ&_nc_ss=7f180&oh=00_AQJ9nH6MHfXWJMiZ8sMHPcqR52_JeOfTwn3079v0dmlRWw&oe=6AA3B7BF,,"['FACEBOOK', 'INSTAGRAM', 'AUDIENCE_NETWORK', 'WHATSAPP', 'THREADS']",au,cw,facebook,social,2026-W36,2026-09,"FACEBOOK, INSTAGRAM, AUDIENCE_NETWORK, WHATSAPP, THREADS",True,True,True,False,True,True,Brand/Category Page,True,False,False,2026-09-07,2026-03-31 07:00:00,2026-09-07 16:55:10.186478,160
922860893922528,1320915516582927,True,2026-04-28 07:00:00,2026-09-06 07:00:00,Chemist Warehouse,Chemist Warehouse,{{product.name}},{{product.brand}},Shop now,DCO,https://www.chemistwarehouse.com.au/shop-online/4617/essano-skincare?utm_source=facebook&utm_medium=social&utm_campaign=au_cw_coop_facebook_social_vitalitybrandsworldwide_essano_665_2026_100243-bau_video-image&utm_term=traffic&utm_content=video-image_all,www.chemistwarehouse.com.au,/shop-online/4617/essano-skincare,facebook,social,au_cw_coop_facebook_social_vitalitybrandsworldwide_essano_665_2026_100243-bau_video-image,665,traffic,video-image_all,Coop,Vitalitybrandsworldwide,Essano,2026,video-image,Your collagen comeback starts here,Essano Collagen Boost. With skin plumping actives.,Shop Now,https://scontent.flim31-1.fna.fbcdn.net/v/t39.35426-6/681243427_2125048944981040_7464708014561087283_n.jpg?_nc_cat=111&ccb=1-7&_nc_sid=c53f8f&_nc_ohc=II1RNOAO6HYQ7kNvwGCXckQ&_nc_oc=Ado7I5OPgYeC8l3DkyRm2uJ-M3qLr2eCpbh5_ZzrnOVjB6VWUvx8wre3gipwwd9Gxeg&_nc_zt=14&_nc_ht=scontent.flim31-1.fna&_nc_gid=5-v9sOpErlyNQtVLZp_yHA&_nc_ss=7f180&oh=00_AQJykIyyZ7GLrlNETYnuiS0nXX9IlEOpMuC7HJmd_oUEvw&oe=6AA3A8C1,,"['FACEBOOK', 'INSTAGRAM', 'AUDIENCE_NETWORK', 'MESSENGER', 'THREADS']",au,cw,facebook,social,2026-W36,2026-09,"FACEBOOK, INSTAGRAM, AUDIENCE_NETWORK, MESSENGER, THREADS",True,True,True,True,True,False,Brand/Category Page,True,False,False,2026-09-07,2026-04-28 07:00:00,2026-09-07 16:55:10.186478,132
818771337924607,1644179023256566,True,2026-03-29 07:00:00,2026-09-06 07:00:00,Chemist Warehouse,Chemist Warehouse,{{product.name}},{{product.brand}},Learn more,DCO,https://www.chemistwarehouse.com.au/shop-online/6315/natalis-pregnancy-care?utm_source=facebook&utm_medium=social&utm_campaign=au_cw_coop_facebook_social_vidacorp_natalis_81_2026_100118-bau_video-image&utm_term=traffic&utm_content=video-image_instore,www.chemistwarehouse.com.au,/shop-online/6315/natalis-pregnancy-care,facebook,social,au_cw_coop_facebook_social_vidacorp_natalis_81_2026_100118-bau_video-image,81,traffic,video-image_instore,Coop,Vidacorp,Natalis,2026,video-image,Shop now at Chemist Warehouse!,Natalis supports mums & babies from pre-conception to breastfeeding. Shop now at Chemist Warehouse!,Learn More,,https://video.flim31-1.fna.fbcdn.net/o1/v/t2/f2/m366/AQOsLn4nrDhjhVhNA1db9M6IW2fOYJHW28B-EDvoVYXWS0HaGSwFg5YkkMtx8w9_5deIBlenf74rUa00nCrbEGwzeMkEXRlRr54Vz8B_7MI0Uw.mp4?_nc_cat=104&_nc_oc=AdqatznujcLTu48cKYmCo6Pj05wRFmPyx3V4MBlzJVmEk8s5AHNcBQBEkT_w0gprmMU&_nc_sid=b66105&_nc_ht=video.flim31-1.fna.fbcdn.net&_nc_ohc=JPTbZfP1NxIQ7kNvwFvGd4F&efg=eyJ2ZW5jb2RlX3RhZyI6Inhwdl9wcm9ncmVzc2l2ZS5WSV9VU0VDQVNFX1BST0RVQ1RfVFlQRS4uQzMuNzIwLmRhc2hfaDI2NC1iYXNpYy1nZW4yXzcyMHAiLCJ4cHZfYXNzZXRfaWQiOjIxMzMyOTIzNDA4MTQ4NTYsImFzc2V0X2FnZV9kYXlzIjoxOTQsInZpX3VzZWNhc2VfaWQiOjEwNzk5LCJkdXJhdGlvbl9zIjo0MiwidXJsZ2VuX3NvdXJjZSI6Ind3dyJ9&ccb=17-1&vs=3f412dbef0ed18f6&_nc_vs=HBksFQIYRWZiX2VwaGVtZXJhbC9GODQ3MkFCQjhGOTMzRDkwQjJFQ0Q2MTZBQjRCMDk4Ml9tdF8xX3ZpZGVvX2Rhc2hpbml0Lm1wNBUAAsgBEgAVAhhAZmJfcGVybWFuZW50LzI4NENBODEzODFBNEM0RDU3MEExNUQ5MDM4OENCNjgxX2F1ZGlvX2Rhc2hpbml0Lm1wNBUCAsgBEgAoABgAGwKIB3VzZV9vaWwBMRJwcm9ncmVzc2l2ZV9yZWNpcGUBMRUAACaQkOnC-o3KBxUCKAJDMywXQEUzMzMzMzMYGWRhc2hfaDI2NC1iYXNpYy1nZW4yXzcyMHARAHUAZd6oAQA&_nc_gid=M_-Nhh3bMD2iHjEZxct7eQ&_nc_ss=7f180&_nc_zt=28&oh=00_AQLEY8jbW3QNyszuGQCKieubCMN8IL5rN5g_XZxikeTNsg&oe=6AA3AAA0,"['FACEBOOK', 'INSTAGRAM', 'AUDIENCE_NETWORK', 'MESSENGER', 'THREADS']",au,cw,facebook,social,2026-W36,2026-09,"FACEBOOK, INSTAGRAM, AUDIENCE_NETWORK, MESSENGER, THREADS",True,True,True,True,True,False,Brand/Category Page,True,False,False,2026-09-07,2026-03-29 07:00:00,2026-09-07 16:55:10.186478,162
4049589671949108,1644179023256566,True,2026-02-26 08:00:00,2026-09-06 07:00:00,Chemist Warehouse,Chemist Warehouse,{{product.name}},{{product.brand}},Learn more,DCO,https://www.chemistwarehouse.com.au/shop-online/6315/natalis-pregnancy-care?utm_source=facebook&utm_medium=social&utm_campaign=au_cw_coop_facebook_social_vidacorp_natalis_81_2026_100118-bau_video-image&utm_term=traffic&utm_content=video-image_instore,www.chemistwarehouse.com.au,/shop-online/6315/natalis-pregnancy-care,facebook,social,au_cw_coop_facebook_social_vidacorp_natalis_81_2026_100118-bau_video-image,81,traffic,video-image_instore,Coop,Vidacorp,Natalis,2026,video-image,Shop now at Chemist Warehouse!,Natalis supports mums & babies from pre-conception to breastfeeding. Shop now at Chemist Warehouse!,Learn More,,https://video.flim31-1.fna.fbcdn.net/o1/v/t2/f2/m366/AQOsLn4nrDhjhVhNA1db9M6IW2fOYJHW28B-EDvoVYXWS0HaGSwFg5YkkMtx8w9_5deIBlenf74rUa00nCrbEGwzeMkEXRlRr54Vz8B_7MI0Uw.mp4?_nc_cat=104&_nc_oc=AdqatznujcLTu48cKYmCo6Pj05wRFmPyx3V4MBlzJVmEk8s5AHNcBQBEkT_w0gprmMU&_nc_sid=b66105&_nc_ht=video.flim31-1.fna.fbcdn.net&_nc_ohc=JPTbZfP1NxIQ7kNvwFvGd4F&efg=eyJ2ZW5jb2RlX3RhZyI6Inhwdl9wcm9ncmVzc2l2ZS5WSV9VU0VDQVNFX1BST0RVQ1RfVFlQRS4uQzMuNzIwLmRhc2hfaDI2NC1iYXNpYy1nZW4yXzcyMHAiLCJ4cHZfYXNzZXRfaWQiOjIxMzMyOTIzNDA4MTQ4NTYsImFzc2V0X2FnZV9kYXlzIjoxOTQsInZpX3VzZWNhc2VfaWQiOjEwNzk5LCJkdXJhdGlvbl9zIjo0MiwidXJsZ2VuX3NvdXJjZSI6Ind3dyJ9&ccb=17-1&vs=3f412dbef0ed18f6&_nc_vs=HBksFQIYRWZiX2VwaGVtZXJhbC9GODQ3MkFCQjhGOTMzRDkwQjJFQ0Q2MTZBQjRCMDk4Ml9tdF8xX3ZpZGVvX2Rhc2hpbml0Lm1wNBUAAsgBEgAVAhhAZmJfcGVybWFuZW50LzI4NENBODEzODFBNEM0RDU3MEExNUQ5MDM4OENCNjgxX2F1ZGlvX2Rhc2hpbml0Lm1wNBUCAsgBEgAoABgAGwKIB3VzZV9vaWwBMRJwcm9ncmVzc2l2ZV9yZWNpcGUBMRUAACaQkOnC-o3KBxUCKAJDMywXQEUzMzMzMzMYGWRhc2hfaDI2NC1iYXNpYy1nZW4yXzcyMHARAHUAZd6oAQA&_nc_gid=M_-Nhh3bMD2iHjEZxct7eQ&_nc_ss=7f180&_nc_zt=28&oh=00_AQLEY8jbW3QNyszuGQCKieubCMN8IL5rN5g_XZxikeTNsg&oe=6AA3AAA0,"['FACEBOOK', 'INSTAGRAM', 'AUDIENCE_NETWORK', 'MESSENGER', 'THREADS']",au,cw,facebook,social,2026-W36,2026-09,"FACEBOOK, INSTAGRAM, AUDIENCE_NETWORK, MESSENGER, THREADS",True,True,True,True,True,False,Brand/Category Page,True,False,False,2026-09-07,2026-02-26 08:00:00,2026-09-07 16:55:10.186478,193
828904632808379,,True,2026-03-24 07:00:00,2026-09-06 07:00:00,Chemist Warehouse,Chemist Warehouse,Karicare at Chemist Warehouse,Blends in key ingredients to support growth in children. Shop Karicare baby formula now,Learn more,IMAGE,https://www.chemistwarehouse.com.au/shop-online/963/karicare?utm_source=facebook&utm_medium=social&utm_campaign=au_cw_coop_facebook_social_nutriciaaustraliaptylimited_karicare_20_2026_100044-bau_video-image&utm_term=traffic&utm_content=video-image_karicare-image-a,www.chemistwarehouse.com.au,/shop-online/963/karicare,facebook,social,au_cw_coop_facebook_social_nutriciaaustraliaptylimited_karicare_20_2026_100044-bau_video-image,20,traffic,video-image_karicare-image-a,Coop,Nutriciaaustraliaptylimited,Karicare,2026,video-image,,,,,,"['FACEBOOK', 'INSTAGRAM']",au,cw,facebook,social,2026-W36,2026-09,"FACEBOOK, INSTAGRAM",True,True,False,False,False,False,Brand/Category Page,True,True,False,2026-09-07,2026-03-24 07:00:00,2026-09-07 16:55:10.186478,167
2046212672607904,,True,2026-03-24 07:00:00,2026-09-06 07:00:00,Chemist Warehouse,Chemist Warehouse,Karicare at Chemist Warehouse,Blends in key ingredients to support growth in children. Shop Karicare baby formula now,Learn more,IMAGE,https://www.chemistwarehouse.com.au/shop-online/963/karicare?utm_source=facebook&utm_medium=social&utm_campaign=au_cw_coop_facebook_social_nutriciaaustraliaptylimited_karicare_20_2026_100044-bau_video-image&utm_term=traffic&utm_content=video-image_karicare-image-b,www.chemistwarehouse.com.au,/shop-online/963/karicare,facebook,social,au_cw_coop_facebook_social_nutriciaaustraliaptylimited_karicare_20_2026_100044-bau_video-image,20,traffic,video-image_karicare-image-b,Coop,Nutriciaaustraliaptylimited,Karicare,2026,video-image,,,,,,"['FACEBOOK', 'INSTAGRAM']",au,cw,facebook,social,2026-W36,2026-09,"FACEBOOK, INSTAGRAM",True,True,False,False,False,False,Brand/Category Page,True,True,False,2026-09-07,2026-03-24 07:00:00,2026-09-07 16:55:10.186478,167
1936233353669106,,True,2026-03-26 07:00:00,2026-09-06 07:00:00,Chemist Warehouse,Chemist Warehouse,Neutrogena Collagen Bank,Neutrogena Collagen Bank supports collagen for firmer and youthful skin. Available at Chemist Warehouse.,Shop now,IMAGE,https://fb.com/canvas_doc/1443893930865287,fb.com,/canvas_doc/1443893930865287,,,,,,,Not Specified,,,,,,,,,,"['FACEBOOK', 'INSTAGRAM', 'AUDIENCE_NETWORK', 'MESSENGER', 'THREADS']",,,,,2026-W36,2026-09,"FACEBOOK, INSTAGRAM, AUDIENCE_NETWORK, MESSENGER, THREADS",True,True,True,True,True,False,Internal/App Page,True,True,False,2026-09-07,2026-03-26 07:00:00,2026-09-07 16:55:10.186478,165
1983042859277913,1515704459911840,True,2026-03-23 07:00:00,2026-09-06 07:00:00,Chemist Warehouse,Chemist Warehouse,{{product.name}},{{product.brand}},Learn more,DCO,https://www.chemistwarehouse.com.au/buy/160049/biostime-infant-children-a-l-g-probiotic-care-28-sachets?utm_source=facebook&utm_medium=social&utm_campaign=au_cw_coop_facebook_social_swissewellnessptyltd_biostime_20_2026_100126-bau_video-image&utm_term=traffic&utm_content=video-image_static-4,www.chemistwarehouse.com.au,/buy/160049/biostime-infant-children-a-l-g-probiotic-care-28-sachets,facebook,social,au_cw_coop_facebook_social_swissewellnessptyltd_biostime_20_2026_100126-bau_video-image,20,traffic,video-image_static-4,Coop,Swissewellnessptyltd,Biostime,2026,video-image,Support their day from the inside out,Gentle support for little ones with mild eczema symptoms. Biostime is available at Chemist Warehouse,Learn More,https://scontent.flim31-1.fna.fbcdn.net/v/t39.35426-6/656906517_2124655871599607_7578392960713735780_n.jpg?_nc_cat=105&ccb=1-7&_nc_sid=c53f8f&_nc_ohc=JNiycNT74VUQ7kNvwFbbAF8&_nc_oc=AdqL3DdfoochA8F5B6bOgh7Ak9NJADmHC-mLQHr4LYTPxjzLKI9lFz8JabU7W2e80mc&_nc_zt=14&_nc_ht=scontent.flim31-1.fna&_nc_gid=M_-Nhh3bMD2iHjEZxct7eQ&_nc_ss=7f180&oh=00_AQJQ0SMXQrEkO9itUldr8BFtt3UdLBpL1yePpDKqDnF5-A&oe=6AA3A993,,"['FACEBOOK', 'INSTAGRAM', 'THREADS']",au,cw,facebook,social,2026-W36,2026-09,"FACEBOOK, INSTAGRAM, THREADS",True,True,False,False,True,False,SKU Product,True,False,False,2026-09-07,2026-03-23 07:00:00,2026-09-07 16:55:10.186478,168
2363576060808967,1263283735193735,True,2026-03-22 07:00:00,2026-09-06 07:00:00,Chemist Warehouse,Chemist Warehouse,{{product.name}},{{product.brand}},Learn more,DCO,https://www.chemistwarehouse.com.au/buy/160049/biostime-infant-children-a-l-g-probiotic-care-28-sachets?utm_source=facebook&utm_medium=social&utm_campaign=au_cw_coop_facebook_social_swissewellnessptyltd_biostime_20_2026_100126-bau_video-image&utm_term=traffic&utm_content=video-image_static-5,www.chemistwarehouse.com.au,/buy/160049/biostime-infant-children-a-l-g-probiotic-care-28-sachets,facebook,social,au_cw_coop_facebook_social_swissewellnessptyltd_biostime_20_2026_100126-bau_video-image,20,traffic,video-image_static-5,Coop,Swissewellnessptyltd,Biostime,2026,video-image,Support their day from the inside out,Gentle support for little ones with mild eczema symptoms. Biostime is available at Chemist Warehouse,Learn More,https://scontent.flim31-1.fna.fbcdn.net/v/t39.35426-6/655827744_904311839142463_3666600619732473426_n.jpg?_nc_cat=102&ccb=1-7&_nc_sid=c53f8f&_nc_ohc=Y1i2MvcrrggQ7kNvwGYztFK&_nc_oc=Ado4CA392-CVv2yS-avh1fH6Apcc-mT5ai9dMZf4IiJHSKYsJPe4GT11dCB5ds3lZuw&_nc_zt=14&_nc_ht=scontent.flim31-1.fna&_nc_gid=M_-Nhh3bMD2iHjEZxct7eQ&_nc_ss=7f180&oh=00_AQJQ72HmsyQZUY2R9DqtYpNwUsCyqL45huXTZhBYmnZUTg&oe=6AA3C192,,"['FACEBOOK', 'INSTAGRAM', 'THREADS']",au,cw,facebook,social,2026-W36,2026-09,"FACEBOOK, INSTAGRAM, THREADS",True,True,False,False,True,False,SKU Product,True,False,False,2026-09-07,2026-03-22 07:00:00,2026-09-07 16:55:10.186478,169
1579474416498984,1499276495247643,True,2026-03-22 07:00:00,2026-09-05 07:00:00,Chemist Warehouse,Chemist Warehouse,{{product.name}},{{product.brand}},Learn more,DCO,https://www.chemistwarehouse.com.au/buy/160049/biostime-infant-children-a-l-g-probiotic-care-28-sachets?utm_source=facebook&utm_medium=social&utm_campaign=au_cw_coop_facebook_social_swissewellnessptyltd_biostime_20_2026_100126-bau_video-image&utm_term=traffic&utm_content=video-image_static-1,www.chemistwarehouse.com.au,/buy/160049/biostime-infant-children-a-l-g-probiotic-care-28-sachets,facebook,social,au_cw_coop_facebook_social_swissewellnessptyltd_biostime_20_2026_100126-bau_video-image,20,traffic,video-image_static-1,Coop,Swissewellnessptyltd,Biostime,2026,video-image,Support their day from the inside out,Gentle support for little ones with mild eczema symptoms. Biostime is available at Chemist Warehouse,Learn More,https://scontent.flim31-1.fna.fbcdn.net/v/t39.35426-6/656872842_948342547593375_974443558135462857_n.jpg?_nc_cat=103&ccb=1-7&_nc_sid=c53f8f&_nc_ohc=YjUgkCNS-Q0Q7kNvwGqvwNB&_nc_oc=Adrr1HrG1gbjgLZsRTA4ApiSZ7VW-koAlO8RC2QYYLfX09WMfrWDeuUS1ROxW4NsKOI&_nc_zt=14&_nc_ht=scontent.flim31-1.fna&_nc_gid=M_-Nhh3bMD2iHjEZxct7eQ&_nc_ss=7f180&oh=00_AQLqedqQ2Ld2QR4OsddWzJMfDsBdLGp67_GTB1loFP3Zuw&oe=6AA3BD8C,,"['FACEBOOK', 'INSTAGRAM', 'THREADS']",au,cw,facebook,social,2026-W36,2026-09,"FACEBOOK, INSTAGRAM, THREADS",True,True,False,False,True,False,SKU Product,True,False,False,2026-09-07,2026-03-22 07:00:00,2026-09-07 16:55:10.186478,169
930911809324307,1342178437927744,True,2026-03-24 07:00:00,2026-09-05 07:00:00,Chemist Warehouse,Chemist Warehouse,{{product.name}},{{product.brand}},Learn more,DCO,https://www.chemistwarehouse.com.au/buy/160049/biostime-infant-children-a-l-g-probiotic-care-28-sachets?utm_source=facebook&utm_medium=social&utm_campaign=au_cw_coop_facebook_social_swissewellnessptyltd_biostime_20_2026_100126-bau_video-image&utm_term=traffic&utm_content=video-image_static-2,www.chemistwarehouse.com.au,/buy/160049/biostime-infant-children-a-l-g-probiotic-care-28-sachets,facebook,social,au_cw_coop_facebook_social_swissewellnessptyltd_biostime_20_2026_100126-bau_video-image,20,traffic,video-image_static-2,Coop,Swissewellnessptyltd,Biostime,2026,video-image,Support their day from the inside out,Gentle support for little ones with mild eczema symptoms. Biostime is available at Chemist Warehouse,Learn More,https://scontent.flim31-1.fna.fbcdn.net/v/t39.35426-6/654881607_1717682389203980_1530985513429701613_n.jpg?_nc_cat=111&ccb=1-7&_nc_sid=c53f8f&_nc_ohc=G1TYXRuf6GIQ7kNvwG-tOJa&_nc_oc=Adpo95XXvAP9u8VJjA_a95oLq2WjqWNeQYA1zWQ69HKBQkW9UjwRrw-8QHJgC2ldP0U&_nc_zt=14&_nc_ht=scontent.flim31-1.fna&_nc_gid=M_-Nhh3bMD2iHjEZxct7eQ&_nc_ss=7f180&oh=00_AQIO__DPINzNzuWDi9gbsX3dZ1fkwho9dXNkDG9_9SV6Ag&oe=6AA3C563,,"['FACEBOOK', 'INSTAGRAM', 'THREADS']",au,cw,facebook,social,2026-W36,2026-09,"FACEBOOK, INSTAGRAM, THREADS",True,True,False,False,True,False,SKU Product,True,False,False,2026-09-07,2026-03-24 07:00:00,2026-09-07 16:55:10.186478,167
3955138884617518,1702339004066074,True,2026-03-22 07:00:00,2026-09-06 07:00:00,Chemist Warehouse,Chemist Warehouse,{{product.name}},{{product.brand}},Learn more,DCO,https://www.chemistwarehouse.com.au/buy/160049/biostime-infant-children-a-l-g-probiotic-care-28-sachets?utm_source=facebook&utm_medium=social&utm_campaign=au_cw_coop_facebook_social_swissewellnessptyltd_biostime_20_2026_100126-bau_video-image&utm_term=traffic&utm_content=video-image_static-3,www.chemistwarehouse.com.au,/buy/160049/biostime-infant-children-a-l-g-probiotic-care-28-sachets,facebook,social,au_cw_coop_facebook_social_swissewellnessptyltd_biostime_20_2026_100126-bau_video-image,20,traffic,video-image_static-3,Coop,Swissewellnessptyltd,Biostime,2026,video-image,Support their day from the inside out,Gentle support for little ones with mild eczema symptoms. Biostime is available at Chemist Warehouse,Learn More,https://scontent.flim31-1.fna.fbcdn.net/v/t39.35426-6/653912900_2371139983369176_1257409238172514783_n.jpg?_nc_cat=101&ccb=1-7&_nc_sid=c53f8f&_nc_ohc=qRouPLw_88AQ7kNvwFycxsW&_nc_oc=Adocv7ZtX8NtGrOXJ4wq70tQSCzJEliNL9pjPfdipYphmYMifHhn54xOc_n29kKUhrY&_nc_zt=14&_nc_ht=scontent.flim31-1.fna&_nc_gid=M_-Nhh3bMD2iHjEZxct7eQ&_nc_ss=7f180&oh=00_AQKthiPguczZ8iFrupDMxhawXeK1KBIkFXkxA86pvx3a_Q&oe=6AA3CF02,,"['FACEBOOK', 'INSTAGRAM', 'THREADS']",au,cw,facebook,social,2026-W36,2026-09,"FACEBOOK, INSTAGRAM, THREADS",True,True,False,False,True,False,SKU Product,True,False,False,2026-09-07,2026-03-22 07:00:00,2026-09-07 16:55:10.186478,169
929136289659060,,True,2026-03-19 07:00:00,2026-09-06 07:00:00,Chemist Warehouse,Chemist Warehouse,"Want Instant Glowing, Glass Skin?",Discover the NEW L'Oréal Paris Filler Glass Skin Cream for glass skin glow in just 1 use.,Shop now,IMAGE,https://fb.com/canvas_doc/1721751209202513,fb.com,/canvas_doc/1721751209202513,,,,,,,Not Specified,,,,,,,,,,"['FACEBOOK', 'INSTAGRAM', 'AUDIENCE_NETWORK', 'MESSENGER', 'THREADS']",,,,,2026-W36,2026-09,"FACEBOOK, INSTAGRAM, AUDIENCE_NETWORK, MESSENGER, THREADS",True,True,True,True,True,False,Internal/App Page,True,False,False,2026-09-07,2026-03-19 07:00:00,2026-09-07 16:55:10.186478,172
1176189481098136,1581408246452958,True,2026-03-16 07:00:00,2026-09-06 07:00:00,Chemist Warehouse,Chemist Warehouse,{{product.name}},{{product.brand}},Learn more,DCO,https://www.chemistwarehouse.com.au/buy/160049/biostime-infant-children-a-l-g-probiotic-care-28-sachets?utm_source=facebook&utm_medium=social&utm_campaign=au_cw_coop_facebook_social_swissewellnessptyltd_biostime_20_2026_100126-bau_video-image&utm_term=traffic&utm_content=video-image_instore-video,www.chemistwarehouse.com.au,/buy/160049/biostime-infant-children-a-l-g-probiotic-care-28-sachets,facebook,social,au_cw_coop_facebook_social_swissewellnessptyltd_biostime_20_2026_100126-bau_video-image,20,traffic,video-image_instore-video,Coop,Swissewellnessptyltd,Biostime,2026,video-image,Biostime at Chemist Warehouse,Gentle support for mild eczema symptoms in infants and children. Shop Biostime at Chemist Warehouse.,Learn More,,https://video.flim31-1.fna.fbcdn.net/o1/v/t2/f2/m366/AQNtpuJUgwOfaAeBJNv2LlvYD__cwOUf3-3NTpUVeHIPDDeECEkVMfxt-XJDHYKbP6X0niaYyAy40X83-otXEhomqDNJZT5RFInXAAY3hjkKUA.mp4?_nc_cat=107&_nc_oc=AdquOWsDC2e62jcc8nKs9pHzf7kTXwOprSFVboPzq-4hkZuXWOG78sMPHyF28BxsrEc&_nc_sid=b66105&_nc_ht=video.flim31-1.fna.fbcdn.net&_nc_ohc=U4oz_NHAAyUQ7kNvwEfyUY2&efg=eyJ2ZW5jb2RlX3RhZyI6Inhwdl9wcm9ncmVzc2l2ZS5WSV9VU0VDQVNFX1BST0RVQ1RfVFlQRS4uQzMuNzIwLmRhc2hfaDI2NC1iYXNpYy1nZW4yXzcyMHAiLCJ4cHZfYXNzZXRfaWQiOjE0NDc2NTc3MDM1MTI5ODQsImFzc2V0X2FnZV9kYXlzIjoxNzMsInZpX3VzZWNhc2VfaWQiOjEwNzk5LCJkdXJhdGlvbl9zIjozNCwidXJsZ2VuX3NvdXJjZSI6Ind3dyJ9&ccb=17-1&vs=bf79ae71495c63f0&_nc_vs=HBksFQIYRWZiX2VwaGVtZXJhbC9GQTRDMTQyNTczNDMwMDg0M0Q2Q0Y3MUY1RUQ5RThBOV9tdF8xX3ZpZGVvX2Rhc2hpbml0Lm1wNBUAAsgBEgAVAhhAZmJfcGVybWFuZW50L0E2NEM2M0ZDOTNFRTNEM0RDOTIyMUYxNDZDODdFMEE5X2F1ZGlvX2Rhc2hpbml0Lm1wNBUCAsgBEgAoABgAGwKIB3VzZV9vaWwBMRJwcm9ncmVzc2l2ZV9yZWNpcGUBMRUAACaw7uSy4qiSBRUCKAJDMywXQEERBiTdLxsYGWRhc2hfaDI2NC1iYXNpYy1nZW4yXzcyMHARAHUAZd6oAQA&_nc_gid=M_-Nhh3bMD2iHjEZxct7eQ&_nc_ss=7f180&_nc_zt=28&oh=00_AQLPMlFti5wOd0lbkvOw-a8VHICaztzx8oGVO-UvKq8blw&oe=6AA3A681,"['FACEBOOK', 'INSTAGRAM', 'THREADS']",au,cw,facebook,social,2026-W36,2026-09,"FACEBOOK, INSTAGRAM, THREADS",True,True,False,False,True,False,SKU Product,True,False,False,2026-09-07,2026-03-16 07:00:00,2026-09-07 16:55:10.186478,175
1534446954914859,2126292548184621,True,2026-03-17 07:00:00,2026-09-05 07:00:00,Chemist Warehouse,Chemist Warehouse,My Organics at Chemist Warehouse,"Giving your hair the resurrection it deserves 🤍 My Organic's Resurrection Supreme Shampoo & Miracle Mask are formulated to help leave hair feeling shiny, nourished and healthy. Discover the range at Chemist Warehouse",Learn more,VIDEO,https://www.chemistwarehouse.com.au/shop-online/1597/my-organics?utm_source=facebook&utm_medium=social&utm_campaign=au_cw_oa_facebook_social_myorganics_myorganics_129_mar26_100308-social_video&utm_term=traffic&utm_content=video_instore-video,www.chemistwarehouse.com.au,/shop-online/1597/my-organics,facebook,social,au_cw_oa_facebook_social_myorganics_myorganics_129_mar26_100308-social_video,129,traffic,video_instore-video,O&O,Myorganics,Myorganics,mar26,video,,,,,,"['FACEBOOK', 'INSTAGRAM', 'THREADS']",au,cw,facebook,social,2026-W36,2026-09,"FACEBOOK, INSTAGRAM, THREADS",True,True,False,False,True,False,Brand/Category Page,True,True,True,2026-09-07,2026-03-17 07:00:00,2026-09-07 16:55:10.186478,174
2299848750504235,2436011233510184,True,2026-03-10 07:00:00,2026-09-06 07:00:00,Chemist Warehouse,Chemist Warehouse,"Want Instant Glowing, Glass Skin?",Discover the NEW L'Oréal Paris Filler Glass Skin Cream for glass skin glow in just 1 use.,Shop now,VIDEO,https://www.chemistwarehouse.com.au/shop-online/4068/loreal-paris?utm_source=facebook&utm_medium=social&utm_campaign=au_cw_coop_facebook_social_lorealaustraliaptyltd_lorealparis_665_2026_bau_dynamic&utm_term=traffic&utm_content=dynamic_cushionvid,www.chemistwarehouse.com.au,/shop-online/4068/loreal-paris,facebook,social,au_cw_coop_facebook_social_lorealaustraliaptyltd_lorealparis_665_2026_bau_dynamic,665,traffic,dynamic_cushionvid,Coop,Lorealaustraliaptyltd,Lorealparis,2026,dynamic,,,,,,"['FACEBOOK', 'INSTAGRAM', 'AUDIENCE_NETWORK', 'MESSENGER', 'THREADS']",au,cw,facebook,social,2026-W36,2026-09,"FACEBOOK, INSTAGRAM, AUDIENCE_NETWORK, MESSENGER, THREADS",True,True,True,True,True,False,Brand/Category Page,True,False,False,2026-09-07,2026-03-10 07:00:00,2026-09-07 16:55:10.186478,181
2084549515776166,,True,2026-03-12 07:00:00,2026-09-06 07:00:00,Chemist Warehouse,Chemist Warehouse,Dermatologists Reinvented Haircare,CeraVe Haircare Reinvented with Dermatologists. Gentle on the scalp barrier and made for all hair types,Shop now,IMAGE,https://fb.com/canvas_doc/2041549553075241,fb.com,/canvas_doc/2041549553075241,,,,,,,Not Specified,,,,,,,,,,"['FACEBOOK', 'INSTAGRAM', 'AUDIENCE_NETWORK', 'MESSENGER', 'THREADS']",,,,,2026-W36,2026-09,"FACEBOOK, INSTAGRAM, AUDIENCE_NETWORK, MESSENGER, THREADS",True,True,True,True,True,False,Internal/App Page,True,False,False,2026-09-07,2026-03-12 07:00:00,2026-09-07 16:55:10.186478,179
1465697435183323,,True,2026-03-11 07:00:00,2026-09-05 07:00:00,Chemist Warehouse,Chemist Warehouse,Cerave: Derm-Developed Blemish Care,Cleanse and target your blemishes with CeraVe's two step acne routine Developed with Derms,Shop now,IMAGE,https://fb.com/canvas_doc/1652806715856948,fb.com,/canvas_doc/1652806715856948,,,,,,,Not Specified,,,,,,,,,,"['FACEBOOK', 'INSTAGRAM', 'AUDIENCE_NETWORK', 'MESSENGER', 'THREADS']",,,,,2026-W36,2026-09,"FACEBOOK, INSTAGRAM, AUDIENCE_NETWORK, MESSENGER, THREADS",True,True,True,True,True,False,Internal/App Page,True,False,False,2026-09-07,2026-03-11 07:00:00,2026-09-07 16:55:10.186478,180
1602269084375509,,True,2026-03-11 07:00:00,2026-09-06 07:00:00,Chemist Warehouse,Chemist Warehouse,Dermatologists Reinvented Haircare,CeraVe Haircare Reinvented with Dermatologists. Gentle on the scalp barrier and made for all hair types,Shop now,IMAGE,https://fb.com/canvas_doc/1250736777235351,fb.com,/canvas_doc/1250736777235351,,,,,,,Not Specified,,,,,,,,,,"['FACEBOOK', 'INSTAGRAM', 'AUDIENCE_NETWORK', 'MESSENGER', 'THREADS']",,,,,2026-W36,2026-09,"FACEBOOK, INSTAGRAM, AUDIENCE_NETWORK, MESSENGER, THREADS",True,True,True,True,True,False,Internal/App Page,True,False,False,2026-09-07,2026-03-11 07:00:00,2026-09-07 16:55:10.186478,180
1315536347052888,,True,2026-03-12 07:00:00,2026-09-05 07:00:00,Chemist Warehouse,Chemist Warehouse,Dermatologists Reinvented Haircare,CeraVe Haircare Reinvented with Dermatologists. Gentle on the scalp barrier and made for all hair types,Shop now,IMAGE,https://fb.com/canvas_doc/889917790509673,fb.com,/canvas_doc/889917790509673,,,,,,,Not Specified,,,,,,,,,,"['FACEBOOK', 'INSTAGRAM', 'AUDIENCE_NETWORK', 'MESSENGER', 'THREADS']",,,,,2026-W36,2026-09,"FACEBOOK, INSTAGRAM, AUDIENCE_NETWORK, MESSENGER, THREADS",True,True,True,True,True,False,Internal/App Page,True,False,False,2026-09-07,2026-03-12 07:00:00,2026-09-07 16:55:10.186478,179
1115105317384102,893113806858079,True,2026-03-03 08:00:00,2026-09-06 07:00:00,Chemist Warehouse,Chemist Warehouse,Infallible Cushion Foundation,"Flawless skin in seconds! L’Oréal Paris 24H Cushion Foundation, now at Chemist Warehouse. Pair it with the viral Setting Mist!",Shop now,VIDEO,https://www.chemistwarehouse.com.au/shop-online/4068/loreal-paris?category=Foundation&utm_source=facebook&utm_medium=social&utm_campaign=au_cw_coop_facebook_social_lorealaustraliaptyltd_lorealparis_665_2026_bau_dynamic&utm_term=traffic&utm_content=dynamic_cushionvid,www.chemistwarehouse.com.au,/shop-online/4068/loreal-paris,facebook,social,au_cw_coop_facebook_social_lorealaustraliaptyltd_lorealparis_665_2026_bau_dynamic,665,traffic,dynamic_cushionvid,Coop,Lorealaustraliaptyltd,Lorealparis,2026,dynamic,,,,,,"['FACEBOOK', 'INSTAGRAM', 'AUDIENCE_NETWORK', 'MESSENGER', 'THREADS']",au,cw,facebook,social,2026-W36,2026-09,"FACEBOOK, INSTAGRAM, AUDIENCE_NETWORK, MESSENGER, THREADS",True,True,True,True,True,False,Brand/Category Page,True,True,False,2026-09-07,2026-03-03 08:00:00,2026-09-07 16:55:10.186478,188
1229206639409889,,True,2026-02-25 08:00:00,2026-09-06 07:00:00,Chemist Warehouse,Chemist Warehouse,Beauty Meets Nutrition,"Your everyday collagen ritual, thanks to The Collagen Co now at Chemist Warehouse",Shop now,IMAGE,https://fb.com/canvas_doc/1977917122797092,fb.com,/canvas_doc/1977917122797092,,,,,,,Not Specified,,,,,,,,,,"['FACEBOOK', 'INSTAGRAM', 'MESSENGER', 'THREADS']",,,,,2026-W36,2026-09,"FACEBOOK, INSTAGRAM, MESSENGER, THREADS",True,True,False,True,True,False,Internal/App Page,True,True,False,2026-09-07,2026-02-25 08:00:00,2026-09-07 16:55:10.186478,194
1305572008050018,2921963624838695,True,2026-02-25 08:00:00,2026-09-06 07:00:00,Chemist Warehouse,Chemist Warehouse,{{product.name}},{{product.brand}},Shop now,DCO,https://www.chemistwarehouse.com.au/shop-online/6918/the-collagen-co?utm_source=facebook&utm_medium=social&utm_content=Catalogue&utm_campaign=au_cw_coop_facebook_social_collagenco_thecollagenco_81_2026_bau_Dynamic&utm_term=Dynamic,www.chemistwarehouse.com.au,/shop-online/6918/the-collagen-co,facebook,social,au_cw_coop_facebook_social_collagenco_thecollagenco_81_2026_bau_Dynamic,81,Dynamic,Catalogue,Coop,Collagenco,Thecollagenco,2026,dynamic,Beauty Meets Nutrition,"Your everyday collagen ritual, thanks to The Collagen Co now at Chemist Warehouse",Shop Now,https://scontent.flim31-1.fna.fbcdn.net/v/t39.35426-6/637810836_1904925063486607_7852419059411506365_n.jpg?_nc_cat=109&ccb=1-7&_nc_sid=c53f8f&_nc_ohc=f82UU70wG90Q7kNvwFqKZg4&_nc_oc=AdpVnBgh5N4Zlh9M3T9jhooteV8kB8pc6MLcquvOMLXLk5Jy7SaMYQm0Lte53VBotys&_nc_zt=14&_nc_ht=scontent.flim31-1.fna&_nc_gid=M_-Nhh3bMD2iHjEZxct7eQ&_nc_ss=7f180&oh=00_AQLOQibjHQ-w0eROrHK5ySRyyPP75ObczcS0iJoFcTDH2A&oe=6AA3AC90,,"['FACEBOOK', 'INSTAGRAM', 'MESSENGER', 'THREADS']",au,cw,facebook,social,2026-W36,2026-09,"FACEBOOK, INSTAGRAM, MESSENGER, THREADS",True,True,False,True,True,False,Brand/Category Page,True,False,False,2026-09-07,2026-02-25 08:00:00,2026-09-07 16:55:10.186478,194
879545931583456,715774954827515,True,2026-02-25 08:00:00,2026-09-06 07:00:00,Chemist Warehouse,Chemist Warehouse,{{product.name}},{{product.brand}},Learn more,DCO,https://www.chemistwarehouse.com.au/buy/157226/neutrogena-collagen-bank-moisturiser-59ml?utm_source=facebook&utm_medium=social&utm_campaign=au_cw_coop_facebook_social_johnsonjohnsonpacific_neutrogena_665_2026_bau_dynamic&utm_term=conversion&utm_content=dynamic_collection_collagenbank-image,www.chemistwarehouse.com.au,/buy/157226/neutrogena-collagen-bank-moisturiser-59ml,facebook,social,au_cw_coop_facebook_social_johnsonjohnsonpacific_neutrogena_665_2026_bau_dynamic,665,conversion,dynamic_collection_collagenbank-image,Coop,Johnsonjohnsonpacific,Neutrogena,2026,dynamic,Neutrogena Collagen Bank Moisturiser,Neutrogena Collagen Bank Moisturiser supports collagen for firmer and youthful skin. Available at Chemist Warehouse.,Learn More,https://scontent.flim31-1.fna.fbcdn.net/v/t39.35426-6/642227450_958131603441042_4899467435931366132_n.jpg?_nc_cat=110&ccb=1-7&_nc_sid=c53f8f&_nc_ohc=Hoi5MQY_osgQ7kNvwE_jAhZ&_nc_oc=Adqu8GBT1lYsBW3Ok6m3A92wRUYKXfDQeVMqhwE2tMF-j_IL03Lqgr2U7osDS64ArYM&_nc_zt=14&_nc_ht=scontent.flim31-1.fna&_nc_gid=M_-Nhh3bMD2iHjEZxct7eQ&_nc_ss=7f180&oh=00_AQIUwr1jor6qBsxojoMVDJSBjTnCuYyZktYgufBe1KAckQ&oe=6AA3BE67,,"['FACEBOOK', 'INSTAGRAM', 'AUDIENCE_NETWORK', 'MESSENGER', 'THREADS']",au,cw,facebook,social,2026-W36,2026-09,"FACEBOOK, INSTAGRAM, AUDIENCE_NETWORK, MESSENGER, THREADS",True,True,True,True,True,False,SKU Product,True,False,False,2026-09-07,2026-02-25 08:00:00,2026-09-07 16:55:10.186478,194
2208635399906564,1459674745641261,True,2026-04-20 07:00:00,2026-09-02 07:00:00,Chemist Warehouse,Chemist Warehouse,{{product.name}},{{product.brand}},Shop now,DCO,https://www.chemistwarehouse.com.au/shop-online/705652/old-spice?utm_source=facebook&utm_medium=social&utm_campaign=au_cw_coop_facebook_social_proctergambleaustralia_oldspice_259_2026_100078-bau_video&utm_term=traffic&utm_content=video_all,www.chemistwarehouse.com.au,/shop-online/705652/old-spice,facebook,social,au_cw_coop_facebook_social_proctergambleaustralia_oldspice_259_2026_100078-bau_video,259,traffic,video_all,Coop,Proctergambleaustralia,Oldspice,2026,video,Try Old Spice Sticks!,Long-lasting sweat and odor protection. Feel 2x fresher with a perfume-quality fragrance!,Shop Now,https://scontent.flim31-1.fna.fbcdn.net/v/t39.35426-6/673558275_2366072413870705_6957809162252667346_n.jpg?_nc_cat=106&ccb=1-7&_nc_sid=c53f8f&_nc_ohc=QHoBchcawfkQ7kNvwGHDMk7&_nc_oc=AdoVFBM1zIlJnYcVs2gluSEIdz0Y9j9zv1pPAGjQhl5FwEteQbD-7a9ELNzV05-vTP4&_nc_zt=14&_nc_ht=scontent.flim31-1.fna&_nc_gid=5-v9sOpErlyNQtVLZp_yHA&_nc_ss=7f180&oh=00_AQKd7HJtJ1n3vPtL1-EyPItz-V0Gak9PvDESChBl3MaMbQ&oe=6AA399B4,,"['FACEBOOK', 'INSTAGRAM', 'AUDIENCE_NETWORK', 'MESSENGER', 'THREADS']",au,cw,facebook,social,2026-W36,2026-09,"FACEBOOK, INSTAGRAM, AUDIENCE_NETWORK, MESSENGER, THREADS",True,True,True,True,True,False,Brand/Category Page,True,False,False,2026-09-07,2026-04-20 07:00:00,2026-09-07 16:55:10.186478,140
2072456359966566,2024661738468392,True,2026-04-16 07:00:00,2026-09-06 07:00:00,Chemist Warehouse,Chemist Warehouse,{{product.name}},{{product.brand}},Shop now,DCO,https://www.chemistwarehouse.com.au/shop-online/705653/vida-glow?utm_source=facebook&utm_medium=social&utm_campaign=au_cw_coop_facebook_social_vidaglow_vidaglow_81_2026_100167-bau_video-image&utm_term=traffic&utm_content=video-image_static-2,www.chemistwarehouse.com.au,/shop-online/705653/vida-glow,facebook,social,au_cw_coop_facebook_social_vidaglow_vidaglow_81_2026_100167-bau_video-image,81,traffic,video-image_static-2,Coop,Vidaglow,Vidaglow,2026,video-image,Marine Collagen Peptides,"Pure, potent and simple to use. Add Vida Glow Natural Marine Collagen to your routine to support skin elasticity and hydration.",Shop Now,https://scontent.flim31-1.fna.fbcdn.net/v/t39.35426-6/672687217_1212591444090753_458793157925896405_n.jpg?_nc_cat=104&ccb=1-7&_nc_sid=c53f8f&_nc_ohc=3CJoI7ZXut4Q7kNvwHSVo1V&_nc_oc=AdrlCJvI5pOTuuKHySAimwtwhOHQRmAd5egNXoozmCxunZr9rfN_Tcc98Y-1uK3goOM&_nc_zt=14&_nc_ht=scontent.flim31-1.fna&_nc_gid=5-v9sOpErlyNQtVLZp_yHA&_nc_ss=7f180&oh=00_AQIeDb_7SdUdnECrDnBC8PQxbxYTmYU7w0AZPxh2bOTHfw&oe=6AA3D14C,,"['FACEBOOK', 'INSTAGRAM', 'THREADS']",au,cw,facebook,social,2026-W36,2026-09,"FACEBOOK, INSTAGRAM, THREADS",True,True,False,False,True,False,Brand/Category Page,True,False,False,2026-09-07,2026-04-16 07:00:00,2026-09-07 16:55:10.186478,144
1600885107896324,,True,2026-02-24 08:00:00,2026-09-06 07:00:00,Chemist Warehouse,Chemist Warehouse,Discover GO Healthy stress & energy support products,Choose GO Activated B Complex for your energy production or GO  L‑Theanine 400 to help you stay calm — simple 1‑a‑day formulation.,Shop now,IMAGE,https://fb.com/canvas_doc/1257483286291537,fb.com,/canvas_doc/1257483286291537,,,,,,,Not Specified,,,,,,,,,,"['FACEBOOK', 'INSTAGRAM', 'AUDIENCE_NETWORK', 'MESSENGER', 'THREADS']",,,,,2026-W36,2026-09,"FACEBOOK, INSTAGRAM, AUDIENCE_NETWORK, MESSENGER, THREADS",True,True,True,True,True,False,Internal/App Page,True,False,False,2026-09-07,2026-02-24 08:00:00,2026-09-07 16:55:10.186478,195
928410636841008,4592791527615342,True,2026-04-16 07:00:00,2026-09-05 07:00:00,Chemist Warehouse,Chemist Warehouse,{{product.name}},{{product.brand}},Shop now,DCO,https://www.chemistwarehouse.com.au/shop-online/705653/vida-glow?utm_source=facebook&utm_medium=social&utm_campaign=au_cw_coop_facebook_social_vidaglow_vidaglow_81_2026_100167-bau_video-image&utm_term=traffic&utm_content=video-image_static-1,www.chemistwarehouse.com.au,/shop-online/705653/vida-glow,facebook,social,au_cw_coop_facebook_social_vidaglow_vidaglow_81_2026_100167-bau_video-image,81,traffic,video-image_static-1,Coop,Vidaglow,Vidaglow,2026,video-image,Marine Collagen Peptides,"Pure, potent and simple to use. Add Vida Glow Natural Marine Collagen to your routine to support skin elasticity and hydration.",Shop Now,https://scontent.flim31-1.fna.fbcdn.net/v/t39.35426-6/670525129_1215389997211816_5275696771799076566_n.jpg?_nc_cat=108&ccb=1-7&_nc_sid=c53f8f&_nc_ohc=F0PVUuamSdIQ7kNvwG6T2jx&_nc_oc=Ado2KXLbsCb39utun-3-launcJrwqWj6wSnlXvQ3JZNgNkhd-Cfvwr5YIszYL9w8YJM&_nc_zt=14&_nc_ht=scontent.flim31-1.fna&_nc_gid=5-v9sOpErlyNQtVLZp_yHA&_nc_ss=7f180&oh=00_AQL4G8j1giDhbuvfotWaPgkE_xfc-wJBlgCvAK8QCRZrnQ&oe=6AA3CF97,,"['FACEBOOK', 'INSTAGRAM', 'THREADS']",au,cw,facebook,social,2026-W36,2026-09,"FACEBOOK, INSTAGRAM, THREADS",True,True,False,False,True,False,Brand/Category Page,True,False,False,2026-09-07,2026-04-16 07:00:00,2026-09-07 16:55:10.186478,144
1847540209291823,,True,2026-02-24 08:00:00,2026-09-05 07:00:00,Chemist Warehouse,Chemist Warehouse,24-Hour Immune Support,24-Hour Immune Support GO ESTER-C® IMMUNE COMPLEX is a quality formula that provides 24 hour support for healthy immune system function with Ester-C®.,Shop now,IMAGE,https://fb.com/canvas_doc/2376701432776434,fb.com,/canvas_doc/2376701432776434,,,,,,,Not Specified,,,,,,,,,,"['FACEBOOK', 'INSTAGRAM', 'AUDIENCE_NETWORK', 'MESSENGER', 'THREADS']",,,,,2026-W36,2026-09,"FACEBOOK, INSTAGRAM, AUDIENCE_NETWORK, MESSENGER, THREADS",True,True,True,True,True,False,Internal/App Page,True,False,False,2026-09-07,2026-02-24 08:00:00,2026-09-07 16:55:10.186478,195
935827842776576,4372948282988682,True,2026-04-16 07:00:00,2026-09-06 07:00:00,Chemist Warehouse,Chemist Warehouse,Marine Collagen Peptides,"Pure, potent and simple to use. Add Vida Glow Natural Marine Collagen to your routine to support skin elasticity and hydration.",Shop now,VIDEO,https://www.chemistwarehouse.com.au/shop-online/705653/vida-glow?utm_source=facebook&utm_medium=social&utm_campaign=au_cw_coop_facebook_social_vidaglow_vidaglow_81_2026_100167-bau_video-image&utm_term=traffic&utm_content=video-image_instore-video,www.chemistwarehouse.com.au,/shop-online/705653/vida-glow,facebook,social,au_cw_coop_facebook_social_vidaglow_vidaglow_81_2026_100167-bau_video-image,81,traffic,video-image_instore-video,Coop,Vidaglow,Vidaglow,2026,video-image,,,,,,"['FACEBOOK', 'INSTAGRAM', 'THREADS']",au,cw,facebook,social,2026-W36,2026-09,"FACEBOOK, INSTAGRAM, THREADS",True,True,False,False,True,False,Brand/Category Page,True,False,False,2026-09-07,2026-04-16 07:00:00,2026-09-07 16:55:10.186478,144
1890628551634654,842946934783585,True,2026-04-16 07:00:00,2026-09-06 07:00:00,Chemist Warehouse,Chemist Warehouse,{{product.name}},{{product.brand}},Shop now,DCO,https://www.chemistwarehouse.com.au/shop-online/705653/vida-glow?utm_source=facebook&utm_medium=social&utm_campaign=au_cw_coop_facebook_social_vidaglow_vidaglow_81_2026_100167-bau_video-image&utm_term=traffic&utm_content=video-image_static-3,www.chemistwarehouse.com.au,/shop-online/705653/vida-glow,facebook,social,au_cw_coop_facebook_social_vidaglow_vidaglow_81_2026_100167-bau_video-image,81,traffic,video-image_static-3,Coop,Vidaglow,Vidaglow,2026,video-image,Marine Collagen Peptides,"Pure, potent and simple to use. Add Vida Glow Natural Marine Collagen to your routine to support skin elasticity and hydration.",Shop Now,https://scontent.flim31-1.fna.fbcdn.net/v/t39.35426-6/671640447_2128346511286352_5026946083298738315_n.jpg?_nc_cat=102&ccb=1-7&_nc_sid=c53f8f&_nc_ohc=v_pWRCtHfzsQ7kNvwFftcOL&_nc_oc=AdqEcCWm-RmsUXHEHcl3AmwgInofSGn92v4iHZWljGF6Jeb0J-VCfGfblzhztXxstks&_nc_zt=14&_nc_ht=scontent.flim31-1.fna&_nc_gid=5-v9sOpErlyNQtVLZp_yHA&_nc_ss=7f180&oh=00_AQKKbF7aVPp_UnDcLeRpI3kJJRhsYEee82grLqywykd03A&oe=6AA3A220,,"['FACEBOOK', 'INSTAGRAM', 'THREADS']",au,cw,facebook,social,2026-W36,2026-09,"FACEBOOK, INSTAGRAM, THREADS",True,True,False,False,True,False,Brand/Category Page,True,False,False,2026-09-07,2026-04-16 07:00:00,2026-09-07 16:55:10.186478,144
1596598248275517,,True,2026-04-12 07:00:00,2026-09-06 07:00:00,Chemist Warehouse,Chemist Warehouse,Strength in Every Drop,"Arnica powered, so you can keep on going. That's the Brauer promise.",Learn more,IMAGE,https://fb.com/canvas_doc/1388740719689421,fb.com,/canvas_doc/1388740719689421,,,,,,,Not Specified,,,,,,,,,,"['FACEBOOK', 'INSTAGRAM', 'THREADS']",,,,,2026-W36,2026-09,"FACEBOOK, INSTAGRAM, THREADS",True,True,False,False,True,False,Internal/App Page,True,False,False,2026-09-07,2026-04-12 07:00:00,2026-09-07 16:55:10.186478,148
1507944674154297,1271297135144101,True,2026-04-12 07:00:00,2026-09-06 07:00:00,Chemist Warehouse,Chemist Warehouse,{{product.name}},{{product.brand}},Learn more,DCO,https://www.chemistwarehouse.com.au/shop-online/1066/matrix?utm_source=facebook&utm_medium=social&utm_campaign=au_cw_coop_facebook_social_lorealprofessional_matrix_129_2026_100047-bau_image&utm_term=reach&utm_content=image_curly,www.chemistwarehouse.com.au,/shop-online/1066/matrix,facebook,social,au_cw_coop_facebook_social_lorealprofessional_matrix_129_2026_100047-bau_image,129,reach,image_curly,Coop,Lorealprofessional,Matrix,2026,image,Matrix x KATSEYE: Hair in motion.,Matrix x KATSEYE: Pro haircare that transforms every choreography into a stunning hairography. Stage-ready hair!,Learn More,https://scontent.flim31-1.fna.fbcdn.net/v/t39.35426-6/672261616_951905554253352_5687681549465139754_n.jpg?_nc_cat=101&ccb=1-7&_nc_sid=c53f8f&_nc_ohc=hI1KwS69mR8Q7kNvwGk6w1j&_nc_oc=Adp9aU3f-gwLqZTYwHqIZEyD3ZRlOFxIJDUICDZTnVKC1FyDQdZtM64_a6aFHFtzO5Q&_nc_zt=14&_nc_ht=scontent.flim31-1.fna&_nc_gid=5-v9sOpErlyNQtVLZp_yHA&_nc_ss=7f180&oh=00_AQLeWyEqVmKZZ090HD_hml-_0NWhwR3DYr3LNziYvM2s-g&oe=6AA39C6E,,"['FACEBOOK', 'INSTAGRAM', 'AUDIENCE_NETWORK', 'WHATSAPP', 'THREADS']",au,cw,facebook,social,2026-W36,2026-09,"FACEBOOK, INSTAGRAM, AUDIENCE_NETWORK, WHATSAPP, THREADS",True,True,True,False,True,True,Brand/Category Page,True,False,False,2026-09-07,2026-04-12 07:00:00,2026-09-07 16:55:10.186478,148
1658322398667720,,True,2026-02-24 08:00:00,2026-09-04 07:00:00,Chemist Warehouse,Chemist Warehouse,GO Activated B Complex  for energy production,"1-A-DAY formula, it  delivers activated B2, B6, B12 and Folate to help support your body’s energy production.",Shop now,IMAGE,https://fb.com/canvas_doc/1220649510257956,fb.com,/canvas_doc/1220649510257956,,,,,,,Not Specified,,,,,,,,,,"['FACEBOOK', 'INSTAGRAM', 'AUDIENCE_NETWORK', 'MESSENGER', 'THREADS']",,,,,2026-W36,2026-09,"FACEBOOK, INSTAGRAM, AUDIENCE_NETWORK, MESSENGER, THREADS",True,True,True,True,True,False,Internal/App Page,True,False,False,2026-09-07,2026-02-24 08:00:00,2026-09-07 16:55:10.186478,195
2561974027533639,,True,2026-04-09 07:00:00,2026-09-06 07:00:00,Chemist Warehouse,Chemist Warehouse,Infallible Cushion Foundation,"Flawless skin in seconds! L’Oréal Paris 24H Cushion Foundation, now at Chemist Warehouse. Pair it with the viral Setting Mist!",Shop now,IMAGE,https://fb.com/canvas_doc/2208866123266446,fb.com,/canvas_doc/2208866123266446,,,,,,,Not Specified,,,,,,,,,,"['FACEBOOK', 'INSTAGRAM', 'AUDIENCE_NETWORK', 'MESSENGER', 'THREADS']",,,,,2026-W36,2026-09,"FACEBOOK, INSTAGRAM, AUDIENCE_NETWORK, MESSENGER, THREADS",True,True,True,True,True,False,Internal/App Page,True,True,False,2026-09-07,2026-04-09 07:00:00,2026-09-07 16:55:10.186478,151
868317339577193,,True,2026-02-24 08:00:00,2026-09-04 07:00:00,Chemist Warehouse,Chemist Warehouse,High-strength CoQ10 + D3 formula,Just one soft capsule a day gives you a high-strength dose of CoQ10 plus Vitamin D3 to support cardiovascular system health and energy production.,Shop now,IMAGE,https://fb.com/canvas_doc/4389054474682648,fb.com,/canvas_doc/4389054474682648,,,,,,,Not Specified,,,,,,,,,,"['FACEBOOK', 'INSTAGRAM', 'AUDIENCE_NETWORK', 'MESSENGER', 'THREADS']",,,,,2026-W36,2026-09,"FACEBOOK, INSTAGRAM, AUDIENCE_NETWORK, MESSENGER, THREADS",True,True,True,True,True,False,Internal/App Page,True,False,False,2026-09-07,2026-02-24 08:00:00,2026-09-07 16:55:10.186478,195
1638844700598274,2553657135049044,True,2026-04-09 07:00:00,2026-09-06 07:00:00,Chemist Warehouse,Chemist Warehouse,{{product.name}},{{product.brand}},Learn more,DCO,https://www.chemistwarehouse.com.au/shop-online/7328/mixa?utm_source=facebook&utm_medium=social&utm_campaign=au_cw_coop_facebook_social_lorealaustraliaptyltd_mixa_665_2026_100045-bau_video&utm_term=reach&utm_content=video_brand,www.chemistwarehouse.com.au,/shop-online/7328/mixa,facebook,social,au_cw_coop_facebook_social_lorealaustraliaptyltd_mixa_665_2026_100045-bau_video,665,reach,video_brand,Coop,Lorealaustraliaptyltd,Mixa,2026,video,For everyday skin discomforts. By Mixa.,"Dryness, chafing or infant redness? Try new Mixa Balm Cica+",Learn More,,https://video.flim31-1.fna.fbcdn.net/o1/v/t2/f2/m366/AQNXrzcnL3Qh7l6zDpA8ZxOFXLN5B0ii3dcZK3ot_ti8Xy1pLttop08wV7L2mSzUTEcWcJz6Ni3UgYU_KbGFm6ldG-D8Fsk-NT2tRLiSyC5YgA.mp4?_nc_cat=101&_nc_oc=AdpZXhfLXUb9cceeShiOPuBtB3T3WXT5qTvL_58NhrG9cSQBi-HcrcILwlQfbgUqz0Y&_nc_sid=b66105&_nc_ht=video.flim31-1.fna.fbcdn.net&_nc_ohc=kMFGUO5dsVIQ7kNvwGwuFFn&efg=eyJ2ZW5jb2RlX3RhZyI6Inhwdl9wcm9ncmVzc2l2ZS5WSV9VU0VDQVNFX1BST0RVQ1RfVFlQRS4uQzMuNzIwLmRhc2hfaDI2NC1iYXNpYy1nZW4yXzcyMHAiLCJ4cHZfYXNzZXRfaWQiOjExNzE0MzYxMzgzMjI0NDksImFzc2V0X2FnZV9kYXlzIjoxNTAsInZpX3VzZWNhc2VfaWQiOjEwNzk5LCJkdXJhdGlvbl9zIjo2LCJ1cmxnZW5fc291cmNlIjoid3d3In0%3D&ccb=17-1&vs=7be14fa804d32f1f&_nc_vs=HBksFQIYRWZiX2VwaGVtZXJhbC9GMTREQTA5NDcxQjU5QTI5OThFRDBEQTEwMDc3MDk4OF9tdF8xX3ZpZGVvX2Rhc2hpbml0Lm1wNBUAAsgBEgAVAhhAZmJfcGVybWFuZW50LzIxNDFGRDVBN0MxRDQ0OUYzMDFFQzVGMENERjA2QUJBX2F1ZGlvX2Rhc2hpbml0Lm1wNBUCAsgBEgAoABgAGwKIB3VzZV9vaWwBMRJwcm9ncmVzc2l2ZV9yZWNpcGUBMRUAACai6Laux9qUBBUCKAJDMywXQBgAAAAAAAAYGWRhc2hfaDI2NC1iYXNpYy1nZW4yXzcyMHARAHUAZd6oAQA&_nc_gid=M_-Nhh3bMD2iHjEZxct7eQ&_nc_ss=7f180&_nc_zt=28&oh=00_AQK5pIby89QavTUY7x6YOkcKgKPgJmtQAx_H1ve3w0K-sg&oe=6AA3B8CB,"['FACEBOOK', 'INSTAGRAM', 'MESSENGER']",au,cw,facebook,social,2026-W36,2026-09,"FACEBOOK, INSTAGRAM, MESSENGER",True,True,False,True,False,False,Brand/Category Page,True,False,False,2026-09-07,2026-04-09 07:00:00,2026-09-07 16:55:10.186478,151
830475966750741,993723886641353,True,2026-04-09 07:00:00,2026-09-06 07:00:00,Chemist Warehouse,Chemist Warehouse,{{product.name}},{{product.brand}},Learn more,DCO,https://www.chemistwarehouse.com.au/shop-online/7328/mixa?utm_source=facebook&utm_medium=social&utm_campaign=au_cw_coop_facebook_social_lorealaustraliaptyltd_mixa_665_2026_100045-bau_video&utm_term=reach&utm_content=video_8times,www.chemistwarehouse.com.au,/shop-online/7328/mixa,facebook,social,au_cw_coop_facebook_social_lorealaustraliaptyltd_mixa_665_2026_100045-bau_video,665,reach,video_8times,Coop,Lorealaustraliaptyltd,Mixa,2026,video,For everyday skin discomforts. By Mixa.,"Dry, chafed skin? Try new Balm Cica+ for 8 x faster moisture barrier repair.",Learn More,,https://video.flim31-1.fna.fbcdn.net/o1/v/t2/f2/m366/AQNGoaG2RTsBsJBO9jqiOxeVVm65rrGmZ161D04VfSGKl2pHyGhyqk1qRKG645Gam4W8A2RJqk3EMK3W6QQz93IRgYpAxS_65Q1TRREr8ZUACQ.mp4?_nc_cat=108&_nc_oc=Adp5qutg1qtqPOHm9h5_1nFhGYXEBto_kLaKMsQncS0i-QZ-zdU6pcyxz-UXtk6V10Q&_nc_sid=b66105&_nc_ht=video.flim31-1.fna.fbcdn.net&_nc_ohc=DYVs5kobNkEQ7kNvwHZ9_Gh&efg=eyJ2ZW5jb2RlX3RhZyI6Inhwdl9wcm9ncmVzc2l2ZS5WSV9VU0VDQVNFX1BST0RVQ1RfVFlQRS4uQzMuNzIwLmRhc2hfaDI2NC1iYXNpYy1nZW4yXzcyMHAiLCJ4cHZfYXNzZXRfaWQiOjE0OTA2Mzg0NTU3OTM1ODAsImFzc2V0X2FnZV9kYXlzIjoxNTAsInZpX3VzZWNhc2VfaWQiOjEwNzk5LCJkdXJhdGlvbl9zIjo2LCJ1cmxnZW5fc291cmNlIjoid3d3In0%3D&ccb=17-1&vs=c3d0f504a0772e72&_nc_vs=HBksFQIYRWZiX2VwaGVtZXJhbC8xMDRCQzg0NkI3MDU3MjE0RDIxM0NBQkFDQzMyQTNBQ19tdF8xX3ZpZGVvX2Rhc2hpbml0Lm1wNBUAAsgBEgAVAhhAZmJfcGVybWFuZW50LzE2NEVDNzI0NDg1MTg1MDJDMTYyRTNFOEJGNkE3MkEzX2F1ZGlvX2Rhc2hpbml0Lm1wNBUCAsgBEgAoABgAGwKIB3VzZV9vaWwBMRJwcm9ncmVzc2l2ZV9yZWNpcGUBMRUAACbYnqv6ye6lBRUCKAJDMywXQBgAAAAAAAAYGWRhc2hfaDI2NC1iYXNpYy1nZW4yXzcyMHARAHUAZd6oAQA&_nc_gid=M_-Nhh3bMD2iHjEZxct7eQ&_nc_ss=7f180&_nc_zt=28&oh=00_AQKk2nluYDQAah-aY-F7HJR0S-3b_B8QJTh0SOUwqAQo7Q&oe=6AA3A3B4,"['FACEBOOK', 'INSTAGRAM', 'MESSENGER']",au,cw,facebook,social,2026-W36,2026-09,"FACEBOOK, INSTAGRAM, MESSENGER",True,True,False,True,False,False,Brand/Category Page,True,False,False,2026-09-07,2026-04-09 07:00:00,2026-09-07 16:55:10.186478,151
3395450700632868,833908459783477,True,2026-04-09 07:00:00,2026-09-06 07:00:00,Chemist Warehouse,Chemist Warehouse,{{product.name}},{{product.brand}},Learn more,DCO,https://www.chemistwarehouse.com.au/shop-online/7328/mixa?utm_source=facebook&utm_medium=social&utm_campaign=au_cw_coop_facebook_social_lorealaustraliaptyltd_mixa_665_2026_100045-bau_video&utm_term=reach&utm_content=video_brand,www.chemistwarehouse.com.au,/shop-online/7328/mixa,facebook,social,au_cw_coop_facebook_social_lorealaustraliaptyltd_mixa_665_2026_100045-bau_video,665,reach,video_brand,Coop,Lorealaustraliaptyltd,Mixa,2026,video,For everyday skin discomforts. By Mixa.,"Dryness, chafing or infant redness? Try new Mixa Balm Cica+",Learn More,,https://video.flim31-1.fna.fbcdn.net/o1/v/t2/f2/m366/AQOUyu3y9tIwv-om4_vROK-1CO3KYtYTBjELdIAOktPDR1YeWxyDVKlZkKZBu5qEQZHQM1U3slLeFEGMAjSm4cJbmcSWRLd1eQoD23eoTse9Dw.mp4?_nc_cat=109&_nc_oc=AdpsVAb62xqTv4BV2Kf-lYoC-WPzwtVOh26hdGiwjpKux0EUV5NAPiZ-FmyyBE6xaQw&_nc_sid=b66105&_nc_ht=video.flim31-1.fna.fbcdn.net&_nc_ohc=Nyj6WQgomXgQ7kNvwF_MFMd&efg=eyJ2ZW5jb2RlX3RhZyI6Inhwdl9wcm9ncmVzc2l2ZS5WSV9VU0VDQVNFX1BST0RVQ1RfVFlQRS4uQzMuNzIwLmRhc2hfaDI2NC1iYXNpYy1nZW4yXzcyMHAiLCJ4cHZfYXNzZXRfaWQiOjQzOTgyMjA2MjcxMjAzMTAsImFzc2V0X2FnZV9kYXlzIjoxNTAsInZpX3VzZWNhc2VfaWQiOjEwNzk5LCJkdXJhdGlvbl9zIjo2LCJ1cmxnZW5fc291cmNlIjoid3d3In0%3D&ccb=17-1&vs=91cf308c46ae1aff&_nc_vs=HBksFQIYRWZiX2VwaGVtZXJhbC81ODQ1ODE1RjdDREIwM0U1N0Y1NDQ2OTI5OTExNkJBN19tdF8xX3ZpZGVvX2Rhc2hpbml0Lm1wNBUAAsgBEgAVAhhAZmJfcGVybWFuZW50L0M1NDhCNTYyODBCMTY1RjdGNzhGNTk5NUQyRjRGRkFFX2F1ZGlvX2Rhc2hpbml0Lm1wNBUCAsgBEgAoABgAGwKIB3VzZV9vaWwBMRJwcm9ncmVzc2l2ZV9yZWNpcGUBMRUAACbswvyhkYrQDxUCKAJDMywXQBgAAAAAAAAYGWRhc2hfaDI2NC1iYXNpYy1nZW4yXzcyMHARAHUAZd6oAQA&_nc_gid=5-v9sOpErlyNQtVLZp_yHA&_nc_ss=7f180&_nc_zt=28&oh=00_AQLNqPqulC8-nZLJkgDxq2yFReH38bHFHsRj3g5nHYyhYg&oe=6AA39A53,"['FACEBOOK', 'INSTAGRAM', 'MESSENGER']",au,cw,facebook,social,2026-W36,2026-09,"FACEBOOK, INSTAGRAM, MESSENGER",True,True,False,True,False,False,Brand/Category Page,True,False,False,2026-09-07,2026-04-09 07:00:00,2026-09-07 16:55:10.186478,151
1882275026497195,,True,2026-02-24 08:00:00,2026-09-06 07:00:00,Chemist Warehouse,Chemist Warehouse,GO Activated B12 supports energy production,Support healthy red blood cell production and maintain B12 levels with GO Healthy Activated B12.,Shop now,IMAGE,https://fb.com/canvas_doc/1185485476748090,fb.com,/canvas_doc/1185485476748090,,,,,,,Not Specified,,,,,,,,,,"['FACEBOOK', 'INSTAGRAM', 'AUDIENCE_NETWORK', 'MESSENGER', 'THREADS']",,,,,2026-W36,2026-09,"FACEBOOK, INSTAGRAM, AUDIENCE_NETWORK, MESSENGER, THREADS",True,True,True,True,True,False,Internal/App Page,True,False,False,2026-09-07,2026-02-24 08:00:00,2026-09-07 16:55:10.186478,195
1457569435945830,1276613001031929,True,2026-02-19 08:00:00,2026-09-06 07:00:00,Chemist Warehouse,Chemist Warehouse,New Omega Platinum,"Meet Blackmores NEW Omega Platinum range — our highest-strength omega-3, now also available in a mini capsule.",Shop now,VIDEO,https://fb.com/canvas_doc/1612214066789433,fb.com,/canvas_doc/1612214066789433,,,,,,,Not Specified,,,,,,,,,,"['FACEBOOK', 'INSTAGRAM', 'MESSENGER', 'THREADS']",,,,,2026-W36,2026-09,"FACEBOOK, INSTAGRAM, MESSENGER, THREADS",True,True,False,True,True,False,Internal/App Page,True,False,False,2026-09-07,2026-02-19 08:00:00,2026-09-07 16:55:10.186478,200
1252003253556500,1276613001031929,True,2026-02-19 08:00:00,2026-09-05 07:00:00,Chemist Warehouse,Chemist Warehouse,New Omega Platinum,"Meet Blackmores NEW Omega Platinum range — our highest-strength omega-3, now also available in a mini capsule.",Shop now,VIDEO,https://fb.com/canvas_doc/1612214066789433,fb.com,/canvas_doc/1612214066789433,,,,,,,Not Specified,,,,,,,,,,"['FACEBOOK', 'INSTAGRAM', 'AUDIENCE_NETWORK', 'MESSENGER', 'THREADS']",,,,,2026-W36,2026-09,"FACEBOOK, INSTAGRAM, AUDIENCE_NETWORK, MESSENGER, THREADS",True,True,True,True,True,False,Internal/App Page,True,False,False,2026-09-07,2026-02-19 08:00:00,2026-09-07 16:55:10.186478,200
1379056927357159,,True,2026-02-24 08:00:00,2026-09-06 07:00:00,Chemist Warehouse,Chemist Warehouse,Feel like you’re not quite performing at your best?,"GO Healthy Man Plus Performance is a 1-A-DAY formula that contains Tribulus, Horny Goat Weed, Korean Ginseng and Ginkgo.",Shop now,IMAGE,https://fb.com/canvas_doc/923989350175581,fb.com,/canvas_doc/923989350175581,,,,,,,Not Specified,,,,,,,,,,"['FACEBOOK', 'INSTAGRAM', 'AUDIENCE_NETWORK', 'MESSENGER', 'THREADS']",,,,,2026-W36,2026-09,"FACEBOOK, INSTAGRAM, AUDIENCE_NETWORK, MESSENGER, THREADS",True,True,True,True,True,False,Internal/App Page,True,False,False,2026-09-07,2026-02-24 08:00:00,2026-09-07 16:55:10.186478,195
1951961868730929,886889407547564,True,2026-02-20 08:00:00,2026-09-06 07:00:00,Chemist Warehouse,Chemist Warehouse,{{product.name}},{{product.brand}},Shop now,DCO,https://www.chemistwarehouse.com.au/shop-online/513/blackmores?utm_source=facebook&utm_medium=social&utm_campaign=au_cw_coop_facebook_social_blackmoreslimited_blackmores_81_2026_bau_dynamic&utm_term=conversion&utm_content=dynamic-instore-omega,www.chemistwarehouse.com.au,/shop-online/513/blackmores,facebook,social,au_cw_coop_facebook_social_blackmoreslimited_blackmores_81_2026_bau_dynamic,81,conversion,dynamic-instore-omega,Coop,Blackmoreslimited,Blackmores,2026,dynamic,New Omega Platinum,"NEW Omega Platinum range — our highest-strength omega-3, now also available in a mini capsule.",Shop Now,,https://video.flim31-1.fna.fbcdn.net/o1/v/t2/f2/m366/AQMEuos4hQNPaFkJp4ldAsZ5jI3VKS_SOTdGZnEdpNK8UVsIsehTk__OUnqd0ynOuEFEAQSs5xMY8gtNdBogzekiTvgICRmhB1AFjHoMMqZ-ew.mp4?_nc_cat=106&_nc_oc=Ado0Ed96ZA-Wr3JIFwc53ieH2iNqW_wIGCtkPUyGdWWk_m-CRQUxs2FdKKN3kKrh5Tc&_nc_sid=b66105&_nc_ht=video.flim31-1.fna.fbcdn.net&_nc_ohc=MSauVQBqbN8Q7kNvwFYCSeX&efg=eyJ2ZW5jb2RlX3RhZyI6Inhwdl9wcm9ncmVzc2l2ZS5WSV9VU0VDQVNFX1BST0RVQ1RfVFlQRS4uQzMuNzIwLmRhc2hfaDI2NC1iYXNpYy1nZW4yXzcyMHAiLCJ4cHZfYXNzZXRfaWQiOjE0MjgxMjE5NTIzOTM1NjQsImFzc2V0X2FnZV9kYXlzIjoxOTgsInZpX3VzZWNhc2VfaWQiOjEwNzk5LCJkdXJhdGlvbl9zIjo1MSwidXJsZ2VuX3NvdXJjZSI6Ind3dyJ9&ccb=17-1&vs=334126973efc10b2&_nc_vs=HBksFQIYRWZiX2VwaGVtZXJhbC8yNTQ4QjMzMzQ2MkMyNzNDMDVENUUxMUUyQjU5MUNBMl9tdF8xX3ZpZGVvX2Rhc2hpbml0Lm1wNBUAAsgBEgAVAhhAZmJfcGVybWFuZW50L0FDNEZFMDJCQ0M2N0RGNEIwNURCNTNGMjAzNTc1Nzg4X2F1ZGlvX2Rhc2hpbml0Lm1wNBUCAsgBEgAoABgAGwKIB3VzZV9vaWwBMRJwcm9ncmVzc2l2ZV9yZWNpcGUBMRUAACa45dja0beJBRUCKAJDMywXQEmZmZmZmZoYGWRhc2hfaDI2NC1iYXNpYy1nZW4yXzcyMHARAHUAZd6oAQA&_nc_gid=7fnHZm4rKgYd-SXsZJ18LA&_nc_ss=7f180&_nc_zt=28&oh=00_AQI1hMBQIhlagQSc17R4EoCia9qNIq2oruIkSLRKMP16gg&oe=6AA3CE3E,"['FACEBOOK', 'INSTAGRAM', 'AUDIENCE_NETWORK', 'MESSENGER', 'THREADS']",au,cw,facebook,social,2026-W36,2026-09,"FACEBOOK, INSTAGRAM, AUDIENCE_NETWORK, MESSENGER, THREADS",True,True,True,True,True,False,Brand/Category Page,True,False,False,2026-09-07,2026-02-20 08:00:00,2026-09-07 16:55:10.186478,199
26370990029197117,,True,2026-02-19 08:00:00,2026-09-06 07:00:00,Chemist Warehouse,Chemist Warehouse,24-Hour Immune Support,24-Hour Immune Support GO ESTER-C® IMMUNE COMPLEX is a quality formula that provides 24 hour support for healthy immune system function with Ester-C®.,Shop now,IMAGE,https://fb.com/canvas_doc/2376701432776434,fb.com,/canvas_doc/2376701432776434,,,,,,,Not Specified,,,,,,,,,,"['FACEBOOK', 'INSTAGRAM', 'AUDIENCE_NETWORK', 'MESSENGER', 'THREADS']",,,,,2026-W36,2026-09,"FACEBOOK, INSTAGRAM, AUDIENCE_NETWORK, MESSENGER, THREADS",True,True,True,True,True,False,Internal/App Page,True,False,False,2026-09-07,2026-02-19 08:00:00,2026-09-07 16:55:10.186478,200
911276608161791,,True,2026-02-19 08:00:00,2026-09-06 07:00:00,Chemist Warehouse,Chemist Warehouse,GO Activated B Complex  for energy production,"1-A-DAY formula, it  delivers activated B2, B6, B12 and Folate to help support your body’s energy production.",Shop now,IMAGE,https://fb.com/canvas_doc/1220649510257956,fb.com,/canvas_doc/1220649510257956,,,,,,,Not Specified,,,,,,,,,,"['FACEBOOK', 'INSTAGRAM', 'AUDIENCE_NETWORK', 'MESSENGER', 'THREADS']",,,,,2026-W36,2026-09,"FACEBOOK, INSTAGRAM, AUDIENCE_NETWORK, MESSENGER, THREADS",True,True,True,True,True,False,Internal/App Page,True,False,False,2026-09-07,2026-02-19 08:00:00,2026-09-07 16:55:10.186478,200
934188542457963,,True,2026-02-20 08:00:00,2026-09-06 07:00:00,Chemist Warehouse,Chemist Warehouse,High-strength CoQ10 + D3 formula,Just one soft capsule a day gives you a high-strength dose of CoQ10 plus Vitamin D3 to support cardiovascular system health and energy production.,Shop now,IMAGE,https://fb.com/canvas_doc/4389054474682648,fb.com,/canvas_doc/4389054474682648,,,,,,,Not Specified,,,,,,,,,,"['FACEBOOK', 'INSTAGRAM', 'AUDIENCE_NETWORK', 'MESSENGER', 'THREADS']",,,,,2026-W36,2026-09,"FACEBOOK, INSTAGRAM, AUDIENCE_NETWORK, MESSENGER, THREADS",True,True,True,True,True,False,Internal/App Page,True,False,False,2026-09-07,2026-02-20 08:00:00,2026-09-07 16:55:10.186478,199
1413769050441742,2024057408992210,True,2026-02-08 08:00:00,2026-09-06 07:00:00,Chemist Warehouse,Chemist Warehouse,{{product.name}},{{product.brand}},Learn more,DCO,https://www.chemistwarehouse.com.au/buy/160049/biostime-infant-children-a-l-g-probiotic-care-28-sachets?utm_source=facebook&utm_medium=social&utm_campaign=au_cw_coop_facebook_social_swissewellnessptyltd_biostime_20_2026_100126-bau_video-image&utm_term=traffic&utm_content=video-image_video,www.chemistwarehouse.com.au,/buy/160049/biostime-infant-children-a-l-g-probiotic-care-28-sachets,facebook,social,au_cw_coop_facebook_social_swissewellnessptyltd_biostime_20_2026_100126-bau_video-image,20,traffic,video-image_video,Coop,Swissewellnessptyltd,Biostime,2026,video-image,Support their day from the inside out,Gentle support for little ones with mild eczema symptoms. Biostime is available at Chemist Warehouse,Learn More,,https://video.flim31-1.fna.fbcdn.net/o1/v/t2/f2/m366/AQPYuzNVLDm6OpPTFzD0U3GhzBcOLGlA3ergPSfis97H-WB-3hvG-2XcouDjfqng6yamx8e-RSLIuJtauYwt0e_-4IzAnr_VbKnWRQZZm1U3pg.mp4?_nc_cat=102&_nc_oc=Adp0MwX4qfduLXky_9qJoBFaHzywvKQhnvFGsV8IQwZbBVCebwlNEmD-veOqCXAvLYg&_nc_sid=b66105&_nc_ht=video.flim31-1.fna.fbcdn.net&_nc_ohc=RfN6eKPFCowQ7kNvwGozT4c&efg=eyJ2ZW5jb2RlX3RhZyI6Inhwdl9wcm9ncmVzc2l2ZS5WSV9VU0VDQVNFX1BST0RVQ1RfVFlQRS4uQzMuNzIwLmRhc2hfaDI2NC1iYXNpYy1nZW4yXzcyMHAiLCJ4cHZfYXNzZXRfaWQiOjExOTQ0ODI5NDk0MzcxODIsImFzc2V0X2FnZV9kYXlzIjoyMDksInZpX3VzZWNhc2VfaWQiOjEwNzk5LCJkdXJhdGlvbl9zIjoxMywidXJsZ2VuX3NvdXJjZSI6Ind3dyJ9&ccb=17-1&vs=97998b7d15872fd6&_nc_vs=HBksFQIYRWZiX2VwaGVtZXJhbC82QTRFNDBBNjU0RjIxREMyMkZCNTQzNDRDMzVFQURCRl9tdF8xX3ZpZGVvX2Rhc2hpbml0Lm1wNBUAAsgBEgAVAhhAZmJfcGVybWFuZW50LzlBNDNGNTRGOEZCRjg2MEJCNzkzOUU5QkFFQTYzQUFBX2F1ZGlvX2Rhc2hpbml0Lm1wNBUCAsgBEgAoABgAGwKIB3VzZV9vaWwBMRJwcm9ncmVzc2l2ZV9yZWNpcGUBMRUAACb826G-h5ifBBUCKAJDMywXQCtHrhR64UgYGWRhc2hfaDI2NC1iYXNpYy1nZW4yXzcyMHARAHUAZd6oAQA&_nc_gid=7fnHZm4rKgYd-SXsZJ18LA&_nc_ss=7f180&_nc_zt=28&oh=00_AQIrkQ4n3ZdufQ8StxaKFtWDqF1xOTOyRWUSZ1YL1yXVwg&oe=6AA3CDB2,"['FACEBOOK', 'INSTAGRAM', 'THREADS']",au,cw,facebook,social,2026-W36,2026-09,"FACEBOOK, INSTAGRAM, THREADS",True,True,False,False,True,False,SKU Product,True,False,False,2026-09-07,2026-02-08 08:00:00,2026-09-07 16:55:10.186478,211
1247723730096822,,True,2026-02-19 08:00:00,2026-09-06 07:00:00,Chemist Warehouse,Chemist Warehouse,Discover GO Healthy stress & energy support products,Choose GO Activated B Complex for your energy production or GO  L‑Theanine 400 to help you stay calm — simple 1‑a‑day formulation.,Shop now,IMAGE,https://fb.com/canvas_doc/1257483286291537,fb.com,/canvas_doc/1257483286291537,,,,,,,Not Specified,,,,,,,,,,"['FACEBOOK', 'INSTAGRAM', 'AUDIENCE_NETWORK', 'MESSENGER', 'THREADS']",,,,,2026-W36,2026-09,"FACEBOOK, INSTAGRAM, AUDIENCE_NETWORK, MESSENGER, THREADS",True,True,True,True,True,False,Internal/App Page,True,False,False,2026-09-07,2026-02-19 08:00:00,2026-09-07 16:55:10.186478,200
2516218442106809,1294280695849845,True,2026-02-17 08:00:00,2026-09-06 07:00:00,Chemist Warehouse,Chemist Warehouse,Shop Swisse at Chemist Warehouse,Shop Swisse on Vitamins and supplements online at Chemist Warehouse and enjoy huge discounts across the range.,Learn more,VIDEO,https://fb.com/canvas_doc/2311924892629792,fb.com,/canvas_doc/2311924892629792,,,,,,,Not Specified,,,,,,,,,,"['FACEBOOK', 'INSTAGRAM', 'AUDIENCE_NETWORK', 'MESSENGER', 'THREADS']",,,,,2026-W36,2026-09,"FACEBOOK, INSTAGRAM, AUDIENCE_NETWORK, MESSENGER, THREADS",True,True,True,True,True,False,Internal/App Page,True,True,False,2026-09-07,2026-02-17 08:00:00,2026-09-07 16:55:10.186478,202
1222997342827560,,True,2026-02-19 08:00:00,2026-09-06 07:00:00,Chemist Warehouse,Chemist Warehouse,Feel like you’re not quite performing at your best?,"GO Healthy Man Plus Performance is a 1-A-DAY formula that contains Tribulus, Horny Goat Weed, Korean Ginseng and Ginkgo.",Shop now,IMAGE,https://fb.com/canvas_doc/923989350175581,fb.com,/canvas_doc/923989350175581,,,,,,,Not Specified,,,,,,,,,,"['FACEBOOK', 'INSTAGRAM', 'AUDIENCE_NETWORK', 'MESSENGER', 'THREADS']",,,,,2026-W36,2026-09,"FACEBOOK, INSTAGRAM, AUDIENCE_NETWORK, MESSENGER, THREADS",True,True,True,True,True,False,Internal/App Page,True,False,False,2026-09-07,2026-02-19 08:00:00,2026-09-07 16:55:10.186478,200
1651295982522794,2091232681611257,True,2026-02-04 08:00:00,2026-09-06 07:00:00,Chemist Warehouse,Chemist Warehouse,Shop at Chemist Warehouse,"Ferro-grad C, available now at Chemist Warehouse.  Ask your pharmacist if it’s right for you.",Learn more,VIDEO,https://www.chemistwarehouse.com.au/shop-online/4616/ferro-grad?utm_source=facebook&utm_medium=social&utm_campaign=au_cw_coop_facebook_social_vidacorp_ferrograd_81_2026_100118-bau_video&utm_term=traffic&utm_content=video_instore,www.chemistwarehouse.com.au,/shop-online/4616/ferro-grad,facebook,social,au_cw_coop_facebook_social_vidacorp_ferrograd_81_2026_100118-bau_video,81,traffic,video_instore,Coop,Vidacorp,Ferrograd,2026,video,,,,,,"['FACEBOOK', 'INSTAGRAM', 'MESSENGER']",au,cw,facebook,social,2026-W36,2026-09,"FACEBOOK, INSTAGRAM, MESSENGER",True,True,False,True,False,False,Brand/Category Page,True,True,False,2026-09-07,2026-02-04 08:00:00,2026-09-07 16:55:10.186478,215
1667615594621811,,True,2026-01-31 08:00:00,2026-09-06 07:00:00,Chemist Warehouse,Chemist Warehouse,{{product.name}},Shop the Neutrogena Range online or via click and collect,Shop now,DPA,https://www.chemistwarehouse.com.au/shop-online/1873/neutrogena?utm_source=facebook&utm_medium=social&utm_campaign=au_cw_coop_facebook_social_johnsonjohnsonpacific_neutrogena_665_2026_bau_dynamic&utm_term=conversion&utm_content=dynamic_dynamic,www.chemistwarehouse.com.au,/shop-online/1873/neutrogena,facebook,social,au_cw_coop_facebook_social_johnsonjohnsonpacific_neutrogena_665_2026_bau_dynamic,665,conversion,dynamic_dynamic,Coop,Johnsonjohnsonpacific,Neutrogena,2026,dynamic,Neutrogena Advanced Acne Cleanser 150ml,Shop the Neutrogena Range online or via click and collect,Shop Now,https://scontent.flim31-1.fna.fbcdn.net/v/t39.35426-6/605688320_2892803857590015_2794070268258266593_n.jpg?_nc_cat=102&ccb=1-7&_nc_sid=c53f8f&_nc_ohc=mE49R4fni6gQ7kNvwEJuZ9t&_nc_oc=AdoSih8h0MX7SElsS8xU0qXvAYQcBL02PSLR-wJ7GmTRVgHRBn7mMtLIMQ15zIBh9g0&_nc_zt=14&_nc_ht=scontent.flim31-1.fna&_nc_gid=7fnHZm4rKgYd-SXsZJ18LA&_nc_ss=7f180&oh=00_AQLTozsmI5Ua4TnMTGM-UWmC8i4ikqNrhwXpPWewUnFlsA&oe=6AA39D8A,,"['FACEBOOK', 'INSTAGRAM', 'AUDIENCE_NETWORK', 'MESSENGER', 'THREADS']",au,cw,facebook,social,2026-W36,2026-09,"FACEBOOK, INSTAGRAM, AUDIENCE_NETWORK, MESSENGER, THREADS",True,True,True,True,True,False,Brand/Category Page,True,False,False,2026-09-07,2026-01-31 08:00:00,2026-09-07 16:55:10.186478,219
1845138382803770,,True,2026-01-31 08:00:00,2026-09-06 07:00:00,Chemist Warehouse,Chemist Warehouse,{{product.name}},Shop the Neutrogena Range online or via click and collect,Shop now,DPA,https://www.chemistwarehouse.com.au/shop-online/1873/neutrogena?utm_source=facebook&utm_medium=social&utm_campaign=au_cw_coop_facebook_social_johnsonjohnsonpacific_neutrogena_665_2026_bau_dynamic&utm_term=conversion&utm_content=dynamic_dynamic,www.chemistwarehouse.com.au,/shop-online/1873/neutrogena,facebook,social,au_cw_coop_facebook_social_johnsonjohnsonpacific_neutrogena_665_2026_bau_dynamic,665,conversion,dynamic_dynamic,Coop,Johnsonjohnsonpacific,Neutrogena,2026,dynamic,Neutrogena Advanced Acne Serum 30ml,Shop the Neutrogena Range online or via click and collect,Shop Now,https://scontent.flim31-1.fna.fbcdn.net/v/t39.35426-6/607944855_899337256086049_7646344068119150633_n.jpg?_nc_cat=107&ccb=1-7&_nc_sid=c53f8f&_nc_ohc=ep4-R8s4j5oQ7kNvwHbVcVs&_nc_oc=AdrLrEvYP2plOmMDIqPLSKtQEv_iG3BFWTGtz0PlLsnLydN7Qu2o49ikVoClpg9cj-4&_nc_zt=14&_nc_ht=scontent.flim31-1.fna&_nc_gid=7fnHZm4rKgYd-SXsZJ18LA&_nc_ss=7f180&oh=00_AQLOVTd1LoC4hXaWwimfC2PF1kkpggsuB5BiERIiPNvNjQ&oe=6AA3B635,,"['FACEBOOK', 'INSTAGRAM', 'AUDIENCE_NETWORK', 'MESSENGER', 'THREADS']",au,cw,facebook,social,2026-W36,2026-09,"FACEBOOK, INSTAGRAM, AUDIENCE_NETWORK, MESSENGER, THREADS",True,True,True,True,True,False,Brand/Category Page,True,False,False,2026-09-07,2026-01-31 08:00:00,2026-09-07 16:55:10.186478,219
1238822944853291,,True,2026-01-29 08:00:00,2026-09-06 07:00:00,Chemist Warehouse,Chemist Warehouse,{{product.price strip_zeros}} {{product.name}},Shop the Aveeno range online today at Chemist Warehouse,Shop now,DPA,http://www.chemistwarehouse.com.au/,www.chemistwarehouse.com.au,/,,,,,,,Not Specified,,,,,A$10 Aveeno Skin Relief Fragrance Free Moisturising Foot Mask 1 Pair,Shop the Aveeno range online today at Chemist Warehouse,Shop Now,https://scontent.flim31-1.fna.fbcdn.net/v/t39.35426-6/623388201_3486728651480287_7745977546016475876_n.jpg?_nc_cat=110&ccb=1-7&_nc_sid=c53f8f&_nc_ohc=EjNo-AwjHxkQ7kNvwGpMooe&_nc_oc=Adq8ElawpswT__aKPnYtVaZoPlFR_-hmpSf0AHUHZIReXiOYHsugeooNe_5AIivchIA&_nc_zt=14&_nc_ht=scontent.flim31-1.fna&_nc_gid=7fnHZm4rKgYd-SXsZJ18LA&_nc_ss=7f180&oh=00_AQLyXc7YsH4rtAGYdp9QjKQpNLIdvIFFv9DWtMcE40CzRw&oe=6AA3CC12,,"['FACEBOOK', 'INSTAGRAM', 'AUDIENCE_NETWORK', 'MESSENGER', 'THREADS']",,,,,2026-W36,2026-09,"FACEBOOK, INSTAGRAM, AUDIENCE_NETWORK, MESSENGER, THREADS",True,True,True,True,True,False,Homepage,True,True,False,2026-09-07,2026-01-29 08:00:00,2026-09-07 16:55:10.186478,221
1176408607991692,1847794712742930,True,2026-01-22 08:00:00,2026-09-05 07:00:00,Chemist Warehouse,Chemist Warehouse,{{product.name}},{{product.brand}},Learn more,DCO,https://www.chemistwarehouse.com.au/shop-online/2431/tooshies?utm_source=facebook&utm_medium=social&utm_campaign=au_cw_coop_facebook_social_nicepakproductsptyltd_all_20_2026_100057-bau_video-image&utm_term=traffic&utm_content=video-image_generic,www.chemistwarehouse.com.au,/shop-online/2431/tooshies,facebook,social,au_cw_coop_facebook_social_nicepakproductsptyltd_all_20_2026_100057-bau_video-image,20,traffic,video-image_generic,Coop,Nicepakproductsptyltd,All,2026,video-image,Because Nappies Need Changing,"Switch to Tooshies nappies and wipes—gentle on your baby’s skin, better for the planet. Make the change today",Learn More,,https://video.flim31-1.fna.fbcdn.net/o1/v/t2/f2/m366/AQPGr6GpAkXVJO1S6rTMpBfoL6djwM9KGDPzjuUhzaT0TtICAsLbj23TNSFeDCa1EC78p3JLXZRq8AR9r8WNSmozpmZEORNPywjsz5G64oshlA.mp4?_nc_cat=105&_nc_oc=Adorz5HqjMNPt_T9KxOgm3vO4A1EDH4LIRje0j-Lr4QAjUkrEJ1d59zfII_PlBl8Mjk&_nc_sid=b66105&_nc_ht=video.flim31-1.fna.fbcdn.net&_nc_ohc=0CuBzZcHQe8Q7kNvwFrfWww&efg=eyJ2ZW5jb2RlX3RhZyI6Inhwdl9wcm9ncmVzc2l2ZS5WSV9VU0VDQVNFX1BST0RVQ1RfVFlQRS4uQzMuNzIwLmRhc2hfaDI2NC1iYXNpYy1nZW4yXzcyMHAiLCJ4cHZfYXNzZXRfaWQiOjEwODE2MTY0OTM3MzU1NjEsImFzc2V0X2FnZV9kYXlzIjo1ODUsInZpX3VzZWNhc2VfaWQiOjEwNzk5LCJkdXJhdGlvbl9zIjo2LCJ1cmxnZW5fc291cmNlIjoid3d3In0%3D&ccb=17-1&vs=8fdd01cbe5712f6b&_nc_vs=HBksFQIYRWZiX2VwaGVtZXJhbC85MTQ3NkJFNjI0MkYxRjFENUQzODgxRkREQTFDN0NCRF9tdF8xX3ZpZGVvX2Rhc2hpbml0Lm1wNBUAAsgBEgAVAhg6cGFzc3Rocm91Z2hfZXZlcnN0b3JlL0dFTmVUQndTVFNsNWVEWUNBTnZNLV9wV2otTmlidjRHQUFBRhUCAsgBEgAoABgAGwKIB3VzZV9vaWwBMRJwcm9ncmVzc2l2ZV9yZWNpcGUBMRUAACaSuqPuru7rAxUCKAJDMywXQBgGJN0vGqAYGWRhc2hfaDI2NC1iYXNpYy1nZW4yXzcyMHARAHUAZd6oAQA&_nc_gid=7fnHZm4rKgYd-SXsZJ18LA&_nc_ss=7f180&_nc_zt=28&oh=00_AQIW4pBGrWfpGEUXPmRETk8VjsdigdRRxa0GeywEhj0GcA&oe=6AA3C143,"['FACEBOOK', 'INSTAGRAM', 'AUDIENCE_NETWORK', 'MESSENGER', 'THREADS']",au,cw,facebook,social,2026-W36,2026-09,"FACEBOOK, INSTAGRAM, AUDIENCE_NETWORK, MESSENGER, THREADS",True,True,True,True,True,False,Brand/Category Page,True,False,False,2026-09-07,2026-01-22 08:00:00,2026-09-07 16:55:10.186478,228
832448336498514,4097217510549516,True,2026-01-20 08:00:00,2026-09-05 07:00:00,Chemist Warehouse,Chemist Warehouse,{{product.name}},{{product.brand}},Learn more,DCO,https://www.chemistwarehouse.com.au/shop-online/2431/tooshies?utm_source=facebook&utm_medium=social&utm_campaign=au_cw_coop_facebook_social_nicepakproductsptyltd_all_20_2026_100057-bau_video-image&utm_term=traffic&utm_content=video-image_generic,www.chemistwarehouse.com.au,/shop-online/2431/tooshies,facebook,social,au_cw_coop_facebook_social_nicepakproductsptyltd_all_20_2026_100057-bau_video-image,20,traffic,video-image_generic,Coop,Nicepakproductsptyltd,All,2026,video-image,Because Nappies Need Changing,"Switch to Tooshies nappies and wipes—gentle on your baby’s skin, better for the planet. Make the change today",Learn More,,https://video.flim31-1.fna.fbcdn.net/o1/v/t2/f2/m366/AQN5XqjN1ukc2mXftWZshKcmUdyp-383ZEyQeaOTSxPic9_sWLIdCD_vbW9jeBSvEZX4Wluxvkwc21ebjaeeIOqOO2jXv2ll8_fEpIR8uwEr-A.mp4?_nc_cat=110&_nc_oc=AdpXV4L2RyjWM9xmkj6_12ok29QUNO8-zEO4s6Co1k6Korrhy5zP0GR_Oxg5r0bWGbo&_nc_sid=b66105&_nc_ht=video.flim31-1.fna.fbcdn.net&_nc_ohc=IbjZcaUFilYQ7kNvwEGt9Cm&efg=eyJ2ZW5jb2RlX3RhZyI6Inhwdl9wcm9ncmVzc2l2ZS5WSV9VU0VDQVNFX1BST0RVQ1RfVFlQRS4uQzMuNzIwLmRhc2hfaDI2NC1iYXNpYy1nZW4yXzcyMHAiLCJ4cHZfYXNzZXRfaWQiOjI4NzI0ODAzOTY3MTMzNDc1LCJhc3NldF9hZ2VfZGF5cyI6NTg1LCJ2aV91c2VjYXNlX2lkIjoxMDc5OSwiZHVyYXRpb25fcyI6NDUsInVybGdlbl9zb3VyY2UiOiJ3d3cifQ%3D%3D&ccb=17-1&vs=7cc0cb1e1419e527&_nc_vs=HBksFQIYRWZiX2VwaGVtZXJhbC8wQzRFNjYxQzE4MTJERUQxMDhEQzk5QUMwMkVFQzg5Nl9tdF8xX3ZpZGVvX2Rhc2hpbml0Lm1wNBUAAsgBEgAVAhg6cGFzc3Rocm91Z2hfZXZlcnN0b3JlL0dEUjdVaHlELVRkSEZEa0NBTWNxLXFhOWJ2a3FidjRHQUFBRhUCAsgBEgAoABgAGwKIB3VzZV9vaWwBMRJwcm9ncmVzc2l2ZV9yZWNpcGUBMRUAACbGnKGL08OGZhUCKAJDMywXQEaFwo9cKPYYGWRhc2hfaDI2NC1iYXNpYy1nZW4yXzcyMHARAHUAZd6oAQA&_nc_gid=7fnHZm4rKgYd-SXsZJ18LA&_nc_ss=7f180&_nc_zt=28&oh=00_AQIQd7THJKXQ8wsB4WRlnYpPhZx5RFnmqXkmimvV7tz2Jg&oe=6AA39C8A,"['FACEBOOK', 'INSTAGRAM', 'AUDIENCE_NETWORK', 'MESSENGER', 'THREADS']",au,cw,facebook,social,2026-W36,2026-09,"FACEBOOK, INSTAGRAM, AUDIENCE_NETWORK, MESSENGER, THREADS",True,True,True,True,True,False,Brand/Category Page,True,False,False,2026-09-07,2026-01-20 08:00:00,2026-09-07 16:55:10.186478,230
772527935909596,4091007604518657,True,2026-01-21 08:00:00,2026-09-06 07:00:00,Chemist Warehouse,Chemist Warehouse,{{product.name}},{{product.brand}},Learn more,DCO,https://www.chemistwarehouse.com.au/shop-online/2431/tooshies?utm_source=facebook&utm_medium=social&utm_campaign=au_cw_coop_facebook_social_nicepakproductsptyltd_all_20_2026_100057-bau_video-image&utm_term=traffic&utm_content=video-image_generic,www.chemistwarehouse.com.au,/shop-online/2431/tooshies,facebook,social,au_cw_coop_facebook_social_nicepakproductsptyltd_all_20_2026_100057-bau_video-image,20,traffic,video-image_generic,Coop,Nicepakproductsptyltd,All,2026,video-image,Because Nappies Need Changing,"Switch to Tooshies nappies and wipes—gentle on your baby’s skin, better for the planet. Make the change today",Learn More,,https://video.flim31-1.fna.fbcdn.net/o1/v/t2/f2/m366/AQPkQ4skrKPb9BAJhdSO7QBUXZcuO1fzVJXaNLMU_CYTtJN-ptpisehGSHiSHQJT9jxSiHbJu1rGm2ZEZEIPhST9Swhr5v1MbpAh5Fe80Y5lKg.mp4?_nc_cat=110&_nc_oc=AdqxfQ8z8raV8N4BOUKEs1oGeSHbyUi9OztXm4mk4Ov_iNqVTSF4pnD7BS34jFwgalA&_nc_sid=b66105&_nc_ht=video.flim31-1.fna.fbcdn.net&_nc_ohc=QzTB0RPBfEcQ7kNvwE9idUQ&efg=eyJ2ZW5jb2RlX3RhZyI6Inhwdl9wcm9ncmVzc2l2ZS5WSV9VU0VDQVNFX1BST0RVQ1RfVFlQRS4uQzMuNzIwLmRhc2hfaDI2NC1iYXNpYy1nZW4yXzcyMHAiLCJ4cHZfYXNzZXRfaWQiOjExNDc4Mzk5NjM2NTgwMTcsImFzc2V0X2FnZV9kYXlzIjo1ODUsInZpX3VzZWNhc2VfaWQiOjEwNzk5LCJkdXJhdGlvbl9zIjo0NywidXJsZ2VuX3NvdXJjZSI6Ind3dyJ9&ccb=17-1&vs=2639d42938b3d606&_nc_vs=HBksFQIYRWZiX2VwaGVtZXJhbC83OTQ2RjNCOTg0NDA5RkFENUU4Qjc4NUI3Qjc0MjdCM19tdF8xX3ZpZGVvX2Rhc2hpbml0Lm1wNBUAAsgBEgAVAhg6cGFzc3Rocm91Z2hfZXZlcnN0b3JlL0dPUVFWUnphZU1IVmlDc0NBSWVHMm1Nem5hc25idjRHQUFBRhUCAsgBEgAoABgAGwKIB3VzZV9vaWwBMRJwcm9ncmVzc2l2ZV9yZWNpcGUBMRUAACbC3NeUiv2JBBUCKAJDMywXQEego9cKPXEYGWRhc2hfaDI2NC1iYXNpYy1nZW4yXzcyMHARAHUAZd6oAQA&_nc_gid=7fnHZm4rKgYd-SXsZJ18LA&_nc_ss=7f180&_nc_zt=28&oh=00_AQKIul16ttneCz015tVHcfs59-ftl8OgFbvNiIo4sVCZwQ&oe=6AA3B702,"['FACEBOOK', 'INSTAGRAM', 'AUDIENCE_NETWORK', 'MESSENGER', 'THREADS']",au,cw,facebook,social,2026-W36,2026-09,"FACEBOOK, INSTAGRAM, AUDIENCE_NETWORK, MESSENGER, THREADS",True,True,True,True,True,False,Brand/Category Page,True,False,False,2026-09-07,2026-01-21 08:00:00,2026-09-07 16:55:10.186478,229
1595926124995308,702721692366380,True,2026-01-21 08:00:00,2026-09-05 07:00:00,Chemist Warehouse,Chemist Warehouse,{{product.name}},{{product.brand}},Learn more,DCO,https://www.chemistwarehouse.com.au/shop-online/2431/tooshies?utm_source=facebook&utm_medium=social&utm_campaign=au_cw_coop_facebook_social_nicepakproductsptyltd_all_20_2026_100057-bau_video-image&utm_term=traffic&utm_content=video-image_generic,www.chemistwarehouse.com.au,/shop-online/2431/tooshies,facebook,social,au_cw_coop_facebook_social_nicepakproductsptyltd_all_20_2026_100057-bau_video-image,20,traffic,video-image_generic,Coop,Nicepakproductsptyltd,All,2026,video-image,Because Nappies Need Changing,"Switch to Tooshies nappies and wipes—gentle on your baby’s skin, better for the planet. Make the change today",Learn More,,https://video.flim31-1.fna.fbcdn.net/o1/v/t2/f2/m366/AQMnPGPFbA8XWGF_-Hw6kVXozBFxSkHq6cR-oVZ6H0_h5i-bY9of_vJ_7RWskaIIaAkRddaPwHUBwSLaPk4GrCcwU4MmqfadRsyXM5Iw9t5o2A.mp4?_nc_cat=107&_nc_oc=Adruf3UbIFNoao0vksbyyWIGKvQKrcaBR4O5P604ntSt5ZWwsEhXmMT7WmDR_8r2MRw&_nc_sid=b66105&_nc_ht=video.flim31-1.fna.fbcdn.net&_nc_ohc=ghHcZZvIjCEQ7kNvwFfyY4h&efg=eyJ2ZW5jb2RlX3RhZyI6Inhwdl9wcm9ncmVzc2l2ZS5WSV9VU0VDQVNFX1BST0RVQ1RfVFlQRS4uQzMuNzIwLmRhc2hfaDI2NC1iYXNpYy1nZW4yXzcyMHAiLCJ4cHZfYXNzZXRfaWQiOjYyMTg2NzA2Mzg2NzIwNSwiYXNzZXRfYWdlX2RheXMiOjU4NSwidmlfdXNlY2FzZV9pZCI6MTA3OTksImR1cmF0aW9uX3MiOjE1LCJ1cmxnZW5fc291cmNlIjoid3d3In0%3D&ccb=17-1&vs=d86ed86c680397f9&_nc_vs=HBksFQIYRWZiX2VwaGVtZXJhbC9EMDRDODRBNjZENTMzMThDNkYzMkM3M0ExNDM0N0VCRl9tdF8xX3ZpZGVvX2Rhc2hpbml0Lm1wNBUAAsgBEgAVAhg6cGFzc3Rocm91Z2hfZXZlcnN0b3JlL0dER3RUeHhaSDNpMXFHRURBTDRZblY3X2RpdEhidjRHQUFBRhUCAsgBEgAoABgAGwKIB3VzZV9vaWwBMRJwcm9ncmVzc2l2ZV9yZWNpcGUBMRUAACaK3YPXtuWaAhUCKAJDMywXQC4HrhR64UgYGWRhc2hfaDI2NC1iYXNpYy1nZW4yXzcyMHARAHUAZd6oAQA&_nc_gid=7fnHZm4rKgYd-SXsZJ18LA&_nc_ss=7f180&_nc_zt=28&oh=00_AQIBkiNtBXF0ZXmtpZwYhK9MdJimyXEbqSdDXbizLiWEEA&oe=6AA3A695,"['FACEBOOK', 'INSTAGRAM', 'AUDIENCE_NETWORK', 'MESSENGER', 'THREADS']",au,cw,facebook,social,2026-W36,2026-09,"FACEBOOK, INSTAGRAM, AUDIENCE_NETWORK, MESSENGER, THREADS",True,True,True,True,True,False,Brand/Category Page,True,False,False,2026-09-07,2026-01-21 08:00:00,2026-09-07 16:55:10.186478,229
1515281609575759,1052620172975379,True,2026-01-22 08:00:00,2026-09-05 07:00:00,Chemist Warehouse,Chemist Warehouse,{{product.name}},{{product.brand}},Learn more,DCO,https://www.chemistwarehouse.com.au/shop-online/2431/tooshies?utm_source=facebook&utm_medium=social&utm_campaign=au_cw_coop_facebook_social_nicepakproductsptyltd_all_20_2026_100057-bau_video-image&utm_term=traffic&utm_content=video-image_generic,www.chemistwarehouse.com.au,/shop-online/2431/tooshies,facebook,social,au_cw_coop_facebook_social_nicepakproductsptyltd_all_20_2026_100057-bau_video-image,20,traffic,video-image_generic,Coop,Nicepakproductsptyltd,All,2026,video-image,Because Nappies Need Changing,"Switch to Tooshies nappies and wipes—gentle on your baby’s skin, better for the planet. Make the change today",Learn More,,https://video.flim31-1.fna.fbcdn.net/o1/v/t2/f2/m366/AQNU4mdzsPFf31ysQLTqu3sBnIvpuGrR7XYMhOn1cUoqep70k2tiSXvP1slILav3RZY-Y2S9wzz7tzy2oLxEPlREZklbRqCwdVyJiF8p7yHv8A.mp4?_nc_cat=103&_nc_oc=AdqB8awdh3QeLBQTwHxQxDEG4aLkxdPxWsQFjVv68BnFfZ3lngapWNoXUvM1YNyqXD4&_nc_sid=b66105&_nc_ht=video.flim31-1.fna.fbcdn.net&_nc_ohc=UOzBJQxpxC8Q7kNvwFizBC3&efg=eyJ2ZW5jb2RlX3RhZyI6Inhwdl9wcm9ncmVzc2l2ZS5WSV9VU0VDQVNFX1BST0RVQ1RfVFlQRS4uQzMuNzIwLmRhc2hfaDI2NC1iYXNpYy1nZW4yXzcyMHAiLCJ4cHZfYXNzZXRfaWQiOjMyNDYzMDg0NDU1MDg5OTIsImFzc2V0X2FnZV9kYXlzIjo1ODUsInZpX3VzZWNhc2VfaWQiOjEwNzk5LCJkdXJhdGlvbl9zIjo2LCJ1cmxnZW5fc291cmNlIjoid3d3In0%3D&ccb=17-1&vs=8598f7b0ce1be6a4&_nc_vs=HBksFQIYRWZiX2VwaGVtZXJhbC80RTQ0N0MyRjEzMjNCMUJEMzgyNTc4MjI0NEJFNURBQV9tdF8xX3ZpZGVvX2Rhc2hpbml0Lm1wNBUAAsgBEgAVAhg6cGFzc3Rocm91Z2hfZXZlcnN0b3JlL0dGY01WUndiS19jakJoOENBSnRDNmctbW1Qd1VidjRHQUFBRhUCAsgBEgAoABgAGwKIB3VzZV9vaWwBMRJwcm9ncmVzc2l2ZV9yZWNpcGUBMRUAACaA1s7bgqDECxUCKAJDMywXQBgGJN0vGqAYGWRhc2hfaDI2NC1iYXNpYy1nZW4yXzcyMHARAHUAZd6oAQA&_nc_gid=7fnHZm4rKgYd-SXsZJ18LA&_nc_ss=7f180&_nc_zt=28&oh=00_AQLkPNshaBeg_0ODKQ6soA5h21OJvEyeFCFzZXRITYKQuQ&oe=6AA3AC8D,"['FACEBOOK', 'INSTAGRAM', 'AUDIENCE_NETWORK', 'MESSENGER', 'THREADS']",au,cw,facebook,social,2026-W36,2026-09,"FACEBOOK, INSTAGRAM, AUDIENCE_NETWORK, MESSENGER, THREADS",True,True,True,True,True,False,Brand/Category Page,True,False,False,2026-09-07,2026-01-22 08:00:00,2026-09-07 16:55:10.186478,228
2044837216367953,1387823599159151,True,2026-01-22 08:00:00,2026-09-05 07:00:00,Chemist Warehouse,Chemist Warehouse,{{product.name}},{{product.brand}},Learn more,DCO,https://www.chemistwarehouse.com.au/shop-online/2431/tooshies?utm_source=facebook&utm_medium=social&utm_campaign=au_cw_coop_facebook_social_nicepakproductsptyltd_all_20_2026_100057-bau_video-image&utm_term=traffic&utm_content=video-image_generic,www.chemistwarehouse.com.au,/shop-online/2431/tooshies,facebook,social,au_cw_coop_facebook_social_nicepakproductsptyltd_all_20_2026_100057-bau_video-image,20,traffic,video-image_generic,Coop,Nicepakproductsptyltd,All,2026,video-image,Because Nappies Need Changing,"Switch to Tooshies nappies and wipes—gentle on your baby’s skin, better for the planet. Make the change today",Learn More,,,"['FACEBOOK', 'INSTAGRAM', 'AUDIENCE_NETWORK', 'MESSENGER', 'THREADS']",au,cw,facebook,social,2026-W36,2026-09,"FACEBOOK, INSTAGRAM, AUDIENCE_NETWORK, MESSENGER, THREADS",True,True,True,True,True,False,Brand/Category Page,True,False,False,2026-09-07,2026-01-22 08:00:00,2026-09-07 16:55:10.186478,228
1239336380957219,,True,2026-02-20 08:00:00,2026-09-05 07:00:00,Chemist Warehouse,Chemist Warehouse,GO Activated B12 supports energy production,Support healthy red blood cell production and maintain B12 levels with GO Healthy Activated B12.,Shop now,IMAGE,https://fb.com/canvas_doc/1185485476748090,fb.com,/canvas_doc/1185485476748090,,,,,,,Not Specified,,,,,,,,,,"['FACEBOOK', 'INSTAGRAM', 'AUDIENCE_NETWORK', 'MESSENGER', 'THREADS']",,,,,2026-W36,2026-09,"FACEBOOK, INSTAGRAM, AUDIENCE_NETWORK, MESSENGER, THREADS",True,True,True,True,True,False,Internal/App Page,True,False,False,2026-09-07,2026-02-20 08:00:00,2026-09-07 16:55:10.186478,199
1486769329736492,886889407547564,True,2026-02-20 08:00:00,2026-09-06 07:00:00,Chemist Warehouse,Chemist Warehouse,{{product.name}},{{product.brand}},Shop now,DCO,https://www.chemistwarehouse.com.au/shop-online/513/blackmores?utm_source=facebook&utm_medium=social&utm_campaign=au_cw_coop_facebook_social_blackmoreslimited_blackmores_81_2026_bau_dynamic&utm_term=conversion&utm_content=dynamic-instore-omega,www.chemistwarehouse.com.au,/shop-online/513/blackmores,facebook,social,au_cw_coop_facebook_social_blackmoreslimited_blackmores_81_2026_bau_dynamic,81,conversion,dynamic-instore-omega,Coop,Blackmoreslimited,Blackmores,2026,dynamic,New Omega Platinum,"NEW Omega Platinum range — our highest-strength omega-3, now also available in a mini capsule.",Shop Now,,https://video.flim31-1.fna.fbcdn.net/o1/v/t2/f2/m366/AQMEuos4hQNPaFkJp4ldAsZ5jI3VKS_SOTdGZnEdpNK8UVsIsehTk__OUnqd0ynOuEFEAQSs5xMY8gtNdBogzekiTvgICRmhB1AFjHoMMqZ-ew.mp4?_nc_cat=106&_nc_oc=Ado0Ed96ZA-Wr3JIFwc53ieH2iNqW_wIGCtkPUyGdWWk_m-CRQUxs2FdKKN3kKrh5Tc&_nc_sid=b66105&_nc_ht=video.flim31-1.fna.fbcdn.net&_nc_ohc=MSauVQBqbN8Q7kNvwFYCSeX&efg=eyJ2ZW5jb2RlX3RhZyI6Inhwdl9wcm9ncmVzc2l2ZS5WSV9VU0VDQVNFX1BST0RVQ1RfVFlQRS4uQzMuNzIwLmRhc2hfaDI2NC1iYXNpYy1nZW4yXzcyMHAiLCJ4cHZfYXNzZXRfaWQiOjE0MjgxMjE5NTIzOTM1NjQsImFzc2V0X2FnZV9kYXlzIjoxOTgsInZpX3VzZWNhc2VfaWQiOjEwNzk5LCJkdXJhdGlvbl9zIjo1MSwidXJsZ2VuX3NvdXJjZSI6Ind3dyJ9&ccb=17-1&vs=334126973efc10b2&_nc_vs=HBksFQIYRWZiX2VwaGVtZXJhbC8yNTQ4QjMzMzQ2MkMyNzNDMDVENUUxMUUyQjU5MUNBMl9tdF8xX3ZpZGVvX2Rhc2hpbml0Lm1wNBUAAsgBEgAVAhhAZmJfcGVybWFuZW50L0FDNEZFMDJCQ0M2N0RGNEIwNURCNTNGMjAzNTc1Nzg4X2F1ZGlvX2Rhc2hpbml0Lm1wNBUCAsgBEgAoABgAGwKIB3VzZV9vaWwBMRJwcm9ncmVzc2l2ZV9yZWNpcGUBMRUAACa45dja0beJBRUCKAJDMywXQEmZmZmZmZoYGWRhc2hfaDI2NC1iYXNpYy1nZW4yXzcyMHARAHUAZd6oAQA&_nc_gid=7fnHZm4rKgYd-SXsZJ18LA&_nc_ss=7f180&_nc_zt=28&oh=00_AQI1hMBQIhlagQSc17R4EoCia9qNIq2oruIkSLRKMP16gg&oe=6AA3CE3E,"['FACEBOOK', 'INSTAGRAM', 'MESSENGER', 'THREADS']",au,cw,facebook,social,2026-W36,2026-09,"FACEBOOK, INSTAGRAM, MESSENGER, THREADS",True,True,False,True,True,False,Brand/Category Page,True,False,False,2026-09-07,2026-02-20 08:00:00,2026-09-07 16:55:10.186478,199
859594916677210,,True,2026-01-12 08:00:00,2026-09-06 07:00:00,Chemist Warehouse,Chemist Warehouse,Shop Swisse at Chemist Warehouse,Daily support to help maintain energy and wellbeing with Swisse Multivitamins,Learn more,IMAGE,https://fb.com/canvas_doc/1374054934452725,fb.com,/canvas_doc/1374054934452725,,,,,,,Not Specified,,,,,,,,,,"['FACEBOOK', 'INSTAGRAM', 'AUDIENCE_NETWORK', 'MESSENGER', 'THREADS']",,,,,2026-W36,2026-09,"FACEBOOK, INSTAGRAM, AUDIENCE_NETWORK, MESSENGER, THREADS",True,True,True,True,True,False,Internal/App Page,True,True,False,2026-09-07,2026-01-12 08:00:00,2026-09-07 16:55:10.186478,238
756307666915483,,True,2026-01-12 08:00:00,2026-09-05 07:00:00,Chemist Warehouse,Chemist Warehouse,Shop Swisse at Chemist Warehouse,Shop Swisse on Vitamins and supplements online at Chemist Warehouse and enjoy huge discounts across the range.,Learn more,IMAGE,https://fb.com/canvas_doc/925644203460010,fb.com,/canvas_doc/925644203460010,,,,,,,Not Specified,,,,,,,,,,"['FACEBOOK', 'INSTAGRAM', 'AUDIENCE_NETWORK', 'MESSENGER', 'THREADS']",,,,,2026-W36,2026-09,"FACEBOOK, INSTAGRAM, AUDIENCE_NETWORK, MESSENGER, THREADS",True,True,True,True,True,False,Internal/App Page,True,True,False,2026-09-07,2026-01-12 08:00:00,2026-09-07 16:55:10.186478,238
2105361836945237,,True,2026-01-12 08:00:00,2026-09-06 07:00:00,Chemist Warehouse,Chemist Warehouse,Swisse Beauty & Skincare,Buy Swisse Skin Care online at Chemist Warehouse and enjoy huge discounts across the entire range. Shop products online or via click and collect today.,Learn more,IMAGE,https://fb.com/canvas_doc/2082520155933333,fb.com,/canvas_doc/2082520155933333,,,,,,,Not Specified,,,,,,,,,,"['FACEBOOK', 'INSTAGRAM', 'AUDIENCE_NETWORK', 'MESSENGER', 'THREADS']",,,,,2026-W36,2026-09,"FACEBOOK, INSTAGRAM, AUDIENCE_NETWORK, MESSENGER, THREADS",True,True,True,True,True,False,Internal/App Page,True,True,False,2026-09-07,2026-01-12 08:00:00,2026-09-07 16:55:10.186478,238
25646835428334422,,True,2026-01-01 08:00:00,2026-09-06 07:00:00,Chemist Warehouse,Chemist Warehouse,Blackmores Lyprinol®,"Blackmores Lyprinol® reduces symptoms of mild osteoarthritis, relieves inflammation and help maintain general health and wellbeing.",Learn more,IMAGE,https://fb.com/canvas_doc/25343540581983926,fb.com,/canvas_doc/25343540581983926,,,,,,,Not Specified,,,,,,,,,,"['FACEBOOK', 'INSTAGRAM', 'MESSENGER', 'THREADS']",,,,,2026-W36,2026-09,"FACEBOOK, INSTAGRAM, MESSENGER, THREADS",True,True,False,True,True,False,Internal/App Page,True,False,False,2026-09-07,2026-01-01 08:00:00,2026-09-07 16:55:10.186478,249
25495038350162969,,True,2026-01-12 08:00:00,2026-09-05 07:00:00,Chemist Warehouse,Chemist Warehouse,Shop Swisse at Chemist Warehouse,Boost Brain Health with Swisse Odourless Super Strength Fish Oil,Learn more,IMAGE,https://fb.com/canvas_doc/1114466097308625,fb.com,/canvas_doc/1114466097308625,,,,,,,Not Specified,,,,,,,,,,"['FACEBOOK', 'INSTAGRAM', 'AUDIENCE_NETWORK', 'MESSENGER', 'THREADS']",,,,,2026-W36,2026-09,"FACEBOOK, INSTAGRAM, AUDIENCE_NETWORK, MESSENGER, THREADS",True,True,True,True,True,False,Internal/App Page,True,True,False,2026-09-07,2026-01-12 08:00:00,2026-09-07 16:55:10.186478,238
871337691965545,,True,2026-01-02 08:00:00,2026-09-06 07:00:00,Chemist Warehouse,Chemist Warehouse,Blackmores Immune Health Range,Shop Australia's #1 Vitamins and Supplements brand*,Learn more,IMAGE,https://fb.com/canvas_doc/956821450845191,fb.com,/canvas_doc/956821450845191,,,,,,,Not Specified,,,,,,,,,,"['FACEBOOK', 'INSTAGRAM', 'MESSENGER', 'THREADS']",,,,,2026-W36,2026-09,"FACEBOOK, INSTAGRAM, MESSENGER, THREADS",True,True,False,True,True,False,Internal/App Page,True,False,False,2026-09-07,2026-01-02 08:00:00,2026-09-07 16:55:10.186478,248
2682926705379238,,True,2026-02-11 08:00:00,2026-09-06 07:00:00,Chemist Warehouse,Chemist Warehouse,Shop Swisse at Chemist Warehouse,Shop Swisse on Vitamins and supplements online at Chemist Warehouse and enjoy huge discounts across the range.,Learn more,IMAGE,https://fb.com/canvas_doc/4339834686305978,fb.com,/canvas_doc/4339834686305978,,,,,,,Not Specified,,,,,,,,,,"['FACEBOOK', 'INSTAGRAM', 'AUDIENCE_NETWORK', 'MESSENGER', 'THREADS']",,,,,2026-W36,2026-09,"FACEBOOK, INSTAGRAM, AUDIENCE_NETWORK, MESSENGER, THREADS",True,True,True,True,True,False,Internal/App Page,True,True,False,2026-09-07,2026-02-11 08:00:00,2026-09-07 16:55:10.186478,208
1408619434036792,1192403782538888,True,2026-01-04 08:00:00,2026-09-06 07:00:00,Chemist Warehouse,Chemist Warehouse,{{product.name}},{{product.brand}},Shop now,DCO,https://www.chemistwarehouse.com.au/search?query=egmont&contexts=default&utm_source=facebook&utm_medium=social&utm_campaign=au_cw_coop_facebook_social_egmonthoneyaustraliaptyltd_egmonthoney_81_2026_100022-bau_image&utm_term=conversion&utm_content=image_image-3,www.chemistwarehouse.com.au,/search,facebook,social,au_cw_coop_facebook_social_egmonthoneyaustraliaptyltd_egmonthoney_81_2026_100022-bau_image,81,conversion,image_image-3,Coop,Egmonthoneyaustraliaptyltd,Egmonthoney,2026,image,"Premium, Authentic NZ Mānuka Honey.","Certified Mānuka honey from New Zealand, carefully crafted and available at Chemist Warehouse.",Shop Now,https://scontent.flim31-1.fna.fbcdn.net/v/t39.35426-6/605288693_25013267828352778_6559769901329846510_n.jpg?_nc_cat=106&ccb=1-7&_nc_sid=c53f8f&_nc_ohc=qMjTOQ3qhucQ7kNvwG8n5lU&_nc_oc=AdqVovfOVQVX_XiL1BUNGEN39nsbw7doPZFvKXrhyAngDTLT7VSi8qbovvBrbUiJgtc&_nc_zt=14&_nc_ht=scontent.flim31-1.fna&_nc_gid=8sSZpsTf6U90ImXzhvzAnQ&_nc_ss=7f180&oh=00_AQKFx_fAbFg3RH295dpo856j1BbNE_HPsX-7LcmJh1-roQ&oe=6AA3C89E,,"['FACEBOOK', 'INSTAGRAM', 'AUDIENCE_NETWORK', 'MESSENGER', 'THREADS']",au,cw,facebook,social,2026-W36,2026-09,"FACEBOOK, INSTAGRAM, AUDIENCE_NETWORK, MESSENGER, THREADS",True,True,True,True,True,False,Search Page,True,False,False,2026-09-07,2026-01-04 08:00:00,2026-09-07 16:55:10.186478,246
2295558210941945,1493929252522284,True,2026-01-04 08:00:00,2026-09-06 07:00:00,Chemist Warehouse,Chemist Warehouse,{{product.name}},{{product.brand}},Shop now,DCO,https://www.chemistwarehouse.com.au/search?query=egmont&contexts=default&utm_source=facebook&utm_medium=social&utm_campaign=au_cw_coop_facebook_social_egmonthoneyaustraliaptyltd_egmonthoney_81_2026_100022-bau_image&utm_term=conversion&utm_content=image_image-1,www.chemistwarehouse.com.au,/search,facebook,social,au_cw_coop_facebook_social_egmonthoneyaustraliaptyltd_egmonthoney_81_2026_100022-bau_image,81,conversion,image_image-1,Coop,Egmonthoneyaustraliaptyltd,Egmonthoney,2026,image,"Premium, Authentic NZ Mānuka Honey.","Certified Mānuka honey from New Zealand, carefully crafted and available at Chemist Warehouse.",Shop Now,https://scontent.flim31-1.fna.fbcdn.net/v/t39.35426-6/608427449_1414806593386905_3926350605894167785_n.jpg?_nc_cat=101&ccb=1-7&_nc_sid=c53f8f&_nc_ohc=pRtXjErRPccQ7kNvwHFPyKA&_nc_oc=Adom40YZL7L_UdJy0Iz2TPT_Vje0F0xOJR8FQfWIJAEGjX_rb-aU5wdqWwcjsWR2vpk&_nc_zt=14&_nc_ht=scontent.flim31-1.fna&_nc_gid=8sSZpsTf6U90ImXzhvzAnQ&_nc_ss=7f180&oh=00_AQLQvMNlb14QUNc4oGwL8-UC2w3-Mqf_BE8ifVpZquu-cg&oe=6AA39D6E,,"['FACEBOOK', 'INSTAGRAM', 'AUDIENCE_NETWORK', 'MESSENGER', 'THREADS']",au,cw,facebook,social,2026-W36,2026-09,"FACEBOOK, INSTAGRAM, AUDIENCE_NETWORK, MESSENGER, THREADS",True,True,True,True,True,False,Search Page,True,False,False,2026-09-07,2026-01-04 08:00:00,2026-09-07 16:55:10.186478,246
718043647729833,777841428658445,True,2026-01-04 08:00:00,2026-09-06 07:00:00,Chemist Warehouse,Chemist Warehouse,{{product.name}},{{product.brand}},Shop now,DCO,https://www.chemistwarehouse.com.au/search?query=egmont&contexts=default&utm_source=facebook&utm_medium=social&utm_campaign=au_cw_coop_facebook_social_egmonthoneyaustraliaptyltd_egmonthoney_81_2026_100022-bau_image&utm_term=conversion&utm_content=image_image-8,www.chemistwarehouse.com.au,/search,facebook,social,au_cw_coop_facebook_social_egmonthoneyaustraliaptyltd_egmonthoney_81_2026_100022-bau_image,81,conversion,image_image-8,Coop,Egmonthoneyaustraliaptyltd,Egmonthoney,2026,image,"Premium, Authentic NZ Mānuka Honey.","Certified Mānuka honey from New Zealand, carefully crafted and available at Chemist Warehouse.",Shop Now,https://scontent.flim31-1.fna.fbcdn.net/v/t39.35426-6/606120098_882953274430761_8971257578831367727_n.jpg?_nc_cat=105&ccb=1-7&_nc_sid=c53f8f&_nc_ohc=YSvt208A8nwQ7kNvwGiCNyo&_nc_oc=Adp6lPLdT8pTaHcjlWYGOCofnMpCeBvOpEF5VFr_CvJo8T1_m_mX7yoUIHvshBa5ewY&_nc_zt=14&_nc_ht=scontent.flim31-1.fna&_nc_gid=8sSZpsTf6U90ImXzhvzAnQ&_nc_ss=7f180&oh=00_AQLdnFC6hVyzZO6_U9GcOr5y0k7-AtY7PSnE6pex0GHTLQ&oe=6AA39A0B,,"['FACEBOOK', 'INSTAGRAM', 'AUDIENCE_NETWORK', 'MESSENGER', 'THREADS']",au,cw,facebook,social,2026-W36,2026-09,"FACEBOOK, INSTAGRAM, AUDIENCE_NETWORK, MESSENGER, THREADS",True,True,True,True,True,False,Search Page,True,False,False,2026-09-07,2026-01-04 08:00:00,2026-09-07 16:55:10.186478,246
2303238360196144,750676621396549,True,2026-01-04 08:00:00,2026-09-06 07:00:00,Chemist Warehouse,Chemist Warehouse,{{product.name}},{{product.brand}},Shop now,DCO,https://www.chemistwarehouse.com.au/search?query=egmont&contexts=default&utm_source=facebook&utm_medium=social&utm_campaign=au_cw_coop_facebook_social_egmonthoneyaustraliaptyltd_egmonthoney_81_2026_100022-bau_image&utm_term=conversion&utm_content=image_image-2,www.chemistwarehouse.com.au,/search,facebook,social,au_cw_coop_facebook_social_egmonthoneyaustraliaptyltd_egmonthoney_81_2026_100022-bau_image,81,conversion,image_image-2,Coop,Egmonthoneyaustraliaptyltd,Egmonthoney,2026,image,"Premium, Authentic NZ Mānuka Honey.","Certified Mānuka honey from New Zealand, carefully crafted and available at Chemist Warehouse.",Shop Now,https://scontent.flim31-1.fna.fbcdn.net/v/t39.35426-6/605666489_1900741087190104_8984826853807602484_n.jpg?_nc_cat=105&ccb=1-7&_nc_sid=c53f8f&_nc_ohc=Y0nMNa45aHoQ7kNvwGoGh7j&_nc_oc=AdqyYHEcuYFghnC8ewj07aVl_5xEUZ1YEo9W0DMpruIUjxm44Vq7S-dw4zWroaomB1M&_nc_zt=14&_nc_ht=scontent.flim31-1.fna&_nc_gid=8sSZpsTf6U90ImXzhvzAnQ&_nc_ss=7f180&oh=00_AQKIz6PVeJLZ1Ds0BR1U6nlGmEU-Hr53uSZevRi37vbk1A&oe=6AA3B2BA,,"['FACEBOOK', 'INSTAGRAM', 'AUDIENCE_NETWORK', 'MESSENGER', 'THREADS']",au,cw,facebook,social,2026-W36,2026-09,"FACEBOOK, INSTAGRAM, AUDIENCE_NETWORK, MESSENGER, THREADS",True,True,True,True,True,False,Search Page,True,False,False,2026-09-07,2026-01-04 08:00:00,2026-09-07 16:55:10.186478,246
1581333002878918,,True,2026-01-01 08:00:00,2026-09-06 07:00:00,Chemist Warehouse,Chemist Warehouse,Blackmores Vision Care Range,Shop Australia's #1 Vitamins and Supplements brand*,Learn more,IMAGE,https://fb.com/canvas_doc/1355654902524240,fb.com,/canvas_doc/1355654902524240,,,,,,,Not Specified,,,,,,,,,,"['FACEBOOK', 'INSTAGRAM', 'MESSENGER', 'THREADS']",,,,,2026-W36,2026-09,"FACEBOOK, INSTAGRAM, MESSENGER, THREADS",True,True,False,True,True,False,Internal/App Page,True,False,False,2026-09-07,2026-01-01 08:00:00,2026-09-07 16:55:10.186478,249
820900020950480,,True,2026-01-01 08:00:00,2026-09-06 07:00:00,Chemist Warehouse,Chemist Warehouse,Blackmores Vision Care Range,Shop Australia's #1 Vitamins and Supplements brand*,Learn more,IMAGE,https://fb.com/canvas_doc/2129285637880640,fb.com,/canvas_doc/2129285637880640,,,,,,,Not Specified,,,,,,,,,,"['FACEBOOK', 'INSTAGRAM', 'AUDIENCE_NETWORK', 'MESSENGER', 'THREADS']",,,,,2026-W36,2026-09,"FACEBOOK, INSTAGRAM, AUDIENCE_NETWORK, MESSENGER, THREADS",True,True,True,True,True,False,Internal/App Page,True,False,False,2026-09-07,2026-01-01 08:00:00,2026-09-07 16:55:10.186478,249
1588495568996782,,True,2026-01-02 08:00:00,2026-09-06 07:00:00,Chemist Warehouse,Chemist Warehouse,Blackmores Lyprinol®,"Blackmores Lyprinol® reduces symptoms of mild osteoarthritis, relieves inflammation and help maintain general health and wellbeing.",Learn more,IMAGE,https://fb.com/canvas_doc/1493014855119929,fb.com,/canvas_doc/1493014855119929,,,,,,,Not Specified,,,,,,,,,,"['FACEBOOK', 'INSTAGRAM', 'AUDIENCE_NETWORK', 'MESSENGER', 'THREADS']",,,,,2026-W36,2026-09,"FACEBOOK, INSTAGRAM, AUDIENCE_NETWORK, MESSENGER, THREADS",True,True,True,True,True,False,Internal/App Page,True,False,False,2026-09-07,2026-01-02 08:00:00,2026-09-07 16:55:10.186478,248
1204965607739347,837061565823342,True,2026-01-01 08:00:00,2026-09-05 07:00:00,Chemist Warehouse,Chemist Warehouse,{{product.name}},{{product.brand}},Learn more,DCO,https://www.chemistwarehouse.com.au/shop-online/5613/gaia?utm_source=facebook&utm_medium=social&utm_campaign=au_cw_coop_facebook_social_nicepakproductsptyltd_all_20_2026_100057-bau_video-image&utm_term=traffic&utm_content=video-image_generic,www.chemistwarehouse.com.au,/shop-online/5613/gaia,facebook,social,au_cw_coop_facebook_social_nicepakproductsptyltd_all_20_2026_100057-bau_video-image,20,traffic,video-image_generic,Coop,Nicepakproductsptyltd,All,2026,video-image,Nurture your baby’s skin naturally,"Give your baby the purest care with GAIA. Organic ingredients for sensitive skin, providing gentle protection every day. 
'Participant incentivised review’",Learn More,,https://video.flim31-1.fna.fbcdn.net/o1/v/t2/f2/m366/AQMV07qOc4oYIsbpkSt6DLdw1zGNtQ8z03b4VBp7MgT1yLbB2IFnFhmXvR-Q_hn6tMv57xX-6i2XExohUWzXLZco7T3XBInZbKhbGPxn6DX5mQ.mp4?_nc_cat=105&_nc_oc=AdpTb26BZwtd6jKUZ2CII2PA1eW3nhLjEetSL82C1xrNHKo-ZkqIoergouMWhFTFvBs&_nc_sid=b66105&_nc_ht=video.flim31-1.fna.fbcdn.net&_nc_ohc=cNzCSdmZWM8Q7kNvwHoRial&efg=eyJ2ZW5jb2RlX3RhZyI6Inhwdl9wcm9ncmVzc2l2ZS5WSV9VU0VDQVNFX1BST0RVQ1RfVFlQRS4uQzMuNzIwLmRhc2hfaDI2NC1iYXNpYy1nZW4yXzcyMHAiLCJ4cHZfYXNzZXRfaWQiOjEyNzYwMzg3MTY5ODU4MTcsImFzc2V0X2FnZV9kYXlzIjo1ODUsInZpX3VzZWNhc2VfaWQiOjEwNzk5LCJkdXJhdGlvbl9zIjo0NCwidXJsZ2VuX3NvdXJjZSI6Ind3dyJ9&ccb=17-1&vs=169c40ff6dbae388&_nc_vs=HBksFQIYRWZiX2VwaGVtZXJhbC9DNjQ2MkZGRDk5RDY0N0VEQ0MxNkIxRThGRERBMTNCQl9tdF8xX3ZpZGVvX2Rhc2hpbml0Lm1wNBUAAsgBEgAVAhg0ZmJfcGVybWFuZW50LzkwMjQ5NDQzNTA5NTgyN181NzA4NTgwNjU5MzI0ODk2MDI3Lm1wNBUCAsgBEgAoABgAGwKIB3VzZV9vaWwBMRJwcm9ncmVzc2l2ZV9yZWNpcGUBMRUAACayx5CnnaPEBBUCKAJDMywXQEYd0vGp--cYGWRhc2hfaDI2NC1iYXNpYy1nZW4yXzcyMHARAHUAZd6oAQA&_nc_gid=8sSZpsTf6U90ImXzhvzAnQ&_nc_ss=7f180&_nc_zt=28&oh=00_AQJykafkn8kq1KVaILkDS0eglvMf1NEC3eF10TXPKzNjnw&oe=6AA3BDCF,"['FACEBOOK', 'INSTAGRAM', 'AUDIENCE_NETWORK', 'MESSENGER', 'THREADS']",au,cw,facebook,social,2026-W36,2026-09,"FACEBOOK, INSTAGRAM, AUDIENCE_NETWORK, MESSENGER, THREADS",True,True,True,True,True,False,Brand/Category Page,True,False,False,2026-09-07,2026-01-01 08:00:00,2026-09-07 16:55:10.186478,249
1445487163678352,,True,2026-01-01 08:00:00,2026-09-04 07:00:00,Chemist Warehouse,Chemist Warehouse,Blackmores Immune Health Range,Shop Australia's #1 Vitamins and Supplements brand*,Learn more,IMAGE,https://fb.com/canvas_doc/25377271991956892,fb.com,/canvas_doc/25377271991956892,,,,,,,Not Specified,,,,,,,,,,"['FACEBOOK', 'INSTAGRAM', 'AUDIENCE_NETWORK', 'MESSENGER', 'THREADS']",,,,,2026-W36,2026-09,"FACEBOOK, INSTAGRAM, AUDIENCE_NETWORK, MESSENGER, THREADS",True,True,True,True,True,False,Internal/App Page,True,False,False,2026-09-07,2026-01-01 08:00:00,2026-09-07 16:55:10.186478,249
1158459276450701,1183000683512686,True,2026-01-01 08:00:00,2026-09-06 07:00:00,Chemist Warehouse,Chemist Warehouse,{{product.name}},{{product.brand}},Learn more,DCO,https://www.chemistwarehouse.com.au/shop-online/5613/gaia?utm_source=facebook&utm_medium=social&utm_campaign=au_cw_coop_facebook_social_nicepakproductsptyltd_all_20_2026_100057-bau_video-image&utm_term=traffic&utm_content=video-image_generic,www.chemistwarehouse.com.au,/shop-online/5613/gaia,facebook,social,au_cw_coop_facebook_social_nicepakproductsptyltd_all_20_2026_100057-bau_video-image,20,traffic,video-image_generic,Coop,Nicepakproductsptyltd,All,2026,video-image,Nurture your baby’s skin naturally,"Give your baby the purest care with GAIA. Organic ingredients for sensitive skin, providing gentle protection every day. 
'Participant incentivised review’",Learn More,,https://video.flim31-1.fna.fbcdn.net/o1/v/t2/f2/m366/AQNscNAW4aDyDoFcBSXODk2l9A3Db0sTCD9VlZc7AcAqfT9QyMbF3aU3NbQ5VqM17AUD54kUrDNpQ9BczQTJxOpNxfz7Cugkzs6IIubGBxaJoA.mp4?_nc_cat=108&_nc_oc=AdoxI8KAr9Khc_7XucMRdX_-Mu48uC2sSKbs_y_eJ_MWIj02hKRWiXa7BtReqp7hkvg&_nc_sid=b66105&_nc_ht=video.flim31-1.fna.fbcdn.net&_nc_ohc=Ag5LlNSMLyoQ7kNvwF4h9Y2&efg=eyJ2ZW5jb2RlX3RhZyI6Inhwdl9wcm9ncmVzc2l2ZS5WSV9VU0VDQVNFX1BST0RVQ1RfVFlQRS4uQzMuNzIwLmRhc2hfaDI2NC1iYXNpYy1nZW4yXzcyMHAiLCJ4cHZfYXNzZXRfaWQiOjQ4Mjk4MzAwODE4MjM1MSwiYXNzZXRfYWdlX2RheXMiOjU4NSwidmlfdXNlY2FzZV9pZCI6MTA3OTksImR1cmF0aW9uX3MiOjM0LCJ1cmxnZW5fc291cmNlIjoid3d3In0%3D&ccb=17-1&vs=9e33b51b899a6e4a&_nc_vs=HBksFQIYRWZiX2VwaGVtZXJhbC8wQTQyRTA4QTUwOEVBMkQ5Q0VEOTNGNjkyNzEzOTNCQV9tdF8xX3ZpZGVvX2Rhc2hpbml0Lm1wNBUAAsgBEgAVAhg6cGFzc3Rocm91Z2hfZXZlcnN0b3JlL0dJN1BXQnc4UVNBYWk3WUVBTHFzb0M3V05scFpidjRHQUFBRhUCAsgBEgAoABgAGwKIB3VzZV9vaWwBMRJwcm9ncmVzc2l2ZV9yZWNpcGUBMRUAACaegZXqp9HbARUCKAJDMywXQEEmZmZmZmYYGWRhc2hfaDI2NC1iYXNpYy1nZW4yXzcyMHARAHUAZd6oAQA&_nc_gid=8sSZpsTf6U90ImXzhvzAnQ&_nc_ss=7f180&_nc_zt=28&oh=00_AQIppbIkeiP0uj_Nt7RzveP98QVDlSMm0TZGyr08cH4Cfw&oe=6AA3A218,"['FACEBOOK', 'INSTAGRAM', 'AUDIENCE_NETWORK', 'MESSENGER', 'THREADS']",au,cw,facebook,social,2026-W36,2026-09,"FACEBOOK, INSTAGRAM, AUDIENCE_NETWORK, MESSENGER, THREADS",True,True,True,True,True,False,Brand/Category Page,True,False,False,2026-09-07,2026-01-01 08:00:00,2026-09-07 16:55:10.186478,249
1570726920723686,694850816771297,True,2026-01-01 08:00:00,2026-08-26 07:00:00,Chemist Warehouse,Chemist Warehouse,{{product.name}},{{product.brand}},Learn more,DCO,https://www.chemistwarehouse.com.au/shop-online/5613/gaia?utm_source=facebook&utm_medium=social&utm_campaign=au_cw_coop_facebook_social_nicepakproductsptyltd_all_20_2026_100057-bau_video-image&utm_term=traffic&utm_content=video-image_generic,www.chemistwarehouse.com.au,/shop-online/5613/gaia,facebook,social,au_cw_coop_facebook_social_nicepakproductsptyltd_all_20_2026_100057-bau_video-image,20,traffic,video-image_generic,Coop,Nicepakproductsptyltd,All,2026,video-image,Nurture your baby’s skin naturally,"Give your baby the purest care with GAIA. Organic ingredients for sensitive skin, providing gentle protection every day. 
'Participant incentivised review’",Learn More,,https://video.flim31-1.fna.fbcdn.net/o1/v/t2/f2/m366/AQPmRhW30UW4jllIW9D8yO5bxsebX7SxO8pmTMXRp9IyGEmfnCj81_vN6bfuXZ7FBL8GcfHyvhLSB69bP6IL_pFiQ0_RTF8QqdcI5zZQsPLkvA.mp4?_nc_cat=102&_nc_oc=Adp6vdaC2xA82iwsuXvlJ_DXQcHyHSzHK5tBnm59MgW7PI10lYnMWZfgbp4qruXnm5c&_nc_sid=b66105&_nc_ht=video.flim31-1.fna.fbcdn.net&_nc_ohc=sERtsTq9UXcQ7kNvwHYpnbO&efg=eyJ2ZW5jb2RlX3RhZyI6Inhwdl9wcm9ncmVzc2l2ZS5WSV9VU0VDQVNFX1BST0RVQ1RfVFlQRS4uQzMuNzIwLmRhc2hfaDI2NC1iYXNpYy1nZW4yXzcyMHAiLCJ4cHZfYXNzZXRfaWQiOjUwMTg3MjYwNjI3MjMzMSwiYXNzZXRfYWdlX2RheXMiOjU4NSwidmlfdXNlY2FzZV9pZCI6MTA3OTksImR1cmF0aW9uX3MiOjIyLCJ1cmxnZW5fc291cmNlIjoid3d3In0%3D&ccb=17-1&vs=e9a76b40d819d080&_nc_vs=HBkcFQIYRWZiX2VwaGVtZXJhbC83ODRGMzA3NUY1RjdDQjAwM0Y5ODc3MDlDNDAzOTc4NF9tdF8xX3ZpZGVvX2Rhc2hpbml0Lm1wNBUAAsgBEgAoABgAGwKIB3VzZV9vaWwBMRJwcm9ncmVzc2l2ZV9yZWNpcGUBMRUAACaW7dqm6pzkARUCKAJDMywXQDaiDEm6XjUYGWRhc2hfaDI2NC1iYXNpYy1nZW4yXzcyMHARAHUAZd6oAQA&_nc_gid=8sSZpsTf6U90ImXzhvzAnQ&_nc_ss=7f180&_nc_zt=28&oh=00_AQL5EqpPI2XsBc7rwLHXtHvdp2KBpSCfccVfxceJeLLMIw&oe=6AA3A2EE,"['FACEBOOK', 'INSTAGRAM', 'AUDIENCE_NETWORK', 'MESSENGER', 'THREADS']",au,cw,facebook,social,2026-W36,2026-09,"FACEBOOK, INSTAGRAM, AUDIENCE_NETWORK, MESSENGER, THREADS",True,True,True,True,True,False,Brand/Category Page,True,False,False,2026-09-07,2026-01-01 08:00:00,2026-09-07 16:55:10.186478,249
1404395371305720,1528963841668670,True,2026-01-04 08:00:00,2026-09-06 07:00:00,Chemist Warehouse,Chemist Warehouse,{{product.name}},{{product.brand}},Shop now,DCO,https://www.chemistwarehouse.com.au/search?query=egmont&contexts=default&utm_source=facebook&utm_medium=social&utm_campaign=au_cw_coop_facebook_social_egmonthoneyaustraliaptyltd_egmonthoney_81_2026_100022-bau_image&utm_term=conversion&utm_content=image_image-4,www.chemistwarehouse.com.au,/search,facebook,social,au_cw_coop_facebook_social_egmonthoneyaustraliaptyltd_egmonthoney_81_2026_100022-bau_image,81,conversion,image_image-4,Coop,Egmonthoneyaustraliaptyltd,Egmonthoney,2026,image,"Premium, Authentic NZ Mānuka Honey.","Certified Mānuka honey from New Zealand, carefully crafted and available at Chemist Warehouse.",Shop Now,https://scontent.flim31-1.fna.fbcdn.net/v/t39.35426-6/603954481_1443334177494863_8329341312183529893_n.jpg?_nc_cat=111&ccb=1-7&_nc_sid=c53f8f&_nc_ohc=NZiRUkg6GA0Q7kNvwGPAugL&_nc_oc=AdoRYNmdVR-pLX0u2VvIF4ATp6cMIc1AuL3IrXz1K1MINOF-HMBog_Cokq5PMZnkQas&_nc_zt=14&_nc_ht=scontent.flim31-1.fna&_nc_gid=8sSZpsTf6U90ImXzhvzAnQ&_nc_ss=7f180&oh=00_AQKGOSj6w0ywFuMD8PXVss-aHDHwtORefTyyR6YA-RhF4A&oe=6AA3AF04,,"['FACEBOOK', 'INSTAGRAM', 'AUDIENCE_NETWORK', 'MESSENGER', 'THREADS']",au,cw,facebook,social,2026-W36,2026-09,"FACEBOOK, INSTAGRAM, AUDIENCE_NETWORK, MESSENGER, THREADS",True,True,True,True,True,False,Search Page,True,False,False,2026-09-07,2026-01-04 08:00:00,2026-09-07 16:55:10.186478,246
2559869087729638,1344457607361789,True,2026-01-04 08:00:00,2026-09-06 07:00:00,Chemist Warehouse,Chemist Warehouse,{{product.name}},{{product.brand}},Shop now,DCO,https://www.chemistwarehouse.com.au/search?query=egmont&contexts=default&utm_source=facebook&utm_medium=social&utm_campaign=au_cw_coop_facebook_social_egmonthoneyaustraliaptyltd_egmonthoney_81_2026_100022-bau_image&utm_term=conversion&utm_content=image_image-9,www.chemistwarehouse.com.au,/search,facebook,social,au_cw_coop_facebook_social_egmonthoneyaustraliaptyltd_egmonthoney_81_2026_100022-bau_image,81,conversion,image_image-9,Coop,Egmonthoneyaustraliaptyltd,Egmonthoney,2026,image,"Premium, Authentic NZ Mānuka Honey.","Certified Mānuka honey from New Zealand, carefully crafted and available at Chemist Warehouse.",Shop Now,https://scontent.flim31-1.fna.fbcdn.net/v/t39.35426-6/607759464_904427782277119_5705363661379594621_n.jpg?_nc_cat=107&ccb=1-7&_nc_sid=c53f8f&_nc_ohc=SuYCgr_JrX0Q7kNvwEwMVra&_nc_oc=Adr1hOWMz7jwXiITGgChQNtz9IcFmZdDpvxjpkwHZt3IHuFtsb6LE3EeYjId7zMHXug&_nc_zt=14&_nc_ht=scontent.flim31-1.fna&_nc_gid=8sSZpsTf6U90ImXzhvzAnQ&_nc_ss=7f180&oh=00_AQJbFd2iud2uMXKjon9UUP6cjJ8HtXPTdGfG6PZdi6OPCw&oe=6AA3AA2A,,"['FACEBOOK', 'INSTAGRAM', 'AUDIENCE_NETWORK', 'MESSENGER', 'THREADS']",au,cw,facebook,social,2026-W36,2026-09,"FACEBOOK, INSTAGRAM, AUDIENCE_NETWORK, MESSENGER, THREADS",True,True,True,True,True,False,Search Page,True,False,False,2026-09-07,2026-01-04 08:00:00,2026-09-07 16:55:10.186478,246
666703606426744,3781230852010641,True,2026-01-04 08:00:00,2026-09-06 07:00:00,Chemist Warehouse,Chemist Warehouse,{{product.name}},{{product.brand}},Shop now,DCO,https://www.chemistwarehouse.com.au/search?query=egmont&contexts=default&utm_source=facebook&utm_medium=social&utm_campaign=au_cw_coop_facebook_social_egmonthoneyaustraliaptyltd_egmonthoney_81_2026_100022-bau_image&utm_term=conversion&utm_content=image_image-6,www.chemistwarehouse.com.au,/search,facebook,social,au_cw_coop_facebook_social_egmonthoneyaustraliaptyltd_egmonthoney_81_2026_100022-bau_image,81,conversion,image_image-6,Coop,Egmonthoneyaustraliaptyltd,Egmonthoney,2026,image,"Premium, Authentic NZ Mānuka Honey.","Certified Mānuka honey from New Zealand, carefully crafted and available at Chemist Warehouse.",Shop Now,https://scontent.flim31-1.fna.fbcdn.net/v/t39.35426-6/608893388_1880754136161502_2671614711088670375_n.jpg?_nc_cat=102&ccb=1-7&_nc_sid=c53f8f&_nc_ohc=1pFk6MztZkUQ7kNvwHJO9x3&_nc_oc=AdrYNPf8r69251bHbI5Qahbz3RVgsIxaeR7qgW12X-NfRWEpg5jgA-cqplytLO9QBnc&_nc_zt=14&_nc_ht=scontent.flim31-1.fna&_nc_gid=8sSZpsTf6U90ImXzhvzAnQ&_nc_ss=7f180&oh=00_AQK7CSWPa_HqlpqeOqgWpk6LGfOhyJ5J3IMrJMZSFX6CnA&oe=6AA3B696,,"['FACEBOOK', 'INSTAGRAM', 'AUDIENCE_NETWORK', 'MESSENGER', 'THREADS']",au,cw,facebook,social,2026-W36,2026-09,"FACEBOOK, INSTAGRAM, AUDIENCE_NETWORK, MESSENGER, THREADS",True,True,True,True,True,False,Search Page,True,False,False,2026-09-07,2026-01-04 08:00:00,2026-09-07 16:55:10.186478,246
1713028696283969,1394160935455248,True,2026-01-04 08:00:00,2026-09-06 07:00:00,Chemist Warehouse,Chemist Warehouse,{{product.name}},{{product.brand}},Shop now,DCO,https://www.chemistwarehouse.com.au/search?query=egmont&contexts=default&utm_source=facebook&utm_medium=social&utm_campaign=au_cw_coop_facebook_social_egmonthoneyaustraliaptyltd_egmonthoney_81_2026_100022-bau_image&utm_term=conversion&utm_content=image_image-7,www.chemistwarehouse.com.au,/search,facebook,social,au_cw_coop_facebook_social_egmonthoneyaustraliaptyltd_egmonthoney_81_2026_100022-bau_image,81,conversion,image_image-7,Coop,Egmonthoneyaustraliaptyltd,Egmonthoney,2026,image,"Premium, Authentic NZ Mānuka Honey.","Certified Mānuka honey from New Zealand, carefully crafted and available at Chemist Warehouse.",Shop Now,https://scontent.flim31-1.fna.fbcdn.net/v/t39.35426-6/605717572_2092929168190137_2327307420111152391_n.jpg?_nc_cat=102&ccb=1-7&_nc_sid=c53f8f&_nc_ohc=diQqXiudrtsQ7kNvwFCOnVA&_nc_oc=AdrqsS4CT3WxppJtQlV9XiLduF2ECN8u06Fd8O4-VJJNRWsQDwE0F-ZNJhC6lo59z9Q&_nc_zt=14&_nc_ht=scontent.flim31-1.fna&_nc_gid=8sSZpsTf6U90ImXzhvzAnQ&_nc_ss=7f180&oh=00_AQJgOOQeeo5dhPHehwbhvPZdbtQ3XAfe5HwzsoybQsVA8w&oe=6AA3C28B,,"['FACEBOOK', 'INSTAGRAM', 'AUDIENCE_NETWORK', 'MESSENGER', 'THREADS']",au,cw,facebook,social,2026-W36,2026-09,"FACEBOOK, INSTAGRAM, AUDIENCE_NETWORK, MESSENGER, THREADS",True,True,True,True,True,False,Search Page,True,False,False,2026-09-07,2026-01-04 08:00:00,2026-09-07 16:55:10.186478,246
1931929814063564,650918258043442,True,2026-01-04 08:00:00,2026-09-05 07:00:00,Chemist Warehouse,Chemist Warehouse,{{product.name}},{{product.brand}},Shop now,DCO,https://www.chemistwarehouse.com.au/search?query=egmont&contexts=default&utm_source=facebook&utm_medium=social&utm_campaign=au_cw_coop_facebook_social_egmonthoneyaustraliaptyltd_egmonthoney_81_2026_100022-bau_image&utm_term=conversion&utm_content=image_image-5,www.chemistwarehouse.com.au,/search,facebook,social,au_cw_coop_facebook_social_egmonthoneyaustraliaptyltd_egmonthoney_81_2026_100022-bau_image,81,conversion,image_image-5,Coop,Egmonthoneyaustraliaptyltd,Egmonthoney,2026,image,"Premium, Authentic NZ Mānuka Honey.","Certified Mānuka honey from New Zealand, carefully crafted and available at Chemist Warehouse.",Shop Now,https://scontent.flim31-1.fna.fbcdn.net/v/t39.35426-6/608507587_1639663437000094_5866792540775280232_n.jpg?_nc_cat=107&ccb=1-7&_nc_sid=c53f8f&_nc_aid=0&_nc_ohc=X1sai-z4FDQQ7kNvwHf19JF&_nc_oc=AdqoCkX-3iTQEpeEVBLrutIbZUjPoxa3vnVhqYeVxP9Qi8mu2dxzo3m6JtG1khHajBE&_nc_zt=14&_nc_ht=scontent.flim31-1.fna&_nc_gid=8sSZpsTf6U90ImXzhvzAnQ&_nc_ss=7f180&oh=00_AQKPbzIQij90xd2udrL0_vKAaz5E87vxsCR04HVSKZVtGQ&oe=6AA3C36A,,"['FACEBOOK', 'INSTAGRAM', 'AUDIENCE_NETWORK', 'MESSENGER', 'THREADS']",au,cw,facebook,social,2026-W36,2026-09,"FACEBOOK, INSTAGRAM, AUDIENCE_NETWORK, MESSENGER, THREADS",True,True,True,True,True,False,Search Page,True,False,False,2026-09-07,2026-01-04 08:00:00,2026-09-07 16:55:10.186478,246
