ad_archive_id,collation_id,is_active,start_date_formatted,end_date_formatted,page_name,snapshot.page_name,snapshot.title,snapshot.body.text,snapshot.cta_text,snapshot.display_format,snapshot.link_url,domain,url_path,utm_source,utm_medium,utm_campaign,category_code,utm_term,utm_content,funding_type_label,supplier_label,brand_label,campaign_period,creative_format,card_title,card_body,card_cta_text,card_image_url,card_video_hd_url,publisher_platform,country,retailer,platform,channel,snapshot_week,snapshot_month,publisher_platform_clean,facebook,instagram,audience_network,messenger,threads,whatsapp,landing_page_type,is_official_cw,mentions_cw_brand,tga_risk_flag,snapshot_date,start_date_formatted_dt,snapshot_run_datetime,campaign_age_days
1605237994352822,,True,2026-07-17 07:00:00,2026-07-19 07:00:00,Chemist Warehouse,Chemist Warehouse,{{product.name}},{{product.brand}},Shop now,DCO,https://www.chemistwarehouse.com.au/shop-online/3460/e45-skincare?category=Hands%20%26%20Body&utm_source=facebook&utm_medium=social&utm_campaign=au_cw_oa_facebook_social_nicepakproductsptyltd_e45_665_jul26_100655-oa_video&utm_term=traffic&utm_content=video_video,www.chemistwarehouse.com.au,/shop-online/3460/e45-skincare,facebook,social,au_cw_oa_facebook_social_nicepakproductsptyltd_e45_665_jul26_100655-oa_video,665,traffic,video_video,O&O,Nicepakproductsptyltd,E45,jul26,video,Shop the E45 range at Chemist Warehouse!,,Shop Now,,https://video.fbog2-3.fna.fbcdn.net/o1/v/t2/f2/m366/AQPq_zq8FUZ0TzaZzRitNZP2dBV2ba4fBA0K1KGctmIpS_xEjvHkUhbqZ4dtOdC8QX3mWagEkFbG0G6NNm7qhWiNBfN-IXLFnWO0m8RzelbAdA.mp4?_nc_cat=100&_nc_oc=Ado1v7sG2zWzLN8RlqVwuKKy6MJX3-SJKFYIGwIbE16t7DKmUk0sRmgsekXjLmyJuCs&_nc_sid=b66105&_nc_ht=video.fbog2-3.fna.fbcdn.net&_nc_ohc=-RD3n2uraFcQ7kNvwEHkBgo&efg=eyJ2ZW5jb2RlX3RhZyI6Inhwdl9wcm9ncmVzc2l2ZS5WSV9VU0VDQVNFX1BST0RVQ1RfVFlQRS4uQzMuNzIwLmRhc2hfaDI2NC1iYXNpYy1nZW4yXzcyMHAiLCJ4cHZfYXNzZXRfaWQiOjg3MTM4MzkwOTAwNTc1NCwiYXNzZXRfYWdlX2RheXMiOjIsInZpX3VzZWNhc2VfaWQiOjEwNzk5LCJkdXJhdGlvbl9zIjo2MywidXJsZ2VuX3NvdXJjZSI6Ind3dyJ9&ccb=17-1&vs=b95c74769dba1825&_nc_vs=HBksFQIYRWZiX2VwaGVtZXJhbC8wNjRGQUQ4RTNFM0RGRERFNUQyQ0FCRDI3ODIwMEQ5QV9tdF8xX3ZpZGVvX2Rhc2hpbml0Lm1wNBUAAsgBEgAVAhhAZmJfcGVybWFuZW50L0U5NDRERjA1MkJBNDVDQzE0MDQ5QkRCQTdBNTFCQTk1X2F1ZGlvX2Rhc2hpbml0Lm1wNBUCAsgBEgAoABgAGwKIB3VzZV9vaWwBMRJwcm9ncmVzc2l2ZV9yZWNpcGUBMRUAACb05t-FnKGMAxUCKAJDMywXQE_zMzMzMzMYGWRhc2hfaDI2NC1iYXNpYy1nZW4yXzcyMHARAHUAZd6oAQA&_nc_gid=KtQVI7K6zPbanCvmFitVew&_nc_ss=7f289&_nc_map=urlgen_bucketless&_nc_zt=28&oh=00_AQAw2_Mot99iPJ4JpOUiho80_2PeRYq74ddPZtUvw5t8-A&oe=6A631FE4,"['FACEBOOK', 'INSTAGRAM', 'AUDIENCE_NETWORK', 'MESSENGER', 'WHATSAPP', 'THREADS']",au,cw,facebook,social,2026-W29,2026-07,"FACEBOOK, INSTAGRAM, AUDIENCE_NETWORK, MESSENGER, WHATSAPP, THREADS",True,True,True,True,True,True,Brand/Category Page,True,False,False,2026-07-20,2026-07-17 07:00:00,2026-07-20 15:37:32.553203,3
2059076348051589,2578790769220615,True,2026-07-17 07:00:00,2026-07-19 07:00:00,Chemist Warehouse,Chemist Warehouse,Chemist Warehouse,Shop Plunkett's 99% Pure Aloe Vera online at Chemist Warehouse today!,Shop now,CAROUSEL,https://www.chemistwarehouse.com.au/buy/50656/plunketts-99-pure-aloe-vera-soothing-gel-240ml?utm_source=facebook&utm_medium=social&utm_campaign=au_cw_oa_facebook_social_plunkettpharmaceuticals_plunketts_665_jul26_100637-oa_video-image&utm_term=traffic&utm_content=video-image_video-image,www.chemistwarehouse.com.au,/buy/50656/plunketts-99-pure-aloe-vera-soothing-gel-240ml,facebook,social,au_cw_oa_facebook_social_plunkettpharmaceuticals_plunketts_665_jul26_100637-oa_video-image,665,traffic,video-image_video-image,O&O,Plunkettpharmaceuticals,Plunketts,jul26,video-image,Plunkett's 99% Pure Aloe Vera,Shop at Chemist Warehouse,Shop Now,https://scontent.fbog2-5.fna.fbcdn.net/v/t39.35426-6/747736456_2617543852014292_832169726870474956_n.jpg?_nc_cat=100&_nc_map=urlgen_bucketless&ccb=1-7&_nc_sid=c53f8f&_nc_ohc=RISz1iH6iKIQ7kNvwEveo-2&_nc_oc=AdqnKPFLtinBFtObeTs8JQGwX3XcZBtYDQr2FmAMx1gSbYt-S_9uXCx-vpEcfYh5cZA&_nc_zt=14&_nc_ht=scontent.fbog2-5.fna&_nc_gid=KtQVI7K6zPbanCvmFitVew&_nc_ss=7f289&oh=00_AQBNKbNq8LYCdgXNbopQbmUD7VU9KTECNIogqJWXLhcZOg&oe=6A63227E,,"['FACEBOOK', 'INSTAGRAM', 'AUDIENCE_NETWORK', 'MESSENGER', 'WHATSAPP', 'THREADS']",au,cw,facebook,social,2026-W29,2026-07,"FACEBOOK, INSTAGRAM, AUDIENCE_NETWORK, MESSENGER, WHATSAPP, THREADS",True,True,True,True,True,True,SKU Product,True,True,False,2026-07-20,2026-07-17 07:00:00,2026-07-20 15:37:32.553203,3
1536650578197113,1723204795770943,True,2026-07-16 07:00:00,2026-07-19 07:00:00,Chemist Warehouse,Chemist Warehouse,Discover Sukin designed to fit seamlessly into your routine.,"Travel Light, Stay Hydrated",Shop now,VIDEO,https://www.chemistwarehouse.com.au/shop-online/902/sukin?utm_source=facebook&utm_medium=social&utm_campaign=au_cw_oa_facebook_social_sukinaustraliaptyltd_sukin_665_jul26_100663-oa_video-image&utm_term=traffic&utm_content=video-image_,www.chemistwarehouse.com.au,/shop-online/902/sukin,facebook,social,au_cw_oa_facebook_social_sukinaustraliaptyltd_sukin_665_jul26_100663-oa_video-image,665,traffic,video-image_,O&O,Sukinaustraliaptyltd,Sukin,jul26,video-image,,,,,,"['FACEBOOK', 'INSTAGRAM', 'AUDIENCE_NETWORK', 'MESSENGER', 'WHATSAPP', 'THREADS']",au,cw,facebook,social,2026-W29,2026-07,"FACEBOOK, INSTAGRAM, AUDIENCE_NETWORK, MESSENGER, WHATSAPP, THREADS",True,True,True,True,True,True,Brand/Category Page,True,False,False,2026-07-20,2026-07-16 07:00:00,2026-07-20 15:37:32.553203,4
1768697207909381,1005736412209503,True,2026-07-17 07:00:00,2026-07-18 07:00:00,Chemist Warehouse,Chemist Warehouse,Plunkett's 99% Aloe Vera,Shop Plunkett's 99% Pure Aloe Vera online today at Chemist Warehouse,Shop now,VIDEO,https://www.chemistwarehouse.com.au/buy/50656/plunketts-99-pure-aloe-vera-soothing-gel-240ml?utm_source=facebook&utm_medium=social&utm_campaign=au_cw_oa_facebook_social_plunkettpharmaceuticals_plunketts_665_jul26_100637-oa_video-image&utm_term=traffic&utm_content=video-image_video-image,www.chemistwarehouse.com.au,/buy/50656/plunketts-99-pure-aloe-vera-soothing-gel-240ml,facebook,social,au_cw_oa_facebook_social_plunkettpharmaceuticals_plunketts_665_jul26_100637-oa_video-image,665,traffic,video-image_video-image,O&O,Plunkettpharmaceuticals,Plunketts,jul26,video-image,,,,,,"['FACEBOOK', 'INSTAGRAM', 'MESSENGER', 'WHATSAPP', 'THREADS']",au,cw,facebook,social,2026-W29,2026-07,"FACEBOOK, INSTAGRAM, MESSENGER, WHATSAPP, THREADS",True,True,False,True,True,True,SKU Product,True,True,False,2026-07-20,2026-07-17 07:00:00,2026-07-20 15:37:32.553203,3
2198106214377014,1067550435843016,True,2026-07-16 07:00:00,2026-07-19 07:00:00,Chemist Warehouse,Chemist Warehouse,Start Winter Skin Right,"Cleanse, hydrate and prep your skin for the day with Sukin's winter hydration essentials.",Shop now,VIDEO,https://www.chemistwarehouse.com.au/shop-online/902/sukin?utm_source=facebook&utm_medium=social&utm_campaign=au_cw_oa_facebook_social_sukinaustraliaptyltd_sukin_665_jul26_100663-oa_video-image&utm_term=traffic&utm_content=video-image_,www.chemistwarehouse.com.au,/shop-online/902/sukin,facebook,social,au_cw_oa_facebook_social_sukinaustraliaptyltd_sukin_665_jul26_100663-oa_video-image,665,traffic,video-image_,O&O,Sukinaustraliaptyltd,Sukin,jul26,video-image,,,,,,"['FACEBOOK', 'INSTAGRAM', 'AUDIENCE_NETWORK', 'MESSENGER', 'WHATSAPP', 'THREADS']",au,cw,facebook,social,2026-W29,2026-07,"FACEBOOK, INSTAGRAM, AUDIENCE_NETWORK, MESSENGER, WHATSAPP, THREADS",True,True,True,True,True,True,Brand/Category Page,True,False,False,2026-07-20,2026-07-16 07:00:00,2026-07-20 15:37:32.553203,4
28112146571724506,26951911864487024,True,2026-07-17 07:00:00,2026-07-19 07:00:00,Chemist Warehouse,Chemist Warehouse,{{product.name}},{{product.brand}},Shop now,DCO,https://www.chemistwarehouse.com.au/shop-online/902/sukin?utm_source=facebook&utm_medium=social&utm_campaign=au_cw_oa_facebook_social_sukinaustraliaptyltd_sukin_665_jul26_100663-oa_video-image&utm_term=traffic&utm_content=video-image_,www.chemistwarehouse.com.au,/shop-online/902/sukin,facebook,social,au_cw_oa_facebook_social_sukinaustraliaptyltd_sukin_665_jul26_100663-oa_video-image,665,traffic,video-image_,O&O,Sukinaustraliaptyltd,Sukin,jul26,video-image,Start Winter Skin Right,"Cleanse, hydrate and prep your skin for the day with Sukin's winter hydration essentials.",Shop Now,,https://video.fbog2-4.fna.fbcdn.net/o1/v/t2/f2/m366/AQO4U-qb07KeK4UQjb3gaMAwEnN8ARxbmXPnVcHKfJ-ALrg2DfmHXVHR-RDIcA0kg3_twF_FaWd7nYBfUkT4Ub26YAMmpgkyb7JCQ0ft5XccqA.mp4?_nc_cat=104&_nc_oc=AdqEuJdgc1tVVpA1XqOcuvF9Os6WakVMWMjm77aMpO8r0YGJtrDf9WSm-PQQunpdPEE&_nc_sid=b66105&_nc_ht=video.fbog2-4.fna.fbcdn.net&_nc_ohc=KaUMfaaYqtsQ7kNvwEWyqW-&efg=eyJ2ZW5jb2RlX3RhZyI6Inhwdl9wcm9ncmVzc2l2ZS5WSV9VU0VDQVNFX1BST0RVQ1RfVFlQRS4uQzMuNzIwLmRhc2hfaDI2NC1iYXNpYy1nZW4yXzcyMHAiLCJ4cHZfYXNzZXRfaWQiOjk5ODczMjgzMjkzMDcyMSwiYXNzZXRfYWdlX2RheXMiOjIsInZpX3VzZWNhc2VfaWQiOjEwNzk5LCJkdXJhdGlvbl9zIjozNSwidXJsZ2VuX3NvdXJjZSI6Ind3dyJ9&ccb=17-1&vs=9b5e2607086a1453&_nc_vs=HBksFQIYRWZiX2VwaGVtZXJhbC82QzRCMzlFOUE5OEJDQjE0RTAyNDAxQTE2M0YzNTFCRV9tdF8xX3ZpZGVvX2Rhc2hpbml0Lm1wNBUAAsgBEgAVAhhAZmJfcGVybWFuZW50Lzk0NDkxOTM1NEUxNzcxMzYxREVGRTBCMUI3MjBCQUExX2F1ZGlvX2Rhc2hpbml0Lm1wNBUCAsgBEgAoABgAGwKIB3VzZV9vaWwBMRJwcm9ncmVzc2l2ZV9yZWNpcGUBMRUAACbC7tu785XGAxUCKAJDMywXQEGmZmZmZmYYGWRhc2hfaDI2NC1iYXNpYy1nZW4yXzcyMHARAHUAZd6oAQA&_nc_gid=KtQVI7K6zPbanCvmFitVew&_nc_ss=7f289&_nc_map=urlgen_bucketless&_nc_zt=28&oh=00_AQCWuHeeQQ9blrvuIECiXI5YaSFPrXLuV-y2eECJiAvhhA&oe=6A630288,"['FACEBOOK', 'INSTAGRAM', 'AUDIENCE_NETWORK', 'MESSENGER', 'WHATSAPP', 'THREADS']",au,cw,facebook,social,2026-W29,2026-07,"FACEBOOK, INSTAGRAM, AUDIENCE_NETWORK, MESSENGER, WHATSAPP, THREADS",True,True,True,True,True,True,Brand/Category Page,True,False,False,2026-07-20,2026-07-17 07:00:00,2026-07-20 15:37:32.553203,3
2851866838505297,26951911864487024,True,2026-07-17 07:00:00,2026-07-19 07:00:00,Chemist Warehouse,Chemist Warehouse,{{product.name}},{{product.brand}},Shop now,DCO,https://www.chemistwarehouse.com.au/shop-online/902/sukin?utm_source=facebook&utm_medium=social&utm_campaign=au_cw_oa_facebook_social_sukinaustraliaptyltd_sukin_665_jul26_100663-oa_video-image&utm_term=traffic&utm_content=video-image_,www.chemistwarehouse.com.au,/shop-online/902/sukin,facebook,social,au_cw_oa_facebook_social_sukinaustraliaptyltd_sukin_665_jul26_100663-oa_video-image,665,traffic,video-image_,O&O,Sukinaustraliaptyltd,Sukin,jul26,video-image,Start Winter Skin Right,"Cleanse, hydrate and prep your skin for the day with Sukin's winter hydration essentials.",Shop Now,,https://video.fbog2-4.fna.fbcdn.net/o1/v/t2/f2/m366/AQO4U-qb07KeK4UQjb3gaMAwEnN8ARxbmXPnVcHKfJ-ALrg2DfmHXVHR-RDIcA0kg3_twF_FaWd7nYBfUkT4Ub26YAMmpgkyb7JCQ0ft5XccqA.mp4?_nc_cat=104&_nc_oc=AdqEuJdgc1tVVpA1XqOcuvF9Os6WakVMWMjm77aMpO8r0YGJtrDf9WSm-PQQunpdPEE&_nc_sid=b66105&_nc_ht=video.fbog2-4.fna.fbcdn.net&_nc_ohc=KaUMfaaYqtsQ7kNvwEWyqW-&efg=eyJ2ZW5jb2RlX3RhZyI6Inhwdl9wcm9ncmVzc2l2ZS5WSV9VU0VDQVNFX1BST0RVQ1RfVFlQRS4uQzMuNzIwLmRhc2hfaDI2NC1iYXNpYy1nZW4yXzcyMHAiLCJ4cHZfYXNzZXRfaWQiOjk5ODczMjgzMjkzMDcyMSwiYXNzZXRfYWdlX2RheXMiOjIsInZpX3VzZWNhc2VfaWQiOjEwNzk5LCJkdXJhdGlvbl9zIjozNSwidXJsZ2VuX3NvdXJjZSI6Ind3dyJ9&ccb=17-1&vs=9b5e2607086a1453&_nc_vs=HBksFQIYRWZiX2VwaGVtZXJhbC82QzRCMzlFOUE5OEJDQjE0RTAyNDAxQTE2M0YzNTFCRV9tdF8xX3ZpZGVvX2Rhc2hpbml0Lm1wNBUAAsgBEgAVAhhAZmJfcGVybWFuZW50Lzk0NDkxOTM1NEUxNzcxMzYxREVGRTBCMUI3MjBCQUExX2F1ZGlvX2Rhc2hpbml0Lm1wNBUCAsgBEgAoABgAGwKIB3VzZV9vaWwBMRJwcm9ncmVzc2l2ZV9yZWNpcGUBMRUAACbC7tu785XGAxUCKAJDMywXQEGmZmZmZmYYGWRhc2hfaDI2NC1iYXNpYy1nZW4yXzcyMHARAHUAZd6oAQA&_nc_gid=KtQVI7K6zPbanCvmFitVew&_nc_ss=7f289&_nc_map=urlgen_bucketless&_nc_zt=28&oh=00_AQCWuHeeQQ9blrvuIECiXI5YaSFPrXLuV-y2eECJiAvhhA&oe=6A630288,"['FACEBOOK', 'INSTAGRAM', 'AUDIENCE_NETWORK', 'MESSENGER', 'WHATSAPP', 'THREADS']",au,cw,facebook,social,2026-W29,2026-07,"FACEBOOK, INSTAGRAM, AUDIENCE_NETWORK, MESSENGER, WHATSAPP, THREADS",True,True,True,True,True,True,Brand/Category Page,True,False,False,2026-07-20,2026-07-17 07:00:00,2026-07-20 15:37:32.553203,3
1358170156455136,1864490732560573,True,2026-07-17 07:00:00,2026-07-19 07:00:00,Chemist Warehouse,Chemist Warehouse,Plunkett's 99% Aloe Vera,Shop Plunkett's 99% Pure Aloe Vera online today at Chemist Warehouse,Shop now,VIDEO,https://www.chemistwarehouse.com.au/buy/50656/plunketts-99-pure-aloe-vera-soothing-gel-240ml?utm_source=facebook&utm_medium=social&utm_campaign=au_cw_oa_facebook_social_plunkettpharmaceuticals_plunketts_665_jul26_100637-oa_video-image&utm_term=traffic&utm_content=video-image_video-image,www.chemistwarehouse.com.au,/buy/50656/plunketts-99-pure-aloe-vera-soothing-gel-240ml,facebook,social,au_cw_oa_facebook_social_plunkettpharmaceuticals_plunketts_665_jul26_100637-oa_video-image,665,traffic,video-image_video-image,O&O,Plunkettpharmaceuticals,Plunketts,jul26,video-image,,,,,,"['FACEBOOK', 'INSTAGRAM', 'MESSENGER', 'WHATSAPP', 'THREADS']",au,cw,facebook,social,2026-W29,2026-07,"FACEBOOK, INSTAGRAM, MESSENGER, WHATSAPP, THREADS",True,True,False,True,True,True,SKU Product,True,True,False,2026-07-20,2026-07-17 07:00:00,2026-07-20 15:37:32.553203,3
1052755721031212,1005736412209503,True,2026-07-17 07:00:00,2026-07-19 07:00:00,Chemist Warehouse,Chemist Warehouse,Plunkett's 99% Aloe Vera,Shop Plunkett's 99% Pure Aloe Vera online today at Chemist Warehouse,Shop now,VIDEO,https://www.chemistwarehouse.com.au/buy/50656/plunketts-99-pure-aloe-vera-soothing-gel-240ml?utm_source=facebook&utm_medium=social&utm_campaign=au_cw_oa_facebook_social_plunkettpharmaceuticals_plunketts_665_jul26_100637-oa_video-image&utm_term=traffic&utm_content=video-image_video-image,www.chemistwarehouse.com.au,/buy/50656/plunketts-99-pure-aloe-vera-soothing-gel-240ml,facebook,social,au_cw_oa_facebook_social_plunkettpharmaceuticals_plunketts_665_jul26_100637-oa_video-image,665,traffic,video-image_video-image,O&O,Plunkettpharmaceuticals,Plunketts,jul26,video-image,,,,,,"['FACEBOOK', 'INSTAGRAM', 'MESSENGER', 'WHATSAPP', 'THREADS']",au,cw,facebook,social,2026-W29,2026-07,"FACEBOOK, INSTAGRAM, MESSENGER, WHATSAPP, THREADS",True,True,False,True,True,True,SKU Product,True,True,False,2026-07-20,2026-07-17 07:00:00,2026-07-20 15:37:32.553203,3
27815391631426777,1955349711805783,True,2026-07-17 07:00:00,2026-07-19 07:00:00,Chemist Warehouse,Chemist Warehouse,{{product.name}},{{product.brand}},Shop now,DCO,https://www.chemistwarehouse.com.au/shop-online/5336/gillette?utm_source=facebook&utm_medium=social&utm_campaign=au_cw_oa_facebook_social_proctergambleaustralia_gillette_259_2026_100541-oa_video-image&utm_term=traffic&utm_content=video-image_all,www.chemistwarehouse.com.au,/shop-online/5336/gillette,facebook,social,au_cw_oa_facebook_social_proctergambleaustralia_gillette_259_2026_100541-oa_video-image,259,traffic,video-image_all,O&O,Proctergambleaustralia,Gillette,2026,video-image,40% OFF RRP Gillette Range,Smooth deals on Gillette range! 40% off RRP now at Chemist Warehouse! Limited time only!,Shop Now,,https://video.fbog2-4.fna.fbcdn.net/o1/v/t2/f2/m366/AQM2SONfqJIjywQqmgOM18vsrvrwSbgrNo5Xs1Bp9M-2eCC9p0uIFiZ_iHSsDgYNqzUodzjCpdxA45f8ewFgZm1d9bmXztW9fNfxA5Sv6JOpcQ.mp4?_nc_cat=100&_nc_oc=AdoTVN61GsYI7cz9vOuaNsa7PYz31pyIJaF0zAJ8iF52ZQc8MsIXopC1gbW0VXE4Fs4&_nc_sid=b66105&_nc_ht=video.fbog2-4.fna.fbcdn.net&_nc_ohc=bRBLYq0--wkQ7kNvwGGHLh9&efg=eyJ2ZW5jb2RlX3RhZyI6Inhwdl9wcm9ncmVzc2l2ZS5WSV9VU0VDQVNFX1BST0RVQ1RfVFlQRS4uQzMuNzIwLmRhc2hfaDI2NC1iYXNpYy1nZW4yXzcyMHAiLCJ4cHZfYXNzZXRfaWQiOjkyMjU1MTA1NzUzMTcyMSwiYXNzZXRfYWdlX2RheXMiOjIsInZpX3VzZWNhc2VfaWQiOjEwNzk5LCJkdXJhdGlvbl9zIjoxNiwidXJsZ2VuX3NvdXJjZSI6Ind3dyJ9&ccb=17-1&vs=732c925b3950e6b7&_nc_vs=HBksFQIYRWZiX2VwaGVtZXJhbC85RDQwM0QxOEU2MEI3NjM1NjU2OTk3QkUxMjc0QzA5M19tdF8xX3ZpZGVvX2Rhc2hpbml0Lm1wNBUAAsgBEgAVAhhAZmJfcGVybWFuZW50LzhFNDY4Q0MxQUZFMDI0ODAyQkE0RjU4NTgxNzJDNDgwX2F1ZGlvX2Rhc2hpbml0Lm1wNBUCAsgBEgAoABgAGwKIB3VzZV9vaWwBMRJwcm9ncmVzc2l2ZV9yZWNpcGUBMRUAACaSjZKBxcOjAxUCKAJDMywXQDBVP3ztkWgYGWRhc2hfaDI2NC1iYXNpYy1nZW4yXzcyMHARAHUAZd6oAQA&_nc_gid=KtQVI7K6zPbanCvmFitVew&_nc_ss=7f289&_nc_map=urlgen_bucketless&_nc_zt=28&oh=00_AQA4acX2hsUceJqpKFpTqgxooiQX7Wy3hlotoijh7JPXJQ&oe=6A6307B4,"['FACEBOOK', 'INSTAGRAM', 'AUDIENCE_NETWORK', 'MESSENGER', 'WHATSAPP', 'THREADS']",au,cw,facebook,social,2026-W29,2026-07,"FACEBOOK, INSTAGRAM, AUDIENCE_NETWORK, MESSENGER, WHATSAPP, THREADS",True,True,True,True,True,True,Brand/Category Page,True,False,False,2026-07-20,2026-07-17 07:00:00,2026-07-20 15:37:32.553203,3
1702806560800160,1051536664023320,True,2026-07-17 07:00:00,2026-07-19 07:00:00,Chemist Warehouse,Chemist Warehouse,{{product.name}},{{product.brand}},Shop now,DCO,https://www.chemistwarehouse.com.au/shop-online/5336/gillette?utm_source=facebook&utm_medium=social&utm_campaign=au_cw_oa_facebook_social_proctergambleaustralia_gillette_259_2026_100541-oa_video-image&utm_term=traffic&utm_content=video-image_all,www.chemistwarehouse.com.au,/shop-online/5336/gillette,facebook,social,au_cw_oa_facebook_social_proctergambleaustralia_gillette_259_2026_100541-oa_video-image,259,traffic,video-image_all,O&O,Proctergambleaustralia,Gillette,2026,video-image,40% OFF RRP Gillette Range,Save 40% RRP across Gillette at Chemist Warehouse.,Shop Now,,https://video.fbog2-5.fna.fbcdn.net/o1/v/t2/f2/m366/AQN52H3Hzfu4OyFH1-Yib25n03hQ2Zn0gh5Ab2yvE57TrfOj6iyfN5NTGRhG2lXP-sxA9SwL2TKiU6hjS4x3Vv-CcxmLjsIZnSQcRh6bov05Gg.mp4?_nc_cat=102&_nc_oc=Adr2hmsKQAV68em3Z7xoYxj5k-qzMHe2fxxAxQa45br3v4eDLvxefaEODkA4kF8U_Og&_nc_sid=b66105&_nc_ht=video.fbog2-5.fna.fbcdn.net&_nc_ohc=mv0Ac6l-Z3YQ7kNvwEbS_H6&efg=eyJ2ZW5jb2RlX3RhZyI6Inhwdl9wcm9ncmVzc2l2ZS5WSV9VU0VDQVNFX1BST0RVQ1RfVFlQRS4uQzMuNzIwLmRhc2hfaDI2NC1iYXNpYy1nZW4yXzcyMHAiLCJ4cHZfYXNzZXRfaWQiOjIwOTU1NTI3NjQ3MjUzNjIsImFzc2V0X2FnZV9kYXlzIjoyLCJ2aV91c2VjYXNlX2lkIjoxMDc5OSwiZHVyYXRpb25fcyI6MTYsInVybGdlbl9zb3VyY2UiOiJ3d3cifQ%3D%3D&ccb=17-1&vs=f1ac73073eaf0dc5&_nc_vs=HBksFQIYRWZiX2VwaGVtZXJhbC82NDQ5QUFEMEI3NEI2Q0MyMzFGOTcxRTc5QkMxNDU4RF9tdF8xX3ZpZGVvX2Rhc2hpbml0Lm1wNBUAAsgBEgAVAhhAZmJfcGVybWFuZW50LzlCNEE0RTIzODU4MzM5NTcxMzY0MDk4MzgwRjFCRkJGX2F1ZGlvX2Rhc2hpbml0Lm1wNBUCAsgBEgAoABgAGwKIB3VzZV9vaWwBMRJwcm9ncmVzc2l2ZV9yZWNpcGUBMRUAACbkobLinPm4BxUCKAJDMywXQDBVP3ztkWgYGWRhc2hfaDI2NC1iYXNpYy1nZW4yXzcyMHARAHUAZd6oAQA&_nc_gid=KtQVI7K6zPbanCvmFitVew&_nc_ss=7f289&_nc_map=urlgen_bucketless&_nc_zt=28&oh=00_AQAZgRwsej1kwU20oJGf70yjre9BI76F8kpqGATsqRAW2Q&oe=6A63045E,"['FACEBOOK', 'INSTAGRAM', 'AUDIENCE_NETWORK', 'MESSENGER', 'WHATSAPP', 'THREADS']",au,cw,facebook,social,2026-W29,2026-07,"FACEBOOK, INSTAGRAM, AUDIENCE_NETWORK, MESSENGER, WHATSAPP, THREADS",True,True,True,True,True,True,Brand/Category Page,True,False,False,2026-07-20,2026-07-17 07:00:00,2026-07-20 15:37:32.553203,3
1013535064643190,1067550435843016,True,2026-07-17 07:00:00,2026-07-19 07:00:00,Chemist Warehouse,Chemist Warehouse,Start Winter Skin Right,"Cleanse, hydrate and prep your skin for the day with Sukin's winter hydration essentials.",Shop now,VIDEO,https://www.chemistwarehouse.com.au/shop-online/902/sukin?utm_source=facebook&utm_medium=social&utm_campaign=au_cw_oa_facebook_social_sukinaustraliaptyltd_sukin_665_jul26_100663-oa_video-image&utm_term=traffic&utm_content=video-image_,www.chemistwarehouse.com.au,/shop-online/902/sukin,facebook,social,au_cw_oa_facebook_social_sukinaustraliaptyltd_sukin_665_jul26_100663-oa_video-image,665,traffic,video-image_,O&O,Sukinaustraliaptyltd,Sukin,jul26,video-image,,,,,,"['FACEBOOK', 'INSTAGRAM', 'AUDIENCE_NETWORK', 'MESSENGER', 'WHATSAPP', 'THREADS']",au,cw,facebook,social,2026-W29,2026-07,"FACEBOOK, INSTAGRAM, AUDIENCE_NETWORK, MESSENGER, WHATSAPP, THREADS",True,True,True,True,True,True,Brand/Category Page,True,False,False,2026-07-20,2026-07-17 07:00:00,2026-07-20 15:37:32.553203,3
27656604294003121,1723204795770943,True,2026-07-17 07:00:00,2026-07-19 07:00:00,Chemist Warehouse,Chemist Warehouse,Discover Sukin designed to fit seamlessly into your routine.,"Travel Light, Stay Hydrated",Shop now,VIDEO,https://www.chemistwarehouse.com.au/shop-online/902/sukin?utm_source=facebook&utm_medium=social&utm_campaign=au_cw_oa_facebook_social_sukinaustraliaptyltd_sukin_665_jul26_100663-oa_video-image&utm_term=traffic&utm_content=video-image_,www.chemistwarehouse.com.au,/shop-online/902/sukin,facebook,social,au_cw_oa_facebook_social_sukinaustraliaptyltd_sukin_665_jul26_100663-oa_video-image,665,traffic,video-image_,O&O,Sukinaustraliaptyltd,Sukin,jul26,video-image,,,,,,"['FACEBOOK', 'INSTAGRAM', 'AUDIENCE_NETWORK', 'MESSENGER', 'WHATSAPP', 'THREADS']",au,cw,facebook,social,2026-W29,2026-07,"FACEBOOK, INSTAGRAM, AUDIENCE_NETWORK, MESSENGER, WHATSAPP, THREADS",True,True,True,True,True,True,Brand/Category Page,True,False,False,2026-07-20,2026-07-17 07:00:00,2026-07-20 15:37:32.553203,3
1414596650485985,2416363388875406,True,2026-07-17 07:00:00,2026-07-19 07:00:00,Chemist Warehouse,Chemist Warehouse,{{product.name}},{{product.brand}},Shop now,DCO,https://www.chemistwarehouse.com.au/shop-online/902/sukin?utm_source=facebook&utm_medium=social&utm_campaign=au_cw_oa_facebook_social_sukinaustraliaptyltd_sukin_665_jul26_100663-oa_video-image&utm_term=traffic&utm_content=video-image_,www.chemistwarehouse.com.au,/shop-online/902/sukin,facebook,social,au_cw_oa_facebook_social_sukinaustraliaptyltd_sukin_665_jul26_100663-oa_video-image,665,traffic,video-image_,O&O,Sukinaustraliaptyltd,Sukin,jul26,video-image,Start Winter Skin Right,"Cleanse, hydrate and prep your skin for the day with Sukin's winter hydration essentials.",Shop Now,,https://video.fbog2-3.fna.fbcdn.net/o1/v/t2/f2/m366/AQP0LdbP-U0mJsimKwnMDa5sba9lximX9On9RIpMjr7Jv2ztM6YTjynPNeRSeUK2lBa2trKgXH_pFehr36wlahfy0ocIfhD-RC_u2KfNQOEHNg.mp4?_nc_cat=108&_nc_oc=AdoKtiG5NuNO4TNkXw_4coR5f6GW1fbcNHoSpbSWw-etoyL7cK1YPJmhGT_N6tx1vzw&_nc_sid=b66105&_nc_ht=video.fbog2-3.fna.fbcdn.net&_nc_ohc=A85Ur9iFtygQ7kNvwHCipf2&efg=eyJ2ZW5jb2RlX3RhZyI6Inhwdl9wcm9ncmVzc2l2ZS5WSV9VU0VDQVNFX1BST0RVQ1RfVFlQRS4uQzMuNzIwLmRhc2hfaDI2NC1iYXNpYy1nZW4yXzcyMHAiLCJ4cHZfYXNzZXRfaWQiOjE2NDU2OTA0MTA1NTc5NzMsImFzc2V0X2FnZV9kYXlzIjoyLCJ2aV91c2VjYXNlX2lkIjoxMDc5OSwiZHVyYXRpb25fcyI6MzEsInVybGdlbl9zb3VyY2UiOiJ3d3cifQ%3D%3D&ccb=17-1&vs=6e20bcf1227f913f&_nc_vs=HBksFQIYRWZiX2VwaGVtZXJhbC8yRDRFNDc0OThCNjZCNURFRURERDNBOEQ3OUQ5Qjc5QV9tdF8xX3ZpZGVvX2Rhc2hpbml0Lm1wNBUAAsgBEgAVAhhAZmJfcGVybWFuZW50L0M4NDE3OTE0MDJGRUNBMzNFMEM4MTQzNjQyREQwNDhFX2F1ZGlvX2Rhc2hpbml0Lm1wNBUCAsgBEgAoABgAGwKIB3VzZV9vaWwBMRJwcm9ncmVzc2l2ZV9yZWNpcGUBMRUAACaqiKeF5a_sBRUCKAJDMywXQD_dsi0OVgQYGWRhc2hfaDI2NC1iYXNpYy1nZW4yXzcyMHARAHUAZd6oAQA&_nc_gid=KtQVI7K6zPbanCvmFitVew&_nc_ss=7f289&_nc_map=urlgen_bucketless&_nc_zt=28&oh=00_AQDRZglCxexNoYCnRDhCaUm-2X1JtztQK2S6ovB28nKZkQ&oe=6A631BF8,"['FACEBOOK', 'INSTAGRAM', 'AUDIENCE_NETWORK', 'MESSENGER', 'WHATSAPP', 'THREADS']",au,cw,facebook,social,2026-W29,2026-07,"FACEBOOK, INSTAGRAM, AUDIENCE_NETWORK, MESSENGER, WHATSAPP, THREADS",True,True,True,True,True,True,Brand/Category Page,True,False,False,2026-07-20,2026-07-17 07:00:00,2026-07-20 15:37:32.553203,3
1041531658356347,4459034974409920,True,2026-07-16 07:00:00,2026-07-19 07:00:00,Chemist Warehouse,Chemist Warehouse,Start Winter Skin Right,"Cleanse, hydrate and prep your skin for the day with Sukin's winter hydration essentials.",Shop now,VIDEO,https://www.chemistwarehouse.com.au/shop-online/902/sukin?utm_source=facebook&utm_medium=social&utm_campaign=au_cw_oa_facebook_social_sukinaustraliaptyltd_sukin_665_jul26_100663-oa_video-image&utm_term=traffic&utm_content=video-image_,www.chemistwarehouse.com.au,/shop-online/902/sukin,facebook,social,au_cw_oa_facebook_social_sukinaustraliaptyltd_sukin_665_jul26_100663-oa_video-image,665,traffic,video-image_,O&O,Sukinaustraliaptyltd,Sukin,jul26,video-image,,,,,,"['FACEBOOK', 'INSTAGRAM', 'AUDIENCE_NETWORK', 'MESSENGER', 'WHATSAPP', 'THREADS']",au,cw,facebook,social,2026-W29,2026-07,"FACEBOOK, INSTAGRAM, AUDIENCE_NETWORK, MESSENGER, WHATSAPP, THREADS",True,True,True,True,True,True,Brand/Category Page,True,False,False,2026-07-20,2026-07-16 07:00:00,2026-07-20 15:37:32.553203,4
1572631684446936,2416363388875406,True,2026-07-17 07:00:00,2026-07-19 07:00:00,Chemist Warehouse,Chemist Warehouse,{{product.name}},{{product.brand}},Shop now,DCO,https://www.chemistwarehouse.com.au/shop-online/902/sukin?utm_source=facebook&utm_medium=social&utm_campaign=au_cw_oa_facebook_social_sukinaustraliaptyltd_sukin_665_jul26_100663-oa_video-image&utm_term=traffic&utm_content=video-image_,www.chemistwarehouse.com.au,/shop-online/902/sukin,facebook,social,au_cw_oa_facebook_social_sukinaustraliaptyltd_sukin_665_jul26_100663-oa_video-image,665,traffic,video-image_,O&O,Sukinaustraliaptyltd,Sukin,jul26,video-image,Start Winter Skin Right,"Cleanse, hydrate and prep your skin for the day with Sukin's winter hydration essentials.",Shop Now,,https://video.fbog2-3.fna.fbcdn.net/o1/v/t2/f2/m366/AQP0LdbP-U0mJsimKwnMDa5sba9lximX9On9RIpMjr7Jv2ztM6YTjynPNeRSeUK2lBa2trKgXH_pFehr36wlahfy0ocIfhD-RC_u2KfNQOEHNg.mp4?_nc_cat=108&_nc_oc=AdoKtiG5NuNO4TNkXw_4coR5f6GW1fbcNHoSpbSWw-etoyL7cK1YPJmhGT_N6tx1vzw&_nc_sid=b66105&_nc_ht=video.fbog2-3.fna.fbcdn.net&_nc_ohc=A85Ur9iFtygQ7kNvwHCipf2&efg=eyJ2ZW5jb2RlX3RhZyI6Inhwdl9wcm9ncmVzc2l2ZS5WSV9VU0VDQVNFX1BST0RVQ1RfVFlQRS4uQzMuNzIwLmRhc2hfaDI2NC1iYXNpYy1nZW4yXzcyMHAiLCJ4cHZfYXNzZXRfaWQiOjE2NDU2OTA0MTA1NTc5NzMsImFzc2V0X2FnZV9kYXlzIjoyLCJ2aV91c2VjYXNlX2lkIjoxMDc5OSwiZHVyYXRpb25fcyI6MzEsInVybGdlbl9zb3VyY2UiOiJ3d3cifQ%3D%3D&ccb=17-1&vs=6e20bcf1227f913f&_nc_vs=HBksFQIYRWZiX2VwaGVtZXJhbC8yRDRFNDc0OThCNjZCNURFRURERDNBOEQ3OUQ5Qjc5QV9tdF8xX3ZpZGVvX2Rhc2hpbml0Lm1wNBUAAsgBEgAVAhhAZmJfcGVybWFuZW50L0M4NDE3OTE0MDJGRUNBMzNFMEM4MTQzNjQyREQwNDhFX2F1ZGlvX2Rhc2hpbml0Lm1wNBUCAsgBEgAoABgAGwKIB3VzZV9vaWwBMRJwcm9ncmVzc2l2ZV9yZWNpcGUBMRUAACaqiKeF5a_sBRUCKAJDMywXQD_dsi0OVgQYGWRhc2hfaDI2NC1iYXNpYy1nZW4yXzcyMHARAHUAZd6oAQA&_nc_gid=KtQVI7K6zPbanCvmFitVew&_nc_ss=7f289&_nc_map=urlgen_bucketless&_nc_zt=28&oh=00_AQDRZglCxexNoYCnRDhCaUm-2X1JtztQK2S6ovB28nKZkQ&oe=6A631BF8,"['FACEBOOK', 'INSTAGRAM', 'AUDIENCE_NETWORK', 'MESSENGER', 'WHATSAPP', 'THREADS']",au,cw,facebook,social,2026-W29,2026-07,"FACEBOOK, INSTAGRAM, AUDIENCE_NETWORK, MESSENGER, WHATSAPP, THREADS",True,True,True,True,True,True,Brand/Category Page,True,False,False,2026-07-20,2026-07-17 07:00:00,2026-07-20 15:37:32.553203,3
1342122837485887,1708592713676169,True,2026-07-16 07:00:00,2026-07-19 07:00:00,Chemist Warehouse,Chemist Warehouse,Start Winter Skin Right,"Cleanse, hydrate and prep your skin for the day with Sukin's winter hydration essentials.",Shop now,VIDEO,https://www.chemistwarehouse.com.au/shop-online/902/sukin?utm_source=facebook&utm_medium=social&utm_campaign=au_cw_oa_facebook_social_sukinaustraliaptyltd_sukin_665_jul26_100663-oa_video-image&utm_term=traffic&utm_content=video-image_,www.chemistwarehouse.com.au,/shop-online/902/sukin,facebook,social,au_cw_oa_facebook_social_sukinaustraliaptyltd_sukin_665_jul26_100663-oa_video-image,665,traffic,video-image_,O&O,Sukinaustraliaptyltd,Sukin,jul26,video-image,,,,,,"['FACEBOOK', 'INSTAGRAM', 'AUDIENCE_NETWORK', 'MESSENGER', 'WHATSAPP', 'THREADS']",au,cw,facebook,social,2026-W29,2026-07,"FACEBOOK, INSTAGRAM, AUDIENCE_NETWORK, MESSENGER, WHATSAPP, THREADS",True,True,True,True,True,True,Brand/Category Page,True,False,False,2026-07-20,2026-07-16 07:00:00,2026-07-20 15:37:32.553203,4
1509275073719449,2521676858276918,True,2026-07-17 07:00:00,2026-07-19 07:00:00,Chemist Warehouse,Chemist Warehouse,{{product.name}},{{product.brand}},Shop now,DCO,https://www.chemistwarehouse.com.au/shop-online/902/sukin?utm_source=facebook&utm_medium=social&utm_campaign=au_cw_oa_facebook_social_sukinaustraliaptyltd_sukin_665_jul26_100663-oa_video-image&utm_term=traffic&utm_content=video-image_,www.chemistwarehouse.com.au,/shop-online/902/sukin,facebook,social,au_cw_oa_facebook_social_sukinaustraliaptyltd_sukin_665_jul26_100663-oa_video-image,665,traffic,video-image_,O&O,Sukinaustraliaptyltd,Sukin,jul26,video-image,Start Winter Skin Right,"Cleanse, hydrate and prep your skin for the day with Sukin's winter hydration essentials.",Shop Now,,https://video.fbog2-5.fna.fbcdn.net/o1/v/t2/f2/m366/AQNUDbAf1Pmxz4MH6HPOPkGyLcnLZFnvS-q_1BMi7OfLa7r2E2XhKeCGf4m3JRAfLTN0TfpgQstZh7lKHas-yc-ozRoYj3he2cbnV7NxkvJxcg.mp4?_nc_cat=107&_nc_oc=Adq934eYML9p-UoQ6BXdAQxy6JB_6uE2NIadZSMtNNWEDbrh2-p4MpPCXfBLMV2TIw0&_nc_sid=b66105&_nc_ht=video.fbog2-5.fna.fbcdn.net&_nc_ohc=r1qkBOx3MeoQ7kNvwEw1Bf7&efg=eyJ2ZW5jb2RlX3RhZyI6Inhwdl9wcm9ncmVzc2l2ZS5WSV9VU0VDQVNFX1BST0RVQ1RfVFlQRS4uQzMuNzIwLmRhc2hfaDI2NC1iYXNpYy1nZW4yXzcyMHAiLCJ4cHZfYXNzZXRfaWQiOjEwMTIzNTI0NDgzMjkyNzUsImFzc2V0X2FnZV9kYXlzIjoyLCJ2aV91c2VjYXNlX2lkIjoxMDc5OSwiZHVyYXRpb25fcyI6NTMsInVybGdlbl9zb3VyY2UiOiJ3d3cifQ%3D%3D&ccb=17-1&vs=b66fdaa0ffb22239&_nc_vs=HBksFQIYRWZiX2VwaGVtZXJhbC9EQzQ1NzZGQjU5QTQ4RkZBOURFNERFQkQ4M0YxNTk5NV9tdF8xX3ZpZGVvX2Rhc2hpbml0Lm1wNBUAAsgBEgAVAhhAZmJfcGVybWFuZW50LzNDNEYwRTFGMDMwMjYyQzVGRDFERjc3RDk2OUM4MUE5X2F1ZGlvX2Rhc2hpbml0Lm1wNBUCAsgBEgAoABgAGwKIB3VzZV9vaWwBMRJwcm9ncmVzc2l2ZV9yZWNpcGUBMRUAACb22I_B1a7MAxUCKAJDMywXQEriDEm6XjUYGWRhc2hfaDI2NC1iYXNpYy1nZW4yXzcyMHARAHUAZd6oAQA&_nc_gid=KtQVI7K6zPbanCvmFitVew&_nc_ss=7f289&_nc_map=urlgen_bucketless&_nc_zt=28&oh=00_AQCL7zHFlJPd3VnRzFhbMGYoP-H8K90YdiyQ7bU5aiWdiQ&oe=6A633199,"['FACEBOOK', 'INSTAGRAM', 'AUDIENCE_NETWORK', 'MESSENGER', 'WHATSAPP', 'THREADS']",au,cw,facebook,social,2026-W29,2026-07,"FACEBOOK, INSTAGRAM, AUDIENCE_NETWORK, MESSENGER, WHATSAPP, THREADS",True,True,True,True,True,True,Brand/Category Page,True,False,False,2026-07-20,2026-07-17 07:00:00,2026-07-20 15:37:32.553203,3
2564399060681785,1708592713676169,True,2026-07-16 07:00:00,2026-07-19 07:00:00,Chemist Warehouse,Chemist Warehouse,Start Winter Skin Right,"Cleanse, hydrate and prep your skin for the day with Sukin's winter hydration essentials.",Shop now,VIDEO,https://www.chemistwarehouse.com.au/shop-online/902/sukin?utm_source=facebook&utm_medium=social&utm_campaign=au_cw_oa_facebook_social_sukinaustraliaptyltd_sukin_665_jul26_100663-oa_video-image&utm_term=traffic&utm_content=video-image_,www.chemistwarehouse.com.au,/shop-online/902/sukin,facebook,social,au_cw_oa_facebook_social_sukinaustraliaptyltd_sukin_665_jul26_100663-oa_video-image,665,traffic,video-image_,O&O,Sukinaustraliaptyltd,Sukin,jul26,video-image,,,,,,"['FACEBOOK', 'INSTAGRAM', 'AUDIENCE_NETWORK', 'MESSENGER', 'WHATSAPP', 'THREADS']",au,cw,facebook,social,2026-W29,2026-07,"FACEBOOK, INSTAGRAM, AUDIENCE_NETWORK, MESSENGER, WHATSAPP, THREADS",True,True,True,True,True,True,Brand/Category Page,True,False,False,2026-07-20,2026-07-16 07:00:00,2026-07-20 15:37:32.553203,4
1735966594517703,4459034974409920,True,2026-07-17 07:00:00,2026-07-19 07:00:00,Chemist Warehouse,Chemist Warehouse,Start Winter Skin Right,"Cleanse, hydrate and prep your skin for the day with Sukin's winter hydration essentials.",Shop now,VIDEO,https://www.chemistwarehouse.com.au/shop-online/902/sukin?utm_source=facebook&utm_medium=social&utm_campaign=au_cw_oa_facebook_social_sukinaustraliaptyltd_sukin_665_jul26_100663-oa_video-image&utm_term=traffic&utm_content=video-image_,www.chemistwarehouse.com.au,/shop-online/902/sukin,facebook,social,au_cw_oa_facebook_social_sukinaustraliaptyltd_sukin_665_jul26_100663-oa_video-image,665,traffic,video-image_,O&O,Sukinaustraliaptyltd,Sukin,jul26,video-image,,,,,,"['FACEBOOK', 'INSTAGRAM', 'AUDIENCE_NETWORK', 'MESSENGER', 'WHATSAPP', 'THREADS']",au,cw,facebook,social,2026-W29,2026-07,"FACEBOOK, INSTAGRAM, AUDIENCE_NETWORK, MESSENGER, WHATSAPP, THREADS",True,True,True,True,True,True,Brand/Category Page,True,False,False,2026-07-20,2026-07-17 07:00:00,2026-07-20 15:37:32.553203,3
1027429563588413,2521676858276918,True,2026-07-17 07:00:00,2026-07-19 07:00:00,Chemist Warehouse,Chemist Warehouse,{{product.name}},{{product.brand}},Shop now,DCO,https://www.chemistwarehouse.com.au/shop-online/902/sukin?utm_source=facebook&utm_medium=social&utm_campaign=au_cw_oa_facebook_social_sukinaustraliaptyltd_sukin_665_jul26_100663-oa_video-image&utm_term=traffic&utm_content=video-image_,www.chemistwarehouse.com.au,/shop-online/902/sukin,facebook,social,au_cw_oa_facebook_social_sukinaustraliaptyltd_sukin_665_jul26_100663-oa_video-image,665,traffic,video-image_,O&O,Sukinaustraliaptyltd,Sukin,jul26,video-image,Start Winter Skin Right,"Cleanse, hydrate and prep your skin for the day with Sukin's winter hydration essentials.",Shop Now,,https://video.fbog2-5.fna.fbcdn.net/o1/v/t2/f2/m366/AQNUDbAf1Pmxz4MH6HPOPkGyLcnLZFnvS-q_1BMi7OfLa7r2E2XhKeCGf4m3JRAfLTN0TfpgQstZh7lKHas-yc-ozRoYj3he2cbnV7NxkvJxcg.mp4?_nc_cat=107&_nc_oc=Adq934eYML9p-UoQ6BXdAQxy6JB_6uE2NIadZSMtNNWEDbrh2-p4MpPCXfBLMV2TIw0&_nc_sid=b66105&_nc_ht=video.fbog2-5.fna.fbcdn.net&_nc_ohc=r1qkBOx3MeoQ7kNvwEw1Bf7&efg=eyJ2ZW5jb2RlX3RhZyI6Inhwdl9wcm9ncmVzc2l2ZS5WSV9VU0VDQVNFX1BST0RVQ1RfVFlQRS4uQzMuNzIwLmRhc2hfaDI2NC1iYXNpYy1nZW4yXzcyMHAiLCJ4cHZfYXNzZXRfaWQiOjEwMTIzNTI0NDgzMjkyNzUsImFzc2V0X2FnZV9kYXlzIjoyLCJ2aV91c2VjYXNlX2lkIjoxMDc5OSwiZHVyYXRpb25fcyI6NTMsInVybGdlbl9zb3VyY2UiOiJ3d3cifQ%3D%3D&ccb=17-1&vs=b66fdaa0ffb22239&_nc_vs=HBksFQIYRWZiX2VwaGVtZXJhbC9EQzQ1NzZGQjU5QTQ4RkZBOURFNERFQkQ4M0YxNTk5NV9tdF8xX3ZpZGVvX2Rhc2hpbml0Lm1wNBUAAsgBEgAVAhhAZmJfcGVybWFuZW50LzNDNEYwRTFGMDMwMjYyQzVGRDFERjc3RDk2OUM4MUE5X2F1ZGlvX2Rhc2hpbml0Lm1wNBUCAsgBEgAoABgAGwKIB3VzZV9vaWwBMRJwcm9ncmVzc2l2ZV9yZWNpcGUBMRUAACb22I_B1a7MAxUCKAJDMywXQEriDEm6XjUYGWRhc2hfaDI2NC1iYXNpYy1nZW4yXzcyMHARAHUAZd6oAQA&_nc_gid=KtQVI7K6zPbanCvmFitVew&_nc_ss=7f289&_nc_map=urlgen_bucketless&_nc_zt=28&oh=00_AQCL7zHFlJPd3VnRzFhbMGYoP-H8K90YdiyQ7bU5aiWdiQ&oe=6A633199,"['FACEBOOK', 'INSTAGRAM', 'AUDIENCE_NETWORK', 'MESSENGER', 'WHATSAPP', 'THREADS']",au,cw,facebook,social,2026-W29,2026-07,"FACEBOOK, INSTAGRAM, AUDIENCE_NETWORK, MESSENGER, WHATSAPP, THREADS",True,True,True,True,True,True,Brand/Category Page,True,False,False,2026-07-20,2026-07-17 07:00:00,2026-07-20 15:37:32.553203,3
2176581836456210,1063380732781139,True,2026-07-16 07:00:00,2026-07-19 07:00:00,Chemist Warehouse,Chemist Warehouse,Winter Hydration On-The-Go,Keep your skincare routine close with Sukin's travel-friendly hydration heroes.,Shop now,VIDEO,https://www.chemistwarehouse.com.au/shop-online/902/sukin?utm_source=facebook&utm_medium=social&utm_campaign=au_cw_oa_facebook_social_sukinaustraliaptyltd_sukin_665_jul26_100663-oa_video-image&utm_term=traffic&utm_content=video-image_,www.chemistwarehouse.com.au,/shop-online/902/sukin,facebook,social,au_cw_oa_facebook_social_sukinaustraliaptyltd_sukin_665_jul26_100663-oa_video-image,665,traffic,video-image_,O&O,Sukinaustraliaptyltd,Sukin,jul26,video-image,,,,,,"['FACEBOOK', 'INSTAGRAM', 'AUDIENCE_NETWORK', 'MESSENGER', 'WHATSAPP', 'THREADS']",au,cw,facebook,social,2026-W29,2026-07,"FACEBOOK, INSTAGRAM, AUDIENCE_NETWORK, MESSENGER, WHATSAPP, THREADS",True,True,True,True,True,True,Brand/Category Page,True,False,False,2026-07-20,2026-07-16 07:00:00,2026-07-20 15:37:32.553203,4
1329076829372567,1945078356207013,True,2026-07-16 07:00:00,2026-07-19 07:00:00,Chemist Warehouse,Chemist Warehouse,Restore Skin Overnight,Replenish moisture and support your skin barrier while you sleep.,Shop now,VIDEO,https://www.chemistwarehouse.com.au/shop-online/902/sukin?utm_source=facebook&utm_medium=social&utm_campaign=au_cw_oa_facebook_social_sukinaustraliaptyltd_sukin_665_jul26_100663-oa_video-image&utm_term=traffic&utm_content=video-image_,www.chemistwarehouse.com.au,/shop-online/902/sukin,facebook,social,au_cw_oa_facebook_social_sukinaustraliaptyltd_sukin_665_jul26_100663-oa_video-image,665,traffic,video-image_,O&O,Sukinaustraliaptyltd,Sukin,jul26,video-image,,,,,,"['FACEBOOK', 'INSTAGRAM', 'AUDIENCE_NETWORK', 'MESSENGER', 'WHATSAPP', 'THREADS']",au,cw,facebook,social,2026-W29,2026-07,"FACEBOOK, INSTAGRAM, AUDIENCE_NETWORK, MESSENGER, WHATSAPP, THREADS",True,True,True,True,True,True,Brand/Category Page,True,False,False,2026-07-20,2026-07-16 07:00:00,2026-07-20 15:37:32.553203,4
4454905424828770,1074696681513498,True,2026-07-16 07:00:00,2026-07-19 07:00:00,Chemist Warehouse,Chemist Warehouse,Shop Swisse today,Shop Swisse on Vitamins and supplements online at Chemist Warehouse and enjoy huge discounts across the range.,Shop now,VIDEO,https://fb.com/canvas_doc/1404258707626389,fb.com,/canvas_doc/1404258707626389,,,,,,,Not Specified,,,,,,,,,,"['FACEBOOK', 'INSTAGRAM', 'AUDIENCE_NETWORK', 'MESSENGER', 'THREADS']",,,,,2026-W29,2026-07,"FACEBOOK, INSTAGRAM, AUDIENCE_NETWORK, MESSENGER, THREADS",True,True,True,True,True,False,Internal/App Page,True,True,False,2026-07-20,2026-07-16 07:00:00,2026-07-20 15:37:32.553203,4
27167308646285405,1945078356207013,True,2026-07-17 07:00:00,2026-07-19 07:00:00,Chemist Warehouse,Chemist Warehouse,Restore Skin Overnight,Replenish moisture and support your skin barrier while you sleep.,Shop now,VIDEO,https://www.chemistwarehouse.com.au/shop-online/902/sukin?utm_source=facebook&utm_medium=social&utm_campaign=au_cw_oa_facebook_social_sukinaustraliaptyltd_sukin_665_jul26_100663-oa_video-image&utm_term=traffic&utm_content=video-image_,www.chemistwarehouse.com.au,/shop-online/902/sukin,facebook,social,au_cw_oa_facebook_social_sukinaustraliaptyltd_sukin_665_jul26_100663-oa_video-image,665,traffic,video-image_,O&O,Sukinaustraliaptyltd,Sukin,jul26,video-image,,,,,,"['FACEBOOK', 'INSTAGRAM', 'AUDIENCE_NETWORK', 'MESSENGER', 'WHATSAPP', 'THREADS']",au,cw,facebook,social,2026-W29,2026-07,"FACEBOOK, INSTAGRAM, AUDIENCE_NETWORK, MESSENGER, WHATSAPP, THREADS",True,True,True,True,True,True,Brand/Category Page,True,False,False,2026-07-20,2026-07-17 07:00:00,2026-07-20 15:37:32.553203,3
1336032355266165,2264025257781870,True,2026-07-16 07:00:00,2026-07-19 07:00:00,Chemist Warehouse,Chemist Warehouse,Shop Go Healthy at Chemist Warehouse,"GO Man Plus Performance from @gohealthyau contains five herbs including Tribulus, traditionally used in Ayurvedic medicine as an aphrodisiac to promote healthy libido & Horny Goat Weed, used in Traditional Chinese Medicine to support healthy sexual function. Plus Ginkgo, Korean Ginseng & Grape Seed. 

Expertly formulated to make this part of your health simple.

Available at Chemist Warehouse",Shop now,VIDEO,https://www.chemistwarehouse.com.au/shop-online/2997/go-healthy?utm_source=facebook&utm_medium=social&utm_campaign=au_cw_oa_facebook_social_thebetterhealthcompanyaustralia_gohealthy_81_jul26_100533-oa_video-image&utm_term=traffic&utm_content=video-image_,www.chemistwarehouse.com.au,/shop-online/2997/go-healthy,facebook,social,au_cw_oa_facebook_social_thebetterhealthcompanyaustralia_gohealthy_81_jul26_100533-oa_video-image,81,traffic,video-image_,O&O,Thebetterhealthcompanyaustralia,Gohealthy,jul26,video-image,,,,,,"['FACEBOOK', 'INSTAGRAM', 'AUDIENCE_NETWORK', 'MESSENGER', 'WHATSAPP', 'THREADS']",au,cw,facebook,social,2026-W29,2026-07,"FACEBOOK, INSTAGRAM, AUDIENCE_NETWORK, MESSENGER, WHATSAPP, THREADS",True,True,True,True,True,True,Brand/Category Page,True,True,False,2026-07-20,2026-07-16 07:00:00,2026-07-20 15:37:32.553203,4
956552160775741,2264025257781870,True,2026-07-16 07:00:00,2026-07-19 07:00:00,Chemist Warehouse,Chemist Warehouse,Shop Go Healthy at Chemist Warehouse,"GO Man Plus Performance from @gohealthyau contains five herbs including Tribulus, traditionally used in Ayurvedic medicine as an aphrodisiac to promote healthy libido & Horny Goat Weed, used in Traditional Chinese Medicine to support healthy sexual function. Plus Ginkgo, Korean Ginseng & Grape Seed. 

Expertly formulated to make this part of your health simple.

Available at Chemist Warehouse",Shop now,VIDEO,https://www.chemistwarehouse.com.au/shop-online/2997/go-healthy?utm_source=facebook&utm_medium=social&utm_campaign=au_cw_oa_facebook_social_thebetterhealthcompanyaustralia_gohealthy_81_jul26_100533-oa_video-image&utm_term=traffic&utm_content=video-image_,www.chemistwarehouse.com.au,/shop-online/2997/go-healthy,facebook,social,au_cw_oa_facebook_social_thebetterhealthcompanyaustralia_gohealthy_81_jul26_100533-oa_video-image,81,traffic,video-image_,O&O,Thebetterhealthcompanyaustralia,Gohealthy,jul26,video-image,,,,,,"['FACEBOOK', 'INSTAGRAM', 'AUDIENCE_NETWORK', 'MESSENGER', 'WHATSAPP', 'THREADS']",au,cw,facebook,social,2026-W29,2026-07,"FACEBOOK, INSTAGRAM, AUDIENCE_NETWORK, MESSENGER, WHATSAPP, THREADS",True,True,True,True,True,True,Brand/Category Page,True,True,False,2026-07-20,2026-07-16 07:00:00,2026-07-20 15:37:32.553203,4
1597031771850062,,True,2026-07-15 07:00:00,2026-07-19 07:00:00,Chemist Warehouse,Chemist Warehouse,Shop Braun now at Chemist Warehouse!,"When it comes to fever, accuracy really matters. Try Braun Thermoscan 7+",Shop now,IMAGE,https://www.chemistwarehouse.com.au/buy/133924/braun-thermoscan-7-ear-thermometer,www.chemistwarehouse.com.au,/buy/133924/braun-thermoscan-7-ear-thermometer,,,,,,,Not Specified,,,,,,,,,,"['FACEBOOK', 'INSTAGRAM', 'THREADS']",,,,,2026-W29,2026-07,"FACEBOOK, INSTAGRAM, THREADS",True,True,False,False,True,False,SKU Product,True,True,False,2026-07-20,2026-07-15 07:00:00,2026-07-20 15:37:32.553203,5
1065394282814944,37170417995937462,True,2026-07-16 07:00:00,2026-07-19 07:00:00,Chemist Warehouse,Chemist Warehouse,Shop Go Healthy at Chemist Warehouse,Don’t forget to look after yourself fellas! Shop @gohealthyau at Chemist Warehouse.,Shop now,VIDEO,https://www.chemistwarehouse.com.au/shop-online/2997/go-healthy?utm_source=facebook&utm_medium=social&utm_campaign=au_cw_oa_facebook_social_thebetterhealthcompanyaustralia_gohealthy_81_jul26_100533-oa_video-image&utm_term=traffic&utm_content=video-image_,www.chemistwarehouse.com.au,/shop-online/2997/go-healthy,facebook,social,au_cw_oa_facebook_social_thebetterhealthcompanyaustralia_gohealthy_81_jul26_100533-oa_video-image,81,traffic,video-image_,O&O,Thebetterhealthcompanyaustralia,Gohealthy,jul26,video-image,,,,,,"['FACEBOOK', 'INSTAGRAM', 'AUDIENCE_NETWORK', 'MESSENGER', 'WHATSAPP', 'THREADS']",au,cw,facebook,social,2026-W29,2026-07,"FACEBOOK, INSTAGRAM, AUDIENCE_NETWORK, MESSENGER, WHATSAPP, THREADS",True,True,True,True,True,True,Brand/Category Page,True,True,False,2026-07-20,2026-07-16 07:00:00,2026-07-20 15:37:32.553203,4
28524771530444771,1448085840413678,True,2026-07-16 07:00:00,2026-07-19 07:00:00,Chemist Warehouse,Chemist Warehouse,Shop at Chemist Warehouse.,Shop Thursday Plantation Deodorant at Chemist Warehouse.,Shop now,VIDEO,https://www.chemistwarehouse.com.au/shop-online/1071/thursday-plantation?category=Deodorant&utm_source=facebook&utm_medium=social&utm_campaign=au_cw_oa_facebook_social_homartwellnessaustptyltd_thursdayplantation_259_jul26_100670-oa_video-image&utm_term=traffic&utm_content=video-image_,www.chemistwarehouse.com.au,/shop-online/1071/thursday-plantation,facebook,social,au_cw_oa_facebook_social_homartwellnessaustptyltd_thursdayplantation_259_jul26_100670-oa_video-image,259,traffic,video-image_,O&O,Homartwellnessaustptyltd,Thursdayplantation,jul26,video-image,,,,,,"['FACEBOOK', 'INSTAGRAM', 'AUDIENCE_NETWORK', 'MESSENGER', 'WHATSAPP', 'THREADS']",au,cw,facebook,social,2026-W29,2026-07,"FACEBOOK, INSTAGRAM, AUDIENCE_NETWORK, MESSENGER, WHATSAPP, THREADS",True,True,True,True,True,True,Brand/Category Page,True,True,False,2026-07-20,2026-07-16 07:00:00,2026-07-20 15:37:32.553203,4
1040887695193312,2471082253304847,True,2026-07-15 07:00:00,2026-07-19 07:00:00,Chemist Warehouse,Chemist Warehouse,Shop Dr Scholl's now at Chemist Warehouse!,"Specially designed to improve the appearance of nails, even damaged ones.",Shop now,IMAGE,https://www.chemistwarehouse.com.au/buy/151937/scholl-nail-revitaliser-serum-43-2g,www.chemistwarehouse.com.au,/buy/151937/scholl-nail-revitaliser-serum-43-2g,,,,,,,Not Specified,,,,,,,,,,"['FACEBOOK', 'INSTAGRAM', 'THREADS']",,,,,2026-W29,2026-07,"FACEBOOK, INSTAGRAM, THREADS",True,True,False,False,True,False,SKU Product,True,True,False,2026-07-20,2026-07-15 07:00:00,2026-07-20 15:37:32.553203,5
1396548555724316,1967385330585851,True,2026-07-15 07:00:00,2026-07-19 07:00:00,Chemist Warehouse,Chemist Warehouse,Shop Palmolive now at Chemist Warehouse!,Indulge in the sweet warmth of salted caramel & pistachio with this body wash.,Shop now,IMAGE,https://www.chemistwarehouse.com.au/buy/167518/palmolive-luminous-oils-body-wash-salted-caramel-pistachio-750ml,www.chemistwarehouse.com.au,/buy/167518/palmolive-luminous-oils-body-wash-salted-caramel-pistachio-750ml,,,,,,,Not Specified,,,,,,,,,,"['FACEBOOK', 'INSTAGRAM', 'THREADS']",,,,,2026-W29,2026-07,"FACEBOOK, INSTAGRAM, THREADS",True,True,False,False,True,False,SKU Product,True,True,False,2026-07-20,2026-07-15 07:00:00,2026-07-20 15:37:32.553203,5
1563207031949814,1504794064203442,True,2026-07-15 07:00:00,2026-07-19 07:00:00,Chemist Warehouse,Chemist Warehouse,Shop Relpax Migraine now at Chemist Warehouse!,"It contains the active ingredient eletriptan, which can relieve migraine pain",Shop now,IMAGE,https://www.chemistwarehouse.com.au/buy/122924/relpax-migraine-40mg-tablets-2-eletriptan-s3,www.chemistwarehouse.com.au,/buy/122924/relpax-migraine-40mg-tablets-2-eletriptan-s3,,,,,,,Not Specified,,,,,,,,,,"['FACEBOOK', 'INSTAGRAM', 'THREADS']",,,,,2026-W29,2026-07,"FACEBOOK, INSTAGRAM, THREADS",True,True,False,False,True,False,SKU Product,True,True,False,2026-07-20,2026-07-15 07:00:00,2026-07-20 15:37:32.553203,5
999843316187032,,True,2026-07-15 07:00:00,2026-07-19 07:00:00,Chemist Warehouse,Chemist Warehouse,Shop Vichy now at Chemist Warehouse!,The new Vichy LiftActiv Collagen Specialist 16 Serum is a serious multitasker.,Shop now,IMAGE,https://www.chemistwarehouse.com.au/buy/165169/vichy-liftactiv-collagen-specialist-16-bonding-serum-30ml,www.chemistwarehouse.com.au,/buy/165169/vichy-liftactiv-collagen-specialist-16-bonding-serum-30ml,,,,,,,Not Specified,,,,,,,,,,"['FACEBOOK', 'INSTAGRAM', 'THREADS']",,,,,2026-W29,2026-07,"FACEBOOK, INSTAGRAM, THREADS",True,True,False,False,True,False,SKU Product,True,True,False,2026-07-20,2026-07-15 07:00:00,2026-07-20 15:37:32.553203,5
1035047542460870,2908224472844941,True,2026-07-15 07:00:00,2026-07-19 07:00:00,Chemist Warehouse,Chemist Warehouse,Shop CeraQuin now at Chemist Warehouse!,"Hydrating, gentle and enriched with 5 ceramides for fresh-looking skin.",Shop now,IMAGE,https://www.chemistwarehouse.com.au/buy/151111/ceraquin-hydrating-cleansing-gel-with-salicylic-acid-aloe-vera-500ml,www.chemistwarehouse.com.au,/buy/151111/ceraquin-hydrating-cleansing-gel-with-salicylic-acid-aloe-vera-500ml,,,,,,,Not Specified,,,,,,,,,,"['FACEBOOK', 'INSTAGRAM', 'THREADS']",,,,,2026-W29,2026-07,"FACEBOOK, INSTAGRAM, THREADS",True,True,False,False,True,False,SKU Product,True,True,False,2026-07-20,2026-07-15 07:00:00,2026-07-20 15:37:32.553203,5
1342358927466282,,True,2026-07-15 07:00:00,2026-07-19 07:00:00,Chemist Warehouse,Chemist Warehouse,Shop Hot Hands Cura Heat now at Chemist Warehouse!,The patches provides deep soothing heat to relieve muscle tension to your day.,Shop now,IMAGE,https://www.chemistwarehouse.com.au/buy/150040/hot-hands-cura-heat-neck-and-shoulder-pain-patch-3-pack-exclusive,www.chemistwarehouse.com.au,/buy/150040/hot-hands-cura-heat-neck-and-shoulder-pain-patch-3-pack-exclusive,,,,,,,Not Specified,,,,,,,,,,"['FACEBOOK', 'INSTAGRAM', 'THREADS']",,,,,2026-W29,2026-07,"FACEBOOK, INSTAGRAM, THREADS",True,True,False,False,True,False,SKU Product,True,True,False,2026-07-20,2026-07-15 07:00:00,2026-07-20 15:37:32.553203,5
2157404951825111,2414165319061351,True,2026-07-15 07:00:00,2026-07-19 07:00:00,Chemist Warehouse,Chemist Warehouse,Shop Swisse now at Chemist Warehouse!,Just one a day supports immune system health.,Shop now,IMAGE,https://www.chemistwarehouse.com.au/buy/99504/swisse-immune-action-60-tablets,www.chemistwarehouse.com.au,/buy/99504/swisse-immune-action-60-tablets,,,,,,,Not Specified,,,,,,,,,,"['FACEBOOK', 'INSTAGRAM', 'THREADS']",,,,,2026-W29,2026-07,"FACEBOOK, INSTAGRAM, THREADS",True,True,False,False,True,False,SKU Product,True,True,False,2026-07-20,2026-07-15 07:00:00,2026-07-20 15:37:32.553203,5
1745408053310807,1063380732781139,True,2026-07-16 07:00:00,2026-07-19 07:00:00,Chemist Warehouse,Chemist Warehouse,Winter Hydration On-The-Go,Keep your skincare routine close with Sukin's travel-friendly hydration heroes.,Shop now,VIDEO,https://www.chemistwarehouse.com.au/shop-online/902/sukin?utm_source=facebook&utm_medium=social&utm_campaign=au_cw_oa_facebook_social_sukinaustraliaptyltd_sukin_665_jul26_100663-oa_video-image&utm_term=traffic&utm_content=video-image_,www.chemistwarehouse.com.au,/shop-online/902/sukin,facebook,social,au_cw_oa_facebook_social_sukinaustraliaptyltd_sukin_665_jul26_100663-oa_video-image,665,traffic,video-image_,O&O,Sukinaustraliaptyltd,Sukin,jul26,video-image,,,,,,"['FACEBOOK', 'INSTAGRAM', 'AUDIENCE_NETWORK', 'MESSENGER', 'WHATSAPP', 'THREADS']",au,cw,facebook,social,2026-W29,2026-07,"FACEBOOK, INSTAGRAM, AUDIENCE_NETWORK, MESSENGER, WHATSAPP, THREADS",True,True,True,True,True,True,Brand/Category Page,True,False,False,2026-07-20,2026-07-16 07:00:00,2026-07-20 15:37:32.553203,4
1331128115761619,4671919839800086,True,2026-07-15 07:00:00,2026-07-19 07:00:00,Chemist Warehouse,Chemist Warehouse,{{product.name}},{{product.brand}},Shop now,DCO,https://www.chemistwarehouse.com.au/shop-online/573/banana-boat?utm_source=facebook&utm_medium=social&utm_campaign=au_cw_coop_facebook_social_edgewellpersonalcare_bananaboat_209_2026_bau_dynamic&utm_term=traffic&utm_content=dynamic_brand,www.chemistwarehouse.com.au,/shop-online/573/banana-boat,facebook,social,au_cw_coop_facebook_social_edgewellpersonalcare_bananaboat_209_2026_bau_dynamic,209,traffic,dynamic_brand,Coop,Edgewellpersonalcare,Bananaboat,2026,dynamic,Your Everday Matte SPF,Oil-absorbing SPF 50+ with a lightweight matte finish you'll actually want to wear daily.,Shop Now,,https://video-ams2-1.xx.fbcdn.net/o1/v/t2/f2/m366/AQP3RuGzoNVcVeSbUsagvWxBE5E80iBxXeGHKlxl3dF2f1P9w6bH0iHWtoM8gzEdlgATw8SNkHviWBf46s9gRvIjIH2Cc01Av_1Ah8UuWUyQlA.mp4?_nc_cat=109&_nc_sid=b66105&_nc_ht=video-ams2-1.xx.fbcdn.net&_nc_ohc=qQKZpIrVjz0Q7kNvwH5KbKe&efg=eyJ2ZW5jb2RlX3RhZyI6Inhwdl9wcm9ncmVzc2l2ZS5WSV9VU0VDQVNFX1BST0RVQ1RfVFlQRS4uQzMuNDA0LmRhc2hfaDI2NC1iYXNpYy1nZW4yXzcyMHAiLCJ4cHZfYXNzZXRfaWQiOjIxOTUyMzA3MjEyNTkwNTksImFzc2V0X2FnZV9kYXlzIjo0LCJ2aV91c2VjYXNlX2lkIjoxMDc5OSwiZHVyYXRpb25fcyI6MTksInVybGdlbl9zb3VyY2UiOiJ3d3cifQ%3D%3D&ccb=17-1&vs=77bde4c5a280ebb1&_nc_vs=HBksFQIYRWZiX2VwaGVtZXJhbC9DQzQyQ0RDMDQ2RUZGQkIzNkUzMkE5MEYxMzBFNkNBMF9tdF8xX3ZpZGVvX2Rhc2hpbml0Lm1wNBUAAsgBEgAVAhhAZmJfcGVybWFuZW50LzBDNDAzOTQ2OTdGQkNCMjJDRTlEM0E4QUUzNjNDMzg3X2F1ZGlvX2Rhc2hpbml0Lm1wNBUCAsgBEgAoABgAGwKIB3VzZV9vaWwBMRJwcm9ncmVzc2l2ZV9yZWNpcGUBMRUAACbm2Lm1n6PmBxUCKAJDMywXQDPMzMzMzM0YGWRhc2hfaDI2NC1iYXNpYy1nZW4yXzcyMHARAHUAZd6oAQA&_nc_gid=EwyClO76JN45Xa1fCwxV4Q&_nc_ss=7f180&_nc_zt=28&oh=00_AQDV8F1U-XozsENl8n0Sujn1p0jCAgPTnVEXMMtEtrxWlg&oe=6A6335F7,"['FACEBOOK', 'INSTAGRAM', 'AUDIENCE_NETWORK', 'MESSENGER', 'WHATSAPP', 'THREADS']",au,cw,facebook,social,2026-W29,2026-07,"FACEBOOK, INSTAGRAM, AUDIENCE_NETWORK, MESSENGER, WHATSAPP, THREADS",True,True,True,True,True,True,Brand/Category Page,True,False,False,2026-07-20,2026-07-15 07:00:00,2026-07-20 15:37:32.553203,5
1934664427223826,1029531209775675,True,2026-07-15 07:00:00,2026-07-19 07:00:00,Chemist Warehouse,Chemist Warehouse,Shop Nizoral now at Chemist Warehouse!,"Nizoral treats the root cause of dandruff, helping you better control symptoms.",Shop now,IMAGE,https://www.chemistwarehouse.com.au/buy/166980/nizoral-2-anti-dandruff-treatment-200ml,www.chemistwarehouse.com.au,/buy/166980/nizoral-2-anti-dandruff-treatment-200ml,,,,,,,Not Specified,,,,,,,,,,"['FACEBOOK', 'INSTAGRAM', 'THREADS']",,,,,2026-W29,2026-07,"FACEBOOK, INSTAGRAM, THREADS",True,True,False,False,True,False,SKU Product,True,True,False,2026-07-20,2026-07-15 07:00:00,2026-07-20 15:37:32.553203,5
1392289922804332,1691607935404649,True,2026-07-15 07:00:00,2026-07-19 07:00:00,Chemist Warehouse,Chemist Warehouse,{{product.name}},{{product.brand}},Shop now,DCO,https://www.chemistwarehouse.com.au/shop-online/1951/clearblue-pregnancy-tests?&utm_source=facebook&utm_medium=social&utm_campaign=au_cw_coop_facebook_social_proctergambleaustralia_clearblue_20_2026_100078-bau_video-image&utm_term=traffic&utm_content=video-image_all,www.chemistwarehouse.com.au,/shop-online/1951/clearblue-pregnancy-tests,facebook,social,au_cw_coop_facebook_social_proctergambleaustralia_clearblue_20_2026_100078-bau_video-image,20,traffic,video-image_all,Coop,Proctergambleaustralia,Clearblue,2026,video-image,Clearblue Ovulation Tests,Trying for a Baby? Identify Your Most Fertile Days With Accuracy,Shop Now,,https://video-ams2-1.xx.fbcdn.net/o1/v/t2/f2/m366/AQNLUCaUcYj8U051ZaVZ65TSZurjkyFmp3UlLUGgGb9aBqiTOe6Gfe2DQzRUcDcgFPTWKB5T2JSeIIKu0qp_G672Kpx1_jsxR-eyBcVoUtT1Og.mp4?_nc_cat=104&_nc_sid=b66105&_nc_ht=video-ams2-1.xx.fbcdn.net&_nc_ohc=VkKln1ZFbYAQ7kNvwET4vPV&efg=eyJ2ZW5jb2RlX3RhZyI6Inhwdl9wcm9ncmVzc2l2ZS5WSV9VU0VDQVNFX1BST0RVQ1RfVFlQRS4uQzMuNzIwLmRhc2hfaDI2NC1iYXNpYy1nZW4yXzcyMHAiLCJ4cHZfYXNzZXRfaWQiOjE1NzYwNjY0NTA4NDE5NjEsImFzc2V0X2FnZV9kYXlzIjo0LCJ2aV91c2VjYXNlX2lkIjoxMDc5OSwiZHVyYXRpb25fcyI6MTUsInVybGdlbl9zb3VyY2UiOiJ3d3cifQ%3D%3D&ccb=17-1&vs=f2ebc3cc13190cce&_nc_vs=HBksFQIYRWZiX2VwaGVtZXJhbC80QTQ1MzI5NEZBQjExQ0IwNDg4QTUzNTU3MkRGMzE5Rl9tdF8xX3ZpZGVvX2Rhc2hpbml0Lm1wNBUAAsgBEgAVAhhAZmJfcGVybWFuZW50L0EzNDA5OTQ1QzE4NDg1OUI3MTBCNzgzQ0JDQjc3RkE3X2F1ZGlvX2Rhc2hpbml0Lm1wNBUCAsgBEgAoABgAGwKIB3VzZV9vaWwBMRJwcm9ncmVzc2l2ZV9yZWNpcGUBMRUAACbShY-PktvMBRUCKAJDMywXQC4AAAAAAAAYGWRhc2hfaDI2NC1iYXNpYy1nZW4yXzcyMHARAHUAZd6oAQA&_nc_gid=EwyClO76JN45Xa1fCwxV4Q&_nc_ss=7f180&_nc_zt=28&oh=00_AQBZ_dZqaoAPzWIrkrzX3WOPo9YijofgtkwHfMRnQh_FOQ&oe=6A632BA8,"['FACEBOOK', 'INSTAGRAM', 'AUDIENCE_NETWORK', 'MESSENGER', 'WHATSAPP', 'THREADS']",au,cw,facebook,social,2026-W29,2026-07,"FACEBOOK, INSTAGRAM, AUDIENCE_NETWORK, MESSENGER, WHATSAPP, THREADS",True,True,True,True,True,True,Brand/Category Page,True,False,False,2026-07-20,2026-07-15 07:00:00,2026-07-20 15:37:32.553203,5
2125770014955213,1055357550295562,True,2026-07-15 07:00:00,2026-07-19 07:00:00,Chemist Warehouse,Chemist Warehouse,Shop U by Kotex,Shop the new U by Kotex Ultrathins with GravityTech. 40% off RRP now at Chemist Warehouse.,See details,VIDEO,https://www.chemistwarehouse.com.au/shop-online/1115/u-by-kotex?utm_source=facebook&utm_medium=social&utm_campaign=au_cw_oa_facebook_social_kimberlyclarkaustralia_ubykotex_259_2026_100611-oa_video-image&utm_term=traffic&utm_content=video-image_all,www.chemistwarehouse.com.au,/shop-online/1115/u-by-kotex,facebook,social,au_cw_oa_facebook_social_kimberlyclarkaustralia_ubykotex_259_2026_100611-oa_video-image,259,traffic,video-image_all,O&O,Kimberlyclarkaustralia,Ubykotex,2026,video-image,,,,,,"['FACEBOOK', 'INSTAGRAM', 'AUDIENCE_NETWORK', 'MESSENGER', 'WHATSAPP', 'THREADS']",au,cw,facebook,social,2026-W29,2026-07,"FACEBOOK, INSTAGRAM, AUDIENCE_NETWORK, MESSENGER, WHATSAPP, THREADS",True,True,True,True,True,True,Brand/Category Page,True,True,False,2026-07-20,2026-07-15 07:00:00,2026-07-20 15:37:32.553203,5
1810017756645350,37170417995937462,True,2026-07-16 07:00:00,2026-07-18 07:00:00,Chemist Warehouse,Chemist Warehouse,Shop Go Healthy at Chemist Warehouse,Don’t forget to look after yourself fellas! Shop @gohealthyau at Chemist Warehouse.,Shop now,VIDEO,https://www.chemistwarehouse.com.au/shop-online/2997/go-healthy?utm_source=facebook&utm_medium=social&utm_campaign=au_cw_oa_facebook_social_thebetterhealthcompanyaustralia_gohealthy_81_jul26_100533-oa_video-image&utm_term=traffic&utm_content=video-image_,www.chemistwarehouse.com.au,/shop-online/2997/go-healthy,facebook,social,au_cw_oa_facebook_social_thebetterhealthcompanyaustralia_gohealthy_81_jul26_100533-oa_video-image,81,traffic,video-image_,O&O,Thebetterhealthcompanyaustralia,Gohealthy,jul26,video-image,,,,,,"['FACEBOOK', 'INSTAGRAM', 'AUDIENCE_NETWORK', 'MESSENGER', 'WHATSAPP', 'THREADS']",au,cw,facebook,social,2026-W29,2026-07,"FACEBOOK, INSTAGRAM, AUDIENCE_NETWORK, MESSENGER, WHATSAPP, THREADS",True,True,True,True,True,True,Brand/Category Page,True,True,False,2026-07-20,2026-07-16 07:00:00,2026-07-20 15:37:32.553203,4
1331565192441091,1338011748505755,True,2026-07-15 07:00:00,2026-07-19 07:00:00,Chemist Warehouse,Chemist Warehouse,{{product.name}},{{product.brand}},Shop now,DCO,https://www.chemistwarehouse.com.au/shop-online/1951/clearblue-pregnancy-tests?&utm_source=facebook&utm_medium=social&utm_campaign=au_cw_coop_facebook_social_proctergambleaustralia_clearblue_20_2026_100078-bau_video-image&utm_term=traffic&utm_content=video-image_all,www.chemistwarehouse.com.au,/shop-online/1951/clearblue-pregnancy-tests,facebook,social,au_cw_coop_facebook_social_proctergambleaustralia_clearblue_20_2026_100078-bau_video-image,20,traffic,video-image_all,Coop,Proctergambleaustralia,Clearblue,2026,video-image,Clearblue Ovulation Tests,Trying for a Baby? Identify Your Most Fertile Days With Accuracy,Shop Now,https://scontent-ams2-1.xx.fbcdn.net/v/t39.35426-6/748704848_2088568768706582_5135564670848549281_n.jpg?_nc_cat=100&ccb=1-7&_nc_sid=c53f8f&_nc_ohc=l7NLwMxB3eYQ7kNvwFsMTT1&_nc_oc=AdrP3GBRBmZyDJc1koRicRkWwK4Qd7F4YuszYa1aq9AEnFtuJ0IjkoV0PcUb1-p4irk&_nc_zt=14&_nc_ht=scontent-ams2-1.xx&_nc_gid=EwyClO76JN45Xa1fCwxV4Q&_nc_ss=7f180&oh=00_AQCOeSp78H0uYG4362QEeuJNXJlbRcbp_aZlmdGR4dkxfQ&oe=6A63186A,,"['FACEBOOK', 'INSTAGRAM', 'AUDIENCE_NETWORK', 'MESSENGER', 'WHATSAPP', 'THREADS']",au,cw,facebook,social,2026-W29,2026-07,"FACEBOOK, INSTAGRAM, AUDIENCE_NETWORK, MESSENGER, WHATSAPP, THREADS",True,True,True,True,True,True,Brand/Category Page,True,False,False,2026-07-20,2026-07-15 07:00:00,2026-07-20 15:37:32.553203,5
1472933697925652,,True,2026-07-15 07:00:00,2026-07-19 07:00:00,Chemist Warehouse,Chemist Warehouse,Oral-B 3D White Range,Brighten your smile with Oral-B 3D White removes tough surface stains for a brighter smile. Shop now at Chemist Warehouse.,Shop now,IMAGE,https://fb.com/canvas_doc/1370530718360648,fb.com,/canvas_doc/1370530718360648,,,,,,,Not Specified,,,,,,,,,,"['FACEBOOK', 'INSTAGRAM', 'AUDIENCE_NETWORK', 'MESSENGER', 'THREADS']",,,,,2026-W29,2026-07,"FACEBOOK, INSTAGRAM, AUDIENCE_NETWORK, MESSENGER, THREADS",True,True,True,True,True,False,Internal/App Page,True,True,False,2026-07-20,2026-07-15 07:00:00,2026-07-20 15:37:32.553203,5
1335516428788623,,True,2026-07-15 07:00:00,2026-07-17 07:00:00,Chemist Warehouse,Chemist Warehouse,Oral-B 3D White Range,Three Step routine for visibly whiter teeth with Oral-B. Shop now at Chemist Warehouse!,Shop now,IMAGE,https://fb.com/canvas_doc/2503652266742649,fb.com,/canvas_doc/2503652266742649,,,,,,,Not Specified,,,,,,,,,,"['FACEBOOK', 'INSTAGRAM', 'AUDIENCE_NETWORK', 'MESSENGER', 'THREADS']",,,,,2026-W29,2026-07,"FACEBOOK, INSTAGRAM, AUDIENCE_NETWORK, MESSENGER, THREADS",True,True,True,True,True,False,Internal/App Page,True,True,False,2026-07-20,2026-07-15 07:00:00,2026-07-20 15:37:32.553203,5
2507653283009999,,True,2026-07-15 07:00:00,2026-07-17 07:00:00,Chemist Warehouse,Chemist Warehouse,Oral-B 3D White Range,Brighten your smile with Oral-B 3D White removes tough surface stains for a brighter smile. Shop now at Chemist Warehouse.,Shop now,IMAGE,https://fb.com/canvas_doc/27206958465665982,fb.com,/canvas_doc/27206958465665982,,,,,,,Not Specified,,,,,,,,,,"['FACEBOOK', 'INSTAGRAM', 'AUDIENCE_NETWORK', 'MESSENGER', 'THREADS']",,,,,2026-W29,2026-07,"FACEBOOK, INSTAGRAM, AUDIENCE_NETWORK, MESSENGER, THREADS",True,True,True,True,True,False,Internal/App Page,True,True,False,2026-07-20,2026-07-15 07:00:00,2026-07-20 15:37:32.553203,5
1963370034369695,1287833606760239,True,2026-07-14 07:00:00,2026-07-19 07:00:00,Chemist Warehouse,Chemist Warehouse,Pantene Miracles Bond Repair,"Repair up to 3 years of damage from first use, 1/2 price off RRP now at Chemist Warehouse",Shop now,VIDEO,https://www.chemistwarehouse.com.au/shop-online/863/pantene?utm_source=facebook&utm_medium=social&utm_campaign=au_cw_oa_facebook_social_proctergambleaustralia_pantene_129_2026_100587-oa_video-image&utm_term=traffic&utm_content=video-image_all,www.chemistwarehouse.com.au,/shop-online/863/pantene,facebook,social,au_cw_oa_facebook_social_proctergambleaustralia_pantene_129_2026_100587-oa_video-image,129,traffic,video-image_all,O&O,Proctergambleaustralia,Pantene,2026,video-image,,,,,,"['FACEBOOK', 'INSTAGRAM', 'AUDIENCE_NETWORK', 'MESSENGER', 'WHATSAPP', 'THREADS']",au,cw,facebook,social,2026-W29,2026-07,"FACEBOOK, INSTAGRAM, AUDIENCE_NETWORK, MESSENGER, WHATSAPP, THREADS",True,True,True,True,True,True,Brand/Category Page,True,True,True,2026-07-20,2026-07-14 07:00:00,2026-07-20 15:37:32.553203,6
2288015075332025,1571742097906471,True,2026-07-15 07:00:00,2026-07-19 07:00:00,Chemist Warehouse,Chemist Warehouse,Oral-B 3D White Range,Three Step routine for visibly whiter teeth with Oral-B. Shop now at Chemist Warehouse!,Shop now,VIDEO,https://www.chemistwarehouse.com.au/shop-online/705405/oral-b?utm_source=facebook&utm_medium=social&utm_campaign=au_cw_oa_facebook_social_proctergambleaustralia_oralb_159_2026_100583-oa_video-image&utm_term=traffic&utm_content=video-image_all,www.chemistwarehouse.com.au,/shop-online/705405/oral-b,facebook,social,au_cw_oa_facebook_social_proctergambleaustralia_oralb_159_2026_100583-oa_video-image,159,traffic,video-image_all,O&O,Proctergambleaustralia,Oralb,2026,video-image,,,,,,"['FACEBOOK', 'INSTAGRAM', 'AUDIENCE_NETWORK', 'MESSENGER', 'WHATSAPP', 'THREADS']",au,cw,facebook,social,2026-W29,2026-07,"FACEBOOK, INSTAGRAM, AUDIENCE_NETWORK, MESSENGER, WHATSAPP, THREADS",True,True,True,True,True,True,Brand/Category Page,True,True,False,2026-07-20,2026-07-15 07:00:00,2026-07-20 15:37:32.553203,5
2473806629792696,1287833606760239,True,2026-07-14 07:00:00,2026-07-19 07:00:00,Chemist Warehouse,Chemist Warehouse,Pantene Miracles Bond Repair,"Repair up to 3 years of damage from first use, 1/2 price off RRP now at Chemist Warehouse",Shop now,VIDEO,https://www.chemistwarehouse.com.au/shop-online/863/pantene?utm_source=facebook&utm_medium=social&utm_campaign=au_cw_oa_facebook_social_proctergambleaustralia_pantene_129_2026_100587-oa_video-image&utm_term=traffic&utm_content=video-image_all,www.chemistwarehouse.com.au,/shop-online/863/pantene,facebook,social,au_cw_oa_facebook_social_proctergambleaustralia_pantene_129_2026_100587-oa_video-image,129,traffic,video-image_all,O&O,Proctergambleaustralia,Pantene,2026,video-image,,,,,,"['FACEBOOK', 'INSTAGRAM', 'AUDIENCE_NETWORK', 'MESSENGER', 'WHATSAPP', 'THREADS']",au,cw,facebook,social,2026-W29,2026-07,"FACEBOOK, INSTAGRAM, AUDIENCE_NETWORK, MESSENGER, WHATSAPP, THREADS",True,True,True,True,True,True,Brand/Category Page,True,True,True,2026-07-20,2026-07-14 07:00:00,2026-07-20 15:37:32.553203,6
1621115592914417,1508924823853014,True,2026-07-15 07:00:00,2026-07-19 07:00:00,Chemist Warehouse,Chemist Warehouse,NEW METAMUCIL FIBRE THINS,Get your daily fibre the easy way with delicious NEW Metamucil Fibre Thins on the go now!,See details,VIDEO,https://www.chemistwarehouse.com.au/shop-online/1272/metamucil?utm_source=facebook&utm_medium=social&utm_campaign=au_cw_oa_facebook_social_proctergambleaustralia_metamucil_81_2026_100539-oa_video-image&utm_term=traffic&utm_content=video-image_all,www.chemistwarehouse.com.au,/shop-online/1272/metamucil,facebook,social,au_cw_oa_facebook_social_proctergambleaustralia_metamucil_81_2026_100539-oa_video-image,81,traffic,video-image_all,O&O,Proctergambleaustralia,Metamucil,2026,video-image,,,,,,"['FACEBOOK', 'INSTAGRAM', 'AUDIENCE_NETWORK', 'MESSENGER', 'WHATSAPP', 'THREADS']",au,cw,facebook,social,2026-W29,2026-07,"FACEBOOK, INSTAGRAM, AUDIENCE_NETWORK, MESSENGER, WHATSAPP, THREADS",True,True,True,True,True,True,Brand/Category Page,True,False,False,2026-07-20,2026-07-15 07:00:00,2026-07-20 15:37:32.553203,5
1536477531610157,,True,2026-07-15 07:00:00,2026-07-17 07:00:00,Chemist Warehouse,Chemist Warehouse,Oral-B 3D White Range,Visibly Whiter Teeth in 1 Day with Oral-B! Removes tough surface stains for a brighter smile. Shop now at Chemist Warehouse.,Shop now,IMAGE,https://fb.com/canvas_doc/1737663727265517,fb.com,/canvas_doc/1737663727265517,,,,,,,Not Specified,,,,,,,,,,"['FACEBOOK', 'INSTAGRAM', 'AUDIENCE_NETWORK', 'MESSENGER', 'THREADS']",,,,,2026-W29,2026-07,"FACEBOOK, INSTAGRAM, AUDIENCE_NETWORK, MESSENGER, THREADS",True,True,True,True,True,False,Internal/App Page,True,True,False,2026-07-20,2026-07-15 07:00:00,2026-07-20 15:37:32.553203,5
1947928849222517,,True,2026-07-14 07:00:00,2026-07-19 07:00:00,Chemist Warehouse,Chemist Warehouse,Chemist Warehouse,Shop Rimmel’s viral Brownie Pie range now at Chemist Warehouse,Shop now,DPA,https://www.chemistwarehouse.com.au/shop-online/rimmel-brownie-pie?utm_source=facebook&utm_medium=social&utm_campaign=au_cw_oa_facebook_social_cotyconsumerbeauty_rimmel_648_2026_bau_dynamic&utm_term=conversion&utm_content=dynamic_brand,www.chemistwarehouse.com.au,/shop-online/rimmel-brownie-pie,facebook,social,au_cw_oa_facebook_social_cotyconsumerbeauty_rimmel_648_2026_bau_dynamic,648,conversion,dynamic_brand,O&O,Cotyconsumerbeauty,Rimmel,2026,dynamic,Chemist Warehouse,Shop Rimmel’s viral Brownie Pie range now at Chemist Warehouse,Shop Now,https://scontent-ams2-1.xx.fbcdn.net/v/t39.35426-6/748678459_1919988678698515_3683889223489698913_n.jpg?_nc_cat=100&ccb=1-7&_nc_sid=c53f8f&_nc_ohc=a9yl9FK504sQ7kNvwGT3Zg0&_nc_oc=Adqy1LQ3UluZ8B844nv5clpPT3m8XmAH82j8zvOFsb4h9ZBPUiUECpTR8EL4ejnSv84&_nc_zt=14&_nc_ht=scontent-ams2-1.xx&_nc_gid=EwyClO76JN45Xa1fCwxV4Q&_nc_ss=7f180&oh=00_AQA_A28KeTthEvJNgU6fdHhtrwV4WwVI3E87PoVxlgX1yg&oe=6A633169,,"['FACEBOOK', 'INSTAGRAM', 'AUDIENCE_NETWORK', 'MESSENGER', 'THREADS']",au,cw,facebook,social,2026-W29,2026-07,"FACEBOOK, INSTAGRAM, AUDIENCE_NETWORK, MESSENGER, THREADS",True,True,True,True,True,False,Brand/Category Page,True,True,False,2026-07-20,2026-07-14 07:00:00,2026-07-20 15:37:32.553203,6
1010150451903960,1737953007341348,True,2026-07-14 07:00:00,2026-07-19 07:00:00,Chemist Warehouse,Chemist Warehouse,{{product.name}},{{product.brand}},Shop now,DCO,https://www.chemistwarehouse.com.au/shop-online/rimmel-brownie-pie?utm_source=facebook&utm_medium=social&utm_campaign=au_cw_oa_facebook_social_cotyconsumerbeauty_rimmel_648_june26_100560-browniepie_video-image&utm_term=traffic&utm_content=video-image_brand,www.chemistwarehouse.com.au,/shop-online/rimmel-brownie-pie,facebook,social,au_cw_oa_facebook_social_cotyconsumerbeauty_rimmel_648_june26_100560-browniepie_video-image,648,traffic,video-image_brand,O&O,Cotyconsumerbeauty,Rimmel,june26,video-image,NEW Mega Lift Brownie Pie Mascara,Shop Rimmel’s viral Brownie Pie range now at Chemist Warehouse,Shop Now,,https://video-ams2-1.xx.fbcdn.net/o1/v/t2/f2/m366/AQMuJeddMiL1BepPB4T_LrfXNBV-u-ICT1BRCh1INDS-H4LGQVwyus2IN_dkAYVeWpRLdOMDRy80t9pjdc1Emuvy7QWsZNkBTITiwD35YNaMfA.mp4?_nc_cat=103&_nc_sid=b66105&_nc_ht=video-ams2-1.xx.fbcdn.net&_nc_ohc=JLELkjC3KrEQ7kNvwFhd4tP&efg=eyJ2ZW5jb2RlX3RhZyI6Inhwdl9wcm9ncmVzc2l2ZS5WSV9VU0VDQVNFX1BST0RVQ1RfVFlQRS4uQzMuNzIwLmRhc2hfaDI2NC1iYXNpYy1nZW4yXzcyMHAiLCJ4cHZfYXNzZXRfaWQiOjg1OTc2NTM1NjkyOTg1NiwiYXNzZXRfYWdlX2RheXMiOjQsInZpX3VzZWNhc2VfaWQiOjEwNzk5LCJkdXJhdGlvbl9zIjoxMCwidXJsZ2VuX3NvdXJjZSI6Ind3dyJ9&ccb=17-1&vs=40a0c99eed34bf9a&_nc_vs=HBksFQIYRWZiX2VwaGVtZXJhbC8xODQ1OTk0RjZBRkUyQjM3M0UxRjJFRkNDMTk4MzNCOF9tdF8xX3ZpZGVvX2Rhc2hpbml0Lm1wNBUAAsgBEgAVAhhAZmJfcGVybWFuZW50LzdBNENFMUU3NkI4M0U3QjgzMDBBQ0U2NjRCRTlGQkI4X2F1ZGlvX2Rhc2hpbml0Lm1wNBUCAsgBEgAoABgAGwKIB3VzZV9vaWwBMRJwcm9ncmVzc2l2ZV9yZWNpcGUBMRUAACaAjYWL9_yGAxUCKAJDMywXQCQAAAAAAAAYGWRhc2hfaDI2NC1iYXNpYy1nZW4yXzcyMHARAHUAZd6oAQA&_nc_gid=EwyClO76JN45Xa1fCwxV4Q&_nc_ss=7f180&_nc_zt=28&oh=00_AQC4TZeg3c6mXELT5q0hFnwIzeDq6Vt7YUxontsbRFve2g&oe=6A6328CD,"['FACEBOOK', 'INSTAGRAM', 'AUDIENCE_NETWORK', 'MESSENGER', 'WHATSAPP', 'THREADS']",au,cw,facebook,social,2026-W29,2026-07,"FACEBOOK, INSTAGRAM, AUDIENCE_NETWORK, MESSENGER, WHATSAPP, THREADS",True,True,True,True,True,True,Brand/Category Page,True,False,False,2026-07-20,2026-07-14 07:00:00,2026-07-20 15:37:32.553203,6
1607734780773467,1031513469714397,True,2026-07-13 07:00:00,2026-07-17 07:00:00,Chemist Warehouse,Chemist Warehouse,{{product.name}},{{product.brand}},Shop now,DCO,https://www.chemistwarehouse.com.au/buy/166783/liquid-iv-hydration-sugar-free-mango-pineapple-24-sachets?utm_source=facebook&utm_medium=social&utm_campaign=au_cw_oa_facebook_social_sunroadfoodbeverage_liquidiv_258_jul26_100496-oa_video-image&utm_term=traffic&utm_content=video-image_,www.chemistwarehouse.com.au,/buy/166783/liquid-iv-hydration-sugar-free-mango-pineapple-24-sachets,facebook,social,au_cw_oa_facebook_social_sunroadfoodbeverage_liquidiv_258_jul26_100496-oa_video-image,258,traffic,video-image_,O&O,Sunroadfoodbeverage,Liquidiv,jul26,video-image,Shop Liquid I.V at Chemist Warehouse!,Shop the newest sugar-free flavour from Liquid I.V now at Chemist Warehouse!,Shop Now,,https://video-ams2-1.xx.fbcdn.net/o1/v/t2/f2/m366/AQNo0mqjxWhWKFm5_tOi5PVdZ3Udi05Fj5CzUsR8Do77kXENEVbUcHx-lqnZt-6Bl2yjI96Ioms6lejJSk4I-F6oZx2IXY_M-FYp3aI-cS3kVg.mp4?_nc_cat=100&_nc_sid=b66105&_nc_ht=video-ams2-1.xx.fbcdn.net&_nc_ohc=ACOWfvv_4zwQ7kNvwF1NtKj&efg=eyJ2ZW5jb2RlX3RhZyI6Inhwdl9wcm9ncmVzc2l2ZS5WSV9VU0VDQVNFX1BST0RVQ1RfVFlQRS4uQzMuNzIwLmRhc2hfaDI2NC1iYXNpYy1nZW4yXzcyMHAiLCJ4cHZfYXNzZXRfaWQiOjE0MjI1NTE5MTMwMTM2NTksImFzc2V0X2FnZV9kYXlzIjo1LCJ2aV91c2VjYXNlX2lkIjoxMDc5OSwiZHVyYXRpb25fcyI6OSwidXJsZ2VuX3NvdXJjZSI6Ind3dyJ9&ccb=17-1&vs=627081a295c5cb5b&_nc_vs=HBksFQIYRWZiX2VwaGVtZXJhbC82RTRDOTM5RDk0QzFFMEIwQjQ5NTEwMDFFMDM5NUFBNF9tdF8xX3ZpZGVvX2Rhc2hpbml0Lm1wNBUAAsgBEgAVAhhAZmJfcGVybWFuZW50LzZDNDhFODRBNzZDNEQxQTlCMTI3NEFBQTUxNkY4QTkwX2F1ZGlvX2Rhc2hpbml0Lm1wNBUCAsgBEgAoABgAGwKIB3VzZV9vaWwBMRJwcm9ncmVzc2l2ZV9yZWNpcGUBMRUAACa2hpnXtfOGBRUCKAJDMywXQCO7ZFocrAgYGWRhc2hfaDI2NC1iYXNpYy1nZW4yXzcyMHARAHUAZd6oAQA&_nc_gid=EwyClO76JN45Xa1fCwxV4Q&_nc_ss=7f180&_nc_zt=28&oh=00_AQAIQkXfRbSaebEt6GuTbApyWRDNGKWNzGedpMmK8xxfPw&oe=6A631AB0,"['FACEBOOK', 'INSTAGRAM', 'AUDIENCE_NETWORK', 'MESSENGER', 'WHATSAPP', 'THREADS']",au,cw,facebook,social,2026-W29,2026-07,"FACEBOOK, INSTAGRAM, AUDIENCE_NETWORK, MESSENGER, WHATSAPP, THREADS",True,True,True,True,True,True,SKU Product,True,False,False,2026-07-20,2026-07-13 07:00:00,2026-07-20 15:37:32.553203,7
896773830146550,,True,2026-07-14 07:00:00,2026-07-19 07:00:00,Chemist Warehouse,Chemist Warehouse,Chemist Warehouse,Shop Rimmel’s viral Brownie Pie range now at Chemist Warehouse,Shop now,DPA,https://www.chemistwarehouse.com.au/shop-online/rimmel-brownie-pie?utm_source=facebook&utm_medium=social&utm_campaign=au_cw_oa_facebook_social_cotyconsumerbeauty_rimmel_648_2026_bau_dynamic&utm_term=conversion&utm_content=dynamic_brand,www.chemistwarehouse.com.au,/shop-online/rimmel-brownie-pie,facebook,social,au_cw_oa_facebook_social_cotyconsumerbeauty_rimmel_648_2026_bau_dynamic,648,conversion,dynamic_brand,O&O,Cotyconsumerbeauty,Rimmel,2026,dynamic,Chemist Warehouse,Shop Rimmel’s viral Brownie Pie range now at Chemist Warehouse,Shop Now,https://scontent-ams2-1.xx.fbcdn.net/v/t39.35426-6/746129856_1919178065432991_3033162378569629723_n.jpg?_nc_cat=104&ccb=1-7&_nc_sid=c53f8f&_nc_ohc=yX_rGPFeJeAQ7kNvwG_-7W0&_nc_oc=AdpWjiGW_g5Agj87iR1cwlg16S2WwqCM0V0V4_22WFZVV93nBVY8iVPuF-JbLj_P2G8&_nc_zt=14&_nc_ht=scontent-ams2-1.xx&_nc_gid=EwyClO76JN45Xa1fCwxV4Q&_nc_ss=7f180&oh=00_AQClHNdUsePZbuTq00skUKNWHQEy7aE17TUGjygwKJIPbQ&oe=6A630728,,"['FACEBOOK', 'INSTAGRAM', 'AUDIENCE_NETWORK', 'MESSENGER', 'THREADS']",au,cw,facebook,social,2026-W29,2026-07,"FACEBOOK, INSTAGRAM, AUDIENCE_NETWORK, MESSENGER, THREADS",True,True,True,True,True,False,Brand/Category Page,True,True,False,2026-07-20,2026-07-14 07:00:00,2026-07-20 15:37:32.553203,6
1550673873364417,2878277345904045,True,2026-07-13 07:00:00,2026-07-19 07:00:00,Chemist Warehouse,Chemist Warehouse,{{product.name}},{{product.brand}},Shop now,DCO,https://www.chemistwarehouse.com.au/buy/166783/liquid-iv-hydration-sugar-free-mango-pineapple-24-sachets?utm_source=facebook&utm_medium=social&utm_campaign=au_cw_oa_facebook_social_sunroadfoodbeverage_liquidiv_258_jul26_100496-oa_video-image&utm_term=traffic&utm_content=video-image_,www.chemistwarehouse.com.au,/buy/166783/liquid-iv-hydration-sugar-free-mango-pineapple-24-sachets,facebook,social,au_cw_oa_facebook_social_sunroadfoodbeverage_liquidiv_258_jul26_100496-oa_video-image,258,traffic,video-image_,O&O,Sunroadfoodbeverage,Liquidiv,jul26,video-image,Shop Liquid I.V at Chemist Warehouse!,Shop the newest sugar-free flavour from Liquid I.V now at Chemist Warehouse!,Shop Now,https://scontent-ams2-1.xx.fbcdn.net/v/t39.35426-6/746694391_1035815652263058_8581650824569743418_n.jpg?_nc_cat=111&ccb=1-7&_nc_sid=c53f8f&_nc_ohc=f7wd5TiUzd0Q7kNvwFr8a4V&_nc_oc=AdqnMJz2XGjBpk9H3VQz2MlvujCio_q1Dh1hsnOwBHeesrJs132irIn2VILf9JY153Y&_nc_zt=14&_nc_ht=scontent-ams2-1.xx&_nc_gid=VfxMNAONFCgqpZQygB2Nbw&_nc_ss=7f180&oh=00_AQCYAQlYMHU0EAcUx6lr2EQu3O21lZ1GTnntyHXcKJBYGA&oe=6A631CB7,,"['FACEBOOK', 'INSTAGRAM', 'AUDIENCE_NETWORK', 'MESSENGER', 'WHATSAPP', 'THREADS']",au,cw,facebook,social,2026-W29,2026-07,"FACEBOOK, INSTAGRAM, AUDIENCE_NETWORK, MESSENGER, WHATSAPP, THREADS",True,True,True,True,True,True,SKU Product,True,False,False,2026-07-20,2026-07-13 07:00:00,2026-07-20 15:37:32.553203,7
1362151255882942,2191434151423671,True,2026-07-14 07:00:00,2026-07-19 07:00:00,Chemist Warehouse,Chemist Warehouse,{{product.name}},{{product.brand}},Shop now,DCO,https://www.chemistwarehouse.com.au/shop-online/rimmel-brownie-pie?utm_source=facebook&utm_medium=social&utm_campaign=au_cw_oa_facebook_social_cotyconsumerbeauty_rimmel_648_june26_100560-browniepie_video-image&utm_term=traffic&utm_content=video-image_brand,www.chemistwarehouse.com.au,/shop-online/rimmel-brownie-pie,facebook,social,au_cw_oa_facebook_social_cotyconsumerbeauty_rimmel_648_june26_100560-browniepie_video-image,648,traffic,video-image_brand,O&O,Cotyconsumerbeauty,Rimmel,june26,video-image,NEW Mega Lift Brownie Pie Mascara,Shop Rimmel’s viral Brownie Pie range now at Chemist Warehouse,Shop Now,,https://video-ams2-1.xx.fbcdn.net/o1/v/t2/f2/m366/AQPzhujvfyp_GyQmt2MRsvhQi5VZI0AuHTM1Dc7XGJt19I5l1zCkedTvo0lC4_WVPmUmvN3DSyOoSJIPHqmUIaXlZVEkdiODpoO08KOUXjXOPA.mp4?_nc_cat=111&_nc_sid=b66105&_nc_ht=video-ams2-1.xx.fbcdn.net&_nc_ohc=s4kzfuI7OQIQ7kNvwHy275M&efg=eyJ2ZW5jb2RlX3RhZyI6Inhwdl9wcm9ncmVzc2l2ZS5WSV9VU0VDQVNFX1BST0RVQ1RfVFlQRS4uQzMuNzIwLmRhc2hfaDI2NC1iYXNpYy1nZW4yXzcyMHAiLCJ4cHZfYXNzZXRfaWQiOjEwNTUxMTQ5NzM4NDEzMzAsImFzc2V0X2FnZV9kYXlzIjo0LCJ2aV91c2VjYXNlX2lkIjoxMDc5OSwiZHVyYXRpb25fcyI6MTAsInVybGdlbl9zb3VyY2UiOiJ3d3cifQ%3D%3D&ccb=17-1&vs=a62374a7bf0cd505&_nc_vs=HBksFQIYRWZiX2VwaGVtZXJhbC9CMDQzNjIzM0M1Q0VENDRGNzVGODhEMkJDM0U1MUZCMF9tdF8xX3ZpZGVvX2Rhc2hpbml0Lm1wNBUAAsgBEgAVAhhAZmJfcGVybWFuZW50LzYxNDczQzc3NjlDRTQxRTY4RUY0RDEzNEU4OTcxMTk0X2F1ZGlvX2Rhc2hpbml0Lm1wNBUCAsgBEgAoABgAGwKIB3VzZV9vaWwBMRJwcm9ncmVzc2l2ZV9yZWNpcGUBMRUAACbknrST4-ffAxUCKAJDMywXQCQAAAAAAAAYGWRhc2hfaDI2NC1iYXNpYy1nZW4yXzcyMHARAHUAZd6oAQA&_nc_gid=EwyClO76JN45Xa1fCwxV4Q&_nc_ss=7f180&_nc_zt=28&oh=00_AQAvKN0pwBBjWocCrvjwB2ApW4wi8XvKN_dFin0_UKMMyw&oe=6A63097D,"['FACEBOOK', 'INSTAGRAM', 'AUDIENCE_NETWORK', 'MESSENGER', 'WHATSAPP', 'THREADS']",au,cw,facebook,social,2026-W29,2026-07,"FACEBOOK, INSTAGRAM, AUDIENCE_NETWORK, MESSENGER, WHATSAPP, THREADS",True,True,True,True,True,True,Brand/Category Page,True,False,False,2026-07-20,2026-07-14 07:00:00,2026-07-20 15:37:32.553203,6
1042141191883840,1031513469714397,True,2026-07-13 07:00:00,2026-07-17 07:00:00,Chemist Warehouse,Chemist Warehouse,{{product.name}},{{product.brand}},Shop now,DCO,https://www.chemistwarehouse.com.au/buy/166783/liquid-iv-hydration-sugar-free-mango-pineapple-24-sachets?utm_source=facebook&utm_medium=social&utm_campaign=au_cw_oa_facebook_social_sunroadfoodbeverage_liquidiv_258_jul26_100496-oa_video-image&utm_term=traffic&utm_content=video-image_,www.chemistwarehouse.com.au,/buy/166783/liquid-iv-hydration-sugar-free-mango-pineapple-24-sachets,facebook,social,au_cw_oa_facebook_social_sunroadfoodbeverage_liquidiv_258_jul26_100496-oa_video-image,258,traffic,video-image_,O&O,Sunroadfoodbeverage,Liquidiv,jul26,video-image,Shop Liquid I.V at Chemist Warehouse!,Shop the newest sugar-free flavour from Liquid I.V now at Chemist Warehouse!,Shop Now,,https://video-ams2-1.xx.fbcdn.net/o1/v/t2/f2/m366/AQNo0mqjxWhWKFm5_tOi5PVdZ3Udi05Fj5CzUsR8Do77kXENEVbUcHx-lqnZt-6Bl2yjI96Ioms6lejJSk4I-F6oZx2IXY_M-FYp3aI-cS3kVg.mp4?_nc_cat=100&_nc_sid=b66105&_nc_ht=video-ams2-1.xx.fbcdn.net&_nc_ohc=ACOWfvv_4zwQ7kNvwF1NtKj&efg=eyJ2ZW5jb2RlX3RhZyI6Inhwdl9wcm9ncmVzc2l2ZS5WSV9VU0VDQVNFX1BST0RVQ1RfVFlQRS4uQzMuNzIwLmRhc2hfaDI2NC1iYXNpYy1nZW4yXzcyMHAiLCJ4cHZfYXNzZXRfaWQiOjE0MjI1NTE5MTMwMTM2NTksImFzc2V0X2FnZV9kYXlzIjo1LCJ2aV91c2VjYXNlX2lkIjoxMDc5OSwiZHVyYXRpb25fcyI6OSwidXJsZ2VuX3NvdXJjZSI6Ind3dyJ9&ccb=17-1&vs=627081a295c5cb5b&_nc_vs=HBksFQIYRWZiX2VwaGVtZXJhbC82RTRDOTM5RDk0QzFFMEIwQjQ5NTEwMDFFMDM5NUFBNF9tdF8xX3ZpZGVvX2Rhc2hpbml0Lm1wNBUAAsgBEgAVAhhAZmJfcGVybWFuZW50LzZDNDhFODRBNzZDNEQxQTlCMTI3NEFBQTUxNkY4QTkwX2F1ZGlvX2Rhc2hpbml0Lm1wNBUCAsgBEgAoABgAGwKIB3VzZV9vaWwBMRJwcm9ncmVzc2l2ZV9yZWNpcGUBMRUAACa2hpnXtfOGBRUCKAJDMywXQCO7ZFocrAgYGWRhc2hfaDI2NC1iYXNpYy1nZW4yXzcyMHARAHUAZd6oAQA&_nc_gid=VfxMNAONFCgqpZQygB2Nbw&_nc_ss=7f180&_nc_zt=28&oh=00_AQDFdiwzIRNpuoipjWP613loPEu_Dww1v1uC0E9CKwlL2Q&oe=6A631AB0,"['FACEBOOK', 'INSTAGRAM', 'AUDIENCE_NETWORK', 'MESSENGER', 'WHATSAPP', 'THREADS']",au,cw,facebook,social,2026-W29,2026-07,"FACEBOOK, INSTAGRAM, AUDIENCE_NETWORK, MESSENGER, WHATSAPP, THREADS",True,True,True,True,True,True,SKU Product,True,False,False,2026-07-20,2026-07-13 07:00:00,2026-07-20 15:37:32.553203,7
1574712530847414,2878277345904045,True,2026-07-13 07:00:00,2026-07-19 07:00:00,Chemist Warehouse,Chemist Warehouse,{{product.name}},{{product.brand}},Shop now,DCO,https://www.chemistwarehouse.com.au/buy/166783/liquid-iv-hydration-sugar-free-mango-pineapple-24-sachets?utm_source=facebook&utm_medium=social&utm_campaign=au_cw_oa_facebook_social_sunroadfoodbeverage_liquidiv_258_jul26_100496-oa_video-image&utm_term=traffic&utm_content=video-image_,www.chemistwarehouse.com.au,/buy/166783/liquid-iv-hydration-sugar-free-mango-pineapple-24-sachets,facebook,social,au_cw_oa_facebook_social_sunroadfoodbeverage_liquidiv_258_jul26_100496-oa_video-image,258,traffic,video-image_,O&O,Sunroadfoodbeverage,Liquidiv,jul26,video-image,Shop Liquid I.V at Chemist Warehouse!,Shop the newest sugar-free flavour from Liquid I.V now at Chemist Warehouse!,Shop Now,https://scontent-ams2-1.xx.fbcdn.net/v/t39.35426-6/746842829_1471026198109983_7524300455392113083_n.jpg?_nc_cat=104&ccb=1-7&_nc_sid=c53f8f&_nc_ohc=GhRTj3atHu0Q7kNvwHj7mIY&_nc_oc=AdplRdHf487CeEvUD59atvSSQEgjFXhIIWvRKWQ7ot3B0RJJlYcHSpIa4t9BOF9Z04Y&_nc_zt=14&_nc_ht=scontent-ams2-1.xx&_nc_gid=VfxMNAONFCgqpZQygB2Nbw&_nc_ss=7f180&oh=00_AQAU9juZWhGy_h0ea53cnU-VTFH0U3HCABX0butNe2lW1w&oe=6A6300A4,,"['FACEBOOK', 'INSTAGRAM', 'AUDIENCE_NETWORK', 'MESSENGER', 'WHATSAPP', 'THREADS']",au,cw,facebook,social,2026-W29,2026-07,"FACEBOOK, INSTAGRAM, AUDIENCE_NETWORK, MESSENGER, WHATSAPP, THREADS",True,True,True,True,True,True,SKU Product,True,False,False,2026-07-20,2026-07-13 07:00:00,2026-07-20 15:37:32.553203,7
1330129822097818,1430643335491618,True,2026-07-10 07:00:00,2026-07-19 07:00:00,Chemist Warehouse,Chemist Warehouse,Blackmores Magnesium Range,"Support your muscle health. 
Always read the label & follow the directions for use.",Shop now,VIDEO,https://www.chemistwarehouse.com.au/shop-online/513/blackmores?category=Muscles%2C%20Bones%20%26%20Joints&utm_source=facebook&utm_medium=social&utm_campaign=au_cw_oa_facebook_social_blackmoreslimited_blackmores_81_jul26_100661-oa_video-image&utm_term=traffic&utm_content=video-image_,www.chemistwarehouse.com.au,/shop-online/513/blackmores,facebook,social,au_cw_oa_facebook_social_blackmoreslimited_blackmores_81_jul26_100661-oa_video-image,81,traffic,video-image_,O&O,Blackmoreslimited,Blackmores,jul26,video-image,,,,,,"['FACEBOOK', 'INSTAGRAM', 'MESSENGER', 'WHATSAPP']",au,cw,facebook,social,2026-W29,2026-07,"FACEBOOK, INSTAGRAM, MESSENGER, WHATSAPP",True,True,False,True,False,True,Brand/Category Page,True,False,False,2026-07-20,2026-07-10 07:00:00,2026-07-20 15:37:32.553203,10
27637281125955889,1430643335491618,True,2026-07-10 07:00:00,2026-07-19 07:00:00,Chemist Warehouse,Chemist Warehouse,Blackmores Magnesium Range,"Support your muscle health. 
Always read the label & follow the directions for use.",Shop now,VIDEO,https://www.chemistwarehouse.com.au/shop-online/513/blackmores?category=Muscles%2C%20Bones%20%26%20Joints&utm_source=facebook&utm_medium=social&utm_campaign=au_cw_oa_facebook_social_blackmoreslimited_blackmores_81_jul26_100661-oa_video-image&utm_term=traffic&utm_content=video-image_,www.chemistwarehouse.com.au,/shop-online/513/blackmores,facebook,social,au_cw_oa_facebook_social_blackmoreslimited_blackmores_81_jul26_100661-oa_video-image,81,traffic,video-image_,O&O,Blackmoreslimited,Blackmores,jul26,video-image,,,,,,"['FACEBOOK', 'INSTAGRAM', 'MESSENGER', 'WHATSAPP']",au,cw,facebook,social,2026-W29,2026-07,"FACEBOOK, INSTAGRAM, MESSENGER, WHATSAPP",True,True,False,True,False,True,Brand/Category Page,True,False,False,2026-07-20,2026-07-10 07:00:00,2026-07-20 15:37:32.553203,10
2658731571228705,1368051568795914,True,2026-07-12 07:00:00,2026-07-19 07:00:00,Chemist Warehouse,Chemist Warehouse,{{product.name}},{{product.brand}},See details,DCO,https://www.chemistwarehouse.com.au/store-locator,www.chemistwarehouse.com.au,/store-locator,,,,,,,Not Specified,,,,,,Chemist Warehouse Merrylands COMING SOON!,See Details,https://scontent-ams2-1.xx.fbcdn.net/v/t39.35426-6/747723506_1760226585011091_7293161372554191341_n.jpg?_nc_cat=110&ccb=1-7&_nc_sid=c53f8f&_nc_ohc=VtWalNFNofAQ7kNvwGy9Qzw&_nc_oc=AdoJmvPc4mtK4BOIkSAELy9yZ_dKqgrGva3SoPO9skt2ZkCDET336BiNcyZC7DUCS6c&_nc_zt=14&_nc_ht=scontent-ams2-1.xx&_nc_gid=VfxMNAONFCgqpZQygB2Nbw&_nc_ss=7f180&oh=00_AQDZZfCqgRwgKhIFlQdL2qJAWHxXaW8Mn-UzpLVZaKx8Ag&oe=6A631D74,,"['FACEBOOK', 'INSTAGRAM', 'AUDIENCE_NETWORK', 'WHATSAPP', 'THREADS']",,,,,2026-W29,2026-07,"FACEBOOK, INSTAGRAM, AUDIENCE_NETWORK, WHATSAPP, THREADS",True,True,True,False,True,True,Store Locator,True,False,False,2026-07-20,2026-07-12 07:00:00,2026-07-20 15:37:32.553203,8
2558280251241478,1743424146852519,True,2026-07-10 07:00:00,2026-07-19 07:00:00,Chemist Warehouse,Chemist Warehouse,New Blackmores Magnesium Glycinate,"Supports healthy sleeping patterns and muscle health. 
Always read the label and follow the directions for use.",Shop now,VIDEO,https://www.chemistwarehouse.com.au/shop-online/513/blackmores?category=Muscles%2C%20Bones%20%26%20Joints&utm_source=facebook&utm_medium=social&utm_campaign=au_cw_oa_facebook_social_blackmoreslimited_blackmores_81_jul26_100661-oa_video-image&utm_term=traffic&utm_content=video-image_,www.chemistwarehouse.com.au,/shop-online/513/blackmores,facebook,social,au_cw_oa_facebook_social_blackmoreslimited_blackmores_81_jul26_100661-oa_video-image,81,traffic,video-image_,O&O,Blackmoreslimited,Blackmores,jul26,video-image,,,,,,"['FACEBOOK', 'INSTAGRAM', 'MESSENGER', 'WHATSAPP']",au,cw,facebook,social,2026-W29,2026-07,"FACEBOOK, INSTAGRAM, MESSENGER, WHATSAPP",True,True,False,True,False,True,Brand/Category Page,True,False,False,2026-07-20,2026-07-10 07:00:00,2026-07-20 15:37:32.553203,10
1321410883539827,1743424146852519,True,2026-07-10 07:00:00,2026-07-19 07:00:00,Chemist Warehouse,Chemist Warehouse,New Blackmores Magnesium Glycinate,"Supports healthy sleeping patterns and muscle health. 
Always read the label and follow the directions for use.",Shop now,VIDEO,https://www.chemistwarehouse.com.au/shop-online/513/blackmores?category=Muscles%2C%20Bones%20%26%20Joints&utm_source=facebook&utm_medium=social&utm_campaign=au_cw_oa_facebook_social_blackmoreslimited_blackmores_81_jul26_100661-oa_video-image&utm_term=traffic&utm_content=video-image_,www.chemistwarehouse.com.au,/shop-online/513/blackmores,facebook,social,au_cw_oa_facebook_social_blackmoreslimited_blackmores_81_jul26_100661-oa_video-image,81,traffic,video-image_,O&O,Blackmoreslimited,Blackmores,jul26,video-image,,,,,,"['FACEBOOK', 'INSTAGRAM', 'MESSENGER', 'WHATSAPP']",au,cw,facebook,social,2026-W29,2026-07,"FACEBOOK, INSTAGRAM, MESSENGER, WHATSAPP",True,True,False,True,False,True,Brand/Category Page,True,False,False,2026-07-20,2026-07-10 07:00:00,2026-07-20 15:37:32.553203,10
1714945099541278,1256885590831681,True,2026-07-10 07:00:00,2026-07-19 07:00:00,Chemist Warehouse,Chemist Warehouse,Blackmores Magnesium,"Relieves muscle cramps when dietary intake is inadequate. 
Always read the label and follow the directions for use.",Shop now,VIDEO,https://www.chemistwarehouse.com.au/shop-online/513/blackmores?category=Muscles%2C%20Bones%20%26%20Joints&utm_source=facebook&utm_medium=social&utm_campaign=au_cw_oa_facebook_social_blackmoreslimited_blackmores_81_jul26_100661-oa_video-image&utm_term=traffic&utm_content=video-image_,www.chemistwarehouse.com.au,/shop-online/513/blackmores,facebook,social,au_cw_oa_facebook_social_blackmoreslimited_blackmores_81_jul26_100661-oa_video-image,81,traffic,video-image_,O&O,Blackmoreslimited,Blackmores,jul26,video-image,,,,,,"['FACEBOOK', 'INSTAGRAM', 'MESSENGER', 'WHATSAPP']",au,cw,facebook,social,2026-W29,2026-07,"FACEBOOK, INSTAGRAM, MESSENGER, WHATSAPP",True,True,False,True,False,True,Brand/Category Page,True,False,False,2026-07-20,2026-07-10 07:00:00,2026-07-20 15:37:32.553203,10
2205907363533525,1256885590831681,True,2026-07-10 07:00:00,2026-07-19 07:00:00,Chemist Warehouse,Chemist Warehouse,Blackmores Magnesium,"Relieves muscle cramps when dietary intake is inadequate. 
Always read the label and follow the directions for use.",Shop now,VIDEO,https://www.chemistwarehouse.com.au/shop-online/513/blackmores?category=Muscles%2C%20Bones%20%26%20Joints&utm_source=facebook&utm_medium=social&utm_campaign=au_cw_oa_facebook_social_blackmoreslimited_blackmores_81_jul26_100661-oa_video-image&utm_term=traffic&utm_content=video-image_,www.chemistwarehouse.com.au,/shop-online/513/blackmores,facebook,social,au_cw_oa_facebook_social_blackmoreslimited_blackmores_81_jul26_100661-oa_video-image,81,traffic,video-image_,O&O,Blackmoreslimited,Blackmores,jul26,video-image,,,,,,"['FACEBOOK', 'INSTAGRAM', 'MESSENGER', 'WHATSAPP']",au,cw,facebook,social,2026-W29,2026-07,"FACEBOOK, INSTAGRAM, MESSENGER, WHATSAPP",True,True,False,True,False,True,Brand/Category Page,True,False,False,2026-07-20,2026-07-10 07:00:00,2026-07-20 15:37:32.553203,10
1486773586536116,1304718261421039,True,2026-07-10 07:00:00,2026-07-19 07:00:00,Chemist Warehouse,Chemist Warehouse,Shop Liquid I.V at Chemist Warehouse!,Shop the newest sugar-free flavour from Liquid I.V now at Chemist Warehouse!,See details,VIDEO,https://www.chemistwarehouse.com.au/buy/166783/liquid-iv-hydration-sugar-free-mango-pineapple-24-sachets?utm_source=facebook&utm_medium=social&utm_campaign=au_cw_oa_facebook_social_sunroadfoodbeverage_liquidiv_258_jul26_100496-oa_video-image&utm_term=traffic&utm_content=video-image_,www.chemistwarehouse.com.au,/buy/166783/liquid-iv-hydration-sugar-free-mango-pineapple-24-sachets,facebook,social,au_cw_oa_facebook_social_sunroadfoodbeverage_liquidiv_258_jul26_100496-oa_video-image,258,traffic,video-image_,O&O,Sunroadfoodbeverage,Liquidiv,jul26,video-image,,,,,,"['FACEBOOK', 'INSTAGRAM', 'AUDIENCE_NETWORK', 'MESSENGER', 'WHATSAPP', 'THREADS']",au,cw,facebook,social,2026-W29,2026-07,"FACEBOOK, INSTAGRAM, AUDIENCE_NETWORK, MESSENGER, WHATSAPP, THREADS",True,True,True,True,True,True,SKU Product,True,True,False,2026-07-20,2026-07-10 07:00:00,2026-07-20 15:37:32.553203,10
1712486049789520,1349888847354531,True,2026-07-15 07:00:00,2026-07-19 07:00:00,Chemist Warehouse,Chemist Warehouse,{{product.name}},{{product.brand}},Shop now,DCO,https://www.chemistwarehouse.com.au/shop-online/2368/voost?utm_source=facebook&utm_medium=social&utm_campaign=au_cw_oa_facebook_social_proctergambleaustralia_voost_81_2026_100537-oa_video-image&utm_term=traffic&utm_content=video-image_all,www.chemistwarehouse.com.au,/shop-online/2368/voost,facebook,social,au_cw_oa_facebook_social_proctergambleaustralia_voost_81_2026_100537-oa_video-image,81,traffic,video-image_all,O&O,Proctergambleaustralia,Voost,2026,video-image,"Your day, your BOOST!","NEW VOOST men's multivitamin!

Always read the label and follow the directions for use.",Shop Now,https://scontent-ams2-1.xx.fbcdn.net/v/t39.35426-6/727519082_1567652098407603_8574816556702712556_n.jpg?_nc_cat=107&ccb=1-7&_nc_sid=c53f8f&_nc_ohc=pHHaJ42EQJMQ7kNvwGWQEcY&_nc_oc=Adp4lBzd_pTJMu3pMpUoRvSIaoATCOz4_O4-GeIOvQIkzeZUebkHG6ok0848uNj9fC8&_nc_zt=14&_nc_ht=scontent-ams2-1.xx&_nc_gid=EwyClO76JN45Xa1fCwxV4Q&_nc_ss=7f180&oh=00_AQC2-xlSfIdcTclf36cVkGVWhYfMIQhnFOZiXLvYoKKUPA&oe=6A630496,,"['FACEBOOK', 'INSTAGRAM', 'AUDIENCE_NETWORK', 'MESSENGER', 'WHATSAPP', 'THREADS']",au,cw,facebook,social,2026-W29,2026-07,"FACEBOOK, INSTAGRAM, AUDIENCE_NETWORK, MESSENGER, WHATSAPP, THREADS",True,True,True,True,True,True,Brand/Category Page,True,False,False,2026-07-20,2026-07-15 07:00:00,2026-07-20 15:37:32.553203,5
890776403503633,1304718261421039,True,2026-07-11 07:00:00,2026-07-19 07:00:00,Chemist Warehouse,Chemist Warehouse,Shop Liquid I.V at Chemist Warehouse!,Shop the newest sugar-free flavour from Liquid I.V now at Chemist Warehouse!,See details,VIDEO,https://www.chemistwarehouse.com.au/buy/166783/liquid-iv-hydration-sugar-free-mango-pineapple-24-sachets?utm_source=facebook&utm_medium=social&utm_campaign=au_cw_oa_facebook_social_sunroadfoodbeverage_liquidiv_258_jul26_100496-oa_video-image&utm_term=traffic&utm_content=video-image_,www.chemistwarehouse.com.au,/buy/166783/liquid-iv-hydration-sugar-free-mango-pineapple-24-sachets,facebook,social,au_cw_oa_facebook_social_sunroadfoodbeverage_liquidiv_258_jul26_100496-oa_video-image,258,traffic,video-image_,O&O,Sunroadfoodbeverage,Liquidiv,jul26,video-image,,,,,,"['FACEBOOK', 'INSTAGRAM', 'AUDIENCE_NETWORK', 'MESSENGER', 'WHATSAPP', 'THREADS']",au,cw,facebook,social,2026-W29,2026-07,"FACEBOOK, INSTAGRAM, AUDIENCE_NETWORK, MESSENGER, WHATSAPP, THREADS",True,True,True,True,True,True,SKU Product,True,True,False,2026-07-20,2026-07-11 07:00:00,2026-07-20 15:37:32.553203,9
1236584915184963,2177959272968126,True,2026-07-15 07:00:00,2026-07-19 07:00:00,Chemist Warehouse,Chemist Warehouse,{{product.name}},{{product.brand}},Shop now,DCO,https://www.chemistwarehouse.com.au/shop-online/573/banana-boat?utm_source=facebook&utm_medium=social&utm_campaign=au_cw_coop_facebook_social_edgewellpersonalcare_bananaboat_209_2026_bau_dynamic&utm_term=traffic&utm_content=dynamic_brand,www.chemistwarehouse.com.au,/shop-online/573/banana-boat,facebook,social,au_cw_coop_facebook_social_edgewellpersonalcare_bananaboat_209_2026_bau_dynamic,209,traffic,dynamic_brand,Coop,Edgewellpersonalcare,Bananaboat,2026,dynamic,Daily SPF. Matte Finish. ,Protect your skin without the greasy feel with Banana Boat Mattifying Face SPF 50+,Shop Now,https://scontent-ams2-1.xx.fbcdn.net/v/t39.35426-6/748648671_2180192199491291_1851187072794441082_n.jpg?_nc_cat=104&ccb=1-7&_nc_sid=c53f8f&_nc_ohc=subV7J78fHwQ7kNvwHUPbQw&_nc_oc=Ado2tYf86QhxD3RpXN0hUnZZClsGrtHXZ3po_E9lgmNYsM_qUND9FFg3BQrvpwf6Efg&_nc_zt=14&_nc_ht=scontent-ams2-1.xx&_nc_gid=EwyClO76JN45Xa1fCwxV4Q&_nc_ss=7f180&oh=00_AQAmww4uBXENRBlTywstBfYHQeM7SMx3CXl-FYCOXqPbkA&oe=6A631D20,,"['FACEBOOK', 'INSTAGRAM', 'AUDIENCE_NETWORK', 'MESSENGER', 'WHATSAPP', 'THREADS']",au,cw,facebook,social,2026-W29,2026-07,"FACEBOOK, INSTAGRAM, AUDIENCE_NETWORK, MESSENGER, WHATSAPP, THREADS",True,True,True,True,True,True,Brand/Category Page,True,False,False,2026-07-20,2026-07-15 07:00:00,2026-07-20 15:37:32.553203,5
1721142219005392,,True,2026-07-15 07:00:00,2026-07-19 07:00:00,Chemist Warehouse,Chemist Warehouse,"Your day, your BOOST!","NEW VOOST men's multivitamin!

Always read the label and follow the directions for use.",Shop now,IMAGE,https://fb.com/canvas_doc/1334373031404597,fb.com,/canvas_doc/1334373031404597,,,,,,,Not Specified,,,,,,,,,,"['FACEBOOK', 'INSTAGRAM', 'AUDIENCE_NETWORK', 'MESSENGER', 'THREADS']",,,,,2026-W29,2026-07,"FACEBOOK, INSTAGRAM, AUDIENCE_NETWORK, MESSENGER, THREADS",True,True,True,True,True,False,Internal/App Page,True,False,False,2026-07-20,2026-07-15 07:00:00,2026-07-20 15:37:32.553203,5
2010985632854931,1291262759480178,True,2026-07-09 07:00:00,2026-07-19 07:00:00,Chemist Warehouse,Chemist Warehouse,{{product.name}},{{product.brand}},Shop now,DCO,https://www.chemistwarehouse.com.au/shop-online/7229/loreal-professionnel?utm_source=facebook&utm_medium=social&utm_campaign=au_cw_coop_facebook_social_lorealprofessional_lorealprofessionnel_129_2026_bau_dynamic&utm_term=traffic&utm_content=dynamic_instore,www.chemistwarehouse.com.au,/shop-online/7229/loreal-professionnel,facebook,social,au_cw_coop_facebook_social_lorealprofessional_lorealprofessionnel_129_2026_bau_dynamic,129,traffic,dynamic_instore,Coop,Lorealprofessional,Lorealprofessionnel,2026,dynamic,NEW Keratin Alpha Sleek,Shop L’Oréal Professionnel Keratin Alpha Sleek at Chemist Warehouse,Shop Now,,https://video-ams2-1.xx.fbcdn.net/o1/v/t2/f2/m366/AQPau6DFPIFAZUlikV_IoN5-4VDxfqPfnqUxaWkOaqiHAONgsYfwVHMGu8VWP1l5PB3lj2utr6xohoryQ6aEDxExcsxzRFSKMISsBpBScTzN_A.mp4?_nc_cat=100&_nc_sid=b66105&_nc_ht=video-ams2-1.xx.fbcdn.net&_nc_ohc=MRbm2xd1j_8Q7kNvwF-zGCD&efg=eyJ2ZW5jb2RlX3RhZyI6Inhwdl9wcm9ncmVzc2l2ZS5WSV9VU0VDQVNFX1BST0RVQ1RfVFlQRS4uQzMuNzIwLmRhc2hfaDI2NC1iYXNpYy1nZW4yXzcyMHAiLCJ4cHZfYXNzZXRfaWQiOjIzMzM2ODk2MDM4MjkzODYsImFzc2V0X2FnZV9kYXlzIjo5LCJ2aV91c2VjYXNlX2lkIjoxMDc5OSwiZHVyYXRpb25fcyI6NTEsInVybGdlbl9zb3VyY2UiOiJ3d3cifQ%3D%3D&ccb=17-1&vs=cf8bb2d973d2d494&_nc_vs=HBksFQIYRWZiX2VwaGVtZXJhbC9CNzRGN0ZCRkRCRDYxMkM4OTk0Qjk4MzgwNjcwRDY5NV9tdF8xX3ZpZGVvX2Rhc2hpbml0Lm1wNBUAAsgBEgAVAhhAZmJfcGVybWFuZW50LzQ0NDlERDMxM0VFM0UwNjUwMDE5RDEzQ0MwMTAyQkIxX2F1ZGlvX2Rhc2hpbml0Lm1wNBUCAsgBEgAoABgAGwKIB3VzZV9vaWwBMRJwcm9ncmVzc2l2ZV9yZWNpcGUBMRUAACaUutG9zp6lCBUCKAJDMywXQEnu2RaHKwIYGWRhc2hfaDI2NC1iYXNpYy1nZW4yXzcyMHARAHUAZd6oAQA&_nc_gid=VfxMNAONFCgqpZQygB2Nbw&_nc_ss=7f180&_nc_zt=28&oh=00_AQBMApjgeTsDHciyn890SGblgHtjDmDxlJQBERbufSIPJw&oe=6A633190,"['FACEBOOK', 'INSTAGRAM', 'AUDIENCE_NETWORK', 'MESSENGER', 'THREADS']",au,cw,facebook,social,2026-W29,2026-07,"FACEBOOK, INSTAGRAM, AUDIENCE_NETWORK, MESSENGER, THREADS",True,True,True,True,True,False,Brand/Category Page,True,False,False,2026-07-20,2026-07-09 07:00:00,2026-07-20 15:37:32.553203,11
1755197075930723,1602943735164528,True,2026-07-11 07:00:00,2026-07-19 07:00:00,Chemist Warehouse,Chemist Warehouse,Shop Liquid I.V at Chemist Warehouse!,Shop the newest sugar-free flavour from Liquid I.V now at Chemist Warehouse!,See details,VIDEO,https://www.chemistwarehouse.com.au/buy/166783/liquid-iv-hydration-sugar-free-mango-pineapple-24-sachets?utm_source=facebook&utm_medium=social&utm_campaign=au_cw_oa_facebook_social_sunroadfoodbeverage_liquidiv_258_jul26_100496-oa_video-image&utm_term=traffic&utm_content=video-image_,www.chemistwarehouse.com.au,/buy/166783/liquid-iv-hydration-sugar-free-mango-pineapple-24-sachets,facebook,social,au_cw_oa_facebook_social_sunroadfoodbeverage_liquidiv_258_jul26_100496-oa_video-image,258,traffic,video-image_,O&O,Sunroadfoodbeverage,Liquidiv,jul26,video-image,,,,,,"['FACEBOOK', 'INSTAGRAM', 'AUDIENCE_NETWORK', 'MESSENGER', 'WHATSAPP', 'THREADS']",au,cw,facebook,social,2026-W29,2026-07,"FACEBOOK, INSTAGRAM, AUDIENCE_NETWORK, MESSENGER, WHATSAPP, THREADS",True,True,True,True,True,True,SKU Product,True,True,False,2026-07-20,2026-07-11 07:00:00,2026-07-20 15:37:32.553203,9
1920250386046230,2110092299940814,True,2026-07-09 07:00:00,2026-07-19 07:00:00,Chemist Warehouse,Chemist Warehouse,Shop Codral Kids now at Chemist Warehouse!,"Parents, here’s your cough cold & flu superhero, helping you navigate the winter season!",Shop now,VIDEO,https://www.chemistwarehouse.com.au/buy/164342/codral-kids-cold-flu-cough-immunity-support-200ml,www.chemistwarehouse.com.au,/buy/164342/codral-kids-cold-flu-cough-immunity-support-200ml,,,,,,,Not Specified,,,,,,,,,,"['FACEBOOK', 'INSTAGRAM', 'MESSENGER']",,,,,2026-W29,2026-07,"FACEBOOK, INSTAGRAM, MESSENGER",True,True,False,True,False,False,SKU Product,True,True,False,2026-07-20,2026-07-09 07:00:00,2026-07-20 15:37:32.553203,11
1558985718950916,1578074087052016,True,2026-07-10 07:00:00,2026-07-19 07:00:00,Chemist Warehouse,Chemist Warehouse,New Blackmores Magnesium Glycinate,"Supports healthy sleeping patterns and muscle health. 
Always read the label and follow the directions for use.",Shop now,VIDEO,https://www.chemistwarehouse.com.au/shop-online/513/blackmores?category=Muscles%2C%20Bones%20%26%20Joints&utm_source=facebook&utm_medium=social&utm_campaign=au_cw_oa_facebook_social_blackmoreslimited_blackmores_81_jul26_100661-oa_video-image&utm_term=traffic&utm_content=video-image_,www.chemistwarehouse.com.au,/shop-online/513/blackmores,facebook,social,au_cw_oa_facebook_social_blackmoreslimited_blackmores_81_jul26_100661-oa_video-image,81,traffic,video-image_,O&O,Blackmoreslimited,Blackmores,jul26,video-image,,,,,,"['FACEBOOK', 'INSTAGRAM', 'MESSENGER', 'WHATSAPP']",au,cw,facebook,social,2026-W29,2026-07,"FACEBOOK, INSTAGRAM, MESSENGER, WHATSAPP",True,True,False,True,False,True,Brand/Category Page,True,False,False,2026-07-20,2026-07-10 07:00:00,2026-07-20 15:37:32.553203,10
1035606872737139,1602943735164528,True,2026-07-09 07:00:00,2026-07-19 07:00:00,Chemist Warehouse,Chemist Warehouse,Shop Liquid I.V at Chemist Warehouse!,Shop the newest sugar-free flavour from Liquid I.V now at Chemist Warehouse!,See details,VIDEO,https://www.chemistwarehouse.com.au/buy/166783/liquid-iv-hydration-sugar-free-mango-pineapple-24-sachets?utm_source=facebook&utm_medium=social&utm_campaign=au_cw_oa_facebook_social_sunroadfoodbeverage_liquidiv_258_jul26_100496-oa_video-image&utm_term=traffic&utm_content=video-image_,www.chemistwarehouse.com.au,/buy/166783/liquid-iv-hydration-sugar-free-mango-pineapple-24-sachets,facebook,social,au_cw_oa_facebook_social_sunroadfoodbeverage_liquidiv_258_jul26_100496-oa_video-image,258,traffic,video-image_,O&O,Sunroadfoodbeverage,Liquidiv,jul26,video-image,,,,,,"['FACEBOOK', 'INSTAGRAM', 'AUDIENCE_NETWORK', 'MESSENGER', 'WHATSAPP', 'THREADS']",au,cw,facebook,social,2026-W29,2026-07,"FACEBOOK, INSTAGRAM, AUDIENCE_NETWORK, MESSENGER, WHATSAPP, THREADS",True,True,True,True,True,True,SKU Product,True,True,False,2026-07-20,2026-07-09 07:00:00,2026-07-20 15:37:32.553203,11
1013790321431861,4304205879726244,True,2026-07-09 07:00:00,2026-07-19 07:00:00,Chemist Warehouse,Chemist Warehouse,Shop Duro-Tuss now at Chemist Warehouse!,Get Duro-Tough on your cough with Duro-Tuss Chesty Cough Liquid Forte.,Shop now,IMAGE,https://www.chemistwarehouse.com.au/buy/54403/duro-tuss-chesty-cough-liquid-forte-200ml,www.chemistwarehouse.com.au,/buy/54403/duro-tuss-chesty-cough-liquid-forte-200ml,,,,,,,Not Specified,,,,,,,,,,"['FACEBOOK', 'INSTAGRAM', 'THREADS']",,,,,2026-W29,2026-07,"FACEBOOK, INSTAGRAM, THREADS",True,True,False,False,True,False,SKU Product,True,True,False,2026-07-20,2026-07-09 07:00:00,2026-07-20 15:37:32.553203,11
1352914559595843,2424161241328751,True,2026-07-09 07:00:00,2026-07-19 07:00:00,Chemist Warehouse,Chemist Warehouse,{{product.name}},{{product.brand}},Shop now,DCO,https://www.chemistwarehouse.com.au/buy/115473/oil-garden-natural-remedies-breathe-oil-25ml?utm_source=facebook&utm_medium=social&utm_campaign=au_cw_oa_facebook_social_heritagebrandsaustralia_oilgarden_60000_july26_100558-instore_video&utm_term=traffic&utm_content=video_brand,www.chemistwarehouse.com.au,/buy/115473/oil-garden-natural-remedies-breathe-oil-25ml,facebook,social,au_cw_oa_facebook_social_heritagebrandsaustralia_oilgarden_60000_july26_100558-instore_video,60000,traffic,video_brand,O&O,Heritagebrandsaustralia,Oilgarden,july26,video,One bottle. Multiple winter uses.,Shop Oil Garden Breathe Essential Oil at Chemist Warehouse,Shop Now,,https://video-ams2-1.xx.fbcdn.net/o1/v/t2/f2/m366/AQO4jP36nDO8qBO2mGKGm9jEZZs2oy1YgtGowrLJuWNMU5wkXADQxng_Vd91JpXS88gdUeA65YXzITkwJhY_fMwDwjFt6vyG3zhAaE-pg_YPPA.mp4?_nc_cat=104&_nc_sid=b66105&_nc_ht=video-ams2-1.xx.fbcdn.net&_nc_ohc=0m651GJvQu8Q7kNvwH6Lmkn&efg=eyJ2ZW5jb2RlX3RhZyI6Inhwdl9wcm9ncmVzc2l2ZS5WSV9VU0VDQVNFX1BST0RVQ1RfVFlQRS4uQzMuNzIwLmRhc2hfaDI2NC1iYXNpYy1nZW4yXzcyMHAiLCJ4cHZfYXNzZXRfaWQiOjE3NzIwMDk5MzM3ODg3NDYsImFzc2V0X2FnZV9kYXlzIjoxMCwidmlfdXNlY2FzZV9pZCI6MTA3OTksImR1cmF0aW9uX3MiOjMxLCJ1cmxnZW5fc291cmNlIjoid3d3In0%3D&ccb=17-1&vs=6deb03c09c68342e&_nc_vs=HBksFQIYRWZiX2VwaGVtZXJhbC8xRDQ0NjAwMTYzOERDREM1QkIwQTkzNThEMDVDNjFCN19tdF8xX3ZpZGVvX2Rhc2hpbml0Lm1wNBUAAsgBEgAVAhhAZmJfcGVybWFuZW50L0JCNEE3Q0QyQUE2RTIxNDg0QUY1OUNCMEZFRkUwQzg2X2F1ZGlvX2Rhc2hpbml0Lm1wNBUCAsgBEgAoABgAGwKIB3VzZV9vaWwBMRJwcm9ncmVzc2l2ZV9yZWNpcGUBMRUAACaU2aLqxuilBhUCKAJDMywXQD_dsi0OVgQYGWRhc2hfaDI2NC1iYXNpYy1nZW4yXzcyMHARAHUAZd6oAQA&_nc_gid=VfxMNAONFCgqpZQygB2Nbw&_nc_ss=7f180&_nc_zt=28&oh=00_AQDg5WjiPw6PFN3RMu-A-tu_ZoVxU10C7-I7ymMZZ7z8bQ&oe=6A6317E4,"['FACEBOOK', 'INSTAGRAM', 'AUDIENCE_NETWORK', 'MESSENGER', 'WHATSAPP', 'THREADS']",au,cw,facebook,social,2026-W29,2026-07,"FACEBOOK, INSTAGRAM, AUDIENCE_NETWORK, MESSENGER, WHATSAPP, THREADS",True,True,True,True,True,True,SKU Product,True,False,False,2026-07-20,2026-07-09 07:00:00,2026-07-20 15:37:32.553203,11
2662177974197291,988580494215186,True,2026-07-09 07:00:00,2026-07-19 07:00:00,Chemist Warehouse,Chemist Warehouse,Shop Codral Kids now at Chemist Warehouse!,"Parents, here’s your cough cold & flu superhero, helping you navigate the winter season!",Shop now,IMAGE,https://www.chemistwarehouse.com.au/buy/164342/codral-kids-cold-flu-cough-immunity-support-200ml,www.chemistwarehouse.com.au,/buy/164342/codral-kids-cold-flu-cough-immunity-support-200ml,,,,,,,Not Specified,,,,,,,,,,"['FACEBOOK', 'INSTAGRAM', 'THREADS']",,,,,2026-W29,2026-07,"FACEBOOK, INSTAGRAM, THREADS",True,True,False,False,True,False,SKU Product,True,True,False,2026-07-20,2026-07-09 07:00:00,2026-07-20 15:37:32.553203,11
27405291529155899,1682727586282390,True,2026-07-08 07:00:00,2026-07-19 07:00:00,Chemist Warehouse,Chemist Warehouse,{{product.name}},{{product.brand}},Shop now,DCO,https://www.chemistwarehouse.com.au/shop-online/5365/souvenaid?utm_source=facebook&utm_medium=social&utm_campaign=au_cw_oa_facebook_social_nutriciaaustraliaptylimited_souvenaid_81_jul26_100658-oa_video&utm_term=conversion&utm_content=video_branding-video-1,www.chemistwarehouse.com.au,/shop-online/5365/souvenaid,facebook,social,au_cw_oa_facebook_social_nutriciaaustraliaptylimited_souvenaid_81_jul26_100658-oa_video,81,conversion,video_branding-video-1,O&O,Nutriciaaustraliaptylimited,Souvenaid,jul26,video,Souvenaid at Chemist Warehouse,Souvenaid Memory Drink: Hold On To What Matters,Shop Now,,https://video-ams2-1.xx.fbcdn.net/o1/v/t2/f2/m366/AQP38oW-8AOv2TKQqziY1QE11AcTW56ZtU40oc_hqoGqqTfRPMWPNy9zic2HVVe-y9KHkDyMBT5oIKOh-GblBrWGoryVS7ZAdudA-zFqis3GqQ.mp4?_nc_cat=107&_nc_sid=b66105&_nc_ht=video-ams2-1.xx.fbcdn.net&_nc_ohc=qwK3XOb1vC8Q7kNvwFlJE-B&efg=eyJ2ZW5jb2RlX3RhZyI6Inhwdl9wcm9ncmVzc2l2ZS5WSV9VU0VDQVNFX1BST0RVQ1RfVFlQRS4uQzMuNzIwLmRhc2hfaDI2NC1iYXNpYy1nZW4yXzcyMHAiLCJ4cHZfYXNzZXRfaWQiOjI3MzIxNTk2NTU0MTYzMzUwLCJhc3NldF9hZ2VfZGF5cyI6MTEsInZpX3VzZWNhc2VfaWQiOjEwNzk5LCJkdXJhdGlvbl9zIjozMCwidXJsZ2VuX3NvdXJjZSI6Ind3dyJ9&ccb=17-1&vs=60d2f78118142318&_nc_vs=HBksFQIYRWZiX2VwaGVtZXJhbC85RjRBMEI3REZCMTBGMzJDRThDM0QxNUNFRkUxMUVCNV9tdF8xX3ZpZGVvX2Rhc2hpbml0Lm1wNBUAAsgBEgAVAhhAZmJfcGVybWFuZW50L0U3NDhFMTg4RDVGQkVCRUZERTZCRDM1QUMzOUVBNEFBX2F1ZGlvX2Rhc2hpbml0Lm1wNBUCAsgBEgAoABgAGwKIB3VzZV9vaWwBMRJwcm9ncmVzc2l2ZV9yZWNpcGUBMRUAACas0vWUnbaIYRUCKAJDMywXQD4IcrAgxJwYGWRhc2hfaDI2NC1iYXNpYy1nZW4yXzcyMHARAHUAZd6oAQA&_nc_gid=VfxMNAONFCgqpZQygB2Nbw&_nc_ss=7f180&_nc_zt=28&oh=00_AQCBwruQixB1tqS3t4zknDeRJrA1Cy-YdTASaiuYBqBYRg&oe=6A630331,"['FACEBOOK', 'INSTAGRAM', 'AUDIENCE_NETWORK', 'THREADS']",au,cw,facebook,social,2026-W29,2026-07,"FACEBOOK, INSTAGRAM, AUDIENCE_NETWORK, THREADS",True,True,True,False,True,False,Brand/Category Page,True,False,False,2026-07-20,2026-07-08 07:00:00,2026-07-20 15:37:32.553203,12
1663585754748607,985496497461932,True,2026-07-08 07:00:00,2026-07-19 07:00:00,Chemist Warehouse,Chemist Warehouse,{{product.name}},{{product.brand}},Shop now,DCO,https://www.chemistwarehouse.com.au/buy/166706/jshealth-creatine-255g?utm_source=facebook&utm_medium=social&utm_campaign=au_cw_coop_facebook_social_jshealthvitamins_jshealth_81_2026_100007-bau_image&utm_term=conversion&utm_content=image_creatine,www.chemistwarehouse.com.au,/buy/166706/jshealth-creatine-255g,facebook,social,au_cw_coop_facebook_social_jshealthvitamins_jshealth_81_2026_100007-bau_image,81,conversion,image_creatine,Coop,Jshealthvitamins,Jshealth,2026,image,NEW! JSHEALTH CREATINE+,"NEW! 5g Creatine Monohydrate + Taurine + Choline
✅Helps metabolism of fat
✅Supports muscle strength
✅Supports memory recall",Shop Now,https://scontent-ams2-1.xx.fbcdn.net/v/t39.35426-6/699330931_2426199511180113_5196975762703356783_n.jpg?_nc_cat=104&ccb=1-7&_nc_sid=c53f8f&_nc_ohc=WTj5KhVBYEEQ7kNvwF2ixFg&_nc_oc=Adp38QshTRMwbJGT5aEcT-_kt6lmmxfCLEiMoJlEfmy040nIBHJGFf2udgBwOthjcyg&_nc_zt=14&_nc_ht=scontent-ams2-1.xx&_nc_gid=VfxMNAONFCgqpZQygB2Nbw&_nc_ss=7f180&oh=00_AQCidZefASeBnijtjrFBcElq-gKhsojo6HqqGjck3hxXZA&oe=6A6317B1,,"['FACEBOOK', 'INSTAGRAM', 'MESSENGER']",au,cw,facebook,social,2026-W29,2026-07,"FACEBOOK, INSTAGRAM, MESSENGER",True,True,False,True,False,False,SKU Product,True,False,False,2026-07-20,2026-07-08 07:00:00,2026-07-20 15:37:32.553203,12
994274616754222,,True,2026-07-08 07:00:00,2026-07-19 07:00:00,Chemist Warehouse,Chemist Warehouse,Strength in Every Drop,"Arnica powered, so you can keep on going. That's the Brauer promise.",Learn more,IMAGE,https://fb.com/canvas_doc/968934032313613,fb.com,/canvas_doc/968934032313613,,,,,,,Not Specified,,,,,,,,,,"['FACEBOOK', 'INSTAGRAM', 'THREADS']",,,,,2026-W29,2026-07,"FACEBOOK, INSTAGRAM, THREADS",True,True,False,False,True,False,Internal/App Page,True,False,False,2026-07-20,2026-07-08 07:00:00,2026-07-20 15:37:32.553203,12
4148085002148717,1578074087052016,True,2026-07-10 07:00:00,2026-07-19 07:00:00,Chemist Warehouse,Chemist Warehouse,New Blackmores Magnesium Glycinate,"Supports healthy sleeping patterns and muscle health. 
Always read the label and follow the directions for use.",Shop now,VIDEO,https://www.chemistwarehouse.com.au/shop-online/513/blackmores?category=Muscles%2C%20Bones%20%26%20Joints&utm_source=facebook&utm_medium=social&utm_campaign=au_cw_oa_facebook_social_blackmoreslimited_blackmores_81_jul26_100661-oa_video-image&utm_term=traffic&utm_content=video-image_,www.chemistwarehouse.com.au,/shop-online/513/blackmores,facebook,social,au_cw_oa_facebook_social_blackmoreslimited_blackmores_81_jul26_100661-oa_video-image,81,traffic,video-image_,O&O,Blackmoreslimited,Blackmores,jul26,video-image,,,,,,"['FACEBOOK', 'INSTAGRAM', 'MESSENGER', 'WHATSAPP']",au,cw,facebook,social,2026-W29,2026-07,"FACEBOOK, INSTAGRAM, MESSENGER, WHATSAPP",True,True,False,True,False,True,Brand/Category Page,True,False,False,2026-07-20,2026-07-10 07:00:00,2026-07-20 15:37:32.553203,10
1989144335139181,,True,2026-07-08 07:00:00,2026-07-19 07:00:00,Chemist Warehouse,Chemist Warehouse,"Cetaphil, For Everyone's Sensitive Skin",Skincare designed for sensitive skin and everyday use. Shop 40% off RRP Cetaphil range at Chemist Warehouse.,Shop now,IMAGE,https://fb.com/canvas_doc/1776819243477623,fb.com,/canvas_doc/1776819243477623,,,,,,,Not Specified,,,,,,,,,,"['FACEBOOK', 'INSTAGRAM', 'AUDIENCE_NETWORK', 'MESSENGER', 'WHATSAPP', 'THREADS']",,,,,2026-W29,2026-07,"FACEBOOK, INSTAGRAM, AUDIENCE_NETWORK, MESSENGER, WHATSAPP, THREADS",True,True,True,True,True,True,Internal/App Page,True,True,False,2026-07-20,2026-07-08 07:00:00,2026-07-20 15:37:32.553203,12
1013122857989558,2260871374718010,True,2026-07-08 07:00:00,2026-07-19 07:00:00,Chemist Warehouse,Chemist Warehouse,{{product.name}},{{product.brand}},Learn more,DCO,https://www.chemistwarehouse.com.au/shop-online/705628/oli6?utm_source=facebook&utm_medium=social&utm_campaign=au_cw_coop_facebook_social_nuchevptyltd_oli6_20_2026_100001-bau_carousel-video&utm_term=traffic&utm_content=carousel-video_static,www.chemistwarehouse.com.au,/shop-online/705628/oli6,facebook,social,au_cw_coop_facebook_social_nuchevptyltd_oli6_20_2026_100001-bau_carousel-video,20,traffic,carousel-video_static,Coop,Nuchevptyltd,Oli6,2026,carousel-video,Goat Milk. Gentle Relief.,Naturally A2 Protein. Goat Milk nutrition easier on little tummies.,Learn More,https://scontent-ams2-1.xx.fbcdn.net/v/t39.35426-6/688904242_1446325947296408_8976737769711733008_n.jpg?_nc_cat=108&ccb=1-7&_nc_sid=c53f8f&_nc_ohc=FjT6UwtNEyQQ7kNvwFDAfdJ&_nc_oc=AdqNjo2fykh8cB0qO1iFsNecHlPf2BWbJSx2g9SLCNX47ku0lN-GDZ9QGHDGQt2Z6Og&_nc_zt=14&_nc_ht=scontent-ams2-1.xx&_nc_gid=VfxMNAONFCgqpZQygB2Nbw&_nc_ss=7f180&oh=00_AQChJxoS0tzX6k3KCrEX6eWTFfsg3BDYV7UKPZLC0vsipQ&oe=6A62FFAF,,"['FACEBOOK', 'INSTAGRAM', 'MESSENGER', 'THREADS']",au,cw,facebook,social,2026-W29,2026-07,"FACEBOOK, INSTAGRAM, MESSENGER, THREADS",True,True,False,True,True,False,Brand/Category Page,True,False,False,2026-07-20,2026-07-08 07:00:00,2026-07-20 15:37:32.553203,12
1020280524126168,903028348811551,True,2026-07-08 07:00:00,2026-07-19 07:00:00,Chemist Warehouse,Chemist Warehouse,{{product.name}},{{product.brand}},Shop now,DCO,https://www.chemistwarehouse.com.au/shop-online/loreal-elvive-collagen-lifter-range?utm_source=facebook&utm_medium=social&utm_campaign=au_cw_coop_facebook_social_lorealaustraliaptyltd_lorealparis_665_2026_bau_dynamic&utm_term=traffic&utm_content=collagenlifter,www.chemistwarehouse.com.au,/shop-online/loreal-elvive-collagen-lifter-range,facebook,social,au_cw_coop_facebook_social_lorealaustraliaptyltd_lorealparis_665_2026_bau_dynamic,665,traffic,collagenlifter,Coop,Lorealaustraliaptyltd,Lorealparis,2026,dynamic,Now 1/2 price off RRP!,"Discover the NEW Big Hair Day Refreshing Volume Spray. Spray to the roots, massage with fingers, and see the instant root lift!",Shop Now,https://scontent-ams2-1.xx.fbcdn.net/v/t39.35426-6/742929941_1584108346620272_8977781173141607693_n.jpg?_nc_cat=108&ccb=1-7&_nc_sid=c53f8f&_nc_ohc=mWSi4Uk-wd4Q7kNvwE39i8-&_nc_oc=AdpDACcw77y_H-IRYSIyeaTkV-064v2OPXXRP5ChMSia8_MRvBqQJ0C9VLSHyVTM1q8&_nc_zt=14&_nc_ht=scontent-ams2-1.xx&_nc_gid=JGzalye9-79F6cE5MYR5Mg&_nc_ss=7f180&oh=00_AQBrPQBDRrfh_ZI3MULbOI_b7HIB9iZAI74THF9UDrv8Vg&oe=6A632127,,"['FACEBOOK', 'INSTAGRAM', 'AUDIENCE_NETWORK', 'MESSENGER', 'THREADS']",au,cw,facebook,social,2026-W29,2026-07,"FACEBOOK, INSTAGRAM, AUDIENCE_NETWORK, MESSENGER, THREADS",True,True,True,True,True,False,Brand/Category Page,True,False,False,2026-07-20,2026-07-08 07:00:00,2026-07-20 15:37:32.553203,12
1014960164626480,1554316356243298,True,2026-07-08 07:00:00,2026-07-19 07:00:00,Chemist Warehouse,Chemist Warehouse,Shop Ethical Nutrients at Chemist Warehouse,Get 1/2 Price Off RRP on Ethical Nutrients Mega Magnesium right now at Chemist Warehouse!,Shop now,VIDEO,https://fb.com/messenger_doc/,fb.com,/messenger_doc/,,,,,,,Not Specified,,,,,,,,,,"['FACEBOOK', 'INSTAGRAM']",,,,,2026-W29,2026-07,"FACEBOOK, INSTAGRAM",True,True,False,False,False,False,Other,True,True,False,2026-07-20,2026-07-08 07:00:00,2026-07-20 15:37:32.553203,12
902675328846859,37379557578326046,True,2026-07-08 07:00:00,2026-07-19 07:00:00,Chemist Warehouse,Chemist Warehouse,,{{product.brand}},Shop now,DCO,https://www.chemistwarehouse.com.au/shop-online/4616/ferro-grad,www.chemistwarehouse.com.au,/shop-online/4616/ferro-grad,,,,,,,Not Specified,,,,,Get Ferro-grad C,Shop Ferro-grad at Chemist Warehouse to treat & prevent medically diagnosed iron deficiency.,Shop Now,,https://video-ams2-1.xx.fbcdn.net/o1/v/t2/f2/m366/AQNpspUDs3PeXM15pNzj0bjC8O6h7JpJjjvtk22kBObaT-VYbJdLVje4G3m--qLVAuIvCjcugavmps5TGc3iSypkKsTt-k0ogqCQ9leNI1SGFQ.mp4?_nc_cat=110&_nc_sid=b66105&_nc_ht=video-ams2-1.xx.fbcdn.net&_nc_ohc=ymXsvF9fYtUQ7kNvwEQijbL&efg=eyJ2ZW5jb2RlX3RhZyI6Inhwdl9wcm9ncmVzc2l2ZS5WSV9VU0VDQVNFX1BST0RVQ1RfVFlQRS4uQzMuNzIwLmRhc2hfaDI2NC1iYXNpYy1nZW4yXzcyMHAiLCJ4cHZfYXNzZXRfaWQiOjk1ODE0NTQ3MDU3ODU0NiwiYXNzZXRfYWdlX2RheXMiOjE2LCJ2aV91c2VjYXNlX2lkIjoxMDc5OSwiZHVyYXRpb25fcyI6NiwidXJsZ2VuX3NvdXJjZSI6Ind3dyJ9&ccb=17-1&vs=a9cce9ea8bc63f82&_nc_vs=HBksFQIYRWZiX2VwaGVtZXJhbC9ENjRBRDFEMUFDQzBEM0RCMDlCQjk2NTJDMkFFMDlCRF9tdF8xX3ZpZGVvX2Rhc2hpbml0Lm1wNBUAAsgBEgAVAhhAZmJfcGVybWFuZW50LzI2NDQ1Nzg2NkQzQUZCNTZBRjU2MzY5MThEQUUwOThDX2F1ZGlvX2Rhc2hpbml0Lm1wNBUCAsgBEgAoABgAGwKIB3VzZV9vaWwBMRJwcm9ncmVzc2l2ZV9yZWNpcGUBMRUAACbk_dWGtNuzAxUCKAJDMywXQBgAAAAAAAAYGWRhc2hfaDI2NC1iYXNpYy1nZW4yXzcyMHARAHUAZd6oAQA&_nc_gid=JGzalye9-79F6cE5MYR5Mg&_nc_ss=7f180&_nc_zt=28&oh=00_AQC7oalCzbHBLPA3mHamoi7vzfJxfUoAI-d1eAKOIx9tOQ&oe=6A632ED6,['INSTAGRAM'],,,,,2026-W29,2026-07,INSTAGRAM,False,True,False,False,False,False,Brand/Category Page,True,False,False,2026-07-20,2026-07-08 07:00:00,2026-07-20 15:37:32.553203,12
1396040005793829,,True,2026-07-08 07:00:00,2026-07-19 07:00:00,Chemist Warehouse,Chemist Warehouse,{{product.name}},{{product.brand}},See details,DCO,https://www.chemistwarehouse.com.au/shop-online/5365/souvenaid?utm_source=facebook&utm_medium=social&utm_campaign=au_cw_coop_facebook_social_nutriciaaustraliaptylimited_souvenaid_81_2026_bau_dynamic&utm_term=conversion&utm_content=dynamic_video,www.chemistwarehouse.com.au,/shop-online/5365/souvenaid,facebook,social,au_cw_coop_facebook_social_nutriciaaustraliaptylimited_souvenaid_81_2026_bau_dynamic,81,conversion,dynamic_video,Coop,Nutriciaaustraliaptylimited,Souvenaid,2026,dynamic,Souvenaid at Chemist Warehouse,Souvenaid: Supports Memory Function,See Details,,https://video-ams2-1.xx.fbcdn.net/o1/v/t2/f2/m366/AQNVR_I92gW6yzaVUl-xjgvOMSA690mP2aJuNcnszJHkJzDsLm-vbxeBUZfBD9V8MUjrAkPjkYWNRGoAsEqHzTn3GKA04Lmqk-fInicXIU2ZBA.mp4?_nc_cat=105&_nc_sid=b66105&_nc_ht=video-ams2-1.xx.fbcdn.net&_nc_ohc=MqpSai177M8Q7kNvwEtBKJO&efg=eyJ2ZW5jb2RlX3RhZyI6Inhwdl9wcm9ncmVzc2l2ZS5WSV9VU0VDQVNFX1BST0RVQ1RfVFlQRS4uQzMuNzIwLmRhc2hfaDI2NC1iYXNpYy1nZW4yXzcyMHAiLCJ4cHZfYXNzZXRfaWQiOjE0OTE5OTY2MzI2MDk3OTMsImFzc2V0X2FnZV9kYXlzIjoxMSwidmlfdXNlY2FzZV9pZCI6MTA3OTksImR1cmF0aW9uX3MiOjE0LCJ1cmxnZW5fc291cmNlIjoid3d3In0%3D&ccb=17-1&vs=bd4f0322b63fefdf&_nc_vs=HBksFQIYRWZiX2VwaGVtZXJhbC8zRDRGQ0Y0Q0MxQTQ1Q0IzQjhGMUVCNDdEMjY4QkJBQV9tdF8xX3ZpZGVvX2Rhc2hpbml0Lm1wNBUAAsgBEgAVAhhAZmJfcGVybWFuZW50LzNGNEUyQzY1QTQwNTgzRjg0M0MyREQ1MzUwMjhDMjg3X2F1ZGlvX2Rhc2hpbml0Lm1wNBUCAsgBEgAoABgAGwKIB3VzZV9vaWwBMRJwcm9ncmVzc2l2ZV9yZWNpcGUBMRUAACaC0NeU0b2mBRUCKAJDMywXQCwhysCDEm8YGWRhc2hfaDI2NC1iYXNpYy1nZW4yXzcyMHARAHUAZd6oAQA&_nc_gid=JGzalye9-79F6cE5MYR5Mg&_nc_ss=7f180&_nc_zt=28&oh=00_AQAHRhKlpR7bmoVNfS_Ao1_vwpb0gN76GZxHzEn0cg9SGA&oe=6A6313CF,"['FACEBOOK', 'INSTAGRAM']",au,cw,facebook,social,2026-W29,2026-07,"FACEBOOK, INSTAGRAM",True,True,False,False,False,False,Brand/Category Page,True,False,False,2026-07-20,2026-07-08 07:00:00,2026-07-20 15:37:32.553203,12
1386228933362601,,True,2026-07-08 07:00:00,2026-07-19 07:00:00,Chemist Warehouse,Chemist Warehouse,Nutritionally support memory,Souvenaid Memory Drink: Hold On To What Matters,Learn more,VIDEO,https://fb.com/canvas_doc/2778011512579094,fb.com,/canvas_doc/2778011512579094,,,,,,,Not Specified,,,,,,,,,,"['FACEBOOK', 'INSTAGRAM']",,,,,2026-W29,2026-07,"FACEBOOK, INSTAGRAM",True,True,False,False,False,False,Internal/App Page,True,False,False,2026-07-20,2026-07-08 07:00:00,2026-07-20 15:37:32.553203,12
1693335565307605,,True,2026-07-08 07:00:00,2026-07-19 07:00:00,Chemist Warehouse,Chemist Warehouse,{{product.name}},{{product.brand}},Learn more,DCO,https://www.chemistwarehouse.com.au/shop-online/5365/souvenaid?utm_source=facebook&utm_medium=social&utm_campaign=au_cw_coop_facebook_social_nutriciaaustraliaptylimited_souvenaid_81_2026_bau_dynamic&utm_term=conversion&utm_content=dynamic_video,www.chemistwarehouse.com.au,/shop-online/5365/souvenaid,facebook,social,au_cw_coop_facebook_social_nutriciaaustraliaptylimited_souvenaid_81_2026_bau_dynamic,81,conversion,dynamic_video,Coop,Nutriciaaustraliaptylimited,Souvenaid,2026,dynamic,Souvenaid at Chemist Warehouse,Souvenaid Memory Drink: Hold On To What Matters,Learn More,,https://video-ams2-1.xx.fbcdn.net/o1/v/t2/f2/m366/AQP38oW-8AOv2TKQqziY1QE11AcTW56ZtU40oc_hqoGqqTfRPMWPNy9zic2HVVe-y9KHkDyMBT5oIKOh-GblBrWGoryVS7ZAdudA-zFqis3GqQ.mp4?_nc_cat=107&_nc_sid=b66105&_nc_ht=video-ams2-1.xx.fbcdn.net&_nc_ohc=qwK3XOb1vC8Q7kNvwFlJE-B&efg=eyJ2ZW5jb2RlX3RhZyI6Inhwdl9wcm9ncmVzc2l2ZS5WSV9VU0VDQVNFX1BST0RVQ1RfVFlQRS4uQzMuNzIwLmRhc2hfaDI2NC1iYXNpYy1nZW4yXzcyMHAiLCJ4cHZfYXNzZXRfaWQiOjI3MzIxNTk2NTU0MTYzMzUwLCJhc3NldF9hZ2VfZGF5cyI6MTEsInZpX3VzZWNhc2VfaWQiOjEwNzk5LCJkdXJhdGlvbl9zIjozMCwidXJsZ2VuX3NvdXJjZSI6Ind3dyJ9&ccb=17-1&vs=60d2f78118142318&_nc_vs=HBksFQIYRWZiX2VwaGVtZXJhbC85RjRBMEI3REZCMTBGMzJDRThDM0QxNUNFRkUxMUVCNV9tdF8xX3ZpZGVvX2Rhc2hpbml0Lm1wNBUAAsgBEgAVAhhAZmJfcGVybWFuZW50L0U3NDhFMTg4RDVGQkVCRUZERTZCRDM1QUMzOUVBNEFBX2F1ZGlvX2Rhc2hpbml0Lm1wNBUCAsgBEgAoABgAGwKIB3VzZV9vaWwBMRJwcm9ncmVzc2l2ZV9yZWNpcGUBMRUAACas0vWUnbaIYRUCKAJDMywXQD4IcrAgxJwYGWRhc2hfaDI2NC1iYXNpYy1nZW4yXzcyMHARAHUAZd6oAQA&_nc_gid=JGzalye9-79F6cE5MYR5Mg&_nc_ss=7f180&_nc_zt=28&oh=00_AQA22GV-vgDIRoDDTao-bYh6OKODR9iYJdPvRKw6g8gLBQ&oe=6A630331,"['FACEBOOK', 'INSTAGRAM']",au,cw,facebook,social,2026-W29,2026-07,"FACEBOOK, INSTAGRAM",True,True,False,False,False,False,Brand/Category Page,True,False,False,2026-07-20,2026-07-08 07:00:00,2026-07-20 15:37:32.553203,12
928743859625748,1516384589496002,True,2026-07-08 07:00:00,2026-07-19 07:00:00,Chemist Warehouse,Chemist Warehouse,Switching to EZEE Mobile,"Stop overpaying for mobile? EZEE Mobile has plans from just $29 - with no lock-in.
✅ Unlimited calls & texts in Australia
✅ Unlimited calls & SMS to 15 countries, including India, China, UK & USA
✅ Data banking, unused data rolls over
✅ Data gifting, share data with family
✅ 30-day expiry, not 28
✅ Free eSIM or $2 physical SIM
✅ Keep your number
Mobile made EZEE. 💚",Learn more,VIDEO,https://ezeemobile.com.au/plans?utm_source=facebook&utm_medium=social&utm_campaign=au_cw_house_facebook_social_ezeemobile_ezee_0_nov25_welcomeseries_video-image&utm_term=traffic&utm_content=video-image_july-dan-caulking,ezeemobile.com.au,/plans,facebook,social,au_cw_house_facebook_social_ezeemobile_ezee_0_nov25_welcomeseries_video-image,0,traffic,video-image_july-dan-caulking,House,Ezeemobile,Ezee,nov25,video-image,,,,,,"['FACEBOOK', 'INSTAGRAM', 'AUDIENCE_NETWORK', 'MESSENGER', 'THREADS']",au,cw,facebook,social,2026-W29,2026-07,"FACEBOOK, INSTAGRAM, AUDIENCE_NETWORK, MESSENGER, THREADS",True,True,True,True,True,False,Plans/Pricing Page,True,False,False,2026-07-20,2026-07-08 07:00:00,2026-07-20 15:37:32.553203,12
1619445789139299,,True,2026-07-08 07:00:00,2026-07-19 07:00:00,Chemist Warehouse,Chemist Warehouse,Available at Chemist Warehouse,Shop Sprout Toddler Milk Drink Neutral 12+ Months 700g at Chemist Warehouse,Shop now,VIDEO,https://www.chemistwarehouse.com.au/buy/119009/sprout-toddler-milk-drink-neutral-700g?utm_source=facebook&utm_medium=social&utm_campaign=au_cw_oa_facebook_social_sproutorganicptyltd_sprout_20_jul26_100543-boosting_video&utm_term=traffic&utm_content=video_instore-video,www.chemistwarehouse.com.au,/buy/119009/sprout-toddler-milk-drink-neutral-700g,facebook,social,au_cw_oa_facebook_social_sproutorganicptyltd_sprout_20_jul26_100543-boosting_video,20,traffic,video_instore-video,O&O,Sproutorganicptyltd,Sprout,jul26,video,,,,,,"['FACEBOOK', 'INSTAGRAM']",au,cw,facebook,social,2026-W29,2026-07,"FACEBOOK, INSTAGRAM",True,True,False,False,False,False,SKU Product,True,True,False,2026-07-20,2026-07-08 07:00:00,2026-07-20 15:37:32.553203,12
26398481646494194,,True,2026-07-08 07:00:00,2026-07-19 07:00:00,Chemist Warehouse,Chemist Warehouse,{{product.name}},{{product.brand}},Shop now,DCO,https://www.chemistwarehouse.com.au/shop-online/6897/glow-culture?utm_source=facebook&utm_medium=social&utm_campaign=au_cw_oa_facebook_social_glowculture_glowculture_665_jul26_100475-boosting_video-image&utm_term=traffic&utm_content=video-image_static-image,www.chemistwarehouse.com.au,/shop-online/6897/glow-culture,facebook,social,au_cw_oa_facebook_social_glowculture_glowculture_665_jul26_100475-boosting_video-image,665,traffic,video-image_static-image,O&O,Glowculture,Glowculture,jul26,video-image,Available at Chemist Warehouse,Shop Glow Naked Hydra Melt Cleansing Balm at Chemist Warehouse.,Shop Now,https://scontent-ams2-1.xx.fbcdn.net/v/t39.35426-6/734128878_2552711461843269_6269362084760480956_n.jpg?_nc_cat=105&ccb=1-7&_nc_sid=c53f8f&_nc_ohc=65OrIexDNaQQ7kNvwFZroVK&_nc_oc=Adp9X80yZrSw24tAyBThbpBocs4J4ipfTKS4MB-xXkQHFsJ3s2_PFnRwF3BXKhBmYo8&_nc_zt=14&_nc_ht=scontent-ams2-1.xx&_nc_gid=JGzalye9-79F6cE5MYR5Mg&_nc_ss=7f180&oh=00_AQBzLMMlV7aVaubQxYEdy6WkaBFVezMpiFh2uMrwk8ArYA&oe=6A6312D8,,"['FACEBOOK', 'INSTAGRAM', 'AUDIENCE_NETWORK', 'MESSENGER', 'WHATSAPP', 'THREADS']",au,cw,facebook,social,2026-W29,2026-07,"FACEBOOK, INSTAGRAM, AUDIENCE_NETWORK, MESSENGER, WHATSAPP, THREADS",True,True,True,True,True,True,Brand/Category Page,True,False,False,2026-07-20,2026-07-08 07:00:00,2026-07-20 15:37:32.553203,12
1518281109996708,,True,2026-07-08 07:00:00,2026-07-19 07:00:00,Chemist Warehouse,Chemist Warehouse,Shop Schwarzkopft Live Colour On Sale,Live Colour now 50% off at Chemist Warehouse.,Shop now,VIDEO,https://www.chemistwarehouse.com.au/shop-online/705615/schwarzkopf-live-colour?utm_source=facebook&utm_medium=social&utm_campaign=au_cw_coop_facebook_social_henkelaustraliaptyltd_all_129_2026_100455-bau_image&utm_term=traffic&utm_content=video_kirsty,www.chemistwarehouse.com.au,/shop-online/705615/schwarzkopf-live-colour,facebook,social,au_cw_coop_facebook_social_henkelaustraliaptyltd_all_129_2026_100455-bau_image,129,traffic,video_kirsty,Coop,Henkelaustraliaptyltd,All,2026,image,,,,,,"['FACEBOOK', 'INSTAGRAM']",au,cw,facebook,social,2026-W29,2026-07,"FACEBOOK, INSTAGRAM",True,True,False,False,False,False,Brand/Category Page,True,True,False,2026-07-20,2026-07-08 07:00:00,2026-07-20 15:37:32.553203,12
1407574177877455,,True,2026-07-08 07:00:00,2026-07-19 07:00:00,Chemist Warehouse,Chemist Warehouse,{{product.name}},{{product.brand}},Shop now,DCO,https://www.chemistwarehouse.com.au/shop-online/6897/glow-culture?utm_source=facebook&utm_medium=social&utm_campaign=au_cw_oa_facebook_social_glowculture_glowculture_665_jul26_100475-boosting_video-image&utm_term=traffic&utm_content=video-image_instore-video,www.chemistwarehouse.com.au,/shop-online/6897/glow-culture,facebook,social,au_cw_oa_facebook_social_glowculture_glowculture_665_jul26_100475-boosting_video-image,665,traffic,video-image_instore-video,O&O,Glowculture,Glowculture,jul26,video-image,Available at Chemist Warehouse,Shop Glow Naked Hydra Melt Cleansing Balm at Chemist Warehouse.,Shop Now,,https://video-ams2-1.xx.fbcdn.net/o1/v/t2/f2/m366/AQMCkrLWGLLzzAbdp92SKVNyMxw86QYIwwKzx9S6Tlt6IufbEjnHSVl9jrJNpgYZIbUEe6jGtB5lzBMjxPdaXEXsTTKddf7S8QJ2p9ccmkCdRg.mp4?_nc_cat=104&_nc_sid=b66105&_nc_ht=video-ams2-1.xx.fbcdn.net&_nc_ohc=1ZapUQtD6MwQ7kNvwGCn3i8&efg=eyJ2ZW5jb2RlX3RhZyI6Inhwdl9wcm9ncmVzc2l2ZS5WSV9VU0VDQVNFX1BST0RVQ1RfVFlQRS4uQzMuNzIwLmRhc2hfaDI2NC1iYXNpYy1nZW4yXzcyMHAiLCJ4cHZfYXNzZXRfaWQiOjIyMzIwMDY2MjQyMjE5ODEsImFzc2V0X2FnZV9kYXlzIjoxOSwidmlfdXNlY2FzZV9pZCI6MTA3OTksImR1cmF0aW9uX3MiOjEzLCJ1cmxnZW5fc291cmNlIjoid3d3In0%3D&ccb=17-1&vs=ec8f8b1c47309d0d&_nc_vs=HBksFQIYRWZiX2VwaGVtZXJhbC8wRDQ5ODY2N0ZBQUJDRThFMjgzRDRCOTdEMkMyOTc5OF9tdF8xX3ZpZGVvX2Rhc2hpbml0Lm1wNBUAAsgBEgAVAhhAZmJfcGVybWFuZW50L0U4NDVBMTUzQ0U5RENDRjIzMUZEQjRGOUMwOTA2NUE2X2F1ZGlvX2Rhc2hpbml0Lm1wNBUCAsgBEgAoABgAGwKIB3VzZV9vaWwBMRJwcm9ncmVzc2l2ZV9yZWNpcGUBMRUAACa67Mif8f_2BxUCKAJDMywXQCqZmZmZmZoYGWRhc2hfaDI2NC1iYXNpYy1nZW4yXzcyMHARAHUAZd6oAQA&_nc_gid=JGzalye9-79F6cE5MYR5Mg&_nc_ss=7f180&_nc_zt=28&oh=00_AQDDZZ6OLbN5adxjfDgbjDY4-GhEK7jZdpF3aNPdv_Dn3w&oe=6A632D3C,"['FACEBOOK', 'INSTAGRAM', 'AUDIENCE_NETWORK', 'MESSENGER', 'WHATSAPP', 'THREADS']",au,cw,facebook,social,2026-W29,2026-07,"FACEBOOK, INSTAGRAM, AUDIENCE_NETWORK, MESSENGER, WHATSAPP, THREADS",True,True,True,True,True,True,Brand/Category Page,True,False,False,2026-07-20,2026-07-08 07:00:00,2026-07-20 15:37:32.553203,12
1363826172620479,,True,2026-07-08 07:00:00,2026-07-19 07:00:00,Chemist Warehouse,Chemist Warehouse,Shop Oral B now at Chemist Warehouse!,Ditch that fuzzy feeling with the Oral B iO3 Electric Toothbrush.,Shop now,IMAGE,https://www.chemistwarehouse.com.au/buy/137047/oral-b-power-toothbrush-io-3-series-blue,www.chemistwarehouse.com.au,/buy/137047/oral-b-power-toothbrush-io-3-series-blue,,,,,,,Not Specified,,,,,,,,,,"['FACEBOOK', 'INSTAGRAM', 'THREADS']",,,,,2026-W29,2026-07,"FACEBOOK, INSTAGRAM, THREADS",True,True,False,False,True,False,SKU Product,True,True,False,2026-07-20,2026-07-08 07:00:00,2026-07-20 15:37:32.553203,12
2091709761764150,,True,2026-07-08 07:00:00,2026-07-19 07:00:00,Chemist Warehouse,Chemist Warehouse,Shop Inner Health now at Chemist Warehouse!,Ready to own the morning? Start strong with Inner Health Plus Probiotic capsules.,Shop now,IMAGE,https://www.chemistwarehouse.com.au/buy/92655/inner-health-plus-double-strength-probiotic-60-capsules,www.chemistwarehouse.com.au,/buy/92655/inner-health-plus-double-strength-probiotic-60-capsules,,,,,,,Not Specified,,,,,,,,,,"['FACEBOOK', 'INSTAGRAM', 'THREADS']",,,,,2026-W29,2026-07,"FACEBOOK, INSTAGRAM, THREADS",True,True,False,False,True,False,SKU Product,True,True,False,2026-07-20,2026-07-08 07:00:00,2026-07-20 15:37:32.553203,12
1654032042339125,,True,2026-07-08 07:00:00,2026-07-19 07:00:00,Chemist Warehouse,Chemist Warehouse,Find Hydralyte at Chemist Warehouse!,Don’t let dehydration get the better of you. Rehydrate rapidly with Hydralyte.,Shop now,IMAGE,https://www.chemistwarehouse.com.au/buy/143029/hydralyte-electrolyte-effervescent-watermelon-60-tablets-exclusive-size,www.chemistwarehouse.com.au,/buy/143029/hydralyte-electrolyte-effervescent-watermelon-60-tablets-exclusive-size,,,,,,,Not Specified,,,,,,,,,,"['FACEBOOK', 'INSTAGRAM', 'THREADS']",,,,,2026-W29,2026-07,"FACEBOOK, INSTAGRAM, THREADS",True,True,False,False,True,False,SKU Product,True,True,False,2026-07-20,2026-07-08 07:00:00,2026-07-20 15:37:32.553203,12
923096664072078,,True,2026-07-08 07:00:00,2026-07-18 07:00:00,Chemist Warehouse,Chemist Warehouse,Shop Schwarzkopft Live Colour On Sale,Live Colour now 50% off at Chemist Warehouse.,Shop now,VIDEO,https://www.chemistwarehouse.com.au/shop-online/705615/schwarzkopf-live-colour?utm_source=facebook&utm_medium=social&utm_campaign=au_cw_coop_facebook_social_henkelaustraliaptyltd_all_129_2026_100455-bau_image&utm_term=traffic&utm_content=video_tobi,www.chemistwarehouse.com.au,/shop-online/705615/schwarzkopf-live-colour,facebook,social,au_cw_coop_facebook_social_henkelaustraliaptyltd_all_129_2026_100455-bau_image,129,traffic,video_tobi,Coop,Henkelaustraliaptyltd,All,2026,image,,,,,,"['FACEBOOK', 'INSTAGRAM']",au,cw,facebook,social,2026-W29,2026-07,"FACEBOOK, INSTAGRAM",True,True,False,False,False,False,Brand/Category Page,True,True,False,2026-07-20,2026-07-08 07:00:00,2026-07-20 15:37:32.553203,12
4452156541722776,,True,2026-07-08 07:00:00,2026-07-18 07:00:00,Chemist Warehouse,Chemist Warehouse,Nutritionally support memory,Souvenaid: Supports Memory Function,Learn more,VIDEO,https://fb.com/canvas_doc/1591172115975460,fb.com,/canvas_doc/1591172115975460,,,,,,,Not Specified,,,,,,,,,,"['FACEBOOK', 'INSTAGRAM']",,,,,2026-W29,2026-07,"FACEBOOK, INSTAGRAM",True,True,False,False,False,False,Internal/App Page,True,False,False,2026-07-20,2026-07-08 07:00:00,2026-07-20 15:37:32.553203,12
28101019109500089,,True,2026-07-08 07:00:00,2026-07-19 07:00:00,Chemist Warehouse,Chemist Warehouse,{{product.name}},{{product.brand}},Shop now,DCO,https://www.chemistwarehouse.com.au/shop-online/511/cenovis?category=Cold%2C%20Flu%20%26%20Immunity&utm_source=facebook&utm_medium=social&utm_campaign=au_cw_oa_facebook_social_sanoficonsumerhealthcare_cenovis_81_june26_100422-immunity_video-image&utm_term=traffic&utm_content=video-image_brand,www.chemistwarehouse.com.au,/shop-online/511/cenovis,facebook,social,au_cw_oa_facebook_social_sanoficonsumerhealthcare_cenovis_81_june26_100422-immunity_video-image,81,traffic,video-image_brand,O&O,Sanoficonsumerhealthcare,Cenovis,june26,video-image,"Cenovis, a daily dose of good",Supports healthy immune system function to help fight illness. Always read the label and follow the directions for use,Shop Now,https://scontent-ams2-1.xx.fbcdn.net/v/t39.35426-6/727446362_1313396664238924_1537399988345102198_n.jpg?_nc_cat=100&ccb=1-7&_nc_sid=c53f8f&_nc_ohc=13dgGh71FmcQ7kNvwHumA-4&_nc_oc=Adp0qIIALYzjNUx7vRx374OKdpyehwC8nrORpgTgCOQT7pOaMXBYNTALdrE8ng5XaLs&_nc_zt=14&_nc_ht=scontent-ams2-1.xx&_nc_gid=JGzalye9-79F6cE5MYR5Mg&_nc_ss=7f180&oh=00_AQDEYescwnnqN1o9S04GSXsIkwOEQfjRPM7vOQ1zUrdmrw&oe=6A6331A8,,"['FACEBOOK', 'INSTAGRAM', 'AUDIENCE_NETWORK', 'MESSENGER', 'WHATSAPP', 'THREADS']",au,cw,facebook,social,2026-W29,2026-07,"FACEBOOK, INSTAGRAM, AUDIENCE_NETWORK, MESSENGER, WHATSAPP, THREADS",True,True,True,True,True,True,Brand/Category Page,True,False,False,2026-07-20,2026-07-08 07:00:00,2026-07-20 15:37:32.553203,12
2787629221605924,1045770264850837,True,2026-07-09 07:00:00,2026-07-19 07:00:00,Chemist Warehouse,Chemist Warehouse,Shop Swisse Ultiboost now at Chemist Warehouse!,Not getting enough sunshine this winter? Try this easy Swisse Ultiboost Vitamin D!,Shop now,PAGE_LIKE,https://www.chemistwarehouse.com.au/buy/124470/swisse-vitamin-d-500-capsules-exclusive-size,www.chemistwarehouse.com.au,/buy/124470/swisse-vitamin-d-500-capsules-exclusive-size,,,,,,,Not Specified,,,,,,,,,,"['FACEBOOK', 'INSTAGRAM', 'THREADS']",,,,,2026-W29,2026-07,"FACEBOOK, INSTAGRAM, THREADS",True,True,False,False,True,False,SKU Product,True,True,False,2026-07-20,2026-07-09 07:00:00,2026-07-20 15:37:32.553203,11
1570206694625296,1711567360148195,True,2026-07-09 07:00:00,2026-07-19 07:00:00,Chemist Warehouse,Chemist Warehouse,Shop Swisse Ultiboost now at Chemist Warehouse!,Not getting enough sunshine this winter? Try this easy Swisse Ultiboost Vitamin D!,Shop now,VIDEO,https://www.chemistwarehouse.com.au/buy/124470/swisse-vitamin-d-500-capsules-exclusive-size,www.chemistwarehouse.com.au,/buy/124470/swisse-vitamin-d-500-capsules-exclusive-size,,,,,,,Not Specified,,,,,,,,,,"['FACEBOOK', 'INSTAGRAM', 'MESSENGER']",,,,,2026-W29,2026-07,"FACEBOOK, INSTAGRAM, MESSENGER",True,True,False,True,False,False,SKU Product,True,True,False,2026-07-20,2026-07-09 07:00:00,2026-07-20 15:37:32.553203,11
1025721439925524,,True,2026-07-08 07:00:00,2026-07-19 07:00:00,Chemist Warehouse,Chemist Warehouse,{{product.name}},{{product.brand}},Shop now,DCO,https://www.chemistwarehouse.com.au/shop-online/505/natures-own?category=Energy%20%26%20Fitness&utm_source=facebook&utm_medium=social&utm_campaign=au_cw_oa_facebook_social_sanoficonsumerhealthcare_naturesown_81_2026_bau_dynamic&utm_term=conversion&utm_content=dynamic_brand,www.chemistwarehouse.com.au,/shop-online/505/natures-own,facebook,social,au_cw_oa_facebook_social_sanoficonsumerhealthcare_naturesown_81_2026_bau_dynamic,81,conversion,dynamic_brand,O&O,Sanoficonsumerhealthcare,Naturesown,2026,dynamic,Bring your energy back into balance,Nature's Own Super B Complex is specially formulated with all 8 B vitamins to support energy levels & relieve tiredness.,Shop Now,https://scontent-ams2-1.xx.fbcdn.net/v/t39.35426-6/727587458_867314353111638_4205602412825552019_n.jpg?_nc_cat=110&ccb=1-7&_nc_sid=c53f8f&_nc_ohc=a7Aic0zNNIUQ7kNvwHk_NOj&_nc_oc=Ado01E6j2lilyg5TDFePJG9Nyn41ZEivYbzP3cmtAFoA0i6-qCQ3T6oveMWdtghE7PU&_nc_zt=14&_nc_ht=scontent-ams2-1.xx&_nc_gid=JGzalye9-79F6cE5MYR5Mg&_nc_ss=7f180&oh=00_AQBKM8u5YlFvd0oNtmnIYX8jD4Nj-EJIHa9gseFa-Uw_lg&oe=6A631302,,"['FACEBOOK', 'INSTAGRAM', 'AUDIENCE_NETWORK', 'MESSENGER', 'THREADS']",au,cw,facebook,social,2026-W29,2026-07,"FACEBOOK, INSTAGRAM, AUDIENCE_NETWORK, MESSENGER, THREADS",True,True,True,True,True,False,Brand/Category Page,True,False,False,2026-07-20,2026-07-08 07:00:00,2026-07-20 15:37:32.553203,12
1595910452141340,4295840610639710,True,2026-07-08 07:00:00,2026-07-19 07:00:00,Chemist Warehouse,Chemist Warehouse,{{product.name}},{{product.brand}},Shop now,DCO,https://www.chemistwarehouse.com.au/shop-online/5365/souvenaid?utm_source=facebook&utm_medium=social&utm_campaign=au_cw_oa_facebook_social_nutriciaaustraliaptylimited_souvenaid_81_jul26_100658-oa_video&utm_term=conversion&utm_content=video_branding-video-1,www.chemistwarehouse.com.au,/shop-online/5365/souvenaid,facebook,social,au_cw_oa_facebook_social_nutriciaaustraliaptylimited_souvenaid_81_jul26_100658-oa_video,81,conversion,video_branding-video-1,O&O,Nutriciaaustraliaptylimited,Souvenaid,jul26,video,Souvenaid at Chemist Warehouse,Souvenaid: Supports Memory Function,Shop Now,,https://video-ams2-1.xx.fbcdn.net/o1/v/t2/f2/m366/AQNVR_I92gW6yzaVUl-xjgvOMSA690mP2aJuNcnszJHkJzDsLm-vbxeBUZfBD9V8MUjrAkPjkYWNRGoAsEqHzTn3GKA04Lmqk-fInicXIU2ZBA.mp4?_nc_cat=105&_nc_sid=b66105&_nc_ht=video-ams2-1.xx.fbcdn.net&_nc_ohc=MqpSai177M8Q7kNvwEtBKJO&efg=eyJ2ZW5jb2RlX3RhZyI6Inhwdl9wcm9ncmVzc2l2ZS5WSV9VU0VDQVNFX1BST0RVQ1RfVFlQRS4uQzMuNzIwLmRhc2hfaDI2NC1iYXNpYy1nZW4yXzcyMHAiLCJ4cHZfYXNzZXRfaWQiOjE0OTE5OTY2MzI2MDk3OTMsImFzc2V0X2FnZV9kYXlzIjoxMSwidmlfdXNlY2FzZV9pZCI6MTA3OTksImR1cmF0aW9uX3MiOjE0LCJ1cmxnZW5fc291cmNlIjoid3d3In0%3D&ccb=17-1&vs=bd4f0322b63fefdf&_nc_vs=HBksFQIYRWZiX2VwaGVtZXJhbC8zRDRGQ0Y0Q0MxQTQ1Q0IzQjhGMUVCNDdEMjY4QkJBQV9tdF8xX3ZpZGVvX2Rhc2hpbml0Lm1wNBUAAsgBEgAVAhhAZmJfcGVybWFuZW50LzNGNEUyQzY1QTQwNTgzRjg0M0MyREQ1MzUwMjhDMjg3X2F1ZGlvX2Rhc2hpbml0Lm1wNBUCAsgBEgAoABgAGwKIB3VzZV9vaWwBMRJwcm9ncmVzc2l2ZV9yZWNpcGUBMRUAACaC0NeU0b2mBRUCKAJDMywXQCwhysCDEm8YGWRhc2hfaDI2NC1iYXNpYy1nZW4yXzcyMHARAHUAZd6oAQA&_nc_gid=VfxMNAONFCgqpZQygB2Nbw&_nc_ss=7f180&_nc_zt=28&oh=00_AQDUgNgH572tWpDdOot6ZpCwOUwWBMQmGNyOnokkPAK4kg&oe=6A6313CF,"['FACEBOOK', 'INSTAGRAM', 'AUDIENCE_NETWORK', 'THREADS']",au,cw,facebook,social,2026-W29,2026-07,"FACEBOOK, INSTAGRAM, AUDIENCE_NETWORK, THREADS",True,True,True,False,True,False,Brand/Category Page,True,False,False,2026-07-20,2026-07-08 07:00:00,2026-07-20 15:37:32.553203,12
1365687725544100,,True,2026-07-08 07:00:00,2026-07-19 07:00:00,Chemist Warehouse,Chemist Warehouse,Shop Inner Health now at Chemist Warehouse!,Ready to own the morning? Start strong with Inner Health Plus Probiotic capsules.,Shop now,VIDEO,https://www.chemistwarehouse.com.au/buy/92655/inner-health-plus-double-strength-probiotic-60-capsules,www.chemistwarehouse.com.au,/buy/92655/inner-health-plus-double-strength-probiotic-60-capsules,,,,,,,Not Specified,,,,,,,,,,"['FACEBOOK', 'INSTAGRAM', 'MESSENGER']",,,,,2026-W29,2026-07,"FACEBOOK, INSTAGRAM, MESSENGER",True,True,False,True,False,False,SKU Product,True,True,False,2026-07-20,2026-07-08 07:00:00,2026-07-20 15:37:32.553203,12
2158811554668562,,True,2026-07-08 07:00:00,2026-07-19 07:00:00,Chemist Warehouse,Chemist Warehouse,{{product.name}},{{product.brand}},Shop now,DCO,https://www.chemistwarehouse.com.au/shop-online/505/natures-own?category=Energy%20%26%20Fitness&utm_source=facebook&utm_medium=social&utm_campaign=au_cw_oa_facebook_social_sanoficonsumerhealthcare_naturesown_81_2026_bau_dynamic&utm_term=conversion&utm_content=dynamic_brand,www.chemistwarehouse.com.au,/shop-online/505/natures-own,facebook,social,au_cw_oa_facebook_social_sanoficonsumerhealthcare_naturesown_81_2026_bau_dynamic,81,conversion,dynamic_brand,O&O,Sanoficonsumerhealthcare,Naturesown,2026,dynamic,Bring your energy back into balance,Nature's Own Super B Complex is specially formulated with all 8 B vitamins to support energy levels & relieve tiredness.,Shop Now,,https://video-ams2-1.xx.fbcdn.net/o1/v/t2/f2/m366/AQOFrN6zWaKiKkVXhoILQO71gFv76DUM3ohhswwImX1tNVui33r7TMupObY_i6tKyj5bieRGtB6Du4P32Gs4_1T8I-AdkfzXjUOZ3pLeovzEnA.mp4?_nc_cat=106&_nc_sid=b66105&_nc_ht=video-ams2-1.xx.fbcdn.net&_nc_ohc=llza49iZZgMQ7kNvwFqx7sB&efg=eyJ2ZW5jb2RlX3RhZyI6Inhwdl9wcm9ncmVzc2l2ZS5WSV9VU0VDQVNFX1BST0RVQ1RfVFlQRS4uQzMuNzIwLmRhc2hfaDI2NC1iYXNpYy1nZW4yXzcyMHAiLCJ4cHZfYXNzZXRfaWQiOjEyNTI1MzkwNTAxMzk5MzAsImFzc2V0X2FnZV9kYXlzIjoyNiwidmlfdXNlY2FzZV9pZCI6MTA3OTksImR1cmF0aW9uX3MiOjM0LCJ1cmxnZW5fc291cmNlIjoid3d3In0%3D&ccb=17-1&vs=1da98901b3c17d61&_nc_vs=HBksFQIYRWZiX2VwaGVtZXJhbC82NzRBM0YxNDk0OEUxQkFFRDU5QUQ2NDEwMjNBMjg5N19tdF8xX3ZpZGVvX2Rhc2hpbml0Lm1wNBUAAsgBEgAVAhhAZmJfcGVybWFuZW50L0VENEM1OUYxQTU1QTEyNzgxNDBBRUNDMDY1ODdBN0JDX2F1ZGlvX2Rhc2hpbml0Lm1wNBUCAsgBEgAoABgAGwKIB3VzZV9vaWwBMRJwcm9ncmVzc2l2ZV9yZWNpcGUBMRUAACa0hLWSr8u5BBUCKAJDMywXQEEmZmZmZmYYGWRhc2hfaDI2NC1iYXNpYy1nZW4yXzcyMHARAHUAZd6oAQA&_nc_gid=JGzalye9-79F6cE5MYR5Mg&_nc_ss=7f180&_nc_zt=28&oh=00_AQC00Huyt3rNJqJv5gU3magf6Fxg5Rs4JeMb5RitM8D25A&oe=6A632F9E,"['FACEBOOK', 'INSTAGRAM', 'AUDIENCE_NETWORK', 'MESSENGER', 'THREADS']",au,cw,facebook,social,2026-W29,2026-07,"FACEBOOK, INSTAGRAM, AUDIENCE_NETWORK, MESSENGER, THREADS",True,True,True,True,True,False,Brand/Category Page,True,False,False,2026-07-20,2026-07-08 07:00:00,2026-07-20 15:37:32.553203,12
988099780865219,,True,2026-07-08 07:00:00,2026-07-19 07:00:00,Chemist Warehouse,Chemist Warehouse,"Cenovis, a daily dose of good",Supports healthy immune system function to help fight illness. Always read the label and follow the directions for use,Shop now,VIDEO,https://fb.com/canvas_doc/1975676096389436,fb.com,/canvas_doc/1975676096389436,,,,,,,Not Specified,,,,,,,,,,"['FACEBOOK', 'INSTAGRAM', 'AUDIENCE_NETWORK', 'MESSENGER', 'THREADS']",,,,,2026-W29,2026-07,"FACEBOOK, INSTAGRAM, AUDIENCE_NETWORK, MESSENGER, THREADS",True,True,True,True,True,False,Internal/App Page,True,False,False,2026-07-20,2026-07-08 07:00:00,2026-07-20 15:37:32.553203,12
1034202596226983,,True,2026-07-08 07:00:00,2026-07-19 07:00:00,Chemist Warehouse,Chemist Warehouse,Bring your energy back into balance,Nature's Own Super B Complex is specially formulated with all 8 B vitamins to support energy levels & relieve tiredness.,Shop now,VIDEO,https://fb.com/canvas_doc/4403742589863950,fb.com,/canvas_doc/4403742589863950,,,,,,,Not Specified,,,,,,,,,,"['FACEBOOK', 'INSTAGRAM', 'AUDIENCE_NETWORK', 'MESSENGER', 'THREADS']",,,,,2026-W29,2026-07,"FACEBOOK, INSTAGRAM, AUDIENCE_NETWORK, MESSENGER, THREADS",True,True,True,True,True,False,Internal/App Page,True,False,False,2026-07-20,2026-07-08 07:00:00,2026-07-20 15:37:32.553203,12
1506185573833028,,True,2026-07-08 07:00:00,2026-07-19 07:00:00,Chemist Warehouse,Chemist Warehouse,"Cenovis, a daily dose of good",Supports healthy immune system function to help fight illness. Always read the label and follow the directions for use,Shop now,IMAGE,https://fb.com/canvas_doc/1278588044340805,fb.com,/canvas_doc/1278588044340805,,,,,,,Not Specified,,,,,,,,,,"['FACEBOOK', 'INSTAGRAM', 'AUDIENCE_NETWORK', 'MESSENGER', 'THREADS']",,,,,2026-W29,2026-07,"FACEBOOK, INSTAGRAM, AUDIENCE_NETWORK, MESSENGER, THREADS",True,True,True,True,True,False,Internal/App Page,True,False,False,2026-07-20,2026-07-08 07:00:00,2026-07-20 15:37:32.553203,12
1518857976708827,,True,2026-07-08 07:00:00,2026-07-19 07:00:00,Chemist Warehouse,Chemist Warehouse,{{product.name}},{{product.brand}},Shop now,DCO,https://www.chemistwarehouse.com.au/shop-online/505/natures-own?category=Energy%20%26%20Fitness&utm_source=facebook&utm_medium=social&utm_campaign=au_cw_oa_facebook_social_sanoficonsumerhealthcare_naturesown_81_june26_100466-energy_video-image&utm_term=traffic&utm_content=video-image_brand,www.chemistwarehouse.com.au,/shop-online/505/natures-own,facebook,social,au_cw_oa_facebook_social_sanoficonsumerhealthcare_naturesown_81_june26_100466-energy_video-image,81,traffic,video-image_brand,O&O,Sanoficonsumerhealthcare,Naturesown,june26,video-image,Bring your energy back into balance.,Nature's Own Super B Complex is specially formulated with all 8 B vitamins to support energy levels & relieve tiredness.,Shop Now,https://scontent-ams2-1.xx.fbcdn.net/v/t39.35426-6/729736805_984065880921160_8013680719453959068_n.jpg?_nc_cat=109&ccb=1-7&_nc_sid=c53f8f&_nc_ohc=H14SzLW3qacQ7kNvwExhzUN&_nc_oc=AdpGoRRffeut-hL3vA-WvAmsVd8v0PP6byYY19dIrnEZ5p8O_IWy_-_-vdJgepMgunU&_nc_zt=14&_nc_ht=scontent-ams2-1.xx&_nc_gid=JGzalye9-79F6cE5MYR5Mg&_nc_ss=7f180&oh=00_AQC9y8VX78gBjSOwxdgPEbTUdhHzZTJORwcVltUpTUoE6A&oe=6A631AB5,,"['FACEBOOK', 'INSTAGRAM', 'AUDIENCE_NETWORK', 'MESSENGER', 'WHATSAPP', 'THREADS']",au,cw,facebook,social,2026-W29,2026-07,"FACEBOOK, INSTAGRAM, AUDIENCE_NETWORK, MESSENGER, WHATSAPP, THREADS",True,True,True,True,True,True,Brand/Category Page,True,False,False,2026-07-20,2026-07-08 07:00:00,2026-07-20 15:37:32.553203,12
1342844900595380,1783884829265246,True,2026-07-08 07:00:00,2026-07-19 07:00:00,Chemist Warehouse,Chemist Warehouse,{{product.name}},{{product.brand}},Shop now,DCO,https://www.chemistwarehouse.com.au/shop-online/4907/ecostore?utm_source=facebook&utm_medium=social&utm_campaign=au_cw_oa_facebook_social_ecostore_ecostore_60000_jul26_100637-oa_video-image&utm_term=traffic&utm_content=video-image_,www.chemistwarehouse.com.au,/shop-online/4907/ecostore,facebook,social,au_cw_oa_facebook_social_ecostore_ecostore_60000_jul26_100637-oa_video-image,60000,traffic,video-image_,O&O,Ecostore,Ecostore,jul26,video-image,Loved by sensitive skin,"Gentle, fragrance free care designed for sensitive skin, made for your world.",Shop Now,https://scontent-ams2-1.xx.fbcdn.net/v/t39.35426-6/739496788_1544891660468254_7925195324400005834_n.jpg?_nc_cat=102&ccb=1-7&_nc_sid=c53f8f&_nc_ohc=45yZL-teC24Q7kNvwEZPuZF&_nc_oc=AdpoR-A8KSZcw5owLxVlLD1xnbACBHStGeMi7PDlzp5-XqQigpFI5Y5HSaqCKieQmVQ&_nc_zt=14&_nc_ht=scontent-ams2-1.xx&_nc_gid=JGzalye9-79F6cE5MYR5Mg&_nc_ss=7f180&oh=00_AQBemz_WG-wIwaCpI-nIBigilHkccQeu5MnBWY0_EFAaow&oe=6A631C13,,"['FACEBOOK', 'INSTAGRAM', 'AUDIENCE_NETWORK', 'MESSENGER', 'WHATSAPP', 'THREADS']",au,cw,facebook,social,2026-W29,2026-07,"FACEBOOK, INSTAGRAM, AUDIENCE_NETWORK, MESSENGER, WHATSAPP, THREADS",True,True,True,True,True,True,Brand/Category Page,True,False,False,2026-07-20,2026-07-08 07:00:00,2026-07-20 15:37:32.553203,12
1736386804370351,1275949221091800,True,2026-07-08 07:00:00,2026-07-19 07:00:00,Chemist Warehouse,Chemist Warehouse,{{product.name}},{{product.brand}},Shop now,DCO,https://www.chemistwarehouse.com.au/shop-online/4907/ecostore?utm_source=facebook&utm_medium=social&utm_campaign=au_cw_oa_facebook_social_ecostore_ecostore_60000_jul26_100637-oa_video-image&utm_term=traffic&utm_content=video-image_,www.chemistwarehouse.com.au,/shop-online/4907/ecostore,facebook,social,au_cw_oa_facebook_social_ecostore_ecostore_60000_jul26_100637-oa_video-image,60000,traffic,video-image_,O&O,Ecostore,Ecostore,jul26,video-image,Sensitive care for baby,Thoughtfully made for baby’s delicate skin. Gentle care for your world.,Shop Now,https://scontent-ams2-1.xx.fbcdn.net/v/t39.35426-6/739841033_1750351036382438_4180627876611467464_n.jpg?_nc_cat=109&ccb=1-7&_nc_sid=c53f8f&_nc_ohc=EsJ2jbQgQCUQ7kNvwGkWgoC&_nc_oc=AdrztNAj1G5D2hp7XZdhmA8_f7K9bPEuJzEwoFFLhNmc3hcKB6n8fOpqaRnEQoYbDB0&_nc_zt=14&_nc_ht=scontent-ams2-1.xx&_nc_gid=JGzalye9-79F6cE5MYR5Mg&_nc_ss=7f180&oh=00_AQC58gxb6Fogb18XxCKhEVQHuQL3Mm7zxwXIIlQl8UDVag&oe=6A632C7D,,"['FACEBOOK', 'INSTAGRAM', 'AUDIENCE_NETWORK', 'MESSENGER', 'WHATSAPP', 'THREADS']",au,cw,facebook,social,2026-W29,2026-07,"FACEBOOK, INSTAGRAM, AUDIENCE_NETWORK, MESSENGER, WHATSAPP, THREADS",True,True,True,True,True,True,Brand/Category Page,True,False,False,2026-07-20,2026-07-08 07:00:00,2026-07-20 15:37:32.553203,12
1348872010546546,1783884829265246,True,2026-07-08 07:00:00,2026-07-19 07:00:00,Chemist Warehouse,Chemist Warehouse,{{product.name}},{{product.brand}},Shop now,DCO,https://www.chemistwarehouse.com.au/shop-online/4907/ecostore?utm_source=facebook&utm_medium=social&utm_campaign=au_cw_oa_facebook_social_ecostore_ecostore_60000_jul26_100637-oa_video-image&utm_term=traffic&utm_content=video-image_,www.chemistwarehouse.com.au,/shop-online/4907/ecostore,facebook,social,au_cw_oa_facebook_social_ecostore_ecostore_60000_jul26_100637-oa_video-image,60000,traffic,video-image_,O&O,Ecostore,Ecostore,jul26,video-image,Loved by sensitive skin,"Gentle, fragrance free care designed for sensitive skin, made for your world.",Shop Now,https://scontent-ams2-1.xx.fbcdn.net/v/t39.35426-6/739855052_1496835152129382_5523449516363551721_n.jpg?_nc_cat=110&ccb=1-7&_nc_sid=c53f8f&_nc_ohc=x1Gwa4DsqYsQ7kNvwGO8raZ&_nc_oc=AdpCSkwLLXDy0MKeBCZ7kfrutYYm0bwMEkrjaBY0iMJ3nKRn5sjVT6_SQ4Eyu8QH2B8&_nc_zt=14&_nc_ht=scontent-ams2-1.xx&_nc_gid=SbJe_CwRneA2IqpyIyZJ6Q&_nc_ss=7f180&oh=00_AQAqqsYoXan7wrteeKjrj6cnLJ_vsLhK062F0HHK5Ra5fQ&oe=6A6327F1,,"['FACEBOOK', 'INSTAGRAM', 'AUDIENCE_NETWORK', 'MESSENGER', 'WHATSAPP', 'THREADS']",au,cw,facebook,social,2026-W29,2026-07,"FACEBOOK, INSTAGRAM, AUDIENCE_NETWORK, MESSENGER, WHATSAPP, THREADS",True,True,True,True,True,True,Brand/Category Page,True,False,False,2026-07-20,2026-07-08 07:00:00,2026-07-20 15:37:32.553203,12
1670028634053501,,True,2026-07-08 07:00:00,2026-07-19 07:00:00,Chemist Warehouse,Chemist Warehouse,Bring your energy back into balance,Nature's Own Super B Complex is specially formulated with all 8 B vitamins to support energy levels & relieve tiredness.,Shop now,IMAGE,https://fb.com/canvas_doc/1563738125170605,fb.com,/canvas_doc/1563738125170605,,,,,,,Not Specified,,,,,,,,,,"['FACEBOOK', 'INSTAGRAM', 'AUDIENCE_NETWORK', 'MESSENGER', 'THREADS']",,,,,2026-W29,2026-07,"FACEBOOK, INSTAGRAM, AUDIENCE_NETWORK, MESSENGER, THREADS",True,True,True,True,True,False,Internal/App Page,True,False,False,2026-07-20,2026-07-08 07:00:00,2026-07-20 15:37:32.553203,12
1745316566648248,1275949221091800,True,2026-07-08 07:00:00,2026-07-19 07:00:00,Chemist Warehouse,Chemist Warehouse,{{product.name}},{{product.brand}},Shop now,DCO,https://www.chemistwarehouse.com.au/shop-online/4907/ecostore?utm_source=facebook&utm_medium=social&utm_campaign=au_cw_oa_facebook_social_ecostore_ecostore_60000_jul26_100637-oa_video-image&utm_term=traffic&utm_content=video-image_,www.chemistwarehouse.com.au,/shop-online/4907/ecostore,facebook,social,au_cw_oa_facebook_social_ecostore_ecostore_60000_jul26_100637-oa_video-image,60000,traffic,video-image_,O&O,Ecostore,Ecostore,jul26,video-image,Sensitive care for baby,Thoughtfully made for baby’s delicate skin. Gentle care for your world.,Shop Now,https://scontent-ams2-1.xx.fbcdn.net/v/t39.35426-6/739437462_1361483085930770_6226215461285925899_n.jpg?_nc_cat=110&ccb=1-7&_nc_sid=c53f8f&_nc_ohc=yZEgTYOjS6oQ7kNvwEC10WS&_nc_oc=AdrSqfqrwpS40Th1gBg1zV5Ty4vHOWFooJ8tZq2LF2H365jzP1h5cb2zIXriQbg6A3w&_nc_zt=14&_nc_ht=scontent-ams2-1.xx&_nc_gid=SbJe_CwRneA2IqpyIyZJ6Q&_nc_ss=7f180&oh=00_AQB4Uq2xHekPOCVJ5ZdhL6jwCe8SdR01PFarugGgrVsnyQ&oe=6A6318D5,,"['FACEBOOK', 'INSTAGRAM', 'AUDIENCE_NETWORK', 'MESSENGER', 'WHATSAPP', 'THREADS']",au,cw,facebook,social,2026-W29,2026-07,"FACEBOOK, INSTAGRAM, AUDIENCE_NETWORK, MESSENGER, WHATSAPP, THREADS",True,True,True,True,True,True,Brand/Category Page,True,False,False,2026-07-20,2026-07-08 07:00:00,2026-07-20 15:37:32.553203,12
1571384031194764,2138683823361938,True,2026-07-08 07:00:00,2026-07-19 07:00:00,Chemist Warehouse,Chemist Warehouse,{{product.name}},{{product.brand}},Shop now,DCO,https://www.chemistwarehouse.com.au/shop-online/4907/ecostore?utm_source=facebook&utm_medium=social&utm_campaign=au_cw_oa_facebook_social_ecostore_ecostore_60000_jul26_100637-oa_video-image&utm_term=traffic&utm_content=video-image_,www.chemistwarehouse.com.au,/shop-online/4907/ecostore,facebook,social,au_cw_oa_facebook_social_ecostore_ecostore_60000_jul26_100637-oa_video-image,60000,traffic,video-image_,O&O,Ecostore,Ecostore,jul26,video-image,Gentle care for baby,"Made for delicate skin. Fragrance free bubble bath that’s gentle on baby, and better for your world.",Shop Now,,https://video-ams2-1.xx.fbcdn.net/o1/v/t2/f2/m366/AQMxHl_0zzL7h8qCMs_CwVGuY5fDlkeGJZRAkLzx4mD0KxMRvYkArzMO5uH1TcW4yAci4lOiSih_B8Cx9dTtOj_8ffWPnh9S4tz58jl-TU49_Q.mp4?_nc_cat=106&_nc_sid=b66105&_nc_ht=video-ams2-1.xx.fbcdn.net&_nc_ohc=zqeTFh7-j78Q7kNvwG0ltZS&efg=eyJ2ZW5jb2RlX3RhZyI6Inhwdl9wcm9ncmVzc2l2ZS5WSV9VU0VDQVNFX1BST0RVQ1RfVFlQRS4uQzMuNzIwLmRhc2hfaDI2NC1iYXNpYy1nZW4yXzcyMHAiLCJ4cHZfYXNzZXRfaWQiOjEyODc4ODEzOTM0MjAwNDEsImFzc2V0X2FnZV9kYXlzIjoxMiwidmlfdXNlY2FzZV9pZCI6MTA3OTksImR1cmF0aW9uX3MiOjE1LCJ1cmxnZW5fc291cmNlIjoid3d3In0%3D&ccb=17-1&vs=6182d06b7e107ac6&_nc_vs=HBksFQIYRWZiX2VwaGVtZXJhbC8yQTQ5RUQ5NkRENkU4QkVBQTM1MzMzOEI3ODBFQTZCMV9tdF8xX3ZpZGVvX2Rhc2hpbml0Lm1wNBUAAsgBEgAVAhhAZmJfcGVybWFuZW50LzYxNDQ1OTJBRjZFOEI5N0QxREI0MDIxRkMxNDUzMjlFX2F1ZGlvX2Rhc2hpbml0Lm1wNBUCAsgBEgAoABgAGwKIB3VzZV9vaWwBMRJwcm9ncmVzc2l2ZV9yZWNpcGUBMRUAACaS3L2PyNTJBBUCKAJDMywXQC4peNT987YYGWRhc2hfaDI2NC1iYXNpYy1nZW4yXzcyMHARAHUAZd6oAQA&_nc_gid=SbJe_CwRneA2IqpyIyZJ6Q&_nc_ss=7f180&_nc_zt=28&oh=00_AQBekM76Dv_mOWiPgc2nDAaFydJ8GT8ghWhD09O57j2Bcw&oe=6A631DB6,"['FACEBOOK', 'INSTAGRAM', 'AUDIENCE_NETWORK', 'MESSENGER', 'WHATSAPP', 'THREADS']",au,cw,facebook,social,2026-W29,2026-07,"FACEBOOK, INSTAGRAM, AUDIENCE_NETWORK, MESSENGER, WHATSAPP, THREADS",True,True,True,True,True,True,Brand/Category Page,True,False,False,2026-07-20,2026-07-08 07:00:00,2026-07-20 15:37:32.553203,12
2052924908630755,983277238038497,True,2026-07-07 07:00:00,2026-07-18 07:00:00,Chemist Warehouse,Chemist Warehouse,Take your skincare mile high,The latest MCoBeauty arrivals! 💦 Hydration essentials for skin on the move.,Shop now,VIDEO,https://www.chemistwarehouse.com.au/shop-online/5644/mcobeauty-cosmetics?utm_source=facebook&utm_medium=social&utm_campaign=au_cw_coop_facebook_social_mcobeautyptyltd_mcobeauty_648_2026_100097-bau_video-image&utm_term=traffic&utm_content=video-image_generic,www.chemistwarehouse.com.au,/shop-online/5644/mcobeauty-cosmetics,facebook,social,au_cw_coop_facebook_social_mcobeautyptyltd_mcobeauty_648_2026_100097-bau_video-image,648,traffic,video-image_generic,Coop,Mcobeautyptyltd,Mcobeauty,2026,video-image,,,,,,"['FACEBOOK', 'INSTAGRAM', 'AUDIENCE_NETWORK', 'MESSENGER', 'WHATSAPP', 'THREADS']",au,cw,facebook,social,2026-W29,2026-07,"FACEBOOK, INSTAGRAM, AUDIENCE_NETWORK, MESSENGER, WHATSAPP, THREADS",True,True,True,True,True,True,Brand/Category Page,True,False,False,2026-07-20,2026-07-07 07:00:00,2026-07-20 15:37:32.553203,13
1007454118925058,1756480972367739,True,2026-07-08 07:00:00,2026-07-19 07:00:00,Chemist Warehouse,Chemist Warehouse,{{product.name}},{{product.brand}},Shop now,DCO,https://www.chemistwarehouse.com.au/shop-online/5644/mcobeauty-cosmetics?utm_source=facebook&utm_medium=social&utm_campaign=au_cw_coop_facebook_social_mcobeautyptyltd_mcobeauty_648_2026_bau_dynamic&utm_term=conversion&utm_content=dynamic_image-generic,www.chemistwarehouse.com.au,/shop-online/5644/mcobeauty-cosmetics,facebook,social,au_cw_coop_facebook_social_mcobeautyptyltd_mcobeauty_648_2026_bau_dynamic,648,conversion,dynamic_image-generic,Coop,Mcobeautyptyltd,Mcobeauty,2026,dynamic,Hydrate. Prep. Set.,"Smooth, prep & hydrate your skin for the ultimate glass skin finish",Shop Now,https://scontent-ams2-1.xx.fbcdn.net/v/t39.35426-6/741258637_1398722938974601_3559270482807163519_n.jpg?_nc_cat=108&ccb=1-7&_nc_sid=c53f8f&_nc_ohc=O2Uvl3qemhoQ7kNvwGi44_h&_nc_oc=Adp0jedosLPmkQpSNwNJoR5nR6ctL90kY2mA3cjoEIpssdFdnIQ3hYIZNLh_PgbEaJM&_nc_zt=14&_nc_ht=scontent-ams2-1.xx&_nc_gid=SbJe_CwRneA2IqpyIyZJ6Q&_nc_ss=7f180&oh=00_AQA201ZzchC3aid3e81UCfDvnMTBxpXhzFkqK_e0nkKGMA&oe=6A630C9E,,"['FACEBOOK', 'INSTAGRAM', 'AUDIENCE_NETWORK', 'MESSENGER', 'THREADS']",au,cw,facebook,social,2026-W29,2026-07,"FACEBOOK, INSTAGRAM, AUDIENCE_NETWORK, MESSENGER, THREADS",True,True,True,True,True,False,Brand/Category Page,True,False,False,2026-07-20,2026-07-08 07:00:00,2026-07-20 15:37:32.553203,12
969089292796116,1993767567917186,True,2026-07-08 07:00:00,2026-07-19 07:00:00,Chemist Warehouse,Chemist Warehouse,{{product.name}},{{product.brand}},Shop now,DCO,https://www.chemistwarehouse.com.au/shop-online/5644/mcobeauty-cosmetics?utm_source=facebook&utm_medium=social&utm_campaign=au_cw_coop_facebook_social_mcobeautyptyltd_mcobeauty_648_2026_bau_dynamic&utm_term=conversion&utm_content=dynamic_image-generic,www.chemistwarehouse.com.au,/shop-online/5644/mcobeauty-cosmetics,facebook,social,au_cw_coop_facebook_social_mcobeautyptyltd_mcobeauty_648_2026_bau_dynamic,648,conversion,dynamic_image-generic,Coop,Mcobeautyptyltd,Mcobeauty,2026,dynamic,Hydrate. Prep. Set.,"Smooth, prep & hydrate your skin for the ultimate glass skin finish",Shop Now,https://scontent-ams2-1.xx.fbcdn.net/v/t39.35426-6/741112906_1008869888702545_4106045634908256854_n.jpg?_nc_cat=109&ccb=1-7&_nc_sid=c53f8f&_nc_ohc=lWy3BPcH-XYQ7kNvwGyj9fw&_nc_oc=AdqYMiOKoJKDjp7Jn1moOsepBrOoE-8dKHMCxYrYhm3Ii6MukQ8Gr-Tum8Lth2mc0TE&_nc_zt=14&_nc_ht=scontent-ams2-1.xx&_nc_gid=SbJe_CwRneA2IqpyIyZJ6Q&_nc_ss=7f180&oh=00_AQB5ZLUBMjP87L7rAynNKxdkksKQ0kHVYz7rld-cE9sH9g&oe=6A630275,,"['FACEBOOK', 'INSTAGRAM', 'AUDIENCE_NETWORK', 'MESSENGER', 'THREADS']",au,cw,facebook,social,2026-W29,2026-07,"FACEBOOK, INSTAGRAM, AUDIENCE_NETWORK, MESSENGER, THREADS",True,True,True,True,True,False,Brand/Category Page,True,False,False,2026-07-20,2026-07-08 07:00:00,2026-07-20 15:37:32.553203,12
997490449825745,1736920077324430,True,2026-07-08 07:00:00,2026-07-18 07:00:00,Chemist Warehouse,Chemist Warehouse,{{product.name}},{{product.brand}},Shop now,DCO,https://www.chemistwarehouse.com.au/shop-online/5644/mcobeauty-cosmetics?utm_source=facebook&utm_medium=social&utm_campaign=au_cw_coop_facebook_social_mcobeautyptyltd_mcobeauty_648_2026_bau_dynamic&utm_term=conversion&utm_content=dynamic_image-generic,www.chemistwarehouse.com.au,/shop-online/5644/mcobeauty-cosmetics,facebook,social,au_cw_coop_facebook_social_mcobeautyptyltd_mcobeauty_648_2026_bau_dynamic,648,conversion,dynamic_image-generic,Coop,Mcobeautyptyltd,Mcobeauty,2026,dynamic,Hydrate. Prep. Set.,"Smooth, prep & hydrate your skin for the ultimate glass skin finish",Shop Now,https://scontent-ams2-1.xx.fbcdn.net/v/t39.35426-6/741215892_1734066604281052_5958672077401209270_n.jpg?_nc_cat=108&ccb=1-7&_nc_sid=c53f8f&_nc_ohc=TUO0vpdGw3oQ7kNvwGTnx5p&_nc_oc=AdqISJOL1_pB25foTRV9I-tfjS9cHebDAX8YV9wHRFhrFZvboZwNQTPDFPs9ufN0gNg&_nc_zt=14&_nc_ht=scontent-ams2-1.xx&_nc_gid=SbJe_CwRneA2IqpyIyZJ6Q&_nc_ss=7f180&oh=00_AQAu_idwCsLteePAVH1HuOifX5bTOEZYfyYwad990YgYsA&oe=6A630F67,,"['FACEBOOK', 'INSTAGRAM', 'AUDIENCE_NETWORK', 'MESSENGER', 'THREADS']",au,cw,facebook,social,2026-W29,2026-07,"FACEBOOK, INSTAGRAM, AUDIENCE_NETWORK, MESSENGER, THREADS",True,True,True,True,True,False,Brand/Category Page,True,False,False,2026-07-20,2026-07-08 07:00:00,2026-07-20 15:37:32.553203,12
1328454622768354,2057651611537392,True,2026-07-08 07:00:00,2026-07-18 07:00:00,Chemist Warehouse,Chemist Warehouse,{{product.name}},{{product.brand}},Shop now,DCO,https://www.chemistwarehouse.com.au/shop-online/5644/mcobeauty-cosmetics?utm_source=facebook&utm_medium=social&utm_campaign=au_cw_coop_facebook_social_mcobeautyptyltd_mcobeauty_648_2026_bau_dynamic&utm_term=conversion&utm_content=dynamic_image-generic,www.chemistwarehouse.com.au,/shop-online/5644/mcobeauty-cosmetics,facebook,social,au_cw_coop_facebook_social_mcobeautyptyltd_mcobeauty_648_2026_bau_dynamic,648,conversion,dynamic_image-generic,Coop,Mcobeautyptyltd,Mcobeauty,2026,dynamic,Hydrate. Prep. Set.,"Smooth, prep & hydrate your skin for the ultimate glass skin finish",Shop Now,https://scontent-ams2-1.xx.fbcdn.net/v/t39.35426-6/742309130_1811596530004288_6545833782362966360_n.jpg?_nc_cat=102&ccb=1-7&_nc_sid=c53f8f&_nc_ohc=SD0y6tjfe9AQ7kNvwFWQdCw&_nc_oc=AdqrRZrSuEYXl-t5XaMsJ4a8qF5MtGZ8qV4C7Pfr0uF7stiMhTgvQpRhnUCV9oFQBYg&_nc_zt=14&_nc_ht=scontent-ams2-1.xx&_nc_gid=SbJe_CwRneA2IqpyIyZJ6Q&_nc_ss=7f180&oh=00_AQC8RwG8eHNVTgkcbH0q52MI8eILADKDGudEvgpuNzU-ZQ&oe=6A632D61,,"['FACEBOOK', 'INSTAGRAM', 'AUDIENCE_NETWORK', 'MESSENGER', 'THREADS']",au,cw,facebook,social,2026-W29,2026-07,"FACEBOOK, INSTAGRAM, AUDIENCE_NETWORK, MESSENGER, THREADS",True,True,True,True,True,False,Brand/Category Page,True,False,False,2026-07-20,2026-07-08 07:00:00,2026-07-20 15:37:32.553203,12
2203082883873984,1570433354656863,True,2026-07-08 07:00:00,2026-07-19 07:00:00,Chemist Warehouse,Chemist Warehouse,{{product.name}},{{product.brand}},Shop now,DCO,https://www.chemistwarehouse.com.au/shop-online/5644/mcobeauty-cosmetics?utm_source=facebook&utm_medium=social&utm_campaign=au_cw_coop_facebook_social_mcobeautyptyltd_mcobeauty_648_2026_bau_dynamic&utm_term=conversion&utm_content=dynamic_image-generic,www.chemistwarehouse.com.au,/shop-online/5644/mcobeauty-cosmetics,facebook,social,au_cw_coop_facebook_social_mcobeautyptyltd_mcobeauty_648_2026_bau_dynamic,648,conversion,dynamic_image-generic,Coop,Mcobeautyptyltd,Mcobeauty,2026,dynamic,Hydrate. Prep. Set.,"Smooth, prep & hydrate your skin for the ultimate glass skin finish",Shop Now,https://scontent-ams2-1.xx.fbcdn.net/v/t39.35426-6/741360709_1047097204444190_334724321046856473_n.jpg?_nc_cat=100&ccb=1-7&_nc_sid=c53f8f&_nc_ohc=ausrg5O0eDoQ7kNvwGJFvT0&_nc_oc=Adqn_u2ane0mF5qaOZH8G9YxRp14RPLZLaG-3al5SHW-JzT1R5CsfONoxsSWnCG7cXw&_nc_zt=14&_nc_ht=scontent-ams2-1.xx&_nc_gid=SbJe_CwRneA2IqpyIyZJ6Q&_nc_ss=7f180&oh=00_AQCd4JFNg5WzQmCU8j69B0XbL005TIG_7KoXOkbqNKfjTA&oe=6A631E68,,"['FACEBOOK', 'INSTAGRAM', 'AUDIENCE_NETWORK', 'MESSENGER', 'THREADS']",au,cw,facebook,social,2026-W29,2026-07,"FACEBOOK, INSTAGRAM, AUDIENCE_NETWORK, MESSENGER, THREADS",True,True,True,True,True,False,Brand/Category Page,True,False,False,2026-07-20,2026-07-08 07:00:00,2026-07-20 15:37:32.553203,12
856374493939772,1032350546262451,True,2026-07-08 07:00:00,2026-07-19 07:00:00,Chemist Warehouse,Chemist Warehouse,{{product.name}},{{product.brand}},Shop now,DCO,https://www.chemistwarehouse.com.au/shop-online/5644/mcobeauty-cosmetics?utm_source=facebook&utm_medium=social&utm_campaign=au_cw_coop_facebook_social_mcobeautyptyltd_mcobeauty_648_2026_bau_dynamic&utm_term=conversion&utm_content=dynamic_image-generic,www.chemistwarehouse.com.au,/shop-online/5644/mcobeauty-cosmetics,facebook,social,au_cw_coop_facebook_social_mcobeautyptyltd_mcobeauty_648_2026_bau_dynamic,648,conversion,dynamic_image-generic,Coop,Mcobeautyptyltd,Mcobeauty,2026,dynamic,Hydrate. Prep. Set.,"Smooth, prep & hydrate your skin for the ultimate glass skin finish",Shop Now,https://scontent-ams2-1.xx.fbcdn.net/v/t39.35426-6/740303663_1048914024488476_2316600672600630376_n.jpg?_nc_cat=100&ccb=1-7&_nc_sid=c53f8f&_nc_ohc=mZbRsQDqCNEQ7kNvwERdyH5&_nc_oc=Adqp2yxvFgk2T_G2te7BkF0Ai9hFl-W3QAKo-JF_HmjSprrELlfZmrBQ0r2TugeZMX8&_nc_zt=14&_nc_ht=scontent-ams2-1.xx&_nc_gid=SbJe_CwRneA2IqpyIyZJ6Q&_nc_ss=7f180&oh=00_AQA0K1qCmhLpMTQN3R1eZxI46GKp3T_Hlnoiuv48gaYAYA&oe=6A6320AE,,"['FACEBOOK', 'INSTAGRAM', 'AUDIENCE_NETWORK', 'MESSENGER', 'THREADS']",au,cw,facebook,social,2026-W29,2026-07,"FACEBOOK, INSTAGRAM, AUDIENCE_NETWORK, MESSENGER, THREADS",True,True,True,True,True,False,Brand/Category Page,True,False,False,2026-07-20,2026-07-08 07:00:00,2026-07-20 15:37:32.553203,12
2222642331636766,,True,2026-07-08 07:00:00,2026-07-19 07:00:00,Chemist Warehouse,Chemist Warehouse,Shop Maybelline Cloudtopia,"NEW Cloudtopia! Ultra Pigmented, Yet Light as a Cloud! Now 30% OFF RRP at Chemist Warehouse!",Shop now,IMAGE,https://fb.com/canvas_doc/1577910623888471,fb.com,/canvas_doc/1577910623888471,,,,,,,Not Specified,,,,,,,,,,"['FACEBOOK', 'INSTAGRAM', 'AUDIENCE_NETWORK', 'MESSENGER', 'THREADS']",,,,,2026-W29,2026-07,"FACEBOOK, INSTAGRAM, AUDIENCE_NETWORK, MESSENGER, THREADS",True,True,True,True,True,False,Internal/App Page,True,True,False,2026-07-20,2026-07-08 07:00:00,2026-07-20 15:37:32.553203,12
1038180911994731,,True,2026-07-08 07:00:00,2026-07-19 07:00:00,Chemist Warehouse,Chemist Warehouse,Shop Maybelline Cloudtopia,"NEW Cloudtopia! Ultra Pigmented, Yet Light as a Cloud! Now 30% OFF RRP at Chemist Warehouse!",Shop now,IMAGE,https://fb.com/canvas_doc/1468915771588944,fb.com,/canvas_doc/1468915771588944,,,,,,,Not Specified,,,,,,,,,,"['FACEBOOK', 'INSTAGRAM', 'AUDIENCE_NETWORK', 'MESSENGER', 'THREADS']",,,,,2026-W29,2026-07,"FACEBOOK, INSTAGRAM, AUDIENCE_NETWORK, MESSENGER, THREADS",True,True,True,True,True,False,Internal/App Page,True,True,False,2026-07-20,2026-07-08 07:00:00,2026-07-20 15:37:32.553203,12
2082936868924059,1023069380122344,True,2026-07-08 07:00:00,2026-07-19 07:00:00,Chemist Warehouse,Chemist Warehouse,{{product.name}},{{product.brand}},Shop now,DCO,https://www.chemistwarehouse.com.au/shop-online/5644/mcobeauty-cosmetics?utm_source=facebook&utm_medium=social&utm_campaign=au_cw_coop_facebook_social_mcobeautyptyltd_mcobeauty_648_2026_bau_dynamic&utm_term=conversion&utm_content=dynamic_image-generic,www.chemistwarehouse.com.au,/shop-online/5644/mcobeauty-cosmetics,facebook,social,au_cw_coop_facebook_social_mcobeautyptyltd_mcobeauty_648_2026_bau_dynamic,648,conversion,dynamic_image-generic,Coop,Mcobeautyptyltd,Mcobeauty,2026,dynamic,Kiss This 💋,Line it. Stain it. Glaze it. Meet your new lip obsession 💋,Shop Now,https://scontent-ams2-1.xx.fbcdn.net/v/t39.35426-6/742787072_1012349844738818_3288220198688985860_n.jpg?_nc_cat=110&ccb=1-7&_nc_sid=c53f8f&_nc_ohc=iQjg1Xtizi4Q7kNvwEzexla&_nc_oc=AdrkcClcNamxt0dkyOjrzj7f-4_BWVEXwGD9TVSu-29wTw49Nsf13hA1yTKGS_-9TK8&_nc_zt=14&_nc_ht=scontent-ams2-1.xx&_nc_gid=SbJe_CwRneA2IqpyIyZJ6Q&_nc_ss=7f180&oh=00_AQBOGbz6qeLi6wLQtv5pRJV1u1l3fmkK8bql64q-6-UKpg&oe=6A63378B,,"['FACEBOOK', 'INSTAGRAM', 'AUDIENCE_NETWORK', 'MESSENGER', 'THREADS']",au,cw,facebook,social,2026-W29,2026-07,"FACEBOOK, INSTAGRAM, AUDIENCE_NETWORK, MESSENGER, THREADS",True,True,True,True,True,False,Brand/Category Page,True,False,False,2026-07-20,2026-07-08 07:00:00,2026-07-20 15:37:32.553203,12
2464013064025585,2872121609824412,True,2026-07-08 07:00:00,2026-07-19 07:00:00,Chemist Warehouse,Chemist Warehouse,{{product.name}},{{product.brand}},Shop now,DCO,https://www.chemistwarehouse.com.au/shop-online/5644/mcobeauty-cosmetics?utm_source=facebook&utm_medium=social&utm_campaign=au_cw_coop_facebook_social_mcobeautyptyltd_mcobeauty_648_2026_bau_dynamic&utm_term=conversion&utm_content=dynamic_image-generic,www.chemistwarehouse.com.au,/shop-online/5644/mcobeauty-cosmetics,facebook,social,au_cw_coop_facebook_social_mcobeautyptyltd_mcobeauty_648_2026_bau_dynamic,648,conversion,dynamic_image-generic,Coop,Mcobeautyptyltd,Mcobeauty,2026,dynamic,Kiss This 💋,Line it. Stain it. Glaze it. Meet your new lip obsession 💋,Shop Now,https://scontent-ams2-1.xx.fbcdn.net/v/t39.35426-6/741099542_4282044162105577_6481200034869174391_n.jpg?_nc_cat=111&ccb=1-7&_nc_sid=c53f8f&_nc_ohc=NOZLSo5IVZMQ7kNvwFq9bHH&_nc_oc=AdqIgHuQYT3X9D1kgMVlon1s3AH9SA3Us-1aQBYL0cEssU77DjJV46Kqz33kPyHW7h4&_nc_zt=14&_nc_ht=scontent-ams2-1.xx&_nc_gid=SbJe_CwRneA2IqpyIyZJ6Q&_nc_ss=7f180&oh=00_AQDzSek37vGJBKHzdiSJmmU4OlVSAGRkyGsJ3WueztEy6Q&oe=6A631B36,,"['FACEBOOK', 'INSTAGRAM', 'AUDIENCE_NETWORK', 'MESSENGER', 'THREADS']",au,cw,facebook,social,2026-W29,2026-07,"FACEBOOK, INSTAGRAM, AUDIENCE_NETWORK, MESSENGER, THREADS",True,True,True,True,True,False,Brand/Category Page,True,False,False,2026-07-20,2026-07-08 07:00:00,2026-07-20 15:37:32.553203,12
1563745772127156,4175722789357392,True,2026-07-08 07:00:00,2026-07-19 07:00:00,Chemist Warehouse,Chemist Warehouse,{{product.name}},{{product.brand}},Shop now,DCO,https://www.chemistwarehouse.com.au/shop-online/5644/mcobeauty-cosmetics?utm_source=facebook&utm_medium=social&utm_campaign=au_cw_coop_facebook_social_mcobeautyptyltd_mcobeauty_648_2026_bau_dynamic&utm_term=conversion&utm_content=dynamic_image-generic,www.chemistwarehouse.com.au,/shop-online/5644/mcobeauty-cosmetics,facebook,social,au_cw_coop_facebook_social_mcobeautyptyltd_mcobeauty_648_2026_bau_dynamic,648,conversion,dynamic_image-generic,Coop,Mcobeautyptyltd,Mcobeauty,2026,dynamic,Kiss This 💋,Line it. Stain it. Glaze it. Meet your new lip obsession 💋,Shop Now,https://scontent-ams2-1.xx.fbcdn.net/v/t39.35426-6/740741172_2574912082967484_6098710652582775789_n.jpg?_nc_cat=100&ccb=1-7&_nc_sid=c53f8f&_nc_ohc=WHARmRRmDYMQ7kNvwFMmJw0&_nc_oc=Adpsk9N4OEkCQOtkR3gATFhvd1RehDf-XHIeLvQS4dX_JH07uuXv28HzezqnaK6F-Jo&_nc_zt=14&_nc_ht=scontent-ams2-1.xx&_nc_gid=SbJe_CwRneA2IqpyIyZJ6Q&_nc_ss=7f180&oh=00_AQDUZxeQ3VefN7KmEhOakng_BHRVFPveS3nUijinhbJIEQ&oe=6A630884,,"['FACEBOOK', 'INSTAGRAM', 'AUDIENCE_NETWORK', 'MESSENGER', 'THREADS']",au,cw,facebook,social,2026-W29,2026-07,"FACEBOOK, INSTAGRAM, AUDIENCE_NETWORK, MESSENGER, THREADS",True,True,True,True,True,False,Brand/Category Page,True,False,False,2026-07-20,2026-07-08 07:00:00,2026-07-20 15:37:32.553203,12
1683164279590048,1361848269206893,True,2026-07-08 07:00:00,2026-07-17 07:00:00,Chemist Warehouse,Chemist Warehouse,{{product.name}},{{product.brand}},Shop now,DCO,https://www.chemistwarehouse.com.au/shop-online/5644/mcobeauty-cosmetics?utm_source=facebook&utm_medium=social&utm_campaign=au_cw_coop_facebook_social_mcobeautyptyltd_mcobeauty_648_2026_bau_dynamic&utm_term=conversion&utm_content=dynamic_image-generic,www.chemistwarehouse.com.au,/shop-online/5644/mcobeauty-cosmetics,facebook,social,au_cw_coop_facebook_social_mcobeautyptyltd_mcobeauty_648_2026_bau_dynamic,648,conversion,dynamic_image-generic,Coop,Mcobeautyptyltd,Mcobeauty,2026,dynamic,Turn Up The Volume,Bold lashes. Defined eyes. Your new eye makeup obsession starts here,Shop Now,https://scontent-ams2-1.xx.fbcdn.net/v/t39.35426-6/739866629_1378687334111337_5413730850798640515_n.jpg?_nc_cat=110&ccb=1-7&_nc_sid=c53f8f&_nc_ohc=7XYk1U2GzIIQ7kNvwGzlbiF&_nc_oc=AdqAIiKamK6xOJSu6EudYyocIJyz5qIwc4EcOG8Ip-2XVQysVh6qkwsu-f3E19Jrhcs&_nc_zt=14&_nc_ht=scontent-ams2-1.xx&_nc_gid=SbJe_CwRneA2IqpyIyZJ6Q&_nc_ss=7f180&oh=00_AQDow5q8BPWaJqecjBjJo90aO1xAk_IzmULPkefVmIdroQ&oe=6A631C55,,"['FACEBOOK', 'INSTAGRAM', 'AUDIENCE_NETWORK', 'MESSENGER', 'THREADS']",au,cw,facebook,social,2026-W29,2026-07,"FACEBOOK, INSTAGRAM, AUDIENCE_NETWORK, MESSENGER, THREADS",True,True,True,True,True,False,Brand/Category Page,True,False,False,2026-07-20,2026-07-08 07:00:00,2026-07-20 15:37:32.553203,12
2368945033631229,28041452858780203,True,2026-07-08 07:00:00,2026-07-18 07:00:00,Chemist Warehouse,Chemist Warehouse,{{product.name}},{{product.brand}},Shop now,DCO,https://www.chemistwarehouse.com.au/shop-online/5644/mcobeauty-cosmetics?utm_source=facebook&utm_medium=social&utm_campaign=au_cw_coop_facebook_social_mcobeautyptyltd_mcobeauty_648_2026_bau_dynamic&utm_term=conversion&utm_content=dynamic_image-generic,www.chemistwarehouse.com.au,/shop-online/5644/mcobeauty-cosmetics,facebook,social,au_cw_coop_facebook_social_mcobeautyptyltd_mcobeauty_648_2026_bau_dynamic,648,conversion,dynamic_image-generic,Coop,Mcobeautyptyltd,Mcobeauty,2026,dynamic,Turn Up The Volume,Bold lashes. Defined eyes. Your new eye makeup obsession starts here,Shop Now,https://scontent-ams2-1.xx.fbcdn.net/v/t39.35426-6/741888750_1599820108320202_8977930513103534823_n.jpg?_nc_cat=106&ccb=1-7&_nc_sid=c53f8f&_nc_ohc=t7vDd1pVDU0Q7kNvwEg7Yol&_nc_oc=AdqYBAo20yWooabgSpaXr4AlHinMh22yU9Jg9AvBYL5sJNyW3DZYZhPE8f9XGyos2gc&_nc_zt=14&_nc_ht=scontent-ams2-1.xx&_nc_gid=SbJe_CwRneA2IqpyIyZJ6Q&_nc_ss=7f180&oh=00_AQCAd4wgTx4_eK9KlrrawKYB2HAHUdUuz7iVTLEKb4LZIw&oe=6A631AB1,,"['FACEBOOK', 'INSTAGRAM', 'AUDIENCE_NETWORK', 'MESSENGER', 'THREADS']",au,cw,facebook,social,2026-W29,2026-07,"FACEBOOK, INSTAGRAM, AUDIENCE_NETWORK, MESSENGER, THREADS",True,True,True,True,True,False,Brand/Category Page,True,False,False,2026-07-20,2026-07-08 07:00:00,2026-07-20 15:37:32.553203,12
1557890742584689,,True,2026-07-08 07:00:00,2026-07-19 07:00:00,Chemist Warehouse,Chemist Warehouse,{{product.name}},{{product.brand}},Shop now,DCO,https://www.chemistwarehouse.com.au/shop-online/511/cenovis?category=Cold%2C%20Flu%20%26%20Immunity&utm_source=facebook&utm_medium=social&utm_campaign=au_cw_oa_facebook_social_sanoficonsumerhealthcare_cenovis_81_2026_bau_dynamic&utm_term=conversion&utm_content=dynamic_brand,www.chemistwarehouse.com.au,/shop-online/511/cenovis,facebook,social,au_cw_oa_facebook_social_sanoficonsumerhealthcare_cenovis_81_2026_bau_dynamic,81,conversion,dynamic_brand,O&O,Sanoficonsumerhealthcare,Cenovis,2026,dynamic,"Cenovis, a daily dose of good",Supports healthy immune system function to help fight illness. Always read the label and follow the directions for use,Shop Now,https://scontent-ams2-1.xx.fbcdn.net/v/t39.35426-6/727671604_1574053074155051_3307646942695344053_n.jpg?_nc_cat=109&ccb=1-7&_nc_sid=c53f8f&_nc_ohc=x35-zHYbX9MQ7kNvwF6SIHd&_nc_oc=AdrMpuyLaCSy6CgNHd_axZH4sRzrpIa_IIHrYDGy1Pq0wRxk_RSkkhUjfQCl6l5gTM4&_nc_zt=14&_nc_ht=scontent-ams2-1.xx&_nc_gid=JGzalye9-79F6cE5MYR5Mg&_nc_ss=7f180&oh=00_AQAwn-6VX2v821xUz6g4Nr4OfcE9RYMUlSj35ie4be7DPA&oe=6A632B9B,,"['FACEBOOK', 'INSTAGRAM', 'AUDIENCE_NETWORK', 'MESSENGER', 'THREADS']",au,cw,facebook,social,2026-W29,2026-07,"FACEBOOK, INSTAGRAM, AUDIENCE_NETWORK, MESSENGER, THREADS",True,True,True,True,True,False,Brand/Category Page,True,False,False,2026-07-20,2026-07-08 07:00:00,2026-07-20 15:37:32.553203,12
2037016986884728,,True,2026-07-08 07:00:00,2026-07-19 07:00:00,Chemist Warehouse,Chemist Warehouse,{{product.name}},{{product.brand}},Shop now,DCO,https://www.chemistwarehouse.com.au/shop-online/505/natures-own?category=Energy%20%26%20Fitness&utm_source=facebook&utm_medium=social&utm_campaign=au_cw_oa_facebook_social_sanoficonsumerhealthcare_naturesown_81_june26_100466-energy_video-image&utm_term=traffic&utm_content=video-image_brand,www.chemistwarehouse.com.au,/shop-online/505/natures-own,facebook,social,au_cw_oa_facebook_social_sanoficonsumerhealthcare_naturesown_81_june26_100466-energy_video-image,81,traffic,video-image_brand,O&O,Sanoficonsumerhealthcare,Naturesown,june26,video-image,Bring your energy back into balance.,Nature's Own Super B Complex is specially formulated with all 8 B vitamins to support energy levels & relieve tiredness.,Shop Now,,https://video-ams2-1.xx.fbcdn.net/o1/v/t2/f2/m366/AQOFrN6zWaKiKkVXhoILQO71gFv76DUM3ohhswwImX1tNVui33r7TMupObY_i6tKyj5bieRGtB6Du4P32Gs4_1T8I-AdkfzXjUOZ3pLeovzEnA.mp4?_nc_cat=106&_nc_sid=b66105&_nc_ht=video-ams2-1.xx.fbcdn.net&_nc_ohc=llza49iZZgMQ7kNvwFqx7sB&efg=eyJ2ZW5jb2RlX3RhZyI6Inhwdl9wcm9ncmVzc2l2ZS5WSV9VU0VDQVNFX1BST0RVQ1RfVFlQRS4uQzMuNzIwLmRhc2hfaDI2NC1iYXNpYy1nZW4yXzcyMHAiLCJ4cHZfYXNzZXRfaWQiOjEyNTI1MzkwNTAxMzk5MzAsImFzc2V0X2FnZV9kYXlzIjoyNiwidmlfdXNlY2FzZV9pZCI6MTA3OTksImR1cmF0aW9uX3MiOjM0LCJ1cmxnZW5fc291cmNlIjoid3d3In0%3D&ccb=17-1&vs=1da98901b3c17d61&_nc_vs=HBksFQIYRWZiX2VwaGVtZXJhbC82NzRBM0YxNDk0OEUxQkFFRDU5QUQ2NDEwMjNBMjg5N19tdF8xX3ZpZGVvX2Rhc2hpbml0Lm1wNBUAAsgBEgAVAhhAZmJfcGVybWFuZW50L0VENEM1OUYxQTU1QTEyNzgxNDBBRUNDMDY1ODdBN0JDX2F1ZGlvX2Rhc2hpbml0Lm1wNBUCAsgBEgAoABgAGwKIB3VzZV9vaWwBMRJwcm9ncmVzc2l2ZV9yZWNpcGUBMRUAACa0hLWSr8u5BBUCKAJDMywXQEEmZmZmZmYYGWRhc2hfaDI2NC1iYXNpYy1nZW4yXzcyMHARAHUAZd6oAQA&_nc_gid=JGzalye9-79F6cE5MYR5Mg&_nc_ss=7f180&_nc_zt=28&oh=00_AQC00Huyt3rNJqJv5gU3magf6Fxg5Rs4JeMb5RitM8D25A&oe=6A632F9E,"['FACEBOOK', 'INSTAGRAM', 'AUDIENCE_NETWORK', 'MESSENGER', 'WHATSAPP', 'THREADS']",au,cw,facebook,social,2026-W29,2026-07,"FACEBOOK, INSTAGRAM, AUDIENCE_NETWORK, MESSENGER, WHATSAPP, THREADS",True,True,True,True,True,True,Brand/Category Page,True,False,False,2026-07-20,2026-07-08 07:00:00,2026-07-20 15:37:32.553203,12
881795831632028,,True,2026-07-08 07:00:00,2026-07-19 07:00:00,Chemist Warehouse,Chemist Warehouse,{{product.name}},{{product.brand}},Shop now,DCO,https://www.chemistwarehouse.com.au/shop-online/511/cenovis?category=Cold%2C%20Flu%20%26%20Immunity&utm_source=facebook&utm_medium=social&utm_campaign=au_cw_oa_facebook_social_sanoficonsumerhealthcare_cenovis_81_june26_100422-immunity_video-image&utm_term=traffic&utm_content=video-image_brand,www.chemistwarehouse.com.au,/shop-online/511/cenovis,facebook,social,au_cw_oa_facebook_social_sanoficonsumerhealthcare_cenovis_81_june26_100422-immunity_video-image,81,traffic,video-image_brand,O&O,Sanoficonsumerhealthcare,Cenovis,june26,video-image,"Cenovis, a daily dose of good",Supports healthy immune system function to help fight illness. Always read the label and follow the directions for use,Shop Now,,https://video-ams2-1.xx.fbcdn.net/o1/v/t2/f2/m366/AQN58KGLuiuAvuqcCBCqyeiKfSEuE7p-CNISdujqqYKUqa2RejPs-RiQCmzT90j8NHSZLMdzQxUKdzrP2OWGWm1NjTK7DHDKwjk1vQBDD53CQQ.mp4?_nc_cat=107&_nc_sid=b66105&_nc_ht=video-ams2-1.xx.fbcdn.net&_nc_ohc=YUsR6ytDOMsQ7kNvwGORIq6&efg=eyJ2ZW5jb2RlX3RhZyI6Inhwdl9wcm9ncmVzc2l2ZS5WSV9VU0VDQVNFX1BST0RVQ1RfVFlQRS4uQzMuNzIwLmRhc2hfaDI2NC1iYXNpYy1nZW4yXzcyMHAiLCJ4cHZfYXNzZXRfaWQiOjE0MTgwMDE3NDMzNDg2MjQsImFzc2V0X2FnZV9kYXlzIjo3NSwidmlfdXNlY2FzZV9pZCI6MTA3OTksImR1cmF0aW9uX3MiOjksInVybGdlbl9zb3VyY2UiOiJ3d3cifQ%3D%3D&ccb=17-1&vs=2d1d0aba0aea68e6&_nc_vs=HBksFQIYRWZiX2VwaGVtZXJhbC8yRjQ5NTdBQ0IwNjhEOUZERDE0QzhGOEFBQjhEQkZBRl9tdF8xX3ZpZGVvX2Rhc2hpbml0Lm1wNBUAAsgBEgAVAhhAZmJfcGVybWFuZW50L0MwNDlFMkY4NDUwMTExQTczREM4MkVEMTJBQzIwM0I0X2F1ZGlvX2Rhc2hpbml0Lm1wNBUCAsgBEgAoABgAGwKIB3VzZV9vaWwBMRJwcm9ncmVzc2l2ZV9yZWNpcGUBMRUAACagjqCjyOqEBRUCKAJDMywXQCIAAAAAAAAYGWRhc2hfaDI2NC1iYXNpYy1nZW4yXzcyMHARAHUAZd6oAQA&_nc_gid=JGzalye9-79F6cE5MYR5Mg&_nc_ss=7f180&_nc_zt=28&oh=00_AQA4pqkZ-Q2diwsvT126-R4UjGbUdyJ1KGvoHmtg7xPuOg&oe=6A631269,"['FACEBOOK', 'INSTAGRAM', 'AUDIENCE_NETWORK', 'MESSENGER', 'WHATSAPP', 'THREADS']",au,cw,facebook,social,2026-W29,2026-07,"FACEBOOK, INSTAGRAM, AUDIENCE_NETWORK, MESSENGER, WHATSAPP, THREADS",True,True,True,True,True,True,Brand/Category Page,True,False,False,2026-07-20,2026-07-08 07:00:00,2026-07-20 15:37:32.553203,12
2232522517568353,1927672387878231,True,2026-07-08 07:00:00,2026-07-18 07:00:00,Chemist Warehouse,Chemist Warehouse,{{product.name}},{{product.brand}},Shop now,DCO,https://www.chemistwarehouse.com.au/shop-online/5644/mcobeauty-cosmetics?utm_source=facebook&utm_medium=social&utm_campaign=au_cw_coop_facebook_social_mcobeautyptyltd_mcobeauty_648_2026_bau_dynamic&utm_term=conversion&utm_content=dynamic_image-generic,www.chemistwarehouse.com.au,/shop-online/5644/mcobeauty-cosmetics,facebook,social,au_cw_coop_facebook_social_mcobeautyptyltd_mcobeauty_648_2026_bau_dynamic,648,conversion,dynamic_image-generic,Coop,Mcobeautyptyltd,Mcobeauty,2026,dynamic,Turn Up The Volume,Bold lashes. Defined eyes. Your new eye makeup obsession starts here,Shop Now,https://scontent-ams2-1.xx.fbcdn.net/v/t39.35426-6/741099911_1565005658632546_3854841109108766011_n.jpg?_nc_cat=103&ccb=1-7&_nc_sid=c53f8f&_nc_ohc=K0DNMiW31N0Q7kNvwGoAQkJ&_nc_oc=AdrA3jlAbwilFlv-A8EWpxbAx4KjOUal-GHBgy8r6a-9mFIjSMjM0ucd2MqZA_tW_pI&_nc_zt=14&_nc_ht=scontent-ams2-1.xx&_nc_gid=SbJe_CwRneA2IqpyIyZJ6Q&_nc_ss=7f180&oh=00_AQBUNkUcV7ot4Azl0yShtPB-rd6S1gmTefJbjMVrZpdlHg&oe=6A632286,,"['FACEBOOK', 'INSTAGRAM', 'AUDIENCE_NETWORK', 'MESSENGER', 'THREADS']",au,cw,facebook,social,2026-W29,2026-07,"FACEBOOK, INSTAGRAM, AUDIENCE_NETWORK, MESSENGER, THREADS",True,True,True,True,True,False,Brand/Category Page,True,False,False,2026-07-20,2026-07-08 07:00:00,2026-07-20 15:37:32.553203,12
1494593011996293,1023583566701708,True,2026-07-08 07:00:00,2026-07-19 07:00:00,Chemist Warehouse,Chemist Warehouse,{{product.name}},{{product.brand}},Shop now,DCO,https://www.chemistwarehouse.com.au/shop-online/5644/mcobeauty-cosmetics?utm_source=facebook&utm_medium=social&utm_campaign=au_cw_coop_facebook_social_mcobeautyptyltd_mcobeauty_648_2026_bau_dynamic&utm_term=conversion&utm_content=dynamic_image-generic,www.chemistwarehouse.com.au,/shop-online/5644/mcobeauty-cosmetics,facebook,social,au_cw_coop_facebook_social_mcobeautyptyltd_mcobeauty_648_2026_bau_dynamic,648,conversion,dynamic_image-generic,Coop,Mcobeautyptyltd,Mcobeauty,2026,dynamic,Kiss This 💋,Line it. Stain it. Glaze it. Meet your new lip obsession 💋,Shop Now,https://scontent-ams2-1.xx.fbcdn.net/v/t39.35426-6/741215320_1651129065951546_2889086722070353143_n.jpg?_nc_cat=107&ccb=1-7&_nc_sid=c53f8f&_nc_ohc=bcCimuEnro4Q7kNvwGTB8Rv&_nc_oc=AdrMx2JUcLkgXVFPXvVzioHDAkCjo0W9RkjapLWNXsvRqnTzRym2HN2ozWYdZTtw1Oc&_nc_zt=14&_nc_ht=scontent-ams2-1.xx&_nc_gid=SbJe_CwRneA2IqpyIyZJ6Q&_nc_ss=7f180&oh=00_AQAQG2zT54n2sFslYoB5XFztaWbsVgU8rx_5S0AUKCH2NQ&oe=6A632EDC,,"['FACEBOOK', 'INSTAGRAM', 'AUDIENCE_NETWORK', 'MESSENGER', 'THREADS']",au,cw,facebook,social,2026-W29,2026-07,"FACEBOOK, INSTAGRAM, AUDIENCE_NETWORK, MESSENGER, THREADS",True,True,True,True,True,False,Brand/Category Page,True,False,False,2026-07-20,2026-07-08 07:00:00,2026-07-20 15:37:32.553203,12
27696946609929109,2138683823361938,True,2026-07-08 07:00:00,2026-07-18 07:00:00,Chemist Warehouse,Chemist Warehouse,{{product.name}},{{product.brand}},Shop now,DCO,https://www.chemistwarehouse.com.au/shop-online/4907/ecostore?utm_source=facebook&utm_medium=social&utm_campaign=au_cw_oa_facebook_social_ecostore_ecostore_60000_jul26_100637-oa_video-image&utm_term=traffic&utm_content=video-image_,www.chemistwarehouse.com.au,/shop-online/4907/ecostore,facebook,social,au_cw_oa_facebook_social_ecostore_ecostore_60000_jul26_100637-oa_video-image,60000,traffic,video-image_,O&O,Ecostore,Ecostore,jul26,video-image,Gentle care for baby,"Made for delicate skin. Fragrance free bubble bath that’s gentle on baby, and better for your world.",Shop Now,,https://video-ams2-1.xx.fbcdn.net/o1/v/t2/f2/m366/AQMxHl_0zzL7h8qCMs_CwVGuY5fDlkeGJZRAkLzx4mD0KxMRvYkArzMO5uH1TcW4yAci4lOiSih_B8Cx9dTtOj_8ffWPnh9S4tz58jl-TU49_Q.mp4?_nc_cat=106&_nc_sid=b66105&_nc_ht=video-ams2-1.xx.fbcdn.net&_nc_ohc=zqeTFh7-j78Q7kNvwG0ltZS&efg=eyJ2ZW5jb2RlX3RhZyI6Inhwdl9wcm9ncmVzc2l2ZS5WSV9VU0VDQVNFX1BST0RVQ1RfVFlQRS4uQzMuNzIwLmRhc2hfaDI2NC1iYXNpYy1nZW4yXzcyMHAiLCJ4cHZfYXNzZXRfaWQiOjEyODc4ODEzOTM0MjAwNDEsImFzc2V0X2FnZV9kYXlzIjoxMiwidmlfdXNlY2FzZV9pZCI6MTA3OTksImR1cmF0aW9uX3MiOjE1LCJ1cmxnZW5fc291cmNlIjoid3d3In0%3D&ccb=17-1&vs=6182d06b7e107ac6&_nc_vs=HBksFQIYRWZiX2VwaGVtZXJhbC8yQTQ5RUQ5NkRENkU4QkVBQTM1MzMzOEI3ODBFQTZCMV9tdF8xX3ZpZGVvX2Rhc2hpbml0Lm1wNBUAAsgBEgAVAhhAZmJfcGVybWFuZW50LzYxNDQ1OTJBRjZFOEI5N0QxREI0MDIxRkMxNDUzMjlFX2F1ZGlvX2Rhc2hpbml0Lm1wNBUCAsgBEgAoABgAGwKIB3VzZV9vaWwBMRJwcm9ncmVzc2l2ZV9yZWNpcGUBMRUAACaS3L2PyNTJBBUCKAJDMywXQC4peNT987YYGWRhc2hfaDI2NC1iYXNpYy1nZW4yXzcyMHARAHUAZd6oAQA&_nc_gid=JGzalye9-79F6cE5MYR5Mg&_nc_ss=7f180&_nc_zt=28&oh=00_AQB2fAWQ3n7AlLmerRy-Codkn5DhXhI32JfyAhzpRi71Qg&oe=6A631DB6,"['FACEBOOK', 'INSTAGRAM', 'AUDIENCE_NETWORK', 'MESSENGER', 'WHATSAPP', 'THREADS']",au,cw,facebook,social,2026-W29,2026-07,"FACEBOOK, INSTAGRAM, AUDIENCE_NETWORK, MESSENGER, WHATSAPP, THREADS",True,True,True,True,True,True,Brand/Category Page,True,False,False,2026-07-20,2026-07-08 07:00:00,2026-07-20 15:37:32.553203,12
1046567844997666,1613936326756597,True,2026-07-08 07:00:00,2026-07-19 07:00:00,Chemist Warehouse,Chemist Warehouse,{{product.name}},{{product.brand}},Shop now,DCO,https://www.chemistwarehouse.com.au/shop-online/5644/mcobeauty-cosmetics?utm_source=facebook&utm_medium=social&utm_campaign=au_cw_coop_facebook_social_mcobeautyptyltd_mcobeauty_648_2026_bau_dynamic&utm_term=conversion&utm_content=dynamic_image-generic,www.chemistwarehouse.com.au,/shop-online/5644/mcobeauty-cosmetics,facebook,social,au_cw_coop_facebook_social_mcobeautyptyltd_mcobeauty_648_2026_bau_dynamic,648,conversion,dynamic_image-generic,Coop,Mcobeautyptyltd,Mcobeauty,2026,dynamic,Turn Up The Volume,Bold lashes. Defined eyes. Your new eye makeup obsession starts here,Shop Now,https://scontent-ams2-1.xx.fbcdn.net/v/t39.35426-6/741662163_981620461530651_4146074618575720703_n.jpg?_nc_cat=106&ccb=1-7&_nc_sid=c53f8f&_nc_ohc=M0h8b_pTeTwQ7kNvwHV347U&_nc_oc=AdryC9BOeFcQw-t9ZBsc1gG7vV43JsLaI4QsGGtQtsOwaaFkcfzcjjlJMbH-B3hcpvk&_nc_zt=14&_nc_ht=scontent-ams2-1.xx&_nc_gid=SbJe_CwRneA2IqpyIyZJ6Q&_nc_ss=7f180&oh=00_AQD2vH6FS-A_XwneQ5UGQbxxTEaBZOEWIyt2WFcG8B7WYQ&oe=6A631F64,,"['FACEBOOK', 'INSTAGRAM', 'AUDIENCE_NETWORK', 'MESSENGER', 'THREADS']",au,cw,facebook,social,2026-W29,2026-07,"FACEBOOK, INSTAGRAM, AUDIENCE_NETWORK, MESSENGER, THREADS",True,True,True,True,True,False,Brand/Category Page,True,False,False,2026-07-20,2026-07-08 07:00:00,2026-07-20 15:37:32.553203,12
1374256354585488,1327204562960701,True,2026-07-07 07:00:00,2026-07-18 07:00:00,Chemist Warehouse,Chemist Warehouse,Chemist Warehouse,"Plans from $29 - Why Aussies are Switching!
EZEE Mobile runs on a 30-day cycle, so you recharge 12 times a year, not 13. Plans from $29
with unlimited calls & texts in Australia, unlimited calls to 15 countries, data banking and no
lock-in. Keep your number or choose a new one.
Grab a free eSIM, or a $2 SIM from your local Chemist Warehouse.
Switching is EZEE! 💚",Learn more,CAROUSEL,https://ezeemobile.com.au/plans?utm_source=facebook&utm_medium=social&utm_campaign=au_cw_house_facebook_social_ezeemobile_ezee_0_nov25_welcomeseries_video-image&utm_term=traffic&utm_content=video-image_july-carousel,ezeemobile.com.au,/plans,facebook,social,au_cw_house_facebook_social_ezeemobile_ezee_0_nov25_welcomeseries_video-image,0,traffic,video-image_july-carousel,House,Ezeemobile,Ezee,nov25,video-image,EZEE Mobile, ,Learn More,https://scontent-ams2-1.xx.fbcdn.net/v/t39.35426-6/740169608_1324713129777226_8469108419605497299_n.jpg?_nc_cat=102&ccb=1-7&_nc_sid=c53f8f&_nc_ohc=TvJ88hynunYQ7kNvwHBnzD7&_nc_oc=AdogbHnMzFzNokTnal6O6SbyIQf7drojuSmMI46rZ07lI8_0uVyO3hNKLOaQud1b1Z0&_nc_zt=14&_nc_ht=scontent-ams2-1.xx&_nc_gid=SbJe_CwRneA2IqpyIyZJ6Q&_nc_ss=7f180&oh=00_AQDTotuKWam6fl4pvljHi2dIGhnt8nsM6lccDT7fuIb5qg&oe=6A6316C5,,"['FACEBOOK', 'INSTAGRAM', 'AUDIENCE_NETWORK', 'MESSENGER', 'THREADS']",au,cw,facebook,social,2026-W29,2026-07,"FACEBOOK, INSTAGRAM, AUDIENCE_NETWORK, MESSENGER, THREADS",True,True,True,True,True,False,Plans/Pricing Page,True,True,False,2026-07-20,2026-07-07 07:00:00,2026-07-20 15:37:32.553203,13
1043627688129643,997333986253430,True,2026-07-07 07:00:00,2026-07-16 07:00:00,Chemist Warehouse,Chemist Warehouse,{{product.name}},{{product.brand}},Learn more,DCO,https://ezeemobile.com.au/plans?utm_source=facebook&utm_medium=social&utm_campaign=au_cw_house_facebook_social_ezeemobile_ezee_0_nov25_welcomeseries_video-image&utm_term=traffic&utm_content=video-image_july-static-1,ezeemobile.com.au,/plans,facebook,social,au_cw_house_facebook_social_ezeemobile_ezee_0_nov25_welcomeseries_video-image,0,traffic,video-image_july-static-1,House,Ezeemobile,Ezee,nov25,video-image,Switching to EZEE Mobile,"Here's why Aussies are switching to EZEE Mobile. 📱
More features. Better value. No lock-in. And unlike most prepaid plans, EZEE runs on a 30-day
cycle - not 28. That's 12 recharges a year, not 13.
Prepaid plans from $29. Free eSIM, or pick up a SIM for $2 at your local Chemist Warehouse.
Switching is EZEE! 💚",Learn More,https://scontent-ams2-1.xx.fbcdn.net/v/t39.35426-6/740929627_1742218713584223_2749427966796859674_n.jpg?_nc_cat=103&ccb=1-7&_nc_sid=c53f8f&_nc_ohc=TFan6Jbe-LAQ7kNvwFKh-UR&_nc_oc=AdpagQf4CqzNGczCJJR5uWaIK-xJZe3kgj2iFONP_bjlIruJIZ7w9luyCvlJEbKg-0w&_nc_zt=14&_nc_ht=scontent-ams2-1.xx&_nc_gid=SbJe_CwRneA2IqpyIyZJ6Q&_nc_ss=7f180&oh=00_AQCIO1H_4bcWStuJLa-APZ52KP6r5iqS1U4CBj4wReKo4w&oe=6A630690,,"['FACEBOOK', 'INSTAGRAM', 'AUDIENCE_NETWORK', 'MESSENGER', 'THREADS']",au,cw,facebook,social,2026-W29,2026-07,"FACEBOOK, INSTAGRAM, AUDIENCE_NETWORK, MESSENGER, THREADS",True,True,True,True,True,False,Plans/Pricing Page,True,False,False,2026-07-20,2026-07-07 07:00:00,2026-07-20 15:37:32.553203,13
879907961848803,1503905024550933,True,2026-07-08 07:00:00,2026-07-18 07:00:00,Chemist Warehouse,Chemist Warehouse,{{product.name}},{{product.brand}},Shop now,DCO,https://www.chemistwarehouse.com.au/shop-online/5644/mcobeauty-cosmetics?utm_source=facebook&utm_medium=social&utm_campaign=au_cw_coop_facebook_social_mcobeautyptyltd_mcobeauty_648_2026_bau_dynamic&utm_term=conversion&utm_content=dynamic_image-generic,www.chemistwarehouse.com.au,/shop-online/5644/mcobeauty-cosmetics,facebook,social,au_cw_coop_facebook_social_mcobeautyptyltd_mcobeauty_648_2026_bau_dynamic,648,conversion,dynamic_image-generic,Coop,Mcobeautyptyltd,Mcobeauty,2026,dynamic,Turn Up The Volume,Bold lashes. Defined eyes. Your new eye makeup obsession starts here,Shop Now,https://scontent-ams2-1.xx.fbcdn.net/v/t39.35426-6/742144883_3871631232976937_2197426050193801164_n.jpg?_nc_cat=103&ccb=1-7&_nc_sid=c53f8f&_nc_ohc=xY3j8oOPMI8Q7kNvwEOSh43&_nc_oc=AdpCI6OT1e7aPXfcTurQu0Rns67Xrig1NUz8otB58GTejjsgWTyzcJV-BE69QxHylAU&_nc_zt=14&_nc_ht=scontent-ams2-1.xx&_nc_gid=SbJe_CwRneA2IqpyIyZJ6Q&_nc_ss=7f180&oh=00_AQDG7o2gzGKpSLhvv3ORo5za1p9F1aIFbG_lmtajFTfwNg&oe=6A632F79,,"['FACEBOOK', 'INSTAGRAM', 'AUDIENCE_NETWORK', 'MESSENGER', 'THREADS']",au,cw,facebook,social,2026-W29,2026-07,"FACEBOOK, INSTAGRAM, AUDIENCE_NETWORK, MESSENGER, THREADS",True,True,True,True,True,False,Brand/Category Page,True,False,False,2026-07-20,2026-07-08 07:00:00,2026-07-20 15:37:32.553203,12
1587528519826722,1036643022657924,True,2026-07-07 07:00:00,2026-07-18 07:00:00,Chemist Warehouse,Chemist Warehouse,{{product.name}},{{product.brand}},Learn more,DCO,https://ezeemobile.com.au/plans?utm_source=facebook&utm_medium=social&utm_campaign=au_cw_house_facebook_social_ezeemobile_ezee_0_nov25_welcomeseries_video-image&utm_term=traffic&utm_content=video-image_july-static-2,ezeemobile.com.au,/plans,facebook,social,au_cw_house_facebook_social_ezeemobile_ezee_0_nov25_welcomeseries_video-image,0,traffic,video-image_july-static-2,House,Ezeemobile,Ezee,nov25,video-image,Switching to EZEE Mobile,"Stop overpaying for mobile? EZEE Mobile has plans from just $29 - with no lock-in.
✅ Unlimited calls & texts in Australia
✅ Unlimited calls & SMS to 15 countries, including India, China, UK & USA
✅ Data banking, unused data rolls over
✅ Data gifting, share data with family
✅ 30-day expiry, not 28
✅ Free eSIM or $2 physical SIM
✅ Keep your number
Mobile made EZEE. 💚",Learn More,https://scontent-ams2-1.xx.fbcdn.net/v/t39.35426-6/741296624_4522211488104961_2502419524923860675_n.jpg?_nc_cat=109&ccb=1-7&_nc_sid=c53f8f&_nc_ohc=M9inT4Uv2WkQ7kNvwHyFisf&_nc_oc=Ado0zYaMwrpub_HB83OJl9oJmnKZRTkMGh1KJShiJGwEBX555yiBVenZm6uTNwwI1tw&_nc_zt=14&_nc_ht=scontent-ams2-1.xx&_nc_gid=SbJe_CwRneA2IqpyIyZJ6Q&_nc_ss=7f180&oh=00_AQAZNMpL-8ES30POI1kfGqxIuPCQEGpYp1J7b95DDeFRaA&oe=6A631D41,,"['FACEBOOK', 'INSTAGRAM', 'AUDIENCE_NETWORK', 'MESSENGER', 'THREADS']",au,cw,facebook,social,2026-W29,2026-07,"FACEBOOK, INSTAGRAM, AUDIENCE_NETWORK, MESSENGER, THREADS",True,True,True,True,True,False,Plans/Pricing Page,True,False,False,2026-07-20,2026-07-07 07:00:00,2026-07-20 15:37:32.553203,13
2837808323278254,1560501802311150,True,2026-07-07 07:00:00,2026-07-19 07:00:00,Chemist Warehouse,Chemist Warehouse,Take your skincare mile high,The latest MCoBeauty arrivals! 💦 Hydration essentials for skin on the move. Shop now at Chemist Warehous,Shop now,VIDEO,https://www.chemistwarehouse.com.au/shop-online/5644/mcobeauty-cosmetics?utm_source=facebook&utm_medium=social&utm_campaign=au_cw_coop_facebook_social_mcobeautyptyltd_mcobeauty_648_2026_100097-bau_video-image&utm_term=traffic&utm_content=video-image_generic,www.chemistwarehouse.com.au,/shop-online/5644/mcobeauty-cosmetics,facebook,social,au_cw_coop_facebook_social_mcobeautyptyltd_mcobeauty_648_2026_100097-bau_video-image,648,traffic,video-image_generic,Coop,Mcobeautyptyltd,Mcobeauty,2026,video-image,,,,,,"['FACEBOOK', 'INSTAGRAM', 'AUDIENCE_NETWORK', 'MESSENGER', 'WHATSAPP', 'THREADS']",au,cw,facebook,social,2026-W29,2026-07,"FACEBOOK, INSTAGRAM, AUDIENCE_NETWORK, MESSENGER, WHATSAPP, THREADS",True,True,True,True,True,True,Brand/Category Page,True,False,False,2026-07-20,2026-07-07 07:00:00,2026-07-20 15:37:32.553203,13
955109770880482,1036598725474810,True,2026-07-10 07:00:00,2026-07-18 07:00:00,Chemist Warehouse,Chemist Warehouse,Take your skincare mile high,The latest MCoBeauty arrivals! 💦 Hydration essentials for skin on the move. Shop now at Chemist Warehouse,Shop now,VIDEO,https://www.chemistwarehouse.com.au/shop-online/5644/mcobeauty-cosmetics?utm_source=facebook&utm_medium=social&utm_campaign=au_cw_coop_facebook_social_mcobeautyptyltd_mcobeauty_648_2026_100097-bau_video-image&utm_term=traffic&utm_content=video-image_generic,www.chemistwarehouse.com.au,/shop-online/5644/mcobeauty-cosmetics,facebook,social,au_cw_coop_facebook_social_mcobeautyptyltd_mcobeauty_648_2026_100097-bau_video-image,648,traffic,video-image_generic,Coop,Mcobeautyptyltd,Mcobeauty,2026,video-image,,,,,,"['FACEBOOK', 'INSTAGRAM', 'AUDIENCE_NETWORK', 'MESSENGER', 'WHATSAPP', 'THREADS']",au,cw,facebook,social,2026-W29,2026-07,"FACEBOOK, INSTAGRAM, AUDIENCE_NETWORK, MESSENGER, WHATSAPP, THREADS",True,True,True,True,True,True,Brand/Category Page,True,True,False,2026-07-20,2026-07-10 07:00:00,2026-07-20 15:37:32.553203,10
1272269244986366,3637557633048672,True,2026-07-06 07:00:00,2026-07-19 07:00:00,Chemist Warehouse,Chemist Warehouse,"Your skin, just PhotoReady™","Firmer skin in 2 weeks, smoother in 4. Shop PhotoReady Lift + Fill Skin Tint now at Chemist Warehouse.",Shop now,VIDEO,https://www.chemistwarehouse.com.au/shop-online/new-revlon-photoready-range?utm_source=facebook&utm_medium=social&utm_campaign=au_cw_oa_facebook_social_revlonaustraliaptyltd_revlon_648_2026_bau_Dynamic&utm_term=dynamic&utm_content=video-image_influencer,www.chemistwarehouse.com.au,/shop-online/new-revlon-photoready-range,facebook,social,au_cw_oa_facebook_social_revlonaustraliaptyltd_revlon_648_2026_bau_Dynamic,648,dynamic,video-image_influencer,O&O,Revlonaustraliaptyltd,Revlon,2026,dynamic,,,,,,"['FACEBOOK', 'INSTAGRAM', 'AUDIENCE_NETWORK', 'MESSENGER', 'THREADS']",au,cw,facebook,social,2026-W29,2026-07,"FACEBOOK, INSTAGRAM, AUDIENCE_NETWORK, MESSENGER, THREADS",True,True,True,True,True,False,Brand/Category Page,True,True,False,2026-07-20,2026-07-06 07:00:00,2026-07-20 15:37:32.553203,14
1801506250832972,,True,2026-07-07 07:00:00,2026-07-19 07:00:00,Chemist Warehouse,Chemist Warehouse,Chemist Warehouse,"The mascara you love, now in a brand new shade inspired by Rimmel's viral lip liner. Shop Thrill Seeker Mega Lift Mascara now in Brownie Pie.",Shop now,DPA,https://www.chemistwarehouse.com.au/shop-online/rimmel-brownie-pie?utm_source=facebook&utm_medium=social&utm_campaign=au_cw_oa_facebook_social_cotyconsumerbeauty_rimmel_648_2026_bau_dynamic&utm_term=conversion&utm_content=dynamic_brand,www.chemistwarehouse.com.au,/shop-online/rimmel-brownie-pie,facebook,social,au_cw_oa_facebook_social_cotyconsumerbeauty_rimmel_648_2026_bau_dynamic,648,conversion,dynamic_brand,O&O,Cotyconsumerbeauty,Rimmel,2026,dynamic,Chemist Warehouse,"The mascara you love, now in a brand new shade inspired by Rimmel's viral lip liner. Shop Thrill Seeker Mega Lift Mascara now in Brownie Pie.",Shop Now,https://scontent-ams2-1.xx.fbcdn.net/v/t39.35426-6/738976763_1464961958998145_1180642540543969043_n.jpg?_nc_cat=111&ccb=1-7&_nc_sid=c53f8f&_nc_ohc=fDWFzciF8SMQ7kNvwFpd_T-&_nc_oc=Adr4NXUCxDqsg-9nxvcg-nsp1SQl_8QwkAuUFwP9i3oB7ft5dR63wFTNOtFsiMxwEcw&_nc_zt=14&_nc_ht=scontent-ams2-1.xx&_nc_gid=XdqtAXLAmw2IhJn9v7yyFQ&_nc_ss=7f180&oh=00_AQAhpXpqZD7tFTjtL9rcsO1ZWyXHpHX9hKse9bPpwB9PqA&oe=6A6308F5,,"['FACEBOOK', 'INSTAGRAM', 'AUDIENCE_NETWORK', 'MESSENGER', 'THREADS']",au,cw,facebook,social,2026-W29,2026-07,"FACEBOOK, INSTAGRAM, AUDIENCE_NETWORK, MESSENGER, THREADS",True,True,True,True,True,False,Brand/Category Page,True,True,False,2026-07-20,2026-07-07 07:00:00,2026-07-20 15:37:32.553203,13
1735335100834651,,True,2026-07-07 07:00:00,2026-07-19 07:00:00,Chemist Warehouse,Chemist Warehouse,Chemist Warehouse,"The mascara you love, now in a brand new shade inspired by Rimmel's viral lip liner. Shop Thrill Seeker Mega Lift Mascara now in Brownie Pie.",Shop now,DPA,https://www.chemistwarehouse.com.au/shop-online/rimmel-brownie-pie?utm_source=facebook&utm_medium=social&utm_campaign=au_cw_oa_facebook_social_cotyconsumerbeauty_rimmel_648_2026_bau_dynamic&utm_term=conversion&utm_content=dynamic_brand,www.chemistwarehouse.com.au,/shop-online/rimmel-brownie-pie,facebook,social,au_cw_oa_facebook_social_cotyconsumerbeauty_rimmel_648_2026_bau_dynamic,648,conversion,dynamic_brand,O&O,Cotyconsumerbeauty,Rimmel,2026,dynamic,Chemist Warehouse,"The mascara you love, now in a brand new shade inspired by Rimmel's viral lip liner. Shop Thrill Seeker Mega Lift Mascara now in Brownie Pie.",Shop Now,https://scontent-ams2-1.xx.fbcdn.net/v/t39.35426-6/741120552_4499225043654051_1195860438326915359_n.jpg?_nc_cat=108&ccb=1-7&_nc_sid=c53f8f&_nc_ohc=ii-bLKBopRQQ7kNvwEZSASf&_nc_oc=Adonwj5N96Bp8668IXuwMo415NTrY_uVQkzfjTTBvo24VoZvOTby-zwc_8_fT537eYA&_nc_zt=14&_nc_ht=scontent-ams2-1.xx&_nc_gid=XdqtAXLAmw2IhJn9v7yyFQ&_nc_ss=7f180&oh=00_AQBKdo8ZvshglwHoFYcadESM7vFy9vQV3kv5WMJ8J-GXcw&oe=6A63277B,,"['FACEBOOK', 'INSTAGRAM', 'AUDIENCE_NETWORK', 'MESSENGER', 'THREADS']",au,cw,facebook,social,2026-W29,2026-07,"FACEBOOK, INSTAGRAM, AUDIENCE_NETWORK, MESSENGER, THREADS",True,True,True,True,True,False,Brand/Category Page,True,True,False,2026-07-20,2026-07-07 07:00:00,2026-07-20 15:37:32.553203,13
1529834451959171,1516863560454162,True,2026-07-08 07:00:00,2026-07-19 07:00:00,Chemist Warehouse,Chemist Warehouse,{{product.name}},{{product.brand}},Shop now,DCO,https://www.chemistwarehouse.com.au/shop-online/5644/mcobeauty-cosmetics?utm_source=facebook&utm_medium=social&utm_campaign=au_cw_coop_facebook_social_mcobeautyptyltd_mcobeauty_648_2026_bau_dynamic&utm_term=conversion&utm_content=dynamic_image-generic,www.chemistwarehouse.com.au,/shop-online/5644/mcobeauty-cosmetics,facebook,social,au_cw_coop_facebook_social_mcobeautyptyltd_mcobeauty_648_2026_bau_dynamic,648,conversion,dynamic_image-generic,Coop,Mcobeautyptyltd,Mcobeauty,2026,dynamic,Turn Up The Volume,Bold lashes. Defined eyes. Your new eye makeup obsession starts here,Shop Now,https://scontent-ams2-1.xx.fbcdn.net/v/t39.35426-6/741439838_1669637444293243_3825075991766541129_n.jpg?_nc_cat=110&ccb=1-7&_nc_sid=c53f8f&_nc_ohc=28NembWkr5wQ7kNvwF7VPZf&_nc_oc=AdpcEPXkqeYxyldGUH70Y0MeH-e3ZKQlPkN4JqTUP9TQ7lk0CYBUyLP6dPBYFfHbNgM&_nc_zt=14&_nc_ht=scontent-ams2-1.xx&_nc_gid=SbJe_CwRneA2IqpyIyZJ6Q&_nc_ss=7f180&oh=00_AQBvKhhyI9Jx33lymJKK1WuGtfagt8zHC_hQtzCbk2MMVQ&oe=6A62FF9B,,"['FACEBOOK', 'INSTAGRAM', 'AUDIENCE_NETWORK', 'MESSENGER', 'THREADS']",au,cw,facebook,social,2026-W29,2026-07,"FACEBOOK, INSTAGRAM, AUDIENCE_NETWORK, MESSENGER, THREADS",True,True,True,True,True,False,Brand/Category Page,True,False,False,2026-07-20,2026-07-08 07:00:00,2026-07-20 15:37:32.553203,12
1669874270937523,1003650575797670,True,2026-07-06 07:00:00,2026-07-19 07:00:00,Chemist Warehouse,Chemist Warehouse,"Your skin, just PhotoReady™","Firmer skin in 2 weeks, smoother in 4. Shop PhotoReady Lift + Fill Skin Tint now at Chemist Warehouse.",See details,VIDEO,https://fb.com/canvas_doc/1173628785836162,fb.com,/canvas_doc/1173628785836162,,,,,,,Not Specified,,,,,,,,,,"['FACEBOOK', 'INSTAGRAM', 'AUDIENCE_NETWORK', 'MESSENGER', 'THREADS']",,,,,2026-W29,2026-07,"FACEBOOK, INSTAGRAM, AUDIENCE_NETWORK, MESSENGER, THREADS",True,True,True,True,True,False,Internal/App Page,True,True,False,2026-07-20,2026-07-06 07:00:00,2026-07-20 15:37:32.553203,14
986855321095579,1653372552629520,True,2026-07-06 07:00:00,2026-07-19 07:00:00,Chemist Warehouse,Chemist Warehouse,{{product.name}},{{product.brand}},Shop now,DCO,https://www.chemistwarehouse.com.au/shop-online/new-revlon-photoready-range?utm_source=facebook&utm_medium=social&utm_campaign=au_cw_oa_facebook_social_revlonaustraliaptyltd_revlon_648_2026_bau_Dynamic&utm_term=dynamic&utm_content=video-image_influencer,www.chemistwarehouse.com.au,/shop-online/new-revlon-photoready-range,facebook,social,au_cw_oa_facebook_social_revlonaustraliaptyltd_revlon_648_2026_bau_Dynamic,648,dynamic,video-image_influencer,O&O,Revlonaustraliaptyltd,Revlon,2026,dynamic,"Your skin, just PhotoReady™","Firmer skin in 2 weeks, smoother in 4. Shop PhotoReady Lift + Fill Skin Tint now at Chemist Warehouse.",Shop Now,,https://video-ams2-1.xx.fbcdn.net/o1/v/t2/f2/m366/AQM6csQLWZ5EQ6JouLqcaumJDUTDoQY3cASHSuh1zZh8moHfyU3YO6pEQowalELA6carVuQg7axai9iMiMwKL2U-S_oL09zgiU_gYWLrOo7iGg.mp4?_nc_cat=103&_nc_sid=b66105&_nc_ht=video-ams2-1.xx.fbcdn.net&_nc_ohc=0Uy538JgUfgQ7kNvwEeJ-8I&efg=eyJ2ZW5jb2RlX3RhZyI6Inhwdl9wcm9ncmVzc2l2ZS5WSV9VU0VDQVNFX1BST0RVQ1RfVFlQRS4uQzMuNzIwLmRhc2hfaDI2NC1iYXNpYy1nZW4yXzcyMHAiLCJ4cHZfYXNzZXRfaWQiOjE1MjgxNDAwMTU3NzQ5MTMsImFzc2V0X2FnZV9kYXlzIjoyMywidmlfdXNlY2FzZV9pZCI6MTA3OTksImR1cmF0aW9uX3MiOjQ2LCJ1cmxnZW5fc291cmNlIjoid3d3In0%3D&ccb=17-1&vs=42782c500e24cbb9&_nc_vs=HBksFQIYRWZiX2VwaGVtZXJhbC85NDQzQUMxMjc2RjcyMjFCNTYwRDk0MzY1OUZBMjRCM19tdF8xX3ZpZGVvX2Rhc2hpbml0Lm1wNBUAAsgBEgAVAhhAZmJfcGVybWFuZW50L0NGNDM4OUE5OTZBREE3QzdFQ0UyMTY2QjhERjMwOUFFX2F1ZGlvX2Rhc2hpbml0Lm1wNBUCAsgBEgAoABgAGwKIB3VzZV9vaWwBMRJwcm9ncmVzc2l2ZV9yZWNpcGUBMRUAACaCs_WsuvW2BRUCKAJDMywXQEdHrhR64UgYGWRhc2hfaDI2NC1iYXNpYy1nZW4yXzcyMHARAHUAZd6oAQA&_nc_gid=XdqtAXLAmw2IhJn9v7yyFQ&_nc_ss=7f180&_nc_zt=28&oh=00_AQC0K37OHTv9uB3sdv4yaDvm9IsWXnA6qPyeOOqGAxmCMA&oe=6A631605,"['FACEBOOK', 'INSTAGRAM', 'AUDIENCE_NETWORK', 'MESSENGER', 'THREADS']",au,cw,facebook,social,2026-W29,2026-07,"FACEBOOK, INSTAGRAM, AUDIENCE_NETWORK, MESSENGER, THREADS",True,True,True,True,True,False,Brand/Category Page,True,False,False,2026-07-20,2026-07-06 07:00:00,2026-07-20 15:37:32.553203,14
2204443720402274,1580686533569009,True,2026-07-06 07:00:00,2026-07-19 07:00:00,Chemist Warehouse,Chemist Warehouse,{{product.name}},{{product.brand}},Shop now,DCO,https://www.chemistwarehouse.com.au/shop-online/new-revlon-photoready-range?utm_source=facebook&utm_medium=social&utm_campaign=au_cw_oa_facebook_social_revlonaustraliaptyltd_revlon_648_2026_bau_Dynamic&utm_term=dynamic&utm_content=video-image_influencer,www.chemistwarehouse.com.au,/shop-online/new-revlon-photoready-range,facebook,social,au_cw_oa_facebook_social_revlonaustraliaptyltd_revlon_648_2026_bau_Dynamic,648,dynamic,video-image_influencer,O&O,Revlonaustraliaptyltd,Revlon,2026,dynamic,"Your skin, just PhotoReady™","Firmer skin in 2 weeks, smoother in 4. Shop PhotoReady Lift + Fill Skin Tint now at Chemist Warehouse.",Shop Now,,https://video-ams2-1.xx.fbcdn.net/o1/v/t2/f2/m366/AQOYryLORbx3z9mBBE4R7yC9qErnikpwn8xsU-op9tnk8IVyNGz1mGxr0rBsJnJON8OHUTDsWNtxQYJLYDeEeoHn13FHYjGlTUA37PLcZMTu9g.mp4?_nc_cat=102&_nc_sid=b66105&_nc_ht=video-ams2-1.xx.fbcdn.net&_nc_ohc=fhmCtrv49fEQ7kNvwHW9vtY&efg=eyJ2ZW5jb2RlX3RhZyI6Inhwdl9wcm9ncmVzc2l2ZS5WSV9VU0VDQVNFX1BST0RVQ1RfVFlQRS4uQzMuNzIwLmRhc2hfaDI2NC1iYXNpYy1nZW4yXzcyMHAiLCJ4cHZfYXNzZXRfaWQiOjk4MjQ5MzI4NDYyMjE3NywiYXNzZXRfYWdlX2RheXMiOjIzLCJ2aV91c2VjYXNlX2lkIjoxMDc5OSwiZHVyYXRpb25fcyI6MjMsInVybGdlbl9zb3VyY2UiOiJ3d3cifQ%3D%3D&ccb=17-1&vs=124aa632be009ba4&_nc_vs=HBksFQIYRWZiX2VwaGVtZXJhbC9CQzQxREQyMTcyQzNFRDdENjNCODQyMzFBNTdFQzVBNV9tdF8xX3ZpZGVvX2Rhc2hpbml0Lm1wNBUAAsgBEgAVAhhAZmJfcGVybWFuZW50L0M2NERCOTI2REEwRTEzRkI2QkJFQjVBNjAwNEFEMUIwX2F1ZGlvX2Rhc2hpbml0Lm1wNBUCAsgBEgAoABgAGwKIB3VzZV9vaWwBMRJwcm9ncmVzc2l2ZV9yZWNpcGUBMRUAACbC_cqz0eS-AxUCKAJDMywXQDeIcrAgxJwYGWRhc2hfaDI2NC1iYXNpYy1nZW4yXzcyMHARAHUAZd6oAQA&_nc_gid=XdqtAXLAmw2IhJn9v7yyFQ&_nc_ss=7f180&_nc_zt=28&oh=00_AQAp0HIyn8Jh2mTsr9YJOrZl138P21xrj3E8dJ2Rl_XFOw&oe=6A6334A2,"['FACEBOOK', 'INSTAGRAM', 'AUDIENCE_NETWORK', 'MESSENGER', 'THREADS']",au,cw,facebook,social,2026-W29,2026-07,"FACEBOOK, INSTAGRAM, AUDIENCE_NETWORK, MESSENGER, THREADS",True,True,True,True,True,False,Brand/Category Page,True,False,False,2026-07-20,2026-07-06 07:00:00,2026-07-20 15:37:32.553203,14
1593619122194176,1743064960034455,True,2026-07-03 07:00:00,2026-07-19 07:00:00,Chemist Warehouse,Chemist Warehouse,{{product.name}},{{product.brand}},Shop now,DCO,https://www.chemistwarehouse.com.au/buy/159293/hugo-boss-bottled-beyond-eau-de-parfum-100ml?utm_source=facebook&utm_medium=social&utm_campaign=au_cw_oa_facebook_social_cotyluxury_hugoboss_542_may26_100497-bottled_video-image&utm_term=traffic&utm_content=video-image_brand,www.chemistwarehouse.com.au,/buy/159293/hugo-boss-bottled-beyond-eau-de-parfum-100ml,facebook,social,au_cw_oa_facebook_social_cotyluxury_hugoboss_542_may26_100497-bottled_video-image,542,traffic,video-image_brand,O&O,Cotyluxury,Hugoboss,may26,video-image,A powerful dual blend,"When opposites collide, the result is electrifying. #BOSSBottled Beyond goes intense with a vibrant ginger-leather interplay",Shop Now,,https://video-ams2-1.xx.fbcdn.net/o1/v/t2/f2/m366/AQMrfn40MsZHMvoaWxYhu1bBcl0_QmGjHAQbET7f78Q7iPyUzg03ammAcwdutmfdgc9U5uSORYVP1Y5QnyOPbOy5DDZ7E3xEGgHm2ybYztdYBA.mp4?_nc_cat=108&_nc_sid=b66105&_nc_ht=video-ams2-1.xx.fbcdn.net&_nc_ohc=8ct3Zsr4Mj0Q7kNvwGzbhDY&efg=eyJ2ZW5jb2RlX3RhZyI6Inhwdl9wcm9ncmVzc2l2ZS5WSV9VU0VDQVNFX1BST0RVQ1RfVFlQRS4uQzMuNzIwLmRhc2hfaDI2NC1iYXNpYy1nZW4yXzcyMHAiLCJ4cHZfYXNzZXRfaWQiOjI1MTUxMjUyNjIzNDMyNTAsImFzc2V0X2FnZV9kYXlzIjoxNiwidmlfdXNlY2FzZV9pZCI6MTA3OTksImR1cmF0aW9uX3MiOjM0LCJ1cmxnZW5fc291cmNlIjoid3d3In0%3D&ccb=17-1&vs=293adcc6b40750a2&_nc_vs=HBksFQIYRWZiX2VwaGVtZXJhbC85RjQxNzVENTM0OTgyNjIzMTI1ODUxNDI1Q0NGOUVBMV9tdF8xX3ZpZGVvX2Rhc2hpbml0Lm1wNBUAAsgBEgAVAhhAZmJfcGVybWFuZW50Lzc5NEM4ODA2QzI4Q0VFMUQ2MkU3NzREMzUzMkU5N0FBX2F1ZGlvX2Rhc2hpbml0Lm1wNBUCAsgBEgAoABgAGwKIB3VzZV9vaWwBMRJwcm9ncmVzc2l2ZV9yZWNpcGUBMRUAACak8Z69x9_3CBUCKAJDMywXQEEo9cKPXCkYGWRhc2hfaDI2NC1iYXNpYy1nZW4yXzcyMHARAHUAZd6oAQA&_nc_gid=XdqtAXLAmw2IhJn9v7yyFQ&_nc_ss=7f180&_nc_zt=28&oh=00_AQDvAqXqlY8KJuaSvUz7O4RWqZbxeyF_Qzz_W7DcQQdTrQ&oe=6A631880,"['FACEBOOK', 'INSTAGRAM', 'AUDIENCE_NETWORK', 'MESSENGER', 'THREADS']",au,cw,facebook,social,2026-W29,2026-07,"FACEBOOK, INSTAGRAM, AUDIENCE_NETWORK, MESSENGER, THREADS",True,True,True,True,True,False,SKU Product,True,False,False,2026-07-20,2026-07-03 07:00:00,2026-07-20 15:37:32.553203,17
2505940816499029,1697047654836642,True,2026-07-06 07:00:00,2026-07-19 07:00:00,Chemist Warehouse,Chemist Warehouse,{{product.name}},{{product.brand}},Shop now,DCO,https://www.chemistwarehouse.com.au/shop-online/new-revlon-photoready-range?utm_source=facebook&utm_medium=social&utm_campaign=au_cw_oa_facebook_social_revlonaustraliaptyltd_revlon_648_2026_bau_Dynamic&utm_term=dynamic&utm_content=video-image_influencer,www.chemistwarehouse.com.au,/shop-online/new-revlon-photoready-range,facebook,social,au_cw_oa_facebook_social_revlonaustraliaptyltd_revlon_648_2026_bau_Dynamic,648,dynamic,video-image_influencer,O&O,Revlonaustraliaptyltd,Revlon,2026,dynamic,"Your skin, just PhotoReady™","Firmer skin in 2 weeks, smoother in 4. Shop PhotoReady Lift + Fill Skin Tint now at Chemist Warehouse.",Shop Now,,https://video-ams2-1.xx.fbcdn.net/o1/v/t2/f2/m366/AQMclCI5W3DZOGmwLU8bxzvDe0GqHa9GDNPbepwrwUIwUzujlxROsgf2qRGyaDM1evvoh_UdMsVcmYqAmDsL7YC6Sy4tfKFLwiPrYLvNLgPhyQ.mp4?_nc_cat=107&_nc_sid=b66105&_nc_ht=video-ams2-1.xx.fbcdn.net&_nc_ohc=vDlSrfZLUK0Q7kNvwEP74I1&efg=eyJ2ZW5jb2RlX3RhZyI6Inhwdl9wcm9ncmVzc2l2ZS5WSV9VU0VDQVNFX1BST0RVQ1RfVFlQRS4uQzMuNzIwLmRhc2hfaDI2NC1iYXNpYy1nZW4yXzcyMHAiLCJ4cHZfYXNzZXRfaWQiOjEwNDcwMTgyOTQ2NTM1MTgsImFzc2V0X2FnZV9kYXlzIjoyMywidmlfdXNlY2FzZV9pZCI6MTA3OTksImR1cmF0aW9uX3MiOjQyLCJ1cmxnZW5fc291cmNlIjoid3d3In0%3D&ccb=17-1&vs=f503447325c399ed&_nc_vs=HBksFQIYRWZiX2VwaGVtZXJhbC81NTQxMTI0NTQwOEI5NDU5MjQ4MzA3NUQxRjE1OTg4RF9tdF8xX3ZpZGVvX2Rhc2hpbml0Lm1wNBUAAsgBEgAVAhhAZmJfcGVybWFuZW50LzcyNEYzOThFRTI3NTc3MTE1MTZGNDc1NjAyQjc2NDg4X2F1ZGlvX2Rhc2hpbml0Lm1wNBUCAsgBEgAoABgAGwKIB3VzZV9vaWwBMRJwcm9ncmVzc2l2ZV9yZWNpcGUBMRUAACacybWYvpDcAxUCKAJDMywXQEVCj1wo9cMYGWRhc2hfaDI2NC1iYXNpYy1nZW4yXzcyMHARAHUAZd6oAQA&_nc_gid=XdqtAXLAmw2IhJn9v7yyFQ&_nc_ss=7f180&_nc_zt=28&oh=00_AQAvei1FwAtkP8WuKhFiVDzuz0nqGCpvK5k2XXz_IfsR8g&oe=6A6319B9,"['FACEBOOK', 'INSTAGRAM', 'AUDIENCE_NETWORK', 'MESSENGER', 'THREADS']",au,cw,facebook,social,2026-W29,2026-07,"FACEBOOK, INSTAGRAM, AUDIENCE_NETWORK, MESSENGER, THREADS",True,True,True,True,True,False,Brand/Category Page,True,False,False,2026-07-20,2026-07-06 07:00:00,2026-07-20 15:37:32.553203,14
3611235062386730,1028203083130534,True,2026-07-06 07:00:00,2026-07-19 07:00:00,Chemist Warehouse,Chemist Warehouse,{{product.name}},{{product.brand}},Shop now,DCO,https://www.chemistwarehouse.com.au/shop-online/new-revlon-photoready-range?utm_source=facebook&utm_medium=social&utm_campaign=au_cw_oa_facebook_social_revlonaustraliaptyltd_revlon_648_2026_bau_Dynamic&utm_term=dynamic&utm_content=video-image_influencer,www.chemistwarehouse.com.au,/shop-online/new-revlon-photoready-range,facebook,social,au_cw_oa_facebook_social_revlonaustraliaptyltd_revlon_648_2026_bau_Dynamic,648,dynamic,video-image_influencer,O&O,Revlonaustraliaptyltd,Revlon,2026,dynamic,"Your skin, just PhotoReady™","Firmer skin in 2 weeks, smoother in 4. Shop PhotoReady Lift + Fill Skin Tint now at Chemist Warehouse.",Shop Now,,https://video-ams2-1.xx.fbcdn.net/o1/v/t2/f2/m366/AQN7CPg8QLaJFnmcXUPXpojM1CGXklO4BATBeHl3XW51dQEi8OyPru7pwV1ozPi1NwczD16JYeBkDjbG0k0mZBvznlz9i9nJmCd-w_ApfWkPkA.mp4?_nc_cat=109&_nc_sid=b66105&_nc_ht=video-ams2-1.xx.fbcdn.net&_nc_ohc=yKzbmlisFEoQ7kNvwFUuABn&efg=eyJ2ZW5jb2RlX3RhZyI6Inhwdl9wcm9ncmVzc2l2ZS5WSV9VU0VDQVNFX1BST0RVQ1RfVFlQRS4uQzMuNzIwLmRhc2hfaDI2NC1iYXNpYy1nZW4yXzcyMHAiLCJ4cHZfYXNzZXRfaWQiOjE3MTM4MzUxOTk3NTc0NzMsImFzc2V0X2FnZV9kYXlzIjoyMywidmlfdXNlY2FzZV9pZCI6MTA3OTksImR1cmF0aW9uX3MiOjE1LCJ1cmxnZW5fc291cmNlIjoid3d3In0%3D&ccb=17-1&vs=ce5b77d138117863&_nc_vs=HBksFQIYRWZiX2VwaGVtZXJhbC9GNDREMkE2N0Y0OUNFMDZBMkI0MDlFQUQyNkRCNzhCNF9tdF8xX3ZpZGVvX2Rhc2hpbml0Lm1wNBUAAsgBEgAVAhhAZmJfcGVybWFuZW50L0VBNDY0RDIxQzc5NEQzQzM1MjdBQkY0MUQ1QzlGREE1X2F1ZGlvX2Rhc2hpbml0Lm1wNBUCAsgBEgAoABgAGwKIB3VzZV9vaWwBMRJwcm9ncmVzc2l2ZV9yZWNpcGUBMRUAACbC8sekq66LBhUCKAJDMywXQC-FHrhR64UYGWRhc2hfaDI2NC1iYXNpYy1nZW4yXzcyMHARAHUAZd6oAQA&_nc_gid=XdqtAXLAmw2IhJn9v7yyFQ&_nc_ss=7f180&_nc_zt=28&oh=00_AQDQpIM0VJNpOVAK5sgTJFkRgxydvyCA_bcw2PC4CF4WOQ&oe=6A632053,"['FACEBOOK', 'INSTAGRAM', 'AUDIENCE_NETWORK', 'MESSENGER', 'THREADS']",au,cw,facebook,social,2026-W29,2026-07,"FACEBOOK, INSTAGRAM, AUDIENCE_NETWORK, MESSENGER, THREADS",True,True,True,True,True,False,Brand/Category Page,True,False,False,2026-07-20,2026-07-06 07:00:00,2026-07-20 15:37:32.553203,14
1369673448388727,1715534986150082,True,2026-07-06 07:00:00,2026-07-19 07:00:00,Chemist Warehouse,Chemist Warehouse,"Your skin, just PhotoReady™","Firmer skin in 2 weeks, smoother in 4. Shop PhotoReady Lift + Fill Skin Tint now at Chemist Warehouse.",Shop now,VIDEO,https://fb.com/canvas_doc/1349916453730284,fb.com,/canvas_doc/1349916453730284,,,,,,,Not Specified,,,,,,,,,,"['FACEBOOK', 'INSTAGRAM', 'AUDIENCE_NETWORK', 'MESSENGER', 'THREADS']",,,,,2026-W29,2026-07,"FACEBOOK, INSTAGRAM, AUDIENCE_NETWORK, MESSENGER, THREADS",True,True,True,True,True,False,Internal/App Page,True,True,False,2026-07-20,2026-07-06 07:00:00,2026-07-20 15:37:32.553203,14
4308130602666439,1676868997378934,True,2026-07-03 07:00:00,2026-07-19 07:00:00,Chemist Warehouse,Chemist Warehouse,Shop at Chemist Warehouse,Shop Elevit and Menevit now at Chemist Warehouse,Shop now,VIDEO,https://www.chemistwarehouse.com.au/shop-online/945/elevit-menevit?utm_source=facebook&utm_medium=social&utm_campaign=au_cw_oa_facebook_social_bayeraustralialtd_elevit_81_jul25_100137-social_video-image&utm_term=traffic&utm_content=video-image_,www.chemistwarehouse.com.au,/shop-online/945/elevit-menevit,facebook,social,au_cw_oa_facebook_social_bayeraustralialtd_elevit_81_jul25_100137-social_video-image,81,traffic,video-image_,O&O,Bayeraustralialtd,Elevit,jul25,video-image,,,,,,"['FACEBOOK', 'INSTAGRAM', 'AUDIENCE_NETWORK', 'MESSENGER', 'WHATSAPP', 'THREADS']",au,cw,facebook,social,2026-W29,2026-07,"FACEBOOK, INSTAGRAM, AUDIENCE_NETWORK, MESSENGER, WHATSAPP, THREADS",True,True,True,True,True,True,Brand/Category Page,True,True,False,2026-07-20,2026-07-03 07:00:00,2026-07-20 15:37:32.553203,17
1327462102877689,1527070685541996,True,2026-07-06 07:00:00,2026-07-19 07:00:00,Chemist Warehouse,Chemist Warehouse,{{product.name}},{{product.brand}},Shop now,DCO,https://www.chemistwarehouse.com.au/shop-online/new-revlon-photoready-range?utm_source=facebook&utm_medium=social&utm_campaign=au_cw_oa_facebook_social_revlonaustraliaptyltd_revlon_648_2026_bau_Dynamic&utm_term=dynamic&utm_content=video-image_influencer,www.chemistwarehouse.com.au,/shop-online/new-revlon-photoready-range,facebook,social,au_cw_oa_facebook_social_revlonaustraliaptyltd_revlon_648_2026_bau_Dynamic,648,dynamic,video-image_influencer,O&O,Revlonaustraliaptyltd,Revlon,2026,dynamic,"Your skin, just PhotoReady™","Firmer skin in 2 weeks, smoother in 4. Shop PhotoReady Lift + Fill Skin Tint now at Chemist Warehouse.",Shop Now,,https://video-ams2-1.xx.fbcdn.net/o1/v/t2/f2/m366/AQO5RS4t9OrNSaDEWqrA31NwwT2KEbRAtLadMrVYNuBc9fBWQ9yUejXPXdN4-RCUNGqHKieqHEf2vnKlwFk1z8tSa0EJ_PLfrf46WoLG3i1jEg.mp4?_nc_cat=111&_nc_sid=b66105&_nc_ht=video-ams2-1.xx.fbcdn.net&_nc_ohc=mvKVOstUqrcQ7kNvwFPvaPX&efg=eyJ2ZW5jb2RlX3RhZyI6Inhwdl9wcm9ncmVzc2l2ZS5WSV9VU0VDQVNFX1BST0RVQ1RfVFlQRS4uQzMuNzIwLmRhc2hfaDI2NC1iYXNpYy1nZW4yXzcyMHAiLCJ4cHZfYXNzZXRfaWQiOjE0ODU2ODg1NjAwNTg5NzcsImFzc2V0X2FnZV9kYXlzIjoyMywidmlfdXNlY2FzZV9pZCI6MTA3OTksImR1cmF0aW9uX3MiOjE2LCJ1cmxnZW5fc291cmNlIjoid3d3In0%3D&ccb=17-1&vs=200cb93eaae649e4&_nc_vs=HBksFQIYRWZiX2VwaGVtZXJhbC8xNTRCQ0UyQjVBRDUwNUNBMUYwN0VDNzc1RUU1QzE5NF9tdF8xX3ZpZGVvX2Rhc2hpbml0Lm1wNBUAAsgBEgAVAhhAZmJfcGVybWFuZW50L0I3NDFGRDNCOTdBMDZCNTM4NzRBRUU1MDQwRThDMDhCX2F1ZGlvX2Rhc2hpbml0Lm1wNBUCAsgBEgAoABgAGwKIB3VzZV9vaWwBMRJwcm9ncmVzc2l2ZV9yZWNpcGUBMRUAACbCifStus6jBRUCKAJDMywXQDAQ5WBBiTcYGWRhc2hfaDI2NC1iYXNpYy1nZW4yXzcyMHARAHUAZd6oAQA&_nc_gid=XdqtAXLAmw2IhJn9v7yyFQ&_nc_ss=7f180&_nc_zt=28&oh=00_AQCGvaxaE2gouFYENMyF81m-_cK25UGRBgxfSWcLH2aRtg&oe=6A631FE1,"['FACEBOOK', 'INSTAGRAM', 'AUDIENCE_NETWORK', 'MESSENGER', 'THREADS']",au,cw,facebook,social,2026-W29,2026-07,"FACEBOOK, INSTAGRAM, AUDIENCE_NETWORK, MESSENGER, THREADS",True,True,True,True,True,False,Brand/Category Page,True,False,False,2026-07-20,2026-07-06 07:00:00,2026-07-20 15:37:32.553203,14
1096214133098594,,True,2026-07-02 07:00:00,2026-07-19 07:00:00,Chemist Warehouse,Chemist Warehouse,Olive Leaf Immunce Defence,Olive Leaf Extract. Relieve the severity of common cold symptoms,Shop now,IMAGE,https://fb.com/canvas_doc/1582456080128001,fb.com,/canvas_doc/1582456080128001,,,,,,,Not Specified,,,,,,,,,,"['FACEBOOK', 'INSTAGRAM', 'AUDIENCE_NETWORK', 'MESSENGER', 'THREADS']",,,,,2026-W29,2026-07,"FACEBOOK, INSTAGRAM, AUDIENCE_NETWORK, MESSENGER, THREADS",True,True,True,True,True,False,Internal/App Page,True,False,False,2026-07-20,2026-07-02 07:00:00,2026-07-20 15:37:32.553203,18
4521483871435016,1316178387333651,True,2026-07-01 07:00:00,2026-07-19 07:00:00,Chemist Warehouse,Chemist Warehouse,Common Cold and the Good Leaf,Olive Leaf Extract. Relieve the severity of common cold symptoms,Shop now,VIDEO,https://fb.com/canvas_doc/2496157234199330,fb.com,/canvas_doc/2496157234199330,,,,,,,Not Specified,,,,,,,,,,"['FACEBOOK', 'INSTAGRAM', 'AUDIENCE_NETWORK', 'MESSENGER', 'THREADS']",,,,,2026-W29,2026-07,"FACEBOOK, INSTAGRAM, AUDIENCE_NETWORK, MESSENGER, THREADS",True,True,True,True,True,False,Internal/App Page,True,False,False,2026-07-20,2026-07-01 07:00:00,2026-07-20 15:37:32.553203,19
1573742130882756,897600276727010,True,2026-07-01 07:00:00,2026-07-19 07:00:00,Chemist Warehouse,Chemist Warehouse,{{product.name}},{{product.brand}},Shop now,DCO,https://www.chemistwarehouse.com.au/buy/168536/azzaro-forever-wanted-absolu-100ml?utm_source=facebook&utm_medium=social&utm_campaign=au_cw_oa_facebook_social_lorealluxury_azzaro_542_2026_bau_dynamic&utm_term=conversion&utm_content=dynamic_brand,www.chemistwarehouse.com.au,/buy/168536/azzaro-forever-wanted-absolu-100ml,facebook,social,au_cw_oa_facebook_social_lorealluxury_azzaro_542_2026_bau_dynamic,542,conversion,dynamic_brand,O&O,Lorealluxury,Azzaro,2026,dynamic,New Forever Wanted Absolu,"Azzaro Forever Wanted Absolu: a bold fusion of smoky incense, rich vanilla & whiskey. Shop now at Chemist Warehouse",Shop Now,https://scontent-ams2-1.xx.fbcdn.net/v/t39.35426-6/734472391_1335797335287630_6328332029672722989_n.jpg?_nc_cat=100&ccb=1-7&_nc_sid=c53f8f&_nc_ohc=3BrVIWzlrNAQ7kNvwH8mXC1&_nc_oc=AdoM2RsvOz_jPizJa1pHv0WuFulAlq47rddKMthmErzcCExbZ-wPNhLfbjFQcPOWVF4&_nc_zt=14&_nc_ht=scontent-ams2-1.xx&_nc_gid=XdqtAXLAmw2IhJn9v7yyFQ&_nc_ss=7f180&oh=00_AQCCPZib9NqftQ3xe8bjiP7ISD8i60iWM_pW8NNLWxrXzw&oe=6A633125,,"['FACEBOOK', 'INSTAGRAM', 'AUDIENCE_NETWORK', 'MESSENGER', 'THREADS']",au,cw,facebook,social,2026-W29,2026-07,"FACEBOOK, INSTAGRAM, AUDIENCE_NETWORK, MESSENGER, THREADS",True,True,True,True,True,False,SKU Product,True,False,False,2026-07-20,2026-07-01 07:00:00,2026-07-20 15:37:32.553203,19
1329317258826278,2068859650372562,True,2026-07-01 07:00:00,2026-07-18 07:00:00,Chemist Warehouse,Chemist Warehouse,Common Cold and the Good Leaf,Olive Leaf Extract. Relieve the severity of common cold symptoms,Shop now,VIDEO,https://fb.com/canvas_doc/1352857712939934,fb.com,/canvas_doc/1352857712939934,,,,,,,Not Specified,,,,,,,,,,"['FACEBOOK', 'INSTAGRAM', 'AUDIENCE_NETWORK', 'MESSENGER', 'THREADS']",,,,,2026-W29,2026-07,"FACEBOOK, INSTAGRAM, AUDIENCE_NETWORK, MESSENGER, THREADS",True,True,True,True,True,False,Internal/App Page,True,False,False,2026-07-20,2026-07-01 07:00:00,2026-07-20 15:37:32.553203,19
2023240381634994,1570436471102803,True,2026-07-01 07:00:00,2026-07-19 07:00:00,Chemist Warehouse,Chemist Warehouse,{{product.name}},{{product.brand}},Shop now,DCO,https://www.chemistwarehouse.com.au/buy/168536/azzaro-forever-wanted-absolu-100ml?utm_source=facebook&utm_medium=social&utm_campaign=au_cw_oa_facebook_social_lorealluxury_azzaro_542_2026_bau_dynamic&utm_term=conversion&utm_content=dynamic_brand,www.chemistwarehouse.com.au,/buy/168536/azzaro-forever-wanted-absolu-100ml,facebook,social,au_cw_oa_facebook_social_lorealluxury_azzaro_542_2026_bau_dynamic,542,conversion,dynamic_brand,O&O,Lorealluxury,Azzaro,2026,dynamic,Azzaro's newest edition,"Azzaro Forever Wanted Absolu: a bold fusion of smoky incense, rich vanilla & whiskey.",Shop Now,https://scontent-ams2-1.xx.fbcdn.net/v/t39.35426-6/735210666_1716780673080287_5014931120573050616_n.jpg?_nc_cat=108&ccb=1-7&_nc_sid=c53f8f&_nc_ohc=-Si2Kw5m0RoQ7kNvwGttG7T&_nc_oc=AdpQPWfBrVuEXbuHy4uqxhZQliBGeOjATQspuSuwsAYlrvFjY8QOZD1OUk85tXiGJHg&_nc_zt=14&_nc_ht=scontent-ams2-1.xx&_nc_gid=XdqtAXLAmw2IhJn9v7yyFQ&_nc_ss=7f180&oh=00_AQCSGuESCf7eJBrwPUlauv1uF82O-jPaNF9_v4wxbY6gGA&oe=6A631963,,"['FACEBOOK', 'INSTAGRAM', 'AUDIENCE_NETWORK', 'MESSENGER', 'THREADS']",au,cw,facebook,social,2026-W29,2026-07,"FACEBOOK, INSTAGRAM, AUDIENCE_NETWORK, MESSENGER, THREADS",True,True,True,True,True,False,SKU Product,True,False,False,2026-07-20,2026-07-01 07:00:00,2026-07-20 15:37:32.553203,19
1928094684540824,850191541251359,True,2026-07-01 07:00:00,2026-07-19 07:00:00,Chemist Warehouse,Chemist Warehouse,{{product.name}},{{product.brand}},Shop now,DCO,https://www.chemistwarehouse.com.au/buy/168536/azzaro-forever-wanted-absolu-100ml?utm_source=facebook&utm_medium=social&utm_campaign=au_cw_oa_facebook_social_lorealluxury_azzaro_542_2026_bau_dynamic&utm_term=conversion&utm_content=dynamic_brand,www.chemistwarehouse.com.au,/buy/168536/azzaro-forever-wanted-absolu-100ml,facebook,social,au_cw_oa_facebook_social_lorealluxury_azzaro_542_2026_bau_dynamic,542,conversion,dynamic_brand,O&O,Lorealluxury,Azzaro,2026,dynamic,New Forever Wanted Absolu,"Azzaro Forever Wanted Absolu: a bold fusion of smoky incense, rich vanilla & whiskey. Shop now at Chemist Warehouse",Shop Now,https://scontent-ams2-1.xx.fbcdn.net/v/t39.35426-6/736032906_1328560609476751_8940678094539700063_n.jpg?_nc_cat=108&ccb=1-7&_nc_sid=c53f8f&_nc_ohc=k7e1ivVZEvoQ7kNvwFzIt8z&_nc_oc=Adroo-xv6ZJVwigZzmBLODgdCX_8D7LERsLkE4Vgb5rLIPSJM3hCfHW3pAfaZFcXxA4&_nc_zt=14&_nc_ht=scontent-ams2-1.xx&_nc_gid=XdqtAXLAmw2IhJn9v7yyFQ&_nc_ss=7f180&oh=00_AQAG8IPCjTyADw7tlGGVxxyMzjH0s1IvJa92NYUHaFd2BA&oe=6A631942,,"['FACEBOOK', 'INSTAGRAM', 'AUDIENCE_NETWORK', 'MESSENGER', 'THREADS']",au,cw,facebook,social,2026-W29,2026-07,"FACEBOOK, INSTAGRAM, AUDIENCE_NETWORK, MESSENGER, THREADS",True,True,True,True,True,False,SKU Product,True,False,False,2026-07-20,2026-07-01 07:00:00,2026-07-20 15:37:32.553203,19
1019995537627885,2760509811014802,True,2026-07-01 07:00:00,2026-07-18 07:00:00,Chemist Warehouse,Chemist Warehouse,{{product.name}},{{product.brand}},Shop now,DCO,https://www.chemistwarehouse.com.au/buy/147521/carusos-probiotic-vaginal-care-60-capsules?utm_source=facebook&utm_medium=social&utm_campaign=au_cw_coop_facebook_social_carusosnaturalhealth_carusos_81_2026_100096-bau_video-image&utm_term=traffic&utm_content=video-image_,www.chemistwarehouse.com.au,/buy/147521/carusos-probiotic-vaginal-care-60-capsules,facebook,social,au_cw_coop_facebook_social_carusosnaturalhealth_carusos_81_2026_100096-bau_video-image,81,traffic,video-image_,Coop,Carusosnaturalhealth,Carusos,2026,video-image,"5 Billion CFU, 3 Strains","Looking for ways to support your vaginal health?
Caruso’s Vaginal Care Probiotic supports vaginal health and helps support healthy vaginal pH while
also relieves abdominal bloating.",Shop Now,,https://video-ams2-1.xx.fbcdn.net/o1/v/t2/f2/m366/AQNE-DAup8z1Ch-hPkdqxUwneQ2bR-JNrzoJxyvDP8EOSNfm0qrho4hD5GkxwuHI8P5OKPLcL0Qfp--_qIvGlZQnE-YO5-iccWmtTLuAqIH5bQ.mp4?_nc_cat=109&_nc_sid=b66105&_nc_ht=video-ams2-1.xx.fbcdn.net&_nc_ohc=nnimNKYMMuwQ7kNvwGmIPGs&efg=eyJ2ZW5jb2RlX3RhZyI6Inhwdl9wcm9ncmVzc2l2ZS5WSV9VU0VDQVNFX1BST0RVQ1RfVFlQRS4uQzMuNzIwLmRhc2hfaDI2NC1iYXNpYy1nZW4yXzcyMHAiLCJ4cHZfYXNzZXRfaWQiOjk1MzQ2NzMxMTAyODQ5MywiYXNzZXRfYWdlX2RheXMiOjMxLCJ2aV91c2VjYXNlX2lkIjoxMDc5OSwiZHVyYXRpb25fcyI6MTUsInVybGdlbl9zb3VyY2UiOiJ3d3cifQ%3D%3D&ccb=17-1&vs=658f7e9f66ae4805&_nc_vs=HBksFQIYRWZiX2VwaGVtZXJhbC81QTQxQzVEQTEzNzk3REE0MDc1OUY2MEQwRjBGQzZBMF9tdF8xX3ZpZGVvX2Rhc2hpbml0Lm1wNBUAAsgBEgAVAhhAZmJfcGVybWFuZW50L0FFNDA3RTg5NzM0MjQyOEE3QjMzNDVBQjc2OUI5QkJFX2F1ZGlvX2Rhc2hpbml0Lm1wNBUCAsgBEgAoABgAGwKIB3VzZV9vaWwBMRJwcm9ncmVzc2l2ZV9yZWNpcGUBMRUAACaa5IeGjcuxAxUCKAJDMywXQC4AAAAAAAAYGWRhc2hfaDI2NC1iYXNpYy1nZW4yXzcyMHARAHUAZd6oAQA&_nc_gid=XdqtAXLAmw2IhJn9v7yyFQ&_nc_ss=7f180&_nc_zt=28&oh=00_AQDoa-aMZem32SY_CBkLLAR2ScJJ00GSf46_trJIshfGxw&oe=6A632A33,"['FACEBOOK', 'INSTAGRAM', 'AUDIENCE_NETWORK', 'MESSENGER', 'WHATSAPP', 'THREADS']",au,cw,facebook,social,2026-W29,2026-07,"FACEBOOK, INSTAGRAM, AUDIENCE_NETWORK, MESSENGER, WHATSAPP, THREADS",True,True,True,True,True,True,SKU Product,True,False,False,2026-07-20,2026-07-01 07:00:00,2026-07-20 15:37:32.553203,19
1018573840681686,1476444624518681,True,2026-07-07 07:00:00,2026-07-19 07:00:00,Chemist Warehouse,Chemist Warehouse,Shop Harmonex now at Chemist Warehouse!,"Work, play and everything in between, then period pain. Get Harmonex tablets from Chemist Warehouse and take on the day, your way!",Learn more,VIDEO,https://www.chemistwarehouse.com.au/buy/149155/harmonex-275mg-24-tablets,www.chemistwarehouse.com.au,/buy/149155/harmonex-275mg-24-tablets,,,,,,,Not Specified,,,,,,,,,,"['FACEBOOK', 'INSTAGRAM']",,,,,2026-W29,2026-07,"FACEBOOK, INSTAGRAM",True,True,False,False,False,False,SKU Product,True,True,False,2026-07-20,2026-07-07 07:00:00,2026-07-20 15:37:32.553203,13
1248751197205283,2188575921999220,True,2026-07-01 07:00:00,2026-07-19 07:00:00,Chemist Warehouse,Chemist Warehouse,{{product.name}},{{product.brand}},Shop now,DCO,https://www.chemistwarehouse.com.au/buy/168536/azzaro-forever-wanted-absolu-100ml?utm_source=facebook&utm_medium=social&utm_campaign=au_cw_oa_facebook_social_lorealluxury_azzaro_542_2026_bau_dynamic&utm_term=conversion&utm_content=dynamic_brand,www.chemistwarehouse.com.au,/buy/168536/azzaro-forever-wanted-absolu-100ml,facebook,social,au_cw_oa_facebook_social_lorealluxury_azzaro_542_2026_bau_dynamic,542,conversion,dynamic_brand,O&O,Lorealluxury,Azzaro,2026,dynamic,New Forever Wanted Absolu,"Azzaro Forever Wanted Absolu: a bold fusion of smoky incense, rich vanilla & whiskey. Shop now at Chemist Warehouse",Shop Now,https://scontent-ams2-1.xx.fbcdn.net/v/t39.35426-6/734942530_907631191665562_2731671617634166217_n.jpg?_nc_cat=101&ccb=1-7&_nc_sid=c53f8f&_nc_ohc=KpQwmQLegHIQ7kNvwGrJ2ir&_nc_oc=AdqlisrBSjH4fIe7J74-XTqIg9rtzdREch6cTL8dG7ejVAcvAerXTTi65svo_67xzns&_nc_zt=14&_nc_ht=scontent-ams2-1.xx&_nc_gid=XdqtAXLAmw2IhJn9v7yyFQ&_nc_ss=7f180&oh=00_AQAgAFiHGh5Tf56RyWwaqoDGkchs3_uEpUOxmFsMiClKQg&oe=6A63000F,,"['FACEBOOK', 'INSTAGRAM', 'AUDIENCE_NETWORK', 'MESSENGER', 'THREADS']",au,cw,facebook,social,2026-W29,2026-07,"FACEBOOK, INSTAGRAM, AUDIENCE_NETWORK, MESSENGER, THREADS",True,True,True,True,True,False,SKU Product,True,False,False,2026-07-20,2026-07-01 07:00:00,2026-07-20 15:37:32.553203,19
946775028371622,941556325600795,True,2026-07-01 07:00:00,2026-07-19 07:00:00,Chemist Warehouse,Chemist Warehouse,{{product.name}},{{product.brand}},Shop now,DCO,https://www.chemistwarehouse.com.au/buy/147521/carusos-probiotic-vaginal-care-60-capsules?utm_source=facebook&utm_medium=social&utm_campaign=au_cw_coop_facebook_social_carusosnaturalhealth_carusos_81_2026_100096-bau_video-image&utm_term=traffic&utm_content=video-image_,www.chemistwarehouse.com.au,/buy/147521/carusos-probiotic-vaginal-care-60-capsules,facebook,social,au_cw_coop_facebook_social_carusosnaturalhealth_carusos_81_2026_100096-bau_video-image,81,traffic,video-image_,Coop,Carusosnaturalhealth,Carusos,2026,video-image,"5 Billion CFU, 3 Strains","Looking for ways to support your vaginal health?
Caruso’s Vaginal Care Probiotic supports vaginal health and helps support healthy vaginal pH while
also relieves abdominal bloating.",Shop Now,https://scontent-ams2-1.xx.fbcdn.net/v/t39.35426-6/734152634_1780786063358070_2273766686130230600_n.jpg?_nc_cat=107&ccb=1-7&_nc_sid=c53f8f&_nc_ohc=skJnRV93XX4Q7kNvwHkozuK&_nc_oc=AdqZVjVlsGWKcYPaWMnHTv6tbrNBdds37Zyra4HTb2LnGFlJeRbVRiYpVz-Cvg-s_QU&_nc_zt=14&_nc_ht=scontent-ams2-1.xx&_nc_gid=wMH9PD3hA8u0bukBVmCaCg&_nc_ss=7f180&oh=00_AQC6_7o_henII_Hz-YBfO6LAqTwHyvuTTl2E_3isWmH0rQ&oe=6A632669,,"['FACEBOOK', 'INSTAGRAM', 'AUDIENCE_NETWORK', 'MESSENGER', 'WHATSAPP', 'THREADS']",au,cw,facebook,social,2026-W29,2026-07,"FACEBOOK, INSTAGRAM, AUDIENCE_NETWORK, MESSENGER, WHATSAPP, THREADS",True,True,True,True,True,True,SKU Product,True,False,False,2026-07-20,2026-07-01 07:00:00,2026-07-20 15:37:32.553203,19
1991867871791135,941556325600795,True,2026-06-30 07:00:00,2026-07-19 07:00:00,Chemist Warehouse,Chemist Warehouse,{{product.name}},{{product.brand}},Shop now,DCO,https://www.chemistwarehouse.com.au/buy/147521/carusos-probiotic-vaginal-care-60-capsules?utm_source=facebook&utm_medium=social&utm_campaign=au_cw_coop_facebook_social_carusosnaturalhealth_carusos_81_2026_100096-bau_video-image&utm_term=traffic&utm_content=video-image_,www.chemistwarehouse.com.au,/buy/147521/carusos-probiotic-vaginal-care-60-capsules,facebook,social,au_cw_coop_facebook_social_carusosnaturalhealth_carusos_81_2026_100096-bau_video-image,81,traffic,video-image_,Coop,Carusosnaturalhealth,Carusos,2026,video-image,"5 Billion CFU, 3 Strains","Looking for ways to support your vaginal health?
Caruso’s Vaginal Care Probiotic supports vaginal health and helps support healthy vaginal pH while
also relieves abdominal bloating.",Shop Now,https://scontent-ams2-1.xx.fbcdn.net/v/t39.35426-6/735831915_1344158727043136_4787860901485795300_n.jpg?_nc_cat=101&ccb=1-7&_nc_sid=c53f8f&_nc_ohc=U3Gt4jDHZzoQ7kNvwH1cXHy&_nc_oc=Adob2UbqaoPZnuCi62k36UTBnICjGqmdD_6tyCKycUIeAOwheH3K3qhwjXsWlEP1NdE&_nc_zt=14&_nc_ht=scontent-ams2-1.xx&_nc_gid=wMH9PD3hA8u0bukBVmCaCg&_nc_ss=7f180&oh=00_AQD_EORRY8YEWLFjSvxbtt13TxVG3zir1bckkKVikKyepQ&oe=6A631AE7,,"['FACEBOOK', 'INSTAGRAM', 'AUDIENCE_NETWORK', 'MESSENGER', 'WHATSAPP', 'THREADS']",au,cw,facebook,social,2026-W29,2026-07,"FACEBOOK, INSTAGRAM, AUDIENCE_NETWORK, MESSENGER, WHATSAPP, THREADS",True,True,True,True,True,True,SKU Product,True,False,False,2026-07-20,2026-06-30 07:00:00,2026-07-20 15:37:32.553203,20
1307909494885368,1632543024470889,True,2026-06-30 07:00:00,2026-07-19 07:00:00,Chemist Warehouse,Chemist Warehouse,{{product.name}},{{product.brand}},Shop now,DCO,https://www.chemistwarehouse.com.au/buy/147521/carusos-probiotic-vaginal-care-60-capsules?utm_source=facebook&utm_medium=social&utm_campaign=au_cw_coop_facebook_social_carusosnaturalhealth_carusos_81_2026_100096-bau_video-image&utm_term=traffic&utm_content=video-image_,www.chemistwarehouse.com.au,/buy/147521/carusos-probiotic-vaginal-care-60-capsules,facebook,social,au_cw_coop_facebook_social_carusosnaturalhealth_carusos_81_2026_100096-bau_video-image,81,traffic,video-image_,Coop,Carusosnaturalhealth,Carusos,2026,video-image,"5 Billion CFU, 3 Strains","Looking for ways to support your vaginal health?
Caruso’s Vaginal Care Probiotic supports vaginal health and helps support healthy vaginal pH while
also relieves abdominal bloating.",Shop Now,,https://video-ams2-1.xx.fbcdn.net/o1/v/t2/f2/m366/AQNu4YcAUQ1f1Yc8bHVNJWYWJCQrHz0c0rdMKtgNHFwimqc6WkZg0ilpjcseBNIrHlERZ8w1YufUErC1hkZ_CuPkCJh-ytOKhisN6-MYoKzbUw.mp4?_nc_cat=107&_nc_sid=b66105&_nc_ht=video-ams2-1.xx.fbcdn.net&_nc_ohc=MTJkKJdRDIwQ7kNvwGbCPLT&efg=eyJ2ZW5jb2RlX3RhZyI6Inhwdl9wcm9ncmVzc2l2ZS5WSV9VU0VDQVNFX1BST0RVQ1RfVFlQRS4uQzMuNzIwLmRhc2hfaDI2NC1iYXNpYy1nZW4yXzcyMHAiLCJ4cHZfYXNzZXRfaWQiOjE1Nzc5NTQ4NTA1NjQ1NTEsImFzc2V0X2FnZV9kYXlzIjozMSwidmlfdXNlY2FzZV9pZCI6MTA3OTksImR1cmF0aW9uX3MiOjE1LCJ1cmxnZW5fc291cmNlIjoid3d3In0%3D&ccb=17-1&vs=1926bd53517a55b2&_nc_vs=HBksFQIYRWZiX2VwaGVtZXJhbC81NjRBNkU0NUUyMkM0QUZBNTY2RkU2Q0I0N0RFQjZCNF9tdF8xX3ZpZGVvX2Rhc2hpbml0Lm1wNBUAAsgBEgAVAhhAZmJfcGVybWFuZW50LzQ1NDBBMDY0OTExRjRDQjkzRTJFM0M0OTY5MjYxRjkxX2F1ZGlvX2Rhc2hpbml0Lm1wNBUCAsgBEgAoABgAGwKIB3VzZV9vaWwBMRJwcm9ncmVzc2l2ZV9yZWNpcGUBMRUAACaOp7flh8nNBRUCKAJDMywXQC4AAAAAAAAYGWRhc2hfaDI2NC1iYXNpYy1nZW4yXzcyMHARAHUAZd6oAQA&_nc_gid=XdqtAXLAmw2IhJn9v7yyFQ&_nc_ss=7f180&_nc_zt=28&oh=00_AQAPO7Z5v3xLGOTo6x0yco98bxZECXx81NAh3VR66dh82g&oe=6A631C0D,"['FACEBOOK', 'INSTAGRAM', 'AUDIENCE_NETWORK', 'MESSENGER', 'WHATSAPP', 'THREADS']",au,cw,facebook,social,2026-W29,2026-07,"FACEBOOK, INSTAGRAM, AUDIENCE_NETWORK, MESSENGER, WHATSAPP, THREADS",True,True,True,True,True,True,SKU Product,True,False,False,2026-07-20,2026-06-30 07:00:00,2026-07-20 15:37:32.553203,20
1035975682491849,1679425176629646,True,2026-06-30 07:00:00,2026-07-19 07:00:00,Chemist Warehouse,Chemist Warehouse,{{product.name}},{{product.brand}},Shop now,DCO,https://www.chemistwarehouse.com.au/buy/147521/carusos-probiotic-vaginal-care-60-capsules?utm_source=facebook&utm_medium=social&utm_campaign=au_cw_coop_facebook_social_carusosnaturalhealth_carusos_81_2026_100096-bau_video-image&utm_term=traffic&utm_content=video-image_,www.chemistwarehouse.com.au,/buy/147521/carusos-probiotic-vaginal-care-60-capsules,facebook,social,au_cw_coop_facebook_social_carusosnaturalhealth_carusos_81_2026_100096-bau_video-image,81,traffic,video-image_,Coop,Carusosnaturalhealth,Carusos,2026,video-image,"5 Billion CFU, 3 Strains","Looking for ways to support your vaginal health?
Caruso’s Vaginal Care Probiotic supports vaginal health and helps support healthy vaginal pH while
also relieves abdominal bloating.",Shop Now,,https://video-ams2-1.xx.fbcdn.net/o1/v/t2/f2/m366/AQNa5VV8R_io6k1dRF3zNi2IUnb7BnAG0EiUG9ZPVvCwzhZ-hA7xf_uzEB_A9ns-fh0WMkWcfgOtSmQKxk6fxFUb1TM-8itHBEr1aH2_3tVC_g.mp4?_nc_cat=107&_nc_sid=b66105&_nc_ht=video-ams2-1.xx.fbcdn.net&_nc_ohc=1CjB42R1kXQQ7kNvwHQxFZf&efg=eyJ2ZW5jb2RlX3RhZyI6Inhwdl9wcm9ncmVzc2l2ZS5WSV9VU0VDQVNFX1BST0RVQ1RfVFlQRS4uQzMuNzIwLmRhc2hfaDI2NC1iYXNpYy1nZW4yXzcyMHAiLCJ4cHZfYXNzZXRfaWQiOjE1NzgxNDk0NTczNjcwMjUsImFzc2V0X2FnZV9kYXlzIjozMSwidmlfdXNlY2FzZV9pZCI6MTA3OTksImR1cmF0aW9uX3MiOjE1LCJ1cmxnZW5fc291cmNlIjoid3d3In0%3D&ccb=17-1&vs=b87fe6ea39627d26&_nc_vs=HBksFQIYRWZiX2VwaGVtZXJhbC8wNjQ3MDc1ODNCNTNFRDY0NjhBNUZCNDc0QzE1NURBRF9tdF8xX3ZpZGVvX2Rhc2hpbml0Lm1wNBUAAsgBEgAVAhhAZmJfcGVybWFuZW50LzIyNEZBMDgzRUFEODE1RkM3MTBFNEM4MDVDQTc1QzkxX2F1ZGlvX2Rhc2hpbml0Lm1wNBUCAsgBEgAoABgAGwKIB3VzZV9vaWwBMRJwcm9ncmVzc2l2ZV9yZWNpcGUBMRUAACbiv_jcsdTNBRUCKAJDMywXQC4AAAAAAAAYGWRhc2hfaDI2NC1iYXNpYy1nZW4yXzcyMHARAHUAZd6oAQA&_nc_gid=wMH9PD3hA8u0bukBVmCaCg&_nc_ss=7f180&_nc_zt=28&oh=00_AQDtCZeD4aRn71d6lflbJ5p036EPmpowBOaRFFsyK7YEng&oe=6A630775,"['FACEBOOK', 'INSTAGRAM', 'AUDIENCE_NETWORK', 'MESSENGER', 'WHATSAPP', 'THREADS']",au,cw,facebook,social,2026-W29,2026-07,"FACEBOOK, INSTAGRAM, AUDIENCE_NETWORK, MESSENGER, WHATSAPP, THREADS",True,True,True,True,True,True,SKU Product,True,False,False,2026-07-20,2026-06-30 07:00:00,2026-07-20 15:37:32.553203,20
1532223835071307,1679425176629646,True,2026-07-01 07:00:00,2026-07-19 07:00:00,Chemist Warehouse,Chemist Warehouse,{{product.name}},{{product.brand}},Shop now,DCO,https://www.chemistwarehouse.com.au/buy/147521/carusos-probiotic-vaginal-care-60-capsules?utm_source=facebook&utm_medium=social&utm_campaign=au_cw_coop_facebook_social_carusosnaturalhealth_carusos_81_2026_100096-bau_video-image&utm_term=traffic&utm_content=video-image_,www.chemistwarehouse.com.au,/buy/147521/carusos-probiotic-vaginal-care-60-capsules,facebook,social,au_cw_coop_facebook_social_carusosnaturalhealth_carusos_81_2026_100096-bau_video-image,81,traffic,video-image_,Coop,Carusosnaturalhealth,Carusos,2026,video-image,"5 Billion CFU, 3 Strains","Looking for ways to support your vaginal health?
Caruso’s Vaginal Care Probiotic supports vaginal health and helps support healthy vaginal pH while
also relieves abdominal bloating.",Shop Now,,https://video-ams2-1.xx.fbcdn.net/o1/v/t2/f2/m366/AQNa5VV8R_io6k1dRF3zNi2IUnb7BnAG0EiUG9ZPVvCwzhZ-hA7xf_uzEB_A9ns-fh0WMkWcfgOtSmQKxk6fxFUb1TM-8itHBEr1aH2_3tVC_g.mp4?_nc_cat=107&_nc_sid=b66105&_nc_ht=video-ams2-1.xx.fbcdn.net&_nc_ohc=1CjB42R1kXQQ7kNvwHQxFZf&efg=eyJ2ZW5jb2RlX3RhZyI6Inhwdl9wcm9ncmVzc2l2ZS5WSV9VU0VDQVNFX1BST0RVQ1RfVFlQRS4uQzMuNzIwLmRhc2hfaDI2NC1iYXNpYy1nZW4yXzcyMHAiLCJ4cHZfYXNzZXRfaWQiOjE1NzgxNDk0NTczNjcwMjUsImFzc2V0X2FnZV9kYXlzIjozMSwidmlfdXNlY2FzZV9pZCI6MTA3OTksImR1cmF0aW9uX3MiOjE1LCJ1cmxnZW5fc291cmNlIjoid3d3In0%3D&ccb=17-1&vs=b87fe6ea39627d26&_nc_vs=HBksFQIYRWZiX2VwaGVtZXJhbC8wNjQ3MDc1ODNCNTNFRDY0NjhBNUZCNDc0QzE1NURBRF9tdF8xX3ZpZGVvX2Rhc2hpbml0Lm1wNBUAAsgBEgAVAhhAZmJfcGVybWFuZW50LzIyNEZBMDgzRUFEODE1RkM3MTBFNEM4MDVDQTc1QzkxX2F1ZGlvX2Rhc2hpbml0Lm1wNBUCAsgBEgAoABgAGwKIB3VzZV9vaWwBMRJwcm9ncmVzc2l2ZV9yZWNpcGUBMRUAACbiv_jcsdTNBRUCKAJDMywXQC4AAAAAAAAYGWRhc2hfaDI2NC1iYXNpYy1nZW4yXzcyMHARAHUAZd6oAQA&_nc_gid=wMH9PD3hA8u0bukBVmCaCg&_nc_ss=7f180&_nc_zt=28&oh=00_AQDtCZeD4aRn71d6lflbJ5p036EPmpowBOaRFFsyK7YEng&oe=6A630775,"['FACEBOOK', 'INSTAGRAM', 'AUDIENCE_NETWORK', 'MESSENGER', 'WHATSAPP', 'THREADS']",au,cw,facebook,social,2026-W29,2026-07,"FACEBOOK, INSTAGRAM, AUDIENCE_NETWORK, MESSENGER, WHATSAPP, THREADS",True,True,True,True,True,True,SKU Product,True,False,False,2026-07-20,2026-07-01 07:00:00,2026-07-20 15:37:32.553203,19
4048312082132604,1632543024470889,True,2026-07-01 07:00:00,2026-07-17 07:00:00,Chemist Warehouse,Chemist Warehouse,{{product.name}},{{product.brand}},Shop now,DCO,https://www.chemistwarehouse.com.au/buy/147521/carusos-probiotic-vaginal-care-60-capsules?utm_source=facebook&utm_medium=social&utm_campaign=au_cw_coop_facebook_social_carusosnaturalhealth_carusos_81_2026_100096-bau_video-image&utm_term=traffic&utm_content=video-image_,www.chemistwarehouse.com.au,/buy/147521/carusos-probiotic-vaginal-care-60-capsules,facebook,social,au_cw_coop_facebook_social_carusosnaturalhealth_carusos_81_2026_100096-bau_video-image,81,traffic,video-image_,Coop,Carusosnaturalhealth,Carusos,2026,video-image,"5 Billion CFU, 3 Strains","Looking for ways to support your vaginal health?
Caruso’s Vaginal Care Probiotic supports vaginal health and helps support healthy vaginal pH while
also relieves abdominal bloating.",Shop Now,,https://video-ams2-1.xx.fbcdn.net/o1/v/t2/f2/m366/AQNu4YcAUQ1f1Yc8bHVNJWYWJCQrHz0c0rdMKtgNHFwimqc6WkZg0ilpjcseBNIrHlERZ8w1YufUErC1hkZ_CuPkCJh-ytOKhisN6-MYoKzbUw.mp4?_nc_cat=107&_nc_sid=b66105&_nc_ht=video-ams2-1.xx.fbcdn.net&_nc_ohc=MTJkKJdRDIwQ7kNvwGbCPLT&efg=eyJ2ZW5jb2RlX3RhZyI6Inhwdl9wcm9ncmVzc2l2ZS5WSV9VU0VDQVNFX1BST0RVQ1RfVFlQRS4uQzMuNzIwLmRhc2hfaDI2NC1iYXNpYy1nZW4yXzcyMHAiLCJ4cHZfYXNzZXRfaWQiOjE1Nzc5NTQ4NTA1NjQ1NTEsImFzc2V0X2FnZV9kYXlzIjozMSwidmlfdXNlY2FzZV9pZCI6MTA3OTksImR1cmF0aW9uX3MiOjE1LCJ1cmxnZW5fc291cmNlIjoid3d3In0%3D&ccb=17-1&vs=1926bd53517a55b2&_nc_vs=HBksFQIYRWZiX2VwaGVtZXJhbC81NjRBNkU0NUUyMkM0QUZBNTY2RkU2Q0I0N0RFQjZCNF9tdF8xX3ZpZGVvX2Rhc2hpbml0Lm1wNBUAAsgBEgAVAhhAZmJfcGVybWFuZW50LzQ1NDBBMDY0OTExRjRDQjkzRTJFM0M0OTY5MjYxRjkxX2F1ZGlvX2Rhc2hpbml0Lm1wNBUCAsgBEgAoABgAGwKIB3VzZV9vaWwBMRJwcm9ncmVzc2l2ZV9yZWNpcGUBMRUAACaOp7flh8nNBRUCKAJDMywXQC4AAAAAAAAYGWRhc2hfaDI2NC1iYXNpYy1nZW4yXzcyMHARAHUAZd6oAQA&_nc_gid=wMH9PD3hA8u0bukBVmCaCg&_nc_ss=7f180&_nc_zt=28&oh=00_AQAB9Jo3f43ReWPnYVSwRInhp3zZf7C0BBl8iBm9dHXmlg&oe=6A631C0D,"['FACEBOOK', 'INSTAGRAM', 'AUDIENCE_NETWORK', 'MESSENGER', 'WHATSAPP', 'THREADS']",au,cw,facebook,social,2026-W29,2026-07,"FACEBOOK, INSTAGRAM, AUDIENCE_NETWORK, MESSENGER, WHATSAPP, THREADS",True,True,True,True,True,True,SKU Product,True,False,False,2026-07-20,2026-07-01 07:00:00,2026-07-20 15:37:32.553203,19
1336093458732460,2285070822031079,True,2026-07-01 07:00:00,2026-07-17 07:00:00,Chemist Warehouse,Chemist Warehouse,{{product.name}},{{product.brand}},Shop now,DCO,https://www.chemistwarehouse.com.au/buy/147521/carusos-probiotic-vaginal-care-60-capsules?utm_source=facebook&utm_medium=social&utm_campaign=au_cw_coop_facebook_social_carusosnaturalhealth_carusos_81_2026_100096-bau_video-image&utm_term=traffic&utm_content=video-image_,www.chemistwarehouse.com.au,/buy/147521/carusos-probiotic-vaginal-care-60-capsules,facebook,social,au_cw_coop_facebook_social_carusosnaturalhealth_carusos_81_2026_100096-bau_video-image,81,traffic,video-image_,Coop,Carusosnaturalhealth,Carusos,2026,video-image,"5 Billion CFU, 3 Strains","Looking for ways to support your vaginal health?
Caruso’s Vaginal Care Probiotic supports vaginal health and helps support healthy vaginal pH while
also relieves abdominal bloating.",Shop Now,,https://video-ams2-1.xx.fbcdn.net/o1/v/t2/f2/m366/AQM3v3p9aTTyjGeBFdMxbsdJYfxFtziCFqm142IK6wc5aeoAQLRWNbvvrFoAsBZFYVy0-0GeLK34bmglRRWmhddSRg_Obhs_Z-bbFcXHmV6_2Q.mp4?_nc_cat=107&_nc_sid=b66105&_nc_ht=video-ams2-1.xx.fbcdn.net&_nc_ohc=FI0u_LFeaFYQ7kNvwF0uTMS&efg=eyJ2ZW5jb2RlX3RhZyI6Inhwdl9wcm9ncmVzc2l2ZS5WSV9VU0VDQVNFX1BST0RVQ1RfVFlQRS4uQzMuNzIwLmRhc2hfaDI2NC1iYXNpYy1nZW4yXzcyMHAiLCJ4cHZfYXNzZXRfaWQiOjE5OTg1NDc4MTA3NjI2NTcsImFzc2V0X2FnZV9kYXlzIjozMSwidmlfdXNlY2FzZV9pZCI6MTA3OTksImR1cmF0aW9uX3MiOjE1LCJ1cmxnZW5fc291cmNlIjoid3d3In0%3D&ccb=17-1&vs=df7b05cbfb10cffe&_nc_vs=HBksFQIYRWZiX2VwaGVtZXJhbC9GQTREQzg0QzlCMzBCQ0YwODdENTY4MkU2NUIyQzdBOV9tdF8xX3ZpZGVvX2Rhc2hpbml0Lm1wNBUAAsgBEgAVAhhAZmJfcGVybWFuZW50LzQxNDM1MUE1QzQ1MDU1MkE3OTY3ODBBN0JFQ0E0Mjk4X2F1ZGlvX2Rhc2hpbml0Lm1wNBUCAsgBEgAoABgAGwKIB3VzZV9vaWwBMRJwcm9ncmVzc2l2ZV9yZWNpcGUBMRUAACbC_p3F5eqMBxUCKAJDMywXQC4AAAAAAAAYGWRhc2hfaDI2NC1iYXNpYy1nZW4yXzcyMHARAHUAZd6oAQA&_nc_gid=wMH9PD3hA8u0bukBVmCaCg&_nc_ss=7f180&_nc_zt=28&oh=00_AQC4QwmnRips2UHpNnbG461IBVEAGN6lOmWinTdljT8zng&oe=6A6319F9,"['FACEBOOK', 'INSTAGRAM', 'AUDIENCE_NETWORK', 'MESSENGER', 'WHATSAPP', 'THREADS']",au,cw,facebook,social,2026-W29,2026-07,"FACEBOOK, INSTAGRAM, AUDIENCE_NETWORK, MESSENGER, WHATSAPP, THREADS",True,True,True,True,True,True,SKU Product,True,False,False,2026-07-20,2026-07-01 07:00:00,2026-07-20 15:37:32.553203,19
1343730181198987,2036443913569212,True,2026-06-30 07:00:00,2026-07-19 07:00:00,Chemist Warehouse,Chemist Warehouse,{{product.name}},{{product.brand}},Learn more,DCO,https://www.chemistwarehouse.com.au/buy/163238/naturopathica-vegan-l-theanine-50-capsules?utm_source=facebook&utm_medium=social&utm_campaign=au_cw_coop_facebook_social_pharmacarelaboratories_naturopathica_81_2026_100291-oa_video-image&utm_term=traffic&utm_content=video-image_talent-video-l-theanine,www.chemistwarehouse.com.au,/buy/163238/naturopathica-vegan-l-theanine-50-capsules,facebook,social,au_cw_coop_facebook_social_pharmacarelaboratories_naturopathica_81_2026_100291-oa_video-image,81,traffic,video-image_talent-video-l-theanine,Coop,Pharmacarelaboratories,Naturopathica,2026,video-image,Naturopathica Vegan L-Theanine,Maintain Focus without the coffee jitters. Discover Naturopathica Vegan L-Theanine at Chemist Warehouse.,Learn More,,https://video-ams2-1.xx.fbcdn.net/o1/v/t2/f2/m366/AQO_4kgER4eDedtY1cgmyX4X9mDnQBKeUDLwiFw9SNMxAW0s6k8okfVUJspjfEyCI0nlDU8nC4SixyTf_oZkRHV-e303eJBTb3NNERFVPXEPRw.mp4?_nc_cat=109&_nc_sid=b66105&_nc_ht=video-ams2-1.xx.fbcdn.net&_nc_ohc=fgTOBZe3yXYQ7kNvwFClEFw&efg=eyJ2ZW5jb2RlX3RhZyI6Inhwdl9wcm9ncmVzc2l2ZS5WSV9VU0VDQVNFX1BST0RVQ1RfVFlQRS4uQzMuNzIwLmRhc2hfaDI2NC1iYXNpYy1nZW4yXzcyMHAiLCJ4cHZfYXNzZXRfaWQiOjk4MzYwMzkwNDYyOTE1MiwiYXNzZXRfYWdlX2RheXMiOjEyNCwidmlfdXNlY2FzZV9pZCI6MTA3OTksImR1cmF0aW9uX3MiOjI2LCJ1cmxnZW5fc291cmNlIjoid3d3In0%3D&ccb=17-1&vs=fca05c3ccf54c3bd&_nc_vs=HBksFQIYRWZiX2VwaGVtZXJhbC81MDRGOUVGQkI5QjgxMTFFMjY3QjkzNDE5QjkzOEFCRF9tdF8xX3ZpZGVvX2Rhc2hpbml0Lm1wNBUAAsgBEgAVAhhAZmJfcGVybWFuZW50L0ZBNDNFMjVDREEwNzJEQTY3RDI5REQzNjkzMDZCN0FBX2F1ZGlvX2Rhc2hpbml0Lm1wNBUCAsgBEgAoABgAGwKIB3VzZV9vaWwBMRJwcm9ncmVzc2l2ZV9yZWNpcGUBMRUAACbApq6VpKW_AxUCKAJDMywXQDqZmZmZmZoYGWRhc2hfaDI2NC1iYXNpYy1nZW4yXzcyMHARAHUAZd6oAQA&_nc_gid=wMH9PD3hA8u0bukBVmCaCg&_nc_ss=7f180&_nc_zt=28&oh=00_AQDHJq9HIoMwGC8OLa-A0pvH8NRGwf-40XOLCv32uI1Rug&oe=6A630DE3,"['FACEBOOK', 'INSTAGRAM', 'THREADS']",au,cw,facebook,social,2026-W29,2026-07,"FACEBOOK, INSTAGRAM, THREADS",True,True,False,False,True,False,SKU Product,True,False,False,2026-07-20,2026-06-30 07:00:00,2026-07-20 15:37:32.553203,20
1332402685699241,2760509811014802,True,2026-06-30 07:00:00,2026-07-16 07:00:00,Chemist Warehouse,Chemist Warehouse,{{product.name}},{{product.brand}},Shop now,DCO,https://www.chemistwarehouse.com.au/buy/147521/carusos-probiotic-vaginal-care-60-capsules?utm_source=facebook&utm_medium=social&utm_campaign=au_cw_coop_facebook_social_carusosnaturalhealth_carusos_81_2026_100096-bau_video-image&utm_term=traffic&utm_content=video-image_,www.chemistwarehouse.com.au,/buy/147521/carusos-probiotic-vaginal-care-60-capsules,facebook,social,au_cw_coop_facebook_social_carusosnaturalhealth_carusos_81_2026_100096-bau_video-image,81,traffic,video-image_,Coop,Carusosnaturalhealth,Carusos,2026,video-image,"5 Billion CFU, 3 Strains","Looking for ways to support your vaginal health?
Caruso’s Vaginal Care Probiotic supports vaginal health and helps support healthy vaginal pH while
also relieves abdominal bloating.",Shop Now,,https://video-ams2-1.xx.fbcdn.net/o1/v/t2/f2/m366/AQNE-DAup8z1Ch-hPkdqxUwneQ2bR-JNrzoJxyvDP8EOSNfm0qrho4hD5GkxwuHI8P5OKPLcL0Qfp--_qIvGlZQnE-YO5-iccWmtTLuAqIH5bQ.mp4?_nc_cat=109&_nc_sid=b66105&_nc_ht=video-ams2-1.xx.fbcdn.net&_nc_ohc=nnimNKYMMuwQ7kNvwGmIPGs&efg=eyJ2ZW5jb2RlX3RhZyI6Inhwdl9wcm9ncmVzc2l2ZS5WSV9VU0VDQVNFX1BST0RVQ1RfVFlQRS4uQzMuNzIwLmRhc2hfaDI2NC1iYXNpYy1nZW4yXzcyMHAiLCJ4cHZfYXNzZXRfaWQiOjk1MzQ2NzMxMTAyODQ5MywiYXNzZXRfYWdlX2RheXMiOjMxLCJ2aV91c2VjYXNlX2lkIjoxMDc5OSwiZHVyYXRpb25fcyI6MTUsInVybGdlbl9zb3VyY2UiOiJ3d3cifQ%3D%3D&ccb=17-1&vs=658f7e9f66ae4805&_nc_vs=HBksFQIYRWZiX2VwaGVtZXJhbC81QTQxQzVEQTEzNzk3REE0MDc1OUY2MEQwRjBGQzZBMF9tdF8xX3ZpZGVvX2Rhc2hpbml0Lm1wNBUAAsgBEgAVAhhAZmJfcGVybWFuZW50L0FFNDA3RTg5NzM0MjQyOEE3QjMzNDVBQjc2OUI5QkJFX2F1ZGlvX2Rhc2hpbml0Lm1wNBUCAsgBEgAoABgAGwKIB3VzZV9vaWwBMRJwcm9ncmVzc2l2ZV9yZWNpcGUBMRUAACaa5IeGjcuxAxUCKAJDMywXQC4AAAAAAAAYGWRhc2hfaDI2NC1iYXNpYy1nZW4yXzcyMHARAHUAZd6oAQA&_nc_gid=wMH9PD3hA8u0bukBVmCaCg&_nc_ss=7f180&_nc_zt=28&oh=00_AQDUGqrYAo8JRZpxJjhJx_LYOSfEC52B6BL2Zm7QYJ4KGg&oe=6A632A33,"['FACEBOOK', 'INSTAGRAM', 'AUDIENCE_NETWORK', 'MESSENGER', 'WHATSAPP', 'THREADS']",au,cw,facebook,social,2026-W29,2026-07,"FACEBOOK, INSTAGRAM, AUDIENCE_NETWORK, MESSENGER, WHATSAPP, THREADS",True,True,True,True,True,True,SKU Product,True,False,False,2026-07-20,2026-06-30 07:00:00,2026-07-20 15:37:32.553203,20
2901249090227961,2285070822031079,True,2026-06-30 07:00:00,2026-07-18 07:00:00,Chemist Warehouse,Chemist Warehouse,{{product.name}},{{product.brand}},Shop now,DCO,https://www.chemistwarehouse.com.au/buy/147521/carusos-probiotic-vaginal-care-60-capsules?utm_source=facebook&utm_medium=social&utm_campaign=au_cw_coop_facebook_social_carusosnaturalhealth_carusos_81_2026_100096-bau_video-image&utm_term=traffic&utm_content=video-image_,www.chemistwarehouse.com.au,/buy/147521/carusos-probiotic-vaginal-care-60-capsules,facebook,social,au_cw_coop_facebook_social_carusosnaturalhealth_carusos_81_2026_100096-bau_video-image,81,traffic,video-image_,Coop,Carusosnaturalhealth,Carusos,2026,video-image,"5 Billion CFU, 3 Strains","Looking for ways to support your vaginal health?
Caruso’s Vaginal Care Probiotic supports vaginal health and helps support healthy vaginal pH while
also relieves abdominal bloating.",Shop Now,,https://video-ams2-1.xx.fbcdn.net/o1/v/t2/f2/m366/AQM3v3p9aTTyjGeBFdMxbsdJYfxFtziCFqm142IK6wc5aeoAQLRWNbvvrFoAsBZFYVy0-0GeLK34bmglRRWmhddSRg_Obhs_Z-bbFcXHmV6_2Q.mp4?_nc_cat=107&_nc_sid=b66105&_nc_ht=video-ams2-1.xx.fbcdn.net&_nc_ohc=FI0u_LFeaFYQ7kNvwF0uTMS&efg=eyJ2ZW5jb2RlX3RhZyI6Inhwdl9wcm9ncmVzc2l2ZS5WSV9VU0VDQVNFX1BST0RVQ1RfVFlQRS4uQzMuNzIwLmRhc2hfaDI2NC1iYXNpYy1nZW4yXzcyMHAiLCJ4cHZfYXNzZXRfaWQiOjE5OTg1NDc4MTA3NjI2NTcsImFzc2V0X2FnZV9kYXlzIjozMSwidmlfdXNlY2FzZV9pZCI6MTA3OTksImR1cmF0aW9uX3MiOjE1LCJ1cmxnZW5fc291cmNlIjoid3d3In0%3D&ccb=17-1&vs=df7b05cbfb10cffe&_nc_vs=HBksFQIYRWZiX2VwaGVtZXJhbC9GQTREQzg0QzlCMzBCQ0YwODdENTY4MkU2NUIyQzdBOV9tdF8xX3ZpZGVvX2Rhc2hpbml0Lm1wNBUAAsgBEgAVAhhAZmJfcGVybWFuZW50LzQxNDM1MUE1QzQ1MDU1MkE3OTY3ODBBN0JFQ0E0Mjk4X2F1ZGlvX2Rhc2hpbml0Lm1wNBUCAsgBEgAoABgAGwKIB3VzZV9vaWwBMRJwcm9ncmVzc2l2ZV9yZWNpcGUBMRUAACbC_p3F5eqMBxUCKAJDMywXQC4AAAAAAAAYGWRhc2hfaDI2NC1iYXNpYy1nZW4yXzcyMHARAHUAZd6oAQA&_nc_gid=wMH9PD3hA8u0bukBVmCaCg&_nc_ss=7f180&_nc_zt=28&oh=00_AQC4QwmnRips2UHpNnbG461IBVEAGN6lOmWinTdljT8zng&oe=6A6319F9,"['FACEBOOK', 'INSTAGRAM', 'AUDIENCE_NETWORK', 'MESSENGER', 'WHATSAPP', 'THREADS']",au,cw,facebook,social,2026-W29,2026-07,"FACEBOOK, INSTAGRAM, AUDIENCE_NETWORK, MESSENGER, WHATSAPP, THREADS",True,True,True,True,True,True,SKU Product,True,False,False,2026-07-20,2026-06-30 07:00:00,2026-07-20 15:37:32.553203,20
1543076557528298,3332312646976028,True,2026-06-30 07:00:00,2026-07-18 07:00:00,Chemist Warehouse,Chemist Warehouse,,Matrix x KATSEYE: Pro haircare that transforms every choreography into a stunning hairography. Stage-ready hair!,Learn more,IMAGE,https://www.chemistwarehouse.com.au/shop-online/1066/matrix?utm_source=facebook&utm_medium=social&utm_campaign=au_cw_coop_facebook_social_lorealprofessional_matrix_129_2026_100047-bau_image&utm_term=reach&utm_content=image_curly,www.chemistwarehouse.com.au,/shop-online/1066/matrix,facebook,social,au_cw_coop_facebook_social_lorealprofessional_matrix_129_2026_100047-bau_image,129,reach,image_curly,Coop,Lorealprofessional,Matrix,2026,image,,,,,,['INSTAGRAM'],au,cw,facebook,social,2026-W29,2026-07,INSTAGRAM,False,True,False,False,False,False,Brand/Category Page,True,False,False,2026-07-20,2026-06-30 07:00:00,2026-07-20 15:37:32.553203,20
1570361271417664,1003875612077223,True,2026-06-30 07:00:00,2026-07-19 07:00:00,Chemist Warehouse,Chemist Warehouse,,Matrix x KATSEYE: Pro haircare that transforms every choreography into a stunning hairography. Stage-ready hair!,Learn more,VIDEO,https://www.chemistwarehouse.com.au/shop-online/1066/matrix?utm_source=facebook&utm_medium=social&utm_campaign=au_cw_coop_facebook_social_lorealprofessional_matrix_129_2026_100047-bau_image&utm_term=reach&utm_content=image_curly,www.chemistwarehouse.com.au,/shop-online/1066/matrix,facebook,social,au_cw_coop_facebook_social_lorealprofessional_matrix_129_2026_100047-bau_image,129,reach,image_curly,Coop,Lorealprofessional,Matrix,2026,image,,,,,,['INSTAGRAM'],au,cw,facebook,social,2026-W29,2026-07,INSTAGRAM,False,True,False,False,False,False,Brand/Category Page,True,False,False,2026-07-20,2026-06-30 07:00:00,2026-07-20 15:37:32.553203,20
1502880987579235,3423006067847896,True,2026-06-30 07:00:00,2026-07-19 07:00:00,Chemist Warehouse,Chemist Warehouse,,Matrix x KATSEYE: Pro haircare that transforms every choreography into a stunning hairography. Stage-ready hair!,Learn more,VIDEO,https://www.chemistwarehouse.com.au/shop-online/1066/matrix?utm_source=facebook&utm_medium=social&utm_campaign=au_cw_coop_facebook_social_lorealprofessional_matrix_129_2026_100047-bau_image&utm_term=reach&utm_content=image_curly,www.chemistwarehouse.com.au,/shop-online/1066/matrix,facebook,social,au_cw_coop_facebook_social_lorealprofessional_matrix_129_2026_100047-bau_image,129,reach,image_curly,Coop,Lorealprofessional,Matrix,2026,image,,,,,,['INSTAGRAM'],au,cw,facebook,social,2026-W29,2026-07,INSTAGRAM,False,True,False,False,False,False,Brand/Category Page,True,False,False,2026-07-20,2026-06-30 07:00:00,2026-07-20 15:37:32.553203,20
1729855118208329,1638520854017577,True,2026-06-30 07:00:00,2026-07-19 07:00:00,Chemist Warehouse,Chemist Warehouse,{{product.name}},{{product.brand}},Shop now,DCO,https://www.chemistwarehouse.com.au/shop-online/559/skin-doctors?utm_source=facebook&utm_medium=social&utm_campaign=au_cw_coop_facebook_social_pharmacarelaboratories_skindoctors_665_2026_100283-bau_video-image&utm_term=traffic&utm_content=video-image_video-instore,www.chemistwarehouse.com.au,/shop-online/559/skin-doctors,facebook,social,au_cw_coop_facebook_social_pharmacarelaboratories_skindoctors_665_2026_100283-bau_video-image,665,traffic,video-image_video-instore,Coop,Pharmacarelaboratories,Skindoctors,2026,video-image,Skincare with real results.,"Meet the NEW and improved Skin Doctors lift range, targeted care for every zone. Shop now at Chemist Warehouse.",Shop Now,,https://video-ams2-1.xx.fbcdn.net/o1/v/t2/f2/m366/AQOru_Praf2FTB6IH9pCZ9-aBhokxuBc4yeHYizPL_YMSfDIy5omiejdk5zDHYcxk6A_5qZDOAd23zh7JdH1TU_3GD1QL0k27a3NYfJsK_E45g.mp4?_nc_cat=101&_nc_sid=b66105&_nc_ht=video-ams2-1.xx.fbcdn.net&_nc_ohc=-vo2gJEmBfoQ7kNvwHaciVf&efg=eyJ2ZW5jb2RlX3RhZyI6Inhwdl9wcm9ncmVzc2l2ZS5WSV9VU0VDQVNFX1BST0RVQ1RfVFlQRS4uQzMuNzIwLmRhc2hfaDI2NC1iYXNpYy1nZW4yXzcyMHAiLCJ4cHZfYXNzZXRfaWQiOjE4Njk4MjMzMjM1ODMzODAsImFzc2V0X2FnZV9kYXlzIjo4NiwidmlfdXNlY2FzZV9pZCI6MTA3OTksImR1cmF0aW9uX3MiOjM5LCJ1cmxnZW5fc291cmNlIjoid3d3In0%3D&ccb=17-1&vs=6aa8a0f843e7d366&_nc_vs=HBksFQIYRWZiX2VwaGVtZXJhbC85RTRGMTcyODQ1ODNGREYxN0Q5NTE3NjZBNDdGNUVBRF9tdF8xX3ZpZGVvX2Rhc2hpbml0Lm1wNBUAAsgBEgAVAhhAZmJfcGVybWFuZW50LzZENEU3QUEwQTQxN0VBNjgwMDkwMUMwODFDQ0EzQ0I4X2F1ZGlvX2Rhc2hpbml0Lm1wNBUCAsgBEgAoABgAGwKIB3VzZV9vaWwBMRJwcm9ncmVzc2l2ZV9yZWNpcGUBMRUAACaozvWvhabSBhUCKAJDMywXQEPEOVgQYk4YGWRhc2hfaDI2NC1iYXNpYy1nZW4yXzcyMHARAHUAZd6oAQA&_nc_gid=wMH9PD3hA8u0bukBVmCaCg&_nc_ss=7f180&_nc_zt=28&oh=00_AQC9H4K7LxC1ojS7T2q7krnys1ea_csd0c75bDkOt6rwVA&oe=6A630FD7,"['FACEBOOK', 'INSTAGRAM', 'THREADS']",au,cw,facebook,social,2026-W29,2026-07,"FACEBOOK, INSTAGRAM, THREADS",True,True,False,False,True,False,Brand/Category Page,True,False,False,2026-07-20,2026-06-30 07:00:00,2026-07-20 15:37:32.553203,20
1990569848179955,1255005489898440,True,2026-07-03 07:00:00,2026-07-19 07:00:00,Chemist Warehouse,Chemist Warehouse,Shop  at Chemist Warehouse now.,Shop Naprogesic at Chemist Warehouse now.,Shop now,VIDEO,https://www.chemistwarehouse.com.au/shop-online/196/pain-relief?brand=Naprogesic&utm_source=facebook&utm_medium=social&utm_campaign=au_cw_oa_facebook_social_bayeraustralialtd_naprogesic_258_jul25_100137-social_video-image&utm_term=traffic&utm_content=video-image_,www.chemistwarehouse.com.au,/shop-online/196/pain-relief,facebook,social,au_cw_oa_facebook_social_bayeraustralialtd_naprogesic_258_jul25_100137-social_video-image,258,traffic,video-image_,O&O,Bayeraustralialtd,Naprogesic,jul25,video-image,,,,,,"['FACEBOOK', 'INSTAGRAM', 'AUDIENCE_NETWORK', 'MESSENGER', 'WHATSAPP', 'THREADS']",au,cw,facebook,social,2026-W29,2026-07,"FACEBOOK, INSTAGRAM, AUDIENCE_NETWORK, MESSENGER, WHATSAPP, THREADS",True,True,True,True,True,True,Brand/Category Page,True,True,False,2026-07-20,2026-07-03 07:00:00,2026-07-20 15:37:32.553203,17
2376011912926242,1922838078377247,True,2026-06-30 07:00:00,2026-07-19 07:00:00,Chemist Warehouse,Chemist Warehouse,,{{product.brand}},Learn more,DCO,https://www.chemistwarehouse.com.au/shop-online/1066/matrix?utm_source=facebook&utm_medium=social&utm_campaign=au_cw_coop_facebook_social_lorealprofessional_matrix_129_2026_100047-bau_image&utm_term=reach&utm_content=image_curly,www.chemistwarehouse.com.au,/shop-online/1066/matrix,facebook,social,au_cw_coop_facebook_social_lorealprofessional_matrix_129_2026_100047-bau_image,129,reach,image_curly,Coop,Lorealprofessional,Matrix,2026,image,Matrix x KATSEYE: Hair in motion.,Matrix x KATSEYE: Pro haircare that transforms every choreography into a stunning hairography. Stage-ready hair!,Learn More,https://scontent-ams2-1.xx.fbcdn.net/v/t39.35426-6/735110219_1023437463671036_3808454441875405377_n.jpg?_nc_cat=104&ccb=1-7&_nc_sid=c53f8f&_nc_ohc=qRiq5zZqOO4Q7kNvwFI6Csl&_nc_oc=Adod3s98jzrPr2EgHpQ-MUwuuksVzK9b1f0LFj6U5TWiUJsXaRweJylDZ81BiF1W7Cw&_nc_zt=14&_nc_ht=scontent-ams2-1.xx&_nc_gid=wMH9PD3hA8u0bukBVmCaCg&_nc_ss=7f180&oh=00_AQATWbJTe-Nx7t43hMaMLzpCkA72sHpYaaAhYw8p74qtzA&oe=6A630F82,,['INSTAGRAM'],au,cw,facebook,social,2026-W29,2026-07,INSTAGRAM,False,True,False,False,False,False,Brand/Category Page,True,False,False,2026-07-20,2026-06-30 07:00:00,2026-07-20 15:37:32.553203,20
1052160810707867,,True,2026-07-02 07:00:00,2026-07-19 07:00:00,Chemist Warehouse,Chemist Warehouse,New Keratin Alpha Sleek,"New at Chemist Warehouse! Transform hair for 2 weeks of smooth, absolute frizz control.",Shop now,IMAGE,https://fb.com/canvas_doc/2120942381825181,fb.com,/canvas_doc/2120942381825181,,,,,,,Not Specified,,,,,,,,,,"['FACEBOOK', 'INSTAGRAM', 'AUDIENCE_NETWORK', 'MESSENGER', 'THREADS']",,,,,2026-W29,2026-07,"FACEBOOK, INSTAGRAM, AUDIENCE_NETWORK, MESSENGER, THREADS",True,True,True,True,True,False,Internal/App Page,True,True,False,2026-07-20,2026-07-02 07:00:00,2026-07-20 15:37:32.553203,18
1928048318581786,,True,2026-07-02 07:00:00,2026-07-19 07:00:00,Chemist Warehouse,Chemist Warehouse,New Keratin Alpha Sleek,"New at Chemist Warehouse! Transform hair for 2 weeks of smooth, absolute frizz control.",Shop now,IMAGE,https://fb.com/canvas_doc/1680973390115819,fb.com,/canvas_doc/1680973390115819,,,,,,,Not Specified,,,,,,,,,,"['FACEBOOK', 'INSTAGRAM', 'AUDIENCE_NETWORK', 'MESSENGER', 'THREADS']",,,,,2026-W29,2026-07,"FACEBOOK, INSTAGRAM, AUDIENCE_NETWORK, MESSENGER, THREADS",True,True,True,True,True,False,Internal/App Page,True,True,False,2026-07-20,2026-07-02 07:00:00,2026-07-20 15:37:32.553203,18
945057848539382,1399513185418518,True,2026-07-03 07:00:00,2026-07-19 07:00:00,Chemist Warehouse,Chemist Warehouse,{{product.name}},{{product.brand}},Shop now,DCO,https://www.chemistwarehouse.com.au/buy/159293/hugo-boss-bottled-beyond-eau-de-parfum-100ml?utm_source=facebook&utm_medium=social&utm_campaign=au_cw_oa_facebook_social_cotyluxury_hugoboss_542_may26_100497-bottled_video-image&utm_term=traffic&utm_content=video-image_brand,www.chemistwarehouse.com.au,/buy/159293/hugo-boss-bottled-beyond-eau-de-parfum-100ml,facebook,social,au_cw_oa_facebook_social_cotyluxury_hugoboss_542_may26_100497-bottled_video-image,542,traffic,video-image_brand,O&O,Cotyluxury,Hugoboss,may26,video-image,A powerful dual blend,"When opposites collide, the result is electrifying. #BOSSBottled Beyond goes intense with a vibrant ginger-leather interplay",Shop Now,,https://video-ams2-1.xx.fbcdn.net/o1/v/t2/f2/m366/AQOwdwHIddL7MQIsyxEDbUr8Hzo0umrOI1JfKuaKAV2o0hs4iXR3_1z2INwnNkWXDaGJRdjIQwE-SyCLRj_IrspQJA5OtYDvwaJE0CopjaKRhQ.mp4?_nc_cat=104&_nc_sid=b66105&_nc_ht=video-ams2-1.xx.fbcdn.net&_nc_ohc=P-mwYFLjSokQ7kNvwH4tEMj&efg=eyJ2ZW5jb2RlX3RhZyI6Inhwdl9wcm9ncmVzc2l2ZS5WSV9VU0VDQVNFX1BST0RVQ1RfVFlQRS4uQzMuNzIwLmRhc2hfaDI2NC1iYXNpYy1nZW4yXzcyMHAiLCJ4cHZfYXNzZXRfaWQiOjE3MjE5MDYwMTU3OTY3NDQsImFzc2V0X2FnZV9kYXlzIjoxNiwidmlfdXNlY2FzZV9pZCI6MTA3OTksImR1cmF0aW9uX3MiOjEwLCJ1cmxnZW5fc291cmNlIjoid3d3In0%3D&ccb=17-1&vs=167ade80beb43179&_nc_vs=HBksFQIYRWZiX2VwaGVtZXJhbC8xMjQ1RDRGQ0UzRUI4MjIwRUI2MDU4NTgxMjZDOTBBNF9tdF8xX3ZpZGVvX2Rhc2hpbml0Lm1wNBUAAsgBEgAVAhhAZmJfcGVybWFuZW50L0RBNDNEMEU1RjcyOTc5NUNGMjE4NDMwQzlGMzE1OThGX2F1ZGlvX2Rhc2hpbml0Lm1wNBUCAsgBEgAoABgAGwKIB3VzZV9vaWwBMRJwcm9ncmVzc2l2ZV9yZWNpcGUBMRUAACaQ-MPGj4SPBhUCKAJDMywXQCQAAAAAAAAYGWRhc2hfaDI2NC1iYXNpYy1nZW4yXzcyMHARAHUAZd6oAQA&_nc_gid=XdqtAXLAmw2IhJn9v7yyFQ&_nc_ss=7f180&_nc_zt=28&oh=00_AQAUv6boAIiMbennXu-4HrX95kO-EVx2MvB6lcjNCQutWQ&oe=6A6315A4,"['FACEBOOK', 'INSTAGRAM', 'AUDIENCE_NETWORK', 'MESSENGER', 'THREADS']",au,cw,facebook,social,2026-W29,2026-07,"FACEBOOK, INSTAGRAM, AUDIENCE_NETWORK, MESSENGER, THREADS",True,True,True,True,True,False,SKU Product,True,False,False,2026-07-20,2026-07-03 07:00:00,2026-07-20 15:37:32.553203,17
999722396173032,854506154097041,True,2026-07-03 07:00:00,2026-07-19 07:00:00,Chemist Warehouse,Chemist Warehouse,{{product.name}},{{product.brand}},Shop now,DCO,https://www.chemistwarehouse.com.au/buy/159293/hugo-boss-bottled-beyond-eau-de-parfum-100ml?utm_source=facebook&utm_medium=social&utm_campaign=au_cw_oa_facebook_social_cotyluxury_hugoboss_542_may26_100497-bottled_video-image&utm_term=traffic&utm_content=video-image_brand,www.chemistwarehouse.com.au,/buy/159293/hugo-boss-bottled-beyond-eau-de-parfum-100ml,facebook,social,au_cw_oa_facebook_social_cotyluxury_hugoboss_542_may26_100497-bottled_video-image,542,traffic,video-image_brand,O&O,Cotyluxury,Hugoboss,may26,video-image,A powerful dual blend,"When opposites collide, the result is electrifying. #BOSSBottled Beyond goes intense with a vibrant ginger-leather interplay",Shop Now,https://scontent-ams2-1.xx.fbcdn.net/v/t39.35426-6/737875505_2486746478505042_8851237057960512690_n.jpg?_nc_cat=109&ccb=1-7&_nc_sid=c53f8f&_nc_ohc=A7OM0Rnbk1YQ7kNvwGlBFKE&_nc_oc=AdpQSljWlC_YKjwfg7KAA0e_nr6JzQGx_Kymb8DO8jlv7QNj5jbUipWrkDF6ftVxUjE&_nc_zt=14&_nc_ht=scontent-ams2-1.xx&_nc_gid=XdqtAXLAmw2IhJn9v7yyFQ&_nc_ss=7f180&oh=00_AQARWHCY9aYnXUcOSLgSVyPz2S9iLz3rhksjNkaZv02fIA&oe=6A632B0B,,"['FACEBOOK', 'INSTAGRAM', 'AUDIENCE_NETWORK', 'MESSENGER', 'THREADS']",au,cw,facebook,social,2026-W29,2026-07,"FACEBOOK, INSTAGRAM, AUDIENCE_NETWORK, MESSENGER, THREADS",True,True,True,True,True,False,SKU Product,True,False,False,2026-07-20,2026-07-03 07:00:00,2026-07-20 15:37:32.553203,17
1271296596056889,,True,2026-07-02 07:00:00,2026-07-18 07:00:00,Chemist Warehouse,Chemist Warehouse,Common Cold and the Good Leaf,Olive Leaf Extract. Traditionally used in Western herbal medicine to maintain/support immune system health.,Shop now,IMAGE,https://fb.com/canvas_doc/2077556452829671,fb.com,/canvas_doc/2077556452829671,,,,,,,Not Specified,,,,,,,,,,"['FACEBOOK', 'INSTAGRAM', 'AUDIENCE_NETWORK', 'MESSENGER', 'THREADS']",,,,,2026-W29,2026-07,"FACEBOOK, INSTAGRAM, AUDIENCE_NETWORK, MESSENGER, THREADS",True,True,True,True,True,False,Internal/App Page,True,False,False,2026-07-20,2026-07-02 07:00:00,2026-07-20 15:37:32.553203,18
1552285486498065,,True,2026-06-30 07:00:00,2026-07-19 07:00:00,Chemist Warehouse,Chemist Warehouse,{{product.name}},{{product.brand}},Shop now,DCO,https://www.chemistwarehouse.com.au/shop-online/5571/john-frieda?utm_source=facebook&utm_medium=social&utm_campaign=au_cw_coop_facebook_social_kaoaustraliaptylimited_johnfrieda_129_2026_100152-bau_video-image&utm_term=traffic&utm_content=video-image_,www.chemistwarehouse.com.au,/shop-online/5571/john-frieda,facebook,social,au_cw_coop_facebook_social_kaoaustraliaptylimited_johnfrieda_129_2026_100152-bau_video-image,129,traffic,video-image_,Coop,Kaoaustraliaptylimited,Johnfrieda,2026,video-image,"Good Before, Incredible After ","The icon just got more
iconic. New look, elevated packaging,
same obsession with hair.",Shop Now,https://scontent-ams2-1.xx.fbcdn.net/v/t39.35426-6/725767647_1352745230144708_3692578185201384386_n.jpg?_nc_cat=101&ccb=1-7&_nc_sid=c53f8f&_nc_ohc=FPOV3Ajv1-IQ7kNvwF4nzbb&_nc_oc=Adq4lMdgZeoAD6Uzyg3VtZQESKzWcR3k8DA6XPjNiy7y5RDXiSkrG-5lN46H9asQNqE&_nc_zt=14&_nc_ht=scontent-ams2-1.xx&_nc_gid=wMH9PD3hA8u0bukBVmCaCg&_nc_ss=7f180&oh=00_AQCSAznZb2zUKIr5IenmrQ-kyGN8UQkHdpC6aN7sL5GPJA&oe=6A632BD2,,"['FACEBOOK', 'INSTAGRAM', 'AUDIENCE_NETWORK', 'MESSENGER', 'WHATSAPP', 'THREADS']",au,cw,facebook,social,2026-W29,2026-07,"FACEBOOK, INSTAGRAM, AUDIENCE_NETWORK, MESSENGER, WHATSAPP, THREADS",True,True,True,True,True,True,Brand/Category Page,True,False,False,2026-07-20,2026-06-30 07:00:00,2026-07-20 15:37:32.553203,20
1507860287382442,,True,2026-06-30 07:00:00,2026-07-19 07:00:00,Chemist Warehouse,Chemist Warehouse,{{product.name}},{{product.brand}},Shop now,DCO,https://www.chemistwarehouse.com.au/shop-online/5571/john-frieda?utm_source=facebook&utm_medium=social&utm_campaign=au_cw_coop_facebook_social_kaoaustraliaptylimited_johnfrieda_129_2026_100152-bau_video-image&utm_term=traffic&utm_content=video-image_,www.chemistwarehouse.com.au,/shop-online/5571/john-frieda,facebook,social,au_cw_coop_facebook_social_kaoaustraliaptylimited_johnfrieda_129_2026_100152-bau_video-image,129,traffic,video-image_,Coop,Kaoaustraliaptylimited,Johnfrieda,2026,video-image,"Good Before, Incredible After ","The icon just got more
iconic. New look, elevated packaging,
same obsession with hair.",Shop Now,https://scontent-ams2-1.xx.fbcdn.net/v/t39.35426-6/726411631_4319864348267048_3754158037486867813_n.jpg?_nc_cat=108&ccb=1-7&_nc_sid=c53f8f&_nc_ohc=hJIb4sPLSjsQ7kNvwHisXWn&_nc_oc=Adr1iYr3CQrRK9Pvk5k3sYW9ojfHV6j87BZWv6tctmbr1XINPlU7gvyZaQ0VTp03G0I&_nc_zt=14&_nc_ht=scontent-ams2-1.xx&_nc_gid=wMH9PD3hA8u0bukBVmCaCg&_nc_ss=7f180&oh=00_AQCsd6YbgN1gt-zczlY5Ot-RHQJ5DoZdQjLhlOMzjjBwGw&oe=6A631F19,,"['FACEBOOK', 'INSTAGRAM', 'AUDIENCE_NETWORK', 'MESSENGER', 'WHATSAPP', 'THREADS']",au,cw,facebook,social,2026-W29,2026-07,"FACEBOOK, INSTAGRAM, AUDIENCE_NETWORK, MESSENGER, WHATSAPP, THREADS",True,True,True,True,True,True,Brand/Category Page,True,False,False,2026-07-20,2026-06-30 07:00:00,2026-07-20 15:37:32.553203,20
1516757336592418,,True,2026-06-30 07:00:00,2026-07-19 07:00:00,Chemist Warehouse,Chemist Warehouse,{{product.name}},{{product.brand}},Shop now,DCO,https://www.chemistwarehouse.com.au/buy/163550/cleanlife-surface-vinegar-wipes-100-pack?utm_source=facebook&utm_medium=social&utm_campaign=au_cw_coop_facebook_social_thehygienecoptyltd_cleanlife_60000_2026_100602-bau_video&utm_term=reach&utm_content=video_video,www.chemistwarehouse.com.au,/buy/163550/cleanlife-surface-vinegar-wipes-100-pack,facebook,social,au_cw_coop_facebook_social_thehygienecoptyltd_cleanlife_60000_2026_100602-bau_video,60000,reach,video_video,Coop,Thehygienecoptyltd,Cleanlife,2026,video,CleanLIFE Surface Vinegar Wipes,Shop the CleanLIFE Vinegar Clean at Chemist Warehouse,Shop Now,,https://video-ams2-1.xx.fbcdn.net/o1/v/t2/f2/m366/AQNWHPT30ZNYH21a5O1j5adafxTAVt6bx5QA5WsDNWER8uTICnCUtaGUxP5VDOWZTwMQ6QVdYdtb8QfLxlgTcNYteSu_7Pql6K3bsBlLdQ3lbg.mp4?_nc_cat=110&_nc_sid=b66105&_nc_ht=video-ams2-1.xx.fbcdn.net&_nc_ohc=Mq-Iki67e7MQ7kNvwEyNS1B&efg=eyJ2ZW5jb2RlX3RhZyI6Inhwdl9wcm9ncmVzc2l2ZS5WSV9VU0VDQVNFX1BST0RVQ1RfVFlQRS4uQzMuNzIwLmRhc2hfaDI2NC1iYXNpYy1nZW4yXzcyMHAiLCJ4cHZfYXNzZXRfaWQiOjg3NzAxNTIxODE3NTI4NCwiYXNzZXRfYWdlX2RheXMiOjMxLCJ2aV91c2VjYXNlX2lkIjoxMDc5OSwiZHVyYXRpb25fcyI6MjcsInVybGdlbl9zb3VyY2UiOiJ3d3cifQ%3D%3D&ccb=17-1&vs=12ba3a06cef0833b&_nc_vs=HBksFQIYRWZiX2VwaGVtZXJhbC81MzQzNzAyMkM0NkQ4NjkyN0UxODI1MDVDRkIyN0ZBN19tdF8xX3ZpZGVvX2Rhc2hpbml0Lm1wNBUAAsgBEgAVAhhAZmJfcGVybWFuZW50LzIxNEQ1QjQxMTlEODFENUYxQjRDRDY4MkY3QTk4OTg1X2F1ZGlvX2Rhc2hpbml0Lm1wNBUCAsgBEgAoABgAGwKIB3VzZV9vaWwBMRJwcm9ncmVzc2l2ZV9yZWNpcGUBMRUAACbo9NXIgOmOAxUCKAJDMywXQDuiDEm6XjUYGWRhc2hfaDI2NC1iYXNpYy1nZW4yXzcyMHARAHUAZd6oAQA&_nc_gid=wMH9PD3hA8u0bukBVmCaCg&_nc_ss=7f180&_nc_zt=28&oh=00_AQCBZctcvg_Q01Qp85NPOY7KKhU_aw_4iK67bkp83jgzoA&oe=6A630A9E,"['FACEBOOK', 'INSTAGRAM', 'AUDIENCE_NETWORK', 'WHATSAPP', 'THREADS']",au,cw,facebook,social,2026-W29,2026-07,"FACEBOOK, INSTAGRAM, AUDIENCE_NETWORK, WHATSAPP, THREADS",True,True,True,False,True,True,SKU Product,True,False,False,2026-07-20,2026-06-30 07:00:00,2026-07-20 15:37:32.553203,20
2210485349745818,,True,2026-06-30 07:00:00,2026-07-19 07:00:00,Chemist Warehouse,Chemist Warehouse,Premium hair colour without the premium price,"Get salon-quality results at home with Vitality Colour. Affordable, effective and available at Chemist Warehouse!",Shop now,IMAGE,https://fb.com/canvas_doc/1315003574096099,fb.com,/canvas_doc/1315003574096099,,,,,,,Not Specified,,,,,,,,,,"['FACEBOOK', 'INSTAGRAM']",,,,,2026-W29,2026-07,"FACEBOOK, INSTAGRAM",True,True,False,False,False,False,Internal/App Page,True,True,False,2026-07-20,2026-06-30 07:00:00,2026-07-20 15:37:32.553203,20
1120336436985231,,True,2026-06-30 07:00:00,2026-07-19 07:00:00,Chemist Warehouse,Chemist Warehouse,Say Sì to a new bloom,From the soft radiance of Sì Nude Bloom to the vibrant energy of Sì Passione Red Bloom. Shop the range at Chemist Warehouse,Shop now,IMAGE,https://fb.com/canvas_doc/1543342493964514,fb.com,/canvas_doc/1543342493964514,,,,,,,Not Specified,,,,,,,,,,"['FACEBOOK', 'INSTAGRAM', 'AUDIENCE_NETWORK', 'MESSENGER', 'WHATSAPP', 'THREADS']",,,,,2026-W29,2026-07,"FACEBOOK, INSTAGRAM, AUDIENCE_NETWORK, MESSENGER, WHATSAPP, THREADS",True,True,True,True,True,True,Internal/App Page,True,True,False,2026-07-20,2026-06-30 07:00:00,2026-07-20 15:37:32.553203,20
1036965885503742,1557437079305548,True,2026-06-30 07:00:00,2026-07-19 07:00:00,Chemist Warehouse,Chemist Warehouse,{{product.name}},{{product.brand}},Shop now,DCO,https://www.chemistwarehouse.com.au/buy/161865/sally-hansen-nail-treatment-gel-rehab-bond-serum?utm_source=facebook&utm_medium=social&utm_campaign=au_cw_oa_facebook_social_cotyconsumerbeauty_sallyhansen_648_june26_100625-treatment_video&utm_term=traffic&utm_content=video_brand,www.chemistwarehouse.com.au,/buy/161865/sally-hansen-nail-treatment-gel-rehab-bond-serum,facebook,social,au_cw_oa_facebook_social_cotyconsumerbeauty_sallyhansen_648_june26_100625-treatment_video,648,traffic,video_brand,O&O,Cotyconsumerbeauty,Sallyhansen,june26,video,Sally Hansen Gel Rehab Nail Repair Serum,"Repair gel damage and protect against breakage for smoother, healthier-looking nails",Shop Now,https://scontent-ams2-1.xx.fbcdn.net/v/t39.35426-6/734253183_4067786970187932_3547188760333301738_n.jpg?_nc_cat=108&ccb=1-7&_nc_sid=c53f8f&_nc_ohc=9Dcgj6m3hzoQ7kNvwEjjeJo&_nc_oc=Adq4-1yqBbQBg9f-zfUtjwih1Tap0Ooi5ykfZbwMRkBRRWN3JcHZ3-PT7gZXRv2YXlw&_nc_zt=14&_nc_ht=scontent-ams2-1.xx&_nc_gid=wMH9PD3hA8u0bukBVmCaCg&_nc_ss=7f180&oh=00_AQAmhjlzfeDQmgrIt-n4DgkQBiviuWv-IwP4VvE1WKWltw&oe=6A6308DB,,"['FACEBOOK', 'INSTAGRAM', 'AUDIENCE_NETWORK', 'MESSENGER', 'WHATSAPP', 'THREADS']",au,cw,facebook,social,2026-W29,2026-07,"FACEBOOK, INSTAGRAM, AUDIENCE_NETWORK, MESSENGER, WHATSAPP, THREADS",True,True,True,True,True,True,SKU Product,True,False,False,2026-07-20,2026-06-30 07:00:00,2026-07-20 15:37:32.553203,20
1002030619414789,1347282007501347,True,2026-06-30 07:00:00,2026-07-19 07:00:00,Chemist Warehouse,Chemist Warehouse,{{product.name}},{{product.brand}},Learn more,DCO,https://www.chemistwarehouse.com.au/shop-online/559/skin-doctors?utm_source=facebook&utm_medium=social&utm_campaign=au_cw_coop_facebook_social_pharmacarelaboratories_skindoctors_665_2026_100283-bau_video-image&utm_term=traffic&utm_content=video-image_image-eyes,www.chemistwarehouse.com.au,/shop-online/559/skin-doctors,facebook,social,au_cw_coop_facebook_social_pharmacarelaboratories_skindoctors_665_2026_100283-bau_video-image,665,traffic,video-image_image-eyes,Coop,Pharmacarelaboratories,Skindoctors,2026,video-image,Skincare with real results.,"Skincare results that visibly renews, restores, & revitalises your skin.",Learn More,https://scontent-ams2-1.xx.fbcdn.net/v/t39.35426-6/735456824_1823713382325623_2068648740364693712_n.jpg?_nc_cat=109&ccb=1-7&_nc_sid=c53f8f&_nc_ohc=Y7oGWvOaRqQQ7kNvwHVp68q&_nc_oc=AdqNy-yd0AHSVqg8XBoeYPyli-N9w2SI4FsejgG-NHVm0EnzVS4zvdz_gZRIBn29fww&_nc_zt=14&_nc_ht=scontent-ams2-1.xx&_nc_gid=wMH9PD3hA8u0bukBVmCaCg&_nc_ss=7f180&oh=00_AQC2ZhjOnpcZp1L3O1PtM9tO6AFxqCzm9DtmlR8WOUIzNg&oe=6A630983,,"['FACEBOOK', 'INSTAGRAM', 'THREADS']",au,cw,facebook,social,2026-W29,2026-07,"FACEBOOK, INSTAGRAM, THREADS",True,True,False,False,True,False,Brand/Category Page,True,False,False,2026-07-20,2026-06-30 07:00:00,2026-07-20 15:37:32.553203,20
1007447692140831,,True,2026-06-30 07:00:00,2026-07-19 07:00:00,Chemist Warehouse,Chemist Warehouse,Say Sì to a new bloom,From the soft radiance of Sì Nude Bloom to the vibrant energy of Sì Passione Red Bloom. Shop the range at Chemist Warehouse,Shop now,IMAGE,https://fb.com/canvas_doc/1543342493964514,fb.com,/canvas_doc/1543342493964514,,,,,,,Not Specified,,,,,,,,,,"['FACEBOOK', 'INSTAGRAM', 'AUDIENCE_NETWORK', 'MESSENGER', 'WHATSAPP', 'THREADS']",,,,,2026-W29,2026-07,"FACEBOOK, INSTAGRAM, AUDIENCE_NETWORK, MESSENGER, WHATSAPP, THREADS",True,True,True,True,True,True,Internal/App Page,True,True,False,2026-07-20,2026-06-30 07:00:00,2026-07-20 15:37:32.553203,20
1693007201950023,892860203859126,True,2026-06-30 07:00:00,2026-07-19 07:00:00,Chemist Warehouse,Chemist Warehouse,Shop at Chemist Warehouse,Shop the new Vicks Xtra Soothing range at Chemist Warehouse.,Shop now,VIDEO,https://www.chemistwarehouse.com.au/shop-online/1225/vicks?utm_source=facebook&utm_medium=social&utm_campaign=au_cw_oa_facebook_social_proctergambleaustralia_vicks_258_may26_100493-traffic_video-image&utm_term=traffic&utm_content=video-image_instore,www.chemistwarehouse.com.au,/shop-online/1225/vicks,facebook,social,au_cw_oa_facebook_social_proctergambleaustralia_vicks_258_may26_100493-traffic_video-image,258,traffic,video-image_instore,O&O,Proctergambleaustralia,Vicks,may26,video-image,,,,,,"['FACEBOOK', 'INSTAGRAM', 'AUDIENCE_NETWORK', 'MESSENGER', 'WHATSAPP', 'THREADS']",au,cw,facebook,social,2026-W29,2026-07,"FACEBOOK, INSTAGRAM, AUDIENCE_NETWORK, MESSENGER, WHATSAPP, THREADS",True,True,True,True,True,True,Brand/Category Page,True,True,False,2026-07-20,2026-06-30 07:00:00,2026-07-20 15:37:32.553203,20
1905926196761626,,True,2026-06-29 07:00:00,2026-07-19 07:00:00,Chemist Warehouse,Chemist Warehouse,Transform Your Look,Are you PhotoReady? Shop NEW Revlon PhotoReady range.,Shop now,IMAGE,https://fb.com/canvas_doc/1364882458817335,fb.com,/canvas_doc/1364882458817335,,,,,,,Not Specified,,,,,,,,,,"['FACEBOOK', 'INSTAGRAM', 'MESSENGER']",,,,,2026-W29,2026-07,"FACEBOOK, INSTAGRAM, MESSENGER",True,True,False,True,False,False,Internal/App Page,True,False,False,2026-07-20,2026-06-29 07:00:00,2026-07-20 15:37:32.553203,21
2410135536466458,1423166803177870,True,2026-06-29 07:00:00,2026-07-19 07:00:00,Chemist Warehouse,Chemist Warehouse,{{product.name}},{{product.brand}},Shop now,DCO,https://www.chemistwarehouse.com.au/shop-online/772/revlon-cosmetics?utm_source=facebook&utm_medium=social&utm_campaign=au_cw_coop_facebook_social_revlonaustraliaptyltd_revlon_648_2026_bau_dynamic_100088&utm_term=traffic&utm_content=static-junept1,www.chemistwarehouse.com.au,/shop-online/772/revlon-cosmetics,facebook,social,au_cw_coop_facebook_social_revlonaustraliaptyltd_revlon_648_2026_bau_dynamic_100088,648,traffic,static-junept1,Coop,Revlonaustraliaptyltd,Revlon,2026,100088,Shop AUS #1 longwear brand,"All‑day wear, all‑day confidence. Shop Australia’s #1 longwear brand now at Chemist Warehouse.",Shop Now,https://scontent-ams2-1.xx.fbcdn.net/v/t39.35426-6/723809698_1593888662262779_7150276564552341215_n.jpg?_nc_cat=100&ccb=1-7&_nc_sid=c53f8f&_nc_ohc=0dG_uGdTzycQ7kNvwGnk7D-&_nc_oc=AdracvRFEXOrm6ksUbooFtYjdI3vQgq0kZIbnZNqO2_tMqVCwBCLGGcarHq99-MazDM&_nc_zt=14&_nc_ht=scontent-ams2-1.xx&_nc_gid=36WQ7zmKpyGPGcQQ3gLErQ&_nc_ss=7f180&oh=00_AQDQ3MW0YrKaKE13kG3bI6koJxI4QvRQ7XtdntDNoCqBEA&oe=6A6322BE,,"['FACEBOOK', 'INSTAGRAM', 'MESSENGER']",au,cw,facebook,social,2026-W29,2026-07,"FACEBOOK, INSTAGRAM, MESSENGER",True,True,False,True,False,False,Brand/Category Page,True,False,False,2026-07-20,2026-06-29 07:00:00,2026-07-20 15:37:32.553203,21
1896132648013949,892860203859126,True,2026-06-29 07:00:00,2026-07-19 07:00:00,Chemist Warehouse,Chemist Warehouse,Shop at Chemist Warehouse,Shop the new Vicks Xtra Soothing range at Chemist Warehouse.,Shop now,VIDEO,https://www.chemistwarehouse.com.au/shop-online/1225/vicks?utm_source=facebook&utm_medium=social&utm_campaign=au_cw_oa_facebook_social_proctergambleaustralia_vicks_258_may26_100493-conv_video-image&utm_term=conversion&utm_content=video-image_instore,www.chemistwarehouse.com.au,/shop-online/1225/vicks,facebook,social,au_cw_oa_facebook_social_proctergambleaustralia_vicks_258_may26_100493-conv_video-image,258,conversion,video-image_instore,O&O,Proctergambleaustralia,Vicks,may26,video-image,,,,,,"['FACEBOOK', 'INSTAGRAM', 'AUDIENCE_NETWORK', 'MESSENGER', 'THREADS']",au,cw,facebook,social,2026-W29,2026-07,"FACEBOOK, INSTAGRAM, AUDIENCE_NETWORK, MESSENGER, THREADS",True,True,True,True,True,False,Brand/Category Page,True,True,False,2026-07-20,2026-06-29 07:00:00,2026-07-20 15:37:32.553203,21
2021413181802118,,True,2026-06-30 07:00:00,2026-07-19 07:00:00,Chemist Warehouse,Chemist Warehouse,Transform Your Look,Are you PhotoReady? Shop NEW Revlon PhotoReady range.,Shop now,IMAGE,https://fb.com/canvas_doc/1000813322312719,fb.com,/canvas_doc/1000813322312719,,,,,,,Not Specified,,,,,,,,,,"['FACEBOOK', 'INSTAGRAM', 'MESSENGER']",,,,,2026-W29,2026-07,"FACEBOOK, INSTAGRAM, MESSENGER",True,True,False,True,False,False,Internal/App Page,True,False,False,2026-07-20,2026-06-30 07:00:00,2026-07-20 15:37:32.553203,20
1051268214251536,2710480735993112,True,2026-06-30 07:00:00,2026-07-18 07:00:00,Chemist Warehouse,Chemist Warehouse,{{product.name}},{{product.brand}},Shop now,DCO,https://www.chemistwarehouse.com.au/shop-online/772/revlon-cosmetics?utm_source=facebook&utm_medium=social&utm_campaign=au_cw_coop_facebook_social_revlonaustraliaptyltd_revlon_648_2026_bau_dynamic_100088&utm_term=traffic&utm_content=static-junept2,www.chemistwarehouse.com.au,/shop-online/772/revlon-cosmetics,facebook,social,au_cw_coop_facebook_social_revlonaustraliaptyltd_revlon_648_2026_bau_dynamic_100088,648,traffic,static-junept2,Coop,Revlonaustraliaptyltd,Revlon,2026,100088,Transform Your Look,Are you PhotoReady? Shop NEW Revlon PhotoReady range.,Shop Now,https://scontent-ams2-1.xx.fbcdn.net/v/t39.35426-6/720739247_1480950359907323_9025024265185689391_n.jpg?_nc_cat=110&ccb=1-7&_nc_sid=c53f8f&_nc_ohc=dr8bWpnVFtQQ7kNvwF48kH_&_nc_oc=AdoSaLidutFxJI61p2Nqs2Y_06oXfkSCjQVsJXdbLgCpw25CMO3sZ0VtAiG3vTtaPDs&_nc_zt=14&_nc_ht=scontent-ams2-1.xx&_nc_gid=36WQ7zmKpyGPGcQQ3gLErQ&_nc_ss=7f180&oh=00_AQBzQHbpKuTW5-kCDijY-AW8pzhD0KG4ODPE1zETkkXpYw&oe=6A63183B,,"['FACEBOOK', 'INSTAGRAM', 'MESSENGER']",au,cw,facebook,social,2026-W29,2026-07,"FACEBOOK, INSTAGRAM, MESSENGER",True,True,False,True,False,False,Brand/Category Page,True,False,False,2026-07-20,2026-06-30 07:00:00,2026-07-20 15:37:32.553203,20
1371505104832827,,True,2026-06-29 07:00:00,2026-07-19 07:00:00,Chemist Warehouse,Chemist Warehouse,Shop AUS #1 longwear brand,"All‑day wear, all‑day confidence. Shop Australia’s #1 longwear brand now at Chemist Warehouse.",See details,IMAGE,https://fb.com/canvas_doc/1526150555835709,fb.com,/canvas_doc/1526150555835709,,,,,,,Not Specified,,,,,,,,,,"['FACEBOOK', 'INSTAGRAM', 'MESSENGER']",,,,,2026-W29,2026-07,"FACEBOOK, INSTAGRAM, MESSENGER",True,True,False,True,False,False,Internal/App Page,True,True,False,2026-07-20,2026-06-29 07:00:00,2026-07-20 15:37:32.553203,21
2093418098237656,,True,2026-06-30 07:00:00,2026-07-19 07:00:00,Chemist Warehouse,Chemist Warehouse,Shop AUS #1 longwear brand,"All‑day wear, all‑day confidence. Shop Australia’s #1 longwear brand now at Chemist Warehouse.",Shop now,IMAGE,https://fb.com/canvas_doc/1334781831948915,fb.com,/canvas_doc/1334781831948915,,,,,,,Not Specified,,,,,,,,,,"['FACEBOOK', 'INSTAGRAM', 'MESSENGER']",,,,,2026-W29,2026-07,"FACEBOOK, INSTAGRAM, MESSENGER",True,True,False,True,False,False,Internal/App Page,True,True,False,2026-07-20,2026-06-30 07:00:00,2026-07-20 15:37:32.553203,20
3928723200591053,,True,2026-06-30 07:00:00,2026-07-19 07:00:00,Chemist Warehouse,Chemist Warehouse,Perfect Your Pout,Define your lips while extending the wear of your favorite lip colour with Revlon's ColorStay Lip Liner.,Shop now,IMAGE,https://fb.com/canvas_doc/1039818308731887,fb.com,/canvas_doc/1039818308731887,,,,,,,Not Specified,,,,,,,,,,"['FACEBOOK', 'INSTAGRAM', 'MESSENGER']",,,,,2026-W29,2026-07,"FACEBOOK, INSTAGRAM, MESSENGER",True,True,False,True,False,False,Internal/App Page,True,False,False,2026-07-20,2026-06-30 07:00:00,2026-07-20 15:37:32.553203,20
1337581435216624,36439572385686341,True,2026-06-29 07:00:00,2026-07-19 07:00:00,Chemist Warehouse,Chemist Warehouse,Sally Hansen Gel Rehab Nail Repair Serum,"Repair gel damage and protect against breakage for smoother, healthier-looking nails",Shop now,VIDEO,https://www.chemistwarehouse.com.au/buy/161865/sally-hansen-nail-treatment-gel-rehab-bond-serum?utm_source=facebook&utm_medium=social&utm_campaign=au_cw_oa_facebook_social_cotyconsumerbeauty_sallyhansen_648_june26_100625-treatment_video&utm_term=traffic&utm_content=video_brand,www.chemistwarehouse.com.au,/buy/161865/sally-hansen-nail-treatment-gel-rehab-bond-serum,facebook,social,au_cw_oa_facebook_social_cotyconsumerbeauty_sallyhansen_648_june26_100625-treatment_video,648,traffic,video_brand,O&O,Cotyconsumerbeauty,Sallyhansen,june26,video,,,,,,"['FACEBOOK', 'INSTAGRAM', 'AUDIENCE_NETWORK', 'MESSENGER', 'WHATSAPP', 'THREADS']",au,cw,facebook,social,2026-W29,2026-07,"FACEBOOK, INSTAGRAM, AUDIENCE_NETWORK, MESSENGER, WHATSAPP, THREADS",True,True,True,True,True,True,SKU Product,True,False,False,2026-07-20,2026-06-29 07:00:00,2026-07-20 15:37:32.553203,21
1513874240513651,,True,2026-06-29 07:00:00,2026-07-19 07:00:00,Chemist Warehouse,Chemist Warehouse,Sally Hansen Gel Rehab Nail Repair Serum,"Repair gel damage and protect against breakage for smoother, healthier-looking nails",Shop now,VIDEO,https://www.chemistwarehouse.com.au/buy/161865/sally-hansen-nail-treatment-gel-rehab-bond-serum?utm_source=facebook&utm_medium=social&utm_campaign=au_cw_oa_facebook_social_cotyconsumerbeauty_sallyhansen_648_june26_100625-treatment_video&utm_term=traffic&utm_content=video_brand,www.chemistwarehouse.com.au,/buy/161865/sally-hansen-nail-treatment-gel-rehab-bond-serum,facebook,social,au_cw_oa_facebook_social_cotyconsumerbeauty_sallyhansen_648_june26_100625-treatment_video,648,traffic,video_brand,O&O,Cotyconsumerbeauty,Sallyhansen,june26,video,,,,,,"['FACEBOOK', 'INSTAGRAM', 'AUDIENCE_NETWORK', 'MESSENGER', 'WHATSAPP', 'THREADS']",au,cw,facebook,social,2026-W29,2026-07,"FACEBOOK, INSTAGRAM, AUDIENCE_NETWORK, MESSENGER, WHATSAPP, THREADS",True,True,True,True,True,True,SKU Product,True,False,False,2026-07-20,2026-06-29 07:00:00,2026-07-20 15:37:32.553203,21
1932659784068913,1663607488278472,True,2026-06-30 07:00:00,2026-07-19 07:00:00,Chemist Warehouse,Chemist Warehouse,{{product.name}},{{product.brand}},Shop now,DCO,https://www.chemistwarehouse.com.au/shop-online/772/revlon-cosmetics?utm_source=facebook&utm_medium=social&utm_campaign=au_cw_coop_facebook_social_revlonaustraliaptyltd_revlon_648_2026_bau_dynamic_100088&utm_term=traffic&utm_content=static-junept2,www.chemistwarehouse.com.au,/shop-online/772/revlon-cosmetics,facebook,social,au_cw_coop_facebook_social_revlonaustraliaptyltd_revlon_648_2026_bau_dynamic_100088,648,traffic,static-junept2,Coop,Revlonaustraliaptyltd,Revlon,2026,100088,Shop AUS #1 longwear brand,"All‑day wear, all‑day confidence. Shop Australia’s #1 longwear brand now at Chemist Warehouse.",Shop Now,https://scontent-ams2-1.xx.fbcdn.net/v/t39.35426-6/723768074_858534340643216_4730972236579603985_n.jpg?_nc_cat=108&ccb=1-7&_nc_sid=c53f8f&_nc_ohc=ptDjhr2IPK0Q7kNvwFtKKn-&_nc_oc=AdqcTl-bEYQdXFJ5aPhHiWpugy01HYBDkt6RzWvD5VN4woHMjtFOJ7o3h3XTAXEgQ2g&_nc_zt=14&_nc_ht=scontent-ams2-1.xx&_nc_gid=36WQ7zmKpyGPGcQQ3gLErQ&_nc_ss=7f180&oh=00_AQAn1E4S7LXfiKFiWuynnWKH91LpPcsb8j_gYgcjulSVYg&oe=6A630837,,"['FACEBOOK', 'INSTAGRAM', 'MESSENGER']",au,cw,facebook,social,2026-W29,2026-07,"FACEBOOK, INSTAGRAM, MESSENGER",True,True,False,True,False,False,Brand/Category Page,True,False,False,2026-07-20,2026-06-30 07:00:00,2026-07-20 15:37:32.553203,20
2162020351390329,1912535406086934,True,2026-07-12 07:00:00,2026-07-19 07:00:00,Chemist Warehouse,Chemist Warehouse,{{product.name}},{{product.brand}},Shop now,DCO,https://www.chemistwarehouse.com.au/shop-online/6541/epijoint?utm_source=facebook&utm_medium=social&utm_campaign=au_cw_coop_facebook_social_interpathptyltd_epijoint_81_2026_100056-bau_image&utm_term=traffic&utm_content=image_v1,www.chemistwarehouse.com.au,/shop-online/6541/epijoint,facebook,social,au_cw_coop_facebook_social_interpathptyltd_epijoint_81_2026_100056-bau_image,81,traffic,image_v1,Coop,Interpathptyltd,Epijoint,2026,image,Get Epijoint® 20% off RRP.,"Epijoint® is backed by science to relieve mild joint pain and stiffness. On sale, only at Chemist Warehouse.",Shop Now,https://scontent-ams2-1.xx.fbcdn.net/v/t39.35426-6/735133944_1049571517634555_5283894746888510096_n.jpg?_nc_cat=105&ccb=1-7&_nc_sid=c53f8f&_nc_ohc=jKI12hdhDF4Q7kNvwEy5zKm&_nc_oc=AdqrwIKumZgR-2Br9lLaQUXW0KKAlWr2JHfWQM5UtISxgGdmRToIE4xVMgAis_8z-p8&_nc_zt=14&_nc_ht=scontent-ams2-1.xx&_nc_gid=36WQ7zmKpyGPGcQQ3gLErQ&_nc_ss=7f180&oh=00_AQChZL3lLip7Iuvt0B2rhjeZf9-wrX1UfbDKI3hvrNwqnQ&oe=6A632C68,,"['FACEBOOK', 'INSTAGRAM', 'AUDIENCE_NETWORK', 'MESSENGER', 'THREADS']",au,cw,facebook,social,2026-W29,2026-07,"FACEBOOK, INSTAGRAM, AUDIENCE_NETWORK, MESSENGER, THREADS",True,True,True,True,True,False,Brand/Category Page,True,False,False,2026-07-20,2026-07-12 07:00:00,2026-07-20 15:37:32.553203,8
2513137162442453,1067780315938075,True,2026-07-10 07:00:00,2026-07-19 07:00:00,Chemist Warehouse,Chemist Warehouse,{{product.name}},{{product.brand}},Shop now,DCO,https://www.chemistwarehouse.com.au/shop-online/6541/epijoint?utm_source=facebook&utm_medium=social&utm_campaign=au_cw_coop_facebook_social_interpathptyltd_epijoint_81_2026_100056-bau_image&utm_term=traffic&utm_content=image_v1,www.chemistwarehouse.com.au,/shop-online/6541/epijoint,facebook,social,au_cw_coop_facebook_social_interpathptyltd_epijoint_81_2026_100056-bau_image,81,traffic,image_v1,Coop,Interpathptyltd,Epijoint,2026,image,Get Epijoint® 20% off RRP.,"Epijoint® is backed by science to relieve mild joint pain and stiffness. On sale, only at Chemist Warehouse.",Shop Now,https://scontent-ams2-1.xx.fbcdn.net/v/t39.35426-6/732571884_2524690137992947_4297452210955536975_n.jpg?_nc_cat=106&ccb=1-7&_nc_sid=c53f8f&_nc_ohc=uEv7d7iq_rMQ7kNvwFq2wgj&_nc_oc=AdpQ3zkmdu4URCL3OoIY6kDjgu669iJ2eTB-nxWveO20PqIVvYWkzh-O_aYeT8FuW1s&_nc_zt=14&_nc_ht=scontent-ams2-1.xx&_nc_gid=36WQ7zmKpyGPGcQQ3gLErQ&_nc_ss=7f180&oh=00_AQB8-RpLqFyDBNBdXYE2x1E3D5_VFEdkzyyDbsQavMVnnA&oe=6A631B6A,,"['FACEBOOK', 'INSTAGRAM', 'AUDIENCE_NETWORK', 'MESSENGER', 'THREADS']",au,cw,facebook,social,2026-W29,2026-07,"FACEBOOK, INSTAGRAM, AUDIENCE_NETWORK, MESSENGER, THREADS",True,True,True,True,True,False,Brand/Category Page,True,False,False,2026-07-20,2026-07-10 07:00:00,2026-07-20 15:37:32.553203,10
1005834288831686,1407661354420227,True,2026-06-28 07:00:00,2026-07-19 07:00:00,Chemist Warehouse,Chemist Warehouse,Available at Chemist Warehouse,Recovery is in the small resets before the niggles turn into something bigger. VoltaHeat Pain Relief Cream available now at Chemist Warehouse.,Shop now,VIDEO,https://www.chemistwarehouse.com.au/shop-online/1051/voltaren?category=Hot%20%26%20Cold%20Packs&utm_source=facebook&utm_medium=social&utm_campaign=au_cw_oa_facebook_social_haleonaustraliaptyltd_voltaren_99_jun26_100630-heatcold_video&utm_term=reach&utm_content=video_katie-video,www.chemistwarehouse.com.au,/shop-online/1051/voltaren,facebook,social,au_cw_oa_facebook_social_haleonaustraliaptyltd_voltaren_99_jun26_100630-heatcold_video,99,reach,video_katie-video,O&O,Haleonaustraliaptyltd,Voltaren,jun26,video,,,,,,"['FACEBOOK', 'INSTAGRAM', 'MESSENGER', 'THREADS']",au,cw,facebook,social,2026-W29,2026-07,"FACEBOOK, INSTAGRAM, MESSENGER, THREADS",True,True,False,True,True,False,Brand/Category Page,True,True,False,2026-07-20,2026-06-28 07:00:00,2026-07-20 15:37:32.553203,22
1437642064862577,1052143797473460,True,2026-07-08 07:00:00,2026-07-19 07:00:00,Chemist Warehouse,Chemist Warehouse,{{product.name}},{{product.brand}},Shop now,DCO,https://www.chemistwarehouse.com.au/shop-online/6541/epijoint?utm_source=facebook&utm_medium=social&utm_campaign=au_cw_coop_facebook_social_interpathptyltd_epijoint_81_2026_100056-bau_image&utm_term=traffic&utm_content=image_v1,www.chemistwarehouse.com.au,/shop-online/6541/epijoint,facebook,social,au_cw_coop_facebook_social_interpathptyltd_epijoint_81_2026_100056-bau_image,81,traffic,image_v1,Coop,Interpathptyltd,Epijoint,2026,image,Get Epijoint® 20% off RRP.,"Epijoint® is backed by science to relieve mild joint pain and stiffness. On sale, only at Chemist Warehouse.",Shop Now,https://scontent-ams2-1.xx.fbcdn.net/v/t39.35426-6/734733470_902889936180927_8763818700262308247_n.jpg?_nc_cat=104&ccb=1-7&_nc_sid=c53f8f&_nc_ohc=o0p5EDJf0ZIQ7kNvwG03TUM&_nc_oc=Adrt3RS5iPSGlBQsJXB3U1nnZIRJpDO5Bo86gzesZR5hMmPdpALKE1U2QX5jyMWiELM&_nc_zt=14&_nc_ht=scontent-ams2-1.xx&_nc_gid=36WQ7zmKpyGPGcQQ3gLErQ&_nc_ss=7f180&oh=00_AQBCesCig_PZYb_CHuBVtsXfgMAkUh2kWzwOQer2P1vdBw&oe=6A633426,,"['FACEBOOK', 'INSTAGRAM', 'AUDIENCE_NETWORK', 'MESSENGER', 'THREADS']",au,cw,facebook,social,2026-W29,2026-07,"FACEBOOK, INSTAGRAM, AUDIENCE_NETWORK, MESSENGER, THREADS",True,True,True,True,True,False,Brand/Category Page,True,False,False,2026-07-20,2026-07-08 07:00:00,2026-07-20 15:37:32.553203,12
1721773752291032,1951659995506499,True,2026-06-28 07:00:00,2026-07-19 07:00:00,Chemist Warehouse,Chemist Warehouse,NEW METAMUCIL FIBRE THINS,Get your daily fibre the easy way with delicious NEW Metamucil Fibre Thins on the go now!,See details,VIDEO,https://www.chemistwarehouse.com.au/shop-online/1272/metamucil?utm_source=facebook&utm_medium=social&utm_campaign=au_cw_oa_facebook_social_proctergambleaustralia_metamucil_81_2026_100539-oa_video-image&utm_term=traffic&utm_content=video-image_all,www.chemistwarehouse.com.au,/shop-online/1272/metamucil,facebook,social,au_cw_oa_facebook_social_proctergambleaustralia_metamucil_81_2026_100539-oa_video-image,81,traffic,video-image_all,O&O,Proctergambleaustralia,Metamucil,2026,video-image,,,,,,"['FACEBOOK', 'INSTAGRAM', 'AUDIENCE_NETWORK', 'MESSENGER', 'WHATSAPP', 'THREADS']",au,cw,facebook,social,2026-W29,2026-07,"FACEBOOK, INSTAGRAM, AUDIENCE_NETWORK, MESSENGER, WHATSAPP, THREADS",True,True,True,True,True,True,Brand/Category Page,True,False,False,2026-07-20,2026-06-28 07:00:00,2026-07-20 15:37:32.553203,22
2237297243754519,1407661354420227,True,2026-06-28 07:00:00,2026-07-19 07:00:00,Chemist Warehouse,Chemist Warehouse,Available at Chemist Warehouse,Recovery is in the small resets before the niggles turn into something bigger. VoltaHeat Pain Relief Cream available now at Chemist Warehouse.,Shop now,VIDEO,https://www.chemistwarehouse.com.au/buy/167983/voltaheat-pain-relief-cream-100g?utm_source=facebook&utm_medium=social&utm_campaign=au_cw_oa_facebook_social_haleonaustraliaptyltd_voltaren_99_jun26_100630-heatcold_video-image&utm_term=traffic&utm_content=video-image_influencer-video,www.chemistwarehouse.com.au,/buy/167983/voltaheat-pain-relief-cream-100g,facebook,social,au_cw_oa_facebook_social_haleonaustraliaptyltd_voltaren_99_jun26_100630-heatcold_video-image,99,traffic,video-image_influencer-video,O&O,Haleonaustraliaptyltd,Voltaren,jun26,video-image,,,,,,"['FACEBOOK', 'INSTAGRAM', 'THREADS']",au,cw,facebook,social,2026-W29,2026-07,"FACEBOOK, INSTAGRAM, THREADS",True,True,False,False,True,False,SKU Product,True,True,False,2026-07-20,2026-06-28 07:00:00,2026-07-20 15:37:32.553203,22
1017260224553489,905523415932204,True,2026-06-28 07:00:00,2026-07-18 07:00:00,Chemist Warehouse,Chemist Warehouse,40%OFF RRP Gillette Range,"Trim, edge & shave with NEW Gillette Fusion1 Styling Range. 40% off RRP limited time only!",Shop now,VIDEO,https://www.chemistwarehouse.com.au/shop-online/5336/gillette?utm_source=facebook&utm_medium=social&utm_campaign=au_cw_oa_facebook_social_proctergambleaustralia_gillette_259_2026_100541-oa_video-image&utm_term=traffic&utm_content=video-image_all,www.chemistwarehouse.com.au,/shop-online/5336/gillette,facebook,social,au_cw_oa_facebook_social_proctergambleaustralia_gillette_259_2026_100541-oa_video-image,259,traffic,video-image_all,O&O,Proctergambleaustralia,Gillette,2026,video-image,,,,,,"['FACEBOOK', 'INSTAGRAM', 'AUDIENCE_NETWORK', 'MESSENGER', 'WHATSAPP', 'THREADS']",au,cw,facebook,social,2026-W29,2026-07,"FACEBOOK, INSTAGRAM, AUDIENCE_NETWORK, MESSENGER, WHATSAPP, THREADS",True,True,True,True,True,True,Brand/Category Page,True,False,False,2026-07-20,2026-06-28 07:00:00,2026-07-20 15:37:32.553203,22
2906106989781186,,True,2026-06-30 07:00:00,2026-07-19 07:00:00,Chemist Warehouse,Chemist Warehouse,Available at Chemist Warehouse,Shop PediaSure at Chemist Warehouse!,Shop now,VIDEO,https://www.chemistwarehouse.com.au/shop-online/3367/pediasure?utm_source=facebook&utm_medium=social&utm_campaign=au_cw_oa_facebook_social_abbottnutrition_pediasure_20_jul26_100604-boosting_video&utm_term=reach&utm_content=video_branding-video,www.chemistwarehouse.com.au,/shop-online/3367/pediasure,facebook,social,au_cw_oa_facebook_social_abbottnutrition_pediasure_20_jul26_100604-boosting_video,20,reach,video_branding-video,O&O,Abbottnutrition,Pediasure,jul26,video,,,,,,"['FACEBOOK', 'INSTAGRAM']",au,cw,facebook,social,2026-W29,2026-07,"FACEBOOK, INSTAGRAM",True,True,False,False,False,False,Brand/Category Page,True,True,False,2026-07-20,2026-06-30 07:00:00,2026-07-20 15:37:32.553203,20
1339056661077070,27107281425561593,True,2026-06-28 07:00:00,2026-07-19 07:00:00,Chemist Warehouse,Chemist Warehouse,{{product.name}},{{product.brand}},Shop now,DCO,https://www.chemistwarehouse.com.au/shop-online/1272/metamucil?utm_source=facebook&utm_medium=social&utm_campaign=au_cw_oa_facebook_social_proctergambleaustralia_metamucil_81_2026_100539-oa_video-image&utm_term=traffic&utm_content=video-image_all,www.chemistwarehouse.com.au,/shop-online/1272/metamucil,facebook,social,au_cw_oa_facebook_social_proctergambleaustralia_metamucil_81_2026_100539-oa_video-image,81,traffic,video-image_all,O&O,Proctergambleaustralia,Metamucil,2026,video-image,NEW METAMUCIL FIBRE THINS,Get your daily fibre the easy way with delicious NEW Metamucil Fibre Thins on the go now!,Shop Now,https://scontent-ams2-1.xx.fbcdn.net/v/t39.35426-6/724305862_1037209492202479_3663359025489859650_n.jpg?_nc_cat=101&ccb=1-7&_nc_sid=c53f8f&_nc_ohc=TIsstBKyJXYQ7kNvwEcCyIi&_nc_oc=AdprJoln8SFGop3EeALpGozJ4yAun4Mm8VfUYoTyYpFRVn5knR5VdG9r0fWmlZz17pE&_nc_zt=14&_nc_ht=scontent-ams2-1.xx&_nc_gid=36WQ7zmKpyGPGcQQ3gLErQ&_nc_ss=7f180&oh=00_AQDNx7VV62Y6uOJI_EdkU7BYWg5TmYKhOAsM1OO8tt5BHg&oe=6A6300D6,,"['FACEBOOK', 'INSTAGRAM', 'AUDIENCE_NETWORK', 'MESSENGER', 'WHATSAPP', 'THREADS']",au,cw,facebook,social,2026-W29,2026-07,"FACEBOOK, INSTAGRAM, AUDIENCE_NETWORK, MESSENGER, WHATSAPP, THREADS",True,True,True,True,True,True,Brand/Category Page,True,False,False,2026-07-20,2026-06-28 07:00:00,2026-07-20 15:37:32.553203,22
2547681705705413,,True,2026-06-30 07:00:00,2026-07-19 07:00:00,Chemist Warehouse,Chemist Warehouse,Colour your hair at home with Vitalitys,"For vibrant, long-lasting professional hair colour at home reach for Vitality's Art Absolute Professional hair colour range",See details,IMAGE,https://fb.com/canvas_doc/1636967140736065,fb.com,/canvas_doc/1636967140736065,,,,,,,Not Specified,,,,,,,,,,"['FACEBOOK', 'INSTAGRAM']",,,,,2026-W29,2026-07,"FACEBOOK, INSTAGRAM",True,True,False,False,False,False,Internal/App Page,True,False,False,2026-07-20,2026-06-30 07:00:00,2026-07-20 15:37:32.553203,20
1561555742195153,1033083185835148,True,2026-06-28 07:00:00,2026-07-18 07:00:00,Chemist Warehouse,Chemist Warehouse,40%OFF RRP Gillette Range,"Trim, edge & shave with NEW Gillette Fusion1 Styling Range. 40% off RRP limited time only!",Shop now,VIDEO,https://www.chemistwarehouse.com.au/shop-online/5336/gillette?utm_source=facebook&utm_medium=social&utm_campaign=au_cw_oa_facebook_social_proctergambleaustralia_gillette_259_2026_100541-oa_video-image&utm_term=traffic&utm_content=video-image_all,www.chemistwarehouse.com.au,/shop-online/5336/gillette,facebook,social,au_cw_oa_facebook_social_proctergambleaustralia_gillette_259_2026_100541-oa_video-image,259,traffic,video-image_all,O&O,Proctergambleaustralia,Gillette,2026,video-image,,,,,,"['FACEBOOK', 'INSTAGRAM', 'AUDIENCE_NETWORK', 'MESSENGER', 'WHATSAPP', 'THREADS']",au,cw,facebook,social,2026-W29,2026-07,"FACEBOOK, INSTAGRAM, AUDIENCE_NETWORK, MESSENGER, WHATSAPP, THREADS",True,True,True,True,True,True,Brand/Category Page,True,False,False,2026-07-20,2026-06-28 07:00:00,2026-07-20 15:37:32.553203,22
1340880134141669,,True,2026-06-30 07:00:00,2026-07-19 07:00:00,Chemist Warehouse,Chemist Warehouse,{{product.name}},{{product.brand}},Shop now,DCO,https://www.chemistwarehouse.com.au/shop-online/813/deep-heat?utm_source=facebook&utm_medium=social&utm_campaign=au_cw_coop_facebook_social_mentholatumaustralasia_deepheat_258_2026_100186-bau_image&utm_term=traffic&utm_content=image_brand,www.chemistwarehouse.com.au,/shop-online/813/deep-heat,facebook,social,au_cw_coop_facebook_social_mentholatumaustralasia_deepheat_258_2026_100186-bau_image,258,traffic,image_brand,Coop,Mentholatumaustralasia,Deepheat,2026,image,Warm Up. Cool Down.,Warm Up with Deep Heat and relieve inflammation with ICE Magnesium Spray,Shop Now,https://scontent-ams2-1.xx.fbcdn.net/v/t39.35426-6/734067722_1765549441557851_881556171612331815_n.jpg?_nc_cat=111&ccb=1-7&_nc_sid=c53f8f&_nc_ohc=GvwQkgZ3kQQQ7kNvwH4eIn2&_nc_oc=AdrCwv8UYh6RoFPqVJlyV9CsFiYyr14ze_PPBUoc4nQof-AY8XltOgCNtj-RQspMKns&_nc_zt=14&_nc_ht=scontent-ams2-1.xx&_nc_gid=wMH9PD3hA8u0bukBVmCaCg&_nc_ss=7f180&oh=00_AQBo1KaL4euQ71KdbCg020rGwfviOhjrUhrXXlY1TtDlbg&oe=6A632674,,"['FACEBOOK', 'INSTAGRAM', 'AUDIENCE_NETWORK', 'MESSENGER', 'WHATSAPP', 'THREADS']",au,cw,facebook,social,2026-W29,2026-07,"FACEBOOK, INSTAGRAM, AUDIENCE_NETWORK, MESSENGER, WHATSAPP, THREADS",True,True,True,True,True,True,Brand/Category Page,True,False,False,2026-07-20,2026-06-30 07:00:00,2026-07-20 15:37:32.553203,20
1718957645805967,2331034984330714,True,2026-06-28 07:00:00,2026-07-19 07:00:00,Chemist Warehouse,Chemist Warehouse,40%OFF RRP Gillette Range,"Trim, edge & shave with NEW Gillette Fusion1 Styling Range. 40% off RRP limited time only!",Shop now,VIDEO,https://www.chemistwarehouse.com.au/shop-online/5336/gillette?utm_source=facebook&utm_medium=social&utm_campaign=au_cw_oa_facebook_social_proctergambleaustralia_gillette_259_2026_100541-oa_video-image&utm_term=traffic&utm_content=video-image_all,www.chemistwarehouse.com.au,/shop-online/5336/gillette,facebook,social,au_cw_oa_facebook_social_proctergambleaustralia_gillette_259_2026_100541-oa_video-image,259,traffic,video-image_all,O&O,Proctergambleaustralia,Gillette,2026,video-image,,,,,,"['FACEBOOK', 'INSTAGRAM', 'AUDIENCE_NETWORK', 'MESSENGER', 'WHATSAPP', 'THREADS']",au,cw,facebook,social,2026-W29,2026-07,"FACEBOOK, INSTAGRAM, AUDIENCE_NETWORK, MESSENGER, WHATSAPP, THREADS",True,True,True,True,True,True,Brand/Category Page,True,False,False,2026-07-20,2026-06-28 07:00:00,2026-07-20 15:37:32.553203,22
1381212156900993,1033083185835148,True,2026-06-28 07:00:00,2026-07-19 07:00:00,Chemist Warehouse,Chemist Warehouse,40%OFF RRP Gillette Range,"Trim, edge & shave with NEW Gillette Fusion1 Styling Range. 40% off RRP limited time only!",Shop now,VIDEO,https://www.chemistwarehouse.com.au/shop-online/5336/gillette?utm_source=facebook&utm_medium=social&utm_campaign=au_cw_oa_facebook_social_proctergambleaustralia_gillette_259_2026_100541-oa_video-image&utm_term=traffic&utm_content=video-image_all,www.chemistwarehouse.com.au,/shop-online/5336/gillette,facebook,social,au_cw_oa_facebook_social_proctergambleaustralia_gillette_259_2026_100541-oa_video-image,259,traffic,video-image_all,O&O,Proctergambleaustralia,Gillette,2026,video-image,,,,,,"['FACEBOOK', 'INSTAGRAM', 'AUDIENCE_NETWORK', 'MESSENGER', 'WHATSAPP', 'THREADS']",au,cw,facebook,social,2026-W29,2026-07,"FACEBOOK, INSTAGRAM, AUDIENCE_NETWORK, MESSENGER, WHATSAPP, THREADS",True,True,True,True,True,True,Brand/Category Page,True,False,False,2026-07-20,2026-06-28 07:00:00,2026-07-20 15:37:32.553203,22
2288762885289808,1698442331097187,True,2026-06-28 07:00:00,2026-07-10 07:00:00,Chemist Warehouse,Chemist Warehouse,40%OFF RRP Gillette Range,"Trim, edge & shave with NEW Gillette Fusion1 Styling Range. 40% off RRP limited time only!",Shop now,VIDEO,https://www.chemistwarehouse.com.au/shop-online/5336/gillette?utm_source=facebook&utm_medium=social&utm_campaign=au_cw_oa_facebook_social_proctergambleaustralia_gillette_259_2026_100541-oa_video-image&utm_term=traffic&utm_content=video-image_all,www.chemistwarehouse.com.au,/shop-online/5336/gillette,facebook,social,au_cw_oa_facebook_social_proctergambleaustralia_gillette_259_2026_100541-oa_video-image,259,traffic,video-image_all,O&O,Proctergambleaustralia,Gillette,2026,video-image,,,,,,"['FACEBOOK', 'INSTAGRAM', 'AUDIENCE_NETWORK', 'MESSENGER', 'WHATSAPP', 'THREADS']",au,cw,facebook,social,2026-W29,2026-07,"FACEBOOK, INSTAGRAM, AUDIENCE_NETWORK, MESSENGER, WHATSAPP, THREADS",True,True,True,True,True,True,Brand/Category Page,True,False,False,2026-07-20,2026-06-28 07:00:00,2026-07-20 15:37:32.553203,22
2507900649636868,1688323015511864,True,2026-06-29 07:00:00,2026-07-18 07:00:00,Chemist Warehouse,Chemist Warehouse,{{product.name}},{{product.brand}},Shop now,DCO,https://www.chemistwarehouse.com.au/shop-online/1225/vicks?utm_source=facebook&utm_medium=social&utm_campaign=au_cw_oa_facebook_social_proctergambleaustralia_vicks_258_may26_100493-conv_video-image&utm_term=conversion&utm_content=video-image_strat-kid-landscape,www.chemistwarehouse.com.au,/shop-online/1225/vicks,facebook,social,au_cw_oa_facebook_social_proctergambleaustralia_vicks_258_may26_100493-conv_video-image,258,conversion,video-image_strat-kid-landscape,O&O,Proctergambleaustralia,Vicks,may26,video-image,Shop at Chemist Warehouse,Cough & Cold? Vicks has your back this winter. Fast Click & Collect at Chemist Warehouse,Shop Now,,https://video-ams2-1.xx.fbcdn.net/o1/v/t2/f2/m366/AQOuIBg3rEpbnn9oVW7Ep3YgsSfTgwCKUuqis0INC3YJV3HV8gze9U7IRBnhs0qCfZkd9xsMHr36rRYMIeQJgOGDKsRoRvYm6v0EItMewGR7FQ.mp4?_nc_cat=103&_nc_sid=b66105&_nc_ht=video-ams2-1.xx.fbcdn.net&_nc_ohc=lSTHHnW3qbkQ7kNvwE8oh_V&efg=eyJ2ZW5jb2RlX3RhZyI6Inhwdl9wcm9ncmVzc2l2ZS5WSV9VU0VDQVNFX1BST0RVQ1RfVFlQRS4uQzMuNzIwLmRhc2hfaDI2NC1iYXNpYy1nZW4yXzcyMHAiLCJ4cHZfYXNzZXRfaWQiOjEwMTYyMTExNjc2MTU0MDYsImFzc2V0X2FnZV9kYXlzIjo0NSwidmlfdXNlY2FzZV9pZCI6MTA3OTksImR1cmF0aW9uX3MiOjYsInVybGdlbl9zb3VyY2UiOiJ3d3cifQ%3D%3D&ccb=17-1&vs=415ee1317b3ec94d&_nc_vs=HBksFQIYRWZiX2VwaGVtZXJhbC82RDQ1NjA0OUYzRTg4MTU3MDI3QzhERjgyOTFGOTc4Nl9tdF8xX3ZpZGVvX2Rhc2hpbml0Lm1wNBUAAsgBEgAVAhhAZmJfcGVybWFuZW50LzU4NENGODVDNTQ5REQ0QTdEMjJCNjhEODgxNkQ3MkFGX2F1ZGlvX2Rhc2hpbml0Lm1wNBUCAsgBEgAoABgAGwKIB3VzZV9vaWwBMRJwcm9ncmVzc2l2ZV9yZWNpcGUBMRUAACbc5syao4_OAxUCKAJDMywXQBgAAAAAAAAYGWRhc2hfaDI2NC1iYXNpYy1nZW4yXzcyMHARAHUAZd6oAQA&_nc_gid=wMH9PD3hA8u0bukBVmCaCg&_nc_ss=7f180&_nc_zt=28&oh=00_AQDa_A2aSfMIdbibsPD_NP_DPH2TiQ4_e2pN0ixVzu1BhA&oe=6A6331F5,"['FACEBOOK', 'INSTAGRAM', 'AUDIENCE_NETWORK', 'MESSENGER', 'THREADS']",au,cw,facebook,social,2026-W29,2026-07,"FACEBOOK, INSTAGRAM, AUDIENCE_NETWORK, MESSENGER, THREADS",True,True,True,True,True,False,Brand/Category Page,True,False,False,2026-07-20,2026-06-29 07:00:00,2026-07-20 15:37:32.553203,21
1364312238942818,,True,2026-06-30 07:00:00,2026-07-19 07:00:00,Chemist Warehouse,Chemist Warehouse,Say Sì to a new bloom,From the soft radiance of Sì Nude Bloom to the vibrant energy of Sì Passione Red Bloom. Shop the range at Chemist Warehouse,Shop now,IMAGE,https://fb.com/canvas_doc/1543342493964514,fb.com,/canvas_doc/1543342493964514,,,,,,,Not Specified,,,,,,,,,,"['FACEBOOK', 'INSTAGRAM', 'AUDIENCE_NETWORK', 'MESSENGER', 'WHATSAPP', 'THREADS']",,,,,2026-W29,2026-07,"FACEBOOK, INSTAGRAM, AUDIENCE_NETWORK, MESSENGER, WHATSAPP, THREADS",True,True,True,True,True,True,Internal/App Page,True,True,False,2026-07-20,2026-06-30 07:00:00,2026-07-20 15:37:32.553203,20
1035459412394925,1652982279110022,True,2026-06-28 07:00:00,2026-07-17 07:00:00,Chemist Warehouse,Chemist Warehouse,{{product.name}},{{product.brand}},Shop now,DCO,https://www.chemistwarehouse.com.au/shop-online/5336/gillette?utm_source=facebook&utm_medium=social&utm_campaign=au_cw_oa_facebook_social_proctergambleaustralia_gillette_259_2026_100541-oa_video-image&utm_term=traffic&utm_content=video-image_all,www.chemistwarehouse.com.au,/shop-online/5336/gillette,facebook,social,au_cw_oa_facebook_social_proctergambleaustralia_gillette_259_2026_100541-oa_video-image,259,traffic,video-image_all,O&O,Proctergambleaustralia,Gillette,2026,video-image,40%OFF RRP Gillette Range,"Trim, edge & shave with NEW Gillette Fusion1 Styling Range. 40% off RRP limited time only!",Shop Now,https://scontent-ams2-1.xx.fbcdn.net/v/t39.35426-6/735238321_1930549170968846_6824142868564681326_n.jpg?_nc_cat=101&ccb=1-7&_nc_sid=c53f8f&_nc_ohc=XpuerdXkaO0Q7kNvwEocMH-&_nc_oc=Ado2cePwEfbbX_M1v78_olzaZ9O-uWfVJG2kdTLe4RciqlKjiDko6UUhvmXqPwB-yGI&_nc_zt=14&_nc_ht=scontent-ams2-1.xx&_nc_gid=36WQ7zmKpyGPGcQQ3gLErQ&_nc_ss=7f180&oh=00_AQCIG4zj2imFdP4U3PdH95A8U5B8oOIdspAL4IyGfEg8Zw&oe=6A632A60,,"['FACEBOOK', 'INSTAGRAM', 'AUDIENCE_NETWORK', 'MESSENGER', 'WHATSAPP', 'THREADS']",au,cw,facebook,social,2026-W29,2026-07,"FACEBOOK, INSTAGRAM, AUDIENCE_NETWORK, MESSENGER, WHATSAPP, THREADS",True,True,True,True,True,True,Brand/Category Page,True,False,False,2026-07-20,2026-06-28 07:00:00,2026-07-20 15:37:32.553203,22
1489109242528125,1428512279299202,True,2026-06-29 07:00:00,2026-07-19 07:00:00,Chemist Warehouse,Chemist Warehouse,{{product.name}},{{product.brand}},Shop now,DCO,https://www.chemistwarehouse.com.au/shop-online/772/revlon-cosmetics?utm_source=facebook&utm_medium=social&utm_campaign=au_cw_coop_facebook_social_revlonaustraliaptyltd_revlon_648_2026_bau_dynamic_100088&utm_term=traffic&utm_content=static-julpt,www.chemistwarehouse.com.au,/shop-online/772/revlon-cosmetics,facebook,social,au_cw_coop_facebook_social_revlonaustraliaptyltd_revlon_648_2026_bau_dynamic_100088,648,traffic,static-julpt,Coop,Revlonaustraliaptyltd,Revlon,2026,100088,Perfect Your Pout,"1/2 price, full glam! Shop all Revlon 1/2 price off RRP now at Chemist Warehouse.",Shop Now,https://scontent-ams2-1.xx.fbcdn.net/v/t39.35426-6/736142686_1758752798811430_532683338338592723_n.jpg?_nc_cat=111&ccb=1-7&_nc_sid=c53f8f&_nc_ohc=6hdnLXY2xl4Q7kNvwHnQ9cH&_nc_oc=AdpQKe8Y0qNstXsqdkiQYkqXhzDBCzsQWfjR-Qulra5rpRemKTb-xQUYUmNNC1qOVP8&_nc_zt=14&_nc_ht=scontent-ams2-1.xx&_nc_gid=wMH9PD3hA8u0bukBVmCaCg&_nc_ss=7f180&oh=00_AQBwsYxUiVh7faxOeLso_OVkPoCffRvTznlokO6eoG9PuQ&oe=6A631765,,"['FACEBOOK', 'INSTAGRAM', 'MESSENGER']",au,cw,facebook,social,2026-W29,2026-07,"FACEBOOK, INSTAGRAM, MESSENGER",True,True,False,True,False,False,Brand/Category Page,True,False,False,2026-07-20,2026-06-29 07:00:00,2026-07-20 15:37:32.553203,21
4582864171935287,1499558608064996,True,2026-06-29 07:00:00,2026-07-19 07:00:00,Chemist Warehouse,Chemist Warehouse,{{product.name}},{{product.brand}},Shop now,DCO,https://www.chemistwarehouse.com.au/shop-online/772/revlon-cosmetics?utm_source=facebook&utm_medium=social&utm_campaign=au_cw_coop_facebook_social_revlonaustraliaptyltd_revlon_648_2026_bau_dynamic_100088&utm_term=traffic&utm_content=static-junept2,www.chemistwarehouse.com.au,/shop-online/772/revlon-cosmetics,facebook,social,au_cw_coop_facebook_social_revlonaustraliaptyltd_revlon_648_2026_bau_dynamic_100088,648,traffic,static-junept2,Coop,Revlonaustraliaptyltd,Revlon,2026,100088,Transform Your Look,Are you PhotoReady? Shop NEW Revlon PhotoReady range.,Shop Now,https://scontent-ams2-1.xx.fbcdn.net/v/t39.35426-6/722163494_27457193667225441_5343100764808995682_n.jpg?_nc_cat=110&ccb=1-7&_nc_sid=c53f8f&_nc_ohc=ubhRFRbAOhAQ7kNvwFTQFCO&_nc_oc=AdpdifXL3dihQbXNrrdVXolZoR0mDRtzZFunWlttR-idNJsgXhnUntr1Aq90apH4IPc&_nc_zt=14&_nc_ht=scontent-ams2-1.xx&_nc_gid=36WQ7zmKpyGPGcQQ3gLErQ&_nc_ss=7f180&oh=00_AQBIcFC3vfgDgDW7FJXoMknERnG2XRop6XQeB-YPY7InzA&oe=6A6303BF,,"['FACEBOOK', 'INSTAGRAM', 'MESSENGER']",au,cw,facebook,social,2026-W29,2026-07,"FACEBOOK, INSTAGRAM, MESSENGER",True,True,False,True,False,False,Brand/Category Page,True,False,False,2026-07-20,2026-06-29 07:00:00,2026-07-20 15:37:32.553203,21
1302670968520053,1689405738766820,True,2026-06-29 07:00:00,2026-07-19 07:00:00,Chemist Warehouse,Chemist Warehouse,{{product.name}},{{product.brand}},Shop now,DCO,https://www.chemistwarehouse.com.au/shop-online/772/revlon-cosmetics?utm_source=facebook&utm_medium=social&utm_campaign=au_cw_coop_facebook_social_revlonaustraliaptyltd_revlon_648_2026_bau_dynamic_100088&utm_term=traffic&utm_content=static-junept1,www.chemistwarehouse.com.au,/shop-online/772/revlon-cosmetics,facebook,social,au_cw_coop_facebook_social_revlonaustraliaptyltd_revlon_648_2026_bau_dynamic_100088,648,traffic,static-junept1,Coop,Revlonaustraliaptyltd,Revlon,2026,100088,Perfect Your Pout,Define your lips while extending the wear of your favorite lip colour with Revlon's ColorStay Lip Liner.,Shop Now,https://scontent-ams2-1.xx.fbcdn.net/v/t39.35426-6/722336996_1377504197577509_3129580004226627969_n.jpg?_nc_cat=101&ccb=1-7&_nc_sid=c53f8f&_nc_ohc=VNajQ_W7eooQ7kNvwFRxou7&_nc_oc=AdrunKaKQvqtNK8vvuP0eoAAqbcu8BNlQdn6zFHMJJpEC1j6b8hqQW_0CO1yuUGUg3U&_nc_zt=14&_nc_ht=scontent-ams2-1.xx&_nc_gid=36WQ7zmKpyGPGcQQ3gLErQ&_nc_ss=7f180&oh=00_AQD1yMiSGdRl6ExlFbWLCc--SUjlvoua3TxMH098Be4V1w&oe=6A630B23,,"['FACEBOOK', 'INSTAGRAM', 'MESSENGER']",au,cw,facebook,social,2026-W29,2026-07,"FACEBOOK, INSTAGRAM, MESSENGER",True,True,False,True,False,False,Brand/Category Page,True,False,False,2026-07-20,2026-06-29 07:00:00,2026-07-20 15:37:32.553203,21
1031999516114602,838732675783709,True,2026-06-28 07:00:00,2026-07-10 07:00:00,Chemist Warehouse,Chemist Warehouse,40%OFF RRP Gillette Range,"Trim, edge & shave with NEW Gillette Fusion1 Styling Range. 40% off RRP limited time only!",Shop now,VIDEO,https://www.chemistwarehouse.com.au/shop-online/5336/gillette?utm_source=facebook&utm_medium=social&utm_campaign=au_cw_oa_facebook_social_proctergambleaustralia_gillette_259_2026_100541-oa_video-image&utm_term=traffic&utm_content=video-image_all,www.chemistwarehouse.com.au,/shop-online/5336/gillette,facebook,social,au_cw_oa_facebook_social_proctergambleaustralia_gillette_259_2026_100541-oa_video-image,259,traffic,video-image_all,O&O,Proctergambleaustralia,Gillette,2026,video-image,,,,,,"['FACEBOOK', 'INSTAGRAM', 'AUDIENCE_NETWORK', 'MESSENGER', 'WHATSAPP', 'THREADS']",au,cw,facebook,social,2026-W29,2026-07,"FACEBOOK, INSTAGRAM, AUDIENCE_NETWORK, MESSENGER, WHATSAPP, THREADS",True,True,True,True,True,True,Brand/Category Page,True,False,False,2026-07-20,2026-06-28 07:00:00,2026-07-20 15:37:32.553203,22
4156946474438754,36431647583148968,True,2026-06-28 07:00:00,2026-07-18 07:00:00,Chemist Warehouse,Chemist Warehouse,40%OFF RRP Gillette Range,"Trim, edge & shave with NEW Gillette Fusion1 Styling Range. 40% off RRP limited time only!",Shop now,VIDEO,https://www.chemistwarehouse.com.au/shop-online/5336/gillette?utm_source=facebook&utm_medium=social&utm_campaign=au_cw_oa_facebook_social_proctergambleaustralia_gillette_259_2026_100541-oa_video-image&utm_term=traffic&utm_content=video-image_all,www.chemistwarehouse.com.au,/shop-online/5336/gillette,facebook,social,au_cw_oa_facebook_social_proctergambleaustralia_gillette_259_2026_100541-oa_video-image,259,traffic,video-image_all,O&O,Proctergambleaustralia,Gillette,2026,video-image,,,,,,"['FACEBOOK', 'INSTAGRAM', 'AUDIENCE_NETWORK', 'MESSENGER', 'WHATSAPP', 'THREADS']",au,cw,facebook,social,2026-W29,2026-07,"FACEBOOK, INSTAGRAM, AUDIENCE_NETWORK, MESSENGER, WHATSAPP, THREADS",True,True,True,True,True,True,Brand/Category Page,True,False,False,2026-07-20,2026-06-28 07:00:00,2026-07-20 15:37:32.553203,22
1323048533277844,2331034984330714,True,2026-06-28 07:00:00,2026-07-19 07:00:00,Chemist Warehouse,Chemist Warehouse,40%OFF RRP Gillette Range,"Trim, edge & shave with NEW Gillette Fusion1 Styling Range. 40% off RRP limited time only!",Shop now,VIDEO,https://www.chemistwarehouse.com.au/shop-online/5336/gillette?utm_source=facebook&utm_medium=social&utm_campaign=au_cw_oa_facebook_social_proctergambleaustralia_gillette_259_2026_100541-oa_video-image&utm_term=traffic&utm_content=video-image_all,www.chemistwarehouse.com.au,/shop-online/5336/gillette,facebook,social,au_cw_oa_facebook_social_proctergambleaustralia_gillette_259_2026_100541-oa_video-image,259,traffic,video-image_all,O&O,Proctergambleaustralia,Gillette,2026,video-image,,,,,,"['FACEBOOK', 'INSTAGRAM', 'AUDIENCE_NETWORK', 'MESSENGER', 'WHATSAPP', 'THREADS']",au,cw,facebook,social,2026-W29,2026-07,"FACEBOOK, INSTAGRAM, AUDIENCE_NETWORK, MESSENGER, WHATSAPP, THREADS",True,True,True,True,True,True,Brand/Category Page,True,False,False,2026-07-20,2026-06-28 07:00:00,2026-07-20 15:37:32.553203,22
909603845200527,1698442331097187,True,2026-06-28 07:00:00,2026-07-11 07:00:00,Chemist Warehouse,Chemist Warehouse,40%OFF RRP Gillette Range,"Trim, edge & shave with NEW Gillette Fusion1 Styling Range. 40% off RRP limited time only!",Shop now,VIDEO,https://www.chemistwarehouse.com.au/shop-online/5336/gillette?utm_source=facebook&utm_medium=social&utm_campaign=au_cw_oa_facebook_social_proctergambleaustralia_gillette_259_2026_100541-oa_video-image&utm_term=traffic&utm_content=video-image_all,www.chemistwarehouse.com.au,/shop-online/5336/gillette,facebook,social,au_cw_oa_facebook_social_proctergambleaustralia_gillette_259_2026_100541-oa_video-image,259,traffic,video-image_all,O&O,Proctergambleaustralia,Gillette,2026,video-image,,,,,,"['FACEBOOK', 'INSTAGRAM', 'AUDIENCE_NETWORK', 'MESSENGER', 'WHATSAPP', 'THREADS']",au,cw,facebook,social,2026-W29,2026-07,"FACEBOOK, INSTAGRAM, AUDIENCE_NETWORK, MESSENGER, WHATSAPP, THREADS",True,True,True,True,True,True,Brand/Category Page,True,False,False,2026-07-20,2026-06-28 07:00:00,2026-07-20 15:37:32.553203,22
1511916333297312,838732675783709,True,2026-06-28 07:00:00,2026-07-15 07:00:00,Chemist Warehouse,Chemist Warehouse,40%OFF RRP Gillette Range,"Trim, edge & shave with NEW Gillette Fusion1 Styling Range. 40% off RRP limited time only!",Shop now,VIDEO,https://www.chemistwarehouse.com.au/shop-online/5336/gillette?utm_source=facebook&utm_medium=social&utm_campaign=au_cw_oa_facebook_social_proctergambleaustralia_gillette_259_2026_100541-oa_video-image&utm_term=traffic&utm_content=video-image_all,www.chemistwarehouse.com.au,/shop-online/5336/gillette,facebook,social,au_cw_oa_facebook_social_proctergambleaustralia_gillette_259_2026_100541-oa_video-image,259,traffic,video-image_all,O&O,Proctergambleaustralia,Gillette,2026,video-image,,,,,,"['FACEBOOK', 'INSTAGRAM', 'AUDIENCE_NETWORK', 'MESSENGER', 'WHATSAPP', 'THREADS']",au,cw,facebook,social,2026-W29,2026-07,"FACEBOOK, INSTAGRAM, AUDIENCE_NETWORK, MESSENGER, WHATSAPP, THREADS",True,True,True,True,True,True,Brand/Category Page,True,False,False,2026-07-20,2026-06-28 07:00:00,2026-07-20 15:37:32.553203,22
2204709796991271,1599848011847133,True,2026-06-28 07:00:00,2026-07-19 07:00:00,Chemist Warehouse,Chemist Warehouse,{{product.name}},{{product.brand}},Shop now,DCO,https://www.chemistwarehouse.com.au/shop-online/5336/gillette?utm_source=facebook&utm_medium=social&utm_campaign=au_cw_oa_facebook_social_proctergambleaustralia_gillette_259_2026_100541-oa_video-image&utm_term=traffic&utm_content=video-image_all,www.chemistwarehouse.com.au,/shop-online/5336/gillette,facebook,social,au_cw_oa_facebook_social_proctergambleaustralia_gillette_259_2026_100541-oa_video-image,259,traffic,video-image_all,O&O,Proctergambleaustralia,Gillette,2026,video-image,40%OFF RRP Gillette Range,Smooth deals on Gillette range! 40% off RRP now at Chemist Warehouse! Limited time only!,Shop Now,https://scontent-ams2-1.xx.fbcdn.net/v/t39.35426-6/732747532_3425578487623542_7779183438862620000_n.jpg?_nc_cat=102&ccb=1-7&_nc_sid=c53f8f&_nc_ohc=l5x0V99u6WwQ7kNvwEaUNly&_nc_oc=AdrDoogpRz26m-_0ENoBvHMKza8qtVQnIlJjaXfuMyEtD3tQaWOXaIocQMm7K0ZZ3KA&_nc_zt=14&_nc_ht=scontent-ams2-1.xx&_nc_gid=LJkL90enVMyTOVPEU5AMNg&_nc_ss=7f180&oh=00_AQBOFEPluKt9itMm_oeUmnE3SLn3C1Z_0j5ZXZku10pgww&oe=6A6325CA,,"['FACEBOOK', 'INSTAGRAM', 'AUDIENCE_NETWORK', 'MESSENGER', 'WHATSAPP', 'THREADS']",au,cw,facebook,social,2026-W29,2026-07,"FACEBOOK, INSTAGRAM, AUDIENCE_NETWORK, MESSENGER, WHATSAPP, THREADS",True,True,True,True,True,True,Brand/Category Page,True,False,False,2026-07-20,2026-06-28 07:00:00,2026-07-20 15:37:32.553203,22
1007336885610018,905523415932204,True,2026-06-28 07:00:00,2026-07-17 07:00:00,Chemist Warehouse,Chemist Warehouse,40%OFF RRP Gillette Range,"Trim, edge & shave with NEW Gillette Fusion1 Styling Range. 40% off RRP limited time only!",Shop now,VIDEO,https://www.chemistwarehouse.com.au/shop-online/5336/gillette?utm_source=facebook&utm_medium=social&utm_campaign=au_cw_oa_facebook_social_proctergambleaustralia_gillette_259_2026_100541-oa_video-image&utm_term=traffic&utm_content=video-image_all,www.chemistwarehouse.com.au,/shop-online/5336/gillette,facebook,social,au_cw_oa_facebook_social_proctergambleaustralia_gillette_259_2026_100541-oa_video-image,259,traffic,video-image_all,O&O,Proctergambleaustralia,Gillette,2026,video-image,,,,,,"['FACEBOOK', 'INSTAGRAM', 'AUDIENCE_NETWORK', 'MESSENGER', 'WHATSAPP', 'THREADS']",au,cw,facebook,social,2026-W29,2026-07,"FACEBOOK, INSTAGRAM, AUDIENCE_NETWORK, MESSENGER, WHATSAPP, THREADS",True,True,True,True,True,True,Brand/Category Page,True,False,False,2026-07-20,2026-06-28 07:00:00,2026-07-20 15:37:32.553203,22
2812923462396439,5027447420814867,True,2026-06-26 07:00:00,2026-07-19 07:00:00,Chemist Warehouse,Chemist Warehouse,{{product.name}},{{product.brand}},Shop now,DCO,https://www.chemistwarehouse.com.au/shop-online/4078/marc-jacobs?utm_source=facebook&utm_medium=social&utm_campaign=au_cw_oa_facebook_social_cotyluxury_marcjacobs_542_june26_100616-murakami_video&utm_term=traffic&utm_content=video_brand,www.chemistwarehouse.com.au,/shop-online/4078/marc-jacobs,facebook,social,au_cw_oa_facebook_social_cotyluxury_marcjacobs_542_june26_100616-murakami_video,542,traffic,video_brand,O&O,Cotyluxury,Marcjacobs,june26,video,Shop your favourite scent,Daisy Marc Jacobs Murakami collection looking more iconic than ever. ✨Now available at Chemist Warehouse!,Shop Now,,https://video-ams2-1.xx.fbcdn.net/o1/v/t2/f2/m366/AQM-mPsDzxjT2b0ey7ckKLDmaYBY3XAq3FI3MpvfsfKx_Fh0W32W3mfRsapyCH8YFTYSAKIDUmHQ7zfBuFsTIirSmz_TEF9-XGlSS9_92LmU0g.mp4?_nc_cat=110&_nc_sid=b66105&_nc_ht=video-ams2-1.xx.fbcdn.net&_nc_ohc=QyP8jEkdPBQQ7kNvwH_lfa4&efg=eyJ2ZW5jb2RlX3RhZyI6Inhwdl9wcm9ncmVzc2l2ZS5WSV9VU0VDQVNFX1BST0RVQ1RfVFlQRS4uQzMuNzIwLmRhc2hfaDI2NC1iYXNpYy1nZW4yXzcyMHAiLCJ4cHZfYXNzZXRfaWQiOjE4MDgzNDM0NjM1NDc3MTksImFzc2V0X2FnZV9kYXlzIjoyMywidmlfdXNlY2FzZV9pZCI6MTA3OTksImR1cmF0aW9uX3MiOjQzLCJ1cmxnZW5fc291cmNlIjoid3d3In0%3D&ccb=17-1&vs=123621c7b716bd51&_nc_vs=HBksFQIYRWZiX2VwaGVtZXJhbC8wRTQwMzlCMUI3NzY3RTJERDg4OTBDNkZBMjU1RkJCQl9tdF8xX3ZpZGVvX2Rhc2hpbml0Lm1wNBUAAsgBEgAVAhhAZmJfcGVybWFuZW50L0M4NDhBMjg5N0Q5MzZENkE3NzU3NTJDNjE5MDQ0MEJDX2F1ZGlvX2Rhc2hpbml0Lm1wNBUCAsgBEgAoABgAGwKIB3VzZV9vaWwBMRJwcm9ncmVzc2l2ZV9yZWNpcGUBMRUAACaOzbbcuKu2BhUCKAJDMywXQEWmZmZmZmYYGWRhc2hfaDI2NC1iYXNpYy1nZW4yXzcyMHARAHUAZd6oAQA&_nc_gid=LJkL90enVMyTOVPEU5AMNg&_nc_ss=7f180&_nc_zt=28&oh=00_AQDXHQIGRcODA92PyMp__-ZZZfqoKMj5hodiOV2muYhR6w&oe=6A630EEA,"['FACEBOOK', 'INSTAGRAM', 'AUDIENCE_NETWORK', 'MESSENGER', 'WHATSAPP', 'THREADS']",au,cw,facebook,social,2026-W29,2026-07,"FACEBOOK, INSTAGRAM, AUDIENCE_NETWORK, MESSENGER, WHATSAPP, THREADS",True,True,True,True,True,True,Brand/Category Page,True,False,False,2026-07-20,2026-06-26 07:00:00,2026-07-20 15:37:32.553203,24
27333475882961082,704894282398599,True,2026-06-28 07:00:00,2026-07-19 07:00:00,Chemist Warehouse,Chemist Warehouse,{{product.name}},{{product.brand}},Shop now,DCO,https://www.chemistwarehouse.com.au/shop-online/6713/mersynofen?utm_source=facebook&utm_medium=social&utm_campaign=au_cw_oa_facebook_social_sanoficonsumerhealthcare_mersynofen_258_2026_100562-oa_video-image&utm_term=traffic&utm_content=video-image_brand,www.chemistwarehouse.com.au,/shop-online/6713/mersynofen,facebook,social,au_cw_oa_facebook_social_sanoficonsumerhealthcare_mersynofen_258_2026_100562-oa_video-image,258,traffic,video-image_brand,O&O,Sanoficonsumerhealthcare,Mersynofen,2026,video-image,Try Mersynofen,Mersynofen combines the strength of two ingredients for dual-action pain relief,Shop Now,,https://video-ams2-1.xx.fbcdn.net/o1/v/t2/f2/m366/AQOlFVBqrPihF7SSTeQxAq06YdZsI9WdABVDGGUDOBuf5DeGQw2XTAt_swJvRLyZb9c2T8vot1AkpXLHSsWczKdTQ3OJCLJeOcG1XWr1cPPhyQ.mp4?_nc_cat=103&_nc_sid=b66105&_nc_ht=video-ams2-1.xx.fbcdn.net&_nc_ohc=27LV5sBEO9kQ7kNvwG9TM1d&efg=eyJ2ZW5jb2RlX3RhZyI6Inhwdl9wcm9ncmVzc2l2ZS5WSV9VU0VDQVNFX1BST0RVQ1RfVFlQRS4uQzMuNzIwLmRhc2hfaDI2NC1iYXNpYy1nZW4yXzcyMHAiLCJ4cHZfYXNzZXRfaWQiOjQ1NzE0MjAyOTMwODQ1OTgsImFzc2V0X2FnZV9kYXlzIjozODQsInZpX3VzZWNhc2VfaWQiOjEwNzk5LCJkdXJhdGlvbl9zIjoyMSwidXJsZ2VuX3NvdXJjZSI6Ind3dyJ9&ccb=17-1&vs=382540bb68cb8dee&_nc_vs=HBksFQIYRWZiX2VwaGVtZXJhbC83ODRCNjc5NTg1NTUwNDMyRTc4QkMxMDg5ODE5RDM5MV9tdF8xX3ZpZGVvX2Rhc2hpbml0Lm1wNBUAAsgBEgAVAhg6cGFzc3Rocm91Z2hfZXZlcnN0b3JlL0dKMU5xaDVqV1QyQlpac0NBSi1ZUkQxN3d2QmVidjRHQUFBRhUCAsgBEgAoABgAGwKIB3VzZV9vaWwBMRJwcm9ncmVzc2l2ZV9yZWNpcGUBMRUAACbs1oGr1-ueEBUCKAJDMywXQDVmZmZmZmYYGWRhc2hfaDI2NC1iYXNpYy1nZW4yXzcyMHARAHUAZd6oAQA&_nc_gid=LJkL90enVMyTOVPEU5AMNg&_nc_ss=7f180&_nc_zt=28&oh=00_AQBWCX2YEUFX49ogP86fym9pSaQQl5QFBBNLxyieIdUP4Q&oe=6A632A49,"['FACEBOOK', 'INSTAGRAM', 'AUDIENCE_NETWORK', 'MESSENGER', 'THREADS']",au,cw,facebook,social,2026-W29,2026-07,"FACEBOOK, INSTAGRAM, AUDIENCE_NETWORK, MESSENGER, THREADS",True,True,True,True,True,False,Brand/Category Page,True,False,False,2026-07-20,2026-06-28 07:00:00,2026-07-20 15:37:32.553203,22
37720619490862143,1563471962099569,True,2026-06-29 07:00:00,2026-07-19 07:00:00,Chemist Warehouse,Chemist Warehouse,{{product.name}},{{product.brand}},Shop now,DCO,https://www.chemistwarehouse.com.au/buy/167984/voltacool-pain-relief-cream-100g?utm_source=facebook&utm_medium=social&utm_campaign=au_cw_oa_facebook_social_haleonaustraliaptyltd_voltaren_99_jun26_100630-heatcold_video-image&utm_term=traffic&utm_content=video-image_influencer-video,www.chemistwarehouse.com.au,/buy/167984/voltacool-pain-relief-cream-100g,facebook,social,au_cw_oa_facebook_social_haleonaustraliaptyltd_voltaren_99_jun26_100630-heatcold_video-image,99,traffic,video-image_influencer-video,O&O,Haleonaustraliaptyltd,Voltaren,jun26,video-image,Available at Chemist Warehouse,"Keep your body running with VoltaCool Pain Relief Cream, available at Chemist Warehouse.",Shop Now,,https://video-ams2-1.xx.fbcdn.net/o1/v/t2/f2/m366/AQMPu-Y6HhzBsue8BKlkO-9pUYs2mNVYe3tDjVNWI8Zw0h_4CuBIud_fUPrVmYuQm9ET0BloKPGwQxG5m6ZO7rsarY2ww9RwbMh34HS9qcYJAw.mp4?_nc_cat=110&_nc_sid=b66105&_nc_ht=video-ams2-1.xx.fbcdn.net&_nc_ohc=emBhrX9omycQ7kNvwHXYkDe&efg=eyJ2ZW5jb2RlX3RhZyI6Inhwdl9wcm9ncmVzc2l2ZS5WSV9VU0VDQVNFX1BST0RVQ1RfVFlQRS4uQzMuNDgwLmRhc2hfaDI2NC1iYXNpYy1nZW4yXzcyMHAiLCJ4cHZfYXNzZXRfaWQiOjEzMTc0NTI5MjA1NjMyNjMsImFzc2V0X2FnZV9kYXlzIjoyMywidmlfdXNlY2FzZV9pZCI6MTA3OTksImR1cmF0aW9uX3MiOjMxLCJ1cmxnZW5fc291cmNlIjoid3d3In0%3D&ccb=17-1&vs=aa5570a3aa5f3062&_nc_vs=HBksFQIYRWZiX2VwaGVtZXJhbC80MjQ1NDBCMDcwREI2QTE5QUY4RUY0REYwNzdGRkJCOF9tdF8xX3ZpZGVvX2Rhc2hpbml0Lm1wNBUAAsgBEgAVAhhAZmJfcGVybWFuZW50L0Q0NDVEN0U0NUYyN0YzRDhGNTMwMkM2RTVEQTIyQTg4X2F1ZGlvX2Rhc2hpbml0Lm1wNBUCAsgBEgAoABgAGwKIB3VzZV9vaWwBMRJwcm9ncmVzc2l2ZV9yZWNpcGUBMRUAACb-mLWV7Y3XBBUCKAJDMywXQD8zMzMzMzMYGWRhc2hfaDI2NC1iYXNpYy1nZW4yXzcyMHARAHUAZd6oAQA&_nc_gid=LJkL90enVMyTOVPEU5AMNg&_nc_ss=7f180&_nc_zt=28&oh=00_AQDKv_lSOqV1h_sCgSre-rkheAabkCP7I7Be8XuMyKXX9g&oe=6A6328EE,"['FACEBOOK', 'INSTAGRAM', 'THREADS']",au,cw,facebook,social,2026-W29,2026-07,"FACEBOOK, INSTAGRAM, THREADS",True,True,False,False,True,False,SKU Product,True,False,False,2026-07-20,2026-06-29 07:00:00,2026-07-20 15:37:32.553203,21
1584474893236852,1367665571931638,True,2026-06-30 07:00:00,2026-07-19 07:00:00,Chemist Warehouse,Chemist Warehouse,{{product.name}},{{product.brand}},Shop now,DCO,https://www.chemistwarehouse.com.au/buy/167984/voltacool-pain-relief-cream-100g?utm_source=facebook&utm_medium=social&utm_campaign=au_cw_oa_facebook_social_haleonaustraliaptyltd_voltaren_99_jun26_100630-heatcold_video-image&utm_term=traffic&utm_content=video-image_static-image,www.chemistwarehouse.com.au,/buy/167984/voltacool-pain-relief-cream-100g,facebook,social,au_cw_oa_facebook_social_haleonaustraliaptyltd_voltaren_99_jun26_100630-heatcold_video-image,99,traffic,video-image_static-image,O&O,Haleonaustraliaptyltd,Voltaren,jun26,video-image,Fast Cooling and Soothing Pain Relief,VoltaCool Pain Relief Cream helps post-exercise recovery and relieves mild joint pain to help keep your body running,Shop Now,https://scontent-ams2-1.xx.fbcdn.net/v/t39.35426-6/730491462_1812651013223226_1789107362800783924_n.jpg?_nc_cat=103&ccb=1-7&_nc_sid=c53f8f&_nc_ohc=hNvpDvEeCagQ7kNvwEZTf8i&_nc_oc=AdqQVYFCYYYzIQz_3Hfg-dQmgcJWyOq-vsXoGeMVEuXo4snfPhg1IQR6708_HqZ9YD0&_nc_zt=14&_nc_ht=scontent-ams2-1.xx&_nc_gid=LJkL90enVMyTOVPEU5AMNg&_nc_ss=7f180&oh=00_AQCk6laVrUKVNkZFDeAmS9pmfDhjWDl_FuV3cIxUqJmllg&oe=6A63196E,,"['FACEBOOK', 'INSTAGRAM', 'THREADS']",au,cw,facebook,social,2026-W29,2026-07,"FACEBOOK, INSTAGRAM, THREADS",True,True,False,False,True,False,SKU Product,True,False,False,2026-07-20,2026-06-30 07:00:00,2026-07-20 15:37:32.553203,20
1003432212096293,1352530666860438,True,2026-06-29 07:00:00,2026-07-19 07:00:00,Chemist Warehouse,Chemist Warehouse,{{product.name}},{{product.brand}},Shop now,DCO,https://www.chemistwarehouse.com.au/buy/167983/voltaheat-pain-relief-cream-100g?utm_source=facebook&utm_medium=social&utm_campaign=au_cw_oa_facebook_social_haleonaustraliaptyltd_voltaren_99_jun26_100630-heatcold_video-image&utm_term=traffic&utm_content=video-image_static-image,www.chemistwarehouse.com.au,/buy/167983/voltaheat-pain-relief-cream-100g,facebook,social,au_cw_oa_facebook_social_haleonaustraliaptyltd_voltaren_99_jun26_100630-heatcold_video-image,99,traffic,video-image_static-image,O&O,Haleonaustraliaptyltd,Voltaren,jun26,video-image,Fast Heating and Soothing Pain Relief,VoltaHeat Pain Relief Cream helps post-exercise recovery and relieves muscle soreness to help keep your body running,Shop Now,https://scontent-ams2-1.xx.fbcdn.net/v/t39.35426-6/731366374_27509870968632131_9127889423189124801_n.jpg?_nc_cat=104&ccb=1-7&_nc_sid=c53f8f&_nc_ohc=-xL5qGKNypAQ7kNvwHqjbh8&_nc_oc=Adp7Ys_7o4Gx7m42bwNlNnKKCWMSTcpfofxEVT4WmxrWdeoj2Pt0SOw3u1wzuAWIv9I&_nc_zt=14&_nc_ht=scontent-ams2-1.xx&_nc_gid=LJkL90enVMyTOVPEU5AMNg&_nc_ss=7f180&oh=00_AQDzxTJKX-dN8U3xdKlbUgZGHyuyJuJ4pQd-YQ-wboNNGg&oe=6A63156E,,"['FACEBOOK', 'INSTAGRAM', 'THREADS']",au,cw,facebook,social,2026-W29,2026-07,"FACEBOOK, INSTAGRAM, THREADS",True,True,False,False,True,False,SKU Product,True,False,False,2026-07-20,2026-06-29 07:00:00,2026-07-20 15:37:32.553203,21
1892581741413631,2259366484810042,True,2026-06-25 07:00:00,2026-07-19 07:00:00,Chemist Warehouse,Chemist Warehouse,Get a $10 gift card. T&C apply,With a smooth formula that is easy to swallow. For pain & fever relief without the fuss. That's One for Panadol.,Shop now,VIDEO,https://fb.com/canvas_doc/1705800983956742,fb.com,/canvas_doc/1705800983956742,,,,,,,Not Specified,,,,,,,,,,"['FACEBOOK', 'INSTAGRAM']",,,,,2026-W29,2026-07,"FACEBOOK, INSTAGRAM",True,True,False,False,False,False,Internal/App Page,True,False,False,2026-07-20,2026-06-25 07:00:00,2026-07-20 15:37:32.553203,25
1017435090691468,4489659787972511,True,2026-06-30 07:00:00,2026-07-19 07:00:00,Chemist Warehouse,Chemist Warehouse,{{product.name}},{{product.brand}},Shop now,DCO,https://www.chemistwarehouse.com.au/buy/167985/voltaheat-pain-relief-patch-2-patches?utm_source=facebook&utm_medium=social&utm_campaign=au_cw_oa_facebook_social_haleonaustraliaptyltd_voltaren_99_jun26_100630-heatcold_video-image&utm_term=traffic&utm_content=video-image_static-image,www.chemistwarehouse.com.au,/buy/167985/voltaheat-pain-relief-patch-2-patches,facebook,social,au_cw_oa_facebook_social_haleonaustraliaptyltd_voltaren_99_jun26_100630-heatcold_video-image,99,traffic,video-image_static-image,O&O,Haleonaustraliaptyltd,Voltaren,jun26,video-image,Up to 8 hours pain relief,VoltaHeat Pain Relief Patches relieve muscle aches and soreness with long lasting heat relief to help keep your body running,Shop Now,https://scontent-ams2-1.xx.fbcdn.net/v/t39.35426-6/732018737_1331255715299127_6445217075395578385_n.jpg?_nc_cat=102&ccb=1-7&_nc_sid=c53f8f&_nc_ohc=KJlbjZ3nVl0Q7kNvwGkkxjG&_nc_oc=AdrxVJSzllCq3Z2v09735-W7SfHb_IlHtwRLiGpX-qFnQXFAr7t5S-s5czRLTXlLQq8&_nc_zt=14&_nc_ht=scontent-ams2-1.xx&_nc_gid=LJkL90enVMyTOVPEU5AMNg&_nc_ss=7f180&oh=00_AQDyfDXerCkZkU0LsECJJWjnw7EHOXX0gjFBvi9ELWCNfg&oe=6A631C3B,,"['FACEBOOK', 'INSTAGRAM', 'THREADS']",au,cw,facebook,social,2026-W29,2026-07,"FACEBOOK, INSTAGRAM, THREADS",True,True,False,False,True,False,SKU Product,True,False,False,2026-07-20,2026-06-30 07:00:00,2026-07-20 15:37:32.553203,20
994353906569460,903493828668780,True,2026-06-28 07:00:00,2026-07-19 07:00:00,Chemist Warehouse,Chemist Warehouse,Available at Chemist Warehouse,"Keep your body running with VoltaCool Pain Relief Cream, available at Chemist Warehouse.",Shop now,VIDEO,https://www.chemistwarehouse.com.au/shop-online/1051/voltaren?category=Hot%20%26%20Cold%20Packs&utm_source=facebook&utm_medium=social&utm_campaign=au_cw_oa_facebook_social_haleonaustraliaptyltd_voltaren_99_jun26_100630-heatcold_video&utm_term=reach&utm_content=video_rohan-video,www.chemistwarehouse.com.au,/shop-online/1051/voltaren,facebook,social,au_cw_oa_facebook_social_haleonaustraliaptyltd_voltaren_99_jun26_100630-heatcold_video,99,reach,video_rohan-video,O&O,Haleonaustraliaptyltd,Voltaren,jun26,video,,,,,,"['FACEBOOK', 'INSTAGRAM', 'MESSENGER', 'THREADS']",au,cw,facebook,social,2026-W29,2026-07,"FACEBOOK, INSTAGRAM, MESSENGER, THREADS",True,True,False,True,True,False,Brand/Category Page,True,True,False,2026-07-20,2026-06-28 07:00:00,2026-07-20 15:37:32.553203,22
1483784339696262,1407661354420227,True,2026-06-28 07:00:00,2026-07-19 07:00:00,Chemist Warehouse,Chemist Warehouse,Available at Chemist Warehouse,Recovery is in the small resets before the niggles turn into something bigger. VoltaHeat Pain Relief Cream available now at Chemist Warehouse.,Shop now,VIDEO,https://fb.com/canvas_doc/1008855498446322,fb.com,/canvas_doc/1008855498446322,,,,,,,Not Specified,,,,,,,,,,"['FACEBOOK', 'INSTAGRAM', 'THREADS']",,,,,2026-W29,2026-07,"FACEBOOK, INSTAGRAM, THREADS",True,True,False,False,True,False,Internal/App Page,True,True,False,2026-07-20,2026-06-28 07:00:00,2026-07-20 15:37:32.553203,22
894826530341046,,True,2026-06-29 07:00:00,2026-07-19 07:00:00,Chemist Warehouse,Chemist Warehouse,Available at Chemist Warehouse,"Keep your body running with VoltaCool Pain Relief Cream, available at Chemist Warehouse.",Shop now,DPA,https://fb.com/canvas_doc/1270921424920797,fb.com,/canvas_doc/1270921424920797,,,,,,,Not Specified,,,,,Available at Chemist Warehouse,"Keep your body running with VoltaCool Pain Relief Cream, available at Chemist Warehouse.",Shop Now,https://scontent-ams2-1.xx.fbcdn.net/v/t39.35426-6/733209042_1890798761877015_8581675096133252652_n.jpg?_nc_cat=108&ccb=1-7&_nc_sid=c53f8f&_nc_ohc=lX7PRtzEdL4Q7kNvwEb93mz&_nc_oc=AdrgwaV8YBuR_y-MwJ5eH6k_M9O0lm6KRCu1ggTbrl5Wf4gvy_djWS2-M117A7oQOug&_nc_zt=14&_nc_ht=scontent-ams2-1.xx&_nc_gid=LJkL90enVMyTOVPEU5AMNg&_nc_ss=7f180&oh=00_AQALp791mz_Lid_225EZcsFBZB9n_UIuOCygxadTzVDV8A&oe=6A63157C,,"['FACEBOOK', 'INSTAGRAM', 'THREADS']",,,,,2026-W29,2026-07,"FACEBOOK, INSTAGRAM, THREADS",True,True,False,False,True,False,Internal/App Page,True,True,False,2026-07-20,2026-06-29 07:00:00,2026-07-20 15:37:32.553203,21
1493463269221920,,True,2026-06-30 07:00:00,2026-07-19 07:00:00,Chemist Warehouse,Chemist Warehouse,Fast Cooling and Soothing Pain Relief,VoltaHeat Pain Relief Cream helps post-exercise recovery and relieves muscle soreness to help keep your body running,Shop now,IMAGE,https://fb.com/canvas_doc/1249052170496837,fb.com,/canvas_doc/1249052170496837,,,,,,,Not Specified,,,,,,,,,,"['FACEBOOK', 'INSTAGRAM', 'THREADS']",,,,,2026-W29,2026-07,"FACEBOOK, INSTAGRAM, THREADS",True,True,False,False,True,False,Internal/App Page,True,False,False,2026-07-20,2026-06-30 07:00:00,2026-07-20 15:37:32.553203,20
1693240091994605,2070738706810849,True,2026-06-25 07:00:00,2026-07-19 07:00:00,Chemist Warehouse,Chemist Warehouse,My Organics at Chemist Warehouse,"Giving your hair the resurrection it deserves 🤍 My Organic's Resurrection Supreme Shampoo & Miracle Mask are formulated to help leave hair feeling shiny, nourished and healthy. Discover the range at Chemist Warehouse",Learn more,VIDEO,https://www.chemistwarehouse.com.au/shop-online/1597/my-organics?utm_source=facebook&utm_medium=social&utm_campaign=au_cw_oa_facebook_social_myorganics_myorganics_129_mar26_100308-social_video&utm_term=traffic&utm_content=video_june-video,www.chemistwarehouse.com.au,/shop-online/1597/my-organics,facebook,social,au_cw_oa_facebook_social_myorganics_myorganics_129_mar26_100308-social_video,129,traffic,video_june-video,O&O,Myorganics,Myorganics,mar26,video,,,,,,"['FACEBOOK', 'INSTAGRAM', 'THREADS']",au,cw,facebook,social,2026-W29,2026-07,"FACEBOOK, INSTAGRAM, THREADS",True,True,False,False,True,False,Brand/Category Page,True,True,True,2026-07-20,2026-06-25 07:00:00,2026-07-20 15:37:32.553203,25
970893989102254,,True,2026-06-28 07:00:00,2026-07-19 07:00:00,Chemist Warehouse,Chemist Warehouse,Up to 8 hours pain relief,VoltaHeat Pain Relief Patches relieve muscle aches and soreness with long lasting heat relief to help keep your body running,Shop now,IMAGE,https://fb.com/canvas_doc/1034567522595434,fb.com,/canvas_doc/1034567522595434,,,,,,,Not Specified,,,,,,,,,,"['FACEBOOK', 'INSTAGRAM', 'THREADS']",,,,,2026-W29,2026-07,"FACEBOOK, INSTAGRAM, THREADS",True,True,False,False,True,False,Internal/App Page,True,False,False,2026-07-20,2026-06-28 07:00:00,2026-07-20 15:37:32.553203,22
2147591882765090,,True,2026-06-28 07:00:00,2026-07-19 07:00:00,Chemist Warehouse,Chemist Warehouse,Fast Heating and Soothing Pain Relief,VoltaHeat Pain Relief Cream helps post-exercise recovery and relieves muscle soreness to help keep your body running,Shop now,IMAGE,https://fb.com/canvas_doc/2263981294428658,fb.com,/canvas_doc/2263981294428658,,,,,,,Not Specified,,,,,,,,,,"['FACEBOOK', 'INSTAGRAM', 'THREADS']",,,,,2026-W29,2026-07,"FACEBOOK, INSTAGRAM, THREADS",True,True,False,False,True,False,Internal/App Page,True,False,False,2026-07-20,2026-06-28 07:00:00,2026-07-20 15:37:32.553203,22
998951813121916,1811765139791084,True,2026-06-25 07:00:00,2026-07-19 07:00:00,Chemist Warehouse,Chemist Warehouse,NEW Mega Lift Brownie Pie Mascara,Shop Rimmel’s viral Brownie Pie range now at Chemist Warehouse,Shop now,VIDEO,https://www.chemistwarehouse.com.au/shop-online/rimmel-brownie-pie?utm_source=facebook&utm_medium=social&utm_campaign=au_cw_oa_facebook_social_cotyconsumerbeauty_rimmel_648_june26_100560-browniepie_video-image&utm_term=traffic&utm_content=video-image_brandhttp://www.ultrabeauty.com.au/,www.chemistwarehouse.com.au,/shop-online/rimmel-brownie-pie,facebook,social,au_cw_oa_facebook_social_cotyconsumerbeauty_rimmel_648_june26_100560-browniepie_video-image,648,traffic,video-image_brandhttp://www.ultrabeauty.com.au/,O&O,Cotyconsumerbeauty,Rimmel,june26,video-image,,,,,,"['FACEBOOK', 'INSTAGRAM', 'AUDIENCE_NETWORK', 'MESSENGER', 'WHATSAPP', 'THREADS']",au,cw,facebook,social,2026-W29,2026-07,"FACEBOOK, INSTAGRAM, AUDIENCE_NETWORK, MESSENGER, WHATSAPP, THREADS",True,True,True,True,True,True,Brand/Category Page,True,True,False,2026-07-20,2026-06-25 07:00:00,2026-07-20 15:37:32.553203,25
981284044744717,880524777853354,True,2026-06-25 07:00:00,2026-07-19 07:00:00,Chemist Warehouse,Chemist Warehouse,{{product.name}},{{product.brand}},Shop now,DCO,https://chemistwarehouseoptometry.com.au/,chemistwarehouseoptometry.com.au,/,,,,,,,Not Specified,,,,,Contact Lenses at Chemist Warehouse prices!,"Stop paying too much on contact lenses at Chemist Warehouse Optometry.

👉 Wide range of lenses at everyday low prices.
👉 Free Shipping on orders over $99
👉 Tracked Delivery on all orders
👉 Friendly Customer Service

Shop Online Now at Chemist Warehouse Optometry & see the savings!",Shop Now,https://scontent-ams2-1.xx.fbcdn.net/v/t39.35426-6/732545296_1727920975049373_8961931506844111598_n.jpg?_nc_cat=111&ccb=1-7&_nc_sid=c53f8f&_nc_ohc=8AjABkDch0cQ7kNvwEL1KTy&_nc_oc=AdqUbra6fpctuhXSs61ICBTAftBSDmyqZumfqGCDPWQLA60LOlT-XctJ3jIyzUiKbuw&_nc_zt=14&_nc_ht=scontent-ams2-1.xx&_nc_gid=LJkL90enVMyTOVPEU5AMNg&_nc_ss=7f180&oh=00_AQDGcWaoPsXaXNHi5kcG66k7lKzGk6s_2qj5wiUqAVoy8A&oe=6A632ACF,,"['FACEBOOK', 'INSTAGRAM', 'AUDIENCE_NETWORK', 'THREADS']",,,,,2026-W29,2026-07,"FACEBOOK, INSTAGRAM, AUDIENCE_NETWORK, THREADS",True,True,True,False,True,False,Homepage,True,False,False,2026-07-20,2026-06-25 07:00:00,2026-07-20 15:37:32.553203,25
1045670924469589,1636953817401980,True,2026-06-25 07:00:00,2026-07-18 07:00:00,Chemist Warehouse,Chemist Warehouse,{{product.name}},{{product.brand}},Shop now,DCO,https://chemistwarehouseoptometry.com.au/,chemistwarehouseoptometry.com.au,/,,,,,,,Not Specified,,,,,Find your contact lenses online now!,"Stop paying too much on contact lenses at Chemist Warehouse Optometry.

👉 Wide range of lenses at everyday low prices.
👉 Free Shipping on orders over $99
👉 Tracked Delivery on all orders
👉 Friendly Customer Service

Shop Online Now at Chemist Warehouse Optometry & see the savings!",Shop Now,https://scontent-ams2-1.xx.fbcdn.net/v/t39.35426-6/729905931_1004492008997954_4988892486739977829_n.jpg?_nc_cat=105&ccb=1-7&_nc_sid=c53f8f&_nc_ohc=hAg0IMlLTG8Q7kNvwGqR2ri&_nc_oc=AdoaWaxRmN7CbgETSprbBWy-9yXWc-B3Gd3bdg31Or848LuDFKQwsnfBplDE7Kg2O8Q&_nc_zt=14&_nc_ht=scontent-ams2-1.xx&_nc_gid=LJkL90enVMyTOVPEU5AMNg&_nc_ss=7f180&oh=00_AQDuLJjjk_EA9sOAGgy4QASljE_YcoK2QGMrkOBYOOhghw&oe=6A6315A3,,"['FACEBOOK', 'INSTAGRAM', 'AUDIENCE_NETWORK', 'THREADS']",,,,,2026-W29,2026-07,"FACEBOOK, INSTAGRAM, AUDIENCE_NETWORK, THREADS",True,True,True,False,True,False,Homepage,True,False,False,2026-07-20,2026-06-25 07:00:00,2026-07-20 15:37:32.553203,25
1954120061964837,1636953817401980,True,2026-06-25 07:00:00,2026-07-19 07:00:00,Chemist Warehouse,Chemist Warehouse,{{product.name}},{{product.brand}},Shop now,DCO,https://chemistwarehouseoptometry.com.au/,chemistwarehouseoptometry.com.au,/,,,,,,,Not Specified,,,,,Find your contact lenses online now!,"Stop paying too much on contact lenses at Chemist Warehouse Optometry.

👉 Wide range of lenses at everyday low prices.
👉 Free Shipping on orders over $99
👉 Tracked Delivery on all orders
👉 Friendly Customer Service

Shop Online Now at Chemist Warehouse Optometry & see the savings!",Shop Now,https://scontent-ams2-1.xx.fbcdn.net/v/t39.35426-6/730473918_27164149906611760_5913096701971126511_n.jpg?_nc_cat=100&ccb=1-7&_nc_sid=c53f8f&_nc_ohc=klzH5Z_eb74Q7kNvwERazCM&_nc_oc=AdqmYyGp8P7ES-uZeV12m2KpOj4XnzEwFW4EY9rRWpnEvuonuII_SC7Jr8UPwuaCBnU&_nc_zt=14&_nc_ht=scontent-ams2-1.xx&_nc_gid=LJkL90enVMyTOVPEU5AMNg&_nc_ss=7f180&oh=00_AQBkDvzMvZuyuO4vBL7KGec_T-exrQR0aDchPy3r3vl99w&oe=6A6334E7,,"['FACEBOOK', 'INSTAGRAM', 'AUDIENCE_NETWORK', 'MESSENGER', 'THREADS']",,,,,2026-W29,2026-07,"FACEBOOK, INSTAGRAM, AUDIENCE_NETWORK, MESSENGER, THREADS",True,True,True,True,True,False,Homepage,True,False,False,2026-07-20,2026-06-25 07:00:00,2026-07-20 15:37:32.553203,25
876408408348467,2159235607980963,True,2026-06-25 07:00:00,2026-07-19 07:00:00,Chemist Warehouse,Chemist Warehouse,{{product.name}},{{product.brand}},Shop now,DCO,https://chemistwarehouseoptometry.com.au/,chemistwarehouseoptometry.com.au,/,,,,,,,Not Specified,,,,,Shop at Chemist Warehouse Optometry now,"Stop paying too much on contact lenses at Chemist Warehouse Optometry.

👉 Wide range of lenses at everyday low prices.
👉 Free Shipping on orders over $99
👉 Tracked Delivery on all orders
👉 Friendly Customer Service

Shop Online Now at Chemist Warehouse Optometry & see the savings!",Shop Now,https://scontent-ams2-1.xx.fbcdn.net/v/t39.35426-6/731111759_2092637841634113_2378105374719146720_n.jpg?_nc_cat=104&ccb=1-7&_nc_sid=c53f8f&_nc_ohc=lYHGgOhTuX4Q7kNvwGqtkbf&_nc_oc=Adryp6w5t5s1A_yImnhKulrjTlWTN3KAnSVMNY6EXhl7rDWvO_l-XVGbCvEsjC8WMJg&_nc_zt=14&_nc_ht=scontent-ams2-1.xx&_nc_gid=LJkL90enVMyTOVPEU5AMNg&_nc_ss=7f180&oh=00_AQBzfT4Q78kqaC3euL1jZvq0cCxvXqKHfXa5SVlwdO3fyw&oe=6A631EB9,,"['FACEBOOK', 'INSTAGRAM', 'AUDIENCE_NETWORK', 'MESSENGER', 'THREADS']",,,,,2026-W29,2026-07,"FACEBOOK, INSTAGRAM, AUDIENCE_NETWORK, MESSENGER, THREADS",True,True,True,True,True,False,Homepage,True,False,False,2026-07-20,2026-06-25 07:00:00,2026-07-20 15:37:32.553203,25
986220481110011,1016032997480593,True,2026-06-25 07:00:00,2026-07-18 07:00:00,Chemist Warehouse,Chemist Warehouse,{{product.name}},{{product.brand}},Shop now,DCO,https://chemistwarehouseoptometry.com.au/,chemistwarehouseoptometry.com.au,/,,,,,,,Not Specified,,,,,Shop at Chemist Warehouse Optometry now,"Stop paying too much on contact lenses at Chemist Warehouse Optometry.

👉 Wide range of lenses at everyday low prices.
👉 Free Shipping on orders over $99
👉 Tracked Delivery on all orders
👉 Friendly Customer Service

Shop Online Now at Chemist Warehouse Optometry & see the savings!",Shop Now,https://scontent-ams2-1.xx.fbcdn.net/v/t39.35426-6/729148460_1703040434372741_7660826292810886981_n.jpg?_nc_cat=111&ccb=1-7&_nc_sid=c53f8f&_nc_ohc=KyVtcFq4SXMQ7kNvwFon8Df&_nc_oc=AdqmCDXzCuG46Q8nallkziC2kq_GdH49Z_sKovjnBEONO1mB05KPqqH-o5yf8VJYLLE&_nc_zt=14&_nc_ht=scontent-ams2-1.xx&_nc_gid=gRSQv8DQeT2KYE8msTatPg&_nc_ss=7f180&oh=00_AQDsvq-rO8v4VraYi0eJshzeoFdp313MscrIPhxMBVDNtg&oe=6A63303E,,"['FACEBOOK', 'INSTAGRAM', 'AUDIENCE_NETWORK', 'THREADS']",,,,,2026-W29,2026-07,"FACEBOOK, INSTAGRAM, AUDIENCE_NETWORK, THREADS",True,True,True,False,True,False,Homepage,True,False,False,2026-07-20,2026-06-25 07:00:00,2026-07-20 15:37:32.553203,25
1737326341034328,880524777853354,True,2026-06-25 07:00:00,2026-07-19 07:00:00,Chemist Warehouse,Chemist Warehouse,{{product.name}},{{product.brand}},Shop now,DCO,https://chemistwarehouseoptometry.com.au/,chemistwarehouseoptometry.com.au,/,,,,,,,Not Specified,,,,,Contact Lenses at Chemist Warehouse prices!,"Stop paying too much on contact lenses at Chemist Warehouse Optometry.

👉 Wide range of lenses at everyday low prices.
👉 Free Shipping on orders over $99
👉 Tracked Delivery on all orders
👉 Friendly Customer Service

Shop Online Now at Chemist Warehouse Optometry & see the savings!",Shop Now,https://scontent-ams2-1.xx.fbcdn.net/v/t39.35426-6/730559202_1537346501273427_7320607140128728113_n.jpg?_nc_cat=107&ccb=1-7&_nc_sid=c53f8f&_nc_ohc=s7PgiM1r5BgQ7kNvwGoaWMO&_nc_oc=Adq5sWJTHwHfpZG_U0xyYFw6tBbPlFE4ugF2MuVPLzYpjSfFQdTwFcvZJBBAjV5N2sA&_nc_zt=14&_nc_ht=scontent-ams2-1.xx&_nc_gid=gRSQv8DQeT2KYE8msTatPg&_nc_ss=7f180&oh=00_AQBcDTEcr8KZfmXxtBvi3Jg9TAyBckVTjgsewZXp6eMzwg&oe=6A631225,,"['FACEBOOK', 'INSTAGRAM', 'AUDIENCE_NETWORK', 'THREADS']",,,,,2026-W29,2026-07,"FACEBOOK, INSTAGRAM, AUDIENCE_NETWORK, THREADS",True,True,True,False,True,False,Homepage,True,False,False,2026-07-20,2026-06-25 07:00:00,2026-07-20 15:37:32.553203,25
2954002274945056,880524777853354,True,2026-06-25 07:00:00,2026-07-19 07:00:00,Chemist Warehouse,Chemist Warehouse,{{product.name}},{{product.brand}},Shop now,DCO,https://chemistwarehouseoptometry.com.au/,chemistwarehouseoptometry.com.au,/,,,,,,,Not Specified,,,,,Contact Lenses at Chemist Warehouse prices!,"Stop paying too much on contact lenses at Chemist Warehouse Optometry.

👉 Wide range of lenses at everyday low prices.
👉 Free Shipping on orders over $99
👉 Tracked Delivery on all orders
👉 Friendly Customer Service

Shop Online Now at Chemist Warehouse Optometry & see the savings!",Shop Now,https://scontent-ams2-1.xx.fbcdn.net/v/t39.35426-6/728637296_1721400695550776_7910581692115926880_n.jpg?_nc_cat=107&ccb=1-7&_nc_sid=c53f8f&_nc_ohc=8WhgytQ6xaUQ7kNvwGLNiqV&_nc_oc=AdpBtgAyAyh6VfqgDSYUz-1pt9SCOaqS9tifomKeADyjmBjbSeOPU5Kjig5TsnvGdH4&_nc_zt=14&_nc_ht=scontent-ams2-1.xx&_nc_gid=LJkL90enVMyTOVPEU5AMNg&_nc_ss=7f180&oh=00_AQCaxbOEQlDXE2PL2W7qGPAgEHEMuj4zSBigaIlN0aGjLw&oe=6A633209,,"['FACEBOOK', 'INSTAGRAM', 'AUDIENCE_NETWORK', 'MESSENGER', 'THREADS']",,,,,2026-W29,2026-07,"FACEBOOK, INSTAGRAM, AUDIENCE_NETWORK, MESSENGER, THREADS",True,True,True,True,True,False,Homepage,True,False,False,2026-07-20,2026-06-25 07:00:00,2026-07-20 15:37:32.553203,25
1567088148179520,1599848011847133,True,2026-06-28 07:00:00,2026-07-18 07:00:00,Chemist Warehouse,Chemist Warehouse,{{product.name}},{{product.brand}},Shop now,DCO,https://www.chemistwarehouse.com.au/shop-online/5336/gillette?utm_source=facebook&utm_medium=social&utm_campaign=au_cw_oa_facebook_social_proctergambleaustralia_gillette_259_2026_100541-oa_video-image&utm_term=traffic&utm_content=video-image_all,www.chemistwarehouse.com.au,/shop-online/5336/gillette,facebook,social,au_cw_oa_facebook_social_proctergambleaustralia_gillette_259_2026_100541-oa_video-image,259,traffic,video-image_all,O&O,Proctergambleaustralia,Gillette,2026,video-image,40%OFF RRP Gillette Range,Smooth deals on Gillette range! 40% off RRP now at Chemist Warehouse! Limited time only!,Shop Now,https://scontent-ams2-1.xx.fbcdn.net/v/t39.35426-6/734101371_1555991979639578_4497492165887116220_n.jpg?_nc_cat=105&ccb=1-7&_nc_sid=c53f8f&_nc_ohc=kH9xW3t8ssEQ7kNvwFe3yhQ&_nc_oc=AdqK12XBJaFtsy-Wl9WCW1sXYPKEJrTZ38cNjjt10RPM9pFfM1w3pI6Q6KAxgT_gXK8&_nc_zt=14&_nc_ht=scontent-ams2-1.xx&_nc_gid=36WQ7zmKpyGPGcQQ3gLErQ&_nc_ss=7f180&oh=00_AQD2Ar5bgR405jmAKi9aOBQ5CxqbCEFinMQIHjJqRbjQrg&oe=6A632E69,,"['FACEBOOK', 'INSTAGRAM', 'AUDIENCE_NETWORK', 'MESSENGER', 'WHATSAPP', 'THREADS']",au,cw,facebook,social,2026-W29,2026-07,"FACEBOOK, INSTAGRAM, AUDIENCE_NETWORK, MESSENGER, WHATSAPP, THREADS",True,True,True,True,True,True,Brand/Category Page,True,False,False,2026-07-20,2026-06-28 07:00:00,2026-07-20 15:37:32.553203,22
1725693101955189,1413957427208544,True,2026-06-25 07:00:00,2026-07-19 07:00:00,Chemist Warehouse,Chemist Warehouse,{{product.name}},{{product.brand}},Shop now,DCO,https://chemistwarehouseoptometry.com.au/,chemistwarehouseoptometry.com.au,/,,,,,,,Not Specified,,,,,Find your contact lenses online now!,"Stop paying too much on contact lenses at Chemist Warehouse Optometry.

👉 Wide range of lenses at everyday low prices.
👉 Free Shipping on orders over $99
👉 Tracked Delivery on all orders
👉 Friendly Customer Service

Shop Online Now at Chemist Warehouse Optometry & see the savings!",Shop Now,https://scontent-ams2-1.xx.fbcdn.net/v/t39.35426-6/730398204_2506700226515655_1490509349894713386_n.jpg?_nc_cat=105&ccb=1-7&_nc_sid=c53f8f&_nc_ohc=4mWHXZg2UegQ7kNvwHJyeGw&_nc_oc=AdptbpNJwLGarm8KV_S-OmQ8IZUwXTdNXnk2c5MSa6PTS2eHT8G1GBiTEDyP7m8e3Ak&_nc_zt=14&_nc_ht=scontent-ams2-1.xx&_nc_gid=gRSQv8DQeT2KYE8msTatPg&_nc_ss=7f180&oh=00_AQBmEXe3tAu5rJvbfZRhDj-GgcqgXhPeaDy5YhU8XU6kWA&oe=6A630F1E,,"['FACEBOOK', 'INSTAGRAM', 'AUDIENCE_NETWORK', 'THREADS']",,,,,2026-W29,2026-07,"FACEBOOK, INSTAGRAM, AUDIENCE_NETWORK, THREADS",True,True,True,False,True,False,Homepage,True,False,False,2026-07-20,2026-06-25 07:00:00,2026-07-20 15:37:32.553203,25
1063056426049942,1550154156759095,True,2026-06-28 07:00:00,2026-07-10 07:00:00,Chemist Warehouse,Chemist Warehouse,40%OFF RRP Gillette Range,"Trim, edge & shave with NEW Gillette Fusion1 Styling Range. 40% off RRP limited time only!",Shop now,VIDEO,https://www.chemistwarehouse.com.au/shop-online/5336/gillette?utm_source=facebook&utm_medium=social&utm_campaign=au_cw_oa_facebook_social_proctergambleaustralia_gillette_259_2026_100541-oa_video-image&utm_term=traffic&utm_content=video-image_all,www.chemistwarehouse.com.au,/shop-online/5336/gillette,facebook,social,au_cw_oa_facebook_social_proctergambleaustralia_gillette_259_2026_100541-oa_video-image,259,traffic,video-image_all,O&O,Proctergambleaustralia,Gillette,2026,video-image,,,,,,"['FACEBOOK', 'INSTAGRAM', 'AUDIENCE_NETWORK', 'MESSENGER', 'WHATSAPP', 'THREADS']",au,cw,facebook,social,2026-W29,2026-07,"FACEBOOK, INSTAGRAM, AUDIENCE_NETWORK, MESSENGER, WHATSAPP, THREADS",True,True,True,True,True,True,Brand/Category Page,True,False,False,2026-07-20,2026-06-28 07:00:00,2026-07-20 15:37:32.553203,22
27286585014313594,1550154156759095,True,2026-06-28 07:00:00,2026-07-18 07:00:00,Chemist Warehouse,Chemist Warehouse,40%OFF RRP Gillette Range,"Trim, edge & shave with NEW Gillette Fusion1 Styling Range. 40% off RRP limited time only!",Shop now,VIDEO,https://www.chemistwarehouse.com.au/shop-online/5336/gillette?utm_source=facebook&utm_medium=social&utm_campaign=au_cw_oa_facebook_social_proctergambleaustralia_gillette_259_2026_100541-oa_video-image&utm_term=traffic&utm_content=video-image_all,www.chemistwarehouse.com.au,/shop-online/5336/gillette,facebook,social,au_cw_oa_facebook_social_proctergambleaustralia_gillette_259_2026_100541-oa_video-image,259,traffic,video-image_all,O&O,Proctergambleaustralia,Gillette,2026,video-image,,,,,,"['FACEBOOK', 'INSTAGRAM', 'AUDIENCE_NETWORK', 'MESSENGER', 'WHATSAPP', 'THREADS']",au,cw,facebook,social,2026-W29,2026-07,"FACEBOOK, INSTAGRAM, AUDIENCE_NETWORK, MESSENGER, WHATSAPP, THREADS",True,True,True,True,True,True,Brand/Category Page,True,False,False,2026-07-20,2026-06-28 07:00:00,2026-07-20 15:37:32.553203,22
1503008230853547,1155643860107528,True,2026-06-25 07:00:00,2026-07-19 07:00:00,Chemist Warehouse,Chemist Warehouse,NEW Mega Lift Brownie Pie Mascara,Shop Rimmel’s viral Brownie Pie range now at Chemist Warehouse,Shop now,VIDEO,https://www.chemistwarehouse.com.au/shop-online/rimmel-brownie-pie?utm_source=facebook&utm_medium=social&utm_campaign=au_cw_oa_facebook_social_cotyconsumerbeauty_rimmel_648_june26_100560-browniepie_video-image&utm_term=traffic&utm_content=video-image_brand,www.chemistwarehouse.com.au,/shop-online/rimmel-brownie-pie,facebook,social,au_cw_oa_facebook_social_cotyconsumerbeauty_rimmel_648_june26_100560-browniepie_video-image,648,traffic,video-image_brand,O&O,Cotyconsumerbeauty,Rimmel,june26,video-image,,,,,,"['FACEBOOK', 'INSTAGRAM', 'AUDIENCE_NETWORK', 'MESSENGER', 'WHATSAPP', 'THREADS']",au,cw,facebook,social,2026-W29,2026-07,"FACEBOOK, INSTAGRAM, AUDIENCE_NETWORK, MESSENGER, WHATSAPP, THREADS",True,True,True,True,True,True,Brand/Category Page,True,True,False,2026-07-20,2026-06-25 07:00:00,2026-07-20 15:37:32.553203,25
1388066499832892,36431647583148968,True,2026-06-28 07:00:00,2026-07-13 07:00:00,Chemist Warehouse,Chemist Warehouse,40%OFF RRP Gillette Range,"Trim, edge & shave with NEW Gillette Fusion1 Styling Range. 40% off RRP limited time only!",Shop now,VIDEO,https://www.chemistwarehouse.com.au/shop-online/5336/gillette?utm_source=facebook&utm_medium=social&utm_campaign=au_cw_oa_facebook_social_proctergambleaustralia_gillette_259_2026_100541-oa_video-image&utm_term=traffic&utm_content=video-image_all,www.chemistwarehouse.com.au,/shop-online/5336/gillette,facebook,social,au_cw_oa_facebook_social_proctergambleaustralia_gillette_259_2026_100541-oa_video-image,259,traffic,video-image_all,O&O,Proctergambleaustralia,Gillette,2026,video-image,,,,,,"['FACEBOOK', 'INSTAGRAM', 'AUDIENCE_NETWORK', 'MESSENGER', 'WHATSAPP', 'THREADS']",au,cw,facebook,social,2026-W29,2026-07,"FACEBOOK, INSTAGRAM, AUDIENCE_NETWORK, MESSENGER, WHATSAPP, THREADS",True,True,True,True,True,True,Brand/Category Page,True,False,False,2026-07-20,2026-06-28 07:00:00,2026-07-20 15:37:32.553203,22
1040728468616396,1545157010725585,True,2026-07-15 07:00:00,2026-07-19 07:00:00,Chemist Warehouse,Chemist Warehouse,"Your day, your BOOST!","Your day, your VOOST!

Always read the label and follow the directions for use.",Shop now,VIDEO,https://www.chemistwarehouse.com.au/shop-online/2368/voost?utm_source=facebook&utm_medium=social&utm_campaign=au_cw_oa_facebook_social_proctergambleaustralia_voost_81_2026_100537-oa_video-image&utm_term=conversion&utm_content=video-image_all,www.chemistwarehouse.com.au,/shop-online/2368/voost,facebook,social,au_cw_oa_facebook_social_proctergambleaustralia_voost_81_2026_100537-oa_video-image,81,conversion,video-image_all,O&O,Proctergambleaustralia,Voost,2026,video-image,,,,,,"['FACEBOOK', 'INSTAGRAM', 'AUDIENCE_NETWORK', 'MESSENGER', 'THREADS']",au,cw,facebook,social,2026-W29,2026-07,"FACEBOOK, INSTAGRAM, AUDIENCE_NETWORK, MESSENGER, THREADS",True,True,True,True,True,False,Brand/Category Page,True,False,False,2026-07-20,2026-07-15 07:00:00,2026-07-20 15:37:32.553203,5
2223851541696775,1966273870691731,True,2026-06-25 07:00:00,2026-07-19 07:00:00,Chemist Warehouse,Chemist Warehouse,NEW Mega Lift Brownie Pie Mascara,Shop Rimmel’s viral Brownie Pie range now at Chemist Warehouse,Shop now,VIDEO,https://www.chemistwarehouse.com.au/shop-online/rimmel-brownie-pie?utm_source=facebook&utm_medium=social&utm_campaign=au_cw_oa_facebook_social_cotyconsumerbeauty_rimmel_648_june26_100560-browniepie_video-image&utm_term=traffic&utm_content=video-image_brand,www.chemistwarehouse.com.au,/shop-online/rimmel-brownie-pie,facebook,social,au_cw_oa_facebook_social_cotyconsumerbeauty_rimmel_648_june26_100560-browniepie_video-image,648,traffic,video-image_brand,O&O,Cotyconsumerbeauty,Rimmel,june26,video-image,,,,,,"['FACEBOOK', 'INSTAGRAM', 'AUDIENCE_NETWORK', 'MESSENGER', 'WHATSAPP', 'THREADS']",au,cw,facebook,social,2026-W29,2026-07,"FACEBOOK, INSTAGRAM, AUDIENCE_NETWORK, MESSENGER, WHATSAPP, THREADS",True,True,True,True,True,True,Brand/Category Page,True,True,False,2026-07-20,2026-06-25 07:00:00,2026-07-20 15:37:32.553203,25
4525509831017816,1652982279110022,True,2026-06-28 07:00:00,2026-07-19 07:00:00,Chemist Warehouse,Chemist Warehouse,{{product.name}},{{product.brand}},Shop now,DCO,https://www.chemistwarehouse.com.au/shop-online/5336/gillette?utm_source=facebook&utm_medium=social&utm_campaign=au_cw_oa_facebook_social_proctergambleaustralia_gillette_259_2026_100541-oa_video-image&utm_term=traffic&utm_content=video-image_all,www.chemistwarehouse.com.au,/shop-online/5336/gillette,facebook,social,au_cw_oa_facebook_social_proctergambleaustralia_gillette_259_2026_100541-oa_video-image,259,traffic,video-image_all,O&O,Proctergambleaustralia,Gillette,2026,video-image,40%OFF RRP Gillette Range,"Trim, edge & shave with NEW Gillette Fusion1 Styling Range. 40% off RRP limited time only!",Shop Now,https://scontent-ams2-1.xx.fbcdn.net/v/t39.35426-6/733499572_1736699900843265_7525286219114386793_n.jpg?_nc_cat=107&ccb=1-7&_nc_sid=c53f8f&_nc_ohc=tw4FBzTuN_MQ7kNvwEMmRj3&_nc_oc=Adru8ju35FSnR1KBfwWtPmHqfNzjvUhsD9ArzUC3GvSn9QfhzzERiTWbw5zEn8gwhIQ&_nc_zt=14&_nc_ht=scontent-ams2-1.xx&_nc_gid=LJkL90enVMyTOVPEU5AMNg&_nc_ss=7f180&oh=00_AQD_lLLqqMm9ecuh4vTVnBf2GJjrnWV-fuumQz_MG-89Zg&oe=6A6302A0,,"['FACEBOOK', 'INSTAGRAM', 'AUDIENCE_NETWORK', 'MESSENGER', 'WHATSAPP', 'THREADS']",au,cw,facebook,social,2026-W29,2026-07,"FACEBOOK, INSTAGRAM, AUDIENCE_NETWORK, MESSENGER, WHATSAPP, THREADS",True,True,True,True,True,True,Brand/Category Page,True,False,False,2026-07-20,2026-06-28 07:00:00,2026-07-20 15:37:32.553203,22
2490258894779333,,True,2026-06-25 07:00:00,2026-07-19 07:00:00,Chemist Warehouse,Chemist Warehouse,Chemist Warehouse,Shop Rimmel’s viral Brownie Pie range now at Chemist Warehouse,Shop now,DPA,https://www.chemistwarehouse.com.au/shop-online/rimmel-brownie-pie?utm_source=facebook&utm_medium=social&utm_campaign=au_cw_oa_facebook_social_cotyconsumerbeauty_rimmel_648_2026_bau_dynamic&utm_term=conversion&utm_content=dynamic_brand,www.chemistwarehouse.com.au,/shop-online/rimmel-brownie-pie,facebook,social,au_cw_oa_facebook_social_cotyconsumerbeauty_rimmel_648_2026_bau_dynamic,648,conversion,dynamic_brand,O&O,Cotyconsumerbeauty,Rimmel,2026,dynamic,Chemist Warehouse,Shop Rimmel’s viral Brownie Pie range now at Chemist Warehouse,Shop Now,https://scontent-ams2-1.xx.fbcdn.net/v/t39.35426-6/728225678_1134882276382129_4562052976782697868_n.jpg?_nc_cat=102&ccb=1-7&_nc_sid=c53f8f&_nc_ohc=RCgJUZ_S8AwQ7kNvwH1udtu&_nc_oc=Adprv8ZOItfBa9S4883_aUmqMENvllOUIx94WkgjQWVg1ASQ32bu908v4ENY5MK1LIc&_nc_zt=14&_nc_ht=scontent-ams2-1.xx&_nc_gid=gRSQv8DQeT2KYE8msTatPg&_nc_ss=7f180&oh=00_AQDSN-nLc8voQeOardjiebWSmdeY7O8xI5UsbwIadCGgNA&oe=6A631F07,https://video-ams2-1.xx.fbcdn.net/o1/v/t2/f2/m366/AQPpE4ZiRVSPvFzdx5JotE9G4dJFcFTJF0-pCLdVnPi0Nqf5OOu8U7eIFfKLcjWKMlL-YIu8GS2obJVWvRFYxB65W31mFPr9lIEl50cdxRDq5A.mp4?_nc_cat=103&_nc_sid=b66105&_nc_ht=video-ams2-1.xx.fbcdn.net&_nc_ohc=twqCd5nuGSwQ7kNvwGu0ugr&efg=eyJ2ZW5jb2RlX3RhZyI6Inhwdl9wcm9ncmVzc2l2ZS5WSV9VU0VDQVNFX1BST0RVQ1RfVFlQRS4uQzMuNzIwLmRhc2hfaDI2NC1iYXNpYy1nZW4yXzcyMHAiLCJ4cHZfYXNzZXRfaWQiOjQ0MDkxNDk5NzI2MzEzMjMsImFzc2V0X2FnZV9kYXlzIjoyNCwidmlfdXNlY2FzZV9pZCI6MTA3OTksImR1cmF0aW9uX3MiOjcsInVybGdlbl9zb3VyY2UiOiJ3d3cifQ%3D%3D&ccb=17-1&vs=f935d9daf434f4f0&_nc_vs=HBksFQIYRWZiX2VwaGVtZXJhbC8wNjQwNDZFQTIxMzU2MTk4RkFFOTM5MUZCODU1NDRCRV9tdF8xX3ZpZGVvX2Rhc2hpbml0Lm1wNBUAAsgBEgAVAhhAZmJfcGVybWFuZW50L0MwNDU3MjNDOUIyNDkyQ0QwRDE4OERBMTFBRjlBQ0FDX2F1ZGlvX2Rhc2hpbml0Lm1wNBUCAsgBEgAoABgAGwKIB3VzZV9vaWwBMRJwcm9ncmVzc2l2ZV9yZWNpcGUBMRUAACa2vIqep4bVDxUCKAJDMywXQBxR64UeuFIYGWRhc2hfaDI2NC1iYXNpYy1nZW4yXzcyMHARAHUAZd6oAQA&_nc_gid=gRSQv8DQeT2KYE8msTatPg&_nc_ss=7f180&_nc_zt=28&oh=00_AQBWVSurWZGt59C7WgWMEh56R4xkJmJcgzUw-W8TyD1Bcw&oe=6A631161,"['FACEBOOK', 'INSTAGRAM', 'AUDIENCE_NETWORK', 'MESSENGER', 'THREADS']",au,cw,facebook,social,2026-W29,2026-07,"FACEBOOK, INSTAGRAM, AUDIENCE_NETWORK, MESSENGER, THREADS",True,True,True,True,True,False,Brand/Category Page,True,True,False,2026-07-20,2026-06-25 07:00:00,2026-07-20 15:37:32.553203,25
1516015229967821,1293823782396954,True,2026-06-29 07:00:00,2026-07-19 07:00:00,Chemist Warehouse,Chemist Warehouse,{{product.name}},{{product.brand}},Shop now,DCO,https://www.chemistwarehouse.com.au/shop-online/6713/mersynofen?utm_source=facebook&utm_medium=social&utm_campaign=au_cw_oa_facebook_social_sanoficonsumerhealthcare_mersynofen_258_2026_100562-oa_video-image&utm_term=traffic&utm_content=video-image_brand,www.chemistwarehouse.com.au,/shop-online/6713/mersynofen,facebook,social,au_cw_oa_facebook_social_sanoficonsumerhealthcare_mersynofen_258_2026_100562-oa_video-image,258,traffic,video-image_brand,O&O,Sanoficonsumerhealthcare,Mersynofen,2026,video-image,Try Mersynofen,Mersynofen combines the strength of two ingredients for dual-action pain relief,Shop Now,https://scontent-ams2-1.xx.fbcdn.net/v/t39.35426-6/732545291_873316812520106_8454764781620015008_n.jpg?_nc_cat=110&ccb=1-7&_nc_sid=c53f8f&_nc_ohc=uI0wIQI77OUQ7kNvwE8n4Md&_nc_oc=AdoYnwxxKRVa8reF_KVMwoum80ez6fkdOyScJ9oz67__reRSfBZ78Yv7vi_U2jLhEYI&_nc_zt=14&_nc_ht=scontent-ams2-1.xx&_nc_gid=LJkL90enVMyTOVPEU5AMNg&_nc_ss=7f180&oh=00_AQANo96RR7ah0b4lPW_ZdYD3fI21pfzw8_iUi0IvXqqg4Q&oe=6A631338,,"['FACEBOOK', 'INSTAGRAM', 'AUDIENCE_NETWORK', 'MESSENGER', 'THREADS']",au,cw,facebook,social,2026-W29,2026-07,"FACEBOOK, INSTAGRAM, AUDIENCE_NETWORK, MESSENGER, THREADS",True,True,True,True,True,False,Brand/Category Page,True,False,False,2026-07-20,2026-06-29 07:00:00,2026-07-20 15:37:32.553203,21
4378306499087302,1336495221904245,True,2026-07-15 07:00:00,2026-07-19 07:00:00,Chemist Warehouse,Chemist Warehouse,"Your day, your BOOST!","Your day, your VOOST!

Always read the label and follow the directions for use.",Shop now,VIDEO,https://www.chemistwarehouse.com.au/shop-online/2368/voost?utm_source=facebook&utm_medium=social&utm_campaign=au_cw_oa_facebook_social_proctergambleaustralia_voost_81_2026_100537-oa_video-image&utm_term=conversion&utm_content=video-image_all,www.chemistwarehouse.com.au,/shop-online/2368/voost,facebook,social,au_cw_oa_facebook_social_proctergambleaustralia_voost_81_2026_100537-oa_video-image,81,conversion,video-image_all,O&O,Proctergambleaustralia,Voost,2026,video-image,,,,,,"['FACEBOOK', 'INSTAGRAM', 'AUDIENCE_NETWORK', 'MESSENGER', 'THREADS']",au,cw,facebook,social,2026-W29,2026-07,"FACEBOOK, INSTAGRAM, AUDIENCE_NETWORK, MESSENGER, THREADS",True,True,True,True,True,False,Brand/Category Page,True,False,False,2026-07-20,2026-07-15 07:00:00,2026-07-20 15:37:32.553203,5
1575485180798048,2259366484810042,True,2026-06-25 07:00:00,2026-07-19 07:00:00,Chemist Warehouse,Chemist Warehouse,Panadol Children has improved flavours,With a smooth formula that is easy to swallow. For pain & fever relief without the fuss. That's One for Panadol.,Shop now,VIDEO,https://www.chemistwarehouse.com.au/shop-online/705661/panadol-childrens?utm_source=facebook&utm_medium=social&utm_campaign=au_cw_oa_facebook_social_haleonaustraliaptyltd_panadol_258_jun26_100628-winter_video&utm_term=traffic&utm_content=video_instore-video,www.chemistwarehouse.com.au,/shop-online/705661/panadol-childrens,facebook,social,au_cw_oa_facebook_social_haleonaustraliaptyltd_panadol_258_jun26_100628-winter_video,258,traffic,video_instore-video,O&O,Haleonaustraliaptyltd,Panadol,jun26,video,,,,,,"['FACEBOOK', 'INSTAGRAM']",au,cw,facebook,social,2026-W29,2026-07,"FACEBOOK, INSTAGRAM",True,True,False,False,False,False,Brand/Category Page,True,False,False,2026-07-20,2026-06-25 07:00:00,2026-07-20 15:37:32.553203,25
984282231266736,1545157010725585,True,2026-07-15 07:00:00,2026-07-19 07:00:00,Chemist Warehouse,Chemist Warehouse,"Your day, your BOOST!","Your day, your VOOST!

Always read the label and follow the directions for use.",Shop now,VIDEO,https://www.chemistwarehouse.com.au/shop-online/2368/voost?utm_source=facebook&utm_medium=social&utm_campaign=au_cw_oa_facebook_social_proctergambleaustralia_voost_81_2026_100537-oa_video-image&utm_term=traffic&utm_content=video-image_all,www.chemistwarehouse.com.au,/shop-online/2368/voost,facebook,social,au_cw_oa_facebook_social_proctergambleaustralia_voost_81_2026_100537-oa_video-image,81,traffic,video-image_all,O&O,Proctergambleaustralia,Voost,2026,video-image,,,,,,"['FACEBOOK', 'INSTAGRAM', 'AUDIENCE_NETWORK', 'MESSENGER', 'WHATSAPP', 'THREADS']",au,cw,facebook,social,2026-W29,2026-07,"FACEBOOK, INSTAGRAM, AUDIENCE_NETWORK, MESSENGER, WHATSAPP, THREADS",True,True,True,True,True,True,Brand/Category Page,True,False,False,2026-07-20,2026-07-15 07:00:00,2026-07-20 15:37:32.553203,5
2833096127083308,1007101318593053,True,2026-06-24 07:00:00,2026-07-19 07:00:00,Chemist Warehouse,Chemist Warehouse,Available at Chemist Warehouse,Shop Avene Thermal Spring Water now at Chemist Warehouse.,Shop now,VIDEO,https://www.chemistwarehouse.com.au/shop-online/561/avene?utm_source=facebook&utm_medium=social&utm_campaign=au_cw_oa_facebook_social_pierrefabreaustraliaptyltd_avene_665_jun26_100540-hydrotherapy_video&utm_term=reach&utm_content=video_video,www.chemistwarehouse.com.au,/shop-online/561/avene,facebook,social,au_cw_oa_facebook_social_pierrefabreaustraliaptyltd_avene_665_jun26_100540-hydrotherapy_video,665,reach,video_video,O&O,Pierrefabreaustraliaptyltd,Avene,jun26,video,,,,,,"['FACEBOOK', 'INSTAGRAM', 'THREADS']",au,cw,facebook,social,2026-W29,2026-07,"FACEBOOK, INSTAGRAM, THREADS",True,True,False,False,True,False,Brand/Category Page,True,True,False,2026-07-20,2026-06-24 07:00:00,2026-07-20 15:37:32.553203,26
1378320220870282,1533790585107722,True,2026-06-24 07:00:00,2026-07-19 07:00:00,Chemist Warehouse,Chemist Warehouse,Available at Chemist Warehouse,Shop Avene Cicalfate+ now at Chemist Warehouse.,Shop now,VIDEO,https://www.chemistwarehouse.com.au/shop-online/561/avene?utm_source=facebook&utm_medium=social&utm_campaign=au_cw_oa_facebook_social_pierrefabreaustraliaptyltd_avene_665_jun26_100540-hydrotherapy_video&utm_term=reach&utm_content=video_video,www.chemistwarehouse.com.au,/shop-online/561/avene,facebook,social,au_cw_oa_facebook_social_pierrefabreaustraliaptyltd_avene_665_jun26_100540-hydrotherapy_video,665,reach,video_video,O&O,Pierrefabreaustraliaptyltd,Avene,jun26,video,,,,,,"['FACEBOOK', 'INSTAGRAM', 'THREADS']",au,cw,facebook,social,2026-W29,2026-07,"FACEBOOK, INSTAGRAM, THREADS",True,True,False,False,True,False,Brand/Category Page,True,True,False,2026-07-20,2026-06-24 07:00:00,2026-07-20 15:37:32.553203,26
807323982345707,2209270649865241,True,2026-06-24 07:00:00,2026-07-19 07:00:00,Chemist Warehouse,Chemist Warehouse,Available at Chemist Warehouse,Shop Avene Thermal Spring Water now at Chemist Warehouse.,Shop now,VIDEO,https://www.chemistwarehouse.com.au/shop-online/561/avene?utm_source=facebook&utm_medium=social&utm_campaign=au_cw_oa_facebook_social_pierrefabreaustraliaptyltd_avene_665_jun26_100540-hydrotherapy_video&utm_term=reach&utm_content=video_video,www.chemistwarehouse.com.au,/shop-online/561/avene,facebook,social,au_cw_oa_facebook_social_pierrefabreaustraliaptyltd_avene_665_jun26_100540-hydrotherapy_video,665,reach,video_video,O&O,Pierrefabreaustraliaptyltd,Avene,jun26,video,,,,,,"['FACEBOOK', 'INSTAGRAM', 'THREADS']",au,cw,facebook,social,2026-W29,2026-07,"FACEBOOK, INSTAGRAM, THREADS",True,True,False,False,True,False,Brand/Category Page,True,True,False,2026-07-20,2026-06-24 07:00:00,2026-07-20 15:37:32.553203,26
1343667724571562,,True,2026-06-24 07:00:00,2026-07-19 07:00:00,Chemist Warehouse,Chemist Warehouse,Shop Dove at Chemist Warehouse!,Shop the new Dove Serum Body Wash range at Chemist Warehouse!,Shop now,VIDEO,https://www.chemistwarehouse.com.au/shop-online/828/dove?utm_source=facebook&utm_medium=social&utm_campaign=au_cw_oa_facebook_social_unileveraustralialimited_dove_259_jun25_100465-oa_video&utm_term=traffic&utm_content=video_,www.chemistwarehouse.com.au,/shop-online/828/dove,facebook,social,au_cw_oa_facebook_social_unileveraustralialimited_dove_259_jun25_100465-oa_video,259,traffic,video_,O&O,Unileveraustralialimited,Dove,jun25,video,,,,,,"['FACEBOOK', 'INSTAGRAM', 'AUDIENCE_NETWORK', 'MESSENGER', 'WHATSAPP', 'THREADS']",au,cw,facebook,social,2026-W29,2026-07,"FACEBOOK, INSTAGRAM, AUDIENCE_NETWORK, MESSENGER, WHATSAPP, THREADS",True,True,True,True,True,True,Brand/Category Page,True,True,False,2026-07-20,2026-06-24 07:00:00,2026-07-20 15:37:32.553203,26
1542197297540750,,True,2026-06-24 07:00:00,2026-07-19 07:00:00,Chemist Warehouse,Chemist Warehouse,{{product.name}},{{product.brand}},Shop now,DCO,https://www.chemistwarehouse.com.au/shop-online/863/pantene?utm_source=facebook&utm_medium=social&utm_campaign=au_cw_oa_facebook_social_proctergambleaustralia_pantene_129_2026_100587-oa_video-image&utm_term=traffic&utm_content=video-image_all,www.chemistwarehouse.com.au,/shop-online/863/pantene,facebook,social,au_cw_oa_facebook_social_proctergambleaustralia_pantene_129_2026_100587-oa_video-image,129,traffic,video-image_all,O&O,Proctergambleaustralia,Pantene,2026,video-image,Pantene Miracles Bond Repair,"New Bond Repair Leave-In cream delivers an instant boost of nourishment to get soft, repaired & frizz-free hair",Shop Now,https://scontent-ams2-1.xx.fbcdn.net/v/t39.35426-6/729746959_2218718511998224_1096345115837044701_n.jpg?_nc_cat=110&ccb=1-7&_nc_sid=c53f8f&_nc_ohc=NL88LyYb2mQQ7kNvwFJ5Kav&_nc_oc=AdrZYWsIEbw9a1RVnq4tzEkC0ZLW9GLYV9DbUo7s9q2aS-SniOM4tH-NWMEFY5jeklI&_nc_zt=14&_nc_ht=scontent-ams2-1.xx&_nc_gid=gRSQv8DQeT2KYE8msTatPg&_nc_ss=7f180&oh=00_AQDHPlXTLbwiYK6sQlu5Br14lOgnpP-CmhP-e2xHsL7uMw&oe=6A631D12,,"['FACEBOOK', 'INSTAGRAM', 'AUDIENCE_NETWORK', 'MESSENGER', 'WHATSAPP', 'THREADS']",au,cw,facebook,social,2026-W29,2026-07,"FACEBOOK, INSTAGRAM, AUDIENCE_NETWORK, MESSENGER, WHATSAPP, THREADS",True,True,True,True,True,True,Brand/Category Page,True,False,False,2026-07-20,2026-06-24 07:00:00,2026-07-20 15:37:32.553203,26
3972770736358051,,True,2026-06-24 07:00:00,2026-07-19 07:00:00,Chemist Warehouse,Chemist Warehouse,Shop Dove at Chemist Warehouse!,Shop the new Dove Serum Body Wash range at Chemist Warehouse!,Shop now,VIDEO,https://www.chemistwarehouse.com.au/shop-online/828/dove?utm_source=facebook&utm_medium=social&utm_campaign=au_cw_oa_facebook_social_unileveraustralialimited_dove_259_jun25_100465-oa_video&utm_term=traffic&utm_content=video_,www.chemistwarehouse.com.au,/shop-online/828/dove,facebook,social,au_cw_oa_facebook_social_unileveraustralialimited_dove_259_jun25_100465-oa_video,259,traffic,video_,O&O,Unileveraustralialimited,Dove,jun25,video,,,,,,"['FACEBOOK', 'INSTAGRAM', 'AUDIENCE_NETWORK', 'MESSENGER', 'WHATSAPP', 'THREADS']",au,cw,facebook,social,2026-W29,2026-07,"FACEBOOK, INSTAGRAM, AUDIENCE_NETWORK, MESSENGER, WHATSAPP, THREADS",True,True,True,True,True,True,Brand/Category Page,True,True,False,2026-07-20,2026-06-24 07:00:00,2026-07-20 15:37:32.553203,26
4428483677431473,,True,2026-06-24 07:00:00,2026-07-19 07:00:00,Chemist Warehouse,Chemist Warehouse,{{product.name}},{{product.brand}},Shop now,DCO,https://www.chemistwarehouse.com.au/shop-online/863/pantene?utm_source=facebook&utm_medium=social&utm_campaign=au_cw_oa_facebook_social_proctergambleaustralia_pantene_129_2026_100587-oa_image&utm_term=conversion&utm_content=image_all,www.chemistwarehouse.com.au,/shop-online/863/pantene,facebook,social,au_cw_oa_facebook_social_proctergambleaustralia_pantene_129_2026_100587-oa_image,129,conversion,image_all,O&O,Proctergambleaustralia,Pantene,2026,image,Shop Pantene Now ,Shop Pantene 1/2 Price OFF RRP at Chemist Warehouse . Repairs up to 3 years of damage from first use.,Shop Now,https://scontent-ams2-1.xx.fbcdn.net/v/t39.35426-6/728512146_1947822269248874_7272787151610514135_n.jpg?_nc_cat=109&ccb=1-7&_nc_sid=c53f8f&_nc_ohc=33gYbu-S0E0Q7kNvwHMxbgx&_nc_oc=AdqAVSEAab02-c050R3NhgLwmMXNnRISFDM7WEMWTeEJx3oAkcwH-bfYKmNTVIAD1TE&_nc_zt=14&_nc_ht=scontent-ams2-1.xx&_nc_gid=gRSQv8DQeT2KYE8msTatPg&_nc_ss=7f180&oh=00_AQA5EtRzVAZp2jpk9YQ1QVDZS1fJqjlg12FVrCOVYInMgA&oe=6A630CFA,,"['FACEBOOK', 'INSTAGRAM', 'AUDIENCE_NETWORK', 'MESSENGER', 'THREADS']",au,cw,facebook,social,2026-W29,2026-07,"FACEBOOK, INSTAGRAM, AUDIENCE_NETWORK, MESSENGER, THREADS",True,True,True,True,True,False,Brand/Category Page,True,False,False,2026-07-20,2026-06-24 07:00:00,2026-07-20 15:37:32.553203,26
952777064459578,,True,2026-06-24 07:00:00,2026-07-19 07:00:00,Chemist Warehouse,Chemist Warehouse,{{product.name}},{{product.brand}},Shop now,DCO,https://www.chemistwarehouse.com.au/shop-online/863/pantene?utm_source=facebook&utm_medium=social&utm_campaign=au_cw_oa_facebook_social_proctergambleaustralia_pantene_129_2026_100587-oa_image&utm_term=conversion&utm_content=image_all,www.chemistwarehouse.com.au,/shop-online/863/pantene,facebook,social,au_cw_oa_facebook_social_proctergambleaustralia_pantene_129_2026_100587-oa_image,129,conversion,image_all,O&O,Proctergambleaustralia,Pantene,2026,image,Shop Pantene Now,Shop Pantene 1/2 Price OFF RRP at Chemist Warehouse . Repairs up to 3 years of damage from first use.,Shop Now,https://scontent-ams2-1.xx.fbcdn.net/v/t39.35426-6/730109678_27848685811416376_6575577918772294792_n.jpg?_nc_cat=109&ccb=1-7&_nc_sid=c53f8f&_nc_ohc=tj3v_almOy0Q7kNvwErfVh4&_nc_oc=AdpgzQStE7Gz5n9az5wuUupkfbCW3p7ZWyvFsB5RhueAs_JevGOxJ6BInpFAmXycqO8&_nc_zt=14&_nc_ht=scontent-ams2-1.xx&_nc_gid=gRSQv8DQeT2KYE8msTatPg&_nc_ss=7f180&oh=00_AQAkk1UnkuAkMxPAJhNLACQMevEdEa33gDyfOXyuuHVuJw&oe=6A6331CB,,"['FACEBOOK', 'INSTAGRAM', 'AUDIENCE_NETWORK', 'MESSENGER', 'THREADS']",au,cw,facebook,social,2026-W29,2026-07,"FACEBOOK, INSTAGRAM, AUDIENCE_NETWORK, MESSENGER, THREADS",True,True,True,True,True,False,Brand/Category Page,True,False,False,2026-07-20,2026-06-24 07:00:00,2026-07-20 15:37:32.553203,26
2323881178383638,,True,2026-06-24 07:00:00,2026-07-19 07:00:00,Chemist Warehouse,Chemist Warehouse,{{product.name}},{{product.brand}},Shop now,DCO,https://www.chemistwarehouse.com.au/shop-online/863/pantene?utm_source=facebook&utm_medium=social&utm_campaign=au_cw_oa_facebook_social_proctergambleaustralia_pantene_129_2026_100587-oa_video-image&utm_term=traffic&utm_content=video-image_all,www.chemistwarehouse.com.au,/shop-online/863/pantene,facebook,social,au_cw_oa_facebook_social_proctergambleaustralia_pantene_129_2026_100587-oa_video-image,129,traffic,video-image_all,O&O,Proctergambleaustralia,Pantene,2026,video-image,Pantene Miracles Bond Repair,Repair up to 3 years of damage from first use. Now available in a leave-in cream! 1/2 OFF RRP at Chemist Warehouse,Shop Now,https://scontent-ams2-1.xx.fbcdn.net/v/t39.35426-6/727903877_1372236488440053_2039463780026928468_n.jpg?_nc_cat=100&ccb=1-7&_nc_sid=c53f8f&_nc_ohc=cwdxc-VsC00Q7kNvwGdBDPJ&_nc_oc=Ado3ytaUhFNPAvldmaaNEqxzRJkuyLAu96C88wqc_TN9oAgbE2Uv-q5w8Ro8UinZVNc&_nc_zt=14&_nc_ht=scontent-ams2-1.xx&_nc_gid=gRSQv8DQeT2KYE8msTatPg&_nc_ss=7f180&oh=00_AQBsUCmk1tO0C3HyPqCdXwXKEA8OY-cMWIZtXFBJlEB9TQ&oe=6A63129A,,"['FACEBOOK', 'INSTAGRAM', 'AUDIENCE_NETWORK', 'MESSENGER', 'WHATSAPP', 'THREADS']",au,cw,facebook,social,2026-W29,2026-07,"FACEBOOK, INSTAGRAM, AUDIENCE_NETWORK, MESSENGER, WHATSAPP, THREADS",True,True,True,True,True,True,Brand/Category Page,True,False,False,2026-07-20,2026-06-24 07:00:00,2026-07-20 15:37:32.553203,26
1054098680329425,,True,2026-06-24 07:00:00,2026-07-18 07:00:00,Chemist Warehouse,Chemist Warehouse,Pantene Miracles Bond Repair,"Repair up to 3 years of damage from first use, 1/2 price off RRP now at Chemist Warehouse",Shop now,VIDEO,https://www.chemistwarehouse.com.au/shop-online/863/pantene?utm_source=facebook&utm_medium=social&utm_campaign=au_cw_oa_facebook_social_proctergambleaustralia_pantene_129_2026_100587-oa_video-image&utm_term=traffic&utm_content=video-image_all,www.chemistwarehouse.com.au,/shop-online/863/pantene,facebook,social,au_cw_oa_facebook_social_proctergambleaustralia_pantene_129_2026_100587-oa_video-image,129,traffic,video-image_all,O&O,Proctergambleaustralia,Pantene,2026,video-image,,,,,,"['FACEBOOK', 'INSTAGRAM', 'AUDIENCE_NETWORK', 'MESSENGER', 'WHATSAPP', 'THREADS']",au,cw,facebook,social,2026-W29,2026-07,"FACEBOOK, INSTAGRAM, AUDIENCE_NETWORK, MESSENGER, WHATSAPP, THREADS",True,True,True,True,True,True,Brand/Category Page,True,True,True,2026-07-20,2026-06-24 07:00:00,2026-07-20 15:37:32.553203,26
2696961754053134,,True,2026-06-24 07:00:00,2026-07-19 07:00:00,Chemist Warehouse,Chemist Warehouse,{{product.name}},{{product.brand}},Shop now,DCO,https://www.chemistwarehouse.com.au/shop-online/863/pantene?utm_source=facebook&utm_medium=social&utm_campaign=au_cw_oa_facebook_social_proctergambleaustralia_pantene_129_2026_100587-oa_video-image&utm_term=traffic&utm_content=video-image_all,www.chemistwarehouse.com.au,/shop-online/863/pantene,facebook,social,au_cw_oa_facebook_social_proctergambleaustralia_pantene_129_2026_100587-oa_video-image,129,traffic,video-image_all,O&O,Proctergambleaustralia,Pantene,2026,video-image,Pantene Miracles Bond Repair,"New Bond Repair Leave-In cream delivers an instant boost of nourishment to get soft, repaired & frizz-free hair",Shop Now,https://scontent-ams2-1.xx.fbcdn.net/v/t39.35426-6/730598493_2831764433825060_4812487182657624565_n.jpg?_nc_cat=106&ccb=1-7&_nc_sid=c53f8f&_nc_ohc=u7jvGdshJUcQ7kNvwH77b8J&_nc_oc=AdpouizkQdZcnpPZF8sSfquHebHReul1cE9JMT6x16yqsvfzvvpQVSPMS-kYMwfoCZM&_nc_zt=14&_nc_ht=scontent-ams2-1.xx&_nc_gid=gRSQv8DQeT2KYE8msTatPg&_nc_ss=7f180&oh=00_AQBT7UGo61OUpA94Upr7k68V4xbR3cAYzJbhLXvsJxAztg&oe=6A630656,,"['FACEBOOK', 'INSTAGRAM', 'AUDIENCE_NETWORK', 'MESSENGER', 'WHATSAPP', 'THREADS']",au,cw,facebook,social,2026-W29,2026-07,"FACEBOOK, INSTAGRAM, AUDIENCE_NETWORK, MESSENGER, WHATSAPP, THREADS",True,True,True,True,True,True,Brand/Category Page,True,False,False,2026-07-20,2026-06-24 07:00:00,2026-07-20 15:37:32.553203,26
969573172187786,,True,2026-06-24 07:00:00,2026-07-16 07:00:00,Chemist Warehouse,Chemist Warehouse,{{product.name}},{{product.brand}},Shop now,DCO,https://www.chemistwarehouse.com.au/shop-online/863/pantene?utm_source=facebook&utm_medium=social&utm_campaign=au_cw_oa_facebook_social_proctergambleaustralia_pantene_129_2026_100587-oa_video-image&utm_term=traffic&utm_content=video-image_all,www.chemistwarehouse.com.au,/shop-online/863/pantene,facebook,social,au_cw_oa_facebook_social_proctergambleaustralia_pantene_129_2026_100587-oa_video-image,129,traffic,video-image_all,O&O,Proctergambleaustralia,Pantene,2026,video-image,Pantene Miracles Bond Repair,Repair up to 3 years of damage from first use. Now available in a leave-in cream! 1/2 OFF RRP at Chemist Warehouse,Shop Now,https://scontent-ams2-1.xx.fbcdn.net/v/t39.35426-6/729481107_1575273164212206_6368285820533384052_n.jpg?_nc_cat=107&ccb=1-7&_nc_sid=c53f8f&_nc_ohc=IuceKuLblJkQ7kNvwErBbnY&_nc_oc=AdrKr32MIaEGerFELHsoct_5qP5czGnABNZ8kDp7pz2-Bm6gAwFMw8_M8M_QLjCtvYQ&_nc_zt=14&_nc_ht=scontent-ams2-1.xx&_nc_gid=gRSQv8DQeT2KYE8msTatPg&_nc_ss=7f180&oh=00_AQCQE0cAlvvqAAaRqaTL8ChdZ2hNBW28Z6uVWTsZ8URCNA&oe=6A633386,,"['FACEBOOK', 'INSTAGRAM', 'AUDIENCE_NETWORK', 'MESSENGER', 'WHATSAPP', 'THREADS']",au,cw,facebook,social,2026-W29,2026-07,"FACEBOOK, INSTAGRAM, AUDIENCE_NETWORK, MESSENGER, WHATSAPP, THREADS",True,True,True,True,True,True,Brand/Category Page,True,False,False,2026-07-20,2026-06-24 07:00:00,2026-07-20 15:37:32.553203,26
951941291211381,1463075708836980,True,2026-06-24 07:00:00,2026-07-17 07:00:00,Chemist Warehouse,Chemist Warehouse,Pantene Miracles Bond Repair,"Repair up to 3 years of damage from first use, 1/2 price off RRP now at Chemist Warehouse",Shop now,VIDEO,https://www.chemistwarehouse.com.au/shop-online/863/pantene?utm_source=facebook&utm_medium=social&utm_campaign=au_cw_oa_facebook_social_proctergambleaustralia_pantene_129_2026_100587-oa_video-image&utm_term=traffic&utm_content=video-image_all,www.chemistwarehouse.com.au,/shop-online/863/pantene,facebook,social,au_cw_oa_facebook_social_proctergambleaustralia_pantene_129_2026_100587-oa_video-image,129,traffic,video-image_all,O&O,Proctergambleaustralia,Pantene,2026,video-image,,,,,,"['FACEBOOK', 'INSTAGRAM', 'AUDIENCE_NETWORK', 'MESSENGER', 'WHATSAPP', 'THREADS']",au,cw,facebook,social,2026-W29,2026-07,"FACEBOOK, INSTAGRAM, AUDIENCE_NETWORK, MESSENGER, WHATSAPP, THREADS",True,True,True,True,True,True,Brand/Category Page,True,True,True,2026-07-20,2026-06-24 07:00:00,2026-07-20 15:37:32.553203,26
1530992211797355,1463075708836980,True,2026-06-24 07:00:00,2026-07-17 07:00:00,Chemist Warehouse,Chemist Warehouse,Pantene Miracles Bond Repair,"Repair up to 3 years of damage from first use, 1/2 price off RRP now at Chemist Warehouse",Shop now,VIDEO,https://www.chemistwarehouse.com.au/shop-online/863/pantene?utm_source=facebook&utm_medium=social&utm_campaign=au_cw_oa_facebook_social_proctergambleaustralia_pantene_129_2026_100587-oa_video-image&utm_term=traffic&utm_content=video-image_all,www.chemistwarehouse.com.au,/shop-online/863/pantene,facebook,social,au_cw_oa_facebook_social_proctergambleaustralia_pantene_129_2026_100587-oa_video-image,129,traffic,video-image_all,O&O,Proctergambleaustralia,Pantene,2026,video-image,,,,,,"['FACEBOOK', 'INSTAGRAM', 'AUDIENCE_NETWORK', 'MESSENGER', 'WHATSAPP', 'THREADS']",au,cw,facebook,social,2026-W29,2026-07,"FACEBOOK, INSTAGRAM, AUDIENCE_NETWORK, MESSENGER, WHATSAPP, THREADS",True,True,True,True,True,True,Brand/Category Page,True,True,True,2026-07-20,2026-06-24 07:00:00,2026-07-20 15:37:32.553203,26
1321036803070444,899250385787120,True,2026-06-24 07:00:00,2026-07-15 07:00:00,Chemist Warehouse,Chemist Warehouse,Pantene Miracles Bond Repair,"Repair up to 3 years of damage from first use, 1/2 price off RRP now at Chemist Warehouse",Shop now,VIDEO,https://www.chemistwarehouse.com.au/shop-online/863/pantene?utm_source=facebook&utm_medium=social&utm_campaign=au_cw_oa_facebook_social_proctergambleaustralia_pantene_129_2026_100587-oa_video-image&utm_term=traffic&utm_content=video-image_all,www.chemistwarehouse.com.au,/shop-online/863/pantene,facebook,social,au_cw_oa_facebook_social_proctergambleaustralia_pantene_129_2026_100587-oa_video-image,129,traffic,video-image_all,O&O,Proctergambleaustralia,Pantene,2026,video-image,,,,,,"['FACEBOOK', 'INSTAGRAM', 'AUDIENCE_NETWORK', 'MESSENGER', 'WHATSAPP', 'THREADS']",au,cw,facebook,social,2026-W29,2026-07,"FACEBOOK, INSTAGRAM, AUDIENCE_NETWORK, MESSENGER, WHATSAPP, THREADS",True,True,True,True,True,True,Brand/Category Page,True,True,True,2026-07-20,2026-06-24 07:00:00,2026-07-20 15:37:32.553203,26
1714395164029358,,True,2026-06-24 07:00:00,2026-07-16 07:00:00,Chemist Warehouse,Chemist Warehouse,Pantene Miracles Bond Repair,"Repair up to 3 years of damage from first use, 1/2 price off RRP now at Chemist Warehouse",Shop now,VIDEO,https://www.chemistwarehouse.com.au/shop-online/863/pantene?utm_source=facebook&utm_medium=social&utm_campaign=au_cw_oa_facebook_social_proctergambleaustralia_pantene_129_2026_100587-oa_video-image&utm_term=traffic&utm_content=video-image_all,www.chemistwarehouse.com.au,/shop-online/863/pantene,facebook,social,au_cw_oa_facebook_social_proctergambleaustralia_pantene_129_2026_100587-oa_video-image,129,traffic,video-image_all,O&O,Proctergambleaustralia,Pantene,2026,video-image,,,,,,"['FACEBOOK', 'INSTAGRAM', 'AUDIENCE_NETWORK', 'MESSENGER', 'WHATSAPP', 'THREADS']",au,cw,facebook,social,2026-W29,2026-07,"FACEBOOK, INSTAGRAM, AUDIENCE_NETWORK, MESSENGER, WHATSAPP, THREADS",True,True,True,True,True,True,Brand/Category Page,True,True,True,2026-07-20,2026-06-24 07:00:00,2026-07-20 15:37:32.553203,26
2210160569837122,1530341421954128,True,2026-06-24 07:00:00,2026-07-14 07:00:00,Chemist Warehouse,Chemist Warehouse,Pantene Miracles Bond Repair,"Repair up to 3 years of damage from first use, 1/2 price off RRP now at Chemist Warehouse",Shop now,VIDEO,https://www.chemistwarehouse.com.au/shop-online/863/pantene?utm_source=facebook&utm_medium=social&utm_campaign=au_cw_oa_facebook_social_proctergambleaustralia_pantene_129_2026_100587-oa_video-image&utm_term=traffic&utm_content=video-image_all,www.chemistwarehouse.com.au,/shop-online/863/pantene,facebook,social,au_cw_oa_facebook_social_proctergambleaustralia_pantene_129_2026_100587-oa_video-image,129,traffic,video-image_all,O&O,Proctergambleaustralia,Pantene,2026,video-image,,,,,,"['FACEBOOK', 'INSTAGRAM', 'AUDIENCE_NETWORK', 'MESSENGER', 'WHATSAPP', 'THREADS']",au,cw,facebook,social,2026-W29,2026-07,"FACEBOOK, INSTAGRAM, AUDIENCE_NETWORK, MESSENGER, WHATSAPP, THREADS",True,True,True,True,True,True,Brand/Category Page,True,True,True,2026-07-20,2026-06-24 07:00:00,2026-07-20 15:37:32.553203,26
4303202239933198,27425128003809044,True,2026-06-24 07:00:00,2026-07-19 07:00:00,Chemist Warehouse,Chemist Warehouse,{{product.name}},{{product.brand}},Shop now,DCO,https://chemistwarehouseoptometry.com.au/,chemistwarehouseoptometry.com.au,/,,,,,,,Not Specified,,,,,Get $15 Off Your Order,"SAVE $15 ON YOUR CONTACT LENSES! 💰

Spend $150+ on contact lenses and we'll take $15 off - quickly, before it's too late! ✨

🏷️ Just add code SAVE15 at checkout
🚚 FREE shipping on orders $99+^
⏰ Hurry - offer ends 11:59PM 22/07/26 (AEST)

👉 Shop online now at Chemist Warehouse Optometry & see the savings!",Shop Now,,https://video-ams2-1.xx.fbcdn.net/o1/v/t2/f2/m366/AQPtHv98JKkgjMhEHgjvZYfdGYSQEgqHDk3zrK6kYOUd7w7LD1lw1GJ_InacenN-5vy5BiP5BfjbK0YCBztUJsplIItVqdbQWI86UKu3xTaaiA.mp4?_nc_cat=103&_nc_sid=b66105&_nc_ht=video-ams2-1.xx.fbcdn.net&_nc_ohc=GnYd2_y2lFIQ7kNvwEEAhkz&efg=eyJ2ZW5jb2RlX3RhZyI6Inhwdl9wcm9ncmVzc2l2ZS5WSV9VU0VDQVNFX1BST0RVQ1RfVFlQRS4uQzMuNzIwLmRhc2hfaDI2NC1iYXNpYy1nZW4yXzcyMHAiLCJ4cHZfYXNzZXRfaWQiOjEzMjcwMzkyMzI4OTMzODAsImFzc2V0X2FnZV9kYXlzIjoyNSwidmlfdXNlY2FzZV9pZCI6MTA3OTksImR1cmF0aW9uX3MiOjEwLCJ1cmxnZW5fc291cmNlIjoid3d3In0%3D&ccb=17-1&vs=375ff70606afb831&_nc_vs=HBkcFQIYRWZiX2VwaGVtZXJhbC9BNTRGRUNCQzgyRjY0NDVENkM4NjA3RjQ3RTdDRkE5Nl9tdF8xX3ZpZGVvX2Rhc2hpbml0Lm1wNBUAAsgBEgAoABgAGwKIB3VzZV9vaWwBMRJwcm9ncmVzc2l2ZV9yZWNpcGUBMRUAACaIh6Ph7LvbBBUCKAJDMywXQCQAAAAAAAAYGWRhc2hfaDI2NC1iYXNpYy1nZW4yXzcyMHARAHUAZd6oAQA&_nc_gid=5aKsz3PJF6QLrr1eHVHT2A&_nc_ss=7f180&_nc_zt=28&oh=00_AQC3WWXuXkuNb2nTzUm_NR-td_jwBVUnyiu9kIM9Tc75Ow&oe=6A632F69,"['FACEBOOK', 'INSTAGRAM', 'AUDIENCE_NETWORK', 'MESSENGER', 'THREADS']",,,,,2026-W29,2026-07,"FACEBOOK, INSTAGRAM, AUDIENCE_NETWORK, MESSENGER, THREADS",True,True,True,True,True,False,Homepage,True,False,False,2026-07-20,2026-06-24 07:00:00,2026-07-20 15:37:32.553203,26
999187176298825,2159235607980963,True,2026-06-25 07:00:00,2026-07-18 07:00:00,Chemist Warehouse,Chemist Warehouse,{{product.name}},{{product.brand}},Shop now,DCO,https://chemistwarehouseoptometry.com.au/,chemistwarehouseoptometry.com.au,/,,,,,,,Not Specified,,,,,Shop at Chemist Warehouse Optometry now,"Stop paying too much on contact lenses at Chemist Warehouse Optometry.

👉 Wide range of lenses at everyday low prices.
👉 Free Shipping on orders over $99
👉 Tracked Delivery on all orders
👉 Friendly Customer Service

Shop Online Now at Chemist Warehouse Optometry & see the savings!",Shop Now,https://scontent-ams2-1.xx.fbcdn.net/v/t39.35426-6/729558337_1602515834765669_8603472324888636563_n.jpg?_nc_cat=104&ccb=1-7&_nc_sid=c53f8f&_nc_ohc=sGGRdpt1_GYQ7kNvwHlCQJo&_nc_oc=AdqHr3_V0Hep3OmO8RpeQ5BT2p9k7OetIZRWWMf2rc-6-jLYR-JVv0EGrZZhuS6IWHw&_nc_zt=14&_nc_ht=scontent-ams2-1.xx&_nc_gid=LJkL90enVMyTOVPEU5AMNg&_nc_ss=7f180&oh=00_AQDQCEgLgpBA5-_sLowEiQurfN1yFYngh1uZJvvM4ih13w&oe=6A632F87,,"['FACEBOOK', 'INSTAGRAM', 'AUDIENCE_NETWORK', 'THREADS']",,,,,2026-W29,2026-07,"FACEBOOK, INSTAGRAM, AUDIENCE_NETWORK, THREADS",True,True,True,False,True,False,Homepage,True,False,False,2026-07-20,2026-06-25 07:00:00,2026-07-20 15:37:32.553203,25
1254269729959781,1724449785557550,True,2026-06-24 07:00:00,2026-07-19 07:00:00,Chemist Warehouse,Chemist Warehouse,{{product.name}},{{product.brand}},Shop now,DCO,https://chemistwarehouseoptometry.com.au/,chemistwarehouseoptometry.com.au,/,,,,,,,Not Specified,,,,,Get $15 Off Your Order,"SAVE $15 ON YOUR CONTACT LENSES! 💰

Spend $150+ on contact lenses and we'll take $15 off - limited time only! ✨

🏷️ Just add code SAVE15 at checkout
🚚 FREE shipping on orders $99+^
⏰ Hurry - offer ends 11:59PM 22/07/26 (AEST)

👉 Shop online now at Chemist Warehouse Optometry & see the savings!",Shop Now,https://scontent-ams2-1.xx.fbcdn.net/v/t39.35426-6/728503146_993520903315304_1930001432262182381_n.jpg?_nc_cat=104&ccb=1-7&_nc_sid=c53f8f&_nc_ohc=ybNuQ7SwCHMQ7kNvwHTp3iO&_nc_oc=AdqRhOHRQakh3Gj7imxzbbcrm8scS9-0is31VIjRk7yTYoMzzQPdHTiTNwwXONLYllk&_nc_zt=14&_nc_ht=scontent-ams2-1.xx&_nc_gid=5aKsz3PJF6QLrr1eHVHT2A&_nc_ss=7f180&oh=00_AQALR8j_iiMEU0NpaSD-2YwVG_I7AEU2kk-8RCFfpquQwQ&oe=6A63214C,,"['FACEBOOK', 'INSTAGRAM', 'AUDIENCE_NETWORK', 'MESSENGER', 'THREADS']",,,,,2026-W29,2026-07,"FACEBOOK, INSTAGRAM, AUDIENCE_NETWORK, MESSENGER, THREADS",True,True,True,True,True,False,Homepage,True,False,False,2026-07-20,2026-06-24 07:00:00,2026-07-20 15:37:32.553203,26
987517917532542,2249849238754684,True,2026-06-24 07:00:00,2026-07-19 07:00:00,Chemist Warehouse,Chemist Warehouse,{{product.name}},{{product.brand}},Shop now,DCO,https://chemistwarehouseoptometry.com.au/,chemistwarehouseoptometry.com.au,/,,,,,,,Not Specified,,,,,Get $15 Off Your Order,"SAVE $15 ON YOUR CONTACT LENSES! 💰

Spend $150+ on contact lenses and we'll take $15 off - limited time only! ✨

🏷️ Just add code SAVE15 at checkout
🚚 FREE shipping on orders $99+^
⏰ Hurry - offer ends 11:59PM 22/07/26 (AEST)

👉 Shop online now at Chemist Warehouse Optometry & see the savings!",Shop Now,https://scontent-ams2-1.xx.fbcdn.net/v/t39.35426-6/731344390_1538141504639192_6848708542310246310_n.jpg?_nc_cat=100&ccb=1-7&_nc_sid=c53f8f&_nc_ohc=uTP40DmZ0IcQ7kNvwH6y1eu&_nc_oc=AdpqrMz9WV0Jh9N1fCJIjLnN-t5GL7xEQaZDI254FwFS1qFHZ-mGEo_u7mKRak7MaPw&_nc_zt=14&_nc_ht=scontent-ams2-1.xx&_nc_gid=5aKsz3PJF6QLrr1eHVHT2A&_nc_ss=7f180&oh=00_AQBbUkm5mhIrVxtgIlhlMVjFJpMbPWiTsZtGibEJ3aHLng&oe=6A63028C,,"['FACEBOOK', 'INSTAGRAM', 'AUDIENCE_NETWORK', 'THREADS']",,,,,2026-W29,2026-07,"FACEBOOK, INSTAGRAM, AUDIENCE_NETWORK, THREADS",True,True,True,False,True,False,Homepage,True,False,False,2026-07-20,2026-06-24 07:00:00,2026-07-20 15:37:32.553203,26
1034327389130838,1628487521584542,True,2026-06-24 07:00:00,2026-07-18 07:00:00,Chemist Warehouse,Chemist Warehouse,{{product.name}},{{product.brand}},Shop now,DCO,https://chemistwarehouseoptometry.com.au/,chemistwarehouseoptometry.com.au,/,,,,,,,Not Specified,,,,,Get $15 Off Your Order,"SAVE $15 ON YOUR CONTACT LENSES! 💰

Spend $150+ on contact lenses and we'll take $15 off - limited time only! ✨

🏷️ Just add code SAVE15 at checkout
🚚 FREE shipping on orders $99+^
⏰ Hurry - offer ends 11:59PM 22/07/26 (AEST)

👉 Shop online now at Chemist Warehouse Optometry & see the savings!",Shop Now,,https://video-ams2-1.xx.fbcdn.net/o1/v/t2/f2/m366/AQPtHv98JKkgjMhEHgjvZYfdGYSQEgqHDk3zrK6kYOUd7w7LD1lw1GJ_InacenN-5vy5BiP5BfjbK0YCBztUJsplIItVqdbQWI86UKu3xTaaiA.mp4?_nc_cat=103&_nc_sid=b66105&_nc_ht=video-ams2-1.xx.fbcdn.net&_nc_ohc=GnYd2_y2lFIQ7kNvwEEAhkz&efg=eyJ2ZW5jb2RlX3RhZyI6Inhwdl9wcm9ncmVzc2l2ZS5WSV9VU0VDQVNFX1BST0RVQ1RfVFlQRS4uQzMuNzIwLmRhc2hfaDI2NC1iYXNpYy1nZW4yXzcyMHAiLCJ4cHZfYXNzZXRfaWQiOjEzMjcwMzkyMzI4OTMzODAsImFzc2V0X2FnZV9kYXlzIjoyNSwidmlfdXNlY2FzZV9pZCI6MTA3OTksImR1cmF0aW9uX3MiOjEwLCJ1cmxnZW5fc291cmNlIjoid3d3In0%3D&ccb=17-1&vs=375ff70606afb831&_nc_vs=HBkcFQIYRWZiX2VwaGVtZXJhbC9BNTRGRUNCQzgyRjY0NDVENkM4NjA3RjQ3RTdDRkE5Nl9tdF8xX3ZpZGVvX2Rhc2hpbml0Lm1wNBUAAsgBEgAoABgAGwKIB3VzZV9vaWwBMRJwcm9ncmVzc2l2ZV9yZWNpcGUBMRUAACaIh6Ph7LvbBBUCKAJDMywXQCQAAAAAAAAYGWRhc2hfaDI2NC1iYXNpYy1nZW4yXzcyMHARAHUAZd6oAQA&_nc_gid=5aKsz3PJF6QLrr1eHVHT2A&_nc_ss=7f180&_nc_zt=28&oh=00_AQC3WWXuXkuNb2nTzUm_NR-td_jwBVUnyiu9kIM9Tc75Ow&oe=6A632F69,"['FACEBOOK', 'INSTAGRAM', 'AUDIENCE_NETWORK', 'THREADS']",,,,,2026-W29,2026-07,"FACEBOOK, INSTAGRAM, AUDIENCE_NETWORK, THREADS",True,True,True,False,True,False,Homepage,True,False,False,2026-07-20,2026-06-24 07:00:00,2026-07-20 15:37:32.553203,26
989690537378560,2942740046066474,True,2026-06-24 07:00:00,2026-07-19 07:00:00,Chemist Warehouse,Chemist Warehouse,{{product.name}},{{product.brand}},Shop now,DCO,https://chemistwarehouseoptometry.com.au/,chemistwarehouseoptometry.com.au,/,,,,,,,Not Specified,,,,,Get $15 Off Your Order,"SAVE $15 ON YOUR CONTACT LENSES! 💰

Spend $150+ on contact lenses and we'll take $15 off - limited time only! ✨

🏷️ Just add code SAVE15 at checkout
🚚 FREE shipping on orders $99+^
⏰ Hurry - offer ends 11:59PM 22/07/26 (AEST)

👉 Shop online now at Chemist Warehouse Optometry & see the savings!",Shop Now,,https://video-ams2-1.xx.fbcdn.net/o1/v/t2/f2/m366/AQPtHv98JKkgjMhEHgjvZYfdGYSQEgqHDk3zrK6kYOUd7w7LD1lw1GJ_InacenN-5vy5BiP5BfjbK0YCBztUJsplIItVqdbQWI86UKu3xTaaiA.mp4?_nc_cat=103&_nc_sid=b66105&_nc_ht=video-ams2-1.xx.fbcdn.net&_nc_ohc=GnYd2_y2lFIQ7kNvwEEAhkz&efg=eyJ2ZW5jb2RlX3RhZyI6Inhwdl9wcm9ncmVzc2l2ZS5WSV9VU0VDQVNFX1BST0RVQ1RfVFlQRS4uQzMuNzIwLmRhc2hfaDI2NC1iYXNpYy1nZW4yXzcyMHAiLCJ4cHZfYXNzZXRfaWQiOjEzMjcwMzkyMzI4OTMzODAsImFzc2V0X2FnZV9kYXlzIjoyNSwidmlfdXNlY2FzZV9pZCI6MTA3OTksImR1cmF0aW9uX3MiOjEwLCJ1cmxnZW5fc291cmNlIjoid3d3In0%3D&ccb=17-1&vs=375ff70606afb831&_nc_vs=HBkcFQIYRWZiX2VwaGVtZXJhbC9BNTRGRUNCQzgyRjY0NDVENkM4NjA3RjQ3RTdDRkE5Nl9tdF8xX3ZpZGVvX2Rhc2hpbml0Lm1wNBUAAsgBEgAoABgAGwKIB3VzZV9vaWwBMRJwcm9ncmVzc2l2ZV9yZWNpcGUBMRUAACaIh6Ph7LvbBBUCKAJDMywXQCQAAAAAAAAYGWRhc2hfaDI2NC1iYXNpYy1nZW4yXzcyMHARAHUAZd6oAQA&_nc_gid=5aKsz3PJF6QLrr1eHVHT2A&_nc_ss=7f180&_nc_zt=28&oh=00_AQC3WWXuXkuNb2nTzUm_NR-td_jwBVUnyiu9kIM9Tc75Ow&oe=6A632F69,"['FACEBOOK', 'INSTAGRAM', 'AUDIENCE_NETWORK', 'MESSENGER', 'THREADS']",,,,,2026-W29,2026-07,"FACEBOOK, INSTAGRAM, AUDIENCE_NETWORK, MESSENGER, THREADS",True,True,True,True,True,False,Homepage,True,False,False,2026-07-20,2026-06-24 07:00:00,2026-07-20 15:37:32.553203,26
1350972690431069,2249849238754684,True,2026-06-24 07:00:00,2026-07-18 07:00:00,Chemist Warehouse,Chemist Warehouse,{{product.name}},{{product.brand}},Shop now,DCO,https://chemistwarehouseoptometry.com.au/,chemistwarehouseoptometry.com.au,/,,,,,,,Not Specified,,,,,Get $15 Off Your Order,"SAVE $15 ON YOUR CONTACT LENSES! 💰

Spend $150+ on contact lenses and we'll take $15 off - limited time only! ✨

🏷️ Just add code SAVE15 at checkout
🚚 FREE shipping on orders $99+^
⏰ Hurry - offer ends 11:59PM 22/07/26 (AEST)

👉 Shop online now at Chemist Warehouse Optometry & see the savings!",Shop Now,https://scontent-ams2-1.xx.fbcdn.net/v/t39.35426-6/731147184_27742528952018538_9213911617451521458_n.jpg?_nc_cat=106&ccb=1-7&_nc_sid=c53f8f&_nc_ohc=u3pjmSUfAAsQ7kNvwHhwnax&_nc_oc=Adr575TTP9AMxJRfCteE2GehB4oRrp7r5T-w3iAfHuuDd-Ki8BvXhw3guhP_OqzOR2I&_nc_zt=14&_nc_ht=scontent-ams2-1.xx&_nc_gid=5aKsz3PJF6QLrr1eHVHT2A&_nc_ss=7f180&oh=00_AQAMv10FApDd0qyFBSmzcY8caEig-xJeBbj9f1h-Zjsm4Q&oe=6A63082D,,"['FACEBOOK', 'INSTAGRAM', 'AUDIENCE_NETWORK', 'MESSENGER', 'THREADS']",,,,,2026-W29,2026-07,"FACEBOOK, INSTAGRAM, AUDIENCE_NETWORK, MESSENGER, THREADS",True,True,True,True,True,False,Homepage,True,False,False,2026-07-20,2026-06-24 07:00:00,2026-07-20 15:37:32.553203,26
1512894647049634,1328853135884197,True,2026-06-24 07:00:00,2026-07-18 07:00:00,Chemist Warehouse,Chemist Warehouse,{{product.name}},{{product.brand}},Shop now,DCO,https://chemistwarehouseoptometry.com.au/,chemistwarehouseoptometry.com.au,/,,,,,,,Not Specified,,,,,Get $15 Off Your Order,"SAVE $15 ON YOUR CONTACT LENSES! 💰

Spend $150+ on contact lenses and we'll take $15 off - limited time only! ✨

🏷️ Just add code SAVE15 at checkout
🚚 FREE shipping on orders $99+^
⏰ Hurry - offer ends 11:59PM 22/07/26 (AEST)

👉 Shop online now at Chemist Warehouse Optometry & see the savings!",Shop Now,https://scontent-ams2-1.xx.fbcdn.net/v/t39.35426-6/729567235_2532680500498629_7410422505785075545_n.jpg?_nc_cat=107&ccb=1-7&_nc_sid=c53f8f&_nc_ohc=Hzfrxgn1lpIQ7kNvwHwvORZ&_nc_oc=AdqSF-FHEu1gm3s1oXy7niuXd47YYSiHKHavCq_BauLOfEL0cI4LwJOZb0OV2LMc0Yc&_nc_zt=14&_nc_ht=scontent-ams2-1.xx&_nc_gid=5aKsz3PJF6QLrr1eHVHT2A&_nc_ss=7f180&oh=00_AQBZY66GcEz1c7sbHA7l1LkyR_HPuXAGL8LarfWVQLJ96Q&oe=6A630E92,,"['FACEBOOK', 'INSTAGRAM', 'AUDIENCE_NETWORK', 'THREADS']",,,,,2026-W29,2026-07,"FACEBOOK, INSTAGRAM, AUDIENCE_NETWORK, THREADS",True,True,True,False,True,False,Homepage,True,False,False,2026-07-20,2026-06-24 07:00:00,2026-07-20 15:37:32.553203,26
877904778148355,2942740046066474,True,2026-06-24 07:00:00,2026-07-19 07:00:00,Chemist Warehouse,Chemist Warehouse,{{product.name}},{{product.brand}},Shop now,DCO,https://chemistwarehouseoptometry.com.au/,chemistwarehouseoptometry.com.au,/,,,,,,,Not Specified,,,,,Get $15 Off Your Order,"SAVE $15 ON YOUR CONTACT LENSES! 💰

Spend $150+ on contact lenses and we'll take $15 off - limited time only! ✨

🏷️ Just add code SAVE15 at checkout
🚚 FREE shipping on orders $99+^
⏰ Hurry - offer ends 11:59PM 22/07/26 (AEST)

👉 Shop online now at Chemist Warehouse Optometry & see the savings!",Shop Now,,https://video-ams2-1.xx.fbcdn.net/o1/v/t2/f2/m366/AQPtHv98JKkgjMhEHgjvZYfdGYSQEgqHDk3zrK6kYOUd7w7LD1lw1GJ_InacenN-5vy5BiP5BfjbK0YCBztUJsplIItVqdbQWI86UKu3xTaaiA.mp4?_nc_cat=103&_nc_sid=b66105&_nc_ht=video-ams2-1.xx.fbcdn.net&_nc_ohc=GnYd2_y2lFIQ7kNvwEEAhkz&efg=eyJ2ZW5jb2RlX3RhZyI6Inhwdl9wcm9ncmVzc2l2ZS5WSV9VU0VDQVNFX1BST0RVQ1RfVFlQRS4uQzMuNzIwLmRhc2hfaDI2NC1iYXNpYy1nZW4yXzcyMHAiLCJ4cHZfYXNzZXRfaWQiOjEzMjcwMzkyMzI4OTMzODAsImFzc2V0X2FnZV9kYXlzIjoyNSwidmlfdXNlY2FzZV9pZCI6MTA3OTksImR1cmF0aW9uX3MiOjEwLCJ1cmxnZW5fc291cmNlIjoid3d3In0%3D&ccb=17-1&vs=375ff70606afb831&_nc_vs=HBkcFQIYRWZiX2VwaGVtZXJhbC9BNTRGRUNCQzgyRjY0NDVENkM4NjA3RjQ3RTdDRkE5Nl9tdF8xX3ZpZGVvX2Rhc2hpbml0Lm1wNBUAAsgBEgAoABgAGwKIB3VzZV9vaWwBMRJwcm9ncmVzc2l2ZV9yZWNpcGUBMRUAACaIh6Ph7LvbBBUCKAJDMywXQCQAAAAAAAAYGWRhc2hfaDI2NC1iYXNpYy1nZW4yXzcyMHARAHUAZd6oAQA&_nc_gid=5aKsz3PJF6QLrr1eHVHT2A&_nc_ss=7f180&_nc_zt=28&oh=00_AQC3WWXuXkuNb2nTzUm_NR-td_jwBVUnyiu9kIM9Tc75Ow&oe=6A632F69,"['FACEBOOK', 'INSTAGRAM', 'AUDIENCE_NETWORK', 'THREADS']",,,,,2026-W29,2026-07,"FACEBOOK, INSTAGRAM, AUDIENCE_NETWORK, THREADS",True,True,True,False,True,False,Homepage,True,False,False,2026-07-20,2026-06-24 07:00:00,2026-07-20 15:37:32.553203,26
2298633840905744,4534210003507184,True,2026-06-25 07:00:00,2026-07-19 07:00:00,Chemist Warehouse,Chemist Warehouse,NEW Mega Lift Brownie Pie Mascara,Shop Rimmel’s viral Brownie Pie range now at Chemist Warehouse,Shop now,VIDEO,https://www.chemistwarehouse.com.au/shop-online/rimmel-brownie-pie?utm_source=facebook&utm_medium=social&utm_campaign=au_cw_oa_facebook_social_cotyconsumerbeauty_rimmel_648_june26_100560-browniepie_video-image&utm_term=traffic&utm_content=video-image_brand,www.chemistwarehouse.com.au,/shop-online/rimmel-brownie-pie,facebook,social,au_cw_oa_facebook_social_cotyconsumerbeauty_rimmel_648_june26_100560-browniepie_video-image,648,traffic,video-image_brand,O&O,Cotyconsumerbeauty,Rimmel,june26,video-image,,,,,,"['FACEBOOK', 'INSTAGRAM', 'AUDIENCE_NETWORK', 'MESSENGER', 'WHATSAPP', 'THREADS']",au,cw,facebook,social,2026-W29,2026-07,"FACEBOOK, INSTAGRAM, AUDIENCE_NETWORK, MESSENGER, WHATSAPP, THREADS",True,True,True,True,True,True,Brand/Category Page,True,True,False,2026-07-20,2026-06-25 07:00:00,2026-07-20 15:37:32.553203,25
28307822072141053,1037767641993896,True,2026-07-15 07:00:00,2026-07-19 07:00:00,Chemist Warehouse,Chemist Warehouse,"Your day, your BOOST!","Your day, your VOOST!

Always read the label and follow the directions for use.",Shop now,VIDEO,https://www.chemistwarehouse.com.au/shop-online/2368/voost?utm_source=facebook&utm_medium=social&utm_campaign=au_cw_oa_facebook_social_proctergambleaustralia_voost_81_2026_100537-oa_video-image&utm_term=conversion&utm_content=video-image_all,www.chemistwarehouse.com.au,/shop-online/2368/voost,facebook,social,au_cw_oa_facebook_social_proctergambleaustralia_voost_81_2026_100537-oa_video-image,81,conversion,video-image_all,O&O,Proctergambleaustralia,Voost,2026,video-image,,,,,,"['FACEBOOK', 'INSTAGRAM', 'AUDIENCE_NETWORK', 'MESSENGER', 'THREADS']",au,cw,facebook,social,2026-W29,2026-07,"FACEBOOK, INSTAGRAM, AUDIENCE_NETWORK, MESSENGER, THREADS",True,True,True,True,True,False,Brand/Category Page,True,False,False,2026-07-20,2026-07-15 07:00:00,2026-07-20 15:37:32.553203,5
976309225196310,1661308175101459,True,2026-06-23 07:00:00,2026-07-19 07:00:00,Chemist Warehouse,Chemist Warehouse,{{product.name}},{{product.brand}},Shop now,DCO,https://www.chemistwarehouse.com.au/shop-online/carusos-gummies?utm_source=facebook&utm_medium=social&utm_campaign=au_cw_oa_facebook_social_carusosnaturalhealth_carusos_81_may26_100524-oa-taffic_video-image&utm_term=traffic&utm_content=video-image_ashwa,www.chemistwarehouse.com.au,/shop-online/carusos-gummies,facebook,social,au_cw_oa_facebook_social_carusosnaturalhealth_carusos_81_may26_100524-oa-taffic_video-image,81,traffic,video-image_ashwa,O&O,Carusosnaturalhealth,Carusos,may26,video-image,Wellness made delicious,"Discover the easier way to wellness with Caruso's Herbal Gummies. Delicious herbal support you can take anytime, anywhere.

Vegan | 99% Sugar Free | Natural Colours

Always read the label and follow the directions for use.",Shop Now,,https://video-ams2-1.xx.fbcdn.net/o1/v/t2/f2/m366/AQPtOjWiTlGkGOTXYBgfwUmAqcml9krJeRpXwHZOp9dORYLzTpqp4gbaZUAAuptYWb3r9AYFcd4j3uoZGpeI4a1R0kinQDwuO1kuSX5UM8xo9w.mp4?_nc_cat=100&_nc_sid=b66105&_nc_ht=video-ams2-1.xx.fbcdn.net&_nc_ohc=FCWB-HZzO3kQ7kNvwEl2JLP&efg=eyJ2ZW5jb2RlX3RhZyI6Inhwdl9wcm9ncmVzc2l2ZS5WSV9VU0VDQVNFX1BST0RVQ1RfVFlQRS4uQzMuNzIwLmRhc2hfaDI2NC1iYXNpYy1nZW4yXzcyMHAiLCJ4cHZfYXNzZXRfaWQiOjE1MjczNDM2NTIwODMyNjAsImFzc2V0X2FnZV9kYXlzIjo1MywidmlfdXNlY2FzZV9pZCI6MTA3OTksImR1cmF0aW9uX3MiOjgsInVybGdlbl9zb3VyY2UiOiJ3d3cifQ%3D%3D&ccb=17-1&vs=e5179231df13a0ce&_nc_vs=HBksFQIYRWZiX2VwaGVtZXJhbC9CMzQ3MEFGOUQ2NDg0OTlBNEMwOUVFNzAxNjhGQjI5QV9tdF8xX3ZpZGVvX2Rhc2hpbml0Lm1wNBUAAsgBEgAVAhhAZmJfcGVybWFuZW50Lzk1NDA4ODM5RUMzQzRGNDE0OTBBMDJCNzAyNkIyNEEwX2F1ZGlvX2Rhc2hpbml0Lm1wNBUCAsgBEgAoABgAGwKIB3VzZV9vaWwBMRJwcm9ncmVzc2l2ZV9yZWNpcGUBMRUAACb42Kj9jMe2BRUCKAJDMywXQCAAAAAAAAAYGWRhc2hfaDI2NC1iYXNpYy1nZW4yXzcyMHARAHUAZd6oAQA&_nc_gid=5aKsz3PJF6QLrr1eHVHT2A&_nc_ss=7f180&_nc_zt=28&oh=00_AQAIp_R_WFEahUncHiPFMlUZ7YGe7d6dmak2_9aDTDVDkQ&oe=6A6315A8,"['FACEBOOK', 'INSTAGRAM', 'AUDIENCE_NETWORK', 'MESSENGER', 'WHATSAPP', 'THREADS']",au,cw,facebook,social,2026-W29,2026-07,"FACEBOOK, INSTAGRAM, AUDIENCE_NETWORK, MESSENGER, WHATSAPP, THREADS",True,True,True,True,True,True,Brand/Category Page,True,False,False,2026-07-20,2026-06-23 07:00:00,2026-07-20 15:37:32.553203,27
2126910357889391,1741679483951133,True,2026-06-24 07:00:00,2026-07-19 07:00:00,Chemist Warehouse,Chemist Warehouse,{{product.name}},{{product.brand}},Shop now,DCO,https://www.chemistwarehouse.com.au/buy/168503/l-oreal-paris-revitalift-laser-dark-spot-creamy-serum-30ml?utm_source=facebook&utm_medium=social&utm_campaign=au_cw_coop_facebook_social_lorealaustraliaptyltd_lorealparis_665_2026_bau_dynamic&utm_term=traffic&utm_content=dynamic_cushionvid,www.chemistwarehouse.com.au,/buy/168503/l-oreal-paris-revitalift-laser-dark-spot-creamy-serum-30ml,facebook,social,au_cw_coop_facebook_social_lorealaustraliaptyltd_lorealparis_665_2026_bau_dynamic,665,traffic,dynamic_cushionvid,Coop,Lorealaustraliaptyltd,Lorealparis,2026,dynamic,L’Oréal Paris Revitalift Creamy-Serum,"Formulated with multi-patented Melasyl™. In 7 days see triple efficacy: wrinkles, dark spots, dullness. You're Worth It.",Shop Now,https://scontent-ams2-1.xx.fbcdn.net/v/t39.35426-6/728473990_4387511174844537_5826334507530277081_n.jpg?_nc_cat=111&ccb=1-7&_nc_sid=c53f8f&_nc_ohc=t2jaQgHZPAcQ7kNvwFo6tRo&_nc_oc=AdrNsvIdzsncEH5IMsTOMsh63jdbgxHx7I_RL0ZwORNQk9LzgKLQGrmBQOi5iYVpmMg&_nc_zt=14&_nc_ht=scontent-ams2-1.xx&_nc_gid=5aKsz3PJF6QLrr1eHVHT2A&_nc_ss=7f180&oh=00_AQAdvVsxuDb1MTFwiEocTP25i7bz7bPJJ5p18L56O2uLZQ&oe=6A6316AA,,"['FACEBOOK', 'INSTAGRAM', 'AUDIENCE_NETWORK', 'MESSENGER', 'THREADS']",au,cw,facebook,social,2026-W29,2026-07,"FACEBOOK, INSTAGRAM, AUDIENCE_NETWORK, MESSENGER, THREADS",True,True,True,True,True,False,SKU Product,True,False,False,2026-07-20,2026-06-24 07:00:00,2026-07-20 15:37:32.553203,26
938710442519416,895823456893450,True,2026-06-23 07:00:00,2026-07-19 07:00:00,Chemist Warehouse,Chemist Warehouse,{{product.name}},{{product.brand}},Shop now,DCO,https://www.chemistwarehouse.com.au/shop-online/3087/iberogast?utm_source=facebook&utm_medium=social&utm_campaign=au_cw_coop_facebook_social_bayeraustralialtd_iberogast_258_jun25_100137-bau_video&utm_term=traffic&utm_content=video_,www.chemistwarehouse.com.au,/shop-online/3087/iberogast,facebook,social,au_cw_coop_facebook_social_bayeraustralialtd_iberogast_258_jun25_100137-bau_video,258,traffic,video_,Coop,Bayeraustralialtd,Iberogast,jun25,video,Shop at Chemist Warehouse,"6 Digestive Symptoms, All-in-One Clinically¹,² Proven Relief",Shop Now,https://scontent-ams2-1.xx.fbcdn.net/v/t39.35426-6/729467022_1002660952409570_6589958094607179491_n.jpg?_nc_cat=108&ccb=1-7&_nc_sid=c53f8f&_nc_ohc=9mdPIaewY8oQ7kNvwGgmXmY&_nc_oc=AdrENlvelcHSBjI87PciB6vO_fPyHwDqLjzCPX_xDfKpZurVbxfnDItkWN9jmaISvjQ&_nc_zt=14&_nc_ht=scontent-ams2-1.xx&_nc_gid=5aKsz3PJF6QLrr1eHVHT2A&_nc_ss=7f180&oh=00_AQAMb28azoN3BchQtSfWGIOp8E1oEimtlpeYYJWjeV7orA&oe=6A6320A6,,"['FACEBOOK', 'INSTAGRAM', 'AUDIENCE_NETWORK', 'MESSENGER', 'WHATSAPP', 'THREADS']",au,cw,facebook,social,2026-W29,2026-07,"FACEBOOK, INSTAGRAM, AUDIENCE_NETWORK, MESSENGER, WHATSAPP, THREADS",True,True,True,True,True,True,Brand/Category Page,True,False,False,2026-07-20,2026-06-23 07:00:00,2026-07-20 15:37:32.553203,27
1749241386065638,,True,2026-06-24 07:00:00,2026-07-19 07:00:00,Chemist Warehouse,Chemist Warehouse,Chemist Warehouse,Shop Rimmel’s viral Brownie Pie range now at Chemist Warehouse,Shop now,DPA,https://www.chemistwarehouse.com.au/shop-online/rimmel-brownie-pie?utm_source=facebook&utm_medium=social&utm_campaign=au_cw_oa_facebook_social_cotyconsumerbeauty_rimmel_648_2026_bau_dynamic&utm_term=conversion&utm_content=dynamic_brand,www.chemistwarehouse.com.au,/shop-online/rimmel-brownie-pie,facebook,social,au_cw_oa_facebook_social_cotyconsumerbeauty_rimmel_648_2026_bau_dynamic,648,conversion,dynamic_brand,O&O,Cotyconsumerbeauty,Rimmel,2026,dynamic,Chemist Warehouse,Shop Rimmel’s viral Brownie Pie range now at Chemist Warehouse,Shop Now,https://scontent-ams2-1.xx.fbcdn.net/v/t39.35426-6/731093817_1263116199053008_1632330682478622062_n.jpg?_nc_cat=102&ccb=1-7&_nc_sid=c53f8f&_nc_ohc=BOR0hh3ZgS0Q7kNvwGnHNL6&_nc_oc=Adot9Luu9FD8EmnIm0iUckBO3TDrhi_p8BGi1iFCXiv5PRQbIy3fYNQSuFr3Kp-pC10&_nc_zt=14&_nc_ht=scontent-ams2-1.xx&_nc_gid=gRSQv8DQeT2KYE8msTatPg&_nc_ss=7f180&oh=00_AQDW6J8EqNTcx4Vke3_azRyVC-gGErMX8B3UOsyxf0nqgw&oe=6A6320A5,https://video-ams2-1.xx.fbcdn.net/o1/v/t2/f2/m366/AQNMWxoHlVH_265hZT9dJfPGJncgKJNPPcQD_XI1g-78TcdOrI-xGuxv-Q9uHeJ4G30hEWqPoZnSWMadMJ3NziqB22K6MZXVLPDVMdq7CsjsTA.mp4?_nc_cat=105&_nc_sid=b66105&_nc_ht=video-ams2-1.xx.fbcdn.net&_nc_ohc=VEBe2-4_qLIQ7kNvwE5JVKJ&efg=eyJ2ZW5jb2RlX3RhZyI6Inhwdl9wcm9ncmVzc2l2ZS5WSV9VU0VDQVNFX1BST0RVQ1RfVFlQRS4uQzMuNzIwLmRhc2hfaDI2NC1iYXNpYy1nZW4yXzcyMHAiLCJ4cHZfYXNzZXRfaWQiOjEyOTc4MTMwNzg3NTg2OTYsImFzc2V0X2FnZV9kYXlzIjoyNCwidmlfdXNlY2FzZV9pZCI6MTA3OTksImR1cmF0aW9uX3MiOjcsInVybGdlbl9zb3VyY2UiOiJ3d3cifQ%3D%3D&ccb=17-1&vs=e5736f5cf8736509&_nc_vs=HBksFQIYRWZiX2VwaGVtZXJhbC8wMDRBNzY2RkI1QzY4RkNERENGMjNFMTc5QTE4OTdBRF9tdF8xX3ZpZGVvX2Rhc2hpbml0Lm1wNBUAAsgBEgAVAhhAZmJfcGVybWFuZW50L0JDNEVEMjkxMTQ2QzNFRURCMkZGNjNEQ0FDNEVDRjk2X2F1ZGlvX2Rhc2hpbml0Lm1wNBUCAsgBEgAoABgAGwKIB3VzZV9vaWwBMRJwcm9ncmVzc2l2ZV9yZWNpcGUBMRUAACbQ1Nr41JbOBBUCKAJDMywXQB4AAAAAAAAYGWRhc2hfaDI2NC1iYXNpYy1nZW4yXzcyMHARAHUAZd6oAQA&_nc_gid=gRSQv8DQeT2KYE8msTatPg&_nc_ss=7f180&_nc_zt=28&oh=00_AQDYuCo3NkEIIeA4O2BJ0vRDREJfoitLwic8Dq5gqPI0jw&oe=6A632117,"['FACEBOOK', 'INSTAGRAM', 'AUDIENCE_NETWORK', 'MESSENGER', 'THREADS']",au,cw,facebook,social,2026-W29,2026-07,"FACEBOOK, INSTAGRAM, AUDIENCE_NETWORK, MESSENGER, THREADS",True,True,True,True,True,False,Brand/Category Page,True,True,False,2026-07-20,2026-06-24 07:00:00,2026-07-20 15:37:32.553203,26
4345737125756031,1336495221904245,True,2026-07-15 07:00:00,2026-07-19 07:00:00,Chemist Warehouse,Chemist Warehouse,"Your day, your BOOST!","Your day, your VOOST!

Always read the label and follow the directions for use.",Shop now,VIDEO,https://www.chemistwarehouse.com.au/shop-online/2368/voost?utm_source=facebook&utm_medium=social&utm_campaign=au_cw_oa_facebook_social_proctergambleaustralia_voost_81_2026_100537-oa_video-image&utm_term=traffic&utm_content=video-image_all,www.chemistwarehouse.com.au,/shop-online/2368/voost,facebook,social,au_cw_oa_facebook_social_proctergambleaustralia_voost_81_2026_100537-oa_video-image,81,traffic,video-image_all,O&O,Proctergambleaustralia,Voost,2026,video-image,,,,,,"['FACEBOOK', 'INSTAGRAM', 'AUDIENCE_NETWORK', 'MESSENGER', 'WHATSAPP', 'THREADS']",au,cw,facebook,social,2026-W29,2026-07,"FACEBOOK, INSTAGRAM, AUDIENCE_NETWORK, MESSENGER, WHATSAPP, THREADS",True,True,True,True,True,True,Brand/Category Page,True,False,False,2026-07-20,2026-07-15 07:00:00,2026-07-20 15:37:32.553203,5
860909767086662,2368765100319658,True,2026-06-24 07:00:00,2026-07-19 07:00:00,Chemist Warehouse,Chemist Warehouse,{{product.name}},{{product.brand}},Shop now,DCO,https://www.chemistwarehouse.com.au/buy/167518/palmolive-luminous-oils-body-wash-salted-caramel-pistachio-750ml?utm_source=facebook&utm_medium=social&utm_campaign=au_cw_oa_facebook_social_colgatepalmoliveptyltd_palmolive_259_jun26_100622-salted_video&utm_term=traffic&utm_content=video_influencer-video,www.chemistwarehouse.com.au,/buy/167518/palmolive-luminous-oils-body-wash-salted-caramel-pistachio-750ml,facebook,social,au_cw_oa_facebook_social_colgatepalmoliveptyltd_palmolive_259_jun26_100622-salted_video,259,traffic,video_influencer-video,O&O,Colgatepalmoliveptyltd,Palmolive,jun26,video,Available at Chemist Warehouse,Shop Palmolive Salted Caramel & Pistachio Body Wash at Chemist Warehouse.,Shop Now,,https://video-ams2-1.xx.fbcdn.net/o1/v/t2/f2/m366/AQMxdv4S__5xPARLSIh9ddwn35lEBjMVxGD5bHPDCRm1TOGUrGj9-wqm4DpZ9Vobl_sSZVfLfrPO3G58MkhCKNtaxL_8e7d88Tq7beikYQFX8A.mp4?_nc_cat=107&_nc_sid=b66105&_nc_ht=video-ams2-1.xx.fbcdn.net&_nc_ohc=ezNlzvYV51UQ7kNvwFq_qLZ&efg=eyJ2ZW5jb2RlX3RhZyI6Inhwdl9wcm9ncmVzc2l2ZS5WSV9VU0VDQVNFX1BST0RVQ1RfVFlQRS4uQzMuNzIwLmRhc2hfaDI2NC1iYXNpYy1nZW4yXzcyMHAiLCJ4cHZfYXNzZXRfaWQiOjE2OTA5MjEyOTg5MTQ1MDYsImFzc2V0X2FnZV9kYXlzIjoyNSwidmlfdXNlY2FzZV9pZCI6MTAxMzksImR1cmF0aW9uX3MiOjM2LCJ1cmxnZW5fc291cmNlIjoid3d3In0%3D&ccb=17-1&vs=40e23d5842925d89&_nc_vs=HBksFQIYRWZiX2VwaGVtZXJhbC9FQTQwOTVDRDQzNDY1MkFENUUzQUJGOTlGQjI4QTdBN19tdF8xX3ZpZGVvX2Rhc2hpbml0Lm1wNBUAAsgBEgAVAhhAZmJfcGVybWFuZW50LzlDNEUyOTlGREMyRjE2REVGMzZFNjBCODcyOTU1MDkzX2F1ZGlvX2Rhc2hpbml0Lm1wNBUCAsgBEgAoABgAGwKIB3VzZV9vaWwBMRJwcm9ncmVzc2l2ZV9yZWNpcGUBMRUAACaUs-u1yfiABhUCKAJDMywXQEIqn752yLQYGWRhc2hfaDI2NC1iYXNpYy1nZW4yXzcyMHARAHUAZbaeAQA&_nc_gid=gRSQv8DQeT2KYE8msTatPg&_nc_ss=7f180&_nc_zt=28&oh=00_AQCsR_SiAzKancSvmZWIR4M1ylD6V-a1aNwZWolyFpUs4Q&oe=6A631219,"['FACEBOOK', 'INSTAGRAM', 'THREADS']",au,cw,facebook,social,2026-W29,2026-07,"FACEBOOK, INSTAGRAM, THREADS",True,True,False,False,True,False,SKU Product,True,False,False,2026-07-20,2026-06-24 07:00:00,2026-07-20 15:37:32.553203,26
792121957229630,1037767641993896,True,2026-07-16 07:00:00,2026-07-19 07:00:00,Chemist Warehouse,Chemist Warehouse,"Your day, your BOOST!","Your day, your VOOST!

Always read the label and follow the directions for use.",Shop now,VIDEO,https://www.chemistwarehouse.com.au/shop-online/2368/voost?utm_source=facebook&utm_medium=social&utm_campaign=au_cw_oa_facebook_social_proctergambleaustralia_voost_81_2026_100537-oa_video-image&utm_term=traffic&utm_content=video-image_all,www.chemistwarehouse.com.au,/shop-online/2368/voost,facebook,social,au_cw_oa_facebook_social_proctergambleaustralia_voost_81_2026_100537-oa_video-image,81,traffic,video-image_all,O&O,Proctergambleaustralia,Voost,2026,video-image,,,,,,"['FACEBOOK', 'INSTAGRAM', 'AUDIENCE_NETWORK', 'MESSENGER', 'WHATSAPP', 'THREADS']",au,cw,facebook,social,2026-W29,2026-07,"FACEBOOK, INSTAGRAM, AUDIENCE_NETWORK, MESSENGER, WHATSAPP, THREADS",True,True,True,True,True,True,Brand/Category Page,True,False,False,2026-07-20,2026-07-16 07:00:00,2026-07-20 15:37:32.553203,4
2059546378329677,1279202517363035,True,2026-06-24 07:00:00,2026-07-19 07:00:00,Chemist Warehouse,Chemist Warehouse,{{product.name}},{{product.brand}},Shop now,DCO,https://www.chemistwarehouse.com.au/shop-online/carusos-gummies?utm_source=facebook&utm_medium=social&utm_campaign=au_cw_oa_facebook_social_carusosnaturalhealth_carusos_81_may26_100524-oa_video-image&utm_term=traffic&utm_content=video-image_gingko,www.chemistwarehouse.com.au,/shop-online/carusos-gummies,facebook,social,au_cw_oa_facebook_social_carusosnaturalhealth_carusos_81_may26_100524-oa_video-image,81,traffic,video-image_gingko,O&O,Carusosnaturalhealth,Carusos,may26,video-image,Wellness made delicious,"Discover the easier way to wellness with Caruso's Herbal Gummies. Delicious herbal support you can take anytime, anywhere.

Vegan | 99% Sugar Free | Natural Colours

Always read the label and follow the directions for use.",Shop Now,,https://video-ams2-1.xx.fbcdn.net/o1/v/t2/f2/m366/AQPFWeumW1hTi0JJHUHC6jh0Sbi95dKA96agaGwPRsya3vaZOdwFL3X1aeTeJs5Ja_rJVfl1D8ResoBoHP0mwfTdX-ghH3XzK55WtviHWFD5ig.mp4?_nc_cat=100&_nc_sid=b66105&_nc_ht=video-ams2-1.xx.fbcdn.net&_nc_ohc=ViuRqoAxGPUQ7kNvwE-iuyx&efg=eyJ2ZW5jb2RlX3RhZyI6Inhwdl9wcm9ncmVzc2l2ZS5WSV9VU0VDQVNFX1BST0RVQ1RfVFlQRS4uQzMuNzIwLmRhc2hfaDI2NC1iYXNpYy1nZW4yXzcyMHAiLCJ4cHZfYXNzZXRfaWQiOjgxNzg4OTAxNzgxNTQ5NSwiYXNzZXRfYWdlX2RheXMiOjUzLCJ2aV91c2VjYXNlX2lkIjoxMDc5OSwiZHVyYXRpb25fcyI6OCwidXJsZ2VuX3NvdXJjZSI6Ind3dyJ9&ccb=17-1&vs=cb96e22a4cc9ae2b&_nc_vs=HBksFQIYRWZiX2VwaGVtZXJhbC9FMjQxM0REQ0I1N0YyMERGOEVGQzlGRkU3MjQwMTZBQ19tdF8xX3ZpZGVvX2Rhc2hpbml0Lm1wNBUAAsgBEgAVAhhAZmJfcGVybWFuZW50LzA4NDM3RUZCNjY2QkU2MTgyRkE4RDNDQjNERjY5RjlFX2F1ZGlvX2Rhc2hpbml0Lm1wNBUCAsgBEgAoABgAGwKIB3VzZV9vaWwBMRJwcm9ncmVzc2l2ZV9yZWNpcGUBMRUAACaOh_uFtPfzAhUCKAJDMywXQCAAAAAAAAAYGWRhc2hfaDI2NC1iYXNpYy1nZW4yXzcyMHARAHUAZd6oAQA&_nc_gid=5aKsz3PJF6QLrr1eHVHT2A&_nc_ss=7f180&_nc_zt=28&oh=00_AQDVEqj0hucKC9mIROyLLl8O7gZDvFi5gRiKY97jqMWJ3g&oe=6A6336B8,"['FACEBOOK', 'INSTAGRAM', 'AUDIENCE_NETWORK', 'MESSENGER', 'WHATSAPP', 'THREADS']",au,cw,facebook,social,2026-W29,2026-07,"FACEBOOK, INSTAGRAM, AUDIENCE_NETWORK, MESSENGER, WHATSAPP, THREADS",True,True,True,True,True,True,Brand/Category Page,True,False,False,2026-07-20,2026-06-24 07:00:00,2026-07-20 15:37:32.553203,26
1497403831453419,2292138408197094,True,2026-06-23 07:00:00,2026-07-18 07:00:00,Chemist Warehouse,Chemist Warehouse,{{product.name}},{{product.brand}},Shop now,DCO,https://www.chemistwarehouse.com.au/shop-online/carusos-gummies?utm_source=facebook&utm_medium=social&utm_campaign=au_cw_oa_facebook_social_carusosnaturalhealth_carusos_81_may26_100524-oa-conv_video-image&utm_term=traffic&utm_content=video-image_gingko,www.chemistwarehouse.com.au,/shop-online/carusos-gummies,facebook,social,au_cw_oa_facebook_social_carusosnaturalhealth_carusos_81_may26_100524-oa-conv_video-image,81,traffic,video-image_gingko,O&O,Carusosnaturalhealth,Carusos,may26,video-image,Wellness made delicious,"Discover the easier way to wellness with Caruso's Herbal Gummies. Delicious herbal support you can take anytime, anywhere.

Vegan | 99% Sugar Free | Natural Colours

Always read the label and follow the directions for use.",Shop Now,,https://video-ams2-1.xx.fbcdn.net/o1/v/t2/f2/m366/AQMW9asMxkrS1E4TlXFitj0DzovzIMM4m1uGW01kd-H4bM4G6oi-GzUycBAg7neZCuquV-uTPLwfpGYA3USq7Wayh0URY2s5nlvaDv7cUFjMyw.mp4?_nc_cat=107&_nc_sid=b66105&_nc_ht=video-ams2-1.xx.fbcdn.net&_nc_ohc=kDDH6Xs0V-8Q7kNvwH2QYL2&efg=eyJ2ZW5jb2RlX3RhZyI6Inhwdl9wcm9ncmVzc2l2ZS5WSV9VU0VDQVNFX1BST0RVQ1RfVFlQRS4uQzMuNzIwLmRhc2hfaDI2NC1iYXNpYy1nZW4yXzcyMHAiLCJ4cHZfYXNzZXRfaWQiOjEzMzM0MjIzNTg4NTU5ODEsImFzc2V0X2FnZV9kYXlzIjoyNywidmlfdXNlY2FzZV9pZCI6MTA3OTksImR1cmF0aW9uX3MiOjgsInVybGdlbl9zb3VyY2UiOiJ3d3cifQ%3D%3D&ccb=17-1&vs=90daf2748c444255&_nc_vs=HBksFQIYRWZiX2VwaGVtZXJhbC9GRDRGQkJGNkNFNjI2QTUyNTUzQUY3ODM4NzY1REJCNF9tdF8xX3ZpZGVvX2Rhc2hpbml0Lm1wNBUAAsgBEgAVAhhAZmJfcGVybWFuZW50LzAyNEQ5REU3MEU0ODkxODVBNUJENDdFQzRGQjY2Q0FEX2F1ZGlvX2Rhc2hpbml0Lm1wNBUCAsgBEgAoABgAGwKIB3VzZV9vaWwBMRJwcm9ncmVzc2l2ZV9yZWNpcGUBMRUAACbahMjgsq_eBBUCKAJDMywXQCAAAAAAAAAYGWRhc2hfaDI2NC1iYXNpYy1nZW4yXzcyMHARAHUAZd6oAQA&_nc_gid=5aKsz3PJF6QLrr1eHVHT2A&_nc_ss=7f180&_nc_zt=28&oh=00_AQBd6DNjo4Jt1qon3KvdFYXnFVDEo2GT0K4nZbrM3ljUOg&oe=6A63194D,"['FACEBOOK', 'INSTAGRAM', 'AUDIENCE_NETWORK', 'MESSENGER', 'THREADS']",au,cw,facebook,social,2026-W29,2026-07,"FACEBOOK, INSTAGRAM, AUDIENCE_NETWORK, MESSENGER, THREADS",True,True,True,True,True,False,Brand/Category Page,True,False,False,2026-07-20,2026-06-23 07:00:00,2026-07-20 15:37:32.553203,27
1013030054460428,1544546777379694,True,2026-06-24 07:00:00,2026-07-19 07:00:00,Chemist Warehouse,Chemist Warehouse,{{product.name}},{{product.brand}},Shop now,DCO,https://www.chemistwarehouse.com.au/buy/167518/palmolive-luminous-oils-body-wash-salted-caramel-pistachio-750ml?utm_source=facebook&utm_medium=social&utm_campaign=au_cw_oa_facebook_social_colgatepalmoliveptyltd_palmolive_259_jun26_100622-salted_video&utm_term=traffic&utm_content=video_instore-video,www.chemistwarehouse.com.au,/buy/167518/palmolive-luminous-oils-body-wash-salted-caramel-pistachio-750ml,facebook,social,au_cw_oa_facebook_social_colgatepalmoliveptyltd_palmolive_259_jun26_100622-salted_video,259,traffic,video_instore-video,O&O,Colgatepalmoliveptyltd,Palmolive,jun26,video,Available at Chemist Warehouse,Shop Palmolive Salted Caramel & Pistachio Body Wash at Chemist Warehouse.,Shop Now,,https://video-ams2-1.xx.fbcdn.net/o1/v/t2/f2/m366/AQNZuNjTqodTPffD0dEHlVslJlm26NJ2JHZIF7wL6-8IjrV_KqLjVpn13BWpnPExAGdlwQdWQUwk5zqsJxsjyu68Fn-bcaTiQ75BW1jlCJg7KA.mp4?_nc_cat=110&_nc_sid=b66105&_nc_ht=video-ams2-1.xx.fbcdn.net&_nc_ohc=Lbs3QKPR2L8Q7kNvwFSkyei&efg=eyJ2ZW5jb2RlX3RhZyI6Inhwdl9wcm9ncmVzc2l2ZS5WSV9VU0VDQVNFX1BST0RVQ1RfVFlQRS4uQzMuNzIwLmRhc2hfaDI2NC1iYXNpYy1nZW4yXzcyMHAiLCJ4cHZfYXNzZXRfaWQiOjMyMzc0NDY4MzY1ODc0MDAsImFzc2V0X2FnZV9kYXlzIjoyNSwidmlfdXNlY2FzZV9pZCI6MTA3OTksImR1cmF0aW9uX3MiOjE5LCJ1cmxnZW5fc291cmNlIjoid3d3In0%3D&ccb=17-1&vs=8aa7d06624f7cb34&_nc_vs=HBksFQIYRWZiX2VwaGVtZXJhbC8xQzRDMUZFOUNFODVCMDUzOEU2M0EzODY0ODhDQjJCNF9tdF8xX3ZpZGVvX2Rhc2hpbml0Lm1wNBUAAsgBEgAVAhhAZmJfcGVybWFuZW50LzIyNDQ5RTUxRUQ5MUZDNzk1MkI1RTZFRUIxRDNBM0I5X2F1ZGlvX2Rhc2hpbml0Lm1wNBUCAsgBEgAoABgAGwKIB3VzZV9vaWwBMRJwcm9ncmVzc2l2ZV9yZWNpcGUBMRUAACaQruTKmpzACxUCKAJDMywXQDOAAAAAAAAYGWRhc2hfaDI2NC1iYXNpYy1nZW4yXzcyMHARAHUAZd6oAQA&_nc_gid=gRSQv8DQeT2KYE8msTatPg&_nc_ss=7f180&_nc_zt=28&oh=00_AQBHnSSAI7X3MjHYqt_OOHBh5b9L-DOVZXN1dO2RFrQHOg&oe=6A633302,"['FACEBOOK', 'INSTAGRAM', 'THREADS']",au,cw,facebook,social,2026-W29,2026-07,"FACEBOOK, INSTAGRAM, THREADS",True,True,False,False,True,False,SKU Product,True,False,False,2026-07-20,2026-06-24 07:00:00,2026-07-20 15:37:32.553203,26
2066421044280285,1563303525310368,True,2026-06-23 07:00:00,2026-07-19 07:00:00,Chemist Warehouse,Chemist Warehouse,{{product.name}},{{product.brand}},Shop now,DCO,https://www.chemistwarehouse.com.au/shop-online/carusos-gummies?utm_source=facebook&utm_medium=social&utm_campaign=au_cw_oa_facebook_social_carusosnaturalhealth_carusos_81_may26_100524-oa-taffic_video-image&utm_term=traffic&utm_content=video-image_ashwaange,www.chemistwarehouse.com.au,/shop-online/carusos-gummies,facebook,social,au_cw_oa_facebook_social_carusosnaturalhealth_carusos_81_may26_100524-oa-taffic_video-image,81,traffic,video-image_ashwaange,O&O,Carusosnaturalhealth,Carusos,may26,video-image,Wellness made delicious,"Discover the easier way to wellness with Caruso's Herbal Gummies. Delicious herbal support you can take anytime, anywhere.

Vegan | 99% Sugar Free | Natural Colours

Always read the label and follow the directions for use.",Shop Now,,https://video-ams2-1.xx.fbcdn.net/o1/v/t2/f2/m366/AQM8y2YNWgMKePVHAES9VZ58BqlCTWmV7eYmSQ99kmmhXJvWCk8_iNUs8CXdvvOyt5WxvxNhO84TxM0gYSIiLw0jJlLJqtIt2i6XdwZSDRn-ZQ.mp4?_nc_cat=111&_nc_sid=b66105&_nc_ht=video-ams2-1.xx.fbcdn.net&_nc_ohc=Awb1S5A5MBAQ7kNvwH-H0dP&efg=eyJ2ZW5jb2RlX3RhZyI6Inhwdl9wcm9ncmVzc2l2ZS5WSV9VU0VDQVNFX1BST0RVQ1RfVFlQRS4uQzMuNzE2LmRhc2hfaDI2NC1iYXNpYy1nZW4yXzcyMHAiLCJ4cHZfYXNzZXRfaWQiOjExMzI0NzE0MTkwOTE0MzksImFzc2V0X2FnZV9kYXlzIjo1MywidmlfdXNlY2FzZV9pZCI6MTAxMzksImR1cmF0aW9uX3MiOjksInVybGdlbl9zb3VyY2UiOiJ3d3cifQ%3D%3D&ccb=17-1&vs=fc12b6818e01c777&_nc_vs=HBksFQIYRWZiX2VwaGVtZXJhbC9ENzQzMEU2QzQ3MzQ2OTZBMkIzNUREMzVBOTEzQUY4N19tdF8xX3ZpZGVvX2Rhc2hpbml0Lm1wNBUAAsgBEgAVAhhAZmJfcGVybWFuZW50L0M1NEMxRDg3MzE3QTQ2MjFEMTIwN0M3RTRFMThGODk5X2F1ZGlvX2Rhc2hpbml0Lm1wNBUCAsgBEgAoABgAGwKIB3VzZV9vaWwBMRJwcm9ncmVzc2l2ZV9yZWNpcGUBMRUAACbe57nKwf6CBBUCKAJDMywXQCIAAAAAAAAYGWRhc2hfaDI2NC1iYXNpYy1nZW4yXzcyMHARAHUAZbaeAQA&_nc_gid=5aKsz3PJF6QLrr1eHVHT2A&_nc_ss=7f180&_nc_zt=28&oh=00_AQBxFr30P6CncXu5kVNLEt6p7I8MWhL3TCEMzOc6CJDfqA&oe=6A6303B5,"['FACEBOOK', 'INSTAGRAM', 'AUDIENCE_NETWORK', 'MESSENGER', 'WHATSAPP', 'THREADS']",au,cw,facebook,social,2026-W29,2026-07,"FACEBOOK, INSTAGRAM, AUDIENCE_NETWORK, MESSENGER, WHATSAPP, THREADS",True,True,True,True,True,True,Brand/Category Page,True,False,False,2026-07-20,2026-06-23 07:00:00,2026-07-20 15:37:32.553203,27
1014086501325215,2292138408197094,True,2026-06-23 07:00:00,2026-07-19 07:00:00,Chemist Warehouse,Chemist Warehouse,{{product.name}},{{product.brand}},Shop now,DCO,https://www.chemistwarehouse.com.au/shop-online/carusos-gummies?utm_source=facebook&utm_medium=social&utm_campaign=au_cw_oa_facebook_social_carusosnaturalhealth_carusos_81_may26_100524-oa-conv_video-image&utm_term=traffic&utm_content=video-image_gingko,www.chemistwarehouse.com.au,/shop-online/carusos-gummies,facebook,social,au_cw_oa_facebook_social_carusosnaturalhealth_carusos_81_may26_100524-oa-conv_video-image,81,traffic,video-image_gingko,O&O,Carusosnaturalhealth,Carusos,may26,video-image,Wellness made delicious,"Discover the easier way to wellness with Caruso's Herbal Gummies. Delicious herbal support you can take anytime, anywhere.

Vegan | 99% Sugar Free | Natural Colours

Always read the label and follow the directions for use.",Shop Now,,https://video-ams2-1.xx.fbcdn.net/o1/v/t2/f2/m366/AQMW9asMxkrS1E4TlXFitj0DzovzIMM4m1uGW01kd-H4bM4G6oi-GzUycBAg7neZCuquV-uTPLwfpGYA3USq7Wayh0URY2s5nlvaDv7cUFjMyw.mp4?_nc_cat=107&_nc_sid=b66105&_nc_ht=video-ams2-1.xx.fbcdn.net&_nc_ohc=kDDH6Xs0V-8Q7kNvwH2QYL2&efg=eyJ2ZW5jb2RlX3RhZyI6Inhwdl9wcm9ncmVzc2l2ZS5WSV9VU0VDQVNFX1BST0RVQ1RfVFlQRS4uQzMuNzIwLmRhc2hfaDI2NC1iYXNpYy1nZW4yXzcyMHAiLCJ4cHZfYXNzZXRfaWQiOjEzMzM0MjIzNTg4NTU5ODEsImFzc2V0X2FnZV9kYXlzIjoyNywidmlfdXNlY2FzZV9pZCI6MTA3OTksImR1cmF0aW9uX3MiOjgsInVybGdlbl9zb3VyY2UiOiJ3d3cifQ%3D%3D&ccb=17-1&vs=90daf2748c444255&_nc_vs=HBksFQIYRWZiX2VwaGVtZXJhbC9GRDRGQkJGNkNFNjI2QTUyNTUzQUY3ODM4NzY1REJCNF9tdF8xX3ZpZGVvX2Rhc2hpbml0Lm1wNBUAAsgBEgAVAhhAZmJfcGVybWFuZW50LzAyNEQ5REU3MEU0ODkxODVBNUJENDdFQzRGQjY2Q0FEX2F1ZGlvX2Rhc2hpbml0Lm1wNBUCAsgBEgAoABgAGwKIB3VzZV9vaWwBMRJwcm9ncmVzc2l2ZV9yZWNpcGUBMRUAACbahMjgsq_eBBUCKAJDMywXQCAAAAAAAAAYGWRhc2hfaDI2NC1iYXNpYy1nZW4yXzcyMHARAHUAZd6oAQA&_nc_gid=5aKsz3PJF6QLrr1eHVHT2A&_nc_ss=7f180&_nc_zt=28&oh=00_AQBd6DNjo4Jt1qon3KvdFYXnFVDEo2GT0K4nZbrM3ljUOg&oe=6A63194D,"['FACEBOOK', 'INSTAGRAM', 'AUDIENCE_NETWORK', 'MESSENGER', 'THREADS']",au,cw,facebook,social,2026-W29,2026-07,"FACEBOOK, INSTAGRAM, AUDIENCE_NETWORK, MESSENGER, THREADS",True,True,True,True,True,False,Brand/Category Page,True,False,False,2026-07-20,2026-06-23 07:00:00,2026-07-20 15:37:32.553203,27
2183594209129676,1717270929727870,True,2026-06-23 07:00:00,2026-07-19 07:00:00,Chemist Warehouse,Chemist Warehouse,{{product.name}},{{product.brand}},See details,DCO,https://www.chemistwarehouse.com.au/shop-online/carusos-gummies?utm_source=facebook&utm_medium=social&utm_campaign=au_cw_oa_facebook_social_carusosnaturalhealth_carusos_81_may26_100524-oa-conv_video-image&utm_term=traffic&utm_content=video-image_range,www.chemistwarehouse.com.au,/shop-online/carusos-gummies,facebook,social,au_cw_oa_facebook_social_carusosnaturalhealth_carusos_81_may26_100524-oa-conv_video-image,81,traffic,video-image_range,O&O,Carusosnaturalhealth,Carusos,may26,video-image,Wellness made delicious,"Discover the easier way to wellness with Caruso's Herbal Gummies. Delicious herbal support you can take anytime, anywhere.

Vegan | 99% Sugar Free | Natural Colours

Always read the label and follow the directions for use.",See Details,,https://video-ams2-1.xx.fbcdn.net/o1/v/t2/f2/m366/AQPVXz0sEvp0JUhooS5mDAUaE_jd7Bi4grJ4jbIwNl_CTtdWjj2q945GdF1AlvAurn_qKNGrQnN_l-pHnwDhEfPZkY6qdx9inmoMokRy1e1DMA.mp4?_nc_cat=101&_nc_sid=b66105&_nc_ht=video-ams2-1.xx.fbcdn.net&_nc_ohc=oGsKRbM5w7IQ7kNvwE2LHEE&efg=eyJ2ZW5jb2RlX3RhZyI6Inhwdl9wcm9ncmVzc2l2ZS5WSV9VU0VDQVNFX1BST0RVQ1RfVFlQRS4uQzMuNzIwLmRhc2hfaDI2NC1iYXNpYy1nZW4yXzcyMHAiLCJ4cHZfYXNzZXRfaWQiOjEzMzEyODk1MzUyNDE1MDEsImFzc2V0X2FnZV9kYXlzIjoyNywidmlfdXNlY2FzZV9pZCI6MTA3OTksImR1cmF0aW9uX3MiOjksInVybGdlbl9zb3VyY2UiOiJ3d3cifQ%3D%3D&ccb=17-1&vs=6c32f1cb99b07c57&_nc_vs=HBksFQIYRWZiX2VwaGVtZXJhbC9ERjQ0N0NCOTNCNzg5NjEzRDJGRUYyNDEwNzdCOEE4Rl9tdF8xX3ZpZGVvX2Rhc2hpbml0Lm1wNBUAAsgBEgAVAhhAZmJfcGVybWFuZW50LzFENDUwQTJCNjREMjMwNEMyMUY5QUY4MzY1N0NBREIwX2F1ZGlvX2Rhc2hpbml0Lm1wNBUCAsgBEgAoABgAGwKIB3VzZV9vaWwBMRJwcm9ncmVzc2l2ZV9yZWNpcGUBMRUAACa69Lr9n7PdBBUCKAJDMywXQCIAAAAAAAAYGWRhc2hfaDI2NC1iYXNpYy1nZW4yXzcyMHARAHUAZd6oAQA&_nc_gid=5aKsz3PJF6QLrr1eHVHT2A&_nc_ss=7f180&_nc_zt=28&oh=00_AQD2ACLinET0eUxPjAxKQijFKiQD4NpfGeKXM_5Exszmdg&oe=6A63131F,"['FACEBOOK', 'INSTAGRAM', 'AUDIENCE_NETWORK', 'MESSENGER', 'THREADS']",au,cw,facebook,social,2026-W29,2026-07,"FACEBOOK, INSTAGRAM, AUDIENCE_NETWORK, MESSENGER, THREADS",True,True,True,True,True,False,Brand/Category Page,True,False,False,2026-07-20,2026-06-23 07:00:00,2026-07-20 15:37:32.553203,27
1021081050790988,1749825449787878,True,2026-06-23 07:00:00,2026-07-19 07:00:00,Chemist Warehouse,Chemist Warehouse,{{product.name}},{{product.brand}},Shop now,DCO,https://www.chemistwarehouse.com.au/shop-online/carusos-gummies?utm_source=facebook&utm_medium=social&utm_campaign=au_cw_oa_facebook_social_carusosnaturalhealth_carusos_81_may26_100524-oa-conv_video-image&utm_term=traffic&utm_content=video-image_ashwa,www.chemistwarehouse.com.au,/shop-online/carusos-gummies,facebook,social,au_cw_oa_facebook_social_carusosnaturalhealth_carusos_81_may26_100524-oa-conv_video-image,81,traffic,video-image_ashwa,O&O,Carusosnaturalhealth,Carusos,may26,video-image,Wellness made delicious,"Discover the easier way to wellness with Caruso's Herbal Gummies. Delicious herbal support you can take anytime, anywhere.

Vegan | 99% Sugar Free | Natural Colours

Always read the label and follow the directions for use.",Shop Now,,https://video-ams2-1.xx.fbcdn.net/o1/v/t2/f2/m366/AQM7lZHBu6S_ijbDaRVaCu_FaoP-ir-T4uzajXd05hid6Dl3AOAFcgSCUb6FpRBmdq3fP55lSaI1ozrNOTwjKesmxnxf2o6DyT7kZJFpV6wcrg.mp4?_nc_cat=111&_nc_sid=b66105&_nc_ht=video-ams2-1.xx.fbcdn.net&_nc_ohc=BxLOHHOy2pkQ7kNvwHCkQR0&efg=eyJ2ZW5jb2RlX3RhZyI6Inhwdl9wcm9ncmVzc2l2ZS5WSV9VU0VDQVNFX1BST0RVQ1RfVFlQRS4uQzMuNzIwLmRhc2hfaDI2NC1iYXNpYy1nZW4yXzcyMHAiLCJ4cHZfYXNzZXRfaWQiOjk4OTA4NTQwMDYzMTUwNSwiYXNzZXRfYWdlX2RheXMiOjI3LCJ2aV91c2VjYXNlX2lkIjoxMDc5OSwiZHVyYXRpb25fcyI6OCwidXJsZ2VuX3NvdXJjZSI6Ind3dyJ9&ccb=17-1&vs=88da66950fb763a2&_nc_vs=HBksFQIYRWZiX2VwaGVtZXJhbC85QTQ4QzRGQzIwRTI5REJGODc0RkZFMzI3QkMzRDJBOV9tdF8xX3ZpZGVvX2Rhc2hpbml0Lm1wNBUAAsgBEgAVAhhAZmJfcGVybWFuZW50Lzk1NDAzODQxQTdBNjNBNTA0N0RCMTlFODdFN0U3NDhGX2F1ZGlvX2Rhc2hpbml0Lm1wNBUCAsgBEgAoABgAGwKIB3VzZV9vaWwBMRJwcm9ncmVzc2l2ZV9yZWNpcGUBMRUAACaio6i_rOTBAxUCKAJDMywXQCAAAAAAAAAYGWRhc2hfaDI2NC1iYXNpYy1nZW4yXzcyMHARAHUAZd6oAQA&_nc_gid=5aKsz3PJF6QLrr1eHVHT2A&_nc_ss=7f180&_nc_zt=28&oh=00_AQBm4elsDTRQcZHySVComKBHIGu6KEMFPYrqYaX64cU13w&oe=6A632129,"['FACEBOOK', 'INSTAGRAM', 'AUDIENCE_NETWORK', 'MESSENGER', 'THREADS']",au,cw,facebook,social,2026-W29,2026-07,"FACEBOOK, INSTAGRAM, AUDIENCE_NETWORK, MESSENGER, THREADS",True,True,True,True,True,False,Brand/Category Page,True,False,False,2026-07-20,2026-06-23 07:00:00,2026-07-20 15:37:32.553203,27
984706871040973,1749825449787878,True,2026-06-23 07:00:00,2026-07-19 07:00:00,Chemist Warehouse,Chemist Warehouse,{{product.name}},{{product.brand}},Shop now,DCO,https://www.chemistwarehouse.com.au/shop-online/carusos-gummies?utm_source=facebook&utm_medium=social&utm_campaign=au_cw_oa_facebook_social_carusosnaturalhealth_carusos_81_may26_100524-oa-conv_video-image&utm_term=traffic&utm_content=video-image_ashwa,www.chemistwarehouse.com.au,/shop-online/carusos-gummies,facebook,social,au_cw_oa_facebook_social_carusosnaturalhealth_carusos_81_may26_100524-oa-conv_video-image,81,traffic,video-image_ashwa,O&O,Carusosnaturalhealth,Carusos,may26,video-image,Wellness made delicious,"Discover the easier way to wellness with Caruso's Herbal Gummies. Delicious herbal support you can take anytime, anywhere.

Vegan | 99% Sugar Free | Natural Colours

Always read the label and follow the directions for use.",Shop Now,,https://video-ams2-1.xx.fbcdn.net/o1/v/t2/f2/m366/AQM7lZHBu6S_ijbDaRVaCu_FaoP-ir-T4uzajXd05hid6Dl3AOAFcgSCUb6FpRBmdq3fP55lSaI1ozrNOTwjKesmxnxf2o6DyT7kZJFpV6wcrg.mp4?_nc_cat=111&_nc_sid=b66105&_nc_ht=video-ams2-1.xx.fbcdn.net&_nc_ohc=BxLOHHOy2pkQ7kNvwHCkQR0&efg=eyJ2ZW5jb2RlX3RhZyI6Inhwdl9wcm9ncmVzc2l2ZS5WSV9VU0VDQVNFX1BST0RVQ1RfVFlQRS4uQzMuNzIwLmRhc2hfaDI2NC1iYXNpYy1nZW4yXzcyMHAiLCJ4cHZfYXNzZXRfaWQiOjk4OTA4NTQwMDYzMTUwNSwiYXNzZXRfYWdlX2RheXMiOjI3LCJ2aV91c2VjYXNlX2lkIjoxMDc5OSwiZHVyYXRpb25fcyI6OCwidXJsZ2VuX3NvdXJjZSI6Ind3dyJ9&ccb=17-1&vs=88da66950fb763a2&_nc_vs=HBksFQIYRWZiX2VwaGVtZXJhbC85QTQ4QzRGQzIwRTI5REJGODc0RkZFMzI3QkMzRDJBOV9tdF8xX3ZpZGVvX2Rhc2hpbml0Lm1wNBUAAsgBEgAVAhhAZmJfcGVybWFuZW50Lzk1NDAzODQxQTdBNjNBNTA0N0RCMTlFODdFN0U3NDhGX2F1ZGlvX2Rhc2hpbml0Lm1wNBUCAsgBEgAoABgAGwKIB3VzZV9vaWwBMRJwcm9ncmVzc2l2ZV9yZWNpcGUBMRUAACaio6i_rOTBAxUCKAJDMywXQCAAAAAAAAAYGWRhc2hfaDI2NC1iYXNpYy1nZW4yXzcyMHARAHUAZd6oAQA&_nc_gid=5aKsz3PJF6QLrr1eHVHT2A&_nc_ss=7f180&_nc_zt=28&oh=00_AQBm4elsDTRQcZHySVComKBHIGu6KEMFPYrqYaX64cU13w&oe=6A632129,"['FACEBOOK', 'INSTAGRAM', 'AUDIENCE_NETWORK', 'MESSENGER', 'THREADS']",au,cw,facebook,social,2026-W29,2026-07,"FACEBOOK, INSTAGRAM, AUDIENCE_NETWORK, MESSENGER, THREADS",True,True,True,True,True,False,Brand/Category Page,True,False,False,2026-07-20,2026-06-23 07:00:00,2026-07-20 15:37:32.553203,27
1483144113024878,,True,2026-06-18 07:00:00,2026-07-19 07:00:00,Chemist Warehouse,Chemist Warehouse,{{product.name}},"Stop paying too much on contact lenses at Chemist Warehouse Optometry.

👉 Wide range of lenses at everyday low prices.
👉 Free Shipping on orders over $99
👉 Tracked Delivery on all orders
👉 Friendly Customer Service

Shop Online Now at Chemist Warehouse Optometry & see the savings!",Shop now,DPA,https://chemistwarehouseoptometry.com.au/,chemistwarehouseoptometry.com.au,/,,,,,,,Not Specified,,,,,Air Optix plus Hydraglyde Toric,"Stop paying too much on contact lenses at Chemist Warehouse Optometry.

👉 Wide range of lenses at everyday low prices.
👉 Free Shipping on orders over $99
👉 Tracked Delivery on all orders
👉 Friendly Customer Service

Shop Online Now at Chemist Warehouse Optometry & see the savings!",Shop Now,https://scontent-ams2-1.xx.fbcdn.net/v/t39.35426-6/724758625_1639496877126039_3759215282765595454_n.jpg?_nc_cat=103&ccb=1-7&_nc_sid=c53f8f&_nc_ohc=X9LCmdV-h3oQ7kNvwFMFBW4&_nc_oc=Adp-YzftmzC4lAvNnKa2gbAaMH4RcKmDT5z9VYf04JHuRbt8blNkS33qDARDwVjHkUE&_nc_zt=14&_nc_ht=scontent-ams2-1.xx&_nc_gid=5aKsz3PJF6QLrr1eHVHT2A&_nc_ss=7f180&oh=00_AQAYq-n1q6wnu97lXbm50LcBiINhkh5YwCmvWt37sqUEDA&oe=6A631FF2,,"['FACEBOOK', 'INSTAGRAM', 'AUDIENCE_NETWORK', 'THREADS']",,,,,2026-W29,2026-07,"FACEBOOK, INSTAGRAM, AUDIENCE_NETWORK, THREADS",True,True,True,False,True,False,Homepage,True,True,False,2026-07-20,2026-06-18 07:00:00,2026-07-20 15:37:32.553203,32
1061305349556987,,True,2026-06-18 07:00:00,2026-07-16 07:00:00,Chemist Warehouse,Chemist Warehouse,{{product.name}},"Stop paying too much on contact lenses at Chemist Warehouse Optometry.

👉 Wide range of lenses at everyday low prices.
👉 Free Shipping on orders over $99
👉 Tracked Delivery on all orders
👉 Friendly Customer Service

Shop Online Now at Chemist Warehouse Optometry & see the savings!",Shop now,DPA,https://chemistwarehouseoptometry.com.au/,chemistwarehouseoptometry.com.au,/,,,,,,,Not Specified,,,,,Dailies Total1 Multifocal 90 pack,"Stop paying too much on contact lenses at Chemist Warehouse Optometry.

👉 Wide range of lenses at everyday low prices.
👉 Free Shipping on orders over $99
👉 Tracked Delivery on all orders
👉 Friendly Customer Service

Shop Online Now at Chemist Warehouse Optometry & see the savings!",Shop Now,https://scontent-ams2-1.xx.fbcdn.net/v/t39.35426-6/721051765_1184156243851826_17992469619327672_n.jpg?_nc_cat=101&ccb=1-7&_nc_sid=c53f8f&_nc_ohc=Y0fnkKoi1RMQ7kNvwFJnTW3&_nc_oc=AdpmL8vqUahRFpm1reoqu20XFR-U49zV2EuOjELrdVnN44IDyOfEAQViYyX1VEoP1lw&_nc_zt=14&_nc_ht=scontent-ams2-1.xx&_nc_gid=iuVLjI_GU3XKksusSdpy9w&_nc_ss=7f180&oh=00_AQAM5amDkUXNZdfLpdxDNr9ViVRyhTrgEFuoSBLWbF7qXA&oe=6A631A17,,"['FACEBOOK', 'INSTAGRAM', 'AUDIENCE_NETWORK', 'THREADS']",,,,,2026-W29,2026-07,"FACEBOOK, INSTAGRAM, AUDIENCE_NETWORK, THREADS",True,True,True,False,True,False,Homepage,True,True,False,2026-07-20,2026-06-18 07:00:00,2026-07-20 15:37:32.553203,32
4331261430450526,,True,2026-06-18 07:00:00,2026-07-19 07:00:00,Chemist Warehouse,Chemist Warehouse,{{product.name}},"Stop paying too much on contact lenses at Chemist Warehouse Optometry.

👉 Wide range of lenses at everyday low prices.
👉 Free Shipping on orders over $99
👉 Tracked Delivery on all orders
👉 Friendly Customer Service

Shop Online Now at Chemist Warehouse Optometry & see the savings!",Shop now,DPA,https://chemistwarehouseoptometry.com.au/,chemistwarehouseoptometry.com.au,/,,,,,,,Not Specified,,,,,Dailies Total1 Multifocal 90 pack,"Stop paying too much on contact lenses at Chemist Warehouse Optometry.

👉 Wide range of lenses at everyday low prices.
👉 Free Shipping on orders over $99
👉 Tracked Delivery on all orders
👉 Friendly Customer Service

Shop Online Now at Chemist Warehouse Optometry & see the savings!",Shop Now,https://scontent-ams2-1.xx.fbcdn.net/v/t39.35426-6/725605610_1295714872630984_3158069280087360920_n.jpg?_nc_cat=103&ccb=1-7&_nc_sid=c53f8f&_nc_ohc=nTSi-xeA_WQQ7kNvwERv4Np&_nc_oc=AdrdkvRUYNBoYpzAAv8_Y8bd3ax0BsM0t2eyhsQbqV_4BqXdmOOh3cuiuWLzAV7bg9Q&_nc_zt=14&_nc_ht=scontent-ams2-1.xx&_nc_gid=5aKsz3PJF6QLrr1eHVHT2A&_nc_ss=7f180&oh=00_AQCsWQNascOOoa0IDeZaM2enVfGbwofLUbAQwGCSU3oTqA&oe=6A630F69,,"['FACEBOOK', 'INSTAGRAM', 'AUDIENCE_NETWORK', 'MESSENGER', 'THREADS']",,,,,2026-W29,2026-07,"FACEBOOK, INSTAGRAM, AUDIENCE_NETWORK, MESSENGER, THREADS",True,True,True,True,True,False,Homepage,True,True,False,2026-07-20,2026-06-18 07:00:00,2026-07-20 15:37:32.553203,32
1623914579461174,998702079558817,True,2026-06-21 07:00:00,2026-07-19 07:00:00,Chemist Warehouse,Chemist Warehouse,Available at Chemist Warehouse,Shop the Philips Sonicare 3100 Electric Toothbrush at Chemist Warehouse.,Shop now,VIDEO,https://www.chemistwarehouse.com.au/shop-online/705479/philips?utm_source=facebook&utm_medium=social&utm_campaign=au_cw_oa_facebook_social_philipssaecoaustraliapty_philips_159_jun26_100609-boosting_video&utm_term=traffic&utm_content=video_instore-video,www.chemistwarehouse.com.au,/shop-online/705479/philips,facebook,social,au_cw_oa_facebook_social_philipssaecoaustraliapty_philips_159_jun26_100609-boosting_video,159,traffic,video_instore-video,O&O,Philipssaecoaustraliapty,Philips,jun26,video,,,,,,"['FACEBOOK', 'INSTAGRAM', 'THREADS']",au,cw,facebook,social,2026-W29,2026-07,"FACEBOOK, INSTAGRAM, THREADS",True,True,False,False,True,False,Brand/Category Page,True,True,False,2026-07-20,2026-06-21 07:00:00,2026-07-20 15:37:32.553203,29
1718954086134585,993536053543298,True,2026-06-17 07:00:00,2026-07-19 07:00:00,Chemist Warehouse,Chemist Warehouse,{{product.name}},{{product.brand}},Shop now,DCO,https://www.chemistwarehouse.com.au/shop-online/3118/bisolvon?utm_source=facebook&utm_medium=social&utm_campaign=au_cw_oa_facebook_social_sanoficonsumerhealthcare_bisolvon_258_2026_100512-oa_video-image&utm_term=traffic&utm_content=video-image_all,www.chemistwarehouse.com.au,/shop-online/3118/bisolvon,facebook,social,au_cw_oa_facebook_social_sanoficonsumerhealthcare_bisolvon_258_2026_100512-oa_video-image,258,traffic,video-image_all,O&O,Sanoficonsumerhealthcare,Bisolvon,2026,video-image,Shop Bisolvon,Shop Bisolvon at Chemist Warehouse. Tailored options for both dry & chesty coughs.,Shop Now,,https://video-ams2-1.xx.fbcdn.net/o1/v/t2/f2/m366/AQPuzcVnuR3Fw9WCsy6zaaDPjeM5uKg_Q0vJAkhKRCiMi7hG-fZfj5yo4ehOpsqaG3F6xxzhntr3FPzmLgwY6If6EQGqJ96pgDnRrK_EN6H26Q.mp4?_nc_cat=110&_nc_sid=b66105&_nc_ht=video-ams2-1.xx.fbcdn.net&_nc_ohc=Lhrx5qo2J-gQ7kNvwGk2sTz&efg=eyJ2ZW5jb2RlX3RhZyI6Inhwdl9wcm9ncmVzc2l2ZS5WSV9VU0VDQVNFX1BST0RVQ1RfVFlQRS4uQzMuNzIwLmRhc2hfaDI2NC1iYXNpYy1nZW4yXzcyMHAiLCJ4cHZfYXNzZXRfaWQiOjEzNDE0ODkzNDc5MTQ5MDMsImFzc2V0X2FnZV9kYXlzIjozMSwidmlfdXNlY2FzZV9pZCI6MTA3OTksImR1cmF0aW9uX3MiOjI5LCJ1cmxnZW5fc291cmNlIjoid3d3In0%3D&ccb=17-1&vs=633babe274ab3a9a&_nc_vs=HBksFQIYRWZiX2VwaGVtZXJhbC8wNjRBMTQzOEE1NTg4N0YzRDY0NUYzQURCMDU4Q0ZBNV9tdF8xX3ZpZGVvX2Rhc2hpbml0Lm1wNBUAAsgBEgAVAhhAZmJfcGVybWFuZW50L0NGNEE5QzA3RTBCQUNEODk4NjkzMzdFMjkyMUI3QjkzX2F1ZGlvX2Rhc2hpbml0Lm1wNBUCAsgBEgAoABgAGwKIB3VzZV9vaWwBMRJwcm9ncmVzc2l2ZV9yZWNpcGUBMRUAACausuvA-oTiBBUCKAJDMywXQD13S8an754YGWRhc2hfaDI2NC1iYXNpYy1nZW4yXzcyMHARAHUAZd6oAQA&_nc_gid=iuVLjI_GU3XKksusSdpy9w&_nc_ss=7f180&_nc_zt=28&oh=00_AQCOhfxW3w0DCdkXUnSuN-nbSePUbhi4_jwONHUOBbnnTQ&oe=6A6318D2,"['FACEBOOK', 'INSTAGRAM', 'AUDIENCE_NETWORK', 'MESSENGER', 'WHATSAPP', 'THREADS']",au,cw,facebook,social,2026-W29,2026-07,"FACEBOOK, INSTAGRAM, AUDIENCE_NETWORK, MESSENGER, WHATSAPP, THREADS",True,True,True,True,True,True,Brand/Category Page,True,False,False,2026-07-20,2026-06-17 07:00:00,2026-07-20 15:37:32.553203,33
865730142764636,,True,2026-06-17 07:00:00,2026-07-18 07:00:00,Chemist Warehouse,Chemist Warehouse,Immune Health and the Good Leaf,Olive Leaf Extract. Traditionally used in Western herbal medicine to maintain/support immune system health.,Shop now,IMAGE,https://fb.com/canvas_doc/991922403645540,fb.com,/canvas_doc/991922403645540,,,,,,,Not Specified,,,,,,,,,,"['FACEBOOK', 'INSTAGRAM', 'AUDIENCE_NETWORK', 'MESSENGER', 'THREADS']",,,,,2026-W29,2026-07,"FACEBOOK, INSTAGRAM, AUDIENCE_NETWORK, MESSENGER, THREADS",True,True,True,True,True,False,Internal/App Page,True,False,False,2026-07-20,2026-06-17 07:00:00,2026-07-20 15:37:32.553203,33
980179964778612,26901293422904592,True,2026-06-17 07:00:00,2026-07-19 07:00:00,Chemist Warehouse,Chemist Warehouse,{{product.name}},{{product.brand}},Shop now,DCO,https://www.chemistwarehouse.com.au/shop-online/3118/bisolvon?utm_source=facebook&utm_medium=social&utm_campaign=au_cw_oa_facebook_social_sanoficonsumerhealthcare_bisolvon_258_2026_100512-oa_video-image&utm_term=traffic&utm_content=video-image_all,www.chemistwarehouse.com.au,/shop-online/3118/bisolvon,facebook,social,au_cw_oa_facebook_social_sanoficonsumerhealthcare_bisolvon_258_2026_100512-oa_video-image,258,traffic,video-image_all,O&O,Sanoficonsumerhealthcare,Bisolvon,2026,video-image,"For chesty coughs, try Bisolvon","Bisolvon provides effective relief against chesty coughs, helping you get back to what matters most.",Shop Now,https://scontent-ams2-1.xx.fbcdn.net/v/t39.35426-6/726061575_1569770884719266_2311390473784710653_n.jpg?_nc_cat=110&ccb=1-7&_nc_sid=c53f8f&_nc_ohc=6wdkBA3XzOgQ7kNvwFuDhgo&_nc_oc=AdqtYUo8IaeGfTyqTOPRbOEpc4FqZR1qCaz1nVXweRKOHShJOwtVKMxzZp6I8cdIVQQ&_nc_zt=14&_nc_ht=scontent-ams2-1.xx&_nc_gid=iuVLjI_GU3XKksusSdpy9w&_nc_ss=7f180&oh=00_AQA0fc4KK6hI330rUipl9t81SYTkppoiGRBxhBiwhftLSw&oe=6A630430,,"['FACEBOOK', 'INSTAGRAM', 'AUDIENCE_NETWORK', 'MESSENGER', 'WHATSAPP', 'THREADS']",au,cw,facebook,social,2026-W29,2026-07,"FACEBOOK, INSTAGRAM, AUDIENCE_NETWORK, MESSENGER, WHATSAPP, THREADS",True,True,True,True,True,True,Brand/Category Page,True,False,False,2026-07-20,2026-06-17 07:00:00,2026-07-20 15:37:32.553203,33
994941526611945,1035143355575429,True,2026-06-16 07:00:00,2026-07-19 07:00:00,Chemist Warehouse,Chemist Warehouse,{{product.name}},{{product.brand}},Shop now,DCO,https://www.chemistwarehouse.com.au/buy/167590/pigeon-startouch-straw-cup-mint-250ml?utm_source=facebook&utm_medium=social&utm_campaign=au_cw_coop_facebook_social_havenhallptyltd_pigeon_20_2026_100214-bau_image&utm_term=traffic&utm_content=image_video,www.chemistwarehouse.com.au,/buy/167590/pigeon-startouch-straw-cup-mint-250ml,facebook,social,au_cw_coop_facebook_social_havenhallptyltd_pigeon_20_2026_100214-bau_image,20,traffic,image_video,Coop,Havenhallptyltd,Pigeon,2026,image,Pigeon StarTouch™ Straw Cup,IT'S HERE! 🙌🏻 The straw cup parents are grabbing fast. Pigeon StarTouch™ available at Chemist Warehouse. In-store & online.,Shop Now,,https://video-ams2-1.xx.fbcdn.net/o1/v/t2/f2/m366/AQNsQoDn7QuczWqPgeKRQK30-o9zsU7fuu0RuYvAhVO0NMa9B0Wou4TuGC3O9uGVMunNRDDq5Yi8OGvCs9wcZY71Mgv6r_3JNIZxt9APy45kgQ.mp4?_nc_cat=101&_nc_sid=b66105&_nc_ht=video-ams2-1.xx.fbcdn.net&_nc_ohc=BS2LWHk_nPgQ7kNvwH7nVym&efg=eyJ2ZW5jb2RlX3RhZyI6Inhwdl9wcm9ncmVzc2l2ZS5WSV9VU0VDQVNFX1BST0RVQ1RfVFlQRS4uQzMuNzIwLmRhc2hfaDI2NC1iYXNpYy1nZW4yXzcyMHAiLCJ4cHZfYXNzZXRfaWQiOjEwMDI2MTQxOTkyOTcwOTEsImFzc2V0X2FnZV9kYXlzIjozMiwidmlfdXNlY2FzZV9pZCI6MTA3OTksImR1cmF0aW9uX3MiOjE1LCJ1cmxnZW5fc291cmNlIjoid3d3In0%3D&ccb=17-1&vs=51770713bf695f2&_nc_vs=HBksFQIYRWZiX2VwaGVtZXJhbC8zQjQzMjVGNDFFODZCOUEzM0UzMTlDOUJGODQ0MjZCNl9tdF8xX3ZpZGVvX2Rhc2hpbml0Lm1wNBUAAsgBEgAVAhhAZmJfcGVybWFuZW50Lzg1NEFDRjcyQUREMEU0MDk0NkY4RjRCMERGOEU5MThDX2F1ZGlvX2Rhc2hpbml0Lm1wNBUCAsgBEgAoABgAGwKIB3VzZV9vaWwBMRJwcm9ncmVzc2l2ZV9yZWNpcGUBMRUAACaGkZHz6ffHAxUCKAJDMywXQC67ZFocrAgYGWRhc2hfaDI2NC1iYXNpYy1nZW4yXzcyMHARAHUAZd6oAQA&_nc_gid=iuVLjI_GU3XKksusSdpy9w&_nc_ss=7f180&_nc_zt=28&oh=00_AQCOYw80v2Vbf947YkWV0of_8FaX-a5pWpn9B7WexC1Kog&oe=6A63261F,"['FACEBOOK', 'INSTAGRAM']",au,cw,facebook,social,2026-W29,2026-07,"FACEBOOK, INSTAGRAM",True,True,False,False,False,False,SKU Product,True,False,False,2026-07-20,2026-06-16 07:00:00,2026-07-20 15:37:32.553203,34
994584893555624,,True,2026-06-17 07:00:00,2026-07-18 07:00:00,Chemist Warehouse,Chemist Warehouse,Immune Health and the Good Leaf,Olive Leaf Extract. Traditionally used in Western herbal medicine to maintain/support immune system health.,Shop now,IMAGE,https://fb.com/canvas_doc/2250877852408455,fb.com,/canvas_doc/2250877852408455,,,,,,,Not Specified,,,,,,,,,,"['FACEBOOK', 'INSTAGRAM', 'AUDIENCE_NETWORK', 'MESSENGER', 'THREADS']",,,,,2026-W29,2026-07,"FACEBOOK, INSTAGRAM, AUDIENCE_NETWORK, MESSENGER, THREADS",True,True,True,True,True,False,Internal/App Page,True,False,False,2026-07-20,2026-06-17 07:00:00,2026-07-20 15:37:32.553203,33
1759081031748156,1315153927463664,True,2026-06-16 07:00:00,2026-07-19 07:00:00,Chemist Warehouse,Chemist Warehouse,{{product.name}},{{product.brand}},Shop now,DCO,https://www.chemistwarehouse.com.au/shop-online/821/pigeon?utm_source=facebook&utm_medium=social&utm_campaign=au_cw_coop_facebook_social_havenhallptyltd_pigeon_20_2026_100214-bau_image&utm_term=traffic&utm_content=image_static,www.chemistwarehouse.com.au,/shop-online/821/pigeon,facebook,social,au_cw_coop_facebook_social_havenhallptyltd_pigeon_20_2026_100214-bau_image,20,traffic,image_static,Coop,Havenhallptyltd,Pigeon,2026,image,Pigeon StarTouch™ Straw Cup,IT'S HERE! 🙌🏻 The straw cup parents are grabbing fast. Pigeon StarTouch™ available at Chemist Warehouse. In-store & online.,Shop Now,https://scontent-ams2-1.xx.fbcdn.net/v/t39.35426-6/725839242_2437757610079576_549587195341389908_n.jpg?_nc_cat=102&ccb=1-7&_nc_sid=c53f8f&_nc_ohc=2CUwHG8FdIEQ7kNvwExZXoU&_nc_oc=AdqsCVpBIqaHD44Rk69QHHTd1S0o8CJiE8I8SioZKvkpOzPkwBL9I-Ckdqd3Dzgz8Xs&_nc_zt=14&_nc_ht=scontent-ams2-1.xx&_nc_gid=iuVLjI_GU3XKksusSdpy9w&_nc_ss=7f180&oh=00_AQDdppB61KlNYMWz3P-hxLjD1bUR_qKefzeOzQxeZAlZkA&oe=6A63070E,,"['FACEBOOK', 'INSTAGRAM']",au,cw,facebook,social,2026-W29,2026-07,"FACEBOOK, INSTAGRAM",True,True,False,False,False,False,Brand/Category Page,True,False,False,2026-07-20,2026-06-16 07:00:00,2026-07-20 15:37:32.553203,34
1019825203853948,,True,2026-06-17 07:00:00,2026-07-19 07:00:00,Chemist Warehouse,Chemist Warehouse,Immune Health and the Good Leaf,Olive Leaf Extract. Traditionally used in Western herbal medicine to maintain/support immune system health.,Shop now,IMAGE,https://fb.com/canvas_doc/961557170032604,fb.com,/canvas_doc/961557170032604,,,,,,,Not Specified,,,,,,,,,,"['FACEBOOK', 'INSTAGRAM', 'AUDIENCE_NETWORK', 'MESSENGER', 'THREADS']",,,,,2026-W29,2026-07,"FACEBOOK, INSTAGRAM, AUDIENCE_NETWORK, MESSENGER, THREADS",True,True,True,True,True,False,Internal/App Page,True,False,False,2026-07-20,2026-06-17 07:00:00,2026-07-20 15:37:32.553203,33
1321127570127075,27384581901196099,True,2026-06-15 07:00:00,2026-07-19 07:00:00,Chemist Warehouse,Chemist Warehouse,Shop Bio Island at Chemist Warehouse.,Shop Bio Island Milk Calcium Bone Care at Chemist Warehouse.,Shop now,VIDEO,https://www.chemistwarehouse.com.au/shop-online/2128/bio-island?utm_source=facebook&utm_medium=social&utm_campaign=au_cw_oa_facebook_social_jbxptyltd_bioisland_81_2026_100293-oa_video-image&utm_term=traffic&utm_content=video-image_all,www.chemistwarehouse.com.au,/shop-online/2128/bio-island,facebook,social,au_cw_oa_facebook_social_jbxptyltd_bioisland_81_2026_100293-oa_video-image,81,traffic,video-image_all,O&O,Jbxptyltd,Bioisland,2026,video-image,,,,,,"['FACEBOOK', 'INSTAGRAM', 'AUDIENCE_NETWORK', 'MESSENGER', 'THREADS']",au,cw,facebook,social,2026-W29,2026-07,"FACEBOOK, INSTAGRAM, AUDIENCE_NETWORK, MESSENGER, THREADS",True,True,True,True,True,False,Brand/Category Page,True,True,False,2026-07-20,2026-06-15 07:00:00,2026-07-20 15:37:32.553203,35
1517046223454007,994555532930907,True,2026-06-15 07:00:00,2026-07-18 07:00:00,Chemist Warehouse,Chemist Warehouse,{{product.name}},{{product.brand}},Shop now,DCO,https://www.chemistwarehouse.com.au/shop-online/1225/vicks?utm_source=facebook&utm_medium=social&utm_campaign=au_cw_oa_facebook_social_proctergambleaustralia_vicks_258_may26_100493-traffic_video-image&utm_term=traffic&utm_content=video-image_strat-dad-landscape,www.chemistwarehouse.com.au,/shop-online/1225/vicks,facebook,social,au_cw_oa_facebook_social_proctergambleaustralia_vicks_258_may26_100493-traffic_video-image,258,traffic,video-image_strat-dad-landscape,O&O,Proctergambleaustralia,Vicks,may26,video-image,Shop at Chemist Warehouse,Vicks has your back this winter. Fast Click & Collect at Chemist Warehouse,Shop Now,,https://video-ams2-1.xx.fbcdn.net/o1/v/t2/f2/m366/AQO_OAuisdzSltMzq9R0BTk8rxTa0DH4F-Ih7s_8yKpSjgt1RMgUBvOm2MJtoeRJDqe2b_0TPLiqEB7uC9igZb78UlHCb0mOORSsKkLb_FrrQA.mp4?_nc_cat=111&_nc_sid=b66105&_nc_ht=video-ams2-1.xx.fbcdn.net&_nc_ohc=xawsDNr3vHsQ7kNvwErbyMD&efg=eyJ2ZW5jb2RlX3RhZyI6Inhwdl9wcm9ncmVzc2l2ZS5WSV9VU0VDQVNFX1BST0RVQ1RfVFlQRS4uQzMuNzIwLmRhc2hfaDI2NC1iYXNpYy1nZW4yXzcyMHAiLCJ4cHZfYXNzZXRfaWQiOjM1OTg1OTAxOTExMDI0MzgwLCJhc3NldF9hZ2VfZGF5cyI6NDUsInZpX3VzZWNhc2VfaWQiOjEwNzk5LCJkdXJhdGlvbl9zIjo2LCJ1cmxnZW5fc291cmNlIjoid3d3In0%3D&ccb=17-1&vs=2d703be194d89901&_nc_vs=HBksFQIYRWZiX2VwaGVtZXJhbC81OTRGM0ZFMTBGNzlCMDRCMDM5RDNFNjI2RkIwRTU4OV9tdF8xX3ZpZGVvX2Rhc2hpbml0Lm1wNBUAAsgBEgAVAhhAZmJfcGVybWFuZW50LzU4NENGQzQ5Mjg5NTZCQjJGMjhEMjlERjk2QkJBNkIyX2F1ZGlvX2Rhc2hpbml0Lm1wNBUCAsgBEgAoABgAGwKIB3VzZV9vaWwBMRJwcm9ncmVzc2l2ZV9yZWNpcGUBMRUAACb4i6HFlr_sfxUCKAJDMywXQBgAAAAAAAAYGWRhc2hfaDI2NC1iYXNpYy1nZW4yXzcyMHARAHUAZd6oAQA&_nc_gid=iuVLjI_GU3XKksusSdpy9w&_nc_ss=7f180&_nc_zt=28&oh=00_AQDgg9dIniNd2vGjtGq4xdgwpq6YrBORms2_pwMtGUwUsQ&oe=6A631399,"['FACEBOOK', 'INSTAGRAM', 'AUDIENCE_NETWORK', 'MESSENGER', 'WHATSAPP', 'THREADS']",au,cw,facebook,social,2026-W29,2026-07,"FACEBOOK, INSTAGRAM, AUDIENCE_NETWORK, MESSENGER, WHATSAPP, THREADS",True,True,True,True,True,True,Brand/Category Page,True,False,False,2026-07-20,2026-06-15 07:00:00,2026-07-20 15:37:32.553203,35
1325192899118128,1324558552411536,True,2026-06-15 07:00:00,2026-07-19 07:00:00,Chemist Warehouse,Chemist Warehouse,{{product.name}},{{product.brand}},Shop now,DCO,https://www.chemistwarehouse.com.au/shop-online/1272/metamucil?utm_source=facebook&utm_medium=social&utm_campaign=au_cw_oa_facebook_social_proctergambleaustralia_metamucil_81_2026_100539-oa_video-image&utm_term=traffic&utm_content=video-image_all,www.chemistwarehouse.com.au,/shop-online/1272/metamucil,facebook,social,au_cw_oa_facebook_social_proctergambleaustralia_metamucil_81_2026_100539-oa_video-image,81,traffic,video-image_all,O&O,Proctergambleaustralia,Metamucil,2026,video-image,NEW METAMUCIL FIBRE THINS,Easy & Delicious Way to boost your daily fibre. TRY NOW 25% OFF EDLP at Chemist Warehouse,Shop Now,https://scontent-ams2-1.xx.fbcdn.net/v/t39.35426-6/721801089_1727659761706194_1825760687051701975_n.jpg?_nc_cat=110&ccb=1-7&_nc_sid=c53f8f&_nc_ohc=JkzoAh5piuYQ7kNvwFyKhM7&_nc_oc=AdqWOKrEk3w-V5djoQSizKjnKucH54tucxkGmLdf_kj8fI5tpxu3b8rRz1TcbJeYNPQ&_nc_zt=14&_nc_ht=scontent-ams2-1.xx&_nc_gid=iuVLjI_GU3XKksusSdpy9w&_nc_ss=7f180&oh=00_AQCbBCRYVknCixinPSuk3PNtZ0dn7HWMSVWnIGpOuv2eUw&oe=6A630E9D,,"['FACEBOOK', 'INSTAGRAM', 'AUDIENCE_NETWORK', 'MESSENGER', 'WHATSAPP', 'THREADS']",au,cw,facebook,social,2026-W29,2026-07,"FACEBOOK, INSTAGRAM, AUDIENCE_NETWORK, MESSENGER, WHATSAPP, THREADS",True,True,True,True,True,True,Brand/Category Page,True,False,False,2026-07-20,2026-06-15 07:00:00,2026-07-20 15:37:32.553203,35
979514875080411,1706071150719265,True,2026-06-16 07:00:00,2026-07-18 07:00:00,Chemist Warehouse,Chemist Warehouse,{{product.name}},{{product.brand}},Shop now,DCO,https://www.chemistwarehouse.com.au/shop-online/1272/metamucil?utm_source=facebook&utm_medium=social&utm_campaign=au_cw_oa_facebook_social_proctergambleaustralia_metamucil_81_2026_100539-oa_video-image&utm_term=traffic&utm_content=video-image_all,www.chemistwarehouse.com.au,/shop-online/1272/metamucil,facebook,social,au_cw_oa_facebook_social_proctergambleaustralia_metamucil_81_2026_100539-oa_video-image,81,traffic,video-image_all,O&O,Proctergambleaustralia,Metamucil,2026,video-image,NEW METAMUCIL FIBRE THINS,Easy & Delicious Way to boost your daily fibre. TRY NOW 25% OFF EDLP at Chemist Warehouse,Shop Now,https://scontent-ams2-1.xx.fbcdn.net/v/t39.35426-6/724625119_2059820088252753_5868585224921423765_n.jpg?_nc_cat=101&ccb=1-7&_nc_sid=c53f8f&_nc_ohc=9j0wLo5X1FQQ7kNvwFwrOni&_nc_oc=AdqXHERLdkml3AY1qiYlHXDHIg6H6toGJnzT2O7L-RP7_QORkCMMuG-Ha8d2_xN2pWc&_nc_zt=14&_nc_ht=scontent-ams2-1.xx&_nc_gid=iuVLjI_GU3XKksusSdpy9w&_nc_ss=7f180&oh=00_AQD-dv79TX857vwid2fWAUVrSCowtjcXpZEiANgU9N2MKA&oe=6A630E22,,"['FACEBOOK', 'INSTAGRAM', 'AUDIENCE_NETWORK', 'MESSENGER', 'WHATSAPP', 'THREADS']",au,cw,facebook,social,2026-W29,2026-07,"FACEBOOK, INSTAGRAM, AUDIENCE_NETWORK, MESSENGER, WHATSAPP, THREADS",True,True,True,True,True,True,Brand/Category Page,True,False,False,2026-07-20,2026-06-16 07:00:00,2026-07-20 15:37:32.553203,34
1782050349621812,2087894548430307,True,2026-06-16 07:00:00,2026-07-19 07:00:00,Chemist Warehouse,Chemist Warehouse,{{product.name}},{{product.brand}},Shop now,DCO,https://www.chemistwarehouse.com.au/shop-online/1272/metamucil?utm_source=facebook&utm_medium=social&utm_campaign=au_cw_oa_facebook_social_proctergambleaustralia_metamucil_81_2026_100539-oa_video-image&utm_term=traffic&utm_content=video-image_all,www.chemistwarehouse.com.au,/shop-online/1272/metamucil,facebook,social,au_cw_oa_facebook_social_proctergambleaustralia_metamucil_81_2026_100539-oa_video-image,81,traffic,video-image_all,O&O,Proctergambleaustralia,Metamucil,2026,video-image,NEW METAMUCIL FIBRE THINS,Get your daily fibre the easy way with delicious NEW Metamucil Fibre Thins on the go now!,Shop Now,https://scontent-ams2-1.xx.fbcdn.net/v/t39.35426-6/723676397_26411119571895029_2355873394549510722_n.jpg?_nc_cat=107&ccb=1-7&_nc_sid=c53f8f&_nc_ohc=l3D6i2Guk2UQ7kNvwEWpmrE&_nc_oc=AdrWYVZrUpITZC3gjmZv8jTBpLqTDxQUe4PYGZAjwt-HlSMYulQdUcMl69Zm9_QFDwk&_nc_zt=14&_nc_ht=scontent-ams2-1.xx&_nc_gid=iuVLjI_GU3XKksusSdpy9w&_nc_ss=7f180&oh=00_AQDoD36BU_PsbdoxWdAgobDdMEBbTxd3Qb7vsjn6ekvQwg&oe=6A63001C,,"['FACEBOOK', 'INSTAGRAM', 'AUDIENCE_NETWORK', 'MESSENGER', 'WHATSAPP', 'THREADS']",au,cw,facebook,social,2026-W29,2026-07,"FACEBOOK, INSTAGRAM, AUDIENCE_NETWORK, MESSENGER, WHATSAPP, THREADS",True,True,True,True,True,True,Brand/Category Page,True,False,False,2026-07-20,2026-06-16 07:00:00,2026-07-20 15:37:32.553203,34
4494223397566799,2073871080164296,True,2026-06-15 07:00:00,2026-07-18 07:00:00,Chemist Warehouse,Chemist Warehouse,{{product.name}},{{product.brand}},Shop now,DCO,https://www.chemistwarehouse.com.au/shop-online/1225/vicks?utm_source=facebook&utm_medium=social&utm_campaign=au_cw_oa_facebook_social_proctergambleaustralia_vicks_258_may26_100493-traffic_video-image&utm_term=traffic&utm_content=video-image_dropsxtrasoothing,www.chemistwarehouse.com.au,/shop-online/1225/vicks,facebook,social,au_cw_oa_facebook_social_proctergambleaustralia_vicks_258_may26_100493-traffic_video-image,258,traffic,video-image_dropsxtrasoothing,O&O,Proctergambleaustralia,Vicks,may26,video-image,VICKS HAS YOUR BACK,NEW Vicks VapoDrops Xtra Soothing Lozenges clears the nose & soothes the throat,Shop Now,https://scontent-ams2-1.xx.fbcdn.net/v/t39.35426-6/724362600_813273708388931_3137435875601574108_n.jpg?_nc_cat=108&ccb=1-7&_nc_sid=c53f8f&_nc_ohc=Y_wEqIfm-N0Q7kNvwHBpe5n&_nc_oc=AdqXWpcB-SfNU1ccPuuODkzOa3Iohv2kLcoYmZhIEvSNvw3hvPBPbR_ocuIGQAGsC1Q&_nc_zt=14&_nc_ht=scontent-ams2-1.xx&_nc_gid=iuVLjI_GU3XKksusSdpy9w&_nc_ss=7f180&oh=00_AQBR5Ggnhxjq0nltzGkbvOp4_Kh9Q_XRxhFGnr3YhljhVA&oe=6A630BC2,,"['FACEBOOK', 'INSTAGRAM', 'AUDIENCE_NETWORK', 'MESSENGER', 'WHATSAPP', 'THREADS']",au,cw,facebook,social,2026-W29,2026-07,"FACEBOOK, INSTAGRAM, AUDIENCE_NETWORK, MESSENGER, WHATSAPP, THREADS",True,True,True,True,True,True,Brand/Category Page,True,False,False,2026-07-20,2026-06-15 07:00:00,2026-07-20 15:37:32.553203,35
1682670929698292,5053183064908182,True,2026-06-15 07:00:00,2026-07-18 07:00:00,Chemist Warehouse,Chemist Warehouse,{{product.name}},{{product.brand}},Shop now,DCO,https://www.chemistwarehouse.com.au/shop-online/1225/vicks?utm_source=facebook&utm_medium=social&utm_campaign=au_cw_oa_facebook_social_proctergambleaustralia_vicks_258_may26_100493-traffic_video-image&utm_term=traffic&utm_content=video-image_dropsboxrange,www.chemistwarehouse.com.au,/shop-online/1225/vicks,facebook,social,au_cw_oa_facebook_social_proctergambleaustralia_vicks_258_may26_100493-traffic_video-image,258,traffic,video-image_dropsboxrange,O&O,Proctergambleaustralia,Vicks,may26,video-image,VICKS HAS YOUR BACK,Blocked nose & sore throat? Vicks VapoDrops has your back this winter,Shop Now,https://scontent-ams2-1.xx.fbcdn.net/v/t39.35426-6/724340866_2034335330504969_2163107752866922967_n.jpg?_nc_cat=104&ccb=1-7&_nc_sid=c53f8f&_nc_ohc=yldc8aZ7c5wQ7kNvwHc8nA2&_nc_oc=AdoDPhZ612H4REU34CAGoqCdacJrnbfffvDRNCWb-TwfxjOGBEC_34sBcUE5e5AkDuQ&_nc_zt=14&_nc_ht=scontent-ams2-1.xx&_nc_gid=iuVLjI_GU3XKksusSdpy9w&_nc_ss=7f180&oh=00_AQDzSO-MaBHB-w30ZIhEXbWJCBfktVg6hGoNn9frB4i2Eg&oe=6A632561,,"['FACEBOOK', 'INSTAGRAM', 'AUDIENCE_NETWORK', 'MESSENGER', 'WHATSAPP', 'THREADS']",au,cw,facebook,social,2026-W29,2026-07,"FACEBOOK, INSTAGRAM, AUDIENCE_NETWORK, MESSENGER, WHATSAPP, THREADS",True,True,True,True,True,True,Brand/Category Page,True,False,False,2026-07-20,2026-06-15 07:00:00,2026-07-20 15:37:32.553203,35
4361512877400992,882195168256307,True,2026-06-15 07:00:00,2026-07-19 07:00:00,Chemist Warehouse,Chemist Warehouse,{{product.name}},{{product.brand}},Shop now,DCO,https://www.chemistwarehouse.com.au/shop-online/1225/vicks?utm_source=facebook&utm_medium=social&utm_campaign=au_cw_oa_facebook_social_proctergambleaustralia_vicks_258_may26_100493-traffic_video-image&utm_term=traffic&utm_content=video-image_dropspainfulsorethroat,www.chemistwarehouse.com.au,/shop-online/1225/vicks,facebook,social,au_cw_oa_facebook_social_proctergambleaustralia_vicks_258_may26_100493-traffic_video-image,258,traffic,video-image_dropspainfulsorethroat,O&O,Proctergambleaustralia,Vicks,may26,video-image,VICKS HAS YOUR BACK,Sore throat? TRY VICKS VapoDrops + Painful Sore Throat. Click&Collect at Chemist Warehouse,Shop Now,https://scontent-ams2-1.xx.fbcdn.net/v/t39.35426-6/721758942_1687852028791135_5275274736210299220_n.jpg?_nc_cat=101&ccb=1-7&_nc_sid=c53f8f&_nc_ohc=eNUCurlyUVkQ7kNvwEno2i3&_nc_oc=AdrTSW-DLtBJLx7q1TcmZO4uAZVxOHqrHUs_i7O7Rkv_2ITxbw1NzJGC149DnpftuS4&_nc_zt=14&_nc_ht=scontent-ams2-1.xx&_nc_gid=iuVLjI_GU3XKksusSdpy9w&_nc_ss=7f180&oh=00_AQACchFqt_UUif1DU1O15mtfwOKop0C0v0Fbneu6oDcgxQ&oe=6A632D45,,"['FACEBOOK', 'INSTAGRAM', 'AUDIENCE_NETWORK', 'MESSENGER', 'WHATSAPP', 'THREADS']",au,cw,facebook,social,2026-W29,2026-07,"FACEBOOK, INSTAGRAM, AUDIENCE_NETWORK, MESSENGER, WHATSAPP, THREADS",True,True,True,True,True,True,Brand/Category Page,True,False,False,2026-07-20,2026-06-15 07:00:00,2026-07-20 15:37:32.553203,35
4520599654825724,1558335729190254,True,2026-06-15 07:00:00,2026-07-19 07:00:00,Chemist Warehouse,Chemist Warehouse,{{product.name}},{{product.brand}},Shop now,DCO,https://www.chemistwarehouse.com.au/shop-online/1225/vicks?utm_source=facebook&utm_medium=social&utm_campaign=au_cw_oa_facebook_social_proctergambleaustralia_vicks_258_may26_100493-traffic_video-image&utm_term=traffic&utm_content=video-image_rubs,www.chemistwarehouse.com.au,/shop-online/1225/vicks,facebook,social,au_cw_oa_facebook_social_proctergambleaustralia_vicks_258_may26_100493-traffic_video-image,258,traffic,video-image_rubs,O&O,Proctergambleaustralia,Vicks,may26,video-image,VICKS HAS YOUR BACK,Cough & cold keeping you up? Try Vicks VapoRub. Fast Click & Collect at Chemist Warehouse,Shop Now,https://scontent-ams2-1.xx.fbcdn.net/v/t39.35426-6/725574178_1497259444937666_5180125066222419428_n.jpg?_nc_cat=109&ccb=1-7&_nc_sid=c53f8f&_nc_ohc=ArJ8abMMjp0Q7kNvwEv8dUf&_nc_oc=Adp63u3KLPcZLLWNgs_BPciNbMjEYHFoO1l7SxDp2QVaLV2VZvNck2xPa7zjkH7lfYk&_nc_zt=14&_nc_ht=scontent-ams2-1.xx&_nc_gid=iuVLjI_GU3XKksusSdpy9w&_nc_ss=7f180&oh=00_AQBgHLcPKp91d6KS6evZK52yX-vXorM0p0Uxd2Z_4ndZFw&oe=6A631DB0,,"['FACEBOOK', 'INSTAGRAM', 'AUDIENCE_NETWORK', 'MESSENGER', 'WHATSAPP', 'THREADS']",au,cw,facebook,social,2026-W29,2026-07,"FACEBOOK, INSTAGRAM, AUDIENCE_NETWORK, MESSENGER, WHATSAPP, THREADS",True,True,True,True,True,True,Brand/Category Page,True,False,False,2026-07-20,2026-06-15 07:00:00,2026-07-20 15:37:32.553203,35
986294877623605,2832026290499953,True,2026-06-15 07:00:00,2026-07-19 07:00:00,Chemist Warehouse,Chemist Warehouse,{{product.name}},{{product.brand}},Shop now,DCO,https://www.chemistwarehouse.com.au/shop-online/1225/vicks?utm_source=facebook&utm_medium=social&utm_campaign=au_cw_oa_facebook_social_proctergambleaustralia_vicks_258_may26_100493-traffic_video-image&utm_term=traffic&utm_content=video-image_inhalerwithtalent,www.chemistwarehouse.com.au,/shop-online/1225/vicks,facebook,social,au_cw_oa_facebook_social_proctergambleaustralia_vicks_258_may26_100493-traffic_video-image,258,traffic,video-image_inhalerwithtalent,O&O,Proctergambleaustralia,Vicks,may26,video-image,VICKS HAS YOUR BACK,"Blocked nose? Vicks Inhaler has your back wherever winter takes you. Anytime, anywhere!",Shop Now,https://scontent-ams2-1.xx.fbcdn.net/v/t39.35426-6/724170441_1400952858523090_5375368993634161034_n.jpg?_nc_cat=101&ccb=1-7&_nc_sid=c53f8f&_nc_ohc=Y4OavZlK3MAQ7kNvwGwhFeb&_nc_oc=AdoisAYW2RSKoaGdLWLDGiNH-MfmbsNDFDo17d_2jBIaV8PmigNAuetvpT8qJ62MmnQ&_nc_zt=14&_nc_ht=scontent-ams2-1.xx&_nc_gid=iuVLjI_GU3XKksusSdpy9w&_nc_ss=7f180&oh=00_AQBNsw2giGU9Z0eTI1UF4n2jPScBAby748rLBPk1kCh_Eg&oe=6A63206F,,"['FACEBOOK', 'INSTAGRAM', 'AUDIENCE_NETWORK', 'MESSENGER', 'WHATSAPP', 'THREADS']",au,cw,facebook,social,2026-W29,2026-07,"FACEBOOK, INSTAGRAM, AUDIENCE_NETWORK, MESSENGER, WHATSAPP, THREADS",True,True,True,True,True,True,Brand/Category Page,True,False,False,2026-07-20,2026-06-15 07:00:00,2026-07-20 15:37:32.553203,35
1556557872473597,956123557429301,True,2026-06-15 07:00:00,2026-07-18 07:00:00,Chemist Warehouse,Chemist Warehouse,{{product.name}},{{product.brand}},Shop now,DCO,https://www.chemistwarehouse.com.au/shop-online/1225/vicks?utm_source=facebook&utm_medium=social&utm_campaign=au_cw_oa_facebook_social_proctergambleaustralia_vicks_258_may26_100493-traffic_video-image&utm_term=traffic&utm_content=video-image_dropsbagrange,www.chemistwarehouse.com.au,/shop-online/1225/vicks,facebook,social,au_cw_oa_facebook_social_proctergambleaustralia_vicks_258_may26_100493-traffic_video-image,258,traffic,video-image_dropsbagrange,O&O,Proctergambleaustralia,Vicks,may26,video-image,VICKS HAS YOUR BACK,Blocked nose & sore throat? Vicks VapoDrops has your back this winter,Shop Now,https://scontent-ams2-1.xx.fbcdn.net/v/t39.35426-6/725153593_2613082275753121_5008619520931533286_n.jpg?_nc_cat=103&ccb=1-7&_nc_sid=c53f8f&_nc_ohc=OBULWnyG07gQ7kNvwGIDAb8&_nc_oc=AdoISg0PmROHml4Zii0WJrxgIzVS7jXyaB9TnHdNxQENssGr4KutvM71F9nrq1u_Nrc&_nc_zt=14&_nc_ht=scontent-ams2-1.xx&_nc_gid=iuVLjI_GU3XKksusSdpy9w&_nc_ss=7f180&oh=00_AQABVV4mT3nkJbb7AH8qkdlm3fkKvI3Jprwt4903nPmf0Q&oe=6A6304CB,,"['FACEBOOK', 'INSTAGRAM', 'AUDIENCE_NETWORK', 'MESSENGER', 'WHATSAPP', 'THREADS']",au,cw,facebook,social,2026-W29,2026-07,"FACEBOOK, INSTAGRAM, AUDIENCE_NETWORK, MESSENGER, WHATSAPP, THREADS",True,True,True,True,True,True,Brand/Category Page,True,False,False,2026-07-20,2026-06-15 07:00:00,2026-07-20 15:37:32.553203,35
1566236301779617,1661308175101459,True,2026-06-23 07:00:00,2026-07-18 07:00:00,Chemist Warehouse,Chemist Warehouse,{{product.name}},{{product.brand}},Shop now,DCO,https://www.chemistwarehouse.com.au/shop-online/carusos-gummies?utm_source=facebook&utm_medium=social&utm_campaign=au_cw_oa_facebook_social_carusosnaturalhealth_carusos_81_may26_100524-oa-taffic_video-image&utm_term=traffic&utm_content=video-image_ashwa,www.chemistwarehouse.com.au,/shop-online/carusos-gummies,facebook,social,au_cw_oa_facebook_social_carusosnaturalhealth_carusos_81_may26_100524-oa-taffic_video-image,81,traffic,video-image_ashwa,O&O,Carusosnaturalhealth,Carusos,may26,video-image,Wellness made delicious,"Discover the easier way to wellness with Caruso's Herbal Gummies. Delicious herbal support you can take anytime, anywhere.

Vegan | 99% Sugar Free | Natural Colours

Always read the label and follow the directions for use.",Shop Now,,https://video-ams2-1.xx.fbcdn.net/o1/v/t2/f2/m366/AQPtOjWiTlGkGOTXYBgfwUmAqcml9krJeRpXwHZOp9dORYLzTpqp4gbaZUAAuptYWb3r9AYFcd4j3uoZGpeI4a1R0kinQDwuO1kuSX5UM8xo9w.mp4?_nc_cat=100&_nc_sid=b66105&_nc_ht=video-ams2-1.xx.fbcdn.net&_nc_ohc=FCWB-HZzO3kQ7kNvwEl2JLP&efg=eyJ2ZW5jb2RlX3RhZyI6Inhwdl9wcm9ncmVzc2l2ZS5WSV9VU0VDQVNFX1BST0RVQ1RfVFlQRS4uQzMuNzIwLmRhc2hfaDI2NC1iYXNpYy1nZW4yXzcyMHAiLCJ4cHZfYXNzZXRfaWQiOjE1MjczNDM2NTIwODMyNjAsImFzc2V0X2FnZV9kYXlzIjo1MywidmlfdXNlY2FzZV9pZCI6MTA3OTksImR1cmF0aW9uX3MiOjgsInVybGdlbl9zb3VyY2UiOiJ3d3cifQ%3D%3D&ccb=17-1&vs=e5179231df13a0ce&_nc_vs=HBksFQIYRWZiX2VwaGVtZXJhbC9CMzQ3MEFGOUQ2NDg0OTlBNEMwOUVFNzAxNjhGQjI5QV9tdF8xX3ZpZGVvX2Rhc2hpbml0Lm1wNBUAAsgBEgAVAhhAZmJfcGVybWFuZW50Lzk1NDA4ODM5RUMzQzRGNDE0OTBBMDJCNzAyNkIyNEEwX2F1ZGlvX2Rhc2hpbml0Lm1wNBUCAsgBEgAoABgAGwKIB3VzZV9vaWwBMRJwcm9ncmVzc2l2ZV9yZWNpcGUBMRUAACb42Kj9jMe2BRUCKAJDMywXQCAAAAAAAAAYGWRhc2hfaDI2NC1iYXNpYy1nZW4yXzcyMHARAHUAZd6oAQA&_nc_gid=5aKsz3PJF6QLrr1eHVHT2A&_nc_ss=7f180&_nc_zt=28&oh=00_AQAIp_R_WFEahUncHiPFMlUZ7YGe7d6dmak2_9aDTDVDkQ&oe=6A6315A8,"['FACEBOOK', 'INSTAGRAM', 'AUDIENCE_NETWORK', 'MESSENGER', 'WHATSAPP', 'THREADS']",au,cw,facebook,social,2026-W29,2026-07,"FACEBOOK, INSTAGRAM, AUDIENCE_NETWORK, MESSENGER, WHATSAPP, THREADS",True,True,True,True,True,True,Brand/Category Page,True,False,False,2026-07-20,2026-06-23 07:00:00,2026-07-20 15:37:32.553203,27
1501157348170444,2218611715592508,True,2026-06-29 07:00:00,2026-07-19 07:00:00,Chemist Warehouse,Chemist Warehouse,{{product.name}},{{product.brand}},Shop now,DCO,https://www.chemistwarehouse.com.au/shop-online/1225/vicks?utm_source=facebook&utm_medium=social&utm_campaign=au_cw_oa_facebook_social_proctergambleaustralia_vicks_258_may26_100493-traffic_video-image&utm_term=traffic&utm_content=video-image_coughxtrasoothing,www.chemistwarehouse.com.au,/shop-online/1225/vicks,facebook,social,au_cw_oa_facebook_social_proctergambleaustralia_vicks_258_may26_100493-traffic_video-image,258,traffic,video-image_coughxtrasoothing,O&O,Proctergambleaustralia,Vicks,may26,video-image,VICKS HAS YOUR BACK,NEW Vicks Xtra Soothing Cough Syrup with 5x more honey to soothe the throat,Shop Now,https://scontent-ams2-1.xx.fbcdn.net/v/t39.35426-6/724216759_1697320224731495_1352911074467897908_n.jpg?_nc_cat=110&ccb=1-7&_nc_sid=c53f8f&_nc_ohc=ecB_N2om1FYQ7kNvwELFWDn&_nc_oc=AdrOH9yXdI7MqEa8-R4RB6EUDP-2DuZnk7DTejLBaplN_lBN8CcbFDefEcb_X_VfSAI&_nc_zt=14&_nc_ht=scontent-ams2-1.xx&_nc_gid=iuVLjI_GU3XKksusSdpy9w&_nc_ss=7f180&oh=00_AQDjC9eA_CBNNoQVpYL_HOi9OD5R81dQXQHdUMBWbUDbtg&oe=6A633393,,"['FACEBOOK', 'INSTAGRAM', 'AUDIENCE_NETWORK', 'MESSENGER', 'WHATSAPP', 'THREADS']",au,cw,facebook,social,2026-W29,2026-07,"FACEBOOK, INSTAGRAM, AUDIENCE_NETWORK, MESSENGER, WHATSAPP, THREADS",True,True,True,True,True,True,Brand/Category Page,True,False,False,2026-07-20,2026-06-29 07:00:00,2026-07-20 15:37:32.553203,21
3386788254817945,1698680334777403,True,2026-06-12 07:00:00,2026-07-15 07:00:00,Chemist Warehouse,Chemist Warehouse,{{product.name}},{{product.brand}},Shop now,DCO,https://www.chemistwarehouse.com.au/shop-online/902/sukin?utm_source=facebook&utm_medium=social&utm_campaign=au_cw_coop_facebook_social_bwxbrandsptyltd_sukin_665_2026_100133-bau_video-image&utm_term=traffic&utm_content=video-image_all,www.chemistwarehouse.com.au,/shop-online/902/sukin,facebook,social,au_cw_coop_facebook_social_bwxbrandsptyltd_sukin_665_2026_100133-bau_video-image,665,traffic,video-image_all,Coop,Bwxbrandsptyltd,Sukin,2026,video-image,All-in-one Hair Spritz,"Afraid of Heat Damage? Not anymore, with one Spritz that reduces damage & hydrates scalp.",Shop Now,https://scontent-ams2-1.xx.fbcdn.net/v/t39.35426-6/720333996_1518246559997276_7190025230281921060_n.jpg?_nc_cat=104&ccb=1-7&_nc_sid=c53f8f&_nc_ohc=SDIyPQacIskQ7kNvwG3m0VT&_nc_oc=AdoASVr6qYfyI-iMY5ts3ZL9pGB9dksSZQe7IiozyeIxNTse_IqY4h0issu1TADg-V8&_nc_zt=14&_nc_ht=scontent-ams2-1.xx&_nc_gid=iuVLjI_GU3XKksusSdpy9w&_nc_ss=7f180&oh=00_AQChecoJaDbt0iu0_XTW2hBQY5kN-1mdfgq8S-1CSAtaXQ&oe=6A630840,,"['FACEBOOK', 'INSTAGRAM', 'AUDIENCE_NETWORK', 'MESSENGER', 'WHATSAPP', 'THREADS']",au,cw,facebook,social,2026-W29,2026-07,"FACEBOOK, INSTAGRAM, AUDIENCE_NETWORK, MESSENGER, WHATSAPP, THREADS",True,True,True,True,True,True,Brand/Category Page,True,False,False,2026-07-20,2026-06-12 07:00:00,2026-07-20 15:37:32.553203,38
1399286148669390,1016714720737599,True,2026-06-11 07:00:00,2026-07-16 07:00:00,Chemist Warehouse,Chemist Warehouse,{{product.name}},{{product.brand}},Shop now,DCO,https://www.chemistwarehouse.com.au/shop-online/902/sukin?utm_source=facebook&utm_medium=social&utm_campaign=au_cw_coop_facebook_social_bwxbrandsptyltd_sukin_665_2026_100133-bau_video-image&utm_term=traffic&utm_content=video-image_all,www.chemistwarehouse.com.au,/shop-online/902/sukin,facebook,social,au_cw_coop_facebook_social_bwxbrandsptyltd_sukin_665_2026_100133-bau_video-image,665,traffic,video-image_all,Coop,Bwxbrandsptyltd,Sukin,2026,video-image,Everyday Bodycare Rituals,Upgrade your shower routine with Sukin bodycare essentials at Chemist Warehouse.,Shop Now,,,"['FACEBOOK', 'INSTAGRAM', 'AUDIENCE_NETWORK', 'MESSENGER', 'WHATSAPP', 'THREADS']",au,cw,facebook,social,2026-W29,2026-07,"FACEBOOK, INSTAGRAM, AUDIENCE_NETWORK, MESSENGER, WHATSAPP, THREADS",True,True,True,True,True,True,Brand/Category Page,True,False,False,2026-07-20,2026-06-11 07:00:00,2026-07-20 15:37:32.553203,39
2485340408574688,1279202517363035,True,2026-06-23 07:00:00,2026-07-19 07:00:00,Chemist Warehouse,Chemist Warehouse,{{product.name}},{{product.brand}},Shop now,DCO,https://www.chemistwarehouse.com.au/shop-online/carusos-gummies?utm_source=facebook&utm_medium=social&utm_campaign=au_cw_oa_facebook_social_carusosnaturalhealth_carusos_81_may26_100524-oa-taffic_video-image&utm_term=traffic&utm_content=video-image_gingko,www.chemistwarehouse.com.au,/shop-online/carusos-gummies,facebook,social,au_cw_oa_facebook_social_carusosnaturalhealth_carusos_81_may26_100524-oa-taffic_video-image,81,traffic,video-image_gingko,O&O,Carusosnaturalhealth,Carusos,may26,video-image,Wellness made delicious,"Discover the easier way to wellness with Caruso's Herbal Gummies. Delicious herbal support you can take anytime, anywhere.

Vegan | 99% Sugar Free | Natural Colours

Always read the label and follow the directions for use.",Shop Now,,https://video-ams2-1.xx.fbcdn.net/o1/v/t2/f2/m366/AQPFWeumW1hTi0JJHUHC6jh0Sbi95dKA96agaGwPRsya3vaZOdwFL3X1aeTeJs5Ja_rJVfl1D8ResoBoHP0mwfTdX-ghH3XzK55WtviHWFD5ig.mp4?_nc_cat=100&_nc_sid=b66105&_nc_ht=video-ams2-1.xx.fbcdn.net&_nc_ohc=ViuRqoAxGPUQ7kNvwE-iuyx&efg=eyJ2ZW5jb2RlX3RhZyI6Inhwdl9wcm9ncmVzc2l2ZS5WSV9VU0VDQVNFX1BST0RVQ1RfVFlQRS4uQzMuNzIwLmRhc2hfaDI2NC1iYXNpYy1nZW4yXzcyMHAiLCJ4cHZfYXNzZXRfaWQiOjgxNzg4OTAxNzgxNTQ5NSwiYXNzZXRfYWdlX2RheXMiOjUzLCJ2aV91c2VjYXNlX2lkIjoxMDc5OSwiZHVyYXRpb25fcyI6OCwidXJsZ2VuX3NvdXJjZSI6Ind3dyJ9&ccb=17-1&vs=cb96e22a4cc9ae2b&_nc_vs=HBksFQIYRWZiX2VwaGVtZXJhbC9FMjQxM0REQ0I1N0YyMERGOEVGQzlGRkU3MjQwMTZBQ19tdF8xX3ZpZGVvX2Rhc2hpbml0Lm1wNBUAAsgBEgAVAhhAZmJfcGVybWFuZW50LzA4NDM3RUZCNjY2QkU2MTgyRkE4RDNDQjNERjY5RjlFX2F1ZGlvX2Rhc2hpbml0Lm1wNBUCAsgBEgAoABgAGwKIB3VzZV9vaWwBMRJwcm9ncmVzc2l2ZV9yZWNpcGUBMRUAACaOh_uFtPfzAhUCKAJDMywXQCAAAAAAAAAYGWRhc2hfaDI2NC1iYXNpYy1nZW4yXzcyMHARAHUAZd6oAQA&_nc_gid=5aKsz3PJF6QLrr1eHVHT2A&_nc_ss=7f180&_nc_zt=28&oh=00_AQDVEqj0hucKC9mIROyLLl8O7gZDvFi5gRiKY97jqMWJ3g&oe=6A6336B8,"['FACEBOOK', 'INSTAGRAM', 'AUDIENCE_NETWORK', 'MESSENGER', 'WHATSAPP', 'THREADS']",au,cw,facebook,social,2026-W29,2026-07,"FACEBOOK, INSTAGRAM, AUDIENCE_NETWORK, MESSENGER, WHATSAPP, THREADS",True,True,True,True,True,True,Brand/Category Page,True,False,False,2026-07-20,2026-06-23 07:00:00,2026-07-20 15:37:32.553203,27
2115993388948556,1743309437122990,True,2026-06-10 07:00:00,2026-07-19 07:00:00,Chemist Warehouse,Chemist Warehouse,{{product.name}},{{product.brand}},Shop now,DCO,https://www.chemistwarehouse.com.au/shop-online/4617/essano-skincare?utm_source=facebook&utm_medium=social&utm_campaign=au_cw_coop_facebook_social_vitalitybrandsworldwide_essano_665_2026_100243-bau_video-image&utm_term=traffic&utm_content=video-image_all,www.chemistwarehouse.com.au,/shop-online/4617/essano-skincare,facebook,social,au_cw_coop_facebook_social_vitalitybrandsworldwide_essano_665_2026_100243-bau_video-image,665,traffic,video-image_all,Coop,Vitalitybrandsworldwide,Essano,2026,video-image,One drop closer to quenched skin,"Plump, hydrated skin starts with essano Hydration+ powered by four weights of hyaluronic acid. No fluff, just results.",Shop Now,https://scontent-ams2-1.xx.fbcdn.net/v/t39.35426-6/722296285_974834561827542_4259555710928905665_n.jpg?_nc_cat=104&ccb=1-7&_nc_sid=c53f8f&_nc_ohc=wk50j6VFdNgQ7kNvwFYgQvR&_nc_oc=Adq0aGiq7A1RJZ-7wRlfNcngXm9sgSYmLSw0YPbZzYP_wUdDoZaeCtCWnV8qtd6xPJw&_nc_zt=14&_nc_ht=scontent-ams2-1.xx&_nc_gid=iuVLjI_GU3XKksusSdpy9w&_nc_ss=7f180&oh=00_AQDb9YI469z9sA-JKJOko6txF03s-Hm3rG_QjSwLK89GKw&oe=6A633750,,"['FACEBOOK', 'INSTAGRAM', 'AUDIENCE_NETWORK', 'MESSENGER', 'THREADS']",au,cw,facebook,social,2026-W29,2026-07,"FACEBOOK, INSTAGRAM, AUDIENCE_NETWORK, MESSENGER, THREADS",True,True,True,True,True,False,Brand/Category Page,True,False,False,2026-07-20,2026-06-10 07:00:00,2026-07-20 15:37:32.553203,40
2129768110927805,1807830296883261,True,2026-06-15 07:00:00,2026-07-19 07:00:00,Chemist Warehouse,Chemist Warehouse,{{product.name}},{{product.brand}},Shop now,DCO,https://www.chemistwarehouse.com.au/shop-online/1225/vicks?utm_source=facebook&utm_medium=social&utm_campaign=au_cw_oa_facebook_social_proctergambleaustralia_vicks_258_may26_100493-traffic_video-image&utm_term=traffic&utm_content=video-image_inhaler,www.chemistwarehouse.com.au,/shop-online/1225/vicks,facebook,social,au_cw_oa_facebook_social_proctergambleaustralia_vicks_258_may26_100493-traffic_video-image,258,traffic,video-image_inhaler,O&O,Proctergambleaustralia,Vicks,may26,video-image,VICKS HAS YOUR BACK,Fast relief from blocked with Vicks Inhaler. Fast Click & Collect at Chemist Warehouse,Shop Now,https://scontent-ams2-1.xx.fbcdn.net/v/t39.35426-6/724408342_1379713624054015_646504205171079926_n.jpg?_nc_cat=106&ccb=1-7&_nc_sid=c53f8f&_nc_ohc=sLLtUktlMPgQ7kNvwFS49T3&_nc_oc=AdocVauXQlPAl8QWAclzFrvU8UKTqCGeDroe8MJpzoj488sK6TkYiU-IJbSiswsUzbo&_nc_zt=14&_nc_ht=scontent-ams2-1.xx&_nc_gid=iuVLjI_GU3XKksusSdpy9w&_nc_ss=7f180&oh=00_AQChgzqF9AH3TIwCXMUaBxaj8cC70GGd2CJwh1_VpMRQMA&oe=6A6337BD,,"['FACEBOOK', 'INSTAGRAM', 'AUDIENCE_NETWORK', 'MESSENGER', 'WHATSAPP', 'THREADS']",au,cw,facebook,social,2026-W29,2026-07,"FACEBOOK, INSTAGRAM, AUDIENCE_NETWORK, MESSENGER, WHATSAPP, THREADS",True,True,True,True,True,True,Brand/Category Page,True,False,False,2026-07-20,2026-06-15 07:00:00,2026-07-20 15:37:32.553203,35
1022720360127713,1038801368682142,True,2026-06-11 07:00:00,2026-07-19 07:00:00,Chemist Warehouse,Chemist Warehouse,Refresh Your Skin Routine,Discover Sukin cleansing balms & facial wipes at Chemist Warehouse.,Shop now,VIDEO,https://www.chemistwarehouse.com.au/shop-online/902/sukin?utm_source=facebook&utm_medium=social&utm_campaign=au_cw_coop_facebook_social_bwxbrandsptyltd_sukin_665_2026_100133-bau_video-image&utm_term=traffic&utm_content=video-image_all,www.chemistwarehouse.com.au,/shop-online/902/sukin,facebook,social,au_cw_coop_facebook_social_bwxbrandsptyltd_sukin_665_2026_100133-bau_video-image,665,traffic,video-image_all,Coop,Bwxbrandsptyltd,Sukin,2026,video-image,,,,,,"['FACEBOOK', 'INSTAGRAM', 'AUDIENCE_NETWORK', 'MESSENGER', 'WHATSAPP', 'THREADS']",au,cw,facebook,social,2026-W29,2026-07,"FACEBOOK, INSTAGRAM, AUDIENCE_NETWORK, MESSENGER, WHATSAPP, THREADS",True,True,True,True,True,True,Brand/Category Page,True,True,False,2026-07-20,2026-06-11 07:00:00,2026-07-20 15:37:32.553203,39
1704178944111395,1563303525310368,True,2026-06-23 07:00:00,2026-07-19 07:00:00,Chemist Warehouse,Chemist Warehouse,{{product.name}},{{product.brand}},Shop now,DCO,https://www.chemistwarehouse.com.au/shop-online/carusos-gummies?utm_source=facebook&utm_medium=social&utm_campaign=au_cw_oa_facebook_social_carusosnaturalhealth_carusos_81_may26_100524-oa-taffic_video-image&utm_term=traffic&utm_content=video-image_range,www.chemistwarehouse.com.au,/shop-online/carusos-gummies,facebook,social,au_cw_oa_facebook_social_carusosnaturalhealth_carusos_81_may26_100524-oa-taffic_video-image,81,traffic,video-image_range,O&O,Carusosnaturalhealth,Carusos,may26,video-image,Wellness made delicious,"Discover the easier way to wellness with Caruso's Herbal Gummies. Delicious herbal support you can take anytime, anywhere.

Vegan | 99% Sugar Free | Natural Colours

Always read the label and follow the directions for use.",Shop Now,,https://video-ams2-1.xx.fbcdn.net/o1/v/t2/f2/m366/AQM8y2YNWgMKePVHAES9VZ58BqlCTWmV7eYmSQ99kmmhXJvWCk8_iNUs8CXdvvOyt5WxvxNhO84TxM0gYSIiLw0jJlLJqtIt2i6XdwZSDRn-ZQ.mp4?_nc_cat=111&_nc_sid=b66105&_nc_ht=video-ams2-1.xx.fbcdn.net&_nc_ohc=Awb1S5A5MBAQ7kNvwH-H0dP&efg=eyJ2ZW5jb2RlX3RhZyI6Inhwdl9wcm9ncmVzc2l2ZS5WSV9VU0VDQVNFX1BST0RVQ1RfVFlQRS4uQzMuNzE2LmRhc2hfaDI2NC1iYXNpYy1nZW4yXzcyMHAiLCJ4cHZfYXNzZXRfaWQiOjExMzI0NzE0MTkwOTE0MzksImFzc2V0X2FnZV9kYXlzIjo1MywidmlfdXNlY2FzZV9pZCI6MTAxMzksImR1cmF0aW9uX3MiOjksInVybGdlbl9zb3VyY2UiOiJ3d3cifQ%3D%3D&ccb=17-1&vs=fc12b6818e01c777&_nc_vs=HBksFQIYRWZiX2VwaGVtZXJhbC9ENzQzMEU2QzQ3MzQ2OTZBMkIzNUREMzVBOTEzQUY4N19tdF8xX3ZpZGVvX2Rhc2hpbml0Lm1wNBUAAsgBEgAVAhhAZmJfcGVybWFuZW50L0M1NEMxRDg3MzE3QTQ2MjFEMTIwN0M3RTRFMThGODk5X2F1ZGlvX2Rhc2hpbml0Lm1wNBUCAsgBEgAoABgAGwKIB3VzZV9vaWwBMRJwcm9ncmVzc2l2ZV9yZWNpcGUBMRUAACbe57nKwf6CBBUCKAJDMywXQCIAAAAAAAAYGWRhc2hfaDI2NC1iYXNpYy1nZW4yXzcyMHARAHUAZbaeAQA&_nc_gid=5aKsz3PJF6QLrr1eHVHT2A&_nc_ss=7f180&_nc_zt=28&oh=00_AQBxFr30P6CncXu5kVNLEt6p7I8MWhL3TCEMzOc6CJDfqA&oe=6A6303B5,"['FACEBOOK', 'INSTAGRAM', 'AUDIENCE_NETWORK', 'MESSENGER', 'WHATSAPP', 'THREADS']",au,cw,facebook,social,2026-W29,2026-07,"FACEBOOK, INSTAGRAM, AUDIENCE_NETWORK, MESSENGER, WHATSAPP, THREADS",True,True,True,True,True,True,Brand/Category Page,True,False,False,2026-07-20,2026-06-23 07:00:00,2026-07-20 15:37:32.553203,27
2076071060456980,980216628121874,True,2026-06-11 07:00:00,2026-07-17 07:00:00,Chemist Warehouse,Chemist Warehouse,Refresh Your Skin Routine,Discover Sukin cleansing balms & facial wipes at Chemist Warehouse.,Shop now,VIDEO,https://www.chemistwarehouse.com.au/shop-online/902/sukin?utm_source=facebook&utm_medium=social&utm_campaign=au_cw_coop_facebook_social_bwxbrandsptyltd_sukin_665_2026_100133-bau_video-image&utm_term=traffic&utm_content=video-image_all,www.chemistwarehouse.com.au,/shop-online/902/sukin,facebook,social,au_cw_coop_facebook_social_bwxbrandsptyltd_sukin_665_2026_100133-bau_video-image,665,traffic,video-image_all,Coop,Bwxbrandsptyltd,Sukin,2026,video-image,,,,,,"['FACEBOOK', 'INSTAGRAM', 'AUDIENCE_NETWORK', 'MESSENGER', 'WHATSAPP', 'THREADS']",au,cw,facebook,social,2026-W29,2026-07,"FACEBOOK, INSTAGRAM, AUDIENCE_NETWORK, MESSENGER, WHATSAPP, THREADS",True,True,True,True,True,True,Brand/Category Page,True,True,False,2026-07-20,2026-06-11 07:00:00,2026-07-20 15:37:32.553203,39
2458327867974410,1717270929727870,True,2026-06-23 07:00:00,2026-07-19 07:00:00,Chemist Warehouse,Chemist Warehouse,{{product.name}},{{product.brand}},See details,DCO,https://www.chemistwarehouse.com.au/shop-online/carusos-gummies?utm_source=facebook&utm_medium=social&utm_campaign=au_cw_oa_facebook_social_carusosnaturalhealth_carusos_81_may26_100524-oa-conv_video-image&utm_term=traffic&utm_content=video-image_range,www.chemistwarehouse.com.au,/shop-online/carusos-gummies,facebook,social,au_cw_oa_facebook_social_carusosnaturalhealth_carusos_81_may26_100524-oa-conv_video-image,81,traffic,video-image_range,O&O,Carusosnaturalhealth,Carusos,may26,video-image,Wellness made delicious,"Discover the easier way to wellness with Caruso's Herbal Gummies. Delicious herbal support you can take anytime, anywhere.

Vegan | 99% Sugar Free | Natural Colours

Always read the label and follow the directions for use.",See Details,,https://video-ams2-1.xx.fbcdn.net/o1/v/t2/f2/m366/AQPVXz0sEvp0JUhooS5mDAUaE_jd7Bi4grJ4jbIwNl_CTtdWjj2q945GdF1AlvAurn_qKNGrQnN_l-pHnwDhEfPZkY6qdx9inmoMokRy1e1DMA.mp4?_nc_cat=101&_nc_sid=b66105&_nc_ht=video-ams2-1.xx.fbcdn.net&_nc_ohc=oGsKRbM5w7IQ7kNvwE2LHEE&efg=eyJ2ZW5jb2RlX3RhZyI6Inhwdl9wcm9ncmVzc2l2ZS5WSV9VU0VDQVNFX1BST0RVQ1RfVFlQRS4uQzMuNzIwLmRhc2hfaDI2NC1iYXNpYy1nZW4yXzcyMHAiLCJ4cHZfYXNzZXRfaWQiOjEzMzEyODk1MzUyNDE1MDEsImFzc2V0X2FnZV9kYXlzIjoyNywidmlfdXNlY2FzZV9pZCI6MTA3OTksImR1cmF0aW9uX3MiOjksInVybGdlbl9zb3VyY2UiOiJ3d3cifQ%3D%3D&ccb=17-1&vs=6c32f1cb99b07c57&_nc_vs=HBksFQIYRWZiX2VwaGVtZXJhbC9ERjQ0N0NCOTNCNzg5NjEzRDJGRUYyNDEwNzdCOEE4Rl9tdF8xX3ZpZGVvX2Rhc2hpbml0Lm1wNBUAAsgBEgAVAhhAZmJfcGVybWFuZW50LzFENDUwQTJCNjREMjMwNEMyMUY5QUY4MzY1N0NBREIwX2F1ZGlvX2Rhc2hpbml0Lm1wNBUCAsgBEgAoABgAGwKIB3VzZV9vaWwBMRJwcm9ncmVzc2l2ZV9yZWNpcGUBMRUAACa69Lr9n7PdBBUCKAJDMywXQCIAAAAAAAAYGWRhc2hfaDI2NC1iYXNpYy1nZW4yXzcyMHARAHUAZd6oAQA&_nc_gid=5aKsz3PJF6QLrr1eHVHT2A&_nc_ss=7f180&_nc_zt=28&oh=00_AQD2ACLinET0eUxPjAxKQijFKiQD4NpfGeKXM_5Exszmdg&oe=6A63131F,"['FACEBOOK', 'INSTAGRAM', 'AUDIENCE_NETWORK', 'MESSENGER', 'THREADS']",au,cw,facebook,social,2026-W29,2026-07,"FACEBOOK, INSTAGRAM, AUDIENCE_NETWORK, MESSENGER, THREADS",True,True,True,True,True,False,Brand/Category Page,True,False,False,2026-07-20,2026-06-23 07:00:00,2026-07-20 15:37:32.553203,27
1531986348326277,1723799615723550,True,2026-06-10 07:00:00,2026-07-19 07:00:00,Chemist Warehouse,Chemist Warehouse,{{product.name}},{{product.brand}},Shop now,DCO,https://www.chemistwarehouse.com.au/shop-online/4617/essano-skincare?utm_source=facebook&utm_medium=social&utm_campaign=au_cw_coop_facebook_social_vitalitybrandsworldwide_essano_665_2026_100243-bau_video-image&utm_term=traffic&utm_content=video-image_all,www.chemistwarehouse.com.au,/shop-online/4617/essano-skincare,facebook,social,au_cw_coop_facebook_social_vitalitybrandsworldwide_essano_665_2026_100243-bau_video-image,665,traffic,video-image_all,Coop,Vitalitybrandsworldwide,Essano,2026,video-image,One drop closer to quenched skin,"Plump, hydrated skin starts with essano Hydration+ powered by four weights of hyaluronic acid. No fluff, just results.",Shop Now,https://scontent-ams2-1.xx.fbcdn.net/v/t39.35426-6/723599965_2424040868105360_7895513933142848484_n.jpg?_nc_cat=110&ccb=1-7&_nc_sid=c53f8f&_nc_ohc=NfGQbSBdT_0Q7kNvwHUw_VZ&_nc_oc=AdqAVfZtE_2v1DH3TrlkIbiQSvfYG13dSdfdAyifjM-kVJiHFTq6Ftb3WT6BTaB4aGo&_nc_zt=14&_nc_ht=scontent-ams2-1.xx&_nc_gid=t0tJVfZx7pQ1kad7XK8OFA&_nc_ss=7f180&oh=00_AQADMGWgBh0o43HT_bmFZU0uBl0_fw4oziox57su6Ib7Fw&oe=6A63199C,,"['FACEBOOK', 'INSTAGRAM', 'AUDIENCE_NETWORK', 'MESSENGER', 'THREADS']",au,cw,facebook,social,2026-W29,2026-07,"FACEBOOK, INSTAGRAM, AUDIENCE_NETWORK, MESSENGER, THREADS",True,True,True,True,True,False,Brand/Category Page,True,False,False,2026-07-20,2026-06-10 07:00:00,2026-07-20 15:37:32.553203,40
2410929579387842,1518942319679058,True,2026-06-11 07:00:00,2026-07-18 07:00:00,Chemist Warehouse,Chemist Warehouse,{{product.name}},{{product.brand}},Shop now,DCO,https://www.chemistwarehouse.com.au/shop-online/902/sukin?utm_source=facebook&utm_medium=social&utm_campaign=au_cw_coop_facebook_social_bwxbrandsptyltd_sukin_665_2026_100133-bau_video-image&utm_term=traffic&utm_content=video-image_all,www.chemistwarehouse.com.au,/shop-online/902/sukin,facebook,social,au_cw_coop_facebook_social_bwxbrandsptyltd_sukin_665_2026_100133-bau_video-image,665,traffic,video-image_all,Coop,Bwxbrandsptyltd,Sukin,2026,video-image,Everyday Bodycare Rituals,Upgrade your shower routine with Sukin bodycare essentials at Chemist Warehouse.,Shop Now,,https://video-ams2-1.xx.fbcdn.net/o1/v/t2/f2/m366/AQMvFuZwT7kq4Mh8LmSFPjTgn0hsM6CEiQm_-sp7TM-ebO8r0saKGuME6Kt6cw4b50iFoPgP5NF2hbVhYrg384tAvHi3M-iEccnMf1HfAGS2pw.mp4?_nc_cat=107&_nc_sid=b66105&_nc_ht=video-ams2-1.xx.fbcdn.net&_nc_ohc=OBpmlsW2ZZUQ7kNvwELCcho&efg=eyJ2ZW5jb2RlX3RhZyI6Inhwdl9wcm9ncmVzc2l2ZS5WSV9VU0VDQVNFX1BST0RVQ1RfVFlQRS4uQzMuNzIwLmRhc2hfaDI2NC1iYXNpYy1nZW4yXzcyMHAiLCJ4cHZfYXNzZXRfaWQiOjEzMTY4MzUwNDA0MjA5ODQsImFzc2V0X2FnZV9kYXlzIjozOCwidmlfdXNlY2FzZV9pZCI6MTA3OTksImR1cmF0aW9uX3MiOjQ5LCJ1cmxnZW5fc291cmNlIjoid3d3In0%3D&ccb=17-1&vs=69ecd50d1d17180&_nc_vs=HBksFQIYRWZiX2VwaGVtZXJhbC9BOTQ1RTQyMkExRDI4ODQ3Q0QyQkU5QUQ4MEIzNERBMF9tdF8xX3ZpZGVvX2Rhc2hpbml0Lm1wNBUAAsgBEgAVAhhAZmJfcGVybWFuZW50LzIwNEI0NEVCQjU3OEM4REY2Nzk1RDk2MTM0QzVBMDg3X2F1ZGlvX2Rhc2hpbml0Lm1wNBUCAsgBEgAoABgAGwKIB3VzZV9vaWwBMRJwcm9ncmVzc2l2ZV9yZWNpcGUBMRUAACbwkf_M8enWBBUCKAJDMywXQEjIcrAgxJwYGWRhc2hfaDI2NC1iYXNpYy1nZW4yXzcyMHARAHUAZd6oAQA&_nc_gid=iuVLjI_GU3XKksusSdpy9w&_nc_ss=7f180&_nc_zt=28&oh=00_AQBVLoFC1sAjscmCISRwxHKbBRIbrB5X8CLME-uwL0boUg&oe=6A630581,"['FACEBOOK', 'INSTAGRAM', 'AUDIENCE_NETWORK', 'MESSENGER', 'WHATSAPP', 'THREADS']",au,cw,facebook,social,2026-W29,2026-07,"FACEBOOK, INSTAGRAM, AUDIENCE_NETWORK, MESSENGER, WHATSAPP, THREADS",True,True,True,True,True,True,Brand/Category Page,True,False,False,2026-07-20,2026-06-11 07:00:00,2026-07-20 15:37:32.553203,39
979535908239589,26901293422904592,True,2026-06-21 07:00:00,2026-07-19 07:00:00,Chemist Warehouse,Chemist Warehouse,{{product.name}},{{product.brand}},Shop now,DCO,https://www.chemistwarehouse.com.au/shop-online/3118/bisolvon?utm_source=facebook&utm_medium=social&utm_campaign=au_cw_oa_facebook_social_sanoficonsumerhealthcare_bisolvon_258_2026_100512-oa_image&utm_term=conversion&utm_content=image_all,www.chemistwarehouse.com.au,/shop-online/3118/bisolvon,facebook,social,au_cw_oa_facebook_social_sanoficonsumerhealthcare_bisolvon_258_2026_100512-oa_image,258,conversion,image_all,O&O,Sanoficonsumerhealthcare,Bisolvon,2026,image,"For chesty coughs, try Bisolvon","Bisolvon provides effective relief against chesty coughs, helping you get back to what matters most.",Shop Now,https://scontent-ams2-1.xx.fbcdn.net/v/t39.35426-6/725166076_1020138797038551_8794699746286480619_n.jpg?_nc_cat=106&ccb=1-7&_nc_sid=c53f8f&_nc_ohc=S55uwUyfghAQ7kNvwEHh341&_nc_oc=AdrDINkW_GUIolGDrhwc3rABCJdUHlR_our0eLc19nfG1wqtDl4-MQ0bGTHp8bY7d-E&_nc_zt=14&_nc_ht=scontent-ams2-1.xx&_nc_gid=5aKsz3PJF6QLrr1eHVHT2A&_nc_ss=7f180&oh=00_AQC2FNM0DDep9zeTAuBySf1eTOSj54xiSDwZbItkx0-ceQ&oe=6A63264E,,"['FACEBOOK', 'INSTAGRAM', 'AUDIENCE_NETWORK', 'MESSENGER', 'THREADS']",au,cw,facebook,social,2026-W29,2026-07,"FACEBOOK, INSTAGRAM, AUDIENCE_NETWORK, MESSENGER, THREADS",True,True,True,True,True,False,Brand/Category Page,True,False,False,2026-07-20,2026-06-21 07:00:00,2026-07-20 15:37:32.553203,29
26865803603121228,1688148122452082,True,2026-06-23 07:00:00,2026-07-19 07:00:00,Chemist Warehouse,Chemist Warehouse,{{product.name}},{{product.brand}},Shop now,DCO,https://www.chemistwarehouse.com.au/shop-online/705479/philips?utm_source=facebook&utm_medium=social&utm_campaign=au_cw_oa_facebook_social_philipssaecoaustraliapty_philips_159_jun26_100609-boosting_video&utm_term=traffic&utm_content=video_instore-video,www.chemistwarehouse.com.au,/shop-online/705479/philips,facebook,social,au_cw_oa_facebook_social_philipssaecoaustraliapty_philips_159_jun26_100609-boosting_video,159,traffic,video_instore-video,O&O,Philipssaecoaustraliapty,Philips,jun26,video,Available at Chemist Warehouse,Shop the Philips Sonicare 3100 Electric Toothbrush at Chemist Warehouse.,Shop Now,,https://video-ams2-1.xx.fbcdn.net/o1/v/t2/f2/m366/AQMmN9dSrNncNHFAZiwt09CUdRlLCdVM08_2-K_7Jb7Z2lKgMq7q5FXSNWYv5B627D0wm_65F5r7QZAQTQyVFQCJ8A4Hzmi-tWvO0IcIrQ1exQ.mp4?_nc_cat=101&_nc_sid=b66105&_nc_ht=video-ams2-1.xx.fbcdn.net&_nc_ohc=NRvLZ1mYfZwQ7kNvwFWVr8u&efg=eyJ2ZW5jb2RlX3RhZyI6Inhwdl9wcm9ncmVzc2l2ZS5WSV9VU0VDQVNFX1BST0RVQ1RfVFlQRS4uQzMuNzIwLmRhc2hfaDI2NC1iYXNpYy1nZW4yXzcyMHAiLCJ4cHZfYXNzZXRfaWQiOjEwMjY0MjUyNzY1ODQ2OTIsImFzc2V0X2FnZV9kYXlzIjoyNywidmlfdXNlY2FzZV9pZCI6MTA3OTksImR1cmF0aW9uX3MiOjM1LCJ1cmxnZW5fc291cmNlIjoid3d3In0%3D&ccb=17-1&vs=7b95f280d58da133&_nc_vs=HBksFQIYRWZiX2VwaGVtZXJhbC82QzRDREQ3Q0Y2QjkyRTVEQ0UzQkEzQ0JERUY2RUQ5OF9tdF8xX3ZpZGVvX2Rhc2hpbml0Lm1wNBUAAsgBEgAVAhhAZmJfcGVybWFuZW50LzJFNDE3NDlBQzAwQzNBQjczRUM2MzQyOTlEMDNBOEE3X2F1ZGlvX2Rhc2hpbml0Lm1wNBUCAsgBEgAoABgAGwKIB3VzZV9vaWwBMRJwcm9ncmVzc2l2ZV9yZWNpcGUBMRUAACboy_6f6OHSAxUCKAJDMywXQEGd0vGp--cYGWRhc2hfaDI2NC1iYXNpYy1nZW4yXzcyMHARAHUAZd6oAQA&_nc_gid=5aKsz3PJF6QLrr1eHVHT2A&_nc_ss=7f180&_nc_zt=28&oh=00_AQDhBhdP1kxv0NtM9jEKqXe4TG9D5OZKevTHoa02k5L5Jg&oe=6A63032F,"['FACEBOOK', 'INSTAGRAM', 'THREADS']",au,cw,facebook,social,2026-W29,2026-07,"FACEBOOK, INSTAGRAM, THREADS",True,True,False,False,True,False,Brand/Category Page,True,False,False,2026-07-20,2026-06-23 07:00:00,2026-07-20 15:37:32.553203,27
1976722686544513,1287935233326695,True,2026-06-11 07:00:00,2026-07-18 07:00:00,Chemist Warehouse,Chemist Warehouse,Refresh Your Skin Routine,Discover Sukin cleansing balms & facial wipes at Chemist Warehouse.,Shop now,VIDEO,https://www.chemistwarehouse.com.au/shop-online/902/sukin?utm_source=facebook&utm_medium=social&utm_campaign=au_cw_coop_facebook_social_bwxbrandsptyltd_sukin_665_2026_100133-bau_video-image&utm_term=traffic&utm_content=video-image_all,www.chemistwarehouse.com.au,/shop-online/902/sukin,facebook,social,au_cw_coop_facebook_social_bwxbrandsptyltd_sukin_665_2026_100133-bau_video-image,665,traffic,video-image_all,Coop,Bwxbrandsptyltd,Sukin,2026,video-image,,,,,,"['FACEBOOK', 'INSTAGRAM', 'AUDIENCE_NETWORK', 'MESSENGER', 'WHATSAPP', 'THREADS']",au,cw,facebook,social,2026-W29,2026-07,"FACEBOOK, INSTAGRAM, AUDIENCE_NETWORK, MESSENGER, WHATSAPP, THREADS",True,True,True,True,True,True,Brand/Category Page,True,True,False,2026-07-20,2026-06-11 07:00:00,2026-07-20 15:37:32.553203,39
1327548799568174,1764227684574176,True,2026-06-11 07:00:00,2026-07-18 07:00:00,Chemist Warehouse,Chemist Warehouse,Refresh Your Skin Routine,Discover Sukin cleansing balms & facial wipes at Chemist Warehouse.,Shop now,VIDEO,https://www.chemistwarehouse.com.au/shop-online/902/sukin?utm_source=facebook&utm_medium=social&utm_campaign=au_cw_coop_facebook_social_bwxbrandsptyltd_sukin_665_2026_100133-bau_video-image&utm_term=traffic&utm_content=video-image_all,www.chemistwarehouse.com.au,/shop-online/902/sukin,facebook,social,au_cw_coop_facebook_social_bwxbrandsptyltd_sukin_665_2026_100133-bau_video-image,665,traffic,video-image_all,Coop,Bwxbrandsptyltd,Sukin,2026,video-image,,,,,,"['FACEBOOK', 'INSTAGRAM', 'AUDIENCE_NETWORK', 'MESSENGER', 'WHATSAPP', 'THREADS']",au,cw,facebook,social,2026-W29,2026-07,"FACEBOOK, INSTAGRAM, AUDIENCE_NETWORK, MESSENGER, WHATSAPP, THREADS",True,True,True,True,True,True,Brand/Category Page,True,True,False,2026-07-20,2026-06-11 07:00:00,2026-07-20 15:37:32.553203,39
1591869366271834,1557397522758899,True,2026-06-11 07:00:00,2026-07-16 07:00:00,Chemist Warehouse,Chemist Warehouse,Refresh Your Skin Routine,Discover Sukin cleansing balms & facial wipes at Chemist Warehouse.,Shop now,VIDEO,https://www.chemistwarehouse.com.au/shop-online/902/sukin?utm_source=facebook&utm_medium=social&utm_campaign=au_cw_coop_facebook_social_bwxbrandsptyltd_sukin_665_2026_100133-bau_video-image&utm_term=traffic&utm_content=video-image_all,www.chemistwarehouse.com.au,/shop-online/902/sukin,facebook,social,au_cw_coop_facebook_social_bwxbrandsptyltd_sukin_665_2026_100133-bau_video-image,665,traffic,video-image_all,Coop,Bwxbrandsptyltd,Sukin,2026,video-image,,,,,,"['FACEBOOK', 'INSTAGRAM', 'AUDIENCE_NETWORK', 'MESSENGER', 'WHATSAPP', 'THREADS']",au,cw,facebook,social,2026-W29,2026-07,"FACEBOOK, INSTAGRAM, AUDIENCE_NETWORK, MESSENGER, WHATSAPP, THREADS",True,True,True,True,True,True,Brand/Category Page,True,True,False,2026-07-20,2026-06-11 07:00:00,2026-07-20 15:37:32.553203,39
3711985115607439,26523043347373870,True,2026-06-11 07:00:00,2026-07-14 07:00:00,Chemist Warehouse,Chemist Warehouse,Healthy Hair Starts Here,Refresh your routine with Sukin hair spritzes & nourishing masques at Chemist Warehouse.,Shop now,VIDEO,https://www.chemistwarehouse.com.au/shop-online/902/sukin?utm_source=facebook&utm_medium=social&utm_campaign=au_cw_coop_facebook_social_bwxbrandsptyltd_sukin_665_2026_100133-bau_video-image&utm_term=traffic&utm_content=video-image_all,www.chemistwarehouse.com.au,/shop-online/902/sukin,facebook,social,au_cw_coop_facebook_social_bwxbrandsptyltd_sukin_665_2026_100133-bau_video-image,665,traffic,video-image_all,Coop,Bwxbrandsptyltd,Sukin,2026,video-image,,,,,,"['FACEBOOK', 'INSTAGRAM', 'AUDIENCE_NETWORK', 'MESSENGER', 'WHATSAPP', 'THREADS']",au,cw,facebook,social,2026-W29,2026-07,"FACEBOOK, INSTAGRAM, AUDIENCE_NETWORK, MESSENGER, WHATSAPP, THREADS",True,True,True,True,True,True,Brand/Category Page,True,True,False,2026-07-20,2026-06-11 07:00:00,2026-07-20 15:37:32.553203,39
1000776905981773,2176800673160321,True,2026-06-11 07:00:00,2026-07-16 07:00:00,Chemist Warehouse,Chemist Warehouse,{{product.name}},{{product.brand}},Shop now,DCO,https://www.chemistwarehouse.com.au/shop-online/902/sukin?utm_source=facebook&utm_medium=social&utm_campaign=au_cw_coop_facebook_social_bwxbrandsptyltd_sukin_665_2026_100133-bau_video-image&utm_term=traffic&utm_content=video-image_all,www.chemistwarehouse.com.au,/shop-online/902/sukin,facebook,social,au_cw_coop_facebook_social_bwxbrandsptyltd_sukin_665_2026_100133-bau_video-image,665,traffic,video-image_all,Coop,Bwxbrandsptyltd,Sukin,2026,video-image,Sukin's New Fruity Range,"Awaken your senses with the New Sukin Coconut Bliss, Paraben Free,  Suits all skin types",Shop Now,https://scontent-ams2-1.xx.fbcdn.net/v/t39.35426-6/723573554_1335895175148255_361426192767929543_n.jpg?_nc_cat=102&ccb=1-7&_nc_sid=c53f8f&_nc_ohc=BPh8i5bzXv0Q7kNvwFJiZNy&_nc_oc=AdqoeRawdZNK3uAuD9AB4l2BSesYdFq0yKCwDN5pjwCQ-oIpTdGGoRnXHHzSydsZDmY&_nc_zt=14&_nc_ht=scontent-ams2-1.xx&_nc_gid=t0tJVfZx7pQ1kad7XK8OFA&_nc_ss=7f180&oh=00_AQD8OTPV6r615wqB9_IaJ_Sv5vfdM79We22kbmYJExPvVw&oe=6A631E5E,,"['FACEBOOK', 'INSTAGRAM', 'AUDIENCE_NETWORK', 'MESSENGER', 'WHATSAPP', 'THREADS']",au,cw,facebook,social,2026-W29,2026-07,"FACEBOOK, INSTAGRAM, AUDIENCE_NETWORK, MESSENGER, WHATSAPP, THREADS",True,True,True,True,True,True,Brand/Category Page,True,False,False,2026-07-20,2026-06-11 07:00:00,2026-07-20 15:37:32.553203,39
1267460908553879,2292536138252684,True,2026-06-11 07:00:00,2026-07-19 07:00:00,Chemist Warehouse,Chemist Warehouse,{{product.name}},{{product.brand}},Shop now,DCO,https://www.chemistwarehouse.com.au/shop-online/902/sukin?utm_source=facebook&utm_medium=social&utm_campaign=au_cw_coop_facebook_social_bwxbrandsptyltd_sukin_665_2026_100133-bau_video-image&utm_term=traffic&utm_content=video-image_all,www.chemistwarehouse.com.au,/shop-online/902/sukin,facebook,social,au_cw_coop_facebook_social_bwxbrandsptyltd_sukin_665_2026_100133-bau_video-image,665,traffic,video-image_all,Coop,Bwxbrandsptyltd,Sukin,2026,video-image,Sukin's New Radiance,"Gift your mum the glow she deserves with Sukin's new Glow Active C, Clinically proven.",Shop Now,https://scontent-ams2-1.xx.fbcdn.net/v/t39.35426-6/721735617_1696152874905836_2380735669035770829_n.jpg?_nc_cat=103&ccb=1-7&_nc_sid=c53f8f&_nc_ohc=-Wkj-5_dkxgQ7kNvwHVurvP&_nc_oc=AdpeLQZF9jF-LtUVsB2gIRaHZQiiewXeMnPuhYf9na6KM2x2BoJmqEkVKKZ7JdyoEko&_nc_zt=14&_nc_ht=scontent-ams2-1.xx&_nc_gid=t0tJVfZx7pQ1kad7XK8OFA&_nc_ss=7f180&oh=00_AQAQC5oNH0GXG0I-9rb6VpFH-O85tkIe_wqa-N_iHapJYA&oe=6A6324D9,,"['FACEBOOK', 'INSTAGRAM', 'AUDIENCE_NETWORK', 'MESSENGER', 'WHATSAPP', 'THREADS']",au,cw,facebook,social,2026-W29,2026-07,"FACEBOOK, INSTAGRAM, AUDIENCE_NETWORK, MESSENGER, WHATSAPP, THREADS",True,True,True,True,True,True,Brand/Category Page,True,False,False,2026-07-20,2026-06-11 07:00:00,2026-07-20 15:37:32.553203,39
4128871550737081,1535845588074280,True,2026-06-17 07:00:00,2026-07-18 07:00:00,Chemist Warehouse,Chemist Warehouse,Immune Health and the Good Leaf,Olive Leaf Extract. Traditionally used in Western herbal medicine to maintain/support immune system health.,Shop now,VIDEO,https://fb.com/canvas_doc/941286108946074,fb.com,/canvas_doc/941286108946074,,,,,,,Not Specified,,,,,,,,,,"['FACEBOOK', 'INSTAGRAM', 'AUDIENCE_NETWORK', 'MESSENGER', 'THREADS']",,,,,2026-W29,2026-07,"FACEBOOK, INSTAGRAM, AUDIENCE_NETWORK, MESSENGER, THREADS",True,True,True,True,True,False,Internal/App Page,True,False,False,2026-07-20,2026-06-17 07:00:00,2026-07-20 15:37:32.553203,33
1305247445122080,1524747285858087,True,2026-06-17 07:00:00,2026-07-18 07:00:00,Chemist Warehouse,Chemist Warehouse,Immune Health and the Good Leaf,Olive Leaf Extract. Traditionally used in Western herbal medicine to maintain/support immune system health.,Shop now,VIDEO,https://fb.com/canvas_doc/2852107918463668,fb.com,/canvas_doc/2852107918463668,,,,,,,Not Specified,,,,,,,,,,"['FACEBOOK', 'INSTAGRAM', 'AUDIENCE_NETWORK', 'MESSENGER', 'THREADS']",,,,,2026-W29,2026-07,"FACEBOOK, INSTAGRAM, AUDIENCE_NETWORK, MESSENGER, THREADS",True,True,True,True,True,False,Internal/App Page,True,False,False,2026-07-20,2026-06-17 07:00:00,2026-07-20 15:37:32.553203,33
1709832490210326,983303778015178,True,2026-06-11 07:00:00,2026-07-18 07:00:00,Chemist Warehouse,Chemist Warehouse,{{product.name}},{{product.brand}},Shop now,DCO,https://www.chemistwarehouse.com.au/shop-online/902/sukin?utm_source=facebook&utm_medium=social&utm_campaign=au_cw_coop_facebook_social_bwxbrandsptyltd_sukin_665_2026_100133-bau_video-image&utm_term=traffic&utm_content=video-image_all,www.chemistwarehouse.com.au,/shop-online/902/sukin,facebook,social,au_cw_coop_facebook_social_bwxbrandsptyltd_sukin_665_2026_100133-bau_video-image,665,traffic,video-image_all,Coop,Bwxbrandsptyltd,Sukin,2026,video-image,Sukin's New Radiance,"Gift your mum the glow she deserves with Sukin's new Glow Active C, Clinically proven.",Shop Now,https://scontent-ams2-1.xx.fbcdn.net/v/t39.35426-6/723385431_4573678469622918_4772435285172874135_n.jpg?_nc_cat=110&ccb=1-7&_nc_sid=c53f8f&_nc_ohc=Wd9n3EeFquAQ7kNvwEW-YtT&_nc_oc=Adp6oO7-qMl52cfsUBbe-GiWHH0iV4w1GS8RM51gDDullhLksu9jrcGlhQLZLYAy8Fo&_nc_zt=14&_nc_ht=scontent-ams2-1.xx&_nc_gid=t0tJVfZx7pQ1kad7XK8OFA&_nc_ss=7f180&oh=00_AQAd_7UTcmxrTLXuYno24Y3izr3JZU6DVOd0StqFlS85Aw&oe=6A631C65,,"['FACEBOOK', 'INSTAGRAM', 'AUDIENCE_NETWORK', 'MESSENGER', 'WHATSAPP', 'THREADS']",au,cw,facebook,social,2026-W29,2026-07,"FACEBOOK, INSTAGRAM, AUDIENCE_NETWORK, MESSENGER, WHATSAPP, THREADS",True,True,True,True,True,True,Brand/Category Page,True,False,False,2026-07-20,2026-06-11 07:00:00,2026-07-20 15:37:32.553203,39
1720121482667929,994717026712109,True,2026-06-11 07:00:00,2026-07-18 07:00:00,Chemist Warehouse,Chemist Warehouse,{{product.name}},{{product.brand}},Shop now,DCO,https://www.chemistwarehouse.com.au/shop-online/902/sukin?utm_source=facebook&utm_medium=social&utm_campaign=au_cw_coop_facebook_social_bwxbrandsptyltd_sukin_665_2026_100133-bau_video-image&utm_term=traffic&utm_content=video-image_all,www.chemistwarehouse.com.au,/shop-online/902/sukin,facebook,social,au_cw_coop_facebook_social_bwxbrandsptyltd_sukin_665_2026_100133-bau_video-image,665,traffic,video-image_all,Coop,Bwxbrandsptyltd,Sukin,2026,video-image,Sukin's New Radiance,"Gift your mum the glow she deserves with Sukin's new Glow Active C, Clinically proven.",Shop Now,https://scontent-ams2-1.xx.fbcdn.net/v/t39.35426-6/720112094_1679340799991662_2334275423877427129_n.jpg?_nc_cat=100&ccb=1-7&_nc_sid=c53f8f&_nc_ohc=jWP3r0WBhIIQ7kNvwFKna2c&_nc_oc=AdqYd7LzyWGPMc3t12jzeTm0ijNglir2na_CtYkIhdPPhHCcK0lJHPn3e8XjB7c21yw&_nc_zt=14&_nc_ht=scontent-ams2-1.xx&_nc_gid=t0tJVfZx7pQ1kad7XK8OFA&_nc_ss=7f180&oh=00_AQBacl04k6haeHjlVTnPDvj6t2X0ei_XYe4DgJ1BXGZlPg&oe=6A633692,,"['FACEBOOK', 'INSTAGRAM', 'AUDIENCE_NETWORK', 'MESSENGER', 'WHATSAPP', 'THREADS']",au,cw,facebook,social,2026-W29,2026-07,"FACEBOOK, INSTAGRAM, AUDIENCE_NETWORK, MESSENGER, WHATSAPP, THREADS",True,True,True,True,True,True,Brand/Category Page,True,False,False,2026-07-20,2026-06-11 07:00:00,2026-07-20 15:37:32.553203,39
2794647137568062,1340702974692580,True,2026-06-11 07:00:00,2026-07-19 07:00:00,Chemist Warehouse,Chemist Warehouse,{{product.name}},{{product.brand}},Shop now,DCO,https://www.chemistwarehouse.com.au/shop-online/902/sukin?utm_source=facebook&utm_medium=social&utm_campaign=au_cw_coop_facebook_social_bwxbrandsptyltd_sukin_665_2026_100133-bau_video-image&utm_term=traffic&utm_content=video-image_all,www.chemistwarehouse.com.au,/shop-online/902/sukin,facebook,social,au_cw_coop_facebook_social_bwxbrandsptyltd_sukin_665_2026_100133-bau_video-image,665,traffic,video-image_all,Coop,Bwxbrandsptyltd,Sukin,2026,video-image,Sukin's New Radiance,"Gift your mum the glow she deserves with Sukin's new Glow Active C, Clinically proven.",Shop Now,https://scontent-ams2-1.xx.fbcdn.net/v/t39.35426-6/721516780_1516592520148880_8466089475261369170_n.jpg?_nc_cat=105&ccb=1-7&_nc_sid=c53f8f&_nc_ohc=tjeYoOFqlzYQ7kNvwEard-T&_nc_oc=AdrApTVsKpMeGy-gzUQsRF9i5TScKEFXM-ycLhhpQpsZ5grIuaYBsMTyY_MCVvIpZZM&_nc_zt=14&_nc_ht=scontent-ams2-1.xx&_nc_gid=t0tJVfZx7pQ1kad7XK8OFA&_nc_ss=7f180&oh=00_AQBmyT3ypKuRbpOkFOs9oCylvbrpDrRs7g2yrwNFQAP_aQ&oe=6A6304E9,,"['FACEBOOK', 'INSTAGRAM', 'AUDIENCE_NETWORK', 'MESSENGER', 'WHATSAPP', 'THREADS']",au,cw,facebook,social,2026-W29,2026-07,"FACEBOOK, INSTAGRAM, AUDIENCE_NETWORK, MESSENGER, WHATSAPP, THREADS",True,True,True,True,True,True,Brand/Category Page,True,False,False,2026-07-20,2026-06-11 07:00:00,2026-07-20 15:37:32.553203,39
857874810719368,1704381983913258,True,2026-06-16 07:00:00,2026-07-19 07:00:00,Chemist Warehouse,Chemist Warehouse,{{product.name}},{{product.brand}},Shop now,DCO,https://www.chemistwarehouse.com.au/shop-online/821/pigeon?utm_source=facebook&utm_medium=social&utm_campaign=au_cw_coop_facebook_social_havenhallptyltd_pigeon_20_2026_100214-bau_image&utm_term=traffic&utm_content=image_static,www.chemistwarehouse.com.au,/shop-online/821/pigeon,facebook,social,au_cw_coop_facebook_social_havenhallptyltd_pigeon_20_2026_100214-bau_image,20,traffic,image_static,Coop,Havenhallptyltd,Pigeon,2026,image,Pigeon StarTouch™ Straw Cup,IT'S HERE! 🙌🏻 The straw cup parents are grabbing fast. Pigeon StarTouch™ available at Chemist Warehouse. In-store & online.,Shop Now,https://scontent-ams2-1.xx.fbcdn.net/v/t39.35426-6/724613237_1715697356119387_7793646179905953756_n.jpg?_nc_cat=103&ccb=1-7&_nc_sid=c53f8f&_nc_ohc=UdoBH5qxM9QQ7kNvwFXZDNE&_nc_oc=Adoc51u7ewZlX6FcQ6-HR_aLRoYRJruWQkilCKpAEauGa1XiNL-aqB_9joX4tTpiThI&_nc_zt=14&_nc_ht=scontent-ams2-1.xx&_nc_gid=iuVLjI_GU3XKksusSdpy9w&_nc_ss=7f180&oh=00_AQCLRAXrwIpzySxgWRv5zzBVI7EPGLWKiQ31VPtZPXHlMA&oe=6A631C03,,"['FACEBOOK', 'INSTAGRAM']",au,cw,facebook,social,2026-W29,2026-07,"FACEBOOK, INSTAGRAM",True,True,False,False,False,False,Brand/Category Page,True,False,False,2026-07-20,2026-06-16 07:00:00,2026-07-20 15:37:32.553203,34
1018285217314981,1642957224068312,True,2026-06-10 07:00:00,2026-07-19 07:00:00,Chemist Warehouse,Chemist Warehouse,Sukin's New Men's Range,"Re-engineered for Men, naturally",Shop now,VIDEO,https://www.chemistwarehouse.com.au/shop-online/902/sukin?utm_source=facebook&utm_medium=social&utm_campaign=au_cw_coop_facebook_social_bwxbrandsptyltd_sukin_665_2026_100133-bau_video-image&utm_term=traffic&utm_content=video-image_all,www.chemistwarehouse.com.au,/shop-online/902/sukin,facebook,social,au_cw_coop_facebook_social_bwxbrandsptyltd_sukin_665_2026_100133-bau_video-image,665,traffic,video-image_all,Coop,Bwxbrandsptyltd,Sukin,2026,video-image,,,,,,"['FACEBOOK', 'INSTAGRAM', 'AUDIENCE_NETWORK', 'MESSENGER', 'WHATSAPP', 'THREADS']",au,cw,facebook,social,2026-W29,2026-07,"FACEBOOK, INSTAGRAM, AUDIENCE_NETWORK, MESSENGER, WHATSAPP, THREADS",True,True,True,True,True,True,Brand/Category Page,True,False,False,2026-07-20,2026-06-10 07:00:00,2026-07-20 15:37:32.553203,40
984643161008890,1287415183357671,True,2026-06-10 07:00:00,2026-07-13 07:00:00,Chemist Warehouse,Chemist Warehouse,{{product.name}},{{product.brand}},Shop now,DCO,https://www.chemistwarehouse.com.au/shop-online/902/sukin?utm_source=facebook&utm_medium=social&utm_campaign=au_cw_coop_facebook_social_bwxbrandsptyltd_sukin_665_2026_100133-bau_video-image&utm_term=traffic&utm_content=video-image_all,www.chemistwarehouse.com.au,/shop-online/902/sukin,facebook,social,au_cw_coop_facebook_social_bwxbrandsptyltd_sukin_665_2026_100133-bau_video-image,665,traffic,video-image_all,Coop,Bwxbrandsptyltd,Sukin,2026,video-image,Sukin's New Sensitive Scalpcare Range,"Gentle on scalp, soft on hair",Shop Now,https://scontent-ams2-1.xx.fbcdn.net/v/t39.35426-6/662670169_1638141274060599_4138531430275163714_n.jpg?_nc_cat=110&ccb=1-7&_nc_sid=c53f8f&_nc_ohc=4Kte5qptBwAQ7kNvwGqqCNG&_nc_oc=Adp4eERcgjUJcZTKBa-F63ngaQQz6mU7ILJrlWgTxZzInlne8Tt1GBHpIMa8SUCEBOo&_nc_zt=14&_nc_ht=scontent-ams2-1.xx&_nc_gid=t0tJVfZx7pQ1kad7XK8OFA&_nc_ss=7f180&oh=00_AQC0TObWpG_D6U4kvU0P3-KCCvi0l-2sbV5D-6X1guAw2A&oe=6A6331FF,,"['FACEBOOK', 'INSTAGRAM', 'AUDIENCE_NETWORK', 'MESSENGER', 'WHATSAPP', 'THREADS']",au,cw,facebook,social,2026-W29,2026-07,"FACEBOOK, INSTAGRAM, AUDIENCE_NETWORK, MESSENGER, WHATSAPP, THREADS",True,True,True,True,True,True,Brand/Category Page,True,False,False,2026-07-20,2026-06-10 07:00:00,2026-07-20 15:37:32.553203,40
4470365889899763,26443316995343858,True,2026-06-11 07:00:00,2026-07-19 07:00:00,Chemist Warehouse,Chemist Warehouse,{{product.name}},{{product.brand}},Shop now,DCO,https://www.chemistwarehouse.com.au/shop-online/902/sukin?utm_source=facebook&utm_medium=social&utm_campaign=au_cw_coop_facebook_social_bwxbrandsptyltd_sukin_665_2026_100133-bau_video-image&utm_term=traffic&utm_content=video-image_all,www.chemistwarehouse.com.au,/shop-online/902/sukin,facebook,social,au_cw_coop_facebook_social_bwxbrandsptyltd_sukin_665_2026_100133-bau_video-image,665,traffic,video-image_all,Coop,Bwxbrandsptyltd,Sukin,2026,video-image,Sukin's New Radiance,"Gift your mum the glow she deserves with Sukin's new Glow Active C, Clinically proven.",Shop Now,https://scontent-ams2-1.xx.fbcdn.net/v/t39.35426-6/723086261_1010465604708751_966310548934062954_n.jpg?_nc_cat=105&ccb=1-7&_nc_sid=c53f8f&_nc_ohc=5SvTgNP3NTsQ7kNvwEqH5Qq&_nc_oc=AdoUFASCMvUcXCVwrwS48mRMVq39I1tQK3d-yexHEYGCdC9ASKzSNBIj1PkyS2G7Jaw&_nc_zt=14&_nc_ht=scontent-ams2-1.xx&_nc_gid=t0tJVfZx7pQ1kad7XK8OFA&_nc_ss=7f180&oh=00_AQAo3ZrhqxzYesJvGM9aw6qyHMcrFLwYPKkZGdkUcdh0bw&oe=6A632FA3,,"['FACEBOOK', 'INSTAGRAM', 'AUDIENCE_NETWORK', 'MESSENGER', 'WHATSAPP', 'THREADS']",au,cw,facebook,social,2026-W29,2026-07,"FACEBOOK, INSTAGRAM, AUDIENCE_NETWORK, MESSENGER, WHATSAPP, THREADS",True,True,True,True,True,True,Brand/Category Page,True,False,False,2026-07-20,2026-06-11 07:00:00,2026-07-20 15:37:32.553203,39
1022788360217432,2189920005137459,True,2026-06-11 07:00:00,2026-07-16 07:00:00,Chemist Warehouse,Chemist Warehouse,{{product.name}},{{product.brand}},Shop now,DCO,https://www.chemistwarehouse.com.au/shop-online/902/sukin?utm_source=facebook&utm_medium=social&utm_campaign=au_cw_coop_facebook_social_bwxbrandsptyltd_sukin_665_2026_100133-bau_video-image&utm_term=traffic&utm_content=video-image_all,www.chemistwarehouse.com.au,/shop-online/902/sukin,facebook,social,au_cw_coop_facebook_social_bwxbrandsptyltd_sukin_665_2026_100133-bau_video-image,665,traffic,video-image_all,Coop,Bwxbrandsptyltd,Sukin,2026,video-image,All-in-one Hair Spritz,"Afraid of Heat Damage? Not anymore, with one Spritz that reduces damage & hydrates scalp.",Shop Now,https://scontent-ams2-1.xx.fbcdn.net/v/t39.35426-6/723197062_3543893212436412_3590643982748247008_n.jpg?_nc_cat=107&ccb=1-7&_nc_sid=c53f8f&_nc_ohc=QJq6SpTu8jcQ7kNvwHtWGzv&_nc_oc=AdpQbPIn37gI6_F3K7muxUzJdLmCGmV2nfE696VXKqEshoZqcZVHiXgkvOMsMWgpLZE&_nc_zt=14&_nc_ht=scontent-ams2-1.xx&_nc_gid=t0tJVfZx7pQ1kad7XK8OFA&_nc_ss=7f180&oh=00_AQCfEjM40WLSSAUBObVFw-UOCLh0-3zunUKsKuAzw7bRSQ&oe=6A6317A1,,"['FACEBOOK', 'INSTAGRAM', 'AUDIENCE_NETWORK', 'MESSENGER', 'WHATSAPP', 'THREADS']",au,cw,facebook,social,2026-W29,2026-07,"FACEBOOK, INSTAGRAM, AUDIENCE_NETWORK, MESSENGER, WHATSAPP, THREADS",True,True,True,True,True,True,Brand/Category Page,True,False,False,2026-07-20,2026-06-11 07:00:00,2026-07-20 15:37:32.553203,39
2144305776351869,1488911652814653,True,2026-06-11 07:00:00,2026-07-17 07:00:00,Chemist Warehouse,Chemist Warehouse,{{product.name}},{{product.brand}},Shop now,DCO,https://www.chemistwarehouse.com.au/shop-online/902/sukin?utm_source=facebook&utm_medium=social&utm_campaign=au_cw_coop_facebook_social_bwxbrandsptyltd_sukin_665_2026_100133-bau_video-image&utm_term=traffic&utm_content=video-image_all,www.chemistwarehouse.com.au,/shop-online/902/sukin,facebook,social,au_cw_coop_facebook_social_bwxbrandsptyltd_sukin_665_2026_100133-bau_video-image,665,traffic,video-image_all,Coop,Bwxbrandsptyltd,Sukin,2026,video-image,Sukin's New Men's Range,"Re-engineered for Men, naturally",Shop Now,https://scontent-ams2-1.xx.fbcdn.net/v/t39.35426-6/662120061_933803946214913_7193988565546084730_n.jpg?_nc_cat=110&ccb=1-7&_nc_sid=c53f8f&_nc_ohc=x9YsCMtVNjcQ7kNvwF6TbOf&_nc_oc=Adr5355Cf8txp1DrNAw7iKwXwPBVXsyOkmDC9owvquFgYgSRaGTtFZ9ccnY-4QGPyBY&_nc_zt=14&_nc_ht=scontent-ams2-1.xx&_nc_gid=t0tJVfZx7pQ1kad7XK8OFA&_nc_ss=7f180&oh=00_AQAAnM1ecezximpz3Ec44NbiyIIvth7kZWdkTLJLmtg3Ng&oe=6A630915,,"['FACEBOOK', 'INSTAGRAM', 'AUDIENCE_NETWORK', 'MESSENGER', 'WHATSAPP', 'THREADS']",au,cw,facebook,social,2026-W29,2026-07,"FACEBOOK, INSTAGRAM, AUDIENCE_NETWORK, MESSENGER, WHATSAPP, THREADS",True,True,True,True,True,True,Brand/Category Page,True,False,False,2026-07-20,2026-06-11 07:00:00,2026-07-20 15:37:32.553203,39
994531556674176,1472787060839756,True,2026-06-11 07:00:00,2026-07-12 07:00:00,Chemist Warehouse,Chemist Warehouse,{{product.name}},{{product.brand}},Shop now,DCO,https://www.chemistwarehouse.com.au/shop-online/902/sukin?utm_source=facebook&utm_medium=social&utm_campaign=au_cw_coop_facebook_social_bwxbrandsptyltd_sukin_665_2026_100133-bau_video-image&utm_term=traffic&utm_content=video-image_all,www.chemistwarehouse.com.au,/shop-online/902/sukin,facebook,social,au_cw_coop_facebook_social_bwxbrandsptyltd_sukin_665_2026_100133-bau_video-image,665,traffic,video-image_all,Coop,Bwxbrandsptyltd,Sukin,2026,video-image,All-in-one Hair Spritz,"Afraid of Heat Damage? Not anymore, with one Spritz that reduces damage & hydrates scalp.",Shop Now,https://scontent-ams2-1.xx.fbcdn.net/v/t39.35426-6/723256780_1701841941125377_6903945643742099061_n.jpg?_nc_cat=105&ccb=1-7&_nc_sid=c53f8f&_nc_ohc=iW2DpBpCS84Q7kNvwGmbU3k&_nc_oc=AdqX-6HiRU0ItSe5Qzg0e9M9wZDVcHLDGVI9exC_f55bgsPsFRR_pZrYnAMqY6dmOIk&_nc_zt=14&_nc_ht=scontent-ams2-1.xx&_nc_gid=t0tJVfZx7pQ1kad7XK8OFA&_nc_ss=7f180&oh=00_AQBXcOq9Oa9nNW7MM7rvWuVA8TBo6AJzziTumL_uxPJbmA&oe=6A630FC5,,"['FACEBOOK', 'INSTAGRAM', 'AUDIENCE_NETWORK', 'MESSENGER', 'WHATSAPP', 'THREADS']",au,cw,facebook,social,2026-W29,2026-07,"FACEBOOK, INSTAGRAM, AUDIENCE_NETWORK, MESSENGER, WHATSAPP, THREADS",True,True,True,True,True,True,Brand/Category Page,True,False,False,2026-07-20,2026-06-11 07:00:00,2026-07-20 15:37:32.553203,39
4336976253236509,1706351654001441,True,2026-06-10 07:00:00,2026-07-19 07:00:00,Chemist Warehouse,Chemist Warehouse,{{product.name}},{{product.brand}},Shop now,DCO,https://www.chemistwarehouse.com.au/shop-online/6112/dercos?brand=Dercos&utm_source=facebook&utm_medium=social&utm_campaign=au_cw_coop_facebook_social_loreallarocheposaycerave_dercos_129_2026_bau_dynamic&utm_term=traffic&utm_content=video_brand,www.chemistwarehouse.com.au,/shop-online/6112/dercos,facebook,social,au_cw_coop_facebook_social_loreallarocheposaycerave_dercos_129_2026_bau_dynamic,129,traffic,video_brand,Coop,Loreallarocheposaycerave,Dercos,2026,dynamic,Up to 100% Flake Elimination,Flake-free confidence starts here. Trust the world’s #1 derm-recommended dandruff brand for expert results!,Shop Now,,https://video-ams2-1.xx.fbcdn.net/o1/v/t2/f2/m366/AQNZ1ac_vXH0KOd0efDVkIVb4Dy48B-nOeM2e2B5XIp1DeBViKy3xl1wrgcpjVAQpRFOYwWz6PSp9qGNKss86-l3kSWfSiThMWptg_5xUR_xMQ.mp4?_nc_cat=100&_nc_sid=b66105&_nc_ht=video-ams2-1.xx.fbcdn.net&_nc_ohc=l8tjBtjGRfYQ7kNvwGfIAhN&efg=eyJ2ZW5jb2RlX3RhZyI6Inhwdl9wcm9ncmVzc2l2ZS5WSV9VU0VDQVNFX1BST0RVQ1RfVFlQRS4uQzMuNzIwLmRhc2hfaDI2NC1iYXNpYy1nZW4yXzcyMHAiLCJ4cHZfYXNzZXRfaWQiOjIyMjA0NDMxMTIwNDM3NTYsImFzc2V0X2FnZV9kYXlzIjo1OSwidmlfdXNlY2FzZV9pZCI6MTA3OTksImR1cmF0aW9uX3MiOjMwLCJ3YXRjaF90aW1lX3MiOjM2NDM2MywidXJsZ2VuX3NvdXJjZSI6Ind3dyJ9&ccb=17-1&vs=9d4c4caccfe2f4f4&_nc_vs=HBksFQIYRWZiX2VwaGVtZXJhbC9EMzQwMTlBRUUzMTAwMEU2QzhCODg5RkIxQTExOTQ4MV9tdF8xX3ZpZGVvX2Rhc2hpbml0Lm1wNBUAAsgBEgAVAhhAZmJfcGVybWFuZW50L0M1NEI4MDhEMkFFMThEOEI1REE2Mjg5OThDMjIxNkFBX2F1ZGlvX2Rhc2hpbml0Lm1wNBUCAsgBEgAoABgAGwKIB3VzZV9vaWwBMRJwcm9ncmVzc2l2ZV9yZWNpcGUBMRUAACbY0_-u5t7xBxUCKAJDMywXQD4zMzMzMzMYGWRhc2hfaDI2NC1iYXNpYy1nZW4yXzcyMHARAHUAZd6oAQA&_nc_gid=t0tJVfZx7pQ1kad7XK8OFA&_nc_ss=7f180&_nc_zt=28&oh=00_AQAPziM_hejXLjYCe1tZdeuUSuH4T88817mPnIa_O3zB0A&oe=6A630B68,"['FACEBOOK', 'INSTAGRAM', 'AUDIENCE_NETWORK', 'MESSENGER', 'THREADS']",au,cw,facebook,social,2026-W29,2026-07,"FACEBOOK, INSTAGRAM, AUDIENCE_NETWORK, MESSENGER, THREADS",True,True,True,True,True,False,Brand/Category Page,True,False,False,2026-07-20,2026-06-10 07:00:00,2026-07-20 15:37:32.553203,40
1623590263099449,2501070800339503,True,2026-06-12 07:00:00,2026-07-15 07:00:00,Chemist Warehouse,Chemist Warehouse,Sukin's New Sensitive Scalpcare Range,"Gentle on scalp, soft on hair",Shop now,VIDEO,https://www.chemistwarehouse.com.au/shop-online/902/sukin?utm_source=facebook&utm_medium=social&utm_campaign=au_cw_coop_facebook_social_bwxbrandsptyltd_sukin_665_2026_100133-bau_video-image&utm_term=traffic&utm_content=video-image_all,www.chemistwarehouse.com.au,/shop-online/902/sukin,facebook,social,au_cw_coop_facebook_social_bwxbrandsptyltd_sukin_665_2026_100133-bau_video-image,665,traffic,video-image_all,Coop,Bwxbrandsptyltd,Sukin,2026,video-image,,,,,,"['FACEBOOK', 'INSTAGRAM', 'AUDIENCE_NETWORK', 'MESSENGER', 'WHATSAPP', 'THREADS']",au,cw,facebook,social,2026-W29,2026-07,"FACEBOOK, INSTAGRAM, AUDIENCE_NETWORK, MESSENGER, WHATSAPP, THREADS",True,True,True,True,True,True,Brand/Category Page,True,False,False,2026-07-20,2026-06-12 07:00:00,2026-07-20 15:37:32.553203,38
4490935531229973,,True,2026-06-10 07:00:00,2026-07-19 07:00:00,Chemist Warehouse,Chemist Warehouse,Target Dandruff From First Use,Say goodbye to dandruff with the world’s #1 derm-recommended brand. Clinical efficacy you can trust. Shop now!,Shop now,IMAGE,https://fb.com/canvas_doc/1943345497055585,fb.com,/canvas_doc/1943345497055585,,,,,,,Not Specified,,,,,,,,,,"['FACEBOOK', 'INSTAGRAM', 'AUDIENCE_NETWORK', 'MESSENGER', 'THREADS']",,,,,2026-W29,2026-07,"FACEBOOK, INSTAGRAM, AUDIENCE_NETWORK, MESSENGER, THREADS",True,True,True,True,True,False,Internal/App Page,True,False,False,2026-07-20,2026-06-10 07:00:00,2026-07-20 15:37:32.553203,40
2806058736457805,973308212187104,True,2026-06-11 07:00:00,2026-07-18 07:00:00,Chemist Warehouse,Chemist Warehouse,{{product.name}},{{product.brand}},Learn more,DCO,https://www.chemistwarehouse.com.au/shop-online/705628/oli6?utm_source=facebook&utm_medium=social&utm_campaign=au_cw_coop_facebook_social_nuchevptyltd_oli6_20_2026_100001-bau_carousel-video&utm_term=traffic&utm_content=carousel-video_video-5,www.chemistwarehouse.com.au,/shop-online/705628/oli6,facebook,social,au_cw_coop_facebook_social_nuchevptyltd_oli6_20_2026_100001-bau_carousel-video,20,traffic,carousel-video_video-5,Coop,Nuchevptyltd,Oli6,2026,carousel-video,Goat Milk. Gentle Relief.,Naturally A2 Protein. Goat Milk nutrition easier on little tummies.,Learn More,,https://video-ams2-1.xx.fbcdn.net/o1/v/t2/f2/m366/AQM7A7VzpApIopuZvamUqV5YGpJ2D1z500_xNYXCwaISHJ0MzHQQXSVBiUnkbbztUZ2U1ujy5mMXPOxuIL49VMYhkFfgNt0B5lGOTQpVWPz3-g.mp4?_nc_cat=104&_nc_sid=b66105&_nc_ht=video-ams2-1.xx.fbcdn.net&_nc_ohc=twKH2_vVAfkQ7kNvwFkg-Ap&efg=eyJ2ZW5jb2RlX3RhZyI6Inhwdl9wcm9ncmVzc2l2ZS5WSV9VU0VDQVNFX1BST0RVQ1RfVFlQRS4uQzMuNzIwLmRhc2hfaDI2NC1iYXNpYy1nZW4yXzcyMHAiLCJ4cHZfYXNzZXRfaWQiOjE5MzE1MDI5Mjc1MDQ4MDIsImFzc2V0X2FnZV9kYXlzIjozOSwidmlfdXNlY2FzZV9pZCI6MTA3OTksImR1cmF0aW9uX3MiOjE1LCJ1cmxnZW5fc291cmNlIjoid3d3In0%3D&ccb=17-1&vs=4b0ef15256547b5e&_nc_vs=HBksFQIYRWZiX2VwaGVtZXJhbC9DQjQ1NkRDMUQ5QjkwNDU0RUE2RjU2NzY0NTc0NEI4Ql9tdF8xX3ZpZGVvX2Rhc2hpbml0Lm1wNBUAAsgBEgAVAhhAZmJfcGVybWFuZW50LzMwNEEzNTA3NTY0QzgwRjQ4NEQ0ODNGQjAyMUZFNUFEX2F1ZGlvX2Rhc2hpbml0Lm1wNBUCAsgBEgAoABgAGwKIB3VzZV9vaWwBMRJwcm9ncmVzc2l2ZV9yZWNpcGUBMRUAACbEloOeoqzuBhUCKAJDMywXQC4AAAAAAAAYGWRhc2hfaDI2NC1iYXNpYy1nZW4yXzcyMHARAHUAZd6oAQA&_nc_gid=plYz-I2i_Ry-o3rhdJSd-Q&_nc_ss=7f180&_nc_zt=28&oh=00_AQB6Sf74OynDIIM2M7YGSDBN3tbKuYELSa3JtW-gzm-SLw&oe=6A6304BC,"['FACEBOOK', 'INSTAGRAM', 'MESSENGER', 'THREADS']",au,cw,facebook,social,2026-W29,2026-07,"FACEBOOK, INSTAGRAM, MESSENGER, THREADS",True,True,False,True,True,False,Brand/Category Page,True,False,False,2026-07-20,2026-06-11 07:00:00,2026-07-20 15:37:32.553203,39
1304430901802497,,True,2026-06-10 07:00:00,2026-07-18 07:00:00,Chemist Warehouse,Chemist Warehouse,Flake-Free Scalp. Trust Dercos by Vichy,"Recommended By Dermatologists. Try DERCOS, The Haircare And Scalp Expert.",Shop now,IMAGE,https://fb.com/canvas_doc/1311302761198627,fb.com,/canvas_doc/1311302761198627,,,,,,,Not Specified,,,,,,,,,,"['FACEBOOK', 'INSTAGRAM', 'AUDIENCE_NETWORK', 'MESSENGER', 'THREADS']",,,,,2026-W29,2026-07,"FACEBOOK, INSTAGRAM, AUDIENCE_NETWORK, MESSENGER, THREADS",True,True,True,True,True,False,Internal/App Page,True,False,False,2026-07-20,2026-06-10 07:00:00,2026-07-20 15:37:32.553203,40
866205029863214,1202847438574265,True,2026-06-11 07:00:00,2026-07-19 07:00:00,Chemist Warehouse,Chemist Warehouse,{{product.name}},{{product.brand}},Shop now,DCO,https://www.chemistwarehouse.com.au/shop-online/5318/garnier?category=Skincare&utm_source=facebook&utm_medium=social&utm_campaign=au_cw_coop_facebook_social_lorealaustraliaptyltd_garnier_665_may26_100045-bau_image&utm_term=traffic&utm_content=image_GarnierGoodInstore,www.chemistwarehouse.com.au,/shop-online/5318/garnier,facebook,social,au_cw_coop_facebook_social_lorealaustraliaptyltd_garnier_665_may26_100045-bau_image,665,traffic,image_GarnierGoodInstore,Coop,Lorealaustraliaptyltd,Garnier,may26,image,Shop Garnier at Chemist Warehouse,Shop Garnier GOOD range at Chemist Warehouse,Shop Now,,https://video-ams2-1.xx.fbcdn.net/o1/v/t2/f2/m366/AQPxAyTubzltgZS0sQY3tlTVbYTT_Omp4TuJkKR1n08VIQ2l9XJ4sfnF0oAK9QF_8M_WDcrU5V6A4hMAMeAj208hRtJHEeHbfnj55Kr-lzj83g.mp4?_nc_cat=103&_nc_sid=b66105&_nc_ht=video-ams2-1.xx.fbcdn.net&_nc_ohc=hCWsjGywjDIQ7kNvwGH3ITf&efg=eyJ2ZW5jb2RlX3RhZyI6Inhwdl9wcm9ncmVzc2l2ZS5WSV9VU0VDQVNFX1BST0RVQ1RfVFlQRS4uQzMuNzIwLmRhc2hfaDI2NC1iYXNpYy1nZW4yXzcyMHAiLCJ4cHZfYXNzZXRfaWQiOjk4NDg1MzE3MTA3NjQ3NywiYXNzZXRfYWdlX2RheXMiOjM5LCJ2aV91c2VjYXNlX2lkIjoxMDc5OSwiZHVyYXRpb25fcyI6MjMsIndhdGNoX3RpbWVfcyI6NTI0ODYzLCJ1cmxnZW5fc291cmNlIjoid3d3In0%3D&ccb=17-1&vs=cfb1c45a072c91a&_nc_vs=HBksFQIYRWZiX2VwaGVtZXJhbC9EQjRENTdFMTA2REYyOTYxNkU0RDU4RTRCQ0M4N0U4Ml9tdF8xX3ZpZGVvX2Rhc2hpbml0Lm1wNBUAAsgBEgAVAhhAZmJfcGVybWFuZW50L0I3NEUxRTkzRkUxN0VDMkY0NUU1ODJDMjQ1MjFFNDhFX2F1ZGlvX2Rhc2hpbml0Lm1wNBUCAsgBEgAoABgAGwKIB3VzZV9vaWwBMRJwcm9ncmVzc2l2ZV9yZWNpcGUBMRUAACb69df2_-2_AxUCKAJDMywXQDc7peNT988YGWRhc2hfaDI2NC1iYXNpYy1nZW4yXzcyMHARAHUAZd6oAQA&_nc_gid=t0tJVfZx7pQ1kad7XK8OFA&_nc_ss=7f180&_nc_zt=28&oh=00_AQB0K0lYAnM1F7AorXiwKtbNjbffcs0Lb_KH3f80QN7BoQ&oe=6A631D21,"['FACEBOOK', 'INSTAGRAM', 'AUDIENCE_NETWORK', 'MESSENGER', 'THREADS']",au,cw,facebook,social,2026-W29,2026-07,"FACEBOOK, INSTAGRAM, AUDIENCE_NETWORK, MESSENGER, THREADS",True,True,True,True,True,False,Brand/Category Page,True,False,False,2026-07-20,2026-06-11 07:00:00,2026-07-20 15:37:32.553203,39
2097299617483293,,True,2026-06-10 07:00:00,2026-07-19 07:00:00,Chemist Warehouse,Chemist Warehouse,Anti-Dandruff From First Use,Experience the science of Dercos by Vichy. Shop now at Chemist Warehouse.,Shop now,IMAGE,https://fb.com/canvas_doc/1291063919295564,fb.com,/canvas_doc/1291063919295564,,,,,,,Not Specified,,,,,,,,,,"['FACEBOOK', 'INSTAGRAM', 'AUDIENCE_NETWORK', 'MESSENGER', 'THREADS']",,,,,2026-W29,2026-07,"FACEBOOK, INSTAGRAM, AUDIENCE_NETWORK, MESSENGER, THREADS",True,True,True,True,True,False,Internal/App Page,True,True,False,2026-07-20,2026-06-10 07:00:00,2026-07-20 15:37:32.553203,40
1661074475103278,954049961025404,True,2026-06-11 07:00:00,2026-07-19 07:00:00,Chemist Warehouse,Chemist Warehouse,{{product.name}},{{product.brand}},Learn more,DCO,https://www.chemistwarehouse.com.au/shop-online/705628/oli6?utm_source=facebook&utm_medium=social&utm_campaign=au_cw_coop_facebook_social_nuchevptyltd_oli6_20_2026_100001-bau_carousel-video&utm_term=traffic&utm_content=carousel-video_video-6,www.chemistwarehouse.com.au,/shop-online/705628/oli6,facebook,social,au_cw_coop_facebook_social_nuchevptyltd_oli6_20_2026_100001-bau_carousel-video,20,traffic,carousel-video_video-6,Coop,Nuchevptyltd,Oli6,2026,carousel-video,Goat Milk. Gentle Relief.,Naturally A2 Protein. Goat Milk nutrition easier on little tummies.,Learn More,,https://video-ams2-1.xx.fbcdn.net/o1/v/t2/f2/m366/AQP32OXXzax8CShID4IroBbekaCRtYn4mYjIdqE7lGb6OF6IV6OMnUVaBb-lnehVZvfh57Ibet4bYvMai0gyqunTI96wr5l9olP4CZmvukOJHg.mp4?_nc_cat=100&_nc_sid=b66105&_nc_ht=video-ams2-1.xx.fbcdn.net&_nc_ohc=6w6loESCBqYQ7kNvwFQPZv_&efg=eyJ2ZW5jb2RlX3RhZyI6Inhwdl9wcm9ncmVzc2l2ZS5WSV9VU0VDQVNFX1BST0RVQ1RfVFlQRS4uQzMuNzIwLmRhc2hfaDI2NC1iYXNpYy1nZW4yXzcyMHAiLCJ4cHZfYXNzZXRfaWQiOjEwMzY1MTI1MjU5ODU2NTQsImFzc2V0X2FnZV9kYXlzIjozOSwidmlfdXNlY2FzZV9pZCI6MTA3OTksImR1cmF0aW9uX3MiOjksInVybGdlbl9zb3VyY2UiOiJ3d3cifQ%3D%3D&ccb=17-1&vs=c922c26bf50d01ae&_nc_vs=HBksFQIYRWZiX2VwaGVtZXJhbC84RDQ2MkNENDdCQTFDRkEwNDYzQjk5OUI4N0VBNjk5OF9tdF8xX3ZpZGVvX2Rhc2hpbml0Lm1wNBUAAsgBEgAVAhhAZmJfcGVybWFuZW50LzdGNDk5QzMwRUNDQjE1QTkxN0VEMTRBNjQwMzY5MUJGX2F1ZGlvX2Rhc2hpbml0Lm1wNBUCAsgBEgAoABgAGwKIB3VzZV9vaWwBMRJwcm9ncmVzc2l2ZV9yZWNpcGUBMRUAACbsndWO_KzXAxUCKAJDMywXQCNEGJN0vGoYGWRhc2hfaDI2NC1iYXNpYy1nZW4yXzcyMHARAHUAZd6oAQA&_nc_gid=plYz-I2i_Ry-o3rhdJSd-Q&_nc_ss=7f180&_nc_zt=28&oh=00_AQBMCDkuZy_vE6JalNvytLjmhuuCJ6DtLqw910G3zswzcg&oe=6A632CBC,"['FACEBOOK', 'INSTAGRAM', 'MESSENGER', 'THREADS']",au,cw,facebook,social,2026-W29,2026-07,"FACEBOOK, INSTAGRAM, MESSENGER, THREADS",True,True,False,True,True,False,Brand/Category Page,True,False,False,2026-07-20,2026-06-11 07:00:00,2026-07-20 15:37:32.553203,39
993487136783891,1312113263851782,True,2026-06-11 07:00:00,2026-07-19 07:00:00,Chemist Warehouse,Chemist Warehouse,{{product.name}},{{product.brand}},Shop now,DCO,https://www.chemistwarehouse.com.au/shop-online/4617/essano-skincare?utm_source=facebook&utm_medium=social&utm_campaign=au_cw_coop_facebook_social_vitalitybrandsworldwide_essano_665_2026_100243-bau_video-image&utm_term=traffic&utm_content=video-image_all,www.chemistwarehouse.com.au,/shop-online/4617/essano-skincare,facebook,social,au_cw_coop_facebook_social_vitalitybrandsworldwide_essano_665_2026_100243-bau_video-image,665,traffic,video-image_all,Coop,Vitalitybrandsworldwide,Essano,2026,video-image,One drop closer to quenched skin,"Plump, hydrated skin starts with essano Hydration+ powered by four weights of hyaluronic acid. No fluff, just results.",Shop Now,https://scontent-ams2-1.xx.fbcdn.net/v/t39.35426-6/719598180_2187987498627125_4184615972373812202_n.jpg?_nc_cat=103&ccb=1-7&_nc_sid=c53f8f&_nc_ohc=oylwPEHjDVgQ7kNvwGeCiM3&_nc_oc=AdpSkhE-OZkNwRSfmgRHQJ3HOOfWfR1hfmB5zy-BDimDzWxy-mmT-lScB7AM2nrYyjM&_nc_zt=14&_nc_ht=scontent-ams2-1.xx&_nc_gid=plYz-I2i_Ry-o3rhdJSd-Q&_nc_ss=7f180&oh=00_AQCpK-d0m8gNS6NlFSuTp9DCIkML0id39G-DnvRZbzTBYw&oe=6A631911,,"['FACEBOOK', 'INSTAGRAM', 'AUDIENCE_NETWORK', 'MESSENGER', 'THREADS']",au,cw,facebook,social,2026-W29,2026-07,"FACEBOOK, INSTAGRAM, AUDIENCE_NETWORK, MESSENGER, THREADS",True,True,True,True,True,False,Brand/Category Page,True,False,False,2026-07-20,2026-06-11 07:00:00,2026-07-20 15:37:32.553203,39
997151496502885,1639240033852168,True,2026-06-11 07:00:00,2026-07-19 07:00:00,Chemist Warehouse,Chemist Warehouse,{{product.name}},{{product.brand}},Shop now,DCO,https://www.chemistwarehouse.com.au/shop-online/4617/essano-skincare?utm_source=facebook&utm_medium=social&utm_campaign=au_cw_coop_facebook_social_vitalitybrandsworldwide_essano_665_2026_100243-bau_video-image&utm_term=traffic&utm_content=video-image_all,www.chemistwarehouse.com.au,/shop-online/4617/essano-skincare,facebook,social,au_cw_coop_facebook_social_vitalitybrandsworldwide_essano_665_2026_100243-bau_video-image,665,traffic,video-image_all,Coop,Vitalitybrandsworldwide,Essano,2026,video-image,One drop closer to quenched skin,"Plump, hydrated skin starts with essano Hydration+ powered by four weights of hyaluronic acid. No fluff, just results.",Shop Now,https://scontent-ams2-1.xx.fbcdn.net/v/t39.35426-6/721129477_1680104559775850_1724707076740059685_n.jpg?_nc_cat=101&ccb=1-7&_nc_sid=c53f8f&_nc_ohc=Aa2gcV9MOCkQ7kNvwGDlzS9&_nc_oc=AdpIlJTIMV4VRhwgInaxYKTZIbxcvvQFlz2K1fepjGffYFPBQet2SocQz6YO6Lbc-Qk&_nc_zt=14&_nc_ht=scontent-ams2-1.xx&_nc_gid=plYz-I2i_Ry-o3rhdJSd-Q&_nc_ss=7f180&oh=00_AQCDl9OkYuHqON8e_fROuTPW66j8myiOt1OoJuVOKjXIDw&oe=6A6328E5,,"['FACEBOOK', 'INSTAGRAM', 'AUDIENCE_NETWORK', 'MESSENGER', 'THREADS']",au,cw,facebook,social,2026-W29,2026-07,"FACEBOOK, INSTAGRAM, AUDIENCE_NETWORK, MESSENGER, THREADS",True,True,True,True,True,False,Brand/Category Page,True,False,False,2026-07-20,2026-06-11 07:00:00,2026-07-20 15:37:32.553203,39
1332692462332560,960019757090737,True,2026-06-11 07:00:00,2026-07-19 07:00:00,Chemist Warehouse,Chemist Warehouse,{{product.name}},{{product.brand}},Shop now,DCO,https://www.chemistwarehouse.com.au/shop-online/4617/essano-skincare?utm_source=facebook&utm_medium=social&utm_campaign=au_cw_coop_facebook_social_vitalitybrandsworldwide_essano_665_2026_100243-bau_video-image&utm_term=traffic&utm_content=video-image_all,www.chemistwarehouse.com.au,/shop-online/4617/essano-skincare,facebook,social,au_cw_coop_facebook_social_vitalitybrandsworldwide_essano_665_2026_100243-bau_video-image,665,traffic,video-image_all,Coop,Vitalitybrandsworldwide,Essano,2026,video-image,One drop closer to quenched skin,"Plump, hydrated skin starts with essano Hydration+ powered by four weights of hyaluronic acid. No fluff, just results.",Shop Now,https://scontent-ams2-1.xx.fbcdn.net/v/t39.35426-6/719051238_2305732499956254_5785978151516134274_n.jpg?_nc_cat=107&ccb=1-7&_nc_sid=c53f8f&_nc_ohc=ePNILUKE-uIQ7kNvwFMvVqo&_nc_oc=Adofvva3eK8WRrfnV138U_e7bed6O4Os36iZhtlrluTY6J5f9iPSm1C8DLbpf5Rp9HM&_nc_zt=14&_nc_ht=scontent-ams2-1.xx&_nc_gid=plYz-I2i_Ry-o3rhdJSd-Q&_nc_ss=7f180&oh=00_AQB14w5MoJy_wmybDjy0N_TxmTVsvoN5H1SobgOLrpczvA&oe=6A630F5E,,"['FACEBOOK', 'INSTAGRAM', 'AUDIENCE_NETWORK', 'MESSENGER', 'THREADS']",au,cw,facebook,social,2026-W29,2026-07,"FACEBOOK, INSTAGRAM, AUDIENCE_NETWORK, MESSENGER, THREADS",True,True,True,True,True,False,Brand/Category Page,True,False,False,2026-07-20,2026-06-11 07:00:00,2026-07-20 15:37:32.553203,39
1004241635394708,994555532930907,True,2026-06-04 07:00:00,2026-07-19 07:00:00,Chemist Warehouse,Chemist Warehouse,{{product.name}},{{product.brand}},Shop now,DCO,https://www.chemistwarehouse.com.au/shop-online/1225/vicks?utm_source=facebook&utm_medium=social&utm_campaign=au_cw_oa_facebook_social_proctergambleaustralia_vicks_258_may26_100493-conv_video-image&utm_term=conversion&utm_content=video-image_strat-dad-landscape,www.chemistwarehouse.com.au,/shop-online/1225/vicks,facebook,social,au_cw_oa_facebook_social_proctergambleaustralia_vicks_258_may26_100493-conv_video-image,258,conversion,video-image_strat-dad-landscape,O&O,Proctergambleaustralia,Vicks,may26,video-image,Shop at Chemist Warehouse,Vicks has your back this winter. Fast Click & Collect at Chemist Warehouse,Shop Now,,https://video-ams2-1.xx.fbcdn.net/o1/v/t2/f2/m366/AQO_OAuisdzSltMzq9R0BTk8rxTa0DH4F-Ih7s_8yKpSjgt1RMgUBvOm2MJtoeRJDqe2b_0TPLiqEB7uC9igZb78UlHCb0mOORSsKkLb_FrrQA.mp4?_nc_cat=111&_nc_sid=b66105&_nc_ht=video-ams2-1.xx.fbcdn.net&_nc_ohc=xawsDNr3vHsQ7kNvwErbyMD&efg=eyJ2ZW5jb2RlX3RhZyI6Inhwdl9wcm9ncmVzc2l2ZS5WSV9VU0VDQVNFX1BST0RVQ1RfVFlQRS4uQzMuNzIwLmRhc2hfaDI2NC1iYXNpYy1nZW4yXzcyMHAiLCJ4cHZfYXNzZXRfaWQiOjM1OTg1OTAxOTExMDI0MzgwLCJhc3NldF9hZ2VfZGF5cyI6NDUsInZpX3VzZWNhc2VfaWQiOjEwNzk5LCJkdXJhdGlvbl9zIjo2LCJ1cmxnZW5fc291cmNlIjoid3d3In0%3D&ccb=17-1&vs=2d703be194d89901&_nc_vs=HBksFQIYRWZiX2VwaGVtZXJhbC81OTRGM0ZFMTBGNzlCMDRCMDM5RDNFNjI2RkIwRTU4OV9tdF8xX3ZpZGVvX2Rhc2hpbml0Lm1wNBUAAsgBEgAVAhhAZmJfcGVybWFuZW50LzU4NENGQzQ5Mjg5NTZCQjJGMjhEMjlERjk2QkJBNkIyX2F1ZGlvX2Rhc2hpbml0Lm1wNBUCAsgBEgAoABgAGwKIB3VzZV9vaWwBMRJwcm9ncmVzc2l2ZV9yZWNpcGUBMRUAACb4i6HFlr_sfxUCKAJDMywXQBgAAAAAAAAYGWRhc2hfaDI2NC1iYXNpYy1nZW4yXzcyMHARAHUAZd6oAQA&_nc_gid=plYz-I2i_Ry-o3rhdJSd-Q&_nc_ss=7f180&_nc_zt=28&oh=00_AQCcN1fIyKU4O5nQnL3tc6G19BkcA8yXHwFh3pAqyhWKkQ&oe=6A631399,"['FACEBOOK', 'INSTAGRAM', 'AUDIENCE_NETWORK', 'MESSENGER', 'THREADS']",au,cw,facebook,social,2026-W29,2026-07,"FACEBOOK, INSTAGRAM, AUDIENCE_NETWORK, MESSENGER, THREADS",True,True,True,True,True,False,Brand/Category Page,True,False,False,2026-07-20,2026-06-04 07:00:00,2026-07-20 15:37:32.553203,46
1507909187408312,1657276692223684,True,2026-06-03 07:00:00,2026-07-19 07:00:00,Chemist Warehouse,Chemist Warehouse,{{product.name}},{{product.brand}},Shop now,DCO,https://www.chemistwarehouse.com.au/shop-online/omron-bpm?utm_source=facebook&utm_medium=social&utm_campaign=au_cw_oa_facebook_social_jadaveyptyltd_omron_260_jun25_100029-oa_video&utm_term=traffic&utm_content=video-branding,www.chemistwarehouse.com.au,/shop-online/omron-bpm,facebook,social,au_cw_oa_facebook_social_jadaveyptyltd_omron_260_jun25_100029-oa_video,260,traffic,video-branding,O&O,Jadaveyptyltd,Omron,jun25,video,Shop Omron at Chemist Warehouse,Monitor your blood pressure at home with OMRON 💙 Shop in-store or online,Shop Now,,https://video-ams2-1.xx.fbcdn.net/o1/v/t2/f2/m366/AQPPfHWtunE6SzBxU6fZNNcmmDINQQNz5mmvgO00VPDi_sihL9mkuLwMauWqPf9n0_UAYZkPNRFhweg2nEuO9_OsHOa7B-gLeUHb7DGl1ZvmBw.mp4?_nc_cat=104&_nc_sid=b66105&_nc_ht=video-ams2-1.xx.fbcdn.net&_nc_ohc=zeJ1I6yQP6QQ7kNvwG3Imss&efg=eyJ2ZW5jb2RlX3RhZyI6Inhwdl9wcm9ncmVzc2l2ZS5WSV9VU0VDQVNFX1BST0RVQ1RfVFlQRS4uQzMuNzIwLmRhc2hfaDI2NC1iYXNpYy1nZW4yXzcyMHAiLCJ4cHZfYXNzZXRfaWQiOjEyNzU1MTYwMTc2NzkyNjUsImFzc2V0X2FnZV9kYXlzIjo0NSwidmlfdXNlY2FzZV9pZCI6MTA3OTksImR1cmF0aW9uX3MiOjEwLCJ1cmxnZW5fc291cmNlIjoid3d3In0%3D&ccb=17-1&vs=194b16821ad53fdf&_nc_vs=HBksFQIYRWZiX2VwaGVtZXJhbC8xMzQ4QzNBMkU5MENDRDQwRkU4OTA0ODk1MEU2RDE4Q19tdF8xX3ZpZGVvX2Rhc2hpbml0Lm1wNBUAAsgBEgAVAhhAZmJfcGVybWFuZW50L0M2NEFCNjg0NTNBRUM0NDJDN0E5QjgzM0VDMjFBODlEX2F1ZGlvX2Rhc2hpbml0Lm1wNBUCAsgBEgAoABgAGwKIB3VzZV9vaWwBMRJwcm9ncmVzc2l2ZV9yZWNpcGUBMRUAACbC7pzy5oTEBBUCKAJDMywXQCQhysCDEm8YGWRhc2hfaDI2NC1iYXNpYy1nZW4yXzcyMHARAHUAZd6oAQA&_nc_gid=plYz-I2i_Ry-o3rhdJSd-Q&_nc_ss=7f180&_nc_zt=28&oh=00_AQDf8lBvKUp28-IQVRS62O9yuXHM4MxY4Hyai1uvGWBlrA&oe=6A631660,"['FACEBOOK', 'INSTAGRAM', 'AUDIENCE_NETWORK', 'MESSENGER', 'WHATSAPP', 'THREADS']",au,cw,facebook,social,2026-W29,2026-07,"FACEBOOK, INSTAGRAM, AUDIENCE_NETWORK, MESSENGER, WHATSAPP, THREADS",True,True,True,True,True,True,Brand/Category Page,True,False,False,2026-07-20,2026-06-03 07:00:00,2026-07-20 15:37:32.553203,47
1672364504101540,4210309855779203,True,2026-06-04 07:00:00,2026-07-19 07:00:00,Chemist Warehouse,Chemist Warehouse,{{product.name}},{{product.brand}},Shop now,DCO,https://www.chemistwarehouse.com.au/shop-online/omron-bpm?utm_source=facebook&utm_medium=social&utm_campaign=au_cw_oa_facebook_social_jadaveyptyltd_omron_260_jun25_100029-oa_video&utm_term=traffic&utm_content=video-branding,www.chemistwarehouse.com.au,/shop-online/omron-bpm,facebook,social,au_cw_oa_facebook_social_jadaveyptyltd_omron_260_jun25_100029-oa_video,260,traffic,video-branding,O&O,Jadaveyptyltd,Omron,jun25,video,Shop Omron at Chemist Warehouse,When did you last check your blood pressure? Check yours with OMRON today,Shop Now,,https://video-ams2-1.xx.fbcdn.net/o1/v/t2/f2/m366/AQN10-hljP-AkXD71iPverKJRrWwbO1ilX9Zo1KljXvm-ftSztTAA9MzghJn_GzObyS9cc7L1CIN7WN0QbeusCMGGarMxeFmlnkG4pazdempbA.mp4?_nc_cat=105&_nc_sid=b66105&_nc_ht=video-ams2-1.xx.fbcdn.net&_nc_ohc=qvuGzZgkgI0Q7kNvwHfZuBX&efg=eyJ2ZW5jb2RlX3RhZyI6Inhwdl9wcm9ncmVzc2l2ZS5WSV9VU0VDQVNFX1BST0RVQ1RfVFlQRS4uQzMuNzIwLmRhc2hfaDI2NC1iYXNpYy1nZW4yXzcyMHAiLCJ4cHZfYXNzZXRfaWQiOjIwMDQ1NDg0OTM3NjQ5MTksImFzc2V0X2FnZV9kYXlzIjo0NSwidmlfdXNlY2FzZV9pZCI6MTA3OTksImR1cmF0aW9uX3MiOjIwLCJ1cmxnZW5fc291cmNlIjoid3d3In0%3D&ccb=17-1&vs=5744facdbae698b8&_nc_vs=HBksFQIYRWZiX2VwaGVtZXJhbC9CRTQ4OTg0REE4MjM3NzM1QkVBQTFFMEE5MjAwMjRCNV9tdF8xX3ZpZGVvX2Rhc2hpbml0Lm1wNBUAAsgBEgAVAhhAZmJfcGVybWFuZW50LzhDNENBMEZDMTVBMDRGREYyQjRGRDIzMjQ0M0NFMzgxX2F1ZGlvX2Rhc2hpbml0Lm1wNBUCAsgBEgAoABgAGwKIB3VzZV9vaWwBMRJwcm9ncmVzc2l2ZV9yZWNpcGUBMRUAACbupL-OisiPBxUCKAJDMywXQDR3S8an754YGWRhc2hfaDI2NC1iYXNpYy1nZW4yXzcyMHARAHUAZd6oAQA&_nc_gid=plYz-I2i_Ry-o3rhdJSd-Q&_nc_ss=7f180&_nc_zt=28&oh=00_AQCSLIn8plQLqQfH0ilNrf-L4CZiMctjdCOo9yyjYQxq6w&oe=6A632693,"['FACEBOOK', 'INSTAGRAM', 'AUDIENCE_NETWORK', 'MESSENGER', 'WHATSAPP', 'THREADS']",au,cw,facebook,social,2026-W29,2026-07,"FACEBOOK, INSTAGRAM, AUDIENCE_NETWORK, MESSENGER, WHATSAPP, THREADS",True,True,True,True,True,True,Brand/Category Page,True,False,False,2026-07-20,2026-06-04 07:00:00,2026-07-20 15:37:32.553203,46
961444359990894,828000516836420,True,2026-06-10 07:00:00,2026-07-18 07:00:00,Chemist Warehouse,Chemist Warehouse,{{product.name}},{{product.brand}},Shop now,DCO,https://www.chemistwarehouse.com.au/shop-online/4617/essano-skincare?utm_source=facebook&utm_medium=social&utm_campaign=au_cw_coop_facebook_social_vitalitybrandsworldwide_essano_665_2026_100243-bau_video-image&utm_term=traffic&utm_content=video-image_all,www.chemistwarehouse.com.au,/shop-online/4617/essano-skincare,facebook,social,au_cw_coop_facebook_social_vitalitybrandsworldwide_essano_665_2026_100243-bau_video-image,665,traffic,video-image_all,Coop,Vitalitybrandsworldwide,Essano,2026,video-image,One drop closer to quenched skin,"Plump, hydrated skin starts with essano Hydration+ powered by four weights of hyaluronic acid. No fluff, just results.",Shop Now,https://scontent-ams2-1.xx.fbcdn.net/v/t39.35426-6/723612463_1584372393117477_8717782784269120607_n.jpg?_nc_cat=103&ccb=1-7&_nc_sid=c53f8f&_nc_ohc=sfRQUDpiivMQ7kNvwGz913F&_nc_oc=AdphDIvwIg4rZJ1RR9TAuAAzKuBBruR0Chw4jSYiJQiBh78q65km70phoTZ3rNuuD7c&_nc_zt=14&_nc_ht=scontent-ams2-1.xx&_nc_gid=iuVLjI_GU3XKksusSdpy9w&_nc_ss=7f180&oh=00_AQDZDFcCIGjXQ-fU_8T7S66jEAIope203uX6n8h_ySYY2A&oe=6A631832,,"['FACEBOOK', 'INSTAGRAM', 'AUDIENCE_NETWORK', 'MESSENGER', 'THREADS']",au,cw,facebook,social,2026-W29,2026-07,"FACEBOOK, INSTAGRAM, AUDIENCE_NETWORK, MESSENGER, THREADS",True,True,True,True,True,False,Brand/Category Page,True,False,False,2026-07-20,2026-06-10 07:00:00,2026-07-20 15:37:32.553203,40
1210379894448587,1688323015511864,True,2026-06-04 07:00:00,2026-07-19 07:00:00,Chemist Warehouse,Chemist Warehouse,{{product.name}},{{product.brand}},Shop now,DCO,https://www.chemistwarehouse.com.au/shop-online/1225/vicks?utm_source=facebook&utm_medium=social&utm_campaign=au_cw_oa_facebook_social_proctergambleaustralia_vicks_258_may26_100493-traffic_video-image&utm_term=traffic&utm_content=video-image_strat-kid-landscape,www.chemistwarehouse.com.au,/shop-online/1225/vicks,facebook,social,au_cw_oa_facebook_social_proctergambleaustralia_vicks_258_may26_100493-traffic_video-image,258,traffic,video-image_strat-kid-landscape,O&O,Proctergambleaustralia,Vicks,may26,video-image,Shop at Chemist Warehouse,Cough & Cold? Vicks has your back this winter. Fast Click & Collect at Chemist Warehouse,Shop Now,,https://video-ams2-1.xx.fbcdn.net/o1/v/t2/f2/m366/AQOuIBg3rEpbnn9oVW7Ep3YgsSfTgwCKUuqis0INC3YJV3HV8gze9U7IRBnhs0qCfZkd9xsMHr36rRYMIeQJgOGDKsRoRvYm6v0EItMewGR7FQ.mp4?_nc_cat=103&_nc_sid=b66105&_nc_ht=video-ams2-1.xx.fbcdn.net&_nc_ohc=lSTHHnW3qbkQ7kNvwE8oh_V&efg=eyJ2ZW5jb2RlX3RhZyI6Inhwdl9wcm9ncmVzc2l2ZS5WSV9VU0VDQVNFX1BST0RVQ1RfVFlQRS4uQzMuNzIwLmRhc2hfaDI2NC1iYXNpYy1nZW4yXzcyMHAiLCJ4cHZfYXNzZXRfaWQiOjEwMTYyMTExNjc2MTU0MDYsImFzc2V0X2FnZV9kYXlzIjo0NSwidmlfdXNlY2FzZV9pZCI6MTA3OTksImR1cmF0aW9uX3MiOjYsInVybGdlbl9zb3VyY2UiOiJ3d3cifQ%3D%3D&ccb=17-1&vs=415ee1317b3ec94d&_nc_vs=HBksFQIYRWZiX2VwaGVtZXJhbC82RDQ1NjA0OUYzRTg4MTU3MDI3QzhERjgyOTFGOTc4Nl9tdF8xX3ZpZGVvX2Rhc2hpbml0Lm1wNBUAAsgBEgAVAhhAZmJfcGVybWFuZW50LzU4NENGODVDNTQ5REQ0QTdEMjJCNjhEODgxNkQ3MkFGX2F1ZGlvX2Rhc2hpbml0Lm1wNBUCAsgBEgAoABgAGwKIB3VzZV9vaWwBMRJwcm9ncmVzc2l2ZV9yZWNpcGUBMRUAACbc5syao4_OAxUCKAJDMywXQBgAAAAAAAAYGWRhc2hfaDI2NC1iYXNpYy1nZW4yXzcyMHARAHUAZd6oAQA&_nc_gid=plYz-I2i_Ry-o3rhdJSd-Q&_nc_ss=7f180&_nc_zt=28&oh=00_AQDQ1FbQDWPK7lK3i456AD1A_Y5Xe8GhETG3Jm2PhglYaA&oe=6A6331F5,"['FACEBOOK', 'INSTAGRAM', 'AUDIENCE_NETWORK', 'MESSENGER', 'WHATSAPP', 'THREADS']",au,cw,facebook,social,2026-W29,2026-07,"FACEBOOK, INSTAGRAM, AUDIENCE_NETWORK, MESSENGER, WHATSAPP, THREADS",True,True,True,True,True,True,Brand/Category Page,True,False,False,2026-07-20,2026-06-04 07:00:00,2026-07-20 15:37:32.553203,46
2051067898862231,1920043732047233,True,2026-06-11 07:00:00,2026-06-29 07:00:00,Chemist Warehouse,Chemist Warehouse,{{product.name}},{{product.brand}},Shop now,DCO,https://www.chemistwarehouse.com.au/shop-online/902/sukin?utm_source=facebook&utm_medium=social&utm_campaign=au_cw_coop_facebook_social_bwxbrandsptyltd_sukin_665_2026_100133-bau_video-image&utm_term=traffic&utm_content=video-image_all,www.chemistwarehouse.com.au,/shop-online/902/sukin,facebook,social,au_cw_coop_facebook_social_bwxbrandsptyltd_sukin_665_2026_100133-bau_video-image,665,traffic,video-image_all,Coop,Bwxbrandsptyltd,Sukin,2026,video-image,Everyday Bodycare Rituals,Upgrade your shower routine with Sukin bodycare essentials at Chemist Warehouse.,Shop Now,,https://video-ams2-1.xx.fbcdn.net/o1/v/t2/f2/m366/AQNrfzGzBb4UutGkVOkEmAyEjHaKJUhvhzIxuqV8NBddcG7ZrQLw-VCdyQRdy-FbSbls2BgcXxvke9-ts-IqNamKHyu3uy0M6gQMTNs7-EyhUw.mp4?_nc_cat=105&_nc_sid=b66105&_nc_ht=video-ams2-1.xx.fbcdn.net&_nc_ohc=Yg3oEbb4BLwQ7kNvwEZ4i-0&efg=eyJ2ZW5jb2RlX3RhZyI6Inhwdl9wcm9ncmVzc2l2ZS5WSV9VU0VDQVNFX1BST0RVQ1RfVFlQRS4uQzMuNzIwLmRhc2hfaDI2NC1iYXNpYy1nZW4yXzcyMHAiLCJ4cHZfYXNzZXRfaWQiOjE0NTI1NjgxODM1NTkxNDEsImFzc2V0X2FnZV9kYXlzIjozOCwidmlfdXNlY2FzZV9pZCI6MTA3OTksImR1cmF0aW9uX3MiOjQ1LCJ1cmxnZW5fc291cmNlIjoid3d3In0%3D&ccb=17-1&vs=8807e82b53ab356f&_nc_vs=HBksFQIYRWZiX2VwaGVtZXJhbC8xNDQ1RjVCMThERTRCNkY0OTU3NzFBQzI0RjlDMDg4QV9tdF8xX3ZpZGVvX2Rhc2hpbml0Lm1wNBUAAsgBEgAVAhhAZmJfcGVybWFuZW50LzExNDJEODJBMzBCMkMyNEYzRENGNkE0MDdDMzMxMUI4X2F1ZGlvX2Rhc2hpbml0Lm1wNBUCAsgBEgAoABgAGwKIB3VzZV9vaWwBMRJwcm9ncmVzc2l2ZV9yZWNpcGUBMRUAACbKz76pzMaUBRUCKAJDMywXQEbEOVgQYk4YGWRhc2hfaDI2NC1iYXNpYy1nZW4yXzcyMHARAHUAZd6oAQA&_nc_gid=iuVLjI_GU3XKksusSdpy9w&_nc_ss=7f180&_nc_zt=28&oh=00_AQCaLue95E9-_CNa4W458HpZAglwV1VkODHSFE1bG3CJMA&oe=6A630B63,"['FACEBOOK', 'INSTAGRAM', 'AUDIENCE_NETWORK', 'MESSENGER', 'WHATSAPP', 'THREADS']",au,cw,facebook,social,2026-W29,2026-07,"FACEBOOK, INSTAGRAM, AUDIENCE_NETWORK, MESSENGER, WHATSAPP, THREADS",True,True,True,True,True,True,Brand/Category Page,True,False,False,2026-07-20,2026-06-11 07:00:00,2026-07-20 15:37:32.553203,39
1680487833075783,1499639871942948,True,2026-06-03 07:00:00,2026-07-19 07:00:00,Chemist Warehouse,Chemist Warehouse,{{product.name}},{{product.brand}},Learn more,DCO,https://www.chemistwarehouse.com.au/shop-online/5758/sudocrem?utm_source=facebook&utm_medium=social&utm_campaign=au_cw_coop_facebook_social_nicepakproductsptyltd_all_20_2026_100057-bau_video-image&utm_term=traffic&utm_content=video-image_generic,www.chemistwarehouse.com.au,/shop-online/5758/sudocrem,facebook,social,au_cw_coop_facebook_social_nicepakproductsptyltd_all_20_2026_100057-bau_video-image,20,traffic,video-image_generic,Coop,Nicepakproductsptyltd,All,2026,video-image,Soothes skin from nappy rash,"Sudocrem Healing Cream, Soothes and protect delicate skin from nappy rash",Learn More,,https://video-ams2-1.xx.fbcdn.net/o1/v/t2/f2/m366/AQOtJaq273mZR2L8AJVE8MMhlmQXzacB4AtrwAYXMxb0g90BH938UAdEFFWQgYzeHz6OcMQyoqtZF5zykWetU9lvKuxN2l14FGG8DJ-8Ai4CNA.mp4?_nc_cat=104&_nc_sid=b66105&_nc_ht=video-ams2-1.xx.fbcdn.net&_nc_ohc=-ajnjyLmRjkQ7kNvwGPTqaq&efg=eyJ2ZW5jb2RlX3RhZyI6Inhwdl9wcm9ncmVzc2l2ZS5WSV9VU0VDQVNFX1BST0RVQ1RfVFlQRS4uQzMuNzIwLmRhc2hfaDI2NC1iYXNpYy1nZW4yXzcyMHAiLCJ4cHZfYXNzZXRfaWQiOjIyNzQ5NDIzNjI5MDc5MzMsImFzc2V0X2FnZV9kYXlzIjo1MjgsInZpX3VzZWNhc2VfaWQiOjEwNzk5LCJkdXJhdGlvbl9zIjozMCwidXJsZ2VuX3NvdXJjZSI6Ind3dyJ9&ccb=17-1&vs=ddce9728032eeed0&_nc_vs=HBksFQIYRWZiX2VwaGVtZXJhbC8xNTRDNkVFMjVENDE5RkRENUM5NUIzRTc4QTJBRTY4MV9tdF8xX3ZpZGVvX2Rhc2hpbml0Lm1wNBUAAsgBEgAVAhg6cGFzc3Rocm91Z2hfZXZlcnN0b3JlL0dGYy1ZaHhYaTV0bGxLRUZBR3g1WXU0OG01VlVidjRHQUFBRhUCAsgBEgAoABgAGwKIB3VzZV9vaWwBMRJwcm9ncmVzc2l2ZV9yZWNpcGUBMRUAACa61Oe2icOKCBUCKAJDMywXQD4AAAAAAAAYGWRhc2hfaDI2NC1iYXNpYy1nZW4yXzcyMHARAHUAZd6oAQA&_nc_gid=plYz-I2i_Ry-o3rhdJSd-Q&_nc_ss=7f180&_nc_zt=28&oh=00_AQBYTGb6rrzjwr1i5slK_m2GO09Sn81s7CyScK-kuX7rCQ&oe=6A630514,"['FACEBOOK', 'INSTAGRAM', 'AUDIENCE_NETWORK', 'MESSENGER', 'THREADS']",au,cw,facebook,social,2026-W29,2026-07,"FACEBOOK, INSTAGRAM, AUDIENCE_NETWORK, MESSENGER, THREADS",True,True,True,True,True,False,Brand/Category Page,True,False,False,2026-07-20,2026-06-03 07:00:00,2026-07-20 15:37:32.553203,47
1544289040586532,1718285125853500,True,2026-06-03 07:00:00,2026-07-19 07:00:00,Chemist Warehouse,Chemist Warehouse,{{product.name}},{{product.brand}},Shop now,DCO,https://www.chemistwarehouse.com.au/shop-online/6413/epzen-body-washes-lotions?utm_source=facebook&utm_medium=social&utm_campaign=au_cw_oa_facebook_social_vitalitybrandsworldwide_epzen_259_2026_100462-oa_video-image&utm_term=traffic&utm_content=video-image_all,www.chemistwarehouse.com.au,/shop-online/6413/epzen-body-washes-lotions,facebook,social,au_cw_oa_facebook_social_vitalitybrandsworldwide_epzen_259_2026_100462-oa_video-image,259,traffic,video-image_all,O&O,Vitalitybrandsworldwide,Epzen,2026,video-image,Get Drenched,"We're epzen, your favourite bath and bodycare brand, who doesn't ask you to do better or be more.

💗 Natural ingredients",Shop Now,,https://video-ams2-1.xx.fbcdn.net/o1/v/t2/f2/m366/AQPuG9o7QMkfFjzmZCErso0CGqWCEtswi9jr8umqVJ0T50J-8VG5yVFzxb34DIvIaPYgAKNG1IiSqQPEuizTHgtppbrxAR5BrMvq_vQkmm0ApQ.mp4?_nc_cat=111&_nc_sid=b66105&_nc_ht=video-ams2-1.xx.fbcdn.net&_nc_ohc=CwerB3GCNEIQ7kNvwH5iV9R&efg=eyJ2ZW5jb2RlX3RhZyI6Inhwdl9wcm9ncmVzc2l2ZS5WSV9VU0VDQVNFX1BST0RVQ1RfVFlQRS4uQzMuNzIwLmRhc2hfaDI2NC1iYXNpYy1nZW4yXzcyMHAiLCJ4cHZfYXNzZXRfaWQiOjE1Njk1NjUyODgxMjQzNTQsImFzc2V0X2FnZV9kYXlzIjo0NiwidmlfdXNlY2FzZV9pZCI6MTA3OTksImR1cmF0aW9uX3MiOjIwLCJ1cmxnZW5fc291cmNlIjoid3d3In0%3D&ccb=17-1&vs=3b242571b2386c5b&_nc_vs=HBksFQIYRWZiX2VwaGVtZXJhbC83QTQzQkIxRjk5MDdDNkUzMjUzRUE0MEZBMzhGNEY5MF9tdF8xX3ZpZGVvX2Rhc2hpbml0Lm1wNBUAAsgBEgAVAhhAZmJfcGVybWFuZW50L0NENEEyMTU2MTkyNTZDRENCRkZDRTREODIxODI5MkJGX2F1ZGlvX2Rhc2hpbml0Lm1wNBUCAsgBEgAoABgAGwKIB3VzZV9vaWwBMRJwcm9ncmVzc2l2ZV9yZWNpcGUBMRUAACaEv5rX3ODJBRUCKAJDMywXQDQAAAAAAAAYGWRhc2hfaDI2NC1iYXNpYy1nZW4yXzcyMHARAHUAZd6oAQA&_nc_gid=plYz-I2i_Ry-o3rhdJSd-Q&_nc_ss=7f180&_nc_zt=28&oh=00_AQChkBlfEbZmv0q8cl5SYODg66QF8Z4vEzWUMcd5R6C96w&oe=6A632071,"['FACEBOOK', 'INSTAGRAM', 'AUDIENCE_NETWORK', 'MESSENGER', 'WHATSAPP', 'THREADS']",au,cw,facebook,social,2026-W29,2026-07,"FACEBOOK, INSTAGRAM, AUDIENCE_NETWORK, MESSENGER, WHATSAPP, THREADS",True,True,True,True,True,True,Brand/Category Page,True,False,False,2026-07-20,2026-06-03 07:00:00,2026-07-20 15:37:32.553203,47
948148894889721,953177574251350,True,2026-06-02 07:00:00,2026-07-17 07:00:00,Chemist Warehouse,Chemist Warehouse,{{product.name}},{{product.brand}},Shop now,DCO,https://www.chemistwarehouse.com.au/shop-online/6413/epzen-body-washes-lotions?utm_source=facebook&utm_medium=social&utm_campaign=au_cw_oa_facebook_social_vitalitybrandsworldwide_epzen_259_2026_100462-oa_video-image&utm_term=traffic&utm_content=video-image_all,www.chemistwarehouse.com.au,/shop-online/6413/epzen-body-washes-lotions,facebook,social,au_cw_oa_facebook_social_vitalitybrandsworldwide_epzen_259_2026_100462-oa_video-image,259,traffic,video-image_all,O&O,Vitalitybrandsworldwide,Epzen,2026,video-image,Get Drenched,"Introducing the ultimate 2-step hydration routine:
💙 Triple Moisture Body Wash
💙 Triple Moisture Lotion",Shop Now,,https://video-ams2-1.xx.fbcdn.net/o1/v/t2/f2/m366/AQPO9xLdZakBSI7tz938nWxoqM0ufiHLMq58eP2ieVBhmMTIgaJC94FASY2fkwOt_p0O-OkztF5K7oucWVUWi7MA2xZiBg-DtyX1HhVHAyfx9Q.mp4?_nc_cat=110&_nc_sid=b66105&_nc_ht=video-ams2-1.xx.fbcdn.net&_nc_ohc=8oYyzao_IwoQ7kNvwFHP_s7&efg=eyJ2ZW5jb2RlX3RhZyI6Inhwdl9wcm9ncmVzc2l2ZS5WSV9VU0VDQVNFX1BST0RVQ1RfVFlQRS4uQzMuNzIwLmRhc2hfaDI2NC1iYXNpYy1nZW4yXzcyMHAiLCJ4cHZfYXNzZXRfaWQiOjk2Mzk2MTAzMzE0NDQ5NSwiYXNzZXRfYWdlX2RheXMiOjQ2LCJ2aV91c2VjYXNlX2lkIjoxMDc5OSwiZHVyYXRpb25fcyI6MjAsInVybGdlbl9zb3VyY2UiOiJ3d3cifQ%3D%3D&ccb=17-1&vs=ddf571c3eb7e761b&_nc_vs=HBksFQIYRWZiX2VwaGVtZXJhbC8wODRCQzExNTY2RTJFN0NGQzBBOUU4NkVFQUNBREFCOF9tdF8xX3ZpZGVvX2Rhc2hpbml0Lm1wNBUAAsgBEgAVAhhAZmJfcGVybWFuZW50LzdGNDg2QUI2QUU3NzhBRUZFN0REQ0Y5MDE0QTkyODhFX2F1ZGlvX2Rhc2hpbml0Lm1wNBUCAsgBEgAoABgAGwKIB3VzZV9vaWwBMRJwcm9ncmVzc2l2ZV9yZWNpcGUBMRUAACbe4qmv9a22AxUCKAJDMywXQDQAAAAAAAAYGWRhc2hfaDI2NC1iYXNpYy1nZW4yXzcyMHARAHUAZd6oAQA&_nc_gid=plYz-I2i_Ry-o3rhdJSd-Q&_nc_ss=7f180&_nc_zt=28&oh=00_AQAqQGmSFV5UaF73bd4dJPPceTJvDc09WyikFbwpbKBIJw&oe=6A630166,"['FACEBOOK', 'INSTAGRAM', 'AUDIENCE_NETWORK', 'MESSENGER', 'WHATSAPP', 'THREADS']",au,cw,facebook,social,2026-W29,2026-07,"FACEBOOK, INSTAGRAM, AUDIENCE_NETWORK, MESSENGER, WHATSAPP, THREADS",True,True,True,True,True,True,Brand/Category Page,True,False,False,2026-07-20,2026-06-02 07:00:00,2026-07-20 15:37:32.553203,48
998579852792588,2279811056169415,True,2026-06-04 07:00:00,2026-07-18 07:00:00,Chemist Warehouse,Chemist Warehouse,{{product.name}},{{product.brand}},Learn more,DCO,https://www.chemistwarehouse.com.au/shop-online/5758/sudocrem?utm_source=facebook&utm_medium=social&utm_campaign=au_cw_coop_facebook_social_nicepakproductsptyltd_all_20_2026_100057-bau_video-image&utm_term=traffic&utm_content=video-image_generic,www.chemistwarehouse.com.au,/shop-online/5758/sudocrem,facebook,social,au_cw_coop_facebook_social_nicepakproductsptyltd_all_20_2026_100057-bau_video-image,20,traffic,video-image_generic,Coop,Nicepakproductsptyltd,All,2026,video-image,Soothes skin from nappy rash,"Sudocrem Healing Cream, Soothes and protect delicate skin from nappy rash",Learn More,,,"['FACEBOOK', 'INSTAGRAM', 'AUDIENCE_NETWORK', 'MESSENGER', 'THREADS']",au,cw,facebook,social,2026-W29,2026-07,"FACEBOOK, INSTAGRAM, AUDIENCE_NETWORK, MESSENGER, THREADS",True,True,True,True,True,False,Brand/Category Page,True,False,False,2026-07-20,2026-06-04 07:00:00,2026-07-20 15:37:32.553203,46
1549842736732589,989709130721378,True,2026-05-31 07:00:00,2026-07-19 07:00:00,Chemist Warehouse,Chemist Warehouse,Shop at Chemist Warehouse.,Shop Inflamax Heat Patches at Chemist Warehouse.,See details,VIDEO,https://www.chemistwarehouse.com.au/shop-online/703648/inflamax?utm_source=facebook&utm_medium=social&utm_campaign=au_cw_coop_facebook_social_vidacorp_inflamax_258_2026_100118-bau_video-image&utm_term=traffic&utm_content=video-image_instore,www.chemistwarehouse.com.au,/shop-online/703648/inflamax,facebook,social,au_cw_coop_facebook_social_vidacorp_inflamax_258_2026_100118-bau_video-image,258,traffic,video-image_instore,Coop,Vidacorp,Inflamax,2026,video-image,,,,,,"['FACEBOOK', 'INSTAGRAM', 'MESSENGER', 'WHATSAPP']",au,cw,facebook,social,2026-W29,2026-07,"FACEBOOK, INSTAGRAM, MESSENGER, WHATSAPP",True,True,False,True,False,True,Brand/Category Page,True,True,False,2026-07-20,2026-05-31 07:00:00,2026-07-20 15:37:32.553203,50
1017489520650323,966142949591595,True,2026-06-11 07:00:00,2026-07-19 07:00:00,Chemist Warehouse,Chemist Warehouse,{{product.name}},{{product.brand}},Shop now,DCO,https://www.chemistwarehouse.com.au/shop-online/902/sukin?utm_source=facebook&utm_medium=social&utm_campaign=au_cw_coop_facebook_social_bwxbrandsptyltd_sukin_665_2026_100133-bau_video-image&utm_term=traffic&utm_content=video-image_all,www.chemistwarehouse.com.au,/shop-online/902/sukin,facebook,social,au_cw_coop_facebook_social_bwxbrandsptyltd_sukin_665_2026_100133-bau_video-image,665,traffic,video-image_all,Coop,Bwxbrandsptyltd,Sukin,2026,video-image,Sukin's New Radiance,"Gift your mum the glow she deserves with Sukin's new Glow Active C, Clinically proven.",Shop Now,https://scontent-ams2-1.xx.fbcdn.net/v/t39.35426-6/722956237_1334366111962816_1777785879966981993_n.jpg?_nc_cat=105&ccb=1-7&_nc_sid=c53f8f&_nc_ohc=WwtN5ADBGA4Q7kNvwHvGLla&_nc_oc=Adr5VwKytH2m2RU_9dSv5QzMmC94Uv5JxoFVSVoYpYLY_RbxIFNRgA4iJM6rMk2RmuU&_nc_zt=14&_nc_ht=scontent-ams2-1.xx&_nc_gid=t0tJVfZx7pQ1kad7XK8OFA&_nc_ss=7f180&oh=00_AQB10VajFpqS5xHLuZtSNUuB_MYQbsHcJZl5xOZ_7y4HVA&oe=6A63319E,,"['FACEBOOK', 'INSTAGRAM', 'AUDIENCE_NETWORK', 'MESSENGER', 'WHATSAPP', 'THREADS']",au,cw,facebook,social,2026-W29,2026-07,"FACEBOOK, INSTAGRAM, AUDIENCE_NETWORK, MESSENGER, WHATSAPP, THREADS",True,True,True,True,True,True,Brand/Category Page,True,False,False,2026-07-20,2026-06-11 07:00:00,2026-07-20 15:37:32.553203,39
1842953756662754,,True,2026-05-31 07:00:00,2026-07-19 07:00:00,Chemist Warehouse,Chemist Warehouse,Shop Bulldog Today,"Guys, if skincare feels too hard, Bulldog gets it! Simple, effective, and made for men's skin, beard & shave needs. Shop now at Chemist Warehouse!",Shop now,VIDEO,https://www.chemistwarehouse.com.au/shop-online/704064/bulldog?utm_source=facebook&utm_medium=social&utm_campaign=au_cw_coop_facebook_social_edgewellpersonalcareaustralia_bulldog_665_2026_100011-bau_video-image&utm_term=traffic&utm_content=video-image_all,www.chemistwarehouse.com.au,/shop-online/704064/bulldog,facebook,social,au_cw_coop_facebook_social_edgewellpersonalcareaustralia_bulldog_665_2026_100011-bau_video-image,665,traffic,video-image_all,Coop,Edgewellpersonalcareaustralia,Bulldog,2026,video-image,,,,,,"['FACEBOOK', 'INSTAGRAM', 'AUDIENCE_NETWORK', 'MESSENGER', 'THREADS']",au,cw,facebook,social,2026-W29,2026-07,"FACEBOOK, INSTAGRAM, AUDIENCE_NETWORK, MESSENGER, THREADS",True,True,True,True,True,False,Brand/Category Page,True,True,False,2026-07-20,2026-05-31 07:00:00,2026-07-20 15:37:32.553203,50
979953868313224,1557524852444401,True,2026-07-15 07:00:00,2026-07-19 07:00:00,Chemist Warehouse,Chemist Warehouse,{{product.name}},{{product.brand}},Shop now,DCO,https://www.chemistwarehouse.com.au/shop-online/1908/schick-womens-shavers-blades?&utm_source=facebook&utm_medium=social&utm_campaign=au_cw_coop_facebook_social_edgewellpersonalcareaustralia_schickwomens_259_2026_100011-bau_video-image&utm_term=traffic&utm_content=video-image_all,www.chemistwarehouse.com.au,/shop-online/1908/schick-womens-shavers-blades,facebook,social,au_cw_coop_facebook_social_edgewellpersonalcareaustralia_schickwomens_259_2026_100011-bau_video-image,259,traffic,video-image_all,Coop,Edgewellpersonalcareaustralia,Schickwomens,2026,video-image,Shop Intuition Today!,"A self-care moment made effortless. A smooth, gentle shave that leaves skin soft & nourished. Shop now at Chemist Warehouse.",Shop Now,,https://video-ams2-1.xx.fbcdn.net/o1/v/t2/f2/m366/AQN5vHpFq7q9HVHnNr6YiO966DL-NvdGbxSVhPg9EpBLP_8VvI4gPXtqTN3tS-71WnQ8ge-K8Mg_x2WrTvk2CyfRnj1ozF6L1e9b7ZPjwRAvwg.mp4?_nc_cat=111&_nc_sid=b66105&_nc_ht=video-ams2-1.xx.fbcdn.net&_nc_ohc=KKgP8Jg7eGAQ7kNvwFKWYUO&efg=eyJ2ZW5jb2RlX3RhZyI6Inhwdl9wcm9ncmVzc2l2ZS5WSV9VU0VDQVNFX1BST0RVQ1RfVFlQRS4uQzMuNzIwLmRhc2hfaDI2NC1iYXNpYy1nZW4yXzcyMHAiLCJ4cHZfYXNzZXRfaWQiOjE0NjQ4MTkyNzIzMjUxMTUsImFzc2V0X2FnZV9kYXlzIjo3NSwidmlfdXNlY2FzZV9pZCI6MTA3OTksImR1cmF0aW9uX3MiOjksInVybGdlbl9zb3VyY2UiOiJ3d3cifQ%3D%3D&ccb=17-1&vs=5862de2163d71071&_nc_vs=HBksFQIYRWZiX2VwaGVtZXJhbC8xNTQ2ODU4NjY0OTU4N0JDREY3RDEzNjQzMEZFNzk4MF9tdF8xX3ZpZGVvX2Rhc2hpbml0Lm1wNBUAAsgBEgAVAhhAZmJfcGVybWFuZW50LzcwNDRCODRFMTJGQTg2MjMzQkNGODI5NUNCMEU0NjkzX2F1ZGlvX2Rhc2hpbml0Lm1wNBUCAsgBEgAoABgAGwKIB3VzZV9vaWwBMRJwcm9ncmVzc2l2ZV9yZWNpcGUBMRUAACb235iG2o-aBRUCKAJDMywXQCPul41P3zsYGWRhc2hfaDI2NC1iYXNpYy1nZW4yXzcyMHARAHUAZd6oAQA&_nc_gid=plYz-I2i_Ry-o3rhdJSd-Q&_nc_ss=7f180&_nc_zt=28&oh=00_AQAsXkN0N46vMS3DzSw9xEvkGS8KdOE2TnUFgxKIECWFnQ&oe=6A631BB9,"['FACEBOOK', 'INSTAGRAM', 'AUDIENCE_NETWORK', 'MESSENGER', 'THREADS']",au,cw,facebook,social,2026-W29,2026-07,"FACEBOOK, INSTAGRAM, AUDIENCE_NETWORK, MESSENGER, THREADS",True,True,True,True,True,False,Brand/Category Page,True,False,False,2026-07-20,2026-07-15 07:00:00,2026-07-20 15:37:32.553203,5
1574481444572810,954634410662147,True,2026-05-29 07:00:00,2026-07-19 07:00:00,Chemist Warehouse,Chemist Warehouse,{{product.name}},{{product.brand}},Shop now,DCO,https://www.chemistwarehouse.com.au/shop-online/2601/nude-by-nature?&utm_source=facebook&utm_medium=social&utm_campaign=au_cw_coop_facebook_social_nudebynatureptyltd_nudebynature_648_2026_100097-bau_video-image&utm_term=conversion&utm_content=video-image_lip-npd-v4,www.chemistwarehouse.com.au,/shop-online/2601/nude-by-nature,facebook,social,au_cw_coop_facebook_social_nudebynatureptyltd_nudebynature_648_2026_100097-bau_video-image,648,conversion,video-image_lip-npd-v4,Coop,Nudebynatureptyltd,Nudebynature,2026,video-image,Shop Nude by Nature!,Go bold with Nude by Nature! New lacquer lip serum available only at Chemist Warehouse. Shop today!,Shop Now,https://scontent-ams2-1.xx.fbcdn.net/v/t39.35426-6/647406059_1515345006886983_3321696833134129659_n.jpg?_nc_cat=104&ccb=1-7&_nc_sid=c53f8f&_nc_ohc=Ma2IBEtg5jwQ7kNvwF21QRr&_nc_oc=AdoYSdQoZCMJYk48vBIiHwlhQHux6vqzY2lVtvX7LGEpnV6VsSfc9FBJ1fsbE3oZP-g&_nc_zt=14&_nc_ht=scontent-ams2-1.xx&_nc_gid=plYz-I2i_Ry-o3rhdJSd-Q&_nc_ss=7f180&oh=00_AQDbj-zUUgSmDB7H9N9kg-5oawgPa3WzUG90d6xjl6bOiw&oe=6A63362D,,"['FACEBOOK', 'INSTAGRAM', 'AUDIENCE_NETWORK', 'MESSENGER', 'THREADS']",au,cw,facebook,social,2026-W29,2026-07,"FACEBOOK, INSTAGRAM, AUDIENCE_NETWORK, MESSENGER, THREADS",True,True,True,True,True,False,Brand/Category Page,True,False,False,2026-07-20,2026-05-29 07:00:00,2026-07-20 15:37:32.553203,52
1790816455236212,1389613899654991,True,2026-06-11 07:00:00,2026-07-17 07:00:00,Chemist Warehouse,Chemist Warehouse,Healthy Hair Starts Here,Refresh your routine with Sukin hair spritzes & nourishing masques at Chemist Warehouse.,Shop now,VIDEO,https://www.chemistwarehouse.com.au/shop-online/902/sukin?utm_source=facebook&utm_medium=social&utm_campaign=au_cw_coop_facebook_social_bwxbrandsptyltd_sukin_665_2026_100133-bau_video-image&utm_term=traffic&utm_content=video-image_all,www.chemistwarehouse.com.au,/shop-online/902/sukin,facebook,social,au_cw_coop_facebook_social_bwxbrandsptyltd_sukin_665_2026_100133-bau_video-image,665,traffic,video-image_all,Coop,Bwxbrandsptyltd,Sukin,2026,video-image,,,,,,"['FACEBOOK', 'INSTAGRAM', 'AUDIENCE_NETWORK', 'MESSENGER', 'WHATSAPP', 'THREADS']",au,cw,facebook,social,2026-W29,2026-07,"FACEBOOK, INSTAGRAM, AUDIENCE_NETWORK, MESSENGER, WHATSAPP, THREADS",True,True,True,True,True,True,Brand/Category Page,True,True,False,2026-07-20,2026-06-11 07:00:00,2026-07-20 15:37:32.553203,39
1691446415308040,829755366654509,True,2026-06-11 07:00:00,2026-07-16 07:00:00,Chemist Warehouse,Chemist Warehouse,{{product.name}},{{product.brand}},Shop now,DCO,https://www.chemistwarehouse.com.au/shop-online/902/sukin?utm_source=facebook&utm_medium=social&utm_campaign=au_cw_coop_facebook_social_bwxbrandsptyltd_sukin_665_2026_100133-bau_video-image&utm_term=traffic&utm_content=video-image_all,www.chemistwarehouse.com.au,/shop-online/902/sukin,facebook,social,au_cw_coop_facebook_social_bwxbrandsptyltd_sukin_665_2026_100133-bau_video-image,665,traffic,video-image_all,Coop,Bwxbrandsptyltd,Sukin,2026,video-image,Sukin's New Fruity Range,"Awaken your senses with the New Sukin Coconut Bliss, Paraben Free,  Suits all skin types",Shop Now,https://scontent-ams2-1.xx.fbcdn.net/v/t39.35426-6/721575506_982828477793464_9218058166543650403_n.jpg?_nc_cat=105&ccb=1-7&_nc_sid=c53f8f&_nc_ohc=1oMelxpQd5sQ7kNvwHxu5og&_nc_oc=AdrwmDVzJjZKY-JQTOuqpBY4ZX3Uo2hbitL0OkCZEQhu_C9WwBBvBkdtXG1DvRwtnNQ&_nc_zt=14&_nc_ht=scontent-ams2-1.xx&_nc_gid=t0tJVfZx7pQ1kad7XK8OFA&_nc_ss=7f180&oh=00_AQDrg6dV-1ZN-TYLlyjR5lw95wybTqkBAKCOyDxvCsLsHg&oe=6A632DA8,,"['FACEBOOK', 'INSTAGRAM', 'AUDIENCE_NETWORK', 'MESSENGER', 'WHATSAPP', 'THREADS']",au,cw,facebook,social,2026-W29,2026-07,"FACEBOOK, INSTAGRAM, AUDIENCE_NETWORK, MESSENGER, WHATSAPP, THREADS",True,True,True,True,True,True,Brand/Category Page,True,False,False,2026-07-20,2026-06-11 07:00:00,2026-07-20 15:37:32.553203,39
1032909909392248,1674917927130228,True,2026-06-11 07:00:00,2026-07-19 07:00:00,Chemist Warehouse,Chemist Warehouse,Healthy Hair Starts Here,Refresh your routine with Sukin hair spritzes & nourishing masques at Chemist Warehouse.,Shop now,VIDEO,https://www.chemistwarehouse.com.au/shop-online/902/sukin?utm_source=facebook&utm_medium=social&utm_campaign=au_cw_coop_facebook_social_bwxbrandsptyltd_sukin_665_2026_100133-bau_video-image&utm_term=traffic&utm_content=video-image_all,www.chemistwarehouse.com.au,/shop-online/902/sukin,facebook,social,au_cw_coop_facebook_social_bwxbrandsptyltd_sukin_665_2026_100133-bau_video-image,665,traffic,video-image_all,Coop,Bwxbrandsptyltd,Sukin,2026,video-image,,,,,,"['FACEBOOK', 'INSTAGRAM', 'AUDIENCE_NETWORK', 'MESSENGER', 'WHATSAPP', 'THREADS']",au,cw,facebook,social,2026-W29,2026-07,"FACEBOOK, INSTAGRAM, AUDIENCE_NETWORK, MESSENGER, WHATSAPP, THREADS",True,True,True,True,True,True,Brand/Category Page,True,True,False,2026-07-20,2026-06-11 07:00:00,2026-07-20 15:37:32.553203,39
1487617326496582,1577152770031815,True,2026-05-29 07:00:00,2026-07-19 07:00:00,Chemist Warehouse,Chemist Warehouse,{{product.name}},{{product.brand}},Shop now,DCO,https://www.chemistwarehouse.com.au/shop-online/2601/nude-by-nature?&utm_source=facebook&utm_medium=social&utm_campaign=au_cw_coop_facebook_social_nudebynatureptyltd_nudebynature_648_2026_100097-bau_video-image&utm_term=conversion&utm_content=video-image_lip-npd-v6,www.chemistwarehouse.com.au,/shop-online/2601/nude-by-nature,facebook,social,au_cw_coop_facebook_social_nudebynatureptyltd_nudebynature_648_2026_100097-bau_video-image,648,conversion,video-image_lip-npd-v6,Coop,Nudebynatureptyltd,Nudebynature,2026,video-image,Shop Nude by Nature!,Go bold with Nude by Nature! New lacquer lip serum available only at Chemist Warehouse. Shop today!,Shop Now,,https://video-ams2-1.xx.fbcdn.net/o1/v/t2/f2/m366/AQMCleTW6NEBfNDIJaRm_ggfjOfr4pfI_1EwgaRMXy7mJcHjXzRLtw1drp78MZYWUU0yg0-PDgY-5_FNSFwiqeliNy6moSxtnJ2Psy80_bKaCA.mp4?_nc_cat=106&_nc_sid=b66105&_nc_ht=video-ams2-1.xx.fbcdn.net&_nc_ohc=hIQqpFSnnuEQ7kNvwEfLUiS&efg=eyJ2ZW5jb2RlX3RhZyI6Inhwdl9wcm9ncmVzc2l2ZS5WSV9VU0VDQVNFX1BST0RVQ1RfVFlQRS4uQzMuNzIwLmRhc2hfaDI2NC1iYXNpYy1nZW4yXzcyMHAiLCJ4cHZfYXNzZXRfaWQiOjk0Mjk5OTQzMTk4MzIwMiwiYXNzZXRfYWdlX2RheXMiOjEzNywidmlfdXNlY2FzZV9pZCI6MTA3OTksImR1cmF0aW9uX3MiOjIxLCJ1cmxnZW5fc291cmNlIjoid3d3In0%3D&ccb=17-1&vs=39daf2480252709a&_nc_vs=HBksFQIYRWZiX2VwaGVtZXJhbC9FNDQxRUZGMTdDQjgxMkMwMTk0QjcxNjI5QzE4ODNBM19tdF8xX3ZpZGVvX2Rhc2hpbml0Lm1wNBUAAsgBEgAVAhhAZmJfcGVybWFuZW50LzkzNDQ0QzE1NjM4NUY4OUIzN0IzNzNDRkJCMzEwOUE1X2F1ZGlvX2Rhc2hpbml0Lm1wNBUCAsgBEgAoABgAGwKIB3VzZV9vaWwBMRJwcm9ncmVzc2l2ZV9yZWNpcGUBMRUAACbEwdWi5emsAxUCKAJDMywXQDVP3ztkWh0YGWRhc2hfaDI2NC1iYXNpYy1nZW4yXzcyMHARAHUAZd6oAQA&_nc_gid=plYz-I2i_Ry-o3rhdJSd-Q&_nc_ss=7f180&_nc_zt=28&oh=00_AQAlpW-_D54aQGKSyHyq716dvYANYc3aQ2YaViXWOsIjeA&oe=6A63237E,"['FACEBOOK', 'INSTAGRAM', 'AUDIENCE_NETWORK', 'MESSENGER', 'THREADS']",au,cw,facebook,social,2026-W29,2026-07,"FACEBOOK, INSTAGRAM, AUDIENCE_NETWORK, MESSENGER, THREADS",True,True,True,True,True,False,Brand/Category Page,True,False,False,2026-07-20,2026-05-29 07:00:00,2026-07-20 15:37:32.553203,52
1300892738846028,1406664034194450,True,2026-05-29 07:00:00,2026-07-19 07:00:00,Chemist Warehouse,Chemist Warehouse,Shop Nude By Nature,Nothing Cleaner Than Nude! Nude by Nature now at Chemist Warehouse. Shop today.,Shop now,VIDEO,https://www.chemistwarehouse.com.au/shop-online/2601/nude-by-nature?&utm_source=facebook&utm_medium=social&utm_campaign=au_cw_coop_facebook_social_nudebynatureptyltd_nudebynature_648_2026_100097-bau_video-image&utm_term=conversion&utm_content=video-image_npd,www.chemistwarehouse.com.au,/shop-online/2601/nude-by-nature,facebook,social,au_cw_coop_facebook_social_nudebynatureptyltd_nudebynature_648_2026_100097-bau_video-image,648,conversion,video-image_npd,Coop,Nudebynatureptyltd,Nudebynature,2026,video-image,,,,,,"['FACEBOOK', 'INSTAGRAM', 'AUDIENCE_NETWORK', 'MESSENGER', 'THREADS']",au,cw,facebook,social,2026-W29,2026-07,"FACEBOOK, INSTAGRAM, AUDIENCE_NETWORK, MESSENGER, THREADS",True,True,True,True,True,False,Brand/Category Page,True,True,False,2026-07-20,2026-05-29 07:00:00,2026-07-20 15:37:32.553203,52
1318397677103718,1343437420869190,True,2026-05-29 07:00:00,2026-07-19 07:00:00,Chemist Warehouse,Chemist Warehouse,{{product.name}},{{product.brand}},Shop now,DCO,https://www.chemistwarehouse.com.au/shop-online/2601/nude-by-nature?&utm_source=facebook&utm_medium=social&utm_campaign=au_cw_coop_facebook_social_nudebynatureptyltd_nudebynature_648_2026_100097-bau_video-image&utm_term=conversion&utm_content=video-image_npd,www.chemistwarehouse.com.au,/shop-online/2601/nude-by-nature,facebook,social,au_cw_coop_facebook_social_nudebynatureptyltd_nudebynature_648_2026_100097-bau_video-image,648,conversion,video-image_npd,Coop,Nudebynatureptyltd,Nudebynature,2026,video-image,Shop Nude By Nature,Nothing Cleaner Than Nude! Nude by Nature now at Chemist Warehouse. Shop today.,Shop Now,,https://video-ams2-1.xx.fbcdn.net/o1/v/t2/f2/m366/AQORifcjr6XHuBBhfJcUZVZIPbVyJVuyVuP7nDWTKl4Ec-g2bjsnykjAIaIXc_Gt_jqY77CWSxPE1l2eV_pHNxwSWBfdskYjcIpLrt_vWkzq9g.mp4?_nc_cat=109&_nc_sid=b66105&_nc_ht=video-ams2-1.xx.fbcdn.net&_nc_ohc=Cz8K1YqEZfUQ7kNvwH7fHs3&efg=eyJ2ZW5jb2RlX3RhZyI6Inhwdl9wcm9ncmVzc2l2ZS5WSV9VU0VDQVNFX1BST0RVQ1RfVFlQRS4uQzMuNzIwLmRhc2hfaDI2NC1iYXNpYy1nZW4yXzcyMHAiLCJ4cHZfYXNzZXRfaWQiOjEzODI4MDg3OTAyOTA2MDgsImFzc2V0X2FnZV9kYXlzIjoxODQsInZpX3VzZWNhc2VfaWQiOjEwNzk5LCJkdXJhdGlvbl9zIjoxNywidXJsZ2VuX3NvdXJjZSI6Ind3dyJ9&ccb=17-1&vs=859a2517f735b9ae&_nc_vs=HBksFQIYRWZiX2VwaGVtZXJhbC8yQzQ1RDM3OUY0MzFERDEyMTk4RTgzMjk1OTdGOEU5OF9tdF8xX3ZpZGVvX2Rhc2hpbml0Lm1wNBUAAsgBEgAVAhhAZmJfcGVybWFuZW50L0JGNDYwMDE2RDcxNTFCQjQxNENDQzM1MzVCNTMyQkJEX2F1ZGlvX2Rhc2hpbml0Lm1wNBUCAsgBEgAoABgAGwKIB3VzZV9vaWwBMRJwcm9ncmVzc2l2ZV9yZWNpcGUBMRUAACbgwuariOr0BBUCKAJDMywXQDEZmZmZmZoYGWRhc2hfaDI2NC1iYXNpYy1nZW4yXzcyMHARAHUAZd6oAQA&_nc_gid=plYz-I2i_Ry-o3rhdJSd-Q&_nc_ss=7f180&_nc_zt=28&oh=00_AQA0TxuLF49feHT7Kh9-G6FoqLgGRiV4e2p3muXJOYmbcw&oe=6A631B97,"['FACEBOOK', 'INSTAGRAM', 'AUDIENCE_NETWORK', 'MESSENGER', 'THREADS']",au,cw,facebook,social,2026-W29,2026-07,"FACEBOOK, INSTAGRAM, AUDIENCE_NETWORK, MESSENGER, THREADS",True,True,True,True,True,False,Brand/Category Page,True,False,False,2026-07-20,2026-05-29 07:00:00,2026-07-20 15:37:32.553203,52
822341230689265,1250676196982280,True,2026-05-29 07:00:00,2026-07-18 07:00:00,Chemist Warehouse,Chemist Warehouse,{{product.name}},{{product.brand}},Shop now,DCO,https://www.chemistwarehouse.com.au/shop-online/2601/nude-by-nature?&utm_source=facebook&utm_medium=social&utm_campaign=au_cw_coop_facebook_social_nudebynatureptyltd_nudebynature_648_2026_100097-bau_video-image&utm_term=conversion&utm_content=video-image_feb_p2_v1,www.chemistwarehouse.com.au,/shop-online/2601/nude-by-nature,facebook,social,au_cw_coop_facebook_social_nudebynatureptyltd_nudebynature_648_2026_100097-bau_video-image,648,conversion,video-image_feb_p2_v1,Coop,Nudebynatureptyltd,Nudebynature,2026,video-image,Nothing Cleaner than Nude,"Discover our most loved clean beauty products, crafted with naturally derived ingredients, where efficacy meets integrity.",Shop Now,https://scontent-ams2-1.xx.fbcdn.net/v/t39.35426-6/634005927_1315182670412206_2141518447955033294_n.jpg?_nc_cat=106&ccb=1-7&_nc_sid=c53f8f&_nc_ohc=EhgBQlkBn4oQ7kNvwEz7P_H&_nc_oc=AdqSS-mGW4r6qcVyTTAycJyGrKZOrEwSXSj8267IvciKui5Lp3-hmg9c01eMjc_SGDs&_nc_zt=14&_nc_ht=scontent-ams2-1.xx&_nc_gid=QKy03YBXlSlJXwBU3nB3eA&_nc_ss=7f180&oh=00_AQDO6YTgwnv80GLyNLmaafzd3UPSnS5-U0E011NQLGDfoA&oe=6A6334EC,,"['FACEBOOK', 'INSTAGRAM', 'AUDIENCE_NETWORK', 'MESSENGER', 'THREADS']",au,cw,facebook,social,2026-W29,2026-07,"FACEBOOK, INSTAGRAM, AUDIENCE_NETWORK, MESSENGER, THREADS",True,True,True,True,True,False,Brand/Category Page,True,False,False,2026-07-20,2026-05-29 07:00:00,2026-07-20 15:37:32.553203,52
1672651500676476,1734566137907613,True,2026-06-11 07:00:00,2026-07-16 07:00:00,Chemist Warehouse,Chemist Warehouse,{{product.name}},{{product.brand}},Shop now,DCO,https://www.chemistwarehouse.com.au/shop-online/902/sukin?utm_source=facebook&utm_medium=social&utm_campaign=au_cw_coop_facebook_social_bwxbrandsptyltd_sukin_665_2026_100133-bau_video-image&utm_term=traffic&utm_content=video-image_all,www.chemistwarehouse.com.au,/shop-online/902/sukin,facebook,social,au_cw_coop_facebook_social_bwxbrandsptyltd_sukin_665_2026_100133-bau_video-image,665,traffic,video-image_all,Coop,Bwxbrandsptyltd,Sukin,2026,video-image,All-in-one Hair Spritz,"Afraid of Heat Damage? Not anymore, with one Spritz that reduces damage & hydrates scalp.",Shop Now,https://scontent-ams2-1.xx.fbcdn.net/v/t39.35426-6/721430359_2336668206743492_1691212261620231036_n.jpg?_nc_cat=110&ccb=1-7&_nc_sid=c53f8f&_nc_ohc=c3b1Q_dttekQ7kNvwEZ8l2a&_nc_oc=AdoUfzGV7EdiMdj7aihSyX9laQ2JR_i4xIqEE3F_JR7Ls2JzhQiu-Gd3bG8HyIzclQ8&_nc_zt=14&_nc_ht=scontent-ams2-1.xx&_nc_gid=t0tJVfZx7pQ1kad7XK8OFA&_nc_ss=7f180&oh=00_AQCmoZ4GQTNRziOO8JMsTTwuexm_tuZTsIQHRkvarQK6GQ&oe=6A63158B,,"['FACEBOOK', 'INSTAGRAM', 'AUDIENCE_NETWORK', 'MESSENGER', 'WHATSAPP', 'THREADS']",au,cw,facebook,social,2026-W29,2026-07,"FACEBOOK, INSTAGRAM, AUDIENCE_NETWORK, MESSENGER, WHATSAPP, THREADS",True,True,True,True,True,True,Brand/Category Page,True,False,False,2026-07-20,2026-06-11 07:00:00,2026-07-20 15:37:32.553203,39
753946101113719,1775263893268847,True,2026-06-11 07:00:00,2026-07-19 07:00:00,Chemist Warehouse,Chemist Warehouse,{{product.name}},{{product.brand}},Shop now,DCO,https://www.chemistwarehouse.com.au/shop-online/902/sukin?utm_source=facebook&utm_medium=social&utm_campaign=au_cw_coop_facebook_social_bwxbrandsptyltd_sukin_665_2026_100133-bau_video-image&utm_term=traffic&utm_content=video-image_all,www.chemistwarehouse.com.au,/shop-online/902/sukin,facebook,social,au_cw_coop_facebook_social_bwxbrandsptyltd_sukin_665_2026_100133-bau_video-image,665,traffic,video-image_all,Coop,Bwxbrandsptyltd,Sukin,2026,video-image,All-in-one Hair Spritz,"Afraid of Heat Damage? Not anymore, with one Spritz that reduces damage & hydrates scalp.",Shop Now,https://scontent-ams2-1.xx.fbcdn.net/v/t39.35426-6/724123558_1484130646225744_3828370308688939805_n.jpg?_nc_cat=107&ccb=1-7&_nc_sid=c53f8f&_nc_ohc=Vr5PdfKUdtkQ7kNvwGYxeZT&_nc_oc=AdpBRAVzvOx-9b2W-jEVDKdNxd_kyzqSLpgEbyv79_N_IjYRH8ug84vNFkESZt4m3MI&_nc_zt=14&_nc_ht=scontent-ams2-1.xx&_nc_gid=t0tJVfZx7pQ1kad7XK8OFA&_nc_ss=7f180&oh=00_AQAfzkRfqsV4DsxrWDmwchCU_kAv-l4Z3FNXbIzXLUXEfw&oe=6A633504,,"['FACEBOOK', 'INSTAGRAM', 'AUDIENCE_NETWORK', 'MESSENGER', 'WHATSAPP', 'THREADS']",au,cw,facebook,social,2026-W29,2026-07,"FACEBOOK, INSTAGRAM, AUDIENCE_NETWORK, MESSENGER, WHATSAPP, THREADS",True,True,True,True,True,True,Brand/Category Page,True,False,False,2026-07-20,2026-06-11 07:00:00,2026-07-20 15:37:32.553203,39
855773077569995,1235624918660206,True,2026-05-29 07:00:00,2026-07-18 07:00:00,Chemist Warehouse,Chemist Warehouse,{{product.name}},{{product.brand}},Shop now,DCO,https://www.chemistwarehouse.com.au/shop-online/2601/nude-by-nature?&utm_source=facebook&utm_medium=social&utm_campaign=au_cw_coop_facebook_social_nudebynatureptyltd_nudebynature_648_2026_100097-bau_video-image&utm_term=conversion&utm_content=video-image_lip-npd-v2,www.chemistwarehouse.com.au,/shop-online/2601/nude-by-nature,facebook,social,au_cw_coop_facebook_social_nudebynatureptyltd_nudebynature_648_2026_100097-bau_video-image,648,conversion,video-image_lip-npd-v2,Coop,Nudebynatureptyltd,Nudebynature,2026,video-image,Shop Nude by Nature!,Go bold with Nude by Nature! New lacquer lip serum available only at Chemist Warehouse. Shop today!,Shop Now,https://scontent-ams2-1.xx.fbcdn.net/v/t39.35426-6/647303893_2392558034579523_5800443721639547067_n.jpg?_nc_cat=108&ccb=1-7&_nc_sid=c53f8f&_nc_ohc=r7UKRryp4KIQ7kNvwH4XrX7&_nc_oc=AdpfX6J9brsEf-T1UM5cm8MxKmMKmjW1NLLa_Ah3B9HAJaCI8nPjLFX4VcF_fUvC9c0&_nc_zt=14&_nc_ht=scontent-ams2-1.xx&_nc_gid=plYz-I2i_Ry-o3rhdJSd-Q&_nc_ss=7f180&oh=00_AQCcRVgBQwd7iZVJ1QE9Hh4pYzk1ztJPnZfiD9phYdSTSQ&oe=6A63373E,,"['FACEBOOK', 'INSTAGRAM', 'AUDIENCE_NETWORK', 'MESSENGER', 'THREADS']",au,cw,facebook,social,2026-W29,2026-07,"FACEBOOK, INSTAGRAM, AUDIENCE_NETWORK, MESSENGER, THREADS",True,True,True,True,True,False,Brand/Category Page,True,False,False,2026-07-20,2026-05-29 07:00:00,2026-07-20 15:37:32.553203,52
2477722436066620,875999792152859,True,2026-05-29 07:00:00,2026-07-19 07:00:00,Chemist Warehouse,Chemist Warehouse,{{product.name}},{{product.brand}},Shop now,DCO,https://www.chemistwarehouse.com.au/shop-online/2601/nude-by-nature?&utm_source=facebook&utm_medium=social&utm_campaign=au_cw_coop_facebook_social_nudebynatureptyltd_nudebynature_648_2026_100097-bau_video-image&utm_term=conversion&utm_content=video-image_lip-npd-v3,www.chemistwarehouse.com.au,/shop-online/2601/nude-by-nature,facebook,social,au_cw_coop_facebook_social_nudebynatureptyltd_nudebynature_648_2026_100097-bau_video-image,648,conversion,video-image_lip-npd-v3,Coop,Nudebynatureptyltd,Nudebynature,2026,video-image,Shop Nude by Nature!,Go bold with Nude by Nature! New lacquer lip serum available only at Chemist Warehouse. Shop today!,Shop Now,https://scontent-ams2-1.xx.fbcdn.net/v/t39.35426-6/648115512_1477583367418499_8292334421769200783_n.jpg?_nc_cat=108&ccb=1-7&_nc_sid=c53f8f&_nc_ohc=uFvVBGzzoq0Q7kNvwEZmh9Q&_nc_oc=Adr9Mnuv6XuEq4d_qWEtYqDGY_hMk4rNWT8AVRsKldfMPQdpnm_YttIAJTnn_x4jJEM&_nc_zt=14&_nc_ht=scontent-ams2-1.xx&_nc_gid=plYz-I2i_Ry-o3rhdJSd-Q&_nc_ss=7f180&oh=00_AQBFm8UPFgntBFPt1kkKk7YFm6jTwTVdbn5izur7iZKfsA&oe=6A630D87,,"['FACEBOOK', 'INSTAGRAM', 'AUDIENCE_NETWORK', 'MESSENGER', 'THREADS']",au,cw,facebook,social,2026-W29,2026-07,"FACEBOOK, INSTAGRAM, AUDIENCE_NETWORK, MESSENGER, THREADS",True,True,True,True,True,False,Brand/Category Page,True,False,False,2026-07-20,2026-05-29 07:00:00,2026-07-20 15:37:32.553203,52
1239861058224008,1595500128467660,True,2026-05-29 07:00:00,2026-07-18 07:00:00,Chemist Warehouse,Chemist Warehouse,{{product.name}},{{product.brand}},Shop now,DCO,https://www.chemistwarehouse.com.au/shop-online/2601/nude-by-nature?&utm_source=facebook&utm_medium=social&utm_campaign=au_cw_coop_facebook_social_nudebynatureptyltd_nudebynature_648_2026_100097-bau_video-image&utm_term=conversion&utm_content=video-image_feb_p2_v1,www.chemistwarehouse.com.au,/shop-online/2601/nude-by-nature,facebook,social,au_cw_coop_facebook_social_nudebynatureptyltd_nudebynature_648_2026_100097-bau_video-image,648,conversion,video-image_feb_p2_v1,Coop,Nudebynatureptyltd,Nudebynature,2026,video-image,Nothing Cleaner than Nude,"Discover our most loved clean beauty products, crafted with naturally derived ingredients, where efficacy meets integrity.",Shop Now,https://scontent-ams2-1.xx.fbcdn.net/v/t39.35426-6/631352470_2857985571073074_83271817523643978_n.jpg?_nc_cat=107&ccb=1-7&_nc_sid=c53f8f&_nc_ohc=eeD56S5QUwIQ7kNvwEBJ6vG&_nc_oc=AdpYZX3FvdJDTEdF-bdARwVhL5fCRfuClbUAdTFhhaY_-i-q_tgdjM6d_BMDQNlgnd4&_nc_zt=14&_nc_ht=scontent-ams2-1.xx&_nc_gid=plYz-I2i_Ry-o3rhdJSd-Q&_nc_ss=7f180&oh=00_AQB5tpW8ZUYQ6ifSWyerSs36a1cAZXen7ot_DJVLb2Hk4g&oe=6A6309F1,,"['FACEBOOK', 'INSTAGRAM', 'AUDIENCE_NETWORK', 'MESSENGER', 'THREADS']",au,cw,facebook,social,2026-W29,2026-07,"FACEBOOK, INSTAGRAM, AUDIENCE_NETWORK, MESSENGER, THREADS",True,True,True,True,True,False,Brand/Category Page,True,False,False,2026-07-20,2026-05-29 07:00:00,2026-07-20 15:37:32.553203,52
1643061040509793,1597842961477032,True,2026-05-29 07:00:00,2026-07-19 07:00:00,Chemist Warehouse,Chemist Warehouse,Shop Nude by Nature today!,#ad Go bold with the NEW Lacquer Lip Serums.,Shop now,VIDEO,https://www.chemistwarehouse.com.au/shop-online/2601/nude-by-nature?&utm_source=facebook&utm_medium=social&utm_campaign=au_cw_coop_facebook_social_nudebynatureptyltd_nudebynature_648_2026_100097-bau_video-image&utm_term=conversion&utm_content=video-image_dominique-ugc,www.chemistwarehouse.com.au,/shop-online/2601/nude-by-nature,facebook,social,au_cw_coop_facebook_social_nudebynatureptyltd_nudebynature_648_2026_100097-bau_video-image,648,conversion,video-image_dominique-ugc,Coop,Nudebynatureptyltd,Nudebynature,2026,video-image,,,,,,"['FACEBOOK', 'INSTAGRAM', 'AUDIENCE_NETWORK', 'MESSENGER', 'THREADS']",au,cw,facebook,social,2026-W29,2026-07,"FACEBOOK, INSTAGRAM, AUDIENCE_NETWORK, MESSENGER, THREADS",True,True,True,True,True,False,Brand/Category Page,True,False,False,2026-07-20,2026-05-29 07:00:00,2026-07-20 15:37:32.553203,52
1515371666655388,2284360432309530,True,2026-05-28 07:00:00,2026-07-19 07:00:00,Chemist Warehouse,Chemist Warehouse,The milky glaze that locks it all in.,"Milky Toner is here!  A rich toner essence with Ceramides and Hyaluronic Acid to hydrate, smooth and prep skin for makeup.",Shop now,VIDEO,https://www.chemistwarehouse.com.au/shop-online/5644/mcobeauty-cosmetics?utm_source=facebook&utm_medium=social&utm_campaign=au_cw_coop_facebook_social_mcobeautyptyltd_mcobeauty_648_2026_100097-bau_video-image&utm_term=traffic&utm_content=video-image_generic,www.chemistwarehouse.com.au,/shop-online/5644/mcobeauty-cosmetics,facebook,social,au_cw_coop_facebook_social_mcobeautyptyltd_mcobeauty_648_2026_100097-bau_video-image,648,traffic,video-image_generic,Coop,Mcobeautyptyltd,Mcobeauty,2026,video-image,,,,,,"['FACEBOOK', 'INSTAGRAM', 'AUDIENCE_NETWORK', 'MESSENGER', 'WHATSAPP', 'THREADS']",au,cw,facebook,social,2026-W29,2026-07,"FACEBOOK, INSTAGRAM, AUDIENCE_NETWORK, MESSENGER, WHATSAPP, THREADS",True,True,True,True,True,True,Brand/Category Page,True,False,False,2026-07-20,2026-05-28 07:00:00,2026-07-20 15:37:32.553203,53
813799854943705,1977870582870596,True,2026-05-28 07:00:00,2026-07-19 07:00:00,Chemist Warehouse,Chemist Warehouse,The milky glaze that locks it all in.,Ready for a routine refresh? ✨ Shop now at Chemist Warehouse,Shop now,VIDEO,https://www.chemistwarehouse.com.au/shop-online/5644/mcobeauty-cosmetics?utm_source=facebook&utm_medium=social&utm_campaign=au_cw_coop_facebook_social_mcobeautyptyltd_mcobeauty_648_2026_100097-bau_video-image&utm_term=traffic&utm_content=video-image_generic,www.chemistwarehouse.com.au,/shop-online/5644/mcobeauty-cosmetics,facebook,social,au_cw_coop_facebook_social_mcobeautyptyltd_mcobeauty_648_2026_100097-bau_video-image,648,traffic,video-image_generic,Coop,Mcobeautyptyltd,Mcobeauty,2026,video-image,,,,,,"['FACEBOOK', 'INSTAGRAM', 'AUDIENCE_NETWORK', 'MESSENGER', 'WHATSAPP', 'THREADS']",au,cw,facebook,social,2026-W29,2026-07,"FACEBOOK, INSTAGRAM, AUDIENCE_NETWORK, MESSENGER, WHATSAPP, THREADS",True,True,True,True,True,True,Brand/Category Page,True,True,False,2026-07-20,2026-05-28 07:00:00,2026-07-20 15:37:32.553203,53
2432980090462185,1712313663519493,True,2026-05-28 07:00:00,2026-07-19 07:00:00,Chemist Warehouse,Chemist Warehouse,Unlock glass skin,"A hydrating, ultra-fine setting spray that locks in makeup, smooths powder
and delivers a glossy, glass like finish.",Shop now,VIDEO,https://www.chemistwarehouse.com.au/shop-online/5644/mcobeauty-cosmetics?utm_source=facebook&utm_medium=social&utm_campaign=au_cw_coop_facebook_social_mcobeautyptyltd_mcobeauty_648_2026_100097-bau_video-image&utm_term=traffic&utm_content=video-image_generic,www.chemistwarehouse.com.au,/shop-online/5644/mcobeauty-cosmetics,facebook,social,au_cw_coop_facebook_social_mcobeautyptyltd_mcobeauty_648_2026_100097-bau_video-image,648,traffic,video-image_generic,Coop,Mcobeautyptyltd,Mcobeauty,2026,video-image,,,,,,"['FACEBOOK', 'INSTAGRAM', 'AUDIENCE_NETWORK', 'MESSENGER', 'WHATSAPP', 'THREADS']",au,cw,facebook,social,2026-W29,2026-07,"FACEBOOK, INSTAGRAM, AUDIENCE_NETWORK, MESSENGER, WHATSAPP, THREADS",True,True,True,True,True,True,Brand/Category Page,True,False,False,2026-07-20,2026-05-28 07:00:00,2026-07-20 15:37:32.553203,53
1022679633514989,1375789770981081,True,2026-05-28 07:00:00,2026-07-19 07:00:00,Chemist Warehouse,Chemist Warehouse,"Luminous cream blush with a dewy, moisturising finish","Creates a soft, warm glow for your cheeks and lips. Made with Castor Oil, Jojoba Seed Oil, Shea Butter, and Hyaluronic Acid",Shop now,VIDEO,https://www.chemistwarehouse.com.au/shop-online/5644/mcobeauty-cosmetics?utm_source=facebook&utm_medium=social&utm_campaign=au_cw_coop_facebook_social_mcobeautyptyltd_mcobeauty_648_2026_100097-bau_video-image&utm_term=traffic&utm_content=video-image_generic,www.chemistwarehouse.com.au,/shop-online/5644/mcobeauty-cosmetics,facebook,social,au_cw_coop_facebook_social_mcobeautyptyltd_mcobeauty_648_2026_100097-bau_video-image,648,traffic,video-image_generic,Coop,Mcobeautyptyltd,Mcobeauty,2026,video-image,,,,,,"['FACEBOOK', 'INSTAGRAM', 'AUDIENCE_NETWORK', 'MESSENGER', 'WHATSAPP', 'THREADS']",au,cw,facebook,social,2026-W29,2026-07,"FACEBOOK, INSTAGRAM, AUDIENCE_NETWORK, MESSENGER, WHATSAPP, THREADS",True,True,True,True,True,True,Brand/Category Page,True,False,False,2026-07-20,2026-05-28 07:00:00,2026-07-20 15:37:32.553203,53
1673966530510184,26974417422198457,True,2026-05-29 07:00:00,2026-07-19 07:00:00,Chemist Warehouse,Chemist Warehouse,The milky glaze that locks it all in,"Milky Toner is here! A rich toner essence with Ceramides and Hyaluronic Acid to hydrate, smooth and prep skin for makeup. Shop now at Chemist Warehouse",Shop now,VIDEO,https://www.chemistwarehouse.com.au/shop-online/5644/mcobeauty-cosmetics?utm_source=facebook&utm_medium=social&utm_campaign=au_cw_coop_facebook_social_mcobeautyptyltd_mcobeauty_648_2026_100097-bau_video-image&utm_term=traffic&utm_content=video-image_generic,www.chemistwarehouse.com.au,/shop-online/5644/mcobeauty-cosmetics,facebook,social,au_cw_coop_facebook_social_mcobeautyptyltd_mcobeauty_648_2026_100097-bau_video-image,648,traffic,video-image_generic,Coop,Mcobeautyptyltd,Mcobeauty,2026,video-image,,,,,,"['FACEBOOK', 'INSTAGRAM', 'AUDIENCE_NETWORK', 'MESSENGER', 'WHATSAPP', 'THREADS']",au,cw,facebook,social,2026-W29,2026-07,"FACEBOOK, INSTAGRAM, AUDIENCE_NETWORK, MESSENGER, WHATSAPP, THREADS",True,True,True,True,True,True,Brand/Category Page,True,True,False,2026-07-20,2026-05-29 07:00:00,2026-07-20 15:37:32.553203,52
1657541088823134,1343908467619768,True,2026-05-28 07:00:00,2026-07-18 07:00:00,Chemist Warehouse,Chemist Warehouse,{{product.name}},{{product.brand}},Shop now,DCO,https://www.chemistwarehouse.com.au/shop-online/705652/old-spice?utm_source=facebook&utm_medium=social&utm_campaign=au_cw_oa_facebook_social_proctergambleaustralia_oldspice_259_2026_100486-oa_video-image&utm_term=conversion&utm_content=video-image_all,www.chemistwarehouse.com.au,/shop-online/705652/old-spice,facebook,social,au_cw_oa_facebook_social_proctergambleaustralia_oldspice_259_2026_100486-oa_video-image,259,conversion,video-image_all,O&O,Proctergambleaustralia,Oldspice,2026,video-image,Shop at Chemist Warehouse,"Shop Old Spice long-lasting sweat and odor protection. Feel 2x fresher with a perfume-quality fragrance! 

Available Now at Chemist Warehouse.",Shop Now,https://scontent-ams2-1.xx.fbcdn.net/v/t39.35426-6/707723805_2484520052053660_2530550214692074768_n.jpg?_nc_cat=103&ccb=1-7&_nc_sid=c53f8f&_nc_ohc=Znn57oSJPI4Q7kNvwGsLK1J&_nc_oc=Ado5R58nmLWh-3fuS6hvoDb2gqEGJXcOIfMv9vT1gVE6wDE6BtTAy0-6_f1KRUOWrBU&_nc_zt=14&_nc_ht=scontent-ams2-1.xx&_nc_gid=QKy03YBXlSlJXwBU3nB3eA&_nc_ss=7f180&oh=00_AQBNZ787_a4Or9eO9sV4uwlhrijsIk8m1e-X-Rnq81XJnQ&oe=6A633021,,"['FACEBOOK', 'INSTAGRAM', 'AUDIENCE_NETWORK', 'MESSENGER', 'THREADS']",au,cw,facebook,social,2026-W29,2026-07,"FACEBOOK, INSTAGRAM, AUDIENCE_NETWORK, MESSENGER, THREADS",True,True,True,True,True,False,Brand/Category Page,True,False,False,2026-07-20,2026-05-28 07:00:00,2026-07-20 15:37:32.553203,53
994249503253362,,True,2026-05-27 07:00:00,2026-07-19 07:00:00,Chemist Warehouse,Chemist Warehouse,The Scent that Never Dies,Long-lasting sweat and odor protection. Feel 2x fresher with a perfume-quality fragrance!,Shop now,VIDEO,https://www.chemistwarehouse.com.au/shop-online/705652/old-spice?utm_source=facebook&utm_medium=social&utm_campaign=au_cw_oa_facebook_social_proctergambleaustralia_oldspice_259_2026_100486-oa_video-image&utm_term=traffic&utm_content=video-image_all,www.chemistwarehouse.com.au,/shop-online/705652/old-spice,facebook,social,au_cw_oa_facebook_social_proctergambleaustralia_oldspice_259_2026_100486-oa_video-image,259,traffic,video-image_all,O&O,Proctergambleaustralia,Oldspice,2026,video-image,,,,,,"['FACEBOOK', 'INSTAGRAM', 'AUDIENCE_NETWORK', 'MESSENGER', 'WHATSAPP', 'THREADS']",au,cw,facebook,social,2026-W29,2026-07,"FACEBOOK, INSTAGRAM, AUDIENCE_NETWORK, MESSENGER, WHATSAPP, THREADS",True,True,True,True,True,True,Brand/Category Page,True,False,False,2026-07-20,2026-05-27 07:00:00,2026-07-20 15:37:32.553203,54
1046201521698473,,True,2026-05-27 07:00:00,2026-07-19 07:00:00,Chemist Warehouse,Chemist Warehouse,The Scent that Never Dies,Long-lasting sweat and odor protection. Feel 2x fresher with a perfume-quality fragrance!,Shop now,VIDEO,https://www.chemistwarehouse.com.au/shop-online/705652/old-spice?utm_source=facebook&utm_medium=social&utm_campaign=au_cw_oa_facebook_social_proctergambleaustralia_oldspice_259_2026_100486-oa_video-image&utm_term=traffic&utm_content=video-image_all,www.chemistwarehouse.com.au,/shop-online/705652/old-spice,facebook,social,au_cw_oa_facebook_social_proctergambleaustralia_oldspice_259_2026_100486-oa_video-image,259,traffic,video-image_all,O&O,Proctergambleaustralia,Oldspice,2026,video-image,,,,,,"['FACEBOOK', 'INSTAGRAM', 'AUDIENCE_NETWORK', 'MESSENGER', 'WHATSAPP', 'THREADS']",au,cw,facebook,social,2026-W29,2026-07,"FACEBOOK, INSTAGRAM, AUDIENCE_NETWORK, MESSENGER, WHATSAPP, THREADS",True,True,True,True,True,True,Brand/Category Page,True,False,False,2026-07-20,2026-05-27 07:00:00,2026-07-20 15:37:32.553203,54
1302299238143861,,True,2026-05-27 07:00:00,2026-07-19 07:00:00,Chemist Warehouse,Chemist Warehouse,The Scent that Never Dies,Long-lasting sweat and odor protection. Feel 2x fresher with a perfume-quality fragrance!,Shop now,VIDEO,https://www.chemistwarehouse.com.au/shop-online/705652/old-spice?utm_source=facebook&utm_medium=social&utm_campaign=au_cw_oa_facebook_social_proctergambleaustralia_oldspice_259_2026_100486-oa_video-image&utm_term=traffic&utm_content=video-image_all,www.chemistwarehouse.com.au,/shop-online/705652/old-spice,facebook,social,au_cw_oa_facebook_social_proctergambleaustralia_oldspice_259_2026_100486-oa_video-image,259,traffic,video-image_all,O&O,Proctergambleaustralia,Oldspice,2026,video-image,,,,,,"['FACEBOOK', 'INSTAGRAM', 'AUDIENCE_NETWORK', 'MESSENGER', 'WHATSAPP', 'THREADS']",au,cw,facebook,social,2026-W29,2026-07,"FACEBOOK, INSTAGRAM, AUDIENCE_NETWORK, MESSENGER, WHATSAPP, THREADS",True,True,True,True,True,True,Brand/Category Page,True,False,False,2026-07-20,2026-05-27 07:00:00,2026-07-20 15:37:32.553203,54
1210268141114268,,True,2026-05-27 07:00:00,2026-07-19 07:00:00,Chemist Warehouse,Chemist Warehouse,The Scent that Never Dies,Long-lasting sweat and odor protection. Feel 2x fresher with a perfume-quality fragrance!,Shop now,VIDEO,https://www.chemistwarehouse.com.au/shop-online/705652/old-spice?utm_source=facebook&utm_medium=social&utm_campaign=au_cw_oa_facebook_social_proctergambleaustralia_oldspice_259_2026_100486-oa_video-image&utm_term=traffic&utm_content=video-image_all,www.chemistwarehouse.com.au,/shop-online/705652/old-spice,facebook,social,au_cw_oa_facebook_social_proctergambleaustralia_oldspice_259_2026_100486-oa_video-image,259,traffic,video-image_all,O&O,Proctergambleaustralia,Oldspice,2026,video-image,,,,,,"['FACEBOOK', 'INSTAGRAM', 'AUDIENCE_NETWORK', 'MESSENGER', 'WHATSAPP', 'THREADS']",au,cw,facebook,social,2026-W29,2026-07,"FACEBOOK, INSTAGRAM, AUDIENCE_NETWORK, MESSENGER, WHATSAPP, THREADS",True,True,True,True,True,True,Brand/Category Page,True,False,False,2026-07-20,2026-05-27 07:00:00,2026-07-20 15:37:32.553203,54
2194787624638117,,True,2026-05-27 07:00:00,2026-07-19 07:00:00,Chemist Warehouse,Chemist Warehouse,The Scent that Never Dies,"Old Spice Captain keeps you smelling like you’ve still got it, shop now at Chemist Warehouse.",Shop now,VIDEO,https://www.chemistwarehouse.com.au/shop-online/705652/old-spice?utm_source=facebook&utm_medium=social&utm_campaign=au_cw_oa_facebook_social_proctergambleaustralia_oldspice_259_2026_100486-oa_video-image&utm_term=traffic&utm_content=video-image_all,www.chemistwarehouse.com.au,/shop-online/705652/old-spice,facebook,social,au_cw_oa_facebook_social_proctergambleaustralia_oldspice_259_2026_100486-oa_video-image,259,traffic,video-image_all,O&O,Proctergambleaustralia,Oldspice,2026,video-image,,,,,,"['FACEBOOK', 'INSTAGRAM', 'AUDIENCE_NETWORK', 'MESSENGER', 'WHATSAPP', 'THREADS']",au,cw,facebook,social,2026-W29,2026-07,"FACEBOOK, INSTAGRAM, AUDIENCE_NETWORK, MESSENGER, WHATSAPP, THREADS",True,True,True,True,True,True,Brand/Category Page,True,True,False,2026-07-20,2026-05-27 07:00:00,2026-07-20 15:37:32.553203,54
1189471696621063,1911101179566146,True,2026-06-11 07:00:00,2026-07-19 07:00:00,Chemist Warehouse,Chemist Warehouse,{{product.name}},{{product.brand}},Shop now,DCO,https://www.chemistwarehouse.com.au/shop-online/4617/essano-skincare?utm_source=facebook&utm_medium=social&utm_campaign=au_cw_coop_facebook_social_vitalitybrandsworldwide_essano_665_2026_100243-bau_video-image&utm_term=traffic&utm_content=video-image_all,www.chemistwarehouse.com.au,/shop-online/4617/essano-skincare,facebook,social,au_cw_coop_facebook_social_vitalitybrandsworldwide_essano_665_2026_100243-bau_video-image,665,traffic,video-image_all,Coop,Vitalitybrandsworldwide,Essano,2026,video-image,One drop closer to quenched skin,"Plump, hydrated skin starts with essano Hydration+ powered by four weights of hyaluronic acid. No fluff, just results.",Shop Now,https://scontent-ams2-1.xx.fbcdn.net/v/t39.35426-6/719969380_1642144346843295_6340368107692613312_n.jpg?_nc_cat=106&ccb=1-7&_nc_sid=c53f8f&_nc_ohc=m2jfDtf-txwQ7kNvwG0sdeD&_nc_oc=Adrx4Opi4cmm1qABGyXiKWyVw0o9p965y5EA1lP7qGPiauEhwI5VMGy7MgKeH8P-Dgw&_nc_zt=14&_nc_ht=scontent-ams2-1.xx&_nc_gid=plYz-I2i_Ry-o3rhdJSd-Q&_nc_ss=7f180&oh=00_AQC0GUU_nDrZvv_8glKNmBp2BJEWt3YqHm1SJ_AgJN0Cmw&oe=6A631471,,"['FACEBOOK', 'INSTAGRAM', 'AUDIENCE_NETWORK', 'MESSENGER', 'THREADS']",au,cw,facebook,social,2026-W29,2026-07,"FACEBOOK, INSTAGRAM, AUDIENCE_NETWORK, MESSENGER, THREADS",True,True,True,True,True,False,Brand/Category Page,True,False,False,2026-07-20,2026-06-11 07:00:00,2026-07-20 15:37:32.553203,39
1357261146502349,,True,2026-05-27 07:00:00,2026-07-19 07:00:00,Chemist Warehouse,Chemist Warehouse,The Scent that Never Dies,Long-lasting sweat and odor protection. Feel 2x fresher with a perfume-quality fragrance!,Shop now,VIDEO,https://www.chemistwarehouse.com.au/shop-online/705652/old-spice?utm_source=facebook&utm_medium=social&utm_campaign=au_cw_oa_facebook_social_proctergambleaustralia_oldspice_259_2026_100486-oa_video-image&utm_term=traffic&utm_content=video-image_all,www.chemistwarehouse.com.au,/shop-online/705652/old-spice,facebook,social,au_cw_oa_facebook_social_proctergambleaustralia_oldspice_259_2026_100486-oa_video-image,259,traffic,video-image_all,O&O,Proctergambleaustralia,Oldspice,2026,video-image,,,,,,"['FACEBOOK', 'INSTAGRAM', 'AUDIENCE_NETWORK', 'MESSENGER', 'WHATSAPP', 'THREADS']",au,cw,facebook,social,2026-W29,2026-07,"FACEBOOK, INSTAGRAM, AUDIENCE_NETWORK, MESSENGER, WHATSAPP, THREADS",True,True,True,True,True,True,Brand/Category Page,True,False,False,2026-07-20,2026-05-27 07:00:00,2026-07-20 15:37:32.553203,54
1707277710722482,,True,2026-05-27 07:00:00,2026-07-19 07:00:00,Chemist Warehouse,Chemist Warehouse,The Scent that Never Dies,Old Spice long-lasting sweat and odor protection. Available Now at Chemist Warehouse.,Shop now,VIDEO,https://www.chemistwarehouse.com.au/shop-online/705652/old-spice?utm_source=facebook&utm_medium=social&utm_campaign=au_cw_oa_facebook_social_proctergambleaustralia_oldspice_259_2026_100486-oa_video-image&utm_term=conversion&utm_content=video-image_all,www.chemistwarehouse.com.au,/shop-online/705652/old-spice,facebook,social,au_cw_oa_facebook_social_proctergambleaustralia_oldspice_259_2026_100486-oa_video-image,259,conversion,video-image_all,O&O,Proctergambleaustralia,Oldspice,2026,video-image,,,,,,"['FACEBOOK', 'INSTAGRAM', 'AUDIENCE_NETWORK', 'MESSENGER', 'THREADS']",au,cw,facebook,social,2026-W29,2026-07,"FACEBOOK, INSTAGRAM, AUDIENCE_NETWORK, MESSENGER, THREADS",True,True,True,True,True,False,Brand/Category Page,True,True,False,2026-07-20,2026-05-27 07:00:00,2026-07-20 15:37:32.553203,54
1001907522300456,,True,2026-05-27 07:00:00,2026-07-19 07:00:00,Chemist Warehouse,Chemist Warehouse,{{product.name}},{{product.brand}},Shop now,DCO,https://www.chemistwarehouse.com.au/shop-online/705652/old-spice?utm_source=facebook&utm_medium=social&utm_campaign=au_cw_oa_facebook_social_proctergambleaustralia_oldspice_259_2026_100486-oa_video-image&utm_term=conversion&utm_content=video-image_all,www.chemistwarehouse.com.au,/shop-online/705652/old-spice,facebook,social,au_cw_oa_facebook_social_proctergambleaustralia_oldspice_259_2026_100486-oa_video-image,259,conversion,video-image_all,O&O,Proctergambleaustralia,Oldspice,2026,video-image,Shop at Chemist Warehouse,Long-lasting sweat and odor protection. Available Now at Chemist Warehouse.,Shop Now,https://scontent-ams2-1.xx.fbcdn.net/v/t39.35426-6/709036003_2045633243050555_7881139511795544658_n.jpg?_nc_cat=104&ccb=1-7&_nc_sid=c53f8f&_nc_ohc=AZMlkE5AoowQ7kNvwGa7_bu&_nc_oc=AdqsAGY9VYoV2eOH19qbJdHsdTK95zzk7vqA3Wt5CUFk_qHL71JxTXHw7F9ASnqh7mM&_nc_zt=14&_nc_ht=scontent-ams2-1.xx&_nc_gid=QKy03YBXlSlJXwBU3nB3eA&_nc_ss=7f180&oh=00_AQAQWkTz2NNTbaW93wUB5HrOHWwAnggEWZK5tbla3zCiqw&oe=6A631A2A,,"['FACEBOOK', 'INSTAGRAM', 'AUDIENCE_NETWORK', 'MESSENGER', 'THREADS']",au,cw,facebook,social,2026-W29,2026-07,"FACEBOOK, INSTAGRAM, AUDIENCE_NETWORK, MESSENGER, THREADS",True,True,True,True,True,False,Brand/Category Page,True,False,False,2026-07-20,2026-05-27 07:00:00,2026-07-20 15:37:32.553203,54
1022261700466938,,True,2026-05-27 07:00:00,2026-07-18 07:00:00,Chemist Warehouse,Chemist Warehouse,The Scent that Never Dies,Old Spice long-lasting sweat and odor protection. Available Now at Chemist Warehouse.,Shop now,VIDEO,https://www.chemistwarehouse.com.au/shop-online/705652/old-spice?utm_source=facebook&utm_medium=social&utm_campaign=au_cw_oa_facebook_social_proctergambleaustralia_oldspice_259_2026_100486-oa_video-image&utm_term=conversion&utm_content=video-image_all,www.chemistwarehouse.com.au,/shop-online/705652/old-spice,facebook,social,au_cw_oa_facebook_social_proctergambleaustralia_oldspice_259_2026_100486-oa_video-image,259,conversion,video-image_all,O&O,Proctergambleaustralia,Oldspice,2026,video-image,,,,,,"['FACEBOOK', 'INSTAGRAM', 'AUDIENCE_NETWORK', 'MESSENGER', 'THREADS']",au,cw,facebook,social,2026-W29,2026-07,"FACEBOOK, INSTAGRAM, AUDIENCE_NETWORK, MESSENGER, THREADS",True,True,True,True,True,False,Brand/Category Page,True,True,False,2026-07-20,2026-05-27 07:00:00,2026-07-20 15:37:32.553203,54
1663731001418301,1276506504633421,True,2026-05-27 07:00:00,2026-07-19 07:00:00,Chemist Warehouse,Chemist Warehouse,{{product.name}},{{product.brand}},Shop now,DCO,https://www.chemistwarehouse.com.au/shop-online/5318/garnier?category=Skincare&utm_source=facebook&utm_medium=social&utm_campaign=au_cw_coop_facebook_social_lorealaustraliaptyltd_garnier_665_may26_100045-bau_image&utm_term=traffic&utm_content=image_brand,www.chemistwarehouse.com.au,/shop-online/5318/garnier,facebook,social,au_cw_coop_facebook_social_lorealaustraliaptyltd_garnier_665_may26_100045-bau_image,665,traffic,image_brand,Coop,Lorealaustraliaptyltd,Garnier,may26,image,Your 2-Step Glow,"Say goodbye to dull skin! Garnier’s Vitamin C Serum + NEW Sorbet Cream duo targets the apperance of dark spots for visibly radiant, even skin tone.",Shop Now,https://scontent-ams2-1.xx.fbcdn.net/v/t39.35426-6/703170423_1295524332746826_9075596120764495225_n.jpg?_nc_cat=111&ccb=1-7&_nc_sid=c53f8f&_nc_ohc=hG9egZ5JZigQ7kNvwF1_ncX&_nc_oc=AdpnUBku40T3NGywTIXE2Wt8kXb4wLVjmDicxwKMvbvj6JyTowXYIqk4FUCJOHuBJd4&_nc_zt=14&_nc_ht=scontent-ams2-1.xx&_nc_gid=QKy03YBXlSlJXwBU3nB3eA&_nc_ss=7f180&oh=00_AQBomhqWEHTSzzkthwjK6BeTcb-mdAjHRl620xs8EIYy-g&oe=6A631930,,"['FACEBOOK', 'INSTAGRAM', 'AUDIENCE_NETWORK', 'MESSENGER', 'THREADS']",au,cw,facebook,social,2026-W29,2026-07,"FACEBOOK, INSTAGRAM, AUDIENCE_NETWORK, MESSENGER, THREADS",True,True,True,True,True,False,Brand/Category Page,True,False,False,2026-07-20,2026-05-27 07:00:00,2026-07-20 15:37:32.553203,54
982294970857656,1679139489989761,True,2026-05-27 07:00:00,2026-07-19 07:00:00,Chemist Warehouse,Chemist Warehouse,{{product.name}},{{product.brand}},Shop now,DCO,https://www.chemistwarehouse.com.au/shop-online/5318/garnier?category=Skincare&utm_source=facebook&utm_medium=social&utm_campaign=au_cw_coop_facebook_social_lorealaustraliaptyltd_garnier_665_may26_100045-bau_image&utm_term=traffic&utm_content=image_brand,www.chemistwarehouse.com.au,/shop-online/5318/garnier,facebook,social,au_cw_coop_facebook_social_lorealaustraliaptyltd_garnier_665_may26_100045-bau_image,665,traffic,image_brand,Coop,Lorealaustraliaptyltd,Garnier,may26,image,Your 2-Step Glow,"Say goodbye to dull skin! Garnier’s Vitamin C Serum + NEW Sorbet Cream duo targets the apperance of dark spots for visibly radiant, even skin tone.",Shop Now,https://scontent-ams2-1.xx.fbcdn.net/v/t39.35426-6/703356045_2546302639201426_3083990222628622759_n.jpg?_nc_cat=109&ccb=1-7&_nc_sid=c53f8f&_nc_ohc=jHqdaxsPhZgQ7kNvwFCR9eR&_nc_oc=AdqJ8GMCZh4dwwDaXnLP6J93_zBixuUq3sEcDI4TzgwBKkWhAKMeDqhZVv83-fjIF_o&_nc_zt=14&_nc_ht=scontent-ams2-1.xx&_nc_gid=QKy03YBXlSlJXwBU3nB3eA&_nc_ss=7f180&oh=00_AQDPDe7uEwTWa8cEdAJ6LAodhU1YUYJlhRbrwlW8C6ODtg&oe=6A6328DF,,"['FACEBOOK', 'INSTAGRAM', 'AUDIENCE_NETWORK', 'MESSENGER', 'THREADS']",au,cw,facebook,social,2026-W29,2026-07,"FACEBOOK, INSTAGRAM, AUDIENCE_NETWORK, MESSENGER, THREADS",True,True,True,True,True,False,Brand/Category Page,True,False,False,2026-07-20,2026-05-27 07:00:00,2026-07-20 15:37:32.553203,54
1348602357332630,,True,2026-05-27 07:00:00,2026-07-07 07:00:00,Chemist Warehouse,Chemist Warehouse,The Scent that Never Dies,Long-lasting sweat and odor protection. Feel 2x fresher with a perfume-quality fragrance!,Shop now,VIDEO,https://www.chemistwarehouse.com.au/shop-online/705652/old-spice?utm_source=facebook&utm_medium=social&utm_campaign=au_cw_oa_facebook_social_proctergambleaustralia_oldspice_259_2026_100486-oa_video-image&utm_term=traffic&utm_content=video-image_all,www.chemistwarehouse.com.au,/shop-online/705652/old-spice,facebook,social,au_cw_oa_facebook_social_proctergambleaustralia_oldspice_259_2026_100486-oa_video-image,259,traffic,video-image_all,O&O,Proctergambleaustralia,Oldspice,2026,video-image,,,,,,"['FACEBOOK', 'INSTAGRAM', 'AUDIENCE_NETWORK', 'MESSENGER', 'WHATSAPP', 'THREADS']",au,cw,facebook,social,2026-W29,2026-07,"FACEBOOK, INSTAGRAM, AUDIENCE_NETWORK, MESSENGER, WHATSAPP, THREADS",True,True,True,True,True,True,Brand/Category Page,True,False,False,2026-07-20,2026-05-27 07:00:00,2026-07-20 15:37:32.553203,54
2828822474146430,1526126569125130,True,2026-05-29 07:00:00,2026-07-19 07:00:00,Chemist Warehouse,Chemist Warehouse,Shop Nude by Nature,"The Skin Radiance Foundation is a long wearing, light to medium coverage foundation with a radiant, dewy finish.",Shop now,VIDEO,https://www.chemistwarehouse.com.au/shop-online/2601/nude-by-nature?&utm_source=facebook&utm_medium=social&utm_campaign=au_cw_coop_facebook_social_nudebynatureptyltd_nudebynature_648_2026_100097-bau_video-image&utm_term=conversion&utm_content=video-image_kol,www.chemistwarehouse.com.au,/shop-online/2601/nude-by-nature,facebook,social,au_cw_coop_facebook_social_nudebynatureptyltd_nudebynature_648_2026_100097-bau_video-image,648,conversion,video-image_kol,Coop,Nudebynatureptyltd,Nudebynature,2026,video-image,,,,,,"['FACEBOOK', 'INSTAGRAM', 'AUDIENCE_NETWORK', 'MESSENGER', 'THREADS']",au,cw,facebook,social,2026-W29,2026-07,"FACEBOOK, INSTAGRAM, AUDIENCE_NETWORK, MESSENGER, THREADS",True,True,True,True,True,False,Brand/Category Page,True,False,False,2026-07-20,2026-05-29 07:00:00,2026-07-20 15:37:32.553203,52
946735031686834,967083702701792,True,2026-05-27 07:00:00,2026-07-05 07:00:00,Chemist Warehouse,Chemist Warehouse,{{product.name}},{{product.brand}},Shop now,DCO,https://www.chemistwarehouse.com.au/shop-online/5318/garnier?category=Skincare&utm_source=facebook&utm_medium=social&utm_campaign=au_cw_coop_facebook_social_lorealaustraliaptyltd_garnier_665_may26_100045-bau_image&utm_term=traffic&utm_content=image_brand,www.chemistwarehouse.com.au,/shop-online/5318/garnier,facebook,social,au_cw_coop_facebook_social_lorealaustraliaptyltd_garnier_665_may26_100045-bau_image,665,traffic,image_brand,Coop,Lorealaustraliaptyltd,Garnier,may26,image,Your 2-Step Glow,"Say goodbye to dull skin! Garnier’s Vitamin C Serum + NEW Sorbet Cream duo targets the apperance of dark spots for visibly radiant, even skin tone.",Shop Now,https://scontent-ams2-1.xx.fbcdn.net/v/t39.35426-6/701742640_4543544625965671_6767314706399862805_n.jpg?_nc_cat=107&ccb=1-7&_nc_sid=c53f8f&_nc_ohc=L_p5dj3ZpVAQ7kNvwEtAWT4&_nc_oc=AdoTc-Yjn9cLjZHtEJ2Xl-s4uOgLwSvVfWJOXEzn3M8CG2wjCpkYfUAqQ3NHG0HKhdQ&_nc_zt=14&_nc_ht=scontent-ams2-1.xx&_nc_gid=QKy03YBXlSlJXwBU3nB3eA&_nc_ss=7f180&oh=00_AQDOM41q9t0FTmFyB2u2s2mUvZQd0Ra4YlMb7JJxMyhosA&oe=6A631569,,"['FACEBOOK', 'INSTAGRAM', 'AUDIENCE_NETWORK', 'MESSENGER', 'THREADS']",au,cw,facebook,social,2026-W29,2026-07,"FACEBOOK, INSTAGRAM, AUDIENCE_NETWORK, MESSENGER, THREADS",True,True,True,True,True,False,Brand/Category Page,True,False,False,2026-07-20,2026-05-27 07:00:00,2026-07-20 15:37:32.553203,54
1373518164600197,1495928224828752,True,2026-05-29 07:00:00,2026-07-19 07:00:00,Chemist Warehouse,Chemist Warehouse,{{product.name}},{{product.brand}},Learn more,DCO,https://www.chemistwarehouse.com.au/shop-online/2601/nude-by-nature?&utm_source=facebook&utm_medium=social&utm_campaign=au_cw_coop_facebook_social_nudebynatureptyltd_nudebynature_648_2026_100097-bau_video-image&utm_term=conversion&utm_content=video-image_jan_p1_promotion_5,www.chemistwarehouse.com.au,/shop-online/2601/nude-by-nature,facebook,social,au_cw_coop_facebook_social_nudebynatureptyltd_nudebynature_648_2026_100097-bau_video-image,648,conversion,video-image_jan_p1_promotion_5,Coop,Nudebynatureptyltd,Nudebynature,2026,video-image,Shop Nude Today!,Enjoy 40% off RRP Nude by Nature at Chemist Warehouse - for a limited time only!,Learn More,,https://video-ams2-1.xx.fbcdn.net/o1/v/t2/f2/m366/AQP-t7Bx9SLdoy4HtPqqK30FjAlNlX1xbNuDmpRiPzr8PQMGHfTWGrpGfVDmHsoZ0KKrjivSaMKM38NAjQbbDcgluYuvFIJqqP0cW_FSSqRdcw.mp4?_nc_cat=110&_nc_sid=b66105&_nc_ht=video-ams2-1.xx.fbcdn.net&_nc_ohc=IrrS-l20es8Q7kNvwGTro4K&efg=eyJ2ZW5jb2RlX3RhZyI6Inhwdl9wcm9ncmVzc2l2ZS5WSV9VU0VDQVNFX1BST0RVQ1RfVFlQRS4uQzMuNzIwLmRhc2hfaDI2NC1iYXNpYy1nZW4yXzcyMHAiLCJ4cHZfYXNzZXRfaWQiOjE1NjYzODI0ODQ1NjIyMzgsImFzc2V0X2FnZV9kYXlzIjoyMDEsInZpX3VzZWNhc2VfaWQiOjEwNzk5LCJkdXJhdGlvbl9zIjoyMSwidXJsZ2VuX3NvdXJjZSI6Ind3dyJ9&ccb=17-1&vs=b90634b3efc17fea&_nc_vs=HBksFQIYRWZiX2VwaGVtZXJhbC81QzQ3QzNFNEU5MzBDMzg5NTg1MkRBMDI5NTIxRjg4MV9tdF8xX3ZpZGVvX2Rhc2hpbml0Lm1wNBUAAsgBEgAVAhhAZmJfcGVybWFuZW50LzZFNEUxNTI3RkNDOEY4ODU5NUQ5NkUwOTFFMTU2RUIwX2F1ZGlvX2Rhc2hpbml0Lm1wNBUCAsgBEgAoABgAGwKIB3VzZV9vaWwBMRJwcm9ncmVzc2l2ZV9yZWNpcGUBMRUAACb8hJn5uqfIBRUCKAJDMywXQDVP3ztkWh0YGWRhc2hfaDI2NC1iYXNpYy1nZW4yXzcyMHARAHUAZd6oAQA&_nc_gid=plYz-I2i_Ry-o3rhdJSd-Q&_nc_ss=7f180&_nc_zt=28&oh=00_AQC2CA159gCOcTguFuipxzmLqizw52Ja0NUqoemOznWpAg&oe=6A631E0A,"['FACEBOOK', 'INSTAGRAM', 'AUDIENCE_NETWORK', 'MESSENGER', 'THREADS']",au,cw,facebook,social,2026-W29,2026-07,"FACEBOOK, INSTAGRAM, AUDIENCE_NETWORK, MESSENGER, THREADS",True,True,True,True,True,False,Brand/Category Page,True,False,False,2026-07-20,2026-05-29 07:00:00,2026-07-20 15:37:32.553203,52
1549032246934016,1027729896592482,True,2026-05-29 07:00:00,2026-07-19 07:00:00,Chemist Warehouse,Chemist Warehouse,Shop Nude by Nature's best selling blush drops,"A lightweight, buildable serum blush that delivers a fresh, dewy flush of colour. Clean colour. Real Results.",Shop now,VIDEO,https://www.chemistwarehouse.com.au/shop-online/2601/nude-by-nature?&utm_source=facebook&utm_medium=social&utm_campaign=au_cw_coop_facebook_social_nudebynatureptyltd_nudebynature_648_2026_100097-bau_video-image&utm_term=conversion&utm_content=video-image_kol,www.chemistwarehouse.com.au,/shop-online/2601/nude-by-nature,facebook,social,au_cw_coop_facebook_social_nudebynatureptyltd_nudebynature_648_2026_100097-bau_video-image,648,conversion,video-image_kol,Coop,Nudebynatureptyltd,Nudebynature,2026,video-image,,,,,,"['FACEBOOK', 'INSTAGRAM', 'AUDIENCE_NETWORK', 'MESSENGER', 'THREADS']",au,cw,facebook,social,2026-W29,2026-07,"FACEBOOK, INSTAGRAM, AUDIENCE_NETWORK, MESSENGER, THREADS",True,True,True,True,True,False,Brand/Category Page,True,False,False,2026-07-20,2026-05-29 07:00:00,2026-07-20 15:37:32.553203,52
1671438504067519,3759706310832769,True,2026-06-01 07:00:00,2026-07-19 07:00:00,Chemist Warehouse,Chemist Warehouse,Discover the Organic Difference,"A pure start to life. Made with organic milk. Naturally gentle, made for little tummies. Discover the full range online today!",Learn more,VIDEO,https://fb.com/canvas_doc/1505292411071993,fb.com,/canvas_doc/1505292411071993,,,,,,,Not Specified,,,,,,,,,,"['FACEBOOK', 'INSTAGRAM', 'AUDIENCE_NETWORK', 'MESSENGER', 'THREADS']",,,,,2026-W29,2026-07,"FACEBOOK, INSTAGRAM, AUDIENCE_NETWORK, MESSENGER, THREADS",True,True,True,True,True,False,Internal/App Page,True,False,False,2026-07-20,2026-06-01 07:00:00,2026-07-20 15:37:32.553203,49
971602258837212,,True,2026-06-01 07:00:00,2026-07-19 07:00:00,Chemist Warehouse,Chemist Warehouse,Discover the Organic Difference,"A pure start to life. Made with organic milk. Naturally gentle, made for little tummies. Discover the full range online today!",Learn more,IMAGE,https://fb.com/canvas_doc/2059279925015697,fb.com,/canvas_doc/2059279925015697,,,,,,,Not Specified,,,,,,,,,,"['FACEBOOK', 'INSTAGRAM', 'AUDIENCE_NETWORK', 'MESSENGER', 'THREADS']",,,,,2026-W29,2026-07,"FACEBOOK, INSTAGRAM, AUDIENCE_NETWORK, MESSENGER, THREADS",True,True,True,True,True,False,Internal/App Page,True,False,False,2026-07-20,2026-06-01 07:00:00,2026-07-20 15:37:32.553203,49
1022049580149453,4289157438038816,True,2026-05-29 07:00:00,2026-07-19 07:00:00,Chemist Warehouse,Chemist Warehouse,{{product.name}},{{product.brand}},Shop now,DCO,https://www.chemistwarehouse.com.au/shop-online/2601/nude-by-nature?&utm_source=facebook&utm_medium=social&utm_campaign=au_cw_coop_facebook_social_nudebynatureptyltd_nudebynature_648_2026_100097-bau_video-image&utm_term=conversion&utm_content=video-image_lip-npd-v5,www.chemistwarehouse.com.au,/shop-online/2601/nude-by-nature,facebook,social,au_cw_coop_facebook_social_nudebynatureptyltd_nudebynature_648_2026_100097-bau_video-image,648,conversion,video-image_lip-npd-v5,Coop,Nudebynatureptyltd,Nudebynature,2026,video-image,Shop Nude by Nature!,Go bold with Nude by Nature! New lacquer lip serum available only at Chemist Warehouse. Shop today!,Shop Now,https://scontent-ams2-1.xx.fbcdn.net/v/t39.35426-6/647297960_1269559795104347_2030217794463931724_n.jpg?_nc_cat=111&ccb=1-7&_nc_sid=c53f8f&_nc_ohc=hu9jNraSEEwQ7kNvwHvyD0J&_nc_oc=AdodVk1pFtNY4YD30vZ4u3MU5fg3dE-2nScWpwipHQCL0xiVI7LSpnWQxiDzChfW5G4&_nc_zt=14&_nc_ht=scontent-ams2-1.xx&_nc_gid=plYz-I2i_Ry-o3rhdJSd-Q&_nc_ss=7f180&oh=00_AQABbkMYGGMFbyja_fozrEKUAjyAvYxe2aco-F92w7Jr5w&oe=6A632D34,,"['FACEBOOK', 'INSTAGRAM', 'AUDIENCE_NETWORK', 'MESSENGER', 'THREADS']",au,cw,facebook,social,2026-W29,2026-07,"FACEBOOK, INSTAGRAM, AUDIENCE_NETWORK, MESSENGER, THREADS",True,True,True,True,True,False,Brand/Category Page,True,False,False,2026-07-20,2026-05-29 07:00:00,2026-07-20 15:37:32.553203,52
1290593333190723,1025939226431148,True,2026-05-24 07:00:00,2026-07-18 07:00:00,Chemist Warehouse,Chemist Warehouse,Choose High‑Quality Ester-C Vitamin C for Family,GO ESTER‑C® products contain high‑quality Ester‑C® Vitamin C with superior absorption. Non‑acidic and gentle on the stomach.,See details,VIDEO,https://www.chemistwarehouse.com.au/shop-online/2997/go-healthy?utm_source=facebook&utm_medium=social&utm_campaign=au_cw_coop_facebook_social_thebetterhealthcompanyaustralia_gohealthy_81_2026_bau_dynamic&utm_term=traffic&utm_content=image_branding,www.chemistwarehouse.com.au,/shop-online/2997/go-healthy,facebook,social,au_cw_coop_facebook_social_thebetterhealthcompanyaustralia_gohealthy_81_2026_bau_dynamic,81,traffic,image_branding,Coop,Thebetterhealthcompanyaustralia,Gohealthy,2026,dynamic,,,,,,"['FACEBOOK', 'INSTAGRAM', 'MESSENGER']",au,cw,facebook,social,2026-W29,2026-07,"FACEBOOK, INSTAGRAM, MESSENGER",True,True,False,True,False,False,Brand/Category Page,True,False,False,2026-07-20,2026-05-24 07:00:00,2026-07-20 15:37:32.553203,57
1796869515028905,1025939226431148,True,2026-05-26 07:00:00,2026-07-19 07:00:00,Chemist Warehouse,Chemist Warehouse,Choose High‑Quality Ester-C Vitamin C for Family,GO ESTER‑C® products contain high‑quality Ester‑C® Vitamin C with superior absorption. Non‑acidic and gentle on the stomach.,See details,VIDEO,https://www.chemistwarehouse.com.au/shop-online/2997/go-healthy?utm_source=facebook&utm_medium=social&utm_campaign=au_cw_coop_facebook_social_thebetterhealthcompanyaustralia_gohealthy_81_2026_bau_dynamic&utm_term=traffic&utm_content=image_branding,www.chemistwarehouse.com.au,/shop-online/2997/go-healthy,facebook,social,au_cw_coop_facebook_social_thebetterhealthcompanyaustralia_gohealthy_81_2026_bau_dynamic,81,traffic,image_branding,Coop,Thebetterhealthcompanyaustralia,Gohealthy,2026,dynamic,,,,,,"['FACEBOOK', 'INSTAGRAM', 'MESSENGER']",au,cw,facebook,social,2026-W29,2026-07,"FACEBOOK, INSTAGRAM, MESSENGER",True,True,False,True,False,False,Brand/Category Page,True,False,False,2026-07-20,2026-05-26 07:00:00,2026-07-20 15:37:32.553203,55
1724521138742235,1002373845524484,True,2026-05-24 07:00:00,2026-07-18 07:00:00,Chemist Warehouse,Chemist Warehouse,Ester-C Vitamin C  for 24-Hour Immune Support,"24-Hour Immune Support
GO ESTER-C® IMMUNE COMPLEX provides 24 hour immune support  with Ester-C® Vitamin C.",Shop now,IMAGE,https://www.chemistwarehouse.com.au/shop-online/2997/go-healthy?utm_source=facebook&utm_medium=social&utm_campaign=au_cw_coop_facebook_social_thebetterhealthcompanyaustralia_gohealthy_81_2026_bau_dynamic&utm_term=traffic&utm_content=image_branding,www.chemistwarehouse.com.au,/shop-online/2997/go-healthy,facebook,social,au_cw_coop_facebook_social_thebetterhealthcompanyaustralia_gohealthy_81_2026_bau_dynamic,81,traffic,image_branding,Coop,Thebetterhealthcompanyaustralia,Gohealthy,2026,dynamic,,,,,,"['FACEBOOK', 'INSTAGRAM', 'MESSENGER']",au,cw,facebook,social,2026-W29,2026-07,"FACEBOOK, INSTAGRAM, MESSENGER",True,True,False,True,False,False,Brand/Category Page,True,False,False,2026-07-20,2026-05-24 07:00:00,2026-07-20 15:37:32.553203,57
1312490700339446,,True,2026-05-26 07:00:00,2026-07-19 07:00:00,Chemist Warehouse,Chemist Warehouse,Ester-C Vitamin C  for 24-Hour Immune Support,"""24-Hour Immune Support
GO ESTER-C® IMMUNE COMPLEX provides 24 hour immune support  with Ester-C® Vitamin C.""",Shop now,IMAGE,https://www.chemistwarehouse.com.au/shop-online/2997/go-healthy?utm_source=facebook&utm_medium=social&utm_campaign=au_cw_coop_facebook_social_thebetterhealthcompanyaustralia_gohealthy_81_2026_bau_dynamic&utm_term=traffic&utm_content=image_branding,www.chemistwarehouse.com.au,/shop-online/2997/go-healthy,facebook,social,au_cw_coop_facebook_social_thebetterhealthcompanyaustralia_gohealthy_81_2026_bau_dynamic,81,traffic,image_branding,Coop,Thebetterhealthcompanyaustralia,Gohealthy,2026,dynamic,,,,,,"['FACEBOOK', 'INSTAGRAM', 'MESSENGER']",au,cw,facebook,social,2026-W29,2026-07,"FACEBOOK, INSTAGRAM, MESSENGER",True,True,False,True,False,False,Brand/Category Page,True,False,False,2026-07-20,2026-05-26 07:00:00,2026-07-20 15:37:32.553203,55
823376860566500,1201925352152860,True,2026-05-29 07:00:00,2026-07-18 07:00:00,Chemist Warehouse,Chemist Warehouse,{{product.name}},{{product.brand}},Shop now,DCO,https://www.chemistwarehouse.com.au/shop-online/2601/nude-by-nature?&utm_source=facebook&utm_medium=social&utm_campaign=au_cw_coop_facebook_social_nudebynatureptyltd_nudebynature_648_2026_100097-bau_video-image&utm_term=conversion&utm_content=video-image_feb_p2_v1,www.chemistwarehouse.com.au,/shop-online/2601/nude-by-nature,facebook,social,au_cw_coop_facebook_social_nudebynatureptyltd_nudebynature_648_2026_100097-bau_video-image,648,conversion,video-image_feb_p2_v1,Coop,Nudebynatureptyltd,Nudebynature,2026,video-image,Nothing Cleaner than Nude,"Discover our most loved clean beauty products, crafted with naturally derived ingredients, where efficacy meets integrity.",Shop Now,https://scontent-ams2-1.xx.fbcdn.net/v/t39.35426-6/631655837_2040201079924945_9112192052132752972_n.jpg?_nc_cat=102&ccb=1-7&_nc_sid=c53f8f&_nc_ohc=NptYQWEsqQMQ7kNvwHLNevW&_nc_oc=AdplNsPGC9k6mXfoVAg9FjHA91MbqzeFnNkm3urVbO0uKkxRarVad7eDSEfF89l1F6I&_nc_zt=14&_nc_ht=scontent-ams2-1.xx&_nc_gid=plYz-I2i_Ry-o3rhdJSd-Q&_nc_ss=7f180&oh=00_AQBClNcic1H9ZoCqStVv6sci6nOX_un5Px0HkC7GYNZMLA&oe=6A631D91,,"['FACEBOOK', 'INSTAGRAM', 'AUDIENCE_NETWORK', 'MESSENGER', 'THREADS']",au,cw,facebook,social,2026-W29,2026-07,"FACEBOOK, INSTAGRAM, AUDIENCE_NETWORK, MESSENGER, THREADS",True,True,True,True,True,False,Brand/Category Page,True,False,False,2026-07-20,2026-05-29 07:00:00,2026-07-20 15:37:32.553203,52
1497010285262261,1549326082983989,True,2026-05-29 07:00:00,2026-07-19 07:00:00,Chemist Warehouse,Chemist Warehouse,Shop Nude Today!,"Discover our most loved clean beauty products, crafted with naturally derived ingredients, where efficacy meets integrity.",Learn more,VIDEO,https://www.chemistwarehouse.com.au/shop-online/2601/nude-by-nature?&utm_source=facebook&utm_medium=social&utm_campaign=au_cw_coop_facebook_social_nudebynatureptyltd_nudebynature_648_2026_100097-bau_video-image&utm_term=conversion&utm_content=video-image_jan_p1_promotion_6,www.chemistwarehouse.com.au,/shop-online/2601/nude-by-nature,facebook,social,au_cw_coop_facebook_social_nudebynatureptyltd_nudebynature_648_2026_100097-bau_video-image,648,conversion,video-image_jan_p1_promotion_6,Coop,Nudebynatureptyltd,Nudebynature,2026,video-image,,,,,,"['FACEBOOK', 'INSTAGRAM', 'AUDIENCE_NETWORK', 'MESSENGER', 'THREADS']",au,cw,facebook,social,2026-W29,2026-07,"FACEBOOK, INSTAGRAM, AUDIENCE_NETWORK, MESSENGER, THREADS",True,True,True,True,True,False,Brand/Category Page,True,False,False,2026-07-20,2026-05-29 07:00:00,2026-07-20 15:37:32.553203,52
2735925556780845,1530664758629620,True,2026-05-29 07:00:00,2026-07-19 07:00:00,Chemist Warehouse,Chemist Warehouse,{{product.name}},{{product.brand}},Shop now,DCO,https://www.chemistwarehouse.com.au/shop-online/2601/nude-by-nature?&utm_source=facebook&utm_medium=social&utm_campaign=au_cw_coop_facebook_social_nudebynatureptyltd_nudebynature_648_2026_100097-bau_video-image&utm_term=conversion&utm_content=video-image_lip-npd-v1,www.chemistwarehouse.com.au,/shop-online/2601/nude-by-nature,facebook,social,au_cw_coop_facebook_social_nudebynatureptyltd_nudebynature_648_2026_100097-bau_video-image,648,conversion,video-image_lip-npd-v1,Coop,Nudebynatureptyltd,Nudebynature,2026,video-image,Shop Nude by Nature!,Go bold with Nude by Nature! New lacquer lip serum available only at Chemist Warehouse. Shop today!,Shop Now,https://scontent-ams2-1.xx.fbcdn.net/v/t39.35426-6/648197201_1361939888975981_7326598693838845302_n.jpg?_nc_cat=109&ccb=1-7&_nc_sid=c53f8f&_nc_ohc=ofXJwGECcDwQ7kNvwF0fsPg&_nc_oc=AdoTNZ0eWHs4Nan2FDX3DLhdv7e9jia4-Yl6-UT2i23PRzsq20-TZ-EecrfQESwssTQ&_nc_zt=14&_nc_ht=scontent-ams2-1.xx&_nc_gid=QKy03YBXlSlJXwBU3nB3eA&_nc_ss=7f180&oh=00_AQDAmKO8VI2bBJ6uMjEI2oloEh2e6s47MJfnLxC6RkAo2A&oe=6A6304F7,,"['FACEBOOK', 'INSTAGRAM', 'AUDIENCE_NETWORK', 'MESSENGER', 'THREADS']",au,cw,facebook,social,2026-W29,2026-07,"FACEBOOK, INSTAGRAM, AUDIENCE_NETWORK, MESSENGER, THREADS",True,True,True,True,True,False,Brand/Category Page,True,False,False,2026-07-20,2026-05-29 07:00:00,2026-07-20 15:37:32.553203,52
2231446817389322,956036527222536,True,2026-05-19 07:00:00,2026-07-19 07:00:00,Chemist Warehouse,Chemist Warehouse,Shop at Chemist Warehouse,"Pick up your Bio Oil essentials @ Chemist Warehouse. It’s clinically proven to help reduce the appearance of stretch marks and scars 1,2, and keeps my skin super hydrated.

#chemistwarehouse #biooil

Disclaimer: 1. ProDerm Institute for Applied Dermatological Research, Hamburg, Germany, 2010 (scars study), n=36. 2 ProDerm Institute for Applied Dermatological Research, Hamburg, Germany, 2010 (stretch mark study) n=38.",Shop now,VIDEO,https://www.chemistwarehouse.com.au/shop-online/1383/bio-oil?utm_source=facebook&utm_medium=social&utm_campaign=au_cw_oa_facebook_social_aspenpharmacareaustralia_biooil_665_may26_100386-oa_video-image&utm_term=traffic&utm_content=video-image_influencer-ella,www.chemistwarehouse.com.au,/shop-online/1383/bio-oil,facebook,social,au_cw_oa_facebook_social_aspenpharmacareaustralia_biooil_665_may26_100386-oa_video-image,665,traffic,video-image_influencer-ella,O&O,Aspenpharmacareaustralia,Biooil,may26,video-image,,,,,,"['FACEBOOK', 'INSTAGRAM', 'AUDIENCE_NETWORK', 'MESSENGER', 'THREADS']",au,cw,facebook,social,2026-W29,2026-07,"FACEBOOK, INSTAGRAM, AUDIENCE_NETWORK, MESSENGER, THREADS",True,True,True,True,True,False,Brand/Category Page,True,True,False,2026-07-20,2026-05-19 07:00:00,2026-07-20 15:37:32.553203,62
2351540605370678,26829173950068339,True,2026-05-20 07:00:00,2026-07-19 07:00:00,Chemist Warehouse,Chemist Warehouse,{{product.name}},{{product.brand}},Shop now,DCO,https://www.chemistwarehouse.com.au/shop-online/3536/bioderma?utm_source=facebook&utm_medium=social&utm_campaign=au_cw_coop_facebook_social_naosaustraliaptyltd_bioderma_665_2026_100360-bau_video-image&utm_term=traffic&utm_content=video-image_all,www.chemistwarehouse.com.au,/shop-online/3536/bioderma,facebook,social,au_cw_coop_facebook_social_naosaustraliaptyltd_bioderma_665_2026_100360-bau_video-image,665,traffic,video-image_all,Coop,Naosaustraliaptyltd,Bioderma,2026,video-image,Available at Chemist Warehouse,"If you don't stop, why should your hydration? The Hydrabio Hydro Active range provides life-proof hydration.",Shop Now,https://scontent-ams2-1.xx.fbcdn.net/v/t39.35426-6/703026662_2857621234599356_8216919767022662632_n.jpg?_nc_cat=110&ccb=1-7&_nc_sid=c53f8f&_nc_ohc=FmAtid7dlTgQ7kNvwFEE9fq&_nc_oc=Adqz5DXW0lFWT-57uQbiAdGi5ak0IjAJAyEf1vrvwgP46F5ItbX4l-4e6mchoL26zKw&_nc_zt=14&_nc_ht=scontent-ams2-1.xx&_nc_gid=jzxmhqiIbExOaC20qoYW7A&_nc_ss=7f180&oh=00_AQCqqdR2KFtrSDawOlDDdLS5xhAm5uxEfMHnlVc_O4ZiIg&oe=6A631A89,,"['FACEBOOK', 'INSTAGRAM', 'AUDIENCE_NETWORK', 'MESSENGER', 'THREADS']",au,cw,facebook,social,2026-W29,2026-07,"FACEBOOK, INSTAGRAM, AUDIENCE_NETWORK, MESSENGER, THREADS",True,True,True,True,True,False,Brand/Category Page,True,False,False,2026-07-20,2026-05-20 07:00:00,2026-07-20 15:37:32.553203,61
1304318391229913,,True,2026-05-24 07:00:00,2026-07-19 07:00:00,Chemist Warehouse,Chemist Warehouse,{{product.name}},"Stop paying too much on contact lenses at Chemist Warehouse Optometry.

👉 Wide range of lenses at everyday low prices.
👉 Free Shipping on orders over $99
👉 Tracked Delivery on all orders
👉 Friendly Customer Service

Shop Online Now at Chemist Warehouse Optometry & see the savings!",Shop now,DPA,https://chemistwarehouseoptometry.com.au/,chemistwarehouseoptometry.com.au,/,,,,,,,Not Specified,,,,,Air Optix plus Hydraglyde Toric,"Stop paying too much on contact lenses at Chemist Warehouse Optometry.

👉 Wide range of lenses at everyday low prices.
👉 Free Shipping on orders over $99
👉 Tracked Delivery on all orders
👉 Friendly Customer Service

Shop Online Now at Chemist Warehouse Optometry & see the savings!",Shop Now,https://scontent-ams2-1.xx.fbcdn.net/v/t39.35426-6/708289539_27845784201691301_9209667608819904955_n.jpg?_nc_cat=111&ccb=1-7&_nc_sid=c53f8f&_nc_ohc=VennR04gjUkQ7kNvwEtytZS&_nc_oc=Adq3Jgob_pouczQZlU4b7NNwwS7pmqto2xAosDEe5Vqar6w8DwxTIVTwvd4CAPjnNeg&_nc_zt=14&_nc_ht=scontent-ams2-1.xx&_nc_gid=jzxmhqiIbExOaC20qoYW7A&_nc_ss=7f180&oh=00_AQCArwsgx8FsEFmSNCLjO32KOYWg5mp5u04xtA7C0b_Gtw&oe=6A632419,,"['FACEBOOK', 'INSTAGRAM', 'AUDIENCE_NETWORK', 'MESSENGER', 'THREADS']",,,,,2026-W29,2026-07,"FACEBOOK, INSTAGRAM, AUDIENCE_NETWORK, MESSENGER, THREADS",True,True,True,True,True,False,Homepage,True,True,False,2026-07-20,2026-05-24 07:00:00,2026-07-20 15:37:32.553203,57
1890764388280372,2082601715690998,True,2026-05-19 07:00:00,2026-07-19 07:00:00,Chemist Warehouse,Chemist Warehouse,Shop at Chemist Warehouse,Because skincare doesn’t stop at your face @Bio Oil,Shop now,VIDEO,https://www.chemistwarehouse.com.au/shop-online/1383/bio-oil?utm_source=facebook&utm_medium=social&utm_campaign=au_cw_oa_facebook_social_aspenpharmacareaustralia_biooil_665_may26_100386-oa_video-image&utm_term=traffic&utm_content=video-image_influencer-yasmina,www.chemistwarehouse.com.au,/shop-online/1383/bio-oil,facebook,social,au_cw_oa_facebook_social_aspenpharmacareaustralia_biooil_665_may26_100386-oa_video-image,665,traffic,video-image_influencer-yasmina,O&O,Aspenpharmacareaustralia,Biooil,may26,video-image,,,,,,"['FACEBOOK', 'INSTAGRAM', 'AUDIENCE_NETWORK', 'MESSENGER', 'THREADS']",au,cw,facebook,social,2026-W29,2026-07,"FACEBOOK, INSTAGRAM, AUDIENCE_NETWORK, MESSENGER, THREADS",True,True,True,True,True,False,Brand/Category Page,True,True,False,2026-07-20,2026-05-19 07:00:00,2026-07-20 15:37:32.553203,62
1931129007519487,1291335976507023,True,2026-05-20 07:00:00,2026-07-19 07:00:00,Chemist Warehouse,Chemist Warehouse,{{product.name}},{{product.brand}},Shop now,DCO,https://www.chemistwarehouse.com.au/shop-online/3536/bioderma?utm_source=facebook&utm_medium=social&utm_campaign=au_cw_coop_facebook_social_naosaustraliaptyltd_bioderma_665_2026_100360-bau_video-image&utm_term=traffic&utm_content=video-image_all,www.chemistwarehouse.com.au,/shop-online/3536/bioderma,facebook,social,au_cw_coop_facebook_social_naosaustraliaptyltd_bioderma_665_2026_100360-bau_video-image,665,traffic,video-image_all,Coop,Naosaustraliaptyltd,Bioderma,2026,video-image,Available at Chemist Warehouse,"If you don't stop, why should your hydration? The Hydrabio Hydro Active range provides life-proof hydration.",Shop Now,https://scontent-ams2-1.xx.fbcdn.net/v/t39.35426-6/704527253_3811818652288174_4736246823195518089_n.jpg?_nc_cat=100&ccb=1-7&_nc_sid=c53f8f&_nc_ohc=f9PSnXV5eV4Q7kNvwHYO-cM&_nc_oc=AdqI7rIA-AydVVrQmZ2_2iiKGpgo07jNS3GLk322nxKJd4yMvfu3DRtDjnsF9Fg7XwY&_nc_zt=14&_nc_ht=scontent-ams2-1.xx&_nc_gid=jzxmhqiIbExOaC20qoYW7A&_nc_ss=7f180&oh=00_AQCrIydPPeYyLW1MPCBHvsdsTpjvcgz_0ohisG7AcOnxYg&oe=6A633624,,"['FACEBOOK', 'INSTAGRAM', 'AUDIENCE_NETWORK', 'MESSENGER', 'THREADS']",au,cw,facebook,social,2026-W29,2026-07,"FACEBOOK, INSTAGRAM, AUDIENCE_NETWORK, MESSENGER, THREADS",True,True,True,True,True,False,Brand/Category Page,True,False,False,2026-07-20,2026-05-20 07:00:00,2026-07-20 15:37:32.553203,61
1509394494027550,979726258113437,True,2026-05-27 07:00:00,2026-07-19 07:00:00,Chemist Warehouse,Chemist Warehouse,Available at Chemist Warehouse,Mum & bub kit made easy. Shop Rite Aid now.,Shop now,VIDEO,https://www.chemistwarehouse.com.au/shop-online/705638/rite-aid?utm_source=facebook&utm_medium=social&utm_campaign=au_cw_oa_facebook_social_tolifetechnologiesptyltd_riteaid_20_may26_100526-boosting_video&utm_term=traffic&utm_content=video_instore-video,www.chemistwarehouse.com.au,/shop-online/705638/rite-aid,facebook,social,au_cw_oa_facebook_social_tolifetechnologiesptyltd_riteaid_20_may26_100526-boosting_video,20,traffic,video_instore-video,O&O,Tolifetechnologiesptyltd,Riteaid,may26,video,,,,,,"['FACEBOOK', 'INSTAGRAM', 'MESSENGER']",au,cw,facebook,social,2026-W29,2026-07,"FACEBOOK, INSTAGRAM, MESSENGER",True,True,False,True,False,False,Brand/Category Page,True,True,False,2026-07-20,2026-05-27 07:00:00,2026-07-20 15:37:32.553203,54
1679880739922916,,True,2026-05-19 07:00:00,2026-07-19 07:00:00,Chemist Warehouse,Chemist Warehouse,SHOP LA ROCHE-POSAY SUN PROTECTION,"Discover the Anthelios Sun Protection range, developed for sensitive skin. Lightweight, non-greasy & fragrance-free.",Shop now,IMAGE,https://fb.com/canvas_doc/983400290880987,fb.com,/canvas_doc/983400290880987,,,,,,,Not Specified,,,,,,,,,,"['FACEBOOK', 'INSTAGRAM', 'AUDIENCE_NETWORK', 'MESSENGER', 'THREADS']",,,,,2026-W29,2026-07,"FACEBOOK, INSTAGRAM, AUDIENCE_NETWORK, MESSENGER, THREADS",True,True,True,True,True,False,Internal/App Page,True,False,False,2026-07-20,2026-05-19 07:00:00,2026-07-20 15:37:32.553203,62
2137214940192297,,True,2026-05-27 07:00:00,2026-07-19 07:00:00,Chemist Warehouse,Chemist Warehouse,{{product.name}},{{product.brand}},Shop now,DCO,https://www.chemistwarehouse.com.au/shop-online/705652/old-spice?utm_source=facebook&utm_medium=social&utm_campaign=au_cw_oa_facebook_social_proctergambleaustralia_oldspice_259_2026_100486-oa_video-image&utm_term=conversion&utm_content=video-image_all,www.chemistwarehouse.com.au,/shop-online/705652/old-spice,facebook,social,au_cw_oa_facebook_social_proctergambleaustralia_oldspice_259_2026_100486-oa_video-image,259,conversion,video-image_all,O&O,Proctergambleaustralia,Oldspice,2026,video-image,Shop at Chemist Warehouse,Buy Today at Chemist Warehouse. Feel 2x fresher with a perfume-quality fragrance!,Shop Now,https://scontent-ams2-1.xx.fbcdn.net/v/t39.35426-6/707398453_26755841224099851_4783430501820695210_n.jpg?_nc_cat=101&ccb=1-7&_nc_sid=c53f8f&_nc_ohc=P3PASmJaI3MQ7kNvwEVFsVO&_nc_oc=Adp2hRU5NMhLNG0p_dZyen_SurRXPfmHAUirOUb98z9Oj1Lg47-zYmYYHUzudQKZgzQ&_nc_zt=14&_nc_ht=scontent-ams2-1.xx&_nc_gid=QKy03YBXlSlJXwBU3nB3eA&_nc_ss=7f180&oh=00_AQClGPh4_Z1-ue0kSAZalDQzLKbVZLCgYKMhpNoasThrMA&oe=6A6319B4,,"['FACEBOOK', 'INSTAGRAM', 'AUDIENCE_NETWORK', 'MESSENGER', 'THREADS']",au,cw,facebook,social,2026-W29,2026-07,"FACEBOOK, INSTAGRAM, AUDIENCE_NETWORK, MESSENGER, THREADS",True,True,True,True,True,False,Brand/Category Page,True,False,False,2026-07-20,2026-05-27 07:00:00,2026-07-20 15:37:32.553203,54
965116113101798,2082601715690998,True,2026-05-19 07:00:00,2026-07-19 07:00:00,Chemist Warehouse,Chemist Warehouse,Shop at Chemist Warehouse,Because skincare doesn’t stop at your face @Bio Oil,Shop now,VIDEO,https://www.chemistwarehouse.com.au/shop-online/1383/bio-oil?utm_source=facebook&utm_medium=social&utm_campaign=au_cw_oa_facebook_social_aspenpharmacareaustralia_biooil_665_may26_100386-oa_video-image&utm_term=traffic&utm_content=video-image_influencer-yasmina,www.chemistwarehouse.com.au,/shop-online/1383/bio-oil,facebook,social,au_cw_oa_facebook_social_aspenpharmacareaustralia_biooil_665_may26_100386-oa_video-image,665,traffic,video-image_influencer-yasmina,O&O,Aspenpharmacareaustralia,Biooil,may26,video-image,,,,,,"['FACEBOOK', 'INSTAGRAM', 'AUDIENCE_NETWORK', 'MESSENGER', 'THREADS']",au,cw,facebook,social,2026-W29,2026-07,"FACEBOOK, INSTAGRAM, AUDIENCE_NETWORK, MESSENGER, THREADS",True,True,True,True,True,False,Brand/Category Page,True,True,False,2026-07-20,2026-05-19 07:00:00,2026-07-20 15:37:32.553203,62
936978766084707,1501230811681315,True,2026-05-20 07:00:00,2026-07-18 07:00:00,Chemist Warehouse,Chemist Warehouse,SHOP LA ROCHE-POSAY ANTI-ACNE SKINCARE,"Recommended by Dermatologists, explore clear skin solutions and targeted routines for oily, acne-prone skin.",Shop now,VIDEO,https://fb.com/canvas_doc/27294847700116773,fb.com,/canvas_doc/27294847700116773,,,,,,,Not Specified,,,,,,,,,,"['FACEBOOK', 'INSTAGRAM', 'AUDIENCE_NETWORK', 'MESSENGER', 'THREADS']",,,,,2026-W29,2026-07,"FACEBOOK, INSTAGRAM, AUDIENCE_NETWORK, MESSENGER, THREADS",True,True,True,True,True,False,Internal/App Page,True,False,False,2026-07-20,2026-05-20 07:00:00,2026-07-20 15:37:32.553203,61
1454054246046389,1341142227874217,True,2026-05-14 07:00:00,2026-07-19 07:00:00,Chemist Warehouse,Chemist Warehouse,Ready For Winter?,Power Through This Winter When Cold & Flu Symptoms Hit - Be Prepared With This Bundle!,Learn more,VIDEO,https://www.chemistwarehouse.com.au/shop-online/inova-cold-and-flu?utm_source=facebook&utm_medium=social&utm_campaign=au_cw_oa_facebook_social_inovapharmaceuticals_all_258_may26_100300-coldnflu_video&utm_term=traffic&utm_content=video_betadine-video,www.chemistwarehouse.com.au,/shop-online/inova-cold-and-flu,facebook,social,au_cw_oa_facebook_social_inovapharmaceuticals_all_258_may26_100300-coldnflu_video,258,traffic,video_betadine-video,O&O,Inovapharmaceuticals,All,may26,video,,,,,,"['FACEBOOK', 'INSTAGRAM']",au,cw,facebook,social,2026-W29,2026-07,"FACEBOOK, INSTAGRAM",True,True,False,False,False,False,Brand/Category Page,True,False,False,2026-07-20,2026-05-14 07:00:00,2026-07-20 15:37:32.553203,67
1011900884694643,1885686518813522,True,2026-05-14 07:00:00,2026-07-19 07:00:00,Chemist Warehouse,Chemist Warehouse,{{product.name}},{{product.brand}},Learn more,DCO,https://www.chemistwarehouse.com.au/shop-online/inova-cold-and-flu?utm_source=facebook&utm_medium=social&utm_campaign=au_cw_oa_facebook_social_inovapharmaceuticals_all_258_may26_100300-coldnflu_video&utm_term=traffic&utm_content=video_instore-video,www.chemistwarehouse.com.au,/shop-online/inova-cold-and-flu,facebook,social,au_cw_oa_facebook_social_inovapharmaceuticals_all_258_may26_100300-coldnflu_video,258,traffic,video_instore-video,O&O,Inovapharmaceuticals,All,may26,video,Ready For Winter?,Power Through This Winter When Cold & Flu Symptoms Hit - Be Prepared With This Bundle!,Learn More,,https://video-ams2-1.xx.fbcdn.net/o1/v/t2/f2/m366/AQMCQ6K-jhFrexL3sBC6sFg09TeaQffcXLqPxDibS4PcJjlqZ0GxS4OWS6MXEIqBJf3_xbI1yCjH2UmxmJVkdAzOkXSeTRqaUx0Ml_Uz2PD--w.mp4?_nc_cat=109&_nc_sid=b66105&_nc_ht=video-ams2-1.xx.fbcdn.net&_nc_ohc=iCDC_a-oDUQQ7kNvwFA3q8X&efg=eyJ2ZW5jb2RlX3RhZyI6Inhwdl9wcm9ncmVzc2l2ZS5WSV9VU0VDQVNFX1BST0RVQ1RfVFlQRS4uQzMuNzIwLmRhc2hfaDI2NC1iYXNpYy1nZW4yXzcyMHAiLCJ4cHZfYXNzZXRfaWQiOjI0NzkyMDgwMjI1MjYzNDAsImFzc2V0X2FnZV9kYXlzIjo2NSwidmlfdXNlY2FzZV9pZCI6MTA3OTksImR1cmF0aW9uX3MiOjM1LCJ1cmxnZW5fc291cmNlIjoid3d3In0%3D&ccb=17-1&vs=3fc0ba2b16eac491&_nc_vs=HBksFQIYRWZiX2VwaGVtZXJhbC80RDQ0NTY3MkQwOTk3NDIyODlGRDNGRTY4RTNENUU4MV9tdF8xX3ZpZGVvX2Rhc2hpbml0Lm1wNBUAAsgBEgAVAhhAZmJfcGVybWFuZW50L0RGNEUxOTRFMzQ5MDhCODhDRTZDNTY4QTVEOUVGN0JCX2F1ZGlvX2Rhc2hpbml0Lm1wNBUCAsgBEgAoABgAGwKIB3VzZV9vaWwBMRJwcm9ncmVzc2l2ZV9yZWNpcGUBMRUAACaIpo6Y87TnCBUCKAJDMywXQEHzMzMzMzMYGWRhc2hfaDI2NC1iYXNpYy1nZW4yXzcyMHARAHUAZd6oAQA&_nc_gid=jzxmhqiIbExOaC20qoYW7A&_nc_ss=7f180&_nc_zt=28&oh=00_AQCPqkaQPK6s-e1DEau4mMDQUv2y7xxRF8EE14XEFS2nig&oe=6A6319CF,"['FACEBOOK', 'INSTAGRAM']",au,cw,facebook,social,2026-W29,2026-07,"FACEBOOK, INSTAGRAM",True,True,False,False,False,False,Brand/Category Page,True,False,False,2026-07-20,2026-05-14 07:00:00,2026-07-20 15:37:32.553203,67
933807689657184,,True,2026-05-27 07:00:00,2026-07-19 07:00:00,Chemist Warehouse,Chemist Warehouse,The Scent that Never Dies,Long-lasting sweat and odor protection. Available Now at Chemist Warehouse.,Shop now,VIDEO,https://www.chemistwarehouse.com.au/shop-online/705652/old-spice?utm_source=facebook&utm_medium=social&utm_campaign=au_cw_oa_facebook_social_proctergambleaustralia_oldspice_259_2026_100486-oa_video-image&utm_term=conversion&utm_content=video-image_all,www.chemistwarehouse.com.au,/shop-online/705652/old-spice,facebook,social,au_cw_oa_facebook_social_proctergambleaustralia_oldspice_259_2026_100486-oa_video-image,259,conversion,video-image_all,O&O,Proctergambleaustralia,Oldspice,2026,video-image,,,,,,"['FACEBOOK', 'INSTAGRAM', 'AUDIENCE_NETWORK', 'MESSENGER', 'THREADS']",au,cw,facebook,social,2026-W29,2026-07,"FACEBOOK, INSTAGRAM, AUDIENCE_NETWORK, MESSENGER, THREADS",True,True,True,True,True,False,Brand/Category Page,True,True,False,2026-07-20,2026-05-27 07:00:00,2026-07-20 15:37:32.553203,54
1533397191840231,1568775927532168,True,2026-05-19 07:00:00,2026-07-19 07:00:00,Chemist Warehouse,Chemist Warehouse,{{product.name}},{{product.brand}},Shop now,DCO,https://www.chemistwarehouse.com.au/shop-online/2351/la-roche-posay?category=Dry%2C%20Sensitive%20%26%20Itchy%20Skin&utm_source=facebook&utm_medium=social&utm_campaign=au_cw_coop_facebook_social_lorealarocheposaycerave_larocheposay_665_2026_bau_dynamic&utm_term=traffic&utm_content=dynamic_dry,www.chemistwarehouse.com.au,/shop-online/2351/la-roche-posay,facebook,social,au_cw_coop_facebook_social_lorealarocheposaycerave_larocheposay_665_2026_bau_dynamic,665,traffic,dynamic_dry,Coop,Lorealarocheposaycerave,Larocheposay,2026,dynamic,SHOP LA ROCHE-POSAY FOR DRY SKIN,"Recommended by Dermatologists, explore Cicaplast skincare formulated to provide intense hydration & support the skin barrier.",Shop Now,https://scontent-ams2-1.xx.fbcdn.net/v/t39.35426-6/670570570_1461144555476835_3529941588856126360_n.jpg?_nc_cat=108&ccb=1-7&_nc_sid=c53f8f&_nc_ohc=9GrACiLYz58Q7kNvwEMeQHj&_nc_oc=AdoBCdIQxTQK4h-JQ55YSGoz1x1OHZGXkqF2v7BwWgzyed88Ooj2jwfHRtshgYLyaGU&_nc_zt=14&_nc_ht=scontent-ams2-1.xx&_nc_gid=jzxmhqiIbExOaC20qoYW7A&_nc_ss=7f180&oh=00_AQAokbPNoPJMw1CcBt4INOSwrHgOdiygkjV3MnVKyjn3Jg&oe=6A631E6B,,"['FACEBOOK', 'INSTAGRAM', 'AUDIENCE_NETWORK', 'MESSENGER', 'THREADS']",au,cw,facebook,social,2026-W29,2026-07,"FACEBOOK, INSTAGRAM, AUDIENCE_NETWORK, MESSENGER, THREADS",True,True,True,True,True,False,Brand/Category Page,True,False,False,2026-07-20,2026-05-19 07:00:00,2026-07-20 15:37:32.553203,62
1900670107272047,1734290164239538,True,2026-05-28 07:00:00,2026-07-18 07:00:00,Chemist Warehouse,Chemist Warehouse,Shop Raw Protein at Chemist Warehouse.,"ORGANIC
Not all protein works the same 👀
Raw is crafted for superior digestibility and absorption (and Low FODMAP certified), so your body can actually use it.",Shop now,VIDEO,https://www.chemistwarehouse.com.au/shop-online/2646/amazonia-raw?utm_source=facebook&utm_medium=social&utm_campaign=au_cw_coop_facebook_social_amazoniagroup_amazonia_1255_2026_bau_dynamic&utm_term=traffic&utm_content=video-instore,www.chemistwarehouse.com.au,/shop-online/2646/amazonia-raw,facebook,social,au_cw_coop_facebook_social_amazoniagroup_amazonia_1255_2026_bau_dynamic,1255,traffic,video-instore,Coop,Amazoniagroup,Amazonia,2026,dynamic,,,,,,"['FACEBOOK', 'INSTAGRAM', 'MESSENGER']",au,cw,facebook,social,2026-W29,2026-07,"FACEBOOK, INSTAGRAM, MESSENGER",True,True,False,True,False,False,Brand/Category Page,True,True,False,2026-07-20,2026-05-28 07:00:00,2026-07-20 15:37:32.553203,53
1357855142917328,1252239643389887,True,2026-05-13 07:00:00,2026-07-19 07:00:00,Chemist Warehouse,Chemist Warehouse,Get pro results now,"Salon-grade haircare, now in your hands! Shop L’Oréal Professionnel Metal Detox at Chemist Warehouse",Shop now,VIDEO,https://www.chemistwarehouse.com.au/buy/139310/l-oreal-professionnel-serie-expert-metal-detox-mask-250ml?utm_source=facebook&utm_medium=social&utm_campaign=au_cw_coop_facebook_social_lorealprofessional_lorealprofessionnel_129_2026_bau_dynamic&utm_term=traffic&utm_content=dynamic_stylist,www.chemistwarehouse.com.au,/buy/139310/l-oreal-professionnel-serie-expert-metal-detox-mask-250ml,facebook,social,au_cw_coop_facebook_social_lorealprofessional_lorealprofessionnel_129_2026_bau_dynamic,129,traffic,dynamic_stylist,Coop,Lorealprofessional,Lorealprofessionnel,2026,dynamic,,,,,,"['FACEBOOK', 'INSTAGRAM', 'AUDIENCE_NETWORK', 'MESSENGER', 'THREADS']",au,cw,facebook,social,2026-W29,2026-07,"FACEBOOK, INSTAGRAM, AUDIENCE_NETWORK, MESSENGER, THREADS",True,True,True,True,True,False,SKU Product,True,True,False,2026-07-20,2026-05-13 07:00:00,2026-07-20 15:37:32.553203,68
2048717032691524,961689096854414,True,2026-05-13 07:00:00,2026-07-19 07:00:00,Chemist Warehouse,Chemist Warehouse,{{product.name}},{{product.brand}},Shop now,DCO,https://www.chemistwarehouse.com.au/buy/166706/jshealth-creatine-255g?utm_source=facebook&utm_medium=social&utm_campaign=au_cw_coop_facebook_social_jshealthvitamins_jshealth_81_2026_100007-bau_image&utm_term=conversion&utm_content=image_creatine,www.chemistwarehouse.com.au,/buy/166706/jshealth-creatine-255g,facebook,social,au_cw_coop_facebook_social_jshealthvitamins_jshealth_81_2026_100007-bau_image,81,conversion,image_creatine,Coop,Jshealthvitamins,Jshealth,2026,image,NEW! JSHEALTH CREATINE+,"NEW! 5g Creatine Monohydrate + Taurine + Choline
✅Helps metabolism of fat
✅Supports muscle strength
✅Supports memory recall",Shop Now,https://scontent-ams2-1.xx.fbcdn.net/v/t39.35426-6/698434896_1471150047446278_976675696039007752_n.jpg?_nc_cat=102&ccb=1-7&_nc_sid=c53f8f&_nc_ohc=NxHOS2Hz8uMQ7kNvwF0Mrm3&_nc_oc=Adr8I9KaPDZba-5npC_PHlvlydBwvqLF94LYzgNZghqz7uXOX2AHen-kJU79eYBcdpM&_nc_zt=14&_nc_ht=scontent-ams2-1.xx&_nc_gid=jzxmhqiIbExOaC20qoYW7A&_nc_ss=7f180&oh=00_AQC5kf9ZPYi-hUgMhw6Rzi5wIcv7egfiLSFKG3XzJ-M-bg&oe=6A630620,,"['FACEBOOK', 'INSTAGRAM', 'MESSENGER']",au,cw,facebook,social,2026-W29,2026-07,"FACEBOOK, INSTAGRAM, MESSENGER",True,True,False,True,False,False,SKU Product,True,False,False,2026-07-20,2026-05-13 07:00:00,2026-07-20 15:37:32.553203,68
2160449001178587,,True,2026-06-01 07:00:00,2026-07-19 07:00:00,Chemist Warehouse,Chemist Warehouse,Discover the Organic Difference,"A pure start to life. Made with organic milk. Naturally gentle, made for little tummies. Discover the full range online today!",Learn more,IMAGE,https://fb.com/canvas_doc/703218122884048,fb.com,/canvas_doc/703218122884048,,,,,,,Not Specified,,,,,,,,,,"['FACEBOOK', 'INSTAGRAM', 'AUDIENCE_NETWORK', 'MESSENGER', 'THREADS']",,,,,2026-W29,2026-07,"FACEBOOK, INSTAGRAM, AUDIENCE_NETWORK, MESSENGER, THREADS",True,True,True,True,True,False,Internal/App Page,True,False,False,2026-07-20,2026-06-01 07:00:00,2026-07-20 15:37:32.553203,49
1660376241894074,1003875612077223,True,2026-05-12 07:00:00,2026-07-19 07:00:00,Chemist Warehouse,Chemist Warehouse,Matrix x KATSEYE: Hair in motion.,Matrix x KATSEYE: Pro haircare that transforms every choreography into a stunning hairography. Stage-ready hair!,Learn more,VIDEO,https://www.chemistwarehouse.com.au/shop-online/1066/matrix?utm_source=facebook&utm_medium=social&utm_campaign=au_cw_coop_facebook_social_lorealprofessional_matrix_129_2026_100047-bau_image&utm_term=reach&utm_content=image_curly,www.chemistwarehouse.com.au,/shop-online/1066/matrix,facebook,social,au_cw_coop_facebook_social_lorealprofessional_matrix_129_2026_100047-bau_image,129,reach,image_curly,Coop,Lorealprofessional,Matrix,2026,image,,,,,,"['FACEBOOK', 'INSTAGRAM', 'AUDIENCE_NETWORK', 'WHATSAPP', 'THREADS']",au,cw,facebook,social,2026-W29,2026-07,"FACEBOOK, INSTAGRAM, AUDIENCE_NETWORK, WHATSAPP, THREADS",True,True,True,False,True,True,Brand/Category Page,True,False,False,2026-07-20,2026-05-12 07:00:00,2026-07-20 15:37:32.553203,69
970312635964321,4402303753430343,True,2026-05-13 07:00:00,2026-07-19 07:00:00,Chemist Warehouse,Chemist Warehouse,{{product.name}},{{product.brand}},Shop now,DCO,https://www.chemistwarehouse.com.au/buy/166706/jshealth-creatine-255g?utm_source=facebook&utm_medium=social&utm_campaign=au_cw_coop_facebook_social_jshealthvitamins_jshealth_81_2026_100007-bau_image&utm_term=conversion&utm_content=image_creatine,www.chemistwarehouse.com.au,/buy/166706/jshealth-creatine-255g,facebook,social,au_cw_coop_facebook_social_jshealthvitamins_jshealth_81_2026_100007-bau_image,81,conversion,image_creatine,Coop,Jshealthvitamins,Jshealth,2026,image,NEW! JSHEALTH CREATINE+,"NEW! 5g Creatine Monohydrate + Taurine + Choline
✅Helps metabolism of fat
✅Supports muscle strength
✅Supports memory recall",Shop Now,https://scontent-ams2-1.xx.fbcdn.net/v/t39.35426-6/699492299_1331713858860826_7455153724674160520_n.jpg?_nc_cat=107&ccb=1-7&_nc_sid=c53f8f&_nc_ohc=tELD45t--hEQ7kNvwF79GOP&_nc_oc=AdqK_eeRNvSgEmrBX5yMpmVNxZ2Q0V_y7EX8OxgnmCG8lGOHvyQ8mBCzFhTAinFn0iM&_nc_zt=14&_nc_ht=scontent-ams2-1.xx&_nc_gid=jzxmhqiIbExOaC20qoYW7A&_nc_ss=7f180&oh=00_AQBj4gLJpdUFCVHxaz3ICTpbsM4O4f2FSu2EgZfEa4b3_w&oe=6A631364,,"['FACEBOOK', 'INSTAGRAM', 'MESSENGER']",au,cw,facebook,social,2026-W29,2026-07,"FACEBOOK, INSTAGRAM, MESSENGER",True,True,False,True,False,False,SKU Product,True,False,False,2026-07-20,2026-05-13 07:00:00,2026-07-20 15:37:32.553203,68
4357167681163000,1318980966999194,True,2026-05-11 07:00:00,2026-07-19 07:00:00,Chemist Warehouse,Chemist Warehouse,Our Ultimate Sleep Combination,Sleep with Eze: Ultra Muscleze Night + L-Theanine,Shop now,VIDEO,https://www.chemistwarehouse.com.au/shop-online/4395/bioceuticals?utm_source=facebook&utm_medium=social&utm_campaign=au_cw_coop_facebook_social_blackmoreslimited_bioceuticals_81_2026_100087-bau_video-image&utm_term=traffic&utm_content=video-image_video-may26,www.chemistwarehouse.com.au,/shop-online/4395/bioceuticals,facebook,social,au_cw_coop_facebook_social_blackmoreslimited_bioceuticals_81_2026_100087-bau_video-image,81,traffic,video-image_video-may26,Coop,Blackmoreslimited,Bioceuticals,2026,video-image,,,,,,"['FACEBOOK', 'INSTAGRAM', 'MESSENGER']",au,cw,facebook,social,2026-W29,2026-07,"FACEBOOK, INSTAGRAM, MESSENGER",True,True,False,True,False,False,Brand/Category Page,True,False,False,2026-07-20,2026-05-11 07:00:00,2026-07-20 15:37:32.553203,70
1513813857007329,,True,2026-06-01 07:00:00,2026-07-19 07:00:00,Chemist Warehouse,Chemist Warehouse,Discover the Organic Difference,"A pure start to life. Made with organic milk. Naturally gentle, made for little tummies. Discover the full range online today!",Learn more,IMAGE,https://fb.com/canvas_doc/703218122884048,fb.com,/canvas_doc/703218122884048,,,,,,,Not Specified,,,,,,,,,,"['FACEBOOK', 'INSTAGRAM', 'AUDIENCE_NETWORK', 'MESSENGER', 'THREADS']",,,,,2026-W29,2026-07,"FACEBOOK, INSTAGRAM, AUDIENCE_NETWORK, MESSENGER, THREADS",True,True,True,True,True,False,Internal/App Page,True,False,False,2026-07-20,2026-06-01 07:00:00,2026-07-20 15:37:32.553203,49
2058468231747978,1471563510977882,True,2026-05-10 07:00:00,2026-07-16 07:00:00,Chemist Warehouse,Chemist Warehouse,Shop Comvita Olive Leaf extract,"Immune Support Made Easy. Mix it in, sip it down, or take it straight. Get 'the good Leaf' for daily immune system maintenance.",Shop now,VIDEO,https://fb.com/canvas_doc/800019812579052,fb.com,/canvas_doc/800019812579052,,,,,,,Not Specified,,,,,,,,,,"['FACEBOOK', 'INSTAGRAM', 'AUDIENCE_NETWORK', 'MESSENGER', 'THREADS']",,,,,2026-W29,2026-07,"FACEBOOK, INSTAGRAM, AUDIENCE_NETWORK, MESSENGER, THREADS",True,True,True,True,True,False,Internal/App Page,True,False,False,2026-07-20,2026-05-10 07:00:00,2026-07-20 15:37:32.553203,71
1693433628565379,1318980966999194,True,2026-05-11 07:00:00,2026-07-19 07:00:00,Chemist Warehouse,Chemist Warehouse,Our Ultimate Sleep Combination,Sleep with Eze: Ultra Muscleze Night + L-Theanine,Shop now,VIDEO,https://www.chemistwarehouse.com.au/shop-online/4395/bioceuticals?utm_source=facebook&utm_medium=social&utm_campaign=au_cw_coop_facebook_social_blackmoreslimited_bioceuticals_81_2026_100087-bau_video-image&utm_term=traffic&utm_content=video-image_video-may26,www.chemistwarehouse.com.au,/shop-online/4395/bioceuticals,facebook,social,au_cw_coop_facebook_social_blackmoreslimited_bioceuticals_81_2026_100087-bau_video-image,81,traffic,video-image_video-may26,Coop,Blackmoreslimited,Bioceuticals,2026,video-image,,,,,,"['FACEBOOK', 'INSTAGRAM', 'MESSENGER']",au,cw,facebook,social,2026-W29,2026-07,"FACEBOOK, INSTAGRAM, MESSENGER",True,True,False,True,False,False,Brand/Category Page,True,False,False,2026-07-20,2026-05-11 07:00:00,2026-07-20 15:37:32.553203,70
1734871017873989,3521773081330709,True,2026-05-31 07:00:00,2026-07-18 07:00:00,Chemist Warehouse,Chemist Warehouse,Discover the Organic Difference,"A pure start to life. Made with organic milk. Naturally gentle, made for little tummies. Discover the full range online today!",See details,VIDEO,https://fb.com/canvas_doc/974225728730321,fb.com,/canvas_doc/974225728730321,,,,,,,Not Specified,,,,,,,,,,"['FACEBOOK', 'INSTAGRAM', 'AUDIENCE_NETWORK', 'MESSENGER', 'THREADS']",,,,,2026-W29,2026-07,"FACEBOOK, INSTAGRAM, AUDIENCE_NETWORK, MESSENGER, THREADS",True,True,True,True,True,False,Internal/App Page,True,False,False,2026-07-20,2026-05-31 07:00:00,2026-07-20 15:37:32.553203,50
920166254418124,,True,2026-05-10 07:00:00,2026-07-19 07:00:00,Chemist Warehouse,Chemist Warehouse,Antioxidant Olive Power,Antioxidant Powerhouse. High-quality Olive Leaf Extract helps reduce free radicals formed in the body. Start your support now!,Learn more,IMAGE,https://fb.com/canvas_doc/1706628247373592,fb.com,/canvas_doc/1706628247373592,,,,,,,Not Specified,,,,,,,,,,"['FACEBOOK', 'INSTAGRAM', 'AUDIENCE_NETWORK', 'MESSENGER', 'THREADS']",,,,,2026-W29,2026-07,"FACEBOOK, INSTAGRAM, AUDIENCE_NETWORK, MESSENGER, THREADS",True,True,True,True,True,False,Internal/App Page,True,False,False,2026-07-20,2026-05-10 07:00:00,2026-07-20 15:37:32.553203,71
1521509829408984,,True,2026-05-10 07:00:00,2026-07-19 07:00:00,Chemist Warehouse,Chemist Warehouse,The Power of Olive Leaf for Your Immunity,"Your Daily Wellness Ritual. Add 'the good Leaf' to your tea, smoothie, or take it neat. Supports general health & wellbeing.",Learn more,IMAGE,https://fb.com/canvas_doc/1878912039423254,fb.com,/canvas_doc/1878912039423254,,,,,,,Not Specified,,,,,,,,,,"['FACEBOOK', 'INSTAGRAM', 'AUDIENCE_NETWORK', 'MESSENGER', 'THREADS']",,,,,2026-W29,2026-07,"FACEBOOK, INSTAGRAM, AUDIENCE_NETWORK, MESSENGER, THREADS",True,True,True,True,True,False,Internal/App Page,True,False,False,2026-07-20,2026-05-10 07:00:00,2026-07-20 15:37:32.553203,71
1638982337311751,,True,2026-05-10 07:00:00,2026-07-19 07:00:00,Chemist Warehouse,Chemist Warehouse,Relieve inflammation & Support cardiovascular system health,"Soothe & Support. Traditionally used in herbal medicine to relieve inflammation and cough, Feel the difference.",Learn more,IMAGE,https://fb.com/canvas_doc/1259499519482851,fb.com,/canvas_doc/1259499519482851,,,,,,,Not Specified,,,,,,,,,,"['FACEBOOK', 'INSTAGRAM', 'AUDIENCE_NETWORK', 'MESSENGER', 'THREADS']",,,,,2026-W29,2026-07,"FACEBOOK, INSTAGRAM, AUDIENCE_NETWORK, MESSENGER, THREADS",True,True,True,True,True,False,Internal/App Page,True,False,False,2026-07-20,2026-05-10 07:00:00,2026-07-20 15:37:32.553203,71
1479304053030733,,True,2026-05-10 07:00:00,2026-07-17 07:00:00,Chemist Warehouse,Chemist Warehouse,Start Immune Support with the good Leaf,Your Immune Defense. Start Immune Support with the good Leaf! Traditionally used in herbal medicine to support healthy immunity.,Learn more,IMAGE,https://fb.com/canvas_doc/784354201414867,fb.com,/canvas_doc/784354201414867,,,,,,,Not Specified,,,,,,,,,,"['FACEBOOK', 'INSTAGRAM', 'AUDIENCE_NETWORK', 'MESSENGER', 'THREADS']",,,,,2026-W29,2026-07,"FACEBOOK, INSTAGRAM, AUDIENCE_NETWORK, MESSENGER, THREADS",True,True,True,True,True,False,Internal/App Page,True,False,False,2026-07-20,2026-05-10 07:00:00,2026-07-20 15:37:32.553203,71
1586965875697681,,True,2026-05-13 07:00:00,2026-07-19 07:00:00,Chemist Warehouse,Chemist Warehouse,Crafted by Nature. Trusted by You,"Not all Mānuka is equal. Comvita UMF™ Mānuka Honey is NZ sourced & UMF™ certified. 50 years of wellness, 50 years of experience.",Shop now,IMAGE,https://fb.com/canvas_doc/1273147721157551,fb.com,/canvas_doc/1273147721157551,,,,,,,Not Specified,,,,,,,,,,"['FACEBOOK', 'INSTAGRAM', 'AUDIENCE_NETWORK', 'MESSENGER', 'THREADS']",,,,,2026-W29,2026-07,"FACEBOOK, INSTAGRAM, AUDIENCE_NETWORK, MESSENGER, THREADS",True,True,True,True,True,False,Internal/App Page,True,False,False,2026-07-20,2026-05-13 07:00:00,2026-07-20 15:37:32.553203,68
1390359152903766,,True,2026-05-10 07:00:00,2026-07-18 07:00:00,Chemist Warehouse,Chemist Warehouse,Start Immune Support with the good Leaf,Your Immune Defense. Start Immune Support with the good Leaf! Traditionally used in herbal medicine to support healthy immunity.,Learn more,IMAGE,https://fb.com/canvas_doc/1651847252726452,fb.com,/canvas_doc/1651847252726452,,,,,,,Not Specified,,,,,,,,,,"['FACEBOOK', 'INSTAGRAM', 'AUDIENCE_NETWORK', 'MESSENGER', 'THREADS']",,,,,2026-W29,2026-07,"FACEBOOK, INSTAGRAM, AUDIENCE_NETWORK, MESSENGER, THREADS",True,True,True,True,True,False,Internal/App Page,True,False,False,2026-07-20,2026-05-10 07:00:00,2026-07-20 15:37:32.553203,71
1676732083478433,1452537026921100,True,2026-05-25 07:00:00,2026-07-19 07:00:00,Chemist Warehouse,Chemist Warehouse,Choose High‑Quality Ester-C Vitamin C for Family,GO ESTER‑C® products contain high‑quality Ester‑C® Vitamin C with superior absorption. Non‑acidic and gentle on the stomach.,Shop now,VIDEO,https://www.chemistwarehouse.com.au/shop-online/2997/go-healthy?utm_source=facebook&utm_medium=social&utm_campaign=au_cw_coop_facebook_social_thebetterhealthcompanyaustralia_gohealthy_81_2026_bau_dynamic&utm_term=traffic&utm_content=image_branding,www.chemistwarehouse.com.au,/shop-online/2997/go-healthy,facebook,social,au_cw_coop_facebook_social_thebetterhealthcompanyaustralia_gohealthy_81_2026_bau_dynamic,81,traffic,image_branding,Coop,Thebetterhealthcompanyaustralia,Gohealthy,2026,dynamic,,,,,,"['FACEBOOK', 'INSTAGRAM', 'MESSENGER']",au,cw,facebook,social,2026-W29,2026-07,"FACEBOOK, INSTAGRAM, MESSENGER",True,True,False,True,False,False,Brand/Category Page,True,False,False,2026-07-20,2026-05-25 07:00:00,2026-07-20 15:37:32.553203,56
993299296429683,1452537026921100,True,2026-05-24 07:00:00,2026-07-19 07:00:00,Chemist Warehouse,Chemist Warehouse,Choose High‑Quality Ester-C Vitamin C for Family,GO ESTER‑C® products contain high‑quality Ester‑C® Vitamin C with superior absorption. Non‑acidic and gentle on the stomach.,Shop now,VIDEO,https://www.chemistwarehouse.com.au/shop-online/2997/go-healthy?utm_source=facebook&utm_medium=social&utm_campaign=au_cw_coop_facebook_social_thebetterhealthcompanyaustralia_gohealthy_81_2026_bau_dynamic&utm_term=traffic&utm_content=image_branding,www.chemistwarehouse.com.au,/shop-online/2997/go-healthy,facebook,social,au_cw_coop_facebook_social_thebetterhealthcompanyaustralia_gohealthy_81_2026_bau_dynamic,81,traffic,image_branding,Coop,Thebetterhealthcompanyaustralia,Gohealthy,2026,dynamic,,,,,,"['FACEBOOK', 'INSTAGRAM', 'MESSENGER']",au,cw,facebook,social,2026-W29,2026-07,"FACEBOOK, INSTAGRAM, MESSENGER",True,True,False,True,False,False,Brand/Category Page,True,False,False,2026-07-20,2026-05-24 07:00:00,2026-07-20 15:37:32.553203,57
3548138365350653,,True,2026-05-24 07:00:00,2026-07-16 07:00:00,Chemist Warehouse,Chemist Warehouse,Ester-C Vitamin C  for 24-Hour Immune Support,"""24-Hour Immune Support
GO ESTER-C® IMMUNE COMPLEX provides 24 hour immune support  with Ester-C® Vitamin C.""",Shop now,IMAGE,https://www.chemistwarehouse.com.au/shop-online/2997/go-healthy?utm_source=facebook&utm_medium=social&utm_campaign=au_cw_coop_facebook_social_thebetterhealthcompanyaustralia_gohealthy_81_2026_bau_dynamic&utm_term=traffic&utm_content=image_branding,www.chemistwarehouse.com.au,/shop-online/2997/go-healthy,facebook,social,au_cw_coop_facebook_social_thebetterhealthcompanyaustralia_gohealthy_81_2026_bau_dynamic,81,traffic,image_branding,Coop,Thebetterhealthcompanyaustralia,Gohealthy,2026,dynamic,,,,,,"['FACEBOOK', 'INSTAGRAM', 'MESSENGER']",au,cw,facebook,social,2026-W29,2026-07,"FACEBOOK, INSTAGRAM, MESSENGER",True,True,False,True,False,False,Brand/Category Page,True,False,False,2026-07-20,2026-05-24 07:00:00,2026-07-20 15:37:32.553203,57
1684438592748211,1002373845524484,True,2026-05-25 07:00:00,2026-07-19 07:00:00,Chemist Warehouse,Chemist Warehouse,Ester-C Vitamin C  for 24-Hour Immune Support,"24-Hour Immune Support
GO ESTER-C® IMMUNE COMPLEX provides 24 hour immune support  with Ester-C® Vitamin C.",Shop now,IMAGE,https://www.chemistwarehouse.com.au/shop-online/2997/go-healthy?utm_source=facebook&utm_medium=social&utm_campaign=au_cw_coop_facebook_social_thebetterhealthcompanyaustralia_gohealthy_81_2026_bau_dynamic&utm_term=traffic&utm_content=image_branding,www.chemistwarehouse.com.au,/shop-online/2997/go-healthy,facebook,social,au_cw_coop_facebook_social_thebetterhealthcompanyaustralia_gohealthy_81_2026_bau_dynamic,81,traffic,image_branding,Coop,Thebetterhealthcompanyaustralia,Gohealthy,2026,dynamic,,,,,,"['FACEBOOK', 'INSTAGRAM', 'MESSENGER']",au,cw,facebook,social,2026-W29,2026-07,"FACEBOOK, INSTAGRAM, MESSENGER",True,True,False,True,False,False,Brand/Category Page,True,False,False,2026-07-20,2026-05-25 07:00:00,2026-07-20 15:37:32.553203,56
1695901134853247,,True,2026-05-14 07:00:00,2026-07-14 07:00:00,Chemist Warehouse,Chemist Warehouse,Powered with Certified UMF™ 10+ Mānuka Honey,"Powered with Certified UMF 10+ Mānuka Honey to work alongside Vitamin C to get children back to their playful, super selves again.",Shop now,IMAGE,https://fb.com/canvas_doc/1295679729364170,fb.com,/canvas_doc/1295679729364170,,,,,,,Not Specified,,,,,,,,,,"['FACEBOOK', 'INSTAGRAM', 'AUDIENCE_NETWORK', 'MESSENGER', 'THREADS']",,,,,2026-W29,2026-07,"FACEBOOK, INSTAGRAM, AUDIENCE_NETWORK, MESSENGER, THREADS",True,True,True,True,True,False,Internal/App Page,True,False,False,2026-07-20,2026-05-14 07:00:00,2026-07-20 15:37:32.553203,67
3443525339158644,,True,2026-05-13 07:00:00,2026-07-19 07:00:00,Chemist Warehouse,Chemist Warehouse,"Comvita, 50 years of Wellness","Comvita, 50 years of Wellness with your family.  Manuka honey, Olive Leaf Extract, Manuka honey Lozenges.  Whats your go to?",Shop now,IMAGE,https://fb.com/canvas_doc/1765553881494167,fb.com,/canvas_doc/1765553881494167,,,,,,,Not Specified,,,,,,,,,,"['FACEBOOK', 'INSTAGRAM', 'AUDIENCE_NETWORK', 'MESSENGER', 'THREADS']",,,,,2026-W29,2026-07,"FACEBOOK, INSTAGRAM, AUDIENCE_NETWORK, MESSENGER, THREADS",True,True,True,True,True,False,Internal/App Page,True,False,False,2026-07-20,2026-05-13 07:00:00,2026-07-20 15:37:32.553203,68
979779918133855,1986207988645081,True,2026-05-06 07:00:00,2026-07-19 07:00:00,Chemist Warehouse,Chemist Warehouse,{{product.name}},{{product.brand}},Shop now,DCO,https://www.chemistwarehouse.com.au/shop-online/2128/bio-island?utm_source=facebook&utm_medium=social&utm_campaign=au_cw_oa_facebook_social_jbxptyltd_bioisland_81_2026_100293-oa_video-image&utm_term=traffic&utm_content=video-image_all,www.chemistwarehouse.com.au,/shop-online/2128/bio-island,facebook,social,au_cw_oa_facebook_social_jbxptyltd_bioisland_81_2026_100293-oa_video-image,81,traffic,video-image_all,O&O,Jbxptyltd,Bioisland,2026,video-image,Healthy bones for children and adults,Support bone health in children with Bio Island Milk Calcium for Kids and in adults with Bio Island Milk Calcium Bone Care.,Shop Now,https://scontent-ams2-1.xx.fbcdn.net/v/t39.35426-6/687036995_1308299160813374_1763037945416845930_n.jpg?_nc_cat=103&ccb=1-7&_nc_sid=c53f8f&_nc_ohc=5ffZK-mMZcgQ7kNvwGoIl10&_nc_oc=Adp6sTPuH7YMiTt0hjWh2rhVw7bgRpewJ6RIXXLpWBs94fCjXDVbZVkQYDpPjgDGDxk&_nc_zt=14&_nc_ht=scontent-ams2-1.xx&_nc_gid=LNN4Ta-uY0qkh1rFTGN6OA&_nc_ss=7f180&oh=00_AQAvDXWXveOwCmoReXDgTOFZEaju_8lCf9p1_ryY885wUg&oe=6A63166C,,"['FACEBOOK', 'INSTAGRAM', 'AUDIENCE_NETWORK', 'MESSENGER', 'THREADS']",au,cw,facebook,social,2026-W29,2026-07,"FACEBOOK, INSTAGRAM, AUDIENCE_NETWORK, MESSENGER, THREADS",True,True,True,True,True,False,Brand/Category Page,True,False,False,2026-07-20,2026-05-06 07:00:00,2026-07-20 15:37:32.553203,75
2894545674233264,956036527222536,True,2026-05-19 07:00:00,2026-07-19 07:00:00,Chemist Warehouse,Chemist Warehouse,Shop at Chemist Warehouse,"Pick up your Bio Oil essentials @ Chemist Warehouse. It’s clinically proven to help reduce the appearance of stretch marks and scars 1,2, and keeps my skin super hydrated.

#chemistwarehouse #biooil

Disclaimer: 1. ProDerm Institute for Applied Dermatological Research, Hamburg, Germany, 2010 (scars study), n=36. 2 ProDerm Institute for Applied Dermatological Research, Hamburg, Germany, 2010 (stretch mark study) n=38.",Shop now,VIDEO,https://www.chemistwarehouse.com.au/shop-online/1383/bio-oil?utm_source=facebook&utm_medium=social&utm_campaign=au_cw_oa_facebook_social_aspenpharmacareaustralia_biooil_665_may26_100386-oa_video-image&utm_term=traffic&utm_content=video-image_influencer-ella,www.chemistwarehouse.com.au,/shop-online/1383/bio-oil,facebook,social,au_cw_oa_facebook_social_aspenpharmacareaustralia_biooil_665_may26_100386-oa_video-image,665,traffic,video-image_influencer-ella,O&O,Aspenpharmacareaustralia,Biooil,may26,video-image,,,,,,"['FACEBOOK', 'INSTAGRAM', 'AUDIENCE_NETWORK', 'MESSENGER', 'THREADS']",au,cw,facebook,social,2026-W29,2026-07,"FACEBOOK, INSTAGRAM, AUDIENCE_NETWORK, MESSENGER, THREADS",True,True,True,True,True,False,Brand/Category Page,True,True,False,2026-07-20,2026-05-19 07:00:00,2026-07-20 15:37:32.553203,62
807203672462941,1443863660379842,True,2026-05-06 07:00:00,2026-07-19 07:00:00,Chemist Warehouse,Chemist Warehouse,{{product.name}},{{product.brand}},Shop now,DCO,https://www.chemistwarehouse.com.au/shop-online/2128/bio-island?utm_source=facebook&utm_medium=social&utm_campaign=au_cw_oa_facebook_social_jbxptyltd_bioisland_81_2026_100293-oa_video-image&utm_term=traffic&utm_content=video-image_all,www.chemistwarehouse.com.au,/shop-online/2128/bio-island,facebook,social,au_cw_oa_facebook_social_jbxptyltd_bioisland_81_2026_100293-oa_video-image,81,traffic,video-image_all,O&O,Jbxptyltd,Bioisland,2026,video-image,Healthy Eye Development,Bio Island VitaEyes for Children helps maintain healthy eye development and support eye health in children.,Shop Now,https://scontent-ams2-1.xx.fbcdn.net/v/t39.35426-6/693262126_833477203144864_1939203933577123748_n.jpg?_nc_cat=101&ccb=1-7&_nc_sid=c53f8f&_nc_ohc=f4Lu3eV6zIIQ7kNvwHkYbN8&_nc_oc=AdpRAhPW_HF9QuVTs_xHtcHP9ene5vAIYWrg4sOhUASNoc2CRJToX77l_9edbNxXmUg&_nc_zt=14&_nc_ht=scontent-ams2-1.xx&_nc_gid=LNN4Ta-uY0qkh1rFTGN6OA&_nc_ss=7f180&oh=00_AQD9MbSTLqTeuMg24JiIwfPVQjQIEpxgrgHlWXCGSa9ceA&oe=6A633578,,"['FACEBOOK', 'INSTAGRAM', 'AUDIENCE_NETWORK', 'MESSENGER', 'THREADS']",au,cw,facebook,social,2026-W29,2026-07,"FACEBOOK, INSTAGRAM, AUDIENCE_NETWORK, MESSENGER, THREADS",True,True,True,True,True,False,Brand/Category Page,True,False,False,2026-07-20,2026-05-06 07:00:00,2026-07-20 15:37:32.553203,75
1583135802752826,,True,2026-05-19 07:00:00,2026-07-19 07:00:00,Chemist Warehouse,Chemist Warehouse,SHOP LA ROCHE-POSAY ANTI-AGEING SKINCARE,"Recommended by Dermatologists, explore anti-ageing, hydrating and brightening serums for effective, targeted results.",Shop now,IMAGE,https://fb.com/canvas_doc/992994927017582,fb.com,/canvas_doc/992994927017582,,,,,,,Not Specified,,,,,,,,,,"['FACEBOOK', 'INSTAGRAM', 'AUDIENCE_NETWORK', 'MESSENGER', 'THREADS']",,,,,2026-W29,2026-07,"FACEBOOK, INSTAGRAM, AUDIENCE_NETWORK, MESSENGER, THREADS",True,True,True,True,True,False,Internal/App Page,True,False,False,2026-07-20,2026-05-19 07:00:00,2026-07-20 15:37:32.553203,62
1866274054328561,3022202141303794,True,2026-05-06 07:00:00,2026-07-19 07:00:00,Chemist Warehouse,Chemist Warehouse,{{product.name}},{{product.brand}},Shop now,DCO,https://www.chemistwarehouse.com.au/shop-online/2128/bio-island?utm_source=facebook&utm_medium=social&utm_campaign=au_cw_oa_facebook_social_jbxptyltd_bioisland_81_2026_100293-oa_video-image&utm_term=traffic&utm_content=video-image_all,www.chemistwarehouse.com.au,/shop-online/2128/bio-island,facebook,social,au_cw_oa_facebook_social_jbxptyltd_bioisland_81_2026_100293-oa_video-image,81,traffic,video-image_all,O&O,Jbxptyltd,Bioisland,2026,video-image,Supporting a healthy pregnancy,Bio Island DHA for Pregnancy supports a healthy pregnancy and maternal health.,Shop Now,https://scontent-ams2-1.xx.fbcdn.net/v/t39.35426-6/690634412_2463169300777106_7732025411437433183_n.jpg?_nc_cat=103&ccb=1-7&_nc_sid=c53f8f&_nc_ohc=2GpctDpjll4Q7kNvwGPqN00&_nc_oc=Adp-zZ9OG-isPOQA045EKyQtYbmArUYqazz-RBOrZGlS8f8JkcaRjGuTSa_z11Til2Y&_nc_zt=14&_nc_ht=scontent-ams2-1.xx&_nc_gid=LNN4Ta-uY0qkh1rFTGN6OA&_nc_ss=7f180&oh=00_AQB_dJW-h6XDOZEpG3qJEwjgRzIuU5NVjyAO4t9PgJgisA&oe=6A632F01,,"['FACEBOOK', 'INSTAGRAM', 'AUDIENCE_NETWORK', 'MESSENGER', 'THREADS']",au,cw,facebook,social,2026-W29,2026-07,"FACEBOOK, INSTAGRAM, AUDIENCE_NETWORK, MESSENGER, THREADS",True,True,True,True,True,False,Brand/Category Page,True,False,False,2026-07-20,2026-05-06 07:00:00,2026-07-20 15:37:32.553203,75
942651148614194,1676234176900971,True,2026-05-05 07:00:00,2026-07-14 07:00:00,Chemist Warehouse,Chemist Warehouse,{{product.name}},{{product.brand}},Shop now,DCO,https://www.chemistwarehouse.com.au/shop-online/705617/got2b?utm_source=facebook&utm_medium=social&utm_campaign=au_cw_coop_facebook_social_henkelaustraliaptyltd_all_129_2026_100455-bau_image&utm_term=traffic&utm_content=image_got2b,www.chemistwarehouse.com.au,/shop-online/705617/got2b,facebook,social,au_cw_coop_facebook_social_henkelaustraliaptyltd_all_129_2026_100455-bau_image,129,traffic,image_got2b,Coop,Henkelaustraliaptyltd,All,2026,image,"Reset your style, ready to re-style!","got2b Un-Glued Styling Remover Foam, removes styling build up without washing. Gentle on scalp, and all hair types.",Shop Now,https://scontent-ams2-1.xx.fbcdn.net/v/t39.35426-6/686941020_1487114409861199_3332919513462306284_n.jpg?_nc_cat=110&ccb=1-7&_nc_sid=c53f8f&_nc_ohc=mBYMhdGFaC0Q7kNvwFMNCoQ&_nc_oc=AdrDrGfxB28SPOlgIEr1zrTZkuyZrtDuqJbSqCs5SgmhpFVe3CtHqXKc0D9vIohaA8I&_nc_zt=14&_nc_ht=scontent-ams2-1.xx&_nc_gid=LNN4Ta-uY0qkh1rFTGN6OA&_nc_ss=7f180&oh=00_AQBFiXFN0v6y2cmHJ16huQPV23mcPCfazo5rwF5ttaX_ig&oe=6A632635,,"['FACEBOOK', 'INSTAGRAM']",au,cw,facebook,social,2026-W29,2026-07,"FACEBOOK, INSTAGRAM",True,True,False,False,False,False,Brand/Category Page,True,False,False,2026-07-20,2026-05-05 07:00:00,2026-07-20 15:37:32.553203,76
2054850708709947,,True,2026-05-19 07:00:00,2026-07-19 07:00:00,Chemist Warehouse,Chemist Warehouse,SHOP THE LA ROCHE-POSAY RANGE,"Recommended by Dermatologists, explore solutions for anti-ageing, acne, pigmentation and more.",Shop now,IMAGE,https://fb.com/canvas_doc/1270369865242337,fb.com,/canvas_doc/1270369865242337,,,,,,,Not Specified,,,,,,,,,,"['FACEBOOK', 'INSTAGRAM', 'AUDIENCE_NETWORK', 'MESSENGER', 'THREADS']",,,,,2026-W29,2026-07,"FACEBOOK, INSTAGRAM, AUDIENCE_NETWORK, MESSENGER, THREADS",True,True,True,True,True,False,Internal/App Page,True,False,False,2026-07-20,2026-05-19 07:00:00,2026-07-20 15:37:32.553203,62
1086842041185489,2063190221079100,True,2026-05-05 07:00:00,2026-07-19 07:00:00,Chemist Warehouse,Chemist Warehouse,{{product.name}},{{product.brand}},Shop now,DCO,https://www.chemistwarehouse.com.au/search?query=schwarzkopf%20brilliancce&contexts=default?utm_source=facebook&utm_medium=social&utm_campaign=au_cw_coop_facebook_social_henkelaustraliaptyltd_all_129_2026_100455-bau_image&utm_term=traffic&utm_content=image_brilliance,www.chemistwarehouse.com.au,/search,,social,au_cw_coop_facebook_social_henkelaustraliaptyltd_all_129_2026_100455-bau_image,129,traffic,image_brilliance,Coop,Henkelaustraliaptyltd,All,2026,image,Reviving Hair Colour & Shine,Bring your colour and shine back to life between salon visits with Brilliance Hair Gloss.,Shop Now,https://scontent-ams2-1.xx.fbcdn.net/v/t39.35426-6/691690145_1507463060886604_3113262809813394141_n.jpg?_nc_cat=103&ccb=1-7&_nc_sid=c53f8f&_nc_ohc=cXPVHUM90sQQ7kNvwEPLtJo&_nc_oc=AdpfuBUe537GnWrcK9oK5GQmxGfwtZ1IEGmAxLoRpJ6A_TN6GTxyL3LYgFYQoLeVZRA&_nc_zt=14&_nc_ht=scontent-ams2-1.xx&_nc_gid=LNN4Ta-uY0qkh1rFTGN6OA&_nc_ss=7f180&oh=00_AQBvoxT_70QJuvI3dL4h0YFqvWNYB3GTIRYGgIYrywx60g&oe=6A630F7E,,"['FACEBOOK', 'INSTAGRAM']",au,cw,facebook,social,2026-W29,2026-07,"FACEBOOK, INSTAGRAM",True,True,False,False,False,False,Search Page,True,False,False,2026-07-20,2026-05-05 07:00:00,2026-07-20 15:37:32.553203,76
1282247033498726,1346717163951978,True,2026-05-05 07:00:00,2026-07-18 07:00:00,Chemist Warehouse,Chemist Warehouse,{{product.name}},{{product.brand}},Shop now,DCO,https://www.chemistwarehouse.com.au/shop-online/705617/got2b?utm_source=facebook&utm_medium=social&utm_campaign=au_cw_coop_facebook_social_henkelaustraliaptyltd_all_129_2026_100455-bau_image&utm_term=traffic&utm_content=image_got2b,www.chemistwarehouse.com.au,/shop-online/705617/got2b,facebook,social,au_cw_coop_facebook_social_henkelaustraliaptyltd_all_129_2026_100455-bau_image,129,traffic,image_got2b,Coop,Henkelaustraliaptyltd,All,2026,image,Celebrate and Empower your Curls,"got2b Curlz, discover our new styling range for naturally wavy, curly & oily hair",Shop Now,https://scontent-ams2-1.xx.fbcdn.net/v/t39.35426-6/690886016_1803776090607741_8639943303893471373_n.jpg?_nc_cat=103&ccb=1-7&_nc_sid=c53f8f&_nc_ohc=Ezlu7uI_ZzQQ7kNvwFXIL6p&_nc_oc=AdpI34FiznWyIjIY8fSciokHVdvt1E1OVGWfmvnDSW9Sd5Ga5PUXhTGWVdh4kX_ep-A&_nc_zt=14&_nc_ht=scontent-ams2-1.xx&_nc_gid=LNN4Ta-uY0qkh1rFTGN6OA&_nc_ss=7f180&oh=00_AQBkTy3SAmALuKp1nni1Sfhq9K--ZkiLOK3kUDk_01U8yg&oe=6A632206,,"['FACEBOOK', 'INSTAGRAM']",au,cw,facebook,social,2026-W29,2026-07,"FACEBOOK, INSTAGRAM",True,True,False,False,False,False,Brand/Category Page,True,False,False,2026-07-20,2026-05-05 07:00:00,2026-07-20 15:37:32.553203,76
953598790743442,1523199869200654,True,2026-05-04 07:00:00,2026-07-17 07:00:00,Chemist Warehouse,Chemist Warehouse,{{product.name}},{{product.brand}},Shop now,DCO,https://www.chemistwarehouse.com.au/search?query=Schwarzkopf%20full%20protect&contexts=default&utm_source=facebook&utm_medium=social&utm_campaign=au_cw_coop_facebook_social_henkelaustraliaptyltd_all_129_2026_100455-bau_image&utm_term=traffic&utm_content=image_extra-care,www.chemistwarehouse.com.au,/search,facebook,social,au_cw_coop_facebook_social_henkelaustraliaptyltd_all_129_2026_100455-bau_image,129,traffic,image_extra-care,Coop,Henkelaustraliaptyltd,All,2026,image,"Fuller, Stronger Hair","Schwarzkopf Extra Care Full Hair Protect Hair, infused with Caffeine & Peptides for fragile and weak hair",Shop Now,https://scontent-ams2-1.xx.fbcdn.net/v/t39.35426-6/689467340_962580133302066_9139549444152236601_n.jpg?_nc_cat=111&ccb=1-7&_nc_sid=c53f8f&_nc_ohc=53PsR2wjCAIQ7kNvwENYvUh&_nc_oc=Adod-9WFkxm6pbOIo_7ggaf1_NVESXnUFMy5j3zgp1miGiHnauAH6VZbLbr8KGI9Keg&_nc_zt=14&_nc_ht=scontent-ams2-1.xx&_nc_gid=LNN4Ta-uY0qkh1rFTGN6OA&_nc_ss=7f180&oh=00_AQDzKgsHqjOlIInMJakfdzTs24XTAAG9WKQ-jci8oJafpQ&oe=6A631FB6,,"['FACEBOOK', 'INSTAGRAM']",au,cw,facebook,social,2026-W29,2026-07,"FACEBOOK, INSTAGRAM",True,True,False,False,False,False,Search Page,True,False,False,2026-07-20,2026-05-04 07:00:00,2026-07-20 15:37:32.553203,77
1019331707109036,2812296312436847,True,2026-05-05 07:00:00,2026-07-19 07:00:00,Chemist Warehouse,Chemist Warehouse,Shop at Chemist Warehouse.,Shop Raw Protein at Chemist Warehouse.,Shop now,VIDEO,https://www.chemistwarehouse.com.au/shop-online/2646/amazonia-raw?utm_source=facebook&utm_medium=social&utm_campaign=au_cw_coop_facebook_social_amazoniagroup_amazonia_1255_2026_bau_dynamic&utm_term=traffic&utm_content=video-instore,www.chemistwarehouse.com.au,/shop-online/2646/amazonia-raw,facebook,social,au_cw_coop_facebook_social_amazoniagroup_amazonia_1255_2026_bau_dynamic,1255,traffic,video-instore,Coop,Amazoniagroup,Amazonia,2026,dynamic,,,,,,"['FACEBOOK', 'INSTAGRAM', 'MESSENGER']",au,cw,facebook,social,2026-W29,2026-07,"FACEBOOK, INSTAGRAM, MESSENGER",True,True,False,True,False,False,Brand/Category Page,True,True,False,2026-07-20,2026-05-05 07:00:00,2026-07-20 15:37:32.553203,76
4342082292718056,1014942397628553,True,2026-05-12 07:00:00,2026-07-19 07:00:00,Chemist Warehouse,Chemist Warehouse,{{product.name}},{{product.brand}},Shop now,DCO,https://www.chemistwarehouse.com.au/buy/166706/jshealth-creatine-255g?utm_source=facebook&utm_medium=social&utm_campaign=au_cw_coop_facebook_social_jshealthvitamins_jshealth_81_2026_100007-bau_image&utm_term=conversion&utm_content=image_creatine,www.chemistwarehouse.com.au,/buy/166706/jshealth-creatine-255g,facebook,social,au_cw_coop_facebook_social_jshealthvitamins_jshealth_81_2026_100007-bau_image,81,conversion,image_creatine,Coop,Jshealthvitamins,Jshealth,2026,image,NEW! JSHEALTH CREATINE+,"NEW! 5g Creatine Monohydrate + Taurine + Choline
✅Helps metabolism of fat
✅Supports muscle strength
✅Supports memory recall",Shop Now,https://scontent-ams2-1.xx.fbcdn.net/v/t39.35426-6/700014548_1001278228990648_7883976621834824921_n.jpg?_nc_cat=105&ccb=1-7&_nc_sid=c53f8f&_nc_ohc=JfNhEGydMDoQ7kNvwHB6xRE&_nc_oc=AdoQQgC-X2VVYBDbNnIQc0DMFrKg3F0jz-hYnV87Q7QodoHZYgRfJtmK52NkJcvI5LM&_nc_zt=14&_nc_ht=scontent-ams2-1.xx&_nc_gid=jzxmhqiIbExOaC20qoYW7A&_nc_ss=7f180&oh=00_AQDOWD_6WBYshAYNphEkwuB8oPEsORg5wnwkBHKqbeRXXQ&oe=6A630055,,"['FACEBOOK', 'INSTAGRAM', 'MESSENGER']",au,cw,facebook,social,2026-W29,2026-07,"FACEBOOK, INSTAGRAM, MESSENGER",True,True,False,True,False,False,SKU Product,True,False,False,2026-07-20,2026-05-12 07:00:00,2026-07-20 15:37:32.553203,69
4082377828563960,3423006067847896,True,2026-05-12 07:00:00,2026-07-18 07:00:00,Chemist Warehouse,Chemist Warehouse,Matrix x KATSEYE: Hair in motion.,Matrix x KATSEYE: Pro haircare that transforms every choreography into a stunning hairography. Stage-ready hair!,Learn more,VIDEO,https://www.chemistwarehouse.com.au/shop-online/1066/matrix?utm_source=facebook&utm_medium=social&utm_campaign=au_cw_coop_facebook_social_lorealprofessional_matrix_129_2026_100047-bau_image&utm_term=reach&utm_content=image_curly,www.chemistwarehouse.com.au,/shop-online/1066/matrix,facebook,social,au_cw_coop_facebook_social_lorealprofessional_matrix_129_2026_100047-bau_image,129,reach,image_curly,Coop,Lorealprofessional,Matrix,2026,image,,,,,,"['FACEBOOK', 'INSTAGRAM', 'AUDIENCE_NETWORK', 'WHATSAPP', 'THREADS']",au,cw,facebook,social,2026-W29,2026-07,"FACEBOOK, INSTAGRAM, AUDIENCE_NETWORK, WHATSAPP, THREADS",True,True,True,False,True,True,Brand/Category Page,True,False,False,2026-07-20,2026-05-12 07:00:00,2026-07-20 15:37:32.553203,69
1373288237957959,2144390489682083,True,2026-05-05 07:00:00,2026-07-19 07:00:00,Chemist Warehouse,Chemist Warehouse,{{product.name}},{{product.brand}},Shop now,DCO,https://www.chemistwarehouse.com.au/search?query=schwarzkopf%20creme%20supreme&contexts=default&utm_source=facebook&utm_medium=social&utm_campaign=au_cw_coop_facebook_social_henkelaustraliaptyltd_all_129_2026_100455-bau_image&utm_term=traffic&utm_content=image_creme-supreme,www.chemistwarehouse.com.au,/search,facebook,social,au_cw_coop_facebook_social_henkelaustraliaptyltd_all_129_2026_100455-bau_image,129,traffic,image_creme-supreme,Coop,Henkelaustraliaptyltd,All,2026,image,"New Caring Colouration
","New Schwarzkopf Creme Supreme Permanent Hair Dye, 3-Step Bonding Caring Colour Creme for Long Lasting Grey Coverage",Shop Now,https://scontent-ams2-1.xx.fbcdn.net/v/t39.35426-6/686937431_2168758380643954_9048107328596638598_n.jpg?_nc_cat=100&ccb=1-7&_nc_sid=c53f8f&_nc_ohc=mqJInaZe0LAQ7kNvwErmnV3&_nc_oc=Adqx6YjM8jSSmAE-_HKtzon_U7VvI9ivDRF5PeoASyRe7A0jeHp89FY18rybeewvXnQ&_nc_zt=14&_nc_ht=scontent-ams2-1.xx&_nc_gid=LNN4Ta-uY0qkh1rFTGN6OA&_nc_ss=7f180&oh=00_AQA-VAlGLiXzrEb8jM18A1371IlJrNzHKie-cS7jCrABJw&oe=6A631D8D,,"['FACEBOOK', 'INSTAGRAM']",au,cw,facebook,social,2026-W29,2026-07,"FACEBOOK, INSTAGRAM",True,True,False,False,False,False,Search Page,True,False,False,2026-07-20,2026-05-05 07:00:00,2026-07-20 15:37:32.553203,76
2429256020910637,1633200058012679,True,2026-05-04 07:00:00,2026-07-18 07:00:00,Chemist Warehouse,Chemist Warehouse,{{product.name}},{{product.brand}},Learn more,DCO,https://www.chemistwarehouse.com.au/shop-online/705628/oli6?utm_source=facebook&utm_medium=social&utm_campaign=au_cw_coop_facebook_social_nuchevptyltd_oli6_20_2026_100001-bau_carousel-video&utm_term=traffic&utm_content=carousel-video_video-4,www.chemistwarehouse.com.au,/shop-online/705628/oli6,facebook,social,au_cw_coop_facebook_social_nuchevptyltd_oli6_20_2026_100001-bau_carousel-video,20,traffic,carousel-video_video-4,Coop,Nuchevptyltd,Oli6,2026,carousel-video,Real Support for Real Life,"Naturally vanilla, easy to mix, gentle on tummies. Nutrition made for busy families.
Food for special medical purposes. Must be used under medical supervision.",Learn More,,https://video-ams2-1.xx.fbcdn.net/o1/v/t2/f2/m366/AQNEAUX58CuAfHJbM9-lrPACNBBgafSo0igC-MTl1bfAZJQNHAh8S1BPxlkX5dxKIGHZBnV0KZ_0FFHZv7ztRNsebMjODJErR8FcDTX-NPEo7g.mp4?_nc_cat=105&_nc_sid=b66105&_nc_ht=video-ams2-1.xx.fbcdn.net&_nc_ohc=D8AaBTEY5KgQ7kNvwG32D-Z&efg=eyJ2ZW5jb2RlX3RhZyI6Inhwdl9wcm9ncmVzc2l2ZS5WSV9VU0VDQVNFX1BST0RVQ1RfVFlQRS4uQzMuNzIwLmRhc2hfaDI2NC1iYXNpYy1nZW4yXzcyMHAiLCJ4cHZfYXNzZXRfaWQiOjEzMDgwMzIxMTEyOTI1NDAsImFzc2V0X2FnZV9kYXlzIjo3NSwidmlfdXNlY2FzZV9pZCI6MTA3OTksImR1cmF0aW9uX3MiOjYsInVybGdlbl9zb3VyY2UiOiJ3d3cifQ%3D%3D&ccb=17-1&vs=7fc74b71a7fd8bb8&_nc_vs=HBksFQIYRWZiX2VwaGVtZXJhbC8zMzQxODYzOUMzRUMzNUFFN0FBODg1MTU2OUY3OUVBRl9tdF8xX3ZpZGVvX2Rhc2hpbml0Lm1wNBUAAsgBEgAVAhhAZmJfcGVybWFuZW50L0FFNDY0QkJCQkE3QkYzRkZFQkE1RTJCRDFGRjQ1NkJCX2F1ZGlvX2Rhc2hpbml0Lm1wNBUCAsgBEgAoABgAGwKIB3VzZV9vaWwBMRJwcm9ncmVzc2l2ZV9yZWNpcGUBMRUAACb4wcnVvunSBBUCKAJDMywXQBgAAAAAAAAYGWRhc2hfaDI2NC1iYXNpYy1nZW4yXzcyMHARAHUAZd6oAQA&_nc_gid=3OSPOl7BQNKkykcnS4mMaw&_nc_ss=7f180&_nc_zt=28&oh=00_AQAOApri1q-QppMJKg3JedWL2vIvRFnAxe_Xwk3HnRxEyw&oe=6A630777,"['FACEBOOK', 'INSTAGRAM', 'MESSENGER', 'THREADS']",au,cw,facebook,social,2026-W29,2026-07,"FACEBOOK, INSTAGRAM, MESSENGER, THREADS",True,True,False,True,True,False,Brand/Category Page,True,False,False,2026-07-20,2026-05-04 07:00:00,2026-07-20 15:37:32.553203,77
1092533500613841,1436269114922832,True,2026-05-04 07:00:00,2026-07-19 07:00:00,Chemist Warehouse,Chemist Warehouse,{{product.name}},{{product.brand}},Shop now,DCO,https://www.chemistwarehouse.com.au/search?query=schwarzkopf%20creme%20supreme&contexts=default&utm_source=facebook&utm_medium=social&utm_campaign=au_cw_coop_facebook_social_henkelaustraliaptyltd_all_129_2026_100455-bau_image&utm_term=traffic&utm_content=image_creme-supreme,www.chemistwarehouse.com.au,/search,facebook,social,au_cw_coop_facebook_social_henkelaustraliaptyltd_all_129_2026_100455-bau_image,129,traffic,image_creme-supreme,Coop,Henkelaustraliaptyltd,All,2026,image,New Caring Colouration,"New Schwarzkopf Creme Supreme Permanent Hair Dye, 3-Step Bonding Caring Colour Creme for Long Lasting Grey Coverage",Shop Now,https://scontent-ams2-1.xx.fbcdn.net/v/t39.35426-6/691001352_1548287033335783_7745333890431116126_n.jpg?_nc_cat=105&ccb=1-7&_nc_sid=c53f8f&_nc_ohc=cct7IDbaUfUQ7kNvwGhB5y-&_nc_oc=AdqOv5v7xGdN1NwFKnHUi6lBLGjUEtau6zhDu5Xpa6bAZc457MbldoDS542qcvqnhYY&_nc_zt=14&_nc_ht=scontent-ams2-1.xx&_nc_gid=LNN4Ta-uY0qkh1rFTGN6OA&_nc_ss=7f180&oh=00_AQCE7FWmT7EzbH7KqWM4lXgvG_l70RNh5CKhjYrGeUl0xA&oe=6A630748,,"['FACEBOOK', 'INSTAGRAM']",au,cw,facebook,social,2026-W29,2026-07,"FACEBOOK, INSTAGRAM",True,True,False,False,False,False,Search Page,True,False,False,2026-07-20,2026-05-04 07:00:00,2026-07-20 15:37:32.553203,77
816318781166976,1005846095153675,True,2026-05-04 07:00:00,2026-07-19 07:00:00,Chemist Warehouse,Chemist Warehouse,{{product.name}},{{product.brand}},Learn more,DCO,https://www.chemistwarehouse.com.au/shop-online/705628/oli6?utm_source=facebook&utm_medium=social&utm_campaign=au_cw_coop_facebook_social_nuchevptyltd_oli6_20_2026_100001-bau_carousel-video&utm_term=traffic&utm_content=carousel-video_static,www.chemistwarehouse.com.au,/shop-online/705628/oli6,facebook,social,au_cw_coop_facebook_social_nuchevptyltd_oli6_20_2026_100001-bau_carousel-video,20,traffic,carousel-video_static,Coop,Nuchevptyltd,Oli6,2026,carousel-video,Goat Milk. Gentle Relief.,Naturally A2 Protein. Goat Milk nutrition easier on little tummies.,Learn More,https://scontent-ams2-1.xx.fbcdn.net/v/t39.35426-6/687039743_826739443822227_768571941937856311_n.jpg?_nc_cat=101&ccb=1-7&_nc_sid=c53f8f&_nc_ohc=5Q1m-2aG-tcQ7kNvwEosC7R&_nc_oc=AdpvD74T5SIRtjipPU6u6IWCK8hSp6dyqKMjC2nVNEfjmpJzDyXh3Sn5E7hWpcOGz10&_nc_zt=14&_nc_ht=scontent-ams2-1.xx&_nc_gid=3OSPOl7BQNKkykcnS4mMaw&_nc_ss=7f180&oh=00_AQCzBNCNkfwcXDaIvI52_tFKUtUTpA_MH28ESgmRnGPZ2A&oe=6A630D1B,,"['FACEBOOK', 'INSTAGRAM', 'MESSENGER', 'THREADS']",au,cw,facebook,social,2026-W29,2026-07,"FACEBOOK, INSTAGRAM, MESSENGER, THREADS",True,True,False,True,True,False,Brand/Category Page,True,False,False,2026-07-20,2026-05-04 07:00:00,2026-07-20 15:37:32.553203,77
1978177189456565,1737498010955672,True,2026-05-04 07:00:00,2026-07-19 07:00:00,Chemist Warehouse,Chemist Warehouse,{{product.name}},{{product.brand}},Learn more,DCO,https://www.chemistwarehouse.com.au/shop-online/705628/oli6?utm_source=facebook&utm_medium=social&utm_campaign=au_cw_coop_facebook_social_nuchevptyltd_oli6_20_2026_100001-bau_carousel-video&utm_term=traffic&utm_content=carousel-video_static,www.chemistwarehouse.com.au,/shop-online/705628/oli6,facebook,social,au_cw_coop_facebook_social_nuchevptyltd_oli6_20_2026_100001-bau_carousel-video,20,traffic,carousel-video_static,Coop,Nuchevptyltd,Oli6,2026,carousel-video,Goat Milk. Gentle Relief.,Naturally A2 Protein. Goat Milk nutrition easier on little tummies.,Learn More,https://scontent-ams2-1.xx.fbcdn.net/v/t39.35426-6/690650455_4825427241018311_1170743132917936455_n.jpg?_nc_cat=109&ccb=1-7&_nc_sid=c53f8f&_nc_ohc=D10oDv6BjQUQ7kNvwH5RZrQ&_nc_oc=AdorU2KIkY0vVyuF_hGKUtKRwdE8UkO8q2ysaFxRSd7UfH7cxfM4uJ16Qvl2aBADB5Y&_nc_zt=14&_nc_ht=scontent-ams2-1.xx&_nc_gid=3OSPOl7BQNKkykcnS4mMaw&_nc_ss=7f180&oh=00_AQC6oz4rv6GSopg1hUtb3ytcFH1YgvPGuI1xl2_Qcokcmg&oe=6A630C3D,,"['FACEBOOK', 'INSTAGRAM', 'MESSENGER', 'THREADS']",au,cw,facebook,social,2026-W29,2026-07,"FACEBOOK, INSTAGRAM, MESSENGER, THREADS",True,True,False,True,True,False,Brand/Category Page,True,False,False,2026-07-20,2026-05-04 07:00:00,2026-07-20 15:37:32.553203,77
4004367129863403,1712851593223792,True,2026-05-03 07:00:00,2026-07-19 07:00:00,Chemist Warehouse,Chemist Warehouse,{{product.name}},{{product.brand}},Shop now,DCO,https://www.chemistwarehouse.com.au/shop-online/3144/optimum-nutrition?utm_source=facebook&utm_medium=social&utm_campaign=au_cw_coop_facebook_social_glanbiaperformancenutrition_optimumnutrition_1255_2026_bau_dynamic_100079&utm_term=traffic&utm_content=harley-reid,www.chemistwarehouse.com.au,/shop-online/3144/optimum-nutrition,facebook,social,au_cw_coop_facebook_social_glanbiaperformancenutrition_optimumnutrition_1255_2026_bau_dynamic_100079,1255,traffic,harley-reid,Coop,Glanbiaperformancenutrition,Optimumnutrition,2026,100079,Get The Optimum Advantage,"Hamiso ""The Hammer"" Will Do Anything To Keep The Optimum Advantage To Himself 💪",Shop Now,,https://video-ams2-1.xx.fbcdn.net/o1/v/t2/f2/m366/AQNrSUH6guu5oSP1WFo_tsx7AMSwWCDYLPizxaw7epjtKpzHaV1qrayrwwzTYFNs71gaoknQrr1u_u7ma4b2hVWWlsyhsxKeDdz37fE6Aw8MBQ.mp4?_nc_cat=110&_nc_sid=b66105&_nc_ht=video-ams2-1.xx.fbcdn.net&_nc_ohc=lWJMGgWWOD4Q7kNvwGKpuuX&efg=eyJ2ZW5jb2RlX3RhZyI6Inhwdl9wcm9ncmVzc2l2ZS5WSV9VU0VDQVNFX1BST0RVQ1RfVFlQRS4uQzMuNzIwLmRhc2hfaDI2NC1iYXNpYy1nZW4yXzcyMHAiLCJ4cHZfYXNzZXRfaWQiOjkyNjAxODI4MDMwNzE0MSwiYXNzZXRfYWdlX2RheXMiOjg4LCJ2aV91c2VjYXNlX2lkIjoxMDEzOSwiZHVyYXRpb25fcyI6MzIsInVybGdlbl9zb3VyY2UiOiJ3d3cifQ%3D%3D&ccb=17-1&vs=faa2c50d0de2cf8e&_nc_vs=HBksFQIYRWZiX2VwaGVtZXJhbC9DRDRERTk4RjMzMDI0ODlEOTM4MUYwNDFDRUJDMzg4Nl9tdF8xX3ZpZGVvX2Rhc2hpbml0Lm1wNBUAAsgBEgAVAhhAZmJfcGVybWFuZW50L0Q0NEFGNDZCOEMyN0U3QzFDNkI3RjUxNEQxOUMyNEIxX2F1ZGlvX2Rhc2hpbml0Lm1wNBUCAsgBEgAoABgAGwKIB3VzZV9vaWwBMRJwcm9ncmVzc2l2ZV9yZWNpcGUBMRUAACaK57nqrY2lAxUCKAJDMywXQEAPO2RaHKwYGWRhc2hfaDI2NC1iYXNpYy1nZW4yXzcyMHARAHUAZbaeAQA&_nc_gid=3OSPOl7BQNKkykcnS4mMaw&_nc_ss=7f180&_nc_zt=28&oh=00_AQCPf2k6XacK7UprDsfFipx8g0mR1ZaJ_cd_FyLeuB4D-Q&oe=6A630A46,"['FACEBOOK', 'INSTAGRAM', 'AUDIENCE_NETWORK', 'MESSENGER', 'THREADS']",au,cw,facebook,social,2026-W29,2026-07,"FACEBOOK, INSTAGRAM, AUDIENCE_NETWORK, MESSENGER, THREADS",True,True,True,True,True,False,Brand/Category Page,True,False,False,2026-07-20,2026-05-03 07:00:00,2026-07-20 15:37:32.553203,78
1324742463048209,1712851593223792,True,2026-05-03 07:00:00,2026-07-19 07:00:00,Chemist Warehouse,Chemist Warehouse,{{product.name}},{{product.brand}},Shop now,DCO,https://www.chemistwarehouse.com.au/shop-online/3144/optimum-nutrition?utm_source=facebook&utm_medium=social&utm_campaign=au_cw_coop_facebook_social_glanbiaperformancenutrition_optimumnutrition_1255_2026_bau_dynamic_100079&utm_term=traffic&utm_content=harley-reid,www.chemistwarehouse.com.au,/shop-online/3144/optimum-nutrition,facebook,social,au_cw_coop_facebook_social_glanbiaperformancenutrition_optimumnutrition_1255_2026_bau_dynamic_100079,1255,traffic,harley-reid,Coop,Glanbiaperformancenutrition,Optimumnutrition,2026,100079,Get The Optimum Advantage,"Hamiso ""The Hammer"" Will Do Anything To Keep The Optimum Advantage To Himself 💪",Shop Now,,https://video-ams2-1.xx.fbcdn.net/o1/v/t2/f2/m366/AQNrSUH6guu5oSP1WFo_tsx7AMSwWCDYLPizxaw7epjtKpzHaV1qrayrwwzTYFNs71gaoknQrr1u_u7ma4b2hVWWlsyhsxKeDdz37fE6Aw8MBQ.mp4?_nc_cat=110&_nc_sid=b66105&_nc_ht=video-ams2-1.xx.fbcdn.net&_nc_ohc=lWJMGgWWOD4Q7kNvwGKpuuX&efg=eyJ2ZW5jb2RlX3RhZyI6Inhwdl9wcm9ncmVzc2l2ZS5WSV9VU0VDQVNFX1BST0RVQ1RfVFlQRS4uQzMuNzIwLmRhc2hfaDI2NC1iYXNpYy1nZW4yXzcyMHAiLCJ4cHZfYXNzZXRfaWQiOjkyNjAxODI4MDMwNzE0MSwiYXNzZXRfYWdlX2RheXMiOjg4LCJ2aV91c2VjYXNlX2lkIjoxMDEzOSwiZHVyYXRpb25fcyI6MzIsInVybGdlbl9zb3VyY2UiOiJ3d3cifQ%3D%3D&ccb=17-1&vs=faa2c50d0de2cf8e&_nc_vs=HBksFQIYRWZiX2VwaGVtZXJhbC9DRDRERTk4RjMzMDI0ODlEOTM4MUYwNDFDRUJDMzg4Nl9tdF8xX3ZpZGVvX2Rhc2hpbml0Lm1wNBUAAsgBEgAVAhhAZmJfcGVybWFuZW50L0Q0NEFGNDZCOEMyN0U3QzFDNkI3RjUxNEQxOUMyNEIxX2F1ZGlvX2Rhc2hpbml0Lm1wNBUCAsgBEgAoABgAGwKIB3VzZV9vaWwBMRJwcm9ncmVzc2l2ZV9yZWNpcGUBMRUAACaK57nqrY2lAxUCKAJDMywXQEAPO2RaHKwYGWRhc2hfaDI2NC1iYXNpYy1nZW4yXzcyMHARAHUAZbaeAQA&_nc_gid=3OSPOl7BQNKkykcnS4mMaw&_nc_ss=7f180&_nc_zt=28&oh=00_AQCPf2k6XacK7UprDsfFipx8g0mR1ZaJ_cd_FyLeuB4D-Q&oe=6A630A46,"['FACEBOOK', 'INSTAGRAM', 'AUDIENCE_NETWORK', 'MESSENGER', 'THREADS']",au,cw,facebook,social,2026-W29,2026-07,"FACEBOOK, INSTAGRAM, AUDIENCE_NETWORK, MESSENGER, THREADS",True,True,True,True,True,False,Brand/Category Page,True,False,False,2026-07-20,2026-05-03 07:00:00,2026-07-20 15:37:32.553203,78
2471689026646571,1247483987150033,True,2026-05-03 07:00:00,2026-07-19 07:00:00,Chemist Warehouse,Chemist Warehouse,Get The Optimum Advantage,"Hamiso ""The Hammer"" Will Do Anything To Keep The Optimum Advantage To Himself 💪",Shop now,VIDEO,https://fb.com/canvas_doc/1491982315984268,fb.com,/canvas_doc/1491982315984268,,,,,,,Not Specified,,,,,,,,,,"['FACEBOOK', 'INSTAGRAM', 'AUDIENCE_NETWORK', 'MESSENGER', 'THREADS']",,,,,2026-W29,2026-07,"FACEBOOK, INSTAGRAM, AUDIENCE_NETWORK, MESSENGER, THREADS",True,True,True,True,True,False,Internal/App Page,True,False,False,2026-07-20,2026-05-03 07:00:00,2026-07-20 15:37:32.553203,78
3461855723980578,1247483987150033,True,2026-05-03 07:00:00,2026-07-18 07:00:00,Chemist Warehouse,Chemist Warehouse,Get The Optimum Advantage,"Hamiso ""The Hammer"" Will Do Anything To Keep The Optimum Advantage To Himself 💪",Shop now,VIDEO,https://fb.com/canvas_doc/1491982315984268,fb.com,/canvas_doc/1491982315984268,,,,,,,Not Specified,,,,,,,,,,"['FACEBOOK', 'INSTAGRAM', 'AUDIENCE_NETWORK', 'MESSENGER', 'THREADS']",,,,,2026-W29,2026-07,"FACEBOOK, INSTAGRAM, AUDIENCE_NETWORK, MESSENGER, THREADS",True,True,True,True,True,False,Internal/App Page,True,False,False,2026-07-20,2026-05-03 07:00:00,2026-07-20 15:37:32.553203,78
4521766391402364,1671240047396467,True,2026-04-30 07:00:00,2026-07-19 07:00:00,Chemist Warehouse,Chemist Warehouse,{{product.name}},{{product.brand}},Learn more,DCO,https://www.chemistwarehouse.com.au/buy/161002/naturopathica-sb-gastro-60-capsules?utm_source=facebook&utm_medium=social&utm_campaign=au_cw_coop_facebook_social_pharmacarelaboratories_gastrohealth_81_2026_100284-bau_video-image&utm_term=traffic&utm_content=video-image_static-image,www.chemistwarehouse.com.au,/buy/161002/naturopathica-sb-gastro-60-capsules,facebook,social,au_cw_coop_facebook_social_pharmacarelaboratories_gastrohealth_81_2026_100284-bau_video-image,81,traffic,video-image_static-image,Coop,Pharmacarelaboratories,Gastrohealth,2026,video-image,Travel Smart... Gastro SB,"Get your gut ready with Gastro SB, don't let traveller's diarrhoea slow you down.",Learn More,https://scontent-ams2-1.xx.fbcdn.net/v/t39.35426-6/685865643_2141628696631200_464841730264608707_n.jpg?_nc_cat=106&ccb=1-7&_nc_sid=c53f8f&_nc_ohc=3RQPW-vfDTQQ7kNvwHYQrCp&_nc_oc=AdohcDrpA4B6uY9N2ZMaB9-P88QDvJ4ejg63eauw0vYWbJHe05kDBL0PL0Pog0zs9SQ&_nc_zt=14&_nc_ht=scontent-ams2-1.xx&_nc_gid=3OSPOl7BQNKkykcnS4mMaw&_nc_ss=7f180&oh=00_AQCxFgpcgSDGI-dmYh6ZxpdrZHqEDTablHScyl4uBygBlg&oe=6A6317D4,,"['FACEBOOK', 'INSTAGRAM', 'THREADS']",au,cw,facebook,social,2026-W29,2026-07,"FACEBOOK, INSTAGRAM, THREADS",True,True,False,False,True,False,SKU Product,True,False,False,2026-07-20,2026-04-30 07:00:00,2026-07-20 15:37:32.553203,81
2801302790223102,,True,2026-05-10 07:00:00,2026-07-18 07:00:00,Chemist Warehouse,Chemist Warehouse,Start Immune Support with the good Leaf,Your Immune Defense. Start Immune Support with the good Leaf! Traditionally used in herbal medicine to support healthy immunity.,Learn more,IMAGE,https://fb.com/canvas_doc/1587673145682489,fb.com,/canvas_doc/1587673145682489,,,,,,,Not Specified,,,,,,,,,,"['FACEBOOK', 'INSTAGRAM', 'AUDIENCE_NETWORK', 'MESSENGER', 'THREADS']",,,,,2026-W29,2026-07,"FACEBOOK, INSTAGRAM, AUDIENCE_NETWORK, MESSENGER, THREADS",True,True,True,True,True,False,Internal/App Page,True,False,False,2026-07-20,2026-05-10 07:00:00,2026-07-20 15:37:32.553203,71
3969787563163203,,True,2026-05-11 07:00:00,2026-07-18 07:00:00,Chemist Warehouse,Chemist Warehouse,Start Immune Support with the good Leaf,Your Immune Defense. Start Immune Support with the good Leaf! Traditionally used in herbal medicine to support healthy immunity.,Learn more,IMAGE,https://fb.com/canvas_doc/1837545224074315,fb.com,/canvas_doc/1837545224074315,,,,,,,Not Specified,,,,,,,,,,"['FACEBOOK', 'INSTAGRAM', 'AUDIENCE_NETWORK', 'MESSENGER', 'THREADS']",,,,,2026-W29,2026-07,"FACEBOOK, INSTAGRAM, AUDIENCE_NETWORK, MESSENGER, THREADS",True,True,True,True,True,False,Internal/App Page,True,False,False,2026-07-20,2026-05-11 07:00:00,2026-07-20 15:37:32.553203,70
26487048557631401,,True,2026-04-30 07:00:00,2026-07-19 07:00:00,Chemist Warehouse,Chemist Warehouse,Upgrade Your Oral Care Routine,Meet Grin Pro: Advanced toothpaste for modern routines. Designed for complete care with whitening and gentle protection.,Shop now,IMAGE,https://www.chemistwarehouse.com.au/shop-online/703921/grin?utm_source=facebook&utm_medium=social&utm_campaign=au_cw_coop_facebook_social_grinnaturalproductsaustraliaptyltd_grin_159_2026_100009-bau_image&utm_term=traffic&utm_content=image_static-image,www.chemistwarehouse.com.au,/shop-online/703921/grin,facebook,social,au_cw_coop_facebook_social_grinnaturalproductsaustraliaptyltd_grin_159_2026_100009-bau_image,159,traffic,image_static-image,Coop,Grinnaturalproductsaustraliaptyltd,Grin,2026,image,,,,,,"['FACEBOOK', 'INSTAGRAM']",au,cw,facebook,social,2026-W29,2026-07,"FACEBOOK, INSTAGRAM",True,True,False,False,False,False,Brand/Category Page,True,False,False,2026-07-20,2026-04-30 07:00:00,2026-07-20 15:37:32.553203,81
920484313718526,1486893949857615,True,2026-05-31 07:00:00,2026-07-19 07:00:00,Chemist Warehouse,Chemist Warehouse,Shop the Dynamiclear Rapid Cold Sore Application in-store and online at Chemist Warehouse!,"Always read the label and follow the directions for use. 

Shop the Dynamiclear Rapid Cold Sore Application in-store and online at Chemist Warehouse!",Shop now,VIDEO,https://www.chemistwarehouse.com.au/buy/131041/dynamiclear-rapid-cold-sore-application-2-x-0-65g?utm_source=facebook&utm_medium=social&utm_campaign=au_cw_oa_facebook_social_provendexptyltd_dynamiclear_159_may26_100247_video&utm_term=traffic&utm_content=video_,www.chemistwarehouse.com.au,/buy/131041/dynamiclear-rapid-cold-sore-application-2-x-0-65g,facebook,social,au_cw_oa_facebook_social_provendexptyltd_dynamiclear_159_may26_100247_video,159,traffic,video_,O&O,Provendexptyltd,Dynamiclear,may26,video,,,,,,"['FACEBOOK', 'INSTAGRAM', 'MESSENGER']",au,cw,facebook,social,2026-W29,2026-07,"FACEBOOK, INSTAGRAM, MESSENGER",True,True,False,True,False,False,SKU Product,True,True,False,2026-07-20,2026-05-31 07:00:00,2026-07-20 15:37:32.553203,50
956971250420615,1198220435615847,True,2026-05-03 07:00:00,2026-07-19 07:00:00,Chemist Warehouse,Chemist Warehouse,{{product.name}},{{product.brand}},Shop now,DCO,https://www.chemistwarehouse.com.au/shop-online/3144/optimum-nutrition?utm_source=facebook&utm_medium=social&utm_campaign=au_cw_coop_facebook_social_glanbiaperformancenutrition_optimumnutrition_1255_2026_bau_dynamic_100079&utm_term=traffic&utm_content=harley-reid,www.chemistwarehouse.com.au,/shop-online/3144/optimum-nutrition,facebook,social,au_cw_coop_facebook_social_glanbiaperformancenutrition_optimumnutrition_1255_2026_bau_dynamic_100079,1255,traffic,harley-reid,Coop,Glanbiaperformancenutrition,Optimumnutrition,2026,100079,Get The Optimum Advantage,Harley Reid Will Do Anything To Keep the Optimum Advantage To Himself 💪,Shop Now,,https://video-ams2-1.xx.fbcdn.net/o1/v/t2/f2/m366/AQPCIwihwPWNdbekJkkq59XtTQyX6Kt3yeLZaj_IZng0Z2CZjZq7XlvIKpndVXhBR3xy1R4b83ehnPWq993mnoq8BxCQNFkHEMRYog7E0aMVtg.mp4?_nc_cat=102&_nc_sid=b66105&_nc_ht=video-ams2-1.xx.fbcdn.net&_nc_ohc=OL6VjjdmKBMQ7kNvwG5qIww&efg=eyJ2ZW5jb2RlX3RhZyI6Inhwdl9wcm9ncmVzc2l2ZS5WSV9VU0VDQVNFX1BST0RVQ1RfVFlQRS4uQzMuNzIwLmRhc2hfaDI2NC1iYXNpYy1nZW4yXzcyMHAiLCJ4cHZfYXNzZXRfaWQiOjIyMzc2ODIyODcwMDEzNjAsImFzc2V0X2FnZV9kYXlzIjo4OCwidmlfdXNlY2FzZV9pZCI6MTA3OTksImR1cmF0aW9uX3MiOjI1LCJ1cmxnZW5fc291cmNlIjoid3d3In0%3D&ccb=17-1&vs=f813eafa4554b150&_nc_vs=HBksFQIYRWZiX2VwaGVtZXJhbC8xOTQxMDhCNkI3NTU2NUQwQkMwN0VFMENGN0EwRDBBRF9tdF8xX3ZpZGVvX2Rhc2hpbml0Lm1wNBUAAsgBEgAVAhhAZmJfcGVybWFuZW50L0U1NDgxQzE4QTE2RTk3REY3ODJERjA2QTUyOUNCRTlCX2F1ZGlvX2Rhc2hpbml0Lm1wNBUCAsgBEgAoABgAGwKIB3VzZV9vaWwBMRJwcm9ncmVzc2l2ZV9yZWNpcGUBMRUAACag_LGdoMr5BxUCKAJDMywXQDkUeuFHrhQYGWRhc2hfaDI2NC1iYXNpYy1nZW4yXzcyMHARAHUAZd6oAQA&_nc_gid=3OSPOl7BQNKkykcnS4mMaw&_nc_ss=7f180&_nc_zt=28&oh=00_AQDNP2H12aPeLe-hByaIiQ4E-S-pOkuQ4l5WVHjV-x7CqQ&oe=6A632212,"['FACEBOOK', 'INSTAGRAM', 'AUDIENCE_NETWORK', 'MESSENGER', 'THREADS']",au,cw,facebook,social,2026-W29,2026-07,"FACEBOOK, INSTAGRAM, AUDIENCE_NETWORK, MESSENGER, THREADS",True,True,True,True,True,False,Brand/Category Page,True,False,False,2026-07-20,2026-05-03 07:00:00,2026-07-20 15:37:32.553203,78
2457292078051727,,True,2026-04-30 07:00:00,2026-07-19 07:00:00,Chemist Warehouse,Chemist Warehouse,Upgrade Your Oral Care Routine,Meet Grin Pro: Advanced toothpaste for modern routines. Designed for complete care with whitening and gentle protection.,Shop now,IMAGE,https://www.chemistwarehouse.com.au/shop-online/703921/grin?utm_source=facebook&utm_medium=social&utm_campaign=au_cw_coop_facebook_social_grinnaturalproductsaustraliaptyltd_grin_159_2026_100009-bau_image&utm_term=traffic&utm_content=image_static-image,www.chemistwarehouse.com.au,/shop-online/703921/grin,facebook,social,au_cw_coop_facebook_social_grinnaturalproductsaustraliaptyltd_grin_159_2026_100009-bau_image,159,traffic,image_static-image,Coop,Grinnaturalproductsaustraliaptyltd,Grin,2026,image,,,,,,"['FACEBOOK', 'INSTAGRAM']",au,cw,facebook,social,2026-W29,2026-07,"FACEBOOK, INSTAGRAM",True,True,False,False,False,False,Brand/Category Page,True,False,False,2026-07-20,2026-04-30 07:00:00,2026-07-20 15:37:32.553203,81
1295658202494519,,True,2026-04-30 07:00:00,2026-07-19 07:00:00,Chemist Warehouse,Chemist Warehouse,Upgrade Your Oral Care Routine,Meet Grin Pro: Advanced toothpaste for modern routines. Designed for complete care with whitening and gentle protection.,Shop now,IMAGE,https://www.chemistwarehouse.com.au/shop-online/703921/grin?utm_source=facebook&utm_medium=social&utm_campaign=au_cw_coop_facebook_social_grinnaturalproductsaustraliaptyltd_grin_159_2026_100009-bau_image&utm_term=traffic&utm_content=image_static-image,www.chemistwarehouse.com.au,/shop-online/703921/grin,facebook,social,au_cw_coop_facebook_social_grinnaturalproductsaustraliaptyltd_grin_159_2026_100009-bau_image,159,traffic,image_static-image,Coop,Grinnaturalproductsaustraliaptyltd,Grin,2026,image,,,,,,"['FACEBOOK', 'INSTAGRAM']",au,cw,facebook,social,2026-W29,2026-07,"FACEBOOK, INSTAGRAM",True,True,False,False,False,False,Brand/Category Page,True,False,False,2026-07-20,2026-04-30 07:00:00,2026-07-20 15:37:32.553203,81
975852131819463,,True,2026-05-11 07:00:00,2026-07-19 07:00:00,Chemist Warehouse,Chemist Warehouse,Discover Comvita Mānuka honey,"Enjoy Peace of Mind with Our 3-Year Guarantee on UMF Levels
> Pure Quality
> Always Reliable
> Comvita Mānuka honey",Learn more,IMAGE,https://fb.com/canvas_doc/828717730110952,fb.com,/canvas_doc/828717730110952,,,,,,,Not Specified,,,,,,,,,,"['FACEBOOK', 'INSTAGRAM', 'AUDIENCE_NETWORK', 'MESSENGER', 'THREADS']",,,,,2026-W29,2026-07,"FACEBOOK, INSTAGRAM, AUDIENCE_NETWORK, MESSENGER, THREADS",True,True,True,True,True,False,Internal/App Page,True,False,False,2026-07-20,2026-05-11 07:00:00,2026-07-20 15:37:32.553203,70
1443340994139982,,True,2026-04-30 07:00:00,2026-07-19 07:00:00,Chemist Warehouse,Chemist Warehouse,Upgrade Your Oral Care Routine,Meet Grin Pro: Advanced toothpaste for modern routines. Designed for complete care with whitening and gentle protection.,Shop now,IMAGE,https://www.chemistwarehouse.com.au/shop-online/703921/grin?utm_source=facebook&utm_medium=social&utm_campaign=au_cw_coop_facebook_social_grinnaturalproductsaustraliaptyltd_grin_159_2026_100009-bau_image&utm_term=traffic&utm_content=image_static-image,www.chemistwarehouse.com.au,/shop-online/703921/grin,facebook,social,au_cw_coop_facebook_social_grinnaturalproductsaustraliaptyltd_grin_159_2026_100009-bau_image,159,traffic,image_static-image,Coop,Grinnaturalproductsaustraliaptyltd,Grin,2026,image,,,,,,"['FACEBOOK', 'INSTAGRAM']",au,cw,facebook,social,2026-W29,2026-07,"FACEBOOK, INSTAGRAM",True,True,False,False,False,False,Brand/Category Page,True,False,False,2026-07-20,2026-04-30 07:00:00,2026-07-20 15:37:32.553203,81
1901667307202964,,True,2026-05-11 07:00:00,2026-07-19 07:00:00,Chemist Warehouse,Chemist Warehouse,A sugar replacement with the benefts of Mānuka.,"A sugar replacement that has the benefts of Mānuka.
Nourishing Sweet Goodness",Learn more,IMAGE,https://fb.com/canvas_doc/1813828280009652,fb.com,/canvas_doc/1813828280009652,,,,,,,Not Specified,,,,,,,,,,"['FACEBOOK', 'INSTAGRAM', 'AUDIENCE_NETWORK', 'MESSENGER', 'THREADS']",,,,,2026-W29,2026-07,"FACEBOOK, INSTAGRAM, AUDIENCE_NETWORK, MESSENGER, THREADS",True,True,True,True,True,False,Internal/App Page,True,False,False,2026-07-20,2026-05-11 07:00:00,2026-07-20 15:37:32.553203,70
1970234513620739,,True,2026-04-30 07:00:00,2026-07-19 07:00:00,Chemist Warehouse,Chemist Warehouse,Upgrade Your Oral Care Routine,Meet Grin Pro: Advanced toothpaste for modern routines. Designed for complete care with whitening and gentle protection.,Shop now,IMAGE,https://www.chemistwarehouse.com.au/shop-online/703921/grin?utm_source=facebook&utm_medium=social&utm_campaign=au_cw_coop_facebook_social_grinnaturalproductsaustraliaptyltd_grin_159_2026_100009-bau_image&utm_term=traffic&utm_content=image_static-image,www.chemistwarehouse.com.au,/shop-online/703921/grin,facebook,social,au_cw_coop_facebook_social_grinnaturalproductsaustraliaptyltd_grin_159_2026_100009-bau_image,159,traffic,image_static-image,Coop,Grinnaturalproductsaustraliaptyltd,Grin,2026,image,,,,,,"['FACEBOOK', 'INSTAGRAM']",au,cw,facebook,social,2026-W29,2026-07,"FACEBOOK, INSTAGRAM",True,True,False,False,False,False,Brand/Category Page,True,False,False,2026-07-20,2026-04-30 07:00:00,2026-07-20 15:37:32.553203,81
1355182663117231,960688963425472,True,2026-06-15 07:00:00,2026-07-19 07:00:00,Chemist Warehouse,Chemist Warehouse,Shop at Chemist Warehouse,"If your skin is irritated, flakey and breaking out at the same time… stop using more actives for a second.. it's probably your skin barrier.
I’ve been loving Skin1004 for years and it’s one of my go-to kbeauty brands when my skin needs to calm down. The range contains Madagascar Centella Asiatica which is super gentle, soothing and actually helps repair and protect the skin barrier. 
The ampoule is my holy grail (almost 4 bottles in), and I love the cleansing oil and toner just as much. 
Healthy barrier = better skin always 💗 Skin1004 is now at @chemistwarehouseaus !",Shop now,VIDEO,https://www.chemistwarehouse.com.au/shop-online/705490/skin1004?utm_source=facebook&utm_medium=social&utm_campaign=au_cw_oa_facebook_social_cravercorporation_skin1004_665_mar26_100366-oa_video-image&utm_term=traffic&utm_content=video-influencer-lucy,www.chemistwarehouse.com.au,/shop-online/705490/skin1004,facebook,social,au_cw_oa_facebook_social_cravercorporation_skin1004_665_mar26_100366-oa_video-image,665,traffic,video-influencer-lucy,O&O,Cravercorporation,Skin1004,mar26,video-image,,,,,,"['FACEBOOK', 'INSTAGRAM', 'AUDIENCE_NETWORK', 'MESSENGER', 'THREADS']",au,cw,facebook,social,2026-W29,2026-07,"FACEBOOK, INSTAGRAM, AUDIENCE_NETWORK, MESSENGER, THREADS",True,True,True,True,True,False,Brand/Category Page,True,True,False,2026-07-20,2026-06-15 07:00:00,2026-07-20 15:37:32.553203,35
1446764109993941,1658322221877769,True,2026-05-06 07:00:00,2026-07-19 07:00:00,Chemist Warehouse,Chemist Warehouse,{{product.name}},{{product.brand}},Shop now,DCO,https://www.chemistwarehouse.com.au/shop-online/2128/bio-island?utm_source=facebook&utm_medium=social&utm_campaign=au_cw_oa_facebook_social_jbxptyltd_bioisland_81_2026_100293-oa_video-image&utm_term=traffic&utm_content=video-image_all,www.chemistwarehouse.com.au,/shop-online/2128/bio-island,facebook,social,au_cw_oa_facebook_social_jbxptyltd_bioisland_81_2026_100293-oa_video-image,81,traffic,video-image_all,O&O,Jbxptyltd,Bioisland,2026,video-image,Supporting healthy growth in children,Support your child's healthy growth and development with Bio Island.,Shop Now,https://scontent-ams2-1.xx.fbcdn.net/v/t39.35426-6/692036347_800852422889392_6585540293126510809_n.jpg?_nc_cat=106&ccb=1-7&_nc_sid=c53f8f&_nc_ohc=X2IZj1FhXWQQ7kNvwFovD4A&_nc_oc=AdoLGVk0ptzOA9a8iHk4k_lluiiLFonQVd4W5LvPKaqRt8TQNXURh5sNLgoMEkbCjDs&_nc_zt=14&_nc_ht=scontent-ams2-1.xx&_nc_gid=LNN4Ta-uY0qkh1rFTGN6OA&_nc_ss=7f180&oh=00_AQAOoLBvL2jYIft2e5mtsAXF_Je3-2RBxCIgKNQdN4cONg&oe=6A63077E,,"['FACEBOOK', 'INSTAGRAM', 'AUDIENCE_NETWORK', 'MESSENGER', 'THREADS']",au,cw,facebook,social,2026-W29,2026-07,"FACEBOOK, INSTAGRAM, AUDIENCE_NETWORK, MESSENGER, THREADS",True,True,True,True,True,False,Brand/Category Page,True,False,False,2026-07-20,2026-05-06 07:00:00,2026-07-20 15:37:32.553203,75
1620611525866395,1282531270551991,True,2026-05-10 07:00:00,2026-07-19 07:00:00,Chemist Warehouse,Chemist Warehouse,Shop now at Chemist Warehouse.,"Comvita Manuka Honey On The Go UMF™ 5+, natural snack, anytime. Shop now at Chemist Warehouse.",Learn more,VIDEO,https://www.chemistwarehouse.com.au/shop-online/924/comvita?category=Manuka%20Honey&utm_source=facebook&utm_medium=social&utm_content=image&utm_campaign=au_cw_coop_facebook_social_comvita_comvita_81_2026_bau_Dynamic&utm_term=Dynamic,www.chemistwarehouse.com.au,/shop-online/924/comvita,facebook,social,au_cw_coop_facebook_social_comvita_comvita_81_2026_bau_Dynamic,81,Dynamic,image,Coop,Comvita,Comvita,2026,dynamic,,,,,,"['FACEBOOK', 'INSTAGRAM', 'AUDIENCE_NETWORK', 'MESSENGER', 'THREADS']",au,cw,facebook,social,2026-W29,2026-07,"FACEBOOK, INSTAGRAM, AUDIENCE_NETWORK, MESSENGER, THREADS",True,True,True,True,True,False,Brand/Category Page,True,True,False,2026-07-20,2026-05-10 07:00:00,2026-07-20 15:37:32.553203,71
813077814913387,,True,2026-05-16 07:00:00,2026-07-17 07:00:00,Chemist Warehouse,Chemist Warehouse,Try the soothing taste of Mānuka honey lozenges,Soothing UMF 10+ Mānuka honey lozenges with bee propolis.  Feel the difference.,Shop now,IMAGE,https://fb.com/canvas_doc/4341776329412027,fb.com,/canvas_doc/4341776329412027,,,,,,,Not Specified,,,,,,,,,,"['FACEBOOK', 'INSTAGRAM', 'AUDIENCE_NETWORK', 'MESSENGER', 'THREADS']",,,,,2026-W29,2026-07,"FACEBOOK, INSTAGRAM, AUDIENCE_NETWORK, MESSENGER, THREADS",True,True,True,True,True,False,Internal/App Page,True,False,False,2026-07-20,2026-05-16 07:00:00,2026-07-20 15:37:32.553203,65
1297844135075475,814096844867108,True,2026-05-10 07:00:00,2026-07-16 07:00:00,Chemist Warehouse,Chemist Warehouse,Supercharge your smoothie with Manuka honey,"Discover Comvita Mānuka honey
> Elevate your morning routine
> Each UMF™ level is a unique flavour, discover your favourite",Learn more,VIDEO,https://fb.com/canvas_doc/1483100689630311,fb.com,/canvas_doc/1483100689630311,,,,,,,Not Specified,,,,,,,,,,"['FACEBOOK', 'INSTAGRAM', 'AUDIENCE_NETWORK', 'MESSENGER', 'THREADS']",,,,,2026-W29,2026-07,"FACEBOOK, INSTAGRAM, AUDIENCE_NETWORK, MESSENGER, THREADS",True,True,True,True,True,False,Internal/App Page,True,False,False,2026-07-20,2026-05-10 07:00:00,2026-07-20 15:37:32.553203,71
4415487555401676,903674806061614,True,2026-04-30 07:00:00,2026-07-17 07:00:00,Chemist Warehouse,Chemist Warehouse,Shop at Chemist Warehouse,K-beauty found a new lover and surprise surprise its me @chemistwarehouseaus,Shop now,VIDEO,https://www.chemistwarehouse.com.au/shop-online/705490/skin1004?utm_source=facebook&utm_medium=social&utm_campaign=au_cw_oa_facebook_social_cravercorporation_skin1004_665_mar26_100366-oa_video-image&utm_term=traffic&utm_content=video-influencer-adelle,www.chemistwarehouse.com.au,/shop-online/705490/skin1004,facebook,social,au_cw_oa_facebook_social_cravercorporation_skin1004_665_mar26_100366-oa_video-image,665,traffic,video-influencer-adelle,O&O,Cravercorporation,Skin1004,mar26,video-image,,,,,,"['FACEBOOK', 'INSTAGRAM', 'AUDIENCE_NETWORK', 'MESSENGER', 'THREADS']",au,cw,facebook,social,2026-W29,2026-07,"FACEBOOK, INSTAGRAM, AUDIENCE_NETWORK, MESSENGER, THREADS",True,True,True,True,True,False,Brand/Category Page,True,True,False,2026-07-20,2026-04-30 07:00:00,2026-07-20 15:37:32.553203,81
1474035607757209,,True,2026-04-30 07:00:00,2026-07-19 07:00:00,Chemist Warehouse,Chemist Warehouse,Upgrade Your Oral Care Routine,Meet Grin Pro: Advanced toothpaste for modern routines. Designed for complete care with whitening and gentle protection.,Shop now,IMAGE,https://www.chemistwarehouse.com.au/shop-online/703921/grin?utm_source=facebook&utm_medium=social&utm_campaign=au_cw_coop_facebook_social_grinnaturalproductsaustraliaptyltd_grin_159_2026_100009-bau_image&utm_term=traffic&utm_content=image_static-image,www.chemistwarehouse.com.au,/shop-online/703921/grin,facebook,social,au_cw_coop_facebook_social_grinnaturalproductsaustraliaptyltd_grin_159_2026_100009-bau_image,159,traffic,image_static-image,Coop,Grinnaturalproductsaustraliaptyltd,Grin,2026,image,,,,,,"['FACEBOOK', 'INSTAGRAM']",au,cw,facebook,social,2026-W29,2026-07,"FACEBOOK, INSTAGRAM",True,True,False,False,False,False,Brand/Category Page,True,False,False,2026-07-20,2026-04-30 07:00:00,2026-07-20 15:37:32.553203,81
3473769446123850,960688963425472,True,2026-04-29 07:00:00,2026-07-17 07:00:00,Chemist Warehouse,Chemist Warehouse,Shop at Chemist Warehouse,"If your skin is irritated, flakey and breaking out at the same time… stop using more actives for a second.. it's probably your skin barrier.
I’ve been loving Skin1004 for years and it’s one of my go-to kbeauty brands when my skin needs to calm down. The range contains Madagascar Centella Asiatica which is super gentle, soothing and actually helps repair and protect the skin barrier. 
The ampoule is my holy grail (almost 4 bottles in), and I love the cleansing oil and toner just as much. 
Healthy barrier = better skin always 💗 Skin1004 is now at @chemistwarehouseaus !",Shop now,VIDEO,https://www.chemistwarehouse.com.au/shop-online/705490/skin1004?utm_source=facebook&utm_medium=social&utm_campaign=au_cw_oa_facebook_social_cravercorporation_skin1004_665_mar26_100366-oa_video-image&utm_term=traffic&utm_content=video-influencer-lucy,www.chemistwarehouse.com.au,/shop-online/705490/skin1004,facebook,social,au_cw_oa_facebook_social_cravercorporation_skin1004_665_mar26_100366-oa_video-image,665,traffic,video-influencer-lucy,O&O,Cravercorporation,Skin1004,mar26,video-image,,,,,,"['FACEBOOK', 'INSTAGRAM', 'AUDIENCE_NETWORK', 'MESSENGER', 'THREADS']",au,cw,facebook,social,2026-W29,2026-07,"FACEBOOK, INSTAGRAM, AUDIENCE_NETWORK, MESSENGER, THREADS",True,True,True,True,True,False,Brand/Category Page,True,True,False,2026-07-20,2026-04-29 07:00:00,2026-07-20 15:37:32.553203,82
1993091711314315,2480705892364612,True,2026-04-29 07:00:00,2026-07-17 07:00:00,Chemist Warehouse,Chemist Warehouse,Shop at Chemist Warehouse,"When your skin is irritated, reactive or breaking out - focus on a simple, calming and barrier-focused skincare routine.",Shop now,VIDEO,https://www.chemistwarehouse.com.au/shop-online/705490/skin1004?utm_source=facebook&utm_medium=social&utm_campaign=au_cw_oa_facebook_social_cravercorporation_skin1004_665_mar26_100366-oa_video-image&utm_term=traffic&utm_content=video-influencer-sharn,www.chemistwarehouse.com.au,/shop-online/705490/skin1004,facebook,social,au_cw_oa_facebook_social_cravercorporation_skin1004_665_mar26_100366-oa_video-image,665,traffic,video-influencer-sharn,O&O,Cravercorporation,Skin1004,mar26,video-image,,,,,,"['FACEBOOK', 'INSTAGRAM', 'AUDIENCE_NETWORK', 'MESSENGER', 'THREADS']",au,cw,facebook,social,2026-W29,2026-07,"FACEBOOK, INSTAGRAM, AUDIENCE_NETWORK, MESSENGER, THREADS",True,True,True,True,True,False,Brand/Category Page,True,True,False,2026-07-20,2026-04-29 07:00:00,2026-07-20 15:37:32.553203,82
4348886145387108,846817658437919,True,2026-04-29 07:00:00,2026-07-16 07:00:00,Chemist Warehouse,Chemist Warehouse,Shop at Chemist Warehouse,Shop SKIN1004 Madagascar Centella Ampoule at Chemist Warehouse.,Shop now,VIDEO,https://www.chemistwarehouse.com.au/shop-online/705490/skin1004?utm_source=facebook&utm_medium=social&utm_campaign=au_cw_oa_facebook_social_cravercorporation_skin1004_665_mar26_100366-oa_video-image&utm_term=traffic&utm_content=video-influencer-instore,www.chemistwarehouse.com.au,/shop-online/705490/skin1004,facebook,social,au_cw_oa_facebook_social_cravercorporation_skin1004_665_mar26_100366-oa_video-image,665,traffic,video-influencer-instore,O&O,Cravercorporation,Skin1004,mar26,video-image,,,,,,"['FACEBOOK', 'INSTAGRAM', 'AUDIENCE_NETWORK', 'MESSENGER', 'THREADS']",au,cw,facebook,social,2026-W29,2026-07,"FACEBOOK, INSTAGRAM, AUDIENCE_NETWORK, MESSENGER, THREADS",True,True,True,True,True,False,Brand/Category Page,True,True,False,2026-07-20,2026-04-29 07:00:00,2026-07-20 15:37:32.553203,82
1241043811168879,1586699756203740,True,2026-04-30 07:00:00,2026-07-18 07:00:00,Chemist Warehouse,Chemist Warehouse,Shop at Chemist Warehouse,K-beauty found a new lover and surprise surprise its me @chemistwarehouseaus,Shop now,VIDEO,https://www.chemistwarehouse.com.au/shop-online/705490/skin1004?utm_source=facebook&utm_medium=social&utm_campaign=au_cw_oa_facebook_social_cravercorporation_skin1004_665_mar26_100366-oa_video-image&utm_term=traffic&utm_content=video-influencer-adelle,www.chemistwarehouse.com.au,/shop-online/705490/skin1004,facebook,social,au_cw_oa_facebook_social_cravercorporation_skin1004_665_mar26_100366-oa_video-image,665,traffic,video-influencer-adelle,O&O,Cravercorporation,Skin1004,mar26,video-image,,,,,,"['FACEBOOK', 'INSTAGRAM', 'AUDIENCE_NETWORK', 'MESSENGER', 'THREADS']",au,cw,facebook,social,2026-W29,2026-07,"FACEBOOK, INSTAGRAM, AUDIENCE_NETWORK, MESSENGER, THREADS",True,True,True,True,True,False,Brand/Category Page,True,True,False,2026-07-20,2026-04-30 07:00:00,2026-07-20 15:37:32.553203,81
1710932767011501,846817658437919,True,2026-04-30 07:00:00,2026-07-19 07:00:00,Chemist Warehouse,Chemist Warehouse,Shop at Chemist Warehouse,Shop SKIN1004 Madagascar Centella Ampoule at Chemist Warehouse.,Shop now,VIDEO,https://www.chemistwarehouse.com.au/shop-online/705490/skin1004?utm_source=facebook&utm_medium=social&utm_campaign=au_cw_oa_facebook_social_cravercorporation_skin1004_665_mar26_100366-oa_video-image&utm_term=traffic&utm_content=video-influencer-instore,www.chemistwarehouse.com.au,/shop-online/705490/skin1004,facebook,social,au_cw_oa_facebook_social_cravercorporation_skin1004_665_mar26_100366-oa_video-image,665,traffic,video-influencer-instore,O&O,Cravercorporation,Skin1004,mar26,video-image,,,,,,"['FACEBOOK', 'INSTAGRAM', 'AUDIENCE_NETWORK', 'MESSENGER', 'THREADS']",au,cw,facebook,social,2026-W29,2026-07,"FACEBOOK, INSTAGRAM, AUDIENCE_NETWORK, MESSENGER, THREADS",True,True,True,True,True,False,Brand/Category Page,True,True,False,2026-07-20,2026-04-30 07:00:00,2026-07-20 15:37:32.553203,81
922860893922528,1320915516582927,True,2026-04-28 07:00:00,2026-07-18 07:00:00,Chemist Warehouse,Chemist Warehouse,{{product.name}},{{product.brand}},Shop now,DCO,https://www.chemistwarehouse.com.au/shop-online/4617/essano-skincare?utm_source=facebook&utm_medium=social&utm_campaign=au_cw_coop_facebook_social_vitalitybrandsworldwide_essano_665_2026_100243-bau_video-image&utm_term=traffic&utm_content=video-image_all,www.chemistwarehouse.com.au,/shop-online/4617/essano-skincare,facebook,social,au_cw_coop_facebook_social_vitalitybrandsworldwide_essano_665_2026_100243-bau_video-image,665,traffic,video-image_all,Coop,Vitalitybrandsworldwide,Essano,2026,video-image,Your collagen comeback starts here,Essano Collagen Boost. With skin plumping actives.,Shop Now,https://scontent-ams2-1.xx.fbcdn.net/v/t39.35426-6/681243427_2125048944981040_7464708014561087283_n.jpg?_nc_cat=111&ccb=1-7&_nc_sid=c53f8f&_nc_ohc=aNfFbDH2spAQ7kNvwH9E05h&_nc_oc=AdrdgJy8W7nN2Zwkz1Me0-S-WXbu0wiwonB7q1bOVmkFGeLVST_2nI5izmTmYLTbIRg&_nc_zt=14&_nc_ht=scontent-ams2-1.xx&_nc_gid=TSSh3Ci2cQn2-LRvAcz8jA&_nc_ss=7f180&oh=00_AQCs7q8caI5-8SjSWbJK7QvzPVFiWPLOO5p8SBxSZRfxGw&oe=6A630F41,,"['FACEBOOK', 'INSTAGRAM', 'AUDIENCE_NETWORK', 'MESSENGER', 'THREADS']",au,cw,facebook,social,2026-W29,2026-07,"FACEBOOK, INSTAGRAM, AUDIENCE_NETWORK, MESSENGER, THREADS",True,True,True,True,True,False,Brand/Category Page,True,False,False,2026-07-20,2026-04-28 07:00:00,2026-07-20 15:37:32.553203,83
4318117051795826,26581293868180070,True,2026-05-03 07:00:00,2026-07-18 07:00:00,Chemist Warehouse,Chemist Warehouse,Get The Optimum Advantage,Harley Reid Will Do Anything To Keep the Optimum Advantage To Himself 💪,Shop now,VIDEO,https://fb.com/canvas_doc/26186229427740182,fb.com,/canvas_doc/26186229427740182,,,,,,,Not Specified,,,,,,,,,,"['FACEBOOK', 'INSTAGRAM', 'AUDIENCE_NETWORK', 'MESSENGER', 'THREADS']",,,,,2026-W29,2026-07,"FACEBOOK, INSTAGRAM, AUDIENCE_NETWORK, MESSENGER, THREADS",True,True,True,True,True,False,Internal/App Page,True,False,False,2026-07-20,2026-05-03 07:00:00,2026-07-20 15:37:32.553203,78
941882385409501,26745277655111345,True,2026-05-04 07:00:00,2026-07-19 07:00:00,Chemist Warehouse,Chemist Warehouse,Marine Collagen Peptides,"Pure, potent and simple to use. Add Vida Glow Natural Marine Collagen to your routine to support skin elasticity and hydration.",Shop now,VIDEO,https://www.chemistwarehouse.com.au/shop-online/705653/vida-glow?utm_source=facebook&utm_medium=social&utm_campaign=au_cw_coop_facebook_social_vidaglow_vidaglow_81_2026_100167-bau_video-image&utm_term=traffic&utm_content=video-image_instore-video,www.chemistwarehouse.com.au,/shop-online/705653/vida-glow,facebook,social,au_cw_coop_facebook_social_vidaglow_vidaglow_81_2026_100167-bau_video-image,81,traffic,video-image_instore-video,Coop,Vidaglow,Vidaglow,2026,video-image,,,,,,"['FACEBOOK', 'INSTAGRAM', 'THREADS']",au,cw,facebook,social,2026-W29,2026-07,"FACEBOOK, INSTAGRAM, THREADS",True,True,False,False,True,False,Brand/Category Page,True,False,False,2026-07-20,2026-05-04 07:00:00,2026-07-20 15:37:32.553203,77
971682145468183,26581293868180070,True,2026-05-04 07:00:00,2026-07-19 07:00:00,Chemist Warehouse,Chemist Warehouse,Get The Optimum Advantage,Harley Reid Will Do Anything To Keep the Optimum Advantage To Himself 💪,Shop now,VIDEO,https://fb.com/canvas_doc/26186229427740182,fb.com,/canvas_doc/26186229427740182,,,,,,,Not Specified,,,,,,,,,,"['FACEBOOK', 'INSTAGRAM', 'AUDIENCE_NETWORK', 'MESSENGER', 'THREADS']",,,,,2026-W29,2026-07,"FACEBOOK, INSTAGRAM, AUDIENCE_NETWORK, MESSENGER, THREADS",True,True,True,True,True,False,Internal/App Page,True,False,False,2026-07-20,2026-05-04 07:00:00,2026-07-20 15:37:32.553203,77
2026875037861077,26775905588697159,True,2026-04-24 07:00:00,2026-07-19 07:00:00,Chemist Warehouse,Chemist Warehouse,{{product.name}},{{product.brand}},Shop now,DCO,https://www.chemistwarehouse.com.au/shop-online/705405/oral-b?utm_source=facebook&utm_medium=social&utm_campaign=au_cw_coop_facebook_social_proctergambleaustralia_oralb_159_2026_100078-bau_video-image&utm_term=conversion&utm_content=video-image_all,www.chemistwarehouse.com.au,/shop-online/705405/oral-b,facebook,social,au_cw_coop_facebook_social_proctergambleaustralia_oralb_159_2026_100078-bau_video-image,159,conversion,video-image_all,Coop,Proctergambleaustralia,Oralb,2026,video-image,Oral-B 3D White,Brighten your smile with Oral-B! Removes tough surface stains to reveal a whiter smile,Shop Now,https://scontent-ams2-1.xx.fbcdn.net/v/t39.35426-6/679620282_1493463785839608_2255260499557027136_n.jpg?_nc_cat=103&ccb=1-7&_nc_sid=c53f8f&_nc_ohc=Jr2XJHuM1W0Q7kNvwH2d9v1&_nc_oc=AdrZ8gxS00hWpbX_zNaX-g1RyYf2Lsec8G0gZeOjfIZtTqBmvR89ROcIJBcVQs1aEoI&_nc_zt=14&_nc_ht=scontent-ams2-1.xx&_nc_gid=TSSh3Ci2cQn2-LRvAcz8jA&_nc_ss=7f180&oh=00_AQAtoFo6Cv7LPmqv0nrW0apB_froS10YsynqKpByJkybFQ&oe=6A630E90,,"['FACEBOOK', 'INSTAGRAM', 'AUDIENCE_NETWORK', 'MESSENGER', 'THREADS']",au,cw,facebook,social,2026-W29,2026-07,"FACEBOOK, INSTAGRAM, AUDIENCE_NETWORK, MESSENGER, THREADS",True,True,True,True,True,False,Brand/Category Page,True,False,False,2026-07-20,2026-04-24 07:00:00,2026-07-20 15:37:32.553203,87
931618246534333,904511255955079,True,2026-04-24 07:00:00,2026-07-19 07:00:00,Chemist Warehouse,Chemist Warehouse,{{product.name}},{{product.brand}},Shop now,DCO,https://www.chemistwarehouse.com.au/shop-online/705405/oral-b?utm_source=facebook&utm_medium=social&utm_campaign=au_cw_coop_facebook_social_proctergambleaustralia_oralb_159_2026_100078-bau_video-image&utm_term=conversion&utm_content=video-image_all,www.chemistwarehouse.com.au,/shop-online/705405/oral-b,facebook,social,au_cw_coop_facebook_social_proctergambleaustralia_oralb_159_2026_100078-bau_video-image,159,conversion,video-image_all,Coop,Proctergambleaustralia,Oralb,2026,video-image,Oral-B 3D White,Brighten your smile with Oral-B! Removes tough surface stains to reveal a whiter smile,Shop Now,https://scontent-ams2-1.xx.fbcdn.net/v/t39.35426-6/681186044_1335483215061311_2113925251303489146_n.jpg?_nc_cat=111&ccb=1-7&_nc_sid=c53f8f&_nc_ohc=GpuIaWuB5ekQ7kNvwG1I4tz&_nc_oc=Adrg2wRuWdiCv8WTE3ewoHC8T36eG3jdOIElvQ3vL3VgSxJbJSrErIDzqMbegVCXmIw&_nc_zt=14&_nc_ht=scontent-ams2-1.xx&_nc_gid=TSSh3Ci2cQn2-LRvAcz8jA&_nc_ss=7f180&oh=00_AQBwmbtCYKE_Gg9vQcJ8ADg5hFM1zBUD4B8PmFEP0MmFug&oe=6A632339,,"['FACEBOOK', 'INSTAGRAM', 'AUDIENCE_NETWORK', 'MESSENGER', 'THREADS']",au,cw,facebook,social,2026-W29,2026-07,"FACEBOOK, INSTAGRAM, AUDIENCE_NETWORK, MESSENGER, THREADS",True,True,True,True,True,False,Brand/Category Page,True,False,False,2026-07-20,2026-04-24 07:00:00,2026-07-20 15:37:32.553203,87
1837331666941292,,True,2026-04-24 07:00:00,2026-07-19 07:00:00,Chemist Warehouse,Chemist Warehouse,Stock up - sale on now!,This is your sign to switch out your old toothbrush head - change now to get back to 100% cleaning power!,Learn more,IMAGE,https://fb.com/canvas_doc/1566257237913544,fb.com,/canvas_doc/1566257237913544,,,,,,,Not Specified,,,,,,,,,,"['FACEBOOK', 'INSTAGRAM', 'AUDIENCE_NETWORK', 'MESSENGER', 'THREADS']",,,,,2026-W29,2026-07,"FACEBOOK, INSTAGRAM, AUDIENCE_NETWORK, MESSENGER, THREADS",True,True,True,True,True,False,Internal/App Page,True,False,False,2026-07-20,2026-04-24 07:00:00,2026-07-20 15:37:32.553203,87
1489250802600440,3394713860725667,True,2026-04-24 07:00:00,2026-07-19 07:00:00,Chemist Warehouse,Chemist Warehouse,{{product.name}},{{product.brand}},Shop now,DCO,https://www.chemistwarehouse.com.au/shop-online/705405/oral-b?utm_source=facebook&utm_medium=social&utm_campaign=au_cw_coop_facebook_social_proctergambleaustralia_oralb_159_2026_100078-bau_video-image&utm_term=conversion&utm_content=video-image_all,www.chemistwarehouse.com.au,/shop-online/705405/oral-b,facebook,social,au_cw_coop_facebook_social_proctergambleaustralia_oralb_159_2026_100078-bau_video-image,159,conversion,video-image_all,Coop,Proctergambleaustralia,Oralb,2026,video-image,Oral-B brush heads,Remember to change your brush heads every 3 months! Stock up and save at Chemist Warehouse,Shop Now,https://scontent-ams2-1.xx.fbcdn.net/v/t39.35426-6/657522575_1450788066749224_1217424552094019227_n.jpg?_nc_cat=111&ccb=1-7&_nc_sid=c53f8f&_nc_ohc=fWNLK0e6b_4Q7kNvwGkMKAr&_nc_oc=Adp2MVD1a4DDwvs2fXMpEuHvrYIZ9KXTI2-VTmmBzoGhDVHnhNjqippiTBkHx-uANAw&_nc_zt=14&_nc_ht=scontent-ams2-1.xx&_nc_gid=TSSh3Ci2cQn2-LRvAcz8jA&_nc_ss=7f180&oh=00_AQDTITWv8hONFf0xQbCL652z0BzD5K4dO8Ujm_IawBkAmw&oe=6A632F06,,"['FACEBOOK', 'INSTAGRAM', 'AUDIENCE_NETWORK', 'MESSENGER', 'THREADS']",au,cw,facebook,social,2026-W29,2026-07,"FACEBOOK, INSTAGRAM, AUDIENCE_NETWORK, MESSENGER, THREADS",True,True,True,True,True,False,Brand/Category Page,True,False,False,2026-07-20,2026-04-24 07:00:00,2026-07-20 15:37:32.553203,87
1508233204230952,1007843542411186,True,2026-04-24 07:00:00,2026-07-19 07:00:00,Chemist Warehouse,Chemist Warehouse,Shop Swisse at Chemist Warehouse,Shop Swisse on Vitamins and supplements online at Chemist Warehouse and enjoy huge discounts across the range.,Shop now,VIDEO,https://fb.com/canvas_doc/1278867780407683,fb.com,/canvas_doc/1278867780407683,,,,,,,Not Specified,,,,,,,,,,"['FACEBOOK', 'INSTAGRAM', 'AUDIENCE_NETWORK', 'MESSENGER', 'THREADS']",,,,,2026-W29,2026-07,"FACEBOOK, INSTAGRAM, AUDIENCE_NETWORK, MESSENGER, THREADS",True,True,True,True,True,False,Internal/App Page,True,True,False,2026-07-20,2026-04-24 07:00:00,2026-07-20 15:37:32.553203,87
3838603066447838,,True,2026-04-24 07:00:00,2026-07-19 07:00:00,Chemist Warehouse,Chemist Warehouse,Oral-B brush heads,Remember to change your brush heads every 3 months! Stock up and save at Chemist Warehouse,Shop now,IMAGE,https://fb.com/canvas_doc/2403952293363225,fb.com,/canvas_doc/2403952293363225,,,,,,,Not Specified,,,,,,,,,,"['FACEBOOK', 'INSTAGRAM', 'AUDIENCE_NETWORK', 'MESSENGER', 'THREADS']",,,,,2026-W29,2026-07,"FACEBOOK, INSTAGRAM, AUDIENCE_NETWORK, MESSENGER, THREADS",True,True,True,True,True,False,Internal/App Page,True,True,False,2026-07-20,2026-04-24 07:00:00,2026-07-20 15:37:32.553203,87
988942250373942,,True,2026-04-22 07:00:00,2026-07-19 07:00:00,Chemist Warehouse,Chemist Warehouse,Developed with dermatologists,"CeraVe, Developed with Dermatologists. Shop now at Chemist Warehouse!",Shop now,IMAGE,https://fb.com/canvas_doc/1512713406952080,fb.com,/canvas_doc/1512713406952080,,,,,,,Not Specified,,,,,,,,,,"['FACEBOOK', 'INSTAGRAM', 'AUDIENCE_NETWORK', 'MESSENGER', 'THREADS']",,,,,2026-W29,2026-07,"FACEBOOK, INSTAGRAM, AUDIENCE_NETWORK, MESSENGER, THREADS",True,True,True,True,True,False,Internal/App Page,True,True,False,2026-07-20,2026-04-22 07:00:00,2026-07-20 15:37:32.553203,89
1678104886947518,1650372882867076,True,2026-04-24 07:00:00,2026-07-19 07:00:00,Chemist Warehouse,Chemist Warehouse,{{product.name}},{{product.brand}},Shop now,DCO,https://www.chemistwarehouse.com.au/shop-online/705405/oral-b?utm_source=facebook&utm_medium=social&utm_campaign=au_cw_coop_facebook_social_proctergambleaustralia_oralb_159_2026_100078-bau_video-image&utm_term=conversion&utm_content=video-image_all,www.chemistwarehouse.com.au,/shop-online/705405/oral-b,facebook,social,au_cw_coop_facebook_social_proctergambleaustralia_oralb_159_2026_100078-bau_video-image,159,conversion,video-image_all,Coop,Proctergambleaustralia,Oralb,2026,video-image,Oral-B brush heads,A worn brush won't clean your teeth properly! Change to get back to 100% cleaning power,Shop Now,https://scontent-ams2-1.xx.fbcdn.net/v/t39.35426-6/678831649_1490660722700498_8335171074885402848_n.jpg?_nc_cat=109&ccb=1-7&_nc_sid=c53f8f&_nc_ohc=Lowz6Hc5Qj8Q7kNvwEkbbO8&_nc_oc=Adr4CkPnREQWi6FtH9Pe7Pu_NJgzL4TmK4oMLFZ4vss1dumHvgdDh065baC_GHbknWk&_nc_zt=14&_nc_ht=scontent-ams2-1.xx&_nc_gid=TSSh3Ci2cQn2-LRvAcz8jA&_nc_ss=7f180&oh=00_AQCjS-PrsMNOdcWUHW7Pd406SIvmqs3fj4x-0EnKc7zdCw&oe=6A631328,,"['FACEBOOK', 'INSTAGRAM', 'AUDIENCE_NETWORK', 'MESSENGER', 'THREADS']",au,cw,facebook,social,2026-W29,2026-07,"FACEBOOK, INSTAGRAM, AUDIENCE_NETWORK, MESSENGER, THREADS",True,True,True,True,True,False,Brand/Category Page,True,False,False,2026-07-20,2026-04-24 07:00:00,2026-07-20 15:37:32.553203,87
2072456359966566,2024661738468392,True,2026-04-16 07:00:00,2026-07-19 07:00:00,Chemist Warehouse,Chemist Warehouse,{{product.name}},{{product.brand}},Shop now,DCO,https://www.chemistwarehouse.com.au/shop-online/705653/vida-glow?utm_source=facebook&utm_medium=social&utm_campaign=au_cw_coop_facebook_social_vidaglow_vidaglow_81_2026_100167-bau_video-image&utm_term=traffic&utm_content=video-image_static-2,www.chemistwarehouse.com.au,/shop-online/705653/vida-glow,facebook,social,au_cw_coop_facebook_social_vidaglow_vidaglow_81_2026_100167-bau_video-image,81,traffic,video-image_static-2,Coop,Vidaglow,Vidaglow,2026,video-image,Marine Collagen Peptides,"Pure, potent and simple to use. Add Vida Glow Natural Marine Collagen to your routine to support skin elasticity and hydration.",Shop Now,https://scontent-ams2-1.xx.fbcdn.net/v/t39.35426-6/672687217_1212591444090753_458793157925896405_n.jpg?_nc_cat=104&ccb=1-7&_nc_sid=c53f8f&_nc_ohc=DqDtL8CKEXoQ7kNvwFq94hg&_nc_oc=AdpADu91aB9F8O-sAXWt_NBx2xaf758umEoyFtKngE237Qwwmgw78GjQLP9cBvSc_Bw&_nc_zt=14&_nc_ht=scontent-ams2-1.xx&_nc_gid=TSSh3Ci2cQn2-LRvAcz8jA&_nc_ss=7f180&oh=00_AQCzriQfw00yYa_BcNTD69TYU1d_ig7bSd1wOd6KPplBvw&oe=6A6337CC,,"['FACEBOOK', 'INSTAGRAM', 'THREADS']",au,cw,facebook,social,2026-W29,2026-07,"FACEBOOK, INSTAGRAM, THREADS",True,True,False,False,True,False,Brand/Category Page,True,False,False,2026-07-20,2026-04-16 07:00:00,2026-07-20 15:37:32.553203,95
1003738848888254,,True,2026-04-30 07:00:00,2026-07-18 07:00:00,Chemist Warehouse,Chemist Warehouse,Upgrade Your Oral Care Routine,Meet Grin Pro: Advanced toothpaste for modern routines. Designed for complete care with whitening and gentle protection.,Shop now,IMAGE,https://www.chemistwarehouse.com.au/shop-online/703921/grin?utm_source=facebook&utm_medium=social&utm_campaign=au_cw_coop_facebook_social_grinnaturalproductsaustraliaptyltd_grin_159_2026_100009-bau_image&utm_term=traffic&utm_content=image_static-image,www.chemistwarehouse.com.au,/shop-online/703921/grin,facebook,social,au_cw_coop_facebook_social_grinnaturalproductsaustraliaptyltd_grin_159_2026_100009-bau_image,159,traffic,image_static-image,Coop,Grinnaturalproductsaustraliaptyltd,Grin,2026,image,,,,,,"['FACEBOOK', 'INSTAGRAM']",au,cw,facebook,social,2026-W29,2026-07,"FACEBOOK, INSTAGRAM",True,True,False,False,False,False,Brand/Category Page,True,False,False,2026-07-20,2026-04-30 07:00:00,2026-07-20 15:37:32.553203,81
1448586593170149,,True,2026-04-30 07:00:00,2026-07-18 07:00:00,Chemist Warehouse,Chemist Warehouse,Upgrade Your Oral Care Routine,Meet Grin Pro: Advanced toothpaste for modern routines. Designed for complete care with whitening and gentle protection.,Shop now,IMAGE,https://www.chemistwarehouse.com.au/shop-online/703921/grin?utm_source=facebook&utm_medium=social&utm_campaign=au_cw_coop_facebook_social_grinnaturalproductsaustraliaptyltd_grin_159_2026_100009-bau_image&utm_term=traffic&utm_content=image_static-image,www.chemistwarehouse.com.au,/shop-online/703921/grin,facebook,social,au_cw_coop_facebook_social_grinnaturalproductsaustraliaptyltd_grin_159_2026_100009-bau_image,159,traffic,image_static-image,Coop,Grinnaturalproductsaustraliaptyltd,Grin,2026,image,,,,,,"['FACEBOOK', 'INSTAGRAM']",au,cw,facebook,social,2026-W29,2026-07,"FACEBOOK, INSTAGRAM",True,True,False,False,False,False,Brand/Category Page,True,False,False,2026-07-20,2026-04-30 07:00:00,2026-07-20 15:37:32.553203,81
1890628551634654,842946934783585,True,2026-04-16 07:00:00,2026-07-19 07:00:00,Chemist Warehouse,Chemist Warehouse,{{product.name}},{{product.brand}},Shop now,DCO,https://www.chemistwarehouse.com.au/shop-online/705653/vida-glow?utm_source=facebook&utm_medium=social&utm_campaign=au_cw_coop_facebook_social_vidaglow_vidaglow_81_2026_100167-bau_video-image&utm_term=traffic&utm_content=video-image_static-3,www.chemistwarehouse.com.au,/shop-online/705653/vida-glow,facebook,social,au_cw_coop_facebook_social_vidaglow_vidaglow_81_2026_100167-bau_video-image,81,traffic,video-image_static-3,Coop,Vidaglow,Vidaglow,2026,video-image,Marine Collagen Peptides,"Pure, potent and simple to use. Add Vida Glow Natural Marine Collagen to your routine to support skin elasticity and hydration.",Shop Now,https://scontent-ams2-1.xx.fbcdn.net/v/t39.35426-6/671640447_2128346511286352_5026946083298738315_n.jpg?_nc_cat=102&ccb=1-7&_nc_sid=c53f8f&_nc_ohc=xsEOhTtWJ5EQ7kNvwFhw9Ed&_nc_oc=AdrCoiyc_DVx-EU3OiM3__MNEUHm7-jV0w0MD6rYUvOLOLwpDbVQ75bUqqwjgkSZ8Kc&_nc_zt=14&_nc_ht=scontent-ams2-1.xx&_nc_gid=TSSh3Ci2cQn2-LRvAcz8jA&_nc_ss=7f180&oh=00_AQCDZrHlbStmvFPY5_rSEoc99rOBIGzB8xIpOiDswiNcLg&oe=6A6308A0,,"['FACEBOOK', 'INSTAGRAM', 'THREADS']",au,cw,facebook,social,2026-W29,2026-07,"FACEBOOK, INSTAGRAM, THREADS",True,True,False,False,True,False,Brand/Category Page,True,False,False,2026-07-20,2026-04-16 07:00:00,2026-07-20 15:37:32.553203,95
928410636841008,4592791527615342,True,2026-04-16 07:00:00,2026-07-19 07:00:00,Chemist Warehouse,Chemist Warehouse,{{product.name}},{{product.brand}},Shop now,DCO,https://www.chemistwarehouse.com.au/shop-online/705653/vida-glow?utm_source=facebook&utm_medium=social&utm_campaign=au_cw_coop_facebook_social_vidaglow_vidaglow_81_2026_100167-bau_video-image&utm_term=traffic&utm_content=video-image_static-1,www.chemistwarehouse.com.au,/shop-online/705653/vida-glow,facebook,social,au_cw_coop_facebook_social_vidaglow_vidaglow_81_2026_100167-bau_video-image,81,traffic,video-image_static-1,Coop,Vidaglow,Vidaglow,2026,video-image,Marine Collagen Peptides,"Pure, potent and simple to use. Add Vida Glow Natural Marine Collagen to your routine to support skin elasticity and hydration.",Shop Now,https://scontent-ams2-1.xx.fbcdn.net/v/t39.35426-6/670525129_1215389997211816_5275696771799076566_n.jpg?_nc_cat=108&ccb=1-7&_nc_sid=c53f8f&_nc_ohc=wje_1YSnzTEQ7kNvwFBR42N&_nc_oc=AdqHCTjqmb2N_GtOtHmtrNjovhMHCb9nfCAxp70tq8O-_N1xaqJfhs46pSOn6To9pio&_nc_zt=14&_nc_ht=scontent-ams2-1.xx&_nc_gid=TSSh3Ci2cQn2-LRvAcz8jA&_nc_ss=7f180&oh=00_AQASJzfYlF7wZ4fxR4_RQXx8n2vHpdFQDaF2NJkgIBcjdw&oe=6A633617,,"['FACEBOOK', 'INSTAGRAM', 'THREADS']",au,cw,facebook,social,2026-W29,2026-07,"FACEBOOK, INSTAGRAM, THREADS",True,True,False,False,True,False,Brand/Category Page,True,False,False,2026-07-20,2026-04-16 07:00:00,2026-07-20 15:37:32.553203,95
935827842776576,4372948282988682,True,2026-04-16 07:00:00,2026-07-18 07:00:00,Chemist Warehouse,Chemist Warehouse,Marine Collagen Peptides,"Pure, potent and simple to use. Add Vida Glow Natural Marine Collagen to your routine to support skin elasticity and hydration.",Shop now,VIDEO,https://www.chemistwarehouse.com.au/shop-online/705653/vida-glow?utm_source=facebook&utm_medium=social&utm_campaign=au_cw_coop_facebook_social_vidaglow_vidaglow_81_2026_100167-bau_video-image&utm_term=traffic&utm_content=video-image_instore-video,www.chemistwarehouse.com.au,/shop-online/705653/vida-glow,facebook,social,au_cw_coop_facebook_social_vidaglow_vidaglow_81_2026_100167-bau_video-image,81,traffic,video-image_instore-video,Coop,Vidaglow,Vidaglow,2026,video-image,,,,,,"['FACEBOOK', 'INSTAGRAM', 'THREADS']",au,cw,facebook,social,2026-W29,2026-07,"FACEBOOK, INSTAGRAM, THREADS",True,True,False,False,True,False,Brand/Category Page,True,False,False,2026-07-20,2026-04-16 07:00:00,2026-07-20 15:37:32.553203,95
1596598248275517,,True,2026-04-12 07:00:00,2026-07-19 07:00:00,Chemist Warehouse,Chemist Warehouse,Strength in Every Drop,"Arnica powered, so you can keep on going. That's the Brauer promise.",Learn more,IMAGE,https://fb.com/canvas_doc/1388740719689421,fb.com,/canvas_doc/1388740719689421,,,,,,,Not Specified,,,,,,,,,,"['FACEBOOK', 'INSTAGRAM', 'THREADS']",,,,,2026-W29,2026-07,"FACEBOOK, INSTAGRAM, THREADS",True,True,False,False,True,False,Internal/App Page,True,False,False,2026-07-20,2026-04-12 07:00:00,2026-07-20 15:37:32.553203,99
1283739206518387,,True,2026-04-24 07:00:00,2026-07-19 07:00:00,Chemist Warehouse,Chemist Warehouse,{{product.name}},Shop Oral-B iO at Chemist Warehouse,Shop now,DPA,http://www.chemistwarehouse.com.au/,www.chemistwarehouse.com.au,/,,,,,,,Not Specified,,,,,Oral B Power Toothbrush iO 2 Series Black,Shop Oral-B iO at Chemist Warehouse,Shop Now,https://scontent-ams2-1.xx.fbcdn.net/v/t39.35426-6/678938214_802944912593891_6079721999811321774_n.jpg?_nc_cat=108&ccb=1-7&_nc_sid=c53f8f&_nc_ohc=dIM3ucaKt2MQ7kNvwGH7fmN&_nc_oc=AdqMjS3zSrtbG7wN0GMfR2bsJQiGhutrnJ1XwyiOZ-Cpr_tQF7qzTj_UjIQXC4UW5c8&_nc_zt=14&_nc_ht=scontent-ams2-1.xx&_nc_gid=TSSh3Ci2cQn2-LRvAcz8jA&_nc_ss=7f180&oh=00_AQDCq6KNZBgjhy6HVaUqbRLcnYxepGzZVhm-4RECbM66MQ&oe=6A631A50,,"['FACEBOOK', 'INSTAGRAM', 'AUDIENCE_NETWORK', 'MESSENGER', 'THREADS']",,,,,2026-W29,2026-07,"FACEBOOK, INSTAGRAM, AUDIENCE_NETWORK, MESSENGER, THREADS",True,True,True,True,True,False,Homepage,True,True,False,2026-07-20,2026-04-24 07:00:00,2026-07-20 15:37:32.553203,87
3918989318232751,1000676038965533,True,2026-04-30 07:00:00,2026-07-19 07:00:00,Chemist Warehouse,Chemist Warehouse,Shop at Chemist Warehouse,Just got back from Korea… and you can literally buy some of their most viral skincare at @ChemistWarehouseaus 🤯 Skin1004 is now available! Think barrier support but affordable with quality ingredients!,Shop now,VIDEO,https://www.chemistwarehouse.com.au/shop-online/705490/skin1004?utm_source=facebook&utm_medium=social&utm_campaign=au_cw_oa_facebook_social_cravercorporation_skin1004_665_mar26_100366-oa_video-image&utm_term=traffic&utm_content=video-influencer-peyton,www.chemistwarehouse.com.au,/shop-online/705490/skin1004,facebook,social,au_cw_oa_facebook_social_cravercorporation_skin1004_665_mar26_100366-oa_video-image,665,traffic,video-influencer-peyton,O&O,Cravercorporation,Skin1004,mar26,video-image,,,,,,"['FACEBOOK', 'INSTAGRAM', 'AUDIENCE_NETWORK', 'MESSENGER', 'THREADS']",au,cw,facebook,social,2026-W29,2026-07,"FACEBOOK, INSTAGRAM, AUDIENCE_NETWORK, MESSENGER, THREADS",True,True,True,True,True,False,Brand/Category Page,True,True,False,2026-07-20,2026-04-30 07:00:00,2026-07-20 15:37:32.553203,81
2060339631182666,,True,2026-04-13 07:00:00,2026-07-19 07:00:00,Chemist Warehouse,Chemist Warehouse,Get Pro Results Now,Experience the professional power of L'Oréal Professionnel Metal Detox Mask. The expert anti-metal shield for vibrant color.,Shop now,IMAGE,https://fb.com/canvas_doc/1616168926257167,fb.com,/canvas_doc/1616168926257167,,,,,,,Not Specified,,,,,,,,,,"['FACEBOOK', 'INSTAGRAM', 'AUDIENCE_NETWORK', 'MESSENGER', 'THREADS']",,,,,2026-W29,2026-07,"FACEBOOK, INSTAGRAM, AUDIENCE_NETWORK, MESSENGER, THREADS",True,True,True,True,True,False,Internal/App Page,True,False,False,2026-07-20,2026-04-13 07:00:00,2026-07-20 15:37:32.553203,98
942746435389643,1000676038965533,True,2026-04-29 07:00:00,2026-07-18 07:00:00,Chemist Warehouse,Chemist Warehouse,Shop at Chemist Warehouse,Just got back from Korea… and you can literally buy some of their most viral skincare at @ChemistWarehouseaus 🤯 Skin1004 is now available! Think barrier support but affordable with quality ingredients!,Shop now,VIDEO,https://www.chemistwarehouse.com.au/shop-online/705490/skin1004?utm_source=facebook&utm_medium=social&utm_campaign=au_cw_oa_facebook_social_cravercorporation_skin1004_665_mar26_100366-oa_video-image&utm_term=traffic&utm_content=video-influencer-peyton,www.chemistwarehouse.com.au,/shop-online/705490/skin1004,facebook,social,au_cw_oa_facebook_social_cravercorporation_skin1004_665_mar26_100366-oa_video-image,665,traffic,video-influencer-peyton,O&O,Cravercorporation,Skin1004,mar26,video-image,,,,,,"['FACEBOOK', 'INSTAGRAM', 'AUDIENCE_NETWORK', 'MESSENGER', 'THREADS']",au,cw,facebook,social,2026-W29,2026-07,"FACEBOOK, INSTAGRAM, AUDIENCE_NETWORK, MESSENGER, THREADS",True,True,True,True,True,False,Brand/Category Page,True,True,False,2026-07-20,2026-04-29 07:00:00,2026-07-20 15:37:32.553203,82
1517633469916383,2480705892364612,True,2026-06-16 07:00:00,2026-07-19 07:00:00,Chemist Warehouse,Chemist Warehouse,Shop at Chemist Warehouse,"When your skin is irritated, reactive or breaking out - focus on a simple, calming and barrier-focused skincare routine.",Shop now,VIDEO,https://www.chemistwarehouse.com.au/shop-online/705490/skin1004?utm_source=facebook&utm_medium=social&utm_campaign=au_cw_oa_facebook_social_cravercorporation_skin1004_665_mar26_100366-oa_video-image&utm_term=traffic&utm_content=video-influencer-sharn,www.chemistwarehouse.com.au,/shop-online/705490/skin1004,facebook,social,au_cw_oa_facebook_social_cravercorporation_skin1004_665_mar26_100366-oa_video-image,665,traffic,video-influencer-sharn,O&O,Cravercorporation,Skin1004,mar26,video-image,,,,,,"['FACEBOOK', 'INSTAGRAM', 'AUDIENCE_NETWORK', 'MESSENGER', 'THREADS']",au,cw,facebook,social,2026-W29,2026-07,"FACEBOOK, INSTAGRAM, AUDIENCE_NETWORK, MESSENGER, THREADS",True,True,True,True,True,False,Brand/Category Page,True,True,False,2026-07-20,2026-06-16 07:00:00,2026-07-20 15:37:32.553203,34
942568748506532,,True,2026-04-12 07:00:00,2026-07-19 07:00:00,Chemist Warehouse,Chemist Warehouse,Strength in Every Drop,"Gentle, effective, and easy to take. Support your child’s growth and immunity with Brauer.",Learn more,IMAGE,https://fb.com/canvas_doc/911514928554732,fb.com,/canvas_doc/911514928554732,,,,,,,Not Specified,,,,,,,,,,"['FACEBOOK', 'INSTAGRAM', 'AUDIENCE_NETWORK', 'MESSENGER', 'THREADS']",,,,,2026-W29,2026-07,"FACEBOOK, INSTAGRAM, AUDIENCE_NETWORK, MESSENGER, THREADS",True,True,True,True,True,False,Internal/App Page,True,False,False,2026-07-20,2026-04-12 07:00:00,2026-07-20 15:37:32.553203,99
2432051393904277,,True,2026-04-12 07:00:00,2026-07-18 07:00:00,Chemist Warehouse,Chemist Warehouse,Strength in Every Drop,"Brauer is there for the nights that test you both. Gentle, effective relief for peace of mind in every drop.",Learn more,IMAGE,https://fb.com/canvas_doc/977370358141098,fb.com,/canvas_doc/977370358141098,,,,,,,Not Specified,,,,,,,,,,"['FACEBOOK', 'INSTAGRAM', 'AUDIENCE_NETWORK', 'MESSENGER', 'THREADS']",,,,,2026-W29,2026-07,"FACEBOOK, INSTAGRAM, AUDIENCE_NETWORK, MESSENGER, THREADS",True,True,True,True,True,False,Internal/App Page,True,False,False,2026-07-20,2026-04-12 07:00:00,2026-07-20 15:37:32.553203,99
1426659215907572,,True,2026-04-10 07:00:00,2026-07-19 07:00:00,Chemist Warehouse,Chemist Warehouse,Ready For Winter?,"Find effective relief & power through your cold & flu, cough & sore throat symptoms",Shop now,IMAGE,https://fb.com/canvas_doc/1741600727248325,fb.com,/canvas_doc/1741600727248325,,,,,,,Not Specified,,,,,,,,,,"['FACEBOOK', 'INSTAGRAM', 'THREADS']",,,,,2026-W29,2026-07,"FACEBOOK, INSTAGRAM, THREADS",True,True,False,False,True,False,Internal/App Page,True,False,False,2026-07-20,2026-04-10 07:00:00,2026-07-20 15:37:32.553203,101
1473170841054570,1096443559353880,True,2026-04-10 07:00:00,2026-07-19 07:00:00,Chemist Warehouse,Chemist Warehouse,Uh oh cold & flu?,"Get powerful cold & flu relief with Demazin & power through winter! 
Always read the label and follow the directions for use.",Shop now,VIDEO,https://fb.com/canvas_doc/917601674372651,fb.com,/canvas_doc/917601674372651,,,,,,,Not Specified,,,,,,,,,,"['FACEBOOK', 'INSTAGRAM', 'THREADS']",,,,,2026-W29,2026-07,"FACEBOOK, INSTAGRAM, THREADS",True,True,False,False,True,False,Internal/App Page,True,False,False,2026-07-20,2026-04-10 07:00:00,2026-07-20 15:37:32.553203,101
1498327918303122,,True,2026-04-10 07:00:00,2026-07-18 07:00:00,Chemist Warehouse,Chemist Warehouse,Ready For Winter?,Power Through This Winter When Cold & Flu Symptoms Hit - Be Prepared With This Bundle,Shop now,IMAGE,https://fb.com/canvas_doc/1468049511366417,fb.com,/canvas_doc/1468049511366417,,,,,,,Not Specified,,,,,,,,,,"['FACEBOOK', 'INSTAGRAM', 'THREADS']",,,,,2026-W29,2026-07,"FACEBOOK, INSTAGRAM, THREADS",True,True,False,False,True,False,Internal/App Page,True,False,False,2026-07-20,2026-04-10 07:00:00,2026-07-20 15:37:32.553203,101
1507944674154297,1271297135144101,True,2026-04-12 07:00:00,2026-07-19 07:00:00,Chemist Warehouse,Chemist Warehouse,{{product.name}},{{product.brand}},Learn more,DCO,https://www.chemistwarehouse.com.au/shop-online/1066/matrix?utm_source=facebook&utm_medium=social&utm_campaign=au_cw_coop_facebook_social_lorealprofessional_matrix_129_2026_100047-bau_image&utm_term=reach&utm_content=image_curly,www.chemistwarehouse.com.au,/shop-online/1066/matrix,facebook,social,au_cw_coop_facebook_social_lorealprofessional_matrix_129_2026_100047-bau_image,129,reach,image_curly,Coop,Lorealprofessional,Matrix,2026,image,Matrix x KATSEYE: Hair in motion.,Matrix x KATSEYE: Pro haircare that transforms every choreography into a stunning hairography. Stage-ready hair!,Learn More,https://scontent-ams2-1.xx.fbcdn.net/v/t39.35426-6/672261616_951905554253352_5687681549465139754_n.jpg?_nc_cat=101&ccb=1-7&_nc_sid=c53f8f&_nc_ohc=UbaMwCdb6DQQ7kNvwGf0q3V&_nc_oc=AdrCKVwufGE8mdVlZgtSSi9kr9mZywI08m4s2Y29Uv2EHHma040vXYnCU1GmLjGZPok&_nc_zt=14&_nc_ht=scontent-ams2-1.xx&_nc_gid=TSSh3Ci2cQn2-LRvAcz8jA&_nc_ss=7f180&oh=00_AQCL8ESWUFWCN0hCBgyl3PrY4ZS5XQMJU6RGKTgbgb71ug&oe=6A6302EE,,"['FACEBOOK', 'INSTAGRAM', 'AUDIENCE_NETWORK', 'WHATSAPP', 'THREADS']",au,cw,facebook,social,2026-W29,2026-07,"FACEBOOK, INSTAGRAM, AUDIENCE_NETWORK, WHATSAPP, THREADS",True,True,True,False,True,True,Brand/Category Page,True,False,False,2026-07-20,2026-04-12 07:00:00,2026-07-20 15:37:32.553203,99
1432076881478933,,True,2026-04-10 07:00:00,2026-07-18 07:00:00,Chemist Warehouse,Chemist Warehouse,Sore throat?,Act fast at the first sign of a sore throat with Betadine.,Shop now,IMAGE,https://fb.com/canvas_doc/950214430734833,fb.com,/canvas_doc/950214430734833,,,,,,,Not Specified,,,,,,,,,,"['FACEBOOK', 'INSTAGRAM', 'THREADS']",,,,,2026-W29,2026-07,"FACEBOOK, INSTAGRAM, THREADS",True,True,False,False,True,False,Internal/App Page,True,False,False,2026-07-20,2026-04-10 07:00:00,2026-07-20 15:37:32.553203,101
1486010796247859,,True,2026-04-10 07:00:00,2026-07-18 07:00:00,Chemist Warehouse,Chemist Warehouse,Sore throat?,"Act fast with Difflam’s NEW 3in1 Throat Lozenge. Get fast soothing relief for sore throat, cough and blocked nose.",Shop now,IMAGE,https://fb.com/canvas_doc/1693396895352550,fb.com,/canvas_doc/1693396895352550,,,,,,,Not Specified,,,,,,,,,,"['FACEBOOK', 'INSTAGRAM', 'THREADS']",,,,,2026-W29,2026-07,"FACEBOOK, INSTAGRAM, THREADS",True,True,False,False,True,False,Internal/App Page,True,False,False,2026-07-20,2026-04-10 07:00:00,2026-07-20 15:37:32.553203,101
3226258364248977,,True,2026-04-10 07:00:00,2026-07-19 07:00:00,Chemist Warehouse,Chemist Warehouse,Chesty Cough?,"Feeling trapped by your cough? Get DURO-TOUGH with DURO-TUSS!
Always read the label and follow the directions for use.",Shop now,IMAGE,https://fb.com/canvas_doc/27349074794681884,fb.com,/canvas_doc/27349074794681884,,,,,,,Not Specified,,,,,,,,,,"['FACEBOOK', 'INSTAGRAM', 'THREADS']",,,,,2026-W29,2026-07,"FACEBOOK, INSTAGRAM, THREADS",True,True,False,False,True,False,Internal/App Page,True,False,False,2026-07-20,2026-04-10 07:00:00,2026-07-20 15:37:32.553203,101
960633843277925,964120622861651,True,2026-04-10 07:00:00,2026-07-18 07:00:00,Chemist Warehouse,Chemist Warehouse,Sore throat?,"Act fast with Difflam’s NEW 3in1 Throat Lozenge. Get fast soothing relief for sore throat, cough and blocked nose.",Shop now,VIDEO,https://fb.com/canvas_doc/956788387312728,fb.com,/canvas_doc/956788387312728,,,,,,,Not Specified,,,,,,,,,,"['FACEBOOK', 'INSTAGRAM', 'THREADS']",,,,,2026-W29,2026-07,"FACEBOOK, INSTAGRAM, THREADS",True,True,False,False,True,False,Internal/App Page,True,False,False,2026-07-20,2026-04-10 07:00:00,2026-07-20 15:37:32.553203,101
954773073582189,1500000098503108,True,2026-04-10 07:00:00,2026-07-19 07:00:00,Chemist Warehouse,Chemist Warehouse,Uh oh kids down with a cold?,"Demazin provides trusted relief for the whole family when sickness strikes 🤧
Always read the label and follow the directions for use.",Shop now,VIDEO,https://fb.com/canvas_doc/4152945264955912,fb.com,/canvas_doc/4152945264955912,,,,,,,Not Specified,,,,,,,,,,"['FACEBOOK', 'INSTAGRAM', 'THREADS']",,,,,2026-W29,2026-07,"FACEBOOK, INSTAGRAM, THREADS",True,True,False,False,True,False,Internal/App Page,True,False,False,2026-07-20,2026-04-10 07:00:00,2026-07-20 15:37:32.553203,101
1464282441854740,1656442205401814,True,2026-04-09 07:00:00,2026-07-19 07:00:00,Chemist Warehouse,Chemist Warehouse,{{product.name}},{{product.brand}},Shop now,DCO,https://www.chemistwarehouse.com.au/shop-online/2128/bio-island?utm_source=facebook&utm_medium=social&utm_campaign=au_cw_coop_facebook_social_jbxptyltd_bioisland_81_2026_bau_dynamic&utm_term=conversion&utm_content=dynamic_brand,www.chemistwarehouse.com.au,/shop-online/2128/bio-island,facebook,social,au_cw_coop_facebook_social_jbxptyltd_bioisland_81_2026_bau_dynamic,81,conversion,dynamic_brand,Coop,Jbxptyltd,Bioisland,2026,dynamic,Bio Island DHA for Pregnancy,Bio Island DHA for Pregnancy helps support a healthy pregnancy and maternal health.,Shop Now,https://scontent-ams2-1.xx.fbcdn.net/v/t39.35426-6/668765413_1349199997256410_3952733425963684160_n.jpg?_nc_cat=107&ccb=1-7&_nc_sid=c53f8f&_nc_ohc=7oYKHEWFDJ8Q7kNvwGo2XMp&_nc_oc=AdpXMjBSwlt-3gyFGbxgvW6h2vPXm_QEpzQglvStHYAAlj20sWUvIQ49rJyed_ORHtk&_nc_zt=14&_nc_ht=scontent-ams2-1.xx&_nc_gid=jTQuFHtNcZjW5AAcdteotg&_nc_ss=7f180&oh=00_AQDKcvDF4CIr3Zy7K6MQsacDF3XSccXi54590puJDsdOVw&oe=6A6317E6,,"['FACEBOOK', 'INSTAGRAM', 'AUDIENCE_NETWORK', 'MESSENGER', 'THREADS']",au,cw,facebook,social,2026-W29,2026-07,"FACEBOOK, INSTAGRAM, AUDIENCE_NETWORK, MESSENGER, THREADS",True,True,True,True,True,False,Brand/Category Page,True,False,False,2026-07-20,2026-04-09 07:00:00,2026-07-20 15:37:32.553203,102
1130380429223689,,True,2026-04-09 07:00:00,2026-07-19 07:00:00,Chemist Warehouse,Chemist Warehouse,Bio Island DHA for Pregnancy,Helps support a healthy pregnancy and maternal health,Shop now,IMAGE,https://fb.com/canvas_doc/2049245099267585,fb.com,/canvas_doc/2049245099267585,,,,,,,Not Specified,,,,,,,,,,"['FACEBOOK', 'INSTAGRAM', 'AUDIENCE_NETWORK', 'MESSENGER', 'THREADS']",,,,,2026-W29,2026-07,"FACEBOOK, INSTAGRAM, AUDIENCE_NETWORK, MESSENGER, THREADS",True,True,True,True,True,False,Internal/App Page,True,False,False,2026-07-20,2026-04-09 07:00:00,2026-07-20 15:37:32.553203,102
1285726926318973,956759043570802,True,2026-04-10 07:00:00,2026-07-19 07:00:00,Chemist Warehouse,Chemist Warehouse,Stubborn Dry Cough?,"Feeling trapped by your stubborn dry cough? Get DURO-TOUGH with DURO-TUSS.
Always read the label and follow the directions for use.",Shop now,VIDEO,https://fb.com/canvas_doc/1373188091522221,fb.com,/canvas_doc/1373188091522221,,,,,,,Not Specified,,,,,,,,,,"['FACEBOOK', 'INSTAGRAM', 'THREADS']",,,,,2026-W29,2026-07,"FACEBOOK, INSTAGRAM, THREADS",True,True,False,False,True,False,Internal/App Page,True,False,False,2026-07-20,2026-04-10 07:00:00,2026-07-20 15:37:32.553203,101
1429394911793734,1393883255390259,True,2026-04-06 07:00:00,2026-07-19 07:00:00,Chemist Warehouse,Chemist Warehouse,{{product.name}},{{product.brand}},Shop now,DCO,https://www.chemistwarehouse.com.au/shop-online/799/nicabate?utm_source=facebook&utm_medium=social&utm_campaign=au_cw_coop_facebook_social_marketingbrokersaustraliaptyltd_nicabate_258_2026_100177-bau_image&utm_term=traffic&utm_content=image_static2,www.chemistwarehouse.com.au,/shop-online/799/nicabate,facebook,social,au_cw_coop_facebook_social_marketingbrokersaustraliaptyltd_nicabate_258_2026_100177-bau_image,258,traffic,image_static2,Coop,Marketingbrokersaustraliaptyltd,Nicabate,2026,image,Turn Nicotine Cravings Down,Learn how Nicabate can help you to stay on your quit journey.,Shop Now,https://scontent-ams2-1.xx.fbcdn.net/v/t39.35426-6/662362019_1249570870721074_2980744875479751706_n.jpg?_nc_cat=105&ccb=1-7&_nc_sid=c53f8f&_nc_ohc=FO-elnOsyDkQ7kNvwE5_DFk&_nc_oc=AdqBTAQSJt7_Sdkjl1Glwx5RqgrU06ZBESFfiL_n0okgskmUkAJEQP1OYVRi3PUWH5E&_nc_zt=14&_nc_ht=scontent-ams2-1.xx&_nc_gid=jTQuFHtNcZjW5AAcdteotg&_nc_ss=7f180&oh=00_AQDMX7tZQy70XkB9HORRHUTo7zsodbHzt16N4y6QgO3wtw&oe=6A6329BE,,"['FACEBOOK', 'INSTAGRAM', 'AUDIENCE_NETWORK', 'MESSENGER', 'THREADS']",au,cw,facebook,social,2026-W29,2026-07,"FACEBOOK, INSTAGRAM, AUDIENCE_NETWORK, MESSENGER, THREADS",True,True,True,True,True,False,Brand/Category Page,True,False,False,2026-07-20,2026-04-06 07:00:00,2026-07-20 15:37:32.553203,105
1990346321586737,1709736293791746,True,2026-04-20 07:00:00,2026-07-19 07:00:00,Chemist Warehouse,Chemist Warehouse,Marine Collagen Peptides,"Pure, potent and simple to use. Add Vida Glow Natural Marine Collagen to your routine to support skin elasticity and hydration.",Shop now,VIDEO,https://www.chemistwarehouse.com.au/shop-online/705653/vida-glow?utm_source=facebook&utm_medium=social&utm_campaign=au_cw_coop_facebook_social_vidaglow_vidaglow_81_2026_100167-bau_video-image&utm_term=traffic&utm_content=video-image_branding-video-2,www.chemistwarehouse.com.au,/shop-online/705653/vida-glow,facebook,social,au_cw_coop_facebook_social_vidaglow_vidaglow_81_2026_100167-bau_video-image,81,traffic,video-image_branding-video-2,Coop,Vidaglow,Vidaglow,2026,video-image,,,,,,"['FACEBOOK', 'INSTAGRAM']",au,cw,facebook,social,2026-W29,2026-07,"FACEBOOK, INSTAGRAM",True,True,False,False,False,False,Brand/Category Page,True,False,False,2026-07-20,2026-04-20 07:00:00,2026-07-20 15:37:32.553203,91
1332148938968971,,True,2026-04-21 07:00:00,2026-07-19 07:00:00,Chemist Warehouse,Chemist Warehouse,Developed with dermatologists,Experience the science of CeraVe Foaming Cleanser. Shop now at Chemist Warehouse.,Shop now,IMAGE,https://fb.com/canvas_doc/1630256568184680,fb.com,/canvas_doc/1630256568184680,,,,,,,Not Specified,,,,,,,,,,"['FACEBOOK', 'INSTAGRAM', 'AUDIENCE_NETWORK', 'MESSENGER', 'THREADS']",,,,,2026-W29,2026-07,"FACEBOOK, INSTAGRAM, AUDIENCE_NETWORK, MESSENGER, THREADS",True,True,True,True,True,False,Internal/App Page,True,True,False,2026-07-20,2026-04-21 07:00:00,2026-07-20 15:37:32.553203,90
1110337237928647,1458207795951417,True,2026-04-06 07:00:00,2026-07-19 07:00:00,Chemist Warehouse,Chemist Warehouse,{{product.name}},{{product.brand}},Shop now,DCO,https://www.chemistwarehouse.com.au/shop-online/799/nicabate?utm_source=facebook&utm_medium=social&utm_campaign=au_cw_coop_facebook_social_marketingbrokersaustraliaptyltd_nicabate_258_2026_100177-bau_image&utm_term=traffic&utm_content=image_static3,www.chemistwarehouse.com.au,/shop-online/799/nicabate,facebook,social,au_cw_coop_facebook_social_marketingbrokersaustraliaptyltd_nicabate_258_2026_100177-bau_image,258,traffic,image_static3,Coop,Marketingbrokersaustraliaptyltd,Nicabate,2026,image,Turn Nicotine Cravings Down,Learn how Nicabate can help you to stay on your quit journey.,Shop Now,https://scontent-ams2-1.xx.fbcdn.net/v/t39.35426-6/667392322_806534818717497_5480660440091818206_n.jpg?_nc_cat=102&ccb=1-7&_nc_sid=c53f8f&_nc_ohc=yfxtH_niKbgQ7kNvwGWayYt&_nc_oc=AdqRUqi8ux-5EViQJyV0PJKxpc6H9sMKEf0xPAIMaw9jTDbBGxj2--VIf5S0aX1QUTg&_nc_zt=14&_nc_ht=scontent-ams2-1.xx&_nc_gid=jTQuFHtNcZjW5AAcdteotg&_nc_ss=7f180&oh=00_AQAKy09AUajZblREdQx30eLRELhewJW8h2R_GG00kHpHxw&oe=6A632042,,"['FACEBOOK', 'INSTAGRAM', 'AUDIENCE_NETWORK', 'MESSENGER', 'THREADS']",au,cw,facebook,social,2026-W29,2026-07,"FACEBOOK, INSTAGRAM, AUDIENCE_NETWORK, MESSENGER, THREADS",True,True,True,True,True,False,Brand/Category Page,True,False,False,2026-07-20,2026-04-06 07:00:00,2026-07-20 15:37:32.553203,105
1756782145738713,,True,2026-04-22 07:00:00,2026-07-19 07:00:00,Chemist Warehouse,Chemist Warehouse,Developed with dermatologists,"CeraVe, Developed with Dermatologists. Shop now at Chemist Warehouse!",Shop now,IMAGE,https://fb.com/canvas_doc/955920760483621,fb.com,/canvas_doc/955920760483621,,,,,,,Not Specified,,,,,,,,,,"['FACEBOOK', 'INSTAGRAM', 'AUDIENCE_NETWORK', 'MESSENGER', 'THREADS']",,,,,2026-W29,2026-07,"FACEBOOK, INSTAGRAM, AUDIENCE_NETWORK, MESSENGER, THREADS",True,True,True,True,True,False,Internal/App Page,True,True,False,2026-07-20,2026-04-22 07:00:00,2026-07-20 15:37:32.553203,89
1284568810482483,1268862164881061,True,2026-04-20 07:00:00,2026-07-19 07:00:00,Chemist Warehouse,Chemist Warehouse,{{product.name}},{{product.brand}},Shop now,DCO,https://www.chemistwarehouse.com.au/shop-online/705653/vida-glow?utm_source=facebook&utm_medium=social&utm_campaign=au_cw_coop_facebook_social_vidaglow_vidaglow_81_2026_100167-bau_video-image&utm_term=traffic&utm_content=video-image_influencer-video,www.chemistwarehouse.com.au,/shop-online/705653/vida-glow,facebook,social,au_cw_coop_facebook_social_vidaglow_vidaglow_81_2026_100167-bau_video-image,81,traffic,video-image_influencer-video,Coop,Vidaglow,Vidaglow,2026,video-image,Marine Collagen Peptides,"Pure, potent and simple to use. Add Vida Glow Natural Marine Collagen to your routine to support skin elasticity and hydration.",Shop Now,,https://video-ams2-1.xx.fbcdn.net/o1/v/t2/f2/m366/AQPaPZYur0ufk-zNWzkVdwNf2h01QJdQHOX9YOERl1GMhBwPweOalzflfwMEUOUGGd0OFsAx9LEeTq4N1ijSTat9R4go9InQh2qSzWtbmPUMJw.mp4?_nc_cat=102&_nc_sid=b66105&_nc_ht=video-ams2-1.xx.fbcdn.net&_nc_ohc=L_azrdpKh-IQ7kNvwHIhtFj&efg=eyJ2ZW5jb2RlX3RhZyI6Inhwdl9wcm9ncmVzc2l2ZS5WSV9VU0VDQVNFX1BST0RVQ1RfVFlQRS4uQzMuNzIwLmRhc2hfaDI2NC1iYXNpYy1nZW4yXzcyMHAiLCJ4cHZfYXNzZXRfaWQiOjEzMDQyNzY5MzQ5NjQ0MzMsImFzc2V0X2FnZV9kYXlzIjo4OSwidmlfdXNlY2FzZV9pZCI6MTA3OTksImR1cmF0aW9uX3MiOjIyLCJ1cmxnZW5fc291cmNlIjoid3d3In0%3D&ccb=17-1&vs=90a337394a0d2584&_nc_vs=HBksFQIYRWZiX2VwaGVtZXJhbC84QzQxNUQyQkJCQTNFQjExMUUxQjk3RkZCQkIwRUQ5OF9tdF8xX3ZpZGVvX2Rhc2hpbml0Lm1wNBUAAsgBEgAVAhhAZmJfcGVybWFuZW50LzE3NDRCRDlGODk4RjI5RDQxQzlGMzZENkIzQTJCMjhEX2F1ZGlvX2Rhc2hpbml0Lm1wNBUCAsgBEgAoABgAGwKIB3VzZV9vaWwBMRJwcm9ncmVzc2l2ZV9yZWNpcGUBMRUAACai06229I7RBBUCKAJDMywXQDbu2RaHKwIYGWRhc2hfaDI2NC1iYXNpYy1nZW4yXzcyMHARAHUAZd6oAQA&_nc_gid=TSSh3Ci2cQn2-LRvAcz8jA&_nc_ss=7f180&_nc_zt=28&oh=00_AQAIQRHJ3TkB9Pv6KaiX-iC30O550NO6Qzs7kkSA9INjkg&oe=6A6317BE,"['FACEBOOK', 'INSTAGRAM']",au,cw,facebook,social,2026-W29,2026-07,"FACEBOOK, INSTAGRAM",True,True,False,False,False,False,Brand/Category Page,True,False,False,2026-07-20,2026-04-20 07:00:00,2026-07-20 15:37:32.553203,91
2127533114762496,992305736471260,True,2026-04-20 07:00:00,2026-07-19 07:00:00,Chemist Warehouse,Chemist Warehouse,{{product.name}},{{product.brand}},Shop now,DCO,https://www.chemistwarehouse.com.au/shop-online/705652/old-spice?utm_source=facebook&utm_medium=social&utm_campaign=au_cw_coop_facebook_social_proctergambleaustralia_oldspice_259_2026_100078-bau_video&utm_term=traffic&utm_content=video_all,www.chemistwarehouse.com.au,/shop-online/705652/old-spice,facebook,social,au_cw_coop_facebook_social_proctergambleaustralia_oldspice_259_2026_100078-bau_video,259,traffic,video_all,Coop,Proctergambleaustralia,Oldspice,2026,video,Try Old Spice Range,Long-lasting sweat and odor protection. Feel 2x fresher with a perfume-quality fragrance!,Shop Now,https://scontent-ams2-1.xx.fbcdn.net/v/t39.35426-6/675552182_1679846909831864_7282801876572587463_n.jpg?_nc_cat=105&ccb=1-7&_nc_sid=c53f8f&_nc_ohc=eCKYJGqnHCUQ7kNvwHZYob8&_nc_oc=AdrlGUccsyrDpewVdMoNBtdM0d6ivZ2C9Vm-TAG_bb92M3M5Whbyus9TBGDlZwlsAio&_nc_zt=14&_nc_ht=scontent-ams2-1.xx&_nc_gid=TSSh3Ci2cQn2-LRvAcz8jA&_nc_ss=7f180&oh=00_AQDq5TTkXpivUuvh5DUho_bmmIYJwzolFyVZoH1PNMhX3w&oe=6A6318B8,,"['FACEBOOK', 'INSTAGRAM', 'AUDIENCE_NETWORK', 'MESSENGER', 'THREADS']",au,cw,facebook,social,2026-W29,2026-07,"FACEBOOK, INSTAGRAM, AUDIENCE_NETWORK, MESSENGER, THREADS",True,True,True,True,True,False,Brand/Category Page,True,False,False,2026-07-20,2026-04-20 07:00:00,2026-07-20 15:37:32.553203,91
952823924343856,837912306004035,True,2026-04-01 07:00:00,2026-07-19 07:00:00,Chemist Warehouse,Chemist Warehouse,{{product.name}},{{product.brand}},Shop now,DCO,https://www.chemistwarehouse.com.au/shop-online/705490/skin1004?utm_source=facebook&utm_medium=social&utm_campaign=au_cw_oa_facebook_social_cravercorporation_skin1004_665_mar26_100366-oa_video-image&utm_term=traffic&utm_content=video-image_static-3,www.chemistwarehouse.com.au,/shop-online/705490/skin1004,facebook,social,au_cw_oa_facebook_social_cravercorporation_skin1004_665_mar26_100366-oa_video-image,665,traffic,video-image_static-3,O&O,Cravercorporation,Skin1004,mar26,video-image,"Centella, For Your Skincare Routine",Soothe and strengthen your skin with Madagascar Centella. Gentle care for everyday balance and healthy-looking skin.,Shop Now,https://scontent-ams2-1.xx.fbcdn.net/v/t39.35426-6/662665839_1342681611224116_3861884623040602843_n.jpg?_nc_cat=107&ccb=1-7&_nc_sid=c53f8f&_nc_ohc=qu7p2oD7TFoQ7kNvwFcWpsW&_nc_oc=AdrGP-6qNO7joQ6HYmg0Npy8mT1rnc5Er_HGnh1YMS9jjJyw11aA0tn8eMWyswuypI0&_nc_zt=14&_nc_ht=scontent-ams2-1.xx&_nc_gid=jTQuFHtNcZjW5AAcdteotg&_nc_ss=7f180&oh=00_AQDmDYBcgvmr_bvKwKUnn08sZSQik6scDJCRrBdWDAOBmQ&oe=6A631949,,"['FACEBOOK', 'INSTAGRAM', 'AUDIENCE_NETWORK', 'MESSENGER', 'THREADS']",au,cw,facebook,social,2026-W29,2026-07,"FACEBOOK, INSTAGRAM, AUDIENCE_NETWORK, MESSENGER, THREADS",True,True,True,True,True,False,Brand/Category Page,True,False,False,2026-07-20,2026-04-01 07:00:00,2026-07-20 15:37:32.553203,110
1268643415418830,1298162745746830,True,2026-04-20 07:00:00,2026-07-19 07:00:00,Chemist Warehouse,Chemist Warehouse,{{product.name}},{{product.brand}},Shop now,DCO,https://www.chemistwarehouse.com.au/shop-online/705652/old-spice?utm_source=facebook&utm_medium=social&utm_campaign=au_cw_coop_facebook_social_proctergambleaustralia_oldspice_259_2026_100078-bau_video&utm_term=traffic&utm_content=video_all,www.chemistwarehouse.com.au,/shop-online/705652/old-spice,facebook,social,au_cw_coop_facebook_social_proctergambleaustralia_oldspice_259_2026_100078-bau_video,259,traffic,video_all,Coop,Proctergambleaustralia,Oldspice,2026,video,The Scent that Never Dies,Long-lasting sweat and odor protection. Feel 2x fresher with a perfume-quality fragrance!,Shop Now,https://scontent-ams2-1.xx.fbcdn.net/v/t39.35426-6/673598511_1024357526838826_4817423030499551495_n.jpg?_nc_cat=103&ccb=1-7&_nc_sid=c53f8f&_nc_ohc=EUVtj7M4X_EQ7kNvwGKKoUK&_nc_oc=Adq_28tpSeu2JyQU22bJVhVzPJ-wHsAFJFaM6joWoutgoyQmk1DWgAHyA0reMX6CiMM&_nc_zt=14&_nc_ht=scontent-ams2-1.xx&_nc_gid=TSSh3Ci2cQn2-LRvAcz8jA&_nc_ss=7f180&oh=00_AQCd86qjzPqPH8lczOUFcR9nEJK0adu9hKCv65njOMkbRQ&oe=6A63186E,,"['FACEBOOK', 'INSTAGRAM', 'AUDIENCE_NETWORK', 'MESSENGER', 'THREADS']",au,cw,facebook,social,2026-W29,2026-07,"FACEBOOK, INSTAGRAM, AUDIENCE_NETWORK, MESSENGER, THREADS",True,True,True,True,True,False,Brand/Category Page,True,False,False,2026-07-20,2026-04-20 07:00:00,2026-07-20 15:37:32.553203,91
1688306815673342,919739644134695,True,2026-04-06 07:00:00,2026-07-19 07:00:00,Chemist Warehouse,Chemist Warehouse,{{product.name}},{{product.brand}},Shop now,DCO,https://www.chemistwarehouse.com.au/shop-online/799/nicabate?utm_source=facebook&utm_medium=social&utm_campaign=au_cw_coop_facebook_social_marketingbrokersaustraliaptyltd_nicabate_258_2026_100177-bau_image&utm_term=traffic&utm_content=image_static4,www.chemistwarehouse.com.au,/shop-online/799/nicabate,facebook,social,au_cw_coop_facebook_social_marketingbrokersaustraliaptyltd_nicabate_258_2026_100177-bau_image,258,traffic,image_static4,Coop,Marketingbrokersaustraliaptyltd,Nicabate,2026,image,Turn Nicotine Cravings Down,Learn how Nicabate can help you to stay on your quit journey.,Shop Now,https://scontent-ams2-1.xx.fbcdn.net/v/t39.35426-6/667871209_1448532786739283_8433879229650310005_n.jpg?_nc_cat=103&ccb=1-7&_nc_sid=c53f8f&_nc_ohc=3aE-4UREWH4Q7kNvwFK_DBf&_nc_oc=AdrOERkTvTLCBRkItAooHJNEiYDkAeG4IdoYfWKXjjGsporNbXUFNVoA8_IBFZMyjfM&_nc_zt=14&_nc_ht=scontent-ams2-1.xx&_nc_gid=jTQuFHtNcZjW5AAcdteotg&_nc_ss=7f180&oh=00_AQCFIu9HzNAsoiJE_4zKoajMFqCz5Walj5EQea8nV29fpw&oe=6A632967,,"['FACEBOOK', 'INSTAGRAM', 'AUDIENCE_NETWORK', 'MESSENGER', 'THREADS']",au,cw,facebook,social,2026-W29,2026-07,"FACEBOOK, INSTAGRAM, AUDIENCE_NETWORK, MESSENGER, THREADS",True,True,True,True,True,False,Brand/Category Page,True,False,False,2026-07-20,2026-04-06 07:00:00,2026-07-20 15:37:32.553203,105
1793158692069457,837912306004035,True,2026-04-01 07:00:00,2026-07-19 07:00:00,Chemist Warehouse,Chemist Warehouse,{{product.name}},{{product.brand}},Shop now,DCO,https://www.chemistwarehouse.com.au/shop-online/705490/skin1004?utm_source=facebook&utm_medium=social&utm_campaign=au_cw_oa_facebook_social_cravercorporation_skin1004_665_mar26_100366-oa_video-image&utm_term=traffic&utm_content=video-image_static-3,www.chemistwarehouse.com.au,/shop-online/705490/skin1004,facebook,social,au_cw_oa_facebook_social_cravercorporation_skin1004_665_mar26_100366-oa_video-image,665,traffic,video-image_static-3,O&O,Cravercorporation,Skin1004,mar26,video-image,"Centella, For Your Skincare Routine",Soothe and strengthen your skin with Madagascar Centella. Gentle care for everyday balance and healthy-looking skin.,Shop Now,https://scontent-ams2-1.xx.fbcdn.net/v/t39.35426-6/658200401_4418968658338177_5971079398178345470_n.jpg?_nc_cat=108&ccb=1-7&_nc_sid=c53f8f&_nc_ohc=gfilRYGvpbMQ7kNvwFD27oJ&_nc_oc=AdpyvxPpAkNOYGPsbE7fkpdhDivlumhLnwFZ3dMyGU7iQuAQGfXTxcpjctxSUibO6Ao&_nc_zt=14&_nc_ht=scontent-ams2-1.xx&_nc_gid=jTQuFHtNcZjW5AAcdteotg&_nc_ss=7f180&oh=00_AQAZiWejhkvVnTMdQGFzhflYQaamK1rQOoqPqKZoAG2tOw&oe=6A632B40,,"['FACEBOOK', 'INSTAGRAM', 'AUDIENCE_NETWORK', 'MESSENGER', 'THREADS']",au,cw,facebook,social,2026-W29,2026-07,"FACEBOOK, INSTAGRAM, AUDIENCE_NETWORK, MESSENGER, THREADS",True,True,True,True,True,False,Brand/Category Page,True,False,False,2026-07-20,2026-04-01 07:00:00,2026-07-20 15:37:32.553203,110
982537174216425,1884764212231152,True,2026-04-19 07:00:00,2026-07-19 07:00:00,Chemist Warehouse,Chemist Warehouse,{{product.name}},{{product.brand}},Shop now,DCO,https://www.chemistwarehouse.com.au/buy/154853/redken-acidic-bonding-concentrate-24-7-serum-100ml?utm_source=facebook&utm_medium=social&utm_campaign=au_cw_coop_facebook_social_lorealprofessional_redken_129_2026_bau_dynamic&utm_term=traffic&utm_content=dynamic_abc3,www.chemistwarehouse.com.au,/buy/154853/redken-acidic-bonding-concentrate-24-7-serum-100ml,facebook,social,au_cw_coop_facebook_social_lorealprofessional_redken_129_2026_bau_dynamic,129,traffic,dynamic_abc3,Coop,Lorealprofessional,Redken,2026,dynamic,Your Redken Professional Tip,"Discover the NEW Redken Acidic Bonding Concentrate 24/7 Night & Day Serum. A revolutionary bonding serum that repairs and strengthens processed, damaged hair.",Shop Now,https://scontent-ams2-1.xx.fbcdn.net/v/t39.35426-6/673732478_931759922805879_9072318019907687955_n.jpg?_nc_cat=103&ccb=1-7&_nc_sid=c53f8f&_nc_ohc=gVHKAai0iCwQ7kNvwEZ1NTT&_nc_oc=AdqFavHkSUuORSiFYQeSpk_G52gYDMxs4LfsztzcFV4AP8YZRRYr_EW6Cf1suEVuQK8&_nc_zt=14&_nc_ht=scontent-ams2-1.xx&_nc_gid=TSSh3Ci2cQn2-LRvAcz8jA&_nc_ss=7f180&oh=00_AQCYhIYP2gPdLnbRNoYnu1t9hvDDVOcbz_5a2gN0g8IHwA&oe=6A6323DA,,"['FACEBOOK', 'INSTAGRAM', 'AUDIENCE_NETWORK', 'MESSENGER', 'THREADS']",au,cw,facebook,social,2026-W29,2026-07,"FACEBOOK, INSTAGRAM, AUDIENCE_NETWORK, MESSENGER, THREADS",True,True,True,True,True,False,SKU Product,True,False,False,2026-07-20,2026-04-19 07:00:00,2026-07-20 15:37:32.553203,92
2152827952150392,1272641824384695,True,2026-04-17 07:00:00,2026-07-19 07:00:00,Chemist Warehouse,Chemist Warehouse,{{product.name}},{{product.brand}},Shop now,DCO,https://www.chemistwarehouse.com.au/buy/164220/jshealth-vita-growth-scalp-serum-50ml?utm_source=facebook&utm_medium=social&utm_campaign=au_cw_coop_facebook_social_jshealthvitamins_jshealth_81_2026_100007-bau_image&utm_term=conversion&utm_content=image_scalp-janet,www.chemistwarehouse.com.au,/buy/164220/jshealth-vita-growth-scalp-serum-50ml,facebook,social,au_cw_coop_facebook_social_jshealthvitamins_jshealth_81_2026_100007-bau_image,81,conversion,image_scalp-janet,Coop,Jshealthvitamins,Jshealth,2026,image,HAIR DENSITY + FULLNESS,JSHealth's best-selling Vita-Growth Scalp Serum has landed! With 7 clinically-backed actives for hair density + fullness.,Shop Now,https://scontent-ams2-1.xx.fbcdn.net/v/t39.35426-6/672686285_1535154798192517_1991923218993044973_n.jpg?_nc_cat=102&ccb=1-7&_nc_sid=c53f8f&_nc_ohc=jke7HJTxZQIQ7kNvwH_1ROO&_nc_oc=Adroy-GQO3KA9zJRoK1m1ZiPBUgg-N2CncYSgV9VmMF_xq_nI2SFWLR0Ku8DwPxdC78&_nc_zt=14&_nc_ht=scontent-ams2-1.xx&_nc_gid=TSSh3Ci2cQn2-LRvAcz8jA&_nc_ss=7f180&oh=00_AQCheytGz_YQmAc5ni9JeM_7uAPmhgACHeIQ2_3ot-XolA&oe=6A6308D9,,"['FACEBOOK', 'INSTAGRAM', 'MESSENGER']",au,cw,facebook,social,2026-W29,2026-07,"FACEBOOK, INSTAGRAM, MESSENGER",True,True,False,True,False,False,SKU Product,True,False,False,2026-07-20,2026-04-17 07:00:00,2026-07-20 15:37:32.553203,94
2208635399906564,1459674745641261,True,2026-04-20 07:00:00,2026-07-19 07:00:00,Chemist Warehouse,Chemist Warehouse,{{product.name}},{{product.brand}},Shop now,DCO,https://www.chemistwarehouse.com.au/shop-online/705652/old-spice?utm_source=facebook&utm_medium=social&utm_campaign=au_cw_coop_facebook_social_proctergambleaustralia_oldspice_259_2026_100078-bau_video&utm_term=traffic&utm_content=video_all,www.chemistwarehouse.com.au,/shop-online/705652/old-spice,facebook,social,au_cw_coop_facebook_social_proctergambleaustralia_oldspice_259_2026_100078-bau_video,259,traffic,video_all,Coop,Proctergambleaustralia,Oldspice,2026,video,Try Old Spice Sticks!,Long-lasting sweat and odor protection. Feel 2x fresher with a perfume-quality fragrance!,Shop Now,https://scontent-ams2-1.xx.fbcdn.net/v/t39.35426-6/673558275_2366072413870705_6957809162252667346_n.jpg?_nc_cat=106&ccb=1-7&_nc_sid=c53f8f&_nc_ohc=5M2A1J3vxEkQ7kNvwHl14n5&_nc_oc=AdoOaI8kzD7cjKUSf5epi6Owfm6nyuP-WSMrwQey_whCJH5mpmcPwf3H2e6BXu_uH-Q&_nc_zt=14&_nc_ht=scontent-ams2-1.xx&_nc_gid=TSSh3Ci2cQn2-LRvAcz8jA&_nc_ss=7f180&oh=00_AQAGamn2b6Cke_huLN9bh5GqDD6fT4gTFuuol4CgwSByZQ&oe=6A630034,,"['FACEBOOK', 'INSTAGRAM', 'AUDIENCE_NETWORK', 'MESSENGER', 'THREADS']",au,cw,facebook,social,2026-W29,2026-07,"FACEBOOK, INSTAGRAM, AUDIENCE_NETWORK, MESSENGER, THREADS",True,True,True,True,True,False,Brand/Category Page,True,False,False,2026-07-20,2026-04-20 07:00:00,2026-07-20 15:37:32.553203,91
1650098199637257,26262158023378918,True,2026-04-06 07:00:00,2026-07-19 07:00:00,Chemist Warehouse,Chemist Warehouse,{{product.name}},{{product.brand}},Shop now,DCO,https://www.chemistwarehouse.com.au/shop-online/799/nicabate?utm_source=facebook&utm_medium=social&utm_campaign=au_cw_coop_facebook_social_marketingbrokersaustraliaptyltd_nicabate_258_2026_100177-bau_image&utm_term=traffic&utm_content=image_static1,www.chemistwarehouse.com.au,/shop-online/799/nicabate,facebook,social,au_cw_coop_facebook_social_marketingbrokersaustraliaptyltd_nicabate_258_2026_100177-bau_image,258,traffic,image_static1,Coop,Marketingbrokersaustraliaptyltd,Nicabate,2026,image,Turn Nicotine Cravings Down ,Learn how Nicabate can help you to stay on your quit journey.,Shop Now,https://scontent-ams2-1.xx.fbcdn.net/v/t39.35426-6/668627083_1919377809454381_5578959933370236325_n.jpg?_nc_cat=101&ccb=1-7&_nc_sid=c53f8f&_nc_ohc=KcpfgCfQshEQ7kNvwGcm5n9&_nc_oc=AdrzmrGzONKrlrzwpMO5ZyH0kMCqF2_1MLqCpDvcGBZUrnQwBJgn6IPsIqP3kfmLrYw&_nc_zt=14&_nc_ht=scontent-ams2-1.xx&_nc_gid=jTQuFHtNcZjW5AAcdteotg&_nc_ss=7f180&oh=00_AQBrht7_zzbDYROzt2KFUwjL84AYnTqxdsqRiumAh5Dljg&oe=6A63364F,,"['FACEBOOK', 'INSTAGRAM', 'AUDIENCE_NETWORK', 'MESSENGER', 'THREADS']",au,cw,facebook,social,2026-W29,2026-07,"FACEBOOK, INSTAGRAM, AUDIENCE_NETWORK, MESSENGER, THREADS",True,True,True,True,True,False,Brand/Category Page,True,False,False,2026-07-20,2026-04-06 07:00:00,2026-07-20 15:37:32.553203,105
1270025787922236,3870704826572778,True,2026-04-01 07:00:00,2026-07-19 07:00:00,Chemist Warehouse,Chemist Warehouse,{{product.name}},{{product.brand}},Shop now,DCO,https://www.chemistwarehouse.com.au/shop-online/705490/skin1004?utm_source=facebook&utm_medium=social&utm_campaign=au_cw_oa_facebook_social_cravercorporation_skin1004_665_mar26_100366-oa_video-image&utm_term=traffic&utm_content=video-image_static-2,www.chemistwarehouse.com.au,/shop-online/705490/skin1004,facebook,social,au_cw_oa_facebook_social_cravercorporation_skin1004_665_mar26_100366-oa_video-image,665,traffic,video-image_static-2,O&O,Cravercorporation,Skin1004,mar26,video-image,"Centella, For Your Skincare Routine",Soothe and strengthen your skin with Madagascar Centella. Gentle care for everyday balance and healthy-looking skin.,Shop Now,https://scontent-ams2-1.xx.fbcdn.net/v/t39.35426-6/659794153_928248620093467_3989476078503426787_n.jpg?_nc_cat=111&ccb=1-7&_nc_sid=c53f8f&_nc_ohc=g5f08v4NFU4Q7kNvwFPg08e&_nc_oc=AdqRmosnW9C2q7aoR9ETTRi7vsT3TES2pY5AwMLgxo4ajH_ja3xsqB0tdNEiaOqaO0E&_nc_zt=14&_nc_ht=scontent-ams2-1.xx&_nc_gid=jTQuFHtNcZjW5AAcdteotg&_nc_ss=7f180&oh=00_AQAAsQkeq0xYvfrFarS6X4wTuY0ejSr7WnXeROx7XnP2BQ&oe=6A631962,,"['FACEBOOK', 'INSTAGRAM', 'AUDIENCE_NETWORK', 'MESSENGER', 'THREADS']",au,cw,facebook,social,2026-W29,2026-07,"FACEBOOK, INSTAGRAM, AUDIENCE_NETWORK, MESSENGER, THREADS",True,True,True,True,True,False,Brand/Category Page,True,False,False,2026-07-20,2026-04-01 07:00:00,2026-07-20 15:37:32.553203,110
1479080803756280,962086356190204,True,2026-04-01 07:00:00,2026-07-18 07:00:00,Chemist Warehouse,Chemist Warehouse,{{product.name}},{{product.brand}},Shop now,DCO,https://www.chemistwarehouse.com.au/shop-online/705490/skin1004?utm_source=facebook&utm_medium=social&utm_campaign=au_cw_oa_facebook_social_cravercorporation_skin1004_665_mar26_100366-oa_video-image&utm_term=traffic&utm_content=video-image_video-1,www.chemistwarehouse.com.au,/shop-online/705490/skin1004,facebook,social,au_cw_oa_facebook_social_cravercorporation_skin1004_665_mar26_100366-oa_video-image,665,traffic,video-image_video-1,O&O,Cravercorporation,Skin1004,mar26,video-image,"Centella, For Your Skincare Routine",Soothe and strengthen your skin with Madagascar Centella. Gentle care for everyday balance and healthy-looking skin.,Shop Now,,https://video-ams2-1.xx.fbcdn.net/o1/v/t2/f2/m366/AQP1wlQA3tDQgOSGZAjqEacsZXpOYNVfsgWxABE_NFFgWQLpIpWAo9Nilz_mbpWdHCvWaSkVG2wPMZnM34g2Kshj-4hi4RBolfUs8GhOt-vKbw.mp4?_nc_cat=102&_nc_sid=b66105&_nc_ht=video-ams2-1.xx.fbcdn.net&_nc_ohc=b5-ae4rgXuEQ7kNvwH9KO0K&efg=eyJ2ZW5jb2RlX3RhZyI6Inhwdl9wcm9ncmVzc2l2ZS5WSV9VU0VDQVNFX1BST0RVQ1RfVFlQRS4uQzMuNzIwLmRhc2hfaDI2NC1iYXNpYy1nZW4yXzcyMHAiLCJ4cHZfYXNzZXRfaWQiOjE0Mjk0MTQ2OTUwNTU4MDAsImFzc2V0X2FnZV9kYXlzIjoxMDgsInZpX3VzZWNhc2VfaWQiOjEwNzk5LCJkdXJhdGlvbl9zIjoxNywidXJsZ2VuX3NvdXJjZSI6Ind3dyJ9&ccb=17-1&vs=f3b653b753115c18&_nc_vs=HBksFQIYRWZiX2VwaGVtZXJhbC8yNjQxRjI5QzhBQjAxOENGNzQ1MzVDNjNGRDZBMjM4Nl9tdF8xX3ZpZGVvX2Rhc2hpbml0Lm1wNBUAAsgBEgAVAhhAZmJfcGVybWFuZW50L0NBNDE1RDBERTM3QUUzNEMxMzZDOThBNjRBMDEyRUEwX2F1ZGlvX2Rhc2hpbml0Lm1wNBUCAsgBEgAoABgAGwKIB3VzZV9vaWwBMRJwcm9ncmVzc2l2ZV9yZWNpcGUBMRUAACbwxpWy8YKKBRUCKAJDMywXQDEEWhysCDEYGWRhc2hfaDI2NC1iYXNpYy1nZW4yXzcyMHARAHUAZd6oAQA&_nc_gid=jTQuFHtNcZjW5AAcdteotg&_nc_ss=7f180&_nc_zt=28&oh=00_AQB8WmrpNP8b3YtLydlNUCHMaJki1-65LkubMSRJd5iYiA&oe=6A631A2E,"['FACEBOOK', 'INSTAGRAM', 'AUDIENCE_NETWORK', 'MESSENGER', 'THREADS']",au,cw,facebook,social,2026-W29,2026-07,"FACEBOOK, INSTAGRAM, AUDIENCE_NETWORK, MESSENGER, THREADS",True,True,True,True,True,False,Brand/Category Page,True,False,False,2026-07-20,2026-04-01 07:00:00,2026-07-20 15:37:32.553203,110
1360612936107186,3870704826572778,True,2026-04-01 07:00:00,2026-07-19 07:00:00,Chemist Warehouse,Chemist Warehouse,{{product.name}},{{product.brand}},Shop now,DCO,https://www.chemistwarehouse.com.au/shop-online/705490/skin1004?utm_source=facebook&utm_medium=social&utm_campaign=au_cw_oa_facebook_social_cravercorporation_skin1004_665_mar26_100366-oa_video-image&utm_term=traffic&utm_content=video-image_static-2,www.chemistwarehouse.com.au,/shop-online/705490/skin1004,facebook,social,au_cw_oa_facebook_social_cravercorporation_skin1004_665_mar26_100366-oa_video-image,665,traffic,video-image_static-2,O&O,Cravercorporation,Skin1004,mar26,video-image,"Centella, For Your Skincare Routine",Soothe and strengthen your skin with Madagascar Centella. Gentle care for everyday balance and healthy-looking skin.,Shop Now,https://scontent-ams2-1.xx.fbcdn.net/v/t39.35426-6/659135158_1465210461761364_4490141037104102492_n.jpg?_nc_cat=111&ccb=1-7&_nc_sid=c53f8f&_nc_ohc=SE7k8YJbFwAQ7kNvwHkoqtI&_nc_oc=AdoflPRthl92l_gnhZNupiXELoK88lFuiY8ryKi4yLEhIvDjJEDzn2snYNfi9l2pFWQ&_nc_zt=14&_nc_ht=scontent-ams2-1.xx&_nc_gid=jTQuFHtNcZjW5AAcdteotg&_nc_ss=7f180&oh=00_AQCp87d54hHO_tJVUESNtffFl-bepIlWF746YzbQUsxKSA&oe=6A6332F9,,"['FACEBOOK', 'INSTAGRAM', 'AUDIENCE_NETWORK', 'MESSENGER', 'THREADS']",au,cw,facebook,social,2026-W29,2026-07,"FACEBOOK, INSTAGRAM, AUDIENCE_NETWORK, MESSENGER, THREADS",True,True,True,True,True,False,Brand/Category Page,True,False,False,2026-07-20,2026-04-01 07:00:00,2026-07-20 15:37:32.553203,110
1718164912675642,962086356190204,True,2026-04-01 07:00:00,2026-07-16 07:00:00,Chemist Warehouse,Chemist Warehouse,{{product.name}},{{product.brand}},Shop now,DCO,https://www.chemistwarehouse.com.au/shop-online/705490/skin1004?utm_source=facebook&utm_medium=social&utm_campaign=au_cw_oa_facebook_social_cravercorporation_skin1004_665_mar26_100366-oa_video-image&utm_term=traffic&utm_content=video-image_video-1,www.chemistwarehouse.com.au,/shop-online/705490/skin1004,facebook,social,au_cw_oa_facebook_social_cravercorporation_skin1004_665_mar26_100366-oa_video-image,665,traffic,video-image_video-1,O&O,Cravercorporation,Skin1004,mar26,video-image,"Centella, For Your Skincare Routine",Soothe and strengthen your skin with Madagascar Centella. Gentle care for everyday balance and healthy-looking skin.,Shop Now,,https://video-ams2-1.xx.fbcdn.net/o1/v/t2/f2/m366/AQP1wlQA3tDQgOSGZAjqEacsZXpOYNVfsgWxABE_NFFgWQLpIpWAo9Nilz_mbpWdHCvWaSkVG2wPMZnM34g2Kshj-4hi4RBolfUs8GhOt-vKbw.mp4?_nc_cat=102&_nc_sid=b66105&_nc_ht=video-ams2-1.xx.fbcdn.net&_nc_ohc=b5-ae4rgXuEQ7kNvwH9KO0K&efg=eyJ2ZW5jb2RlX3RhZyI6Inhwdl9wcm9ncmVzc2l2ZS5WSV9VU0VDQVNFX1BST0RVQ1RfVFlQRS4uQzMuNzIwLmRhc2hfaDI2NC1iYXNpYy1nZW4yXzcyMHAiLCJ4cHZfYXNzZXRfaWQiOjE0Mjk0MTQ2OTUwNTU4MDAsImFzc2V0X2FnZV9kYXlzIjoxMDgsInZpX3VzZWNhc2VfaWQiOjEwNzk5LCJkdXJhdGlvbl9zIjoxNywidXJsZ2VuX3NvdXJjZSI6Ind3dyJ9&ccb=17-1&vs=f3b653b753115c18&_nc_vs=HBksFQIYRWZiX2VwaGVtZXJhbC8yNjQxRjI5QzhBQjAxOENGNzQ1MzVDNjNGRDZBMjM4Nl9tdF8xX3ZpZGVvX2Rhc2hpbml0Lm1wNBUAAsgBEgAVAhhAZmJfcGVybWFuZW50L0NBNDE1RDBERTM3QUUzNEMxMzZDOThBNjRBMDEyRUEwX2F1ZGlvX2Rhc2hpbml0Lm1wNBUCAsgBEgAoABgAGwKIB3VzZV9vaWwBMRJwcm9ncmVzc2l2ZV9yZWNpcGUBMRUAACbwxpWy8YKKBRUCKAJDMywXQDEEWhysCDEYGWRhc2hfaDI2NC1iYXNpYy1nZW4yXzcyMHARAHUAZd6oAQA&_nc_gid=jTQuFHtNcZjW5AAcdteotg&_nc_ss=7f180&_nc_zt=28&oh=00_AQB8WmrpNP8b3YtLydlNUCHMaJki1-65LkubMSRJd5iYiA&oe=6A631A2E,"['FACEBOOK', 'INSTAGRAM', 'AUDIENCE_NETWORK', 'MESSENGER', 'THREADS']",au,cw,facebook,social,2026-W29,2026-07,"FACEBOOK, INSTAGRAM, AUDIENCE_NETWORK, MESSENGER, THREADS",True,True,True,True,True,False,Brand/Category Page,True,False,False,2026-07-20,2026-04-01 07:00:00,2026-07-20 15:37:32.553203,110
828904632808379,,True,2026-03-24 07:00:00,2026-07-19 07:00:00,Chemist Warehouse,Chemist Warehouse,Karicare at Chemist Warehouse,Blends in key ingredients to support growth in children. Shop Karicare baby formula now,Learn more,IMAGE,https://www.chemistwarehouse.com.au/shop-online/963/karicare?utm_source=facebook&utm_medium=social&utm_campaign=au_cw_coop_facebook_social_nutriciaaustraliaptylimited_karicare_20_2026_100044-bau_video-image&utm_term=traffic&utm_content=video-image_karicare-image-a,www.chemistwarehouse.com.au,/shop-online/963/karicare,facebook,social,au_cw_coop_facebook_social_nutriciaaustraliaptylimited_karicare_20_2026_100044-bau_video-image,20,traffic,video-image_karicare-image-a,Coop,Nutriciaaustraliaptylimited,Karicare,2026,video-image,,,,,,"['FACEBOOK', 'INSTAGRAM']",au,cw,facebook,social,2026-W29,2026-07,"FACEBOOK, INSTAGRAM",True,True,False,False,False,False,Brand/Category Page,True,True,False,2026-07-20,2026-03-24 07:00:00,2026-07-20 15:37:32.553203,118
1252890590322217,,True,2026-03-24 07:00:00,2026-07-18 07:00:00,Chemist Warehouse,Chemist Warehouse,Aptamil at Chemist Warehouse,Aptamil Range Has Been Designed To Support Every Stage Of Your Child's Future Development,Learn more,IMAGE,https://www.chemistwarehouse.com.au/shop-online/958/aptamil?utm_source=facebook&utm_medium=social&utm_campaign=au_cw_coop_facebook_social_nutriciaaustraliaptylimited_aptamil_20_2026_100044-bau_video-image&utm_term=traffic&utm_content=video-image_aptamil-image-immune,www.chemistwarehouse.com.au,/shop-online/958/aptamil,facebook,social,au_cw_coop_facebook_social_nutriciaaustraliaptylimited_aptamil_20_2026_100044-bau_video-image,20,traffic,video-image_aptamil-image-immune,Coop,Nutriciaaustraliaptylimited,Aptamil,2026,video-image,,,,,,"['FACEBOOK', 'INSTAGRAM']",au,cw,facebook,social,2026-W29,2026-07,"FACEBOOK, INSTAGRAM",True,True,False,False,False,False,Brand/Category Page,True,True,False,2026-07-20,2026-03-24 07:00:00,2026-07-20 15:37:32.553203,118
2457053534731683,,True,2026-03-24 07:00:00,2026-07-19 07:00:00,Chemist Warehouse,Chemist Warehouse,Aptamil at Chemist Warehouse,Aptamil Range Has Been Designed To Support Every Stage Of Your Child's Future Development,Learn more,IMAGE,https://www.chemistwarehouse.com.au/shop-online/958/aptamil?utm_source=facebook&utm_medium=social&utm_campaign=au_cw_coop_facebook_social_nutriciaaustraliaptylimited_aptamil_20_2026_100044-bau_video-image&utm_term=traffic&utm_content=video-image_aptamil-image-1-per-feed,www.chemistwarehouse.com.au,/shop-online/958/aptamil,facebook,social,au_cw_coop_facebook_social_nutriciaaustraliaptylimited_aptamil_20_2026_100044-bau_video-image,20,traffic,video-image_aptamil-image-1-per-feed,Coop,Nutriciaaustraliaptylimited,Aptamil,2026,video-image,,,,,,"['FACEBOOK', 'INSTAGRAM']",au,cw,facebook,social,2026-W29,2026-07,"FACEBOOK, INSTAGRAM",True,True,False,False,False,False,Brand/Category Page,True,True,False,2026-07-20,2026-03-24 07:00:00,2026-07-20 15:37:32.553203,118
1447336696317383,1120438303558874,True,2026-03-31 07:00:00,2026-07-18 07:00:00,Chemist Warehouse,Chemist Warehouse,{{product.name}},{{product.brand}},Learn more,DCO,https://www.chemistwarehouse.com.au/shop-online/1066/matrix?utm_source=facebook&utm_medium=social&utm_campaign=au_cw_coop_facebook_social_lorealprofessional_matrix_129_2026_100047-bau_image&utm_term=reach&utm_content=image_curly,www.chemistwarehouse.com.au,/shop-online/1066/matrix,facebook,social,au_cw_coop_facebook_social_lorealprofessional_matrix_129_2026_100047-bau_image,129,reach,image_curly,Coop,Lorealprofessional,Matrix,2026,image,Matrix x KATSEYE: Hair in motion.,Matrix x KATSEYE: Pro haircare that transforms every choreography into a stunning hairography. Stage-ready hair!,Learn More,https://scontent-ams2-1.xx.fbcdn.net/v/t39.35426-6/658349085_1992575074665545_4480521454478200119_n.jpg?_nc_cat=100&ccb=1-7&_nc_sid=c53f8f&_nc_ohc=-gusXE4we5AQ7kNvwETijpW&_nc_oc=Adr7oWTXKi8kiWefFxGVm5p-qOl5AwIcZ_iPczqdio6MJAZRpSlbaU0Nl4Qp637nRpw&_nc_zt=14&_nc_ht=scontent-ams2-1.xx&_nc_gid=jTQuFHtNcZjW5AAcdteotg&_nc_ss=7f180&oh=00_AQA7HG8o-oWkcqbx156_WI9NZ4MIqIV-FF0mObUA8l-P0A&oe=6A631E3F,,"['FACEBOOK', 'INSTAGRAM', 'AUDIENCE_NETWORK', 'WHATSAPP', 'THREADS']",au,cw,facebook,social,2026-W29,2026-07,"FACEBOOK, INSTAGRAM, AUDIENCE_NETWORK, WHATSAPP, THREADS",True,True,True,False,True,True,Brand/Category Page,True,False,False,2026-07-20,2026-03-31 07:00:00,2026-07-20 15:37:32.553203,111
1579474416498984,1499276495247643,True,2026-03-22 07:00:00,2026-07-18 07:00:00,Chemist Warehouse,Chemist Warehouse,{{product.name}},{{product.brand}},Learn more,DCO,https://www.chemistwarehouse.com.au/buy/160049/biostime-infant-children-a-l-g-probiotic-care-28-sachets?utm_source=facebook&utm_medium=social&utm_campaign=au_cw_coop_facebook_social_swissewellnessptyltd_biostime_20_2026_100126-bau_video-image&utm_term=traffic&utm_content=video-image_static-1,www.chemistwarehouse.com.au,/buy/160049/biostime-infant-children-a-l-g-probiotic-care-28-sachets,facebook,social,au_cw_coop_facebook_social_swissewellnessptyltd_biostime_20_2026_100126-bau_video-image,20,traffic,video-image_static-1,Coop,Swissewellnessptyltd,Biostime,2026,video-image,Support their day from the inside out,Gentle support for little ones with mild eczema symptoms. Biostime is available at Chemist Warehouse,Learn More,https://scontent-ams2-1.xx.fbcdn.net/v/t39.35426-6/656872842_948342547593375_974443558135462857_n.jpg?_nc_cat=103&ccb=1-7&_nc_sid=c53f8f&_nc_ohc=YK6S9foOdAUQ7kNvwFRt5lc&_nc_oc=Adoj3QsrqHfATyC9C3has5GBQSOnEbqqnjEMkt5HjFfCc5Y89l8h5_fAwjUp_Xrkts8&_nc_zt=14&_nc_ht=scontent-ams2-1.xx&_nc_gid=C2wUgoBP8YDXN0a6PgqNeQ&_nc_ss=7f180&oh=00_AQAOkZ5UHzWwtZFB7wpRQWCEtWBZl3SkCqzdze8Y7Hmo6A&oe=6A63240C,,"['FACEBOOK', 'INSTAGRAM', 'THREADS']",au,cw,facebook,social,2026-W29,2026-07,"FACEBOOK, INSTAGRAM, THREADS",True,True,False,False,True,False,SKU Product,True,False,False,2026-07-20,2026-03-22 07:00:00,2026-07-20 15:37:32.553203,120
2363576060808967,1263283735193735,True,2026-03-22 07:00:00,2026-07-19 07:00:00,Chemist Warehouse,Chemist Warehouse,{{product.name}},{{product.brand}},Learn more,DCO,https://www.chemistwarehouse.com.au/buy/160049/biostime-infant-children-a-l-g-probiotic-care-28-sachets?utm_source=facebook&utm_medium=social&utm_campaign=au_cw_coop_facebook_social_swissewellnessptyltd_biostime_20_2026_100126-bau_video-image&utm_term=traffic&utm_content=video-image_static-5,www.chemistwarehouse.com.au,/buy/160049/biostime-infant-children-a-l-g-probiotic-care-28-sachets,facebook,social,au_cw_coop_facebook_social_swissewellnessptyltd_biostime_20_2026_100126-bau_video-image,20,traffic,video-image_static-5,Coop,Swissewellnessptyltd,Biostime,2026,video-image,Support their day from the inside out,Gentle support for little ones with mild eczema symptoms. Biostime is available at Chemist Warehouse,Learn More,https://scontent-ams2-1.xx.fbcdn.net/v/t39.35426-6/655827744_904311839142463_3666600619732473426_n.jpg?_nc_cat=102&ccb=1-7&_nc_sid=c53f8f&_nc_ohc=8zSSSDxHeaIQ7kNvwHV7Emi&_nc_oc=Adr_6XvfnIrLmGhpJFOGuULQU7adJtS2AmHPa5y7hXf3CQRtlunOpgJcmRFLnl316QU&_nc_zt=14&_nc_ht=scontent-ams2-1.xx&_nc_gid=C2wUgoBP8YDXN0a6PgqNeQ&_nc_ss=7f180&oh=00_AQDC5ChPJ5hQZUNA-TbT7WTiSI3d0UzO696stcDBzvwjPw&oe=6A632812,,"['FACEBOOK', 'INSTAGRAM', 'THREADS']",au,cw,facebook,social,2026-W29,2026-07,"FACEBOOK, INSTAGRAM, THREADS",True,True,False,False,True,False,SKU Product,True,False,False,2026-07-20,2026-03-22 07:00:00,2026-07-20 15:37:32.553203,120
1176189481098136,1581408246452958,True,2026-03-16 07:00:00,2026-07-18 07:00:00,Chemist Warehouse,Chemist Warehouse,{{product.name}},{{product.brand}},Learn more,DCO,https://www.chemistwarehouse.com.au/buy/160049/biostime-infant-children-a-l-g-probiotic-care-28-sachets?utm_source=facebook&utm_medium=social&utm_campaign=au_cw_coop_facebook_social_swissewellnessptyltd_biostime_20_2026_100126-bau_video-image&utm_term=traffic&utm_content=video-image_instore-video,www.chemistwarehouse.com.au,/buy/160049/biostime-infant-children-a-l-g-probiotic-care-28-sachets,facebook,social,au_cw_coop_facebook_social_swissewellnessptyltd_biostime_20_2026_100126-bau_video-image,20,traffic,video-image_instore-video,Coop,Swissewellnessptyltd,Biostime,2026,video-image,Biostime at Chemist Warehouse,Gentle support for mild eczema symptoms in infants and children. Shop Biostime at Chemist Warehouse.,Learn More,,https://video-ams2-1.xx.fbcdn.net/o1/v/t2/f2/m366/AQNtpuJUgwOfaAeBJNv2LlvYD__cwOUf3-3NTpUVeHIPDDeECEkVMfxt-XJDHYKbP6X0niaYyAy40X83-otXEhomqDNJZT5RFInXAAY3hjkKUA.mp4?_nc_cat=107&_nc_sid=b66105&_nc_ht=video-ams2-1.xx.fbcdn.net&_nc_ohc=-DS2nnRYX9cQ7kNvwF1rlBJ&efg=eyJ2ZW5jb2RlX3RhZyI6Inhwdl9wcm9ncmVzc2l2ZS5WSV9VU0VDQVNFX1BST0RVQ1RfVFlQRS4uQzMuNzIwLmRhc2hfaDI2NC1iYXNpYy1nZW4yXzcyMHAiLCJ4cHZfYXNzZXRfaWQiOjE0NDc2NTc3MDM1MTI5ODQsImFzc2V0X2FnZV9kYXlzIjoxMjQsInZpX3VzZWNhc2VfaWQiOjEwNzk5LCJkdXJhdGlvbl9zIjozNCwidXJsZ2VuX3NvdXJjZSI6Ind3dyJ9&ccb=17-1&vs=bf79ae71495c63f0&_nc_vs=HBksFQIYRWZiX2VwaGVtZXJhbC9GQTRDMTQyNTczNDMwMDg0M0Q2Q0Y3MUY1RUQ5RThBOV9tdF8xX3ZpZGVvX2Rhc2hpbml0Lm1wNBUAAsgBEgAVAhhAZmJfcGVybWFuZW50L0E2NEM2M0ZDOTNFRTNEM0RDOTIyMUYxNDZDODdFMEE5X2F1ZGlvX2Rhc2hpbml0Lm1wNBUCAsgBEgAoABgAGwKIB3VzZV9vaWwBMRJwcm9ncmVzc2l2ZV9yZWNpcGUBMRUAACaw7uSy4qiSBRUCKAJDMywXQEERBiTdLxsYGWRhc2hfaDI2NC1iYXNpYy1nZW4yXzcyMHARAHUAZd6oAQA&_nc_gid=C2wUgoBP8YDXN0a6PgqNeQ&_nc_ss=7f180&_nc_zt=28&oh=00_AQCaUuB786GZo9jFEca6zmfGFcYLRMs3WLv0L8GamUnEuQ&oe=6A630D01,"['FACEBOOK', 'INSTAGRAM', 'THREADS']",au,cw,facebook,social,2026-W29,2026-07,"FACEBOOK, INSTAGRAM, THREADS",True,True,False,False,True,False,SKU Product,True,False,False,2026-07-20,2026-03-16 07:00:00,2026-07-20 15:37:32.553203,126
1435568848347425,,True,2026-04-10 07:00:00,2026-07-19 07:00:00,Chemist Warehouse,Chemist Warehouse,Uh oh kids down with a cold?,"Demazin provides trusted relief for the whole family when sickness strikes 🤧
Always read the label and follow the directions for use.",Shop now,IMAGE,https://fb.com/canvas_doc/1132305695691694,fb.com,/canvas_doc/1132305695691694,,,,,,,Not Specified,,,,,,,,,,"['FACEBOOK', 'INSTAGRAM', 'THREADS']",,,,,2026-W29,2026-07,"FACEBOOK, INSTAGRAM, THREADS",True,True,False,False,True,False,Internal/App Page,True,False,False,2026-07-20,2026-04-10 07:00:00,2026-07-20 15:37:32.553203,101
924349943815912,1508340580627327,True,2026-04-10 07:00:00,2026-07-19 07:00:00,Chemist Warehouse,Chemist Warehouse,Chesty Cough?,"Feeling trapped by your cough? Get DURO-TOUGH with DURO-TUSS!
Always read the label and follow the directions for use.",Shop now,VIDEO,https://fb.com/canvas_doc/3962556630554648,fb.com,/canvas_doc/3962556630554648,,,,,,,Not Specified,,,,,,,,,,"['FACEBOOK', 'INSTAGRAM', 'THREADS']",,,,,2026-W29,2026-07,"FACEBOOK, INSTAGRAM, THREADS",True,True,False,False,True,False,Internal/App Page,True,False,False,2026-07-20,2026-04-10 07:00:00,2026-07-20 15:37:32.553203,101
930911809324307,1342178437927744,True,2026-03-24 07:00:00,2026-07-18 07:00:00,Chemist Warehouse,Chemist Warehouse,{{product.name}},{{product.brand}},Learn more,DCO,https://www.chemistwarehouse.com.au/buy/160049/biostime-infant-children-a-l-g-probiotic-care-28-sachets?utm_source=facebook&utm_medium=social&utm_campaign=au_cw_coop_facebook_social_swissewellnessptyltd_biostime_20_2026_100126-bau_video-image&utm_term=traffic&utm_content=video-image_static-2,www.chemistwarehouse.com.au,/buy/160049/biostime-infant-children-a-l-g-probiotic-care-28-sachets,facebook,social,au_cw_coop_facebook_social_swissewellnessptyltd_biostime_20_2026_100126-bau_video-image,20,traffic,video-image_static-2,Coop,Swissewellnessptyltd,Biostime,2026,video-image,Support their day from the inside out,Gentle support for little ones with mild eczema symptoms. Biostime is available at Chemist Warehouse,Learn More,https://scontent-ams2-1.xx.fbcdn.net/v/t39.35426-6/654881607_1717682389203980_1530985513429701613_n.jpg?_nc_cat=111&ccb=1-7&_nc_sid=c53f8f&_nc_ohc=DQ8KbTlPpwoQ7kNvwHQOAbX&_nc_oc=AdoPSz5VgtBR6PxanyUimrfx4hE6G8QUlrlbDLYTc_BLAChSl9doIKRN8EWvgWJ9m7c&_nc_zt=14&_nc_ht=scontent-ams2-1.xx&_nc_gid=C2wUgoBP8YDXN0a6PgqNeQ&_nc_ss=7f180&oh=00_AQDdNZUwtEdso-fj91kk3tGGLV42ZhCvRz2OWe_Hp4aa-w&oe=6A632BE3,,"['FACEBOOK', 'INSTAGRAM', 'THREADS']",au,cw,facebook,social,2026-W29,2026-07,"FACEBOOK, INSTAGRAM, THREADS",True,True,False,False,True,False,SKU Product,True,False,False,2026-07-20,2026-03-24 07:00:00,2026-07-20 15:37:32.553203,118
929136289659060,,True,2026-03-19 07:00:00,2026-07-19 07:00:00,Chemist Warehouse,Chemist Warehouse,"Want Instant Glowing, Glass Skin?",Discover the NEW L'Oréal Paris Filler Glass Skin Cream for glass skin glow in just 1 use.,Shop now,IMAGE,https://fb.com/canvas_doc/1721751209202513,fb.com,/canvas_doc/1721751209202513,,,,,,,Not Specified,,,,,,,,,,"['FACEBOOK', 'INSTAGRAM', 'AUDIENCE_NETWORK', 'MESSENGER', 'THREADS']",,,,,2026-W29,2026-07,"FACEBOOK, INSTAGRAM, AUDIENCE_NETWORK, MESSENGER, THREADS",True,True,True,True,True,False,Internal/App Page,True,False,False,2026-07-20,2026-03-19 07:00:00,2026-07-20 15:37:32.553203,123
1409900977074284,962517569614982,True,2026-03-15 07:00:00,2026-07-19 07:00:00,Chemist Warehouse,Chemist Warehouse,Gastrohealth at Chemist Warehouse,Travel smart. ✈️ Support your gut health with GastroHealth Gut Function & Care Gastro SB Probiotics. Shop at Chemist Warehouse. Media plan attached,Learn more,VIDEO,https://www.chemistwarehouse.com.au/buy/161002/naturopathica-sb-gastro-60-capsules?utm_source=facebook&utm_medium=social&utm_campaign=au_cw_coop_facebook_social_pharmacarelaboratories_gastrohealth_81_2026_100284-bau_video-image&utm_term=traffic&utm_content=video-image_instore-video,www.chemistwarehouse.com.au,/buy/161002/naturopathica-sb-gastro-60-capsules,facebook,social,au_cw_coop_facebook_social_pharmacarelaboratories_gastrohealth_81_2026_100284-bau_video-image,81,traffic,video-image_instore-video,Coop,Pharmacarelaboratories,Gastrohealth,2026,video-image,,,,,,"['FACEBOOK', 'INSTAGRAM', 'THREADS']",au,cw,facebook,social,2026-W29,2026-07,"FACEBOOK, INSTAGRAM, THREADS",True,True,False,False,True,False,SKU Product,True,True,False,2026-07-20,2026-03-15 07:00:00,2026-07-20 15:37:32.553203,127
1534446954914859,2126292548184621,True,2026-03-17 07:00:00,2026-07-19 07:00:00,Chemist Warehouse,Chemist Warehouse,My Organics at Chemist Warehouse,"Giving your hair the resurrection it deserves 🤍 My Organic's Resurrection Supreme Shampoo & Miracle Mask are formulated to help leave hair feeling shiny, nourished and healthy. Discover the range at Chemist Warehouse",Learn more,VIDEO,https://www.chemistwarehouse.com.au/shop-online/1597/my-organics?utm_source=facebook&utm_medium=social&utm_campaign=au_cw_oa_facebook_social_myorganics_myorganics_129_mar26_100308-social_video&utm_term=traffic&utm_content=video_instore-video,www.chemistwarehouse.com.au,/shop-online/1597/my-organics,facebook,social,au_cw_oa_facebook_social_myorganics_myorganics_129_mar26_100308-social_video,129,traffic,video_instore-video,O&O,Myorganics,Myorganics,mar26,video,,,,,,"['FACEBOOK', 'INSTAGRAM', 'THREADS']",au,cw,facebook,social,2026-W29,2026-07,"FACEBOOK, INSTAGRAM, THREADS",True,True,False,False,True,False,Brand/Category Page,True,True,True,2026-07-20,2026-03-17 07:00:00,2026-07-20 15:37:32.553203,125
3955138884617518,1702339004066074,True,2026-03-22 07:00:00,2026-07-18 07:00:00,Chemist Warehouse,Chemist Warehouse,{{product.name}},{{product.brand}},Learn more,DCO,https://www.chemistwarehouse.com.au/buy/160049/biostime-infant-children-a-l-g-probiotic-care-28-sachets?utm_source=facebook&utm_medium=social&utm_campaign=au_cw_coop_facebook_social_swissewellnessptyltd_biostime_20_2026_100126-bau_video-image&utm_term=traffic&utm_content=video-image_static-3,www.chemistwarehouse.com.au,/buy/160049/biostime-infant-children-a-l-g-probiotic-care-28-sachets,facebook,social,au_cw_coop_facebook_social_swissewellnessptyltd_biostime_20_2026_100126-bau_video-image,20,traffic,video-image_static-3,Coop,Swissewellnessptyltd,Biostime,2026,video-image,Support their day from the inside out,Gentle support for little ones with mild eczema symptoms. Biostime is available at Chemist Warehouse,Learn More,https://scontent-ams2-1.xx.fbcdn.net/v/t39.35426-6/653912900_2371139983369176_1257409238172514783_n.jpg?_nc_cat=101&ccb=1-7&_nc_sid=c53f8f&_nc_ohc=hyB2-4rquiUQ7kNvwGuptkZ&_nc_oc=AdoNFWYpE95pzp5KodAQwICDRgwMQcFtFm-qavOAnVy7fa-zomKBJpc-cEdURhED3Ec&_nc_zt=14&_nc_ht=scontent-ams2-1.xx&_nc_gid=C2wUgoBP8YDXN0a6PgqNeQ&_nc_ss=7f180&oh=00_AQBO13-Dr9pxUjWwuQuhSnIJBNpS9ykQOsG5Wv-8Dj-3Ng&oe=6A633582,,"['FACEBOOK', 'INSTAGRAM', 'THREADS']",au,cw,facebook,social,2026-W29,2026-07,"FACEBOOK, INSTAGRAM, THREADS",True,True,False,False,True,False,SKU Product,True,False,False,2026-07-20,2026-03-22 07:00:00,2026-07-20 15:37:32.553203,120
1658439755149487,1294996075861227,True,2026-03-11 07:00:00,2026-07-19 07:00:00,Chemist Warehouse,Chemist Warehouse,{{product.name}},{{product.brand}},Shop now,DCO,https://www.chemistwarehouse.com.au/buy/164964/jshealth-berberine-60-capsules?utm_source=facebook&utm_medium=social&utm_campaign=au_cw_coop_facebook_social_jshealthvitamins_jshealth_81_2026_100007-bau_image&utm_term=conversion&utm_content=image_berberine-1,www.chemistwarehouse.com.au,/buy/164964/jshealth-berberine-60-capsules,facebook,social,au_cw_coop_facebook_social_jshealthvitamins_jshealth_81_2026_100007-bau_image,81,conversion,image_berberine-1,Coop,Jshealthvitamins,Jshealth,2026,image,NEW BERBERINE+,"Take charge of your metabolism with JSHealth's Berberine+ formula:
💥 Bioavailable, premium berberine called Berbevis®
💥 Two capsules daily for metabolism wellness
💥 Supports healthy cholesterol in healthy individuals",Shop Now,https://scontent-ams2-1.xx.fbcdn.net/v/t39.35426-6/650744477_1283149363673630_3279282798776778915_n.jpg?_nc_cat=107&ccb=1-7&_nc_sid=c53f8f&_nc_ohc=DlKkXsCMkGIQ7kNvwHcv54G&_nc_oc=Adr-aytXsHJNmdPKQeX2lAYBmXLYLALuqVByvNNu1kMN-8j9LtlFdX4Lw0qCi1KNZhk&_nc_zt=14&_nc_ht=scontent-ams2-1.xx&_nc_gid=C2wUgoBP8YDXN0a6PgqNeQ&_nc_ss=7f180&oh=00_AQBUlPC47uDdenuZ93aRaGy4NLW_Fu0YQ_3f4-qOT_3N1Q&oe=6A631656,,"['FACEBOOK', 'INSTAGRAM', 'MESSENGER']",au,cw,facebook,social,2026-W29,2026-07,"FACEBOOK, INSTAGRAM, MESSENGER",True,True,False,True,False,False,SKU Product,True,False,False,2026-07-20,2026-03-11 07:00:00,2026-07-20 15:37:32.553203,131
2084549515776166,,True,2026-03-12 07:00:00,2026-07-19 07:00:00,Chemist Warehouse,Chemist Warehouse,Dermatologists Reinvented Haircare,CeraVe Haircare Reinvented with Dermatologists. Gentle on the scalp barrier and made for all hair types,Shop now,IMAGE,https://fb.com/canvas_doc/2041549553075241,fb.com,/canvas_doc/2041549553075241,,,,,,,Not Specified,,,,,,,,,,"['FACEBOOK', 'INSTAGRAM', 'AUDIENCE_NETWORK', 'MESSENGER', 'THREADS']",,,,,2026-W29,2026-07,"FACEBOOK, INSTAGRAM, AUDIENCE_NETWORK, MESSENGER, THREADS",True,True,True,True,True,False,Internal/App Page,True,False,False,2026-07-20,2026-03-12 07:00:00,2026-07-20 15:37:32.553203,130
4332095063732459,969609935738180,True,2026-03-11 07:00:00,2026-07-19 07:00:00,Chemist Warehouse,Chemist Warehouse,{{product.name}},{{product.brand}},Shop now,DCO,https://www.chemistwarehouse.com.au/buy/164964/jshealth-berberine-60-capsules?utm_source=facebook&utm_medium=social&utm_campaign=au_cw_coop_facebook_social_jshealthvitamins_jshealth_81_2026_100007-bau_image&utm_term=conversion&utm_content=image_berberine-2,www.chemistwarehouse.com.au,/buy/164964/jshealth-berberine-60-capsules,facebook,social,au_cw_coop_facebook_social_jshealthvitamins_jshealth_81_2026_100007-bau_image,81,conversion,image_berberine-2,Coop,Jshealthvitamins,Jshealth,2026,image,NEW BERBERINE+,"Take charge of your metabolism with JSHealth's Berberine+ formula:
💥 Bioavailable, premium berberine called Berbevis®
💥 Two capsules daily for metabolism wellness
💥 Supports healthy cholesterol in healthy individuals",Shop Now,https://scontent-ams2-1.xx.fbcdn.net/v/t39.35426-6/651322932_4351341768487618_4646123649002642396_n.jpg?_nc_cat=107&ccb=1-7&_nc_sid=c53f8f&_nc_ohc=g3ahrRPv65wQ7kNvwHACHT2&_nc_oc=Adqz2L9WbpkBwa79nGMkQ5ewJxmyWio9nYmk71EH5Yp_LPvgSmXXmDDzxR_Gd9TC4-w&_nc_zt=14&_nc_ht=scontent-ams2-1.xx&_nc_gid=C2wUgoBP8YDXN0a6PgqNeQ&_nc_ss=7f180&oh=00_AQAyvkn_9DhoSMUffZJ4jusTvqI0zbNzcgSvdifjJv0iaQ&oe=6A6313F0,,"['FACEBOOK', 'INSTAGRAM', 'MESSENGER']",au,cw,facebook,social,2026-W29,2026-07,"FACEBOOK, INSTAGRAM, MESSENGER",True,True,False,True,False,False,SKU Product,True,False,False,2026-07-20,2026-03-11 07:00:00,2026-07-20 15:37:32.553203,131
1115105317384102,893113806858079,True,2026-03-03 08:00:00,2026-07-19 07:00:00,Chemist Warehouse,Chemist Warehouse,Infallible Cushion Foundation,"Flawless skin in seconds! L’Oréal Paris 24H Cushion Foundation, now at Chemist Warehouse. Pair it with the viral Setting Mist!",Shop now,VIDEO,https://www.chemistwarehouse.com.au/shop-online/4068/loreal-paris?category=Foundation&utm_source=facebook&utm_medium=social&utm_campaign=au_cw_coop_facebook_social_lorealaustraliaptyltd_lorealparis_665_2026_bau_dynamic&utm_term=traffic&utm_content=dynamic_cushionvid,www.chemistwarehouse.com.au,/shop-online/4068/loreal-paris,facebook,social,au_cw_coop_facebook_social_lorealaustraliaptyltd_lorealparis_665_2026_bau_dynamic,665,traffic,dynamic_cushionvid,Coop,Lorealaustraliaptyltd,Lorealparis,2026,dynamic,,,,,,"['FACEBOOK', 'INSTAGRAM', 'AUDIENCE_NETWORK', 'MESSENGER', 'THREADS']",au,cw,facebook,social,2026-W29,2026-07,"FACEBOOK, INSTAGRAM, AUDIENCE_NETWORK, MESSENGER, THREADS",True,True,True,True,True,False,Brand/Category Page,True,True,False,2026-07-20,2026-03-03 08:00:00,2026-07-20 15:37:32.553203,139
1602269084375509,,True,2026-03-11 07:00:00,2026-07-18 07:00:00,Chemist Warehouse,Chemist Warehouse,Dermatologists Reinvented Haircare,CeraVe Haircare Reinvented with Dermatologists. Gentle on the scalp barrier and made for all hair types,Shop now,IMAGE,https://fb.com/canvas_doc/1250736777235351,fb.com,/canvas_doc/1250736777235351,,,,,,,Not Specified,,,,,,,,,,"['FACEBOOK', 'INSTAGRAM', 'AUDIENCE_NETWORK', 'MESSENGER', 'THREADS']",,,,,2026-W29,2026-07,"FACEBOOK, INSTAGRAM, AUDIENCE_NETWORK, MESSENGER, THREADS",True,True,True,True,True,False,Internal/App Page,True,False,False,2026-07-20,2026-03-11 07:00:00,2026-07-20 15:37:32.553203,131
2233306107560306,5233011380258107,True,2026-03-01 08:00:00,2026-07-19 07:00:00,Chemist Warehouse,Chemist Warehouse,{{product.name}},{{product.brand}},Shop now,DCO,https://www.chemistwarehouse.com.au/buy/164220/jshealth-vita-growth-scalp-serum-50ml?utm_source=facebook&utm_medium=social&utm_campaign=au_cw_coop_facebook_social_jshealthvitamins_jshealth_81_2026_100007-bau_image&utm_term=conversion&utm_content=image_scalp-serum-4,www.chemistwarehouse.com.au,/buy/164220/jshealth-vita-growth-scalp-serum-50ml,facebook,social,au_cw_coop_facebook_social_jshealthvitamins_jshealth_81_2026_100007-bau_image,81,conversion,image_scalp-serum-4,Coop,Jshealthvitamins,Jshealth,2026,image,HAIR DENSITY + FULLNESS,JSHealth's best-selling Vita-Growth Scalp Serum has landed! With 7 clinically-backed actives for hair density + fullness.,Shop Now,,https://video-ams2-1.xx.fbcdn.net/o1/v/t2/f2/m366/AQNML0dkMlnS0oPB0PWCXDWmG3415wZRFK79PfEGI7n9Wzb_ZcfyMaZtPtPBprJqJP_3l1qw32-ZcZ-s6vdmsI3T9lj6fpzPLbNG3-iufV3Iiw.mp4?_nc_cat=100&_nc_sid=b66105&_nc_ht=video-ams2-1.xx.fbcdn.net&_nc_ohc=ZupCOT6U9o8Q7kNvwF1RcgK&efg=eyJ2ZW5jb2RlX3RhZyI6Inhwdl9wcm9ncmVzc2l2ZS5WSV9VU0VDQVNFX1BST0RVQ1RfVFlQRS4uQzMuNzIwLmRhc2hfaDI2NC1iYXNpYy1nZW4yXzcyMHAiLCJ4cHZfYXNzZXRfaWQiOjE0MTExMjk1MjY4MDg1NDIsImFzc2V0X2FnZV9kYXlzIjoxMzksInZpX3VzZWNhc2VfaWQiOjEwNzk5LCJkdXJhdGlvbl9zIjozMiwidXJsZ2VuX3NvdXJjZSI6Ind3dyJ9&ccb=17-1&vs=61b1d738feb9eeb4&_nc_vs=HBksFQIYRWZiX2VwaGVtZXJhbC82NTRDOTk5NjNBNUQ1OEY4NTFBODNDRDgwNzU4RTJCRl9tdF8xX3ZpZGVvX2Rhc2hpbml0Lm1wNBUAAsgBEgAVAhhAZmJfcGVybWFuZW50LzRFNEI2REI4NkNERDcyMDE2N0NFMENBQ0RCMjA5RTgwX2F1ZGlvX2Rhc2hpbml0Lm1wNBUCAsgBEgAoABgAGwKIB3VzZV9vaWwBMRJwcm9ncmVzc2l2ZV9yZWNpcGUBMRUAACa8v-uixtqBBRUCKAJDMywXQEAzMzMzMzMYGWRhc2hfaDI2NC1iYXNpYy1nZW4yXzcyMHARAHUAZd6oAQA&_nc_gid=C2wUgoBP8YDXN0a6PgqNeQ&_nc_ss=7f180&_nc_zt=28&oh=00_AQBQseDobKlL7Maga6yc14DsLWkXJcg1h-57IwOgaKfhxg&oe=6A631DA8,"['FACEBOOK', 'INSTAGRAM', 'MESSENGER']",au,cw,facebook,social,2026-W29,2026-07,"FACEBOOK, INSTAGRAM, MESSENGER",True,True,False,True,False,False,SKU Product,True,False,False,2026-07-20,2026-03-01 08:00:00,2026-07-20 15:37:32.553203,141
1315536347052888,,True,2026-03-12 07:00:00,2026-07-18 07:00:00,Chemist Warehouse,Chemist Warehouse,Dermatologists Reinvented Haircare,CeraVe Haircare Reinvented with Dermatologists. Gentle on the scalp barrier and made for all hair types,Shop now,IMAGE,https://fb.com/canvas_doc/889917790509673,fb.com,/canvas_doc/889917790509673,,,,,,,Not Specified,,,,,,,,,,"['FACEBOOK', 'INSTAGRAM', 'AUDIENCE_NETWORK', 'MESSENGER', 'THREADS']",,,,,2026-W29,2026-07,"FACEBOOK, INSTAGRAM, AUDIENCE_NETWORK, MESSENGER, THREADS",True,True,True,True,True,False,Internal/App Page,True,False,False,2026-07-20,2026-03-12 07:00:00,2026-07-20 15:37:32.553203,130
4049589671949108,1644179023256566,True,2026-02-26 08:00:00,2026-07-19 07:00:00,Chemist Warehouse,Chemist Warehouse,{{product.name}},{{product.brand}},Learn more,DCO,https://www.chemistwarehouse.com.au/shop-online/6315/natalis-pregnancy-care?utm_source=facebook&utm_medium=social&utm_campaign=au_cw_coop_facebook_social_vidacorp_natalis_81_2026_100118-bau_video-image&utm_term=traffic&utm_content=video-image_instore,www.chemistwarehouse.com.au,/shop-online/6315/natalis-pregnancy-care,facebook,social,au_cw_coop_facebook_social_vidacorp_natalis_81_2026_100118-bau_video-image,81,traffic,video-image_instore,Coop,Vidacorp,Natalis,2026,video-image,Shop now at Chemist Warehouse!,Natalis supports mums & babies from pre-conception to breastfeeding. Shop now at Chemist Warehouse!,Learn More,,https://video-ams2-1.xx.fbcdn.net/o1/v/t2/f2/m366/AQOsLn4nrDhjhVhNA1db9M6IW2fOYJHW28B-EDvoVYXWS0HaGSwFg5YkkMtx8w9_5deIBlenf74rUa00nCrbEGwzeMkEXRlRr54Vz8B_7MI0Uw.mp4?_nc_cat=104&_nc_sid=b66105&_nc_ht=video-ams2-1.xx.fbcdn.net&_nc_ohc=dRwoqZMpk4sQ7kNvwGfoELZ&efg=eyJ2ZW5jb2RlX3RhZyI6Inhwdl9wcm9ncmVzc2l2ZS5WSV9VU0VDQVNFX1BST0RVQ1RfVFlQRS4uQzMuNzIwLmRhc2hfaDI2NC1iYXNpYy1nZW4yXzcyMHAiLCJ4cHZfYXNzZXRfaWQiOjIxMzMyOTIzNDA4MTQ4NTYsImFzc2V0X2FnZV9kYXlzIjoxNDUsInZpX3VzZWNhc2VfaWQiOjEwNzk5LCJkdXJhdGlvbl9zIjo0MiwidXJsZ2VuX3NvdXJjZSI6Ind3dyJ9&ccb=17-1&vs=3f412dbef0ed18f6&_nc_vs=HBksFQIYRWZiX2VwaGVtZXJhbC9GODQ3MkFCQjhGOTMzRDkwQjJFQ0Q2MTZBQjRCMDk4Ml9tdF8xX3ZpZGVvX2Rhc2hpbml0Lm1wNBUAAsgBEgAVAhhAZmJfcGVybWFuZW50LzI4NENBODEzODFBNEM0RDU3MEExNUQ5MDM4OENCNjgxX2F1ZGlvX2Rhc2hpbml0Lm1wNBUCAsgBEgAoABgAGwKIB3VzZV9vaWwBMRJwcm9ncmVzc2l2ZV9yZWNpcGUBMRUAACaQkOnC-o3KBxUCKAJDMywXQEUzMzMzMzMYGWRhc2hfaDI2NC1iYXNpYy1nZW4yXzcyMHARAHUAZd6oAQA&_nc_gid=z8Afwdn2suZnTpV9YjI7KQ&_nc_ss=7f180&_nc_zt=28&oh=00_AQD8Q4P3iTXr1qxmcvDIECvpf0GpnjDrw5cp0HGK4YQ-hw&oe=6A631120,"['FACEBOOK', 'INSTAGRAM', 'AUDIENCE_NETWORK', 'MESSENGER', 'THREADS']",au,cw,facebook,social,2026-W29,2026-07,"FACEBOOK, INSTAGRAM, AUDIENCE_NETWORK, MESSENGER, THREADS",True,True,True,True,True,False,Brand/Category Page,True,False,False,2026-07-20,2026-02-26 08:00:00,2026-07-20 15:37:32.553203,144
1663742368083466,1685763032599002,True,2026-03-31 07:00:00,2026-07-19 07:00:00,Chemist Warehouse,Chemist Warehouse,{{product.name}},{{product.brand}},Shop now,DCO,https://www.chemistwarehouse.com.au/buy/124789/jshealth-advanced-magnesium-60-tablets?utm_source=facebook&utm_medium=social&utm_campaign=au_cw_coop_facebook_social_jshealthvitamins_jshealth_81_2026_100007-bau_image&utm_term=conversion&utm_content=image_advanced-mag-1,www.chemistwarehouse.com.au,/buy/124789/jshealth-advanced-magnesium-60-tablets,facebook,social,au_cw_coop_facebook_social_jshealthvitamins_jshealth_81_2026_100007-bau_image,81,conversion,image_advanced-mag-1,Coop,Jshealthvitamins,Jshealth,2026,image,MAGNESIUM THAT TICKS ALL THE BOXES,"Feeling restless?
Try Advanced Magnesium+
✅ THREE forms of Magnesium
✅ With Magnesium Glycinate Dihydrate
✅ High 402mg daily dose",Shop Now,https://scontent-ams2-1.xx.fbcdn.net/v/t39.35426-6/658136375_1481028100267320_5270911546426183728_n.jpg?_nc_cat=107&ccb=1-7&_nc_sid=c53f8f&_nc_ohc=ZiZbWJcFWTMQ7kNvwHYcVnP&_nc_oc=AdqHOtukwNJkhCRaozM1yS2d8R1PSg-OpUWiR4sEQ_B-pNoXtiHs5wZYB2LI7v7kMNI&_nc_zt=14&_nc_ht=scontent-ams2-1.xx&_nc_gid=jTQuFHtNcZjW5AAcdteotg&_nc_ss=7f180&oh=00_AQCmsuw9WMc5AW0c6M8pQ5nY7mTDLEw7DHuiBFDoppgSbg&oe=6A630C93,,"['FACEBOOK', 'INSTAGRAM', 'MESSENGER']",au,cw,facebook,social,2026-W29,2026-07,"FACEBOOK, INSTAGRAM, MESSENGER",True,True,False,True,False,False,SKU Product,True,False,False,2026-07-20,2026-03-31 07:00:00,2026-07-20 15:37:32.553203,111
950838860837839,874151242311536,True,2026-03-26 07:00:00,2026-07-19 07:00:00,Chemist Warehouse,Chemist Warehouse,{{product.name}},{{product.brand}},Learn more,DCO,https://www.chemistwarehouse.com.au/shop-online/963/karicare?utm_source=facebook&utm_medium=social&utm_campaign=au_cw_coop_facebook_social_nutriciaaustraliaptylimited_karicare_20_2026_100044-bau_video-image&utm_term=traffic&utm_content=video-image_karicare-video,www.chemistwarehouse.com.au,/shop-online/963/karicare,facebook,social,au_cw_coop_facebook_social_nutriciaaustraliaptylimited_karicare_20_2026_100044-bau_video-image,20,traffic,video-image_karicare-video,Coop,Nutriciaaustraliaptylimited,Karicare,2026,video-image,Buy Karicare online,Blends in key ingredients to support growth in children. Shop Karicare baby formula now,Learn More,,,"['FACEBOOK', 'INSTAGRAM']",au,cw,facebook,social,2026-W29,2026-07,"FACEBOOK, INSTAGRAM",True,True,False,False,False,False,Brand/Category Page,True,False,False,2026-07-20,2026-03-26 07:00:00,2026-07-20 15:37:32.553203,116
818771337924607,1644179023256566,True,2026-03-29 07:00:00,2026-07-19 07:00:00,Chemist Warehouse,Chemist Warehouse,{{product.name}},{{product.brand}},Learn more,DCO,https://www.chemistwarehouse.com.au/shop-online/6315/natalis-pregnancy-care?utm_source=facebook&utm_medium=social&utm_campaign=au_cw_coop_facebook_social_vidacorp_natalis_81_2026_100118-bau_video-image&utm_term=traffic&utm_content=video-image_instore,www.chemistwarehouse.com.au,/shop-online/6315/natalis-pregnancy-care,facebook,social,au_cw_coop_facebook_social_vidacorp_natalis_81_2026_100118-bau_video-image,81,traffic,video-image_instore,Coop,Vidacorp,Natalis,2026,video-image,Shop now at Chemist Warehouse!,Natalis supports mums & babies from pre-conception to breastfeeding. Shop now at Chemist Warehouse!,Learn More,,https://video-ams2-1.xx.fbcdn.net/o1/v/t2/f2/m366/AQOsLn4nrDhjhVhNA1db9M6IW2fOYJHW28B-EDvoVYXWS0HaGSwFg5YkkMtx8w9_5deIBlenf74rUa00nCrbEGwzeMkEXRlRr54Vz8B_7MI0Uw.mp4?_nc_cat=104&_nc_sid=b66105&_nc_ht=video-ams2-1.xx.fbcdn.net&_nc_ohc=dRwoqZMpk4sQ7kNvwGfoELZ&efg=eyJ2ZW5jb2RlX3RhZyI6Inhwdl9wcm9ncmVzc2l2ZS5WSV9VU0VDQVNFX1BST0RVQ1RfVFlQRS4uQzMuNzIwLmRhc2hfaDI2NC1iYXNpYy1nZW4yXzcyMHAiLCJ4cHZfYXNzZXRfaWQiOjIxMzMyOTIzNDA4MTQ4NTYsImFzc2V0X2FnZV9kYXlzIjoxNDUsInZpX3VzZWNhc2VfaWQiOjEwNzk5LCJkdXJhdGlvbl9zIjo0MiwidXJsZ2VuX3NvdXJjZSI6Ind3dyJ9&ccb=17-1&vs=3f412dbef0ed18f6&_nc_vs=HBksFQIYRWZiX2VwaGVtZXJhbC9GODQ3MkFCQjhGOTMzRDkwQjJFQ0Q2MTZBQjRCMDk4Ml9tdF8xX3ZpZGVvX2Rhc2hpbml0Lm1wNBUAAsgBEgAVAhhAZmJfcGVybWFuZW50LzI4NENBODEzODFBNEM0RDU3MEExNUQ5MDM4OENCNjgxX2F1ZGlvX2Rhc2hpbml0Lm1wNBUCAsgBEgAoABgAGwKIB3VzZV9vaWwBMRJwcm9ncmVzc2l2ZV9yZWNpcGUBMRUAACaQkOnC-o3KBxUCKAJDMywXQEUzMzMzMzMYGWRhc2hfaDI2NC1iYXNpYy1nZW4yXzcyMHARAHUAZd6oAQA&_nc_gid=jTQuFHtNcZjW5AAcdteotg&_nc_ss=7f180&_nc_zt=28&oh=00_AQAbXCh3tzi7HCangUMfmgqdfW7JlnJNSq8CjBfUHpD2SA&oe=6A631120,"['FACEBOOK', 'INSTAGRAM', 'AUDIENCE_NETWORK', 'MESSENGER', 'THREADS']",au,cw,facebook,social,2026-W29,2026-07,"FACEBOOK, INSTAGRAM, AUDIENCE_NETWORK, MESSENGER, THREADS",True,True,True,True,True,False,Brand/Category Page,True,False,False,2026-07-20,2026-03-29 07:00:00,2026-07-20 15:37:32.553203,113
1658322398667720,,True,2026-02-24 08:00:00,2026-07-17 07:00:00,Chemist Warehouse,Chemist Warehouse,GO Activated B Complex  for energy production,"1-A-DAY formula, it  delivers activated B2, B6, B12 and Folate to help support your body’s energy production.",Shop now,IMAGE,https://fb.com/canvas_doc/1220649510257956,fb.com,/canvas_doc/1220649510257956,,,,,,,Not Specified,,,,,,,,,,"['FACEBOOK', 'INSTAGRAM', 'AUDIENCE_NETWORK', 'MESSENGER', 'THREADS']",,,,,2026-W29,2026-07,"FACEBOOK, INSTAGRAM, AUDIENCE_NETWORK, MESSENGER, THREADS",True,True,True,True,True,False,Internal/App Page,True,False,False,2026-07-20,2026-02-24 08:00:00,2026-07-20 15:37:32.553203,146
879545931583456,715774954827515,True,2026-02-25 08:00:00,2026-07-19 07:00:00,Chemist Warehouse,Chemist Warehouse,{{product.name}},{{product.brand}},Learn more,DCO,https://www.chemistwarehouse.com.au/buy/157226/neutrogena-collagen-bank-moisturiser-59ml?utm_source=facebook&utm_medium=social&utm_campaign=au_cw_coop_facebook_social_johnsonjohnsonpacific_neutrogena_665_2026_bau_dynamic&utm_term=conversion&utm_content=dynamic_collection_collagenbank-image,www.chemistwarehouse.com.au,/buy/157226/neutrogena-collagen-bank-moisturiser-59ml,facebook,social,au_cw_coop_facebook_social_johnsonjohnsonpacific_neutrogena_665_2026_bau_dynamic,665,conversion,dynamic_collection_collagenbank-image,Coop,Johnsonjohnsonpacific,Neutrogena,2026,dynamic,Neutrogena Collagen Bank Moisturiser,Neutrogena Collagen Bank Moisturiser supports collagen for firmer and youthful skin. Available at Chemist Warehouse.,Learn More,https://scontent-ams2-1.xx.fbcdn.net/v/t39.35426-6/642227450_958131603441042_4899467435931366132_n.jpg?_nc_cat=110&ccb=1-7&_nc_sid=c53f8f&_nc_ohc=B_Xt6d3d1zYQ7kNvwF-vuha&_nc_oc=AdoRMcYAr7Sx6ikpZuTqf72kx8y27ch7r6ydGKeykUaORN5OFsy-TZVueM0ym7CshlA&_nc_zt=14&_nc_ht=scontent-ams2-1.xx&_nc_gid=z8Afwdn2suZnTpV9YjI7KQ&_nc_ss=7f180&oh=00_AQC1TgvwO_x4g6BZ-kw2QwLO5P3XGhMY1fijC-ZtJ6I8Tg&oe=6A6324E7,,"['FACEBOOK', 'INSTAGRAM', 'AUDIENCE_NETWORK', 'MESSENGER', 'THREADS']",au,cw,facebook,social,2026-W29,2026-07,"FACEBOOK, INSTAGRAM, AUDIENCE_NETWORK, MESSENGER, THREADS",True,True,True,True,True,False,SKU Product,True,False,False,2026-07-20,2026-02-25 08:00:00,2026-07-20 15:37:32.553203,145
1600885107896324,,True,2026-02-24 08:00:00,2026-07-19 07:00:00,Chemist Warehouse,Chemist Warehouse,Discover GO Healthy stress & energy support products,Choose GO Activated B Complex for your energy production or GO  L‑Theanine 400 to help you stay calm — simple 1‑a‑day formulation.,Shop now,IMAGE,https://fb.com/canvas_doc/1257483286291537,fb.com,/canvas_doc/1257483286291537,,,,,,,Not Specified,,,,,,,,,,"['FACEBOOK', 'INSTAGRAM', 'AUDIENCE_NETWORK', 'MESSENGER', 'THREADS']",,,,,2026-W29,2026-07,"FACEBOOK, INSTAGRAM, AUDIENCE_NETWORK, MESSENGER, THREADS",True,True,True,True,True,False,Internal/App Page,True,False,False,2026-07-20,2026-02-24 08:00:00,2026-07-20 15:37:32.553203,146
1847540209291823,,True,2026-02-24 08:00:00,2026-07-17 07:00:00,Chemist Warehouse,Chemist Warehouse,24-Hour Immune Support,24-Hour Immune Support GO ESTER-C® IMMUNE COMPLEX is a quality formula that provides 24 hour support for healthy immune system function with Ester-C®.,Shop now,IMAGE,https://fb.com/canvas_doc/2376701432776434,fb.com,/canvas_doc/2376701432776434,,,,,,,Not Specified,,,,,,,,,,"['FACEBOOK', 'INSTAGRAM', 'AUDIENCE_NETWORK', 'MESSENGER', 'THREADS']",,,,,2026-W29,2026-07,"FACEBOOK, INSTAGRAM, AUDIENCE_NETWORK, MESSENGER, THREADS",True,True,True,True,True,False,Internal/App Page,True,False,False,2026-07-20,2026-02-24 08:00:00,2026-07-20 15:37:32.553203,146
1379056927357159,,True,2026-02-24 08:00:00,2026-07-18 07:00:00,Chemist Warehouse,Chemist Warehouse,Feel like you’re not quite performing at your best?,"GO Healthy Man Plus Performance is a 1-A-DAY formula that contains Tribulus, Horny Goat Weed, Korean Ginseng and Ginkgo.",Shop now,IMAGE,https://fb.com/canvas_doc/923989350175581,fb.com,/canvas_doc/923989350175581,,,,,,,Not Specified,,,,,,,,,,"['FACEBOOK', 'INSTAGRAM', 'AUDIENCE_NETWORK', 'MESSENGER', 'THREADS']",,,,,2026-W29,2026-07,"FACEBOOK, INSTAGRAM, AUDIENCE_NETWORK, MESSENGER, THREADS",True,True,True,True,True,False,Internal/App Page,True,False,False,2026-07-20,2026-02-24 08:00:00,2026-07-20 15:37:32.553203,146
1882275026497195,,True,2026-02-24 08:00:00,2026-07-18 07:00:00,Chemist Warehouse,Chemist Warehouse,GO Activated B12 supports energy production,Support healthy red blood cell production and maintain B12 levels with GO Healthy Activated B12.,Shop now,IMAGE,https://fb.com/canvas_doc/1185485476748090,fb.com,/canvas_doc/1185485476748090,,,,,,,Not Specified,,,,,,,,,,"['FACEBOOK', 'INSTAGRAM', 'AUDIENCE_NETWORK', 'MESSENGER', 'THREADS']",,,,,2026-W29,2026-07,"FACEBOOK, INSTAGRAM, AUDIENCE_NETWORK, MESSENGER, THREADS",True,True,True,True,True,False,Internal/App Page,True,False,False,2026-07-20,2026-02-24 08:00:00,2026-07-20 15:37:32.553203,146
1229206639409889,,True,2026-02-25 08:00:00,2026-07-19 07:00:00,Chemist Warehouse,Chemist Warehouse,Beauty Meets Nutrition,"Your everyday collagen ritual, thanks to The Collagen Co now at Chemist Warehouse",Shop now,IMAGE,https://fb.com/canvas_doc/1977917122797092,fb.com,/canvas_doc/1977917122797092,,,,,,,Not Specified,,,,,,,,,,"['FACEBOOK', 'INSTAGRAM', 'MESSENGER', 'THREADS']",,,,,2026-W29,2026-07,"FACEBOOK, INSTAGRAM, MESSENGER, THREADS",True,True,False,True,True,False,Internal/App Page,True,True,False,2026-07-20,2026-02-25 08:00:00,2026-07-20 15:37:32.553203,145
1936233353669106,,True,2026-03-26 07:00:00,2026-07-19 07:00:00,Chemist Warehouse,Chemist Warehouse,Neutrogena Collagen Bank,Neutrogena Collagen Bank supports collagen for firmer and youthful skin. Available at Chemist Warehouse.,Shop now,IMAGE,https://fb.com/canvas_doc/1443893930865287,fb.com,/canvas_doc/1443893930865287,,,,,,,Not Specified,,,,,,,,,,"['FACEBOOK', 'INSTAGRAM', 'AUDIENCE_NETWORK', 'MESSENGER', 'THREADS']",,,,,2026-W29,2026-07,"FACEBOOK, INSTAGRAM, AUDIENCE_NETWORK, MESSENGER, THREADS",True,True,True,True,True,False,Internal/App Page,True,True,False,2026-07-20,2026-03-26 07:00:00,2026-07-20 15:37:32.553203,116
890194130678840,,True,2026-03-22 07:00:00,2026-07-19 07:00:00,Chemist Warehouse,Chemist Warehouse,Redken All Soft for ultimate soft hair,"Redken All Soft moisturises dry, brittle hair with argan oil. This pro system leaves hair shiny, healthy and nourished",Shop now,IMAGE,https://fb.com/canvas_doc/2001727920719131,fb.com,/canvas_doc/2001727920719131,,,,,,,Not Specified,,,,,,,,,,"['FACEBOOK', 'INSTAGRAM', 'AUDIENCE_NETWORK', 'MESSENGER', 'THREADS']",,,,,2026-W29,2026-07,"FACEBOOK, INSTAGRAM, AUDIENCE_NETWORK, MESSENGER, THREADS",True,True,True,True,True,False,Internal/App Page,True,False,False,2026-07-20,2026-03-22 07:00:00,2026-07-20 15:37:32.553203,120
2046212672607904,,True,2026-03-24 07:00:00,2026-07-18 07:00:00,Chemist Warehouse,Chemist Warehouse,Karicare at Chemist Warehouse,Blends in key ingredients to support growth in children. Shop Karicare baby formula now,Learn more,IMAGE,https://www.chemistwarehouse.com.au/shop-online/963/karicare?utm_source=facebook&utm_medium=social&utm_campaign=au_cw_coop_facebook_social_nutriciaaustraliaptylimited_karicare_20_2026_100044-bau_video-image&utm_term=traffic&utm_content=video-image_karicare-image-b,www.chemistwarehouse.com.au,/shop-online/963/karicare,facebook,social,au_cw_coop_facebook_social_nutriciaaustraliaptylimited_karicare_20_2026_100044-bau_video-image,20,traffic,video-image_karicare-image-b,Coop,Nutriciaaustraliaptylimited,Karicare,2026,video-image,,,,,,"['FACEBOOK', 'INSTAGRAM']",au,cw,facebook,social,2026-W29,2026-07,"FACEBOOK, INSTAGRAM",True,True,False,False,False,False,Brand/Category Page,True,True,False,2026-07-20,2026-03-24 07:00:00,2026-07-20 15:37:32.553203,118
1592855961831285,,True,2026-03-23 07:00:00,2026-07-19 07:00:00,Chemist Warehouse,Chemist Warehouse,Discover OGX® Shampoo and Conditioner,Achieve strong & healthy hair with OGX® Shampoo & Conditioner. Shop at Chemist Warehouse,Learn more,IMAGE,https://fb.com/canvas_doc/717777554636506,fb.com,/canvas_doc/717777554636506,,,,,,,Not Specified,,,,,,,,,,"['FACEBOOK', 'INSTAGRAM', 'AUDIENCE_NETWORK', 'MESSENGER', 'THREADS']",,,,,2026-W29,2026-07,"FACEBOOK, INSTAGRAM, AUDIENCE_NETWORK, MESSENGER, THREADS",True,True,True,True,True,False,Internal/App Page,True,True,False,2026-07-20,2026-03-23 07:00:00,2026-07-20 15:37:32.553203,119
1305572008050018,2921963624838695,True,2026-02-25 08:00:00,2026-07-19 07:00:00,Chemist Warehouse,Chemist Warehouse,{{product.name}},{{product.brand}},Shop now,DCO,https://www.chemistwarehouse.com.au/shop-online/6918/the-collagen-co?utm_source=facebook&utm_medium=social&utm_content=Catalogue&utm_campaign=au_cw_coop_facebook_social_collagenco_thecollagenco_81_2026_bau_Dynamic&utm_term=Dynamic,www.chemistwarehouse.com.au,/shop-online/6918/the-collagen-co,facebook,social,au_cw_coop_facebook_social_collagenco_thecollagenco_81_2026_bau_Dynamic,81,Dynamic,Catalogue,Coop,Collagenco,Thecollagenco,2026,dynamic,Beauty Meets Nutrition,"Your everyday collagen ritual, thanks to The Collagen Co now at Chemist Warehouse",Shop Now,https://scontent-ams2-1.xx.fbcdn.net/v/t39.35426-6/637810836_1904925063486607_7852419059411506365_n.jpg?_nc_cat=109&ccb=1-7&_nc_sid=c53f8f&_nc_ohc=jHb-tT2qHPIQ7kNvwFcz34K&_nc_oc=Adr69oj-7zWvcXcE1uCO1IvwIDZSiPrSS7wmPUV7XnD_64lEs1JU_tmwW2nIZi1WjoY&_nc_zt=14&_nc_ht=scontent-ams2-1.xx&_nc_gid=z8Afwdn2suZnTpV9YjI7KQ&_nc_ss=7f180&oh=00_AQD459jUsJVETFH-lThhJKuuN2f7IIs7JlCr-t7-ty3KzQ&oe=6A631310,,"['FACEBOOK', 'INSTAGRAM', 'MESSENGER', 'THREADS']",au,cw,facebook,social,2026-W29,2026-07,"FACEBOOK, INSTAGRAM, MESSENGER, THREADS",True,True,False,True,True,False,Brand/Category Page,True,False,False,2026-07-20,2026-02-25 08:00:00,2026-07-20 15:37:32.553203,145
772315115737769,892789253738780,True,2026-03-23 07:00:00,2026-07-19 07:00:00,Chemist Warehouse,Chemist Warehouse,{{product.name}},{{product.brand}},Shop now,DCO,https://www.chemistwarehouse.com.au/buy/139283/redken-acidic-bonding-concentrate-leave-in-treatment-150ml?utm_source=facebook&utm_medium=social&utm_campaign=au_cw_coop_facebook_social_lorealprofessional_redken_129_2026_bau_dynamic&utm_term=traffic&utm_content=dynamic_abc1,www.chemistwarehouse.com.au,/buy/139283/redken-acidic-bonding-concentrate-leave-in-treatment-150ml,facebook,social,au_cw_coop_facebook_social_lorealprofessional_redken_129_2026_bau_dynamic,129,traffic,dynamic_abc1,Coop,Lorealprofessional,Redken,2026,dynamic,Redken Leave It In for ultimate hair repair,"Discover Redken Leave-In for ultimate hair repair. The multi-purpose hero for hair care and styling. It shields hair against up to 230°C, locks in softness, and helps protect colour!",Shop Now,https://scontent-ams2-1.xx.fbcdn.net/v/t39.35426-6/657034942_1628715488036533_7803026437827124539_n.jpg?_nc_cat=106&ccb=1-7&_nc_sid=c53f8f&_nc_ohc=eDrwWSLq-RgQ7kNvwEaQQsb&_nc_oc=AdouhK3J_OqzCP4S66NjPts9m4UXghR18FegSBIilsaGF2pLraDLKceD9lIyIpGfEYM&_nc_zt=14&_nc_ht=scontent-ams2-1.xx&_nc_gid=C2wUgoBP8YDXN0a6PgqNeQ&_nc_ss=7f180&oh=00_AQBZ-nlsIt4UF_QdUf-S5Svkua3o26Ci7pRP9Pu6kGpE1Q&oe=6A6306CC,,"['FACEBOOK', 'INSTAGRAM', 'AUDIENCE_NETWORK', 'MESSENGER', 'THREADS']",au,cw,facebook,social,2026-W29,2026-07,"FACEBOOK, INSTAGRAM, AUDIENCE_NETWORK, MESSENGER, THREADS",True,True,True,True,True,False,SKU Product,True,False,False,2026-07-20,2026-03-23 07:00:00,2026-07-20 15:37:32.553203,119
1983042859277913,1515704459911840,True,2026-03-23 07:00:00,2026-07-18 07:00:00,Chemist Warehouse,Chemist Warehouse,{{product.name}},{{product.brand}},Learn more,DCO,https://www.chemistwarehouse.com.au/buy/160049/biostime-infant-children-a-l-g-probiotic-care-28-sachets?utm_source=facebook&utm_medium=social&utm_campaign=au_cw_coop_facebook_social_swissewellnessptyltd_biostime_20_2026_100126-bau_video-image&utm_term=traffic&utm_content=video-image_static-4,www.chemistwarehouse.com.au,/buy/160049/biostime-infant-children-a-l-g-probiotic-care-28-sachets,facebook,social,au_cw_coop_facebook_social_swissewellnessptyltd_biostime_20_2026_100126-bau_video-image,20,traffic,video-image_static-4,Coop,Swissewellnessptyltd,Biostime,2026,video-image,Support their day from the inside out,Gentle support for little ones with mild eczema symptoms. Biostime is available at Chemist Warehouse,Learn More,https://scontent-ams2-1.xx.fbcdn.net/v/t39.35426-6/656906517_2124655871599607_7578392960713735780_n.jpg?_nc_cat=105&ccb=1-7&_nc_sid=c53f8f&_nc_ohc=_khrT6-R49oQ7kNvwHduicn&_nc_oc=AdrYjpTyJdbApQEUsVGcfh4SSmGa_BCdIQ82wLr1MT6SkAmKidpQ7tlzRzeYugklP0o&_nc_zt=14&_nc_ht=scontent-ams2-1.xx&_nc_gid=C2wUgoBP8YDXN0a6PgqNeQ&_nc_ss=7f180&oh=00_AQDuSVXZWkSNULaCuwxdX2nZH2NhEfDceKW9Exfpc5ovSw&oe=6A631013,,"['FACEBOOK', 'INSTAGRAM', 'THREADS']",au,cw,facebook,social,2026-W29,2026-07,"FACEBOOK, INSTAGRAM, THREADS",True,True,False,False,True,False,SKU Product,True,False,False,2026-07-20,2026-03-23 07:00:00,2026-07-20 15:37:32.553203,119
911276608161791,,True,2026-02-19 08:00:00,2026-07-19 07:00:00,Chemist Warehouse,Chemist Warehouse,GO Activated B Complex  for energy production,"1-A-DAY formula, it  delivers activated B2, B6, B12 and Folate to help support your body’s energy production.",Shop now,IMAGE,https://fb.com/canvas_doc/1220649510257956,fb.com,/canvas_doc/1220649510257956,,,,,,,Not Specified,,,,,,,,,,"['FACEBOOK', 'INSTAGRAM', 'AUDIENCE_NETWORK', 'MESSENGER', 'THREADS']",,,,,2026-W29,2026-07,"FACEBOOK, INSTAGRAM, AUDIENCE_NETWORK, MESSENGER, THREADS",True,True,True,True,True,False,Internal/App Page,True,False,False,2026-07-20,2026-02-19 08:00:00,2026-07-20 15:37:32.553203,151
26370990029197117,,True,2026-02-19 08:00:00,2026-07-19 07:00:00,Chemist Warehouse,Chemist Warehouse,24-Hour Immune Support,24-Hour Immune Support GO ESTER-C® IMMUNE COMPLEX is a quality formula that provides 24 hour support for healthy immune system function with Ester-C®.,Shop now,IMAGE,https://fb.com/canvas_doc/2376701432776434,fb.com,/canvas_doc/2376701432776434,,,,,,,Not Specified,,,,,,,,,,"['FACEBOOK', 'INSTAGRAM', 'AUDIENCE_NETWORK', 'MESSENGER', 'THREADS']",,,,,2026-W29,2026-07,"FACEBOOK, INSTAGRAM, AUDIENCE_NETWORK, MESSENGER, THREADS",True,True,True,True,True,False,Internal/App Page,True,False,False,2026-07-20,2026-02-19 08:00:00,2026-07-20 15:37:32.553203,151
1951961868730929,886889407547564,True,2026-02-20 08:00:00,2026-07-19 07:00:00,Chemist Warehouse,Chemist Warehouse,{{product.name}},{{product.brand}},Shop now,DCO,https://www.chemistwarehouse.com.au/shop-online/513/blackmores?utm_source=facebook&utm_medium=social&utm_campaign=au_cw_coop_facebook_social_blackmoreslimited_blackmores_81_2026_bau_dynamic&utm_term=conversion&utm_content=dynamic-instore-omega,www.chemistwarehouse.com.au,/shop-online/513/blackmores,facebook,social,au_cw_coop_facebook_social_blackmoreslimited_blackmores_81_2026_bau_dynamic,81,conversion,dynamic-instore-omega,Coop,Blackmoreslimited,Blackmores,2026,dynamic,New Omega Platinum,"NEW Omega Platinum range — our highest-strength omega-3, now also available in a mini capsule.",Shop Now,,https://video-ams2-1.xx.fbcdn.net/o1/v/t2/f2/m366/AQMEuos4hQNPaFkJp4ldAsZ5jI3VKS_SOTdGZnEdpNK8UVsIsehTk__OUnqd0ynOuEFEAQSs5xMY8gtNdBogzekiTvgICRmhB1AFjHoMMqZ-ew.mp4?_nc_cat=106&_nc_sid=b66105&_nc_ht=video-ams2-1.xx.fbcdn.net&_nc_ohc=e__YOFbBaFQQ7kNvwH0DgkO&efg=eyJ2ZW5jb2RlX3RhZyI6Inhwdl9wcm9ncmVzc2l2ZS5WSV9VU0VDQVNFX1BST0RVQ1RfVFlQRS4uQzMuNzIwLmRhc2hfaDI2NC1iYXNpYy1nZW4yXzcyMHAiLCJ4cHZfYXNzZXRfaWQiOjE0MjgxMjE5NTIzOTM1NjQsImFzc2V0X2FnZV9kYXlzIjoxNDksInZpX3VzZWNhc2VfaWQiOjEwNzk5LCJkdXJhdGlvbl9zIjo1MSwidXJsZ2VuX3NvdXJjZSI6Ind3dyJ9&ccb=17-1&vs=334126973efc10b2&_nc_vs=HBksFQIYRWZiX2VwaGVtZXJhbC8yNTQ4QjMzMzQ2MkMyNzNDMDVENUUxMUUyQjU5MUNBMl9tdF8xX3ZpZGVvX2Rhc2hpbml0Lm1wNBUAAsgBEgAVAhhAZmJfcGVybWFuZW50L0FDNEZFMDJCQ0M2N0RGNEIwNURCNTNGMjAzNTc1Nzg4X2F1ZGlvX2Rhc2hpbml0Lm1wNBUCAsgBEgAoABgAGwKIB3VzZV9vaWwBMRJwcm9ncmVzc2l2ZV9yZWNpcGUBMRUAACa45dja0beJBRUCKAJDMywXQEmZmZmZmZoYGWRhc2hfaDI2NC1iYXNpYy1nZW4yXzcyMHARAHUAZd6oAQA&_nc_gid=z8Afwdn2suZnTpV9YjI7KQ&_nc_ss=7f180&_nc_zt=28&oh=00_AQDqpbc513V0LJEVNEnwBz5UzDR7qxJ7CAIVzsp4L5u5hg&oe=6A6334BE,"['FACEBOOK', 'INSTAGRAM', 'AUDIENCE_NETWORK', 'MESSENGER', 'THREADS']",au,cw,facebook,social,2026-W29,2026-07,"FACEBOOK, INSTAGRAM, AUDIENCE_NETWORK, MESSENGER, THREADS",True,True,True,True,True,False,Brand/Category Page,True,False,False,2026-07-20,2026-02-20 08:00:00,2026-07-20 15:37:32.553203,150
1239336380957219,,True,2026-02-20 08:00:00,2026-07-19 07:00:00,Chemist Warehouse,Chemist Warehouse,GO Activated B12 supports energy production,Support healthy red blood cell production and maintain B12 levels with GO Healthy Activated B12.,Shop now,IMAGE,https://fb.com/canvas_doc/1185485476748090,fb.com,/canvas_doc/1185485476748090,,,,,,,Not Specified,,,,,,,,,,"['FACEBOOK', 'INSTAGRAM', 'AUDIENCE_NETWORK', 'MESSENGER', 'THREADS']",,,,,2026-W29,2026-07,"FACEBOOK, INSTAGRAM, AUDIENCE_NETWORK, MESSENGER, THREADS",True,True,True,True,True,False,Internal/App Page,True,False,False,2026-07-20,2026-02-20 08:00:00,2026-07-20 15:37:32.553203,150
1247723730096822,,True,2026-02-19 08:00:00,2026-07-19 07:00:00,Chemist Warehouse,Chemist Warehouse,Discover GO Healthy stress & energy support products,Choose GO Activated B Complex for your energy production or GO  L‑Theanine 400 to help you stay calm — simple 1‑a‑day formulation.,Shop now,IMAGE,https://fb.com/canvas_doc/1257483286291537,fb.com,/canvas_doc/1257483286291537,,,,,,,Not Specified,,,,,,,,,,"['FACEBOOK', 'INSTAGRAM', 'AUDIENCE_NETWORK', 'MESSENGER', 'THREADS']",,,,,2026-W29,2026-07,"FACEBOOK, INSTAGRAM, AUDIENCE_NETWORK, MESSENGER, THREADS",True,True,True,True,True,False,Internal/App Page,True,False,False,2026-07-20,2026-02-19 08:00:00,2026-07-20 15:37:32.553203,151
1486769329736492,886889407547564,True,2026-02-20 08:00:00,2026-07-19 07:00:00,Chemist Warehouse,Chemist Warehouse,{{product.name}},{{product.brand}},Shop now,DCO,https://www.chemistwarehouse.com.au/shop-online/513/blackmores?utm_source=facebook&utm_medium=social&utm_campaign=au_cw_coop_facebook_social_blackmoreslimited_blackmores_81_2026_bau_dynamic&utm_term=conversion&utm_content=dynamic-instore-omega,www.chemistwarehouse.com.au,/shop-online/513/blackmores,facebook,social,au_cw_coop_facebook_social_blackmoreslimited_blackmores_81_2026_bau_dynamic,81,conversion,dynamic-instore-omega,Coop,Blackmoreslimited,Blackmores,2026,dynamic,New Omega Platinum,"NEW Omega Platinum range — our highest-strength omega-3, now also available in a mini capsule.",Shop Now,,https://video-ams2-1.xx.fbcdn.net/o1/v/t2/f2/m366/AQMEuos4hQNPaFkJp4ldAsZ5jI3VKS_SOTdGZnEdpNK8UVsIsehTk__OUnqd0ynOuEFEAQSs5xMY8gtNdBogzekiTvgICRmhB1AFjHoMMqZ-ew.mp4?_nc_cat=106&_nc_sid=b66105&_nc_ht=video-ams2-1.xx.fbcdn.net&_nc_ohc=e__YOFbBaFQQ7kNvwH0DgkO&efg=eyJ2ZW5jb2RlX3RhZyI6Inhwdl9wcm9ncmVzc2l2ZS5WSV9VU0VDQVNFX1BST0RVQ1RfVFlQRS4uQzMuNzIwLmRhc2hfaDI2NC1iYXNpYy1nZW4yXzcyMHAiLCJ4cHZfYXNzZXRfaWQiOjE0MjgxMjE5NTIzOTM1NjQsImFzc2V0X2FnZV9kYXlzIjoxNDksInZpX3VzZWNhc2VfaWQiOjEwNzk5LCJkdXJhdGlvbl9zIjo1MSwidXJsZ2VuX3NvdXJjZSI6Ind3dyJ9&ccb=17-1&vs=334126973efc10b2&_nc_vs=HBksFQIYRWZiX2VwaGVtZXJhbC8yNTQ4QjMzMzQ2MkMyNzNDMDVENUUxMUUyQjU5MUNBMl9tdF8xX3ZpZGVvX2Rhc2hpbml0Lm1wNBUAAsgBEgAVAhhAZmJfcGVybWFuZW50L0FDNEZFMDJCQ0M2N0RGNEIwNURCNTNGMjAzNTc1Nzg4X2F1ZGlvX2Rhc2hpbml0Lm1wNBUCAsgBEgAoABgAGwKIB3VzZV9vaWwBMRJwcm9ncmVzc2l2ZV9yZWNpcGUBMRUAACa45dja0beJBRUCKAJDMywXQEmZmZmZmZoYGWRhc2hfaDI2NC1iYXNpYy1nZW4yXzcyMHARAHUAZd6oAQA&_nc_gid=z8Afwdn2suZnTpV9YjI7KQ&_nc_ss=7f180&_nc_zt=28&oh=00_AQDqpbc513V0LJEVNEnwBz5UzDR7qxJ7CAIVzsp4L5u5hg&oe=6A6334BE,"['FACEBOOK', 'INSTAGRAM', 'MESSENGER', 'THREADS']",au,cw,facebook,social,2026-W29,2026-07,"FACEBOOK, INSTAGRAM, MESSENGER, THREADS",True,True,False,True,True,False,Brand/Category Page,True,False,False,2026-07-20,2026-02-20 08:00:00,2026-07-20 15:37:32.553203,150
2601422053586359,,True,2026-03-22 07:00:00,2026-07-19 07:00:00,Chemist Warehouse,Chemist Warehouse,Redken Damage Repair Routine,Strengthen hair with Redken Acidic Bonding Concentrate. This pro system repairs damage and protects colour from fading.,Shop now,IMAGE,https://fb.com/canvas_doc/4490041747937071,fb.com,/canvas_doc/4490041747937071,,,,,,,Not Specified,,,,,,,,,,"['FACEBOOK', 'INSTAGRAM', 'AUDIENCE_NETWORK', 'MESSENGER', 'THREADS']",,,,,2026-W29,2026-07,"FACEBOOK, INSTAGRAM, AUDIENCE_NETWORK, MESSENGER, THREADS",True,True,True,True,True,False,Internal/App Page,True,False,False,2026-07-20,2026-03-22 07:00:00,2026-07-20 15:37:32.553203,120
1845138382803770,,True,2026-01-31 08:00:00,2026-07-19 07:00:00,Chemist Warehouse,Chemist Warehouse,{{product.name}},Shop the Neutrogena Range online or via click and collect,Shop now,DPA,https://www.chemistwarehouse.com.au/shop-online/1873/neutrogena?utm_source=facebook&utm_medium=social&utm_campaign=au_cw_coop_facebook_social_johnsonjohnsonpacific_neutrogena_665_2026_bau_dynamic&utm_term=conversion&utm_content=dynamic_dynamic,www.chemistwarehouse.com.au,/shop-online/1873/neutrogena,facebook,social,au_cw_coop_facebook_social_johnsonjohnsonpacific_neutrogena_665_2026_bau_dynamic,665,conversion,dynamic_dynamic,Coop,Johnsonjohnsonpacific,Neutrogena,2026,dynamic,Neutrogena Advanced Acne Cleanser 150ml,Shop the Neutrogena Range online or via click and collect,Shop Now,https://scontent-ams2-1.xx.fbcdn.net/v/t39.35426-6/608007343_1197721688529103_1988322939268067743_n.jpg?_nc_cat=111&ccb=1-7&_nc_sid=c53f8f&_nc_ohc=ySlV6noU0-oQ7kNvwH3Pzf-&_nc_oc=AdqgEkCVAPsj8Hm8NHgYzFH4LYZCH_H-fQTeBQynrVv_y2vFz3MoFN62KStKTwVAVcI&_nc_zt=14&_nc_ht=scontent-ams2-1.xx&_nc_gid=z8Afwdn2suZnTpV9YjI7KQ&_nc_ss=7f180&oh=00_AQAfqGxqqH-6Esr42m-uWEZLcig-9Sjl0iU4vVvG2wuJQw&oe=6A630408,,"['FACEBOOK', 'INSTAGRAM', 'AUDIENCE_NETWORK', 'MESSENGER', 'THREADS']",au,cw,facebook,social,2026-W29,2026-07,"FACEBOOK, INSTAGRAM, AUDIENCE_NETWORK, MESSENGER, THREADS",True,True,True,True,True,False,Brand/Category Page,True,False,False,2026-07-20,2026-01-31 08:00:00,2026-07-20 15:37:32.553203,170
1222997342827560,,True,2026-02-19 08:00:00,2026-07-19 07:00:00,Chemist Warehouse,Chemist Warehouse,Feel like you’re not quite performing at your best?,"GO Healthy Man Plus Performance is a 1-A-DAY formula that contains Tribulus, Horny Goat Weed, Korean Ginseng and Ginkgo.",Shop now,IMAGE,https://fb.com/canvas_doc/923989350175581,fb.com,/canvas_doc/923989350175581,,,,,,,Not Specified,,,,,,,,,,"['FACEBOOK', 'INSTAGRAM', 'AUDIENCE_NETWORK', 'MESSENGER', 'THREADS']",,,,,2026-W29,2026-07,"FACEBOOK, INSTAGRAM, AUDIENCE_NETWORK, MESSENGER, THREADS",True,True,True,True,True,False,Internal/App Page,True,False,False,2026-07-20,2026-02-19 08:00:00,2026-07-20 15:37:32.553203,151
1667615594621811,,True,2026-01-31 08:00:00,2026-07-19 07:00:00,Chemist Warehouse,Chemist Warehouse,{{product.name}},Shop the Neutrogena Range online or via click and collect,Shop now,DPA,https://www.chemistwarehouse.com.au/shop-online/1873/neutrogena?utm_source=facebook&utm_medium=social&utm_campaign=au_cw_coop_facebook_social_johnsonjohnsonpacific_neutrogena_665_2026_bau_dynamic&utm_term=conversion&utm_content=dynamic_dynamic,www.chemistwarehouse.com.au,/shop-online/1873/neutrogena,facebook,social,au_cw_coop_facebook_social_johnsonjohnsonpacific_neutrogena_665_2026_bau_dynamic,665,conversion,dynamic_dynamic,Coop,Johnsonjohnsonpacific,Neutrogena,2026,dynamic,Neutrogena Advanced Acne Cleanser 150ml,Shop the Neutrogena Range online or via click and collect,Shop Now,https://scontent-ams2-1.xx.fbcdn.net/v/t39.35426-6/605688320_2892803857590015_2794070268258266593_n.jpg?_nc_cat=102&ccb=1-7&_nc_sid=c53f8f&_nc_ohc=W_JMF5MpK0kQ7kNvwF6ryOg&_nc_oc=AdqE1IKlyYcI8o0HgaJ9zg6W3O3H1L0Eb3aMQaeuzAU9pxgMK7xb1K3JvjNT-Of8aBg&_nc_zt=14&_nc_ht=scontent-ams2-1.xx&_nc_gid=z8Afwdn2suZnTpV9YjI7KQ&_nc_ss=7f180&oh=00_AQAGavtfhg6626e24yCm4-DJRmD_OXcfptPmR6HnDL1aPw&oe=6A63040A,,"['FACEBOOK', 'INSTAGRAM', 'AUDIENCE_NETWORK', 'MESSENGER', 'THREADS']",au,cw,facebook,social,2026-W29,2026-07,"FACEBOOK, INSTAGRAM, AUDIENCE_NETWORK, MESSENGER, THREADS",True,True,True,True,True,False,Brand/Category Page,True,False,False,2026-07-20,2026-01-31 08:00:00,2026-07-20 15:37:32.553203,170
1465697435183323,,True,2026-03-11 07:00:00,2026-07-18 07:00:00,Chemist Warehouse,Chemist Warehouse,Cerave: Derm-Developed Blemish Care,Cleanse and target your blemishes with CeraVe's two step acne routine Developed with Derms,Shop now,IMAGE,https://fb.com/canvas_doc/1652806715856948,fb.com,/canvas_doc/1652806715856948,,,,,,,Not Specified,,,,,,,,,,"['FACEBOOK', 'INSTAGRAM', 'AUDIENCE_NETWORK', 'MESSENGER', 'THREADS']",,,,,2026-W29,2026-07,"FACEBOOK, INSTAGRAM, AUDIENCE_NETWORK, MESSENGER, THREADS",True,True,True,True,True,False,Internal/App Page,True,False,False,2026-07-20,2026-03-11 07:00:00,2026-07-20 15:37:32.553203,131
1802960970571989,,True,2026-01-22 08:00:00,2026-07-19 07:00:00,Chemist Warehouse,Chemist Warehouse,Raw Super Digestive - Hyper Effective,Super Digestive - Hyper Effective Protein. Certified Organic. Low FODMAP Certified. 100% Real. 100% Clean.,Learn more,IMAGE,https://fb.com/canvas_doc/1802880967007637,fb.com,/canvas_doc/1802880967007637,,,,,,,Not Specified,,,,,,,,,,"['FACEBOOK', 'INSTAGRAM', 'AUDIENCE_NETWORK', 'MESSENGER', 'THREADS']",,,,,2026-W29,2026-07,"FACEBOOK, INSTAGRAM, AUDIENCE_NETWORK, MESSENGER, THREADS",True,True,True,True,True,False,Internal/App Page,True,False,False,2026-07-20,2026-01-22 08:00:00,2026-07-20 15:37:32.553203,179
1457569435945830,1276613001031929,True,2026-02-19 08:00:00,2026-07-19 07:00:00,Chemist Warehouse,Chemist Warehouse,New Omega Platinum,"Meet Blackmores NEW Omega Platinum range — our highest-strength omega-3, now also available in a mini capsule.",Shop now,VIDEO,https://fb.com/canvas_doc/1612214066789433,fb.com,/canvas_doc/1612214066789433,,,,,,,Not Specified,,,,,,,,,,"['FACEBOOK', 'INSTAGRAM', 'MESSENGER', 'THREADS']",,,,,2026-W29,2026-07,"FACEBOOK, INSTAGRAM, MESSENGER, THREADS",True,True,False,True,True,False,Internal/App Page,True,False,False,2026-07-20,2026-02-19 08:00:00,2026-07-20 15:37:32.553203,151
1176408607991692,1847794712742930,True,2026-01-22 08:00:00,2026-07-17 07:00:00,Chemist Warehouse,Chemist Warehouse,{{product.name}},{{product.brand}},Learn more,DCO,https://www.chemistwarehouse.com.au/shop-online/2431/tooshies?utm_source=facebook&utm_medium=social&utm_campaign=au_cw_coop_facebook_social_nicepakproductsptyltd_all_20_2026_100057-bau_video-image&utm_term=traffic&utm_content=video-image_generic,www.chemistwarehouse.com.au,/shop-online/2431/tooshies,facebook,social,au_cw_coop_facebook_social_nicepakproductsptyltd_all_20_2026_100057-bau_video-image,20,traffic,video-image_generic,Coop,Nicepakproductsptyltd,All,2026,video-image,Because Nappies Need Changing,"Switch to Tooshies nappies and wipes—gentle on your baby’s skin, better for the planet. Make the change today",Learn More,,https://video-ams2-1.xx.fbcdn.net/o1/v/t2/f2/m366/AQPGr6GpAkXVJO1S6rTMpBfoL6djwM9KGDPzjuUhzaT0TtICAsLbj23TNSFeDCa1EC78p3JLXZRq8AR9r8WNSmozpmZEORNPywjsz5G64oshlA.mp4?_nc_cat=105&_nc_sid=b66105&_nc_ht=video-ams2-1.xx.fbcdn.net&_nc_ohc=Uw_h2ebROhgQ7kNvwE6iDVE&efg=eyJ2ZW5jb2RlX3RhZyI6Inhwdl9wcm9ncmVzc2l2ZS5WSV9VU0VDQVNFX1BST0RVQ1RfVFlQRS4uQzMuNzIwLmRhc2hfaDI2NC1iYXNpYy1nZW4yXzcyMHAiLCJ4cHZfYXNzZXRfaWQiOjEwODE2MTY0OTM3MzU1NjEsImFzc2V0X2FnZV9kYXlzIjo1MzYsInZpX3VzZWNhc2VfaWQiOjEwNzk5LCJkdXJhdGlvbl9zIjo2LCJ1cmxnZW5fc291cmNlIjoid3d3In0%3D&ccb=17-1&vs=8fdd01cbe5712f6b&_nc_vs=HBksFQIYRWZiX2VwaGVtZXJhbC85MTQ3NkJFNjI0MkYxRjFENUQzODgxRkREQTFDN0NCRF9tdF8xX3ZpZGVvX2Rhc2hpbml0Lm1wNBUAAsgBEgAVAhg6cGFzc3Rocm91Z2hfZXZlcnN0b3JlL0dFTmVUQndTVFNsNWVEWUNBTnZNLV9wV2otTmlidjRHQUFBRhUCAsgBEgAoABgAGwKIB3VzZV9vaWwBMRJwcm9ncmVzc2l2ZV9yZWNpcGUBMRUAACaSuqPuru7rAxUCKAJDMywXQBgGJN0vGqAYGWRhc2hfaDI2NC1iYXNpYy1nZW4yXzcyMHARAHUAZd6oAQA&_nc_gid=n51hEh2ikBpqik5DFRkr0w&_nc_ss=7f180&_nc_zt=28&oh=00_AQCZlak-uEmKo4X6V6WyoXiObMpl6Z-IjjG8Fkdtuw9BDg&oe=6A6327C3,"['FACEBOOK', 'INSTAGRAM', 'AUDIENCE_NETWORK', 'MESSENGER', 'THREADS']",au,cw,facebook,social,2026-W29,2026-07,"FACEBOOK, INSTAGRAM, AUDIENCE_NETWORK, MESSENGER, THREADS",True,True,True,True,True,False,Brand/Category Page,True,False,False,2026-07-20,2026-01-22 08:00:00,2026-07-20 15:37:32.553203,179
832448336498514,4097217510549516,True,2026-01-20 08:00:00,2026-07-18 07:00:00,Chemist Warehouse,Chemist Warehouse,{{product.name}},{{product.brand}},Learn more,DCO,https://www.chemistwarehouse.com.au/shop-online/2431/tooshies?utm_source=facebook&utm_medium=social&utm_campaign=au_cw_coop_facebook_social_nicepakproductsptyltd_all_20_2026_100057-bau_video-image&utm_term=traffic&utm_content=video-image_generic,www.chemistwarehouse.com.au,/shop-online/2431/tooshies,facebook,social,au_cw_coop_facebook_social_nicepakproductsptyltd_all_20_2026_100057-bau_video-image,20,traffic,video-image_generic,Coop,Nicepakproductsptyltd,All,2026,video-image,Because Nappies Need Changing,"Switch to Tooshies nappies and wipes—gentle on your baby’s skin, better for the planet. Make the change today",Learn More,,https://video-ams2-1.xx.fbcdn.net/o1/v/t2/f2/m366/AQN5XqjN1ukc2mXftWZshKcmUdyp-383ZEyQeaOTSxPic9_sWLIdCD_vbW9jeBSvEZX4Wluxvkwc21ebjaeeIOqOO2jXv2ll8_fEpIR8uwEr-A.mp4?_nc_cat=110&_nc_sid=b66105&_nc_ht=video-ams2-1.xx.fbcdn.net&_nc_ohc=3p-JN07UZIsQ7kNvwGd0iDz&efg=eyJ2ZW5jb2RlX3RhZyI6Inhwdl9wcm9ncmVzc2l2ZS5WSV9VU0VDQVNFX1BST0RVQ1RfVFlQRS4uQzMuNzIwLmRhc2hfaDI2NC1iYXNpYy1nZW4yXzcyMHAiLCJ4cHZfYXNzZXRfaWQiOjI4NzI0ODAzOTY3MTMzNDc1LCJhc3NldF9hZ2VfZGF5cyI6NTM2LCJ2aV91c2VjYXNlX2lkIjoxMDc5OSwiZHVyYXRpb25fcyI6NDUsInVybGdlbl9zb3VyY2UiOiJ3d3cifQ%3D%3D&ccb=17-1&vs=7cc0cb1e1419e527&_nc_vs=HBksFQIYRWZiX2VwaGVtZXJhbC8wQzRFNjYxQzE4MTJERUQxMDhEQzk5QUMwMkVFQzg5Nl9tdF8xX3ZpZGVvX2Rhc2hpbml0Lm1wNBUAAsgBEgAVAhg6cGFzc3Rocm91Z2hfZXZlcnN0b3JlL0dEUjdVaHlELVRkSEZEa0NBTWNxLXFhOWJ2a3FidjRHQUFBRhUCAsgBEgAoABgAGwKIB3VzZV9vaWwBMRJwcm9ncmVzc2l2ZV9yZWNpcGUBMRUAACbGnKGL08OGZhUCKAJDMywXQEaFwo9cKPYYGWRhc2hfaDI2NC1iYXNpYy1nZW4yXzcyMHARAHUAZd6oAQA&_nc_gid=n51hEh2ikBpqik5DFRkr0w&_nc_ss=7f180&_nc_zt=28&oh=00_AQDvzdFVDJEp2xJk8xH1q_-fFIjkX_Uw4q2CQrcaBibYSQ&oe=6A63030A,"['FACEBOOK', 'INSTAGRAM', 'AUDIENCE_NETWORK', 'MESSENGER', 'THREADS']",au,cw,facebook,social,2026-W29,2026-07,"FACEBOOK, INSTAGRAM, AUDIENCE_NETWORK, MESSENGER, THREADS",True,True,True,True,True,False,Brand/Category Page,True,False,False,2026-07-20,2026-01-20 08:00:00,2026-07-20 15:37:32.553203,181
2299848750504235,2436011233510184,True,2026-03-10 07:00:00,2026-07-19 07:00:00,Chemist Warehouse,Chemist Warehouse,"Want Instant Glowing, Glass Skin?",Discover the NEW L'Oréal Paris Filler Glass Skin Cream for glass skin glow in just 1 use.,Shop now,VIDEO,https://www.chemistwarehouse.com.au/shop-online/4068/loreal-paris?utm_source=facebook&utm_medium=social&utm_campaign=au_cw_coop_facebook_social_lorealaustraliaptyltd_lorealparis_665_2026_bau_dynamic&utm_term=traffic&utm_content=dynamic_cushionvid,www.chemistwarehouse.com.au,/shop-online/4068/loreal-paris,facebook,social,au_cw_coop_facebook_social_lorealaustraliaptyltd_lorealparis_665_2026_bau_dynamic,665,traffic,dynamic_cushionvid,Coop,Lorealaustraliaptyltd,Lorealparis,2026,dynamic,,,,,,"['FACEBOOK', 'INSTAGRAM', 'AUDIENCE_NETWORK', 'MESSENGER', 'THREADS']",au,cw,facebook,social,2026-W29,2026-07,"FACEBOOK, INSTAGRAM, AUDIENCE_NETWORK, MESSENGER, THREADS",True,True,True,True,True,False,Brand/Category Page,True,False,False,2026-07-20,2026-03-10 07:00:00,2026-07-20 15:37:32.553203,132
2119227422228757,1658384458652357,True,2026-02-27 08:00:00,2026-07-19 07:00:00,Chemist Warehouse,Chemist Warehouse,{{product.name}},{{product.brand}},Shop now,DCO,https://www.chemistwarehouse.com.au/buy/164220/jshealth-vita-growth-scalp-serum-50ml?utm_source=facebook&utm_medium=social&utm_campaign=au_cw_coop_facebook_social_jshealthvitamins_jshealth_81_2026_100007-bau_image&utm_term=conversion&utm_content=image_scalp-serum-2,www.chemistwarehouse.com.au,/buy/164220/jshealth-vita-growth-scalp-serum-50ml,facebook,social,au_cw_coop_facebook_social_jshealthvitamins_jshealth_81_2026_100007-bau_image,81,conversion,image_scalp-serum-2,Coop,Jshealthvitamins,Jshealth,2026,image,HAIR DENSITY + FULLNESS,JSHealth's best-selling Vita-Growth Scalp Serum has landed! With 7 clinically-backed actives for hair density + fullness.,Shop Now,https://scontent-ams2-1.xx.fbcdn.net/v/t39.35426-6/636871474_3870688103231348_219873591723255200_n.jpg?_nc_cat=104&ccb=1-7&_nc_sid=c53f8f&_nc_ohc=MeZlSYAu8gcQ7kNvwFmlP-z&_nc_oc=AdrsJep2MfW7v4uIRFn2weNqhPQKE_bCBtFUe01HN7P_YvVOedO8xBhlzEyVQklCj6M&_nc_zt=14&_nc_ht=scontent-ams2-1.xx&_nc_gid=z8Afwdn2suZnTpV9YjI7KQ&_nc_ss=7f180&oh=00_AQCgAlEQa4589FSHHYNlt1lDLjXwZ5tDUfVCayGHT8lfTw&oe=6A63180C,,"['FACEBOOK', 'INSTAGRAM', 'MESSENGER']",au,cw,facebook,social,2026-W29,2026-07,"FACEBOOK, INSTAGRAM, MESSENGER",True,True,False,True,False,False,SKU Product,True,False,False,2026-07-20,2026-02-27 08:00:00,2026-07-20 15:37:32.553203,143
934188542457963,,True,2026-02-20 08:00:00,2026-07-19 07:00:00,Chemist Warehouse,Chemist Warehouse,High-strength CoQ10 + D3 formula,Just one soft capsule a day gives you a high-strength dose of CoQ10 plus Vitamin D3 to support cardiovascular system health and energy production.,Shop now,IMAGE,https://fb.com/canvas_doc/4389054474682648,fb.com,/canvas_doc/4389054474682648,,,,,,,Not Specified,,,,,,,,,,"['FACEBOOK', 'INSTAGRAM', 'AUDIENCE_NETWORK', 'MESSENGER', 'THREADS']",,,,,2026-W29,2026-07,"FACEBOOK, INSTAGRAM, AUDIENCE_NETWORK, MESSENGER, THREADS",True,True,True,True,True,False,Internal/App Page,True,False,False,2026-07-20,2026-02-20 08:00:00,2026-07-20 15:37:32.553203,150
2533905247028237,,True,2026-03-12 07:00:00,2026-07-19 07:00:00,Chemist Warehouse,Chemist Warehouse,Infallible Cushion Foundation,"Flawless skin in seconds! L’Oréal Paris 24H Cushion Foundation, now at Chemist Warehouse. Pair it with the viral Setting Mist!",Shop now,IMAGE,https://fb.com/canvas_doc/916866217867447,fb.com,/canvas_doc/916866217867447,,,,,,,Not Specified,,,,,,,,,,"['FACEBOOK', 'INSTAGRAM', 'AUDIENCE_NETWORK', 'MESSENGER', 'THREADS']",,,,,2026-W29,2026-07,"FACEBOOK, INSTAGRAM, AUDIENCE_NETWORK, MESSENGER, THREADS",True,True,True,True,True,False,Internal/App Page,True,True,False,2026-07-20,2026-03-12 07:00:00,2026-07-20 15:37:32.553203,130
1595926124995308,702721692366380,True,2026-01-21 08:00:00,2026-07-19 07:00:00,Chemist Warehouse,Chemist Warehouse,{{product.name}},{{product.brand}},Learn more,DCO,https://www.chemistwarehouse.com.au/shop-online/2431/tooshies?utm_source=facebook&utm_medium=social&utm_campaign=au_cw_coop_facebook_social_nicepakproductsptyltd_all_20_2026_100057-bau_video-image&utm_term=traffic&utm_content=video-image_generic,www.chemistwarehouse.com.au,/shop-online/2431/tooshies,facebook,social,au_cw_coop_facebook_social_nicepakproductsptyltd_all_20_2026_100057-bau_video-image,20,traffic,video-image_generic,Coop,Nicepakproductsptyltd,All,2026,video-image,Because Nappies Need Changing,"Switch to Tooshies nappies and wipes—gentle on your baby’s skin, better for the planet. Make the change today",Learn More,,https://video-ams2-1.xx.fbcdn.net/o1/v/t2/f2/m366/AQMnPGPFbA8XWGF_-Hw6kVXozBFxSkHq6cR-oVZ6H0_h5i-bY9of_vJ_7RWskaIIaAkRddaPwHUBwSLaPk4GrCcwU4MmqfadRsyXM5Iw9t5o2A.mp4?_nc_cat=107&_nc_sid=b66105&_nc_ht=video-ams2-1.xx.fbcdn.net&_nc_ohc=PpP3bn2Q3xQQ7kNvwH_tB7I&efg=eyJ2ZW5jb2RlX3RhZyI6Inhwdl9wcm9ncmVzc2l2ZS5WSV9VU0VDQVNFX1BST0RVQ1RfVFlQRS4uQzMuNzIwLmRhc2hfaDI2NC1iYXNpYy1nZW4yXzcyMHAiLCJ4cHZfYXNzZXRfaWQiOjYyMTg2NzA2Mzg2NzIwNSwiYXNzZXRfYWdlX2RheXMiOjUzNiwidmlfdXNlY2FzZV9pZCI6MTA3OTksImR1cmF0aW9uX3MiOjE1LCJ1cmxnZW5fc291cmNlIjoid3d3In0%3D&ccb=17-1&vs=d86ed86c680397f9&_nc_vs=HBksFQIYRWZiX2VwaGVtZXJhbC9EMDRDODRBNjZENTMzMThDNkYzMkM3M0ExNDM0N0VCRl9tdF8xX3ZpZGVvX2Rhc2hpbml0Lm1wNBUAAsgBEgAVAhg6cGFzc3Rocm91Z2hfZXZlcnN0b3JlL0dER3RUeHhaSDNpMXFHRURBTDRZblY3X2RpdEhidjRHQUFBRhUCAsgBEgAoABgAGwKIB3VzZV9vaWwBMRJwcm9ncmVzc2l2ZV9yZWNpcGUBMRUAACaK3YPXtuWaAhUCKAJDMywXQC4HrhR64UgYGWRhc2hfaDI2NC1iYXNpYy1nZW4yXzcyMHARAHUAZd6oAQA&_nc_gid=n51hEh2ikBpqik5DFRkr0w&_nc_ss=7f180&_nc_zt=28&oh=00_AQBju0ppHxasclW6Ush2rjfcSxVaLRWFFXoT6Nrs17nG9w&oe=6A630D15,"['FACEBOOK', 'INSTAGRAM', 'AUDIENCE_NETWORK', 'MESSENGER', 'THREADS']",au,cw,facebook,social,2026-W29,2026-07,"FACEBOOK, INSTAGRAM, AUDIENCE_NETWORK, MESSENGER, THREADS",True,True,True,True,True,False,Brand/Category Page,True,False,False,2026-07-20,2026-01-21 08:00:00,2026-07-20 15:37:32.553203,180
1515281609575759,1052620172975379,True,2026-01-22 08:00:00,2026-07-19 07:00:00,Chemist Warehouse,Chemist Warehouse,{{product.name}},{{product.brand}},Learn more,DCO,https://www.chemistwarehouse.com.au/shop-online/2431/tooshies?utm_source=facebook&utm_medium=social&utm_campaign=au_cw_coop_facebook_social_nicepakproductsptyltd_all_20_2026_100057-bau_video-image&utm_term=traffic&utm_content=video-image_generic,www.chemistwarehouse.com.au,/shop-online/2431/tooshies,facebook,social,au_cw_coop_facebook_social_nicepakproductsptyltd_all_20_2026_100057-bau_video-image,20,traffic,video-image_generic,Coop,Nicepakproductsptyltd,All,2026,video-image,Because Nappies Need Changing,"Switch to Tooshies nappies and wipes—gentle on your baby’s skin, better for the planet. Make the change today",Learn More,,https://video-ams2-1.xx.fbcdn.net/o1/v/t2/f2/m366/AQNU4mdzsPFf31ysQLTqu3sBnIvpuGrR7XYMhOn1cUoqep70k2tiSXvP1slILav3RZY-Y2S9wzz7tzy2oLxEPlREZklbRqCwdVyJiF8p7yHv8A.mp4?_nc_cat=103&_nc_sid=b66105&_nc_ht=video-ams2-1.xx.fbcdn.net&_nc_ohc=A7or6Wevu4cQ7kNvwFS8n0r&efg=eyJ2ZW5jb2RlX3RhZyI6Inhwdl9wcm9ncmVzc2l2ZS5WSV9VU0VDQVNFX1BST0RVQ1RfVFlQRS4uQzMuNzIwLmRhc2hfaDI2NC1iYXNpYy1nZW4yXzcyMHAiLCJ4cHZfYXNzZXRfaWQiOjMyNDYzMDg0NDU1MDg5OTIsImFzc2V0X2FnZV9kYXlzIjo1MzYsInZpX3VzZWNhc2VfaWQiOjEwNzk5LCJkdXJhdGlvbl9zIjo2LCJ1cmxnZW5fc291cmNlIjoid3d3In0%3D&ccb=17-1&vs=8598f7b0ce1be6a4&_nc_vs=HBksFQIYRWZiX2VwaGVtZXJhbC80RTQ0N0MyRjEzMjNCMUJEMzgyNTc4MjI0NEJFNURBQV9tdF8xX3ZpZGVvX2Rhc2hpbml0Lm1wNBUAAsgBEgAVAhg6cGFzc3Rocm91Z2hfZXZlcnN0b3JlL0dGY01WUndiS19jakJoOENBSnRDNmctbW1Qd1VidjRHQUFBRhUCAsgBEgAoABgAGwKIB3VzZV9vaWwBMRJwcm9ncmVzc2l2ZV9yZWNpcGUBMRUAACaA1s7bgqDECxUCKAJDMywXQBgGJN0vGqAYGWRhc2hfaDI2NC1iYXNpYy1nZW4yXzcyMHARAHUAZd6oAQA&_nc_gid=n51hEh2ikBpqik5DFRkr0w&_nc_ss=7f180&_nc_zt=28&oh=00_AQB4C1UspR_J5TYuEZdl0ewqkMHm-_dJ1EUfZ6Jzh0Ixqw&oe=6A63130D,"['FACEBOOK', 'INSTAGRAM', 'AUDIENCE_NETWORK', 'MESSENGER', 'THREADS']",au,cw,facebook,social,2026-W29,2026-07,"FACEBOOK, INSTAGRAM, AUDIENCE_NETWORK, MESSENGER, THREADS",True,True,True,True,True,False,Brand/Category Page,True,False,False,2026-07-20,2026-01-22 08:00:00,2026-07-20 15:37:32.553203,179
859594916677210,,True,2026-01-12 08:00:00,2026-07-19 07:00:00,Chemist Warehouse,Chemist Warehouse,Shop Swisse at Chemist Warehouse,Daily support to help maintain energy and wellbeing with Swisse Multivitamins,Learn more,IMAGE,https://fb.com/canvas_doc/1374054934452725,fb.com,/canvas_doc/1374054934452725,,,,,,,Not Specified,,,,,,,,,,"['FACEBOOK', 'INSTAGRAM', 'AUDIENCE_NETWORK', 'MESSENGER', 'THREADS']",,,,,2026-W29,2026-07,"FACEBOOK, INSTAGRAM, AUDIENCE_NETWORK, MESSENGER, THREADS",True,True,True,True,True,False,Internal/App Page,True,True,False,2026-07-20,2026-01-12 08:00:00,2026-07-20 15:37:32.553203,189
1238822944853291,,True,2026-01-29 08:00:00,2026-07-19 07:00:00,Chemist Warehouse,Chemist Warehouse,{{product.price strip_zeros}} {{product.name}},Shop the Aveeno range online today at Chemist Warehouse,Shop now,DPA,http://www.chemistwarehouse.com.au/,www.chemistwarehouse.com.au,/,,,,,,,Not Specified,,,,,A$19.50 Aveeno Oat Milk Blend Moisturising Shampoo for Dry & Damaged Hair 354mL,Shop the Aveeno range online today at Chemist Warehouse,Shop Now,https://scontent-ams2-1.xx.fbcdn.net/v/t39.35426-6/622125324_918947857464579_6158617469390783704_n.jpg?_nc_cat=110&ccb=1-7&_nc_sid=c53f8f&_nc_ohc=JcUxencY3sUQ7kNvwHpwp-1&_nc_oc=AdoNPMsRcUdMq8o1nfHG4LisKpqUiAieWEuXR4z-i8G7KFbu8OYIY1uusFT5dxlta_g&_nc_zt=14&_nc_ht=scontent-ams2-1.xx&_nc_gid=z8Afwdn2suZnTpV9YjI7KQ&_nc_ss=7f180&oh=00_AQB0UFMn0YpuhOqOV5Edavvx3PhrBIw3ELMwYdzGi6oRrw&oe=6A631938,,"['FACEBOOK', 'INSTAGRAM', 'AUDIENCE_NETWORK', 'MESSENGER', 'THREADS']",,,,,2026-W29,2026-07,"FACEBOOK, INSTAGRAM, AUDIENCE_NETWORK, MESSENGER, THREADS",True,True,True,True,True,False,Homepage,True,True,False,2026-07-20,2026-01-29 08:00:00,2026-07-20 15:37:32.553203,172
871337691965545,,True,2026-01-02 08:00:00,2026-07-19 07:00:00,Chemist Warehouse,Chemist Warehouse,Blackmores Immune Health Range,Shop Australia's #1 Vitamins and Supplements brand*,Learn more,IMAGE,https://fb.com/canvas_doc/956821450845191,fb.com,/canvas_doc/956821450845191,,,,,,,Not Specified,,,,,,,,,,"['FACEBOOK', 'INSTAGRAM', 'MESSENGER', 'THREADS']",,,,,2026-W29,2026-07,"FACEBOOK, INSTAGRAM, MESSENGER, THREADS",True,True,False,True,True,False,Internal/App Page,True,False,False,2026-07-20,2026-01-02 08:00:00,2026-07-20 15:37:32.553203,199
25646835428334422,,True,2026-01-01 08:00:00,2026-07-19 07:00:00,Chemist Warehouse,Chemist Warehouse,Blackmores Lyprinol®,"Blackmores Lyprinol® reduces symptoms of mild osteoarthritis, relieves inflammation and help maintain general health and wellbeing.",Learn more,IMAGE,https://fb.com/canvas_doc/25343540581983926,fb.com,/canvas_doc/25343540581983926,,,,,,,Not Specified,,,,,,,,,,"['FACEBOOK', 'INSTAGRAM', 'MESSENGER', 'THREADS']",,,,,2026-W29,2026-07,"FACEBOOK, INSTAGRAM, MESSENGER, THREADS",True,True,False,True,True,False,Internal/App Page,True,False,False,2026-07-20,2026-01-01 08:00:00,2026-07-20 15:37:32.553203,200
1581333002878918,,True,2026-01-01 08:00:00,2026-07-18 07:00:00,Chemist Warehouse,Chemist Warehouse,Blackmores Vision Care Range,Shop Australia's #1 Vitamins and Supplements brand*,Learn more,IMAGE,https://fb.com/canvas_doc/1355654902524240,fb.com,/canvas_doc/1355654902524240,,,,,,,Not Specified,,,,,,,,,,"['FACEBOOK', 'INSTAGRAM', 'MESSENGER', 'THREADS']",,,,,2026-W29,2026-07,"FACEBOOK, INSTAGRAM, MESSENGER, THREADS",True,True,False,True,True,False,Internal/App Page,True,False,False,2026-07-20,2026-01-01 08:00:00,2026-07-20 15:37:32.553203,200
1588495568996782,,True,2026-01-02 08:00:00,2026-07-19 07:00:00,Chemist Warehouse,Chemist Warehouse,Blackmores Lyprinol®,"Blackmores Lyprinol® reduces symptoms of mild osteoarthritis, relieves inflammation and help maintain general health and wellbeing.",Learn more,IMAGE,https://fb.com/canvas_doc/1493014855119929,fb.com,/canvas_doc/1493014855119929,,,,,,,Not Specified,,,,,,,,,,"['FACEBOOK', 'INSTAGRAM', 'AUDIENCE_NETWORK', 'MESSENGER', 'THREADS']",,,,,2026-W29,2026-07,"FACEBOOK, INSTAGRAM, AUDIENCE_NETWORK, MESSENGER, THREADS",True,True,True,True,True,False,Internal/App Page,True,False,False,2026-07-20,2026-01-02 08:00:00,2026-07-20 15:37:32.553203,199
868317339577193,,True,2026-02-24 08:00:00,2026-07-18 07:00:00,Chemist Warehouse,Chemist Warehouse,High-strength CoQ10 + D3 formula,Just one soft capsule a day gives you a high-strength dose of CoQ10 plus Vitamin D3 to support cardiovascular system health and energy production.,Shop now,IMAGE,https://fb.com/canvas_doc/4389054474682648,fb.com,/canvas_doc/4389054474682648,,,,,,,Not Specified,,,,,,,,,,"['FACEBOOK', 'INSTAGRAM', 'AUDIENCE_NETWORK', 'MESSENGER', 'THREADS']",,,,,2026-W29,2026-07,"FACEBOOK, INSTAGRAM, AUDIENCE_NETWORK, MESSENGER, THREADS",True,True,True,True,True,False,Internal/App Page,True,False,False,2026-07-20,2026-02-24 08:00:00,2026-07-20 15:37:32.553203,146
4401383553477543,1183298073174377,True,2026-01-21 08:00:00,2026-07-19 07:00:00,Chemist Warehouse,Chemist Warehouse,Raw Super Digestive - Hyper Effective,Super Digestive - Hyper Effective Protein. Certified Organic. Low FODMAP Certified. 100% Real. 100% Clean.,Learn more,VIDEO,https://www.chemistwarehouse.com.au/shop-online/2646/amazonia-raw?utm_source=facebook&utm_medium=social&utm_campaign=au_cw_coop_facebook_social_amazoniagroup_amazonia_1255_2026_bau_dynamic&utm_term=traffic&utm_content=video-instore,www.chemistwarehouse.com.au,/shop-online/2646/amazonia-raw,facebook,social,au_cw_coop_facebook_social_amazoniagroup_amazonia_1255_2026_bau_dynamic,1255,traffic,video-instore,Coop,Amazoniagroup,Amazonia,2026,dynamic,,,,,,"['FACEBOOK', 'INSTAGRAM', 'MESSENGER']",au,cw,facebook,social,2026-W29,2026-07,"FACEBOOK, INSTAGRAM, MESSENGER",True,True,False,True,False,False,Brand/Category Page,True,False,False,2026-07-20,2026-01-21 08:00:00,2026-07-20 15:37:32.553203,180
772527935909596,4091007604518657,True,2026-01-21 08:00:00,2026-07-19 07:00:00,Chemist Warehouse,Chemist Warehouse,{{product.name}},{{product.brand}},Learn more,DCO,https://www.chemistwarehouse.com.au/shop-online/2431/tooshies?utm_source=facebook&utm_medium=social&utm_campaign=au_cw_coop_facebook_social_nicepakproductsptyltd_all_20_2026_100057-bau_video-image&utm_term=traffic&utm_content=video-image_generic,www.chemistwarehouse.com.au,/shop-online/2431/tooshies,facebook,social,au_cw_coop_facebook_social_nicepakproductsptyltd_all_20_2026_100057-bau_video-image,20,traffic,video-image_generic,Coop,Nicepakproductsptyltd,All,2026,video-image,Because Nappies Need Changing,"Switch to Tooshies nappies and wipes—gentle on your baby’s skin, better for the planet. Make the change today",Learn More,,https://video-ams2-1.xx.fbcdn.net/o1/v/t2/f2/m366/AQPkQ4skrKPb9BAJhdSO7QBUXZcuO1fzVJXaNLMU_CYTtJN-ptpisehGSHiSHQJT9jxSiHbJu1rGm2ZEZEIPhST9Swhr5v1MbpAh5Fe80Y5lKg.mp4?_nc_cat=110&_nc_sid=b66105&_nc_ht=video-ams2-1.xx.fbcdn.net&_nc_ohc=42Au9-NvArEQ7kNvwG7Q3vS&efg=eyJ2ZW5jb2RlX3RhZyI6Inhwdl9wcm9ncmVzc2l2ZS5WSV9VU0VDQVNFX1BST0RVQ1RfVFlQRS4uQzMuNzIwLmRhc2hfaDI2NC1iYXNpYy1nZW4yXzcyMHAiLCJ4cHZfYXNzZXRfaWQiOjExNDc4Mzk5NjM2NTgwMTcsImFzc2V0X2FnZV9kYXlzIjo1MzYsInZpX3VzZWNhc2VfaWQiOjEwNzk5LCJkdXJhdGlvbl9zIjo0NywidXJsZ2VuX3NvdXJjZSI6Ind3dyJ9&ccb=17-1&vs=2639d42938b3d606&_nc_vs=HBksFQIYRWZiX2VwaGVtZXJhbC83OTQ2RjNCOTg0NDA5RkFENUU4Qjc4NUI3Qjc0MjdCM19tdF8xX3ZpZGVvX2Rhc2hpbml0Lm1wNBUAAsgBEgAVAhg6cGFzc3Rocm91Z2hfZXZlcnN0b3JlL0dPUVFWUnphZU1IVmlDc0NBSWVHMm1Nem5hc25idjRHQUFBRhUCAsgBEgAoABgAGwKIB3VzZV9vaWwBMRJwcm9ncmVzc2l2ZV9yZWNpcGUBMRUAACbC3NeUiv2JBBUCKAJDMywXQEego9cKPXEYGWRhc2hfaDI2NC1iYXNpYy1nZW4yXzcyMHARAHUAZd6oAQA&_nc_gid=n51hEh2ikBpqik5DFRkr0w&_nc_ss=7f180&_nc_zt=28&oh=00_AQBPfI_Xw28XJ-cHq5OkFcb1_Dj1LmN-kaxIU2yZiUSnbg&oe=6A631D82,"['FACEBOOK', 'INSTAGRAM', 'AUDIENCE_NETWORK', 'MESSENGER', 'THREADS']",au,cw,facebook,social,2026-W29,2026-07,"FACEBOOK, INSTAGRAM, AUDIENCE_NETWORK, MESSENGER, THREADS",True,True,True,True,True,False,Brand/Category Page,True,False,False,2026-07-20,2026-01-21 08:00:00,2026-07-20 15:37:32.553203,180
1158459276450701,1183000683512686,True,2026-01-01 08:00:00,2026-07-19 07:00:00,Chemist Warehouse,Chemist Warehouse,{{product.name}},{{product.brand}},Learn more,DCO,https://www.chemistwarehouse.com.au/shop-online/5613/gaia?utm_source=facebook&utm_medium=social&utm_campaign=au_cw_coop_facebook_social_nicepakproductsptyltd_all_20_2026_100057-bau_video-image&utm_term=traffic&utm_content=video-image_generic,www.chemistwarehouse.com.au,/shop-online/5613/gaia,facebook,social,au_cw_coop_facebook_social_nicepakproductsptyltd_all_20_2026_100057-bau_video-image,20,traffic,video-image_generic,Coop,Nicepakproductsptyltd,All,2026,video-image,Nurture your baby’s skin naturally,"Give your baby the purest care with GAIA. Organic ingredients for sensitive skin, providing gentle protection every day. 
'Participant incentivised review’",Learn More,,https://video-ams2-1.xx.fbcdn.net/o1/v/t2/f2/m366/AQNscNAW4aDyDoFcBSXODk2l9A3Db0sTCD9VlZc7AcAqfT9QyMbF3aU3NbQ5VqM17AUD54kUrDNpQ9BczQTJxOpNxfz7Cugkzs6IIubGBxaJoA.mp4?_nc_cat=108&_nc_sid=b66105&_nc_ht=video-ams2-1.xx.fbcdn.net&_nc_ohc=3q-KnTiufdMQ7kNvwF5GbKc&efg=eyJ2ZW5jb2RlX3RhZyI6Inhwdl9wcm9ncmVzc2l2ZS5WSV9VU0VDQVNFX1BST0RVQ1RfVFlQRS4uQzMuNzIwLmRhc2hfaDI2NC1iYXNpYy1nZW4yXzcyMHAiLCJ4cHZfYXNzZXRfaWQiOjQ4Mjk4MzAwODE4MjM1MSwiYXNzZXRfYWdlX2RheXMiOjUzNiwidmlfdXNlY2FzZV9pZCI6MTA3OTksImR1cmF0aW9uX3MiOjM0LCJ1cmxnZW5fc291cmNlIjoid3d3In0%3D&ccb=17-1&vs=9e33b51b899a6e4a&_nc_vs=HBksFQIYRWZiX2VwaGVtZXJhbC8wQTQyRTA4QTUwOEVBMkQ5Q0VEOTNGNjkyNzEzOTNCQV9tdF8xX3ZpZGVvX2Rhc2hpbml0Lm1wNBUAAsgBEgAVAhg6cGFzc3Rocm91Z2hfZXZlcnN0b3JlL0dJN1BXQnc4UVNBYWk3WUVBTHFzb0M3V05scFpidjRHQUFBRhUCAsgBEgAoABgAGwKIB3VzZV9vaWwBMRJwcm9ncmVzc2l2ZV9yZWNpcGUBMRUAACaegZXqp9HbARUCKAJDMywXQEEmZmZmZmYYGWRhc2hfaDI2NC1iYXNpYy1nZW4yXzcyMHARAHUAZd6oAQA&_nc_gid=n51hEh2ikBpqik5DFRkr0w&_nc_ss=7f180&_nc_zt=28&oh=00_AQBriKoxZQCFbUwSno8oQcj_KrDsP9XBMhCqkSHVPkyE1w&oe=6A630898,"['FACEBOOK', 'INSTAGRAM', 'AUDIENCE_NETWORK', 'MESSENGER', 'THREADS']",au,cw,facebook,social,2026-W29,2026-07,"FACEBOOK, INSTAGRAM, AUDIENCE_NETWORK, MESSENGER, THREADS",True,True,True,True,True,False,Brand/Category Page,True,False,False,2026-07-20,2026-01-01 08:00:00,2026-07-20 15:37:32.553203,200
820900020950480,,True,2026-01-01 08:00:00,2026-07-18 07:00:00,Chemist Warehouse,Chemist Warehouse,Blackmores Vision Care Range,Shop Australia's #1 Vitamins and Supplements brand*,Learn more,IMAGE,https://fb.com/canvas_doc/2129285637880640,fb.com,/canvas_doc/2129285637880640,,,,,,,Not Specified,,,,,,,,,,"['FACEBOOK', 'INSTAGRAM', 'AUDIENCE_NETWORK', 'MESSENGER', 'THREADS']",,,,,2026-W29,2026-07,"FACEBOOK, INSTAGRAM, AUDIENCE_NETWORK, MESSENGER, THREADS",True,True,True,True,True,False,Internal/App Page,True,False,False,2026-07-20,2026-01-01 08:00:00,2026-07-20 15:37:32.553203,200
1204965607739347,837061565823342,True,2026-01-01 08:00:00,2026-07-19 07:00:00,Chemist Warehouse,Chemist Warehouse,{{product.name}},{{product.brand}},Learn more,DCO,https://www.chemistwarehouse.com.au/shop-online/5613/gaia?utm_source=facebook&utm_medium=social&utm_campaign=au_cw_coop_facebook_social_nicepakproductsptyltd_all_20_2026_100057-bau_video-image&utm_term=traffic&utm_content=video-image_generic,www.chemistwarehouse.com.au,/shop-online/5613/gaia,facebook,social,au_cw_coop_facebook_social_nicepakproductsptyltd_all_20_2026_100057-bau_video-image,20,traffic,video-image_generic,Coop,Nicepakproductsptyltd,All,2026,video-image,Nurture your baby’s skin naturally,"Give your baby the purest care with GAIA. Organic ingredients for sensitive skin, providing gentle protection every day. 
'Participant incentivised review’",Learn More,,https://video-ams2-1.xx.fbcdn.net/o1/v/t2/f2/m366/AQMV07qOc4oYIsbpkSt6DLdw1zGNtQ8z03b4VBp7MgT1yLbB2IFnFhmXvR-Q_hn6tMv57xX-6i2XExohUWzXLZco7T3XBInZbKhbGPxn6DX5mQ.mp4?_nc_cat=105&_nc_sid=b66105&_nc_ht=video-ams2-1.xx.fbcdn.net&_nc_ohc=Gp6W3C_8rCoQ7kNvwF13d0R&efg=eyJ2ZW5jb2RlX3RhZyI6Inhwdl9wcm9ncmVzc2l2ZS5WSV9VU0VDQVNFX1BST0RVQ1RfVFlQRS4uQzMuNzIwLmRhc2hfaDI2NC1iYXNpYy1nZW4yXzcyMHAiLCJ4cHZfYXNzZXRfaWQiOjEyNzYwMzg3MTY5ODU4MTcsImFzc2V0X2FnZV9kYXlzIjo1MzYsInZpX3VzZWNhc2VfaWQiOjEwNzk5LCJkdXJhdGlvbl9zIjo0NCwidXJsZ2VuX3NvdXJjZSI6Ind3dyJ9&ccb=17-1&vs=169c40ff6dbae388&_nc_vs=HBksFQIYRWZiX2VwaGVtZXJhbC9DNjQ2MkZGRDk5RDY0N0VEQ0MxNkIxRThGRERBMTNCQl9tdF8xX3ZpZGVvX2Rhc2hpbml0Lm1wNBUAAsgBEgAVAhg0ZmJfcGVybWFuZW50LzkwMjQ5NDQzNTA5NTgyN181NzA4NTgwNjU5MzI0ODk2MDI3Lm1wNBUCAsgBEgAoABgAGwKIB3VzZV9vaWwBMRJwcm9ncmVzc2l2ZV9yZWNpcGUBMRUAACayx5CnnaPEBBUCKAJDMywXQEYd0vGp--cYGWRhc2hfaDI2NC1iYXNpYy1nZW4yXzcyMHARAHUAZd6oAQA&_nc_gid=n51hEh2ikBpqik5DFRkr0w&_nc_ss=7f180&_nc_zt=28&oh=00_AQBrcfJjEMWUMFdy5n1LKrb9UROxdKbCTCAaxFP1hRhHdQ&oe=6A63244F,"['FACEBOOK', 'INSTAGRAM', 'AUDIENCE_NETWORK', 'MESSENGER', 'THREADS']",au,cw,facebook,social,2026-W29,2026-07,"FACEBOOK, INSTAGRAM, AUDIENCE_NETWORK, MESSENGER, THREADS",True,True,True,True,True,False,Brand/Category Page,True,False,False,2026-07-20,2026-01-01 08:00:00,2026-07-20 15:37:32.553203,200
1445487163678352,,True,2026-01-01 08:00:00,2026-07-19 07:00:00,Chemist Warehouse,Chemist Warehouse,Blackmores Immune Health Range,Shop Australia's #1 Vitamins and Supplements brand*,Learn more,IMAGE,https://fb.com/canvas_doc/25377271991956892,fb.com,/canvas_doc/25377271991956892,,,,,,,Not Specified,,,,,,,,,,"['FACEBOOK', 'INSTAGRAM', 'AUDIENCE_NETWORK', 'MESSENGER', 'THREADS']",,,,,2026-W29,2026-07,"FACEBOOK, INSTAGRAM, AUDIENCE_NETWORK, MESSENGER, THREADS",True,True,True,True,True,False,Internal/App Page,True,False,False,2026-07-20,2026-01-01 08:00:00,2026-07-20 15:37:32.553203,200
1570726920723686,694850816771297,True,2026-01-01 08:00:00,2026-07-19 07:00:00,Chemist Warehouse,Chemist Warehouse,{{product.name}},{{product.brand}},Learn more,DCO,https://www.chemistwarehouse.com.au/shop-online/5613/gaia?utm_source=facebook&utm_medium=social&utm_campaign=au_cw_coop_facebook_social_nicepakproductsptyltd_all_20_2026_100057-bau_video-image&utm_term=traffic&utm_content=video-image_generic,www.chemistwarehouse.com.au,/shop-online/5613/gaia,facebook,social,au_cw_coop_facebook_social_nicepakproductsptyltd_all_20_2026_100057-bau_video-image,20,traffic,video-image_generic,Coop,Nicepakproductsptyltd,All,2026,video-image,Nurture your baby’s skin naturally,"Give your baby the purest care with GAIA. Organic ingredients for sensitive skin, providing gentle protection every day. 
'Participant incentivised review’",Learn More,,https://video-ams2-1.xx.fbcdn.net/o1/v/t2/f2/m366/AQO1daBzVDZQdchbOSHp_qb2ip14KJ9YKlOXdWNoG12tH8DNM1T-DvZJMkXs_1-LtUL6MIsi642DPxHwk9qziv76Tdp8SeA8DUutJ1jLr1Puzw.mp4?_nc_cat=107&_nc_sid=b66105&_nc_ht=video-ams2-1.xx.fbcdn.net&_nc_ohc=FuFJi-HGWVAQ7kNvwFgV5fi&efg=eyJ2ZW5jb2RlX3RhZyI6Inhwdl9wcm9ncmVzc2l2ZS5WSV9VU0VDQVNFX1BST0RVQ1RfVFlQRS4uQzMuNzIwLmRhc2hfaDI2NC1iYXNpYy1nZW4yXzcyMHAiLCJ4cHZfYXNzZXRfaWQiOjUwMTg3MjYwNjI3MjMzMSwiYXNzZXRfYWdlX2RheXMiOjUzNiwidmlfdXNlY2FzZV9pZCI6MTA3OTksImR1cmF0aW9uX3MiOjIyLCJ1cmxnZW5fc291cmNlIjoid3d3In0%3D&ccb=17-1&vs=f095f7483d1c4df3&_nc_vs=HBkcFQIYRWZiX2VwaGVtZXJhbC8zMTQwRjc4RDMxMkMwMDUwQTE1Mjc5MTlBNEVCNzRBNV9tdF8xX3ZpZGVvX2Rhc2hpbml0Lm1wNBUAAsgBEgAoABgAGwKIB3VzZV9vaWwBMRJwcm9ncmVzc2l2ZV9yZWNpcGUBMRUAACaW7dqm6pzkARUCKAJDMywXQDaiDEm6XjUYGWRhc2hfaDI2NC1iYXNpYy1nZW4yXzcyMHARAHUAZd6oAQA&_nc_gid=n51hEh2ikBpqik5DFRkr0w&_nc_ss=7f180&_nc_zt=28&oh=00_AQDkxj6k6gUivqEc14DkWSXPjc2_9T6jwzkWtHYhxYUziA&oe=6A6328C5,"['FACEBOOK', 'INSTAGRAM', 'AUDIENCE_NETWORK', 'MESSENGER', 'THREADS']",au,cw,facebook,social,2026-W29,2026-07,"FACEBOOK, INSTAGRAM, AUDIENCE_NETWORK, MESSENGER, THREADS",True,True,True,True,True,False,Brand/Category Page,True,False,False,2026-07-20,2026-01-01 08:00:00,2026-07-20 15:37:32.553203,200
1310361524225131,1438786653760516,True,2026-01-04 08:00:00,2026-07-19 07:00:00,Chemist Warehouse,Chemist Warehouse,Nutritionally support memory,Souvenaid slows memory & cognitive decline by 60% in an early stage of Alzheimer's disease when taken daily for 3 years.,Learn more,IMAGE,https://fb.com/canvas_doc/1898032997589934,fb.com,/canvas_doc/1898032997589934,,,,,,,Not Specified,,,,,,,,,,"['FACEBOOK', 'INSTAGRAM']",,,,,2026-W29,2026-07,"FACEBOOK, INSTAGRAM",True,True,False,False,False,False,Internal/App Page,True,False,False,2026-07-20,2026-01-04 08:00:00,2026-07-20 15:37:32.553203,197
1252003253556500,1276613001031929,True,2026-02-19 08:00:00,2026-07-19 07:00:00,Chemist Warehouse,Chemist Warehouse,New Omega Platinum,"Meet Blackmores NEW Omega Platinum range — our highest-strength omega-3, now also available in a mini capsule.",Shop now,VIDEO,https://fb.com/canvas_doc/1612214066789433,fb.com,/canvas_doc/1612214066789433,,,,,,,Not Specified,,,,,,,,,,"['FACEBOOK', 'INSTAGRAM', 'AUDIENCE_NETWORK', 'MESSENGER', 'THREADS']",,,,,2026-W29,2026-07,"FACEBOOK, INSTAGRAM, AUDIENCE_NETWORK, MESSENGER, THREADS",True,True,True,True,True,False,Internal/App Page,True,False,False,2026-07-20,2026-02-19 08:00:00,2026-07-20 15:37:32.553203,151
1404395371305720,1528963841668670,True,2026-01-04 08:00:00,2026-07-19 07:00:00,Chemist Warehouse,Chemist Warehouse,{{product.name}},{{product.brand}},Shop now,DCO,https://www.chemistwarehouse.com.au/search?query=egmont&contexts=default&utm_source=facebook&utm_medium=social&utm_campaign=au_cw_coop_facebook_social_egmonthoneyaustraliaptyltd_egmonthoney_81_2026_100022-bau_image&utm_term=conversion&utm_content=image_image-4,www.chemistwarehouse.com.au,/search,facebook,social,au_cw_coop_facebook_social_egmonthoneyaustraliaptyltd_egmonthoney_81_2026_100022-bau_image,81,conversion,image_image-4,Coop,Egmonthoneyaustraliaptyltd,Egmonthoney,2026,image,"Premium, Authentic NZ Mānuka Honey.","Certified Mānuka honey from New Zealand, carefully crafted and available at Chemist Warehouse.",Shop Now,https://scontent-ams2-1.xx.fbcdn.net/v/t39.35426-6/603954481_1443334177494863_8329341312183529893_n.jpg?_nc_cat=111&ccb=1-7&_nc_sid=c53f8f&_nc_ohc=-vY2U_1IQZ4Q7kNvwHc4t8L&_nc_oc=AdrQBYQuZhpHEg4hFETJ_oyKkr3-e8iJ6g2AEzVFtYuaaXHCzV_Jgl4htWmb9Fd-Cos&_nc_zt=14&_nc_ht=scontent-ams2-1.xx&_nc_gid=n51hEh2ikBpqik5DFRkr0w&_nc_ss=7f180&oh=00_AQDxFO9YuoEP2pZCxy7RdCezb1kDsaJOTeMXRkf-VNpn_w&oe=6A631584,,"['FACEBOOK', 'INSTAGRAM', 'AUDIENCE_NETWORK', 'MESSENGER', 'THREADS']",au,cw,facebook,social,2026-W29,2026-07,"FACEBOOK, INSTAGRAM, AUDIENCE_NETWORK, MESSENGER, THREADS",True,True,True,True,True,False,Search Page,True,False,False,2026-07-20,2026-01-04 08:00:00,2026-07-20 15:37:32.553203,197
718043647729833,777841428658445,True,2026-01-04 08:00:00,2026-07-18 07:00:00,Chemist Warehouse,Chemist Warehouse,{{product.name}},{{product.brand}},Shop now,DCO,https://www.chemistwarehouse.com.au/search?query=egmont&contexts=default&utm_source=facebook&utm_medium=social&utm_campaign=au_cw_coop_facebook_social_egmonthoneyaustraliaptyltd_egmonthoney_81_2026_100022-bau_image&utm_term=conversion&utm_content=image_image-8,www.chemistwarehouse.com.au,/search,facebook,social,au_cw_coop_facebook_social_egmonthoneyaustraliaptyltd_egmonthoney_81_2026_100022-bau_image,81,conversion,image_image-8,Coop,Egmonthoneyaustraliaptyltd,Egmonthoney,2026,image,"Premium, Authentic NZ Mānuka Honey.","Certified Mānuka honey from New Zealand, carefully crafted and available at Chemist Warehouse.",Shop Now,https://scontent-ams2-1.xx.fbcdn.net/v/t39.35426-6/606120098_882953274430761_8971257578831367727_n.jpg?_nc_cat=105&ccb=1-7&_nc_sid=c53f8f&_nc_ohc=y1y4N4mAl6IQ7kNvwGmiB4L&_nc_oc=AdpokKGL6tyOC9S7VGkc6eDv2r4hoMR0S2JoBdb0DvAIrq8Dew107O7oK1Jh29xK_6Y&_nc_zt=14&_nc_ht=scontent-ams2-1.xx&_nc_gid=n51hEh2ikBpqik5DFRkr0w&_nc_ss=7f180&oh=00_AQDv7F_kJc4EXY7RQQGUMgMRhzQeZ_fssL6PWXAMuLv99A&oe=6A63008B,,"['FACEBOOK', 'INSTAGRAM', 'AUDIENCE_NETWORK', 'MESSENGER', 'THREADS']",au,cw,facebook,social,2026-W29,2026-07,"FACEBOOK, INSTAGRAM, AUDIENCE_NETWORK, MESSENGER, THREADS",True,True,True,True,True,False,Search Page,True,False,False,2026-07-20,2026-01-04 08:00:00,2026-07-20 15:37:32.553203,197
1713028696283969,1394160935455248,True,2026-01-04 08:00:00,2026-07-19 07:00:00,Chemist Warehouse,Chemist Warehouse,{{product.name}},{{product.brand}},Shop now,DCO,https://www.chemistwarehouse.com.au/search?query=egmont&contexts=default&utm_source=facebook&utm_medium=social&utm_campaign=au_cw_coop_facebook_social_egmonthoneyaustraliaptyltd_egmonthoney_81_2026_100022-bau_image&utm_term=conversion&utm_content=image_image-7,www.chemistwarehouse.com.au,/search,facebook,social,au_cw_coop_facebook_social_egmonthoneyaustraliaptyltd_egmonthoney_81_2026_100022-bau_image,81,conversion,image_image-7,Coop,Egmonthoneyaustraliaptyltd,Egmonthoney,2026,image,"Premium, Authentic NZ Mānuka Honey.","Certified Mānuka honey from New Zealand, carefully crafted and available at Chemist Warehouse.",Shop Now,https://scontent-ams2-1.xx.fbcdn.net/v/t39.35426-6/605717572_2092929168190137_2327307420111152391_n.jpg?_nc_cat=102&ccb=1-7&_nc_sid=c53f8f&_nc_ohc=a7ULNJ9ytPwQ7kNvwED5mz2&_nc_oc=AdpVCSODVgbrPbkYdXcGoSUy_bMlaGSzMhEYxG6nyCl006Rqusx4QRYJdlWWQpoCN4M&_nc_zt=14&_nc_ht=scontent-ams2-1.xx&_nc_gid=n51hEh2ikBpqik5DFRkr0w&_nc_ss=7f180&oh=00_AQCwUoF5i9hXoeMsJKCeEXZv58fuMB-FaC3FqfmeF3h56g&oe=6A63290B,,"['FACEBOOK', 'INSTAGRAM', 'AUDIENCE_NETWORK', 'MESSENGER', 'THREADS']",au,cw,facebook,social,2026-W29,2026-07,"FACEBOOK, INSTAGRAM, AUDIENCE_NETWORK, MESSENGER, THREADS",True,True,True,True,True,False,Search Page,True,False,False,2026-07-20,2026-01-04 08:00:00,2026-07-20 15:37:32.553203,197
2559869087729638,1344457607361789,True,2026-01-04 08:00:00,2026-07-19 07:00:00,Chemist Warehouse,Chemist Warehouse,{{product.name}},{{product.brand}},Shop now,DCO,https://www.chemistwarehouse.com.au/search?query=egmont&contexts=default&utm_source=facebook&utm_medium=social&utm_campaign=au_cw_coop_facebook_social_egmonthoneyaustraliaptyltd_egmonthoney_81_2026_100022-bau_image&utm_term=conversion&utm_content=image_image-9,www.chemistwarehouse.com.au,/search,facebook,social,au_cw_coop_facebook_social_egmonthoneyaustraliaptyltd_egmonthoney_81_2026_100022-bau_image,81,conversion,image_image-9,Coop,Egmonthoneyaustraliaptyltd,Egmonthoney,2026,image,"Premium, Authentic NZ Mānuka Honey.","Certified Mānuka honey from New Zealand, carefully crafted and available at Chemist Warehouse.",Shop Now,https://scontent-ams2-1.xx.fbcdn.net/v/t39.35426-6/607759464_904427782277119_5705363661379594621_n.jpg?_nc_cat=107&ccb=1-7&_nc_sid=c53f8f&_nc_ohc=kRTixCxBrSQQ7kNvwEWO2aL&_nc_oc=Adqopc5DWCW4xO9SdeHmgDY7o0DgZX9TpAfpJ8Rpbx_F7l_fmTTaE4raNmEO-oPa1zc&_nc_zt=14&_nc_ht=scontent-ams2-1.xx&_nc_gid=n51hEh2ikBpqik5DFRkr0w&_nc_ss=7f180&oh=00_AQAqJ1YHhZNbNZAujckYybaCEjaC-gEKW9XTc2rwCC5w_Q&oe=6A6310AA,,"['FACEBOOK', 'INSTAGRAM', 'AUDIENCE_NETWORK', 'MESSENGER', 'THREADS']",au,cw,facebook,social,2026-W29,2026-07,"FACEBOOK, INSTAGRAM, AUDIENCE_NETWORK, MESSENGER, THREADS",True,True,True,True,True,False,Search Page,True,False,False,2026-07-20,2026-01-04 08:00:00,2026-07-20 15:37:32.553203,197
1931929814063564,650918258043442,True,2026-01-04 08:00:00,2026-07-19 07:00:00,Chemist Warehouse,Chemist Warehouse,{{product.name}},{{product.brand}},Shop now,DCO,https://www.chemistwarehouse.com.au/search?query=egmont&contexts=default&utm_source=facebook&utm_medium=social&utm_campaign=au_cw_coop_facebook_social_egmonthoneyaustraliaptyltd_egmonthoney_81_2026_100022-bau_image&utm_term=conversion&utm_content=image_image-5,www.chemistwarehouse.com.au,/search,facebook,social,au_cw_coop_facebook_social_egmonthoneyaustraliaptyltd_egmonthoney_81_2026_100022-bau_image,81,conversion,image_image-5,Coop,Egmonthoneyaustraliaptyltd,Egmonthoney,2026,image,"Premium, Authentic NZ Mānuka Honey.","Certified Mānuka honey from New Zealand, carefully crafted and available at Chemist Warehouse.",Shop Now,https://scontent-ams2-1.xx.fbcdn.net/v/t39.35426-6/608507587_1639663437000094_5866792540775280232_n.jpg?_nc_cat=107&ccb=1-7&_nc_sid=c53f8f&_nc_aid=0&_nc_ohc=KBYlODm3rGgQ7kNvwGgVu2S&_nc_oc=AdrvA1azTLpOUtDFdHBb0_nRKLNEA6mEpmIQwBeCZp1zVr7AcflYDQJSmHVpBdpQLH8&_nc_zt=14&_nc_ht=scontent-ams2-1.xx&_nc_gid=n51hEh2ikBpqik5DFRkr0w&_nc_ss=7f180&oh=00_AQBJS5H5q9nbssNhO6WHHLcq2snMq4CSn6lScbDyEHGT_g&oe=6A6329EA,,"['FACEBOOK', 'INSTAGRAM', 'AUDIENCE_NETWORK', 'MESSENGER', 'THREADS']",au,cw,facebook,social,2026-W29,2026-07,"FACEBOOK, INSTAGRAM, AUDIENCE_NETWORK, MESSENGER, THREADS",True,True,True,True,True,False,Search Page,True,False,False,2026-07-20,2026-01-04 08:00:00,2026-07-20 15:37:32.553203,197
2295558210941945,1493929252522284,True,2026-01-04 08:00:00,2026-07-19 07:00:00,Chemist Warehouse,Chemist Warehouse,{{product.name}},{{product.brand}},Shop now,DCO,https://www.chemistwarehouse.com.au/search?query=egmont&contexts=default&utm_source=facebook&utm_medium=social&utm_campaign=au_cw_coop_facebook_social_egmonthoneyaustraliaptyltd_egmonthoney_81_2026_100022-bau_image&utm_term=conversion&utm_content=image_image-1,www.chemistwarehouse.com.au,/search,facebook,social,au_cw_coop_facebook_social_egmonthoneyaustraliaptyltd_egmonthoney_81_2026_100022-bau_image,81,conversion,image_image-1,Coop,Egmonthoneyaustraliaptyltd,Egmonthoney,2026,image,"Premium, Authentic NZ Mānuka Honey.","Certified Mānuka honey from New Zealand, carefully crafted and available at Chemist Warehouse.",Shop Now,https://scontent-ams2-1.xx.fbcdn.net/v/t39.35426-6/608427449_1414806593386905_3926350605894167785_n.jpg?_nc_cat=101&ccb=1-7&_nc_sid=c53f8f&_nc_ohc=IqFzGSklSl4Q7kNvwHLKKbf&_nc_oc=AdrSUj1X93VEOmPzAEVajRfPWWVhVIzgY9u8bMWwRPXOJmS2EDpRb4W_J65AZQs9e1A&_nc_zt=14&_nc_ht=scontent-ams2-1.xx&_nc_gid=n51hEh2ikBpqik5DFRkr0w&_nc_ss=7f180&oh=00_AQDUIfTSVSLy-zVm4t5cpHxQ0dQtbHOSKpjOTJhK1p_P1Q&oe=6A6303EE,,"['FACEBOOK', 'INSTAGRAM', 'AUDIENCE_NETWORK', 'MESSENGER', 'THREADS']",au,cw,facebook,social,2026-W29,2026-07,"FACEBOOK, INSTAGRAM, AUDIENCE_NETWORK, MESSENGER, THREADS",True,True,True,True,True,False,Search Page,True,False,False,2026-07-20,2026-01-04 08:00:00,2026-07-20 15:37:32.553203,197
2516218442106809,1294280695849845,True,2026-02-17 08:00:00,2026-07-19 07:00:00,Chemist Warehouse,Chemist Warehouse,Shop Swisse at Chemist Warehouse,Shop Swisse on Vitamins and supplements online at Chemist Warehouse and enjoy huge discounts across the range.,Learn more,VIDEO,https://fb.com/canvas_doc/2311924892629792,fb.com,/canvas_doc/2311924892629792,,,,,,,Not Specified,,,,,,,,,,"['FACEBOOK', 'INSTAGRAM', 'AUDIENCE_NETWORK', 'MESSENGER', 'THREADS']",,,,,2026-W29,2026-07,"FACEBOOK, INSTAGRAM, AUDIENCE_NETWORK, MESSENGER, THREADS",True,True,True,True,True,False,Internal/App Page,True,True,False,2026-07-20,2026-02-17 08:00:00,2026-07-20 15:37:32.553203,153
4311703479115424,1948825105731076,True,2026-02-25 08:00:00,2026-07-19 07:00:00,Chemist Warehouse,Chemist Warehouse,{{product.name}},{{product.brand}},Shop now,DCO,https://www.chemistwarehouse.com.au/buy/164220/jshealth-vita-growth-scalp-serum-50ml?utm_source=facebook&utm_medium=social&utm_campaign=au_cw_coop_facebook_social_jshealthvitamins_jshealth_81_2026_100007-bau_image&utm_term=conversion&utm_content=image_scalp-serum-3,www.chemistwarehouse.com.au,/buy/164220/jshealth-vita-growth-scalp-serum-50ml,facebook,social,au_cw_coop_facebook_social_jshealthvitamins_jshealth_81_2026_100007-bau_image,81,conversion,image_scalp-serum-3,Coop,Jshealthvitamins,Jshealth,2026,image,HAIR DENSITY + FULLNESS,JSHealth's best-selling Vita-Growth Scalp Serum has landed! With 7 clinically-backed actives for hair density + fullness.,Shop Now,https://scontent-ams2-1.xx.fbcdn.net/v/t39.35426-6/636682529_1457972922518507_7031386644235018726_n.jpg?_nc_cat=107&ccb=1-7&_nc_sid=c53f8f&_nc_ohc=xvKtNd6VhgIQ7kNvwEyB_NP&_nc_oc=AdryE4HKtiGex2t2Rurl5whZf9RKVdJ1uCDhIUoitPst63rPQwGzfTQJUJpV_JY5v38&_nc_zt=14&_nc_ht=scontent-ams2-1.xx&_nc_gid=z8Afwdn2suZnTpV9YjI7KQ&_nc_ss=7f180&oh=00_AQB8We73S2R37nNhrZAPYr0l3u53f6m_GKNY3QBoVWCsyA&oe=6A632EBA,,"['FACEBOOK', 'INSTAGRAM', 'MESSENGER']",au,cw,facebook,social,2026-W29,2026-07,"FACEBOOK, INSTAGRAM, MESSENGER",True,True,False,True,False,False,SKU Product,True,False,False,2026-07-20,2026-02-25 08:00:00,2026-07-20 15:37:32.553203,145
1651295982522794,2091232681611257,True,2026-02-04 08:00:00,2026-07-19 07:00:00,Chemist Warehouse,Chemist Warehouse,Shop at Chemist Warehouse,"Ferro-grad C, available now at Chemist Warehouse.  Ask your pharmacist if it’s right for you.",Learn more,VIDEO,https://www.chemistwarehouse.com.au/shop-online/4616/ferro-grad?utm_source=facebook&utm_medium=social&utm_campaign=au_cw_coop_facebook_social_vidacorp_ferrograd_81_2026_100118-bau_video&utm_term=traffic&utm_content=video_instore,www.chemistwarehouse.com.au,/shop-online/4616/ferro-grad,facebook,social,au_cw_coop_facebook_social_vidacorp_ferrograd_81_2026_100118-bau_video,81,traffic,video_instore,Coop,Vidacorp,Ferrograd,2026,video,,,,,,"['FACEBOOK', 'INSTAGRAM', 'MESSENGER']",au,cw,facebook,social,2026-W29,2026-07,"FACEBOOK, INSTAGRAM, MESSENGER",True,True,False,True,False,False,Brand/Category Page,True,True,False,2026-07-20,2026-02-04 08:00:00,2026-07-20 15:37:32.553203,166
756307666915483,,True,2026-01-12 08:00:00,2026-07-19 07:00:00,Chemist Warehouse,Chemist Warehouse,Shop Swisse at Chemist Warehouse,Shop Swisse on Vitamins and supplements online at Chemist Warehouse and enjoy huge discounts across the range.,Learn more,IMAGE,https://fb.com/canvas_doc/925644203460010,fb.com,/canvas_doc/925644203460010,,,,,,,Not Specified,,,,,,,,,,"['FACEBOOK', 'INSTAGRAM', 'AUDIENCE_NETWORK', 'MESSENGER', 'THREADS']",,,,,2026-W29,2026-07,"FACEBOOK, INSTAGRAM, AUDIENCE_NETWORK, MESSENGER, THREADS",True,True,True,True,True,False,Internal/App Page,True,True,False,2026-07-20,2026-01-12 08:00:00,2026-07-20 15:37:32.553203,189
1413769050441742,2024057408992210,True,2026-02-08 08:00:00,2026-07-19 07:00:00,Chemist Warehouse,Chemist Warehouse,{{product.name}},{{product.brand}},Learn more,DCO,https://www.chemistwarehouse.com.au/buy/160049/biostime-infant-children-a-l-g-probiotic-care-28-sachets?utm_source=facebook&utm_medium=social&utm_campaign=au_cw_coop_facebook_social_swissewellnessptyltd_biostime_20_2026_100126-bau_video-image&utm_term=traffic&utm_content=video-image_video,www.chemistwarehouse.com.au,/buy/160049/biostime-infant-children-a-l-g-probiotic-care-28-sachets,facebook,social,au_cw_coop_facebook_social_swissewellnessptyltd_biostime_20_2026_100126-bau_video-image,20,traffic,video-image_video,Coop,Swissewellnessptyltd,Biostime,2026,video-image,Support their day from the inside out,Gentle support for little ones with mild eczema symptoms. Biostime is available at Chemist Warehouse,Learn More,,https://video-ams2-1.xx.fbcdn.net/o1/v/t2/f2/m366/AQPYuzNVLDm6OpPTFzD0U3GhzBcOLGlA3ergPSfis97H-WB-3hvG-2XcouDjfqng6yamx8e-RSLIuJtauYwt0e_-4IzAnr_VbKnWRQZZm1U3pg.mp4?_nc_cat=102&_nc_sid=b66105&_nc_ht=video-ams2-1.xx.fbcdn.net&_nc_ohc=LVIKHNdx5gwQ7kNvwFnTXy8&efg=eyJ2ZW5jb2RlX3RhZyI6Inhwdl9wcm9ncmVzc2l2ZS5WSV9VU0VDQVNFX1BST0RVQ1RfVFlQRS4uQzMuNzIwLmRhc2hfaDI2NC1iYXNpYy1nZW4yXzcyMHAiLCJ4cHZfYXNzZXRfaWQiOjExOTQ0ODI5NDk0MzcxODIsImFzc2V0X2FnZV9kYXlzIjoxNjAsInZpX3VzZWNhc2VfaWQiOjEwNzk5LCJkdXJhdGlvbl9zIjoxMywidXJsZ2VuX3NvdXJjZSI6Ind3dyJ9&ccb=17-1&vs=97998b7d15872fd6&_nc_vs=HBksFQIYRWZiX2VwaGVtZXJhbC82QTRFNDBBNjU0RjIxREMyMkZCNTQzNDRDMzVFQURCRl9tdF8xX3ZpZGVvX2Rhc2hpbml0Lm1wNBUAAsgBEgAVAhhAZmJfcGVybWFuZW50LzlBNDNGNTRGOEZCRjg2MEJCNzkzOUU5QkFFQTYzQUFBX2F1ZGlvX2Rhc2hpbml0Lm1wNBUCAsgBEgAoABgAGwKIB3VzZV9vaWwBMRJwcm9ncmVzc2l2ZV9yZWNpcGUBMRUAACb826G-h5ifBBUCKAJDMywXQCtHrhR64UgYGWRhc2hfaDI2NC1iYXNpYy1nZW4yXzcyMHARAHUAZd6oAQA&_nc_gid=z8Afwdn2suZnTpV9YjI7KQ&_nc_ss=7f180&_nc_zt=28&oh=00_AQCgLnF0sxeAYDqwauoYqExbFJpIaGS6DD3kBAfEoYdGqw&oe=6A633432,"['FACEBOOK', 'INSTAGRAM', 'THREADS']",au,cw,facebook,social,2026-W29,2026-07,"FACEBOOK, INSTAGRAM, THREADS",True,True,False,False,True,False,SKU Product,True,False,False,2026-07-20,2026-02-08 08:00:00,2026-07-20 15:37:32.553203,162
2682926705379238,,True,2026-02-11 08:00:00,2026-07-18 07:00:00,Chemist Warehouse,Chemist Warehouse,Shop Swisse at Chemist Warehouse,Shop Swisse on Vitamins and supplements online at Chemist Warehouse and enjoy huge discounts across the range.,Learn more,IMAGE,https://fb.com/canvas_doc/4339834686305978,fb.com,/canvas_doc/4339834686305978,,,,,,,Not Specified,,,,,,,,,,"['FACEBOOK', 'INSTAGRAM', 'AUDIENCE_NETWORK', 'MESSENGER', 'THREADS']",,,,,2026-W29,2026-07,"FACEBOOK, INSTAGRAM, AUDIENCE_NETWORK, MESSENGER, THREADS",True,True,True,True,True,False,Internal/App Page,True,True,False,2026-07-20,2026-02-11 08:00:00,2026-07-20 15:37:32.553203,159
2044837216367953,1387823599159151,True,2026-01-22 08:00:00,2026-07-18 07:00:00,Chemist Warehouse,Chemist Warehouse,{{product.name}},{{product.brand}},Learn more,DCO,https://www.chemistwarehouse.com.au/shop-online/2431/tooshies?utm_source=facebook&utm_medium=social&utm_campaign=au_cw_coop_facebook_social_nicepakproductsptyltd_all_20_2026_100057-bau_video-image&utm_term=traffic&utm_content=video-image_generic,www.chemistwarehouse.com.au,/shop-online/2431/tooshies,facebook,social,au_cw_coop_facebook_social_nicepakproductsptyltd_all_20_2026_100057-bau_video-image,20,traffic,video-image_generic,Coop,Nicepakproductsptyltd,All,2026,video-image,Because Nappies Need Changing,"Switch to Tooshies nappies and wipes—gentle on your baby’s skin, better for the planet. Make the change today",Learn More,,,"['FACEBOOK', 'INSTAGRAM', 'AUDIENCE_NETWORK', 'MESSENGER', 'THREADS']",au,cw,facebook,social,2026-W29,2026-07,"FACEBOOK, INSTAGRAM, AUDIENCE_NETWORK, MESSENGER, THREADS",True,True,True,True,True,False,Brand/Category Page,True,False,False,2026-07-20,2026-01-22 08:00:00,2026-07-20 15:37:32.553203,179
2105361836945237,,True,2026-01-12 08:00:00,2026-07-19 07:00:00,Chemist Warehouse,Chemist Warehouse,Swisse Beauty & Skincare,Buy Swisse Skin Care online at Chemist Warehouse and enjoy huge discounts across the entire range. Shop products online or via click and collect today.,Learn more,IMAGE,https://fb.com/canvas_doc/2082520155933333,fb.com,/canvas_doc/2082520155933333,,,,,,,Not Specified,,,,,,,,,,"['FACEBOOK', 'INSTAGRAM', 'AUDIENCE_NETWORK', 'MESSENGER', 'THREADS']",,,,,2026-W29,2026-07,"FACEBOOK, INSTAGRAM, AUDIENCE_NETWORK, MESSENGER, THREADS",True,True,True,True,True,False,Internal/App Page,True,True,False,2026-07-20,2026-01-12 08:00:00,2026-07-20 15:37:32.553203,189
875870392007855,875576428701042,True,2026-02-01 08:00:00,2026-07-19 07:00:00,Chemist Warehouse,Chemist Warehouse,{{product.name}},{{product.brand}},Shop now,DCO,https://www.chemistwarehouse.com.au/buy/118065/jshealth-hair-energy-formula-60-capsules?utm_source=facebook&utm_medium=social&utm_campaign=au_cw_coop_facebook_social_jshealthvitamins_jshealth_81_2026_100007-bau_image&utm_term=conversion&utm_content=image_female-hair-static-feb-2,www.chemistwarehouse.com.au,/buy/118065/jshealth-hair-energy-formula-60-capsules,facebook,social,au_cw_coop_facebook_social_jshealthvitamins_jshealth_81_2026_100007-bau_image,81,conversion,image_female-hair-static-feb-2,Coop,Jshealthvitamins,Jshealth,2026,image,Only one capsule a day,Ready to start your hair health journey? Try Hair + Energy with 1000's of 5-star reviews!,Shop Now,https://scontent-ams2-1.xx.fbcdn.net/v/t39.35426-6/624659773_867573722744906_2206166057674384724_n.jpg?_nc_cat=100&ccb=1-7&_nc_sid=c53f8f&_nc_ohc=_qJlQ77_FvcQ7kNvwHREsWS&_nc_oc=Adp0RRbWmb29CsjhNrxHWPk06zENGq4MV3SEvQOaH3o0LumzgVWTG4EfyLFMec5GrTs&_nc_zt=14&_nc_ht=scontent-ams2-1.xx&_nc_gid=z8Afwdn2suZnTpV9YjI7KQ&_nc_ss=7f180&oh=00_AQDo4X8TCBmvz8wRjnj35CgsijLnFwHegwk3ICAN22-DkQ&oe=6A630EAD,,"['FACEBOOK', 'INSTAGRAM', 'MESSENGER']",au,cw,facebook,social,2026-W29,2026-07,"FACEBOOK, INSTAGRAM, MESSENGER",True,True,False,True,False,False,SKU Product,True,False,False,2026-07-20,2026-02-01 08:00:00,2026-07-20 15:37:32.553203,169
25495038350162969,,True,2026-01-12 08:00:00,2026-07-19 07:00:00,Chemist Warehouse,Chemist Warehouse,Shop Swisse at Chemist Warehouse,Boost Brain Health with Swisse Odourless Super Strength Fish Oil,Learn more,IMAGE,https://fb.com/canvas_doc/1114466097308625,fb.com,/canvas_doc/1114466097308625,,,,,,,Not Specified,,,,,,,,,,"['FACEBOOK', 'INSTAGRAM', 'AUDIENCE_NETWORK', 'MESSENGER', 'THREADS']",,,,,2026-W29,2026-07,"FACEBOOK, INSTAGRAM, AUDIENCE_NETWORK, MESSENGER, THREADS",True,True,True,True,True,False,Internal/App Page,True,True,False,2026-07-20,2026-01-12 08:00:00,2026-07-20 15:37:32.553203,189
1408619434036792,1192403782538888,True,2026-01-04 08:00:00,2026-07-19 07:00:00,Chemist Warehouse,Chemist Warehouse,{{product.name}},{{product.brand}},Shop now,DCO,https://www.chemistwarehouse.com.au/search?query=egmont&contexts=default&utm_source=facebook&utm_medium=social&utm_campaign=au_cw_coop_facebook_social_egmonthoneyaustraliaptyltd_egmonthoney_81_2026_100022-bau_image&utm_term=conversion&utm_content=image_image-3,www.chemistwarehouse.com.au,/search,facebook,social,au_cw_coop_facebook_social_egmonthoneyaustraliaptyltd_egmonthoney_81_2026_100022-bau_image,81,conversion,image_image-3,Coop,Egmonthoneyaustraliaptyltd,Egmonthoney,2026,image,"Premium, Authentic NZ Mānuka Honey.","Certified Mānuka honey from New Zealand, carefully crafted and available at Chemist Warehouse.",Shop Now,https://scontent-ams2-1.xx.fbcdn.net/v/t39.35426-6/605288693_25013267828352778_6559769901329846510_n.jpg?_nc_cat=106&ccb=1-7&_nc_sid=c53f8f&_nc_ohc=NtYz5Z1iLI0Q7kNvwE-2u3q&_nc_oc=AdpiemqN3mYpllgDp20I571ESQ6wgfpL9EWA7ROrEudqhq6ubODd16-KzzCGeAawJ-s&_nc_zt=14&_nc_ht=scontent-ams2-1.xx&_nc_gid=n51hEh2ikBpqik5DFRkr0w&_nc_ss=7f180&oh=00_AQAx7grpNz5ABw9uTb2AS3-RuWcAfvB4yPwrm165buxLww&oe=6A632F1E,,"['FACEBOOK', 'INSTAGRAM', 'AUDIENCE_NETWORK', 'MESSENGER', 'THREADS']",au,cw,facebook,social,2026-W29,2026-07,"FACEBOOK, INSTAGRAM, AUDIENCE_NETWORK, MESSENGER, THREADS",True,True,True,True,True,False,Search Page,True,False,False,2026-07-20,2026-01-04 08:00:00,2026-07-20 15:37:32.553203,197
666703606426744,3781230852010641,True,2026-01-04 08:00:00,2026-07-19 07:00:00,Chemist Warehouse,Chemist Warehouse,{{product.name}},{{product.brand}},Shop now,DCO,https://www.chemistwarehouse.com.au/search?query=egmont&contexts=default&utm_source=facebook&utm_medium=social&utm_campaign=au_cw_coop_facebook_social_egmonthoneyaustraliaptyltd_egmonthoney_81_2026_100022-bau_image&utm_term=conversion&utm_content=image_image-6,www.chemistwarehouse.com.au,/search,facebook,social,au_cw_coop_facebook_social_egmonthoneyaustraliaptyltd_egmonthoney_81_2026_100022-bau_image,81,conversion,image_image-6,Coop,Egmonthoneyaustraliaptyltd,Egmonthoney,2026,image,"Premium, Authentic NZ Mānuka Honey.","Certified Mānuka honey from New Zealand, carefully crafted and available at Chemist Warehouse.",Shop Now,https://scontent-ams2-1.xx.fbcdn.net/v/t39.35426-6/608893388_1880754136161502_2671614711088670375_n.jpg?_nc_cat=102&ccb=1-7&_nc_sid=c53f8f&_nc_ohc=jPSt2ux8NSgQ7kNvwElIvIL&_nc_oc=Adr1RSnFltGJqxlUYmDi2FnUEO1cU4a2lfs0SO_en66Jq0kHwOkPlrxTTqkMcjZgB_I&_nc_zt=14&_nc_ht=scontent-ams2-1.xx&_nc_gid=n51hEh2ikBpqik5DFRkr0w&_nc_ss=7f180&oh=00_AQCyLXn8cozFSgJkgYlMUO9v7vGKHFw6nb2LKpKKAHKmDg&oe=6A631D16,,"['FACEBOOK', 'INSTAGRAM', 'AUDIENCE_NETWORK', 'MESSENGER', 'THREADS']",au,cw,facebook,social,2026-W29,2026-07,"FACEBOOK, INSTAGRAM, AUDIENCE_NETWORK, MESSENGER, THREADS",True,True,True,True,True,False,Search Page,True,False,False,2026-07-20,2026-01-04 08:00:00,2026-07-20 15:37:32.553203,197
2303238360196144,750676621396549,True,2026-01-04 08:00:00,2026-07-18 07:00:00,Chemist Warehouse,Chemist Warehouse,{{product.name}},{{product.brand}},Shop now,DCO,https://www.chemistwarehouse.com.au/search?query=egmont&contexts=default&utm_source=facebook&utm_medium=social&utm_campaign=au_cw_coop_facebook_social_egmonthoneyaustraliaptyltd_egmonthoney_81_2026_100022-bau_image&utm_term=conversion&utm_content=image_image-2,www.chemistwarehouse.com.au,/search,facebook,social,au_cw_coop_facebook_social_egmonthoneyaustraliaptyltd_egmonthoney_81_2026_100022-bau_image,81,conversion,image_image-2,Coop,Egmonthoneyaustraliaptyltd,Egmonthoney,2026,image,"Premium, Authentic NZ Mānuka Honey.","Certified Mānuka honey from New Zealand, carefully crafted and available at Chemist Warehouse.",Shop Now,https://scontent-ams2-1.xx.fbcdn.net/v/t39.35426-6/605666489_1900741087190104_8984826853807602484_n.jpg?_nc_cat=105&ccb=1-7&_nc_sid=c53f8f&_nc_ohc=-jBEFpdqfAYQ7kNvwETo3vq&_nc_oc=AdqG9pbQ1Osp0uyATc-ie1CgmFaAOgaI8zRVy3WTXEFZi_zWgQ95gPlYhAcGufNpVNw&_nc_zt=14&_nc_ht=scontent-ams2-1.xx&_nc_gid=QSQixsXZ52dveliWtt6LIg&_nc_ss=7f180&oh=00_AQCQlI2aD0M1S3_6llHqzX-QQ-Z_VjV85yHoUtwGc4D4nw&oe=6A63193A,,"['FACEBOOK', 'INSTAGRAM', 'AUDIENCE_NETWORK', 'MESSENGER', 'THREADS']",au,cw,facebook,social,2026-W29,2026-07,"FACEBOOK, INSTAGRAM, AUDIENCE_NETWORK, MESSENGER, THREADS",True,True,True,True,True,False,Search Page,True,False,False,2026-07-20,2026-01-04 08:00:00,2026-07-20 15:37:32.553203,197
