ad_archive_id,collation_id,is_active,start_date_formatted,end_date_formatted,page_name,snapshot.page_name,snapshot.title,snapshot.body.text,snapshot.cta_text,snapshot.display_format,snapshot.link_url,domain,url_path,utm_source,utm_medium,utm_campaign,category_code,utm_term,utm_content,funding_type_label,supplier_label,brand_label,campaign_period,creative_format,card_title,card_body,card_cta_text,card_image_url,card_video_hd_url,publisher_platform,country,retailer,platform,channel,snapshot_week,snapshot_month,publisher_platform_clean,facebook,instagram,audience_network,messenger,threads,whatsapp,landing_page_type,is_official_cw,mentions_cw_brand,tga_risk_flag,snapshot_date,start_date_formatted_dt,snapshot_run_datetime,campaign_age_days
2143564356545986,,True,2026-07-31 07:00:00,2026-08-02 07:00:00,Chemist Warehouse,Chemist Warehouse,E45 Skincare,Shop the new E45 range at Chemist Warehouse,Shop now,VIDEO,https://www.chemistwarehouse.com.au/shop-online/3460/e45-skincare?category=Hands%20%26%20Body&utm_source=facebook&utm_medium=social&utm_campaign=au_cw_oa_facebook_social_nicepakproductsptyltd_e45_20_aug26_100699-oa_video&utm_term=traffic&utm_content=video_video,www.chemistwarehouse.com.au,/shop-online/3460/e45-skincare,facebook,social,au_cw_oa_facebook_social_nicepakproductsptyltd_e45_20_aug26_100699-oa_video,20,traffic,video_video,O&O,Nicepakproductsptyltd,E45,aug26,video,,,,,,"['FACEBOOK', 'INSTAGRAM', 'MESSENGER']",au,cw,facebook,social,2026-W31,2026-08,"FACEBOOK, INSTAGRAM, MESSENGER",True,True,False,True,False,False,Brand/Category Page,True,True,False,2026-08-03,2026-07-31 07:00:00,2026-08-03 15:37:17.103942,3
28260702033513958,,True,2026-07-31 07:00:00,2026-08-02 07:00:00,Chemist Warehouse,Chemist Warehouse,{{product.name}},{{product.brand}},Shop now,DCO,https://www.chemistwarehouse.com.au/shop-online/3966/guess?utm_source=facebook&utm_medium=social&utm_campaign=au_cw_coop_facebook_social_luxasiaoceania_guess_542_jul26_100594_video-image&utm_term=traffic&utm_content=video-image_,www.chemistwarehouse.com.au,/shop-online/3966/guess,facebook,social,au_cw_coop_facebook_social_luxasiaoceania_guess_542_jul26_100594_video-image,542,traffic,video-image_,Coop,Luxasiaoceania,Guess,jul26,video-image,GUESS Iconic Blue For Men.,"Introducing GUESS ICONIC BLUE, inspired by the adrenaline of open water and the magnetic energy of the GUESS man.",Shop Now,https://scontent.fymq2-1.fna.fbcdn.net/v/t39.35426-6/753169780_2484376695416499_4630972993782615769_n.jpg?_nc_cat=104&ccb=1-7&_nc_sid=c53f8f&_nc_ohc=zHg08mJEKmkQ7kNvwEXqnqY&_nc_oc=Adq2F5f_8NVSS1Eo0Ue7HNBiSXbXUdfLDwkJDVVxhOym4rHSP1PtFXR5nZf6eU0tcAA&_nc_zt=14&_nc_ht=scontent.fymq2-1.fna&_nc_gid=x26CoUBitpD6Lfx8Yd5Jbw&_nc_ss=7f289&oh=00_AQHcLi14nqYOAgU_IwaNHUm9Pyjb7Xq0vh6GQExiGyqHiw&oe=6A75A0CF,,"['FACEBOOK', 'INSTAGRAM', 'AUDIENCE_NETWORK', 'MESSENGER', 'WHATSAPP', 'THREADS']",au,cw,facebook,social,2026-W31,2026-08,"FACEBOOK, INSTAGRAM, AUDIENCE_NETWORK, MESSENGER, WHATSAPP, THREADS",True,True,True,True,True,True,Brand/Category Page,True,False,False,2026-08-03,2026-07-31 07:00:00,2026-08-03 15:37:17.103942,3
1944800599569942,,True,2026-07-31 07:00:00,2026-08-02 07:00:00,Chemist Warehouse,Chemist Warehouse,{{product.name}},{{product.brand}},Shop now,DCO,https://www.chemistwarehouse.com.au/shop-online/2128/bio-island?utm_source=facebook&utm_medium=social&utm_campaign=au_cw_oa_facebook_social_jbxptyltd_bioisland_81_aug26_100710-oa_video-image&utm_term=traffic&utm_content=video-image_video-image,www.chemistwarehouse.com.au,/shop-online/2128/bio-island,facebook,social,au_cw_oa_facebook_social_jbxptyltd_bioisland_81_aug26_100710-oa_video-image,81,traffic,video-image_video-image,O&O,Jbxptyltd,Bioisland,aug26,video-image,Bio Island DHA for Kids,Maintain your infant's brain health with Bio Island DHA for Kids. Algae sourced DHA and Australian made.,Shop Now,https://scontent.fyhu2-1.fna.fbcdn.net/v/t39.35426-6/761573916_1342894811312684_8268728317635223808_n.jpg?_nc_cat=110&ccb=1-7&_nc_sid=c53f8f&_nc_ohc=P3BX_MchOXQQ7kNvwEYE0Zn&_nc_oc=Ado-jEE7ttu1jxwMeVSQSYIMw03V5WIknekazHvBQYD3Z7b6IlVmyVszhHGvDiAPK4s&_nc_zt=14&_nc_ht=scontent.fyhu2-1.fna&_nc_gid=x26CoUBitpD6Lfx8Yd5Jbw&_nc_ss=7f289&oh=00_AQF9G3W1Vz-lPxbLU16exBGmtxFPmh9_nnlmmHWGz6xs7g&oe=6A759CE3,,"['FACEBOOK', 'INSTAGRAM', 'AUDIENCE_NETWORK', 'WHATSAPP', 'THREADS']",au,cw,facebook,social,2026-W31,2026-08,"FACEBOOK, INSTAGRAM, AUDIENCE_NETWORK, WHATSAPP, THREADS",True,True,True,False,True,True,Brand/Category Page,True,False,False,2026-08-03,2026-07-31 07:00:00,2026-08-03 15:37:17.103942,3
1035064985598987,,True,2026-07-31 07:00:00,2026-08-02 07:00:00,Chemist Warehouse,Chemist Warehouse,{{product.name}},{{product.brand}},Shop now,DCO,https://www.chemistwarehouse.com.au/shop-online/2128/bio-island?utm_source=facebook&utm_medium=social&utm_campaign=au_cw_oa_facebook_social_jbxptyltd_bioisland_81_aug26_100710-oa_video-image&utm_term=traffic&utm_content=video-image_video-image,www.chemistwarehouse.com.au,/shop-online/2128/bio-island,facebook,social,au_cw_oa_facebook_social_jbxptyltd_bioisland_81_aug26_100710-oa_video-image,81,traffic,video-image_video-image,O&O,Jbxptyltd,Bioisland,aug26,video-image,Bio Island DHA for Kids,Maintain your infant's brain health with Bio Island DHA for Kids. Algae sourced DHA and Australian made.,Shop Now,https://scontent.fyhu2-1.fna.fbcdn.net/v/t39.35426-6/761573916_1342894811312684_8268728317635223808_n.jpg?_nc_cat=110&ccb=1-7&_nc_sid=c53f8f&_nc_ohc=P3BX_MchOXQQ7kNvwEYE0Zn&_nc_oc=Ado-jEE7ttu1jxwMeVSQSYIMw03V5WIknekazHvBQYD3Z7b6IlVmyVszhHGvDiAPK4s&_nc_zt=14&_nc_ht=scontent.fyhu2-1.fna&_nc_gid=x26CoUBitpD6Lfx8Yd5Jbw&_nc_ss=7f289&oh=00_AQF9G3W1Vz-lPxbLU16exBGmtxFPmh9_nnlmmHWGz6xs7g&oe=6A759CE3,,"['FACEBOOK', 'INSTAGRAM', 'AUDIENCE_NETWORK', 'WHATSAPP', 'THREADS']",au,cw,facebook,social,2026-W31,2026-08,"FACEBOOK, INSTAGRAM, AUDIENCE_NETWORK, WHATSAPP, THREADS",True,True,True,False,True,True,Brand/Category Page,True,False,False,2026-08-03,2026-07-31 07:00:00,2026-08-03 15:37:17.103942,3
1769835554259961,,True,2026-07-31 07:00:00,2026-08-02 07:00:00,Chemist Warehouse,Chemist Warehouse,{{product.name}},{{product.brand}},Learn more,DCO,https://www.chemistwarehouse.com.au/shop-online/2128/bio-island?utm_source=facebook&utm_medium=social&utm_campaign=au_cw_oa_facebook_social_jbxptyltd_bioisland_81_aug26_100710-oa_video-image&utm_term=traffic&utm_content=video-image_video-image,www.chemistwarehouse.com.au,/shop-online/2128/bio-island,facebook,social,au_cw_oa_facebook_social_jbxptyltd_bioisland_81_aug26_100710-oa_video-image,81,traffic,video-image_video-image,O&O,Jbxptyltd,Bioisland,aug26,video-image,Bio Island DHA for Kids,Maintain your infant's brain health with Bio Island DHA for Kids. Algae sourced DHA and Australian made.,Learn More,,https://video.fymq2-1.fna.fbcdn.net/o1/v/t2/f2/m366/AQNRp9s2GuVMFv-LCbOfhQhacNmjL0mBmEbOJXB8txlWFRVkaobP5BM0HqTg0gW3lyY0z2iw3TehL1zTjqKb5Os841qtAd8Ou09dNBKnfP5A0g.mp4?_nc_cat=108&_nc_oc=AdoL-bjEXiqEv_Zhsc56WpFXPJ5Yqw2L5KS7WnGKCkyjAD94e9rijb5Ayjli8ErjKzc&_nc_sid=b66105&_nc_ht=video.fymq2-1.fna.fbcdn.net&_nc_ohc=TuSRLtCRriYQ7kNvwFSMZ9U&efg=eyJ2ZW5jb2RlX3RhZyI6Inhwdl9wcm9ncmVzc2l2ZS5WSV9VU0VDQVNFX1BST0RVQ1RfVFlQRS4uQzMuNzIwLmRhc2hfaDI2NC1iYXNpYy1nZW4yXzcyMHAiLCJ4cHZfYXNzZXRfaWQiOjE5MzI5NTEyMDQwNjY4MTYsImFzc2V0X2FnZV9kYXlzIjoyLCJ2aV91c2VjYXNlX2lkIjoxMDc5OSwiZHVyYXRpb25fcyI6MTAsInVybGdlbl9zb3VyY2UiOiJ3d3cifQ%3D%3D&ccb=17-1&vs=4f4317b37af6092e&_nc_vs=HBksFQIYRWZiX2VwaGVtZXJhbC9ENDRGNDZCNDVCMjU2N0REODc4QTQ2MzhGMUU4OEU5NV9tdF8xX3ZpZGVvX2Rhc2hpbml0Lm1wNBUAAsgBEgAVAhhAZmJfcGVybWFuZW50Lzc5NEIwQjUyNDkwM0E4ODAwQkUyQkE2QjY0RDE3QTk1X2F1ZGlvX2Rhc2hpbml0Lm1wNBUCAsgBEgAoABgAGwKIB3VzZV9vaWwBMRJwcm9ncmVzc2l2ZV9yZWNpcGUBMRUAACaA2JfeyIDvBhUCKAJDMywXQCQUeuFHrhQYGWRhc2hfaDI2NC1iYXNpYy1nZW4yXzcyMHARAHUAZd6oAQA&_nc_gid=x26CoUBitpD6Lfx8Yd5Jbw&_nc_ss=7f289&_nc_zt=28&oh=00_AQFNd1qrBFpHmdvw4z5gVALynukzs_p8-2Az1KDz7uDzdg&oe=6A7578E8,"['FACEBOOK', 'INSTAGRAM', 'AUDIENCE_NETWORK', 'WHATSAPP', 'THREADS']",au,cw,facebook,social,2026-W31,2026-08,"FACEBOOK, INSTAGRAM, AUDIENCE_NETWORK, WHATSAPP, THREADS",True,True,True,False,True,True,Brand/Category Page,True,False,False,2026-08-03,2026-07-31 07:00:00,2026-08-03 15:37:17.103942,3
4597118013868887,,True,2026-07-31 07:00:00,2026-08-02 07:00:00,Chemist Warehouse,Chemist Warehouse,{{product.name}},{{product.brand}},Shop now,DCO,https://www.chemistwarehouse.com.au/shop-online/3966/guess?utm_source=facebook&utm_medium=social&utm_campaign=au_cw_coop_facebook_social_luxasiaoceania_guess_542_jul26_100594_video-image&utm_term=traffic&utm_content=video-image_,www.chemistwarehouse.com.au,/shop-online/3966/guess,facebook,social,au_cw_coop_facebook_social_luxasiaoceania_guess_542_jul26_100594_video-image,542,traffic,video-image_,Coop,Luxasiaoceania,Guess,jul26,video-image,GUESS Iconic Blue For Men.,"Introducing GUESS ICONIC BLUE, inspired by the adrenaline of open water and the magnetic energy of the GUESS man.",Shop Now,https://scontent.fyhu2-1.fna.fbcdn.net/v/t39.35426-6/753783465_1039531638663231_1531666724956513154_n.jpg?_nc_cat=107&ccb=1-7&_nc_sid=c53f8f&_nc_ohc=1cRR4_O4jnMQ7kNvwHMqWV1&_nc_oc=Adr7eHXkZCVhQQTPDMC-4fDlrSRLZqHzC54g928N7e43LgqHKCyyHfqYntEwV5rB2Zg&_nc_zt=14&_nc_ht=scontent.fyhu2-1.fna&_nc_gid=x26CoUBitpD6Lfx8Yd5Jbw&_nc_ss=7f289&oh=00_AQHJ0w3MUzuymAIBPQRE3W1yFGcDY-uRnkJTQCzElmVZ5g&oe=6A7582C8,,"['FACEBOOK', 'INSTAGRAM', 'AUDIENCE_NETWORK', 'MESSENGER', 'WHATSAPP', 'THREADS']",au,cw,facebook,social,2026-W31,2026-08,"FACEBOOK, INSTAGRAM, AUDIENCE_NETWORK, MESSENGER, WHATSAPP, THREADS",True,True,True,True,True,True,Brand/Category Page,True,False,False,2026-08-03,2026-07-31 07:00:00,2026-08-03 15:37:17.103942,3
1341043798161574,,True,2026-07-22 07:00:00,2026-08-02 07:00:00,Chemist Warehouse,Chemist Warehouse,{{product.name}},{{product.brand}},Shop now,DCO,https://www.chemistwarehouse.com.au/buy/163204/loreal-paris-revitalift-filler-glass-skin-liquid-cream-face-moisturiser-50ml?utm_source=facebook&utm_medium=social&utm_campaign=au_cw_oa_facebook_social_lorealaustraliaptyltd_lorealparis_665_july26_100683-glassskin_video-image&utm_term=traffic&utm_content=video-image_brand,www.chemistwarehouse.com.au,/buy/163204/loreal-paris-revitalift-filler-glass-skin-liquid-cream-face-moisturiser-50ml,facebook,social,au_cw_oa_facebook_social_lorealaustraliaptyltd_lorealparis_665_july26_100683-glassskin_video-image,665,traffic,video-image_brand,O&O,Lorealaustraliaptyltd,Lorealparis,july26,video-image,Now 1/2 Price off RRP!,Discover the NEW L'Oréal Paris Filler Glass Skin Cream for glass skin glow in just 1 use.,Shop Now,https://scontent.fyhu2-1.fna.fbcdn.net/v/t39.35426-6/750582915_1371020425242651_591486921175950831_n.jpg?_nc_cat=105&ccb=1-7&_nc_sid=c53f8f&_nc_ohc=bXCoGC5yRRgQ7kNvwHPFWyE&_nc_oc=AdpYKvqWQ3UD2oeOV5kdX2jGCMtWs45bFFQMSXb22Y7_AdS2RmYX22_ZUsoSvvPowqY&_nc_zt=14&_nc_ht=scontent.fyhu2-1.fna&_nc_gid=x26CoUBitpD6Lfx8Yd5Jbw&_nc_ss=7f289&oh=00_AQEyTIswy3sDPAS6Vd3qT0gyy5P87JYc1KEi0btwo0pJZw&oe=6A759934,,"['FACEBOOK', 'INSTAGRAM', 'AUDIENCE_NETWORK', 'MESSENGER', 'WHATSAPP', 'THREADS']",au,cw,facebook,social,2026-W31,2026-08,"FACEBOOK, INSTAGRAM, AUDIENCE_NETWORK, MESSENGER, WHATSAPP, THREADS",True,True,True,True,True,True,SKU Product,True,False,False,2026-08-03,2026-07-22 07:00:00,2026-08-03 15:37:17.103942,12
1356213232577106,,True,2026-07-31 07:00:00,2026-08-02 07:00:00,Chemist Warehouse,Chemist Warehouse,Shop now at Chemist Warehouse.,Shop Remifemin now at Chemist Warehouse.,Shop now,VIDEO,https://www.chemistwarehouse.com.au/buy/149742/remifemin-200-tablets?utm_source=facebook&utm_medium=social&utm_campaign=au_cw_oa_facebook_social_aspenpharmacareaustralia_remifemin_81_aug26_100679-oa_video&utm_term=traffic&utm_content=video_,www.chemistwarehouse.com.au,/buy/149742/remifemin-200-tablets,facebook,social,au_cw_oa_facebook_social_aspenpharmacareaustralia_remifemin_81_aug26_100679-oa_video,81,traffic,video_,O&O,Aspenpharmacareaustralia,Remifemin,aug26,video,,,,,,"['FACEBOOK', 'INSTAGRAM', 'MESSENGER', 'WHATSAPP']",au,cw,facebook,social,2026-W31,2026-08,"FACEBOOK, INSTAGRAM, MESSENGER, WHATSAPP",True,True,False,True,False,True,SKU Product,True,True,False,2026-08-03,2026-07-31 07:00:00,2026-08-03 15:37:17.103942,3
1527141752028097,,True,2026-07-22 07:00:00,2026-08-02 07:00:00,Chemist Warehouse,Chemist Warehouse,{{product.name}},{{product.brand}},Shop now,DCO,https://www.chemistwarehouse.com.au/buy/163204/loreal-paris-revitalift-filler-glass-skin-liquid-cream-face-moisturiser-50ml?utm_source=facebook&utm_medium=social&utm_campaign=au_cw_oa_facebook_social_lorealaustraliaptyltd_lorealparis_665_july26_100683-glassskin_video-image&utm_term=traffic&utm_content=video-image_brand,www.chemistwarehouse.com.au,/buy/163204/loreal-paris-revitalift-filler-glass-skin-liquid-cream-face-moisturiser-50ml,facebook,social,au_cw_oa_facebook_social_lorealaustraliaptyltd_lorealparis_665_july26_100683-glassskin_video-image,665,traffic,video-image_brand,O&O,Lorealaustraliaptyltd,Lorealparis,july26,video-image,Now 1/2 Price off RRP!,Discover the NEW L'Oréal Paris Filler Glass Skin Cream for glass skin glow in just 1 use.,Shop Now,https://scontent.fyhu2-1.fna.fbcdn.net/v/t39.35426-6/744184633_1979055682790778_6125274692184593685_n.jpg?_nc_cat=105&ccb=1-7&_nc_sid=c53f8f&_nc_ohc=hC5IMBoqi2gQ7kNvwEfY67b&_nc_oc=AdoCJexcZFpYuXIordwyGffaJnvdBfoIAzDVU3jQXQGaZu40ZtsEs48dlpSeJSXLSV8&_nc_zt=14&_nc_ht=scontent.fyhu2-1.fna&_nc_gid=x26CoUBitpD6Lfx8Yd5Jbw&_nc_ss=7f289&oh=00_AQG2varth170pG4so7OIc1ucBxlRbCo8vdG4ms9k5w9M8g&oe=6A75A218,,"['FACEBOOK', 'INSTAGRAM', 'AUDIENCE_NETWORK', 'MESSENGER', 'WHATSAPP', 'THREADS']",au,cw,facebook,social,2026-W31,2026-08,"FACEBOOK, INSTAGRAM, AUDIENCE_NETWORK, MESSENGER, WHATSAPP, THREADS",True,True,True,True,True,True,SKU Product,True,False,False,2026-08-03,2026-07-22 07:00:00,2026-08-03 15:37:17.103942,12
1392884469388375,,True,2026-07-31 07:00:00,2026-08-02 07:00:00,Chemist Warehouse,Chemist Warehouse,{{product.name}},{{product.brand}},Shop now,DCO,https://www.chemistwarehouse.com.au/shop-online/3966/guess?utm_source=facebook&utm_medium=social&utm_campaign=au_cw_coop_facebook_social_luxasiaoceania_guess_542_jul26_100594_video-image&utm_term=traffic&utm_content=video-image_,www.chemistwarehouse.com.au,/shop-online/3966/guess,facebook,social,au_cw_coop_facebook_social_luxasiaoceania_guess_542_jul26_100594_video-image,542,traffic,video-image_,Coop,Luxasiaoceania,Guess,jul26,video-image,GUESS Iconic Blue For Men.,"Introducing GUESS ICONIC BLUE, inspired by the adrenaline of open water and the magnetic energy of the GUESS man.",Shop Now,,https://video.fymq3-1.fna.fbcdn.net/o1/v/t2/f2/m366/AQNAvby8sBVogA8Ipp7tOrEN2w7QTra219wr89goSgd0PF1sZGl5wfJ2-dsPkPfL3HcTdiL0cRUHEW0hJPh4LgiW8V7--i2PORiVcyZQ8DPS5g.mp4?_nc_cat=102&_nc_oc=AdrBBfcIq4sLze6D0dMhnhUyGm9orwT7UdCKB3g7N7oNunDbJQPN55qo3spMnKYz340&_nc_sid=b66105&_nc_ht=video.fymq3-1.fna.fbcdn.net&_nc_ohc=753sbA1z4vwQ7kNvwHrzFsv&efg=eyJ2ZW5jb2RlX3RhZyI6Inhwdl9wcm9ncmVzc2l2ZS5WSV9VU0VDQVNFX1BST0RVQ1RfVFlQRS4uQzMuNzIwLmRhc2hfaDI2NC1iYXNpYy1nZW4yXzcyMHAiLCJ4cHZfYXNzZXRfaWQiOjEzNDY2MjU2NDQyNzA0NTUsImFzc2V0X2FnZV9kYXlzIjo5LCJ2aV91c2VjYXNlX2lkIjoxMDc5OSwiZHVyYXRpb25fcyI6MTUsInVybGdlbl9zb3VyY2UiOiJ3d3cifQ%3D%3D&ccb=17-1&vs=f07ce39847f95bb9&_nc_vs=HBksFQIYRWZiX2VwaGVtZXJhbC9GODQwQ0RGNEE2Nzc1MDlCMjNENTBGN0JENENBRDhBOF9tdF8xX3ZpZGVvX2Rhc2hpbml0Lm1wNBUAAsgBEgAVAhhAZmJfcGVybWFuZW50Lzk1NEFCMzgwREQ2NzgxMTA5RjJBREJEREU2NTdEM0I3X2F1ZGlvX2Rhc2hpbml0Lm1wNBUCAsgBEgAoABgAGwKIB3VzZV9vaWwBMRJwcm9ncmVzc2l2ZV9yZWNpcGUBMRUAACbuzeDy9q_kBBUCKAJDMywXQC4UeuFHrhQYGWRhc2hfaDI2NC1iYXNpYy1nZW4yXzcyMHARAHUAZd6oAQA&_nc_gid=x26CoUBitpD6Lfx8Yd5Jbw&_nc_ss=7f289&_nc_zt=28&oh=00_AQEacyKbjG8yxEi924SQH9n20yfXf8inB9tVf8XHSFuliA&oe=6A757A26,"['FACEBOOK', 'INSTAGRAM', 'AUDIENCE_NETWORK', 'MESSENGER', 'WHATSAPP', 'THREADS']",au,cw,facebook,social,2026-W31,2026-08,"FACEBOOK, INSTAGRAM, AUDIENCE_NETWORK, MESSENGER, WHATSAPP, THREADS",True,True,True,True,True,True,Brand/Category Page,True,False,False,2026-08-03,2026-07-31 07:00:00,2026-08-03 15:37:17.103942,3
1431576958807985,,True,2026-07-31 07:00:00,2026-08-02 07:00:00,Chemist Warehouse,Chemist Warehouse,Shop now at Chemist Warehouse.,Shop Remifemin now at Chemist Warehouse.,Shop now,VIDEO,https://www.chemistwarehouse.com.au/buy/149742/remifemin-200-tablets?utm_source=facebook&utm_medium=social&utm_campaign=au_cw_oa_facebook_social_aspenpharmacareaustralia_remifemin_81_aug26_100679-oa_video&utm_term=traffic&utm_content=video_,www.chemistwarehouse.com.au,/buy/149742/remifemin-200-tablets,facebook,social,au_cw_oa_facebook_social_aspenpharmacareaustralia_remifemin_81_aug26_100679-oa_video,81,traffic,video_,O&O,Aspenpharmacareaustralia,Remifemin,aug26,video,,,,,,"['FACEBOOK', 'INSTAGRAM', 'MESSENGER', 'WHATSAPP']",au,cw,facebook,social,2026-W31,2026-08,"FACEBOOK, INSTAGRAM, MESSENGER, WHATSAPP",True,True,False,True,False,True,SKU Product,True,True,False,2026-08-03,2026-07-31 07:00:00,2026-08-03 15:37:17.103942,3
1501055465124695,,True,2026-07-31 07:00:00,2026-08-02 07:00:00,Chemist Warehouse,Chemist Warehouse,{{product.name}},{{product.brand}},Learn more,DCO,https://www.chemistwarehouse.com.au/shop-online/2128/bio-island?utm_source=facebook&utm_medium=social&utm_campaign=au_cw_oa_facebook_social_jbxptyltd_bioisland_81_aug26_100710-oa_video-image&utm_term=traffic&utm_content=video-image_video-image,www.chemistwarehouse.com.au,/shop-online/2128/bio-island,facebook,social,au_cw_oa_facebook_social_jbxptyltd_bioisland_81_aug26_100710-oa_video-image,81,traffic,video-image_video-image,O&O,Jbxptyltd,Bioisland,aug26,video-image,Bio Island DHA for Kids,Maintain your infant's brain health with Bio Island DHA for Kids. Algae sourced DHA and Australian made.,Learn More,,https://video.fymq2-1.fna.fbcdn.net/o1/v/t2/f2/m366/AQNRp9s2GuVMFv-LCbOfhQhacNmjL0mBmEbOJXB8txlWFRVkaobP5BM0HqTg0gW3lyY0z2iw3TehL1zTjqKb5Os841qtAd8Ou09dNBKnfP5A0g.mp4?_nc_cat=108&_nc_oc=AdoL-bjEXiqEv_Zhsc56WpFXPJ5Yqw2L5KS7WnGKCkyjAD94e9rijb5Ayjli8ErjKzc&_nc_sid=b66105&_nc_ht=video.fymq2-1.fna.fbcdn.net&_nc_ohc=TuSRLtCRriYQ7kNvwFSMZ9U&efg=eyJ2ZW5jb2RlX3RhZyI6Inhwdl9wcm9ncmVzc2l2ZS5WSV9VU0VDQVNFX1BST0RVQ1RfVFlQRS4uQzMuNzIwLmRhc2hfaDI2NC1iYXNpYy1nZW4yXzcyMHAiLCJ4cHZfYXNzZXRfaWQiOjE5MzI5NTEyMDQwNjY4MTYsImFzc2V0X2FnZV9kYXlzIjoyLCJ2aV91c2VjYXNlX2lkIjoxMDc5OSwiZHVyYXRpb25fcyI6MTAsInVybGdlbl9zb3VyY2UiOiJ3d3cifQ%3D%3D&ccb=17-1&vs=4f4317b37af6092e&_nc_vs=HBksFQIYRWZiX2VwaGVtZXJhbC9ENDRGNDZCNDVCMjU2N0REODc4QTQ2MzhGMUU4OEU5NV9tdF8xX3ZpZGVvX2Rhc2hpbml0Lm1wNBUAAsgBEgAVAhhAZmJfcGVybWFuZW50Lzc5NEIwQjUyNDkwM0E4ODAwQkUyQkE2QjY0RDE3QTk1X2F1ZGlvX2Rhc2hpbml0Lm1wNBUCAsgBEgAoABgAGwKIB3VzZV9vaWwBMRJwcm9ncmVzc2l2ZV9yZWNpcGUBMRUAACaA2JfeyIDvBhUCKAJDMywXQCQUeuFHrhQYGWRhc2hfaDI2NC1iYXNpYy1nZW4yXzcyMHARAHUAZd6oAQA&_nc_gid=x26CoUBitpD6Lfx8Yd5Jbw&_nc_ss=7f289&_nc_zt=28&oh=00_AQFNd1qrBFpHmdvw4z5gVALynukzs_p8-2Az1KDz7uDzdg&oe=6A7578E8,"['FACEBOOK', 'INSTAGRAM', 'AUDIENCE_NETWORK', 'WHATSAPP', 'THREADS']",au,cw,facebook,social,2026-W31,2026-08,"FACEBOOK, INSTAGRAM, AUDIENCE_NETWORK, WHATSAPP, THREADS",True,True,True,False,True,True,Brand/Category Page,True,False,False,2026-08-03,2026-07-31 07:00:00,2026-08-03 15:37:17.103942,3
1064661426336908,,True,2026-07-31 07:00:00,2026-08-02 07:00:00,Chemist Warehouse,Chemist Warehouse,{{product.name}},{{product.brand}},Shop now,DCO,https://www.chemistwarehouse.com.au/shop-online/3966/guess?utm_source=facebook&utm_medium=social&utm_campaign=au_cw_coop_facebook_social_luxasiaoceania_guess_542_jul26_100594_video-image&utm_term=traffic&utm_content=video-image_,www.chemistwarehouse.com.au,/shop-online/3966/guess,facebook,social,au_cw_coop_facebook_social_luxasiaoceania_guess_542_jul26_100594_video-image,542,traffic,video-image_,Coop,Luxasiaoceania,Guess,jul26,video-image,GUESS Iconic Blue For Men.,"Introducing GUESS ICONIC BLUE, inspired by the adrenaline of open water and the magnetic energy of the GUESS man.",Shop Now,,https://video.fymq3-1.fna.fbcdn.net/o1/v/t2/f2/m366/AQNAvby8sBVogA8Ipp7tOrEN2w7QTra219wr89goSgd0PF1sZGl5wfJ2-dsPkPfL3HcTdiL0cRUHEW0hJPh4LgiW8V7--i2PORiVcyZQ8DPS5g.mp4?_nc_cat=102&_nc_oc=AdrBBfcIq4sLze6D0dMhnhUyGm9orwT7UdCKB3g7N7oNunDbJQPN55qo3spMnKYz340&_nc_sid=b66105&_nc_ht=video.fymq3-1.fna.fbcdn.net&_nc_ohc=753sbA1z4vwQ7kNvwHrzFsv&efg=eyJ2ZW5jb2RlX3RhZyI6Inhwdl9wcm9ncmVzc2l2ZS5WSV9VU0VDQVNFX1BST0RVQ1RfVFlQRS4uQzMuNzIwLmRhc2hfaDI2NC1iYXNpYy1nZW4yXzcyMHAiLCJ4cHZfYXNzZXRfaWQiOjEzNDY2MjU2NDQyNzA0NTUsImFzc2V0X2FnZV9kYXlzIjo5LCJ2aV91c2VjYXNlX2lkIjoxMDc5OSwiZHVyYXRpb25fcyI6MTUsInVybGdlbl9zb3VyY2UiOiJ3d3cifQ%3D%3D&ccb=17-1&vs=f07ce39847f95bb9&_nc_vs=HBksFQIYRWZiX2VwaGVtZXJhbC9GODQwQ0RGNEE2Nzc1MDlCMjNENTBGN0JENENBRDhBOF9tdF8xX3ZpZGVvX2Rhc2hpbml0Lm1wNBUAAsgBEgAVAhhAZmJfcGVybWFuZW50Lzk1NEFCMzgwREQ2NzgxMTA5RjJBREJEREU2NTdEM0I3X2F1ZGlvX2Rhc2hpbml0Lm1wNBUCAsgBEgAoABgAGwKIB3VzZV9vaWwBMRJwcm9ncmVzc2l2ZV9yZWNpcGUBMRUAACbuzeDy9q_kBBUCKAJDMywXQC4UeuFHrhQYGWRhc2hfaDI2NC1iYXNpYy1nZW4yXzcyMHARAHUAZd6oAQA&_nc_gid=x26CoUBitpD6Lfx8Yd5Jbw&_nc_ss=7f289&_nc_zt=28&oh=00_AQEacyKbjG8yxEi924SQH9n20yfXf8inB9tVf8XHSFuliA&oe=6A757A26,"['FACEBOOK', 'INSTAGRAM', 'AUDIENCE_NETWORK', 'MESSENGER', 'WHATSAPP', 'THREADS']",au,cw,facebook,social,2026-W31,2026-08,"FACEBOOK, INSTAGRAM, AUDIENCE_NETWORK, MESSENGER, WHATSAPP, THREADS",True,True,True,True,True,True,Brand/Category Page,True,False,False,2026-08-03,2026-07-31 07:00:00,2026-08-03 15:37:17.103942,3
1370331248497763,,True,2026-07-31 07:00:00,2026-08-02 07:00:00,Chemist Warehouse,Melanie Sutherland,,Add @jshealthvitamins Creatine+ and Berberine+ to your routine. Shop now at @chemistwarehouseaus #ad #sponsored #paidpartnership,Shop now,VIDEO,https://www.chemistwarehouse.com.au/shop-online/5602/jshealth?utm_source=facebook&utm_medium=social&utm_campaign=au_cw_coop_facebook_social_jshealthvitamins_jshealth_81_jan26_100007-influencer_video&utm_term=traffic&utm_content=video_influencer-melanie,www.chemistwarehouse.com.au,/shop-online/5602/jshealth,facebook,social,au_cw_coop_facebook_social_jshealthvitamins_jshealth_81_jan26_100007-influencer_video,81,traffic,video_influencer-melanie,Coop,Jshealthvitamins,Jshealth,jan26,video,,,,,,"['FACEBOOK', 'INSTAGRAM', 'MESSENGER', 'THREADS']",au,cw,facebook,social,2026-W31,2026-08,"FACEBOOK, INSTAGRAM, MESSENGER, THREADS",True,True,False,True,True,False,Brand/Category Page,True,False,False,2026-08-03,2026-07-31 07:00:00,2026-08-03 15:37:17.103942,3
3149463468765288,,True,2026-07-31 07:00:00,2026-08-02 07:00:00,Chemist Warehouse,kaylah.holmes,,Euro summer packing with @jshealthvitamins 🫶🏼 Get them now from @chemistwarehouseaus #ad,Shop now,VIDEO,https://www.chemistwarehouse.com.au/shop-online/5602/jshealth?utm_source=facebook&utm_medium=social&utm_campaign=au_cw_coop_facebook_social_jshealthvitamins_jshealth_81_jan26_100007-influencer_video&utm_term=traffic&utm_content=video_influencer-kaylah,www.chemistwarehouse.com.au,/shop-online/5602/jshealth,facebook,social,au_cw_coop_facebook_social_jshealthvitamins_jshealth_81_jan26_100007-influencer_video,81,traffic,video_influencer-kaylah,Coop,Jshealthvitamins,Jshealth,jan26,video,,,,,,"['FACEBOOK', 'INSTAGRAM', 'MESSENGER', 'THREADS']",au,cw,facebook,social,2026-W31,2026-08,"FACEBOOK, INSTAGRAM, MESSENGER, THREADS",True,True,False,True,True,False,Brand/Category Page,True,False,False,2026-08-03,2026-07-31 07:00:00,2026-08-03 15:37:17.103942,3
2013622146023952,,True,2026-07-31 07:00:00,2026-08-02 07:00:00,Chemist Warehouse,Chemist Warehouse,HAIR DENSITY + FULLNESS,JSHealth's best-selling Vita-Growth Scalp Serum has landed! With 7 clinically-backed actives for hair density + fullness.,Shop now,IMAGE,https://fb.com/canvas_doc/1030953043130035,fb.com,/canvas_doc/1030953043130035,,,,,,,Not Specified,,,,,,,,,,"['FACEBOOK', 'INSTAGRAM', 'MESSENGER', 'THREADS']",,,,,2026-W31,2026-08,"FACEBOOK, INSTAGRAM, MESSENGER, THREADS",True,True,False,True,True,False,Internal/App Page,True,False,False,2026-08-03,2026-07-31 07:00:00,2026-08-03 15:37:17.103942,3
1071326455330491,,True,2026-07-31 07:00:00,2026-08-02 07:00:00,Chemist Warehouse,Chemist Warehouse,NEW! JSHEALTH CREATINE+,"NEW! 5g Creatine Monohydrate + Taurine + Choline
✅Helps metabolism of fat
✅Supports muscle strength
✅Supports memory recall",Shop now,IMAGE,https://fb.com/canvas_doc/2485342961939957,fb.com,/canvas_doc/2485342961939957,,,,,,,Not Specified,,,,,,,,,,"['FACEBOOK', 'INSTAGRAM', 'MESSENGER', 'THREADS']",,,,,2026-W31,2026-08,"FACEBOOK, INSTAGRAM, MESSENGER, THREADS",True,True,False,True,True,False,Internal/App Page,True,False,False,2026-08-03,2026-07-31 07:00:00,2026-08-03 15:37:17.103942,3
1726657118659582,,True,2026-07-31 07:00:00,2026-08-02 07:00:00,Chemist Warehouse,Chemist Warehouse,NEW! JSHEALTH NMN 500 + RESVERATROL,"NEW! JSHealth NMN 500 + Resveratrol
🔋 Recharge your cellular battery
🔋 Support energy production
🔋 Reduce free radicals formed in the body",Shop now,VIDEO,https://fb.com/canvas_doc/1359337362980080,fb.com,/canvas_doc/1359337362980080,,,,,,,Not Specified,,,,,,,,,,"['FACEBOOK', 'INSTAGRAM', 'MESSENGER', 'THREADS']",,,,,2026-W31,2026-08,"FACEBOOK, INSTAGRAM, MESSENGER, THREADS",True,True,False,True,True,False,Internal/App Page,True,False,False,2026-08-03,2026-07-31 07:00:00,2026-08-03 15:37:17.103942,3
864814513377448,,True,2026-07-31 07:00:00,2026-08-02 07:00:00,Chemist Warehouse,Chemist Warehouse,NEW! JSHEALTH CREATINE+,"NEW! 5g Creatine Monohydrate + Taurine + Choline
✅Helps metabolism of fat
✅Supports muscle strength
✅Supports memory recall",Shop now,IMAGE,https://fb.com/canvas_doc/1590601409346637,fb.com,/canvas_doc/1590601409346637,,,,,,,Not Specified,,,,,,,,,,"['FACEBOOK', 'INSTAGRAM', 'MESSENGER', 'THREADS']",,,,,2026-W31,2026-08,"FACEBOOK, INSTAGRAM, MESSENGER, THREADS",True,True,False,True,True,False,Internal/App Page,True,False,False,2026-08-03,2026-07-31 07:00:00,2026-08-03 15:37:17.103942,3
1060648736423494,,True,2026-07-31 07:00:00,2026-08-02 07:00:00,Chemist Warehouse,Chemist Warehouse,NEW! JSHEALTH CREATINE+,"NEW! 5g Creatine Monohydrate + Taurine + Choline
✅Helps metabolism of fat
✅Supports muscle strength
✅Supports memory recall",Shop now,IMAGE,https://fb.com/canvas_doc/920937504360285,fb.com,/canvas_doc/920937504360285,,,,,,,Not Specified,,,,,,,,,,"['FACEBOOK', 'INSTAGRAM', 'MESSENGER', 'THREADS']",,,,,2026-W31,2026-08,"FACEBOOK, INSTAGRAM, MESSENGER, THREADS",True,True,False,True,True,False,Internal/App Page,True,False,False,2026-08-03,2026-07-31 07:00:00,2026-08-03 15:37:17.103942,3
1312745864274085,,True,2026-07-31 07:00:00,2026-08-02 07:00:00,Chemist Warehouse,Chemist Warehouse,HAIR DENSITY + FULLNESS,JSHealth's best-selling Vita-Growth Scalp Serum has landed! With 7 clinically-backed actives for hair density + fullness.,Shop now,IMAGE,https://fb.com/canvas_doc/2241169566736107,fb.com,/canvas_doc/2241169566736107,,,,,,,Not Specified,,,,,,,,,,"['FACEBOOK', 'INSTAGRAM', 'MESSENGER', 'THREADS']",,,,,2026-W31,2026-08,"FACEBOOK, INSTAGRAM, MESSENGER, THREADS",True,True,False,True,True,False,Internal/App Page,True,False,False,2026-08-03,2026-07-31 07:00:00,2026-08-03 15:37:17.103942,3
1029793463309984,,True,2026-07-31 07:00:00,2026-08-02 07:00:00,Chemist Warehouse,Chemist Warehouse,NEW BERBERINE+,"Take charge of your metabolism with JSHealth's Berberine+ formula:
💥 Bioavailable, premium berberine called Berbevis®
💥 Two capsules daily for metabolism wellness
💥 Supports healthy cholesterol in healthy individuals",Shop now,IMAGE,https://fb.com/canvas_doc/2236324117129704,fb.com,/canvas_doc/2236324117129704,,,,,,,Not Specified,,,,,,,,,,"['FACEBOOK', 'INSTAGRAM', 'MESSENGER', 'THREADS']",,,,,2026-W31,2026-08,"FACEBOOK, INSTAGRAM, MESSENGER, THREADS",True,True,False,True,True,False,Internal/App Page,True,False,False,2026-08-03,2026-07-31 07:00:00,2026-08-03 15:37:17.103942,3
2495871974190614,,True,2026-07-31 07:00:00,2026-08-02 07:00:00,Chemist Warehouse,Chemist Warehouse,MAGNESIUM THAT TICKS ALL THE BOXES,"Feeling restless?
Try Advanced Magnesium+
✅ THREE forms of Magnesium
✅ With Magnesium Glycinate Dihydrate
✅ High 402mg daily dose",Shop now,IMAGE,https://fb.com/canvas_doc/1301888401830215,fb.com,/canvas_doc/1301888401830215,,,,,,,Not Specified,,,,,,,,,,"['FACEBOOK', 'INSTAGRAM', 'MESSENGER', 'THREADS']",,,,,2026-W31,2026-08,"FACEBOOK, INSTAGRAM, MESSENGER, THREADS",True,True,False,True,True,False,Internal/App Page,True,False,False,2026-08-03,2026-07-31 07:00:00,2026-08-03 15:37:17.103942,3
1052525080868076,,True,2026-07-31 07:00:00,2026-08-02 07:00:00,Chemist Warehouse,Chemist Warehouse,JSHEALTH'S BEST-SELLING DETOX + DEBLOAT,Shop JSHealth's Detox + Debloat at Chemist Warehouse,Shop now,IMAGE,https://fb.com/canvas_doc/1419940736635816,fb.com,/canvas_doc/1419940736635816,,,,,,,Not Specified,,,,,,,,,,"['FACEBOOK', 'INSTAGRAM', 'MESSENGER', 'THREADS']",,,,,2026-W31,2026-08,"FACEBOOK, INSTAGRAM, MESSENGER, THREADS",True,True,False,True,True,False,Internal/App Page,True,True,False,2026-08-03,2026-07-31 07:00:00,2026-08-03 15:37:17.103942,3
1028230099982491,,True,2026-07-31 07:00:00,2026-08-02 07:00:00,Chemist Warehouse,Chemist Warehouse,MAGNESIUM THAT TICKS ALL THE BOXES,"Feeling restless?
Try Advanced Magnesium+
✅ THREE forms of Magnesium
✅ With Magnesium Glycinate Dihydrate
✅ High 402mg daily dose",Shop now,IMAGE,https://fb.com/canvas_doc/1561648835458167,fb.com,/canvas_doc/1561648835458167,,,,,,,Not Specified,,,,,,,,,,"['FACEBOOK', 'INSTAGRAM', 'MESSENGER', 'THREADS']",,,,,2026-W31,2026-08,"FACEBOOK, INSTAGRAM, MESSENGER, THREADS",True,True,False,True,True,False,Internal/App Page,True,False,False,2026-08-03,2026-07-31 07:00:00,2026-08-03 15:37:17.103942,3
1362850922719495,,True,2026-07-31 07:00:00,2026-08-02 07:00:00,Chemist Warehouse,Chemist Warehouse,NEW! JSHEALTH CREATINE+,"NEW! 5g Creatine Monohydrate + Taurine + Choline
✅Helps metabolism of fat
✅Supports muscle strength
✅Supports memory recall",Shop now,IMAGE,https://fb.com/canvas_doc/1713822419769166,fb.com,/canvas_doc/1713822419769166,,,,,,,Not Specified,,,,,,,,,,"['FACEBOOK', 'INSTAGRAM', 'MESSENGER', 'THREADS']",,,,,2026-W31,2026-08,"FACEBOOK, INSTAGRAM, MESSENGER, THREADS",True,True,False,True,True,False,Internal/App Page,True,False,False,2026-08-03,2026-07-31 07:00:00,2026-08-03 15:37:17.103942,3
1360829375585812,,True,2026-07-31 07:00:00,2026-08-02 07:00:00,Chemist Warehouse,Chemist Warehouse,SHOP JSHEALTH METABOLISM RANGE,"Where metabolism meets strength 💪
Try JSHealth Creatine+ and Berberine+, your new wellness duo.",Shop now,IMAGE,https://fb.com/canvas_doc/1700193271033515,fb.com,/canvas_doc/1700193271033515,,,,,,,Not Specified,,,,,,,,,,"['FACEBOOK', 'INSTAGRAM', 'MESSENGER', 'THREADS']",,,,,2026-W31,2026-08,"FACEBOOK, INSTAGRAM, MESSENGER, THREADS",True,True,False,True,True,False,Internal/App Page,True,False,False,2026-08-03,2026-07-31 07:00:00,2026-08-03 15:37:17.103942,3
1741728780192392,,True,2026-07-31 07:00:00,2026-08-02 07:00:00,Chemist Warehouse,Chemist Warehouse,MAGNESIUM THAT TICKS ALL THE BOXES,"Feeling restless?
Try Advanced Magnesium+
✅ THREE forms of Magnesium
✅ With Magnesium Glycinate Dihydrate
✅ High 402mg daily dose",Shop now,IMAGE,https://fb.com/canvas_doc/896511996447253,fb.com,/canvas_doc/896511996447253,,,,,,,Not Specified,,,,,,,,,,"['FACEBOOK', 'INSTAGRAM', 'MESSENGER', 'THREADS']",,,,,2026-W31,2026-08,"FACEBOOK, INSTAGRAM, MESSENGER, THREADS",True,True,False,True,True,False,Internal/App Page,True,False,False,2026-08-03,2026-07-31 07:00:00,2026-08-03 15:37:17.103942,3
1927194494637378,,True,2026-07-31 07:00:00,2026-08-02 07:00:00,Chemist Warehouse,Chemist Warehouse,JUST ONE CAPSULE A DAY,Want hair growth and thickness? Try Hair + Energy with 1000's of 5-star reviews!,Shop now,IMAGE,https://fb.com/canvas_doc/1045126574677975,fb.com,/canvas_doc/1045126574677975,,,,,,,Not Specified,,,,,,,,,,"['FACEBOOK', 'INSTAGRAM', 'MESSENGER', 'THREADS']",,,,,2026-W31,2026-08,"FACEBOOK, INSTAGRAM, MESSENGER, THREADS",True,True,False,True,True,False,Internal/App Page,True,False,False,2026-08-03,2026-07-31 07:00:00,2026-08-03 15:37:17.103942,3
1031542636282665,,True,2026-07-31 07:00:00,2026-08-02 07:00:00,Chemist Warehouse,Chemist Warehouse,JSHEALTH'S BEST-SELLING DETOX + DEBLOAT,Shop JSHealth's Detox + Debloat at Chemist Warehouse,Shop now,VIDEO,https://fb.com/canvas_doc/1783740562624115,fb.com,/canvas_doc/1783740562624115,,,,,,,Not Specified,,,,,,,,,,"['FACEBOOK', 'INSTAGRAM', 'MESSENGER', 'THREADS']",,,,,2026-W31,2026-08,"FACEBOOK, INSTAGRAM, MESSENGER, THREADS",True,True,False,True,True,False,Internal/App Page,True,True,False,2026-08-03,2026-07-31 07:00:00,2026-08-03 15:37:17.103942,3
1531172111310772,,True,2026-07-31 07:00:00,2026-08-02 07:00:00,Chemist Warehouse,Chemist Warehouse,JSHEALTH'S BEST-SELLING DETOX + DEBLOAT,Shop JSHealth's Detox + Debloat at Chemist Warehouse,Shop now,IMAGE,https://fb.com/canvas_doc/1703902133999576,fb.com,/canvas_doc/1703902133999576,,,,,,,Not Specified,,,,,,,,,,"['FACEBOOK', 'INSTAGRAM', 'MESSENGER', 'THREADS']",,,,,2026-W31,2026-08,"FACEBOOK, INSTAGRAM, MESSENGER, THREADS",True,True,False,True,True,False,Internal/App Page,True,True,False,2026-08-03,2026-07-31 07:00:00,2026-08-03 15:37:17.103942,3
3551340778408358,,True,2026-07-31 07:00:00,2026-08-02 07:00:00,Chemist Warehouse,Chemist Warehouse,NEW BERBERINE+,"Take charge of your metabolism with JSHealth's Berberine+ formula:
💥 Bioavailable, premium berberine called Berbevis®
💥 Two capsules daily for metabolism wellness
💥 Supports healthy cholesterol in healthy individuals",Shop now,IMAGE,https://fb.com/canvas_doc/896035049689607,fb.com,/canvas_doc/896035049689607,,,,,,,Not Specified,,,,,,,,,,"['FACEBOOK', 'INSTAGRAM', 'MESSENGER', 'THREADS']",,,,,2026-W31,2026-08,"FACEBOOK, INSTAGRAM, MESSENGER, THREADS",True,True,False,True,True,False,Internal/App Page,True,False,False,2026-08-03,2026-07-31 07:00:00,2026-08-03 15:37:17.103942,3
1346047160408568,,True,2026-07-31 07:00:00,2026-08-02 07:00:00,Chemist Warehouse,Chemist Warehouse,HAIR DENSITY + FULLNESS,JSHealth's best-selling Vita-Growth Scalp Serum has landed! With 7 clinically-backed actives for hair density + fullness.,Shop now,IMAGE,https://fb.com/canvas_doc/2508287679616593,fb.com,/canvas_doc/2508287679616593,,,,,,,Not Specified,,,,,,,,,,"['FACEBOOK', 'INSTAGRAM', 'MESSENGER', 'THREADS']",,,,,2026-W31,2026-08,"FACEBOOK, INSTAGRAM, MESSENGER, THREADS",True,True,False,True,True,False,Internal/App Page,True,False,False,2026-08-03,2026-07-31 07:00:00,2026-08-03 15:37:17.103942,3
1824333528549424,1972987723379611,True,2026-07-31 07:00:00,2026-08-02 07:00:00,Chemist Warehouse,Chemist Warehouse,Blackmores Magnesium,"Relieves muscle cramps when dietary intake is inadequate. 
Always read the label and follow the directions for use.",Shop now,VIDEO,https://www.chemistwarehouse.com.au/shop-online/513/blackmores?category=Muscles%2C%20Bones%20%26%20Joints&utm_source=facebook&utm_medium=social&utm_campaign=au_cw_oa_facebook_social_blackmoreslimited_blackmores_81_jul26_100661-oa_video-image&utm_term=traffic&utm_content=video-image_,www.chemistwarehouse.com.au,/shop-online/513/blackmores,facebook,social,au_cw_oa_facebook_social_blackmoreslimited_blackmores_81_jul26_100661-oa_video-image,81,traffic,video-image_,O&O,Blackmoreslimited,Blackmores,jul26,video-image,,,,,,"['FACEBOOK', 'INSTAGRAM', 'MESSENGER', 'WHATSAPP']",au,cw,facebook,social,2026-W31,2026-08,"FACEBOOK, INSTAGRAM, MESSENGER, WHATSAPP",True,True,False,True,False,True,Brand/Category Page,True,False,False,2026-08-03,2026-07-31 07:00:00,2026-08-03 15:37:17.103942,3
1684627659419975,1972987723379611,True,2026-07-31 07:00:00,2026-08-02 07:00:00,Chemist Warehouse,Chemist Warehouse,Blackmores Magnesium,"Relieves muscle cramps when dietary intake is inadequate. 
Always read the label and follow the directions for use.",Shop now,VIDEO,https://www.chemistwarehouse.com.au/shop-online/513/blackmores?category=Muscles%2C%20Bones%20%26%20Joints&utm_source=facebook&utm_medium=social&utm_campaign=au_cw_oa_facebook_social_blackmoreslimited_blackmores_81_jul26_100661-oa_video-image&utm_term=traffic&utm_content=video-image_,www.chemistwarehouse.com.au,/shop-online/513/blackmores,facebook,social,au_cw_oa_facebook_social_blackmoreslimited_blackmores_81_jul26_100661-oa_video-image,81,traffic,video-image_,O&O,Blackmoreslimited,Blackmores,jul26,video-image,,,,,,"['FACEBOOK', 'INSTAGRAM', 'MESSENGER', 'WHATSAPP']",au,cw,facebook,social,2026-W31,2026-08,"FACEBOOK, INSTAGRAM, MESSENGER, WHATSAPP",True,True,False,True,False,True,Brand/Category Page,True,False,False,2026-08-03,2026-07-31 07:00:00,2026-08-03 15:37:17.103942,3
1356474229279090,1732143094455290,True,2026-07-31 07:00:00,2026-08-02 07:00:00,Chemist Warehouse,Chemist Warehouse,Nutritionally support memory,Souvenaid Memory Drink: Hold On To What Matters,Learn more,VIDEO,https://fb.com/canvas_doc/2778011512579094,fb.com,/canvas_doc/2778011512579094,,,,,,,Not Specified,,,,,,,,,,"['FACEBOOK', 'INSTAGRAM']",,,,,2026-W31,2026-08,"FACEBOOK, INSTAGRAM",True,True,False,False,False,False,Internal/App Page,True,False,False,2026-08-03,2026-07-31 07:00:00,2026-08-03 15:37:17.103942,3
940154055775898,2337903103409745,True,2026-07-30 07:00:00,2026-08-02 07:00:00,Chemist Warehouse,Breeonabudget ,,"I’m all about small actions with big returns and this upgrade does just that
I’ve been using the @neutrogena_anz Collagen Bank Vitamin C Serum as a simple upgrade to my routine. It combines 15% Pure Vitamin C, Micro-Peptides to help support collagen, and PHA to gently exfoliate and help Vitamin C absorb into refreshed skin.
I love that it’s designed for brighter, smoother and more even-looking skin while still being gentle enough for daily use.
It’s new at Chemist Warehouse in-store or online.
#BankWithNeutrogena #Ad",Shop now,VIDEO,https://www.chemistwarehouse.com.au/shop-online/1873/neutrogena?utm_source=facebook&utm_medium=social&utm_campaign=au_cw_oa_facebook_social_johnsonjohnsonpacific_neutrogena_665_jul25_100649-oa_video-image&utm_term=traffic&utm_content=video-image_video-image,www.chemistwarehouse.com.au,/shop-online/1873/neutrogena,facebook,social,au_cw_oa_facebook_social_johnsonjohnsonpacific_neutrogena_665_jul25_100649-oa_video-image,665,traffic,video-image_video-image,O&O,Johnsonjohnsonpacific,Neutrogena,jul25,video-image,,,,,,"['FACEBOOK', 'INSTAGRAM', 'AUDIENCE_NETWORK', 'MESSENGER', 'WHATSAPP', 'THREADS']",au,cw,facebook,social,2026-W31,2026-08,"FACEBOOK, INSTAGRAM, AUDIENCE_NETWORK, MESSENGER, WHATSAPP, THREADS",True,True,True,True,True,True,Brand/Category Page,True,True,False,2026-08-03,2026-07-30 07:00:00,2026-08-03 15:37:17.103942,4
867360806228762,1682727586282390,True,2026-07-31 07:00:00,2026-08-02 07:00:00,Chemist Warehouse,Chemist Warehouse,{{product.name}},{{product.brand}},Learn more,DCO,https://www.chemistwarehouse.com.au/shop-online/5365/souvenaid?utm_source=facebook&utm_medium=social&utm_campaign=au_cw_coop_facebook_social_nutriciaaustraliaptylimited_souvenaid_81_2026_bau_dynamic&utm_term=conversion&utm_content=dynamic_video,www.chemistwarehouse.com.au,/shop-online/5365/souvenaid,facebook,social,au_cw_coop_facebook_social_nutriciaaustraliaptylimited_souvenaid_81_2026_bau_dynamic,81,conversion,dynamic_video,Coop,Nutriciaaustraliaptylimited,Souvenaid,2026,dynamic,Souvenaid at Chemist Warehouse,Souvenaid Memory Drink: Hold On To What Matters,Learn More,,https://video.fpss5-1.fna.fbcdn.net/o1/v/t2/f2/m366/AQP38oW-8AOv2TKQqziY1QE11AcTW56ZtU40oc_hqoGqqTfRPMWPNy9zic2HVVe-y9KHkDyMBT5oIKOh-GblBrWGoryVS7ZAdudA-zFqis3GqQ.mp4?_nc_cat=107&_nc_oc=Ado6JZ2rVaF4cCZqkboyLpVfvXi98Adlb_wabJewuCIZQj3I4NJ_uYiUT9SqcLn0Mck&_nc_sid=b66105&_nc_ht=video.fpss5-1.fna.fbcdn.net&_nc_ohc=pNPJ7kpjDJYQ7kNvwFFKx29&efg=eyJ2ZW5jb2RlX3RhZyI6Inhwdl9wcm9ncmVzc2l2ZS5WSV9VU0VDQVNFX1BST0RVQ1RfVFlQRS4uQzMuNzIwLmRhc2hfaDI2NC1iYXNpYy1nZW4yXzcyMHAiLCJ4cHZfYXNzZXRfaWQiOjI3MzIxNTk2NTU0MTYzMzUwLCJhc3NldF9hZ2VfZGF5cyI6MjUsInZpX3VzZWNhc2VfaWQiOjEwNzk5LCJkdXJhdGlvbl9zIjozMCwidXJsZ2VuX3NvdXJjZSI6Ind3dyJ9&ccb=17-1&vs=60d2f78118142318&_nc_vs=HBksFQIYRWZiX2VwaGVtZXJhbC85RjRBMEI3REZCMTBGMzJDRThDM0QxNUNFRkUxMUVCNV9tdF8xX3ZpZGVvX2Rhc2hpbml0Lm1wNBUAAsgBEgAVAhhAZmJfcGVybWFuZW50L0U3NDhFMTg4RDVGQkVCRUZERTZCRDM1QUMzOUVBNEFBX2F1ZGlvX2Rhc2hpbml0Lm1wNBUCAsgBEgAoABgAGwKIB3VzZV9vaWwBMRJwcm9ncmVzc2l2ZV9yZWNpcGUBMRUAACas0vWUnbaIYRUCKAJDMywXQD4IcrAgxJwYGWRhc2hfaDI2NC1iYXNpYy1nZW4yXzcyMHARAHUAZd6oAQA&_nc_gid=2suCpooVzLBqmm7YoSblDA&_nc_ss=7f180&_nc_zt=28&oh=00_AQHCjycl54-ZyXimwU8zVpdHepvOTWCuJ406oHoMdGuO3Q&oe=6A757831,"['FACEBOOK', 'INSTAGRAM']",au,cw,facebook,social,2026-W31,2026-08,"FACEBOOK, INSTAGRAM",True,True,False,False,False,False,Brand/Category Page,True,False,False,2026-08-03,2026-07-31 07:00:00,2026-08-03 15:37:17.103942,3
2532635593920214,4295840610639710,True,2026-07-31 07:00:00,2026-08-02 07:00:00,Chemist Warehouse,Chemist Warehouse,{{product.name}},{{product.brand}},See details,DCO,https://www.chemistwarehouse.com.au/shop-online/5365/souvenaid?utm_source=facebook&utm_medium=social&utm_campaign=au_cw_coop_facebook_social_nutriciaaustraliaptylimited_souvenaid_81_2026_bau_dynamic&utm_term=conversion&utm_content=dynamic_video,www.chemistwarehouse.com.au,/shop-online/5365/souvenaid,facebook,social,au_cw_coop_facebook_social_nutriciaaustraliaptylimited_souvenaid_81_2026_bau_dynamic,81,conversion,dynamic_video,Coop,Nutriciaaustraliaptylimited,Souvenaid,2026,dynamic,Souvenaid at Chemist Warehouse,Souvenaid: Supports Memory Function,See Details,,https://video.fpss5-1.fna.fbcdn.net/o1/v/t2/f2/m366/AQNVR_I92gW6yzaVUl-xjgvOMSA690mP2aJuNcnszJHkJzDsLm-vbxeBUZfBD9V8MUjrAkPjkYWNRGoAsEqHzTn3GKA04Lmqk-fInicXIU2ZBA.mp4?_nc_cat=105&_nc_oc=AdrDLWmRobm_D7_FEuggfLerRGjHoON4y_4X2eTcHfQ4pBWEMeTDdQG898qG2IGLhJo&_nc_sid=b66105&_nc_ht=video.fpss5-1.fna.fbcdn.net&_nc_ohc=hbVQue0QGGsQ7kNvwFuV3cz&efg=eyJ2ZW5jb2RlX3RhZyI6Inhwdl9wcm9ncmVzc2l2ZS5WSV9VU0VDQVNFX1BST0RVQ1RfVFlQRS4uQzMuNzIwLmRhc2hfaDI2NC1iYXNpYy1nZW4yXzcyMHAiLCJ4cHZfYXNzZXRfaWQiOjE0OTE5OTY2MzI2MDk3OTMsImFzc2V0X2FnZV9kYXlzIjoyNSwidmlfdXNlY2FzZV9pZCI6MTA3OTksImR1cmF0aW9uX3MiOjE0LCJ1cmxnZW5fc291cmNlIjoid3d3In0%3D&ccb=17-1&vs=bd4f0322b63fefdf&_nc_vs=HBksFQIYRWZiX2VwaGVtZXJhbC8zRDRGQ0Y0Q0MxQTQ1Q0IzQjhGMUVCNDdEMjY4QkJBQV9tdF8xX3ZpZGVvX2Rhc2hpbml0Lm1wNBUAAsgBEgAVAhhAZmJfcGVybWFuZW50LzNGNEUyQzY1QTQwNTgzRjg0M0MyREQ1MzUwMjhDMjg3X2F1ZGlvX2Rhc2hpbml0Lm1wNBUCAsgBEgAoABgAGwKIB3VzZV9vaWwBMRJwcm9ncmVzc2l2ZV9yZWNpcGUBMRUAACaC0NeU0b2mBRUCKAJDMywXQCwhysCDEm8YGWRhc2hfaDI2NC1iYXNpYy1nZW4yXzcyMHARAHUAZd6oAQA&_nc_gid=2suCpooVzLBqmm7YoSblDA&_nc_ss=7f180&_nc_zt=28&oh=00_AQEWArVlvGwGopWtHIu3RccunbH4bXdj6hsP0zESKWwQaw&oe=6A7588CF,"['FACEBOOK', 'INSTAGRAM']",au,cw,facebook,social,2026-W31,2026-08,"FACEBOOK, INSTAGRAM",True,True,False,False,False,False,Brand/Category Page,True,False,False,2026-08-03,2026-07-31 07:00:00,2026-08-03 15:37:17.103942,3
28126882600262963,,True,2026-07-31 07:00:00,2026-08-02 07:00:00,Chemist Warehouse,Chemist Warehouse,NEW! JSHEALTH CREATINE+,"NEW! 5g Creatine Monohydrate + Taurine + Choline
✅Helps metabolism of fat
✅Supports muscle strength
✅Supports memory recall",Shop now,IMAGE,https://fb.com/canvas_doc/1733785130971249,fb.com,/canvas_doc/1733785130971249,,,,,,,Not Specified,,,,,,,,,,"['FACEBOOK', 'INSTAGRAM', 'MESSENGER', 'THREADS']",,,,,2026-W31,2026-08,"FACEBOOK, INSTAGRAM, MESSENGER, THREADS",True,True,False,True,True,False,Internal/App Page,True,False,False,2026-08-03,2026-07-31 07:00:00,2026-08-03 15:37:17.103942,3
893677983793801,1711708630158562,True,2026-07-31 07:00:00,2026-08-02 07:00:00,Chemist Warehouse,Chemist Warehouse,Nutritionally support memory,Souvenaid: Supports Memory Function,Learn more,VIDEO,https://fb.com/canvas_doc/1591172115975460,fb.com,/canvas_doc/1591172115975460,,,,,,,Not Specified,,,,,,,,,,"['FACEBOOK', 'INSTAGRAM']",,,,,2026-W31,2026-08,"FACEBOOK, INSTAGRAM",True,True,False,False,False,False,Internal/App Page,True,False,False,2026-08-03,2026-07-31 07:00:00,2026-08-03 15:37:17.103942,3
1617921406421597,,True,2026-07-31 07:00:00,2026-08-02 07:00:00,Chemist Warehouse,Chemist Warehouse,SHOP JSHEALTH METABOLISM RANGE,"Where metabolism meets strength 💪
Try JSHealth Creatine+ and Berberine+, your new wellness duo.",Shop now,VIDEO,https://www.chemistwarehouse.com.au/shop-online/5602/jshealth?utm_source=facebook&utm_medium=social&utm_campaign=au_cw_coop_facebook_social_jshealthvitamins_jshealth_81_jan26_100007-influencer_video&utm_term=traffic&utm_content=video_influencer-lily,www.chemistwarehouse.com.au,/shop-online/5602/jshealth,facebook,social,au_cw_coop_facebook_social_jshealthvitamins_jshealth_81_jan26_100007-influencer_video,81,traffic,video_influencer-lily,Coop,Jshealthvitamins,Jshealth,jan26,video,,,,,,"['FACEBOOK', 'INSTAGRAM', 'MESSENGER', 'THREADS']",au,cw,facebook,social,2026-W31,2026-08,"FACEBOOK, INSTAGRAM, MESSENGER, THREADS",True,True,False,True,True,False,Brand/Category Page,True,False,False,2026-08-03,2026-07-31 07:00:00,2026-08-03 15:37:17.103942,3
1374626938141702,,True,2026-07-31 07:00:00,2026-08-02 07:00:00,Chemist Warehouse,Chemist Warehouse,NEW! JSHEALTH NMN 500 + RESVERATROL,"NEW! JSHealth NMN 500 + Resveratrol
🔋 Recharge your cellular battery
🔋 Support energy production
🔋 Reduce free radicals formed in the body",Shop now,VIDEO,https://www.chemistwarehouse.com.au/buy/169064/jshealth-nmn-500-resveratrol-60-capsules?utm_source=facebook&utm_medium=social&utm_campaign=au_cw_coop_facebook_social_jshealthvitamins_jshealth_81_jan26_100007-influencer_video&utm_term=traffic&utm_content=video_influencer-melanie,www.chemistwarehouse.com.au,/buy/169064/jshealth-nmn-500-resveratrol-60-capsules,facebook,social,au_cw_coop_facebook_social_jshealthvitamins_jshealth_81_jan26_100007-influencer_video,81,traffic,video_influencer-melanie,Coop,Jshealthvitamins,Jshealth,jan26,video,,,,,,"['FACEBOOK', 'INSTAGRAM', 'MESSENGER', 'THREADS']",au,cw,facebook,social,2026-W31,2026-08,"FACEBOOK, INSTAGRAM, MESSENGER, THREADS",True,True,False,True,True,False,SKU Product,True,False,False,2026-08-03,2026-07-31 07:00:00,2026-08-03 15:37:17.103942,3
1749845272706044,,True,2026-07-31 07:00:00,2026-08-02 07:00:00,Chemist Warehouse,Chemist Warehouse,NEW! JSHEALTH NMN 500 + RESVERATROL,"NEW! JSHealth NMN 500 + Resveratrol
🔋 Recharge your cellular battery
🔋 Support energy production
🔋 Reduce free radicals formed in the body",Shop now,IMAGE,https://fb.com/canvas_doc/1217842140478521,fb.com,/canvas_doc/1217842140478521,,,,,,,Not Specified,,,,,,,,,,"['FACEBOOK', 'INSTAGRAM', 'MESSENGER', 'THREADS']",,,,,2026-W31,2026-08,"FACEBOOK, INSTAGRAM, MESSENGER, THREADS",True,True,False,True,True,False,Internal/App Page,True,False,False,2026-08-03,2026-07-31 07:00:00,2026-08-03 15:37:17.103942,3
1450893850196795,1577235827311992,True,2026-07-30 07:00:00,2026-08-02 07:00:00,Chemist Warehouse,Chemist Warehouse,{{product.name}},{{product.brand}},Shop now,DCO,https://www.chemistwarehouse.com.au/search?query=comvita%20olive%20leaf%20extract&contexts=default&utm_source=facebook&utm_medium=social&utm_campaign=au_cw_oa_facebook_social_comvita_comvita_81_jul26_100687-oa_video&utm_term=traffic&utm_content=video_branding,www.chemistwarehouse.com.au,/search,facebook,social,au_cw_oa_facebook_social_comvita_comvita_81_jul26_100687-oa_video,81,traffic,video_branding,O&O,Comvita,Comvita,jul26,video,Shop at Chemist Warehouse,Shop Comvita Olive Leaf Extract at Chemist Warehouse,Shop Now,,https://video.fpss5-1.fna.fbcdn.net/o1/v/t2/f2/m366/AQOf4lu6sktPp80b5DYkdq4uMwIeo5Zt1edL0qolGdu-oTwVZEmgw2IjFrHVYDSEDs2nJTgppvFFM4XrUwyDXcZOxSRYMScQGGsTjwm-duqF7g.mp4?_nc_cat=107&_nc_oc=AdryOaufe0qvMBvBV7ZBpWmF8MsbcP-LYQ5P3FaB_ePqjrNH7fAa3vHGkjGnOb-7KRI&_nc_sid=b66105&_nc_ht=video.fpss5-1.fna.fbcdn.net&_nc_ohc=NjePoJ1liNcQ7kNvwH_R_qV&efg=eyJ2ZW5jb2RlX3RhZyI6Inhwdl9wcm9ncmVzc2l2ZS5WSV9VU0VDQVNFX1BST0RVQ1RfVFlQRS4uQzMuNzIwLmRhc2hfaDI2NC1iYXNpYy1nZW4yXzcyMHAiLCJ4cHZfYXNzZXRfaWQiOjE1NDk3NzkzNjMyMTU4NjIsImFzc2V0X2FnZV9kYXlzIjo5LCJ2aV91c2VjYXNlX2lkIjoxMDc5OSwiZHVyYXRpb25fcyI6MjksInVybGdlbl9zb3VyY2UiOiJ3d3cifQ%3D%3D&ccb=17-1&vs=94e166ac3cabd495&_nc_vs=HBksFQIYRWZiX2VwaGVtZXJhbC9CQTRFQzNCRDg1M0FENEQxREMyQTM0MDg2QkMxMjZBQ19tdF8xX3ZpZGVvX2Rhc2hpbml0Lm1wNBUAAsgBEgAVAhhAZmJfcGVybWFuZW50LzEzNEVGNkVDMTQwNUYyOEQzOTUzN0Q5QkJGNTcyQzg2X2F1ZGlvX2Rhc2hpbml0Lm1wNBUCAsgBEgAoABgAGwKIB3VzZV9vaWwBMRJwcm9ncmVzc2l2ZV9yZWNpcGUBMRUAACbs5-WGhOHABRUCKAJDMywXQD3VP3ztkWgYGWRhc2hfaDI2NC1iYXNpYy1nZW4yXzcyMHARAHUAZd6oAQA&_nc_gid=2suCpooVzLBqmm7YoSblDA&_nc_ss=7f180&_nc_zt=28&oh=00_AQH-J3K1srvUXGpxIozYclBRNA7cmRVLqYc5Fic6YpBvdQ&oe=6A757EE5,"['FACEBOOK', 'INSTAGRAM', 'AUDIENCE_NETWORK', 'WHATSAPP', 'THREADS']",au,cw,facebook,social,2026-W31,2026-08,"FACEBOOK, INSTAGRAM, AUDIENCE_NETWORK, WHATSAPP, THREADS",True,True,True,False,True,True,Search Page,True,False,False,2026-08-03,2026-07-30 07:00:00,2026-08-03 15:37:17.103942,4
1601877211300561,1577235827311992,True,2026-07-30 07:00:00,2026-08-02 07:00:00,Chemist Warehouse,Chemist Warehouse,{{product.name}},{{product.brand}},Shop now,DCO,https://www.chemistwarehouse.com.au/search?query=comvita%20olive%20leaf%20extract&contexts=default&utm_source=facebook&utm_medium=social&utm_campaign=au_cw_oa_facebook_social_comvita_comvita_81_jul26_100687-oa_video&utm_term=traffic&utm_content=video_branding,www.chemistwarehouse.com.au,/search,facebook,social,au_cw_oa_facebook_social_comvita_comvita_81_jul26_100687-oa_video,81,traffic,video_branding,O&O,Comvita,Comvita,jul26,video,Shop at Chemist Warehouse,Shop Comvita Olive Leaf Extract at Chemist Warehouse,Shop Now,,https://video.fpss5-1.fna.fbcdn.net/o1/v/t2/f2/m366/AQOf4lu6sktPp80b5DYkdq4uMwIeo5Zt1edL0qolGdu-oTwVZEmgw2IjFrHVYDSEDs2nJTgppvFFM4XrUwyDXcZOxSRYMScQGGsTjwm-duqF7g.mp4?_nc_cat=107&_nc_oc=AdryOaufe0qvMBvBV7ZBpWmF8MsbcP-LYQ5P3FaB_ePqjrNH7fAa3vHGkjGnOb-7KRI&_nc_sid=b66105&_nc_ht=video.fpss5-1.fna.fbcdn.net&_nc_ohc=NjePoJ1liNcQ7kNvwH_R_qV&efg=eyJ2ZW5jb2RlX3RhZyI6Inhwdl9wcm9ncmVzc2l2ZS5WSV9VU0VDQVNFX1BST0RVQ1RfVFlQRS4uQzMuNzIwLmRhc2hfaDI2NC1iYXNpYy1nZW4yXzcyMHAiLCJ4cHZfYXNzZXRfaWQiOjE1NDk3NzkzNjMyMTU4NjIsImFzc2V0X2FnZV9kYXlzIjo5LCJ2aV91c2VjYXNlX2lkIjoxMDc5OSwiZHVyYXRpb25fcyI6MjksInVybGdlbl9zb3VyY2UiOiJ3d3cifQ%3D%3D&ccb=17-1&vs=94e166ac3cabd495&_nc_vs=HBksFQIYRWZiX2VwaGVtZXJhbC9CQTRFQzNCRDg1M0FENEQxREMyQTM0MDg2QkMxMjZBQ19tdF8xX3ZpZGVvX2Rhc2hpbml0Lm1wNBUAAsgBEgAVAhhAZmJfcGVybWFuZW50LzEzNEVGNkVDMTQwNUYyOEQzOTUzN0Q5QkJGNTcyQzg2X2F1ZGlvX2Rhc2hpbml0Lm1wNBUCAsgBEgAoABgAGwKIB3VzZV9vaWwBMRJwcm9ncmVzc2l2ZV9yZWNpcGUBMRUAACbs5-WGhOHABRUCKAJDMywXQD3VP3ztkWgYGWRhc2hfaDI2NC1iYXNpYy1nZW4yXzcyMHARAHUAZd6oAQA&_nc_gid=2suCpooVzLBqmm7YoSblDA&_nc_ss=7f180&_nc_zt=28&oh=00_AQH-J3K1srvUXGpxIozYclBRNA7cmRVLqYc5Fic6YpBvdQ&oe=6A757EE5,"['FACEBOOK', 'INSTAGRAM', 'AUDIENCE_NETWORK', 'MESSENGER', 'WHATSAPP', 'THREADS']",au,cw,facebook,social,2026-W31,2026-08,"FACEBOOK, INSTAGRAM, AUDIENCE_NETWORK, MESSENGER, WHATSAPP, THREADS",True,True,True,True,True,True,Search Page,True,False,False,2026-08-03,2026-07-30 07:00:00,2026-08-03 15:37:17.103942,4
2184728152071626,2337903103409745,True,2026-07-30 07:00:00,2026-08-02 07:00:00,Chemist Warehouse,Breeonabudget ,,"I’m all about small actions with big returns and this upgrade does just that
I’ve been using the @neutrogena_anz Collagen Bank Vitamin C Serum as a simple upgrade to my routine. It combines 15% Pure Vitamin C, Micro-Peptides to help support collagen, and PHA to gently exfoliate and help Vitamin C absorb into refreshed skin.
I love that it’s designed for brighter, smoother and more even-looking skin while still being gentle enough for daily use.
It’s new at Chemist Warehouse in-store or online.
#BankWithNeutrogena #Ad",Shop now,VIDEO,https://www.chemistwarehouse.com.au/shop-online/1873/neutrogena?utm_source=facebook&utm_medium=social&utm_campaign=au_cw_oa_facebook_social_johnsonjohnsonpacific_neutrogena_665_jul25_100649-oa_video-image&utm_term=traffic&utm_content=video-image_video-image,www.chemistwarehouse.com.au,/shop-online/1873/neutrogena,facebook,social,au_cw_oa_facebook_social_johnsonjohnsonpacific_neutrogena_665_jul25_100649-oa_video-image,665,traffic,video-image_video-image,O&O,Johnsonjohnsonpacific,Neutrogena,jul25,video-image,,,,,,"['FACEBOOK', 'INSTAGRAM', 'AUDIENCE_NETWORK', 'MESSENGER', 'WHATSAPP', 'THREADS']",au,cw,facebook,social,2026-W31,2026-08,"FACEBOOK, INSTAGRAM, AUDIENCE_NETWORK, MESSENGER, WHATSAPP, THREADS",True,True,True,True,True,True,Brand/Category Page,True,True,False,2026-08-03,2026-07-30 07:00:00,2026-08-03 15:37:17.103942,4
1465427142289705,2951934431825005,True,2026-07-30 07:00:00,2026-08-02 07:00:00,Chemist Warehouse,Chemist Warehouse,{{product.name}},{{product.brand}},Shop now,DCO,https://www.chemistwarehouse.com.au/buy/116797/swisse-womens-multivitamin-50-90-tablets,www.chemistwarehouse.com.au,/buy/116797/swisse-womens-multivitamin-50-90-tablets,,,,,,,Not Specified,,,,,Support general health and wellbeing of women over 50,Shop Swisse Ultivite Women’s 50+ Multivitamin  at Chemist Warehouse.,Shop Now,,https://video.fpss5-1.fna.fbcdn.net/o1/v/t2/f2/m366/AQO5WadUZg7m3I4R79-Zb0pSaBd6MrjBvgNgwPZawaq9wxJ-S0BrGKSMc-5V1Y6WflbwcOO5urkp6zYaAHcZjpelBRabgnQTdrTh1e_SzM5BHQ.mp4?_nc_cat=100&_nc_oc=AdoSgt8PqKFtErCtPVAtuf-FTdhcEtub4CaK-19sgeH5DXrig5bI_CZpUfg5OlqpIcM&_nc_sid=b66105&_nc_ht=video.fpss5-1.fna.fbcdn.net&_nc_ohc=ijupIZ38X_EQ7kNvwGn_Pnq&efg=eyJ2ZW5jb2RlX3RhZyI6Inhwdl9wcm9ncmVzc2l2ZS5WSV9VU0VDQVNFX1BST0RVQ1RfVFlQRS4uQzMuNzE2LmRhc2hfaDI2NC1iYXNpYy1nZW4yXzcyMHAiLCJ4cHZfYXNzZXRfaWQiOjE2MDkyODAyMjM5MjcwMDksImFzc2V0X2FnZV9kYXlzIjoyLCJ2aV91c2VjYXNlX2lkIjoxMDEzOSwiZHVyYXRpb25fcyI6NywidXJsZ2VuX3NvdXJjZSI6Ind3dyJ9&ccb=17-1&vs=2e29960dc828e349&_nc_vs=HBksFQIYRWZiX2VwaGVtZXJhbC84RDRCQUUzNzE4MkQ0RTUxODczMEJCRUZBQURBQkNBNF9tdF8xX3ZpZGVvX2Rhc2hpbml0Lm1wNBUAAsgBEgAVAhhAZmJfcGVybWFuZW50L0RDNDZFMjJEMEU3NzYyNUVGRTMzMTA2MTkzN0JGMTk2X2F1ZGlvX2Rhc2hpbml0Lm1wNBUCAsgBEgAoABgAGwKIB3VzZV9vaWwBMRJwcm9ncmVzc2l2ZV9yZWNpcGUBMRUAACbC67qBuOjbBRUCKAJDMywXQB-7ZFocrAgYGWRhc2hfaDI2NC1iYXNpYy1nZW4yXzcyMHARAHUAZbaeAQA&_nc_gid=2suCpooVzLBqmm7YoSblDA&_nc_ss=7f180&_nc_zt=28&oh=00_AQFQJ3UarPzw55_PLrZ7n3YRTgbMCTj8-tWB6mm8w0ABjA&oe=6A75788C,"['FACEBOOK', 'INSTAGRAM', 'MESSENGER', 'WHATSAPP']",,,,,2026-W31,2026-08,"FACEBOOK, INSTAGRAM, MESSENGER, WHATSAPP",True,True,False,True,False,True,SKU Product,True,False,False,2026-08-03,2026-07-30 07:00:00,2026-08-03 15:37:17.103942,4
2498349887335074,28305453469060476,True,2026-07-30 07:00:00,2026-08-02 07:00:00,Chemist Warehouse,Chemist Warehouse,{{product.name}},{{product.brand}},Shop now,DCO,https://www.chemistwarehouse.com.au/buy/92655/inner-health-plus-double-strength-probiotic-60-capsules,www.chemistwarehouse.com.au,/buy/92655/inner-health-plus-double-strength-probiotic-60-capsules,,,,,,,Not Specified,,,,,Shop Inner Health now at Chemist Warehouse!,Ready to own the morning? Start strong with Inner Health Plus Probiotic capsules.,Shop Now,,https://video.fpss5-1.fna.fbcdn.net/o1/v/t2/f2/m366/AQP01uAmJIiYsCMYJY_NpRVo4tD9nMv6LGS-02ipbvG4WfoF3DyNe2jokgzI68EMpjTGUK7q8JCK6Zx_poFg_lcbG6QsUpd2_m_oDtXE0nCyBQ.mp4?_nc_cat=108&_nc_oc=AdrSabxbBdIUVQI5eYCS2c9jpBoz1hw9jd2S2wgSm3HbMzpXwwpHEKv4JnBMPjqTtmI&_nc_sid=b66105&_nc_ht=video.fpss5-1.fna.fbcdn.net&_nc_ohc=M6vo1MKzEsgQ7kNvwGyXTx7&efg=eyJ2ZW5jb2RlX3RhZyI6Inhwdl9wcm9ncmVzc2l2ZS5WSV9VU0VDQVNFX1BST0RVQ1RfVFlQRS4uQzMuNzE2LmRhc2hfaDI2NC1iYXNpYy1nZW4yXzcyMHAiLCJ4cHZfYXNzZXRfaWQiOjIxMjAwMjAyODUyMTE2NjUsImFzc2V0X2FnZV9kYXlzIjoyLCJ2aV91c2VjYXNlX2lkIjoxMDEzOSwiZHVyYXRpb25fcyI6NywidXJsZ2VuX3NvdXJjZSI6Ind3dyJ9&ccb=17-1&vs=190ff3e4ece68b2d&_nc_vs=HBksFQIYRWZiX2VwaGVtZXJhbC80MzRFNTBFRTlCQkQ2NDgwMzUwMkNDRkMyRDg1RTVCNF9tdF8xX3ZpZGVvX2Rhc2hpbml0Lm1wNBUAAsgBEgAVAhhAZmJfcGVybWFuZW50Lzc1NDMzNEU4NDA0NUQ0MkFDQzUzOTVFMDBDOENEMDg2X2F1ZGlvX2Rhc2hpbml0Lm1wNBUCAsgBEgAoABgAGwKIB3VzZV9vaWwBMRJwcm9ncmVzc2l2ZV9yZWNpcGUBMRUAACaikKKAtonEBxUCKAJDMywXQB6IMSbpeNUYGWRhc2hfaDI2NC1iYXNpYy1nZW4yXzcyMHARAHUAZbaeAQA&_nc_gid=2suCpooVzLBqmm7YoSblDA&_nc_ss=7f180&_nc_zt=28&oh=00_AQHNZ4z3YTUCcCq7KfxTVETZWz_y89NQRH91t45oSUf4dg&oe=6A75A104,"['FACEBOOK', 'INSTAGRAM', 'MESSENGER', 'WHATSAPP']",,,,,2026-W31,2026-08,"FACEBOOK, INSTAGRAM, MESSENGER, WHATSAPP",True,True,False,True,False,True,SKU Product,True,False,False,2026-08-03,2026-07-30 07:00:00,2026-08-03 15:37:17.103942,4
1127175153302842,,True,2026-07-30 07:00:00,2026-08-01 07:00:00,Chemist Warehouse,Chemist Warehouse,Made for women,Swisse Women's Vitamins — tailored support from your 30s to your 65+,Shop now,IMAGE,https://fb.com/canvas_doc/1019498944141039,fb.com,/canvas_doc/1019498944141039,,,,,,,Not Specified,,,,,,,,,,"['FACEBOOK', 'INSTAGRAM', 'AUDIENCE_NETWORK', 'MESSENGER', 'THREADS']",,,,,2026-W31,2026-08,"FACEBOOK, INSTAGRAM, AUDIENCE_NETWORK, MESSENGER, THREADS",True,True,True,True,True,False,Internal/App Page,True,False,False,2026-08-03,2026-07-30 07:00:00,2026-08-03 15:37:17.103942,4
27545549008472801,,True,2026-07-30 07:00:00,2026-08-02 07:00:00,Chemist Warehouse,Chemist Warehouse,Made for women,Swisse Women's Vitamins — tailored support from your 30s to your 65+,Shop now,IMAGE,https://fb.com/canvas_doc/2957561687923003,fb.com,/canvas_doc/2957561687923003,,,,,,,Not Specified,,,,,,,,,,"['FACEBOOK', 'INSTAGRAM', 'AUDIENCE_NETWORK', 'MESSENGER', 'THREADS']",,,,,2026-W31,2026-08,"FACEBOOK, INSTAGRAM, AUDIENCE_NETWORK, MESSENGER, THREADS",True,True,True,True,True,False,Internal/App Page,True,False,False,2026-08-03,2026-07-30 07:00:00,2026-08-03 15:37:17.103942,4
5537217969837548,1374724464586284,True,2026-07-30 07:00:00,2026-08-02 07:00:00,Chemist Warehouse,Chemist Warehouse,{{product.name}},{{product.brand}},Shop now,DCO,https://www.chemistwarehouse.com.au/buy/81716/bioderma-sensibio-h2o-soothing-micellar-water-cleanser-500ml,www.chemistwarehouse.com.au,/buy/81716/bioderma-sensibio-h2o-soothing-micellar-water-cleanser-500ml,,,,,,,Not Specified,,,,,Shop Bioderma now at Chemist Warehouse!,Cleansers leaving your skin tight? Choose a formula designed for sensitive skin.,Shop Now,,https://video.fpss5-1.fna.fbcdn.net/o1/v/t2/f2/m366/AQMeG-xJU_53iFS97JxPd-K2V0Tsemkn6-IXCBD5nHReojitj6yGEeTl59W4E3zsvvjRcXuoqUbqX2Vz309HUmTA1-IGigHsXetd5UAY_AtXtQ.mp4?_nc_cat=103&_nc_oc=AdpyDxDaZEsdY7TnRABdxjXs06RAlsoMmS5of_ou2ZTehTI4anrrruYcYBWUY3KC13M&_nc_sid=b66105&_nc_ht=video.fpss5-1.fna.fbcdn.net&_nc_ohc=rx2m0QZ7K5EQ7kNvwEgOeT-&efg=eyJ2ZW5jb2RlX3RhZyI6Inhwdl9wcm9ncmVzc2l2ZS5WSV9VU0VDQVNFX1BST0RVQ1RfVFlQRS4uQzMuNzIwLmRhc2hfaDI2NC1iYXNpYy1nZW4yXzcyMHAiLCJ4cHZfYXNzZXRfaWQiOjEyMzc0NTMxNjE4MDAzODAsImFzc2V0X2FnZV9kYXlzIjoyLCJ2aV91c2VjYXNlX2lkIjoxMDEzOSwiZHVyYXRpb25fcyI6NywidXJsZ2VuX3NvdXJjZSI6Ind3dyJ9&ccb=17-1&vs=ace2002a0f4975a&_nc_vs=HBksFQIYRWZiX2VwaGVtZXJhbC9GNjREMDJDRDI1M0U0RjBERkE2RDg3NTUzNDIzMzNCN19tdF8xX3ZpZGVvX2Rhc2hpbml0Lm1wNBUAAsgBEgAVAhhAZmJfcGVybWFuZW50LzBENEY4OTdDQkNDOUQ5QzI1RTMzOEIyMDUwNzhBQ0E5X2F1ZGlvX2Rhc2hpbml0Lm1wNBUCAsgBEgAoABgAGwKIB3VzZV9vaWwBMRJwcm9ncmVzc2l2ZV9yZWNpcGUBMRUAACb4ipXCoN2yBBUCKAJDMywXQB92yLQ5WBAYGWRhc2hfaDI2NC1iYXNpYy1nZW4yXzcyMHARAHUAZbaeAQA&_nc_gid=2suCpooVzLBqmm7YoSblDA&_nc_ss=7f180&_nc_zt=28&oh=00_AQHjySccyX2d62D0CC79cErexMuqKMzGna5vfaScbv8I0Q&oe=6A75A811,"['FACEBOOK', 'INSTAGRAM', 'MESSENGER', 'WHATSAPP']",,,,,2026-W31,2026-08,"FACEBOOK, INSTAGRAM, MESSENGER, WHATSAPP",True,True,False,True,False,True,SKU Product,True,False,False,2026-08-03,2026-07-30 07:00:00,2026-08-03 15:37:17.103942,4
1555140606106389,,True,2026-07-31 07:00:00,2026-08-02 07:00:00,Chemist Warehouse,Chemist Warehouse,Made for women,Swisse Women's Vitamins — tailored support from your 30s to your 65+,Shop now,IMAGE,https://fb.com/canvas_doc/1053218177182481,fb.com,/canvas_doc/1053218177182481,,,,,,,Not Specified,,,,,,,,,,"['FACEBOOK', 'INSTAGRAM', 'AUDIENCE_NETWORK', 'MESSENGER', 'THREADS']",,,,,2026-W31,2026-08,"FACEBOOK, INSTAGRAM, AUDIENCE_NETWORK, MESSENGER, THREADS",True,True,True,True,True,False,Internal/App Page,True,False,False,2026-08-03,2026-07-31 07:00:00,2026-08-03 15:37:17.103942,3
1620922612790738,1703986234208415,True,2026-07-29 07:00:00,2026-08-02 07:00:00,Chemist Warehouse,Chemist Warehouse,{{product.name}},{{product.brand}},Shop now,DCO,https://www.chemistwarehouse.com.au/shop-online/revlon-international-lipstick-day?utm_source=facebook&utm_medium=social&utm_campaign=au_cw_oa_facebook_social_revlonaustraliaptyltd_revlon_648_jul26_100706-ild_video-image&utm_term=traffic&utm_content=video-image_static-image,www.chemistwarehouse.com.au,/shop-online/revlon-international-lipstick-day,facebook,social,au_cw_oa_facebook_social_revlonaustraliaptyltd_revlon_648_jul26_100706-ild_video-image,648,traffic,video-image_static-image,O&O,Revlonaustraliaptyltd,Revlon,jul26,video-image,Click and collect available,Shop 40% off RRP Revlon lip range at Chemist Warehouse.,Shop Now,https://scontent.fpss5-1.fna.fbcdn.net/v/t39.35426-6/759188623_1349712983809014_3590176512605938762_n.jpg?_nc_cat=108&ccb=1-7&_nc_sid=c53f8f&_nc_ohc=f546lnAh0WkQ7kNvwFG8yp9&_nc_oc=Adrpsq1XlDAsRJEmEYsB6UxyKIFLS0LBuVTrMRJBHWVs3r7EyYJ54j1iuiwRnfUNswA&_nc_zt=14&_nc_ht=scontent.fpss5-1.fna&_nc_gid=2suCpooVzLBqmm7YoSblDA&_nc_ss=7f180&oh=00_AQFGyD-1jjj_vlgnO6mcwlJqScrscSdEhr1EcbBBbDkRdw&oe=6A75782A,,"['FACEBOOK', 'INSTAGRAM']",au,cw,facebook,social,2026-W31,2026-08,"FACEBOOK, INSTAGRAM",True,True,False,False,False,False,Brand/Category Page,True,False,False,2026-08-03,2026-07-29 07:00:00,2026-08-03 15:37:17.103942,5
1353065936388363,1073086652082821,True,2026-07-29 07:00:00,2026-08-02 07:00:00,Chemist Warehouse,Chemist Warehouse,Click and collect available,Shop 40% off RRP Revlon lip range at Chemist Warehouse.,Shop now,IMAGE,https://www.chemistwarehouse.com.au/shop-online/revlon-international-lipstick-day?utm_source=facebook&utm_medium=social&utm_campaign=au_cw_oa_facebook_social_revlonaustraliaptyltd_revlon_648_jul26_100706-ild_video-image&utm_term=traffic&utm_content=video-image_static-image,www.chemistwarehouse.com.au,/shop-online/revlon-international-lipstick-day,facebook,social,au_cw_oa_facebook_social_revlonaustraliaptyltd_revlon_648_jul26_100706-ild_video-image,648,traffic,video-image_static-image,O&O,Revlonaustraliaptyltd,Revlon,jul26,video-image,,,,,,"['FACEBOOK', 'INSTAGRAM']",au,cw,facebook,social,2026-W31,2026-08,"FACEBOOK, INSTAGRAM",True,True,False,False,False,False,Brand/Category Page,True,True,False,2026-08-03,2026-07-29 07:00:00,2026-08-03 15:37:17.103942,5
2254652348682259,1971427556874361,True,2026-07-30 07:00:00,2026-08-02 07:00:00,Chemist Warehouse,Chemist Warehouse,Click and collect available,Shop 40% off RRP Revlon lip range at Chemist Warehouse.,Shop now,VIDEO,https://www.chemistwarehouse.com.au/shop-online/revlon-international-lipstick-day?utm_source=facebook&utm_medium=social&utm_campaign=au_cw_oa_facebook_social_revlonaustraliaptyltd_revlon_648_jul26_100706-ild_video-image&utm_term=traffic&utm_content=video-image_video,www.chemistwarehouse.com.au,/shop-online/revlon-international-lipstick-day,facebook,social,au_cw_oa_facebook_social_revlonaustraliaptyltd_revlon_648_jul26_100706-ild_video-image,648,traffic,video-image_video,O&O,Revlonaustraliaptyltd,Revlon,jul26,video-image,,,,,,"['FACEBOOK', 'INSTAGRAM']",au,cw,facebook,social,2026-W31,2026-08,"FACEBOOK, INSTAGRAM",True,True,False,False,False,False,Brand/Category Page,True,True,False,2026-08-03,2026-07-30 07:00:00,2026-08-03 15:37:17.103942,4
1345988947177982,1032475076238952,True,2026-07-29 07:00:00,2026-08-02 07:00:00,Chemist Warehouse,Chemist Warehouse,Shop Sukin now at Chemist Warehouse!,You drink coffee to wake up – but did you know it can awaken your skin too?,Shop now,IMAGE,https://www.chemistwarehouse.com.au/buy/163820/sukin-signature-awakening-face-gel-100ml,www.chemistwarehouse.com.au,/buy/163820/sukin-signature-awakening-face-gel-100ml,,,,,,,Not Specified,,,,,,,,,,"['FACEBOOK', 'INSTAGRAM', 'THREADS']",,,,,2026-W31,2026-08,"FACEBOOK, INSTAGRAM, THREADS",True,True,False,False,True,False,SKU Product,True,True,False,2026-08-03,2026-07-29 07:00:00,2026-08-03 15:37:17.103942,5
967815036311195,2112386225977233,True,2026-07-29 07:00:00,2026-08-02 07:00:00,Chemist Warehouse,Chemist Warehouse,Start Winter Skin Right,"Cleanse, hydrate and prep your skin for the day with Sukin's winter hydration essentials.",Shop now,VIDEO,https://www.chemistwarehouse.com.au/shop-online/902/sukin?utm_source=facebook&utm_medium=social&utm_campaign=au_cw_oa_facebook_social_sukinaustraliaptyltd_sukin_665_jul26_100663-oa_video-image&utm_term=traffic&utm_content=video-image_,www.chemistwarehouse.com.au,/shop-online/902/sukin,facebook,social,au_cw_oa_facebook_social_sukinaustraliaptyltd_sukin_665_jul26_100663-oa_video-image,665,traffic,video-image_,O&O,Sukinaustraliaptyltd,Sukin,jul26,video-image,,,,,,"['FACEBOOK', 'INSTAGRAM', 'AUDIENCE_NETWORK', 'MESSENGER', 'WHATSAPP', 'THREADS']",au,cw,facebook,social,2026-W31,2026-08,"FACEBOOK, INSTAGRAM, AUDIENCE_NETWORK, MESSENGER, WHATSAPP, THREADS",True,True,True,True,True,True,Brand/Category Page,True,False,False,2026-08-03,2026-07-29 07:00:00,2026-08-03 15:37:17.103942,5
2392093794532496,2112386225977233,True,2026-07-29 07:00:00,2026-08-02 07:00:00,Chemist Warehouse,Chemist Warehouse,Start Winter Skin Right,"Cleanse, hydrate and prep your skin for the day with Sukin's winter hydration essentials.",Shop now,VIDEO,https://www.chemistwarehouse.com.au/shop-online/902/sukin?utm_source=facebook&utm_medium=social&utm_campaign=au_cw_oa_facebook_social_sukinaustraliaptyltd_sukin_665_jul26_100663-oa_video-image&utm_term=traffic&utm_content=video-image_,www.chemistwarehouse.com.au,/shop-online/902/sukin,facebook,social,au_cw_oa_facebook_social_sukinaustraliaptyltd_sukin_665_jul26_100663-oa_video-image,665,traffic,video-image_,O&O,Sukinaustraliaptyltd,Sukin,jul26,video-image,,,,,,"['FACEBOOK', 'INSTAGRAM', 'AUDIENCE_NETWORK', 'MESSENGER', 'WHATSAPP', 'THREADS']",au,cw,facebook,social,2026-W31,2026-08,"FACEBOOK, INSTAGRAM, AUDIENCE_NETWORK, MESSENGER, WHATSAPP, THREADS",True,True,True,True,True,True,Brand/Category Page,True,False,False,2026-08-03,2026-07-29 07:00:00,2026-08-03 15:37:17.103942,5
1014620834698090,1361798966096678,True,2026-07-29 07:00:00,2026-08-02 07:00:00,Chemist Warehouse,Chemist Warehouse,Start Winter Skin Right,"Cleanse, hydrate and prep your skin for the day with Sukin's winter hydration essentials.",Shop now,VIDEO,https://www.chemistwarehouse.com.au/shop-online/902/sukin?utm_source=facebook&utm_medium=social&utm_campaign=au_cw_oa_facebook_social_sukinaustraliaptyltd_sukin_665_jul26_100663-oa_video-image&utm_term=traffic&utm_content=video-image_,www.chemistwarehouse.com.au,/shop-online/902/sukin,facebook,social,au_cw_oa_facebook_social_sukinaustraliaptyltd_sukin_665_jul26_100663-oa_video-image,665,traffic,video-image_,O&O,Sukinaustraliaptyltd,Sukin,jul26,video-image,,,,,,"['FACEBOOK', 'INSTAGRAM', 'AUDIENCE_NETWORK', 'MESSENGER', 'WHATSAPP', 'THREADS']",au,cw,facebook,social,2026-W31,2026-08,"FACEBOOK, INSTAGRAM, AUDIENCE_NETWORK, MESSENGER, WHATSAPP, THREADS",True,True,True,True,True,True,Brand/Category Page,True,False,False,2026-08-03,2026-07-29 07:00:00,2026-08-03 15:37:17.103942,5
1584973026600937,1034547282614970,True,2026-07-29 07:00:00,2026-08-02 07:00:00,Chemist Warehouse,Chemist Warehouse,{{product.name}},{{product.brand}},Shop now,DCO,https://www.chemistwarehouse.com.au/shop-online/1520/claratyne?utm_source=facebook&utm_medium=social&utm_campaign=au_cw_coop_facebook_social_bayeraustralialtd_claratyne_258_jul26_100137-bau_video&utm_term=traffic&utm_content=video_video,www.chemistwarehouse.com.au,/shop-online/1520/claratyne,facebook,social,au_cw_coop_facebook_social_bayeraustralialtd_claratyne_258_jul26_100137-bau_video,258,traffic,video_video,Coop,Bayeraustralialtd,Claratyne,jul26,video,Allergies? It's CLARATIME!,It’s CLARATIME with Claratyne. Show now at Chemist Warehouse!,Shop Now,,https://video.fpss5-1.fna.fbcdn.net/o1/v/t2/f2/m366/AQMs09pAaajYAyENKro8-NuzZktPgQx_rcPuecoRZYNsBgrqLSB7HksYxUtjdGMgWRMCf43tpGQ_sy6ZWY0j3QRv5NlSYwFgYn-qmc5-_zALAQ.mp4?_nc_cat=109&_nc_oc=Adp9RMAudyHWEg_xvjFGrzhuQIeyaRsPgxdTUrE82I3YRL7v-t24PmadDPmiMdOtxbg&_nc_sid=b66105&_nc_ht=video.fpss5-1.fna.fbcdn.net&_nc_ohc=tpMiBpC7yl0Q7kNvwGutbJT&efg=eyJ2ZW5jb2RlX3RhZyI6Inhwdl9wcm9ncmVzc2l2ZS5WSV9VU0VDQVNFX1BST0RVQ1RfVFlQRS4uQzMuNzIwLmRhc2hfaDI2NC1iYXNpYy1nZW4yXzcyMHAiLCJ4cHZfYXNzZXRfaWQiOjMyNTgxNjA2MDQzODU5OTgsImFzc2V0X2FnZV9kYXlzIjozLCJ2aV91c2VjYXNlX2lkIjoxMDc5OSwiZHVyYXRpb25fcyI6MjQsInVybGdlbl9zb3VyY2UiOiJ3d3cifQ%3D%3D&ccb=17-1&vs=baebb6e44f12d394&_nc_vs=HBksFQIYRWZiX2VwaGVtZXJhbC9DNjQ0N0FGQjM4QTA1ODMwODY2OUIwMjcxOEI3RjdCM19tdF8xX3ZpZGVvX2Rhc2hpbml0Lm1wNBUAAsgBEgAVAhhAZmJfcGVybWFuZW50L0VGNDAwNTg2NEZGNzRGQjEwNjIzRDIyQzQ3NTdEREFBX2F1ZGlvX2Rhc2hpbml0Lm1wNBUCAsgBEgAoABgAGwKIB3VzZV9vaWwBMRJwcm9ncmVzc2l2ZV9yZWNpcGUBMRUAACacy5CX9NHJCxUCKAJDMywXQDgZmZmZmZoYGWRhc2hfaDI2NC1iYXNpYy1nZW4yXzcyMHARAHUAZd6oAQA&_nc_gid=rKaep6xtm_rgDhOOZiqb_Q&_nc_ss=7f180&_nc_zt=28&oh=00_AQEUxyWftg26DVFEBKBwFpA-vq7_sqGeg8Fs-Ztn10XuPQ&oe=6A759C03,"['FACEBOOK', 'INSTAGRAM', 'AUDIENCE_NETWORK', 'WHATSAPP', 'THREADS']",au,cw,facebook,social,2026-W31,2026-08,"FACEBOOK, INSTAGRAM, AUDIENCE_NETWORK, WHATSAPP, THREADS",True,True,True,False,True,True,Brand/Category Page,True,False,False,2026-08-03,2026-07-29 07:00:00,2026-08-03 15:37:17.103942,5
3307238056123375,1361798966096678,True,2026-07-29 07:00:00,2026-08-02 07:00:00,Chemist Warehouse,Chemist Warehouse,Start Winter Skin Right,"Cleanse, hydrate and prep your skin for the day with Sukin's winter hydration essentials.",Shop now,VIDEO,https://www.chemistwarehouse.com.au/shop-online/902/sukin?utm_source=facebook&utm_medium=social&utm_campaign=au_cw_oa_facebook_social_sukinaustraliaptyltd_sukin_665_jul26_100663-oa_video-image&utm_term=traffic&utm_content=video-image_,www.chemistwarehouse.com.au,/shop-online/902/sukin,facebook,social,au_cw_oa_facebook_social_sukinaustraliaptyltd_sukin_665_jul26_100663-oa_video-image,665,traffic,video-image_,O&O,Sukinaustraliaptyltd,Sukin,jul26,video-image,,,,,,"['FACEBOOK', 'INSTAGRAM', 'AUDIENCE_NETWORK', 'MESSENGER', 'WHATSAPP', 'THREADS']",au,cw,facebook,social,2026-W31,2026-08,"FACEBOOK, INSTAGRAM, AUDIENCE_NETWORK, MESSENGER, WHATSAPP, THREADS",True,True,True,True,True,True,Brand/Category Page,True,False,False,2026-08-03,2026-07-29 07:00:00,2026-08-03 15:37:17.103942,5
1727486655243440,2095333427721244,True,2026-07-29 07:00:00,2026-08-02 07:00:00,Chemist Warehouse,Chemist Warehouse,Shop Natalis now at Chemist Warehouse!,"A multi vitamin for every parent, and every stage of the pregnancy journey.",Shop now,IMAGE,https://www.chemistwarehouse.com.au/buy/123147/natalis-pregnancy-support-30-tablets,www.chemistwarehouse.com.au,/buy/123147/natalis-pregnancy-support-30-tablets,,,,,,,Not Specified,,,,,,,,,,"['FACEBOOK', 'INSTAGRAM', 'THREADS']",,,,,2026-W31,2026-08,"FACEBOOK, INSTAGRAM, THREADS",True,True,False,False,True,False,SKU Product,True,True,False,2026-08-03,2026-07-29 07:00:00,2026-08-03 15:37:17.103942,5
1021756874021810,2511976525893873,True,2026-07-29 07:00:00,2026-08-01 07:00:00,Chemist Warehouse,Chemist Warehouse,Blackmores Magnesium,"Relieves muscle cramps when dietary intake is inadequate. 
Always read the label and follow the directions for use.",Shop now,VIDEO,https://www.chemistwarehouse.com.au/shop-online/513/blackmores?category=Muscles%2C%20Bones%20%26%20Joints&utm_source=facebook&utm_medium=social&utm_campaign=au_cw_oa_facebook_social_blackmoreslimited_blackmores_81_jul26_100661-oa_video-image&utm_term=traffic&utm_content=video-image_,www.chemistwarehouse.com.au,/shop-online/513/blackmores,facebook,social,au_cw_oa_facebook_social_blackmoreslimited_blackmores_81_jul26_100661-oa_video-image,81,traffic,video-image_,O&O,Blackmoreslimited,Blackmores,jul26,video-image,,,,,,"['FACEBOOK', 'INSTAGRAM', 'MESSENGER', 'WHATSAPP']",au,cw,facebook,social,2026-W31,2026-08,"FACEBOOK, INSTAGRAM, MESSENGER, WHATSAPP",True,True,False,True,False,True,Brand/Category Page,True,False,False,2026-08-03,2026-07-29 07:00:00,2026-08-03 15:37:17.103942,5
1385526763751765,2511976525893873,True,2026-07-29 07:00:00,2026-08-01 07:00:00,Chemist Warehouse,Chemist Warehouse,Blackmores Magnesium,"Relieves muscle cramps when dietary intake is inadequate. 
Always read the label and follow the directions for use.",Shop now,VIDEO,https://www.chemistwarehouse.com.au/shop-online/513/blackmores?category=Muscles%2C%20Bones%20%26%20Joints&utm_source=facebook&utm_medium=social&utm_campaign=au_cw_oa_facebook_social_blackmoreslimited_blackmores_81_jul26_100661-oa_video-image&utm_term=traffic&utm_content=video-image_,www.chemistwarehouse.com.au,/shop-online/513/blackmores,facebook,social,au_cw_oa_facebook_social_blackmoreslimited_blackmores_81_jul26_100661-oa_video-image,81,traffic,video-image_,O&O,Blackmoreslimited,Blackmores,jul26,video-image,,,,,,"['FACEBOOK', 'INSTAGRAM', 'MESSENGER', 'WHATSAPP']",au,cw,facebook,social,2026-W31,2026-08,"FACEBOOK, INSTAGRAM, MESSENGER, WHATSAPP",True,True,False,True,False,True,Brand/Category Page,True,False,False,2026-08-03,2026-07-29 07:00:00,2026-08-03 15:37:17.103942,5
1020031157683392,1521152079191395,True,2026-07-29 07:00:00,2026-08-02 07:00:00,Chemist Warehouse,Chemist Warehouse,Blackmores Magnesium,"Relieves muscle cramps when dietary intake is inadequate. 
Always read the label and follow the directions for use.",Shop now,VIDEO,https://www.chemistwarehouse.com.au/shop-online/513/blackmores?category=Muscles%2C%20Bones%20%26%20Joints&utm_source=facebook&utm_medium=social&utm_campaign=au_cw_oa_facebook_social_blackmoreslimited_blackmores_81_jul26_100661-oa_video-image&utm_term=traffic&utm_content=video-image_,www.chemistwarehouse.com.au,/shop-online/513/blackmores,facebook,social,au_cw_oa_facebook_social_blackmoreslimited_blackmores_81_jul26_100661-oa_video-image,81,traffic,video-image_,O&O,Blackmoreslimited,Blackmores,jul26,video-image,,,,,,"['FACEBOOK', 'INSTAGRAM', 'MESSENGER', 'WHATSAPP']",au,cw,facebook,social,2026-W31,2026-08,"FACEBOOK, INSTAGRAM, MESSENGER, WHATSAPP",True,True,False,True,False,True,Brand/Category Page,True,False,False,2026-08-03,2026-07-29 07:00:00,2026-08-03 15:37:17.103942,5
1742365370238213,1521152079191395,True,2026-07-29 07:00:00,2026-08-02 07:00:00,Chemist Warehouse,Chemist Warehouse,Blackmores Magnesium,"Relieves muscle cramps when dietary intake is inadequate. 
Always read the label and follow the directions for use.",Shop now,VIDEO,https://www.chemistwarehouse.com.au/shop-online/513/blackmores?category=Muscles%2C%20Bones%20%26%20Joints&utm_source=facebook&utm_medium=social&utm_campaign=au_cw_oa_facebook_social_blackmoreslimited_blackmores_81_jul26_100661-oa_video-image&utm_term=traffic&utm_content=video-image_,www.chemistwarehouse.com.au,/shop-online/513/blackmores,facebook,social,au_cw_oa_facebook_social_blackmoreslimited_blackmores_81_jul26_100661-oa_video-image,81,traffic,video-image_,O&O,Blackmoreslimited,Blackmores,jul26,video-image,,,,,,"['FACEBOOK', 'INSTAGRAM', 'MESSENGER', 'WHATSAPP']",au,cw,facebook,social,2026-W31,2026-08,"FACEBOOK, INSTAGRAM, MESSENGER, WHATSAPP",True,True,False,True,False,True,Brand/Category Page,True,False,False,2026-08-03,2026-07-29 07:00:00,2026-08-03 15:37:17.103942,5
1759457018576903,1034547282614970,True,2026-07-29 07:00:00,2026-08-02 07:00:00,Chemist Warehouse,Chemist Warehouse,{{product.name}},{{product.brand}},Shop now,DCO,https://www.chemistwarehouse.com.au/shop-online/1520/claratyne?utm_source=facebook&utm_medium=social&utm_campaign=au_cw_coop_facebook_social_bayeraustralialtd_claratyne_258_jul26_100137-bau_video&utm_term=traffic&utm_content=video_video,www.chemistwarehouse.com.au,/shop-online/1520/claratyne,facebook,social,au_cw_coop_facebook_social_bayeraustralialtd_claratyne_258_jul26_100137-bau_video,258,traffic,video_video,Coop,Bayeraustralialtd,Claratyne,jul26,video,Allergies? It's CLARATIME!,It’s CLARATIME with Claratyne. Show now at Chemist Warehouse!,Shop Now,,https://video.fpss5-1.fna.fbcdn.net/o1/v/t2/f2/m366/AQMs09pAaajYAyENKro8-NuzZktPgQx_rcPuecoRZYNsBgrqLSB7HksYxUtjdGMgWRMCf43tpGQ_sy6ZWY0j3QRv5NlSYwFgYn-qmc5-_zALAQ.mp4?_nc_cat=109&_nc_oc=Adp9RMAudyHWEg_xvjFGrzhuQIeyaRsPgxdTUrE82I3YRL7v-t24PmadDPmiMdOtxbg&_nc_sid=b66105&_nc_ht=video.fpss5-1.fna.fbcdn.net&_nc_ohc=tpMiBpC7yl0Q7kNvwGutbJT&efg=eyJ2ZW5jb2RlX3RhZyI6Inhwdl9wcm9ncmVzc2l2ZS5WSV9VU0VDQVNFX1BST0RVQ1RfVFlQRS4uQzMuNzIwLmRhc2hfaDI2NC1iYXNpYy1nZW4yXzcyMHAiLCJ4cHZfYXNzZXRfaWQiOjMyNTgxNjA2MDQzODU5OTgsImFzc2V0X2FnZV9kYXlzIjozLCJ2aV91c2VjYXNlX2lkIjoxMDc5OSwiZHVyYXRpb25fcyI6MjQsInVybGdlbl9zb3VyY2UiOiJ3d3cifQ%3D%3D&ccb=17-1&vs=baebb6e44f12d394&_nc_vs=HBksFQIYRWZiX2VwaGVtZXJhbC9DNjQ0N0FGQjM4QTA1ODMwODY2OUIwMjcxOEI3RjdCM19tdF8xX3ZpZGVvX2Rhc2hpbml0Lm1wNBUAAsgBEgAVAhhAZmJfcGVybWFuZW50L0VGNDAwNTg2NEZGNzRGQjEwNjIzRDIyQzQ3NTdEREFBX2F1ZGlvX2Rhc2hpbml0Lm1wNBUCAsgBEgAoABgAGwKIB3VzZV9vaWwBMRJwcm9ncmVzc2l2ZV9yZWNpcGUBMRUAACacy5CX9NHJCxUCKAJDMywXQDgZmZmZmZoYGWRhc2hfaDI2NC1iYXNpYy1nZW4yXzcyMHARAHUAZd6oAQA&_nc_gid=rKaep6xtm_rgDhOOZiqb_Q&_nc_ss=7f180&_nc_zt=28&oh=00_AQEUxyWftg26DVFEBKBwFpA-vq7_sqGeg8Fs-Ztn10XuPQ&oe=6A759C03,"['FACEBOOK', 'INSTAGRAM', 'AUDIENCE_NETWORK', 'WHATSAPP', 'THREADS']",au,cw,facebook,social,2026-W31,2026-08,"FACEBOOK, INSTAGRAM, AUDIENCE_NETWORK, WHATSAPP, THREADS",True,True,True,False,True,True,Brand/Category Page,True,False,False,2026-08-03,2026-07-29 07:00:00,2026-08-03 15:37:17.103942,5
2782163995569743,,True,2026-07-29 07:00:00,2026-08-02 07:00:00,Chemist Warehouse,Chemist Warehouse,Shop NIVEA now at Chemist Warehouse!,"Protect your skin, protect your outfit, and stay fresh all day.",Shop now,IMAGE,https://www.chemistwarehouse.com.au/buy/84960/nivea-for-men-deodorant-aerosol-black-white-fresh-250ml,www.chemistwarehouse.com.au,/buy/84960/nivea-for-men-deodorant-aerosol-black-white-fresh-250ml,,,,,,,Not Specified,,,,,,,,,,"['FACEBOOK', 'INSTAGRAM', 'THREADS']",,,,,2026-W31,2026-08,"FACEBOOK, INSTAGRAM, THREADS",True,True,False,False,True,False,SKU Product,True,True,False,2026-08-03,2026-07-29 07:00:00,2026-08-03 15:37:17.103942,5
861568423486459,,True,2026-07-29 07:00:00,2026-08-02 07:00:00,Chemist Warehouse,Chemist Warehouse,Shop Pain Blaster now at Chemist Warehouse!,PAIN BLASTER - High Strength Joint & Muscle Pain Relief AUSTRALIAN MADE & OWNED.,Shop now,IMAGE,https://www.chemistwarehouse.com.au/shop-online/6546/athelite?sortBy=prod_cwr-cw-au_products_en_price_asc,www.chemistwarehouse.com.au,/shop-online/6546/athelite,,,,,,,Not Specified,,,,,,,,,,"['FACEBOOK', 'INSTAGRAM', 'THREADS']",,,,,2026-W31,2026-08,"FACEBOOK, INSTAGRAM, THREADS",True,True,False,False,True,False,Brand/Category Page,True,True,False,2026-08-03,2026-07-29 07:00:00,2026-08-03 15:37:17.103942,5
1711325646843789,,True,2026-07-29 07:00:00,2026-08-02 07:00:00,Chemist Warehouse,Chemist Warehouse,Shop Aveeno Baby now at Chemist Warehouse!,Baby skin is known for being soft and smooth. Keep it that way with Aveeno Baby.,Shop now,IMAGE,https://www.chemistwarehouse.com.au/buy/60252/aveeno-baby-daily-moisture-fragrance-free-lotion-227g,www.chemistwarehouse.com.au,/buy/60252/aveeno-baby-daily-moisture-fragrance-free-lotion-227g,,,,,,,Not Specified,,,,,,,,,,"['FACEBOOK', 'INSTAGRAM', 'THREADS']",,,,,2026-W31,2026-08,"FACEBOOK, INSTAGRAM, THREADS",True,True,False,False,True,False,SKU Product,True,True,False,2026-08-03,2026-07-29 07:00:00,2026-08-03 15:37:17.103942,5
1264252095691311,,True,2026-07-29 07:00:00,2026-08-02 07:00:00,Chemist Warehouse,Chemist Warehouse,Shop Oral7 now at Chemist Warehouse!,"Suffering from dry mouth – stinging, itching, burning? Lucky there’s Oral7",Shop now,IMAGE,https://www.chemistwarehouse.com.au/buy/68925/oral-seven-dry-mouth-relief-toothpaste-75ml,www.chemistwarehouse.com.au,/buy/68925/oral-seven-dry-mouth-relief-toothpaste-75ml,,,,,,,Not Specified,,,,,,,,,,"['FACEBOOK', 'INSTAGRAM', 'THREADS']",,,,,2026-W31,2026-08,"FACEBOOK, INSTAGRAM, THREADS",True,True,False,False,True,False,SKU Product,True,True,False,2026-08-03,2026-07-29 07:00:00,2026-08-03 15:37:17.103942,5
1016157288059914,1636953817401980,True,2026-07-29 07:00:00,2026-08-02 07:00:00,Chemist Warehouse,Chemist Warehouse,{{product.name}},{{product.brand}},Shop now,DCO,https://chemistwarehouseoptometry.com.au/,chemistwarehouseoptometry.com.au,/,,,,,,,Not Specified,,,,,Find your contact lenses online now!,"Stop paying too much on contact lenses at Chemist Warehouse Optometry.

👉 Wide range of lenses at everyday low prices.
👉 Free Shipping on orders over $99
👉 Tracked Delivery on all orders
👉 Friendly Customer Service

Shop Online Now at Chemist Warehouse Optometry & see the savings!",Shop Now,https://scontent.fpss5-1.fna.fbcdn.net/v/t39.35426-6/758671901_1857606638533543_5599887358557545614_n.jpg?_nc_cat=109&ccb=1-7&_nc_sid=c53f8f&_nc_ohc=6EN_LQ2k8p0Q7kNvwGPFh0X&_nc_oc=Ado7aTdE9tL2dIV_gbQOkibn3ip_BJOCPgULI7Ss2FmULYbE--ZHzwnq_71XfV1L_hA&_nc_zt=14&_nc_ht=scontent.fpss5-1.fna&_nc_gid=rKaep6xtm_rgDhOOZiqb_Q&_nc_ss=7f180&oh=00_AQHgLPPcjbW0U9DLeM2BFNNvx-J5bb8aDq395bsAYcZ-UA&oe=6A75A7B1,,"['FACEBOOK', 'INSTAGRAM', 'AUDIENCE_NETWORK', 'MESSENGER', 'THREADS']",,,,,2026-W31,2026-08,"FACEBOOK, INSTAGRAM, AUDIENCE_NETWORK, MESSENGER, THREADS",True,True,True,True,True,False,Homepage,True,False,False,2026-08-03,2026-07-29 07:00:00,2026-08-03 15:37:17.103942,5
4816704618556839,,True,2026-07-29 07:00:00,2026-08-02 07:00:00,Chemist Warehouse,Chemist Warehouse,Shop Mute Snoring now at Chemist Warehouse!,Snoring like a chainsaw? Breathe more and snore less with the Mute range.,Shop now,IMAGE,https://www.chemistwarehouse.com.au/buy/143723/mute-mouth-tape-30-pieces,www.chemistwarehouse.com.au,/buy/143723/mute-mouth-tape-30-pieces,,,,,,,Not Specified,,,,,,,,,,"['FACEBOOK', 'INSTAGRAM', 'THREADS']",,,,,2026-W31,2026-08,"FACEBOOK, INSTAGRAM, THREADS",True,True,False,False,True,False,SKU Product,True,True,False,2026-08-03,2026-07-29 07:00:00,2026-08-03 15:37:17.103942,5
2979774982415765,,True,2026-07-29 07:00:00,2026-08-02 07:00:00,Chemist Warehouse,Chemist Warehouse,Shop Wella now at Chemist Warehouse!,Leave dry hair behind with this luxurious salon-worthy leave-in hair treatment.,Shop now,IMAGE,https://www.chemistwarehouse.com.au/buy/120936/wella-sp-classic-luxeoil-reconstructive-elixir-100ml,www.chemistwarehouse.com.au,/buy/120936/wella-sp-classic-luxeoil-reconstructive-elixir-100ml,,,,,,,Not Specified,,,,,,,,,,"['FACEBOOK', 'INSTAGRAM', 'THREADS']",,,,,2026-W31,2026-08,"FACEBOOK, INSTAGRAM, THREADS",True,True,False,False,True,False,SKU Product,True,True,False,2026-08-03,2026-07-29 07:00:00,2026-08-03 15:37:17.103942,5
2832866057106559,1636953817401980,True,2026-07-29 07:00:00,2026-07-29 07:00:00,Chemist Warehouse,Chemist Warehouse,{{product.name}},{{product.brand}},Shop now,DCO,https://chemistwarehouseoptometry.com.au/,chemistwarehouseoptometry.com.au,/,,,,,,,Not Specified,,,,,Find your contact lenses online now!,"Stop paying too much on contact lenses at Chemist Warehouse Optometry.

👉 Wide range of lenses at everyday low prices.
👉 Free Shipping on orders over $99
👉 Tracked Delivery on all orders
👉 Friendly Customer Service

Shop Online Now at Chemist Warehouse Optometry & see the savings!",Shop Now,https://scontent.fpss5-1.fna.fbcdn.net/v/t39.35426-6/753418382_1338032858005830_7875994342647541018_n.jpg?_nc_cat=109&ccb=1-7&_nc_sid=c53f8f&_nc_ohc=r9EuQRHvJPsQ7kNvwHkDzUb&_nc_oc=Adq7fUW460hm2D7w0PjHBdFnWK3nQUkYgaBk3t88JDYSSMd4Sf10lZoy489DHhwRqz0&_nc_zt=14&_nc_ht=scontent.fpss5-1.fna&_nc_gid=rKaep6xtm_rgDhOOZiqb_Q&_nc_ss=7f180&oh=00_AQHNTCZHmYf05IrTzPiicxTKmMlyKr0wwNogfXayjUewkg&oe=6A758F78,,"['FACEBOOK', 'INSTAGRAM', 'AUDIENCE_NETWORK', 'MESSENGER', 'THREADS']",,,,,2026-W31,2026-08,"FACEBOOK, INSTAGRAM, AUDIENCE_NETWORK, MESSENGER, THREADS",True,True,True,True,True,False,Homepage,True,False,False,2026-08-03,2026-07-29 07:00:00,2026-08-03 15:37:17.103942,5
1668521428612450,880524777853354,True,2026-08-01 07:00:00,2026-08-01 07:00:00,Chemist Warehouse,Chemist Warehouse,{{product.name}},{{product.brand}},Shop now,DCO,https://chemistwarehouseoptometry.com.au/,chemistwarehouseoptometry.com.au,/,,,,,,,Not Specified,,,,,Contact Lenses at Chemist Warehouse prices!,"Stop paying too much on contact lenses at Chemist Warehouse Optometry.

👉 Wide range of lenses at everyday low prices.
👉 Free Shipping on orders over $99
👉 Tracked Delivery on all orders
👉 Friendly Customer Service

Shop Online Now at Chemist Warehouse Optometry & see the savings!",Shop Now,https://scontent.fpss5-1.fna.fbcdn.net/v/t39.35426-6/758518274_1045140894879331_553471081367579194_n.jpg?_nc_cat=101&ccb=1-7&_nc_sid=c53f8f&_nc_ohc=DrofVltZn_AQ7kNvwHiDmvu&_nc_oc=AdrUFsNRIteD3rQYutNg2-fO0dPZHY3ut28KRNm9zJVYOSXxOYlbdN2nJccL205wD3I&_nc_zt=14&_nc_ht=scontent.fpss5-1.fna&_nc_gid=rKaep6xtm_rgDhOOZiqb_Q&_nc_ss=7f180&oh=00_AQGmDLCfaVYJaDLljnGtAj5d1LzEwxIg-WbdO1yZDXufDw&oe=6A759225,,"['FACEBOOK', 'INSTAGRAM', 'AUDIENCE_NETWORK', 'MESSENGER', 'THREADS']",,,,,2026-W31,2026-08,"FACEBOOK, INSTAGRAM, AUDIENCE_NETWORK, MESSENGER, THREADS",True,True,True,True,True,False,Homepage,True,False,False,2026-08-03,2026-08-01 07:00:00,2026-08-03 15:37:17.103942,2
1503124451615681,880524777853354,True,2026-07-28 07:00:00,2026-08-02 07:00:00,Chemist Warehouse,Chemist Warehouse,{{product.name}},{{product.brand}},Shop now,DCO,https://chemistwarehouseoptometry.com.au/,chemistwarehouseoptometry.com.au,/,,,,,,,Not Specified,,,,,Contact Lenses at Chemist Warehouse prices!,"Stop paying too much on contact lenses at Chemist Warehouse Optometry.

👉 Wide range of lenses at everyday low prices.
👉 Free Shipping on orders over $99
👉 Tracked Delivery on all orders
👉 Friendly Customer Service

Shop Online Now at Chemist Warehouse Optometry & see the savings!",Shop Now,https://scontent.fpss5-1.fna.fbcdn.net/v/t39.35426-6/759521840_2238362903371868_1273543281654396432_n.jpg?_nc_cat=100&ccb=1-7&_nc_sid=c53f8f&_nc_ohc=8IGcuqgpHqwQ7kNvwHXASVj&_nc_oc=AdqCtf2UyoVXmHFsuCzzlaqGKfYy-jtoLQFgzZ78M6olUNi48LU9lEfunEOrZ6W304g&_nc_zt=14&_nc_ht=scontent.fpss5-1.fna&_nc_gid=rKaep6xtm_rgDhOOZiqb_Q&_nc_ss=7f180&oh=00_AQFuoN5vekZAXsju8oL8wQfxtoxPJLEoyUx4YkATQE94kA&oe=6A75A60F,,"['FACEBOOK', 'INSTAGRAM', 'AUDIENCE_NETWORK', 'MESSENGER', 'THREADS']",,,,,2026-W31,2026-08,"FACEBOOK, INSTAGRAM, AUDIENCE_NETWORK, MESSENGER, THREADS",True,True,True,True,True,False,Homepage,True,False,False,2026-08-03,2026-07-28 07:00:00,2026-08-03 15:37:17.103942,6
2220543082045117,,True,2026-07-28 07:00:00,2026-08-02 07:00:00,Chemist Warehouse,Chemist Warehouse,{{product.name}},"Stop paying too much on contact lenses at Chemist Warehouse Optometry.

👉 Wide range of lenses at everyday low prices.
👉 Free Shipping on orders over $99
👉 Tracked Delivery on all orders
👉 Friendly Customer Service

Shop Online Now at Chemist Warehouse Optometry & see the savings!",Shop now,DPA,https://chemistwarehouseoptometry.com.au/,chemistwarehouseoptometry.com.au,/,,,,,,,Not Specified,,,,,Acuvue Oasys 1 Day,"Stop paying too much on contact lenses at Chemist Warehouse Optometry.

👉 Wide range of lenses at everyday low prices.
👉 Free Shipping on orders over $99
👉 Tracked Delivery on all orders
👉 Friendly Customer Service

Shop Online Now at Chemist Warehouse Optometry & see the savings!",Shop Now,https://scontent.fpss5-1.fna.fbcdn.net/v/t39.35426-6/758075204_2774814822919486_8297461496943984682_n.jpg?_nc_cat=102&ccb=1-7&_nc_sid=c53f8f&_nc_ohc=-BolxwMTVrQQ7kNvwEQj2bo&_nc_oc=Ado350zXYLYYfqpOM8UYbRw-75dmIU9ieKKZ3P6YcjNhypIxWDpbWaCVSgvvodty3Pk&_nc_zt=14&_nc_ht=scontent.fpss5-1.fna&_nc_gid=rKaep6xtm_rgDhOOZiqb_Q&_nc_ss=7f180&oh=00_AQGiYFJTfuEKEb22icdf_CipCqerbZymQT16HK3eERnkNQ&oe=6A758DFB,,"['FACEBOOK', 'INSTAGRAM', 'AUDIENCE_NETWORK', 'MESSENGER', 'THREADS']",,,,,2026-W31,2026-08,"FACEBOOK, INSTAGRAM, AUDIENCE_NETWORK, MESSENGER, THREADS",True,True,True,True,True,False,Homepage,True,True,False,2026-08-03,2026-07-28 07:00:00,2026-08-03 15:37:17.103942,6
1763960248258801,1651973163217204,True,2026-07-28 07:00:00,2026-08-02 07:00:00,Chemist Warehouse,Chemist Warehouse,{{product.name}},{{product.brand}},Shop now,DCO,https://www.chemistwarehouse.com.au/buy/169062/ethical-nutrients-mega-magnesium-glycinate-3-in-1-50-capsules?utm_source=facebook&utm_medium=social&utm_campaign=au_cw_oa_facebook_social_metagenicsaustralia_ethicalnutrients_81_jul25_100696-oa_video&utm_term=traffic&utm_content=video_video,www.chemistwarehouse.com.au,/buy/169062/ethical-nutrients-mega-magnesium-glycinate-3-in-1-50-capsules,facebook,social,au_cw_oa_facebook_social_metagenicsaustralia_ethicalnutrients_81_jul25_100696-oa_video,81,traffic,video_video,O&O,Metagenicsaustralia,Ethicalnutrients,jul25,video,Not all magnesium is equal,"When your days feel busy, it can show up in more ways than one.

NEW MagActive® Magnesium Glycinate 3-in-1 capsules are designed to:
⭐ Help relax muscles & relieve cramps
⭐ Support a healthy stress response
⭐ Support energy & vitality

One daily formula. Total support. Try it today.

Always read the label & follow the directions for use.",Shop Now,,https://video.fpss5-1.fna.fbcdn.net/o1/v/t2/f2/m366/AQPi3B1HxrOQ3DwQTWl-w_Xu_kifjKLKARkK3LtHPYp4dt3wf4FGC81q5LHf3WUtrn67Qxlh6nX0R2GNMRyacTa3HOK6ffLkcwARm5VKz96zvA.mp4?_nc_cat=107&_nc_oc=Adp4nHQnM27i1UtpMwbKRWz-hG3yCfLvLG53TImb9zXQUQWVLTYscb17vkJZ9Z5-rY4&_nc_sid=b66105&_nc_ht=video.fpss5-1.fna.fbcdn.net&_nc_ohc=mtgdu3Nhm6sQ7kNvwHkDvEf&efg=eyJ2ZW5jb2RlX3RhZyI6Inhwdl9wcm9ncmVzc2l2ZS5WSV9VU0VDQVNFX1BST0RVQ1RfVFlQRS4uQzMuNzIwLmRhc2hfaDI2NC1iYXNpYy1nZW4yXzcyMHAiLCJ4cHZfYXNzZXRfaWQiOjEwNzI1MTUyNzU0NTM2NTAsImFzc2V0X2FnZV9kYXlzIjo0LCJ2aV91c2VjYXNlX2lkIjoxMDc5OSwiZHVyYXRpb25fcyI6MTgsInVybGdlbl9zb3VyY2UiOiJ3d3cifQ%3D%3D&ccb=17-1&vs=1c4761e8f0131b7d&_nc_vs=HBksFQIYRWZiX2VwaGVtZXJhbC9BRDRFRkE5RUZBQkQ4RUI1RTNGNjY5OEIxODQ3RDFBRl9tdF8xX3ZpZGVvX2Rhc2hpbml0Lm1wNBUAAsgBEgAVAhhAZmJfcGVybWFuZW50LzIyNEYwQ0Q0RjlFRjNGMDMyRkQ1OUQ4N0Q2RDE2N0E1X2F1ZGlvX2Rhc2hpbml0Lm1wNBUCAsgBEgAoABgAGwKIB3VzZV9vaWwBMRJwcm9ncmVzc2l2ZV9yZWNpcGUBMRUAACak05PAzdznAxUCKAJDMywXQDKAAAAAAAAYGWRhc2hfaDI2NC1iYXNpYy1nZW4yXzcyMHARAHUAZd6oAQA&_nc_gid=rKaep6xtm_rgDhOOZiqb_Q&_nc_ss=7f180&_nc_zt=28&oh=00_AQFV36zi4ZwKLA0PI8PjmNHDeMr8XafLftvlKofSeqloVw&oe=6A75A52D,"['FACEBOOK', 'INSTAGRAM', 'AUDIENCE_NETWORK', 'MESSENGER', 'WHATSAPP', 'THREADS']",au,cw,facebook,social,2026-W31,2026-08,"FACEBOOK, INSTAGRAM, AUDIENCE_NETWORK, MESSENGER, WHATSAPP, THREADS",True,True,True,True,True,True,SKU Product,True,False,False,2026-08-03,2026-07-28 07:00:00,2026-08-03 15:37:17.103942,6
1922125398456865,1642611650765878,True,2026-07-29 07:00:00,2026-08-02 07:00:00,Chemist Warehouse,Chemist Warehouse,Shop Omron now at Chemist Warehouse!,Finding good pain relief is a real pain. Get personalised relief with Omron.,Shop now,IMAGE,https://www.chemistwarehouse.com.au/buy/47606/omron-tens-unit-hvf-127,www.chemistwarehouse.com.au,/buy/47606/omron-tens-unit-hvf-127,,,,,,,Not Specified,,,,,,,,,,"['FACEBOOK', 'INSTAGRAM', 'THREADS']",,,,,2026-W31,2026-08,"FACEBOOK, INSTAGRAM, THREADS",True,True,False,False,True,False,SKU Product,True,True,False,2026-08-03,2026-07-29 07:00:00,2026-08-03 15:37:17.103942,5
2029095071142376,2038967806710931,True,2026-07-29 07:00:00,2026-08-02 07:00:00,Chemist Warehouse,Chemist Warehouse,{{product.name}},{{product.brand}},See details,DCO,https://www.chemistwarehouse.com.au/shop-online/revlon-international-lipstick-day?utm_source=facebook&utm_medium=social&utm_campaign=au_cw_oa_facebook_social_revlonaustraliaptyltd_revlon_648_jul26_100706-ild_video-image&utm_term=traffic&utm_content=video-image_video,www.chemistwarehouse.com.au,/shop-online/revlon-international-lipstick-day,facebook,social,au_cw_oa_facebook_social_revlonaustraliaptyltd_revlon_648_jul26_100706-ild_video-image,648,traffic,video-image_video,O&O,Revlonaustraliaptyltd,Revlon,jul26,video-image,Click and collect available,Shop 40% off RRP Revlon lip range at Chemist Warehouse.,See Details,,https://video.fpss5-1.fna.fbcdn.net/o1/v/t2/f2/m366/AQPAx6iJxzvApzf5zwO4kmr2Tpe6iptWS9rSowSjMkMlL0mLBD07j5HF_189blQndh54TMB0lvOIHugYILIW8u0UZWG73zOornRP7YKE4LNU3A.mp4?_nc_cat=107&_nc_oc=AdqoY2jMF3u_xRMdk4JaUfdpAPMyyU3SSfC3vE9vINWDR63KjtAUMgpTv9UUl0y8MfA&_nc_sid=b66105&_nc_ht=video.fpss5-1.fna.fbcdn.net&_nc_ohc=7ghXmjsI_gAQ7kNvwH2sy3G&efg=eyJ2ZW5jb2RlX3RhZyI6Inhwdl9wcm9ncmVzc2l2ZS5WSV9VU0VDQVNFX1BST0RVQ1RfVFlQRS4uQzMuNzIwLmRhc2hfaDI2NC1iYXNpYy1nZW4yXzcyMHAiLCJ4cHZfYXNzZXRfaWQiOjkxMDE5Mzg4ODE3OTU2NCwiYXNzZXRfYWdlX2RheXMiOjMsInZpX3VzZWNhc2VfaWQiOjEwNzk5LCJkdXJhdGlvbl9zIjo2LCJ1cmxnZW5fc291cmNlIjoid3d3In0%3D&ccb=17-1&vs=c66ed26707cf4c50&_nc_vs=HBkcFQIYRWZiX2VwaGVtZXJhbC84RTQyQzhCQTVCMTRGRDQ3NTM5QTUxM0JGQTg4OTFCNF9tdF8xX3ZpZGVvX2Rhc2hpbml0Lm1wNBUAAsgBEgAoABgAGwKIB3VzZV9vaWwBMRJwcm9ncmVzc2l2ZV9yZWNpcGUBMRUAACbY1Y32oPSdAxUCKAJDMywXQBpmZmZmZmYYGWRhc2hfaDI2NC1iYXNpYy1nZW4yXzcyMHARAHUAZd6oAQA&_nc_gid=2suCpooVzLBqmm7YoSblDA&_nc_ss=7f180&_nc_zt=28&oh=00_AQG2MZVGS5S3qZvZ9Ii2hGQ-sORvparWm4SAT0qncQDR5g&oe=6A7597D5,"['FACEBOOK', 'INSTAGRAM']",au,cw,facebook,social,2026-W31,2026-08,"FACEBOOK, INSTAGRAM",True,True,False,False,False,False,Brand/Category Page,True,False,False,2026-08-03,2026-07-29 07:00:00,2026-08-03 15:37:17.103942,5
4702666893297592,4175722789357392,True,2026-07-28 07:00:00,2026-08-02 07:00:00,Chemist Warehouse,Chemist Warehouse,{{product.name}},{{product.brand}},Shop now,DCO,https://www.chemistwarehouse.com.au/shop-online/mcobeauty-new-august?utm_source=facebook&utm_medium=social&utm_campaign=au_cw_coop_facebook_social_mcobeautyptyltd_mcobeauty_648_2026_bau_dynamic&utm_term=conversion&utm_content=dynamic_image-generic,www.chemistwarehouse.com.au,/shop-online/mcobeauty-new-august,facebook,social,au_cw_coop_facebook_social_mcobeautyptyltd_mcobeauty_648_2026_bau_dynamic,648,conversion,dynamic_image-generic,Coop,Mcobeautyptyltd,Mcobeauty,2026,dynamic,Kiss This 💋,Line it. Stain it. Glaze it. Meet your new lip obsession 💋,Shop Now,https://scontent.fpss5-1.fna.fbcdn.net/v/t39.35426-6/756341906_1374987484572844_1396304327187040685_n.jpg?_nc_cat=100&ccb=1-7&_nc_sid=c53f8f&_nc_ohc=JOnigwBWZcYQ7kNvwECMKtb&_nc_oc=Ado2xD2Es-jbToGdWsY_PMZKOBnMbWRwwQRIoDYRfwbMGMayDQDSaqQEyyxEm9mLF3w&_nc_zt=14&_nc_ht=scontent.fpss5-1.fna&_nc_gid=rKaep6xtm_rgDhOOZiqb_Q&_nc_ss=7f180&oh=00_AQFowDVZDAQUr-MRXlZZEoizfe0IbazKy38X-1iuCFV03Q&oe=6A759C93,,"['FACEBOOK', 'INSTAGRAM', 'AUDIENCE_NETWORK', 'MESSENGER', 'THREADS']",au,cw,facebook,social,2026-W31,2026-08,"FACEBOOK, INSTAGRAM, AUDIENCE_NETWORK, MESSENGER, THREADS",True,True,True,True,True,False,Brand/Category Page,True,False,False,2026-08-03,2026-07-28 07:00:00,2026-08-03 15:37:17.103942,6
1067629069026303,1011601698275896,True,2026-07-28 07:00:00,2026-08-02 07:00:00,Chemist Warehouse,Chemist Warehouse,{{product.name}},{{product.brand}},Shop now,DCO,https://www.chemistwarehouse.com.au/shop-online/mcobeauty-new-august?utm_source=facebook&utm_medium=social&utm_campaign=au_cw_coop_facebook_social_mcobeautyptyltd_mcobeauty_648_2026_bau_dynamic&utm_term=conversion&utm_content=dynamic_image-generic,www.chemistwarehouse.com.au,/shop-online/mcobeauty-new-august,facebook,social,au_cw_coop_facebook_social_mcobeautyptyltd_mcobeauty_648_2026_bau_dynamic,648,conversion,dynamic_image-generic,Coop,Mcobeautyptyltd,Mcobeauty,2026,dynamic,Kiss This 💋,Line it. Stain it. Glaze it. Meet your new lip obsession 💋,Shop Now,https://scontent.fpss5-1.fna.fbcdn.net/v/t39.35426-6/758288847_877789735403970_7847286340072303196_n.jpg?_nc_cat=106&ccb=1-7&_nc_sid=c53f8f&_nc_ohc=nezkCgjpu9AQ7kNvwHYQqz9&_nc_oc=AdqXUrbXv_xsB7d6ixEf7_0fk9y01yoCh6h_VhX1aVyE7sIBkwA9qEYGwkDUMAIb_fc&_nc_zt=14&_nc_ht=scontent.fpss5-1.fna&_nc_gid=rKaep6xtm_rgDhOOZiqb_Q&_nc_ss=7f180&oh=00_AQGLjTOUHF_knYPKZ4SAFhL8XE-UypS-vvXCZ5ag2erFaA&oe=6A758738,,"['FACEBOOK', 'INSTAGRAM', 'AUDIENCE_NETWORK', 'MESSENGER', 'THREADS']",au,cw,facebook,social,2026-W31,2026-08,"FACEBOOK, INSTAGRAM, AUDIENCE_NETWORK, MESSENGER, THREADS",True,True,True,True,True,False,Brand/Category Page,True,False,False,2026-08-03,2026-07-28 07:00:00,2026-08-03 15:37:17.103942,6
37288868624092380,2083083512614474,True,2026-07-28 07:00:00,2026-08-02 07:00:00,Chemist Warehouse,Chemist Warehouse,Enjoy 30% off RRP,Shop MCobeauty Kajal Velvet Eyeliner and WOWLash Volumising Mascara — 30% off RRP now at Chemist Warehouse.,Shop now,VIDEO,https://www.chemistwarehouse.com.au/shop-online/mcobeauty-new-august?utm_source=facebook&utm_medium=social&utm_campaign=au_cw_coop_facebook_social_mcobeautyptyltd_mcobeauty_648_2026_bau_dynamic&utm_term=conversion&utm_content=dynamic_image-generic,www.chemistwarehouse.com.au,/shop-online/mcobeauty-new-august,facebook,social,au_cw_coop_facebook_social_mcobeautyptyltd_mcobeauty_648_2026_bau_dynamic,648,conversion,dynamic_image-generic,Coop,Mcobeautyptyltd,Mcobeauty,2026,dynamic,,,,,,"['FACEBOOK', 'INSTAGRAM', 'AUDIENCE_NETWORK', 'MESSENGER', 'THREADS']",au,cw,facebook,social,2026-W31,2026-08,"FACEBOOK, INSTAGRAM, AUDIENCE_NETWORK, MESSENGER, THREADS",True,True,True,True,True,False,Brand/Category Page,True,True,False,2026-08-03,2026-07-28 07:00:00,2026-08-03 15:37:17.103942,6
28309999065301678,1032350546262451,True,2026-07-28 07:00:00,2026-08-01 07:00:00,Chemist Warehouse,Chemist Warehouse,{{product.name}},{{product.brand}},Shop now,DCO,https://www.chemistwarehouse.com.au/shop-online/mcobeauty-new-august?utm_source=facebook&utm_medium=social&utm_campaign=au_cw_coop_facebook_social_mcobeautyptyltd_mcobeauty_648_2026_bau_dynamic&utm_term=conversion&utm_content=dynamic_image-generic,www.chemistwarehouse.com.au,/shop-online/mcobeauty-new-august,facebook,social,au_cw_coop_facebook_social_mcobeautyptyltd_mcobeauty_648_2026_bau_dynamic,648,conversion,dynamic_image-generic,Coop,Mcobeautyptyltd,Mcobeauty,2026,dynamic,Hydrate. Prep. Set.,"Smooth, prep & hydrate your skin for the ultimate glass skin finish",Shop Now,https://scontent.fpss5-1.fna.fbcdn.net/v/t39.35426-6/755693795_1766337674376992_8319275823433001156_n.jpg?_nc_cat=103&ccb=1-7&_nc_sid=c53f8f&_nc_ohc=hPahqvjE4x0Q7kNvwE0x7XH&_nc_oc=AdoUf8yGI_pwm12QTiKGvhXo_M5Az8nCgjqU6NW5m119EEFoC6hW8FliUwuuNKlM7gE&_nc_zt=14&_nc_ht=scontent.fpss5-1.fna&_nc_gid=rKaep6xtm_rgDhOOZiqb_Q&_nc_ss=7f180&oh=00_AQFh87uX6Erj0gH9c2HdwFnqr8Gkup5e0Ms9a8Pf4By3rg&oe=6A758B4D,,"['FACEBOOK', 'INSTAGRAM', 'AUDIENCE_NETWORK', 'MESSENGER', 'THREADS']",au,cw,facebook,social,2026-W31,2026-08,"FACEBOOK, INSTAGRAM, AUDIENCE_NETWORK, MESSENGER, THREADS",True,True,True,True,True,False,Brand/Category Page,True,False,False,2026-08-03,2026-07-28 07:00:00,2026-08-03 15:37:17.103942,6
1330594252390742,1570433354656863,True,2026-07-28 07:00:00,2026-08-02 07:00:00,Chemist Warehouse,Chemist Warehouse,{{product.name}},{{product.brand}},Shop now,DCO,https://www.chemistwarehouse.com.au/shop-online/mcobeauty-new-august?utm_source=facebook&utm_medium=social&utm_campaign=au_cw_coop_facebook_social_mcobeautyptyltd_mcobeauty_648_2026_bau_dynamic&utm_term=conversion&utm_content=dynamic_image-generic,www.chemistwarehouse.com.au,/shop-online/mcobeauty-new-august,facebook,social,au_cw_coop_facebook_social_mcobeautyptyltd_mcobeauty_648_2026_bau_dynamic,648,conversion,dynamic_image-generic,Coop,Mcobeautyptyltd,Mcobeauty,2026,dynamic,Hydrate. Prep. Set.,"Smooth, prep & hydrate your skin for the ultimate glass skin finish",Shop Now,https://scontent.fpss5-1.fna.fbcdn.net/v/t39.35426-6/755694556_1359572005517980_1903561381847868752_n.jpg?_nc_cat=105&ccb=1-7&_nc_sid=c53f8f&_nc_ohc=suYD8D0N2-AQ7kNvwGyAlpx&_nc_oc=AdovsRKYulyyZlr69LlJsm7GjNtL-Vb-E-lcttjmxyO_tvOAvAqPhFQeT5zFFFJIUcA&_nc_zt=14&_nc_ht=scontent.fpss5-1.fna&_nc_gid=9eVhhTeD2o0xcuamrpf2fw&_nc_ss=7f180&oh=00_AQGbHyKk1Yfkrq68PoxilIDxu7AgEEx-88jQ_QkzcGLIig&oe=6A759FEF,,"['FACEBOOK', 'INSTAGRAM', 'AUDIENCE_NETWORK', 'MESSENGER', 'THREADS']",au,cw,facebook,social,2026-W31,2026-08,"FACEBOOK, INSTAGRAM, AUDIENCE_NETWORK, MESSENGER, THREADS",True,True,True,True,True,False,Brand/Category Page,True,False,False,2026-08-03,2026-07-28 07:00:00,2026-08-03 15:37:17.103942,6
1051699477338146,1503905024550933,True,2026-07-28 07:00:00,2026-08-01 07:00:00,Chemist Warehouse,Chemist Warehouse,{{product.name}},{{product.brand}},Shop now,DCO,https://www.chemistwarehouse.com.au/shop-online/mcobeauty-new-august?utm_source=facebook&utm_medium=social&utm_campaign=au_cw_coop_facebook_social_mcobeautyptyltd_mcobeauty_648_2026_bau_dynamic&utm_term=conversion&utm_content=dynamic_image-generic,www.chemistwarehouse.com.au,/shop-online/mcobeauty-new-august,facebook,social,au_cw_coop_facebook_social_mcobeautyptyltd_mcobeauty_648_2026_bau_dynamic,648,conversion,dynamic_image-generic,Coop,Mcobeautyptyltd,Mcobeauty,2026,dynamic,Turn Up The Volume,Bold lashes. Defined eyes. Your new eye makeup obsession starts here,Shop Now,https://scontent.fpss5-1.fna.fbcdn.net/v/t39.35426-6/758830800_1851607912484119_1422070504426687826_n.jpg?_nc_cat=103&ccb=1-7&_nc_sid=c53f8f&_nc_ohc=4DcNT7hdcaoQ7kNvwFkchcq&_nc_oc=Adow-OmugYEpYXGQ3AB6VqL95je7AqZ6UkFY0WRoKTXQ-gJPY00N42RjtNgUxYlA0xw&_nc_zt=14&_nc_ht=scontent.fpss5-1.fna&_nc_gid=9eVhhTeD2o0xcuamrpf2fw&_nc_ss=7f180&oh=00_AQHFZGYk8RlejUQQ-afx6yVw2N9KyQ3kRPFwKgBqNjqWpQ&oe=6A758652,,"['FACEBOOK', 'INSTAGRAM', 'AUDIENCE_NETWORK', 'MESSENGER', 'THREADS']",au,cw,facebook,social,2026-W31,2026-08,"FACEBOOK, INSTAGRAM, AUDIENCE_NETWORK, MESSENGER, THREADS",True,True,True,True,True,False,Brand/Category Page,True,False,False,2026-08-03,2026-07-28 07:00:00,2026-08-03 15:37:17.103942,6
968289796228868,1516863560454162,True,2026-07-28 07:00:00,2026-08-01 07:00:00,Chemist Warehouse,Chemist Warehouse,{{product.name}},{{product.brand}},Shop now,DCO,https://www.chemistwarehouse.com.au/shop-online/mcobeauty-new-august?utm_source=facebook&utm_medium=social&utm_campaign=au_cw_coop_facebook_social_mcobeautyptyltd_mcobeauty_648_2026_bau_dynamic&utm_term=conversion&utm_content=dynamic_image-generic,www.chemistwarehouse.com.au,/shop-online/mcobeauty-new-august,facebook,social,au_cw_coop_facebook_social_mcobeautyptyltd_mcobeauty_648_2026_bau_dynamic,648,conversion,dynamic_image-generic,Coop,Mcobeautyptyltd,Mcobeauty,2026,dynamic,Turn Up The Volume,Bold lashes. Defined eyes. Your new eye makeup obsession starts here,Shop Now,https://scontent.fpss5-1.fna.fbcdn.net/v/t39.35426-6/757417254_1591428295729560_4236322860239736367_n.jpg?_nc_cat=101&ccb=1-7&_nc_sid=c53f8f&_nc_ohc=k88_ATLNLvgQ7kNvwHqFBD0&_nc_oc=Adqx5fiAnuk-t_q8P-hEM8fh-NoDhKmNPc82u_-bU_oCu72bxmNHHM9b-2KNGUO1GPE&_nc_zt=14&_nc_ht=scontent.fpss5-1.fna&_nc_gid=9eVhhTeD2o0xcuamrpf2fw&_nc_ss=7f180&oh=00_AQHrYfblp5kVAn19HSBzcOflOO-QG8Dae6Of7PHvY14p7g&oe=6A75A8CB,,"['FACEBOOK', 'INSTAGRAM', 'AUDIENCE_NETWORK', 'MESSENGER', 'THREADS']",au,cw,facebook,social,2026-W31,2026-08,"FACEBOOK, INSTAGRAM, AUDIENCE_NETWORK, MESSENGER, THREADS",True,True,True,True,True,False,Brand/Category Page,True,False,False,2026-08-03,2026-07-28 07:00:00,2026-08-03 15:37:17.103942,6
1582053606854888,,True,2026-07-29 07:00:00,2026-08-02 07:00:00,Chemist Warehouse,Chemist Warehouse,{{product.name}},"Stop paying too much on contact lenses at Chemist Warehouse Optometry.

👉 Wide range of lenses at everyday low prices.
👉 Free Shipping on orders over $99
👉 Tracked Delivery on all orders
👉 Friendly Customer Service

Shop Online Now at Chemist Warehouse Optometry & see the savings!",Shop now,DPA,https://chemistwarehouseoptometry.com.au/,chemistwarehouseoptometry.com.au,/,,,,,,,Not Specified,,,,,MyDay 90 pack,"Stop paying too much on contact lenses at Chemist Warehouse Optometry.

👉 Wide range of lenses at everyday low prices.
👉 Free Shipping on orders over $99
👉 Tracked Delivery on all orders
👉 Friendly Customer Service

Shop Online Now at Chemist Warehouse Optometry & see the savings!",Shop Now,https://scontent.fpss5-1.fna.fbcdn.net/v/t39.35426-6/758167635_1718457905940767_311446785646758293_n.jpg?_nc_cat=109&ccb=1-7&_nc_sid=c53f8f&_nc_ohc=_c0YCfxP9tIQ7kNvwE_ZY55&_nc_oc=Adrk78705HoovDp5Y5ymRO_NNans26VgTeJohesg9YLBxDCvf9K7ayuvAb9Ff5tSfXI&_nc_zt=14&_nc_ht=scontent.fpss5-1.fna&_nc_gid=rKaep6xtm_rgDhOOZiqb_Q&_nc_ss=7f180&oh=00_AQHQx_ovtfrFGqiL4Zi7fEyznDqQli9GB-Dk9g_sRRf7wg&oe=6A758A78,,"['FACEBOOK', 'INSTAGRAM', 'AUDIENCE_NETWORK', 'MESSENGER', 'THREADS']",,,,,2026-W31,2026-08,"FACEBOOK, INSTAGRAM, AUDIENCE_NETWORK, MESSENGER, THREADS",True,True,True,True,True,False,Homepage,True,True,False,2026-08-03,2026-07-29 07:00:00,2026-08-03 15:37:17.103942,5
1591312005888356,2159235607980963,True,2026-07-30 07:00:00,2026-08-02 07:00:00,Chemist Warehouse,Chemist Warehouse,{{product.name}},{{product.brand}},Shop now,DCO,https://chemistwarehouseoptometry.com.au/,chemistwarehouseoptometry.com.au,/,,,,,,,Not Specified,,,,,Shop at Chemist Warehouse Optometry now,"Stop paying too much on contact lenses at Chemist Warehouse Optometry.

👉 Wide range of lenses at everyday low prices.
👉 Free Shipping on orders over $99
👉 Tracked Delivery on all orders
👉 Friendly Customer Service

Shop Online Now at Chemist Warehouse Optometry & see the savings!",Shop Now,https://scontent.fpss5-1.fna.fbcdn.net/v/t39.35426-6/758854703_2996599434007923_1902274985632754260_n.jpg?_nc_cat=109&ccb=1-7&_nc_sid=c53f8f&_nc_ohc=gcAShqBURHUQ7kNvwFIFENz&_nc_oc=Ado6H9Yo-_O7ayVyu-_wq8ANXbBjsZDOwcDol6t3qjVCQa5B3uWoB6U0U_J9GUM1V_E&_nc_zt=14&_nc_ht=scontent.fpss5-1.fna&_nc_gid=rKaep6xtm_rgDhOOZiqb_Q&_nc_ss=7f180&oh=00_AQFrN-Ly26xeHFh3NB61AdMRfDL1FaqrvOcSbZmgrJ6rjA&oe=6A75A2E0,,"['FACEBOOK', 'INSTAGRAM', 'AUDIENCE_NETWORK', 'MESSENGER', 'THREADS']",,,,,2026-W31,2026-08,"FACEBOOK, INSTAGRAM, AUDIENCE_NETWORK, MESSENGER, THREADS",True,True,True,True,True,False,Homepage,True,False,False,2026-08-03,2026-07-30 07:00:00,2026-08-03 15:37:17.103942,4
932725426525947,2159235607980963,True,2026-07-29 07:00:00,2026-08-01 07:00:00,Chemist Warehouse,Chemist Warehouse,{{product.name}},{{product.brand}},Shop now,DCO,https://chemistwarehouseoptometry.com.au/,chemistwarehouseoptometry.com.au,/,,,,,,,Not Specified,,,,,Shop at Chemist Warehouse Optometry now,"Stop paying too much on contact lenses at Chemist Warehouse Optometry.

👉 Wide range of lenses at everyday low prices.
👉 Free Shipping on orders over $99
👉 Tracked Delivery on all orders
👉 Friendly Customer Service

Shop Online Now at Chemist Warehouse Optometry & see the savings!",Shop Now,https://scontent.fpss5-1.fna.fbcdn.net/v/t39.35426-6/758589479_5512323948992853_866057138854286648_n.jpg?_nc_cat=107&ccb=1-7&_nc_sid=c53f8f&_nc_ohc=Ww1XoTS6AK0Q7kNvwHbRoej&_nc_oc=AdqXNY3OWJAM_Ry8Ibv0bLpEAnL4z6sPuM0MWfWiryMXukyQx3jIN4q0XWJ5dF8f7Do&_nc_zt=14&_nc_ht=scontent.fpss5-1.fna&_nc_gid=rKaep6xtm_rgDhOOZiqb_Q&_nc_ss=7f180&oh=00_AQFwRo2i49_c79V1WGwtgmefB_iNOrX2q-rKKg9qYV1LYA&oe=6A7594E6,,"['FACEBOOK', 'INSTAGRAM', 'AUDIENCE_NETWORK', 'MESSENGER', 'THREADS']",,,,,2026-W31,2026-08,"FACEBOOK, INSTAGRAM, AUDIENCE_NETWORK, MESSENGER, THREADS",True,True,True,True,True,False,Homepage,True,False,False,2026-08-03,2026-07-29 07:00:00,2026-08-03 15:37:17.103942,5
1740401890404493,28041452858780203,True,2026-07-28 07:00:00,2026-08-01 07:00:00,Chemist Warehouse,Chemist Warehouse,{{product.name}},{{product.brand}},Shop now,DCO,https://www.chemistwarehouse.com.au/shop-online/mcobeauty-new-august?utm_source=facebook&utm_medium=social&utm_campaign=au_cw_coop_facebook_social_mcobeautyptyltd_mcobeauty_648_2026_bau_dynamic&utm_term=conversion&utm_content=dynamic_image-generic,www.chemistwarehouse.com.au,/shop-online/mcobeauty-new-august,facebook,social,au_cw_coop_facebook_social_mcobeautyptyltd_mcobeauty_648_2026_bau_dynamic,648,conversion,dynamic_image-generic,Coop,Mcobeautyptyltd,Mcobeauty,2026,dynamic,Turn Up The Volume,Bold lashes. Defined eyes. Your new eye makeup obsession starts here,Shop Now,https://scontent.fpss5-1.fna.fbcdn.net/v/t39.35426-6/753970743_1516769603074189_1803035513913015441_n.jpg?_nc_cat=101&ccb=1-7&_nc_sid=c53f8f&_nc_ohc=JfrFXC7R2rEQ7kNvwFpsZ9N&_nc_oc=Ado6bhPs15LTjdZACipPAhyyfm61Paj_sVlzgI7GQ1zA3mAvQUuG7_8AokkMHxN31Sg&_nc_zt=14&_nc_ht=scontent.fpss5-1.fna&_nc_gid=9eVhhTeD2o0xcuamrpf2fw&_nc_ss=7f180&oh=00_AQEgQklvgB3qtj9UFOnSc2H5zOosWGIu-Gy9Ctxr5CaG1w&oe=6A75AC05,,"['FACEBOOK', 'INSTAGRAM', 'AUDIENCE_NETWORK', 'MESSENGER', 'THREADS']",au,cw,facebook,social,2026-W31,2026-08,"FACEBOOK, INSTAGRAM, AUDIENCE_NETWORK, MESSENGER, THREADS",True,True,True,True,True,False,Brand/Category Page,True,False,False,2026-08-03,2026-07-28 07:00:00,2026-08-03 15:37:17.103942,6
2240312186781958,1736920077324430,True,2026-07-28 07:00:00,2026-08-02 07:00:00,Chemist Warehouse,Chemist Warehouse,{{product.name}},{{product.brand}},Shop now,DCO,https://www.chemistwarehouse.com.au/shop-online/mcobeauty-new-august?utm_source=facebook&utm_medium=social&utm_campaign=au_cw_coop_facebook_social_mcobeautyptyltd_mcobeauty_648_2026_bau_dynamic&utm_term=conversion&utm_content=dynamic_image-generic,www.chemistwarehouse.com.au,/shop-online/mcobeauty-new-august,facebook,social,au_cw_coop_facebook_social_mcobeautyptyltd_mcobeauty_648_2026_bau_dynamic,648,conversion,dynamic_image-generic,Coop,Mcobeautyptyltd,Mcobeauty,2026,dynamic,Hydrate. Prep. Set.,"Smooth, prep & hydrate your skin for the ultimate glass skin finish",Shop Now,https://scontent.fpss5-1.fna.fbcdn.net/v/t39.35426-6/758180563_1769882787500561_9044978276425615136_n.jpg?_nc_cat=110&ccb=1-7&_nc_sid=c53f8f&_nc_ohc=fYkk8iAbtbMQ7kNvwGl0ZqY&_nc_oc=Adr0EJdBJS4wKv9Hckr9uhbiE0BeHU0bxNKMHCaXLOy6I98AffRiYGewiweElsSDlxQ&_nc_zt=14&_nc_ht=scontent.fpss5-1.fna&_nc_gid=9eVhhTeD2o0xcuamrpf2fw&_nc_ss=7f180&oh=00_AQGhtt4yjFmJAhXixeAjlbDuTJaeAOIdPN0yeDTvv7sifg&oe=6A75765B,,"['FACEBOOK', 'INSTAGRAM', 'AUDIENCE_NETWORK', 'MESSENGER', 'THREADS']",au,cw,facebook,social,2026-W31,2026-08,"FACEBOOK, INSTAGRAM, AUDIENCE_NETWORK, MESSENGER, THREADS",True,True,True,True,True,False,Brand/Category Page,True,False,False,2026-08-03,2026-07-28 07:00:00,2026-08-03 15:37:17.103942,6
27940376978985387,4423576951235011,True,2026-07-28 07:00:00,2026-08-02 07:00:00,Chemist Warehouse,Chemist Warehouse,{{product.name}},{{product.brand}},Shop now,DCO,https://www.chemistwarehouse.com.au/buy/169062/ethical-nutrients-mega-magnesium-glycinate-3-in-1-50-capsules?utm_source=facebook&utm_medium=social&utm_campaign=au_cw_oa_facebook_social_metagenicsaustralia_ethicalnutrients_81_jul25_100696-oa_video&utm_term=traffic&utm_content=video_video,www.chemistwarehouse.com.au,/buy/169062/ethical-nutrients-mega-magnesium-glycinate-3-in-1-50-capsules,facebook,social,au_cw_oa_facebook_social_metagenicsaustralia_ethicalnutrients_81_jul25_100696-oa_video,81,traffic,video_video,O&O,Metagenicsaustralia,Ethicalnutrients,jul25,video,Not all magnesium is equal,"When your days feel busy, it can show up in more ways than one.

NEW MagActive® Magnesium Glycinate 3-in-1 capsules are designed to:
⭐ Help relax muscles & relieve cramps
⭐ Support a healthy stress response
⭐ Support energy & vitality

One daily formula. Total support. Try it today.

Always read the label & follow the directions for use.",Shop Now,,https://video.fpss5-1.fna.fbcdn.net/o1/v/t2/f2/m366/AQNhiMVs78Z2IY3S8bO2x5y2ajYFs8pYr0amQvXRcpdHUIv9FORpspodQKsgOOMFVtdo-uA2Sg0s5VApve-_xK2KKjUWnP6qnf9GP06K3DCMZw.mp4?_nc_cat=104&_nc_oc=AdpQkvSLd5a-6QE-MFW_9W0ghGuQL3Dd6U6gVXD8krcqI0SB6kPF-xjw5iVqFbemrbw&_nc_sid=b66105&_nc_ht=video.fpss5-1.fna.fbcdn.net&_nc_ohc=Mh03X-GNbyAQ7kNvwEaoUK6&efg=eyJ2ZW5jb2RlX3RhZyI6Inhwdl9wcm9ncmVzc2l2ZS5WSV9VU0VDQVNFX1BST0RVQ1RfVFlQRS4uQzMuNzIwLmRhc2hfaDI2NC1iYXNpYy1nZW4yXzcyMHAiLCJ4cHZfYXNzZXRfaWQiOjE3MDAwNzU3MTgyMjY5NDMsImFzc2V0X2FnZV9kYXlzIjoxMCwidmlfdXNlY2FzZV9pZCI6MTA3OTksImR1cmF0aW9uX3MiOjM0LCJ1cmxnZW5fc291cmNlIjoid3d3In0%3D&ccb=17-1&vs=7001ed8cc9839d66&_nc_vs=HBksFQIYRWZiX2VwaGVtZXJhbC9GQzRFNjNFMzJBMzM0QUVCMDFEOTMwRTQ1RjUyQjk5OF9tdF8xX3ZpZGVvX2Rhc2hpbml0Lm1wNBUAAsgBEgAVAhhAZmJfcGVybWFuZW50LzlBNDRFN0ZGODM2Q0UzQjRDQ0EzOTUwQjJBODhBMkE5X2F1ZGlvX2Rhc2hpbml0Lm1wNBUCAsgBEgAoABgAGwKIB3VzZV9vaWwBMRJwcm9ncmVzc2l2ZV9yZWNpcGUBMRUAACb-z7WUt42FBhUCKAJDMywXQEEIcrAgxJwYGWRhc2hfaDI2NC1iYXNpYy1nZW4yXzcyMHARAHUAZd6oAQA&_nc_gid=rKaep6xtm_rgDhOOZiqb_Q&_nc_ss=7f180&_nc_zt=28&oh=00_AQF7Xih76QwINykcfjK1t9fAX89p1763U_I-WOuRG25uYw&oe=6A75A088,"['FACEBOOK', 'INSTAGRAM', 'AUDIENCE_NETWORK', 'MESSENGER', 'WHATSAPP', 'THREADS']",au,cw,facebook,social,2026-W31,2026-08,"FACEBOOK, INSTAGRAM, AUDIENCE_NETWORK, MESSENGER, WHATSAPP, THREADS",True,True,True,True,True,True,SKU Product,True,False,False,2026-08-03,2026-07-28 07:00:00,2026-08-03 15:37:17.103942,6
1373030918304047,1613936326756597,True,2026-07-28 07:00:00,2026-07-31 07:00:00,Chemist Warehouse,Chemist Warehouse,{{product.name}},{{product.brand}},Shop now,DCO,https://www.chemistwarehouse.com.au/shop-online/mcobeauty-new-august?utm_source=facebook&utm_medium=social&utm_campaign=au_cw_coop_facebook_social_mcobeautyptyltd_mcobeauty_648_2026_bau_dynamic&utm_term=conversion&utm_content=dynamic_image-generic,www.chemistwarehouse.com.au,/shop-online/mcobeauty-new-august,facebook,social,au_cw_coop_facebook_social_mcobeautyptyltd_mcobeauty_648_2026_bau_dynamic,648,conversion,dynamic_image-generic,Coop,Mcobeautyptyltd,Mcobeauty,2026,dynamic,Turn Up The Volume,Bold lashes. Defined eyes. Your new eye makeup obsession starts here,Shop Now,https://scontent.fpss5-1.fna.fbcdn.net/v/t39.35426-6/752150962_913316495143800_5602543295407434183_n.jpg?_nc_cat=111&ccb=1-7&_nc_sid=c53f8f&_nc_ohc=7iFQChdrZZwQ7kNvwEpkUFu&_nc_oc=AdocD85XP-F-OH340Yj9dMJhHjqaA9rAkJaFCvDqPW98VTE0ePpJrU9x-kdaTK1vk8I&_nc_zt=14&_nc_ht=scontent.fpss5-1.fna&_nc_gid=9eVhhTeD2o0xcuamrpf2fw&_nc_ss=7f180&oh=00_AQF-pUcAlYrZ6LLhwX9Er-tl3KN3kCMTgR-FLtLCJxpyjQ&oe=6A75A989,,"['FACEBOOK', 'INSTAGRAM', 'AUDIENCE_NETWORK', 'MESSENGER', 'THREADS']",au,cw,facebook,social,2026-W31,2026-08,"FACEBOOK, INSTAGRAM, AUDIENCE_NETWORK, MESSENGER, THREADS",True,True,True,True,True,False,Brand/Category Page,True,False,False,2026-08-03,2026-07-28 07:00:00,2026-08-03 15:37:17.103942,6
1507780703983631,1927672387878231,True,2026-07-28 07:00:00,2026-08-02 07:00:00,Chemist Warehouse,Chemist Warehouse,{{product.name}},{{product.brand}},Shop now,DCO,https://www.chemistwarehouse.com.au/shop-online/mcobeauty-new-august?utm_source=facebook&utm_medium=social&utm_campaign=au_cw_coop_facebook_social_mcobeautyptyltd_mcobeauty_648_2026_bau_dynamic&utm_term=conversion&utm_content=dynamic_image-generic,www.chemistwarehouse.com.au,/shop-online/mcobeauty-new-august,facebook,social,au_cw_coop_facebook_social_mcobeautyptyltd_mcobeauty_648_2026_bau_dynamic,648,conversion,dynamic_image-generic,Coop,Mcobeautyptyltd,Mcobeauty,2026,dynamic,Turn Up The Volume,Bold lashes. Defined eyes. Your new eye makeup obsession starts here,Shop Now,https://scontent.fpss5-1.fna.fbcdn.net/v/t39.35426-6/758395868_917963580637660_1466748499760379195_n.jpg?_nc_cat=109&ccb=1-7&_nc_sid=c53f8f&_nc_ohc=TKoHgwHJbMcQ7kNvwHuqSEE&_nc_oc=Adqb5MOCXeqhuPgAUy1uQyHV51D88oupYqvGbMBu0Eym_E6JMIF99Hi3ZowamP1B39M&_nc_zt=14&_nc_ht=scontent.fpss5-1.fna&_nc_gid=9eVhhTeD2o0xcuamrpf2fw&_nc_ss=7f180&oh=00_AQGHkoqPfzup8KuwXOULbbmgfksz7vu2kRWVsikVtvylfw&oe=6A758409,,"['FACEBOOK', 'INSTAGRAM', 'AUDIENCE_NETWORK', 'MESSENGER', 'THREADS']",au,cw,facebook,social,2026-W31,2026-08,"FACEBOOK, INSTAGRAM, AUDIENCE_NETWORK, MESSENGER, THREADS",True,True,True,True,True,False,Brand/Category Page,True,False,False,2026-08-03,2026-07-28 07:00:00,2026-08-03 15:37:17.103942,6
1030044546327267,1023069380122344,True,2026-07-28 07:00:00,2026-08-02 07:00:00,Chemist Warehouse,Chemist Warehouse,{{product.name}},{{product.brand}},Shop now,DCO,https://www.chemistwarehouse.com.au/shop-online/mcobeauty-new-august?utm_source=facebook&utm_medium=social&utm_campaign=au_cw_coop_facebook_social_mcobeautyptyltd_mcobeauty_648_2026_bau_dynamic&utm_term=conversion&utm_content=dynamic_image-generic,www.chemistwarehouse.com.au,/shop-online/mcobeauty-new-august,facebook,social,au_cw_coop_facebook_social_mcobeautyptyltd_mcobeauty_648_2026_bau_dynamic,648,conversion,dynamic_image-generic,Coop,Mcobeautyptyltd,Mcobeauty,2026,dynamic,Kiss This 💋,Line it. Stain it. Glaze it. Meet your new lip obsession 💋,Shop Now,https://scontent.fpss5-1.fna.fbcdn.net/v/t39.35426-6/756440595_1679515296455133_7261072871345530659_n.jpg?_nc_cat=105&ccb=1-7&_nc_sid=c53f8f&_nc_ohc=rm4ryEZkKyAQ7kNvwHO5CW_&_nc_oc=Ado7Q_Wp5bpXyAFc1MVDkws367pr0LkfPxwlplCxMzcHOaA4JRwd8s2wWBplOePRcCI&_nc_zt=14&_nc_ht=scontent.fpss5-1.fna&_nc_gid=rKaep6xtm_rgDhOOZiqb_Q&_nc_ss=7f180&oh=00_AQHb8IPGlFs-N-E-gi5f7kyyz8l18uQ794esOGXg6X50PA&oe=6A757F0D,,"['FACEBOOK', 'INSTAGRAM', 'AUDIENCE_NETWORK', 'MESSENGER', 'THREADS']",au,cw,facebook,social,2026-W31,2026-08,"FACEBOOK, INSTAGRAM, AUDIENCE_NETWORK, MESSENGER, THREADS",True,True,True,True,True,False,Brand/Category Page,True,False,False,2026-08-03,2026-07-28 07:00:00,2026-08-03 15:37:17.103942,6
1048688354523832,1023583566701708,True,2026-07-28 07:00:00,2026-08-02 07:00:00,Chemist Warehouse,Chemist Warehouse,{{product.name}},{{product.brand}},Shop now,DCO,https://www.chemistwarehouse.com.au/shop-online/mcobeauty-new-august?utm_source=facebook&utm_medium=social&utm_campaign=au_cw_coop_facebook_social_mcobeautyptyltd_mcobeauty_648_2026_bau_dynamic&utm_term=conversion&utm_content=dynamic_image-generic,www.chemistwarehouse.com.au,/shop-online/mcobeauty-new-august,facebook,social,au_cw_coop_facebook_social_mcobeautyptyltd_mcobeauty_648_2026_bau_dynamic,648,conversion,dynamic_image-generic,Coop,Mcobeautyptyltd,Mcobeauty,2026,dynamic,Kiss This 💋,Line it. Stain it. Glaze it. Meet your new lip obsession 💋,Shop Now,https://scontent.fpss5-1.fna.fbcdn.net/v/t39.35426-6/758951260_1713654129843416_1773431957572298661_n.jpg?_nc_cat=111&ccb=1-7&_nc_sid=c53f8f&_nc_ohc=nXNJXnbSKr0Q7kNvwFBkiqk&_nc_oc=AdrmbvkYihq9Am8brRebsGaCCJCE02qIXU-uSFwygIlEMFfmHt1_D0psPxHPb4zdBPo&_nc_zt=14&_nc_ht=scontent.fpss5-1.fna&_nc_gid=9eVhhTeD2o0xcuamrpf2fw&_nc_ss=7f180&oh=00_AQHeQb68nNOkYAQWkVn4Raw-ZG8biB3OVviUmmNQ5Lca3w&oe=6A75A145,,"['FACEBOOK', 'INSTAGRAM', 'AUDIENCE_NETWORK', 'MESSENGER', 'THREADS']",au,cw,facebook,social,2026-W31,2026-08,"FACEBOOK, INSTAGRAM, AUDIENCE_NETWORK, MESSENGER, THREADS",True,True,True,True,True,False,Brand/Category Page,True,False,False,2026-08-03,2026-07-28 07:00:00,2026-08-03 15:37:17.103942,6
1020332800912607,1993767567917186,True,2026-07-28 07:00:00,2026-08-02 07:00:00,Chemist Warehouse,Chemist Warehouse,{{product.name}},{{product.brand}},Shop now,DCO,https://www.chemistwarehouse.com.au/shop-online/mcobeauty-new-august?utm_source=facebook&utm_medium=social&utm_campaign=au_cw_coop_facebook_social_mcobeautyptyltd_mcobeauty_648_2026_bau_dynamic&utm_term=conversion&utm_content=dynamic_image-generic,www.chemistwarehouse.com.au,/shop-online/mcobeauty-new-august,facebook,social,au_cw_coop_facebook_social_mcobeautyptyltd_mcobeauty_648_2026_bau_dynamic,648,conversion,dynamic_image-generic,Coop,Mcobeautyptyltd,Mcobeauty,2026,dynamic,Hydrate. Prep. Set.,"Smooth, prep & hydrate your skin for the ultimate glass skin finish",Shop Now,https://scontent.fpss5-1.fna.fbcdn.net/v/t39.35426-6/756959390_2471423596688077_1667417392721595099_n.jpg?_nc_cat=110&ccb=1-7&_nc_sid=c53f8f&_nc_ohc=HlfB5aUd4ToQ7kNvwFwja28&_nc_oc=Adpzp0Z1HzJDg9okutebnbFHeLHRONbqBEeNjd8cqFYmzCddNqFTYiAMcHp1qv8NImk&_nc_zt=14&_nc_ht=scontent.fpss5-1.fna&_nc_gid=9eVhhTeD2o0xcuamrpf2fw&_nc_ss=7f180&oh=00_AQG8MEFkrwg43TyFkViE_-w8dKgUQREndcFOuKyRzC0OnA&oe=6A759838,,"['FACEBOOK', 'INSTAGRAM', 'AUDIENCE_NETWORK', 'MESSENGER', 'THREADS']",au,cw,facebook,social,2026-W31,2026-08,"FACEBOOK, INSTAGRAM, AUDIENCE_NETWORK, MESSENGER, THREADS",True,True,True,True,True,False,Brand/Category Page,True,False,False,2026-08-03,2026-07-28 07:00:00,2026-08-03 15:37:17.103942,6
2555485601558250,1013518671550255,True,2026-07-28 07:00:00,2026-08-02 07:00:00,Chemist Warehouse,Chemist Warehouse,{{product.name}},{{product.brand}},Shop now,DCO,https://www.chemistwarehouse.com.au/shop-online/mcobeauty-new-august?utm_source=facebook&utm_medium=social&utm_campaign=au_cw_coop_facebook_social_mcobeautyptyltd_mcobeauty_648_2026_bau_dynamic&utm_term=conversion&utm_content=dynamic_image-generic,www.chemistwarehouse.com.au,/shop-online/mcobeauty-new-august,facebook,social,au_cw_coop_facebook_social_mcobeautyptyltd_mcobeauty_648_2026_bau_dynamic,648,conversion,dynamic_image-generic,Coop,Mcobeautyptyltd,Mcobeauty,2026,dynamic,Turn Up The Volume,Bold lashes. Defined eyes. Your new eye makeup obsession starts here,Shop Now,https://scontent.fpss5-1.fna.fbcdn.net/v/t39.35426-6/757305444_1376328124439637_4535422069007563464_n.jpg?_nc_cat=106&ccb=1-7&_nc_sid=c53f8f&_nc_ohc=LetkYuNJSnwQ7kNvwG392tw&_nc_oc=AdqCRembb6bdT9TiuhLvhSO3lsmN0rIhCGHU-KzXlqMVqf-RNV36OFlNGXXQoeN2Zvs&_nc_zt=14&_nc_ht=scontent.fpss5-1.fna&_nc_gid=9eVhhTeD2o0xcuamrpf2fw&_nc_ss=7f180&oh=00_AQHAZ6wkr1sJpgWCoTWQ8wNw8iL13z3o0cE5_hng60EVwQ&oe=6A759E3F,,"['FACEBOOK', 'INSTAGRAM', 'AUDIENCE_NETWORK', 'MESSENGER', 'THREADS']",au,cw,facebook,social,2026-W31,2026-08,"FACEBOOK, INSTAGRAM, AUDIENCE_NETWORK, MESSENGER, THREADS",True,True,True,True,True,False,Brand/Category Page,True,False,False,2026-08-03,2026-07-28 07:00:00,2026-08-03 15:37:17.103942,6
1046505938078009,1361848269206893,True,2026-07-28 07:00:00,2026-08-02 07:00:00,Chemist Warehouse,Chemist Warehouse,{{product.name}},{{product.brand}},Shop now,DCO,https://www.chemistwarehouse.com.au/shop-online/mcobeauty-new-august?utm_source=facebook&utm_medium=social&utm_campaign=au_cw_coop_facebook_social_mcobeautyptyltd_mcobeauty_648_2026_bau_dynamic&utm_term=conversion&utm_content=dynamic_image-generic,www.chemistwarehouse.com.au,/shop-online/mcobeauty-new-august,facebook,social,au_cw_coop_facebook_social_mcobeautyptyltd_mcobeauty_648_2026_bau_dynamic,648,conversion,dynamic_image-generic,Coop,Mcobeautyptyltd,Mcobeauty,2026,dynamic,Turn Up The Volume,Bold lashes. Defined eyes. Your new eye makeup obsession starts here,Shop Now,https://scontent.fpss5-1.fna.fbcdn.net/v/t39.35426-6/757212305_1691485511971547_4800398365598128833_n.jpg?_nc_cat=105&ccb=1-7&_nc_sid=c53f8f&_nc_ohc=Bk-i3sl8YGYQ7kNvwHbZPX4&_nc_oc=Adq-JRt7FO4uXM7gya8Ga88Qy6VAjwmMhY4POXaNXeckN2JdvrcN3P5pHcuBdDGRFuA&_nc_zt=14&_nc_ht=scontent.fpss5-1.fna&_nc_gid=9eVhhTeD2o0xcuamrpf2fw&_nc_ss=7f180&oh=00_AQE30jASKGVrm9TtLPm1vw-MZte3b958LpaZXF1uYv_g5w&oe=6A75A1D4,,"['FACEBOOK', 'INSTAGRAM', 'AUDIENCE_NETWORK', 'MESSENGER', 'THREADS']",au,cw,facebook,social,2026-W31,2026-08,"FACEBOOK, INSTAGRAM, AUDIENCE_NETWORK, MESSENGER, THREADS",True,True,True,True,True,False,Brand/Category Page,True,False,False,2026-08-03,2026-07-28 07:00:00,2026-08-03 15:37:17.103942,6
1049090941210302,1756480972367739,True,2026-07-28 07:00:00,2026-08-02 07:00:00,Chemist Warehouse,Chemist Warehouse,{{product.name}},{{product.brand}},Shop now,DCO,https://www.chemistwarehouse.com.au/shop-online/mcobeauty-new-august?utm_source=facebook&utm_medium=social&utm_campaign=au_cw_coop_facebook_social_mcobeautyptyltd_mcobeauty_648_2026_bau_dynamic&utm_term=conversion&utm_content=dynamic_image-generic,www.chemistwarehouse.com.au,/shop-online/mcobeauty-new-august,facebook,social,au_cw_coop_facebook_social_mcobeautyptyltd_mcobeauty_648_2026_bau_dynamic,648,conversion,dynamic_image-generic,Coop,Mcobeautyptyltd,Mcobeauty,2026,dynamic,Hydrate. Prep. Set.,"Smooth, prep & hydrate your skin for the ultimate glass skin finish",Shop Now,https://scontent.fpss5-1.fna.fbcdn.net/v/t39.35426-6/757507550_1701579061080811_5041925996957818537_n.jpg?_nc_cat=104&ccb=1-7&_nc_sid=c53f8f&_nc_ohc=3VKjFttv388Q7kNvwFuSOzS&_nc_oc=AdpBml70oBO1kreJYLB4hxqLaAteDSxV9ZUkCLplx7jKqKBEcQhCsw8OseP2h-Adxs0&_nc_zt=14&_nc_ht=scontent.fpss5-1.fna&_nc_gid=9eVhhTeD2o0xcuamrpf2fw&_nc_ss=7f180&oh=00_AQHhFMvS1ULzLFwmphYZQG8zxzRQT6xLj_8_1w9MibrUZw&oe=6A758C6F,,"['FACEBOOK', 'INSTAGRAM', 'AUDIENCE_NETWORK', 'MESSENGER', 'THREADS']",au,cw,facebook,social,2026-W31,2026-08,"FACEBOOK, INSTAGRAM, AUDIENCE_NETWORK, MESSENGER, THREADS",True,True,True,True,True,False,Brand/Category Page,True,False,False,2026-08-03,2026-07-28 07:00:00,2026-08-03 15:37:17.103942,6
27282206158128586,,True,2026-07-28 07:00:00,2026-08-02 07:00:00,Chemist Warehouse,Chemist Warehouse,{{product.name}},{{product.name}},Shop now,DPA,https://www.chemistwarehouse.com.au/shop-online/1028/trilogy?utm_source=facebook&utm_medium=social&utm_content=Catalogue&utm_campaign=au_cw_coop_facebook_social_trilogynaturalproductslimited_trilogy_665_2026_bau_dynamic_100570&utm_term=Dynamic,www.chemistwarehouse.com.au,/shop-online/1028/trilogy,facebook,social,au_cw_coop_facebook_social_trilogynaturalproductslimited_trilogy_665_2026_bau_dynamic_100570,665,Dynamic,Catalogue,Coop,Trilogynaturalproductslimited,Trilogy,2026,100570,Trilogy Rosapene Bakuchiol Oil 30ml,Trilogy Rosapene Bakuchiol Oil 30ml,Shop Now,https://scontent.fpss5-1.fna.fbcdn.net/v/t39.35426-6/758180465_1723106185786199_3927890891858157686_n.jpg?_nc_cat=109&ccb=1-7&_nc_sid=c53f8f&_nc_ohc=vIR2ybx_RRUQ7kNvwGCskAr&_nc_oc=AdrYlAk8S7qmV69ssqFLs-eIwRKwzEaoKto983FnchdgrlwLYQ49_nvD3Sy6SHTHySA&_nc_zt=14&_nc_ht=scontent.fpss5-1.fna&_nc_gid=9eVhhTeD2o0xcuamrpf2fw&_nc_ss=7f180&oh=00_AQFsjKyix9YNFLndeDRzi1xbGTtJAfLYBI8EVOepIvlclw&oe=6A759E2B,,"['FACEBOOK', 'INSTAGRAM', 'AUDIENCE_NETWORK', 'MESSENGER', 'THREADS']",au,cw,facebook,social,2026-W31,2026-08,"FACEBOOK, INSTAGRAM, AUDIENCE_NETWORK, MESSENGER, THREADS",True,True,True,True,True,False,Brand/Category Page,True,False,False,2026-08-03,2026-07-28 07:00:00,2026-08-03 15:37:17.103942,6
1915498002452409,2872121609824412,True,2026-07-28 07:00:00,2026-08-02 07:00:00,Chemist Warehouse,Chemist Warehouse,{{product.name}},{{product.brand}},Shop now,DCO,https://www.chemistwarehouse.com.au/shop-online/mcobeauty-new-august?utm_source=facebook&utm_medium=social&utm_campaign=au_cw_coop_facebook_social_mcobeautyptyltd_mcobeauty_648_2026_bau_dynamic&utm_term=conversion&utm_content=dynamic_image-generic,www.chemistwarehouse.com.au,/shop-online/mcobeauty-new-august,facebook,social,au_cw_coop_facebook_social_mcobeautyptyltd_mcobeauty_648_2026_bau_dynamic,648,conversion,dynamic_image-generic,Coop,Mcobeautyptyltd,Mcobeauty,2026,dynamic,Kiss This 💋,Line it. Stain it. Glaze it. Meet your new lip obsession 💋,Shop Now,https://scontent.fpss5-1.fna.fbcdn.net/v/t39.35426-6/758501735_2750767431973492_3372735623204188014_n.jpg?_nc_cat=110&ccb=1-7&_nc_sid=c53f8f&_nc_ohc=XVaHJknpZd8Q7kNvwGajWy5&_nc_oc=Adrpd4hJnAnv5uFk2lntYFNZJKVO780TNwMOjJjUocXBsNWyRpYII2TsIEDHPFobEeE&_nc_zt=14&_nc_ht=scontent.fpss5-1.fna&_nc_gid=9eVhhTeD2o0xcuamrpf2fw&_nc_ss=7f180&oh=00_AQFJ02q1Kg3ZLFIS5Ndfi9nDj62mfFXu6FUDY0jVw8g5_g&oe=6A75A28D,,"['FACEBOOK', 'INSTAGRAM', 'AUDIENCE_NETWORK', 'MESSENGER', 'THREADS']",au,cw,facebook,social,2026-W31,2026-08,"FACEBOOK, INSTAGRAM, AUDIENCE_NETWORK, MESSENGER, THREADS",True,True,True,True,True,False,Brand/Category Page,True,False,False,2026-08-03,2026-07-28 07:00:00,2026-08-03 15:37:17.103942,6
1056902593452367,28628984323358203,True,2026-07-28 07:00:00,2026-08-02 07:00:00,Chemist Warehouse,Chemist Warehouse,{{product.name}},{{product.brand}},Shop now,DCO,https://www.chemistwarehouse.com.au/shop-online/1028/trilogy?utm_source=facebook&utm_medium=social&utm_campaign=au_cw_coop_facebook_social_trilogynaturalproductslimited_trilogy_665_2026_bau_dynamic_100570&utm_term=conversion&utm_content=dynamic_dynamic,www.chemistwarehouse.com.au,/shop-online/1028/trilogy,facebook,social,au_cw_coop_facebook_social_trilogynaturalproductslimited_trilogy_665_2026_bau_dynamic_100570,665,conversion,dynamic_dynamic,Coop,Trilogynaturalproductslimited,Trilogy,2026,100570,One sold every 37 seconds.,"One ingredient. Guaranteed quality. 
 ✨100% Certified Organic Rosehip Oil - the foundation of your skincare capsule
 ✨Cold‑pressed
 ✨Batch tested for quality",Shop Now,,https://video.fpss5-1.fna.fbcdn.net/o1/v/t2/f2/m366/AQOC-BSffdfJuFrHjdL0QVWMTj_yAkH0p4JeD9vki78rrzXDUxTjbdpp1Cimvr4OldVYa7txzoTfe764u0Opn-bvedMsQVNsiHYXsx9IN0gs-g.mp4?_nc_cat=101&_nc_oc=Adq69-98pSKoMLdqiC8kdlFzs_ff2fddeBm3IWpIJNKjtKo3VCRiqmZBu-1GbsbHL40&_nc_sid=b66105&_nc_ht=video.fpss5-1.fna.fbcdn.net&_nc_ohc=RfY1ePWU6acQ7kNvwFYVC6o&efg=eyJ2ZW5jb2RlX3RhZyI6Inhwdl9wcm9ncmVzc2l2ZS5WSV9VU0VDQVNFX1BST0RVQ1RfVFlQRS4uQzMuNzIwLmRhc2hfaDI2NC1iYXNpYy1nZW4yXzcyMHAiLCJ4cHZfYXNzZXRfaWQiOjE3OTcwNDgyOTc5MjYzMTksImFzc2V0X2FnZV9kYXlzIjoxMSwidmlfdXNlY2FzZV9pZCI6MTA3OTksImR1cmF0aW9uX3MiOjI0LCJ1cmxnZW5fc291cmNlIjoid3d3In0%3D&ccb=17-1&vs=f0e68966c8d09e3c&_nc_vs=HBksFQIYRWZiX2VwaGVtZXJhbC83NTRCQ0E0QTlBMjMxMUFGODU3QTNBMERGMTNGQUY4Rl9tdF8xX3ZpZGVvX2Rhc2hpbml0Lm1wNBUAAsgBEgAVAhhAZmJfcGVybWFuZW50L0FGNDY2MEU2ODVBNzczQzBGRkFFNjdCNDZBQjMwQ0JBX2F1ZGlvX2Rhc2hpbml0Lm1wNBUCAsgBEgAoABgAGwKIB3VzZV9vaWwBMRJwcm9ncmVzc2l2ZV9yZWNpcGUBMRUAACbeuomX_ZmxBhUCKAJDMywXQDgIcrAgxJwYGWRhc2hfaDI2NC1iYXNpYy1nZW4yXzcyMHARAHUAZd6oAQA&_nc_gid=9eVhhTeD2o0xcuamrpf2fw&_nc_ss=7f180&_nc_zt=28&oh=00_AQEpvlfmQmdlxIqvfg6ouYkd9ryZZsbmeLc8hH4lJ4Weqg&oe=6A758413,"['FACEBOOK', 'INSTAGRAM', 'AUDIENCE_NETWORK', 'MESSENGER', 'THREADS']",au,cw,facebook,social,2026-W31,2026-08,"FACEBOOK, INSTAGRAM, AUDIENCE_NETWORK, MESSENGER, THREADS",True,True,True,True,True,False,Brand/Category Page,True,False,False,2026-08-03,2026-07-28 07:00:00,2026-08-03 15:37:17.103942,6
2122047572040880,1735768280882372,True,2026-07-28 07:00:00,2026-08-02 07:00:00,Chemist Warehouse,Chemist Warehouse,Red Seal Toothpaste,Shop Red Seal Toothpaste now at Chemist Warehouse!,Shop now,VIDEO,https://www.chemistwarehouse.com.au/shop-online/703985/red-seal?category=Everyday%20Toothpaste&utm_source=facebook&utm_medium=social&utm_campaign=au_cw_oa_facebook_social_endeavourconsumerhealth_redseal_159_jul26_100627-bau_video&utm_term=reach&utm_content=video_video,www.chemistwarehouse.com.au,/shop-online/703985/red-seal,facebook,social,au_cw_oa_facebook_social_endeavourconsumerhealth_redseal_159_jul26_100627-bau_video,159,reach,video_video,O&O,Endeavourconsumerhealth,Redseal,jul26,video,,,,,,"['FACEBOOK', 'INSTAGRAM', 'MESSENGER']",au,cw,facebook,social,2026-W31,2026-08,"FACEBOOK, INSTAGRAM, MESSENGER",True,True,False,True,False,False,Brand/Category Page,True,True,False,2026-08-03,2026-07-28 07:00:00,2026-08-03 15:37:17.103942,6
1043007001408564,968319526220713,True,2026-07-28 07:00:00,2026-08-02 07:00:00,Chemist Warehouse,Chemist Warehouse,Red Seal Toothpaste,Shop Red Seal Toothpaste now at Chemist Warehouse!,Shop now,VIDEO,https://www.chemistwarehouse.com.au/shop-online/703985/red-seal?category=Everyday%20Toothpaste&utm_source=facebook&utm_medium=social&utm_campaign=au_cw_oa_facebook_social_endeavourconsumerhealth_redseal_159_jul26_100627-bau_video&utm_term=reach&utm_content=video_video,www.chemistwarehouse.com.au,/shop-online/703985/red-seal,facebook,social,au_cw_oa_facebook_social_endeavourconsumerhealth_redseal_159_jul26_100627-bau_video,159,reach,video_video,O&O,Endeavourconsumerhealth,Redseal,jul26,video,,,,,,"['FACEBOOK', 'INSTAGRAM', 'MESSENGER']",au,cw,facebook,social,2026-W31,2026-08,"FACEBOOK, INSTAGRAM, MESSENGER",True,True,False,True,False,False,Brand/Category Page,True,True,False,2026-08-03,2026-07-28 07:00:00,2026-08-03 15:37:17.103942,6
1021310217411468,1551920606529279,True,2026-07-28 07:00:00,2026-08-02 07:00:00,Chemist Warehouse,Chemist Warehouse,Red Seal Toothpaste,Shop Red Seal Toothpaste now at Chemist Warehouse!,Shop now,VIDEO,https://www.chemistwarehouse.com.au/shop-online/703985/red-seal?category=Everyday%20Toothpaste&utm_source=facebook&utm_medium=social&utm_campaign=au_cw_oa_facebook_social_endeavourconsumerhealth_redseal_159_jul26_100627-bau_video&utm_term=reach&utm_content=video_video,www.chemistwarehouse.com.au,/shop-online/703985/red-seal,facebook,social,au_cw_oa_facebook_social_endeavourconsumerhealth_redseal_159_jul26_100627-bau_video,159,reach,video_video,O&O,Endeavourconsumerhealth,Redseal,jul26,video,,,,,,"['FACEBOOK', 'INSTAGRAM', 'MESSENGER']",au,cw,facebook,social,2026-W31,2026-08,"FACEBOOK, INSTAGRAM, MESSENGER",True,True,False,True,False,False,Brand/Category Page,True,True,False,2026-08-03,2026-07-28 07:00:00,2026-08-03 15:37:17.103942,6
870336025872836,1016714720737599,True,2026-07-29 07:00:00,2026-08-02 07:00:00,Chemist Warehouse,Chemist Warehouse,{{product.name}},{{product.brand}},Shop now,DCO,https://www.chemistwarehouse.com.au/shop-online/902/sukin?utm_source=facebook&utm_medium=social&utm_campaign=au_cw_coop_facebook_social_bwxbrandsptyltd_sukin_665_2026_100133-bau_video-image&utm_term=traffic&utm_content=video-image_all,www.chemistwarehouse.com.au,/shop-online/902/sukin,facebook,social,au_cw_coop_facebook_social_bwxbrandsptyltd_sukin_665_2026_100133-bau_video-image,665,traffic,video-image_all,Coop,Bwxbrandsptyltd,Sukin,2026,video-image,Everyday Bodycare Rituals,Upgrade your shower routine with Sukin bodycare essentials at Chemist Warehouse.,Shop Now,,,"['FACEBOOK', 'INSTAGRAM', 'AUDIENCE_NETWORK', 'MESSENGER', 'WHATSAPP', 'THREADS']",au,cw,facebook,social,2026-W31,2026-08,"FACEBOOK, INSTAGRAM, AUDIENCE_NETWORK, MESSENGER, WHATSAPP, THREADS",True,True,True,True,True,True,Brand/Category Page,True,False,False,2026-08-03,2026-07-29 07:00:00,2026-08-03 15:37:17.103942,5
2873567719658360,829755366654509,True,2026-07-28 07:00:00,2026-07-28 07:00:00,Chemist Warehouse,Chemist Warehouse,{{product.name}},{{product.brand}},Shop now,DCO,https://www.chemistwarehouse.com.au/shop-online/902/sukin?utm_source=facebook&utm_medium=social&utm_campaign=au_cw_coop_facebook_social_bwxbrandsptyltd_sukin_665_2026_100133-bau_video-image&utm_term=traffic&utm_content=video-image_all,www.chemistwarehouse.com.au,/shop-online/902/sukin,facebook,social,au_cw_coop_facebook_social_bwxbrandsptyltd_sukin_665_2026_100133-bau_video-image,665,traffic,video-image_all,Coop,Bwxbrandsptyltd,Sukin,2026,video-image,Sukin's New Fruity Range,"Awaken your senses with the New Sukin Coconut Bliss, Paraben Free,  Suits all skin types",Shop Now,https://scontent.fpss5-1.fna.fbcdn.net/v/t39.35426-6/721575506_982828477793464_9218058166543650403_n.jpg?_nc_cat=105&ccb=1-7&_nc_sid=c53f8f&_nc_ohc=2T78ZdLwFIEQ7kNvwFVeerC&_nc_oc=AdoI7WSlxOcE21L8yUL-eR-hY3dEgqIQ_wrF8fhYHSJjCebjDwOcuKbX8lAFvEZuEVc&_nc_zt=14&_nc_ht=scontent.fpss5-1.fna&_nc_gid=9eVhhTeD2o0xcuamrpf2fw&_nc_ss=7f180&oh=00_AQHOk6x7NzzvNkboaH-YGRIK572L-oVaQjoo1kJ_29wz5w&oe=6A75A2A8,,"['FACEBOOK', 'INSTAGRAM', 'AUDIENCE_NETWORK', 'MESSENGER', 'WHATSAPP', 'THREADS']",au,cw,facebook,social,2026-W31,2026-08,"FACEBOOK, INSTAGRAM, AUDIENCE_NETWORK, MESSENGER, WHATSAPP, THREADS",True,True,True,True,True,True,Brand/Category Page,True,False,False,2026-08-03,2026-07-28 07:00:00,2026-08-03 15:37:17.103942,6
945205745260191,1518942319679058,True,2026-07-28 07:00:00,2026-08-01 07:00:00,Chemist Warehouse,Chemist Warehouse,{{product.name}},{{product.brand}},Shop now,DCO,https://www.chemistwarehouse.com.au/shop-online/902/sukin?utm_source=facebook&utm_medium=social&utm_campaign=au_cw_coop_facebook_social_bwxbrandsptyltd_sukin_665_2026_100133-bau_video-image&utm_term=traffic&utm_content=video-image_all,www.chemistwarehouse.com.au,/shop-online/902/sukin,facebook,social,au_cw_coop_facebook_social_bwxbrandsptyltd_sukin_665_2026_100133-bau_video-image,665,traffic,video-image_all,Coop,Bwxbrandsptyltd,Sukin,2026,video-image,Everyday Bodycare Rituals,Upgrade your shower routine with Sukin bodycare essentials at Chemist Warehouse.,Shop Now,,https://video.fpss5-1.fna.fbcdn.net/o1/v/t2/f2/m366/AQMvFuZwT7kq4Mh8LmSFPjTgn0hsM6CEiQm_-sp7TM-ebO8r0saKGuME6Kt6cw4b50iFoPgP5NF2hbVhYrg384tAvHi3M-iEccnMf1HfAGS2pw.mp4?_nc_cat=107&_nc_oc=AdoE9tgrjxFsFtJvXKJkMgwXa2Ih7kLkH8aQxGthx4DEkvXby32nUFCbk4ulDyrz3G4&_nc_sid=b66105&_nc_ht=video.fpss5-1.fna.fbcdn.net&_nc_ohc=wiKGpzdk42sQ7kNvwH_Tu0k&efg=eyJ2ZW5jb2RlX3RhZyI6Inhwdl9wcm9ncmVzc2l2ZS5WSV9VU0VDQVNFX1BST0RVQ1RfVFlQRS4uQzMuNzIwLmRhc2hfaDI2NC1iYXNpYy1nZW4yXzcyMHAiLCJ4cHZfYXNzZXRfaWQiOjEzMTY4MzUwNDA0MjA5ODQsImFzc2V0X2FnZV9kYXlzIjo1MiwidmlfdXNlY2FzZV9pZCI6MTA3OTksImR1cmF0aW9uX3MiOjQ5LCJ1cmxnZW5fc291cmNlIjoid3d3In0%3D&ccb=17-1&vs=69ecd50d1d17180&_nc_vs=HBksFQIYRWZiX2VwaGVtZXJhbC9BOTQ1RTQyMkExRDI4ODQ3Q0QyQkU5QUQ4MEIzNERBMF9tdF8xX3ZpZGVvX2Rhc2hpbml0Lm1wNBUAAsgBEgAVAhhAZmJfcGVybWFuZW50LzIwNEI0NEVCQjU3OEM4REY2Nzk1RDk2MTM0QzVBMDg3X2F1ZGlvX2Rhc2hpbml0Lm1wNBUCAsgBEgAoABgAGwKIB3VzZV9vaWwBMRJwcm9ncmVzc2l2ZV9yZWNpcGUBMRUAACbwkf_M8enWBBUCKAJDMywXQEjIcrAgxJwYGWRhc2hfaDI2NC1iYXNpYy1nZW4yXzcyMHARAHUAZd6oAQA&_nc_gid=9eVhhTeD2o0xcuamrpf2fw&_nc_ss=7f180&_nc_zt=28&oh=00_AQF-yKUxC1CXGwgEKFMtRlaV9yKryQWmzpXSgU9LB1uArQ&oe=6A757A81,"['FACEBOOK', 'INSTAGRAM', 'AUDIENCE_NETWORK', 'MESSENGER', 'WHATSAPP', 'THREADS']",au,cw,facebook,social,2026-W31,2026-08,"FACEBOOK, INSTAGRAM, AUDIENCE_NETWORK, MESSENGER, WHATSAPP, THREADS",True,True,True,True,True,True,Brand/Category Page,True,False,False,2026-08-03,2026-07-28 07:00:00,2026-08-03 15:37:17.103942,6
2364954927604752,2176800673160321,True,2026-07-28 07:00:00,2026-07-28 07:00:00,Chemist Warehouse,Chemist Warehouse,{{product.name}},{{product.brand}},Shop now,DCO,https://www.chemistwarehouse.com.au/shop-online/902/sukin?utm_source=facebook&utm_medium=social&utm_campaign=au_cw_coop_facebook_social_bwxbrandsptyltd_sukin_665_2026_100133-bau_video-image&utm_term=traffic&utm_content=video-image_all,www.chemistwarehouse.com.au,/shop-online/902/sukin,facebook,social,au_cw_coop_facebook_social_bwxbrandsptyltd_sukin_665_2026_100133-bau_video-image,665,traffic,video-image_all,Coop,Bwxbrandsptyltd,Sukin,2026,video-image,Sukin's New Fruity Range,"Awaken your senses with the New Sukin Coconut Bliss, Paraben Free,  Suits all skin types",Shop Now,https://scontent.fpss5-1.fna.fbcdn.net/v/t39.35426-6/723573554_1335895175148255_361426192767929543_n.jpg?_nc_cat=102&ccb=1-7&_nc_sid=c53f8f&_nc_ohc=1kF2jFz6giQQ7kNvwGKOCx6&_nc_oc=AdqYM1-edMcD0PTdM5L3EJW5Pb61YVDP45VEqRSQ9RcTDG8cLqXsixcrxmhQptKiMzc&_nc_zt=14&_nc_ht=scontent.fpss5-1.fna&_nc_gid=9eVhhTeD2o0xcuamrpf2fw&_nc_ss=7f180&oh=00_AQHoYAdrMILopskcCbwBOaBGUBoLC1b1VtU2YAKYKCNNvg&oe=6A75935E,,"['FACEBOOK', 'INSTAGRAM', 'AUDIENCE_NETWORK', 'MESSENGER', 'WHATSAPP', 'THREADS']",au,cw,facebook,social,2026-W31,2026-08,"FACEBOOK, INSTAGRAM, AUDIENCE_NETWORK, MESSENGER, WHATSAPP, THREADS",True,True,True,True,True,True,Brand/Category Page,True,False,False,2026-08-03,2026-07-28 07:00:00,2026-08-03 15:37:17.103942,6
4456946847958211,1413957427208544,True,2026-07-28 07:00:00,2026-08-02 07:00:00,Chemist Warehouse,Chemist Warehouse,{{product.name}},{{product.brand}},Shop now,DCO,https://chemistwarehouseoptometry.com.au/,chemistwarehouseoptometry.com.au,/,,,,,,,Not Specified,,,,,Find your contact lenses online now!,"Stop paying too much on contact lenses at Chemist Warehouse Optometry.

👉 Wide range of lenses at everyday low prices.
👉 Free Shipping on orders over $99
👉 Tracked Delivery on all orders
👉 Friendly Customer Service

Shop Online Now at Chemist Warehouse Optometry & see the savings!",Shop Now,https://scontent.fpss5-1.fna.fbcdn.net/v/t39.35426-6/756042908_2125447201730183_2165699493015282767_n.jpg?_nc_cat=108&ccb=1-7&_nc_sid=c53f8f&_nc_ohc=HyeXG8Q5k1IQ7kNvwER_toA&_nc_oc=AdqLLMsydA_6sIyUuc9p1atB9s1dUwKRC9j4NtNA4q53bpi4MQptYYgJSbPC3Hu4gB0&_nc_zt=14&_nc_ht=scontent.fpss5-1.fna&_nc_gid=9eVhhTeD2o0xcuamrpf2fw&_nc_ss=7f180&oh=00_AQGo4wb0GwVD980IxLiul8hA6IcCIXaLKcm3c5TsEtU7lg&oe=6A759D57,,"['FACEBOOK', 'INSTAGRAM', 'AUDIENCE_NETWORK', 'THREADS']",,,,,2026-W31,2026-08,"FACEBOOK, INSTAGRAM, AUDIENCE_NETWORK, THREADS",True,True,True,False,True,False,Homepage,True,False,False,2026-08-03,2026-07-28 07:00:00,2026-08-03 15:37:17.103942,6
1666021481366923,1800242027958853,True,2026-07-28 07:00:00,2026-08-01 07:00:00,Chemist Warehouse,Chemist Warehouse,{{product.name}},{{product.brand}},Shop now,DCO,https://chemistwarehouseoptometry.com.au/,chemistwarehouseoptometry.com.au,/,,,,,,,Not Specified,,,,,SITEWIDE SALE ON NOW!,"ALL CONTACT LENSES DISCOUNTED! 💰

Our August Sitewide Sale is live - save on your contact lenses here! ✨

🚚 FREE shipping on orders $99+^
⏰ Hurry - sale ends 11:59PM 31/08/26 (AEDT)
👉 Don't pay full price - shop online at Chemist Warehouse Optometry now!",Shop Now,,https://video.fpss5-1.fna.fbcdn.net/o1/v/t2/f2/m366/AQOiaqgGhWo6BK0enqvgX-KrVcqEIVlWkM7jHo5q4OG199izlBXVxX_KqK4KH_fH4MRznyxq4Dwyrr2px6qtho4frmUXIGNkc7GIlKC5ZqNPsw.mp4?_nc_cat=107&_nc_oc=AdqeyIKkqLhGj_gnw300iCEiu3sOKWhyh3nnv4yP6fwIo2_t0Y52OK07BrFiBxCYCos&_nc_sid=b66105&_nc_ht=video.fpss5-1.fna.fbcdn.net&_nc_ohc=xm0yYM8UxwoQ7kNvwFhi_6i&efg=eyJ2ZW5jb2RlX3RhZyI6Inhwdl9wcm9ncmVzc2l2ZS5WSV9VU0VDQVNFX1BST0RVQ1RfVFlQRS4uQzMuNzIwLmRhc2hfaDI2NC1iYXNpYy1nZW4yXzcyMHAiLCJ4cHZfYXNzZXRfaWQiOjIxNTcwODM2ODg0ODE4NzgsImFzc2V0X2FnZV9kYXlzIjoxMSwidmlfdXNlY2FzZV9pZCI6MTA3OTksImR1cmF0aW9uX3MiOjEwLCJ1cmxnZW5fc291cmNlIjoid3d3In0%3D&ccb=17-1&vs=560028f886395a45&_nc_vs=HBkcFQIYRWZiX2VwaGVtZXJhbC8yNDQ1QzJGQ0ZBNTVBNDVCNTlBRkRDM0UzNjIxNTY4Nl9tdF8xX3ZpZGVvX2Rhc2hpbml0Lm1wNBUAAsgBEgAoABgAGwKIB3VzZV9vaWwBMRJwcm9ncmVzc2l2ZV9yZWNpcGUBMRUAACas0YXw5fbUBxUCKAJDMywXQCQAAAAAAAAYGWRhc2hfaDI2NC1iYXNpYy1nZW4yXzcyMHARAHUAZd6oAQA&_nc_gid=9eVhhTeD2o0xcuamrpf2fw&_nc_ss=7f180&_nc_zt=28&oh=00_AQEmkI-1JHy_XO_q6Okx-bzHB7S4n-aWML7N0RpVdnEYjw&oe=6A757731,"['FACEBOOK', 'INSTAGRAM', 'AUDIENCE_NETWORK', 'MESSENGER', 'THREADS']",,,,,2026-W31,2026-08,"FACEBOOK, INSTAGRAM, AUDIENCE_NETWORK, MESSENGER, THREADS",True,True,True,True,True,False,Homepage,True,False,False,2026-08-03,2026-07-28 07:00:00,2026-08-03 15:37:17.103942,6
1020209560895040,1000768062724489,True,2026-07-28 07:00:00,2026-08-02 07:00:00,Chemist Warehouse,Chemist Warehouse,{{product.name}},{{product.brand}},Shop now,DCO,https://chemistwarehouseoptometry.com.au/,chemistwarehouseoptometry.com.au,/,,,,,,,Not Specified,,,,,SITEWIDE SALE ON NOW!,"ALL CONTACT LENSES DISCOUNTED! 💰

Our August Sitewide Sale is live - save on your contact lenses here! ✨

🚚 FREE shipping on orders $99+^
⏰ Hurry - sale ends 11:59PM 31/08/26 (AEDT)
👉 Don't pay full price - shop online at Chemist Warehouse Optometry now!",Shop Now,https://scontent.fpss5-1.fna.fbcdn.net/v/t39.35426-6/758707041_1042212314820098_166341967380314840_n.jpg?_nc_cat=104&ccb=1-7&_nc_sid=c53f8f&_nc_ohc=1ShVoNZOviwQ7kNvwHK9asM&_nc_oc=AdpVdavZDwKYrtHO8BKuJAjEfmBiwcvDoXrdYAdeeuqc-4gUw8XMxq4qTZHbu-2K5FE&_nc_zt=14&_nc_ht=scontent.fpss5-1.fna&_nc_gid=9eVhhTeD2o0xcuamrpf2fw&_nc_ss=7f180&oh=00_AQHZPVuGHG1HKH4GMQ0NljubFQ5yuQ2l60W0EWgMvfjeow&oe=6A75A609,,"['FACEBOOK', 'INSTAGRAM', 'AUDIENCE_NETWORK', 'THREADS']",,,,,2026-W31,2026-08,"FACEBOOK, INSTAGRAM, AUDIENCE_NETWORK, THREADS",True,True,True,False,True,False,Homepage,True,False,False,2026-08-03,2026-07-28 07:00:00,2026-08-03 15:37:17.103942,6
1757118605472594,1016032997480593,True,2026-07-28 07:00:00,2026-08-01 07:00:00,Chemist Warehouse,Chemist Warehouse,{{product.name}},{{product.brand}},Shop now,DCO,https://chemistwarehouseoptometry.com.au/,chemistwarehouseoptometry.com.au,/,,,,,,,Not Specified,,,,,Shop at Chemist Warehouse Optometry now,"Stop paying too much on contact lenses at Chemist Warehouse Optometry.

👉 Wide range of lenses at everyday low prices.
👉 Free Shipping on orders over $99
👉 Tracked Delivery on all orders
👉 Friendly Customer Service

Shop Online Now at Chemist Warehouse Optometry & see the savings!",Shop Now,https://scontent.fpss5-1.fna.fbcdn.net/v/t39.35426-6/756833026_2206493373526588_4263798080134258754_n.jpg?_nc_cat=110&ccb=1-7&_nc_sid=c53f8f&_nc_ohc=cp4mjfGZVqUQ7kNvwGtb_i_&_nc_oc=Adp3aRXJ7ukCwyOoxR6fYfiEp_6avChZ2iFGpw9oTKtzHOrUPBUN66MXc7wpFNtb85s&_nc_zt=14&_nc_ht=scontent.fpss5-1.fna&_nc_gid=9eVhhTeD2o0xcuamrpf2fw&_nc_ss=7f180&oh=00_AQFPykHlOuoMQHV8ae9FqRxFzyX7vj1GexPis4_j7zz_vQ&oe=6A7597E5,,"['FACEBOOK', 'INSTAGRAM', 'AUDIENCE_NETWORK', 'THREADS']",,,,,2026-W31,2026-08,"FACEBOOK, INSTAGRAM, AUDIENCE_NETWORK, THREADS",True,True,True,False,True,False,Homepage,True,False,False,2026-08-03,2026-07-28 07:00:00,2026-08-03 15:37:17.103942,6
2249016629209470,1920043732047233,True,2026-07-29 07:00:00,2026-07-30 07:00:00,Chemist Warehouse,Chemist Warehouse,{{product.name}},{{product.brand}},Shop now,DCO,https://www.chemistwarehouse.com.au/shop-online/902/sukin?utm_source=facebook&utm_medium=social&utm_campaign=au_cw_coop_facebook_social_bwxbrandsptyltd_sukin_665_2026_100133-bau_video-image&utm_term=traffic&utm_content=video-image_all,www.chemistwarehouse.com.au,/shop-online/902/sukin,facebook,social,au_cw_coop_facebook_social_bwxbrandsptyltd_sukin_665_2026_100133-bau_video-image,665,traffic,video-image_all,Coop,Bwxbrandsptyltd,Sukin,2026,video-image,Everyday Bodycare Rituals,Upgrade your shower routine with Sukin bodycare essentials at Chemist Warehouse.,Shop Now,,https://video.fpss5-1.fna.fbcdn.net/o1/v/t2/f2/m366/AQNrfzGzBb4UutGkVOkEmAyEjHaKJUhvhzIxuqV8NBddcG7ZrQLw-VCdyQRdy-FbSbls2BgcXxvke9-ts-IqNamKHyu3uy0M6gQMTNs7-EyhUw.mp4?_nc_cat=105&_nc_oc=Adogq7X9ZzkR5c17K_a3K2th7ylNpIk47Av2JYnbKj_uURuyct-kp2B4xQP1Eumgdoc&_nc_sid=b66105&_nc_ht=video.fpss5-1.fna.fbcdn.net&_nc_ohc=RMuNGxh4hnQQ7kNvwFJfEHw&efg=eyJ2ZW5jb2RlX3RhZyI6Inhwdl9wcm9ncmVzc2l2ZS5WSV9VU0VDQVNFX1BST0RVQ1RfVFlQRS4uQzMuNzIwLmRhc2hfaDI2NC1iYXNpYy1nZW4yXzcyMHAiLCJ4cHZfYXNzZXRfaWQiOjE0NTI1NjgxODM1NTkxNDEsImFzc2V0X2FnZV9kYXlzIjo1MiwidmlfdXNlY2FzZV9pZCI6MTA3OTksImR1cmF0aW9uX3MiOjQ1LCJ1cmxnZW5fc291cmNlIjoid3d3In0%3D&ccb=17-1&vs=8807e82b53ab356f&_nc_vs=HBksFQIYRWZiX2VwaGVtZXJhbC8xNDQ1RjVCMThERTRCNkY0OTU3NzFBQzI0RjlDMDg4QV9tdF8xX3ZpZGVvX2Rhc2hpbml0Lm1wNBUAAsgBEgAVAhhAZmJfcGVybWFuZW50LzExNDJEODJBMzBCMkMyNEYzRENGNkE0MDdDMzMxMUI4X2F1ZGlvX2Rhc2hpbml0Lm1wNBUCAsgBEgAoABgAGwKIB3VzZV9vaWwBMRJwcm9ncmVzc2l2ZV9yZWNpcGUBMRUAACbKz76pzMaUBRUCKAJDMywXQEbEOVgQYk4YGWRhc2hfaDI2NC1iYXNpYy1nZW4yXzcyMHARAHUAZd6oAQA&_nc_gid=9eVhhTeD2o0xcuamrpf2fw&_nc_ss=7f180&_nc_zt=28&oh=00_AQEpTySKdL7NGOwSxIRKbelbiILeqywwTFPclWePRNEhUg&oe=6A758063,"['FACEBOOK', 'INSTAGRAM', 'AUDIENCE_NETWORK', 'MESSENGER', 'WHATSAPP', 'THREADS']",au,cw,facebook,social,2026-W31,2026-08,"FACEBOOK, INSTAGRAM, AUDIENCE_NETWORK, MESSENGER, WHATSAPP, THREADS",True,True,True,True,True,True,Brand/Category Page,True,False,False,2026-08-03,2026-07-29 07:00:00,2026-08-03 15:37:17.103942,5
2646021979134135,,True,2026-07-28 07:00:00,2026-08-02 07:00:00,Chemist Warehouse,Chemist Warehouse,{{product.name}},"Stop paying too much on contact lenses at Chemist Warehouse Optometry.

👉 Wide range of lenses at everyday low prices.
👉 Free Shipping on orders over $99
👉 Tracked Delivery on all orders
👉 Friendly Customer Service

Shop Online Now at Chemist Warehouse Optometry & see the savings!",Shop now,DPA,https://chemistwarehouseoptometry.com.au/,chemistwarehouseoptometry.com.au,/,,,,,,,Not Specified,,,,,Acuvue Oasys 1 Day,"Stop paying too much on contact lenses at Chemist Warehouse Optometry.

👉 Wide range of lenses at everyday low prices.
👉 Free Shipping on orders over $99
👉 Tracked Delivery on all orders
👉 Friendly Customer Service

Shop Online Now at Chemist Warehouse Optometry & see the savings!",Shop Now,https://scontent.fpss5-1.fna.fbcdn.net/v/t39.35426-6/758658435_1423018386429989_9064712053364331816_n.jpg?_nc_cat=106&ccb=1-7&_nc_sid=c53f8f&_nc_ohc=-pQeY0G9HowQ7kNvwFJmU7Z&_nc_oc=Ado7uG5vHW9-YyoHmIj_BHFLxS2pGdiqdPrFcJJ8SS-21xdrIVCAUJjnyK78NCfij0s&_nc_zt=14&_nc_ht=scontent.fpss5-1.fna&_nc_gid=9eVhhTeD2o0xcuamrpf2fw&_nc_ss=7f180&oh=00_AQFglIfFlKQuw2a-5qYv-PI9hcmLC8b28qypJYmpE8zsYA&oe=6A75849D,,"['FACEBOOK', 'INSTAGRAM', 'AUDIENCE_NETWORK', 'THREADS']",,,,,2026-W31,2026-08,"FACEBOOK, INSTAGRAM, AUDIENCE_NETWORK, THREADS",True,True,True,False,True,False,Homepage,True,True,False,2026-08-03,2026-07-28 07:00:00,2026-08-03 15:37:17.103942,6
1807406993600704,1000768062724489,True,2026-07-28 07:00:00,2026-08-02 07:00:00,Chemist Warehouse,Chemist Warehouse,{{product.name}},{{product.brand}},Shop now,DCO,https://chemistwarehouseoptometry.com.au/,chemistwarehouseoptometry.com.au,/,,,,,,,Not Specified,,,,,SITEWIDE SALE ON NOW!,"ALL CONTACT LENSES DISCOUNTED! 💰

Our August Sitewide Sale is live - save on your contact lenses here! ✨

🚚 FREE shipping on orders $99+^
⏰ Hurry - sale ends 11:59PM 31/08/26 (AEDT)
👉 Don't pay full price - shop online at Chemist Warehouse Optometry now!",Shop Now,https://scontent.fpss5-1.fna.fbcdn.net/v/t39.35426-6/758830821_2553554545114738_8196502938475952305_n.jpg?_nc_cat=111&ccb=1-7&_nc_sid=c53f8f&_nc_ohc=ejSaMB2gWEkQ7kNvwFwIumN&_nc_oc=Adr-48XfVX3nh2dpeiQ4OPZRxOabuMqkHYyprB78c0N3weU7fZMpFsqOzl6Nxba6k3g&_nc_zt=14&_nc_ht=scontent.fpss5-1.fna&_nc_gid=zyQenRKYfo4GvL6G8ovbHg&_nc_ss=7f180&oh=00_AQFes3jNtjmSNyNEDfcLNiG4ZrpRnCAyBmiULHmEKS_1Lg&oe=6A7598C6,,"['FACEBOOK', 'INSTAGRAM', 'AUDIENCE_NETWORK', 'MESSENGER', 'THREADS']",,,,,2026-W31,2026-08,"FACEBOOK, INSTAGRAM, AUDIENCE_NETWORK, MESSENGER, THREADS",True,True,True,True,True,False,Homepage,True,False,False,2026-08-03,2026-07-28 07:00:00,2026-08-03 15:37:17.103942,6
1745583303046771,880524777853354,True,2026-07-28 07:00:00,2026-08-02 07:00:00,Chemist Warehouse,Chemist Warehouse,{{product.name}},{{product.brand}},Shop now,DCO,https://chemistwarehouseoptometry.com.au/,chemistwarehouseoptometry.com.au,/,,,,,,,Not Specified,,,,,Contact Lenses at Chemist Warehouse prices!,"Stop paying too much on contact lenses at Chemist Warehouse Optometry.

👉 Wide range of lenses at everyday low prices.
👉 Free Shipping on orders over $99
👉 Tracked Delivery on all orders
👉 Friendly Customer Service

Shop Online Now at Chemist Warehouse Optometry & see the savings!",Shop Now,https://scontent.fpss5-1.fna.fbcdn.net/v/t39.35426-6/756814534_1674871456920047_8458746648513075008_n.jpg?_nc_cat=101&ccb=1-7&_nc_sid=c53f8f&_nc_ohc=GRVK_yXET7EQ7kNvwHEL-u_&_nc_oc=AdpjAmFD-R7uxNb5YW5T4fnqut1r7QW_3Ls1VwryfR6GLuPtsKBfshoTtJOoxViT0tM&_nc_zt=14&_nc_ht=scontent.fpss5-1.fna&_nc_gid=zyQenRKYfo4GvL6G8ovbHg&_nc_ss=7f180&oh=00_AQFufH0PLkhLCgd92rcnyQc0V_NkAQd9sKPC68UJ6LYNxQ&oe=6A758D6C,,"['FACEBOOK', 'INSTAGRAM', 'AUDIENCE_NETWORK', 'THREADS']",,,,,2026-W31,2026-08,"FACEBOOK, INSTAGRAM, AUDIENCE_NETWORK, THREADS",True,True,True,False,True,False,Homepage,True,False,False,2026-08-03,2026-07-28 07:00:00,2026-08-03 15:37:17.103942,6
1333162615534372,1800242027958853,True,2026-07-28 07:00:00,2026-08-02 07:00:00,Chemist Warehouse,Chemist Warehouse,{{product.name}},{{product.brand}},Shop now,DCO,https://chemistwarehouseoptometry.com.au/,chemistwarehouseoptometry.com.au,/,,,,,,,Not Specified,,,,,SITEWIDE SALE ON NOW!,"ALL CONTACT LENSES DISCOUNTED! 💰

Our August Sitewide Sale is live - save on your contact lenses here! ✨

🚚 FREE shipping on orders $99+^
⏰ Hurry - sale ends 11:59PM 31/08/26 (AEDT)
👉 Don't pay full price - shop online at Chemist Warehouse Optometry now!",Shop Now,,https://video.fpss5-1.fna.fbcdn.net/o1/v/t2/f2/m366/AQOiaqgGhWo6BK0enqvgX-KrVcqEIVlWkM7jHo5q4OG199izlBXVxX_KqK4KH_fH4MRznyxq4Dwyrr2px6qtho4frmUXIGNkc7GIlKC5ZqNPsw.mp4?_nc_cat=107&_nc_oc=AdqeyIKkqLhGj_gnw300iCEiu3sOKWhyh3nnv4yP6fwIo2_t0Y52OK07BrFiBxCYCos&_nc_sid=b66105&_nc_ht=video.fpss5-1.fna.fbcdn.net&_nc_ohc=xm0yYM8UxwoQ7kNvwFhi_6i&efg=eyJ2ZW5jb2RlX3RhZyI6Inhwdl9wcm9ncmVzc2l2ZS5WSV9VU0VDQVNFX1BST0RVQ1RfVFlQRS4uQzMuNzIwLmRhc2hfaDI2NC1iYXNpYy1nZW4yXzcyMHAiLCJ4cHZfYXNzZXRfaWQiOjIxNTcwODM2ODg0ODE4NzgsImFzc2V0X2FnZV9kYXlzIjoxMSwidmlfdXNlY2FzZV9pZCI6MTA3OTksImR1cmF0aW9uX3MiOjEwLCJ1cmxnZW5fc291cmNlIjoid3d3In0%3D&ccb=17-1&vs=560028f886395a45&_nc_vs=HBkcFQIYRWZiX2VwaGVtZXJhbC8yNDQ1QzJGQ0ZBNTVBNDVCNTlBRkRDM0UzNjIxNTY4Nl9tdF8xX3ZpZGVvX2Rhc2hpbml0Lm1wNBUAAsgBEgAoABgAGwKIB3VzZV9vaWwBMRJwcm9ncmVzc2l2ZV9yZWNpcGUBMRUAACas0YXw5fbUBxUCKAJDMywXQCQAAAAAAAAYGWRhc2hfaDI2NC1iYXNpYy1nZW4yXzcyMHARAHUAZd6oAQA&_nc_gid=9eVhhTeD2o0xcuamrpf2fw&_nc_ss=7f180&_nc_zt=28&oh=00_AQEmkI-1JHy_XO_q6Okx-bzHB7S4n-aWML7N0RpVdnEYjw&oe=6A757731,"['FACEBOOK', 'INSTAGRAM', 'AUDIENCE_NETWORK', 'THREADS']",,,,,2026-W31,2026-08,"FACEBOOK, INSTAGRAM, AUDIENCE_NETWORK, THREADS",True,True,True,False,True,False,Homepage,True,False,False,2026-08-03,2026-07-28 07:00:00,2026-08-03 15:37:17.103942,6
1078240628065929,,True,2026-07-29 07:00:00,2026-08-01 07:00:00,Chemist Warehouse,Chemist Warehouse,{{product.name}},"Stop paying too much on contact lenses at Chemist Warehouse Optometry.

👉 Wide range of lenses at everyday low prices.
👉 Free Shipping on orders over $99
👉 Tracked Delivery on all orders
👉 Friendly Customer Service

Shop Online Now at Chemist Warehouse Optometry & see the savings!",Shop now,DPA,https://chemistwarehouseoptometry.com.au/,chemistwarehouseoptometry.com.au,/,,,,,,,Not Specified,,,,,Dailies Total1 Multifocal 90 pack,"Stop paying too much on contact lenses at Chemist Warehouse Optometry.

👉 Wide range of lenses at everyday low prices.
👉 Free Shipping on orders over $99
👉 Tracked Delivery on all orders
👉 Friendly Customer Service

Shop Online Now at Chemist Warehouse Optometry & see the savings!",Shop Now,https://scontent.fpss5-1.fna.fbcdn.net/v/t39.35426-6/758006801_1367699591357456_4722728832798319103_n.jpg?_nc_cat=103&ccb=1-7&_nc_sid=c53f8f&_nc_ohc=65MhgIbxdb4Q7kNvwEMyv6n&_nc_oc=Adrjki3G0ia3gnFSdJqJvrD8bRV-vVPImAuuznMJZaJdMhTNG2WVrx2IkSplX9X_a6k&_nc_zt=14&_nc_ht=scontent.fpss5-1.fna&_nc_gid=zyQenRKYfo4GvL6G8ovbHg&_nc_ss=7f180&oh=00_AQHsk19SizCz7BGQA5K12YpilqJUwX7TNSmuvHQ96MmMNQ&oe=6A758A3E,,"['FACEBOOK', 'INSTAGRAM', 'AUDIENCE_NETWORK', 'MESSENGER', 'THREADS']",,,,,2026-W31,2026-08,"FACEBOOK, INSTAGRAM, AUDIENCE_NETWORK, MESSENGER, THREADS",True,True,True,True,True,False,Homepage,True,True,False,2026-08-03,2026-07-29 07:00:00,2026-08-03 15:37:17.103942,5
872056099006566,1893272618723599,True,2026-07-27 07:00:00,2026-08-02 07:00:00,Chemist Warehouse,Chemist Warehouse,{{product.name}},{{product.brand}},Shop now,DCO,https://www.chemistwarehouse.com.au/shop-online/705617/got2b?utm_source=facebook&utm_medium=social&utm_campaign=au_cw_coop_facebook_social_henkelaustraliaptyltd_all_129_2026_100455-bau_image&utm_term=traffic&utm_content=image_got2b,www.chemistwarehouse.com.au,/shop-online/705617/got2b,facebook,social,au_cw_coop_facebook_social_henkelaustraliaptyltd_all_129_2026_100455-bau_image,129,traffic,image_got2b,Coop,Henkelaustraliaptyltd,All,2026,image,"Reset your style, ready to re-style!","got2b Curlz, discover our new styling range for naturally wavy, curly & oily hair",Shop Now,https://scontent.fpss5-1.fna.fbcdn.net/v/t39.35426-6/759199816_1382882227372363_9062811213585720997_n.jpg?_nc_cat=100&ccb=1-7&_nc_sid=c53f8f&_nc_ohc=DHMj05hv0x0Q7kNvwF3xBJ0&_nc_oc=Adp9HPyydvkX8-AFKgBBROzaiH_1-x-vfvvOHLGUpo9RSLIj5q83AEFS5b4ZTFmR1uY&_nc_zt=14&_nc_ht=scontent.fpss5-1.fna&_nc_gid=zyQenRKYfo4GvL6G8ovbHg&_nc_ss=7f180&oh=00_AQE5H4ohgTrI_gGhvc9KJqy3aTwLsPCxCQJnTPdarce75w&oe=6A758E42,,"['FACEBOOK', 'INSTAGRAM']",au,cw,facebook,social,2026-W31,2026-08,"FACEBOOK, INSTAGRAM",True,True,False,False,False,False,Brand/Category Page,True,False,False,2026-08-03,2026-07-27 07:00:00,2026-08-03 15:37:17.103942,7
2345500349589488,1388014340056988,True,2026-07-27 07:00:00,2026-08-02 07:00:00,Chemist Warehouse,Chemist Warehouse,{{product.name}},{{product.brand}},Shop now,DCO,https://www.chemistwarehouse.com.au/shop-online/705617/got2b?utm_source=facebook&utm_medium=social&utm_campaign=au_cw_coop_facebook_social_henkelaustraliaptyltd_all_129_2026_100455-bau_image&utm_term=traffic&utm_content=image_got2b,www.chemistwarehouse.com.au,/shop-online/705617/got2b,facebook,social,au_cw_coop_facebook_social_henkelaustraliaptyltd_all_129_2026_100455-bau_image,129,traffic,image_got2b,Coop,Henkelaustraliaptyltd,All,2026,image,Celebrate and Empower your Curls,"got2b Un-Glued Styling Remover Foam, removes styling build up without washing. Gentle on scalp, and all hair types.",Shop Now,https://scontent.fpss5-1.fna.fbcdn.net/v/t39.35426-6/758239372_2937955446540965_8829865542360215858_n.jpg?_nc_cat=110&ccb=1-7&_nc_sid=c53f8f&_nc_ohc=1KkDc0LlQU4Q7kNvwESE4Kz&_nc_oc=AdrBpSSCM1YamyJSVH6n2o495m7BTxjQPd2UUniQDzk69VGEUpq9KrOOlBvB-c-jYAU&_nc_zt=14&_nc_ht=scontent.fpss5-1.fna&_nc_gid=zyQenRKYfo4GvL6G8ovbHg&_nc_ss=7f180&oh=00_AQG2j0xyzlEyhuOEFv7Xk6MlCUOFRpHOtfID2CF_JuVLTQ&oe=6A758FFE,,"['FACEBOOK', 'INSTAGRAM']",au,cw,facebook,social,2026-W31,2026-08,"FACEBOOK, INSTAGRAM",True,True,False,False,False,False,Brand/Category Page,True,False,False,2026-08-03,2026-07-27 07:00:00,2026-08-03 15:37:17.103942,7
2093683408241030,1562970368886285,True,2026-07-27 07:00:00,2026-08-02 07:00:00,Chemist Warehouse,Chemist Warehouse,{{product.name}},{{product.brand}},Shop now,DCO,https://www.chemistwarehouse.com.au/shop-online/2601/nude-by-nature?&utm_source=facebook&utm_medium=social&utm_campaign=au_cw_coop_facebook_social_nudebynatureptyltd_nudebynature_648_2026_100097-bau_video-image&utm_term=conversion&utm_content=video-image_branding,www.chemistwarehouse.com.au,/shop-online/2601/nude-by-nature,facebook,social,au_cw_coop_facebook_social_nudebynatureptyltd_nudebynature_648_2026_100097-bau_video-image,648,conversion,video-image_branding,Coop,Nudebynatureptyltd,Nudebynature,2026,video-image,Shop Nude Today!,"Barely there, dewy skin with skin-loving ingredients. Discover NEW Tint & Concealer, now 40% OFF RRP at Chemist Warehouse",Shop Now,https://scontent.fpss5-1.fna.fbcdn.net/v/t39.35426-6/756953380_1774906506846322_6880457068939662827_n.jpg?_nc_cat=105&ccb=1-7&_nc_sid=c53f8f&_nc_ohc=tyO3Ab-8XtIQ7kNvwGkvUPO&_nc_oc=AdoAFdNnzXAV6nXWiIup2enbrMAemVu17yTzSAVpGvKdGVS9bpcT7vU_3Dg49-D0EWY&_nc_zt=14&_nc_ht=scontent.fpss5-1.fna&_nc_gid=zyQenRKYfo4GvL6G8ovbHg&_nc_ss=7f180&oh=00_AQHp9cdaN8ulHKmV0sJvewfOlKVAfF8oJ2tyQRpNyttqEQ&oe=6A75A73F,,"['FACEBOOK', 'INSTAGRAM', 'AUDIENCE_NETWORK', 'MESSENGER', 'THREADS']",au,cw,facebook,social,2026-W31,2026-08,"FACEBOOK, INSTAGRAM, AUDIENCE_NETWORK, MESSENGER, THREADS",True,True,True,True,True,False,Brand/Category Page,True,False,False,2026-08-03,2026-07-27 07:00:00,2026-08-03 15:37:17.103942,7
1380192047355954,1050214604062365,True,2026-07-27 07:00:00,2026-07-29 07:00:00,Chemist Warehouse,Chemist Warehouse,{{product.name}},{{product.brand}},Shop now,DCO,https://www.chemistwarehouse.com.au/shop-online/2601/nude-by-nature?&utm_source=facebook&utm_medium=social&utm_campaign=au_cw_coop_facebook_social_nudebynatureptyltd_nudebynature_648_2026_100097-bau_video-image&utm_term=conversion&utm_content=video-image_branding,www.chemistwarehouse.com.au,/shop-online/2601/nude-by-nature,facebook,social,au_cw_coop_facebook_social_nudebynatureptyltd_nudebynature_648_2026_100097-bau_video-image,648,conversion,video-image_branding,Coop,Nudebynatureptyltd,Nudebynature,2026,video-image,Shop Nude Today!,"Barely there, dewy skin with skin-loving ingredients. Discover NEW Tint & Concealer, now 40% OFF RRP at Chemist Warehouse",Shop Now,https://scontent.fpss5-1.fna.fbcdn.net/v/t39.35426-6/756342224_1414294577206940_5505717652020919915_n.jpg?_nc_cat=107&ccb=1-7&_nc_sid=c53f8f&_nc_ohc=VyRcuRcLmXUQ7kNvwGcdLWJ&_nc_oc=AdoqLZ4xS75_fep_bnxvD1jFjv5j8ojji1hrlZB5SJGS_0gis1tjrl2k6cMm6mw8uBk&_nc_zt=14&_nc_ht=scontent.fpss5-1.fna&_nc_gid=zyQenRKYfo4GvL6G8ovbHg&_nc_ss=7f180&oh=00_AQFPHBQ7tyTpYJsjoN2X6_1dE30sJjfaSS__wP_NlrhvRw&oe=6A758A9A,,"['FACEBOOK', 'INSTAGRAM', 'AUDIENCE_NETWORK', 'MESSENGER', 'THREADS']",au,cw,facebook,social,2026-W31,2026-08,"FACEBOOK, INSTAGRAM, AUDIENCE_NETWORK, MESSENGER, THREADS",True,True,True,True,True,False,Brand/Category Page,True,False,False,2026-08-03,2026-07-27 07:00:00,2026-08-03 15:37:17.103942,7
2105355720388557,2983621801983546,True,2026-07-27 07:00:00,2026-08-02 07:00:00,Chemist Warehouse,Chemist Warehouse,{{product.name}},{{product.brand}},Shop now,DCO,https://www.chemistwarehouse.com.au/shop-online/2601/nude-by-nature?&utm_source=facebook&utm_medium=social&utm_campaign=au_cw_coop_facebook_social_nudebynatureptyltd_nudebynature_648_2026_100097-bau_video-image&utm_term=conversion&utm_content=video-image_branding,www.chemistwarehouse.com.au,/shop-online/2601/nude-by-nature,facebook,social,au_cw_coop_facebook_social_nudebynatureptyltd_nudebynature_648_2026_100097-bau_video-image,648,conversion,video-image_branding,Coop,Nudebynatureptyltd,Nudebynature,2026,video-image,Shop Nude Today!,"Barely there, dewy skin with skin-loving ingredients. Discover NEW Tint & Concealer, now 40% OFF RRP at Chemist Warehouse",Shop Now,https://scontent.fpss5-1.fna.fbcdn.net/v/t39.35426-6/758252895_1379555224107397_3510809527598668726_n.jpg?_nc_cat=106&ccb=1-7&_nc_sid=c53f8f&_nc_ohc=-gpYjrb2KrkQ7kNvwHf-ZgW&_nc_oc=AdozqWwWs49ODHENpuZgRezSsdtUkNUrgK8JHvA3jhIs5PhSpkMEhQhI0freVzmGukc&_nc_zt=14&_nc_ht=scontent.fpss5-1.fna&_nc_gid=zyQenRKYfo4GvL6G8ovbHg&_nc_ss=7f180&oh=00_AQFYU_QcMPM6BoaVpEwqYrhinyQYJmDK4IfXaYGQLroLTQ&oe=6A757F1A,,"['FACEBOOK', 'INSTAGRAM', 'AUDIENCE_NETWORK', 'MESSENGER', 'THREADS']",au,cw,facebook,social,2026-W31,2026-08,"FACEBOOK, INSTAGRAM, AUDIENCE_NETWORK, MESSENGER, THREADS",True,True,True,True,True,False,Brand/Category Page,True,False,False,2026-08-03,2026-07-27 07:00:00,2026-08-03 15:37:17.103942,7
1388141326556800,2547800069068749,True,2026-07-27 07:00:00,2026-08-02 07:00:00,Chemist Warehouse,Chemist Warehouse,{{product.name}},{{product.brand}},Shop now,DCO,https://www.chemistwarehouse.com.au/shop-online/2601/nude-by-nature?&utm_source=facebook&utm_medium=social&utm_campaign=au_cw_coop_facebook_social_nudebynatureptyltd_nudebynature_648_2026_100097-bau_video-image&utm_term=conversion&utm_content=video-image_branding,www.chemistwarehouse.com.au,/shop-online/2601/nude-by-nature,facebook,social,au_cw_coop_facebook_social_nudebynatureptyltd_nudebynature_648_2026_100097-bau_video-image,648,conversion,video-image_branding,Coop,Nudebynatureptyltd,Nudebynature,2026,video-image,Shop Nude Today!,"Barely there, dewy skin with skin-loving ingredients. Discover NEW Tint & Concealer, now 40% OFF RRP at Chemist Warehouse",Shop Now,https://scontent.fpss5-1.fna.fbcdn.net/v/t39.35426-6/756746140_1637476201365713_4592955056762213002_n.jpg?_nc_cat=104&ccb=1-7&_nc_sid=c53f8f&_nc_ohc=0JqGnH9dJL8Q7kNvwEYsiyq&_nc_oc=AdplUP8x_WEr2o2F_q3NDtSvXiYzV8IYiHKm3NStIT6_bWWQL4UIyihmi4q70N3jNb0&_nc_zt=14&_nc_ht=scontent.fpss5-1.fna&_nc_gid=zyQenRKYfo4GvL6G8ovbHg&_nc_ss=7f180&oh=00_AQGNuL4JWCZfhEmZR8zHBtvwMYsJu7WOqG4Z9fvnlfSrDQ&oe=6A75AC4F,,"['FACEBOOK', 'INSTAGRAM', 'AUDIENCE_NETWORK', 'MESSENGER', 'THREADS']",au,cw,facebook,social,2026-W31,2026-08,"FACEBOOK, INSTAGRAM, AUDIENCE_NETWORK, MESSENGER, THREADS",True,True,True,True,True,False,Brand/Category Page,True,False,False,2026-08-03,2026-07-27 07:00:00,2026-08-03 15:37:17.103942,7
1816823519554239,1601515228244238,True,2026-07-27 07:00:00,2026-08-02 07:00:00,Chemist Warehouse,Chemist Warehouse,{{product.name}},{{product.brand}},Shop now,DCO,https://www.chemistwarehouse.com.au/buy/166756/go-healthy-cholesterol-support-90-capsules?utm_source=facebook&utm_medium=social&utm_campaign=au_cw_oa_facebook_social_thebetterhealthcompanyaustralia_gohealthy_81_jul26_100000-cholestrol-conv_video-image&utm_term=conversion&utm_content=video-image_,www.chemistwarehouse.com.au,/buy/166756/go-healthy-cholesterol-support-90-capsules,facebook,social,au_cw_oa_facebook_social_thebetterhealthcompanyaustralia_gohealthy_81_jul26_100000-cholestrol-conv_video-image,81,conversion,video-image_,O&O,Thebetterhealthcompanyaustralia,Gohealthy,jul26,video-image,GO Cholesterol Support for heart health & energy,"1-A-DAY formula to support healthy cholesterol, heart health and energy production.",Shop Now,,https://video.fpss5-1.fna.fbcdn.net/o1/v/t2/f2/m366/AQPxTOPKuOpre4YtB9aKjQntkythxRqpeJydDzl3V8Pw2A91Ye5u3oLS9fVWygMkVjdH-hE6iBHf-x0Ip7kUh98zMiAlr-rCJNFOxokeIYML-g.mp4?_nc_cat=106&_nc_oc=Adom_tA3TZyhgOzgsvzS9ZF27gXBWVL4ii4aGHR16u7-q9_KxsdPjPdnq-IiYnN_rr4&_nc_sid=b66105&_nc_ht=video.fpss5-1.fna.fbcdn.net&_nc_ohc=s6ss5H9EFVcQ7kNvwGpQs34&efg=eyJ2ZW5jb2RlX3RhZyI6Inhwdl9wcm9ncmVzc2l2ZS5WSV9VU0VDQVNFX1BST0RVQ1RfVFlQRS4uQzMuNzIwLmRhc2hfaDI2NC1iYXNpYy1nZW4yXzcyMHAiLCJ4cHZfYXNzZXRfaWQiOjIyODYwMjU2MTU1MDQ4NzQsImFzc2V0X2FnZV9kYXlzIjo5LCJ2aV91c2VjYXNlX2lkIjoxMDc5OSwiZHVyYXRpb25fcyI6NiwidXJsZ2VuX3NvdXJjZSI6Ind3dyJ9&ccb=17-1&vs=cd9b1e89ff42b723&_nc_vs=HBkcFQIYRWZiX2VwaGVtZXJhbC8zQjRERTZFMjZBQTE4MDQyMkMyQjRGMTBGOTFEMUNCMV9tdF8xX3ZpZGVvX2Rhc2hpbml0Lm1wNBUAAsgBEgAoABgAGwKIB3VzZV9vaWwBMRJwcm9ncmVzc2l2ZV9yZWNpcGUBMRUAACbU15OMmsiPCBUCKAJDMywXQBgAAAAAAAAYGWRhc2hfaDI2NC1iYXNpYy1nZW4yXzcyMHARAHUAZd6oAQA&_nc_gid=zyQenRKYfo4GvL6G8ovbHg&_nc_ss=7f180&_nc_zt=28&oh=00_AQHLDhLuO_FbZ_gboYEb5k6y6Jnzcsmvaj5On2y9wUqPBA&oe=6A7574DE,"['FACEBOOK', 'INSTAGRAM', 'AUDIENCE_NETWORK', 'MESSENGER', 'THREADS']",au,cw,facebook,social,2026-W31,2026-08,"FACEBOOK, INSTAGRAM, AUDIENCE_NETWORK, MESSENGER, THREADS",True,True,True,True,True,False,SKU Product,True,False,False,2026-08-03,2026-07-27 07:00:00,2026-08-03 15:37:17.103942,7
2180740899496533,1601515228244238,True,2026-07-27 07:00:00,2026-08-02 07:00:00,Chemist Warehouse,Chemist Warehouse,{{product.name}},{{product.brand}},Shop now,DCO,https://www.chemistwarehouse.com.au/buy/166756/go-healthy-cholesterol-support-90-capsules?utm_source=facebook&utm_medium=social&utm_campaign=au_cw_oa_facebook_social_thebetterhealthcompanyaustralia_gohealthy_81_jul26_100000-cholestrol-conv_video-image&utm_term=conversion&utm_content=video-image_,www.chemistwarehouse.com.au,/buy/166756/go-healthy-cholesterol-support-90-capsules,facebook,social,au_cw_oa_facebook_social_thebetterhealthcompanyaustralia_gohealthy_81_jul26_100000-cholestrol-conv_video-image,81,conversion,video-image_,O&O,Thebetterhealthcompanyaustralia,Gohealthy,jul26,video-image,GO Cholesterol Support for heart health & energy,"1-A-DAY formula to support healthy cholesterol, heart health and energy production.",Shop Now,,https://video.fpss5-1.fna.fbcdn.net/o1/v/t2/f2/m366/AQPxTOPKuOpre4YtB9aKjQntkythxRqpeJydDzl3V8Pw2A91Ye5u3oLS9fVWygMkVjdH-hE6iBHf-x0Ip7kUh98zMiAlr-rCJNFOxokeIYML-g.mp4?_nc_cat=106&_nc_oc=Adom_tA3TZyhgOzgsvzS9ZF27gXBWVL4ii4aGHR16u7-q9_KxsdPjPdnq-IiYnN_rr4&_nc_sid=b66105&_nc_ht=video.fpss5-1.fna.fbcdn.net&_nc_ohc=s6ss5H9EFVcQ7kNvwGpQs34&efg=eyJ2ZW5jb2RlX3RhZyI6Inhwdl9wcm9ncmVzc2l2ZS5WSV9VU0VDQVNFX1BST0RVQ1RfVFlQRS4uQzMuNzIwLmRhc2hfaDI2NC1iYXNpYy1nZW4yXzcyMHAiLCJ4cHZfYXNzZXRfaWQiOjIyODYwMjU2MTU1MDQ4NzQsImFzc2V0X2FnZV9kYXlzIjo5LCJ2aV91c2VjYXNlX2lkIjoxMDc5OSwiZHVyYXRpb25fcyI6NiwidXJsZ2VuX3NvdXJjZSI6Ind3dyJ9&ccb=17-1&vs=cd9b1e89ff42b723&_nc_vs=HBkcFQIYRWZiX2VwaGVtZXJhbC8zQjRERTZFMjZBQTE4MDQyMkMyQjRGMTBGOTFEMUNCMV9tdF8xX3ZpZGVvX2Rhc2hpbml0Lm1wNBUAAsgBEgAoABgAGwKIB3VzZV9vaWwBMRJwcm9ncmVzc2l2ZV9yZWNpcGUBMRUAACbU15OMmsiPCBUCKAJDMywXQBgAAAAAAAAYGWRhc2hfaDI2NC1iYXNpYy1nZW4yXzcyMHARAHUAZd6oAQA&_nc_gid=zyQenRKYfo4GvL6G8ovbHg&_nc_ss=7f180&_nc_zt=28&oh=00_AQHLDhLuO_FbZ_gboYEb5k6y6Jnzcsmvaj5On2y9wUqPBA&oe=6A7574DE,"['FACEBOOK', 'INSTAGRAM', 'AUDIENCE_NETWORK', 'MESSENGER', 'THREADS']",au,cw,facebook,social,2026-W31,2026-08,"FACEBOOK, INSTAGRAM, AUDIENCE_NETWORK, MESSENGER, THREADS",True,True,True,True,True,False,SKU Product,True,False,False,2026-08-03,2026-07-27 07:00:00,2026-08-03 15:37:17.103942,7
2483860562080565,1601515228244238,True,2026-07-27 07:00:00,2026-08-02 07:00:00,Chemist Warehouse,Chemist Warehouse,{{product.name}},{{product.brand}},Shop now,DCO,https://www.chemistwarehouse.com.au/buy/166756/go-healthy-cholesterol-support-90-capsules?utm_source=facebook&utm_medium=social&utm_campaign=au_cw_oa_facebook_social_thebetterhealthcompanyaustralia_gohealthy_81_jul26_100000-cholestrol-traffic_video-image&utm_term=traffic&utm_content=video-image_,www.chemistwarehouse.com.au,/buy/166756/go-healthy-cholesterol-support-90-capsules,facebook,social,au_cw_oa_facebook_social_thebetterhealthcompanyaustralia_gohealthy_81_jul26_100000-cholestrol-traffic_video-image,81,traffic,video-image_,O&O,Thebetterhealthcompanyaustralia,Gohealthy,jul26,video-image,GO Cholesterol Support for heart health & energy,"1-A-DAY formula to support healthy cholesterol, heart health and energy production.",Shop Now,,https://video.fpss5-1.fna.fbcdn.net/o1/v/t2/f2/m366/AQPxTOPKuOpre4YtB9aKjQntkythxRqpeJydDzl3V8Pw2A91Ye5u3oLS9fVWygMkVjdH-hE6iBHf-x0Ip7kUh98zMiAlr-rCJNFOxokeIYML-g.mp4?_nc_cat=106&_nc_oc=Adom_tA3TZyhgOzgsvzS9ZF27gXBWVL4ii4aGHR16u7-q9_KxsdPjPdnq-IiYnN_rr4&_nc_sid=b66105&_nc_ht=video.fpss5-1.fna.fbcdn.net&_nc_ohc=s6ss5H9EFVcQ7kNvwGpQs34&efg=eyJ2ZW5jb2RlX3RhZyI6Inhwdl9wcm9ncmVzc2l2ZS5WSV9VU0VDQVNFX1BST0RVQ1RfVFlQRS4uQzMuNzIwLmRhc2hfaDI2NC1iYXNpYy1nZW4yXzcyMHAiLCJ4cHZfYXNzZXRfaWQiOjIyODYwMjU2MTU1MDQ4NzQsImFzc2V0X2FnZV9kYXlzIjo5LCJ2aV91c2VjYXNlX2lkIjoxMDc5OSwiZHVyYXRpb25fcyI6NiwidXJsZ2VuX3NvdXJjZSI6Ind3dyJ9&ccb=17-1&vs=cd9b1e89ff42b723&_nc_vs=HBkcFQIYRWZiX2VwaGVtZXJhbC8zQjRERTZFMjZBQTE4MDQyMkMyQjRGMTBGOTFEMUNCMV9tdF8xX3ZpZGVvX2Rhc2hpbml0Lm1wNBUAAsgBEgAoABgAGwKIB3VzZV9vaWwBMRJwcm9ncmVzc2l2ZV9yZWNpcGUBMRUAACbU15OMmsiPCBUCKAJDMywXQBgAAAAAAAAYGWRhc2hfaDI2NC1iYXNpYy1nZW4yXzcyMHARAHUAZd6oAQA&_nc_gid=zyQenRKYfo4GvL6G8ovbHg&_nc_ss=7f180&_nc_zt=28&oh=00_AQHLDhLuO_FbZ_gboYEb5k6y6Jnzcsmvaj5On2y9wUqPBA&oe=6A7574DE,"['FACEBOOK', 'INSTAGRAM', 'AUDIENCE_NETWORK', 'MESSENGER', 'WHATSAPP', 'THREADS']",au,cw,facebook,social,2026-W31,2026-08,"FACEBOOK, INSTAGRAM, AUDIENCE_NETWORK, MESSENGER, WHATSAPP, THREADS",True,True,True,True,True,True,SKU Product,True,False,False,2026-08-03,2026-07-27 07:00:00,2026-08-03 15:37:17.103942,7
2885753498439039,1601515228244238,True,2026-07-26 07:00:00,2026-08-02 07:00:00,Chemist Warehouse,Chemist Warehouse,{{product.name}},{{product.brand}},Shop now,DCO,https://www.chemistwarehouse.com.au/buy/166756/go-healthy-cholesterol-support-90-capsules?utm_source=facebook&utm_medium=social&utm_campaign=au_cw_oa_facebook_social_thebetterhealthcompanyaustralia_gohealthy_81_jul26_100000-cholestrol-traffic_video-image&utm_term=traffic&utm_content=video-image_,www.chemistwarehouse.com.au,/buy/166756/go-healthy-cholesterol-support-90-capsules,facebook,social,au_cw_oa_facebook_social_thebetterhealthcompanyaustralia_gohealthy_81_jul26_100000-cholestrol-traffic_video-image,81,traffic,video-image_,O&O,Thebetterhealthcompanyaustralia,Gohealthy,jul26,video-image,GO Cholesterol Support for heart health & energy,"1-A-DAY formula to support healthy cholesterol, heart health and energy production.",Shop Now,,https://video.fpss5-1.fna.fbcdn.net/o1/v/t2/f2/m366/AQPxTOPKuOpre4YtB9aKjQntkythxRqpeJydDzl3V8Pw2A91Ye5u3oLS9fVWygMkVjdH-hE6iBHf-x0Ip7kUh98zMiAlr-rCJNFOxokeIYML-g.mp4?_nc_cat=106&_nc_oc=Adom_tA3TZyhgOzgsvzS9ZF27gXBWVL4ii4aGHR16u7-q9_KxsdPjPdnq-IiYnN_rr4&_nc_sid=b66105&_nc_ht=video.fpss5-1.fna.fbcdn.net&_nc_ohc=s6ss5H9EFVcQ7kNvwGpQs34&efg=eyJ2ZW5jb2RlX3RhZyI6Inhwdl9wcm9ncmVzc2l2ZS5WSV9VU0VDQVNFX1BST0RVQ1RfVFlQRS4uQzMuNzIwLmRhc2hfaDI2NC1iYXNpYy1nZW4yXzcyMHAiLCJ4cHZfYXNzZXRfaWQiOjIyODYwMjU2MTU1MDQ4NzQsImFzc2V0X2FnZV9kYXlzIjo5LCJ2aV91c2VjYXNlX2lkIjoxMDc5OSwiZHVyYXRpb25fcyI6NiwidXJsZ2VuX3NvdXJjZSI6Ind3dyJ9&ccb=17-1&vs=cd9b1e89ff42b723&_nc_vs=HBkcFQIYRWZiX2VwaGVtZXJhbC8zQjRERTZFMjZBQTE4MDQyMkMyQjRGMTBGOTFEMUNCMV9tdF8xX3ZpZGVvX2Rhc2hpbml0Lm1wNBUAAsgBEgAoABgAGwKIB3VzZV9vaWwBMRJwcm9ncmVzc2l2ZV9yZWNpcGUBMRUAACbU15OMmsiPCBUCKAJDMywXQBgAAAAAAAAYGWRhc2hfaDI2NC1iYXNpYy1nZW4yXzcyMHARAHUAZd6oAQA&_nc_gid=zyQenRKYfo4GvL6G8ovbHg&_nc_ss=7f180&_nc_zt=28&oh=00_AQHLDhLuO_FbZ_gboYEb5k6y6Jnzcsmvaj5On2y9wUqPBA&oe=6A7574DE,"['FACEBOOK', 'INSTAGRAM', 'AUDIENCE_NETWORK', 'MESSENGER', 'WHATSAPP', 'THREADS']",au,cw,facebook,social,2026-W31,2026-08,"FACEBOOK, INSTAGRAM, AUDIENCE_NETWORK, MESSENGER, WHATSAPP, THREADS",True,True,True,True,True,True,SKU Product,True,False,False,2026-08-03,2026-07-26 07:00:00,2026-08-03 15:37:17.103942,8
1235790415291991,1504282115046782,True,2026-07-26 07:00:00,2026-08-02 07:00:00,Chemist Warehouse,Chemist Warehouse,{{product.name}},{{product.brand}},Shop now,DCO,https://www.chemistwarehouse.com.au/buy/166756/go-healthy-cholesterol-support-90-capsules?utm_source=facebook&utm_medium=social&utm_campaign=au_cw_oa_facebook_social_thebetterhealthcompanyaustralia_gohealthy_81_jul26_100000-cholestrol-conv_video-image&utm_term=conversion&utm_content=video-image_,www.chemistwarehouse.com.au,/buy/166756/go-healthy-cholesterol-support-90-capsules,facebook,social,au_cw_oa_facebook_social_thebetterhealthcompanyaustralia_gohealthy_81_jul26_100000-cholestrol-conv_video-image,81,conversion,video-image_,O&O,Thebetterhealthcompanyaustralia,Gohealthy,jul26,video-image,GO Cholesterol Support for heart health & energy,"1-A-DAY formula to support healthy cholesterol, heart health and energy production.",Shop Now,,https://video.fpss5-1.fna.fbcdn.net/o1/v/t2/f2/m366/AQPNTwhoLd_zf1pSqQDGyzAaBnjeA5GGKlruo57v0e95e9kgiu6lRy5IB8p-ZPajNG21q8Vdgtl_-ZD024Usc0A_EpeuyHfapJKXQ0niXwqvQQ.mp4?_nc_cat=101&_nc_oc=AdroSwpyCSu1AJr0lglkbLUSQOPPXTOF3dlRfgmoJdNSI0GzRQJveR9ZdHipWj5Lv3Q&_nc_sid=b66105&_nc_ht=video.fpss5-1.fna.fbcdn.net&_nc_ohc=8ZqOHMPbVOoQ7kNvwEW_EU5&efg=eyJ2ZW5jb2RlX3RhZyI6Inhwdl9wcm9ncmVzc2l2ZS5WSV9VU0VDQVNFX1BST0RVQ1RfVFlQRS4uQzMuNzIwLmRhc2hfaDI2NC1iYXNpYy1nZW4yXzcyMHAiLCJ4cHZfYXNzZXRfaWQiOjE3MjYxNzMzNjIwNDUyNTQsImFzc2V0X2FnZV9kYXlzIjo5LCJ2aV91c2VjYXNlX2lkIjoxMDc5OSwiZHVyYXRpb25fcyI6MTAsInVybGdlbl9zb3VyY2UiOiJ3d3cifQ%3D%3D&ccb=17-1&vs=82ea02a5fa5c9a97&_nc_vs=HBksFQIYRWZiX2VwaGVtZXJhbC82OTQ0ODhDOEZFMEVEOEFBNkY0RUJFMjJFNEYxN0I4OF9tdF8xX3ZpZGVvX2Rhc2hpbml0Lm1wNBUAAsgBEgAVAhhAZmJfcGVybWFuZW50L0ZFNDRBMTQ2OTIxQzY1NDA3ODdEMjE2MkJBOTgxMjg4X2F1ZGlvX2Rhc2hpbml0Lm1wNBUCAsgBEgAoABgAGwKIB3VzZV9vaWwBMRJwcm9ncmVzc2l2ZV9yZWNpcGUBMRUAACaMhYbhwfyQBhUCKAJDMywXQCQAAAAAAAAYGWRhc2hfaDI2NC1iYXNpYy1nZW4yXzcyMHARAHUAZd6oAQA&_nc_gid=zyQenRKYfo4GvL6G8ovbHg&_nc_ss=7f180&_nc_zt=28&oh=00_AQHk-PKaW1GxSjbDkSk77-6mLhH0h3RpgA-Og8CpL8qzPw&oe=6A758783,"['FACEBOOK', 'INSTAGRAM', 'AUDIENCE_NETWORK', 'MESSENGER', 'THREADS']",au,cw,facebook,social,2026-W31,2026-08,"FACEBOOK, INSTAGRAM, AUDIENCE_NETWORK, MESSENGER, THREADS",True,True,True,True,True,False,SKU Product,True,False,False,2026-08-03,2026-07-26 07:00:00,2026-08-03 15:37:17.103942,8
1734698134493370,1504282115046782,True,2026-07-26 07:00:00,2026-08-02 07:00:00,Chemist Warehouse,Chemist Warehouse,{{product.name}},{{product.brand}},Shop now,DCO,https://www.chemistwarehouse.com.au/buy/166756/go-healthy-cholesterol-support-90-capsules?utm_source=facebook&utm_medium=social&utm_campaign=au_cw_oa_facebook_social_thebetterhealthcompanyaustralia_gohealthy_81_jul26_100000-cholestrol-conv_video-image&utm_term=conversion&utm_content=video-image_,www.chemistwarehouse.com.au,/buy/166756/go-healthy-cholesterol-support-90-capsules,facebook,social,au_cw_oa_facebook_social_thebetterhealthcompanyaustralia_gohealthy_81_jul26_100000-cholestrol-conv_video-image,81,conversion,video-image_,O&O,Thebetterhealthcompanyaustralia,Gohealthy,jul26,video-image,GO Cholesterol Support for heart health & energy,"1-A-DAY formula to support healthy cholesterol, heart health and energy production.",Shop Now,,https://video.fpss5-1.fna.fbcdn.net/o1/v/t2/f2/m366/AQPNTwhoLd_zf1pSqQDGyzAaBnjeA5GGKlruo57v0e95e9kgiu6lRy5IB8p-ZPajNG21q8Vdgtl_-ZD024Usc0A_EpeuyHfapJKXQ0niXwqvQQ.mp4?_nc_cat=101&_nc_oc=AdroSwpyCSu1AJr0lglkbLUSQOPPXTOF3dlRfgmoJdNSI0GzRQJveR9ZdHipWj5Lv3Q&_nc_sid=b66105&_nc_ht=video.fpss5-1.fna.fbcdn.net&_nc_ohc=8ZqOHMPbVOoQ7kNvwEW_EU5&efg=eyJ2ZW5jb2RlX3RhZyI6Inhwdl9wcm9ncmVzc2l2ZS5WSV9VU0VDQVNFX1BST0RVQ1RfVFlQRS4uQzMuNzIwLmRhc2hfaDI2NC1iYXNpYy1nZW4yXzcyMHAiLCJ4cHZfYXNzZXRfaWQiOjE3MjYxNzMzNjIwNDUyNTQsImFzc2V0X2FnZV9kYXlzIjo5LCJ2aV91c2VjYXNlX2lkIjoxMDc5OSwiZHVyYXRpb25fcyI6MTAsInVybGdlbl9zb3VyY2UiOiJ3d3cifQ%3D%3D&ccb=17-1&vs=82ea02a5fa5c9a97&_nc_vs=HBksFQIYRWZiX2VwaGVtZXJhbC82OTQ0ODhDOEZFMEVEOEFBNkY0RUJFMjJFNEYxN0I4OF9tdF8xX3ZpZGVvX2Rhc2hpbml0Lm1wNBUAAsgBEgAVAhhAZmJfcGVybWFuZW50L0ZFNDRBMTQ2OTIxQzY1NDA3ODdEMjE2MkJBOTgxMjg4X2F1ZGlvX2Rhc2hpbml0Lm1wNBUCAsgBEgAoABgAGwKIB3VzZV9vaWwBMRJwcm9ncmVzc2l2ZV9yZWNpcGUBMRUAACaMhYbhwfyQBhUCKAJDMywXQCQAAAAAAAAYGWRhc2hfaDI2NC1iYXNpYy1nZW4yXzcyMHARAHUAZd6oAQA&_nc_gid=zyQenRKYfo4GvL6G8ovbHg&_nc_ss=7f180&_nc_zt=28&oh=00_AQHk-PKaW1GxSjbDkSk77-6mLhH0h3RpgA-Og8CpL8qzPw&oe=6A758783,"['FACEBOOK', 'INSTAGRAM', 'AUDIENCE_NETWORK', 'MESSENGER', 'THREADS']",au,cw,facebook,social,2026-W31,2026-08,"FACEBOOK, INSTAGRAM, AUDIENCE_NETWORK, MESSENGER, THREADS",True,True,True,True,True,False,SKU Product,True,False,False,2026-08-03,2026-07-26 07:00:00,2026-08-03 15:37:17.103942,8
1568372481583726,1068909725705818,True,2026-07-27 07:00:00,2026-08-02 07:00:00,Chemist Warehouse,Chemist Warehouse,{{product.name}},{{product.brand}},Shop now,DCO,https://www.chemistwarehouse.com.au/buy/166756/go-healthy-cholesterol-support-90-capsules?utm_source=facebook&utm_medium=social&utm_campaign=au_cw_oa_facebook_social_thebetterhealthcompanyaustralia_gohealthy_81_jul26_100000-cholestrol-conv_video-image&utm_term=conversion&utm_content=video-image_,www.chemistwarehouse.com.au,/buy/166756/go-healthy-cholesterol-support-90-capsules,facebook,social,au_cw_oa_facebook_social_thebetterhealthcompanyaustralia_gohealthy_81_jul26_100000-cholestrol-conv_video-image,81,conversion,video-image_,O&O,Thebetterhealthcompanyaustralia,Gohealthy,jul26,video-image,GO Cholesterol Support for heart health & energy,"1-A-DAY formula to support healthy cholesterol, heart health and energy production.",Shop Now,,https://video.fpss5-1.fna.fbcdn.net/o1/v/t2/f2/m366/AQNlZFa_s4r_G5hE2PWZqLQIRB9FehR-iX68t4mNQYZvaQMRGm87kIVkPtmszZouf2H9gexgusvT5VRCSxid-ZheimTCziA1Cm5loHX_y7SICQ.mp4?_nc_cat=109&_nc_oc=AdrcbV8_ddjtmiz2WQ7Pwhf1QvTxH-UxBwdej8nfOjM4P3Xo2KDkQx-mWgKl2tU4rUA&_nc_sid=b66105&_nc_ht=video.fpss5-1.fna.fbcdn.net&_nc_ohc=YKSccGj5WroQ7kNvwE4kxWf&efg=eyJ2ZW5jb2RlX3RhZyI6Inhwdl9wcm9ncmVzc2l2ZS5WSV9VU0VDQVNFX1BST0RVQ1RfVFlQRS4uQzMuNzIwLmRhc2hfaDI2NC1iYXNpYy1nZW4yXzcyMHAiLCJ4cHZfYXNzZXRfaWQiOjI3NzUyNDI0MjE0NDE5OTIzLCJhc3NldF9hZ2VfZGF5cyI6OSwidmlfdXNlY2FzZV9pZCI6MTA3OTksImR1cmF0aW9uX3MiOjEwLCJ1cmxnZW5fc291cmNlIjoid3d3In0%3D&ccb=17-1&vs=5c835d9b6b595678&_nc_vs=HBksFQIYRWZiX2VwaGVtZXJhbC81NjRBRDY0QjA4RkFCMTJBOURGRDVGQ0RGOUVFNDBBQV9tdF8xX3ZpZGVvX2Rhc2hpbml0Lm1wNBUAAsgBEgAVAhhAZmJfcGVybWFuZW50L0E4NEVFQTRBN0QxRkYwRjJEQzE0MTE4MjZCQzYxOEI0X2F1ZGlvX2Rhc2hpbml0Lm1wNBUCAsgBEgAoABgAGwKIB3VzZV9vaWwBMRJwcm9ncmVzc2l2ZV9yZWNpcGUBMRUAACam56av2avMYhUCKAJDMywXQCQAAAAAAAAYGWRhc2hfaDI2NC1iYXNpYy1nZW4yXzcyMHARAHUAZd6oAQA&_nc_gid=zyQenRKYfo4GvL6G8ovbHg&_nc_ss=7f180&_nc_zt=28&oh=00_AQFWYzQVGAv-b4wyp3bG_xvo4mwH_Wy1uMoEw4BvjB_r_Q&oe=6A759553,"['FACEBOOK', 'INSTAGRAM', 'AUDIENCE_NETWORK', 'MESSENGER', 'THREADS']",au,cw,facebook,social,2026-W31,2026-08,"FACEBOOK, INSTAGRAM, AUDIENCE_NETWORK, MESSENGER, THREADS",True,True,True,True,True,False,SKU Product,True,False,False,2026-08-03,2026-07-27 07:00:00,2026-08-03 15:37:17.103942,7
1556814386111762,1504282115046782,True,2026-07-27 07:00:00,2026-08-01 07:00:00,Chemist Warehouse,Chemist Warehouse,{{product.name}},{{product.brand}},Shop now,DCO,https://www.chemistwarehouse.com.au/buy/166756/go-healthy-cholesterol-support-90-capsules?utm_source=facebook&utm_medium=social&utm_campaign=au_cw_oa_facebook_social_thebetterhealthcompanyaustralia_gohealthy_81_jul26_100000-cholestrol-traffic_video-image&utm_term=traffic&utm_content=video-image_,www.chemistwarehouse.com.au,/buy/166756/go-healthy-cholesterol-support-90-capsules,facebook,social,au_cw_oa_facebook_social_thebetterhealthcompanyaustralia_gohealthy_81_jul26_100000-cholestrol-traffic_video-image,81,traffic,video-image_,O&O,Thebetterhealthcompanyaustralia,Gohealthy,jul26,video-image,GO Cholesterol Support for heart health & energy,"1-A-DAY formula to support healthy cholesterol, heart health and energy production.",Shop Now,,https://video.fpss5-1.fna.fbcdn.net/o1/v/t2/f2/m366/AQPNTwhoLd_zf1pSqQDGyzAaBnjeA5GGKlruo57v0e95e9kgiu6lRy5IB8p-ZPajNG21q8Vdgtl_-ZD024Usc0A_EpeuyHfapJKXQ0niXwqvQQ.mp4?_nc_cat=101&_nc_oc=AdroSwpyCSu1AJr0lglkbLUSQOPPXTOF3dlRfgmoJdNSI0GzRQJveR9ZdHipWj5Lv3Q&_nc_sid=b66105&_nc_ht=video.fpss5-1.fna.fbcdn.net&_nc_ohc=8ZqOHMPbVOoQ7kNvwEW_EU5&efg=eyJ2ZW5jb2RlX3RhZyI6Inhwdl9wcm9ncmVzc2l2ZS5WSV9VU0VDQVNFX1BST0RVQ1RfVFlQRS4uQzMuNzIwLmRhc2hfaDI2NC1iYXNpYy1nZW4yXzcyMHAiLCJ4cHZfYXNzZXRfaWQiOjE3MjYxNzMzNjIwNDUyNTQsImFzc2V0X2FnZV9kYXlzIjo5LCJ2aV91c2VjYXNlX2lkIjoxMDc5OSwiZHVyYXRpb25fcyI6MTAsInVybGdlbl9zb3VyY2UiOiJ3d3cifQ%3D%3D&ccb=17-1&vs=82ea02a5fa5c9a97&_nc_vs=HBksFQIYRWZiX2VwaGVtZXJhbC82OTQ0ODhDOEZFMEVEOEFBNkY0RUJFMjJFNEYxN0I4OF9tdF8xX3ZpZGVvX2Rhc2hpbml0Lm1wNBUAAsgBEgAVAhhAZmJfcGVybWFuZW50L0ZFNDRBMTQ2OTIxQzY1NDA3ODdEMjE2MkJBOTgxMjg4X2F1ZGlvX2Rhc2hpbml0Lm1wNBUCAsgBEgAoABgAGwKIB3VzZV9vaWwBMRJwcm9ncmVzc2l2ZV9yZWNpcGUBMRUAACaMhYbhwfyQBhUCKAJDMywXQCQAAAAAAAAYGWRhc2hfaDI2NC1iYXNpYy1nZW4yXzcyMHARAHUAZd6oAQA&_nc_gid=zyQenRKYfo4GvL6G8ovbHg&_nc_ss=7f180&_nc_zt=28&oh=00_AQHk-PKaW1GxSjbDkSk77-6mLhH0h3RpgA-Og8CpL8qzPw&oe=6A758783,"['FACEBOOK', 'INSTAGRAM', 'AUDIENCE_NETWORK', 'MESSENGER', 'WHATSAPP', 'THREADS']",au,cw,facebook,social,2026-W31,2026-08,"FACEBOOK, INSTAGRAM, AUDIENCE_NETWORK, MESSENGER, WHATSAPP, THREADS",True,True,True,True,True,True,SKU Product,True,False,False,2026-08-03,2026-07-27 07:00:00,2026-08-03 15:37:17.103942,7
865654709705825,1068909725705818,True,2026-07-27 07:00:00,2026-08-02 07:00:00,Chemist Warehouse,Chemist Warehouse,{{product.name}},{{product.brand}},Shop now,DCO,https://www.chemistwarehouse.com.au/buy/166756/go-healthy-cholesterol-support-90-capsules?utm_source=facebook&utm_medium=social&utm_campaign=au_cw_oa_facebook_social_thebetterhealthcompanyaustralia_gohealthy_81_jul26_100000-cholestrol-conv_video-image&utm_term=conversion&utm_content=video-image_,www.chemistwarehouse.com.au,/buy/166756/go-healthy-cholesterol-support-90-capsules,facebook,social,au_cw_oa_facebook_social_thebetterhealthcompanyaustralia_gohealthy_81_jul26_100000-cholestrol-conv_video-image,81,conversion,video-image_,O&O,Thebetterhealthcompanyaustralia,Gohealthy,jul26,video-image,GO Cholesterol Support for heart health & energy,"1-A-DAY formula to support healthy cholesterol, heart health and energy production.",Shop Now,,https://video.fpss5-1.fna.fbcdn.net/o1/v/t2/f2/m366/AQNlZFa_s4r_G5hE2PWZqLQIRB9FehR-iX68t4mNQYZvaQMRGm87kIVkPtmszZouf2H9gexgusvT5VRCSxid-ZheimTCziA1Cm5loHX_y7SICQ.mp4?_nc_cat=109&_nc_oc=AdrcbV8_ddjtmiz2WQ7Pwhf1QvTxH-UxBwdej8nfOjM4P3Xo2KDkQx-mWgKl2tU4rUA&_nc_sid=b66105&_nc_ht=video.fpss5-1.fna.fbcdn.net&_nc_ohc=YKSccGj5WroQ7kNvwE4kxWf&efg=eyJ2ZW5jb2RlX3RhZyI6Inhwdl9wcm9ncmVzc2l2ZS5WSV9VU0VDQVNFX1BST0RVQ1RfVFlQRS4uQzMuNzIwLmRhc2hfaDI2NC1iYXNpYy1nZW4yXzcyMHAiLCJ4cHZfYXNzZXRfaWQiOjI3NzUyNDI0MjE0NDE5OTIzLCJhc3NldF9hZ2VfZGF5cyI6OSwidmlfdXNlY2FzZV9pZCI6MTA3OTksImR1cmF0aW9uX3MiOjEwLCJ1cmxnZW5fc291cmNlIjoid3d3In0%3D&ccb=17-1&vs=5c835d9b6b595678&_nc_vs=HBksFQIYRWZiX2VwaGVtZXJhbC81NjRBRDY0QjA4RkFCMTJBOURGRDVGQ0RGOUVFNDBBQV9tdF8xX3ZpZGVvX2Rhc2hpbml0Lm1wNBUAAsgBEgAVAhhAZmJfcGVybWFuZW50L0E4NEVFQTRBN0QxRkYwRjJEQzE0MTE4MjZCQzYxOEI0X2F1ZGlvX2Rhc2hpbml0Lm1wNBUCAsgBEgAoABgAGwKIB3VzZV9vaWwBMRJwcm9ncmVzc2l2ZV9yZWNpcGUBMRUAACam56av2avMYhUCKAJDMywXQCQAAAAAAAAYGWRhc2hfaDI2NC1iYXNpYy1nZW4yXzcyMHARAHUAZd6oAQA&_nc_gid=zyQenRKYfo4GvL6G8ovbHg&_nc_ss=7f180&_nc_zt=28&oh=00_AQFWYzQVGAv-b4wyp3bG_xvo4mwH_Wy1uMoEw4BvjB_r_Q&oe=6A759553,"['FACEBOOK', 'INSTAGRAM', 'AUDIENCE_NETWORK', 'MESSENGER', 'THREADS']",au,cw,facebook,social,2026-W31,2026-08,"FACEBOOK, INSTAGRAM, AUDIENCE_NETWORK, MESSENGER, THREADS",True,True,True,True,True,False,SKU Product,True,False,False,2026-08-03,2026-07-27 07:00:00,2026-08-03 15:37:17.103942,7
1063256043053059,1504282115046782,True,2026-07-27 07:00:00,2026-08-02 07:00:00,Chemist Warehouse,Chemist Warehouse,{{product.name}},{{product.brand}},Shop now,DCO,https://www.chemistwarehouse.com.au/buy/166756/go-healthy-cholesterol-support-90-capsules?utm_source=facebook&utm_medium=social&utm_campaign=au_cw_oa_facebook_social_thebetterhealthcompanyaustralia_gohealthy_81_jul26_100000-cholestrol-traffic_video-image&utm_term=traffic&utm_content=video-image_,www.chemistwarehouse.com.au,/buy/166756/go-healthy-cholesterol-support-90-capsules,facebook,social,au_cw_oa_facebook_social_thebetterhealthcompanyaustralia_gohealthy_81_jul26_100000-cholestrol-traffic_video-image,81,traffic,video-image_,O&O,Thebetterhealthcompanyaustralia,Gohealthy,jul26,video-image,GO Cholesterol Support for heart health & energy,"1-A-DAY formula to support healthy cholesterol, heart health and energy production.",Shop Now,,https://video.fpss5-1.fna.fbcdn.net/o1/v/t2/f2/m366/AQPNTwhoLd_zf1pSqQDGyzAaBnjeA5GGKlruo57v0e95e9kgiu6lRy5IB8p-ZPajNG21q8Vdgtl_-ZD024Usc0A_EpeuyHfapJKXQ0niXwqvQQ.mp4?_nc_cat=101&_nc_oc=AdroSwpyCSu1AJr0lglkbLUSQOPPXTOF3dlRfgmoJdNSI0GzRQJveR9ZdHipWj5Lv3Q&_nc_sid=b66105&_nc_ht=video.fpss5-1.fna.fbcdn.net&_nc_ohc=8ZqOHMPbVOoQ7kNvwEW_EU5&efg=eyJ2ZW5jb2RlX3RhZyI6Inhwdl9wcm9ncmVzc2l2ZS5WSV9VU0VDQVNFX1BST0RVQ1RfVFlQRS4uQzMuNzIwLmRhc2hfaDI2NC1iYXNpYy1nZW4yXzcyMHAiLCJ4cHZfYXNzZXRfaWQiOjE3MjYxNzMzNjIwNDUyNTQsImFzc2V0X2FnZV9kYXlzIjo5LCJ2aV91c2VjYXNlX2lkIjoxMDc5OSwiZHVyYXRpb25fcyI6MTAsInVybGdlbl9zb3VyY2UiOiJ3d3cifQ%3D%3D&ccb=17-1&vs=82ea02a5fa5c9a97&_nc_vs=HBksFQIYRWZiX2VwaGVtZXJhbC82OTQ0ODhDOEZFMEVEOEFBNkY0RUJFMjJFNEYxN0I4OF9tdF8xX3ZpZGVvX2Rhc2hpbml0Lm1wNBUAAsgBEgAVAhhAZmJfcGVybWFuZW50L0ZFNDRBMTQ2OTIxQzY1NDA3ODdEMjE2MkJBOTgxMjg4X2F1ZGlvX2Rhc2hpbml0Lm1wNBUCAsgBEgAoABgAGwKIB3VzZV9vaWwBMRJwcm9ncmVzc2l2ZV9yZWNpcGUBMRUAACaMhYbhwfyQBhUCKAJDMywXQCQAAAAAAAAYGWRhc2hfaDI2NC1iYXNpYy1nZW4yXzcyMHARAHUAZd6oAQA&_nc_gid=zyQenRKYfo4GvL6G8ovbHg&_nc_ss=7f180&_nc_zt=28&oh=00_AQHk-PKaW1GxSjbDkSk77-6mLhH0h3RpgA-Og8CpL8qzPw&oe=6A758783,"['FACEBOOK', 'INSTAGRAM', 'AUDIENCE_NETWORK', 'MESSENGER', 'WHATSAPP', 'THREADS']",au,cw,facebook,social,2026-W31,2026-08,"FACEBOOK, INSTAGRAM, AUDIENCE_NETWORK, MESSENGER, WHATSAPP, THREADS",True,True,True,True,True,True,SKU Product,True,False,False,2026-08-03,2026-07-27 07:00:00,2026-08-03 15:37:17.103942,7
1544241790825016,4466752660232088,True,2026-07-26 07:00:00,2026-08-01 07:00:00,Chemist Warehouse,Chemist Warehouse,Shop Nude by Nature today!,"Big lashes. Clean formula. No Compromise. The Absolute Volumising Mascara delivers intense volume, definition and pigment, all whilst conditioning the lashes.",Shop now,VIDEO,https://www.chemistwarehouse.com.au/shop-online/2601/nude-by-nature?&utm_source=facebook&utm_medium=social&utm_campaign=au_cw_coop_facebook_social_nudebynatureptyltd_nudebynature_648_2026_100097-bau_video-image&utm_term=conversion&utm_content=video-image_kyra-ugc,www.chemistwarehouse.com.au,/shop-online/2601/nude-by-nature,facebook,social,au_cw_coop_facebook_social_nudebynatureptyltd_nudebynature_648_2026_100097-bau_video-image,648,conversion,video-image_kyra-ugc,Coop,Nudebynatureptyltd,Nudebynature,2026,video-image,,,,,,"['FACEBOOK', 'INSTAGRAM', 'AUDIENCE_NETWORK', 'MESSENGER', 'THREADS']",au,cw,facebook,social,2026-W31,2026-08,"FACEBOOK, INSTAGRAM, AUDIENCE_NETWORK, MESSENGER, THREADS",True,True,True,True,True,False,Brand/Category Page,True,False,False,2026-08-03,2026-07-26 07:00:00,2026-08-03 15:37:17.103942,8
2841107202893032,2079445096281667,True,2026-07-26 07:00:00,2026-08-01 07:00:00,Chemist Warehouse,Chemist Warehouse,Shop Nude by Nature today!,"Your skin, but better. Natural Mineral Cover melts in like a second skin for flawless, breathable coverage.",Shop now,VIDEO,https://www.chemistwarehouse.com.au/shop-online/2601/nude-by-nature?&utm_source=facebook&utm_medium=social&utm_campaign=au_cw_coop_facebook_social_nudebynatureptyltd_nudebynature_648_2026_100097-bau_video-image&utm_term=conversion&utm_content=video-image_steph-ugc,www.chemistwarehouse.com.au,/shop-online/2601/nude-by-nature,facebook,social,au_cw_coop_facebook_social_nudebynatureptyltd_nudebynature_648_2026_100097-bau_video-image,648,conversion,video-image_steph-ugc,Coop,Nudebynatureptyltd,Nudebynature,2026,video-image,,,,,,"['FACEBOOK', 'INSTAGRAM', 'AUDIENCE_NETWORK', 'MESSENGER', 'THREADS']",au,cw,facebook,social,2026-W31,2026-08,"FACEBOOK, INSTAGRAM, AUDIENCE_NETWORK, MESSENGER, THREADS",True,True,True,True,True,False,Brand/Category Page,True,False,False,2026-08-03,2026-07-26 07:00:00,2026-08-03 15:37:17.103942,8
1549136466992216,1941619490127703,True,2026-07-26 07:00:00,2026-08-02 07:00:00,Chemist Warehouse,Chemist Warehouse,Shop Nude by Nature today!,"Big lashes. Clean formula. No Compromise. The Absolute Volumising Mascara delivers intense volume, definition and pigment, all whilst conditioning the lashes.",Shop now,VIDEO,https://www.chemistwarehouse.com.au/shop-online/2601/nude-by-nature?&utm_source=facebook&utm_medium=social&utm_campaign=au_cw_coop_facebook_social_nudebynatureptyltd_nudebynature_648_2026_100097-bau_video-image&utm_term=conversion&utm_content=video-image_kyra-ugc,www.chemistwarehouse.com.au,/shop-online/2601/nude-by-nature,facebook,social,au_cw_coop_facebook_social_nudebynatureptyltd_nudebynature_648_2026_100097-bau_video-image,648,conversion,video-image_kyra-ugc,Coop,Nudebynatureptyltd,Nudebynature,2026,video-image,,,,,,"['FACEBOOK', 'INSTAGRAM', 'AUDIENCE_NETWORK', 'MESSENGER', 'THREADS']",au,cw,facebook,social,2026-W31,2026-08,"FACEBOOK, INSTAGRAM, AUDIENCE_NETWORK, MESSENGER, THREADS",True,True,True,True,True,False,Brand/Category Page,True,False,False,2026-08-03,2026-07-26 07:00:00,2026-08-03 15:37:17.103942,8
1038786358741095,2053609342194059,True,2026-07-26 07:00:00,2026-08-02 07:00:00,Chemist Warehouse,Chemist Warehouse,Shop MCoBeauty now at Chemist Warehouse!,Give your lashes that full-bodied lift and dramatic volume with every swipe.,Shop now,IMAGE,https://www.chemistwarehouse.com.au/shop-online/5644/mcobeauty-cosmetics,www.chemistwarehouse.com.au,/shop-online/5644/mcobeauty-cosmetics,,,,,,,Not Specified,,,,,,,,,,"['FACEBOOK', 'INSTAGRAM', 'THREADS']",,,,,2026-W31,2026-08,"FACEBOOK, INSTAGRAM, THREADS",True,True,False,False,True,False,Brand/Category Page,True,True,False,2026-08-03,2026-07-26 07:00:00,2026-08-03 15:37:17.103942,8
1736294360923744,1071208822129334,True,2026-07-26 07:00:00,2026-08-02 07:00:00,Chemist Warehouse,Chemist Warehouse,Shop MCoBeauty now at Chemist Warehouse!,Give your lashes that full-bodied lift and dramatic volume with every swipe.,Shop now,VIDEO,https://www.chemistwarehouse.com.au/shop-online/5644/mcobeauty-cosmetics,www.chemistwarehouse.com.au,/shop-online/5644/mcobeauty-cosmetics,,,,,,,Not Specified,,,,,,,,,,"['FACEBOOK', 'INSTAGRAM', 'MESSENGER', 'WHATSAPP']",,,,,2026-W31,2026-08,"FACEBOOK, INSTAGRAM, MESSENGER, WHATSAPP",True,True,False,True,False,True,Brand/Category Page,True,True,False,2026-08-03,2026-07-26 07:00:00,2026-08-03 15:37:17.103942,8
1353377186972378,1052747323938387,True,2026-07-26 07:00:00,2026-08-02 07:00:00,Chemist Warehouse,Chemist Warehouse,Shop Nude by Nature,"Nude by Nature's new Dewy Serum Skin Tint combines lightweight, breathable coverage with real skincare benefits — visibly boosting hydration, evening out tone, and leaving skin feeling comfortable all day.",Shop now,VIDEO,https://www.chemistwarehouse.com.au/shop-online/2601/nude-by-nature?&utm_source=facebook&utm_medium=social&utm_campaign=au_cw_coop_facebook_social_nudebynatureptyltd_nudebynature_648_2026_100097-bau_video-image&utm_term=conversion&utm_content=video-image_kol,www.chemistwarehouse.com.au,/shop-online/2601/nude-by-nature,facebook,social,au_cw_coop_facebook_social_nudebynatureptyltd_nudebynature_648_2026_100097-bau_video-image,648,conversion,video-image_kol,Coop,Nudebynatureptyltd,Nudebynature,2026,video-image,,,,,,"['FACEBOOK', 'INSTAGRAM', 'AUDIENCE_NETWORK', 'MESSENGER', 'THREADS']",au,cw,facebook,social,2026-W31,2026-08,"FACEBOOK, INSTAGRAM, AUDIENCE_NETWORK, MESSENGER, THREADS",True,True,True,True,True,False,Brand/Category Page,True,False,False,2026-08-03,2026-07-26 07:00:00,2026-08-03 15:37:17.103942,8
1016796494589270,2109790552945151,True,2026-07-27 07:00:00,2026-08-01 07:00:00,Chemist Warehouse,Chemist Warehouse,{{product.name}},{{product.brand}},Shop now,DCO,https://www.chemistwarehouse.com.au/shop-online/rimmel-slip-sticks?utm_source=facebook&utm_medium=social&utm_campaign=au_cw_oa_facebook_social_cotyconsumerbeauty_rimmel_648_july26_100675-slipsticks_video-image&utm_term=traffic&utm_content=video-image_influencer,www.chemistwarehouse.com.au,/shop-online/rimmel-slip-sticks,facebook,social,au_cw_oa_facebook_social_cotyconsumerbeauty_rimmel_648_july26_100675-slipsticks_video-image,648,traffic,video-image_influencer,O&O,Cotyconsumerbeauty,Rimmel,july26,video-image,Let it slip,Next‑gen gloss. Zero stick. Pure slip.​ Meet the NEW Oh My Gloss! Slip Stick 💋 Shop exclusively at Chemist Warehouse,Shop Now,,https://video.fpss5-1.fna.fbcdn.net/o1/v/t2/f2/m366/AQPbSNJ_w8nDlzhTcmbAfO6Y0NGwQQqBiIKTXZL709FPxUS03vJn1vmWiKFr8im4sBPS78uwLo0KdFi8OVZZhp3G7YVTIjdNqeTTJcnvgScbKQ.mp4?_nc_cat=104&_nc_oc=Adr_e6H51fvNyvsDYDYn8kF0axOyndN6LQeDtESyS-aX8S7reErzakM0lhCVxIwL5t4&_nc_sid=b66105&_nc_ht=video.fpss5-1.fna.fbcdn.net&_nc_ohc=z9O0oWmFMCEQ7kNvwEmXksg&efg=eyJ2ZW5jb2RlX3RhZyI6Inhwdl9wcm9ncmVzc2l2ZS5WSV9VU0VDQVNFX1BST0RVQ1RfVFlQRS4uQzMuNzIwLmRhc2hfaDI2NC1iYXNpYy1nZW4yXzcyMHAiLCJ4cHZfYXNzZXRfaWQiOjEwMTcxMjg5NjQ1NjAyNjMsImFzc2V0X2FnZV9kYXlzIjo5LCJ2aV91c2VjYXNlX2lkIjoxMDc5OSwiZHVyYXRpb25fcyI6NTksInVybGdlbl9zb3VyY2UiOiJ3d3cifQ%3D%3D&ccb=17-1&vs=dc07b0341dce505e&_nc_vs=HBksFQIYRWZiX2VwaGVtZXJhbC9BNjRBOTVGRkU1QTdBMEZFODQzMDlCQTUxMzVFMkZCQV9tdF8xX3ZpZGVvX2Rhc2hpbml0Lm1wNBUAAsgBEgAVAhhAZmJfcGVybWFuZW50L0Y5NEUwNTQ0NENGMDQwQjdENkZFMDYwNjBGMzI2NTg4X2F1ZGlvX2Rhc2hpbml0Lm1wNBUCAsgBEgAoABgAGwKIB3VzZV9vaWwBMRJwcm9ncmVzc2l2ZV9yZWNpcGUBMRUAACaO1vyp2cTOAxUCKAJDMywXQE3zMzMzMzMYGWRhc2hfaDI2NC1iYXNpYy1nZW4yXzcyMHARAHUAZd6oAQA&_nc_gid=zyQenRKYfo4GvL6G8ovbHg&_nc_ss=7f180&_nc_zt=28&oh=00_AQH8z_-0fPmhyzT35OzWgsqvbZMVWwoxoIXtm6xe2R2Nsw&oe=6A758D10,"['FACEBOOK', 'INSTAGRAM', 'AUDIENCE_NETWORK', 'MESSENGER', 'WHATSAPP', 'THREADS']",au,cw,facebook,social,2026-W31,2026-08,"FACEBOOK, INSTAGRAM, AUDIENCE_NETWORK, MESSENGER, WHATSAPP, THREADS",True,True,True,True,True,True,Brand/Category Page,True,False,False,2026-08-03,2026-07-27 07:00:00,2026-08-03 15:37:17.103942,7
1407352564540242,1740446083937728,True,2026-07-26 07:00:00,2026-08-02 07:00:00,Chemist Warehouse,Chemist Warehouse,{{product.name}},{{product.brand}},Shop now,DCO,https://www.chemistwarehouse.com.au/shop-online/rimmel-slip-sticks?utm_source=facebook&utm_medium=social&utm_campaign=au_cw_oa_facebook_social_cotyconsumerbeauty_rimmel_648_july26_100675-slipsticks_video-image&utm_term=traffic&utm_content=video-image_influencer,www.chemistwarehouse.com.au,/shop-online/rimmel-slip-sticks,facebook,social,au_cw_oa_facebook_social_cotyconsumerbeauty_rimmel_648_july26_100675-slipsticks_video-image,648,traffic,video-image_influencer,O&O,Cotyconsumerbeauty,Rimmel,july26,video-image,Let it slip,Next‑gen gloss. Zero stick. Pure slip.​ Meet the NEW Oh My Gloss! Slip Stick 💋 Shop exclusively at Chemist Warehouse,Shop Now,,https://video.fpss5-1.fna.fbcdn.net/o1/v/t2/f2/m366/AQMlMHuHBMV7pXRRGGJuSkW9bkh6zdd_rgpjunmDmnJXH5UX5uyeUNEZl3WNJECQRSGAd6ycfIQC9hRIISYLpHh2iwNhScoyMhADIfcidv6rKg.mp4?_nc_cat=109&_nc_oc=AdqK_WsQw_4BM0fcsB7HM2vOBpTqeMXKMq_YzoV2Nzqla8CY9J3Ghao25493BJpa_7E&_nc_sid=b66105&_nc_ht=video.fpss5-1.fna.fbcdn.net&_nc_ohc=Wd2hBU-yNCoQ7kNvwHUlD5c&efg=eyJ2ZW5jb2RlX3RhZyI6Inhwdl9wcm9ncmVzc2l2ZS5WSV9VU0VDQVNFX1BST0RVQ1RfVFlQRS4uQzMuNzIwLmRhc2hfaDI2NC1iYXNpYy1nZW4yXzcyMHAiLCJ4cHZfYXNzZXRfaWQiOjE0NDE0NjIxNzc0MTY4ODQsImFzc2V0X2FnZV9kYXlzIjo5LCJ2aV91c2VjYXNlX2lkIjoxMDc5OSwiZHVyYXRpb25fcyI6NjUsInVybGdlbl9zb3VyY2UiOiJ3d3cifQ%3D%3D&ccb=17-1&vs=dca7d5b3bc561a12&_nc_vs=HBksFQIYRWZiX2VwaGVtZXJhbC83NTRBMkE2QzBERTgxQUM3QzRCQjJFREU1MERFNjY4NV9tdF8xX3ZpZGVvX2Rhc2hpbml0Lm1wNBUAAsgBEgAVAhhAZmJfcGVybWFuZW50L0I4NEIwRENBNUNBQkU1RDFENUVGQTAzODEyM0E5NkIyX2F1ZGlvX2Rhc2hpbml0Lm1wNBUCAsgBEgAoABgAGwKIB3VzZV9vaWwBMRJwcm9ncmVzc2l2ZV9yZWNpcGUBMRUAACbomtaQksCPBRUCKAJDMywXQFBkOVgQYk4YGWRhc2hfaDI2NC1iYXNpYy1nZW4yXzcyMHARAHUAZd6oAQA&_nc_gid=LlL5J_qo2mVKJvPiEcpVhw&_nc_ss=7f180&_nc_zt=28&oh=00_AQFaCfV3-0_85BWDbu4VEvNAXEPkHnmm4MjwXXKQrwf-Mg&oe=6A75781F,"['FACEBOOK', 'INSTAGRAM', 'AUDIENCE_NETWORK', 'MESSENGER', 'WHATSAPP', 'THREADS']",au,cw,facebook,social,2026-W31,2026-08,"FACEBOOK, INSTAGRAM, AUDIENCE_NETWORK, MESSENGER, WHATSAPP, THREADS",True,True,True,True,True,True,Brand/Category Page,True,False,False,2026-08-03,2026-07-26 07:00:00,2026-08-03 15:37:17.103942,8
1059010743232248,1507751687315229,True,2026-07-26 07:00:00,2026-08-01 07:00:00,Chemist Warehouse,Chemist Warehouse,{{product.name}},{{product.brand}},Shop now,DCO,https://www.chemistwarehouse.com.au/shop-online/rimmel-slip-sticks?utm_source=facebook&utm_medium=social&utm_campaign=au_cw_oa_facebook_social_cotyconsumerbeauty_rimmel_648_july26_100675-slipsticks_video-image&utm_term=traffic&utm_content=video-image_influencer,www.chemistwarehouse.com.au,/shop-online/rimmel-slip-sticks,facebook,social,au_cw_oa_facebook_social_cotyconsumerbeauty_rimmel_648_july26_100675-slipsticks_video-image,648,traffic,video-image_influencer,O&O,Cotyconsumerbeauty,Rimmel,july26,video-image,Let it slip,Next‑gen gloss. Zero stick. Pure slip.​ Meet the NEW Oh My Gloss! Slip Stick 💋 Shop exclusively at Chemist Warehouse,Shop Now,https://scontent.fpss5-1.fna.fbcdn.net/v/t39.35426-6/753540986_2884817511915848_5861519338866569000_n.jpg?_nc_cat=101&ccb=1-7&_nc_sid=c53f8f&_nc_ohc=4lteUktc2SsQ7kNvwEQoc2K&_nc_oc=AdpT9dDlFk9oukBMTUkqrYsbquLWgA0q9Pmcl6Gw7XyD-EbNkTAqDpjkfDaMesxrn8A&_nc_zt=14&_nc_ht=scontent.fpss5-1.fna&_nc_gid=zyQenRKYfo4GvL6G8ovbHg&_nc_ss=7f180&oh=00_AQE5KiOS2rQEHiFYacZJnXkWDUnJ-tD9agruXiBC8JQHrg&oe=6A7580AE,,"['FACEBOOK', 'INSTAGRAM', 'AUDIENCE_NETWORK', 'MESSENGER', 'WHATSAPP', 'THREADS']",au,cw,facebook,social,2026-W31,2026-08,"FACEBOOK, INSTAGRAM, AUDIENCE_NETWORK, MESSENGER, WHATSAPP, THREADS",True,True,True,True,True,True,Brand/Category Page,True,False,False,2026-08-03,2026-07-26 07:00:00,2026-08-03 15:37:17.103942,8
1015831214408711,1013097241502182,True,2026-07-27 07:00:00,2026-08-02 07:00:00,Chemist Warehouse,Chemist Warehouse,{{product.name}},{{product.brand}},Shop now,DCO,https://www.chemistwarehouse.com.au/shop-online/rimmel-slip-sticks?utm_source=facebook&utm_medium=social&utm_campaign=au_cw_oa_facebook_social_cotyconsumerbeauty_rimmel_648_july26_100675-slipsticks_video-image&utm_term=traffic&utm_content=video-image_influencer,www.chemistwarehouse.com.au,/shop-online/rimmel-slip-sticks,facebook,social,au_cw_oa_facebook_social_cotyconsumerbeauty_rimmel_648_july26_100675-slipsticks_video-image,648,traffic,video-image_influencer,O&O,Cotyconsumerbeauty,Rimmel,july26,video-image,Let it slip,60% oil‑infused. All slip. No stick. Powered by cherry seed oil + ceramides. NEW Oh My Gloss! Slip Stick at Chemist Warehouse,Shop Now,,https://video.fpss5-1.fna.fbcdn.net/o1/v/t2/f2/m366/AQNFp6grcSqbgX8I4J6BeqTpOCTUCupA4_fD5XHXQ2YAvaURliSGlTdZIZG0FlW7qal9uRsIx8SWrXNusUfQTUpjCbRqkWzYfKHsjgZ_UK7Mfg.mp4?_nc_cat=111&_nc_oc=Adogv-HHqu4NMcJDC61DdS490jqKNZtG7kET4DXNpFdiRwW8MK2MUfg9Q3W4IgoAGYk&_nc_sid=b66105&_nc_ht=video.fpss5-1.fna.fbcdn.net&_nc_ohc=JxvubBjZ9agQ7kNvwHo3cAa&efg=eyJ2ZW5jb2RlX3RhZyI6Inhwdl9wcm9ncmVzc2l2ZS5WSV9VU0VDQVNFX1BST0RVQ1RfVFlQRS4uQzMuNzIwLmRhc2hfaDI2NC1iYXNpYy1nZW4yXzcyMHAiLCJ4cHZfYXNzZXRfaWQiOjEzNDIwMTAxNjQxOTUzODIsImFzc2V0X2FnZV9kYXlzIjo5LCJ2aV91c2VjYXNlX2lkIjoxMDc5OSwiZHVyYXRpb25fcyI6OCwidXJsZ2VuX3NvdXJjZSI6Ind3dyJ9&ccb=17-1&vs=221cc62befa54565&_nc_vs=HBksFQIYRWZiX2VwaGVtZXJhbC82NjQxRjc2NTYwMzA4ODIzNzgzQjE0NEVEQjBENDc5NF9tdF8xX3ZpZGVvX2Rhc2hpbml0Lm1wNBUAAsgBEgAVAhhAZmJfcGVybWFuZW50LzIwNEU4MjQzN0Y0MjZCNDlFOUZDNzFBQTFGRTIxNzk2X2F1ZGlvX2Rhc2hpbml0Lm1wNBUCAsgBEgAoABgAGwKIB3VzZV9vaWwBMRJwcm9ncmVzc2l2ZV9yZWNpcGUBMRUAACbswPnxoqPiBBUCKAJDMywXQCEzMzMzMzMYGWRhc2hfaDI2NC1iYXNpYy1nZW4yXzcyMHARAHUAZd6oAQA&_nc_gid=LlL5J_qo2mVKJvPiEcpVhw&_nc_ss=7f180&_nc_zt=28&oh=00_AQEzTqLpd71Rt3BwDpQFtSoVZzoCPYoN0WasdYdF8hzBjw&oe=6A7578BD,"['FACEBOOK', 'INSTAGRAM', 'AUDIENCE_NETWORK', 'MESSENGER', 'WHATSAPP', 'THREADS']",au,cw,facebook,social,2026-W31,2026-08,"FACEBOOK, INSTAGRAM, AUDIENCE_NETWORK, MESSENGER, WHATSAPP, THREADS",True,True,True,True,True,True,Brand/Category Page,True,False,False,2026-08-03,2026-07-27 07:00:00,2026-08-03 15:37:17.103942,7
2115256026016291,27508930625443096,True,2026-07-26 07:00:00,2026-08-01 07:00:00,Chemist Warehouse,Chemist Warehouse,Shop Nude by Nature today!,"Your skin, but better. Natural Mineral Cover melts in like a second skin for flawless, breathable coverage.",Shop now,VIDEO,https://www.chemistwarehouse.com.au/shop-online/2601/nude-by-nature?&utm_source=facebook&utm_medium=social&utm_campaign=au_cw_coop_facebook_social_nudebynatureptyltd_nudebynature_648_2026_100097-bau_video-image&utm_term=conversion&utm_content=video-image_dom-ugc,www.chemistwarehouse.com.au,/shop-online/2601/nude-by-nature,facebook,social,au_cw_coop_facebook_social_nudebynatureptyltd_nudebynature_648_2026_100097-bau_video-image,648,conversion,video-image_dom-ugc,Coop,Nudebynatureptyltd,Nudebynature,2026,video-image,,,,,,"['FACEBOOK', 'INSTAGRAM', 'AUDIENCE_NETWORK', 'MESSENGER', 'THREADS']",au,cw,facebook,social,2026-W31,2026-08,"FACEBOOK, INSTAGRAM, AUDIENCE_NETWORK, MESSENGER, THREADS",True,True,True,True,True,False,Brand/Category Page,True,False,False,2026-08-03,2026-07-26 07:00:00,2026-08-03 15:37:17.103942,8
1788294682332806,1334071058450340,True,2026-07-27 07:00:00,2026-08-01 07:00:00,Chemist Warehouse,Chemist Warehouse,{{product.name}},{{product.brand}},Shop now,DCO,https://www.chemistwarehouse.com.au/shop-online/rimmel-slip-sticks?utm_source=facebook&utm_medium=social&utm_campaign=au_cw_oa_facebook_social_cotyconsumerbeauty_rimmel_648_july26_100675-slipsticks_video-image&utm_term=traffic&utm_content=video-image_influencer,www.chemistwarehouse.com.au,/shop-online/rimmel-slip-sticks,facebook,social,au_cw_oa_facebook_social_cotyconsumerbeauty_rimmel_648_july26_100675-slipsticks_video-image,648,traffic,video-image_influencer,O&O,Cotyconsumerbeauty,Rimmel,july26,video-image,Let it slip,"Up to 12 hours of deep hydration. Gloss that slips, shines and never sticks. ​Shop exclusively at at Chemist Warehouse",Shop Now,,https://video.fpss5-1.fna.fbcdn.net/o1/v/t2/f2/m366/AQPapN-N3aah-HQH4G8Nr-3t96GGyB9LMH4m-zVPuagITjueTwAEYZMOt8DoTxC36Exyy3FQXCgTvOSEuTN5awVCiZrW72cWI0yc96Eg6t0lrw.mp4?_nc_cat=108&_nc_oc=AdrQgQuR2mqwLIjyzt2l5edd3JmY7mrvn0_fS2DAtPueMkwQphCuDpTsT4lgf0y_Uzg&_nc_sid=b66105&_nc_ht=video.fpss5-1.fna.fbcdn.net&_nc_ohc=GvPun0kOlBsQ7kNvwEmInGR&efg=eyJ2ZW5jb2RlX3RhZyI6Inhwdl9wcm9ncmVzc2l2ZS5WSV9VU0VDQVNFX1BST0RVQ1RfVFlQRS4uQzMuNzIwLmRhc2hfaDI2NC1iYXNpYy1nZW4yXzcyMHAiLCJ4cHZfYXNzZXRfaWQiOjE2ODgwODQwMTkxMTkyNTksImFzc2V0X2FnZV9kYXlzIjo5LCJ2aV91c2VjYXNlX2lkIjoxMDc5OSwiZHVyYXRpb25fcyI6MTEsInVybGdlbl9zb3VyY2UiOiJ3d3cifQ%3D%3D&ccb=17-1&vs=169a9a39df1b73ea&_nc_vs=HBksFQIYRWZiX2VwaGVtZXJhbC9DRDRDMzhBNUZCMjlBRThCMzhENEZBOTdGM0Y1OTNBQl9tdF8xX3ZpZGVvX2Rhc2hpbml0Lm1wNBUAAsgBEgAVAhhAZmJfcGVybWFuZW50LzMxNENDOEVFQjcxQ0EwMUFEMzBDQTIzMzk4Q0IwMThCX2F1ZGlvX2Rhc2hpbml0Lm1wNBUCAsgBEgAoABgAGwKIB3VzZV9vaWwBMRJwcm9ncmVzc2l2ZV9yZWNpcGUBMRUAACa2kvyEttP_BRUCKAJDMywXQCeZmZmZmZoYGWRhc2hfaDI2NC1iYXNpYy1nZW4yXzcyMHARAHUAZd6oAQA&_nc_gid=LlL5J_qo2mVKJvPiEcpVhw&_nc_ss=7f180&_nc_zt=28&oh=00_AQGjh6GSsVxvVzgzSLOz-lDhL2uBD6yfpaZoHVlbE1Ivrw&oe=6A75A08C,"['FACEBOOK', 'INSTAGRAM', 'AUDIENCE_NETWORK', 'MESSENGER', 'WHATSAPP', 'THREADS']",au,cw,facebook,social,2026-W31,2026-08,"FACEBOOK, INSTAGRAM, AUDIENCE_NETWORK, MESSENGER, WHATSAPP, THREADS",True,True,True,True,True,True,Brand/Category Page,True,False,False,2026-08-03,2026-07-27 07:00:00,2026-08-03 15:37:17.103942,7
1646246826466483,1437122578241250,True,2026-07-27 07:00:00,2026-08-01 07:00:00,Chemist Warehouse,Chemist Warehouse,{{product.name}},{{product.brand}},Shop now,DCO,https://www.chemistwarehouse.com.au/shop-online/rimmel-slip-sticks?utm_source=facebook&utm_medium=social&utm_campaign=au_cw_oa_facebook_social_cotyconsumerbeauty_rimmel_648_july26_100675-slipsticks_video-image&utm_term=traffic&utm_content=video-image_influencer,www.chemistwarehouse.com.au,/shop-online/rimmel-slip-sticks,facebook,social,au_cw_oa_facebook_social_cotyconsumerbeauty_rimmel_648_july26_100675-slipsticks_video-image,648,traffic,video-image_influencer,O&O,Cotyconsumerbeauty,Rimmel,july26,video-image,Let it slip,Next‑gen gloss. Zero stick. Pure slip.​ Meet the NEW Oh My Gloss! Slip Stick 💋 Shop exclusively at Chemist Warehouse,Shop Now,,https://video.fpss5-1.fna.fbcdn.net/o1/v/t2/f2/m366/AQP4tXH_8Rn8yPxHjX9y8TI4iwzUxtZ7lU-QgN9MJ8RQ74XUyeuLQgvMI-p8L3Z3whA8AV08ZTWgrdLVet83JMOKB4UL7yMZ10u05lBqBEO1rQ.mp4?_nc_cat=102&_nc_oc=AdqoLo-4MI9accGmFRiPJ0Ue7wgbNpmxBI-FTnpb6RPJl-WpK1-O0FCJ53mZQ5N-Qhw&_nc_sid=b66105&_nc_ht=video.fpss5-1.fna.fbcdn.net&_nc_ohc=dyJJ6A6N2m0Q7kNvwHpPVQV&efg=eyJ2ZW5jb2RlX3RhZyI6Inhwdl9wcm9ncmVzc2l2ZS5WSV9VU0VDQVNFX1BST0RVQ1RfVFlQRS4uQzMuNzIwLmRhc2hfaDI2NC1iYXNpYy1nZW4yXzcyMHAiLCJ4cHZfYXNzZXRfaWQiOjIwNjEzNzYzMDc3ODc0NzMsImFzc2V0X2FnZV9kYXlzIjo5LCJ2aV91c2VjYXNlX2lkIjoxMDc5OSwiZHVyYXRpb25fcyI6MTAsInVybGdlbl9zb3VyY2UiOiJ3d3cifQ%3D%3D&ccb=17-1&vs=b88c5174a6bc0f26&_nc_vs=HBksFQIYRWZiX2VwaGVtZXJhbC9BNTQ0RjQ1Q0NEMzYwQ0IwMUU1REMwMTIxNEZEN0E4N19tdF8xX3ZpZGVvX2Rhc2hpbml0Lm1wNBUAAsgBEgAVAhhAZmJfcGVybWFuZW50LzIwNDUyQ0IwQTI2NDkyMzZBOEU0RTY5REZEODY5Njg3X2F1ZGlvX2Rhc2hpbml0Lm1wNBUCAsgBEgAoABgAGwKIB3VzZV9vaWwBMRJwcm9ncmVzc2l2ZV9yZWNpcGUBMRUAACai25ep8rOpBxUCKAJDMywXQCQAAAAAAAAYGWRhc2hfaDI2NC1iYXNpYy1nZW4yXzcyMHARAHUAZd6oAQA&_nc_gid=LlL5J_qo2mVKJvPiEcpVhw&_nc_ss=7f180&_nc_zt=28&oh=00_AQFGxs29Rc6ogXcVDr3Wbu0HrQkxcnnnDSv1nr6eYFfAxg&oe=6A75A6EA,"['FACEBOOK', 'INSTAGRAM', 'AUDIENCE_NETWORK', 'MESSENGER', 'WHATSAPP', 'THREADS']",au,cw,facebook,social,2026-W31,2026-08,"FACEBOOK, INSTAGRAM, AUDIENCE_NETWORK, MESSENGER, WHATSAPP, THREADS",True,True,True,True,True,True,Brand/Category Page,True,False,False,2026-08-03,2026-07-27 07:00:00,2026-08-03 15:37:17.103942,7
1110313887992688,1949066438995704,True,2026-07-27 07:00:00,2026-08-01 07:00:00,Chemist Warehouse,Chemist Warehouse,{{product.name}},{{product.brand}},Shop now,DCO,https://www.chemistwarehouse.com.au/shop-online/rimmel-slip-sticks?utm_source=facebook&utm_medium=social&utm_campaign=au_cw_oa_facebook_social_cotyconsumerbeauty_rimmel_648_july26_100675-slipsticks_video-image&utm_term=traffic&utm_content=video-image_influencer,www.chemistwarehouse.com.au,/shop-online/rimmel-slip-sticks,facebook,social,au_cw_oa_facebook_social_cotyconsumerbeauty_rimmel_648_july26_100675-slipsticks_video-image,648,traffic,video-image_influencer,O&O,Cotyconsumerbeauty,Rimmel,july26,video-image,Let it slip,"Up to 12 hours of deep hydration. Gloss that slips, shines and never sticks. ​Shop exclusively at at Chemist Warehouse",Shop Now,,https://video.fpss5-1.fna.fbcdn.net/o1/v/t2/f2/m366/AQNF76kIlddnQU3ehZy4svuT7OBcVuwAGzvWv9eqB0zTSnrOs3qNVcowjEeAo2QWCaQBM8A3WhQK_Kbo9ThHJ96S8bw55xuvlBmjdwm8HYXu_A.mp4?_nc_cat=111&_nc_oc=Ados9cyY9u8nGjp03mMSl7ENDu0e-FTrtjYEmZ198Z4pdFaUFsLKdlKup78dMdwtMTw&_nc_sid=b66105&_nc_ht=video.fpss5-1.fna.fbcdn.net&_nc_ohc=is6rvJ9dWuIQ7kNvwEaau9d&efg=eyJ2ZW5jb2RlX3RhZyI6Inhwdl9wcm9ncmVzc2l2ZS5WSV9VU0VDQVNFX1BST0RVQ1RfVFlQRS4uQzMuNzIwLmRhc2hfaDI2NC1iYXNpYy1nZW4yXzcyMHAiLCJ4cHZfYXNzZXRfaWQiOjE3Mzk2MTM4NTczODc2MDMsImFzc2V0X2FnZV9kYXlzIjo5LCJ2aV91c2VjYXNlX2lkIjoxMDc5OSwiZHVyYXRpb25fcyI6MTAsInVybGdlbl9zb3VyY2UiOiJ3d3cifQ%3D%3D&ccb=17-1&vs=80801544d7bedd02&_nc_vs=HBksFQIYRWZiX2VwaGVtZXJhbC81MDRGMTNGNzdCQUZGRDk1RDNDMjczOTAzQThCQkZBOF9tdF8xX3ZpZGVvX2Rhc2hpbml0Lm1wNBUAAsgBEgAVAhhAZmJfcGVybWFuZW50LzIxNDNGQkVEODRBNkM4MTg5ODRCRjRBRTExMUQ4M0IzX2F1ZGlvX2Rhc2hpbml0Lm1wNBUCAsgBEgAoABgAGwKIB3VzZV9vaWwBMRJwcm9ncmVzc2l2ZV9yZWNpcGUBMRUAACam0aCg7YqXBhUCKAJDMywXQCXMzMzMzM0YGWRhc2hfaDI2NC1iYXNpYy1nZW4yXzcyMHARAHUAZd6oAQA&_nc_gid=LlL5J_qo2mVKJvPiEcpVhw&_nc_ss=7f180&_nc_zt=28&oh=00_AQEY8BbiGXz4QaVaY1ztfpPqQxH8LxBggPOTcyd9mHUdVw&oe=6A759569,"['FACEBOOK', 'INSTAGRAM', 'AUDIENCE_NETWORK', 'MESSENGER', 'WHATSAPP', 'THREADS']",au,cw,facebook,social,2026-W31,2026-08,"FACEBOOK, INSTAGRAM, AUDIENCE_NETWORK, MESSENGER, WHATSAPP, THREADS",True,True,True,True,True,True,Brand/Category Page,True,False,False,2026-08-03,2026-07-27 07:00:00,2026-08-03 15:37:17.103942,7
1343202761263900,1564364138398545,True,2026-07-26 07:00:00,2026-08-02 07:00:00,Chemist Warehouse,Chemist Warehouse,Let it slip,Next‑gen gloss. Zero stick. Pure slip.​ Meet the NEW Oh My Gloss! Slip Stick 💋 Shop exclusively at Chemist Warehouse,Shop now,VIDEO,https://www.chemistwarehouse.com.au/shop-online/rimmel-slip-sticks?utm_source=facebook&utm_medium=social&utm_campaign=au_cw_oa_facebook_social_cotyconsumerbeauty_rimmel_648_july26_100675-slipsticks_video-image&utm_term=traffic&utm_content=video-image_influencer,www.chemistwarehouse.com.au,/shop-online/rimmel-slip-sticks,facebook,social,au_cw_oa_facebook_social_cotyconsumerbeauty_rimmel_648_july26_100675-slipsticks_video-image,648,traffic,video-image_influencer,O&O,Cotyconsumerbeauty,Rimmel,july26,video-image,,,,,,"['FACEBOOK', 'INSTAGRAM', 'AUDIENCE_NETWORK', 'MESSENGER', 'WHATSAPP', 'THREADS']",au,cw,facebook,social,2026-W31,2026-08,"FACEBOOK, INSTAGRAM, AUDIENCE_NETWORK, MESSENGER, WHATSAPP, THREADS",True,True,True,True,True,True,Brand/Category Page,True,True,False,2026-08-03,2026-07-26 07:00:00,2026-08-03 15:37:17.103942,8
1080617874403767,,True,2026-07-26 07:00:00,2026-08-01 07:00:00,Chemist Warehouse,Chemist Warehouse,Strength in Every Drop,"Gentle, effective, and easy to take. Support your child’s growth and immunity with Brauer.",See details,IMAGE,https://fb.com/canvas_doc/2477786292696616,fb.com,/canvas_doc/2477786292696616,,,,,,,Not Specified,,,,,,,,,,"['FACEBOOK', 'INSTAGRAM', 'AUDIENCE_NETWORK', 'MESSENGER', 'THREADS']",,,,,2026-W31,2026-08,"FACEBOOK, INSTAGRAM, AUDIENCE_NETWORK, MESSENGER, THREADS",True,True,True,True,True,False,Internal/App Page,True,False,False,2026-08-03,2026-07-26 07:00:00,2026-08-03 15:37:17.103942,8
2224284518359897,,True,2026-07-26 07:00:00,2026-08-01 07:00:00,Chemist Warehouse,Chemist Warehouse,Strength in Every Drop,"Brauer is there for the nights that test you both. Gentle, effective relief for peace of mind in every drop.",See details,IMAGE,https://fb.com/canvas_doc/1026537239996378,fb.com,/canvas_doc/1026537239996378,,,,,,,Not Specified,,,,,,,,,,"['FACEBOOK', 'INSTAGRAM', 'AUDIENCE_NETWORK', 'MESSENGER', 'THREADS']",,,,,2026-W31,2026-08,"FACEBOOK, INSTAGRAM, AUDIENCE_NETWORK, MESSENGER, THREADS",True,True,True,True,True,False,Internal/App Page,True,False,False,2026-08-03,2026-07-26 07:00:00,2026-08-03 15:37:17.103942,8
1617568763329413,,True,2026-07-26 07:00:00,2026-08-02 07:00:00,Chemist Warehouse,Chemist Warehouse,{{product.name}},{{product.brand}},See details,DCO,https://www.chemistwarehouse.com.au/store-locator,www.chemistwarehouse.com.au,/store-locator,,,,,,,Not Specified,,,,,,Chemist Warehouse Merrylands NOW OPEN!,See Details,https://scontent.fpss5-1.fna.fbcdn.net/v/t39.35426-6/756343896_2089766971649650_5072564618995979995_n.jpg?_nc_cat=111&ccb=1-7&_nc_sid=c53f8f&_nc_ohc=oqwQzO0eWTcQ7kNvwFqC3TN&_nc_oc=AdrAqjDM7u8_a4t73uQD0TPsQxsDhXoDTeTiSF4agddANmU_iuClLGkIAyLqki2D2qU&_nc_zt=14&_nc_ht=scontent.fpss5-1.fna&_nc_gid=LlL5J_qo2mVKJvPiEcpVhw&_nc_ss=7f180&oh=00_AQFuHhUF9SG5_d_qaYjlosXvy1jeLEMUkcNVg9cINJ75nQ&oe=6A7591D3,,"['FACEBOOK', 'INSTAGRAM', 'AUDIENCE_NETWORK', 'WHATSAPP', 'THREADS']",,,,,2026-W31,2026-08,"FACEBOOK, INSTAGRAM, AUDIENCE_NETWORK, WHATSAPP, THREADS",True,True,True,False,True,True,Store Locator,True,False,False,2026-08-03,2026-07-26 07:00:00,2026-08-03 15:37:17.103942,8
4527088250905991,,True,2026-07-26 07:00:00,2026-08-02 07:00:00,Chemist Warehouse,Chemist Warehouse,Strength in Every Drop,"Gentle, effective, and easy to take. Support your child’s growth and immunity with Brauer.",See details,IMAGE,https://fb.com/canvas_doc/27738017192527640,fb.com,/canvas_doc/27738017192527640,,,,,,,Not Specified,,,,,,,,,,"['FACEBOOK', 'INSTAGRAM', 'AUDIENCE_NETWORK', 'MESSENGER', 'THREADS']",,,,,2026-W31,2026-08,"FACEBOOK, INSTAGRAM, AUDIENCE_NETWORK, MESSENGER, THREADS",True,True,True,True,True,False,Internal/App Page,True,False,False,2026-08-03,2026-07-26 07:00:00,2026-08-03 15:37:17.103942,8
900463809250918,2564883197274305,True,2026-07-26 07:00:00,2026-08-02 07:00:00,Chemist Warehouse,Chemist Warehouse,{{product.name}},{{product.brand}},See details,DCO,https://www.chemistwarehouse.com.au/store-locator,www.chemistwarehouse.com.au,/store-locator,,,,,,,Not Specified,,,,,,Chemist Warehouse Westfield Mt Gravatt NOW OPEN!,See Details,https://scontent.fpss5-1.fna.fbcdn.net/v/t39.35426-6/756344072_846452315065787_8783527423311404797_n.jpg?_nc_cat=105&ccb=1-7&_nc_sid=c53f8f&_nc_ohc=lrwyBdBsvmYQ7kNvwFgo3ZV&_nc_oc=AdrSmf0KsaIXM8TnE-igmYmHlm3ZI5tr-tnb2E6ZUQ12i7zDHbkyb3yMkCC9hxh8mME&_nc_zt=14&_nc_ht=scontent.fpss5-1.fna&_nc_gid=LlL5J_qo2mVKJvPiEcpVhw&_nc_ss=7f180&oh=00_AQGB1j6cBmXHVyVz64gSWMSz6lXbzW4CivKdP_4DQR8Dww&oe=6A75A315,,"['FACEBOOK', 'INSTAGRAM', 'AUDIENCE_NETWORK', 'WHATSAPP', 'THREADS']",,,,,2026-W31,2026-08,"FACEBOOK, INSTAGRAM, AUDIENCE_NETWORK, WHATSAPP, THREADS",True,True,True,False,True,True,Store Locator,True,False,False,2026-08-03,2026-07-26 07:00:00,2026-08-03 15:37:17.103942,8
886281780772306,1068909725705818,True,2026-07-27 07:00:00,2026-08-02 07:00:00,Chemist Warehouse,Chemist Warehouse,{{product.name}},{{product.brand}},Shop now,DCO,https://www.chemistwarehouse.com.au/buy/166756/go-healthy-cholesterol-support-90-capsules?utm_source=facebook&utm_medium=social&utm_campaign=au_cw_oa_facebook_social_thebetterhealthcompanyaustralia_gohealthy_81_jul26_100000-cholestrol-traffic_video-image&utm_term=traffic&utm_content=video-image_,www.chemistwarehouse.com.au,/buy/166756/go-healthy-cholesterol-support-90-capsules,facebook,social,au_cw_oa_facebook_social_thebetterhealthcompanyaustralia_gohealthy_81_jul26_100000-cholestrol-traffic_video-image,81,traffic,video-image_,O&O,Thebetterhealthcompanyaustralia,Gohealthy,jul26,video-image,GO Cholesterol Support for heart health & energy,"1-A-DAY formula to support healthy cholesterol, heart health and energy production.",Shop Now,,https://video.fpss5-1.fna.fbcdn.net/o1/v/t2/f2/m366/AQNlZFa_s4r_G5hE2PWZqLQIRB9FehR-iX68t4mNQYZvaQMRGm87kIVkPtmszZouf2H9gexgusvT5VRCSxid-ZheimTCziA1Cm5loHX_y7SICQ.mp4?_nc_cat=109&_nc_oc=AdrcbV8_ddjtmiz2WQ7Pwhf1QvTxH-UxBwdej8nfOjM4P3Xo2KDkQx-mWgKl2tU4rUA&_nc_sid=b66105&_nc_ht=video.fpss5-1.fna.fbcdn.net&_nc_ohc=YKSccGj5WroQ7kNvwE4kxWf&efg=eyJ2ZW5jb2RlX3RhZyI6Inhwdl9wcm9ncmVzc2l2ZS5WSV9VU0VDQVNFX1BST0RVQ1RfVFlQRS4uQzMuNzIwLmRhc2hfaDI2NC1iYXNpYy1nZW4yXzcyMHAiLCJ4cHZfYXNzZXRfaWQiOjI3NzUyNDI0MjE0NDE5OTIzLCJhc3NldF9hZ2VfZGF5cyI6OSwidmlfdXNlY2FzZV9pZCI6MTA3OTksImR1cmF0aW9uX3MiOjEwLCJ1cmxnZW5fc291cmNlIjoid3d3In0%3D&ccb=17-1&vs=5c835d9b6b595678&_nc_vs=HBksFQIYRWZiX2VwaGVtZXJhbC81NjRBRDY0QjA4RkFCMTJBOURGRDVGQ0RGOUVFNDBBQV9tdF8xX3ZpZGVvX2Rhc2hpbml0Lm1wNBUAAsgBEgAVAhhAZmJfcGVybWFuZW50L0E4NEVFQTRBN0QxRkYwRjJEQzE0MTE4MjZCQzYxOEI0X2F1ZGlvX2Rhc2hpbml0Lm1wNBUCAsgBEgAoABgAGwKIB3VzZV9vaWwBMRJwcm9ncmVzc2l2ZV9yZWNpcGUBMRUAACam56av2avMYhUCKAJDMywXQCQAAAAAAAAYGWRhc2hfaDI2NC1iYXNpYy1nZW4yXzcyMHARAHUAZd6oAQA&_nc_gid=zyQenRKYfo4GvL6G8ovbHg&_nc_ss=7f180&_nc_zt=28&oh=00_AQFWYzQVGAv-b4wyp3bG_xvo4mwH_Wy1uMoEw4BvjB_r_Q&oe=6A759553,"['FACEBOOK', 'INSTAGRAM', 'AUDIENCE_NETWORK', 'MESSENGER', 'WHATSAPP', 'THREADS']",au,cw,facebook,social,2026-W31,2026-08,"FACEBOOK, INSTAGRAM, AUDIENCE_NETWORK, MESSENGER, WHATSAPP, THREADS",True,True,True,True,True,True,SKU Product,True,False,False,2026-08-03,2026-07-27 07:00:00,2026-08-03 15:37:17.103942,7
1351582287118989,,True,2026-07-26 07:00:00,2026-08-02 07:00:00,Chemist Warehouse,Chemist Warehouse,Strength in Every Drop,"Gentle, effective, and easy to take. Support your child’s growth and immunity with Brauer.",See details,IMAGE,https://fb.com/canvas_doc/1054522260397081,fb.com,/canvas_doc/1054522260397081,,,,,,,Not Specified,,,,,,,,,,"['FACEBOOK', 'INSTAGRAM', 'AUDIENCE_NETWORK', 'MESSENGER', 'THREADS']",,,,,2026-W31,2026-08,"FACEBOOK, INSTAGRAM, AUDIENCE_NETWORK, MESSENGER, THREADS",True,True,True,True,True,False,Internal/App Page,True,False,False,2026-08-03,2026-07-26 07:00:00,2026-08-03 15:37:17.103942,8
1660300455051431,1068909725705818,True,2026-07-27 07:00:00,2026-08-02 07:00:00,Chemist Warehouse,Chemist Warehouse,{{product.name}},{{product.brand}},Shop now,DCO,https://www.chemistwarehouse.com.au/buy/166756/go-healthy-cholesterol-support-90-capsules?utm_source=facebook&utm_medium=social&utm_campaign=au_cw_oa_facebook_social_thebetterhealthcompanyaustralia_gohealthy_81_jul26_100000-cholestrol-traffic_video-image&utm_term=traffic&utm_content=video-image_,www.chemistwarehouse.com.au,/buy/166756/go-healthy-cholesterol-support-90-capsules,facebook,social,au_cw_oa_facebook_social_thebetterhealthcompanyaustralia_gohealthy_81_jul26_100000-cholestrol-traffic_video-image,81,traffic,video-image_,O&O,Thebetterhealthcompanyaustralia,Gohealthy,jul26,video-image,GO Cholesterol Support for heart health & energy,"1-A-DAY formula to support healthy cholesterol, heart health and energy production.",Shop Now,,https://video.fpss5-1.fna.fbcdn.net/o1/v/t2/f2/m366/AQNlZFa_s4r_G5hE2PWZqLQIRB9FehR-iX68t4mNQYZvaQMRGm87kIVkPtmszZouf2H9gexgusvT5VRCSxid-ZheimTCziA1Cm5loHX_y7SICQ.mp4?_nc_cat=109&_nc_oc=AdrcbV8_ddjtmiz2WQ7Pwhf1QvTxH-UxBwdej8nfOjM4P3Xo2KDkQx-mWgKl2tU4rUA&_nc_sid=b66105&_nc_ht=video.fpss5-1.fna.fbcdn.net&_nc_ohc=YKSccGj5WroQ7kNvwE4kxWf&efg=eyJ2ZW5jb2RlX3RhZyI6Inhwdl9wcm9ncmVzc2l2ZS5WSV9VU0VDQVNFX1BST0RVQ1RfVFlQRS4uQzMuNzIwLmRhc2hfaDI2NC1iYXNpYy1nZW4yXzcyMHAiLCJ4cHZfYXNzZXRfaWQiOjI3NzUyNDI0MjE0NDE5OTIzLCJhc3NldF9hZ2VfZGF5cyI6OSwidmlfdXNlY2FzZV9pZCI6MTA3OTksImR1cmF0aW9uX3MiOjEwLCJ1cmxnZW5fc291cmNlIjoid3d3In0%3D&ccb=17-1&vs=5c835d9b6b595678&_nc_vs=HBksFQIYRWZiX2VwaGVtZXJhbC81NjRBRDY0QjA4RkFCMTJBOURGRDVGQ0RGOUVFNDBBQV9tdF8xX3ZpZGVvX2Rhc2hpbml0Lm1wNBUAAsgBEgAVAhhAZmJfcGVybWFuZW50L0E4NEVFQTRBN0QxRkYwRjJEQzE0MTE4MjZCQzYxOEI0X2F1ZGlvX2Rhc2hpbml0Lm1wNBUCAsgBEgAoABgAGwKIB3VzZV9vaWwBMRJwcm9ncmVzc2l2ZV9yZWNpcGUBMRUAACam56av2avMYhUCKAJDMywXQCQAAAAAAAAYGWRhc2hfaDI2NC1iYXNpYy1nZW4yXzcyMHARAHUAZd6oAQA&_nc_gid=zyQenRKYfo4GvL6G8ovbHg&_nc_ss=7f180&_nc_zt=28&oh=00_AQFWYzQVGAv-b4wyp3bG_xvo4mwH_Wy1uMoEw4BvjB_r_Q&oe=6A759553,"['FACEBOOK', 'INSTAGRAM', 'AUDIENCE_NETWORK', 'MESSENGER', 'WHATSAPP', 'THREADS']",au,cw,facebook,social,2026-W31,2026-08,"FACEBOOK, INSTAGRAM, AUDIENCE_NETWORK, MESSENGER, WHATSAPP, THREADS",True,True,True,True,True,True,SKU Product,True,False,False,2026-08-03,2026-07-27 07:00:00,2026-08-03 15:37:17.103942,7
1603818327937840,,True,2026-07-26 07:00:00,2026-08-02 07:00:00,Chemist Warehouse,Chemist Warehouse,Available at Chemist Warehouse,Shop Voltaren now at Chemist Warehouse,Shop now,IMAGE,https://fb.com/canvas_doc/2188726415021360,fb.com,/canvas_doc/2188726415021360,,,,,,,Not Specified,,,,,,,,,,"['FACEBOOK', 'INSTAGRAM', 'THREADS']",,,,,2026-W31,2026-08,"FACEBOOK, INSTAGRAM, THREADS",True,True,False,False,True,False,Internal/App Page,True,True,False,2026-08-03,2026-07-26 07:00:00,2026-08-03 15:37:17.103942,8
2198658587655908,1055982970237087,True,2026-07-26 07:00:00,2026-08-02 07:00:00,Chemist Warehouse,Chemist Warehouse,Available at Chemist Warehouse,Shop Voltaren now at Chemist Warehouse,Shop now,VIDEO,https://fb.com/canvas_doc/864472733130430,fb.com,/canvas_doc/864472733130430,,,,,,,Not Specified,,,,,,,,,,"['FACEBOOK', 'INSTAGRAM', 'THREADS']",,,,,2026-W31,2026-08,"FACEBOOK, INSTAGRAM, THREADS",True,True,False,False,True,False,Internal/App Page,True,True,False,2026-08-03,2026-07-26 07:00:00,2026-08-03 15:37:17.103942,8
981910071569916,3554672448017203,True,2026-07-23 07:00:00,2026-08-02 07:00:00,Chemist Warehouse,Chemist Warehouse,{{product.name}},{{product.brand}},Shop now,DCO,https://www.chemistwarehouse.com.au/buy/160438/redwin-you-golden-hour-vanilla-bean-pistachio-body-lotion-350ml?utm_source=facebook&utm_medium=social&utm_campaign=au_cw_oa_facebook_social_pharmacarelaboratories_redwin_665_jul26_100695-boosting_video&utm_term=reach&utm_content=video_instore-video,www.chemistwarehouse.com.au,/buy/160438/redwin-you-golden-hour-vanilla-bean-pistachio-body-lotion-350ml,facebook,social,au_cw_oa_facebook_social_pharmacarelaboratories_redwin_665_jul26_100695-boosting_video,665,reach,video_instore-video,O&O,Pharmacarelaboratories,Redwin,jul26,video,Click and collect available,Shop new You by Redwin Golden Hour Body Lotion and Body Cleanser at Chemist Warehouse.,Shop Now,,https://video.fpss5-1.fna.fbcdn.net/o1/v/t2/f2/m366/AQOnc7S4VZfxT-ZFpmkHxQagxitZrptq2Yf0FBFgQsKZGxaqTNW62rtqBnGJ-KGgYmE0BV7oxTXIvwAP_5IfLrDlOlfPv2jqjOArdqo6jg-hPQ.mp4?_nc_cat=106&_nc_oc=AdqnWiu-TMK-RBDmXY8MDUyso2Y7ehY23CLSX-bN5Ht084m7C1mnELM8mkl7Vt1covA&_nc_sid=b66105&_nc_ht=video.fpss5-1.fna.fbcdn.net&_nc_ohc=9rwuBC7vC4oQ7kNvwH-9cGi&efg=eyJ2ZW5jb2RlX3RhZyI6Inhwdl9wcm9ncmVzc2l2ZS5WSV9VU0VDQVNFX1BST0RVQ1RfVFlQRS4uQzMuNzIwLmRhc2hfaDI2NC1iYXNpYy1nZW4yXzcyMHAiLCJ4cHZfYXNzZXRfaWQiOjE2ODc0MTIyMTg5OTc0ODksImFzc2V0X2FnZV9kYXlzIjo5LCJ2aV91c2VjYXNlX2lkIjoxMDc5OSwiZHVyYXRpb25fcyI6MzIsInVybGdlbl9zb3VyY2UiOiJ3d3cifQ%3D%3D&ccb=17-1&vs=276fb891a09656c9&_nc_vs=HBksFQIYRWZiX2VwaGVtZXJhbC82NDQ4MUM0NjA1NDZEMkQwNUM3RTU3QjY4RkQxQjNBQ19tdF8xX3ZpZGVvX2Rhc2hpbml0Lm1wNBUAAsgBEgAVAhhAZmJfcGVybWFuZW50LzNDNDI0ODM2MjFEOUQ1MzgyNjI5RENCOEFGQzAxRjhBX2F1ZGlvX2Rhc2hpbml0Lm1wNBUCAsgBEgAoABgAGwKIB3VzZV9vaWwBMRJwcm9ncmVzc2l2ZV9yZWNpcGUBMRUAACbiq7neqKz_BRUCKAJDMywXQD_3S8an754YGWRhc2hfaDI2NC1iYXNpYy1nZW4yXzcyMHARAHUAZd6oAQA&_nc_gid=LlL5J_qo2mVKJvPiEcpVhw&_nc_ss=7f180&_nc_zt=28&oh=00_AQFt7V13IydfV0b1QWCppaxHS-p6hODwtHb6apw_FhaRoA&oe=6A759786,"['FACEBOOK', 'INSTAGRAM']",au,cw,facebook,social,2026-W31,2026-08,"FACEBOOK, INSTAGRAM",True,True,False,False,False,False,SKU Product,True,False,False,2026-08-03,2026-07-23 07:00:00,2026-08-03 15:37:17.103942,11
1579846193881044,1586209553224766,True,2026-07-23 07:00:00,2026-08-02 07:00:00,Chemist Warehouse,Chemist Warehouse,"Sweet Skin, Sorted.","Bubble & Co's ""Glow Up"" Sugar Scrub range lifts away dead skin for a smooth, sweet-smelling finish. Australian made.",Shop now,VIDEO,https://www.chemistwarehouse.com.au/shop-online/6043/bubble-co?utm_source=facebook&utm_medium=social&utm_campaign=au_cw_oa_facebook_social_direct2retail_bubbleco_665_jul26_100155-npd_video-image&utm_term=traffic&utm_content=video-image_video,www.chemistwarehouse.com.au,/shop-online/6043/bubble-co,facebook,social,au_cw_oa_facebook_social_direct2retail_bubbleco_665_jul26_100155-npd_video-image,665,traffic,video-image_video,O&O,Direct2Retail,Bubbleco,jul26,video-image,,,,,,"['FACEBOOK', 'INSTAGRAM', 'THREADS']",au,cw,facebook,social,2026-W31,2026-08,"FACEBOOK, INSTAGRAM, THREADS",True,True,False,False,True,False,Brand/Category Page,True,False,False,2026-08-03,2026-07-23 07:00:00,2026-08-03 15:37:17.103942,11
1528096219114017,1052901050636017,True,2026-07-24 07:00:00,2026-08-02 07:00:00,Chemist Warehouse,Chemist Warehouse,"Sweet Skin, Sorted.","Bubble & Co's ""Glow Up"" Sugar Scrub range lifts away dead skin for a smooth, sweet-smelling finish. Australian made.",Shop now,VIDEO,https://www.chemistwarehouse.com.au/shop-online/6043/bubble-co?utm_source=facebook&utm_medium=social&utm_campaign=au_cw_oa_facebook_social_direct2retail_bubbleco_665_jul26_100155-npd_video-image&utm_term=traffic&utm_content=video-image_video,www.chemistwarehouse.com.au,/shop-online/6043/bubble-co,facebook,social,au_cw_oa_facebook_social_direct2retail_bubbleco_665_jul26_100155-npd_video-image,665,traffic,video-image_video,O&O,Direct2Retail,Bubbleco,jul26,video-image,,,,,,"['FACEBOOK', 'INSTAGRAM', 'THREADS']",au,cw,facebook,social,2026-W31,2026-08,"FACEBOOK, INSTAGRAM, THREADS",True,True,False,False,True,False,Brand/Category Page,True,False,False,2026-08-03,2026-07-24 07:00:00,2026-08-03 15:37:17.103942,10
995514299975092,,True,2026-07-23 07:00:00,2026-08-02 07:00:00,Chemist Warehouse,Chemist Warehouse,Relieve mood swings,Relieves irritability and mood swings in perimenopausal women. Based on science.,Shop now,IMAGE,https://fb.com/canvas_doc/901200545761036,fb.com,/canvas_doc/901200545761036,,,,,,,Not Specified,,,,,,,,,,"['FACEBOOK', 'INSTAGRAM', 'AUDIENCE_NETWORK', 'MESSENGER', 'THREADS']",,,,,2026-W31,2026-08,"FACEBOOK, INSTAGRAM, AUDIENCE_NETWORK, MESSENGER, THREADS",True,True,True,True,True,False,Internal/App Page,True,False,False,2026-08-03,2026-07-23 07:00:00,2026-08-03 15:37:17.103942,11
2498438337292241,,True,2026-07-23 07:00:00,2026-08-02 07:00:00,Chemist Warehouse,Chemist Warehouse,New Billie Malibu range,Shop the Billie Malibu Kit and Refills at Chemist Warehouse.,Shop now,VIDEO,https://www.chemistwarehouse.com.au/shop-online/705630/billie?utm_source=facebook&utm_medium=social&utm_content=Catalogue&utm_campaign=au_cw_oa_facebook_social_edgewellpersonalcareaustralia_billie_259_2026_bau_Dynamic&utm_term=Dynamic,www.chemistwarehouse.com.au,/shop-online/705630/billie,facebook,social,au_cw_oa_facebook_social_edgewellpersonalcareaustralia_billie_259_2026_bau_Dynamic,259,Dynamic,Catalogue,O&O,Edgewellpersonalcareaustralia,Billie,2026,dynamic,,,,,,"['FACEBOOK', 'INSTAGRAM', 'MESSENGER']",au,cw,facebook,social,2026-W31,2026-08,"FACEBOOK, INSTAGRAM, MESSENGER",True,True,False,True,False,False,Brand/Category Page,True,True,False,2026-08-03,2026-07-23 07:00:00,2026-08-03 15:37:17.103942,11
3325274780991175,,True,2026-07-23 07:00:00,2026-08-02 07:00:00,Chemist Warehouse,Chemist Warehouse,Relieve mood swings,Swisse Perimenopause Balance — for when irritability shows up uninvited.,Shop now,IMAGE,https://fb.com/canvas_doc/1451926506960017,fb.com,/canvas_doc/1451926506960017,,,,,,,Not Specified,,,,,,,,,,"['FACEBOOK', 'INSTAGRAM', 'AUDIENCE_NETWORK', 'MESSENGER', 'THREADS']",,,,,2026-W31,2026-08,"FACEBOOK, INSTAGRAM, AUDIENCE_NETWORK, MESSENGER, THREADS",True,True,True,True,True,False,Internal/App Page,True,False,False,2026-08-03,2026-07-23 07:00:00,2026-08-03 15:37:17.103942,11
1538285697378158,3155684847962141,True,2026-07-23 07:00:00,2026-08-02 07:00:00,Chemist Warehouse,Chemist Warehouse,{{product.name}},{{product.brand}},Shop now,DCO,https://www.chemistwarehouse.com.au/buy/123868/rite-aid-nasal-aspirator?utm_source=facebook&utm_medium=social&utm_campaign=au_cw_oa_facebook_social_tolifetechnologiesptyltd_riteaid_20_jul26_100684-boosting_image&utm_term=traffic&utm_content=image_image-na,www.chemistwarehouse.com.au,/buy/123868/rite-aid-nasal-aspirator,facebook,social,au_cw_oa_facebook_social_tolifetechnologiesptyltd_riteaid_20_jul26_100684-boosting_image,20,traffic,image_image-na,O&O,Tolifetechnologiesptyltd,Riteaid,jul26,image,Available at Chemist Warehouse,Nasal Aspirator Blocked nose. No sleep. Help baby breathe easier with Rite Aid Nasal Aspirator. Shop now at Chemist Warehouse.,Shop Now,https://scontent.fpss5-1.fna.fbcdn.net/v/t39.35426-6/755949442_1723362465568109_9123192474436565298_n.jpg?_nc_cat=110&ccb=1-7&_nc_sid=c53f8f&_nc_ohc=n69-TYGG7f4Q7kNvwE_BtKO&_nc_oc=Ado2LmQF9Ovyk8jaoCWI_EZ9yCmimcGiFax2aFKjgagQCoRNNukr500xADuDM7xEoik&_nc_zt=14&_nc_ht=scontent.fpss5-1.fna&_nc_gid=LlL5J_qo2mVKJvPiEcpVhw&_nc_ss=7f180&oh=00_AQHvxTqP0jyUs8PSUcBIByxygoTJ0ifWqEVOrF1camNxOw&oe=6A7596CF,,"['FACEBOOK', 'INSTAGRAM', 'MESSENGER']",au,cw,facebook,social,2026-W31,2026-08,"FACEBOOK, INSTAGRAM, MESSENGER",True,True,False,True,False,False,SKU Product,True,False,False,2026-08-03,2026-07-23 07:00:00,2026-08-03 15:37:17.103942,11
1327150182599289,2113082716310390,True,2026-07-23 07:00:00,2026-08-02 07:00:00,Chemist Warehouse,Chemist Warehouse,{{product.name}},{{product.brand}},Shop now,DCO,https://www.chemistwarehouse.com.au/buy/92115/rite-aid-baby-nail-trimmer?utm_source=facebook&utm_medium=social&utm_campaign=au_cw_oa_facebook_social_tolifetechnologiesptyltd_riteaid_20_jul26_100684-boosting_image&utm_term=traffic&utm_content=image_image-bnt,www.chemistwarehouse.com.au,/buy/92115/rite-aid-baby-nail-trimmer,facebook,social,au_cw_oa_facebook_social_tolifetechnologiesptyltd_riteaid_20_jul26_100684-boosting_image,20,traffic,image_image-bnt,O&O,Tolifetechnologiesptyltd,Riteaid,jul26,image,Available at Chemist Warehouse,Baby Nail Trimmer Tiny nails can scratch fast. Trim safely while baby stays calm. Shop now at Chemist Warehouse,Shop Now,https://scontent.fpss5-1.fna.fbcdn.net/v/t39.35426-6/750615444_2517400302105717_4824830947115480214_n.jpg?_nc_cat=101&ccb=1-7&_nc_sid=c53f8f&_nc_ohc=81LkBQSmXbsQ7kNvwFp8qhI&_nc_oc=AdqAzj1_visI3674Vkb005U-WmAln7-ZaCXBdH95IH1v5Vb-SrLA93KUevr7U3ziQhQ&_nc_zt=14&_nc_ht=scontent.fpss5-1.fna&_nc_gid=LlL5J_qo2mVKJvPiEcpVhw&_nc_ss=7f180&oh=00_AQHQPPmOSasuY7YGx5qu1P10e1b4SuqPtoT3rrmNTTB7kA&oe=6A758FC8,,"['FACEBOOK', 'INSTAGRAM', 'MESSENGER']",au,cw,facebook,social,2026-W31,2026-08,"FACEBOOK, INSTAGRAM, MESSENGER",True,True,False,True,False,False,SKU Product,True,False,False,2026-08-03,2026-07-23 07:00:00,2026-08-03 15:37:17.103942,11
1362199861997330,4618593018430066,True,2026-07-23 07:00:00,2026-08-02 07:00:00,Chemist Warehouse,Chemist Warehouse,{{product.name}},{{product.brand}},Shop now,DCO,https://www.chemistwarehouse.com.au/buy/167654/medela-motion-inbra-double-electric-wearable-breast-pump?utm_source=facebook&utm_medium=social&utm_campaign=au_cw_oa_facebook_social_medelaaustraliaptyltd_medela_20_jul25_100523-oa_video&utm_term=traffic&utm_content=video_video,www.chemistwarehouse.com.au,/buy/167654/medela-motion-inbra-double-electric-wearable-breast-pump,facebook,social,au_cw_oa_facebook_social_medelaaustraliaptyltd_medela_20_jul25_100523-oa_video,20,traffic,video_video,O&O,Medelaaustraliaptyltd,Medela,jul25,video,Save 25% RRP on Motion InBra™,"Efficient everyday pumping, Express more milk, faster with Motion InBra™. Save 25% RRP and pump confidently on the go.",Shop Now,,https://video.fpss5-1.fna.fbcdn.net/o1/v/t2/f2/m366/AQP9zPzdqYWCrgJJUhcUyIw3jzmwp5SsAXAPA4NLks-8gU1q8erWjHQismbG1VfjMQRKPr7FU9tPmrouMU-2EZNXOI519dcA_XPhV43xXZ8kog.mp4?_nc_cat=104&_nc_oc=AdrnQoU6k022hvdyHoUrs-d5MD9i-n-D_ylU8fVurSjDvdve_4_2m_5TvZNUEOOXvPc&_nc_sid=b66105&_nc_ht=video.fpss5-1.fna.fbcdn.net&_nc_ohc=roS5hOWq4e0Q7kNvwEt7v8u&efg=eyJ2ZW5jb2RlX3RhZyI6Inhwdl9wcm9ncmVzc2l2ZS5WSV9VU0VDQVNFX1BST0RVQ1RfVFlQRS4uQzMuNzIwLmRhc2hfaDI2NC1iYXNpYy1nZW4yXzcyMHAiLCJ4cHZfYXNzZXRfaWQiOjE1Mzk5NTcwMzc1OTAwNzMsImFzc2V0X2FnZV9kYXlzIjoxMCwidmlfdXNlY2FzZV9pZCI6MTA3OTksImR1cmF0aW9uX3MiOjQ2LCJ1cmxnZW5fc291cmNlIjoid3d3In0%3D&ccb=17-1&vs=f513bbb69d1cd190&_nc_vs=HBksFQIYRWZiX2VwaGVtZXJhbC81NzQ0MDYxNDUyRjlBQzU4QTkzOURDMThGNERGMzdCRV9tdF8xX3ZpZGVvX2Rhc2hpbml0Lm1wNBUAAsgBEgAVAhhAZmJfcGVybWFuZW50LzI2NDJEMzkyOURCQ0RBOTFCMEY3NTIzMTVFQUZCRkI0X2F1ZGlvX2Rhc2hpbml0Lm1wNBUCAsgBEgAoABgAGwKIB3VzZV9vaWwBMRJwcm9ncmVzc2l2ZV9yZWNpcGUBMRUAACbymI-DpqW8BRUCKAJDMywXQEdVP3ztkWgYGWRhc2hfaDI2NC1iYXNpYy1nZW4yXzcyMHARAHUAZd6oAQA&_nc_gid=LlL5J_qo2mVKJvPiEcpVhw&_nc_ss=7f180&_nc_zt=28&oh=00_AQEOXhqHxPf81ZTz95B3xSGAncP4kTHPvqwGSykeMoPrmA&oe=6A75A378,"['FACEBOOK', 'INSTAGRAM', 'AUDIENCE_NETWORK', 'MESSENGER', 'THREADS']",au,cw,facebook,social,2026-W31,2026-08,"FACEBOOK, INSTAGRAM, AUDIENCE_NETWORK, MESSENGER, THREADS",True,True,True,True,True,False,SKU Product,True,False,False,2026-08-03,2026-07-23 07:00:00,2026-08-03 15:37:17.103942,11
2213721562811377,,True,2026-07-23 07:00:00,2026-08-02 07:00:00,Chemist Warehouse,Chemist Warehouse,New Billie Malibu range,Shop the Billie Malibu Kit and Refills at Chemist Warehouse.,Shop now,VIDEO,https://www.chemistwarehouse.com.au/shop-online/705630/billie?utm_source=facebook&utm_medium=social&utm_content=Catalogue&utm_campaign=au_cw_oa_facebook_social_edgewellpersonalcareaustralia_billie_259_2026_bau_Dynamic&utm_term=Dynamic,www.chemistwarehouse.com.au,/shop-online/705630/billie,facebook,social,au_cw_oa_facebook_social_edgewellpersonalcareaustralia_billie_259_2026_bau_Dynamic,259,Dynamic,Catalogue,O&O,Edgewellpersonalcareaustralia,Billie,2026,dynamic,,,,,,"['FACEBOOK', 'INSTAGRAM', 'MESSENGER']",au,cw,facebook,social,2026-W31,2026-08,"FACEBOOK, INSTAGRAM, MESSENGER",True,True,False,True,False,False,Brand/Category Page,True,True,False,2026-08-03,2026-07-23 07:00:00,2026-08-03 15:37:17.103942,11
2185006445615634,4618593018430066,True,2026-07-23 07:00:00,2026-08-02 07:00:00,Chemist Warehouse,Chemist Warehouse,{{product.name}},{{product.brand}},Shop now,DCO,https://www.chemistwarehouse.com.au/buy/167654/medela-motion-inbra-double-electric-wearable-breast-pump?utm_source=facebook&utm_medium=social&utm_campaign=au_cw_oa_facebook_social_medelaaustraliaptyltd_medela_20_jul25_100523-oa_video&utm_term=traffic&utm_content=video_video,www.chemistwarehouse.com.au,/buy/167654/medela-motion-inbra-double-electric-wearable-breast-pump,facebook,social,au_cw_oa_facebook_social_medelaaustraliaptyltd_medela_20_jul25_100523-oa_video,20,traffic,video_video,O&O,Medelaaustraliaptyltd,Medela,jul25,video,Save 25% RRP on Motion InBra™,"Efficient everyday pumping, Express more milk, faster with Motion InBra™. Save 25% RRP and pump confidently on the go.",Shop Now,,https://video.fpss5-1.fna.fbcdn.net/o1/v/t2/f2/m366/AQP9zPzdqYWCrgJJUhcUyIw3jzmwp5SsAXAPA4NLks-8gU1q8erWjHQismbG1VfjMQRKPr7FU9tPmrouMU-2EZNXOI519dcA_XPhV43xXZ8kog.mp4?_nc_cat=104&_nc_oc=AdrnQoU6k022hvdyHoUrs-d5MD9i-n-D_ylU8fVurSjDvdve_4_2m_5TvZNUEOOXvPc&_nc_sid=b66105&_nc_ht=video.fpss5-1.fna.fbcdn.net&_nc_ohc=roS5hOWq4e0Q7kNvwEt7v8u&efg=eyJ2ZW5jb2RlX3RhZyI6Inhwdl9wcm9ncmVzc2l2ZS5WSV9VU0VDQVNFX1BST0RVQ1RfVFlQRS4uQzMuNzIwLmRhc2hfaDI2NC1iYXNpYy1nZW4yXzcyMHAiLCJ4cHZfYXNzZXRfaWQiOjE1Mzk5NTcwMzc1OTAwNzMsImFzc2V0X2FnZV9kYXlzIjoxMCwidmlfdXNlY2FzZV9pZCI6MTA3OTksImR1cmF0aW9uX3MiOjQ2LCJ1cmxnZW5fc291cmNlIjoid3d3In0%3D&ccb=17-1&vs=f513bbb69d1cd190&_nc_vs=HBksFQIYRWZiX2VwaGVtZXJhbC81NzQ0MDYxNDUyRjlBQzU4QTkzOURDMThGNERGMzdCRV9tdF8xX3ZpZGVvX2Rhc2hpbml0Lm1wNBUAAsgBEgAVAhhAZmJfcGVybWFuZW50LzI2NDJEMzkyOURCQ0RBOTFCMEY3NTIzMTVFQUZCRkI0X2F1ZGlvX2Rhc2hpbml0Lm1wNBUCAsgBEgAoABgAGwKIB3VzZV9vaWwBMRJwcm9ncmVzc2l2ZV9yZWNpcGUBMRUAACbymI-DpqW8BRUCKAJDMywXQEdVP3ztkWgYGWRhc2hfaDI2NC1iYXNpYy1nZW4yXzcyMHARAHUAZd6oAQA&_nc_gid=LlL5J_qo2mVKJvPiEcpVhw&_nc_ss=7f180&_nc_zt=28&oh=00_AQEOXhqHxPf81ZTz95B3xSGAncP4kTHPvqwGSykeMoPrmA&oe=6A75A378,"['FACEBOOK', 'INSTAGRAM', 'AUDIENCE_NETWORK', 'MESSENGER', 'THREADS']",au,cw,facebook,social,2026-W31,2026-08,"FACEBOOK, INSTAGRAM, AUDIENCE_NETWORK, MESSENGER, THREADS",True,True,True,True,True,False,SKU Product,True,False,False,2026-08-03,2026-07-23 07:00:00,2026-08-03 15:37:17.103942,11
894735816544428,,True,2026-07-23 07:00:00,2026-08-02 07:00:00,Chemist Warehouse,Chemist Warehouse,New Billie Malibu range,Shop the Billie Malibu Kit and Refills at Chemist Warehouse.,See details,IMAGE,https://fb.com/canvas_doc/1007692885594981,fb.com,/canvas_doc/1007692885594981,,,,,,,Not Specified,,,,,,,,,,"['FACEBOOK', 'INSTAGRAM', 'AUDIENCE_NETWORK', 'MESSENGER', 'WHATSAPP', 'THREADS']",,,,,2026-W31,2026-08,"FACEBOOK, INSTAGRAM, AUDIENCE_NETWORK, MESSENGER, WHATSAPP, THREADS",True,True,True,True,True,True,Internal/App Page,True,True,False,2026-08-03,2026-07-23 07:00:00,2026-08-03 15:37:17.103942,11
1089179210333647,,True,2026-07-23 07:00:00,2026-08-02 07:00:00,Chemist Warehouse,Chemist Warehouse,{{product.name}},{{product.brand}},See details,DCO,https://www.chemistwarehouse.com.au/shop-online/1873/neutrogena?utm_source=facebook&utm_medium=social&utm_campaign=au_cw_oa_facebook_social_johnsonjohnsonpacific_neutrogena_665_jul25_100649-oa_video-image&utm_term=traffic&utm_content=video-image_video-image,www.chemistwarehouse.com.au,/shop-online/1873/neutrogena,facebook,social,au_cw_oa_facebook_social_johnsonjohnsonpacific_neutrogena_665_jul25_100649-oa_video-image,665,traffic,video-image_video-image,O&O,Johnsonjohnsonpacific,Neutrogena,jul25,video-image,"Stronger Collagen, Glowing Skin",Shop the NEW Neutrogena Collagen Bank 15% Vitamin C serum today at Chemist Warehouse,See Details,https://scontent.fpss5-1.fna.fbcdn.net/v/t39.35426-6/753282369_1744592463250319_2113903896625104523_n.jpg?_nc_cat=109&ccb=1-7&_nc_sid=c53f8f&_nc_ohc=iVsgStzZv1kQ7kNvwHMhbCk&_nc_oc=AdoII1otR4vwZ2M4MfN40mql3rmrPgmbrMdmqR8jStoD_Y38AkTti59DQJrQ3UWzS3U&_nc_zt=14&_nc_ht=scontent.fpss5-1.fna&_nc_gid=YtBF-XvrGJN3hGpmZNuZ_w&_nc_ss=7f180&oh=00_AQEA3WbOeCDYVg_U0mcmQ0eWgK02CFSdkz_uXI3jEz0N9A&oe=6A759ACA,,"['FACEBOOK', 'INSTAGRAM', 'AUDIENCE_NETWORK', 'MESSENGER', 'WHATSAPP', 'THREADS']",au,cw,facebook,social,2026-W31,2026-08,"FACEBOOK, INSTAGRAM, AUDIENCE_NETWORK, MESSENGER, WHATSAPP, THREADS",True,True,True,True,True,True,Brand/Category Page,True,False,False,2026-08-03,2026-07-23 07:00:00,2026-08-03 15:37:17.103942,11
1287502156649381,1766917031114368,True,2026-07-23 07:00:00,2026-08-02 07:00:00,Chemist Warehouse,Chemist Warehouse,Baby Love at Chemist Warehouse,Shop the Bluey Baby Love range at Chemist Warehouse.,Shop now,VIDEO,https://www.chemistwarehouse.com.au/shop-online/babylove?utm_source=facebook&utm_medium=social&utm_campaign=au_cw_oa_facebook_social_unicharmaustralasiaptyltd_babylove_20_jul26_100690-boosting_video&utm_term=traffic&utm_content=video_social-video,www.chemistwarehouse.com.au,/shop-online/babylove,facebook,social,au_cw_oa_facebook_social_unicharmaustralasiaptyltd_babylove_20_jul26_100690-boosting_video,20,traffic,video_social-video,O&O,Unicharmaustralasiaptyltd,Babylove,jul26,video,,,,,,"['FACEBOOK', 'INSTAGRAM', 'WHATSAPP']",au,cw,facebook,social,2026-W31,2026-08,"FACEBOOK, INSTAGRAM, WHATSAPP",True,True,False,False,False,True,Brand/Category Page,True,True,False,2026-08-03,2026-07-23 07:00:00,2026-08-03 15:37:17.103942,11
1576905480541953,,True,2026-07-23 07:00:00,2026-08-02 07:00:00,Chemist Warehouse,Chemist Warehouse,{{product.name}},{{product.brand}},Shop now,DCO,https://www.chemistwarehouse.com.au/shop-online/705630/billie?utm_source=facebook&utm_medium=social&utm_content=Catalogue&utm_campaign=au_cw_oa_facebook_social_edgewellpersonalcareaustralia_billie_259_2026_bau_Dynamic&utm_term=Dynamic,www.chemistwarehouse.com.au,/shop-online/705630/billie,facebook,social,au_cw_oa_facebook_social_edgewellpersonalcareaustralia_billie_259_2026_bau_Dynamic,259,Dynamic,Catalogue,O&O,Edgewellpersonalcareaustralia,Billie,2026,dynamic,New Billie Malibu range,Shop the Billie Malibu Kit and Refills at Chemist Warehouse.,Shop Now,,https://video.fpss5-1.fna.fbcdn.net/o1/v/t2/f2/m366/AQPZxxyiBtlTT6aXI52Vr2T2je3ia3n-zdKJDWETJLaiWM9upWcs9siQqHcyidmY2gyKag9-ZnPmtfFvkDG_qCU5VjEtIQ4G9kizdL5UEO0bBg.mp4?_nc_cat=111&_nc_oc=AdqI5au4T8UoWJmzGn9wmZGpND3twnkaDtqoOzMnHwC8bVTp6n8YsIx7VYIuZ7bbRvo&_nc_sid=b66105&_nc_ht=video.fpss5-1.fna.fbcdn.net&_nc_ohc=JYR9zd9pHy8Q7kNvwHIACqu&efg=eyJ2ZW5jb2RlX3RhZyI6Inhwdl9wcm9ncmVzc2l2ZS5WSV9VU0VDQVNFX1BST0RVQ1RfVFlQRS4uQzMuNzIwLmRhc2hfaDI2NC1iYXNpYy1nZW4yXzcyMHAiLCJ4cHZfYXNzZXRfaWQiOjEwNjI2ODc5Mjk1NDE2NzUsImFzc2V0X2FnZV9kYXlzIjoxMiwidmlfdXNlY2FzZV9pZCI6MTA3OTksImR1cmF0aW9uX3MiOjQyLCJ1cmxnZW5fc291cmNlIjoid3d3In0%3D&ccb=17-1&vs=46feea14916d8404&_nc_vs=HBksFQIYRWZiX2VwaGVtZXJhbC9CNjQxRTM1Mjg2QUNGMjU3QkFBMERBMkNCOUYxMDVBQ19tdF8xX3ZpZGVvX2Rhc2hpbml0Lm1wNBUAAsgBEgAVAhhAZmJfcGVybWFuZW50LzVENEUyRjc5MjkxNTg5Q0ZDNDRBQkExQUZBQTU0MEIzX2F1ZGlvX2Rhc2hpbml0Lm1wNBUCAsgBEgAoABgAGwKIB3VzZV9vaWwBMRJwcm9ncmVzc2l2ZV9yZWNpcGUBMRUAACbWkOGIyqDjAxUCKAJDMywXQEUd0vGp--cYGWRhc2hfaDI2NC1iYXNpYy1nZW4yXzcyMHARAHUAZd6oAQA&_nc_gid=LlL5J_qo2mVKJvPiEcpVhw&_nc_ss=7f180&_nc_zt=28&oh=00_AQFaW4g2K0U3O5hd5m_YA06RKYqzyLxEAiKkywG7Z0hRcg&oe=6A757559,"['FACEBOOK', 'INSTAGRAM', 'AUDIENCE_NETWORK', 'MESSENGER', 'WHATSAPP', 'THREADS']",au,cw,facebook,social,2026-W31,2026-08,"FACEBOOK, INSTAGRAM, AUDIENCE_NETWORK, MESSENGER, WHATSAPP, THREADS",True,True,True,True,True,True,Brand/Category Page,True,False,False,2026-08-03,2026-07-23 07:00:00,2026-08-03 15:37:17.103942,11
1026337396672501,2042974603275394,True,2026-07-23 07:00:00,2026-08-02 07:00:00,Chemist Warehouse,Chemist Warehouse,{{product.name}},{{product.brand}},Shop now,DCO,https://www.chemistwarehouse.com.au/shop-online/1469/elucent?utm_source=facebook&utm_medium=social&utm_campaign=au_cw_oa_facebook_social_egopharmaceuticalsptyltd_elucent_665_jul25_100698-oa_video&utm_term=traffic&utm_content=video_video,www.chemistwarehouse.com.au,/shop-online/1469/elucent,facebook,social,au_cw_oa_facebook_social_egopharmaceuticalsptyltd_elucent_665_jul25_100698-oa_video,665,traffic,video_video,O&O,Egopharmaceuticalsptyltd,Elucent,jul25,video,Elucent Bright Plus Balance,40% off RRP Elucent moisturisers. Shop now at Chemist Warehouse!,Shop Now,,https://video.fpss5-1.fna.fbcdn.net/o1/v/t2/f2/m366/AQOOQwGBTJi__JUY5B-XARiMRrMZ1kLN15bkvUQE9DLfRRY45meUe_9Q2rsTfxFr8gD-A2q0XEwaZ9vDWso-nj0BeoyVUKKujOfaFToGXj9pGg.mp4?_nc_cat=101&_nc_oc=AdryzkVOnIF9BANDmQ6t5g79ezHEMDAOB27Vl5Le6krjY2JPavnGSD1k_Kjj6szKSX0&_nc_sid=b66105&_nc_ht=video.fpss5-1.fna.fbcdn.net&_nc_ohc=E71_Dri1eo4Q7kNvwGsskue&efg=eyJ2ZW5jb2RlX3RhZyI6Inhwdl9wcm9ncmVzc2l2ZS5WSV9VU0VDQVNFX1BST0RVQ1RfVFlQRS4uQzMuNzIwLmRhc2hfaDI2NC1iYXNpYy1nZW4yXzcyMHAiLCJ4cHZfYXNzZXRfaWQiOjEwMDg1OTk0ODIxNjcxNzcsImFzc2V0X2FnZV9kYXlzIjoxMCwidmlfdXNlY2FzZV9pZCI6MTA3OTksImR1cmF0aW9uX3MiOjQ0LCJ1cmxnZW5fc291cmNlIjoid3d3In0%3D&ccb=17-1&vs=cfa8a9acd0ba7f61&_nc_vs=HBksFQIYRWZiX2VwaGVtZXJhbC82NjRGMzk0NTVDNDRBN0E0NTk5MTFBMUZDMkRBQzk5Rl9tdF8xX3ZpZGVvX2Rhc2hpbml0Lm1wNBUAAsgBEgAVAhhAZmJfcGVybWFuZW50L0E0NEZEN0ExMEUzREREOUMxN0ZBM0ZEN0Y0N0YzOEI4X2F1ZGlvX2Rhc2hpbml0Lm1wNBUCAsgBEgAoABgAGwKIB3VzZV9vaWwBMRJwcm9ncmVzc2l2ZV9yZWNpcGUBMRUAACaSvtfdm9TKAxUCKAJDMywXQEYd0vGp--cYGWRhc2hfaDI2NC1iYXNpYy1nZW4yXzcyMHARAHUAZd6oAQA&_nc_gid=YtBF-XvrGJN3hGpmZNuZ_w&_nc_ss=7f180&_nc_zt=28&oh=00_AQGJalJJITs8RLnPYyJ1yczX8uWMzxfCT8VLdGDzGg0k5Q&oe=6A759223,"['FACEBOOK', 'INSTAGRAM', 'AUDIENCE_NETWORK', 'MESSENGER', 'WHATSAPP', 'THREADS']",au,cw,facebook,social,2026-W31,2026-08,"FACEBOOK, INSTAGRAM, AUDIENCE_NETWORK, MESSENGER, WHATSAPP, THREADS",True,True,True,True,True,True,Brand/Category Page,True,False,False,2026-08-03,2026-07-23 07:00:00,2026-08-03 15:37:17.103942,11
1038595572357530,1534618058401827,True,2026-07-28 07:00:00,2026-08-02 07:00:00,Chemist Warehouse,Chemist Warehouse,{{product.name}},{{product.brand}},Shop now,DCO,https://www.chemistwarehouse.com.au/shop-online/rimmel-slip-sticks?utm_source=facebook&utm_medium=social&utm_campaign=au_cw_oa_facebook_social_cotyconsumerbeauty_rimmel_648_july26_100675-slipsticks_video-image&utm_term=traffic&utm_content=video-image_influencer,www.chemistwarehouse.com.au,/shop-online/rimmel-slip-sticks,facebook,social,au_cw_oa_facebook_social_cotyconsumerbeauty_rimmel_648_july26_100675-slipsticks_video-image,648,traffic,video-image_influencer,O&O,Cotyconsumerbeauty,Rimmel,july26,video-image,Let it slip,Next‑gen gloss. Zero stick. Pure slip.​ Meet the NEW Oh My Gloss! Slip Stick 💋 Shop exclusively at Chemist Warehouse,Shop Now,,https://video.fpss5-1.fna.fbcdn.net/o1/v/t2/f2/m366/AQPbSNJ_w8nDlzhTcmbAfO6Y0NGwQQqBiIKTXZL709FPxUS03vJn1vmWiKFr8im4sBPS78uwLo0KdFi8OVZZhp3G7YVTIjdNqeTTJcnvgScbKQ.mp4?_nc_cat=104&_nc_oc=Adr_e6H51fvNyvsDYDYn8kF0axOyndN6LQeDtESyS-aX8S7reErzakM0lhCVxIwL5t4&_nc_sid=b66105&_nc_ht=video.fpss5-1.fna.fbcdn.net&_nc_ohc=z9O0oWmFMCEQ7kNvwEmXksg&efg=eyJ2ZW5jb2RlX3RhZyI6Inhwdl9wcm9ncmVzc2l2ZS5WSV9VU0VDQVNFX1BST0RVQ1RfVFlQRS4uQzMuNzIwLmRhc2hfaDI2NC1iYXNpYy1nZW4yXzcyMHAiLCJ4cHZfYXNzZXRfaWQiOjEwMTcxMjg5NjQ1NjAyNjMsImFzc2V0X2FnZV9kYXlzIjo5LCJ2aV91c2VjYXNlX2lkIjoxMDc5OSwiZHVyYXRpb25fcyI6NTksInVybGdlbl9zb3VyY2UiOiJ3d3cifQ%3D%3D&ccb=17-1&vs=dc07b0341dce505e&_nc_vs=HBksFQIYRWZiX2VwaGVtZXJhbC9BNjRBOTVGRkU1QTdBMEZFODQzMDlCQTUxMzVFMkZCQV9tdF8xX3ZpZGVvX2Rhc2hpbml0Lm1wNBUAAsgBEgAVAhhAZmJfcGVybWFuZW50L0Y5NEUwNTQ0NENGMDQwQjdENkZFMDYwNjBGMzI2NTg4X2F1ZGlvX2Rhc2hpbml0Lm1wNBUCAsgBEgAoABgAGwKIB3VzZV9vaWwBMRJwcm9ncmVzc2l2ZV9yZWNpcGUBMRUAACaO1vyp2cTOAxUCKAJDMywXQE3zMzMzMzMYGWRhc2hfaDI2NC1iYXNpYy1nZW4yXzcyMHARAHUAZd6oAQA&_nc_gid=LlL5J_qo2mVKJvPiEcpVhw&_nc_ss=7f180&_nc_zt=28&oh=00_AQEqKMv0mJ83Jfor608OBDQEc_-FGXUIPFM0wg2y8WoUgw&oe=6A758D10,"['FACEBOOK', 'INSTAGRAM', 'AUDIENCE_NETWORK', 'MESSENGER', 'WHATSAPP', 'THREADS']",au,cw,facebook,social,2026-W31,2026-08,"FACEBOOK, INSTAGRAM, AUDIENCE_NETWORK, MESSENGER, WHATSAPP, THREADS",True,True,True,True,True,True,Brand/Category Page,True,False,False,2026-08-03,2026-07-28 07:00:00,2026-08-03 15:37:17.103942,6
1578799897303079,,True,2026-07-23 07:00:00,2026-08-02 07:00:00,Chemist Warehouse,Chemist Warehouse,{{product.name}},{{product.brand}},See details,DCO,https://www.chemistwarehouse.com.au/shop-online/1873/neutrogena?utm_source=facebook&utm_medium=social&utm_campaign=au_cw_oa_facebook_social_johnsonjohnsonpacific_neutrogena_665_jul25_100649-oa_video-image&utm_term=traffic&utm_content=video-image_video-image,www.chemistwarehouse.com.au,/shop-online/1873/neutrogena,facebook,social,au_cw_oa_facebook_social_johnsonjohnsonpacific_neutrogena_665_jul25_100649-oa_video-image,665,traffic,video-image_video-image,O&O,Johnsonjohnsonpacific,Neutrogena,jul25,video-image,"Stronger Collagen, Glowing Skin",Shop the NEW Neutrogena Collagen Bank 15% Vitamin C serum today at Chemist Warehouse,See Details,https://scontent.fpss5-1.fna.fbcdn.net/v/t39.35426-6/751738249_2203498260504204_6740552997519968384_n.jpg?_nc_cat=111&ccb=1-7&_nc_sid=c53f8f&_nc_ohc=Aztsbbn66IsQ7kNvwF-ZWmc&_nc_oc=Adq-tI1K6i4efowc1RwtgfAqYGw3qmlTWZS7f4_5BTIy3oOwYk9fSgkYAe61BvAm5c0&_nc_zt=14&_nc_ht=scontent.fpss5-1.fna&_nc_gid=YtBF-XvrGJN3hGpmZNuZ_w&_nc_ss=7f180&oh=00_AQG4BJaqQm9_rZc78SSZ_1Lb-FCPV5_2XYbfLTvP1ElrxA&oe=6A75A2EB,,"['FACEBOOK', 'INSTAGRAM', 'AUDIENCE_NETWORK', 'MESSENGER', 'WHATSAPP', 'THREADS']",au,cw,facebook,social,2026-W31,2026-08,"FACEBOOK, INSTAGRAM, AUDIENCE_NETWORK, MESSENGER, WHATSAPP, THREADS",True,True,True,True,True,True,Brand/Category Page,True,False,False,2026-08-03,2026-07-23 07:00:00,2026-08-03 15:37:17.103942,11
1407188301253781,,True,2026-07-23 07:00:00,2026-08-02 07:00:00,Chemist Warehouse,Chemist Warehouse,{{product.name}},{{product.brand}},See details,DCO,https://www.chemistwarehouse.com.au/shop-online/1873/neutrogena?utm_source=facebook&utm_medium=social&utm_campaign=au_cw_oa_facebook_social_johnsonjohnsonpacific_neutrogena_665_jul25_100649-oa_video-image&utm_term=traffic&utm_content=video-image_video-image,www.chemistwarehouse.com.au,/shop-online/1873/neutrogena,facebook,social,au_cw_oa_facebook_social_johnsonjohnsonpacific_neutrogena_665_jul25_100649-oa_video-image,665,traffic,video-image_video-image,O&O,Johnsonjohnsonpacific,Neutrogena,jul25,video-image,"Stronger Collagen, Glowing Skin",Shop the NEW Neutrogena Collagen Bank 15% Vitamin C serum today at Chemist Warehouse,See Details,https://scontent.fpss5-1.fna.fbcdn.net/v/t39.35426-6/753282369_1744592463250319_2113903896625104523_n.jpg?_nc_cat=109&ccb=1-7&_nc_sid=c53f8f&_nc_ohc=iVsgStzZv1kQ7kNvwHMhbCk&_nc_oc=AdoII1otR4vwZ2M4MfN40mql3rmrPgmbrMdmqR8jStoD_Y38AkTti59DQJrQ3UWzS3U&_nc_zt=14&_nc_ht=scontent.fpss5-1.fna&_nc_gid=YtBF-XvrGJN3hGpmZNuZ_w&_nc_ss=7f180&oh=00_AQEA3WbOeCDYVg_U0mcmQ0eWgK02CFSdkz_uXI3jEz0N9A&oe=6A759ACA,,"['FACEBOOK', 'INSTAGRAM', 'AUDIENCE_NETWORK', 'MESSENGER', 'WHATSAPP', 'THREADS']",au,cw,facebook,social,2026-W31,2026-08,"FACEBOOK, INSTAGRAM, AUDIENCE_NETWORK, MESSENGER, WHATSAPP, THREADS",True,True,True,True,True,True,Brand/Category Page,True,False,False,2026-08-03,2026-07-23 07:00:00,2026-08-03 15:37:17.103942,11
1651809949799320,,True,2026-07-23 07:00:00,2026-08-01 07:00:00,Chemist Warehouse,Chemist Warehouse,{{product.name}},{{product.brand}},See details,DCO,https://www.chemistwarehouse.com.au/shop-online/1873/neutrogena?utm_source=facebook&utm_medium=social&utm_campaign=au_cw_oa_facebook_social_johnsonjohnsonpacific_neutrogena_665_jul25_100649-oa_video-image&utm_term=traffic&utm_content=video-image_video-image,www.chemistwarehouse.com.au,/shop-online/1873/neutrogena,facebook,social,au_cw_oa_facebook_social_johnsonjohnsonpacific_neutrogena_665_jul25_100649-oa_video-image,665,traffic,video-image_video-image,O&O,Johnsonjohnsonpacific,Neutrogena,jul25,video-image,"Stronger Collagen, Glowing Skin",Shop the NEW Neutrogena Collagen Bank 15% Vitamin C serum today at Chemist Warehouse,See Details,,https://video.fpss5-1.fna.fbcdn.net/o1/v/t2/f2/m366/AQPjLyvJPxnWz2N7MTfbaW4YBu4nKGz4pkorwegfg6Qt9R5efAQvsC-aXAVl3voLlCdLJDaAagldoY61ufVKUQKbQg-x7Vac6xGzsRhuXCV9rg.mp4?_nc_cat=102&_nc_oc=AdqElPTlzmlgd3G3kNkYrEb52KxJzGowWoiVpxQ4KZfNj_gq7ttqdgJY0aaGlOF0BGQ&_nc_sid=b66105&_nc_ht=video.fpss5-1.fna.fbcdn.net&_nc_ohc=U9PcFBHLN-IQ7kNvwFbnOc3&efg=eyJ2ZW5jb2RlX3RhZyI6Inhwdl9wcm9ncmVzc2l2ZS5WSV9VU0VDQVNFX1BST0RVQ1RfVFlQRS4uQzMuNzIwLmRhc2hfaDI2NC1iYXNpYy1nZW4yXzcyMHAiLCJ4cHZfYXNzZXRfaWQiOjczMjIxMDIyNjY1Mzc2OSwiYXNzZXRfYWdlX2RheXMiOjEwLCJ2aV91c2VjYXNlX2lkIjoxMDc5OSwiZHVyYXRpb25fcyI6MTUsInVybGdlbl9zb3VyY2UiOiJ3d3cifQ%3D%3D&ccb=17-1&vs=932e187c766f9415&_nc_vs=HBksFQIYRWZiX2VwaGVtZXJhbC85MDQ5QkE1NjRFMDgxQzE0NTg1NjNBQjE4QTA4NkRCMV9tdF8xX3ZpZGVvX2Rhc2hpbml0Lm1wNBUAAsgBEgAVAhhAZmJfcGVybWFuZW50L0VGNDZGNzcxQkM1OTBFQThERjM0NDg0NjYyNUQxMzhEX2F1ZGlvX2Rhc2hpbml0Lm1wNBUCAsgBEgAoABgAGwKIB3VzZV9vaWwBMRJwcm9ncmVzc2l2ZV9yZWNpcGUBMRUAACaSqa-nn_zMAhUCKAJDMywXQC4HrhR64UgYGWRhc2hfaDI2NC1iYXNpYy1nZW4yXzcyMHARAHUAZd6oAQA&_nc_gid=YtBF-XvrGJN3hGpmZNuZ_w&_nc_ss=7f180&_nc_zt=28&oh=00_AQHAscc7kSjpMk44DHiCaFExiYc8PdLlzpXzNJ5k01Ih2Q&oe=6A758152,"['FACEBOOK', 'INSTAGRAM', 'AUDIENCE_NETWORK', 'MESSENGER', 'WHATSAPP', 'THREADS']",au,cw,facebook,social,2026-W31,2026-08,"FACEBOOK, INSTAGRAM, AUDIENCE_NETWORK, MESSENGER, WHATSAPP, THREADS",True,True,True,True,True,True,Brand/Category Page,True,False,False,2026-08-03,2026-07-23 07:00:00,2026-08-03 15:37:17.103942,11
1060397516553288,1438786653760516,True,2026-07-22 07:00:00,2026-08-02 07:00:00,Chemist Warehouse,Chemist Warehouse,Nutritionally support memory,Souvenaid slows memory & cognitive decline by 60% in an early stage of Alzheimer's disease when taken daily for 3 years.,Learn more,IMAGE,https://fb.com/canvas_doc/1898032997589934,fb.com,/canvas_doc/1898032997589934,,,,,,,Not Specified,,,,,,,,,,"['FACEBOOK', 'INSTAGRAM']",,,,,2026-W31,2026-08,"FACEBOOK, INSTAGRAM",True,True,False,False,False,False,Internal/App Page,True,False,False,2026-08-03,2026-07-22 07:00:00,2026-08-03 15:37:17.103942,12
2102704073611708,,True,2026-07-23 07:00:00,2026-08-01 07:00:00,Chemist Warehouse,Chemist Warehouse,{{product.name}},{{product.brand}},See details,DCO,https://www.chemistwarehouse.com.au/shop-online/1873/neutrogena?utm_source=facebook&utm_medium=social&utm_campaign=au_cw_oa_facebook_social_johnsonjohnsonpacific_neutrogena_665_jul25_100649-oa_video-image&utm_term=traffic&utm_content=video-image_video-image,www.chemistwarehouse.com.au,/shop-online/1873/neutrogena,facebook,social,au_cw_oa_facebook_social_johnsonjohnsonpacific_neutrogena_665_jul25_100649-oa_video-image,665,traffic,video-image_video-image,O&O,Johnsonjohnsonpacific,Neutrogena,jul25,video-image,"Stronger Collagen, Glowing Skin",Shop the NEW Neutrogena Collagen Bank 15% Vitamin C serum today at Chemist Warehouse,See Details,https://scontent.fpss5-1.fna.fbcdn.net/v/t39.35426-6/751738249_2203498260504204_6740552997519968384_n.jpg?_nc_cat=111&ccb=1-7&_nc_sid=c53f8f&_nc_ohc=Aztsbbn66IsQ7kNvwF-ZWmc&_nc_oc=Adq-tI1K6i4efowc1RwtgfAqYGw3qmlTWZS7f4_5BTIy3oOwYk9fSgkYAe61BvAm5c0&_nc_zt=14&_nc_ht=scontent.fpss5-1.fna&_nc_gid=YtBF-XvrGJN3hGpmZNuZ_w&_nc_ss=7f180&oh=00_AQG4BJaqQm9_rZc78SSZ_1Lb-FCPV5_2XYbfLTvP1ElrxA&oe=6A75A2EB,,"['FACEBOOK', 'INSTAGRAM', 'AUDIENCE_NETWORK', 'MESSENGER', 'WHATSAPP', 'THREADS']",au,cw,facebook,social,2026-W31,2026-08,"FACEBOOK, INSTAGRAM, AUDIENCE_NETWORK, MESSENGER, WHATSAPP, THREADS",True,True,True,True,True,True,Brand/Category Page,True,False,False,2026-08-03,2026-07-23 07:00:00,2026-08-03 15:37:17.103942,11
1396400519036306,,True,2026-07-23 07:00:00,2026-07-31 07:00:00,Chemist Warehouse,Chemist Warehouse,{{product.name}},{{product.brand}},See details,DCO,https://www.chemistwarehouse.com.au/shop-online/1873/neutrogena?utm_source=facebook&utm_medium=social&utm_campaign=au_cw_oa_facebook_social_johnsonjohnsonpacific_neutrogena_665_jul25_100649-oa_video-image&utm_term=traffic&utm_content=video-image_video-image,www.chemistwarehouse.com.au,/shop-online/1873/neutrogena,facebook,social,au_cw_oa_facebook_social_johnsonjohnsonpacific_neutrogena_665_jul25_100649-oa_video-image,665,traffic,video-image_video-image,O&O,Johnsonjohnsonpacific,Neutrogena,jul25,video-image,"Stronger Collagen, Glowing Skin",Shop the NEW Neutrogena Collagen Bank 15% Vitamin C serum today at Chemist Warehouse,See Details,,https://video.fpss5-1.fna.fbcdn.net/o1/v/t2/f2/m366/AQPjLyvJPxnWz2N7MTfbaW4YBu4nKGz4pkorwegfg6Qt9R5efAQvsC-aXAVl3voLlCdLJDaAagldoY61ufVKUQKbQg-x7Vac6xGzsRhuXCV9rg.mp4?_nc_cat=102&_nc_oc=AdqElPTlzmlgd3G3kNkYrEb52KxJzGowWoiVpxQ4KZfNj_gq7ttqdgJY0aaGlOF0BGQ&_nc_sid=b66105&_nc_ht=video.fpss5-1.fna.fbcdn.net&_nc_ohc=U9PcFBHLN-IQ7kNvwFbnOc3&efg=eyJ2ZW5jb2RlX3RhZyI6Inhwdl9wcm9ncmVzc2l2ZS5WSV9VU0VDQVNFX1BST0RVQ1RfVFlQRS4uQzMuNzIwLmRhc2hfaDI2NC1iYXNpYy1nZW4yXzcyMHAiLCJ4cHZfYXNzZXRfaWQiOjczMjIxMDIyNjY1Mzc2OSwiYXNzZXRfYWdlX2RheXMiOjEwLCJ2aV91c2VjYXNlX2lkIjoxMDc5OSwiZHVyYXRpb25fcyI6MTUsInVybGdlbl9zb3VyY2UiOiJ3d3cifQ%3D%3D&ccb=17-1&vs=932e187c766f9415&_nc_vs=HBksFQIYRWZiX2VwaGVtZXJhbC85MDQ5QkE1NjRFMDgxQzE0NTg1NjNBQjE4QTA4NkRCMV9tdF8xX3ZpZGVvX2Rhc2hpbml0Lm1wNBUAAsgBEgAVAhhAZmJfcGVybWFuZW50L0VGNDZGNzcxQkM1OTBFQThERjM0NDg0NjYyNUQxMzhEX2F1ZGlvX2Rhc2hpbml0Lm1wNBUCAsgBEgAoABgAGwKIB3VzZV9vaWwBMRJwcm9ncmVzc2l2ZV9yZWNpcGUBMRUAACaSqa-nn_zMAhUCKAJDMywXQC4HrhR64UgYGWRhc2hfaDI2NC1iYXNpYy1nZW4yXzcyMHARAHUAZd6oAQA&_nc_gid=YtBF-XvrGJN3hGpmZNuZ_w&_nc_ss=7f180&_nc_zt=28&oh=00_AQHAscc7kSjpMk44DHiCaFExiYc8PdLlzpXzNJ5k01Ih2Q&oe=6A758152,"['FACEBOOK', 'INSTAGRAM', 'AUDIENCE_NETWORK', 'MESSENGER', 'WHATSAPP', 'THREADS']",au,cw,facebook,social,2026-W31,2026-08,"FACEBOOK, INSTAGRAM, AUDIENCE_NETWORK, MESSENGER, WHATSAPP, THREADS",True,True,True,True,True,True,Brand/Category Page,True,False,False,2026-08-03,2026-07-23 07:00:00,2026-08-03 15:37:17.103942,11
2122878571935420,,True,2026-07-22 07:00:00,2026-08-02 07:00:00,Chemist Warehouse,Chemist Warehouse,Shop Hero Mighty Patch now at Chemist Warehouse!,Gently absorbs pimple gunk overnight. Don’t pop it. Mighty Patch it!,Shop now,VIDEO,https://www.chemistwarehouse.com.au/buy/131247/hero-mighty-patch-the-original-pimple-patch-24pk,www.chemistwarehouse.com.au,/buy/131247/hero-mighty-patch-the-original-pimple-patch-24pk,,,,,,,Not Specified,,,,,,,,,,"['FACEBOOK', 'INSTAGRAM', 'MESSENGER', 'WHATSAPP']",,,,,2026-W31,2026-08,"FACEBOOK, INSTAGRAM, MESSENGER, WHATSAPP",True,True,False,True,False,True,SKU Product,True,True,False,2026-08-03,2026-07-22 07:00:00,2026-08-03 15:37:17.103942,12
27774767912131947,2112238170173602,True,2026-07-22 07:00:00,2026-08-02 07:00:00,Chemist Warehouse,Chemist Warehouse,Shop Inner Health now at Chemist Warehouse!,Ready to own the morning? Start strong with Inner Health Plus Probiotic capsules.,Shop now,IMAGE,https://www.chemistwarehouse.com.au/buy/92655/inner-health-plus-double-strength-probiotic-60-capsules,www.chemistwarehouse.com.au,/buy/92655/inner-health-plus-double-strength-probiotic-60-capsules,,,,,,,Not Specified,,,,,,,,,,"['FACEBOOK', 'INSTAGRAM', 'THREADS']",,,,,2026-W31,2026-08,"FACEBOOK, INSTAGRAM, THREADS",True,True,False,False,True,False,SKU Product,True,True,False,2026-08-03,2026-07-22 07:00:00,2026-08-03 15:37:17.103942,12
1765403541120671,910419654802363,True,2026-07-22 07:00:00,2026-08-02 07:00:00,Chemist Warehouse,Chemist Warehouse,Support general health and wellbeing of women over 50,Shop Swisse Ultivite Women’s 50+ Multivitamin  at Chemist Warehouse.,Shop now,IMAGE,https://www.chemistwarehouse.com.au/buy/116797/swisse-womens-multivitamin-50-90-tablets,www.chemistwarehouse.com.au,/buy/116797/swisse-womens-multivitamin-50-90-tablets,,,,,,,Not Specified,,,,,,,,,,"['FACEBOOK', 'INSTAGRAM', 'THREADS']",,,,,2026-W31,2026-08,"FACEBOOK, INSTAGRAM, THREADS",True,True,False,False,True,False,SKU Product,True,True,False,2026-08-03,2026-07-22 07:00:00,2026-08-03 15:37:17.103942,12
1557179842624880,872539928917008,True,2026-07-22 07:00:00,2026-08-02 07:00:00,Chemist Warehouse,Chemist Warehouse,Shop Hero Mighty Patch now at Chemist Warehouse!,Gently absorbs pimple gunk overnight. Don’t pop it. Mighty Patch it!,Shop now,IMAGE,https://www.chemistwarehouse.com.au/buy/131247/hero-mighty-patch-the-original-pimple-patch-24pk,www.chemistwarehouse.com.au,/buy/131247/hero-mighty-patch-the-original-pimple-patch-24pk,,,,,,,Not Specified,,,,,,,,,,"['FACEBOOK', 'INSTAGRAM', 'THREADS']",,,,,2026-W31,2026-08,"FACEBOOK, INSTAGRAM, THREADS",True,True,False,False,True,False,SKU Product,True,True,False,2026-08-03,2026-07-22 07:00:00,2026-08-03 15:37:17.103942,12
1649115727221934,1581463920175426,True,2026-07-22 07:00:00,2026-08-02 07:00:00,Chemist Warehouse,Chemist Warehouse,Shop Bioderma now at Chemist Warehouse!,Cleansers leaving your skin tight? Choose a formula designed for sensitive skin.,Shop now,IMAGE,https://www.chemistwarehouse.com.au/buy/81716/bioderma-sensibio-h2o-soothing-micellar-water-cleanser-500ml,www.chemistwarehouse.com.au,/buy/81716/bioderma-sensibio-h2o-soothing-micellar-water-cleanser-500ml,,,,,,,Not Specified,,,,,,,,,,"['FACEBOOK', 'INSTAGRAM', 'THREADS']",,,,,2026-W31,2026-08,"FACEBOOK, INSTAGRAM, THREADS",True,True,False,False,True,False,SKU Product,True,True,False,2026-08-03,2026-07-22 07:00:00,2026-08-03 15:37:17.103942,12
1555670342602555,,True,2026-07-27 07:00:00,2026-07-30 07:00:00,Chemist Warehouse,Chemist Warehouse,Your skincare capsule.,"100% Certified Organic Rosehip Oil - the foundation of your skincare capsule.
 ✨ Supports skin barrier 
 ✨ Nourishes and softens skin
 ✨ Helps improve the look of scars and stretch marks",Shop now,IMAGE,https://fb.com/canvas_doc/1366690284907869,fb.com,/canvas_doc/1366690284907869,,,,,,,Not Specified,,,,,,,,,,"['FACEBOOK', 'INSTAGRAM', 'AUDIENCE_NETWORK', 'MESSENGER', 'THREADS']",,,,,2026-W31,2026-08,"FACEBOOK, INSTAGRAM, AUDIENCE_NETWORK, MESSENGER, THREADS",True,True,True,True,True,False,Internal/App Page,True,False,False,2026-08-03,2026-07-27 07:00:00,2026-08-03 15:37:17.103942,7
1594596992003602,2691844607889354,True,2026-07-23 07:00:00,2026-08-02 07:00:00,Chemist Warehouse,Chemist Warehouse,{{product.name}},{{product.brand}},Shop now,DCO,https://www.chemistwarehouse.com.au/buy/91951/rite-aid-nursing-pads-72-pack?utm_source=facebook&utm_medium=social&utm_campaign=au_cw_oa_facebook_social_tolifetechnologiesptyltd_riteaid_20_jul26_100684-boosting_image&utm_term=traffic&utm_content=image_image-ucnp,www.chemistwarehouse.com.au,/buy/91951/rite-aid-nursing-pads-72-pack,facebook,social,au_cw_oa_facebook_social_tolifetechnologiesptyltd_riteaid_20_jul26_100684-boosting_image,20,traffic,image_image-ucnp,O&O,Tolifetechnologiesptyltd,Riteaid,jul26,image,Available at Chemist Warehouse,"Ultra-Comfort Nursing Pads Unexpected leaks between feeds? Stay dry, soft and protected. Shop now at Chemist Warehouse.",Shop Now,https://scontent.fpss5-1.fna.fbcdn.net/v/t39.35426-6/754143342_2540274866435572_3153859387099657942_n.jpg?_nc_cat=105&ccb=1-7&_nc_sid=c53f8f&_nc_ohc=x1gb-EzOhQoQ7kNvwECBRna&_nc_oc=AdoNlhqgIXUt0rfvUyynPZCtQpC_Ot-BvXPGO9ctu2Hc2uNA-f0wqneAAJRWyX7B-jU&_nc_zt=14&_nc_ht=scontent.fpss5-1.fna&_nc_gid=LlL5J_qo2mVKJvPiEcpVhw&_nc_ss=7f180&oh=00_AQE1thGFFQbo8ZFe6Gdvo8FqOfI-SGwtV0_xHJ4QVk67sQ&oe=6A75AB28,,"['FACEBOOK', 'INSTAGRAM', 'MESSENGER']",au,cw,facebook,social,2026-W31,2026-08,"FACEBOOK, INSTAGRAM, MESSENGER",True,True,False,True,False,False,SKU Product,True,False,False,2026-08-03,2026-07-23 07:00:00,2026-08-03 15:37:17.103942,11
1337672485237664,,True,2026-07-28 07:00:00,2026-08-01 07:00:00,Chemist Warehouse,Chemist Warehouse,The icon.,Your skincare capsule. A single‑ingredient formula designed to support everyday skin health.,Shop now,IMAGE,https://fb.com/canvas_doc/1806580277362645,fb.com,/canvas_doc/1806580277362645,,,,,,,Not Specified,,,,,,,,,,"['FACEBOOK', 'INSTAGRAM', 'AUDIENCE_NETWORK', 'MESSENGER', 'THREADS']",,,,,2026-W31,2026-08,"FACEBOOK, INSTAGRAM, AUDIENCE_NETWORK, MESSENGER, THREADS",True,True,True,True,True,False,Internal/App Page,True,False,False,2026-08-03,2026-07-28 07:00:00,2026-08-03 15:37:17.103942,6
1688734239089786,1464370992404196,True,2026-07-22 07:00:00,2026-08-02 07:00:00,Chemist Warehouse,Chemist Warehouse,{{product.name}},{{product.brand}},Shop now,DCO,https://www.chemistwarehouse.com.au/competitions/win-an-audif1-experience-with-gillette?utm_source=facebook&utm_medium=social&utm_campaign=au_cw_oa_facebook_social_proctergambleaustralia_gillette_259_july26_100542-audi_video&utm_term=traffic&utm_content=video_brand,www.chemistwarehouse.com.au,/competitions/win-an-audif1-experience-with-gillette,facebook,social,au_cw_oa_facebook_social_proctergambleaustralia_gillette_259_july26_100542-audi_video,259,traffic,video_brand,O&O,Proctergambleaustralia,Gillette,july26,video,Gillette x Audi Revolut ®,"WIN a Audi Revolut F1 Team SINGAPORE EXPERIENCE with Gillette, Venus and Braun. T&Cs Apply",Shop Now,,https://video.fpss5-1.fna.fbcdn.net/o1/v/t2/f2/m366/AQNOJDmB-AA7spHW7hRnbjsgKg_dE2IlochkXQalHWpNoNgbLPZwWujILPDlleLnSCJpXXQbhi4oIKkLk5ODD7i91rHkiynWfYzmwohucBsh3Q.mp4?_nc_cat=104&_nc_oc=AdqU6j3Cl4g1pK9-r1Bk-8FTqPRZ_TQr_LVzXgbP2ZvqcAWOxBpTXJybyVEvAkebSh0&_nc_sid=b66105&_nc_ht=video.fpss5-1.fna.fbcdn.net&_nc_ohc=aSGgbcGaZhEQ7kNvwGUlAsR&efg=eyJ2ZW5jb2RlX3RhZyI6Inhwdl9wcm9ncmVzc2l2ZS5WSV9VU0VDQVNFX1BST0RVQ1RfVFlQRS4uQzMuNzIwLmRhc2hfaDI2NC1iYXNpYy1nZW4yXzcyMHAiLCJ4cHZfYXNzZXRfaWQiOjIxMTg5MzY2NzUzNTcwNDQsImFzc2V0X2FnZV9kYXlzIjoxMSwidmlfdXNlY2FzZV9pZCI6MTA3OTksImR1cmF0aW9uX3MiOjU1LCJ1cmxnZW5fc291cmNlIjoid3d3In0%3D&ccb=17-1&vs=9b4895dd23a98470&_nc_vs=HBksFQIYRWZiX2VwaGVtZXJhbC80NDQyOTdBQTQ4RDI1RUZDMjIxQTk3Q0VCRjFDQ0I4RF9tdF8xX3ZpZGVvX2Rhc2hpbml0Lm1wNBUAAsgBEgAVAhhAZmJfcGVybWFuZW50LzMxNDBGNkQzQUVGNDMwNkM4NEE5RUExRTE5M0IwNUJFX2F1ZGlvX2Rhc2hpbml0Lm1wNBUCAsgBEgAoABgAGwKIB3VzZV9vaWwBMRJwcm9ncmVzc2l2ZV9yZWNpcGUBMRUAACboxbC9rMrDBxUCKAJDMywXQEuIcrAgxJwYGWRhc2hfaDI2NC1iYXNpYy1nZW4yXzcyMHARAHUAZd6oAQA&_nc_gid=YtBF-XvrGJN3hGpmZNuZ_w&_nc_ss=7f180&_nc_zt=28&oh=00_AQFr3uMT9lmBI0du4qOFMay3rZre-jws2_nm28JUVnPW_g&oe=6A75A9C0,"['FACEBOOK', 'INSTAGRAM', 'AUDIENCE_NETWORK', 'MESSENGER', 'WHATSAPP', 'THREADS']",au,cw,facebook,social,2026-W31,2026-08,"FACEBOOK, INSTAGRAM, AUDIENCE_NETWORK, MESSENGER, WHATSAPP, THREADS",True,True,True,True,True,True,Other,True,False,False,2026-08-03,2026-07-22 07:00:00,2026-08-03 15:37:17.103942,12
1609594570767693,,True,2026-07-26 07:00:00,2026-08-02 07:00:00,Chemist Warehouse,Chemist Warehouse,One sold every 37 seconds.,"One ingredient. Guaranteed quality. 
 ✨100% Certified Organic Rosehip Oil - the foundation of your skincare capsule
 ✨Cold‑pressed
 ✨Batch tested for quality",Shop now,IMAGE,https://fb.com/canvas_doc/1672069607243342,fb.com,/canvas_doc/1672069607243342,,,,,,,Not Specified,,,,,,,,,,"['FACEBOOK', 'INSTAGRAM', 'AUDIENCE_NETWORK', 'MESSENGER', 'THREADS']",,,,,2026-W31,2026-08,"FACEBOOK, INSTAGRAM, AUDIENCE_NETWORK, MESSENGER, THREADS",True,True,True,True,True,False,Internal/App Page,True,False,False,2026-08-03,2026-07-26 07:00:00,2026-08-03 15:37:17.103942,8
2224057795038194,,True,2026-07-22 07:00:00,2026-08-02 07:00:00,Chemist Warehouse,Chemist Warehouse,{{product.name}},{{product.brand}},Shop now,DCO,https://www.chemistwarehouse.com.au/shop-online/610/berocca?utm_source=facebook&utm_medium=social&utm_campaign=au_cw_oa_facebook_social_bayeraustralialtd_berocca_81_jul25_100137-social_video-image&utm_term=traffic&utm_content=video-image_,www.chemistwarehouse.com.au,/shop-online/610/berocca,facebook,social,au_cw_oa_facebook_social_bayeraustralialtd_berocca_81_jul25_100137-social_video-image,81,traffic,video-image_,O&O,Bayeraustralialtd,Berocca,jul25,video-image,Shop Berocca now at Chemist Warehouse.,Shop Berocca Energy Effervescent Tablets now at Chemist Warehouse.,Shop Now,https://scontent.fpss5-1.fna.fbcdn.net/v/t39.35426-6/741481428_1696903218029558_905341802048032556_n.jpg?_nc_cat=106&ccb=1-7&_nc_sid=c53f8f&_nc_ohc=PUDHc2Cu1jYQ7kNvwFfxXAQ&_nc_oc=AdrN5buANe6E8HA8oDY3VsHpQrvvoTMdrmfHjMEy2CjganSTuk8DgElsOp6-SHzwMO8&_nc_zt=14&_nc_ht=scontent.fpss5-1.fna&_nc_gid=YtBF-XvrGJN3hGpmZNuZ_w&_nc_ss=7f180&oh=00_AQG_8iBtgSgKXXqgkYlVVZORqgJDvxX3bYTPuGHzbFSPWg&oe=6A75AAB7,,"['FACEBOOK', 'INSTAGRAM', 'AUDIENCE_NETWORK', 'MESSENGER', 'WHATSAPP', 'THREADS']",au,cw,facebook,social,2026-W31,2026-08,"FACEBOOK, INSTAGRAM, AUDIENCE_NETWORK, MESSENGER, WHATSAPP, THREADS",True,True,True,True,True,True,Brand/Category Page,True,False,False,2026-08-03,2026-07-22 07:00:00,2026-08-03 15:37:17.103942,12
999500272900822,,True,2026-07-22 07:00:00,2026-08-02 07:00:00,Chemist Warehouse,Chemist Warehouse,Shop now at Chemist Warehouse!,"Got a sweet tooth? Enjoy a low carb, low sugar, but still chocolatey treat with Atkins Endulge.",Shop now,VIDEO,https://www.chemistwarehouse.com.au/shop-online/2449/atkins?utm_source=facebook&utm_medium=social&utm_campaign=au_cw_oa_facebook_social_simplygoodfoodsaustraliaptyltd_atkins_1255_jul26_100651-oa_video-image&utm_term=traffic&utm_content=video-image_,www.chemistwarehouse.com.au,/shop-online/2449/atkins,facebook,social,au_cw_oa_facebook_social_simplygoodfoodsaustraliaptyltd_atkins_1255_jul26_100651-oa_video-image,1255,traffic,video-image_,O&O,Simplygoodfoodsaustraliaptyltd,Atkins,jul26,video-image,,,,,,"['FACEBOOK', 'INSTAGRAM', 'AUDIENCE_NETWORK', 'MESSENGER', 'WHATSAPP', 'THREADS']",au,cw,facebook,social,2026-W31,2026-08,"FACEBOOK, INSTAGRAM, AUDIENCE_NETWORK, MESSENGER, WHATSAPP, THREADS",True,True,True,True,True,True,Brand/Category Page,True,True,False,2026-08-03,2026-07-22 07:00:00,2026-08-03 15:37:17.103942,12
890230137435712,,True,2026-07-22 07:00:00,2026-08-02 07:00:00,Chemist Warehouse,Chemist Warehouse,{{product.name}},{{product.brand}},Shop now,DCO,https://www.chemistwarehouse.com.au/shop-online/610/berocca?utm_source=facebook&utm_medium=social&utm_campaign=au_cw_oa_facebook_social_bayeraustralialtd_berocca_81_jul26_100137-social_video-image&utm_term=traffic&utm_content=video-image_,www.chemistwarehouse.com.au,/shop-online/610/berocca,facebook,social,au_cw_oa_facebook_social_bayeraustralialtd_berocca_81_jul26_100137-social_video-image,81,traffic,video-image_,O&O,Bayeraustralialtd,Berocca,jul26,video-image,Shop Berocca now at Chemist Warehouse.,Shop Berocca Energy Effervescent Tablets now at Chemist Warehouse.,Shop Now,https://scontent.fpss5-1.fna.fbcdn.net/v/t39.35426-6/742531032_2210753303033279_8401194098924849989_n.jpg?_nc_cat=103&ccb=1-7&_nc_sid=c53f8f&_nc_ohc=7gBfEEfIfGQQ7kNvwH7rhyU&_nc_oc=AdoIy4E_pdapkY9mZWmXy1eFv9p75LEAXSUxYWG6354zVVqxgYYByJF2jNBTmqLU_rc&_nc_zt=14&_nc_ht=scontent.fpss5-1.fna&_nc_gid=YtBF-XvrGJN3hGpmZNuZ_w&_nc_ss=7f180&oh=00_AQEslnYPTPpl04Tn6fC5QWpWBU5AvES0WLabfxSnkDOSLA&oe=6A759871,,"['FACEBOOK', 'INSTAGRAM', 'AUDIENCE_NETWORK', 'MESSENGER', 'WHATSAPP', 'THREADS']",au,cw,facebook,social,2026-W31,2026-08,"FACEBOOK, INSTAGRAM, AUDIENCE_NETWORK, MESSENGER, WHATSAPP, THREADS",True,True,True,True,True,True,Brand/Category Page,True,False,False,2026-08-03,2026-07-22 07:00:00,2026-08-03 15:37:17.103942,12
866100109527412,,True,2026-07-22 07:00:00,2026-07-26 07:00:00,Chemist Warehouse,Chemist Warehouse,Shop Berocca now at Chemist Warehouse.,Shop Berocca Energy Effervescent Tablets now at Chemist Warehouse.,Shop now,VIDEO,https://www.chemistwarehouse.com.au/shop-online/610/berocca?utm_source=facebook&utm_medium=social&utm_campaign=au_cw_oa_facebook_social_bayeraustralialtd_berocca_81_jul26_100137-social_video-image&utm_term=traffic&utm_content=video-image_,www.chemistwarehouse.com.au,/shop-online/610/berocca,facebook,social,au_cw_oa_facebook_social_bayeraustralialtd_berocca_81_jul26_100137-social_video-image,81,traffic,video-image_,O&O,Bayeraustralialtd,Berocca,jul26,video-image,,,,,,"['FACEBOOK', 'INSTAGRAM', 'AUDIENCE_NETWORK', 'MESSENGER', 'WHATSAPP', 'THREADS']",au,cw,facebook,social,2026-W31,2026-08,"FACEBOOK, INSTAGRAM, AUDIENCE_NETWORK, MESSENGER, WHATSAPP, THREADS",True,True,True,True,True,True,Brand/Category Page,True,True,False,2026-08-03,2026-07-22 07:00:00,2026-08-03 15:37:17.103942,12
1046414791072144,,True,2026-07-22 07:00:00,2026-08-01 07:00:00,Chemist Warehouse,Chemist Warehouse,{{product.name}},{{product.brand}},Shop now,DCO,https://www.chemistwarehouse.com.au/shop-online/610/berocca?utm_source=facebook&utm_medium=social&utm_campaign=au_cw_oa_facebook_social_bayeraustralialtd_berocca_81_jul26_100137-social_video-image&utm_term=traffic&utm_content=video-image_,www.chemistwarehouse.com.au,/shop-online/610/berocca,facebook,social,au_cw_oa_facebook_social_bayeraustralialtd_berocca_81_jul26_100137-social_video-image,81,traffic,video-image_,O&O,Bayeraustralialtd,Berocca,jul26,video-image,Shop Berocca now at Chemist Warehouse.,Shop Berocca Energy Effervescent Tablets now at Chemist Warehouse.,Shop Now,,https://video.fpss5-1.fna.fbcdn.net/o1/v/t2/f2/m366/AQPXE_uY57_DyIm2j9tfpMqylkiR6YG40q9VT0mnrKf19dlx3pvOYjfLXPTa5Y_NYnfY4M7NqP1Pr7NrFhGO_1ZzlcpRjpjlYaErWFspqJ0HeA.mp4?_nc_cat=100&_nc_oc=AdoLGsecxqCzmD5qua1vPraHI5_pIizUx5pPJoBHyy95IF5XKOhw_QCSMqb0YenVDLw&_nc_sid=b66105&_nc_ht=video.fpss5-1.fna.fbcdn.net&_nc_ohc=hOhIJp5As6AQ7kNvwFxVlDL&efg=eyJ2ZW5jb2RlX3RhZyI6Inhwdl9wcm9ncmVzc2l2ZS5WSV9VU0VDQVNFX1BST0RVQ1RfVFlQRS4uQzMuNzIwLmRhc2hfaDI2NC1iYXNpYy1nZW4yXzcyMHAiLCJ4cHZfYXNzZXRfaWQiOjEzNTcwMjE4MDMxOTk5MDcsImFzc2V0X2FnZV9kYXlzIjoyNCwidmlfdXNlY2FzZV9pZCI6MTA3OTksImR1cmF0aW9uX3MiOjksInVybGdlbl9zb3VyY2UiOiJ3d3cifQ%3D%3D&ccb=17-1&vs=7a5fd3ff756135fd&_nc_vs=HBksFQIYRWZiX2VwaGVtZXJhbC8xRjQzQjU4MjAxNUQwQzMwM0EyNEE2RDM0MTUyNDY5M19tdF8xX3ZpZGVvX2Rhc2hpbml0Lm1wNBUAAsgBEgAVAhhAZmJfcGVybWFuZW50L0EyNDVDODBDRDYyNjQzMzAxRUY2OEEyRUY3QjYyNEI4X2F1ZGlvX2Rhc2hpbml0Lm1wNBUCAsgBEgAoABgAGwKIB3VzZV9vaWwBMRJwcm9ncmVzc2l2ZV9yZWNpcGUBMRUAACbG9sGoiI3pBBUCKAJDMywXQCMQ5WBBiTcYGWRhc2hfaDI2NC1iYXNpYy1nZW4yXzcyMHARAHUAZd6oAQA&_nc_gid=YtBF-XvrGJN3hGpmZNuZ_w&_nc_ss=7f180&_nc_zt=28&oh=00_AQEWmtNi74h37i36dmmYuxTqcqdDMJIlRrWzGltCz8MDVQ&oe=6A758B94,"['FACEBOOK', 'INSTAGRAM', 'AUDIENCE_NETWORK', 'MESSENGER', 'WHATSAPP', 'THREADS']",au,cw,facebook,social,2026-W31,2026-08,"FACEBOOK, INSTAGRAM, AUDIENCE_NETWORK, MESSENGER, WHATSAPP, THREADS",True,True,True,True,True,True,Brand/Category Page,True,False,False,2026-08-03,2026-07-22 07:00:00,2026-08-03 15:37:17.103942,12
1576137403896693,,True,2026-07-22 07:00:00,2026-08-02 07:00:00,Chemist Warehouse,Chemist Warehouse,Shop now at Chemist Warehouse!,"Got a sweet tooth? Enjoy a low carb, low sugar, but still chocolatey treat with Atkins Endulge.",Shop now,VIDEO,https://www.chemistwarehouse.com.au/shop-online/2449/atkins?utm_source=facebook&utm_medium=social&utm_campaign=au_cw_oa_facebook_social_simplygoodfoodsaustraliaptyltd_atkins_1255_jul26_100651-oa_video-image&utm_term=traffic&utm_content=video-image_,www.chemistwarehouse.com.au,/shop-online/2449/atkins,facebook,social,au_cw_oa_facebook_social_simplygoodfoodsaustraliaptyltd_atkins_1255_jul26_100651-oa_video-image,1255,traffic,video-image_,O&O,Simplygoodfoodsaustraliaptyltd,Atkins,jul26,video-image,,,,,,"['FACEBOOK', 'INSTAGRAM', 'AUDIENCE_NETWORK', 'MESSENGER', 'WHATSAPP', 'THREADS']",au,cw,facebook,social,2026-W31,2026-08,"FACEBOOK, INSTAGRAM, AUDIENCE_NETWORK, MESSENGER, WHATSAPP, THREADS",True,True,True,True,True,True,Brand/Category Page,True,True,False,2026-08-03,2026-07-22 07:00:00,2026-08-03 15:37:17.103942,12
1565832028529200,,True,2026-07-22 07:00:00,2026-07-26 07:00:00,Chemist Warehouse,Chemist Warehouse,Shop Berocca now at Chemist Warehouse.,Shop Berocca Energy Effervescent Tablets now at Chemist Warehouse.,Shop now,VIDEO,https://www.chemistwarehouse.com.au/shop-online/610/berocca?utm_source=facebook&utm_medium=social&utm_campaign=au_cw_oa_facebook_social_bayeraustralialtd_berocca_81_jul26_100137-social_video-image&utm_term=traffic&utm_content=video-image_,www.chemistwarehouse.com.au,/shop-online/610/berocca,facebook,social,au_cw_oa_facebook_social_bayeraustralialtd_berocca_81_jul26_100137-social_video-image,81,traffic,video-image_,O&O,Bayeraustralialtd,Berocca,jul26,video-image,,,,,,"['FACEBOOK', 'INSTAGRAM', 'AUDIENCE_NETWORK', 'MESSENGER', 'WHATSAPP', 'THREADS']",au,cw,facebook,social,2026-W31,2026-08,"FACEBOOK, INSTAGRAM, AUDIENCE_NETWORK, MESSENGER, WHATSAPP, THREADS",True,True,True,True,True,True,Brand/Category Page,True,True,False,2026-08-03,2026-07-22 07:00:00,2026-08-03 15:37:17.103942,12
1712669100069328,,True,2026-07-22 07:00:00,2026-08-02 07:00:00,Chemist Warehouse,Chemist Warehouse,{{product.name}},{{product.brand}},Shop now,DCO,https://www.chemistwarehouse.com.au/shop-online/3417/microgenics?category=General%20Wellbeing&utm_source=facebook&utm_medium=video&utm_campaign=au_cw_house_facebook_video_chemistwarehouse_microgenics_81_jul26_100567-launch_video-image&utm_term=reach&utm_content=video-image_image,www.chemistwarehouse.com.au,/shop-online/3417/microgenics,facebook,video,au_cw_house_facebook_video_chemistwarehouse_microgenics_81_jul26_100567-launch_video-image,81,reach,video-image_image,House,Chemistwarehouse,Microgenics,jul26,video-image,Unlock Cellular Energy Support,Discover Microgenics NMN at Chemist Warehouse for targeted cellular energy support,Shop Now,https://scontent.fpss5-1.fna.fbcdn.net/v/t39.35426-6/753702628_1316176477171872_7795179675038784986_n.jpg?_nc_cat=108&ccb=1-7&_nc_sid=c53f8f&_nc_ohc=Ic1Mv-zcz8QQ7kNvwEaBqGK&_nc_oc=Ado7f3IUjXsgekADJxUB6GqPP0TyEnec8_0CIBVFjSBsb-mbcBdA2-iAmYRcxdYjtBU&_nc_zt=14&_nc_ht=scontent.fpss5-1.fna&_nc_gid=u0YMbC2KjHAKQlMggPZVhg&_nc_ss=7f180&oh=00_AQH-PX9u_-c0YMIOMGIbKQaby61qWzg2NAojBx7jx1SF0Q&oe=6A759029,,"['FACEBOOK', 'INSTAGRAM', 'AUDIENCE_NETWORK', 'WHATSAPP', 'THREADS']",au,cw,facebook,video,2026-W31,2026-08,"FACEBOOK, INSTAGRAM, AUDIENCE_NETWORK, WHATSAPP, THREADS",True,True,True,False,True,True,Brand/Category Page,True,False,False,2026-08-03,2026-07-22 07:00:00,2026-08-03 15:37:17.103942,12
1015070627910284,,True,2026-07-22 07:00:00,2026-07-26 07:00:00,Chemist Warehouse,Chemist Warehouse,{{product.name}},{{product.brand}},Shop now,DCO,https://www.chemistwarehouse.com.au/shop-online/610/berocca?utm_source=facebook&utm_medium=social&utm_campaign=au_cw_oa_facebook_social_bayeraustralialtd_berocca_81_jul26_100137-social_video-image&utm_term=traffic&utm_content=video-image_,www.chemistwarehouse.com.au,/shop-online/610/berocca,facebook,social,au_cw_oa_facebook_social_bayeraustralialtd_berocca_81_jul26_100137-social_video-image,81,traffic,video-image_,O&O,Bayeraustralialtd,Berocca,jul26,video-image,Shop Berocca now at Chemist Warehouse.,Shop Berocca Energy Effervescent Tablets now at Chemist Warehouse.,Shop Now,,https://video.fpss5-1.fna.fbcdn.net/o1/v/t2/f2/m366/AQPXE_uY57_DyIm2j9tfpMqylkiR6YG40q9VT0mnrKf19dlx3pvOYjfLXPTa5Y_NYnfY4M7NqP1Pr7NrFhGO_1ZzlcpRjpjlYaErWFspqJ0HeA.mp4?_nc_cat=100&_nc_oc=AdoLGsecxqCzmD5qua1vPraHI5_pIizUx5pPJoBHyy95IF5XKOhw_QCSMqb0YenVDLw&_nc_sid=b66105&_nc_ht=video.fpss5-1.fna.fbcdn.net&_nc_ohc=hOhIJp5As6AQ7kNvwFxVlDL&efg=eyJ2ZW5jb2RlX3RhZyI6Inhwdl9wcm9ncmVzc2l2ZS5WSV9VU0VDQVNFX1BST0RVQ1RfVFlQRS4uQzMuNzIwLmRhc2hfaDI2NC1iYXNpYy1nZW4yXzcyMHAiLCJ4cHZfYXNzZXRfaWQiOjEzNTcwMjE4MDMxOTk5MDcsImFzc2V0X2FnZV9kYXlzIjoyNCwidmlfdXNlY2FzZV9pZCI6MTA3OTksImR1cmF0aW9uX3MiOjksInVybGdlbl9zb3VyY2UiOiJ3d3cifQ%3D%3D&ccb=17-1&vs=7a5fd3ff756135fd&_nc_vs=HBksFQIYRWZiX2VwaGVtZXJhbC8xRjQzQjU4MjAxNUQwQzMwM0EyNEE2RDM0MTUyNDY5M19tdF8xX3ZpZGVvX2Rhc2hpbml0Lm1wNBUAAsgBEgAVAhhAZmJfcGVybWFuZW50L0EyNDVDODBDRDYyNjQzMzAxRUY2OEEyRUY3QjYyNEI4X2F1ZGlvX2Rhc2hpbml0Lm1wNBUCAsgBEgAoABgAGwKIB3VzZV9vaWwBMRJwcm9ncmVzc2l2ZV9yZWNpcGUBMRUAACbG9sGoiI3pBBUCKAJDMywXQCMQ5WBBiTcYGWRhc2hfaDI2NC1iYXNpYy1nZW4yXzcyMHARAHUAZd6oAQA&_nc_gid=YtBF-XvrGJN3hGpmZNuZ_w&_nc_ss=7f180&_nc_zt=28&oh=00_AQEWmtNi74h37i36dmmYuxTqcqdDMJIlRrWzGltCz8MDVQ&oe=6A758B94,"['FACEBOOK', 'INSTAGRAM', 'AUDIENCE_NETWORK', 'MESSENGER', 'WHATSAPP', 'THREADS']",au,cw,facebook,social,2026-W31,2026-08,"FACEBOOK, INSTAGRAM, AUDIENCE_NETWORK, MESSENGER, WHATSAPP, THREADS",True,True,True,True,True,True,Brand/Category Page,True,False,False,2026-08-03,2026-07-22 07:00:00,2026-08-03 15:37:17.103942,12
974524452308177,1374966577849098,True,2026-07-22 07:00:00,2026-08-02 07:00:00,Chemist Warehouse,Chemist Warehouse,Chemist Warehouse,Shop Plunkett's 99% Pure Aloe Vera online at Chemist Warehouse today!,Shop now,CAROUSEL,https://www.chemistwarehouse.com.au/buy/50656/plunketts-99-pure-aloe-vera-soothing-gel-240ml?utm_source=facebook&utm_medium=social&utm_campaign=au_cw_oa_facebook_social_plunkettpharmaceuticals_plunketts_665_jul26_100637-oa_video-image&utm_term=traffic&utm_content=video-image_video-image,www.chemistwarehouse.com.au,/buy/50656/plunketts-99-pure-aloe-vera-soothing-gel-240ml,facebook,social,au_cw_oa_facebook_social_plunkettpharmaceuticals_plunketts_665_jul26_100637-oa_video-image,665,traffic,video-image_video-image,O&O,Plunkettpharmaceuticals,Plunketts,jul26,video-image,Plunkett's 99% Pure Aloe Vera,Shop at Chemist Warehouse,Shop Now,https://scontent.fpss5-1.fna.fbcdn.net/v/t39.35426-6/750828817_1410623374459912_5688173877659167164_n.jpg?_nc_cat=101&ccb=1-7&_nc_sid=c53f8f&_nc_ohc=w991hlvby24Q7kNvwGnO4pC&_nc_oc=AdqzIobfQvtMHbrgM494XNnJjhINLj8bg3_h5FbA7kfYsWyNw4bSBsirWUybIZfFI28&_nc_zt=14&_nc_ht=scontent.fpss5-1.fna&_nc_gid=YtBF-XvrGJN3hGpmZNuZ_w&_nc_ss=7f180&oh=00_AQHSH2Fh_ZN1IbM_ypyS1GzUbaoZuy8sbT4nrzfKHZcaLw&oe=6A75ABB2,,"['FACEBOOK', 'INSTAGRAM', 'AUDIENCE_NETWORK', 'MESSENGER', 'WHATSAPP', 'THREADS']",au,cw,facebook,social,2026-W31,2026-08,"FACEBOOK, INSTAGRAM, AUDIENCE_NETWORK, MESSENGER, WHATSAPP, THREADS",True,True,True,True,True,True,SKU Product,True,True,False,2026-08-03,2026-07-22 07:00:00,2026-08-03 15:37:17.103942,12
3530909603751599,,True,2026-07-22 07:00:00,2026-08-02 07:00:00,Chemist Warehouse,Chemist Warehouse,Tommee Tippee at Chemist Warehouse,Shop the new Tommee Tippee Deep Latch Teats at Chemist Warehouse.,Shop now,VIDEO,https://www.chemistwarehouse.com.au/shop-online/820/tommee-tippee?category=Spare%20Teats&utm_source=facebook&utm_medium=social&utm_campaign=au_cw_oa_facebook_social_maybornanzptyltd_tommeetippee_20_jul26_100657-triangular_video&utm_term=reach&utm_content=video_instore-video,www.chemistwarehouse.com.au,/shop-online/820/tommee-tippee,facebook,social,au_cw_oa_facebook_social_maybornanzptyltd_tommeetippee_20_jul26_100657-triangular_video,20,reach,video_instore-video,O&O,Maybornanzptyltd,Tommeetippee,jul26,video,,,,,,"['FACEBOOK', 'INSTAGRAM']",au,cw,facebook,social,2026-W31,2026-08,"FACEBOOK, INSTAGRAM",True,True,False,False,False,False,Brand/Category Page,True,True,False,2026-08-03,2026-07-22 07:00:00,2026-08-03 15:37:17.103942,12
1033868996170221,957365124022156,True,2026-07-22 07:00:00,2026-08-02 07:00:00,Chemist Warehouse,Chemist Warehouse,{{product.name}},{{product.brand}},Shop now,DCO,https://www.chemistwarehouse.com.au/shop-online/1051/voltaren?utm_source=facebook&utm_medium=social&utm_campaign=au_cw_oa_facebook_social_haleonaustraliaptyltd_voltaren_258_jul26_100692-city2surf_video-image&utm_term=traffic&utm_content=video-image_image,www.chemistwarehouse.com.au,/shop-online/1051/voltaren,facebook,social,au_cw_oa_facebook_social_haleonaustraliaptyltd_voltaren_258_jul26_100692-city2surf_video-image,258,traffic,video-image_image,O&O,Haleonaustraliaptyltd,Voltaren,jul26,video-image,Click and collect available,Shop Voltaren now at Chemist Warehouse,Shop Now,https://scontent.fpss5-1.fna.fbcdn.net/v/t39.35426-6/751871022_1649519812779674_6502861368207500530_n.jpg?_nc_cat=111&ccb=1-7&_nc_sid=c53f8f&_nc_ohc=4SE6_cCsYyoQ7kNvwHM73Zn&_nc_oc=AdoBKsAtVR8E72YflLhDltLAGRTC9ttDfgq_e7sSx_Ls9gj_qS0PR4VdynthvY1a3Tw&_nc_zt=14&_nc_ht=scontent.fpss5-1.fna&_nc_gid=u0YMbC2KjHAKQlMggPZVhg&_nc_ss=7f180&oh=00_AQFVVdLZIRpqnCeQ7_RtOGQnS3XvHrRZYU0RkScrEpuHMg&oe=6A757EA2,,"['FACEBOOK', 'INSTAGRAM']",au,cw,facebook,social,2026-W31,2026-08,"FACEBOOK, INSTAGRAM",True,True,False,False,False,False,Brand/Category Page,True,False,False,2026-08-03,2026-07-22 07:00:00,2026-08-03 15:37:17.103942,12
1439913671231264,,True,2026-07-22 07:00:00,2026-08-02 07:00:00,Chemist Warehouse,Chemist Warehouse,"Cetaphil, For Everyone's Sensitive Skin",Skincare designed for sensitive skin and everyday use. Shop 30% off RRP Cetaphil range at Chemist Warehouse.,Shop now,IMAGE,https://fb.com/canvas_doc/1049630680944114,fb.com,/canvas_doc/1049630680944114,,,,,,,Not Specified,,,,,,,,,,"['FACEBOOK', 'INSTAGRAM', 'AUDIENCE_NETWORK', 'MESSENGER', 'WHATSAPP', 'THREADS']",,,,,2026-W31,2026-08,"FACEBOOK, INSTAGRAM, AUDIENCE_NETWORK, MESSENGER, WHATSAPP, THREADS",True,True,True,True,True,True,Internal/App Page,True,True,False,2026-08-03,2026-07-22 07:00:00,2026-08-03 15:37:17.103942,12
1693489165035434,,True,2026-07-22 07:00:00,2026-08-02 07:00:00,Chemist Warehouse,Chemist Warehouse,{{product.name}},{{product.brand}},Shop now,DCO,https://www.chemistwarehouse.com.au/shop-online/6043/bubble-co?utm_source=facebook&utm_medium=social&utm_campaign=au_cw_oa_facebook_social_direct2retail_bubbleco_665_jul26_100155-npd_video-image&utm_term=traffic&utm_content=video-image_static-image,www.chemistwarehouse.com.au,/shop-online/6043/bubble-co,facebook,social,au_cw_oa_facebook_social_direct2retail_bubbleco_665_jul26_100155-npd_video-image,665,traffic,video-image_static-image,O&O,Direct2Retail,Bubbleco,jul26,video-image,"Sweet Skin, Sorted.","Gentle enough for kids & teens, sweet enough for the whole family. Made in Australia, no nasties, just soft skin.",Shop Now,https://scontent.fpss5-1.fna.fbcdn.net/v/t39.35426-6/748978408_2129873820928413_5248782757263377650_n.jpg?_nc_cat=108&ccb=1-7&_nc_sid=c53f8f&_nc_ohc=w7Mve94oGZ8Q7kNvwHBz7Wq&_nc_oc=AdqMdz0xoZmi76JLLWI3AeO8HisV3kayIBh0J2UBCurY5B-8WPXBbRKZsABkcGUJ0LA&_nc_zt=14&_nc_ht=scontent.fpss5-1.fna&_nc_gid=u0YMbC2KjHAKQlMggPZVhg&_nc_ss=7f180&oh=00_AQG7x8SfQqDlcQ6hIWSGQWQNqyy9lxvcU1VQMda8a_rxLw&oe=6A75A1F1,,"['FACEBOOK', 'INSTAGRAM', 'THREADS']",au,cw,facebook,social,2026-W31,2026-08,"FACEBOOK, INSTAGRAM, THREADS",True,True,False,False,True,False,Brand/Category Page,True,False,False,2026-08-03,2026-07-22 07:00:00,2026-08-03 15:37:17.103942,12
1923381871970478,1550899146738425,True,2026-07-22 07:00:00,2026-08-02 07:00:00,Chemist Warehouse,Chemist Warehouse,{{product.name}},{{product.brand}},Shop now,DCO,https://www.chemistwarehouse.com.au/shop-online/6043/bubble-co?utm_source=facebook&utm_medium=social&utm_campaign=au_cw_oa_facebook_social_direct2retail_bubbleco_665_jul26_100155-npd_video-image&utm_term=traffic&utm_content=video-image_static-image,www.chemistwarehouse.com.au,/shop-online/6043/bubble-co,facebook,social,au_cw_oa_facebook_social_direct2retail_bubbleco_665_jul26_100155-npd_video-image,665,traffic,video-image_static-image,O&O,Direct2Retail,Bubbleco,jul26,video-image,"Sweet Skin, Sorted.","Gentle enough for kids & teens, sweet enough for the whole family. Made in Australia, no nasties, just soft skin.",Shop Now,https://scontent.fpss5-1.fna.fbcdn.net/v/t39.35426-6/751805187_1240556344791382_2948081523612023863_n.jpg?_nc_cat=101&ccb=1-7&_nc_sid=c53f8f&_nc_ohc=lkxRcLUi_GAQ7kNvwFPRb50&_nc_oc=AdqKgpO5cRXEQ7KMbLFdBHYujywANHkaBg895YmjoO_jjALEi6Oq4H46f4ZY2frxpMA&_nc_zt=14&_nc_ht=scontent.fpss5-1.fna&_nc_gid=u0YMbC2KjHAKQlMggPZVhg&_nc_ss=7f180&oh=00_AQECOWwYiq2ViHEW_VX7I7TGUiuooZhYdPyZUn5YmvVXfw&oe=6A757B11,,"['FACEBOOK', 'INSTAGRAM', 'THREADS']",au,cw,facebook,social,2026-W31,2026-08,"FACEBOOK, INSTAGRAM, THREADS",True,True,False,False,True,False,Brand/Category Page,True,False,False,2026-08-03,2026-07-22 07:00:00,2026-08-03 15:37:17.103942,12
1040025995644034,,True,2026-07-22 07:00:00,2026-08-01 07:00:00,Chemist Warehouse,Chemist Warehouse,{{product.name}},{{product.brand}},Shop now,DCO,https://www.chemistwarehouse.com.au/shop-online/6043/bubble-co?utm_source=facebook&utm_medium=social&utm_campaign=au_cw_oa_facebook_social_direct2retail_bubbleco_665_jul26_100155-npd_video-image&utm_term=traffic&utm_content=video-image_static-image,www.chemistwarehouse.com.au,/shop-online/6043/bubble-co,facebook,social,au_cw_oa_facebook_social_direct2retail_bubbleco_665_jul26_100155-npd_video-image,665,traffic,video-image_static-image,O&O,Direct2Retail,Bubbleco,jul26,video-image,"Lather, Meet Cute 💗","Squeeze for an instant creamy, bubbly lather. Supersoft heart sponges with a handy hang rope. Gentle on all skin 💗",Shop Now,https://scontent.fpss5-1.fna.fbcdn.net/v/t39.35426-6/727268265_2251144742087511_1753985495010010718_n.jpg?_nc_cat=110&ccb=1-7&_nc_sid=c53f8f&_nc_ohc=QpJV_Yz73rgQ7kNvwGnGkQN&_nc_oc=AdrDsnQ8hTgNeV2k2DyT_cqc289ZmyB28iY1YwPz4R2Ti0Bnun5tf6rTROP9d2H43Lk&_nc_zt=14&_nc_ht=scontent.fpss5-1.fna&_nc_gid=u0YMbC2KjHAKQlMggPZVhg&_nc_ss=7f180&oh=00_AQEz-4TWOI6wusOUnHMT0ChoYgLjgEfRPx2q1gwhakhrig&oe=6A757B9E,,"['FACEBOOK', 'INSTAGRAM', 'THREADS']",au,cw,facebook,social,2026-W31,2026-08,"FACEBOOK, INSTAGRAM, THREADS",True,True,False,False,True,False,Brand/Category Page,True,False,False,2026-08-03,2026-07-22 07:00:00,2026-08-03 15:37:17.103942,12
1066581179380590,1055982970237087,True,2026-07-22 07:00:00,2026-08-02 07:00:00,Chemist Warehouse,Chemist Warehouse,Click and collect available,Shop Voltaren now at Chemist Warehouse,Shop now,VIDEO,https://www.chemistwarehouse.com.au/shop-online/1051/voltaren?utm_source=facebook&utm_medium=social&utm_campaign=au_cw_oa_facebook_social_haleonaustraliaptyltd_voltaren_258_jul26_100692-city2surf_video-image&utm_term=traffic&utm_content=video-image_video,www.chemistwarehouse.com.au,/shop-online/1051/voltaren,facebook,social,au_cw_oa_facebook_social_haleonaustraliaptyltd_voltaren_258_jul26_100692-city2surf_video-image,258,traffic,video-image_video,O&O,Haleonaustraliaptyltd,Voltaren,jul26,video-image,,,,,,"['FACEBOOK', 'INSTAGRAM']",au,cw,facebook,social,2026-W31,2026-08,"FACEBOOK, INSTAGRAM",True,True,False,False,False,False,Brand/Category Page,True,True,False,2026-08-03,2026-07-22 07:00:00,2026-08-03 15:37:17.103942,12
2169860130474860,1805925330485590,True,2026-07-22 07:00:00,2026-08-02 07:00:00,Chemist Warehouse,Chemist Warehouse,{{product.name}},{{product.brand}},Shop now,DCO,https://www.chemistwarehouse.com.au/shop-online/6043/bubble-co?utm_source=facebook&utm_medium=social&utm_campaign=au_cw_oa_facebook_social_direct2retail_bubbleco_665_jul26_100155-npd_video-image&utm_term=traffic&utm_content=video-image_static-image,www.chemistwarehouse.com.au,/shop-online/6043/bubble-co,facebook,social,au_cw_oa_facebook_social_direct2retail_bubbleco_665_jul26_100155-npd_video-image,665,traffic,video-image_static-image,O&O,Direct2Retail,Bubbleco,jul26,video-image,"Sweet Skin, Sorted.","Gentle on kids & teens, loved by all. Clean, vegan & made in Australia - no nasties, just soft, glowing skin.",Shop Now,https://scontent.fpss5-1.fna.fbcdn.net/v/t39.35426-6/751591832_1432795951989593_1158038092745664581_n.jpg?_nc_cat=101&ccb=1-7&_nc_sid=c53f8f&_nc_ohc=nf-G_rEbR2AQ7kNvwGsgKbp&_nc_oc=AdoRwFJJwt-7RsDGPX-f3Kmy51tSZkMver3-_1gq_3EsTj4o0rQV1waaMyYAH79C6NU&_nc_zt=14&_nc_ht=scontent.fpss5-1.fna&_nc_gid=u0YMbC2KjHAKQlMggPZVhg&_nc_ss=7f180&oh=00_AQEUFyREfKCbSCeU_1NW9LljDqfZGmo-Q4lruwiYf8lGRg&oe=6A757949,,"['FACEBOOK', 'INSTAGRAM', 'THREADS']",au,cw,facebook,social,2026-W31,2026-08,"FACEBOOK, INSTAGRAM, THREADS",True,True,False,False,True,False,Brand/Category Page,True,False,False,2026-08-03,2026-07-22 07:00:00,2026-08-03 15:37:17.103942,12
2284841752325560,,True,2026-07-22 07:00:00,2026-08-02 07:00:00,Chemist Warehouse,Chemist Warehouse,{{product.name}},{{product.brand}},Shop now,DCO,https://www.chemistwarehouse.com.au/shop-online/6043/bubble-co?utm_source=facebook&utm_medium=social&utm_campaign=au_cw_oa_facebook_social_direct2retail_bubbleco_665_jul26_100155-npd_video-image&utm_term=traffic&utm_content=video-image_static-image,www.chemistwarehouse.com.au,/shop-online/6043/bubble-co,facebook,social,au_cw_oa_facebook_social_direct2retail_bubbleco_665_jul26_100155-npd_video-image,665,traffic,video-image_static-image,O&O,Direct2Retail,Bubbleco,jul26,video-image,"Sweet Skin, Sorted.","Gentle on kids & teens, loved by all. Clean, vegan & made in Australia - no nasties, just soft, glowing skin.",Shop Now,https://scontent.fpss5-1.fna.fbcdn.net/v/t39.35426-6/752268096_1464429465702665_2856209052761335099_n.jpg?_nc_cat=101&ccb=1-7&_nc_sid=c53f8f&_nc_ohc=jpTrzwpHZMgQ7kNvwE2zB6l&_nc_oc=Adrs87Tw9eo88AphwJrwBrb0q6AAtTRtbWyMCsgQxjbAtruNRHrp3Si06f1JXLBufv0&_nc_zt=14&_nc_ht=scontent.fpss5-1.fna&_nc_gid=u0YMbC2KjHAKQlMggPZVhg&_nc_ss=7f180&oh=00_AQFIr0KGwuig5Wlm3Js9wtD51gqgcp_ljB5NAExYahNIGw&oe=6A75A6DF,,"['FACEBOOK', 'INSTAGRAM', 'THREADS']",au,cw,facebook,social,2026-W31,2026-08,"FACEBOOK, INSTAGRAM, THREADS",True,True,False,False,True,False,Brand/Category Page,True,False,False,2026-08-03,2026-07-22 07:00:00,2026-08-03 15:37:17.103942,12
1899313927404126,,True,2026-07-22 07:00:00,2026-08-02 07:00:00,Chemist Warehouse,Chemist Warehouse,"Sweet Skin, Sorted.","Bubble & Co's ""Glow Up"" Sugar Scrub range lifts away dead skin for a smooth, sweet-smelling finish. Australian made.",Shop now,VIDEO,https://www.chemistwarehouse.com.au/shop-online/6043/bubble-co?utm_source=facebook&utm_medium=social&utm_campaign=au_cw_oa_facebook_social_direct2retail_bubbleco_665_jul26_100155-npd_video-image&utm_term=traffic&utm_content=video-image_video,www.chemistwarehouse.com.au,/shop-online/6043/bubble-co,facebook,social,au_cw_oa_facebook_social_direct2retail_bubbleco_665_jul26_100155-npd_video-image,665,traffic,video-image_video,O&O,Direct2Retail,Bubbleco,jul26,video-image,,,,,,"['FACEBOOK', 'INSTAGRAM', 'THREADS']",au,cw,facebook,social,2026-W31,2026-08,"FACEBOOK, INSTAGRAM, THREADS",True,True,False,False,True,False,Brand/Category Page,True,False,False,2026-08-03,2026-07-22 07:00:00,2026-08-03 15:37:17.103942,12
986509484214057,,True,2026-07-22 07:00:00,2026-08-02 07:00:00,Chemist Warehouse,Chemist Warehouse,"Cetaphil, For Everyone's Sensitive Skin",Skincare designed for sensitive skin and everyday use. Shop 30% off RRP Cetaphil range at Chemist Warehouse.,Shop now,IMAGE,https://fb.com/canvas_doc/1062755056180399,fb.com,/canvas_doc/1062755056180399,,,,,,,Not Specified,,,,,,,,,,"['FACEBOOK', 'INSTAGRAM', 'AUDIENCE_NETWORK', 'MESSENGER', 'WHATSAPP', 'THREADS']",,,,,2026-W31,2026-08,"FACEBOOK, INSTAGRAM, AUDIENCE_NETWORK, MESSENGER, WHATSAPP, THREADS",True,True,True,True,True,True,Internal/App Page,True,True,False,2026-08-03,2026-07-22 07:00:00,2026-08-03 15:37:17.103942,12
2165940357315589,,True,2026-07-22 07:00:00,2026-08-02 07:00:00,Chemist Warehouse,Chemist Warehouse,Shop Nurofen For Children now at Chemist Warehouse.,Help kids feel better again with gentle relief from fever & 8 pains.,Shop now,IMAGE,https://www.chemistwarehouse.com.au/buy/65512/nurofen-for-children-5-12yrs-pain-and-fever-relief-concentrated-liquid-200mg-5ml-ibuprofen-strawberry-200ml,www.chemistwarehouse.com.au,/buy/65512/nurofen-for-children-5-12yrs-pain-and-fever-relief-concentrated-liquid-200mg-5ml-ibuprofen-strawberry-200ml,,,,,,,Not Specified,,,,,,,,,,"['FACEBOOK', 'INSTAGRAM', 'THREADS']",,,,,2026-W31,2026-08,"FACEBOOK, INSTAGRAM, THREADS",True,True,False,False,True,False,SKU Product,True,True,False,2026-08-03,2026-07-22 07:00:00,2026-08-03 15:37:17.103942,12
26870766895931077,,True,2026-07-22 07:00:00,2026-08-02 07:00:00,Chemist Warehouse,Chemist Warehouse,Shop Voltaren now at Chemist Warehouse!,Keep your body running! Relieve muscle pain & reduce inflammation with Voltaren.,Shop now,IMAGE,https://www.chemistwarehouse.com.au/buy/72600/voltaren-osteo-gel-osteoarthritis-12-hour-pain-relief-150-g,www.chemistwarehouse.com.au,/buy/72600/voltaren-osteo-gel-osteoarthritis-12-hour-pain-relief-150-g,,,,,,,Not Specified,,,,,,,,,,"['FACEBOOK', 'INSTAGRAM', 'THREADS']",,,,,2026-W31,2026-08,"FACEBOOK, INSTAGRAM, THREADS",True,True,False,False,True,False,SKU Product,True,True,False,2026-08-03,2026-07-22 07:00:00,2026-08-03 15:37:17.103942,12
1012185418253993,,True,2026-07-22 07:00:00,2026-08-02 07:00:00,Chemist Warehouse,Chemist Warehouse,{{product.name}},{{product.brand}},Shop now,DCO,https://www.chemistwarehouse.com.au/shop-online/6043/bubble-co?utm_source=facebook&utm_medium=social&utm_campaign=au_cw_oa_facebook_social_direct2retail_bubbleco_665_jul26_100155-npd_video-image&utm_term=traffic&utm_content=video-image_static-image,www.chemistwarehouse.com.au,/shop-online/6043/bubble-co,facebook,social,au_cw_oa_facebook_social_direct2retail_bubbleco_665_jul26_100155-npd_video-image,665,traffic,video-image_static-image,O&O,Direct2Retail,Bubbleco,jul26,video-image,"Sweet Skin, Sorted.","Gentle enough for kids & teens, sweet enough for the whole family. Made in Australia, no nasties, just soft skin.",Shop Now,https://scontent.fpss5-1.fna.fbcdn.net/v/t39.35426-6/743174891_3112132888977857_5667036277654981753_n.jpg?_nc_cat=101&ccb=1-7&_nc_sid=c53f8f&_nc_ohc=KtmNoJ1eakIQ7kNvwHp6NXB&_nc_oc=AdocS9W0y7rJo7ekDYAjK9bYGToti6Mb-WNB5uxkoX4auGK0PUy9RRBISySF5jYB7c4&_nc_zt=14&_nc_ht=scontent.fpss5-1.fna&_nc_gid=u0YMbC2KjHAKQlMggPZVhg&_nc_ss=7f180&oh=00_AQGNgVb5wxJXN-3tkD1CmfaQnDeEO6eRmeLf6GpGBT6_HQ&oe=6A75ACAB,,"['FACEBOOK', 'INSTAGRAM', 'THREADS']",au,cw,facebook,social,2026-W31,2026-08,"FACEBOOK, INSTAGRAM, THREADS",True,True,False,False,True,False,Brand/Category Page,True,False,False,2026-08-03,2026-07-22 07:00:00,2026-08-03 15:37:17.103942,12
1060311726558955,,True,2026-07-22 07:00:00,2026-08-02 07:00:00,Chemist Warehouse,Chemist Warehouse,Shop Now at Chemist Warehouse!,Shop Now at Chemist Warehouse!,Shop now,IMAGE,https://www.chemistwarehouse.com.au/,www.chemistwarehouse.com.au,/,,,,,,,Not Specified,,,,,,,,,,"['FACEBOOK', 'INSTAGRAM', 'THREADS']",,,,,2026-W31,2026-08,"FACEBOOK, INSTAGRAM, THREADS",True,True,False,False,True,False,Homepage,True,True,False,2026-08-03,2026-07-22 07:00:00,2026-08-03 15:37:17.103942,12
2131358217426837,1464370992404196,True,2026-07-22 07:00:00,2026-08-02 07:00:00,Chemist Warehouse,Chemist Warehouse,{{product.name}},{{product.brand}},Shop now,DCO,https://www.chemistwarehouse.com.au/competitions/win-an-audif1-experience-with-gillette?utm_source=facebook&utm_medium=social&utm_campaign=au_cw_oa_facebook_social_proctergambleaustralia_gillette_259_july26_100542-audi_video&utm_term=traffic&utm_content=video_brand,www.chemistwarehouse.com.au,/competitions/win-an-audif1-experience-with-gillette,facebook,social,au_cw_oa_facebook_social_proctergambleaustralia_gillette_259_july26_100542-audi_video,259,traffic,video_brand,O&O,Proctergambleaustralia,Gillette,july26,video,Gillette x Audi Revolut ®,"WIN a Audi Revolut F1 Team SINGAPORE EXPERIENCE with Gillette, Venus and Braun. T&Cs Apply",Shop Now,,https://video.fpss5-1.fna.fbcdn.net/o1/v/t2/f2/m366/AQNOJDmB-AA7spHW7hRnbjsgKg_dE2IlochkXQalHWpNoNgbLPZwWujILPDlleLnSCJpXXQbhi4oIKkLk5ODD7i91rHkiynWfYzmwohucBsh3Q.mp4?_nc_cat=104&_nc_oc=AdqU6j3Cl4g1pK9-r1Bk-8FTqPRZ_TQr_LVzXgbP2ZvqcAWOxBpTXJybyVEvAkebSh0&_nc_sid=b66105&_nc_ht=video.fpss5-1.fna.fbcdn.net&_nc_ohc=aSGgbcGaZhEQ7kNvwGUlAsR&efg=eyJ2ZW5jb2RlX3RhZyI6Inhwdl9wcm9ncmVzc2l2ZS5WSV9VU0VDQVNFX1BST0RVQ1RfVFlQRS4uQzMuNzIwLmRhc2hfaDI2NC1iYXNpYy1nZW4yXzcyMHAiLCJ4cHZfYXNzZXRfaWQiOjIxMTg5MzY2NzUzNTcwNDQsImFzc2V0X2FnZV9kYXlzIjoxMSwidmlfdXNlY2FzZV9pZCI6MTA3OTksImR1cmF0aW9uX3MiOjU1LCJ1cmxnZW5fc291cmNlIjoid3d3In0%3D&ccb=17-1&vs=9b4895dd23a98470&_nc_vs=HBksFQIYRWZiX2VwaGVtZXJhbC80NDQyOTdBQTQ4RDI1RUZDMjIxQTk3Q0VCRjFDQ0I4RF9tdF8xX3ZpZGVvX2Rhc2hpbml0Lm1wNBUAAsgBEgAVAhhAZmJfcGVybWFuZW50LzMxNDBGNkQzQUVGNDMwNkM4NEE5RUExRTE5M0IwNUJFX2F1ZGlvX2Rhc2hpbml0Lm1wNBUCAsgBEgAoABgAGwKIB3VzZV9vaWwBMRJwcm9ncmVzc2l2ZV9yZWNpcGUBMRUAACboxbC9rMrDBxUCKAJDMywXQEuIcrAgxJwYGWRhc2hfaDI2NC1iYXNpYy1nZW4yXzcyMHARAHUAZd6oAQA&_nc_gid=YtBF-XvrGJN3hGpmZNuZ_w&_nc_ss=7f180&_nc_zt=28&oh=00_AQFr3uMT9lmBI0du4qOFMay3rZre-jws2_nm28JUVnPW_g&oe=6A75A9C0,"['FACEBOOK', 'INSTAGRAM', 'AUDIENCE_NETWORK', 'MESSENGER', 'WHATSAPP', 'THREADS']",au,cw,facebook,social,2026-W31,2026-08,"FACEBOOK, INSTAGRAM, AUDIENCE_NETWORK, MESSENGER, WHATSAPP, THREADS",True,True,True,True,True,True,Other,True,False,False,2026-08-03,2026-07-22 07:00:00,2026-08-03 15:37:17.103942,12
1683078602977079,,True,2026-07-22 07:00:00,2026-08-02 07:00:00,Chemist Warehouse,Chemist Warehouse,Shop Now at Chemist Warehouse!,Shop Now at Chemist Warehouse!,Shop now,IMAGE,https://www.chemistwarehouse.com.au/,www.chemistwarehouse.com.au,/,,,,,,,Not Specified,,,,,,,,,,"['FACEBOOK', 'INSTAGRAM', 'THREADS']",,,,,2026-W31,2026-08,"FACEBOOK, INSTAGRAM, THREADS",True,True,False,False,True,False,Homepage,True,True,False,2026-08-03,2026-07-22 07:00:00,2026-08-03 15:37:17.103942,12
1421699876459259,,True,2026-07-22 07:00:00,2026-08-02 07:00:00,Chemist Warehouse,Chemist Warehouse,Embryolisse  Lait Crème Retinol-Like,Shop Embyrolisse Lait Crème Retinol-Like at Chemist Warehouse!,Shop now,VIDEO,https://www.chemistwarehouse.com.au/buy/141889/embryolisse-lait-creme-retinol-like-75ml?utm_source=facebook&utm_medium=social&utm_campaign=au_cw_oa_facebook_social_frenchfavouritesptyltd_embryolisse_665_jul26_100662-oa_video&utm_term=reach&utm_content=video_video,www.chemistwarehouse.com.au,/buy/141889/embryolisse-lait-creme-retinol-like-75ml,facebook,social,au_cw_oa_facebook_social_frenchfavouritesptyltd_embryolisse_665_jul26_100662-oa_video,665,reach,video_video,O&O,Frenchfavouritesptyltd,Embryolisse,jul26,video,,,,,,"['FACEBOOK', 'INSTAGRAM', 'MESSENGER']",au,cw,facebook,social,2026-W31,2026-08,"FACEBOOK, INSTAGRAM, MESSENGER",True,True,False,True,False,False,SKU Product,True,True,False,2026-08-03,2026-07-22 07:00:00,2026-08-03 15:37:17.103942,12
1717975279120095,,True,2026-07-22 07:00:00,2026-08-02 07:00:00,Chemist Warehouse,Chemist Warehouse,Shop Now at Chemist Warehouse!,Shop Now at Chemist Warehouse!,Shop now,IMAGE,https://www.chemistwarehouse.com.au/,www.chemistwarehouse.com.au,/,,,,,,,Not Specified,,,,,,,,,,"['FACEBOOK', 'INSTAGRAM', 'THREADS']",,,,,2026-W31,2026-08,"FACEBOOK, INSTAGRAM, THREADS",True,True,False,False,True,False,Homepage,True,True,False,2026-08-03,2026-07-22 07:00:00,2026-08-03 15:37:17.103942,12
891675030195849,1618204569734980,True,2026-07-22 07:00:00,2026-08-02 07:00:00,Chemist Warehouse,Chemist Warehouse,{{product.name}},{{product.brand}},Shop now,DCO,https://www.chemistwarehouse.com.au/shop-online/5336/gillette?utm_source=facebook&utm_medium=social&utm_campaign=au_cw_oa_facebook_social_proctergambleaustralia_gillette_259_2026_bau_dynamic&utm_term=conversion&utm_content=dynamic_brand,www.chemistwarehouse.com.au,/shop-online/5336/gillette,facebook,social,au_cw_oa_facebook_social_proctergambleaustralia_gillette_259_2026_bau_dynamic,259,conversion,dynamic_brand,O&O,Proctergambleaustralia,Gillette,2026,dynamic,Gillette x Audi Revolut ®,"WIN a Audi Revolut F1 Team SINGAPORE EXPERIENCE with Gillette, Venus and Braun. T&Cs Apply",Shop Now,https://scontent.fpss5-1.fna.fbcdn.net/v/t39.35426-6/752561512_3979366272368763_8496016238627028117_n.jpg?_nc_cat=105&ccb=1-7&_nc_sid=c53f8f&_nc_ohc=XwasxkBbWg8Q7kNvwF8qwEi&_nc_oc=Adq3PMHgKKvcNYZ6hR_pR6Mg2uJx-GPqtaZ1ERPxe_PEVpUlB-3brnCRLkMhpFhxBjw&_nc_zt=14&_nc_ht=scontent.fpss5-1.fna&_nc_gid=u0YMbC2KjHAKQlMggPZVhg&_nc_ss=7f180&oh=00_AQHaTPBi-atuz9X5wozYyLVZFreBhtZHz-kh4nUSFjuPUA&oe=6A758A73,,"['FACEBOOK', 'INSTAGRAM', 'AUDIENCE_NETWORK', 'MESSENGER', 'THREADS']",au,cw,facebook,social,2026-W31,2026-08,"FACEBOOK, INSTAGRAM, AUDIENCE_NETWORK, MESSENGER, THREADS",True,True,True,True,True,False,Brand/Category Page,True,False,False,2026-08-03,2026-07-22 07:00:00,2026-08-03 15:37:17.103942,12
1554125486089448,1351450646483762,True,2026-07-22 07:00:00,2026-08-02 07:00:00,Chemist Warehouse,Chemist Warehouse,{{product.name}},{{product.brand}},Shop now,DCO,https://www.chemistwarehouse.com.au/shop-online/505/natures-own?category=Muscles%2C%20Bones%20%26%20Joints&utm_source=facebook&utm_medium=social&utm_campaign=au_cw_oa_facebook_social_sanoficonsumerhealthcare_naturesown_81_july26_100677-muscle_image&utm_term=traffic&utm_content=image_brand,www.chemistwarehouse.com.au,/shop-online/505/natures-own,facebook,social,au_cw_oa_facebook_social_sanoficonsumerhealthcare_naturesown_81_july26_100677-muscle_image,81,traffic,image_brand,O&O,Sanoficonsumerhealthcare,Naturesown,july26,image,Want to go from achy to active?,Nature's Own Magnesium Glycinate contains a superior absorbed form of magnesium* to relieve muscle tiredness and cramps^,Shop Now,,https://video.fpss5-1.fna.fbcdn.net/o1/v/t2/f2/m366/AQNIT9R22W77X2zSyPTuhV5bOn18_Q6jZjFxeAM4fRUMQ2UNTyuYwFQkiE6JNbpf-l9cNxemoQKHeZZmmHNuk43bke9DsO8DG5s7cARhoQWLUA.mp4?_nc_cat=106&_nc_oc=AdqjWHigZCasgGfXTHpsIciEGPIObF6f3wb2CspeSKn_vKYQK1I6P_9mDms-C4cQcqI&_nc_sid=b66105&_nc_ht=video.fpss5-1.fna.fbcdn.net&_nc_ohc=HRwJxSELasYQ7kNvwF8YyZx&efg=eyJ2ZW5jb2RlX3RhZyI6Inhwdl9wcm9ncmVzc2l2ZS5WSV9VU0VDQVNFX1BST0RVQ1RfVFlQRS4uQzMuNzE2LmRhc2hfaDI2NC1iYXNpYy1nZW4yXzcyMHAiLCJ4cHZfYXNzZXRfaWQiOjEwNzM0MTYwODUyNjMxMDAsImFzc2V0X2FnZV9kYXlzIjoxMSwidmlfdXNlY2FzZV9pZCI6MTA3OTksImR1cmF0aW9uX3MiOjQyLCJ1cmxnZW5fc291cmNlIjoid3d3In0%3D&ccb=17-1&vs=13b2940e35238a0d&_nc_vs=HBksFQIYRWZiX2VwaGVtZXJhbC8zNDREOUQ1NUMzNTc0NkREQUQ5MkZERjAxMzYwNjM4NF9tdF8xX3ZpZGVvX2Rhc2hpbml0Lm1wNBUAAsgBEgAVAhhAZmJfcGVybWFuZW50LzQ1NDA4NjRGN0JDQTg0MTQ1OTRCQzZBQTU0RkJGQzhEX2F1ZGlvX2Rhc2hpbml0Lm1wNBUCAsgBEgAoABgAGwKIB3VzZV9vaWwBMRJwcm9ncmVzc2l2ZV9yZWNpcGUBMRUAACb4y6qHhZHoAxUCKAJDMywXQEUzMzMzMzMYGWRhc2hfaDI2NC1iYXNpYy1nZW4yXzcyMHARAHUAZd6oAQA&_nc_gid=u0YMbC2KjHAKQlMggPZVhg&_nc_ss=7f180&_nc_zt=28&oh=00_AQGVO6Dmzg6sJQte79_zxXIyNUdrNQPnDW-874CRhAPX7w&oe=6A75750E,"['FACEBOOK', 'INSTAGRAM', 'AUDIENCE_NETWORK', 'MESSENGER', 'WHATSAPP', 'THREADS']",au,cw,facebook,social,2026-W31,2026-08,"FACEBOOK, INSTAGRAM, AUDIENCE_NETWORK, MESSENGER, WHATSAPP, THREADS",True,True,True,True,True,True,Brand/Category Page,True,False,False,2026-08-03,2026-07-22 07:00:00,2026-08-03 15:37:17.103942,12
1515215429853527,,True,2026-07-22 07:00:00,2026-08-02 07:00:00,Chemist Warehouse,Chemist Warehouse,{{product.name}},{{product.brand}},Shop now,DCO,https://www.chemistwarehouse.com.au/shop-online/970/huggies?utm_source=facebook&utm_medium=social&utm_campaign=au_cw_oa_facebook_social_kimberlyclarkaustralia_huggies_20_jul26_100618-oa_video&utm_term=traffic&utm_content=video_video,www.chemistwarehouse.com.au,/shop-online/970/huggies,facebook,social,au_cw_oa_facebook_social_kimberlyclarkaustralia_huggies_20_jul26_100618-oa_video,20,traffic,video_video,O&O,Kimberlyclarkaustralia,Huggies,jul26,video,Huggies Essential Nappy Pants,Shop NEW Huggies Essential Nappy Pants at Chemist Warehouse!,Shop Now,,https://video.fpss5-1.fna.fbcdn.net/o1/v/t2/f2/m366/AQPzFirouyruMkqPxmknR6LiLGUxYObSEdt9hKnMkfBwBhQo8GEsjF2uwqdFDywRpgt1SVsXBlNNSh7PWFGbqregPpSvUKqVNYY88x4W-MTh7g.mp4?_nc_cat=107&_nc_oc=AdoiK10m3oCFNrj-N7Q8eYWP3VnTD5_BsWJZLzivaSy47kyw2zNHOXLgXiwNGqbMqRo&_nc_sid=b66105&_nc_ht=video.fpss5-1.fna.fbcdn.net&_nc_ohc=mvqCIUvuDLMQ7kNvwG26tgx&efg=eyJ2ZW5jb2RlX3RhZyI6Inhwdl9wcm9ncmVzc2l2ZS5WSV9VU0VDQVNFX1BST0RVQ1RfVFlQRS4uQzMuNzIwLmRhc2hfaDI2NC1iYXNpYy1nZW4yXzcyMHAiLCJ4cHZfYXNzZXRfaWQiOjEwMTk1NTQxNjA2OTQ1MzMsImFzc2V0X2FnZV9kYXlzIjoxMywidmlfdXNlY2FzZV9pZCI6MTA3OTksImR1cmF0aW9uX3MiOjMxLCJ1cmxnZW5fc291cmNlIjoid3d3In0%3D&ccb=17-1&vs=7efb498586ee8bf6&_nc_vs=HBksFQIYRWZiX2VwaGVtZXJhbC82NTQ5NkQ3NTU1MDQ3N0VDMjMzRjBBNzdENDEyMThBRl9tdF8xX3ZpZGVvX2Rhc2hpbml0Lm1wNBUAAsgBEgAVAhhAZmJfcGVybWFuZW50L0Y1NEM5OEIxQ0M1OTBGNjZCOUZGREFCMTcyREQ1NTgyX2F1ZGlvX2Rhc2hpbml0Lm1wNBUCAsgBEgAoABgAGwKIB3VzZV9vaWwBMRJwcm9ncmVzc2l2ZV9yZWNpcGUBMRUAACaK1J657tHPAxUCKAJDMywXQD93S8an754YGWRhc2hfaDI2NC1iYXNpYy1nZW4yXzcyMHARAHUAZd6oAQA&_nc_gid=YtBF-XvrGJN3hGpmZNuZ_w&_nc_ss=7f180&_nc_zt=28&oh=00_AQHrrisw6WOBmZDgUq-zrl3XTn7Oc4-C2WoOR-ViTyFDWg&oe=6A75A04D,"['FACEBOOK', 'INSTAGRAM', 'AUDIENCE_NETWORK', 'MESSENGER', 'WHATSAPP', 'THREADS']",au,cw,facebook,social,2026-W31,2026-08,"FACEBOOK, INSTAGRAM, AUDIENCE_NETWORK, MESSENGER, WHATSAPP, THREADS",True,True,True,True,True,True,Brand/Category Page,True,False,False,2026-08-03,2026-07-22 07:00:00,2026-08-03 15:37:17.103942,12
2253616945438567,,True,2026-07-22 07:00:00,2026-08-02 07:00:00,Chemist Warehouse,Chemist Warehouse,{{product.name}},{{product.brand}},Shop now,DCO,https://www.chemistwarehouse.com.au/shop-online/684/olay?utm_source=facebook&utm_medium=social&utm_campaign=au_cw_oa_facebook_social_proctergambleaustralia_olay_665_july26_100678-wrinklepen_video-image&utm_term=traffic&utm_content=video-image_brand,www.chemistwarehouse.com.au,/shop-online/684/olay,facebook,social,au_cw_oa_facebook_social_proctergambleaustralia_olay_665_july26_100678-wrinklepen_video-image,665,traffic,video-image_brand,O&O,Proctergambleaustralia,Olay,july26,video-image,Try NEW OLAY Wrinkle Pen,"NEW Olay Wrinkle Pen visibly reduces deep wrinkles with targeted, precision application",Shop Now,,https://video.fpss5-1.fna.fbcdn.net/o1/v/t2/f2/m366/AQPpHMw56yFiBclqoSO6EySMkITlKTkBoddQcURxqUfS2bhPZtW9QO_Yj8AulPg6mjh7OvXZgoLgzgXrPbPE_bWTGhew80xB75YSfL_UiyuZDw.mp4?_nc_cat=105&_nc_oc=AdrHsLXbjUCZLXajKJVx-i-h91PQ3iMb59oBeV08xqcRc2fM7P8WBRGgONC02JpmUmU&_nc_sid=b66105&_nc_ht=video.fpss5-1.fna.fbcdn.net&_nc_ohc=X5OuBJw2pdMQ7kNvwG5tp6p&efg=eyJ2ZW5jb2RlX3RhZyI6Inhwdl9wcm9ncmVzc2l2ZS5WSV9VU0VDQVNFX1BST0RVQ1RfVFlQRS4uQzMuMTI4MC5kYXNoX2gyNjQtYmFzaWMtZ2VuMl83MjBwIiwieHB2X2Fzc2V0X2lkIjoxMDY2MDk4NTU5MTkwNDA1LCJhc3NldF9hZ2VfZGF5cyI6MTMsInZpX3VzZWNhc2VfaWQiOjEwNzk5LCJkdXJhdGlvbl9zIjozMCwidXJsZ2VuX3NvdXJjZSI6Ind3dyJ9&ccb=17-1&vs=9b09d1aa6d8391e0&_nc_vs=HBksFQIYRWZiX2VwaGVtZXJhbC9FRTQ4MjU4MTM4RjNBMDg5QUU3NUY2OTgyMzAyMDE5RF9tdF8xX3ZpZGVvX2Rhc2hpbml0Lm1wNBUAAsgBEgAVAhhAZmJfcGVybWFuZW50LzFFNDc0OUExRjZGOERFMzI3OEZGQkU5ODMzNjY5NzgxX2F1ZGlvX2Rhc2hpbml0Lm1wNBUCAsgBEgAoABgAGwKIB3VzZV9vaWwBMRJwcm9ncmVzc2l2ZV9yZWNpcGUBMRUAACaKltSejefkAxUCKAJDMywXQD4AAAAAAAAYGWRhc2hfaDI2NC1iYXNpYy1nZW4yXzcyMHARAHUAZd6oAQA&_nc_gid=u0YMbC2KjHAKQlMggPZVhg&_nc_ss=7f180&_nc_zt=28&oh=00_AQG5K_jEZt7-Uait7NR3O_mEbUcbPwNGQwP_soZhvatHyQ&oe=6A75759B,"['FACEBOOK', 'INSTAGRAM', 'AUDIENCE_NETWORK', 'MESSENGER', 'WHATSAPP', 'THREADS']",au,cw,facebook,social,2026-W31,2026-08,"FACEBOOK, INSTAGRAM, AUDIENCE_NETWORK, MESSENGER, WHATSAPP, THREADS",True,True,True,True,True,True,Brand/Category Page,True,False,False,2026-08-03,2026-07-22 07:00:00,2026-08-03 15:37:17.103942,12
899032629915391,,True,2026-07-22 07:00:00,2026-08-02 07:00:00,Chemist Warehouse,Chemist Warehouse,{{product.name}},{{product.brand}},Shop now,DCO,https://www.chemistwarehouse.com.au/shop-online/6918/the-collagen-co?utm_source=facebook&utm_medium=social&utm_campaign=au_cw_oa_facebook_social_collagenco_thecollagenco_1255_jul26_100686-oa_video&utm_term=reach&utm_content=video_video,www.chemistwarehouse.com.au,/shop-online/6918/the-collagen-co,facebook,social,au_cw_oa_facebook_social_collagenco_thecollagenco_1255_jul26_100686-oa_video,1255,reach,video_video,O&O,Collagenco,Thecollagenco,jul26,video,Shop The Collagen Co now at Chemist Warehouse,Where beauty meets nutrition. Shop The Collagen Co.’s collagen range at Chemist Warehouse.,Shop Now,,https://video.fpss5-1.fna.fbcdn.net/o1/v/t2/f2/m366/AQNbNHs8AZgShnJa2BVVsEjUb-l8oa1nBSnlp6Lwv224C0gkN-hiL0pMYMqoFc19iBM8XVUHfAd9r-LASSfVkAu1yXIHwfYrhBn3M9iNhyE19Q.mp4?_nc_cat=100&_nc_oc=Adq1kH-K0CwYzmIX308Dty--gvzjxhXjsutsDT1KuwWPdWIJ-d_A1bukkrtjEvz6N8Q&_nc_sid=b66105&_nc_ht=video.fpss5-1.fna.fbcdn.net&_nc_ohc=T4D2MBTpQp0Q7kNvwHwB-fO&efg=eyJ2ZW5jb2RlX3RhZyI6Inhwdl9wcm9ncmVzc2l2ZS5WSV9VU0VDQVNFX1BST0RVQ1RfVFlQRS4uQzMuNzIwLmRhc2hfaDI2NC1iYXNpYy1nZW4yXzcyMHAiLCJ4cHZfYXNzZXRfaWQiOjk2NjMwMDI1OTc2NjI5MywiYXNzZXRfYWdlX2RheXMiOjEzLCJ2aV91c2VjYXNlX2lkIjoxMDc5OSwiZHVyYXRpb25fcyI6NTQsInVybGdlbl9zb3VyY2UiOiJ3d3cifQ%3D%3D&ccb=17-1&vs=3138427979b112fc&_nc_vs=HBksFQIYRWZiX2VwaGVtZXJhbC9BMTQ4QzM3NUQxQTEwNEFGRUE3QjRFNjU3NzJENTZCNV9tdF8xX3ZpZGVvX2Rhc2hpbml0Lm1wNBUAAsgBEgAVAhhAZmJfcGVybWFuZW50Lzc4NEY4NDk5MzY0OTEzOTA5RDZDRTAxMUFDMkUxRTk4X2F1ZGlvX2Rhc2hpbml0Lm1wNBUCAsgBEgAoABgAGwKIB3VzZV9vaWwBMRJwcm9ncmVzc2l2ZV9yZWNpcGUBMRUAACaqwNb7iba3AxUCKAJDMywXQEsqn752yLQYGWRhc2hfaDI2NC1iYXNpYy1nZW4yXzcyMHARAHUAZd6oAQA&_nc_gid=YtBF-XvrGJN3hGpmZNuZ_w&_nc_ss=7f180&_nc_zt=28&oh=00_AQG0PsGYDMuM6y5HBvD_HOBGWyGg-K6H6pj96sXEaO7m6g&oe=6A759BD8,"['FACEBOOK', 'INSTAGRAM', 'AUDIENCE_NETWORK', 'WHATSAPP', 'THREADS']",au,cw,facebook,social,2026-W31,2026-08,"FACEBOOK, INSTAGRAM, AUDIENCE_NETWORK, WHATSAPP, THREADS",True,True,True,False,True,True,Brand/Category Page,True,False,False,2026-08-03,2026-07-22 07:00:00,2026-08-03 15:37:17.103942,12
965431039838485,2986835178188069,True,2026-07-22 07:00:00,2026-08-02 07:00:00,Chemist Warehouse,Chemist Warehouse,{{product.name}},{{product.brand}},Shop now,DCO,https://www.chemistwarehouse.com.au/shop-online/505/natures-own?category=Muscles%2C%20Bones%20%26%20Joints&utm_source=facebook&utm_medium=social&utm_campaign=au_cw_oa_facebook_social_sanoficonsumerhealthcare_naturesown_81_july26_100677-muscle_conversion&utm_term=conversion&utm_content=conversion_brand,www.chemistwarehouse.com.au,/shop-online/505/natures-own,facebook,social,au_cw_oa_facebook_social_sanoficonsumerhealthcare_naturesown_81_july26_100677-muscle_conversion,81,conversion,conversion_brand,O&O,Sanoficonsumerhealthcare,Naturesown,july26,conversion,"Want to go from achy to active?
",Nature's Own Magnesium Glycinate contains a superior absorbed form of magnesium* to relieve muscle tiredness and cramps^,Shop Now,https://scontent.fpss5-1.fna.fbcdn.net/v/t39.35426-6/745046096_993252413529549_7785628693765274609_n.jpg?_nc_cat=108&ccb=1-7&_nc_sid=c53f8f&_nc_ohc=V1qY5f2trG8Q7kNvwEN-7nH&_nc_oc=AdpU5WBa13bs63BjIJo5kob8sF8VIFiKkkp0n3BnGhxPm0vOF_VtbPyXo3PzZb0pJlw&_nc_zt=14&_nc_ht=scontent.fpss5-1.fna&_nc_gid=u0YMbC2KjHAKQlMggPZVhg&_nc_ss=7f180&oh=00_AQH8fH9eOTPwsKHpk7ggMv0eFkTsFejLXvBEO1gE0_1OZQ&oe=6A757D03,,"['FACEBOOK', 'INSTAGRAM', 'AUDIENCE_NETWORK', 'MESSENGER', 'THREADS']",au,cw,facebook,social,2026-W31,2026-08,"FACEBOOK, INSTAGRAM, AUDIENCE_NETWORK, MESSENGER, THREADS",True,True,True,True,True,False,Brand/Category Page,True,False,False,2026-08-03,2026-07-22 07:00:00,2026-08-03 15:37:17.103942,12
1028070959597207,,True,2026-07-22 07:00:00,2026-08-02 07:00:00,Chemist Warehouse,Chemist Warehouse,{{product.name}},{{product.brand}},Shop now,DCO,https://www.chemistwarehouse.com.au/shop-online/684/olay?utm_source=facebook&utm_medium=social&utm_campaign=au_cw_oa_facebook_social_proctergambleaustralia_olay_665_july26_100678-wrinklepen_video-image&utm_term=traffic&utm_content=video-image_brand,www.chemistwarehouse.com.au,/shop-online/684/olay,facebook,social,au_cw_oa_facebook_social_proctergambleaustralia_olay_665_july26_100678-wrinklepen_video-image,665,traffic,video-image_brand,O&O,Proctergambleaustralia,Olay,july26,video-image,Try NEW OLAY Wrinkle Pen,"NEW Olay Wrinkle Pen visibly reduces deep wrinkles with targeted, precision application",Shop Now,,https://video.fpss5-1.fna.fbcdn.net/o1/v/t2/f2/m366/AQPDpFPjiLg947Mv3hnaHnpKcZw4jz6PUcP7Ztv3F8X8wkN7vPFAjUXjFwpwH2RqeTaJ3SffV2F0Pj4BMakxoz-194NxXiN9ElnoLla9HylG_g.mp4?_nc_cat=110&_nc_oc=AdomnFJ-JLUODpkBAQVxInebt5VcDoj0RLIhTF-q9FRaPXW2j-mjefTWTmAt0WpGj7o&_nc_sid=b66105&_nc_ht=video.fpss5-1.fna.fbcdn.net&_nc_ohc=ScBytSuxL2kQ7kNvwFN1uiL&efg=eyJ2ZW5jb2RlX3RhZyI6Inhwdl9wcm9ncmVzc2l2ZS5WSV9VU0VDQVNFX1BST0RVQ1RfVFlQRS4uQzMuMTI4MC5kYXNoX2gyNjQtYmFzaWMtZ2VuMl83MjBwIiwieHB2X2Fzc2V0X2lkIjoxMDM0Nzc3OTMyODA1NzYwLCJhc3NldF9hZ2VfZGF5cyI6MTMsInZpX3VzZWNhc2VfaWQiOjEwNzk5LCJkdXJhdGlvbl9zIjo2MCwidXJsZ2VuX3NvdXJjZSI6Ind3dyJ9&ccb=17-1&vs=1267474bcce571ab&_nc_vs=HBksFQIYRWZiX2VwaGVtZXJhbC82MTRFN0QzNDgwNkRFOTA3NjY3NTEzMkRBQjk4RTU5Rl9tdF8xX3ZpZGVvX2Rhc2hpbml0Lm1wNBUAAsgBEgAVAhhAZmJfcGVybWFuZW50L0NBNEM2QjQ2MTBFREE1OUNFM0NBNkREMDZFNkYwQkI3X2F1ZGlvX2Rhc2hpbml0Lm1wNBUCAsgBEgAoABgAGwKIB3VzZV9vaWwBMRJwcm9ncmVzc2l2ZV9yZWNpcGUBMRUAACaA2tmxgMjWAxUCKAJDMywXQE4AAAAAAAAYGWRhc2hfaDI2NC1iYXNpYy1nZW4yXzcyMHARAHUAZd6oAQA&_nc_gid=u0YMbC2KjHAKQlMggPZVhg&_nc_ss=7f180&_nc_zt=28&oh=00_AQFioMysX34vTi8bij5UET1hdZhxX31dMODspmulFFdQQA&oe=6A75A4E6,"['FACEBOOK', 'INSTAGRAM', 'AUDIENCE_NETWORK', 'MESSENGER', 'WHATSAPP', 'THREADS']",au,cw,facebook,social,2026-W31,2026-08,"FACEBOOK, INSTAGRAM, AUDIENCE_NETWORK, MESSENGER, WHATSAPP, THREADS",True,True,True,True,True,True,Brand/Category Page,True,False,False,2026-08-03,2026-07-22 07:00:00,2026-08-03 15:37:17.103942,12
1377809704225154,,True,2026-07-22 07:00:00,2026-08-02 07:00:00,Chemist Warehouse,Chemist Warehouse,{{product.name}},{{product.brand}},Shop now,DCO,https://www.chemistwarehouse.com.au/shop-online/684/olay?utm_source=facebook&utm_medium=social&utm_campaign=au_cw_coop_facebook_social_proctergambleaustralia_olay_665_july26_100078-wrinklepen_video-image&utm_term=conversion&utm_content=video-image_brand,www.chemistwarehouse.com.au,/shop-online/684/olay,facebook,social,au_cw_coop_facebook_social_proctergambleaustralia_olay_665_july26_100078-wrinklepen_video-image,665,conversion,video-image_brand,Coop,Proctergambleaustralia,Olay,july26,video-image,Shop Olay Wrinkle Pen Now,Shop NEW Olay Wrinkle Pen. Now Available at Chemist Warehouse.,Shop Now,,https://video.fpss5-1.fna.fbcdn.net/o1/v/t2/f2/m366/AQMQZSzdjM31bA8s3Y2LvrfuhSW3SxeshcCNQLVYSKFc0RNkvOCNous0r3EpF2gWeF-Q-Hy7EnOuHBFTNExWkN8CCq-9UgKkAisd6KwIedjYFw.mp4?_nc_cat=110&_nc_oc=AdozUVaAG0GQWf0EuLsn7wf8g_Okvp78pKz2hI0hJjjtXEmrMTuzbTrnu_PzhFvonzk&_nc_sid=b66105&_nc_ht=video.fpss5-1.fna.fbcdn.net&_nc_ohc=A36uPZdlQ2AQ7kNvwFdPkau&efg=eyJ2ZW5jb2RlX3RhZyI6Inhwdl9wcm9ncmVzc2l2ZS5WSV9VU0VDQVNFX1BST0RVQ1RfVFlQRS4uQzMuMTI4MC5kYXNoX2gyNjQtYmFzaWMtZ2VuMl83MjBwIiwieHB2X2Fzc2V0X2lkIjoxMDE4MzE1Nzg0MTUyMjc0LCJhc3NldF9hZ2VfZGF5cyI6MTMsInZpX3VzZWNhc2VfaWQiOjEwNzk5LCJkdXJhdGlvbl9zIjoxNSwidXJsZ2VuX3NvdXJjZSI6Ind3dyJ9&ccb=17-1&vs=ae1bb62ee165bcd3&_nc_vs=HBksFQIYRWZiX2VwaGVtZXJhbC8yOTRGQjM3Qzc3MEUwMjg2MUZFNkUyOTBDMERDNkZBRF9tdF8xX3ZpZGVvX2Rhc2hpbml0Lm1wNBUAAsgBEgAVAhhAZmJfcGVybWFuZW50L0I4NDExOEVCQzRGMTQ5QzMyRDU1QUE4ODI2NUJEQTk2X2F1ZGlvX2Rhc2hpbml0Lm1wNBUCAsgBEgAoABgAGwKIB3VzZV9vaWwBMRJwcm9ncmVzc2l2ZV9yZWNpcGUBMRUAACakk6vp44nPAxUCKAJDMywXQC4AAAAAAAAYGWRhc2hfaDI2NC1iYXNpYy1nZW4yXzcyMHARAHUAZd6oAQA&_nc_gid=u0YMbC2KjHAKQlMggPZVhg&_nc_ss=7f180&_nc_zt=28&oh=00_AQG3DFWGXF0whrDvCGd5ebkN9L-hz4m9rFlDgyk4ZKRjmg&oe=6A75754E,"['FACEBOOK', 'INSTAGRAM', 'AUDIENCE_NETWORK', 'MESSENGER', 'THREADS']",au,cw,facebook,social,2026-W31,2026-08,"FACEBOOK, INSTAGRAM, AUDIENCE_NETWORK, MESSENGER, THREADS",True,True,True,True,True,False,Brand/Category Page,True,False,False,2026-08-03,2026-07-22 07:00:00,2026-08-03 15:37:17.103942,12
1049199410956110,1351450646483762,True,2026-07-22 07:00:00,2026-08-02 07:00:00,Chemist Warehouse,Chemist Warehouse,{{product.name}},{{product.brand}},Shop now,DCO,https://www.chemistwarehouse.com.au/shop-online/505/natures-own?category=Muscles%2C%20Bones%20%26%20Joints&utm_source=facebook&utm_medium=social&utm_campaign=au_cw_oa_facebook_social_sanoficonsumerhealthcare_naturesown_81_july26_100677-muscle_conversion&utm_term=conversion&utm_content=conversion_brand,www.chemistwarehouse.com.au,/shop-online/505/natures-own,facebook,social,au_cw_oa_facebook_social_sanoficonsumerhealthcare_naturesown_81_july26_100677-muscle_conversion,81,conversion,conversion_brand,O&O,Sanoficonsumerhealthcare,Naturesown,july26,conversion,"Want to go from achy to active?
",Nature's Own Magnesium Glycinate contains a superior absorbed form of magnesium* to relieve muscle tiredness and cramps^,Shop Now,,https://video.fpss5-1.fna.fbcdn.net/o1/v/t2/f2/m366/AQNIT9R22W77X2zSyPTuhV5bOn18_Q6jZjFxeAM4fRUMQ2UNTyuYwFQkiE6JNbpf-l9cNxemoQKHeZZmmHNuk43bke9DsO8DG5s7cARhoQWLUA.mp4?_nc_cat=106&_nc_oc=AdqjWHigZCasgGfXTHpsIciEGPIObF6f3wb2CspeSKn_vKYQK1I6P_9mDms-C4cQcqI&_nc_sid=b66105&_nc_ht=video.fpss5-1.fna.fbcdn.net&_nc_ohc=HRwJxSELasYQ7kNvwF8YyZx&efg=eyJ2ZW5jb2RlX3RhZyI6Inhwdl9wcm9ncmVzc2l2ZS5WSV9VU0VDQVNFX1BST0RVQ1RfVFlQRS4uQzMuNzE2LmRhc2hfaDI2NC1iYXNpYy1nZW4yXzcyMHAiLCJ4cHZfYXNzZXRfaWQiOjEwNzM0MTYwODUyNjMxMDAsImFzc2V0X2FnZV9kYXlzIjoxMSwidmlfdXNlY2FzZV9pZCI6MTA3OTksImR1cmF0aW9uX3MiOjQyLCJ1cmxnZW5fc291cmNlIjoid3d3In0%3D&ccb=17-1&vs=13b2940e35238a0d&_nc_vs=HBksFQIYRWZiX2VwaGVtZXJhbC8zNDREOUQ1NUMzNTc0NkREQUQ5MkZERjAxMzYwNjM4NF9tdF8xX3ZpZGVvX2Rhc2hpbml0Lm1wNBUAAsgBEgAVAhhAZmJfcGVybWFuZW50LzQ1NDA4NjRGN0JDQTg0MTQ1OTRCQzZBQTU0RkJGQzhEX2F1ZGlvX2Rhc2hpbml0Lm1wNBUCAsgBEgAoABgAGwKIB3VzZV9vaWwBMRJwcm9ncmVzc2l2ZV9yZWNpcGUBMRUAACb4y6qHhZHoAxUCKAJDMywXQEUzMzMzMzMYGWRhc2hfaDI2NC1iYXNpYy1nZW4yXzcyMHARAHUAZd6oAQA&_nc_gid=u0YMbC2KjHAKQlMggPZVhg&_nc_ss=7f180&_nc_zt=28&oh=00_AQGVO6Dmzg6sJQte79_zxXIyNUdrNQPnDW-874CRhAPX7w&oe=6A75750E,"['FACEBOOK', 'INSTAGRAM', 'AUDIENCE_NETWORK', 'MESSENGER', 'THREADS']",au,cw,facebook,social,2026-W31,2026-08,"FACEBOOK, INSTAGRAM, AUDIENCE_NETWORK, MESSENGER, THREADS",True,True,True,True,True,False,Brand/Category Page,True,False,False,2026-08-03,2026-07-22 07:00:00,2026-08-03 15:37:17.103942,12
1942896250432329,,True,2026-07-22 07:00:00,2026-08-02 07:00:00,Chemist Warehouse,Chemist Warehouse,Gillette x Audi Revolut ®,"WIN a Audi Revolut F1 Team SINGAPORE EXPERIENCE with Gillette, Venus and Braun. T&Cs Apply",Shop now,IMAGE,https://fb.com/canvas_doc/1376052857958270,fb.com,/canvas_doc/1376052857958270,,,,,,,Not Specified,,,,,,,,,,"['FACEBOOK', 'INSTAGRAM', 'AUDIENCE_NETWORK', 'MESSENGER', 'THREADS']",,,,,2026-W31,2026-08,"FACEBOOK, INSTAGRAM, AUDIENCE_NETWORK, MESSENGER, THREADS",True,True,True,True,True,False,Internal/App Page,True,False,False,2026-08-03,2026-07-22 07:00:00,2026-08-03 15:37:17.103942,12
905107512635348,,True,2026-07-22 07:00:00,2026-08-02 07:00:00,Chemist Warehouse,Chemist Warehouse,{{product.name}},{{product.brand}},Shop now,DCO,https://www.chemistwarehouse.com.au/shop-online/684/olay?utm_source=facebook&utm_medium=social&utm_campaign=au_cw_coop_facebook_social_proctergambleaustralia_olay_665_july26_100078-wrinklepen_video-image&utm_term=conversion&utm_content=video-image_brand,www.chemistwarehouse.com.au,/shop-online/684/olay,facebook,social,au_cw_coop_facebook_social_proctergambleaustralia_olay_665_july26_100078-wrinklepen_video-image,665,conversion,video-image_brand,Coop,Proctergambleaustralia,Olay,july26,video-image,Shop Olay Wrinkle Pen Now,Shop NEW Olay Wrinkle Pen. Now Available at Chemist Warehouse.,Shop Now,,https://video.fpss5-1.fna.fbcdn.net/o1/v/t2/f2/m366/AQO0os2gzZ5V_2O0JQha7ZvnB94zDX3W1OxEI12HKfdRfS8NOkE5kU2ghUPAc6VQJP21iHSHdWIOKSBbV1eaPlyXJTtCo2bqGTMpQxTiGu9vfA.mp4?_nc_cat=111&_nc_oc=AdozZKNkqhRtUQ1cn6tndxhDRNL0BZnotVC-JxKW02c5EL0IMYNWD6OcVRklaEE5DEY&_nc_sid=b66105&_nc_ht=video.fpss5-1.fna.fbcdn.net&_nc_ohc=rZthJXLXtlQQ7kNvwEbjA0o&efg=eyJ2ZW5jb2RlX3RhZyI6Inhwdl9wcm9ncmVzc2l2ZS5WSV9VU0VDQVNFX1BST0RVQ1RfVFlQRS4uQzMuMTI4MC5kYXNoX2gyNjQtYmFzaWMtZ2VuMl83MjBwIiwieHB2X2Fzc2V0X2lkIjoyOTgzMjU4MTE4NTQ0NzQwLCJhc3NldF9hZ2VfZGF5cyI6MTMsInZpX3VzZWNhc2VfaWQiOjEwNzk5LCJkdXJhdGlvbl9zIjo3LCJ1cmxnZW5fc291cmNlIjoid3d3In0%3D&ccb=17-1&vs=f13dab27251d55dc&_nc_vs=HBksFQIYRWZiX2VwaGVtZXJhbC82MTQ5MTNENTIwMzBBNzdCMzlGQjU0NUM1NjA0QUQ5M19tdF8xX3ZpZGVvX2Rhc2hpbml0Lm1wNBUAAsgBEgAVAhhAZmJfcGVybWFuZW50LzhGNDEyQUEzODY2NjE1MjY1NUEwRjNEQjBCRDI3MDk3X2F1ZGlvX2Rhc2hpbml0Lm1wNBUCAsgBEgAoABgAGwKIB3VzZV9vaWwBMRJwcm9ncmVzc2l2ZV9yZWNpcGUBMRUAACbI9e6GvdDMChUCKAJDMywXQBwAAAAAAAAYGWRhc2hfaDI2NC1iYXNpYy1nZW4yXzcyMHARAHUAZd6oAQA&_nc_gid=u0YMbC2KjHAKQlMggPZVhg&_nc_ss=7f180&_nc_zt=28&oh=00_AQFsHkkjee_-Dxx54WfsxqxGkITYwVmKFZwbFG_jGxiOIA&oe=6A75931D,"['FACEBOOK', 'INSTAGRAM', 'AUDIENCE_NETWORK', 'MESSENGER', 'THREADS']",au,cw,facebook,social,2026-W31,2026-08,"FACEBOOK, INSTAGRAM, AUDIENCE_NETWORK, MESSENGER, THREADS",True,True,True,True,True,False,Brand/Category Page,True,False,False,2026-08-03,2026-07-22 07:00:00,2026-08-03 15:37:17.103942,12
1552908666277868,,True,2026-07-22 07:00:00,2026-08-02 07:00:00,Chemist Warehouse,Chemist Warehouse,{{product.name}},{{product.brand}},Shop now,DCO,https://www.chemistwarehouse.com.au/shop-online/684/olay?utm_source=facebook&utm_medium=social&utm_campaign=au_cw_oa_facebook_social_proctergambleaustralia_olay_665_july26_100678-wrinklepen_video-image&utm_term=traffic&utm_content=video-image_brand,www.chemistwarehouse.com.au,/shop-online/684/olay,facebook,social,au_cw_oa_facebook_social_proctergambleaustralia_olay_665_july26_100678-wrinklepen_video-image,665,traffic,video-image_brand,O&O,Proctergambleaustralia,Olay,july26,video-image,Try NEW OLAY Wrinkle Pen,"NEW Olay Wrinkle Pen visibly reduces deep wrinkles with targeted, precision application",Shop Now,,https://video.fpss5-1.fna.fbcdn.net/o1/v/t2/f2/m366/AQPpHMw56yFiBclqoSO6EySMkITlKTkBoddQcURxqUfS2bhPZtW9QO_Yj8AulPg6mjh7OvXZgoLgzgXrPbPE_bWTGhew80xB75YSfL_UiyuZDw.mp4?_nc_cat=105&_nc_oc=AdrHsLXbjUCZLXajKJVx-i-h91PQ3iMb59oBeV08xqcRc2fM7P8WBRGgONC02JpmUmU&_nc_sid=b66105&_nc_ht=video.fpss5-1.fna.fbcdn.net&_nc_ohc=X5OuBJw2pdMQ7kNvwG5tp6p&efg=eyJ2ZW5jb2RlX3RhZyI6Inhwdl9wcm9ncmVzc2l2ZS5WSV9VU0VDQVNFX1BST0RVQ1RfVFlQRS4uQzMuMTI4MC5kYXNoX2gyNjQtYmFzaWMtZ2VuMl83MjBwIiwieHB2X2Fzc2V0X2lkIjoxMDY2MDk4NTU5MTkwNDA1LCJhc3NldF9hZ2VfZGF5cyI6MTMsInZpX3VzZWNhc2VfaWQiOjEwNzk5LCJkdXJhdGlvbl9zIjozMCwidXJsZ2VuX3NvdXJjZSI6Ind3dyJ9&ccb=17-1&vs=9b09d1aa6d8391e0&_nc_vs=HBksFQIYRWZiX2VwaGVtZXJhbC9FRTQ4MjU4MTM4RjNBMDg5QUU3NUY2OTgyMzAyMDE5RF9tdF8xX3ZpZGVvX2Rhc2hpbml0Lm1wNBUAAsgBEgAVAhhAZmJfcGVybWFuZW50LzFFNDc0OUExRjZGOERFMzI3OEZGQkU5ODMzNjY5NzgxX2F1ZGlvX2Rhc2hpbml0Lm1wNBUCAsgBEgAoABgAGwKIB3VzZV9vaWwBMRJwcm9ncmVzc2l2ZV9yZWNpcGUBMRUAACaKltSejefkAxUCKAJDMywXQD4AAAAAAAAYGWRhc2hfaDI2NC1iYXNpYy1nZW4yXzcyMHARAHUAZd6oAQA&_nc_gid=u0YMbC2KjHAKQlMggPZVhg&_nc_ss=7f180&_nc_zt=28&oh=00_AQG5K_jEZt7-Uait7NR3O_mEbUcbPwNGQwP_soZhvatHyQ&oe=6A75759B,"['FACEBOOK', 'INSTAGRAM', 'AUDIENCE_NETWORK', 'MESSENGER', 'WHATSAPP', 'THREADS']",au,cw,facebook,social,2026-W31,2026-08,"FACEBOOK, INSTAGRAM, AUDIENCE_NETWORK, MESSENGER, WHATSAPP, THREADS",True,True,True,True,True,True,Brand/Category Page,True,False,False,2026-08-03,2026-07-22 07:00:00,2026-08-03 15:37:17.103942,12
2127492624478085,,True,2026-07-22 07:00:00,2026-08-01 07:00:00,Chemist Warehouse,Chemist Warehouse,{{product.name}},{{product.brand}},Shop now,DCO,https://www.chemistwarehouse.com.au/shop-online/684/olay?utm_source=facebook&utm_medium=social&utm_campaign=au_cw_oa_facebook_social_proctergambleaustralia_olay_665_july26_100678-wrinklepen_video-image&utm_term=traffic&utm_content=video-image_brand,www.chemistwarehouse.com.au,/shop-online/684/olay,facebook,social,au_cw_oa_facebook_social_proctergambleaustralia_olay_665_july26_100678-wrinklepen_video-image,665,traffic,video-image_brand,O&O,Proctergambleaustralia,Olay,july26,video-image,Try NEW OLAY Wrinkle Pen,"NEW Olay Wrinkle Pen visibly reduces deep wrinkles with targeted, precision application",Shop Now,,https://video.fpss5-1.fna.fbcdn.net/o1/v/t2/f2/m366/AQPDpFPjiLg947Mv3hnaHnpKcZw4jz6PUcP7Ztv3F8X8wkN7vPFAjUXjFwpwH2RqeTaJ3SffV2F0Pj4BMakxoz-194NxXiN9ElnoLla9HylG_g.mp4?_nc_cat=110&_nc_oc=AdomnFJ-JLUODpkBAQVxInebt5VcDoj0RLIhTF-q9FRaPXW2j-mjefTWTmAt0WpGj7o&_nc_sid=b66105&_nc_ht=video.fpss5-1.fna.fbcdn.net&_nc_ohc=ScBytSuxL2kQ7kNvwFN1uiL&efg=eyJ2ZW5jb2RlX3RhZyI6Inhwdl9wcm9ncmVzc2l2ZS5WSV9VU0VDQVNFX1BST0RVQ1RfVFlQRS4uQzMuMTI4MC5kYXNoX2gyNjQtYmFzaWMtZ2VuMl83MjBwIiwieHB2X2Fzc2V0X2lkIjoxMDM0Nzc3OTMyODA1NzYwLCJhc3NldF9hZ2VfZGF5cyI6MTMsInZpX3VzZWNhc2VfaWQiOjEwNzk5LCJkdXJhdGlvbl9zIjo2MCwidXJsZ2VuX3NvdXJjZSI6Ind3dyJ9&ccb=17-1&vs=1267474bcce571ab&_nc_vs=HBksFQIYRWZiX2VwaGVtZXJhbC82MTRFN0QzNDgwNkRFOTA3NjY3NTEzMkRBQjk4RTU5Rl9tdF8xX3ZpZGVvX2Rhc2hpbml0Lm1wNBUAAsgBEgAVAhhAZmJfcGVybWFuZW50L0NBNEM2QjQ2MTBFREE1OUNFM0NBNkREMDZFNkYwQkI3X2F1ZGlvX2Rhc2hpbml0Lm1wNBUCAsgBEgAoABgAGwKIB3VzZV9vaWwBMRJwcm9ncmVzc2l2ZV9yZWNpcGUBMRUAACaA2tmxgMjWAxUCKAJDMywXQE4AAAAAAAAYGWRhc2hfaDI2NC1iYXNpYy1nZW4yXzcyMHARAHUAZd6oAQA&_nc_gid=u0YMbC2KjHAKQlMggPZVhg&_nc_ss=7f180&_nc_zt=28&oh=00_AQFioMysX34vTi8bij5UET1hdZhxX31dMODspmulFFdQQA&oe=6A75A4E6,"['FACEBOOK', 'INSTAGRAM', 'AUDIENCE_NETWORK', 'MESSENGER', 'WHATSAPP', 'THREADS']",au,cw,facebook,social,2026-W31,2026-08,"FACEBOOK, INSTAGRAM, AUDIENCE_NETWORK, MESSENGER, WHATSAPP, THREADS",True,True,True,True,True,True,Brand/Category Page,True,False,False,2026-08-03,2026-07-22 07:00:00,2026-08-03 15:37:17.103942,12
1038161489179379,2601009157023790,True,2026-07-20 07:00:00,2026-08-02 07:00:00,Chemist Warehouse,Chemist Warehouse,Effective Pain Relief,"Zenifen provides temporary relief from headaches, back pain, period pain, dental pain and more, so you can get on with your day.",Shop now,VIDEO,https://www.chemistwarehouse.com.au/buy/149125/zenifen-200mg-48-tablets,www.chemistwarehouse.com.au,/buy/149125/zenifen-200mg-48-tablets,,,,,,,Not Specified,,,,,,,,,,"['FACEBOOK', 'INSTAGRAM', 'WHATSAPP', 'THREADS']",,,,,2026-W31,2026-08,"FACEBOOK, INSTAGRAM, WHATSAPP, THREADS",True,True,False,False,True,True,SKU Product,True,False,False,2026-08-03,2026-07-20 07:00:00,2026-08-03 15:37:17.103942,14
2260407808058657,1388440813261621,True,2026-07-20 07:00:00,2026-08-02 07:00:00,Chemist Warehouse,Chemist Warehouse,{{product.name}},{{product.brand}},Shop now,DCO,https://www.chemistwarehouse.com.au/buy/149125/zenifen-200mg-48-tablets,www.chemistwarehouse.com.au,/buy/149125/zenifen-200mg-48-tablets,,,,,,,Not Specified,,,,,Effective Pain Relief,"Zenifen provides temporary relief from headaches, back pain, period pain, dental pain and more, so you can get on with your day.",Shop Now,https://scontent.fpss5-1.fna.fbcdn.net/v/t39.35426-6/746155811_1007573422318601_8449082391526961106_n.jpg?_nc_cat=104&ccb=1-7&_nc_sid=c53f8f&_nc_ohc=kaEQbhv8fTwQ7kNvwFUb9y9&_nc_oc=AdrzH5tdbnElgiyMGsAcQP8IP8zZ5s6-Wf-lCxBe_1Iyt8mrP5oEnAQ-Ltdt4WR74rE&_nc_zt=14&_nc_ht=scontent.fpss5-1.fna&_nc_gid=0OpQvX25Jh0hwzxPkZPB5Q&_nc_ss=7f180&oh=00_AQFzhupoPH3oD1JEbvH6B0uAf-nSa_1Vghya7cTwOv1T6w&oe=6A758FAF,,"['FACEBOOK', 'INSTAGRAM', 'MESSENGER', 'WHATSAPP', 'THREADS']",,,,,2026-W31,2026-08,"FACEBOOK, INSTAGRAM, MESSENGER, WHATSAPP, THREADS",True,True,False,True,True,True,SKU Product,True,False,False,2026-08-03,2026-07-20 07:00:00,2026-08-03 15:37:17.103942,14
1063260659468758,1753770455974857,True,2026-07-19 07:00:00,2026-08-02 07:00:00,Chemist Warehouse,Chemist Warehouse,Trusted Pain Relief,"Paramyl provides effective temporary relief from headaches, muscle aches, fever and everyday pain so you can get back on your feet.",Shop now,VIDEO,https://www.chemistwarehouse.com.au/buy/166312/paramyl-500mg-50-tablets,www.chemistwarehouse.com.au,/buy/166312/paramyl-500mg-50-tablets,,,,,,,Not Specified,,,,,,,,,,"['FACEBOOK', 'INSTAGRAM', 'WHATSAPP', 'THREADS']",,,,,2026-W31,2026-08,"FACEBOOK, INSTAGRAM, WHATSAPP, THREADS",True,True,False,False,True,True,SKU Product,True,False,False,2026-08-03,2026-07-19 07:00:00,2026-08-03 15:37:17.103942,15
839643592419816,26581293868180070,True,2026-07-20 07:00:00,2026-07-31 07:00:00,Chemist Warehouse,Chemist Warehouse,Get The Optimum Advantage,Harley Reid Will Do Anything To Keep the Optimum Advantage To Himself 💪,Shop now,VIDEO,https://fb.com/canvas_doc/26186229427740182,fb.com,/canvas_doc/26186229427740182,,,,,,,Not Specified,,,,,,,,,,"['FACEBOOK', 'INSTAGRAM', 'AUDIENCE_NETWORK', 'MESSENGER', 'WHATSAPP', 'THREADS']",,,,,2026-W31,2026-08,"FACEBOOK, INSTAGRAM, AUDIENCE_NETWORK, MESSENGER, WHATSAPP, THREADS",True,True,True,True,True,True,Internal/App Page,True,False,False,2026-08-03,2026-07-20 07:00:00,2026-08-03 15:37:17.103942,14
1767546517903756,1605956691112303,True,2026-07-20 07:00:00,2026-08-02 07:00:00,Chemist Warehouse,Chemist Warehouse,{{product.name}},{{product.brand}},Shop now,DCO,https://www.chemistwarehouse.com.au/buy/166312/paramyl-500mg-50-tablets,www.chemistwarehouse.com.au,/buy/166312/paramyl-500mg-50-tablets,,,,,,,Not Specified,,,,,Trusted Pain Relief,"Paramyl provides effective temporary relief from headaches, muscle aches, fever and everyday pain so you can get back on your feet.",Shop Now,https://scontent.fpss5-1.fna.fbcdn.net/v/t39.35426-6/750377986_1338411071812182_3041818647274409647_n.jpg?_nc_cat=109&ccb=1-7&_nc_sid=c53f8f&_nc_ohc=CJOUhRyj-gQQ7kNvwEVjWFY&_nc_oc=AdrKQxcDvrlHaHWBW50Wy1Ic8nWIYNrQibNUCzpH-PaG39Wo-M4v18KgpeLyZDP_N4E&_nc_zt=14&_nc_ht=scontent.fpss5-1.fna&_nc_gid=0OpQvX25Jh0hwzxPkZPB5Q&_nc_ss=7f180&oh=00_AQGOUu-_vdWBlpGhD9p9BATZfJnOfYiD06H4Ieqr7UHHSw&oe=6A75A6A8,,"['FACEBOOK', 'INSTAGRAM', 'MESSENGER', 'WHATSAPP', 'THREADS']",,,,,2026-W31,2026-08,"FACEBOOK, INSTAGRAM, MESSENGER, WHATSAPP, THREADS",True,True,False,True,True,True,SKU Product,True,False,False,2026-08-03,2026-07-20 07:00:00,2026-08-03 15:37:17.103942,14
4198088990321679,1198220435615847,True,2026-07-19 07:00:00,2026-08-02 07:00:00,Chemist Warehouse,Chemist Warehouse,{{product.name}},{{product.brand}},Shop now,DCO,https://www.chemistwarehouse.com.au/shop-online/3144/optimum-nutrition?utm_source=facebook&utm_medium=social&utm_campaign=au_cw_coop_facebook_social_glanbiaperformancenutrition_optimumnutrition_1255_2026_bau_dynamic_100079&utm_term=traffic&utm_content=harley-reid,www.chemistwarehouse.com.au,/shop-online/3144/optimum-nutrition,facebook,social,au_cw_coop_facebook_social_glanbiaperformancenutrition_optimumnutrition_1255_2026_bau_dynamic_100079,1255,traffic,harley-reid,Coop,Glanbiaperformancenutrition,Optimumnutrition,2026,100079,Get The Optimum Advantage,Harley Reid Will Do Anything To Keep the Optimum Advantage To Himself 💪,Shop Now,,https://video.fpss5-1.fna.fbcdn.net/o1/v/t2/f2/m366/AQPCIwihwPWNdbekJkkq59XtTQyX6Kt3yeLZaj_IZng0Z2CZjZq7XlvIKpndVXhBR3xy1R4b83ehnPWq993mnoq8BxCQNFkHEMRYog7E0aMVtg.mp4?_nc_cat=102&_nc_oc=AdrL8GWBdirPAnD2SRgeQ1KLw3CRZ5ycuZsF1senaVTkyD3w-lU9TZXpjneqDB_xYh0&_nc_sid=b66105&_nc_ht=video.fpss5-1.fna.fbcdn.net&_nc_ohc=Aw5eLlRiXgkQ7kNvwEXvsPs&efg=eyJ2ZW5jb2RlX3RhZyI6Inhwdl9wcm9ncmVzc2l2ZS5WSV9VU0VDQVNFX1BST0RVQ1RfVFlQRS4uQzMuNzIwLmRhc2hfaDI2NC1iYXNpYy1nZW4yXzcyMHAiLCJ4cHZfYXNzZXRfaWQiOjIyMzc2ODIyODcwMDEzNjAsImFzc2V0X2FnZV9kYXlzIjoxMDIsInZpX3VzZWNhc2VfaWQiOjEwNzk5LCJkdXJhdGlvbl9zIjoyNSwidXJsZ2VuX3NvdXJjZSI6Ind3dyJ9&ccb=17-1&vs=f813eafa4554b150&_nc_vs=HBksFQIYRWZiX2VwaGVtZXJhbC8xOTQxMDhCNkI3NTU2NUQwQkMwN0VFMENGN0EwRDBBRF9tdF8xX3ZpZGVvX2Rhc2hpbml0Lm1wNBUAAsgBEgAVAhhAZmJfcGVybWFuZW50L0U1NDgxQzE4QTE2RTk3REY3ODJERjA2QTUyOUNCRTlCX2F1ZGlvX2Rhc2hpbml0Lm1wNBUCAsgBEgAoABgAGwKIB3VzZV9vaWwBMRJwcm9ncmVzc2l2ZV9yZWNpcGUBMRUAACag_LGdoMr5BxUCKAJDMywXQDkUeuFHrhQYGWRhc2hfaDI2NC1iYXNpYy1nZW4yXzcyMHARAHUAZd6oAQA&_nc_gid=0OpQvX25Jh0hwzxPkZPB5Q&_nc_ss=7f180&_nc_zt=28&oh=00_AQG47j27gTvmPexLshbYtO0TIidYhsgO69SBkSTvQDpGmQ&oe=6A759712,"['FACEBOOK', 'INSTAGRAM', 'AUDIENCE_NETWORK', 'MESSENGER', 'WHATSAPP', 'THREADS']",au,cw,facebook,social,2026-W31,2026-08,"FACEBOOK, INSTAGRAM, AUDIENCE_NETWORK, MESSENGER, WHATSAPP, THREADS",True,True,True,True,True,True,Brand/Category Page,True,False,False,2026-08-03,2026-07-19 07:00:00,2026-08-03 15:37:17.103942,15
3000462337012364,1198220435615847,True,2026-07-20 07:00:00,2026-08-02 07:00:00,Chemist Warehouse,Chemist Warehouse,{{product.name}},{{product.brand}},Shop now,DCO,https://www.chemistwarehouse.com.au/shop-online/3144/optimum-nutrition?utm_source=facebook&utm_medium=social&utm_campaign=au_cw_coop_facebook_social_glanbiaperformancenutrition_optimumnutrition_1255_2026_bau_dynamic_100079&utm_term=traffic&utm_content=harley-reid,www.chemistwarehouse.com.au,/shop-online/3144/optimum-nutrition,facebook,social,au_cw_coop_facebook_social_glanbiaperformancenutrition_optimumnutrition_1255_2026_bau_dynamic_100079,1255,traffic,harley-reid,Coop,Glanbiaperformancenutrition,Optimumnutrition,2026,100079,Get The Optimum Advantage,Harley Reid Will Do Anything To Keep the Optimum Advantage To Himself 💪,Shop Now,,https://video.fpss5-1.fna.fbcdn.net/o1/v/t2/f2/m366/AQPCIwihwPWNdbekJkkq59XtTQyX6Kt3yeLZaj_IZng0Z2CZjZq7XlvIKpndVXhBR3xy1R4b83ehnPWq993mnoq8BxCQNFkHEMRYog7E0aMVtg.mp4?_nc_cat=102&_nc_oc=AdrL8GWBdirPAnD2SRgeQ1KLw3CRZ5ycuZsF1senaVTkyD3w-lU9TZXpjneqDB_xYh0&_nc_sid=b66105&_nc_ht=video.fpss5-1.fna.fbcdn.net&_nc_ohc=Aw5eLlRiXgkQ7kNvwEXvsPs&efg=eyJ2ZW5jb2RlX3RhZyI6Inhwdl9wcm9ncmVzc2l2ZS5WSV9VU0VDQVNFX1BST0RVQ1RfVFlQRS4uQzMuNzIwLmRhc2hfaDI2NC1iYXNpYy1nZW4yXzcyMHAiLCJ4cHZfYXNzZXRfaWQiOjIyMzc2ODIyODcwMDEzNjAsImFzc2V0X2FnZV9kYXlzIjoxMDIsInZpX3VzZWNhc2VfaWQiOjEwNzk5LCJkdXJhdGlvbl9zIjoyNSwidXJsZ2VuX3NvdXJjZSI6Ind3dyJ9&ccb=17-1&vs=f813eafa4554b150&_nc_vs=HBksFQIYRWZiX2VwaGVtZXJhbC8xOTQxMDhCNkI3NTU2NUQwQkMwN0VFMENGN0EwRDBBRF9tdF8xX3ZpZGVvX2Rhc2hpbml0Lm1wNBUAAsgBEgAVAhhAZmJfcGVybWFuZW50L0U1NDgxQzE4QTE2RTk3REY3ODJERjA2QTUyOUNCRTlCX2F1ZGlvX2Rhc2hpbml0Lm1wNBUCAsgBEgAoABgAGwKIB3VzZV9vaWwBMRJwcm9ncmVzc2l2ZV9yZWNpcGUBMRUAACag_LGdoMr5BxUCKAJDMywXQDkUeuFHrhQYGWRhc2hfaDI2NC1iYXNpYy1nZW4yXzcyMHARAHUAZd6oAQA&_nc_gid=0OpQvX25Jh0hwzxPkZPB5Q&_nc_ss=7f180&_nc_zt=28&oh=00_AQG47j27gTvmPexLshbYtO0TIidYhsgO69SBkSTvQDpGmQ&oe=6A759712,"['FACEBOOK', 'INSTAGRAM', 'AUDIENCE_NETWORK', 'MESSENGER', 'WHATSAPP', 'THREADS']",au,cw,facebook,social,2026-W31,2026-08,"FACEBOOK, INSTAGRAM, AUDIENCE_NETWORK, MESSENGER, WHATSAPP, THREADS",True,True,True,True,True,True,Brand/Category Page,True,False,False,2026-08-03,2026-07-20 07:00:00,2026-08-03 15:37:17.103942,14
2384593552066692,26581293868180070,True,2026-07-20 07:00:00,2026-08-02 07:00:00,Chemist Warehouse,Chemist Warehouse,Get The Optimum Advantage,Harley Reid Will Do Anything To Keep the Optimum Advantage To Himself 💪,Shop now,VIDEO,https://fb.com/canvas_doc/26186229427740182,fb.com,/canvas_doc/26186229427740182,,,,,,,Not Specified,,,,,,,,,,"['FACEBOOK', 'INSTAGRAM', 'AUDIENCE_NETWORK', 'MESSENGER', 'WHATSAPP', 'THREADS']",,,,,2026-W31,2026-08,"FACEBOOK, INSTAGRAM, AUDIENCE_NETWORK, MESSENGER, WHATSAPP, THREADS",True,True,True,True,True,True,Internal/App Page,True,False,False,2026-08-03,2026-07-20 07:00:00,2026-08-03 15:37:17.103942,14
1901575814149269,27329898673376540,True,2026-07-20 07:00:00,2026-08-01 07:00:00,Chemist Warehouse,Chemist Warehouse,{{product.name}},{{product.brand}},Shop now,DCO,https://www.chemistwarehouse.com.au/buy/81716/bioderma-sensibio-h2o-soothing-micellar-water-cleanser-500ml?utm_source=facebook&utm_medium=social&utm_campaign=au_cw_coop_facebook_social_naosaustraliaptyltd_bioderma_665_2026_100360-bau_video-image&utm_term=traffic&utm_content=video-image_all,www.chemistwarehouse.com.au,/buy/81716/bioderma-sensibio-h2o-soothing-micellar-water-cleanser-500ml,facebook,social,au_cw_coop_facebook_social_naosaustraliaptyltd_bioderma_665_2026_100360-bau_video-image,665,traffic,video-image_all,Coop,Naosaustraliaptyltd,Bioderma,2026,video-image,Cleanse Without Compromise,"BIODERMA's Sensibio Micellar Water cleanses, soothes and refreshes sensitive skin.
Cleanse without compromise.",Shop Now,https://scontent.fpss5-1.fna.fbcdn.net/v/t39.35426-6/753145778_1844565663188208_4400855482604561790_n.jpg?_nc_cat=102&ccb=1-7&_nc_sid=c53f8f&_nc_ohc=MnuuSYQBweIQ7kNvwEaezSh&_nc_oc=AdqhmSMsrVQtiL3p1fdbK7Fg6keD-BcE6q8TzeE-8VCpj_eC1jeEX6nI6dxX1Bs1gks&_nc_zt=14&_nc_ht=scontent.fpss5-1.fna&_nc_gid=0OpQvX25Jh0hwzxPkZPB5Q&_nc_ss=7f180&oh=00_AQExS-IVvpjv6SeOEtXG30l3FPxTJeTCyM-gDQD6MqyuGA&oe=6A759815,,"['FACEBOOK', 'INSTAGRAM', 'AUDIENCE_NETWORK', 'MESSENGER', 'THREADS']",au,cw,facebook,social,2026-W31,2026-08,"FACEBOOK, INSTAGRAM, AUDIENCE_NETWORK, MESSENGER, THREADS",True,True,True,True,True,False,SKU Product,True,False,False,2026-08-03,2026-07-20 07:00:00,2026-08-03 15:37:17.103942,14
2562571084161614,2122955381898941,True,2026-07-19 07:00:00,2026-08-01 07:00:00,Chemist Warehouse,Chemist Warehouse,{{product.name}},{{product.brand}},Shop now,DCO,https://www.chemistwarehouse.com.au/buy/166598/bioderma-atoderm-ultra-nourishing-facial-lotion-150ml?utm_source=facebook&utm_medium=social&utm_campaign=au_cw_coop_facebook_social_naosaustraliaptyltd_bioderma_665_2026_100360-bau_video-image&utm_term=traffic&utm_content=video-image_all,www.chemistwarehouse.com.au,/buy/166598/bioderma-atoderm-ultra-nourishing-facial-lotion-150ml,facebook,social,au_cw_coop_facebook_social_naosaustraliaptyltd_bioderma_665_2026_100360-bau_video-image,665,traffic,video-image_all,Coop,Naosaustraliaptyltd,Bioderma,2026,video-image,Strengthen Your Skin Barrier,Dry skin? Try BIODERMA's New Atoderm Facial Lotion,Shop Now,https://scontent.fpss5-1.fna.fbcdn.net/v/t39.35426-6/744996944_2147939899122198_5783137652641745730_n.jpg?_nc_cat=109&ccb=1-7&_nc_sid=c53f8f&_nc_ohc=Q-0v3-szHv8Q7kNvwEmLmow&_nc_oc=AdpfWbYcTZzFMDZ9zwTRgw77Be-z9sLs-ri_5Xarqd-zHm4PRuPKcb2i7Qft83_yI6o&_nc_zt=14&_nc_ht=scontent.fpss5-1.fna&_nc_gid=0OpQvX25Jh0hwzxPkZPB5Q&_nc_ss=7f180&oh=00_AQHRToDNgfLjstEi1GA82CunRFRxHUnamdm39XccjmVDiA&oe=6A75A154,,"['FACEBOOK', 'INSTAGRAM', 'AUDIENCE_NETWORK', 'MESSENGER', 'THREADS']",au,cw,facebook,social,2026-W31,2026-08,"FACEBOOK, INSTAGRAM, AUDIENCE_NETWORK, MESSENGER, THREADS",True,True,True,True,True,False,SKU Product,True,False,False,2026-08-03,2026-07-19 07:00:00,2026-08-03 15:37:17.103942,15
1078352858047938,1017699734476834,True,2026-07-19 07:00:00,2026-08-01 07:00:00,Chemist Warehouse,Chemist Warehouse,"Turn up the volume, not the price.","Big volume. Bold definition. The new WowLash Mascara and Kajal Velvet Eyeliners bring prestige-inspired performance to your everyday routine, with rich pigment, dramatic impact, and effortless wear—all at a price you'll love.",Shop now,VIDEO,https://www.chemistwarehouse.com.au/shop-online/5644/mcobeauty-cosmetics?utm_source=facebook&utm_medium=social&utm_campaign=au_cw_coop_facebook_social_mcobeautyptyltd_mcobeauty_648_2026_100097-bau_video-image&utm_term=traffic&utm_content=video-image_generic,www.chemistwarehouse.com.au,/shop-online/5644/mcobeauty-cosmetics,facebook,social,au_cw_coop_facebook_social_mcobeautyptyltd_mcobeauty_648_2026_100097-bau_video-image,648,traffic,video-image_generic,Coop,Mcobeautyptyltd,Mcobeauty,2026,video-image,,,,,,"['FACEBOOK', 'INSTAGRAM', 'AUDIENCE_NETWORK', 'MESSENGER', 'WHATSAPP', 'THREADS']",au,cw,facebook,social,2026-W31,2026-08,"FACEBOOK, INSTAGRAM, AUDIENCE_NETWORK, MESSENGER, WHATSAPP, THREADS",True,True,True,True,True,True,Brand/Category Page,True,False,False,2026-08-03,2026-07-19 07:00:00,2026-08-03 15:37:17.103942,15
2534547620352104,2437915053371802,True,2026-07-19 07:00:00,2026-08-02 07:00:00,Chemist Warehouse,Chemist Warehouse,"Turn up the volume, not the price.","Big volume. Bold definition. The new WowLash Mascara and Kajal Velvet Eyeliners bring prestige-inspired performance to your everyday routine, with rich pigment, dramatic impact, and effortless wear—all at a price you'll love.",Shop now,VIDEO,https://www.chemistwarehouse.com.au/shop-online/5644/mcobeauty-cosmetics?utm_source=facebook&utm_medium=social&utm_campaign=au_cw_coop_facebook_social_mcobeautyptyltd_mcobeauty_648_2026_100097-bau_video-image&utm_term=traffic&utm_content=video-image_generic,www.chemistwarehouse.com.au,/shop-online/5644/mcobeauty-cosmetics,facebook,social,au_cw_coop_facebook_social_mcobeautyptyltd_mcobeauty_648_2026_100097-bau_video-image,648,traffic,video-image_generic,Coop,Mcobeautyptyltd,Mcobeauty,2026,video-image,,,,,,"['FACEBOOK', 'INSTAGRAM', 'AUDIENCE_NETWORK', 'MESSENGER', 'WHATSAPP', 'THREADS']",au,cw,facebook,social,2026-W31,2026-08,"FACEBOOK, INSTAGRAM, AUDIENCE_NETWORK, MESSENGER, WHATSAPP, THREADS",True,True,True,True,True,True,Brand/Category Page,True,False,False,2026-08-03,2026-07-19 07:00:00,2026-08-03 15:37:17.103942,15
1045036021390514,1049986457966328,True,2026-07-19 07:00:00,2026-08-02 07:00:00,Chemist Warehouse,Chemist Warehouse,Your Glass Skin Edit,"Discover the new Glass Skin Edit for hydrated, radiant-looking skin",Shop now,VIDEO,https://www.chemistwarehouse.com.au/shop-online/5644/mcobeauty-cosmetics?utm_source=facebook&utm_medium=social&utm_campaign=au_cw_coop_facebook_social_mcobeautyptyltd_mcobeauty_648_2026_100097-bau_video-image&utm_term=traffic&utm_content=video-image_generic,www.chemistwarehouse.com.au,/shop-online/5644/mcobeauty-cosmetics,facebook,social,au_cw_coop_facebook_social_mcobeautyptyltd_mcobeauty_648_2026_100097-bau_video-image,648,traffic,video-image_generic,Coop,Mcobeautyptyltd,Mcobeauty,2026,video-image,,,,,,"['FACEBOOK', 'INSTAGRAM', 'AUDIENCE_NETWORK', 'MESSENGER', 'WHATSAPP', 'THREADS']",au,cw,facebook,social,2026-W31,2026-08,"FACEBOOK, INSTAGRAM, AUDIENCE_NETWORK, MESSENGER, WHATSAPP, THREADS",True,True,True,True,True,True,Brand/Category Page,True,False,False,2026-08-03,2026-07-19 07:00:00,2026-08-03 15:37:17.103942,15
4482458592075197,4499662637020051,True,2026-07-19 07:00:00,2026-08-01 07:00:00,Chemist Warehouse,Chemist Warehouse,"Turn up the volume, not the price.","Big volume. Bold definition. The new WowLash Mascara and Kajal Velvet Eyeliners bring prestige-inspired performance to your everyday routine, with rich pigment, dramatic impact, and effortless wear—all at a price you'll love.",Shop now,VIDEO,https://www.chemistwarehouse.com.au/shop-online/5644/mcobeauty-cosmetics?utm_source=facebook&utm_medium=social&utm_campaign=au_cw_coop_facebook_social_mcobeautyptyltd_mcobeauty_648_2026_100097-bau_video-image&utm_term=traffic&utm_content=video-image_generic,www.chemistwarehouse.com.au,/shop-online/5644/mcobeauty-cosmetics,facebook,social,au_cw_coop_facebook_social_mcobeautyptyltd_mcobeauty_648_2026_100097-bau_video-image,648,traffic,video-image_generic,Coop,Mcobeautyptyltd,Mcobeauty,2026,video-image,,,,,,"['FACEBOOK', 'INSTAGRAM', 'AUDIENCE_NETWORK', 'MESSENGER', 'WHATSAPP', 'THREADS']",au,cw,facebook,social,2026-W31,2026-08,"FACEBOOK, INSTAGRAM, AUDIENCE_NETWORK, MESSENGER, WHATSAPP, THREADS",True,True,True,True,True,True,Brand/Category Page,True,False,False,2026-08-03,2026-07-19 07:00:00,2026-08-03 15:37:17.103942,15
2059076348051589,2578790769220615,True,2026-07-17 07:00:00,2026-07-28 07:00:00,Chemist Warehouse,Chemist Warehouse,Chemist Warehouse,Shop Plunkett's 99% Pure Aloe Vera online at Chemist Warehouse today!,Shop now,CAROUSEL,https://www.chemistwarehouse.com.au/buy/50656/plunketts-99-pure-aloe-vera-soothing-gel-240ml?utm_source=facebook&utm_medium=social&utm_campaign=au_cw_oa_facebook_social_plunkettpharmaceuticals_plunketts_665_jul26_100637-oa_video-image&utm_term=traffic&utm_content=video-image_video-image,www.chemistwarehouse.com.au,/buy/50656/plunketts-99-pure-aloe-vera-soothing-gel-240ml,facebook,social,au_cw_oa_facebook_social_plunkettpharmaceuticals_plunketts_665_jul26_100637-oa_video-image,665,traffic,video-image_video-image,O&O,Plunkettpharmaceuticals,Plunketts,jul26,video-image,Plunkett's 99% Pure Aloe Vera,Shop at Chemist Warehouse,Shop Now,https://scontent.fpss5-1.fna.fbcdn.net/v/t39.35426-6/747736456_2617543852014292_832169726870474956_n.jpg?_nc_cat=100&ccb=1-7&_nc_sid=c53f8f&_nc_ohc=msHAk-gVhzsQ7kNvwGITNPf&_nc_oc=AdrXRQxxD4cSmIwU0uQtDr0DWzr87MQOmkKDab_aEhi8nBIpmv8hNNy7Ov5jo7yQlfw&_nc_zt=14&_nc_ht=scontent.fpss5-1.fna&_nc_gid=0OpQvX25Jh0hwzxPkZPB5Q&_nc_ss=7f180&oh=00_AQFTuJ_hmpggnlPxQQAZWDTRvI9UEjagpIq9yPrm-AMf4w&oe=6A75977E,,"['FACEBOOK', 'INSTAGRAM', 'AUDIENCE_NETWORK', 'MESSENGER', 'WHATSAPP', 'THREADS']",au,cw,facebook,social,2026-W31,2026-08,"FACEBOOK, INSTAGRAM, AUDIENCE_NETWORK, MESSENGER, WHATSAPP, THREADS",True,True,True,True,True,True,SKU Product,True,True,False,2026-08-03,2026-07-17 07:00:00,2026-08-03 15:37:17.103942,17
1605237994352822,,True,2026-07-17 07:00:00,2026-08-02 07:00:00,Chemist Warehouse,Chemist Warehouse,{{product.name}},{{product.brand}},Shop now,DCO,https://www.chemistwarehouse.com.au/shop-online/3460/e45-skincare?category=Hands%20%26%20Body&utm_source=facebook&utm_medium=social&utm_campaign=au_cw_oa_facebook_social_nicepakproductsptyltd_e45_665_jul26_100655-oa_video&utm_term=traffic&utm_content=video_video,www.chemistwarehouse.com.au,/shop-online/3460/e45-skincare,facebook,social,au_cw_oa_facebook_social_nicepakproductsptyltd_e45_665_jul26_100655-oa_video,665,traffic,video_video,O&O,Nicepakproductsptyltd,E45,jul26,video,Shop the E45 range at Chemist Warehouse!,,Shop Now,,https://video.fpss5-1.fna.fbcdn.net/o1/v/t2/f2/m366/AQPq_zq8FUZ0TzaZzRitNZP2dBV2ba4fBA0K1KGctmIpS_xEjvHkUhbqZ4dtOdC8QX3mWagEkFbG0G6NNm7qhWiNBfN-IXLFnWO0m8RzelbAdA.mp4?_nc_cat=100&_nc_oc=AdqDs1kXOnJaQ-rORtTVN7h_UHIEYXqleEwsqLBRzHHn7qyUYRroXDrEWphqD56DcGE&_nc_sid=b66105&_nc_ht=video.fpss5-1.fna.fbcdn.net&_nc_ohc=hzLJom8SLYcQ7kNvwE1YXcE&efg=eyJ2ZW5jb2RlX3RhZyI6Inhwdl9wcm9ncmVzc2l2ZS5WSV9VU0VDQVNFX1BST0RVQ1RfVFlQRS4uQzMuNzIwLmRhc2hfaDI2NC1iYXNpYy1nZW4yXzcyMHAiLCJ4cHZfYXNzZXRfaWQiOjg3MTM4MzkwOTAwNTc1NCwiYXNzZXRfYWdlX2RheXMiOjE2LCJ2aV91c2VjYXNlX2lkIjoxMDc5OSwiZHVyYXRpb25fcyI6NjMsInVybGdlbl9zb3VyY2UiOiJ3d3cifQ%3D%3D&ccb=17-1&vs=b95c74769dba1825&_nc_vs=HBksFQIYRWZiX2VwaGVtZXJhbC8wNjRGQUQ4RTNFM0RGRERFNUQyQ0FCRDI3ODIwMEQ5QV9tdF8xX3ZpZGVvX2Rhc2hpbml0Lm1wNBUAAsgBEgAVAhhAZmJfcGVybWFuZW50L0U5NDRERjA1MkJBNDVDQzE0MDQ5QkRCQTdBNTFCQTk1X2F1ZGlvX2Rhc2hpbml0Lm1wNBUCAsgBEgAoABgAGwKIB3VzZV9vaWwBMRJwcm9ncmVzc2l2ZV9yZWNpcGUBMRUAACb05t-FnKGMAxUCKAJDMywXQE_zMzMzMzMYGWRhc2hfaDI2NC1iYXNpYy1nZW4yXzcyMHARAHUAZd6oAQA&_nc_gid=0OpQvX25Jh0hwzxPkZPB5Q&_nc_ss=7f180&_nc_zt=28&oh=00_AQHIEhRglzj4g9fKXoCfpouW6Io433U3bt8LvOxIcHU2Fg&oe=6A7594E4,"['FACEBOOK', 'INSTAGRAM', 'AUDIENCE_NETWORK', 'MESSENGER', 'WHATSAPP', 'THREADS']",au,cw,facebook,social,2026-W31,2026-08,"FACEBOOK, INSTAGRAM, AUDIENCE_NETWORK, MESSENGER, WHATSAPP, THREADS",True,True,True,True,True,True,Brand/Category Page,True,False,False,2026-08-03,2026-07-17 07:00:00,2026-08-03 15:37:17.103942,17
1013535064643190,1067550435843016,True,2026-07-17 07:00:00,2026-08-02 07:00:00,Chemist Warehouse,Chemist Warehouse,Start Winter Skin Right,"Cleanse, hydrate and prep your skin for the day with Sukin's winter hydration essentials.",Shop now,VIDEO,https://www.chemistwarehouse.com.au/shop-online/902/sukin?utm_source=facebook&utm_medium=social&utm_campaign=au_cw_oa_facebook_social_sukinaustraliaptyltd_sukin_665_jul26_100663-oa_video-image&utm_term=traffic&utm_content=video-image_,www.chemistwarehouse.com.au,/shop-online/902/sukin,facebook,social,au_cw_oa_facebook_social_sukinaustraliaptyltd_sukin_665_jul26_100663-oa_video-image,665,traffic,video-image_,O&O,Sukinaustraliaptyltd,Sukin,jul26,video-image,,,,,,"['FACEBOOK', 'INSTAGRAM', 'AUDIENCE_NETWORK', 'MESSENGER', 'WHATSAPP', 'THREADS']",au,cw,facebook,social,2026-W31,2026-08,"FACEBOOK, INSTAGRAM, AUDIENCE_NETWORK, MESSENGER, WHATSAPP, THREADS",True,True,True,True,True,True,Brand/Category Page,True,False,False,2026-08-03,2026-07-17 07:00:00,2026-08-03 15:37:17.103942,17
27656604294003121,1723204795770943,True,2026-07-17 07:00:00,2026-08-01 07:00:00,Chemist Warehouse,Chemist Warehouse,Discover Sukin designed to fit seamlessly into your routine.,"Travel Light, Stay Hydrated",Shop now,VIDEO,https://www.chemistwarehouse.com.au/shop-online/902/sukin?utm_source=facebook&utm_medium=social&utm_campaign=au_cw_oa_facebook_social_sukinaustraliaptyltd_sukin_665_jul26_100663-oa_video-image&utm_term=traffic&utm_content=video-image_,www.chemistwarehouse.com.au,/shop-online/902/sukin,facebook,social,au_cw_oa_facebook_social_sukinaustraliaptyltd_sukin_665_jul26_100663-oa_video-image,665,traffic,video-image_,O&O,Sukinaustraliaptyltd,Sukin,jul26,video-image,,,,,,"['FACEBOOK', 'INSTAGRAM', 'AUDIENCE_NETWORK', 'MESSENGER', 'WHATSAPP', 'THREADS']",au,cw,facebook,social,2026-W31,2026-08,"FACEBOOK, INSTAGRAM, AUDIENCE_NETWORK, MESSENGER, WHATSAPP, THREADS",True,True,True,True,True,True,Brand/Category Page,True,False,False,2026-08-03,2026-07-17 07:00:00,2026-08-03 15:37:17.103942,17
1768697207909381,1005736412209503,True,2026-07-17 07:00:00,2026-07-30 07:00:00,Chemist Warehouse,Chemist Warehouse,Plunkett's 99% Aloe Vera,Shop Plunkett's 99% Pure Aloe Vera online today at Chemist Warehouse,Shop now,VIDEO,https://www.chemistwarehouse.com.au/buy/50656/plunketts-99-pure-aloe-vera-soothing-gel-240ml?utm_source=facebook&utm_medium=social&utm_campaign=au_cw_oa_facebook_social_plunkettpharmaceuticals_plunketts_665_jul26_100637-oa_video-image&utm_term=traffic&utm_content=video-image_video-image,www.chemistwarehouse.com.au,/buy/50656/plunketts-99-pure-aloe-vera-soothing-gel-240ml,facebook,social,au_cw_oa_facebook_social_plunkettpharmaceuticals_plunketts_665_jul26_100637-oa_video-image,665,traffic,video-image_video-image,O&O,Plunkettpharmaceuticals,Plunketts,jul26,video-image,,,,,,"['FACEBOOK', 'INSTAGRAM', 'MESSENGER', 'WHATSAPP', 'THREADS']",au,cw,facebook,social,2026-W31,2026-08,"FACEBOOK, INSTAGRAM, MESSENGER, WHATSAPP, THREADS",True,True,False,True,True,True,SKU Product,True,True,False,2026-08-03,2026-07-17 07:00:00,2026-08-03 15:37:17.103942,17
1052755721031212,1005736412209503,True,2026-07-17 07:00:00,2026-08-02 07:00:00,Chemist Warehouse,Chemist Warehouse,Plunkett's 99% Aloe Vera,Shop Plunkett's 99% Pure Aloe Vera online today at Chemist Warehouse,Shop now,VIDEO,https://www.chemistwarehouse.com.au/buy/50656/plunketts-99-pure-aloe-vera-soothing-gel-240ml?utm_source=facebook&utm_medium=social&utm_campaign=au_cw_oa_facebook_social_plunkettpharmaceuticals_plunketts_665_jul26_100637-oa_video-image&utm_term=traffic&utm_content=video-image_video-image,www.chemistwarehouse.com.au,/buy/50656/plunketts-99-pure-aloe-vera-soothing-gel-240ml,facebook,social,au_cw_oa_facebook_social_plunkettpharmaceuticals_plunketts_665_jul26_100637-oa_video-image,665,traffic,video-image_video-image,O&O,Plunkettpharmaceuticals,Plunketts,jul26,video-image,,,,,,"['FACEBOOK', 'INSTAGRAM', 'MESSENGER', 'WHATSAPP', 'THREADS']",au,cw,facebook,social,2026-W31,2026-08,"FACEBOOK, INSTAGRAM, MESSENGER, WHATSAPP, THREADS",True,True,False,True,True,True,SKU Product,True,True,False,2026-08-03,2026-07-17 07:00:00,2026-08-03 15:37:17.103942,17
2087087302163781,924965109977582,True,2026-07-17 07:00:00,2026-07-28 07:00:00,Chemist Warehouse,Chemist Warehouse,Plunkett's 99% Aloe Vera,Shop Plunkett's 99% Pure Aloe Vera online today at Chemist Warehouse,Shop now,VIDEO,https://www.chemistwarehouse.com.au/buy/50656/plunketts-99-pure-aloe-vera-soothing-gel-240ml?utm_source=facebook&utm_medium=social&utm_campaign=au_cw_oa_facebook_social_plunkettpharmaceuticals_plunketts_665_jul26_100637-oa_video-image&utm_term=traffic&utm_content=video-image_video-image,www.chemistwarehouse.com.au,/buy/50656/plunketts-99-pure-aloe-vera-soothing-gel-240ml,facebook,social,au_cw_oa_facebook_social_plunkettpharmaceuticals_plunketts_665_jul26_100637-oa_video-image,665,traffic,video-image_video-image,O&O,Plunkettpharmaceuticals,Plunketts,jul26,video-image,,,,,,"['FACEBOOK', 'INSTAGRAM', 'MESSENGER', 'WHATSAPP', 'THREADS']",au,cw,facebook,social,2026-W31,2026-08,"FACEBOOK, INSTAGRAM, MESSENGER, WHATSAPP, THREADS",True,True,False,True,True,True,SKU Product,True,True,False,2026-08-03,2026-07-17 07:00:00,2026-08-03 15:37:17.103942,17
1358170156455136,1864490732560573,True,2026-07-17 07:00:00,2026-08-01 07:00:00,Chemist Warehouse,Chemist Warehouse,Plunkett's 99% Aloe Vera,Shop Plunkett's 99% Pure Aloe Vera online today at Chemist Warehouse,Shop now,VIDEO,https://www.chemistwarehouse.com.au/buy/50656/plunketts-99-pure-aloe-vera-soothing-gel-240ml?utm_source=facebook&utm_medium=social&utm_campaign=au_cw_oa_facebook_social_plunkettpharmaceuticals_plunketts_665_jul26_100637-oa_video-image&utm_term=traffic&utm_content=video-image_video-image,www.chemistwarehouse.com.au,/buy/50656/plunketts-99-pure-aloe-vera-soothing-gel-240ml,facebook,social,au_cw_oa_facebook_social_plunkettpharmaceuticals_plunketts_665_jul26_100637-oa_video-image,665,traffic,video-image_video-image,O&O,Plunkettpharmaceuticals,Plunketts,jul26,video-image,,,,,,"['FACEBOOK', 'INSTAGRAM', 'MESSENGER', 'WHATSAPP', 'THREADS']",au,cw,facebook,social,2026-W31,2026-08,"FACEBOOK, INSTAGRAM, MESSENGER, WHATSAPP, THREADS",True,True,False,True,True,True,SKU Product,True,True,False,2026-08-03,2026-07-17 07:00:00,2026-08-03 15:37:17.103942,17
1717911772782653,1371322924968555,True,2026-07-22 07:00:00,2026-08-02 07:00:00,Chemist Warehouse,Chemist Warehouse,{{product.name}},{{product.brand}},Shop now,DCO,https://www.chemistwarehouse.com.au/shop-online/505/natures-own?category=Muscles%2C%20Bones%20%26%20Joints&utm_source=facebook&utm_medium=social&utm_campaign=au_cw_oa_facebook_social_sanoficonsumerhealthcare_naturesown_81_july26_100677-muscle_image&utm_term=traffic&utm_content=image_brand,www.chemistwarehouse.com.au,/shop-online/505/natures-own,facebook,social,au_cw_oa_facebook_social_sanoficonsumerhealthcare_naturesown_81_july26_100677-muscle_image,81,traffic,image_brand,O&O,Sanoficonsumerhealthcare,Naturesown,july26,image,Want to go from achy to active?,Nature's Own Magnesium Glycinate contains a superior absorbed form of magnesium* to relieve muscle tiredness and cramps^,Shop Now,https://scontent.fpss5-1.fna.fbcdn.net/v/t39.35426-6/753164010_1837091524332644_6320467603749474215_n.jpg?_nc_cat=108&ccb=1-7&_nc_sid=c53f8f&_nc_ohc=YfVGxpWdzyMQ7kNvwFV8qZ6&_nc_oc=AdrAjgMxOTvXP20rfbnPgUQeCY2aPFFNJEzY-0UM7otPS2FeAKXmiJAWdHlY52RYa5Q&_nc_zt=14&_nc_ht=scontent.fpss5-1.fna&_nc_gid=u0YMbC2KjHAKQlMggPZVhg&_nc_ss=7f180&oh=00_AQH6kcfEAcgHN9nqyG_XvnttlLK5dsUn6H_fVocfnN828w&oe=6A758777,,"['FACEBOOK', 'INSTAGRAM', 'AUDIENCE_NETWORK', 'MESSENGER', 'WHATSAPP', 'THREADS']",au,cw,facebook,social,2026-W31,2026-08,"FACEBOOK, INSTAGRAM, AUDIENCE_NETWORK, MESSENGER, WHATSAPP, THREADS",True,True,True,True,True,True,Brand/Category Page,True,False,False,2026-08-03,2026-07-22 07:00:00,2026-08-03 15:37:17.103942,12
2851866838505297,26951911864487024,True,2026-07-17 07:00:00,2026-08-02 07:00:00,Chemist Warehouse,Chemist Warehouse,{{product.name}},{{product.brand}},Shop now,DCO,https://www.chemistwarehouse.com.au/shop-online/902/sukin?utm_source=facebook&utm_medium=social&utm_campaign=au_cw_oa_facebook_social_sukinaustraliaptyltd_sukin_665_jul26_100663-oa_video-image&utm_term=traffic&utm_content=video-image_,www.chemistwarehouse.com.au,/shop-online/902/sukin,facebook,social,au_cw_oa_facebook_social_sukinaustraliaptyltd_sukin_665_jul26_100663-oa_video-image,665,traffic,video-image_,O&O,Sukinaustraliaptyltd,Sukin,jul26,video-image,Start Winter Skin Right,"Cleanse, hydrate and prep your skin for the day with Sukin's winter hydration essentials.",Shop Now,,https://video.fpss5-1.fna.fbcdn.net/o1/v/t2/f2/m366/AQO4U-qb07KeK4UQjb3gaMAwEnN8ARxbmXPnVcHKfJ-ALrg2DfmHXVHR-RDIcA0kg3_twF_FaWd7nYBfUkT4Ub26YAMmpgkyb7JCQ0ft5XccqA.mp4?_nc_cat=104&_nc_oc=Adr_Mh-fpAMRmDtT8mcmC5lvdzM803j2LPu3HcpH4KJmoQlMNRHb8eu--_GINMPBxLA&_nc_sid=b66105&_nc_ht=video.fpss5-1.fna.fbcdn.net&_nc_ohc=gMX6q8blOQYQ7kNvwH5AcOc&efg=eyJ2ZW5jb2RlX3RhZyI6Inhwdl9wcm9ncmVzc2l2ZS5WSV9VU0VDQVNFX1BST0RVQ1RfVFlQRS4uQzMuNzIwLmRhc2hfaDI2NC1iYXNpYy1nZW4yXzcyMHAiLCJ4cHZfYXNzZXRfaWQiOjk5ODczMjgzMjkzMDcyMSwiYXNzZXRfYWdlX2RheXMiOjE2LCJ2aV91c2VjYXNlX2lkIjoxMDc5OSwiZHVyYXRpb25fcyI6MzUsInVybGdlbl9zb3VyY2UiOiJ3d3cifQ%3D%3D&ccb=17-1&vs=9b5e2607086a1453&_nc_vs=HBksFQIYRWZiX2VwaGVtZXJhbC82QzRCMzlFOUE5OEJDQjE0RTAyNDAxQTE2M0YzNTFCRV9tdF8xX3ZpZGVvX2Rhc2hpbml0Lm1wNBUAAsgBEgAVAhhAZmJfcGVybWFuZW50Lzk0NDkxOTM1NEUxNzcxMzYxREVGRTBCMUI3MjBCQUExX2F1ZGlvX2Rhc2hpbml0Lm1wNBUCAsgBEgAoABgAGwKIB3VzZV9vaWwBMRJwcm9ncmVzc2l2ZV9yZWNpcGUBMRUAACbC7tu785XGAxUCKAJDMywXQEGmZmZmZmYYGWRhc2hfaDI2NC1iYXNpYy1nZW4yXzcyMHARAHUAZd6oAQA&_nc_gid=0OpQvX25Jh0hwzxPkZPB5Q&_nc_ss=7f180&_nc_zt=28&oh=00_AQGySkEAsf2VxLZ_vTPF13S3TwiIT67w9TLLnS_P7ZKN-A&oe=6A757788,"['FACEBOOK', 'INSTAGRAM', 'AUDIENCE_NETWORK', 'MESSENGER', 'WHATSAPP', 'THREADS']",au,cw,facebook,social,2026-W31,2026-08,"FACEBOOK, INSTAGRAM, AUDIENCE_NETWORK, MESSENGER, WHATSAPP, THREADS",True,True,True,True,True,True,Brand/Category Page,True,False,False,2026-08-03,2026-07-17 07:00:00,2026-08-03 15:37:17.103942,17
28172653912331647,1458939665991143,True,2026-07-17 07:00:00,2026-08-02 07:00:00,Chemist Warehouse,Chemist Warehouse,Plunkett's 99% Aloe Vera,Shop Plunkett's 99% Pure Aloe Vera online today at Chemist Warehouse,Shop now,VIDEO,https://www.chemistwarehouse.com.au/buy/50656/plunketts-99-pure-aloe-vera-soothing-gel-240ml?utm_source=facebook&utm_medium=social&utm_campaign=au_cw_oa_facebook_social_plunkettpharmaceuticals_plunketts_665_jul26_100637-oa_video-image&utm_term=traffic&utm_content=video-image_video-image,www.chemistwarehouse.com.au,/buy/50656/plunketts-99-pure-aloe-vera-soothing-gel-240ml,facebook,social,au_cw_oa_facebook_social_plunkettpharmaceuticals_plunketts_665_jul26_100637-oa_video-image,665,traffic,video-image_video-image,O&O,Plunkettpharmaceuticals,Plunketts,jul26,video-image,,,,,,"['FACEBOOK', 'INSTAGRAM', 'MESSENGER', 'WHATSAPP', 'THREADS']",au,cw,facebook,social,2026-W31,2026-08,"FACEBOOK, INSTAGRAM, MESSENGER, WHATSAPP, THREADS",True,True,False,True,True,True,SKU Product,True,True,False,2026-08-03,2026-07-17 07:00:00,2026-08-03 15:37:17.103942,17
1035139906072122,4085601758240068,True,2026-07-22 07:00:00,2026-08-02 07:00:00,Chemist Warehouse,Chemist Warehouse,{{product.name}},{{product.brand}},Shop now,DCO,https://www.chemistwarehouse.com.au/buy/81716/bioderma-sensibio-h2o-soothing-micellar-water-cleanser-500ml?utm_source=facebook&utm_medium=social&utm_campaign=au_cw_coop_facebook_social_naosaustraliaptyltd_bioderma_665_2026_100360-bau_video-image&utm_term=traffic&utm_content=video-image_all,www.chemistwarehouse.com.au,/buy/81716/bioderma-sensibio-h2o-soothing-micellar-water-cleanser-500ml,facebook,social,au_cw_coop_facebook_social_naosaustraliaptyltd_bioderma_665_2026_100360-bau_video-image,665,traffic,video-image_all,Coop,Naosaustraliaptyltd,Bioderma,2026,video-image,Cleanse Without Compromise,"40% off RRP! BIODERMA's Sensibio Micellar Water cleanses, soothes and refreshes sensitive skin.
Cleanse without compromise.",Shop Now,https://scontent.fpss5-1.fna.fbcdn.net/v/t39.35426-6/749301312_1369481435151785_371136252082929309_n.jpg?_nc_cat=111&ccb=1-7&_nc_sid=c53f8f&_nc_ohc=lIekrSg2AigQ7kNvwGaLNgc&_nc_oc=AdqodJkbOZrb6AScwsy-Xa5PtvhvObZZZSQfFgFS-cLOf6ff04u0-_pUusr1T3mnBu4&_nc_zt=14&_nc_ht=scontent.fpss5-1.fna&_nc_gid=0OpQvX25Jh0hwzxPkZPB5Q&_nc_ss=7f180&oh=00_AQFEGcna6rHehlCosWrL4NhrywMEHLunZ3Bj5QHJzp3XNw&oe=6A759373,,"['FACEBOOK', 'INSTAGRAM', 'AUDIENCE_NETWORK', 'MESSENGER', 'THREADS']",au,cw,facebook,social,2026-W31,2026-08,"FACEBOOK, INSTAGRAM, AUDIENCE_NETWORK, MESSENGER, THREADS",True,True,True,True,True,False,SKU Product,True,False,False,2026-08-03,2026-07-22 07:00:00,2026-08-03 15:37:17.103942,12
1667210737913312,1752220149128106,True,2026-07-22 07:00:00,2026-08-02 07:00:00,Chemist Warehouse,Chemist Warehouse,{{product.name}},{{product.brand}},Shop now,DCO,https://www.chemistwarehouse.com.au/buy/166598/bioderma-atoderm-ultra-nourishing-facial-lotion-150ml?utm_source=facebook&utm_medium=social&utm_campaign=au_cw_coop_facebook_social_naosaustraliaptyltd_bioderma_665_2026_100360-bau_video-image&utm_term=traffic&utm_content=video-image_all,www.chemistwarehouse.com.au,/buy/166598/bioderma-atoderm-ultra-nourishing-facial-lotion-150ml,facebook,social,au_cw_coop_facebook_social_naosaustraliaptyltd_bioderma_665_2026_100360-bau_video-image,665,traffic,video-image_all,Coop,Naosaustraliaptyltd,Bioderma,2026,video-image,Strengthen Your Skin Barrier,40% off RRP! Dry skin? Try BIODERMA's New Atoderm Facial Lotion,Shop Now,https://scontent.fpss5-1.fna.fbcdn.net/v/t39.35426-6/751181276_1010464788460014_7506511681238878255_n.jpg?_nc_cat=100&ccb=1-7&_nc_sid=c53f8f&_nc_ohc=TGIn3XTk6DkQ7kNvwFuaWZH&_nc_oc=Adrdcx443FVG5xNbAHgxXHdfH-T6-fru2Gc-v-1VmtWsSPtnIXQb1fIdt9CYdggVKag&_nc_zt=14&_nc_ht=scontent.fpss5-1.fna&_nc_gid=0OpQvX25Jh0hwzxPkZPB5Q&_nc_ss=7f180&oh=00_AQHLqLSookz7U0olXg-2EkvvjL6rx6UoZ46QF6H6mXATqg&oe=6A759470,,"['FACEBOOK', 'INSTAGRAM', 'AUDIENCE_NETWORK', 'MESSENGER', 'THREADS']",au,cw,facebook,social,2026-W31,2026-08,"FACEBOOK, INSTAGRAM, AUDIENCE_NETWORK, MESSENGER, THREADS",True,True,True,True,True,False,SKU Product,True,False,False,2026-08-03,2026-07-22 07:00:00,2026-08-03 15:37:17.103942,12
1414596650485985,2416363388875406,True,2026-07-17 07:00:00,2026-08-01 07:00:00,Chemist Warehouse,Chemist Warehouse,{{product.name}},{{product.brand}},Shop now,DCO,https://www.chemistwarehouse.com.au/shop-online/902/sukin?utm_source=facebook&utm_medium=social&utm_campaign=au_cw_oa_facebook_social_sukinaustraliaptyltd_sukin_665_jul26_100663-oa_video-image&utm_term=traffic&utm_content=video-image_,www.chemistwarehouse.com.au,/shop-online/902/sukin,facebook,social,au_cw_oa_facebook_social_sukinaustraliaptyltd_sukin_665_jul26_100663-oa_video-image,665,traffic,video-image_,O&O,Sukinaustraliaptyltd,Sukin,jul26,video-image,Start Winter Skin Right,"Cleanse, hydrate and prep your skin for the day with Sukin's winter hydration essentials.",Shop Now,,https://video.fpss5-1.fna.fbcdn.net/o1/v/t2/f2/m366/AQP0LdbP-U0mJsimKwnMDa5sba9lximX9On9RIpMjr7Jv2ztM6YTjynPNeRSeUK2lBa2trKgXH_pFehr36wlahfy0ocIfhD-RC_u2KfNQOEHNg.mp4?_nc_cat=108&_nc_oc=AdqpSuV_El7_JveOBtjQjaZRjYlDWPnFFvoZLpJ7rA_qECpn4CeNxBwbHdAwmNrM0xk&_nc_sid=b66105&_nc_ht=video.fpss5-1.fna.fbcdn.net&_nc_ohc=OSABs2wnIYgQ7kNvwH2eGM_&efg=eyJ2ZW5jb2RlX3RhZyI6Inhwdl9wcm9ncmVzc2l2ZS5WSV9VU0VDQVNFX1BST0RVQ1RfVFlQRS4uQzMuNzIwLmRhc2hfaDI2NC1iYXNpYy1nZW4yXzcyMHAiLCJ4cHZfYXNzZXRfaWQiOjE2NDU2OTA0MTA1NTc5NzMsImFzc2V0X2FnZV9kYXlzIjoxNiwidmlfdXNlY2FzZV9pZCI6MTA3OTksImR1cmF0aW9uX3MiOjMxLCJ1cmxnZW5fc291cmNlIjoid3d3In0%3D&ccb=17-1&vs=6e20bcf1227f913f&_nc_vs=HBksFQIYRWZiX2VwaGVtZXJhbC8yRDRFNDc0OThCNjZCNURFRURERDNBOEQ3OUQ5Qjc5QV9tdF8xX3ZpZGVvX2Rhc2hpbml0Lm1wNBUAAsgBEgAVAhhAZmJfcGVybWFuZW50L0M4NDE3OTE0MDJGRUNBMzNFMEM4MTQzNjQyREQwNDhFX2F1ZGlvX2Rhc2hpbml0Lm1wNBUCAsgBEgAoABgAGwKIB3VzZV9vaWwBMRJwcm9ncmVzc2l2ZV9yZWNpcGUBMRUAACaqiKeF5a_sBRUCKAJDMywXQD_dsi0OVgQYGWRhc2hfaDI2NC1iYXNpYy1nZW4yXzcyMHARAHUAZd6oAQA&_nc_gid=0OpQvX25Jh0hwzxPkZPB5Q&_nc_ss=7f180&_nc_zt=28&oh=00_AQFKQqlk8bkZ3kE3gT0fAMUqt7PNSUevKhoAV2LjDLCPaA&oe=6A7590F8,"['FACEBOOK', 'INSTAGRAM', 'AUDIENCE_NETWORK', 'MESSENGER', 'WHATSAPP', 'THREADS']",au,cw,facebook,social,2026-W31,2026-08,"FACEBOOK, INSTAGRAM, AUDIENCE_NETWORK, MESSENGER, WHATSAPP, THREADS",True,True,True,True,True,True,Brand/Category Page,True,False,False,2026-08-03,2026-07-17 07:00:00,2026-08-03 15:37:17.103942,17
1304629758128535,2266900764047394,True,2026-07-19 07:00:00,2026-08-01 07:00:00,Chemist Warehouse,Chemist Warehouse,{{product.name}},{{product.brand}},See details,DCO,https://www.chemistwarehouse.com.au/search?query=bioderma%20sensibio%20micellar&contexts=default?utm_source=facebook&utm_medium=social&utm_campaign=au_cw_coop_facebook_social_naosaustraliaptyltd_bioderma_665_2026_100360-bau_video-image&utm_term=traffic&utm_content=video-image_all,www.chemistwarehouse.com.au,/search,,social,au_cw_coop_facebook_social_naosaustraliaptyltd_bioderma_665_2026_100360-bau_video-image,665,traffic,video-image_all,Coop,Naosaustraliaptyltd,Bioderma,2026,video-image,Choose Your Micellar Cleanse,"Choose your BIODERMA micellar icon. 
Soothe with Sensibio Micellar Water.
Nourish with Sensibio Micellar Cleansing Oil.",See Details,,https://video.fpss5-1.fna.fbcdn.net/o1/v/t2/f2/m366/AQMaJU38nyIpeP8-5VnqQW3Vvmt8uzm28qwaM-LAl-kTYWmi80ZeR8wj3CaiwxnBNAeyeGxRqwEXna6aUJS30INN64jQbj_UQ7c6G7uVNTwKPQ.mp4?_nc_cat=101&_nc_oc=AdqtZhwnhzro0UcWnsEKHDi0jTgcKDxF_Sf8oZb7mUDJ7pbGH8Gtnxcqg0zAK3tGUoU&_nc_sid=b66105&_nc_ht=video.fpss5-1.fna.fbcdn.net&_nc_ohc=X8So6BX15nwQ7kNvwFrJCm9&efg=eyJ2ZW5jb2RlX3RhZyI6Inhwdl9wcm9ncmVzc2l2ZS5WSV9VU0VDQVNFX1BST0RVQ1RfVFlQRS4uQzMuNzIwLmRhc2hfaDI2NC1iYXNpYy1nZW4yXzcyMHAiLCJ4cHZfYXNzZXRfaWQiOjk5NzMxNTI3OTc5NjY3NCwiYXNzZXRfYWdlX2RheXMiOjE2LCJ2aV91c2VjYXNlX2lkIjoxMDc5OSwiZHVyYXRpb25fcyI6MjAsInVybGdlbl9zb3VyY2UiOiJ3d3cifQ%3D%3D&ccb=17-1&vs=c23d68fdc65641bc&_nc_vs=HBksFQIYRWZiX2VwaGVtZXJhbC83NTRCQkZBMUQ2NkZCRTk1NjFDNzQzQjkzNUU3MTI4OV9tdF8xX3ZpZGVvX2Rhc2hpbml0Lm1wNBUAAsgBEgAVAhhAZmJfcGVybWFuZW50LzczNEVBNThCMDBBRTJDOUVDRTg0NUFFRDNERTIyNUI1X2F1ZGlvX2Rhc2hpbml0Lm1wNBUCAsgBEgAoABgAGwKIB3VzZV9vaWwBMRJwcm9ncmVzc2l2ZV9yZWNpcGUBMRUAACaE59nvscPFAxUCKAJDMywXQDQAAAAAAAAYGWRhc2hfaDI2NC1iYXNpYy1nZW4yXzcyMHARAHUAZd6oAQA&_nc_gid=0OpQvX25Jh0hwzxPkZPB5Q&_nc_ss=7f180&_nc_zt=28&oh=00_AQFl65njWH2K_3qnuR2qqZsL8abdkYDc_H9ovJLEpRubkA&oe=6A75A83B,"['FACEBOOK', 'INSTAGRAM', 'AUDIENCE_NETWORK', 'MESSENGER', 'THREADS']",au,cw,facebook,social,2026-W31,2026-08,"FACEBOOK, INSTAGRAM, AUDIENCE_NETWORK, MESSENGER, THREADS",True,True,True,True,True,False,Search Page,True,False,False,2026-08-03,2026-07-19 07:00:00,2026-08-03 15:37:17.103942,15
1043364341394310,,True,2026-07-19 07:00:00,2026-08-02 07:00:00,Chemist Warehouse,Chemist Warehouse,Chesty Cough?,"Feeling trapped by your cough? Get DURO-TOUGH with DURO-TUSS!
Always read the label and follow the directions for use.",Shop now,IMAGE,https://fb.com/canvas_doc/27349074794681884,fb.com,/canvas_doc/27349074794681884,,,,,,,Not Specified,,,,,,,,,,"['FACEBOOK', 'INSTAGRAM', 'THREADS']",,,,,2026-W31,2026-08,"FACEBOOK, INSTAGRAM, THREADS",True,True,False,False,True,False,Internal/App Page,True,False,False,2026-08-03,2026-07-19 07:00:00,2026-08-03 15:37:17.103942,15
1735966594517703,4459034974409920,True,2026-07-17 07:00:00,2026-08-02 07:00:00,Chemist Warehouse,Chemist Warehouse,Start Winter Skin Right,"Cleanse, hydrate and prep your skin for the day with Sukin's winter hydration essentials.",Shop now,VIDEO,https://www.chemistwarehouse.com.au/shop-online/902/sukin?utm_source=facebook&utm_medium=social&utm_campaign=au_cw_oa_facebook_social_sukinaustraliaptyltd_sukin_665_jul26_100663-oa_video-image&utm_term=traffic&utm_content=video-image_,www.chemistwarehouse.com.au,/shop-online/902/sukin,facebook,social,au_cw_oa_facebook_social_sukinaustraliaptyltd_sukin_665_jul26_100663-oa_video-image,665,traffic,video-image_,O&O,Sukinaustraliaptyltd,Sukin,jul26,video-image,,,,,,"['FACEBOOK', 'INSTAGRAM', 'AUDIENCE_NETWORK', 'MESSENGER', 'WHATSAPP', 'THREADS']",au,cw,facebook,social,2026-W31,2026-08,"FACEBOOK, INSTAGRAM, AUDIENCE_NETWORK, MESSENGER, WHATSAPP, THREADS",True,True,True,True,True,True,Brand/Category Page,True,False,False,2026-08-03,2026-07-17 07:00:00,2026-08-03 15:37:17.103942,17
28112146571724506,26951911864487024,True,2026-07-17 07:00:00,2026-08-02 07:00:00,Chemist Warehouse,Chemist Warehouse,{{product.name}},{{product.brand}},Shop now,DCO,https://www.chemistwarehouse.com.au/shop-online/902/sukin?utm_source=facebook&utm_medium=social&utm_campaign=au_cw_oa_facebook_social_sukinaustraliaptyltd_sukin_665_jul26_100663-oa_video-image&utm_term=traffic&utm_content=video-image_,www.chemistwarehouse.com.au,/shop-online/902/sukin,facebook,social,au_cw_oa_facebook_social_sukinaustraliaptyltd_sukin_665_jul26_100663-oa_video-image,665,traffic,video-image_,O&O,Sukinaustraliaptyltd,Sukin,jul26,video-image,Start Winter Skin Right,"Cleanse, hydrate and prep your skin for the day with Sukin's winter hydration essentials.",Shop Now,,https://video.fpss5-1.fna.fbcdn.net/o1/v/t2/f2/m366/AQO4U-qb07KeK4UQjb3gaMAwEnN8ARxbmXPnVcHKfJ-ALrg2DfmHXVHR-RDIcA0kg3_twF_FaWd7nYBfUkT4Ub26YAMmpgkyb7JCQ0ft5XccqA.mp4?_nc_cat=104&_nc_oc=Adr_Mh-fpAMRmDtT8mcmC5lvdzM803j2LPu3HcpH4KJmoQlMNRHb8eu--_GINMPBxLA&_nc_sid=b66105&_nc_ht=video.fpss5-1.fna.fbcdn.net&_nc_ohc=gMX6q8blOQYQ7kNvwH5AcOc&efg=eyJ2ZW5jb2RlX3RhZyI6Inhwdl9wcm9ncmVzc2l2ZS5WSV9VU0VDQVNFX1BST0RVQ1RfVFlQRS4uQzMuNzIwLmRhc2hfaDI2NC1iYXNpYy1nZW4yXzcyMHAiLCJ4cHZfYXNzZXRfaWQiOjk5ODczMjgzMjkzMDcyMSwiYXNzZXRfYWdlX2RheXMiOjE2LCJ2aV91c2VjYXNlX2lkIjoxMDc5OSwiZHVyYXRpb25fcyI6MzUsInVybGdlbl9zb3VyY2UiOiJ3d3cifQ%3D%3D&ccb=17-1&vs=9b5e2607086a1453&_nc_vs=HBksFQIYRWZiX2VwaGVtZXJhbC82QzRCMzlFOUE5OEJDQjE0RTAyNDAxQTE2M0YzNTFCRV9tdF8xX3ZpZGVvX2Rhc2hpbml0Lm1wNBUAAsgBEgAVAhhAZmJfcGVybWFuZW50Lzk0NDkxOTM1NEUxNzcxMzYxREVGRTBCMUI3MjBCQUExX2F1ZGlvX2Rhc2hpbml0Lm1wNBUCAsgBEgAoABgAGwKIB3VzZV9vaWwBMRJwcm9ncmVzc2l2ZV9yZWNpcGUBMRUAACbC7tu785XGAxUCKAJDMywXQEGmZmZmZmYYGWRhc2hfaDI2NC1iYXNpYy1nZW4yXzcyMHARAHUAZd6oAQA&_nc_gid=LBOoSXVuD_ci_4GMtTPQ1A&_nc_ss=7f180&_nc_zt=28&oh=00_AQGfIcYbv_gRO3QPzBiuiePeeE4eaWsRzKCnqWEjp3D5xQ&oe=6A757788,"['FACEBOOK', 'INSTAGRAM', 'AUDIENCE_NETWORK', 'MESSENGER', 'WHATSAPP', 'THREADS']",au,cw,facebook,social,2026-W31,2026-08,"FACEBOOK, INSTAGRAM, AUDIENCE_NETWORK, MESSENGER, WHATSAPP, THREADS",True,True,True,True,True,True,Brand/Category Page,True,False,False,2026-08-03,2026-07-17 07:00:00,2026-08-03 15:37:17.103942,17
1694254745123013,1400070541933834,True,2026-07-19 07:00:00,2026-08-02 07:00:00,Chemist Warehouse,Chemist Warehouse,"Turn up the volume, not the price.","Big volume. Bold definition. The new WowLash Mascara and Kajal Velvet Eyeliners bring prestige-inspired performance to your everyday routine, with rich pigment, dramatic impact, and effortless wear—all at a price you'll love.",Shop now,VIDEO,https://www.chemistwarehouse.com.au/shop-online/5644/mcobeauty-cosmetics?utm_source=facebook&utm_medium=social&utm_campaign=au_cw_coop_facebook_social_mcobeautyptyltd_mcobeauty_648_2026_100097-bau_video-image&utm_term=traffic&utm_content=video-image_generic,www.chemistwarehouse.com.au,/shop-online/5644/mcobeauty-cosmetics,facebook,social,au_cw_coop_facebook_social_mcobeautyptyltd_mcobeauty_648_2026_100097-bau_video-image,648,traffic,video-image_generic,Coop,Mcobeautyptyltd,Mcobeauty,2026,video-image,,,,,,"['FACEBOOK', 'INSTAGRAM', 'AUDIENCE_NETWORK', 'MESSENGER', 'WHATSAPP', 'THREADS']",au,cw,facebook,social,2026-W31,2026-08,"FACEBOOK, INSTAGRAM, AUDIENCE_NETWORK, MESSENGER, WHATSAPP, THREADS",True,True,True,True,True,True,Brand/Category Page,True,False,False,2026-08-03,2026-07-19 07:00:00,2026-08-03 15:37:17.103942,15
1041531658356347,4459034974409920,True,2026-07-16 07:00:00,2026-08-02 07:00:00,Chemist Warehouse,Chemist Warehouse,Start Winter Skin Right,"Cleanse, hydrate and prep your skin for the day with Sukin's winter hydration essentials.",Shop now,VIDEO,https://www.chemistwarehouse.com.au/shop-online/902/sukin?utm_source=facebook&utm_medium=social&utm_campaign=au_cw_oa_facebook_social_sukinaustraliaptyltd_sukin_665_jul26_100663-oa_video-image&utm_term=traffic&utm_content=video-image_,www.chemistwarehouse.com.au,/shop-online/902/sukin,facebook,social,au_cw_oa_facebook_social_sukinaustraliaptyltd_sukin_665_jul26_100663-oa_video-image,665,traffic,video-image_,O&O,Sukinaustraliaptyltd,Sukin,jul26,video-image,,,,,,"['FACEBOOK', 'INSTAGRAM', 'AUDIENCE_NETWORK', 'MESSENGER', 'WHATSAPP', 'THREADS']",au,cw,facebook,social,2026-W31,2026-08,"FACEBOOK, INSTAGRAM, AUDIENCE_NETWORK, MESSENGER, WHATSAPP, THREADS",True,True,True,True,True,True,Brand/Category Page,True,False,False,2026-08-03,2026-07-16 07:00:00,2026-08-03 15:37:17.103942,18
2564399060681785,1708592713676169,True,2026-07-16 07:00:00,2026-08-02 07:00:00,Chemist Warehouse,Chemist Warehouse,Start Winter Skin Right,"Cleanse, hydrate and prep your skin for the day with Sukin's winter hydration essentials.",Shop now,VIDEO,https://www.chemistwarehouse.com.au/shop-online/902/sukin?utm_source=facebook&utm_medium=social&utm_campaign=au_cw_oa_facebook_social_sukinaustraliaptyltd_sukin_665_jul26_100663-oa_video-image&utm_term=traffic&utm_content=video-image_,www.chemistwarehouse.com.au,/shop-online/902/sukin,facebook,social,au_cw_oa_facebook_social_sukinaustraliaptyltd_sukin_665_jul26_100663-oa_video-image,665,traffic,video-image_,O&O,Sukinaustraliaptyltd,Sukin,jul26,video-image,,,,,,"['FACEBOOK', 'INSTAGRAM', 'AUDIENCE_NETWORK', 'MESSENGER', 'WHATSAPP', 'THREADS']",au,cw,facebook,social,2026-W31,2026-08,"FACEBOOK, INSTAGRAM, AUDIENCE_NETWORK, MESSENGER, WHATSAPP, THREADS",True,True,True,True,True,True,Brand/Category Page,True,False,False,2026-08-03,2026-07-16 07:00:00,2026-08-03 15:37:17.103942,18
1027429563588413,2521676858276918,True,2026-07-17 07:00:00,2026-08-02 07:00:00,Chemist Warehouse,Chemist Warehouse,{{product.name}},{{product.brand}},Shop now,DCO,https://www.chemistwarehouse.com.au/shop-online/902/sukin?utm_source=facebook&utm_medium=social&utm_campaign=au_cw_oa_facebook_social_sukinaustraliaptyltd_sukin_665_jul26_100663-oa_video-image&utm_term=traffic&utm_content=video-image_,www.chemistwarehouse.com.au,/shop-online/902/sukin,facebook,social,au_cw_oa_facebook_social_sukinaustraliaptyltd_sukin_665_jul26_100663-oa_video-image,665,traffic,video-image_,O&O,Sukinaustraliaptyltd,Sukin,jul26,video-image,Start Winter Skin Right,"Cleanse, hydrate and prep your skin for the day with Sukin's winter hydration essentials.",Shop Now,,https://video.fpss5-1.fna.fbcdn.net/o1/v/t2/f2/m366/AQNUDbAf1Pmxz4MH6HPOPkGyLcnLZFnvS-q_1BMi7OfLa7r2E2XhKeCGf4m3JRAfLTN0TfpgQstZh7lKHas-yc-ozRoYj3he2cbnV7NxkvJxcg.mp4?_nc_cat=107&_nc_oc=AdoH_tNOP-iKf3-rXuYzjfW6N85DMXfgGRz1dpdLxvoKmhUOIidssUk0y0r13id8pcE&_nc_sid=b66105&_nc_ht=video.fpss5-1.fna.fbcdn.net&_nc_ohc=RBxWuVXBEb4Q7kNvwF8mRjY&efg=eyJ2ZW5jb2RlX3RhZyI6Inhwdl9wcm9ncmVzc2l2ZS5WSV9VU0VDQVNFX1BST0RVQ1RfVFlQRS4uQzMuNzIwLmRhc2hfaDI2NC1iYXNpYy1nZW4yXzcyMHAiLCJ4cHZfYXNzZXRfaWQiOjEwMTIzNTI0NDgzMjkyNzUsImFzc2V0X2FnZV9kYXlzIjoxNiwidmlfdXNlY2FzZV9pZCI6MTA3OTksImR1cmF0aW9uX3MiOjUzLCJ1cmxnZW5fc291cmNlIjoid3d3In0%3D&ccb=17-1&vs=b66fdaa0ffb22239&_nc_vs=HBksFQIYRWZiX2VwaGVtZXJhbC9EQzQ1NzZGQjU5QTQ4RkZBOURFNERFQkQ4M0YxNTk5NV9tdF8xX3ZpZGVvX2Rhc2hpbml0Lm1wNBUAAsgBEgAVAhhAZmJfcGVybWFuZW50LzNDNEYwRTFGMDMwMjYyQzVGRDFERjc3RDk2OUM4MUE5X2F1ZGlvX2Rhc2hpbml0Lm1wNBUCAsgBEgAoABgAGwKIB3VzZV9vaWwBMRJwcm9ncmVzc2l2ZV9yZWNpcGUBMRUAACb22I_B1a7MAxUCKAJDMywXQEriDEm6XjUYGWRhc2hfaDI2NC1iYXNpYy1nZW4yXzcyMHARAHUAZd6oAQA&_nc_gid=LBOoSXVuD_ci_4GMtTPQ1A&_nc_ss=7f180&_nc_zt=28&oh=00_AQHUlvsE0Lj3kfKnCSPfNFuNEAldSgEjVjmV0vGLmXx1jg&oe=6A75A699,"['FACEBOOK', 'INSTAGRAM', 'AUDIENCE_NETWORK', 'MESSENGER', 'WHATSAPP', 'THREADS']",au,cw,facebook,social,2026-W31,2026-08,"FACEBOOK, INSTAGRAM, AUDIENCE_NETWORK, MESSENGER, WHATSAPP, THREADS",True,True,True,True,True,True,Brand/Category Page,True,False,False,2026-08-03,2026-07-17 07:00:00,2026-08-03 15:37:17.103942,17
1509275073719449,2521676858276918,True,2026-07-17 07:00:00,2026-08-01 07:00:00,Chemist Warehouse,Chemist Warehouse,{{product.name}},{{product.brand}},Shop now,DCO,https://www.chemistwarehouse.com.au/shop-online/902/sukin?utm_source=facebook&utm_medium=social&utm_campaign=au_cw_oa_facebook_social_sukinaustraliaptyltd_sukin_665_jul26_100663-oa_video-image&utm_term=traffic&utm_content=video-image_,www.chemistwarehouse.com.au,/shop-online/902/sukin,facebook,social,au_cw_oa_facebook_social_sukinaustraliaptyltd_sukin_665_jul26_100663-oa_video-image,665,traffic,video-image_,O&O,Sukinaustraliaptyltd,Sukin,jul26,video-image,Start Winter Skin Right,"Cleanse, hydrate and prep your skin for the day with Sukin's winter hydration essentials.",Shop Now,,https://video.fpss5-1.fna.fbcdn.net/o1/v/t2/f2/m366/AQNUDbAf1Pmxz4MH6HPOPkGyLcnLZFnvS-q_1BMi7OfLa7r2E2XhKeCGf4m3JRAfLTN0TfpgQstZh7lKHas-yc-ozRoYj3he2cbnV7NxkvJxcg.mp4?_nc_cat=107&_nc_oc=AdoH_tNOP-iKf3-rXuYzjfW6N85DMXfgGRz1dpdLxvoKmhUOIidssUk0y0r13id8pcE&_nc_sid=b66105&_nc_ht=video.fpss5-1.fna.fbcdn.net&_nc_ohc=RBxWuVXBEb4Q7kNvwF8mRjY&efg=eyJ2ZW5jb2RlX3RhZyI6Inhwdl9wcm9ncmVzc2l2ZS5WSV9VU0VDQVNFX1BST0RVQ1RfVFlQRS4uQzMuNzIwLmRhc2hfaDI2NC1iYXNpYy1nZW4yXzcyMHAiLCJ4cHZfYXNzZXRfaWQiOjEwMTIzNTI0NDgzMjkyNzUsImFzc2V0X2FnZV9kYXlzIjoxNiwidmlfdXNlY2FzZV9pZCI6MTA3OTksImR1cmF0aW9uX3MiOjUzLCJ1cmxnZW5fc291cmNlIjoid3d3In0%3D&ccb=17-1&vs=b66fdaa0ffb22239&_nc_vs=HBksFQIYRWZiX2VwaGVtZXJhbC9EQzQ1NzZGQjU5QTQ4RkZBOURFNERFQkQ4M0YxNTk5NV9tdF8xX3ZpZGVvX2Rhc2hpbml0Lm1wNBUAAsgBEgAVAhhAZmJfcGVybWFuZW50LzNDNEYwRTFGMDMwMjYyQzVGRDFERjc3RDk2OUM4MUE5X2F1ZGlvX2Rhc2hpbml0Lm1wNBUCAsgBEgAoABgAGwKIB3VzZV9vaWwBMRJwcm9ncmVzc2l2ZV9yZWNpcGUBMRUAACb22I_B1a7MAxUCKAJDMywXQEriDEm6XjUYGWRhc2hfaDI2NC1iYXNpYy1nZW4yXzcyMHARAHUAZd6oAQA&_nc_gid=LBOoSXVuD_ci_4GMtTPQ1A&_nc_ss=7f180&_nc_zt=28&oh=00_AQHUlvsE0Lj3kfKnCSPfNFuNEAldSgEjVjmV0vGLmXx1jg&oe=6A75A699,"['FACEBOOK', 'INSTAGRAM', 'AUDIENCE_NETWORK', 'MESSENGER', 'WHATSAPP', 'THREADS']",au,cw,facebook,social,2026-W31,2026-08,"FACEBOOK, INSTAGRAM, AUDIENCE_NETWORK, MESSENGER, WHATSAPP, THREADS",True,True,True,True,True,True,Brand/Category Page,True,False,False,2026-08-03,2026-07-17 07:00:00,2026-08-03 15:37:17.103942,17
1342122837485887,1708592713676169,True,2026-07-16 07:00:00,2026-08-02 07:00:00,Chemist Warehouse,Chemist Warehouse,Start Winter Skin Right,"Cleanse, hydrate and prep your skin for the day with Sukin's winter hydration essentials.",Shop now,VIDEO,https://www.chemistwarehouse.com.au/shop-online/902/sukin?utm_source=facebook&utm_medium=social&utm_campaign=au_cw_oa_facebook_social_sukinaustraliaptyltd_sukin_665_jul26_100663-oa_video-image&utm_term=traffic&utm_content=video-image_,www.chemistwarehouse.com.au,/shop-online/902/sukin,facebook,social,au_cw_oa_facebook_social_sukinaustraliaptyltd_sukin_665_jul26_100663-oa_video-image,665,traffic,video-image_,O&O,Sukinaustraliaptyltd,Sukin,jul26,video-image,,,,,,"['FACEBOOK', 'INSTAGRAM', 'AUDIENCE_NETWORK', 'MESSENGER', 'WHATSAPP', 'THREADS']",au,cw,facebook,social,2026-W31,2026-08,"FACEBOOK, INSTAGRAM, AUDIENCE_NETWORK, MESSENGER, WHATSAPP, THREADS",True,True,True,True,True,True,Brand/Category Page,True,False,False,2026-08-03,2026-07-16 07:00:00,2026-08-03 15:37:17.103942,18
2198106214377014,1067550435843016,True,2026-07-16 07:00:00,2026-08-02 07:00:00,Chemist Warehouse,Chemist Warehouse,Start Winter Skin Right,"Cleanse, hydrate and prep your skin for the day with Sukin's winter hydration essentials.",Shop now,VIDEO,https://www.chemistwarehouse.com.au/shop-online/902/sukin?utm_source=facebook&utm_medium=social&utm_campaign=au_cw_oa_facebook_social_sukinaustraliaptyltd_sukin_665_jul26_100663-oa_video-image&utm_term=traffic&utm_content=video-image_,www.chemistwarehouse.com.au,/shop-online/902/sukin,facebook,social,au_cw_oa_facebook_social_sukinaustraliaptyltd_sukin_665_jul26_100663-oa_video-image,665,traffic,video-image_,O&O,Sukinaustraliaptyltd,Sukin,jul26,video-image,,,,,,"['FACEBOOK', 'INSTAGRAM', 'AUDIENCE_NETWORK', 'MESSENGER', 'WHATSAPP', 'THREADS']",au,cw,facebook,social,2026-W31,2026-08,"FACEBOOK, INSTAGRAM, AUDIENCE_NETWORK, MESSENGER, WHATSAPP, THREADS",True,True,True,True,True,True,Brand/Category Page,True,False,False,2026-08-03,2026-07-16 07:00:00,2026-08-03 15:37:17.103942,18
1745408053310807,1063380732781139,True,2026-07-16 07:00:00,2026-08-02 07:00:00,Chemist Warehouse,Chemist Warehouse,Winter Hydration On-The-Go,Keep your skincare routine close with Sukin's travel-friendly hydration heroes.,Shop now,VIDEO,https://www.chemistwarehouse.com.au/shop-online/902/sukin?utm_source=facebook&utm_medium=social&utm_campaign=au_cw_oa_facebook_social_sukinaustraliaptyltd_sukin_665_jul26_100663-oa_video-image&utm_term=traffic&utm_content=video-image_,www.chemistwarehouse.com.au,/shop-online/902/sukin,facebook,social,au_cw_oa_facebook_social_sukinaustraliaptyltd_sukin_665_jul26_100663-oa_video-image,665,traffic,video-image_,O&O,Sukinaustraliaptyltd,Sukin,jul26,video-image,,,,,,"['FACEBOOK', 'INSTAGRAM', 'AUDIENCE_NETWORK', 'MESSENGER', 'WHATSAPP', 'THREADS']",au,cw,facebook,social,2026-W31,2026-08,"FACEBOOK, INSTAGRAM, AUDIENCE_NETWORK, MESSENGER, WHATSAPP, THREADS",True,True,True,True,True,True,Brand/Category Page,True,False,False,2026-08-03,2026-07-16 07:00:00,2026-08-03 15:37:17.103942,18
1329076829372567,1945078356207013,True,2026-07-16 07:00:00,2026-08-02 07:00:00,Chemist Warehouse,Chemist Warehouse,Restore Skin Overnight,Replenish moisture and support your skin barrier while you sleep.,Shop now,VIDEO,https://www.chemistwarehouse.com.au/shop-online/902/sukin?utm_source=facebook&utm_medium=social&utm_campaign=au_cw_oa_facebook_social_sukinaustraliaptyltd_sukin_665_jul26_100663-oa_video-image&utm_term=traffic&utm_content=video-image_,www.chemistwarehouse.com.au,/shop-online/902/sukin,facebook,social,au_cw_oa_facebook_social_sukinaustraliaptyltd_sukin_665_jul26_100663-oa_video-image,665,traffic,video-image_,O&O,Sukinaustraliaptyltd,Sukin,jul26,video-image,,,,,,"['FACEBOOK', 'INSTAGRAM', 'AUDIENCE_NETWORK', 'MESSENGER', 'WHATSAPP', 'THREADS']",au,cw,facebook,social,2026-W31,2026-08,"FACEBOOK, INSTAGRAM, AUDIENCE_NETWORK, MESSENGER, WHATSAPP, THREADS",True,True,True,True,True,True,Brand/Category Page,True,False,False,2026-08-03,2026-07-16 07:00:00,2026-08-03 15:37:17.103942,18
1536650578197113,1723204795770943,True,2026-07-16 07:00:00,2026-08-01 07:00:00,Chemist Warehouse,Chemist Warehouse,Discover Sukin designed to fit seamlessly into your routine.,"Travel Light, Stay Hydrated",Shop now,VIDEO,https://www.chemistwarehouse.com.au/shop-online/902/sukin?utm_source=facebook&utm_medium=social&utm_campaign=au_cw_oa_facebook_social_sukinaustraliaptyltd_sukin_665_jul26_100663-oa_video-image&utm_term=traffic&utm_content=video-image_,www.chemistwarehouse.com.au,/shop-online/902/sukin,facebook,social,au_cw_oa_facebook_social_sukinaustraliaptyltd_sukin_665_jul26_100663-oa_video-image,665,traffic,video-image_,O&O,Sukinaustraliaptyltd,Sukin,jul26,video-image,,,,,,"['FACEBOOK', 'INSTAGRAM', 'AUDIENCE_NETWORK', 'MESSENGER', 'WHATSAPP', 'THREADS']",au,cw,facebook,social,2026-W31,2026-08,"FACEBOOK, INSTAGRAM, AUDIENCE_NETWORK, MESSENGER, WHATSAPP, THREADS",True,True,True,True,True,True,Brand/Category Page,True,False,False,2026-08-03,2026-07-16 07:00:00,2026-08-03 15:37:17.103942,18
27167308646285405,1945078356207013,True,2026-07-17 07:00:00,2026-08-01 07:00:00,Chemist Warehouse,Chemist Warehouse,Restore Skin Overnight,Replenish moisture and support your skin barrier while you sleep.,Shop now,VIDEO,https://www.chemistwarehouse.com.au/shop-online/902/sukin?utm_source=facebook&utm_medium=social&utm_campaign=au_cw_oa_facebook_social_sukinaustraliaptyltd_sukin_665_jul26_100663-oa_video-image&utm_term=traffic&utm_content=video-image_,www.chemistwarehouse.com.au,/shop-online/902/sukin,facebook,social,au_cw_oa_facebook_social_sukinaustraliaptyltd_sukin_665_jul26_100663-oa_video-image,665,traffic,video-image_,O&O,Sukinaustraliaptyltd,Sukin,jul26,video-image,,,,,,"['FACEBOOK', 'INSTAGRAM', 'AUDIENCE_NETWORK', 'MESSENGER', 'WHATSAPP', 'THREADS']",au,cw,facebook,social,2026-W31,2026-08,"FACEBOOK, INSTAGRAM, AUDIENCE_NETWORK, MESSENGER, WHATSAPP, THREADS",True,True,True,True,True,True,Brand/Category Page,True,False,False,2026-08-03,2026-07-17 07:00:00,2026-08-03 15:37:17.103942,17
2176581836456210,1063380732781139,True,2026-07-16 07:00:00,2026-08-02 07:00:00,Chemist Warehouse,Chemist Warehouse,Winter Hydration On-The-Go,Keep your skincare routine close with Sukin's travel-friendly hydration heroes.,Shop now,VIDEO,https://www.chemistwarehouse.com.au/shop-online/902/sukin?utm_source=facebook&utm_medium=social&utm_campaign=au_cw_oa_facebook_social_sukinaustraliaptyltd_sukin_665_jul26_100663-oa_video-image&utm_term=traffic&utm_content=video-image_,www.chemistwarehouse.com.au,/shop-online/902/sukin,facebook,social,au_cw_oa_facebook_social_sukinaustraliaptyltd_sukin_665_jul26_100663-oa_video-image,665,traffic,video-image_,O&O,Sukinaustraliaptyltd,Sukin,jul26,video-image,,,,,,"['FACEBOOK', 'INSTAGRAM', 'AUDIENCE_NETWORK', 'MESSENGER', 'WHATSAPP', 'THREADS']",au,cw,facebook,social,2026-W31,2026-08,"FACEBOOK, INSTAGRAM, AUDIENCE_NETWORK, MESSENGER, WHATSAPP, THREADS",True,True,True,True,True,True,Brand/Category Page,True,False,False,2026-08-03,2026-07-16 07:00:00,2026-08-03 15:37:17.103942,18
1331565192441091,1338011748505755,True,2026-07-15 07:00:00,2026-08-02 07:00:00,Chemist Warehouse,Chemist Warehouse,{{product.name}},{{product.brand}},Shop now,DCO,https://www.chemistwarehouse.com.au/shop-online/1951/clearblue-pregnancy-tests?&utm_source=facebook&utm_medium=social&utm_campaign=au_cw_coop_facebook_social_proctergambleaustralia_clearblue_20_2026_100078-bau_video-image&utm_term=traffic&utm_content=video-image_all,www.chemistwarehouse.com.au,/shop-online/1951/clearblue-pregnancy-tests,facebook,social,au_cw_coop_facebook_social_proctergambleaustralia_clearblue_20_2026_100078-bau_video-image,20,traffic,video-image_all,Coop,Proctergambleaustralia,Clearblue,2026,video-image,Clearblue Ovulation Tests,Trying for a Baby? Identify Your Most Fertile Days With Accuracy,Shop Now,https://scontent.fpss5-1.fna.fbcdn.net/v/t39.35426-6/748704848_2088568768706582_5135564670848549281_n.jpg?_nc_cat=100&ccb=1-7&_nc_sid=c53f8f&_nc_ohc=bPDcdICsvywQ7kNvwEfyhRm&_nc_oc=AdpqegbA044Vfgbkay9Xai_gonWtPETlaeT124KzXrzkovRMOcPVeRSkGS3s3cqTszg&_nc_zt=14&_nc_ht=scontent.fpss5-1.fna&_nc_gid=LBOoSXVuD_ci_4GMtTPQ1A&_nc_ss=7f180&oh=00_AQFpL7KPpglWscYRNHzSVxCgdi5WM8h6UOw7X3nKF_pb9Q&oe=6A758D6A,,"['FACEBOOK', 'INSTAGRAM', 'AUDIENCE_NETWORK', 'MESSENGER', 'WHATSAPP', 'THREADS']",au,cw,facebook,social,2026-W31,2026-08,"FACEBOOK, INSTAGRAM, AUDIENCE_NETWORK, MESSENGER, WHATSAPP, THREADS",True,True,True,True,True,True,Brand/Category Page,True,False,False,2026-08-03,2026-07-15 07:00:00,2026-08-03 15:37:17.103942,19
1572631684446936,2416363388875406,True,2026-07-17 07:00:00,2026-08-01 07:00:00,Chemist Warehouse,Chemist Warehouse,{{product.name}},{{product.brand}},Shop now,DCO,https://www.chemistwarehouse.com.au/shop-online/902/sukin?utm_source=facebook&utm_medium=social&utm_campaign=au_cw_oa_facebook_social_sukinaustraliaptyltd_sukin_665_jul26_100663-oa_video-image&utm_term=traffic&utm_content=video-image_,www.chemistwarehouse.com.au,/shop-online/902/sukin,facebook,social,au_cw_oa_facebook_social_sukinaustraliaptyltd_sukin_665_jul26_100663-oa_video-image,665,traffic,video-image_,O&O,Sukinaustraliaptyltd,Sukin,jul26,video-image,Start Winter Skin Right,"Cleanse, hydrate and prep your skin for the day with Sukin's winter hydration essentials.",Shop Now,,https://video.fpss5-1.fna.fbcdn.net/o1/v/t2/f2/m366/AQP0LdbP-U0mJsimKwnMDa5sba9lximX9On9RIpMjr7Jv2ztM6YTjynPNeRSeUK2lBa2trKgXH_pFehr36wlahfy0ocIfhD-RC_u2KfNQOEHNg.mp4?_nc_cat=108&_nc_oc=AdqpSuV_El7_JveOBtjQjaZRjYlDWPnFFvoZLpJ7rA_qECpn4CeNxBwbHdAwmNrM0xk&_nc_sid=b66105&_nc_ht=video.fpss5-1.fna.fbcdn.net&_nc_ohc=OSABs2wnIYgQ7kNvwH2eGM_&efg=eyJ2ZW5jb2RlX3RhZyI6Inhwdl9wcm9ncmVzc2l2ZS5WSV9VU0VDQVNFX1BST0RVQ1RfVFlQRS4uQzMuNzIwLmRhc2hfaDI2NC1iYXNpYy1nZW4yXzcyMHAiLCJ4cHZfYXNzZXRfaWQiOjE2NDU2OTA0MTA1NTc5NzMsImFzc2V0X2FnZV9kYXlzIjoxNiwidmlfdXNlY2FzZV9pZCI6MTA3OTksImR1cmF0aW9uX3MiOjMxLCJ1cmxnZW5fc291cmNlIjoid3d3In0%3D&ccb=17-1&vs=6e20bcf1227f913f&_nc_vs=HBksFQIYRWZiX2VwaGVtZXJhbC8yRDRFNDc0OThCNjZCNURFRURERDNBOEQ3OUQ5Qjc5QV9tdF8xX3ZpZGVvX2Rhc2hpbml0Lm1wNBUAAsgBEgAVAhhAZmJfcGVybWFuZW50L0M4NDE3OTE0MDJGRUNBMzNFMEM4MTQzNjQyREQwNDhFX2F1ZGlvX2Rhc2hpbml0Lm1wNBUCAsgBEgAoABgAGwKIB3VzZV9vaWwBMRJwcm9ncmVzc2l2ZV9yZWNpcGUBMRUAACaqiKeF5a_sBRUCKAJDMywXQD_dsi0OVgQYGWRhc2hfaDI2NC1iYXNpYy1nZW4yXzcyMHARAHUAZd6oAQA&_nc_gid=LBOoSXVuD_ci_4GMtTPQ1A&_nc_ss=7f180&_nc_zt=28&oh=00_AQHG0CWNJysegGYXPKoTmG-O0PI2eoSTuTRnzNFaAKXz4g&oe=6A7590F8,"['FACEBOOK', 'INSTAGRAM', 'AUDIENCE_NETWORK', 'MESSENGER', 'WHATSAPP', 'THREADS']",au,cw,facebook,social,2026-W31,2026-08,"FACEBOOK, INSTAGRAM, AUDIENCE_NETWORK, MESSENGER, WHATSAPP, THREADS",True,True,True,True,True,True,Brand/Category Page,True,False,False,2026-08-03,2026-07-17 07:00:00,2026-08-03 15:37:17.103942,17
1392289922804332,1691607935404649,True,2026-07-15 07:00:00,2026-08-01 07:00:00,Chemist Warehouse,Chemist Warehouse,{{product.name}},{{product.brand}},Shop now,DCO,https://www.chemistwarehouse.com.au/shop-online/1951/clearblue-pregnancy-tests?&utm_source=facebook&utm_medium=social&utm_campaign=au_cw_coop_facebook_social_proctergambleaustralia_clearblue_20_2026_100078-bau_video-image&utm_term=traffic&utm_content=video-image_all,www.chemistwarehouse.com.au,/shop-online/1951/clearblue-pregnancy-tests,facebook,social,au_cw_coop_facebook_social_proctergambleaustralia_clearblue_20_2026_100078-bau_video-image,20,traffic,video-image_all,Coop,Proctergambleaustralia,Clearblue,2026,video-image,Clearblue Ovulation Tests,Trying for a Baby? Identify Your Most Fertile Days With Accuracy,Shop Now,,https://video.fpss5-1.fna.fbcdn.net/o1/v/t2/f2/m366/AQNLUCaUcYj8U051ZaVZ65TSZurjkyFmp3UlLUGgGb9aBqiTOe6Gfe2DQzRUcDcgFPTWKB5T2JSeIIKu0qp_G672Kpx1_jsxR-eyBcVoUtT1Og.mp4?_nc_cat=104&_nc_oc=AdpXGIB7kbofmQex0dmHGxPcFyC6YlDLL8uXAw0Z6kIPg9lILiw31l6kEsc7b-2jPCQ&_nc_sid=b66105&_nc_ht=video.fpss5-1.fna.fbcdn.net&_nc_ohc=78yEnJAY3y8Q7kNvwF_TEfd&efg=eyJ2ZW5jb2RlX3RhZyI6Inhwdl9wcm9ncmVzc2l2ZS5WSV9VU0VDQVNFX1BST0RVQ1RfVFlQRS4uQzMuNzIwLmRhc2hfaDI2NC1iYXNpYy1nZW4yXzcyMHAiLCJ4cHZfYXNzZXRfaWQiOjE1NzYwNjY0NTA4NDE5NjEsImFzc2V0X2FnZV9kYXlzIjoxOCwidmlfdXNlY2FzZV9pZCI6MTA3OTksImR1cmF0aW9uX3MiOjE1LCJ1cmxnZW5fc291cmNlIjoid3d3In0%3D&ccb=17-1&vs=f2ebc3cc13190cce&_nc_vs=HBksFQIYRWZiX2VwaGVtZXJhbC80QTQ1MzI5NEZBQjExQ0IwNDg4QTUzNTU3MkRGMzE5Rl9tdF8xX3ZpZGVvX2Rhc2hpbml0Lm1wNBUAAsgBEgAVAhhAZmJfcGVybWFuZW50L0EzNDA5OTQ1QzE4NDg1OUI3MTBCNzgzQ0JDQjc3RkE3X2F1ZGlvX2Rhc2hpbml0Lm1wNBUCAsgBEgAoABgAGwKIB3VzZV9vaWwBMRJwcm9ncmVzc2l2ZV9yZWNpcGUBMRUAACbShY-PktvMBRUCKAJDMywXQC4AAAAAAAAYGWRhc2hfaDI2NC1iYXNpYy1nZW4yXzcyMHARAHUAZd6oAQA&_nc_gid=LBOoSXVuD_ci_4GMtTPQ1A&_nc_ss=7f180&_nc_zt=28&oh=00_AQFmqGlmBFuOqRPgA90ez5-yPeNc26anbBvEhdNK5D1KDA&oe=6A75A0A8,"['FACEBOOK', 'INSTAGRAM', 'AUDIENCE_NETWORK', 'MESSENGER', 'WHATSAPP', 'THREADS']",au,cw,facebook,social,2026-W31,2026-08,"FACEBOOK, INSTAGRAM, AUDIENCE_NETWORK, MESSENGER, WHATSAPP, THREADS",True,True,True,True,True,True,Brand/Category Page,True,False,False,2026-08-03,2026-07-15 07:00:00,2026-08-03 15:37:17.103942,19
1472933697925652,,True,2026-07-15 07:00:00,2026-08-02 07:00:00,Chemist Warehouse,Chemist Warehouse,Oral-B 3D White Range,Brighten your smile with Oral-B 3D White removes tough surface stains for a brighter smile. Shop now at Chemist Warehouse.,Shop now,IMAGE,https://fb.com/canvas_doc/1370530718360648,fb.com,/canvas_doc/1370530718360648,,,,,,,Not Specified,,,,,,,,,,"['FACEBOOK', 'INSTAGRAM', 'AUDIENCE_NETWORK', 'MESSENGER', 'THREADS']",,,,,2026-W31,2026-08,"FACEBOOK, INSTAGRAM, AUDIENCE_NETWORK, MESSENGER, THREADS",True,True,True,True,True,False,Internal/App Page,True,True,False,2026-08-03,2026-07-15 07:00:00,2026-08-03 15:37:17.103942,19
1536477531610157,,True,2026-07-15 07:00:00,2026-08-01 07:00:00,Chemist Warehouse,Chemist Warehouse,Oral-B 3D White Range,Visibly Whiter Teeth in 1 Day with Oral-B! Removes tough surface stains for a brighter smile. Shop now at Chemist Warehouse.,Shop now,IMAGE,https://fb.com/canvas_doc/1737663727265517,fb.com,/canvas_doc/1737663727265517,,,,,,,Not Specified,,,,,,,,,,"['FACEBOOK', 'INSTAGRAM', 'AUDIENCE_NETWORK', 'MESSENGER', 'THREADS']",,,,,2026-W31,2026-08,"FACEBOOK, INSTAGRAM, AUDIENCE_NETWORK, MESSENGER, THREADS",True,True,True,True,True,False,Internal/App Page,True,True,False,2026-08-03,2026-07-15 07:00:00,2026-08-03 15:37:17.103942,19
2507653283009999,,True,2026-07-15 07:00:00,2026-08-02 07:00:00,Chemist Warehouse,Chemist Warehouse,Oral-B 3D White Range,Brighten your smile with Oral-B 3D White removes tough surface stains for a brighter smile. Shop now at Chemist Warehouse.,Shop now,IMAGE,https://fb.com/canvas_doc/27206958465665982,fb.com,/canvas_doc/27206958465665982,,,,,,,Not Specified,,,,,,,,,,"['FACEBOOK', 'INSTAGRAM', 'AUDIENCE_NETWORK', 'MESSENGER', 'THREADS']",,,,,2026-W31,2026-08,"FACEBOOK, INSTAGRAM, AUDIENCE_NETWORK, MESSENGER, THREADS",True,True,True,True,True,False,Internal/App Page,True,True,False,2026-08-03,2026-07-15 07:00:00,2026-08-03 15:37:17.103942,19
1335516428788623,,True,2026-07-15 07:00:00,2026-08-01 07:00:00,Chemist Warehouse,Chemist Warehouse,Oral-B 3D White Range,Three Step routine for visibly whiter teeth with Oral-B. Shop now at Chemist Warehouse!,Shop now,IMAGE,https://fb.com/canvas_doc/2503652266742649,fb.com,/canvas_doc/2503652266742649,,,,,,,Not Specified,,,,,,,,,,"['FACEBOOK', 'INSTAGRAM', 'AUDIENCE_NETWORK', 'MESSENGER', 'THREADS']",,,,,2026-W31,2026-08,"FACEBOOK, INSTAGRAM, AUDIENCE_NETWORK, MESSENGER, THREADS",True,True,True,True,True,False,Internal/App Page,True,True,False,2026-08-03,2026-07-15 07:00:00,2026-08-03 15:37:17.103942,19
27637281125955889,1430643335491618,True,2026-07-10 07:00:00,2026-07-29 07:00:00,Chemist Warehouse,Chemist Warehouse,Blackmores Magnesium Range,"Support your muscle health. 
Always read the label & follow the directions for use.",Shop now,VIDEO,https://www.chemistwarehouse.com.au/shop-online/513/blackmores?category=Muscles%2C%20Bones%20%26%20Joints&utm_source=facebook&utm_medium=social&utm_campaign=au_cw_oa_facebook_social_blackmoreslimited_blackmores_81_jul26_100661-oa_video-image&utm_term=traffic&utm_content=video-image_,www.chemistwarehouse.com.au,/shop-online/513/blackmores,facebook,social,au_cw_oa_facebook_social_blackmoreslimited_blackmores_81_jul26_100661-oa_video-image,81,traffic,video-image_,O&O,Blackmoreslimited,Blackmores,jul26,video-image,,,,,,"['FACEBOOK', 'INSTAGRAM', 'MESSENGER', 'WHATSAPP']",au,cw,facebook,social,2026-W31,2026-08,"FACEBOOK, INSTAGRAM, MESSENGER, WHATSAPP",True,True,False,True,False,True,Brand/Category Page,True,False,False,2026-08-03,2026-07-10 07:00:00,2026-08-03 15:37:17.103942,24
1321410883539827,1743424146852519,True,2026-07-10 07:00:00,2026-08-02 07:00:00,Chemist Warehouse,Chemist Warehouse,New Blackmores Magnesium Glycinate,"Supports healthy sleeping patterns and muscle health. 
Always read the label and follow the directions for use.",Shop now,VIDEO,https://www.chemistwarehouse.com.au/shop-online/513/blackmores?category=Muscles%2C%20Bones%20%26%20Joints&utm_source=facebook&utm_medium=social&utm_campaign=au_cw_oa_facebook_social_blackmoreslimited_blackmores_81_jul26_100661-oa_video-image&utm_term=traffic&utm_content=video-image_,www.chemistwarehouse.com.au,/shop-online/513/blackmores,facebook,social,au_cw_oa_facebook_social_blackmoreslimited_blackmores_81_jul26_100661-oa_video-image,81,traffic,video-image_,O&O,Blackmoreslimited,Blackmores,jul26,video-image,,,,,,"['FACEBOOK', 'INSTAGRAM', 'MESSENGER', 'WHATSAPP']",au,cw,facebook,social,2026-W31,2026-08,"FACEBOOK, INSTAGRAM, MESSENGER, WHATSAPP",True,True,False,True,False,True,Brand/Category Page,True,False,False,2026-08-03,2026-07-10 07:00:00,2026-08-03 15:37:17.103942,24
1330129822097818,1430643335491618,True,2026-07-10 07:00:00,2026-08-02 07:00:00,Chemist Warehouse,Chemist Warehouse,Blackmores Magnesium Range,"Support your muscle health. 
Always read the label & follow the directions for use.",Shop now,VIDEO,https://www.chemistwarehouse.com.au/shop-online/513/blackmores?category=Muscles%2C%20Bones%20%26%20Joints&utm_source=facebook&utm_medium=social&utm_campaign=au_cw_oa_facebook_social_blackmoreslimited_blackmores_81_jul26_100661-oa_video-image&utm_term=traffic&utm_content=video-image_,www.chemistwarehouse.com.au,/shop-online/513/blackmores,facebook,social,au_cw_oa_facebook_social_blackmoreslimited_blackmores_81_jul26_100661-oa_video-image,81,traffic,video-image_,O&O,Blackmoreslimited,Blackmores,jul26,video-image,,,,,,"['FACEBOOK', 'INSTAGRAM', 'MESSENGER', 'WHATSAPP']",au,cw,facebook,social,2026-W31,2026-08,"FACEBOOK, INSTAGRAM, MESSENGER, WHATSAPP",True,True,False,True,False,True,Brand/Category Page,True,False,False,2026-08-03,2026-07-10 07:00:00,2026-08-03 15:37:17.103942,24
4148085002148717,1578074087052016,True,2026-07-10 07:00:00,2026-07-31 07:00:00,Chemist Warehouse,Chemist Warehouse,New Blackmores Magnesium Glycinate,"Supports healthy sleeping patterns and muscle health. 
Always read the label and follow the directions for use.",Shop now,VIDEO,https://www.chemistwarehouse.com.au/shop-online/513/blackmores?category=Muscles%2C%20Bones%20%26%20Joints&utm_source=facebook&utm_medium=social&utm_campaign=au_cw_oa_facebook_social_blackmoreslimited_blackmores_81_jul26_100661-oa_video-image&utm_term=traffic&utm_content=video-image_,www.chemistwarehouse.com.au,/shop-online/513/blackmores,facebook,social,au_cw_oa_facebook_social_blackmoreslimited_blackmores_81_jul26_100661-oa_video-image,81,traffic,video-image_,O&O,Blackmoreslimited,Blackmores,jul26,video-image,,,,,,"['FACEBOOK', 'INSTAGRAM', 'MESSENGER', 'WHATSAPP']",au,cw,facebook,social,2026-W31,2026-08,"FACEBOOK, INSTAGRAM, MESSENGER, WHATSAPP",True,True,False,True,False,True,Brand/Category Page,True,False,False,2026-08-03,2026-07-10 07:00:00,2026-08-03 15:37:17.103942,24
2558280251241478,1743424146852519,True,2026-07-10 07:00:00,2026-08-02 07:00:00,Chemist Warehouse,Chemist Warehouse,New Blackmores Magnesium Glycinate,"Supports healthy sleeping patterns and muscle health. 
Always read the label and follow the directions for use.",Shop now,VIDEO,https://www.chemistwarehouse.com.au/shop-online/513/blackmores?category=Muscles%2C%20Bones%20%26%20Joints&utm_source=facebook&utm_medium=social&utm_campaign=au_cw_oa_facebook_social_blackmoreslimited_blackmores_81_jul26_100661-oa_video-image&utm_term=traffic&utm_content=video-image_,www.chemistwarehouse.com.au,/shop-online/513/blackmores,facebook,social,au_cw_oa_facebook_social_blackmoreslimited_blackmores_81_jul26_100661-oa_video-image,81,traffic,video-image_,O&O,Blackmoreslimited,Blackmores,jul26,video-image,,,,,,"['FACEBOOK', 'INSTAGRAM', 'MESSENGER', 'WHATSAPP']",au,cw,facebook,social,2026-W31,2026-08,"FACEBOOK, INSTAGRAM, MESSENGER, WHATSAPP",True,True,False,True,False,True,Brand/Category Page,True,False,False,2026-08-03,2026-07-10 07:00:00,2026-08-03 15:37:17.103942,24
1558985718950916,1578074087052016,True,2026-07-10 07:00:00,2026-08-01 07:00:00,Chemist Warehouse,Chemist Warehouse,New Blackmores Magnesium Glycinate,"Supports healthy sleeping patterns and muscle health. 
Always read the label and follow the directions for use.",Shop now,VIDEO,https://www.chemistwarehouse.com.au/shop-online/513/blackmores?category=Muscles%2C%20Bones%20%26%20Joints&utm_source=facebook&utm_medium=social&utm_campaign=au_cw_oa_facebook_social_blackmoreslimited_blackmores_81_jul26_100661-oa_video-image&utm_term=traffic&utm_content=video-image_,www.chemistwarehouse.com.au,/shop-online/513/blackmores,facebook,social,au_cw_oa_facebook_social_blackmoreslimited_blackmores_81_jul26_100661-oa_video-image,81,traffic,video-image_,O&O,Blackmoreslimited,Blackmores,jul26,video-image,,,,,,"['FACEBOOK', 'INSTAGRAM', 'MESSENGER', 'WHATSAPP']",au,cw,facebook,social,2026-W31,2026-08,"FACEBOOK, INSTAGRAM, MESSENGER, WHATSAPP",True,True,False,True,False,True,Brand/Category Page,True,False,False,2026-08-03,2026-07-10 07:00:00,2026-08-03 15:37:17.103942,24
1714945099541278,1256885590831681,True,2026-07-10 07:00:00,2026-08-02 07:00:00,Chemist Warehouse,Chemist Warehouse,Blackmores Magnesium,"Relieves muscle cramps when dietary intake is inadequate. 
Always read the label and follow the directions for use.",Shop now,VIDEO,https://www.chemistwarehouse.com.au/shop-online/513/blackmores?category=Muscles%2C%20Bones%20%26%20Joints&utm_source=facebook&utm_medium=social&utm_campaign=au_cw_oa_facebook_social_blackmoreslimited_blackmores_81_jul26_100661-oa_video-image&utm_term=traffic&utm_content=video-image_,www.chemistwarehouse.com.au,/shop-online/513/blackmores,facebook,social,au_cw_oa_facebook_social_blackmoreslimited_blackmores_81_jul26_100661-oa_video-image,81,traffic,video-image_,O&O,Blackmoreslimited,Blackmores,jul26,video-image,,,,,,"['FACEBOOK', 'INSTAGRAM', 'MESSENGER', 'WHATSAPP']",au,cw,facebook,social,2026-W31,2026-08,"FACEBOOK, INSTAGRAM, MESSENGER, WHATSAPP",True,True,False,True,False,True,Brand/Category Page,True,False,False,2026-08-03,2026-07-10 07:00:00,2026-08-03 15:37:17.103942,24
2010985632854931,1291262759480178,True,2026-07-09 07:00:00,2026-08-02 07:00:00,Chemist Warehouse,Chemist Warehouse,{{product.name}},{{product.brand}},Shop now,DCO,https://www.chemistwarehouse.com.au/shop-online/7229/loreal-professionnel?utm_source=facebook&utm_medium=social&utm_campaign=au_cw_coop_facebook_social_lorealprofessional_lorealprofessionnel_129_2026_bau_dynamic&utm_term=traffic&utm_content=dynamic_instore,www.chemistwarehouse.com.au,/shop-online/7229/loreal-professionnel,facebook,social,au_cw_coop_facebook_social_lorealprofessional_lorealprofessionnel_129_2026_bau_dynamic,129,traffic,dynamic_instore,Coop,Lorealprofessional,Lorealprofessionnel,2026,dynamic,NEW Keratin Alpha Sleek,Shop L’Oréal Professionnel Keratin Alpha Sleek at Chemist Warehouse,Shop Now,,https://video.fpss5-1.fna.fbcdn.net/o1/v/t2/f2/m366/AQPau6DFPIFAZUlikV_IoN5-4VDxfqPfnqUxaWkOaqiHAONgsYfwVHMGu8VWP1l5PB3lj2utr6xohoryQ6aEDxExcsxzRFSKMISsBpBScTzN_A.mp4?_nc_cat=100&_nc_oc=Ado0dGz6KtUTsx_lFqqQLMD76ggpqkE3T300itcTukf0u-yWtUB6FxI_i2N__xzZ6XA&_nc_sid=b66105&_nc_ht=video.fpss5-1.fna.fbcdn.net&_nc_ohc=6hUsNb8bKwMQ7kNvwGMSbYZ&efg=eyJ2ZW5jb2RlX3RhZyI6Inhwdl9wcm9ncmVzc2l2ZS5WSV9VU0VDQVNFX1BST0RVQ1RfVFlQRS4uQzMuNzIwLmRhc2hfaDI2NC1iYXNpYy1nZW4yXzcyMHAiLCJ4cHZfYXNzZXRfaWQiOjIzMzM2ODk2MDM4MjkzODYsImFzc2V0X2FnZV9kYXlzIjoyMywidmlfdXNlY2FzZV9pZCI6MTA3OTksImR1cmF0aW9uX3MiOjUxLCJ1cmxnZW5fc291cmNlIjoid3d3In0%3D&ccb=17-1&vs=cf8bb2d973d2d494&_nc_vs=HBksFQIYRWZiX2VwaGVtZXJhbC9CNzRGN0ZCRkRCRDYxMkM4OTk0Qjk4MzgwNjcwRDY5NV9tdF8xX3ZpZGVvX2Rhc2hpbml0Lm1wNBUAAsgBEgAVAhhAZmJfcGVybWFuZW50LzQ0NDlERDMxM0VFM0UwNjUwMDE5RDEzQ0MwMTAyQkIxX2F1ZGlvX2Rhc2hpbml0Lm1wNBUCAsgBEgAoABgAGwKIB3VzZV9vaWwBMRJwcm9ncmVzc2l2ZV9yZWNpcGUBMRUAACaUutG9zp6lCBUCKAJDMywXQEnu2RaHKwIYGWRhc2hfaDI2NC1iYXNpYy1nZW4yXzcyMHARAHUAZd6oAQA&_nc_gid=NGYHqJPky8p2tEuEqvRSYg&_nc_ss=7f180&_nc_zt=28&oh=00_AQG3sPcDMeSi1G2uqWOD2TMTonCudyjuGO4_b20oO9aCcg&oe=6A75A690,"['FACEBOOK', 'INSTAGRAM', 'AUDIENCE_NETWORK', 'MESSENGER', 'THREADS']",au,cw,facebook,social,2026-W31,2026-08,"FACEBOOK, INSTAGRAM, AUDIENCE_NETWORK, MESSENGER, THREADS",True,True,True,True,True,False,Brand/Category Page,True,False,False,2026-08-03,2026-07-09 07:00:00,2026-08-03 15:37:17.103942,25
994274616754222,,True,2026-07-08 07:00:00,2026-08-02 07:00:00,Chemist Warehouse,Chemist Warehouse,Strength in Every Drop,"Arnica powered, so you can keep on going. That's the Brauer promise.",Learn more,IMAGE,https://fb.com/canvas_doc/968934032313613,fb.com,/canvas_doc/968934032313613,,,,,,,Not Specified,,,,,,,,,,"['FACEBOOK', 'INSTAGRAM', 'THREADS']",,,,,2026-W31,2026-08,"FACEBOOK, INSTAGRAM, THREADS",True,True,False,False,True,False,Internal/App Page,True,False,False,2026-08-03,2026-07-08 07:00:00,2026-08-03 15:37:17.103942,26
1352914559595843,2424161241328751,True,2026-07-09 07:00:00,2026-08-02 07:00:00,Chemist Warehouse,Chemist Warehouse,{{product.name}},{{product.brand}},Shop now,DCO,https://www.chemistwarehouse.com.au/buy/115473/oil-garden-natural-remedies-breathe-oil-25ml?utm_source=facebook&utm_medium=social&utm_campaign=au_cw_oa_facebook_social_heritagebrandsaustralia_oilgarden_60000_july26_100558-instore_video&utm_term=traffic&utm_content=video_brand,www.chemistwarehouse.com.au,/buy/115473/oil-garden-natural-remedies-breathe-oil-25ml,facebook,social,au_cw_oa_facebook_social_heritagebrandsaustralia_oilgarden_60000_july26_100558-instore_video,60000,traffic,video_brand,O&O,Heritagebrandsaustralia,Oilgarden,july26,video,One bottle. Multiple winter uses.,Shop Oil Garden Breathe Essential Oil at Chemist Warehouse,Shop Now,,https://video.fpss5-1.fna.fbcdn.net/o1/v/t2/f2/m366/AQO4jP36nDO8qBO2mGKGm9jEZZs2oy1YgtGowrLJuWNMU5wkXADQxng_Vd91JpXS88gdUeA65YXzITkwJhY_fMwDwjFt6vyG3zhAaE-pg_YPPA.mp4?_nc_cat=104&_nc_oc=AdqSheEn4UFob91hXHsqs2uZny-0r7qscjuDJMw5u8Z7PPBua14F6vTAhuwv0wYEL1w&_nc_sid=b66105&_nc_ht=video.fpss5-1.fna.fbcdn.net&_nc_ohc=0NlqTq7K2CUQ7kNvwEhtgGr&efg=eyJ2ZW5jb2RlX3RhZyI6Inhwdl9wcm9ncmVzc2l2ZS5WSV9VU0VDQVNFX1BST0RVQ1RfVFlQRS4uQzMuNzIwLmRhc2hfaDI2NC1iYXNpYy1nZW4yXzcyMHAiLCJ4cHZfYXNzZXRfaWQiOjE3NzIwMDk5MzM3ODg3NDYsImFzc2V0X2FnZV9kYXlzIjoyNCwidmlfdXNlY2FzZV9pZCI6MTA3OTksImR1cmF0aW9uX3MiOjMxLCJ1cmxnZW5fc291cmNlIjoid3d3In0%3D&ccb=17-1&vs=6deb03c09c68342e&_nc_vs=HBksFQIYRWZiX2VwaGVtZXJhbC8xRDQ0NjAwMTYzOERDREM1QkIwQTkzNThEMDVDNjFCN19tdF8xX3ZpZGVvX2Rhc2hpbml0Lm1wNBUAAsgBEgAVAhhAZmJfcGVybWFuZW50L0JCNEE3Q0QyQUE2RTIxNDg0QUY1OUNCMEZFRkUwQzg2X2F1ZGlvX2Rhc2hpbml0Lm1wNBUCAsgBEgAoABgAGwKIB3VzZV9vaWwBMRJwcm9ncmVzc2l2ZV9yZWNpcGUBMRUAACaU2aLqxuilBhUCKAJDMywXQD_dsi0OVgQYGWRhc2hfaDI2NC1iYXNpYy1nZW4yXzcyMHARAHUAZd6oAQA&_nc_gid=NGYHqJPky8p2tEuEqvRSYg&_nc_ss=7f180&_nc_zt=28&oh=00_AQGASh5SnNITe1-V8J6dinwEHAVlMGmXGIEMm_QeIpBwbg&oe=6A758CE4,"['FACEBOOK', 'INSTAGRAM', 'AUDIENCE_NETWORK', 'MESSENGER', 'WHATSAPP', 'THREADS']",au,cw,facebook,social,2026-W31,2026-08,"FACEBOOK, INSTAGRAM, AUDIENCE_NETWORK, MESSENGER, WHATSAPP, THREADS",True,True,True,True,True,True,SKU Product,True,False,False,2026-08-03,2026-07-09 07:00:00,2026-08-03 15:37:17.103942,25
1013122857989558,2260871374718010,True,2026-07-08 07:00:00,2026-08-02 07:00:00,Chemist Warehouse,Chemist Warehouse,{{product.name}},{{product.brand}},Learn more,DCO,https://www.chemistwarehouse.com.au/shop-online/705628/oli6?utm_source=facebook&utm_medium=social&utm_campaign=au_cw_coop_facebook_social_nuchevptyltd_oli6_20_2026_100001-bau_carousel-video&utm_term=traffic&utm_content=carousel-video_static,www.chemistwarehouse.com.au,/shop-online/705628/oli6,facebook,social,au_cw_coop_facebook_social_nuchevptyltd_oli6_20_2026_100001-bau_carousel-video,20,traffic,carousel-video_static,Coop,Nuchevptyltd,Oli6,2026,carousel-video,Goat Milk. Gentle Relief.,Naturally A2 Protein. Goat Milk nutrition easier on little tummies.,Learn More,https://scontent.fpss5-1.fna.fbcdn.net/v/t39.35426-6/688904242_1446325947296408_8976737769711733008_n.jpg?_nc_cat=108&ccb=1-7&_nc_sid=c53f8f&_nc_ohc=w6zYUL9KY8oQ7kNvwEhWgvF&_nc_oc=Adrt3zWNTG_oy6hwb1ZXVIbuh930tbgZg31fxXa0Q1y7w4A5clddTOc1acIo83NHnLQ&_nc_zt=14&_nc_ht=scontent.fpss5-1.fna&_nc_gid=NGYHqJPky8p2tEuEqvRSYg&_nc_ss=7f180&oh=00_AQFswCKqd593WNdlN_7i3ut_L10iQpcy1JSsJX-oqtcx8A&oe=6A7574AF,,"['FACEBOOK', 'INSTAGRAM', 'MESSENGER', 'THREADS']",au,cw,facebook,social,2026-W31,2026-08,"FACEBOOK, INSTAGRAM, MESSENGER, THREADS",True,True,False,True,True,False,Brand/Category Page,True,False,False,2026-08-03,2026-07-08 07:00:00,2026-08-03 15:37:17.103942,26
928743859625748,1516384589496002,True,2026-07-08 07:00:00,2026-08-02 07:00:00,Chemist Warehouse,Chemist Warehouse,Switching to EZEE Mobile,"Stop overpaying for mobile? EZEE Mobile has plans from just $29 - with no lock-in.
✅ Unlimited calls & texts in Australia
✅ Unlimited calls & SMS to 15 countries, including India, China, UK & USA
✅ Data banking, unused data rolls over
✅ Data gifting, share data with family
✅ 30-day expiry, not 28
✅ Free eSIM or $2 physical SIM
✅ Keep your number
Mobile made EZEE. 💚",Learn more,VIDEO,https://ezeemobile.com.au/plans?utm_source=facebook&utm_medium=social&utm_campaign=au_cw_house_facebook_social_ezeemobile_ezee_0_nov25_welcomeseries_video-image&utm_term=traffic&utm_content=video-image_july-dan-caulking,ezeemobile.com.au,/plans,facebook,social,au_cw_house_facebook_social_ezeemobile_ezee_0_nov25_welcomeseries_video-image,0,traffic,video-image_july-dan-caulking,House,Ezeemobile,Ezee,nov25,video-image,,,,,,"['FACEBOOK', 'INSTAGRAM', 'AUDIENCE_NETWORK', 'MESSENGER', 'THREADS']",au,cw,facebook,social,2026-W31,2026-08,"FACEBOOK, INSTAGRAM, AUDIENCE_NETWORK, MESSENGER, THREADS",True,True,True,True,True,False,Plans/Pricing Page,True,False,False,2026-08-03,2026-07-08 07:00:00,2026-08-03 15:37:17.103942,26
1020280524126168,903028348811551,True,2026-07-08 07:00:00,2026-08-02 07:00:00,Chemist Warehouse,Chemist Warehouse,{{product.name}},{{product.brand}},Shop now,DCO,https://www.chemistwarehouse.com.au/shop-online/loreal-elvive-collagen-lifter-range?utm_source=facebook&utm_medium=social&utm_campaign=au_cw_coop_facebook_social_lorealaustraliaptyltd_lorealparis_665_2026_bau_dynamic&utm_term=traffic&utm_content=collagenlifter,www.chemistwarehouse.com.au,/shop-online/loreal-elvive-collagen-lifter-range,facebook,social,au_cw_coop_facebook_social_lorealaustraliaptyltd_lorealparis_665_2026_bau_dynamic,665,traffic,collagenlifter,Coop,Lorealaustraliaptyltd,Lorealparis,2026,dynamic,Now 1/2 price off RRP!,"Discover the NEW Big Hair Day Refreshing Volume Spray. Spray to the roots, massage with fingers, and see the instant root lift!",Shop Now,https://scontent.fpss5-1.fna.fbcdn.net/v/t39.35426-6/742929941_1584108346620272_8977781173141607693_n.jpg?_nc_cat=108&ccb=1-7&_nc_sid=c53f8f&_nc_ohc=91td9QmusWsQ7kNvwEbF2oE&_nc_oc=Adqq9gxD5o6w9qaukvQKwJQUFh_qXt_5n0CyLCupmN7nZ0DAYi9VGUlRnk8zHXb8ckw&_nc_zt=14&_nc_ht=scontent.fpss5-1.fna&_nc_gid=NGYHqJPky8p2tEuEqvRSYg&_nc_ss=7f180&oh=00_AQHXZz5VBOZMRAqGbHyd5iuDtue9-JQ2HW5GbvK2RN5_hA&oe=6A759627,,"['FACEBOOK', 'INSTAGRAM', 'AUDIENCE_NETWORK', 'MESSENGER', 'THREADS']",au,cw,facebook,social,2026-W31,2026-08,"FACEBOOK, INSTAGRAM, AUDIENCE_NETWORK, MESSENGER, THREADS",True,True,True,True,True,False,Brand/Category Page,True,False,False,2026-08-03,2026-07-08 07:00:00,2026-08-03 15:37:17.103942,26
2052924908630755,983277238038497,True,2026-07-07 07:00:00,2026-07-26 07:00:00,Chemist Warehouse,Chemist Warehouse,Take your skincare mile high,The latest MCoBeauty arrivals! 💦 Hydration essentials for skin on the move.,Shop now,VIDEO,https://www.chemistwarehouse.com.au/shop-online/5644/mcobeauty-cosmetics?utm_source=facebook&utm_medium=social&utm_campaign=au_cw_coop_facebook_social_mcobeautyptyltd_mcobeauty_648_2026_100097-bau_video-image&utm_term=traffic&utm_content=video-image_generic,www.chemistwarehouse.com.au,/shop-online/5644/mcobeauty-cosmetics,facebook,social,au_cw_coop_facebook_social_mcobeautyptyltd_mcobeauty_648_2026_100097-bau_video-image,648,traffic,video-image_generic,Coop,Mcobeautyptyltd,Mcobeauty,2026,video-image,,,,,,"['FACEBOOK', 'INSTAGRAM', 'AUDIENCE_NETWORK', 'MESSENGER', 'WHATSAPP', 'THREADS']",au,cw,facebook,social,2026-W31,2026-08,"FACEBOOK, INSTAGRAM, AUDIENCE_NETWORK, MESSENGER, WHATSAPP, THREADS",True,True,True,True,True,True,Brand/Category Page,True,False,False,2026-08-03,2026-07-07 07:00:00,2026-08-03 15:37:17.103942,27
1038180911994731,,True,2026-07-08 07:00:00,2026-08-02 07:00:00,Chemist Warehouse,Chemist Warehouse,Shop Maybelline Cloudtopia,"NEW Cloudtopia! Ultra Pigmented, Yet Light as a Cloud! Now 30% OFF RRP at Chemist Warehouse!",Shop now,IMAGE,https://fb.com/canvas_doc/1468915771588944,fb.com,/canvas_doc/1468915771588944,,,,,,,Not Specified,,,,,,,,,,"['FACEBOOK', 'INSTAGRAM', 'AUDIENCE_NETWORK', 'MESSENGER', 'THREADS']",,,,,2026-W31,2026-08,"FACEBOOK, INSTAGRAM, AUDIENCE_NETWORK, MESSENGER, THREADS",True,True,True,True,True,False,Internal/App Page,True,True,False,2026-08-03,2026-07-08 07:00:00,2026-08-03 15:37:17.103942,26
2222642331636766,,True,2026-07-08 07:00:00,2026-08-02 07:00:00,Chemist Warehouse,Chemist Warehouse,Shop Maybelline Cloudtopia,"NEW Cloudtopia! Ultra Pigmented, Yet Light as a Cloud! Now 30% OFF RRP at Chemist Warehouse!",Shop now,IMAGE,https://fb.com/canvas_doc/1577910623888471,fb.com,/canvas_doc/1577910623888471,,,,,,,Not Specified,,,,,,,,,,"['FACEBOOK', 'INSTAGRAM', 'AUDIENCE_NETWORK', 'MESSENGER', 'THREADS']",,,,,2026-W31,2026-08,"FACEBOOK, INSTAGRAM, AUDIENCE_NETWORK, MESSENGER, THREADS",True,True,True,True,True,False,Internal/App Page,True,True,False,2026-08-03,2026-07-08 07:00:00,2026-08-03 15:37:17.103942,26
1374256354585488,1327204562960701,True,2026-07-07 07:00:00,2026-08-02 07:00:00,Chemist Warehouse,Chemist Warehouse,Chemist Warehouse,"Plans from $29 - Why Aussies are Switching!
EZEE Mobile runs on a 30-day cycle, so you recharge 12 times a year, not 13. Plans from $29
with unlimited calls & texts in Australia, unlimited calls to 15 countries, data banking and no
lock-in. Keep your number or choose a new one.
Grab a free eSIM, or a $2 SIM from your local Chemist Warehouse.
Switching is EZEE! 💚",Learn more,CAROUSEL,https://ezeemobile.com.au/plans?utm_source=facebook&utm_medium=social&utm_campaign=au_cw_house_facebook_social_ezeemobile_ezee_0_nov25_welcomeseries_video-image&utm_term=traffic&utm_content=video-image_july-carousel,ezeemobile.com.au,/plans,facebook,social,au_cw_house_facebook_social_ezeemobile_ezee_0_nov25_welcomeseries_video-image,0,traffic,video-image_july-carousel,House,Ezeemobile,Ezee,nov25,video-image,EZEE Mobile, ,Learn More,https://scontent.fpss5-1.fna.fbcdn.net/v/t39.35426-6/740169608_1324713129777226_8469108419605497299_n.jpg?_nc_cat=102&ccb=1-7&_nc_sid=c53f8f&_nc_ohc=jool_P41_kIQ7kNvwF0Zn9X&_nc_oc=Adryu0U-1J6pW_Ew9KSf_eeBk-OMyys1UPM_INLGpjlV8glQV1G__UZj9J0JbFSG94c&_nc_zt=14&_nc_ht=scontent.fpss5-1.fna&_nc_gid=NGYHqJPky8p2tEuEqvRSYg&_nc_ss=7f180&oh=00_AQEl3-pWmJp2IOhUGmsNAoU2LWWn8L-OxC2IN7QlfxGCVA&oe=6A758BC5,,"['FACEBOOK', 'INSTAGRAM', 'AUDIENCE_NETWORK', 'MESSENGER', 'THREADS']",au,cw,facebook,social,2026-W31,2026-08,"FACEBOOK, INSTAGRAM, AUDIENCE_NETWORK, MESSENGER, THREADS",True,True,True,True,True,False,Plans/Pricing Page,True,True,False,2026-08-03,2026-07-07 07:00:00,2026-08-03 15:37:17.103942,27
1587528519826722,1036643022657924,True,2026-07-07 07:00:00,2026-07-31 07:00:00,Chemist Warehouse,Chemist Warehouse,{{product.name}},{{product.brand}},Learn more,DCO,https://ezeemobile.com.au/plans?utm_source=facebook&utm_medium=social&utm_campaign=au_cw_house_facebook_social_ezeemobile_ezee_0_nov25_welcomeseries_video-image&utm_term=traffic&utm_content=video-image_july-static-2,ezeemobile.com.au,/plans,facebook,social,au_cw_house_facebook_social_ezeemobile_ezee_0_nov25_welcomeseries_video-image,0,traffic,video-image_july-static-2,House,Ezeemobile,Ezee,nov25,video-image,Switching to EZEE Mobile,"Stop overpaying for mobile? EZEE Mobile has plans from just $29 - with no lock-in.
✅ Unlimited calls & texts in Australia
✅ Unlimited calls & SMS to 15 countries, including India, China, UK & USA
✅ Data banking, unused data rolls over
✅ Data gifting, share data with family
✅ 30-day expiry, not 28
✅ Free eSIM or $2 physical SIM
✅ Keep your number
Mobile made EZEE. 💚",Learn More,https://scontent.fpss5-1.fna.fbcdn.net/v/t39.35426-6/741296624_4522211488104961_2502419524923860675_n.jpg?_nc_cat=109&ccb=1-7&_nc_sid=c53f8f&_nc_ohc=wZCcVThKLb4Q7kNvwE4CO20&_nc_oc=Adrq7i1lOBbloAiihx_d0DUzoKExIMTT9FsBWxe8d1ocwglLhUmoGxXfgdTcTSbizUY&_nc_zt=14&_nc_ht=scontent.fpss5-1.fna&_nc_gid=NGYHqJPky8p2tEuEqvRSYg&_nc_ss=7f180&oh=00_AQENW_aTVNumUvIaoXanf5gTihN7XOMB2PcWJbtmML7SHQ&oe=6A759241,,"['FACEBOOK', 'INSTAGRAM', 'AUDIENCE_NETWORK', 'MESSENGER', 'THREADS']",au,cw,facebook,social,2026-W31,2026-08,"FACEBOOK, INSTAGRAM, AUDIENCE_NETWORK, MESSENGER, THREADS",True,True,True,True,True,False,Plans/Pricing Page,True,False,False,2026-08-03,2026-07-07 07:00:00,2026-08-03 15:37:17.103942,27
1043627688129643,997333986253430,True,2026-07-07 07:00:00,2026-07-30 07:00:00,Chemist Warehouse,Chemist Warehouse,{{product.name}},{{product.brand}},Learn more,DCO,https://ezeemobile.com.au/plans?utm_source=facebook&utm_medium=social&utm_campaign=au_cw_house_facebook_social_ezeemobile_ezee_0_nov25_welcomeseries_video-image&utm_term=traffic&utm_content=video-image_july-static-1,ezeemobile.com.au,/plans,facebook,social,au_cw_house_facebook_social_ezeemobile_ezee_0_nov25_welcomeseries_video-image,0,traffic,video-image_july-static-1,House,Ezeemobile,Ezee,nov25,video-image,Switching to EZEE Mobile,"Here's why Aussies are switching to EZEE Mobile. 📱
More features. Better value. No lock-in. And unlike most prepaid plans, EZEE runs on a 30-day
cycle - not 28. That's 12 recharges a year, not 13.
Prepaid plans from $29. Free eSIM, or pick up a SIM for $2 at your local Chemist Warehouse.
Switching is EZEE! 💚",Learn More,https://scontent.fpss5-1.fna.fbcdn.net/v/t39.35426-6/740929627_1742218713584223_2749427966796859674_n.jpg?_nc_cat=103&ccb=1-7&_nc_sid=c53f8f&_nc_ohc=0L3B-6sFv0cQ7kNvwH-UAjz&_nc_oc=AdpiOD7qTp_YXQrqWtufygGahoAeMUhic_NRX5udmF9nHZJoTqxhYvLqnwKszhHtdDI&_nc_zt=14&_nc_ht=scontent.fpss5-1.fna&_nc_gid=NGYHqJPky8p2tEuEqvRSYg&_nc_ss=7f180&oh=00_AQG13IXJduETblzCa3EwUr_ao_m_pQlmxUXEHOFz64aGew&oe=6A757B90,,"['FACEBOOK', 'INSTAGRAM', 'AUDIENCE_NETWORK', 'MESSENGER', 'THREADS']",au,cw,facebook,social,2026-W31,2026-08,"FACEBOOK, INSTAGRAM, AUDIENCE_NETWORK, MESSENGER, THREADS",True,True,True,True,True,False,Plans/Pricing Page,True,False,False,2026-08-03,2026-07-07 07:00:00,2026-08-03 15:37:17.103942,27
2837808323278254,1560501802311150,True,2026-07-07 07:00:00,2026-08-02 07:00:00,Chemist Warehouse,Chemist Warehouse,Take your skincare mile high,The latest MCoBeauty arrivals! 💦 Hydration essentials for skin on the move. Shop now at Chemist Warehous,Shop now,VIDEO,https://www.chemistwarehouse.com.au/shop-online/5644/mcobeauty-cosmetics?utm_source=facebook&utm_medium=social&utm_campaign=au_cw_coop_facebook_social_mcobeautyptyltd_mcobeauty_648_2026_100097-bau_video-image&utm_term=traffic&utm_content=video-image_generic,www.chemistwarehouse.com.au,/shop-online/5644/mcobeauty-cosmetics,facebook,social,au_cw_coop_facebook_social_mcobeautyptyltd_mcobeauty_648_2026_100097-bau_video-image,648,traffic,video-image_generic,Coop,Mcobeautyptyltd,Mcobeauty,2026,video-image,,,,,,"['FACEBOOK', 'INSTAGRAM', 'AUDIENCE_NETWORK', 'MESSENGER', 'WHATSAPP', 'THREADS']",au,cw,facebook,social,2026-W31,2026-08,"FACEBOOK, INSTAGRAM, AUDIENCE_NETWORK, MESSENGER, WHATSAPP, THREADS",True,True,True,True,True,True,Brand/Category Page,True,False,False,2026-08-03,2026-07-07 07:00:00,2026-08-03 15:37:17.103942,27
955109770880482,1036598725474810,True,2026-07-10 07:00:00,2026-07-28 07:00:00,Chemist Warehouse,Chemist Warehouse,Take your skincare mile high,The latest MCoBeauty arrivals! 💦 Hydration essentials for skin on the move. Shop now at Chemist Warehouse,Shop now,VIDEO,https://www.chemistwarehouse.com.au/shop-online/5644/mcobeauty-cosmetics?utm_source=facebook&utm_medium=social&utm_campaign=au_cw_coop_facebook_social_mcobeautyptyltd_mcobeauty_648_2026_100097-bau_video-image&utm_term=traffic&utm_content=video-image_generic,www.chemistwarehouse.com.au,/shop-online/5644/mcobeauty-cosmetics,facebook,social,au_cw_coop_facebook_social_mcobeautyptyltd_mcobeauty_648_2026_100097-bau_video-image,648,traffic,video-image_generic,Coop,Mcobeautyptyltd,Mcobeauty,2026,video-image,,,,,,"['FACEBOOK', 'INSTAGRAM', 'AUDIENCE_NETWORK', 'MESSENGER', 'WHATSAPP', 'THREADS']",au,cw,facebook,social,2026-W31,2026-08,"FACEBOOK, INSTAGRAM, AUDIENCE_NETWORK, MESSENGER, WHATSAPP, THREADS",True,True,True,True,True,True,Brand/Category Page,True,True,False,2026-08-03,2026-07-10 07:00:00,2026-08-03 15:37:17.103942,24
28524771530444771,1448085840413678,True,2026-07-16 07:00:00,2026-08-02 07:00:00,Chemist Warehouse,Chemist Warehouse,Shop at Chemist Warehouse.,Shop Thursday Plantation Deodorant at Chemist Warehouse.,Shop now,VIDEO,https://www.chemistwarehouse.com.au/shop-online/1071/thursday-plantation?category=Deodorant&utm_source=facebook&utm_medium=social&utm_campaign=au_cw_oa_facebook_social_homartwellnessaustptyltd_thursdayplantation_259_jul26_100670-oa_video-image&utm_term=traffic&utm_content=video-image_,www.chemistwarehouse.com.au,/shop-online/1071/thursday-plantation,facebook,social,au_cw_oa_facebook_social_homartwellnessaustptyltd_thursdayplantation_259_jul26_100670-oa_video-image,259,traffic,video-image_,O&O,Homartwellnessaustptyltd,Thursdayplantation,jul26,video-image,,,,,,"['FACEBOOK', 'INSTAGRAM', 'AUDIENCE_NETWORK', 'MESSENGER', 'WHATSAPP', 'THREADS']",au,cw,facebook,social,2026-W31,2026-08,"FACEBOOK, INSTAGRAM, AUDIENCE_NETWORK, MESSENGER, WHATSAPP, THREADS",True,True,True,True,True,True,Brand/Category Page,True,True,False,2026-08-03,2026-07-16 07:00:00,2026-08-03 15:37:17.103942,18
4454905424828770,1074696681513498,True,2026-07-16 07:00:00,2026-08-02 07:00:00,Chemist Warehouse,Chemist Warehouse,Shop Swisse today,Shop Swisse on Vitamins and supplements online at Chemist Warehouse and enjoy huge discounts across the range.,Shop now,VIDEO,https://fb.com/canvas_doc/1404258707626389,fb.com,/canvas_doc/1404258707626389,,,,,,,Not Specified,,,,,,,,,,"['FACEBOOK', 'INSTAGRAM', 'AUDIENCE_NETWORK', 'MESSENGER', 'THREADS']",,,,,2026-W31,2026-08,"FACEBOOK, INSTAGRAM, AUDIENCE_NETWORK, MESSENGER, THREADS",True,True,True,True,True,False,Internal/App Page,True,True,False,2026-08-03,2026-07-16 07:00:00,2026-08-03 15:37:17.103942,18
2018892698993084,1036470029132889,True,2026-08-01 07:00:00,2026-08-02 07:00:00,Chemist Warehouse,Chemist Warehouse,{{product.name}},{{product.brand}},Shop now,DCO,https://www.chemistwarehouse.com.au/shop-online/1908/schick-womens-shavers-blades?&utm_source=facebook&utm_medium=social&utm_campaign=au_cw_coop_facebook_social_edgewellpersonalcareaustralia_schickwomens_259_2026_100011-bau_video-image&utm_term=traffic&utm_content=video-image_all,www.chemistwarehouse.com.au,/shop-online/1908/schick-womens-shavers-blades,facebook,social,au_cw_coop_facebook_social_edgewellpersonalcareaustralia_schickwomens_259_2026_100011-bau_video-image,259,traffic,video-image_all,Coop,Edgewellpersonalcareaustralia,Schickwomens,2026,video-image,Your Chance to Win 10k!,Buy any 2 Schick Women's and/or Billie products for your chance to win $10k OR a $50 voucher for the Iconic. Shop now at Chemist Warehouse!,Shop Now,https://scontent.fpss5-1.fna.fbcdn.net/v/t39.35426-6/747062862_2229450464476073_2987619277448308251_n.jpg?_nc_cat=100&ccb=1-7&_nc_sid=c53f8f&_nc_ohc=HKyClmMIJFoQ7kNvwGfiEaF&_nc_oc=AdqL7k4G7RpJ3Z6_pWrMZcYhth_hUP1yCu1GOoxk6wbflfupSIU01sCUZMubHPatfmY&_nc_zt=14&_nc_ht=scontent.fpss5-1.fna&_nc_gid=LBOoSXVuD_ci_4GMtTPQ1A&_nc_ss=7f180&oh=00_AQHkpoH_Bbs1oYlUqaswnQmjNML1wzoQLnNjibW_stneBw&oe=6A758678,,"['FACEBOOK', 'INSTAGRAM', 'AUDIENCE_NETWORK', 'MESSENGER', 'THREADS']",au,cw,facebook,social,2026-W31,2026-08,"FACEBOOK, INSTAGRAM, AUDIENCE_NETWORK, MESSENGER, THREADS",True,True,True,True,True,False,Brand/Category Page,True,False,False,2026-08-03,2026-08-01 07:00:00,2026-08-03 15:37:17.103942,2
1052160810707867,,True,2026-07-02 07:00:00,2026-08-01 07:00:00,Chemist Warehouse,Chemist Warehouse,New Keratin Alpha Sleek,"New at Chemist Warehouse! Transform hair for 2 weeks of smooth, absolute frizz control.",Shop now,IMAGE,https://fb.com/canvas_doc/2120942381825181,fb.com,/canvas_doc/2120942381825181,,,,,,,Not Specified,,,,,,,,,,"['FACEBOOK', 'INSTAGRAM', 'AUDIENCE_NETWORK', 'MESSENGER', 'THREADS']",,,,,2026-W31,2026-08,"FACEBOOK, INSTAGRAM, AUDIENCE_NETWORK, MESSENGER, THREADS",True,True,True,True,True,False,Internal/App Page,True,True,False,2026-08-03,2026-07-02 07:00:00,2026-08-03 15:37:17.103942,32
1928048318581786,,True,2026-07-02 07:00:00,2026-08-02 07:00:00,Chemist Warehouse,Chemist Warehouse,New Keratin Alpha Sleek,"New at Chemist Warehouse! Transform hair for 2 weeks of smooth, absolute frizz control.",Shop now,IMAGE,https://fb.com/canvas_doc/1680973390115819,fb.com,/canvas_doc/1680973390115819,,,,,,,Not Specified,,,,,,,,,,"['FACEBOOK', 'INSTAGRAM', 'AUDIENCE_NETWORK', 'MESSENGER', 'THREADS']",,,,,2026-W31,2026-08,"FACEBOOK, INSTAGRAM, AUDIENCE_NETWORK, MESSENGER, THREADS",True,True,True,True,True,False,Internal/App Page,True,True,False,2026-08-03,2026-07-02 07:00:00,2026-08-03 15:37:17.103942,32
1096214133098594,,True,2026-07-02 07:00:00,2026-08-01 07:00:00,Chemist Warehouse,Chemist Warehouse,Olive Leaf Immunce Defence,Olive Leaf Extract. Relieve the severity of common cold symptoms,Shop now,IMAGE,https://fb.com/canvas_doc/1582456080128001,fb.com,/canvas_doc/1582456080128001,,,,,,,Not Specified,,,,,,,,,,"['FACEBOOK', 'INSTAGRAM', 'AUDIENCE_NETWORK', 'MESSENGER', 'THREADS']",,,,,2026-W31,2026-08,"FACEBOOK, INSTAGRAM, AUDIENCE_NETWORK, MESSENGER, THREADS",True,True,True,True,True,False,Internal/App Page,True,False,False,2026-08-03,2026-07-02 07:00:00,2026-08-03 15:37:17.103942,32
1329317258826278,2068859650372562,True,2026-07-01 07:00:00,2026-08-01 07:00:00,Chemist Warehouse,Chemist Warehouse,Common Cold and the Good Leaf,Olive Leaf Extract. Relieve the severity of common cold symptoms,Shop now,VIDEO,https://fb.com/canvas_doc/1352857712939934,fb.com,/canvas_doc/1352857712939934,,,,,,,Not Specified,,,,,,,,,,"['FACEBOOK', 'INSTAGRAM', 'AUDIENCE_NETWORK', 'MESSENGER', 'THREADS']",,,,,2026-W31,2026-08,"FACEBOOK, INSTAGRAM, AUDIENCE_NETWORK, MESSENGER, THREADS",True,True,True,True,True,False,Internal/App Page,True,False,False,2026-08-03,2026-07-01 07:00:00,2026-08-03 15:37:17.103942,33
1248751197205283,2188575921999220,True,2026-07-01 07:00:00,2026-08-02 07:00:00,Chemist Warehouse,Chemist Warehouse,{{product.name}},{{product.brand}},Shop now,DCO,https://www.chemistwarehouse.com.au/buy/168536/azzaro-forever-wanted-absolu-100ml?utm_source=facebook&utm_medium=social&utm_campaign=au_cw_oa_facebook_social_lorealluxury_azzaro_542_2026_bau_dynamic&utm_term=conversion&utm_content=dynamic_brand,www.chemistwarehouse.com.au,/buy/168536/azzaro-forever-wanted-absolu-100ml,facebook,social,au_cw_oa_facebook_social_lorealluxury_azzaro_542_2026_bau_dynamic,542,conversion,dynamic_brand,O&O,Lorealluxury,Azzaro,2026,dynamic,New Forever Wanted Absolu,"Azzaro Forever Wanted Absolu: a bold fusion of smoky incense, rich vanilla & whiskey. Shop now at Chemist Warehouse",Shop Now,https://scontent.fpss5-1.fna.fbcdn.net/v/t39.35426-6/734942530_907631191665562_2731671617634166217_n.jpg?_nc_cat=101&ccb=1-7&_nc_sid=c53f8f&_nc_ohc=DOpl6jWzfawQ7kNvwGNQOwJ&_nc_oc=Ado9uCf5GmpDBbUNqPzDGMWNiIjoqdOxC2oG0I0LUHn46PGXVltsyU-zEp3mm7TDGBs&_nc_zt=14&_nc_ht=scontent.fpss5-1.fna&_nc_gid=NGYHqJPky8p2tEuEqvRSYg&_nc_ss=7f180&oh=00_AQE5p6r1Shnm0x9bvj7F5loA89O4JrKEQPFxF_gvT4Lm4g&oe=6A75750F,,"['FACEBOOK', 'INSTAGRAM', 'AUDIENCE_NETWORK', 'MESSENGER', 'THREADS']",au,cw,facebook,social,2026-W31,2026-08,"FACEBOOK, INSTAGRAM, AUDIENCE_NETWORK, MESSENGER, THREADS",True,True,True,True,True,False,SKU Product,True,False,False,2026-08-03,2026-07-01 07:00:00,2026-08-03 15:37:17.103942,33
1344415564311136,2164982040745096,True,2026-07-31 07:00:00,2026-08-02 07:00:00,Chemist Warehouse,Chemist Warehouse,Shop Now,Shop Emla now at Chemist Warehouse!,Shop now,VIDEO,https://www.chemistwarehouse.com.au/buy/4238/emla-cream-5-30g-tube?utm_source=facebook&utm_medium=social&utm_campaign=au_cw_oa_facebook_social_aspenpharmacareaustralia_emla_99_may26_100498-oa_video-image&utm_term=traffic&utm_content=video-image_tuch,www.chemistwarehouse.com.au,/buy/4238/emla-cream-5-30g-tube,facebook,social,au_cw_oa_facebook_social_aspenpharmacareaustralia_emla_99_may26_100498-oa_video-image,99,traffic,video-image_tuch,O&O,Aspenpharmacareaustralia,Emla,may26,video-image,,,,,,"['FACEBOOK', 'INSTAGRAM', 'AUDIENCE_NETWORK', 'MESSENGER', 'WHATSAPP', 'THREADS']",au,cw,facebook,social,2026-W31,2026-08,"FACEBOOK, INSTAGRAM, AUDIENCE_NETWORK, MESSENGER, WHATSAPP, THREADS",True,True,True,True,True,True,SKU Product,True,True,False,2026-08-03,2026-07-31 07:00:00,2026-08-03 15:37:17.103942,3
1271296596056889,,True,2026-07-02 07:00:00,2026-08-02 07:00:00,Chemist Warehouse,Chemist Warehouse,Common Cold and the Good Leaf,Olive Leaf Extract. Traditionally used in Western herbal medicine to maintain/support immune system health.,Shop now,IMAGE,https://fb.com/canvas_doc/2077556452829671,fb.com,/canvas_doc/2077556452829671,,,,,,,Not Specified,,,,,,,,,,"['FACEBOOK', 'INSTAGRAM', 'AUDIENCE_NETWORK', 'MESSENGER', 'THREADS']",,,,,2026-W31,2026-08,"FACEBOOK, INSTAGRAM, AUDIENCE_NETWORK, MESSENGER, THREADS",True,True,True,True,True,False,Internal/App Page,True,False,False,2026-08-03,2026-07-02 07:00:00,2026-08-03 15:37:17.103942,32
4521483871435016,1316178387333651,True,2026-07-01 07:00:00,2026-08-01 07:00:00,Chemist Warehouse,Chemist Warehouse,Common Cold and the Good Leaf,Olive Leaf Extract. Relieve the severity of common cold symptoms,Shop now,VIDEO,https://fb.com/canvas_doc/2496157234199330,fb.com,/canvas_doc/2496157234199330,,,,,,,Not Specified,,,,,,,,,,"['FACEBOOK', 'INSTAGRAM', 'AUDIENCE_NETWORK', 'MESSENGER', 'THREADS']",,,,,2026-W31,2026-08,"FACEBOOK, INSTAGRAM, AUDIENCE_NETWORK, MESSENGER, THREADS",True,True,True,True,True,False,Internal/App Page,True,False,False,2026-08-03,2026-07-01 07:00:00,2026-08-03 15:37:17.103942,33
1307909494885368,1632543024470889,True,2026-06-30 07:00:00,2026-07-29 07:00:00,Chemist Warehouse,Chemist Warehouse,{{product.name}},{{product.brand}},Shop now,DCO,https://www.chemistwarehouse.com.au/buy/147521/carusos-probiotic-vaginal-care-60-capsules?utm_source=facebook&utm_medium=social&utm_campaign=au_cw_coop_facebook_social_carusosnaturalhealth_carusos_81_2026_100096-bau_video-image&utm_term=traffic&utm_content=video-image_,www.chemistwarehouse.com.au,/buy/147521/carusos-probiotic-vaginal-care-60-capsules,facebook,social,au_cw_coop_facebook_social_carusosnaturalhealth_carusos_81_2026_100096-bau_video-image,81,traffic,video-image_,Coop,Carusosnaturalhealth,Carusos,2026,video-image,"5 Billion CFU, 3 Strains","Looking for ways to support your vaginal health?
Caruso’s Vaginal Care Probiotic supports vaginal health and helps support healthy vaginal pH while
also relieves abdominal bloating.",Shop Now,,https://video.fpss5-1.fna.fbcdn.net/o1/v/t2/f2/m366/AQNu4YcAUQ1f1Yc8bHVNJWYWJCQrHz0c0rdMKtgNHFwimqc6WkZg0ilpjcseBNIrHlERZ8w1YufUErC1hkZ_CuPkCJh-ytOKhisN6-MYoKzbUw.mp4?_nc_cat=107&_nc_oc=Adp6BHAZTBOZhndR_wX0hzReqOC4MkNIpSH2VF4_LdUtAoGkimvsWeM1Q4feDHColPo&_nc_sid=b66105&_nc_ht=video.fpss5-1.fna.fbcdn.net&_nc_ohc=LEpycmoMlEYQ7kNvwG2h4bB&efg=eyJ2ZW5jb2RlX3RhZyI6Inhwdl9wcm9ncmVzc2l2ZS5WSV9VU0VDQVNFX1BST0RVQ1RfVFlQRS4uQzMuNzIwLmRhc2hfaDI2NC1iYXNpYy1nZW4yXzcyMHAiLCJ4cHZfYXNzZXRfaWQiOjE1Nzc5NTQ4NTA1NjQ1NTEsImFzc2V0X2FnZV9kYXlzIjo0NSwidmlfdXNlY2FzZV9pZCI6MTA3OTksImR1cmF0aW9uX3MiOjE1LCJ1cmxnZW5fc291cmNlIjoid3d3In0%3D&ccb=17-1&vs=1926bd53517a55b2&_nc_vs=HBksFQIYRWZiX2VwaGVtZXJhbC81NjRBNkU0NUUyMkM0QUZBNTY2RkU2Q0I0N0RFQjZCNF9tdF8xX3ZpZGVvX2Rhc2hpbml0Lm1wNBUAAsgBEgAVAhhAZmJfcGVybWFuZW50LzQ1NDBBMDY0OTExRjRDQjkzRTJFM0M0OTY5MjYxRjkxX2F1ZGlvX2Rhc2hpbml0Lm1wNBUCAsgBEgAoABgAGwKIB3VzZV9vaWwBMRJwcm9ncmVzc2l2ZV9yZWNpcGUBMRUAACaOp7flh8nNBRUCKAJDMywXQC4AAAAAAAAYGWRhc2hfaDI2NC1iYXNpYy1nZW4yXzcyMHARAHUAZd6oAQA&_nc_gid=NGYHqJPky8p2tEuEqvRSYg&_nc_ss=7f180&_nc_zt=28&oh=00_AQEU8_Io-I8stRlsil_DaQO-Mln6bGSxSQGwwcPl3-QhFQ&oe=6A75910D,"['FACEBOOK', 'INSTAGRAM', 'AUDIENCE_NETWORK', 'MESSENGER', 'WHATSAPP', 'THREADS']",au,cw,facebook,social,2026-W31,2026-08,"FACEBOOK, INSTAGRAM, AUDIENCE_NETWORK, MESSENGER, WHATSAPP, THREADS",True,True,True,True,True,True,SKU Product,True,False,False,2026-08-03,2026-06-30 07:00:00,2026-08-03 15:37:17.103942,34
1018573840681686,1476444624518681,True,2026-07-07 07:00:00,2026-08-02 07:00:00,Chemist Warehouse,Chemist Warehouse,Shop Harmonex now at Chemist Warehouse!,"Work, play and everything in between, then period pain. Get Harmonex tablets from Chemist Warehouse and take on the day, your way!",Learn more,VIDEO,https://www.chemistwarehouse.com.au/buy/149155/harmonex-275mg-24-tablets,www.chemistwarehouse.com.au,/buy/149155/harmonex-275mg-24-tablets,,,,,,,Not Specified,,,,,,,,,,"['FACEBOOK', 'INSTAGRAM']",,,,,2026-W31,2026-08,"FACEBOOK, INSTAGRAM",True,True,False,False,False,False,SKU Product,True,True,False,2026-08-03,2026-07-07 07:00:00,2026-08-03 15:37:17.103942,27
1019995537627885,2760509811014802,True,2026-07-01 07:00:00,2026-08-01 07:00:00,Chemist Warehouse,Chemist Warehouse,{{product.name}},{{product.brand}},Shop now,DCO,https://www.chemistwarehouse.com.au/buy/147521/carusos-probiotic-vaginal-care-60-capsules?utm_source=facebook&utm_medium=social&utm_campaign=au_cw_coop_facebook_social_carusosnaturalhealth_carusos_81_2026_100096-bau_video-image&utm_term=traffic&utm_content=video-image_,www.chemistwarehouse.com.au,/buy/147521/carusos-probiotic-vaginal-care-60-capsules,facebook,social,au_cw_coop_facebook_social_carusosnaturalhealth_carusos_81_2026_100096-bau_video-image,81,traffic,video-image_,Coop,Carusosnaturalhealth,Carusos,2026,video-image,"5 Billion CFU, 3 Strains","Looking for ways to support your vaginal health?
Caruso’s Vaginal Care Probiotic supports vaginal health and helps support healthy vaginal pH while
also relieves abdominal bloating.",Shop Now,,https://video.fpss5-1.fna.fbcdn.net/o1/v/t2/f2/m366/AQNE-DAup8z1Ch-hPkdqxUwneQ2bR-JNrzoJxyvDP8EOSNfm0qrho4hD5GkxwuHI8P5OKPLcL0Qfp--_qIvGlZQnE-YO5-iccWmtTLuAqIH5bQ.mp4?_nc_cat=109&_nc_oc=AdobZUokk09yiFT_zwxCDc7AAg8rmSDkKRhbhKgB4zzHI7MPnWmiYIxojxu7etwWLSE&_nc_sid=b66105&_nc_ht=video.fpss5-1.fna.fbcdn.net&_nc_ohc=nhTogT_PxO4Q7kNvwFRqnMg&efg=eyJ2ZW5jb2RlX3RhZyI6Inhwdl9wcm9ncmVzc2l2ZS5WSV9VU0VDQVNFX1BST0RVQ1RfVFlQRS4uQzMuNzIwLmRhc2hfaDI2NC1iYXNpYy1nZW4yXzcyMHAiLCJ4cHZfYXNzZXRfaWQiOjk1MzQ2NzMxMTAyODQ5MywiYXNzZXRfYWdlX2RheXMiOjQ1LCJ2aV91c2VjYXNlX2lkIjoxMDc5OSwiZHVyYXRpb25fcyI6MTUsInVybGdlbl9zb3VyY2UiOiJ3d3cifQ%3D%3D&ccb=17-1&vs=658f7e9f66ae4805&_nc_vs=HBksFQIYRWZiX2VwaGVtZXJhbC81QTQxQzVEQTEzNzk3REE0MDc1OUY2MEQwRjBGQzZBMF9tdF8xX3ZpZGVvX2Rhc2hpbml0Lm1wNBUAAsgBEgAVAhhAZmJfcGVybWFuZW50L0FFNDA3RTg5NzM0MjQyOEE3QjMzNDVBQjc2OUI5QkJFX2F1ZGlvX2Rhc2hpbml0Lm1wNBUCAsgBEgAoABgAGwKIB3VzZV9vaWwBMRJwcm9ncmVzc2l2ZV9yZWNpcGUBMRUAACaa5IeGjcuxAxUCKAJDMywXQC4AAAAAAAAYGWRhc2hfaDI2NC1iYXNpYy1nZW4yXzcyMHARAHUAZd6oAQA&_nc_gid=NGYHqJPky8p2tEuEqvRSYg&_nc_ss=7f180&_nc_zt=28&oh=00_AQE0iyXAR4uc5Z45zwItVptlcSw2us0QhUeACzD__wrvvg&oe=6A759F33,"['FACEBOOK', 'INSTAGRAM', 'AUDIENCE_NETWORK', 'MESSENGER', 'WHATSAPP', 'THREADS']",au,cw,facebook,social,2026-W31,2026-08,"FACEBOOK, INSTAGRAM, AUDIENCE_NETWORK, MESSENGER, WHATSAPP, THREADS",True,True,True,True,True,True,SKU Product,True,False,False,2026-08-03,2026-07-01 07:00:00,2026-08-03 15:37:17.103942,33
946775028371622,941556325600795,True,2026-07-01 07:00:00,2026-08-02 07:00:00,Chemist Warehouse,Chemist Warehouse,{{product.name}},{{product.brand}},Shop now,DCO,https://www.chemistwarehouse.com.au/buy/147521/carusos-probiotic-vaginal-care-60-capsules?utm_source=facebook&utm_medium=social&utm_campaign=au_cw_coop_facebook_social_carusosnaturalhealth_carusos_81_2026_100096-bau_video-image&utm_term=traffic&utm_content=video-image_,www.chemistwarehouse.com.au,/buy/147521/carusos-probiotic-vaginal-care-60-capsules,facebook,social,au_cw_coop_facebook_social_carusosnaturalhealth_carusos_81_2026_100096-bau_video-image,81,traffic,video-image_,Coop,Carusosnaturalhealth,Carusos,2026,video-image,"5 Billion CFU, 3 Strains","Looking for ways to support your vaginal health?
Caruso’s Vaginal Care Probiotic supports vaginal health and helps support healthy vaginal pH while
also relieves abdominal bloating.",Shop Now,https://scontent.fpss5-1.fna.fbcdn.net/v/t39.35426-6/734152634_1780786063358070_2273766686130230600_n.jpg?_nc_cat=107&ccb=1-7&_nc_sid=c53f8f&_nc_ohc=1CO-7uHiuScQ7kNvwFWuZAk&_nc_oc=AdpJ8DDQ_tVldZ4xJvlpedeB4ArTsYmEm75ohEzYtphsQRkOrcAZlMwGZSVe8UFL0Ho&_nc_zt=14&_nc_ht=scontent.fpss5-1.fna&_nc_gid=NGYHqJPky8p2tEuEqvRSYg&_nc_ss=7f180&oh=00_AQGMlNqoZdAeqa9sW3aSZmiDifZL3zIxRN8hL2fMEV17LA&oe=6A759B69,,"['FACEBOOK', 'INSTAGRAM', 'AUDIENCE_NETWORK', 'MESSENGER', 'WHATSAPP', 'THREADS']",au,cw,facebook,social,2026-W31,2026-08,"FACEBOOK, INSTAGRAM, AUDIENCE_NETWORK, MESSENGER, WHATSAPP, THREADS",True,True,True,True,True,True,SKU Product,True,False,False,2026-08-03,2026-07-01 07:00:00,2026-08-03 15:37:17.103942,33
2205907363533525,1256885590831681,True,2026-07-10 07:00:00,2026-08-02 07:00:00,Chemist Warehouse,Chemist Warehouse,Blackmores Magnesium,"Relieves muscle cramps when dietary intake is inadequate. 
Always read the label and follow the directions for use.",Shop now,VIDEO,https://www.chemistwarehouse.com.au/shop-online/513/blackmores?category=Muscles%2C%20Bones%20%26%20Joints&utm_source=facebook&utm_medium=social&utm_campaign=au_cw_oa_facebook_social_blackmoreslimited_blackmores_81_jul26_100661-oa_video-image&utm_term=traffic&utm_content=video-image_,www.chemistwarehouse.com.au,/shop-online/513/blackmores,facebook,social,au_cw_oa_facebook_social_blackmoreslimited_blackmores_81_jul26_100661-oa_video-image,81,traffic,video-image_,O&O,Blackmoreslimited,Blackmores,jul26,video-image,,,,,,"['FACEBOOK', 'INSTAGRAM', 'MESSENGER', 'WHATSAPP']",au,cw,facebook,social,2026-W31,2026-08,"FACEBOOK, INSTAGRAM, MESSENGER, WHATSAPP",True,True,False,True,False,True,Brand/Category Page,True,False,False,2026-08-03,2026-07-10 07:00:00,2026-08-03 15:37:17.103942,24
1035975682491849,1679425176629646,True,2026-06-30 07:00:00,2026-08-02 07:00:00,Chemist Warehouse,Chemist Warehouse,{{product.name}},{{product.brand}},Shop now,DCO,https://www.chemistwarehouse.com.au/buy/147521/carusos-probiotic-vaginal-care-60-capsules?utm_source=facebook&utm_medium=social&utm_campaign=au_cw_coop_facebook_social_carusosnaturalhealth_carusos_81_2026_100096-bau_video-image&utm_term=traffic&utm_content=video-image_,www.chemistwarehouse.com.au,/buy/147521/carusos-probiotic-vaginal-care-60-capsules,facebook,social,au_cw_coop_facebook_social_carusosnaturalhealth_carusos_81_2026_100096-bau_video-image,81,traffic,video-image_,Coop,Carusosnaturalhealth,Carusos,2026,video-image,"5 Billion CFU, 3 Strains","Looking for ways to support your vaginal health?
Caruso’s Vaginal Care Probiotic supports vaginal health and helps support healthy vaginal pH while
also relieves abdominal bloating.",Shop Now,,https://video.fpss5-1.fna.fbcdn.net/o1/v/t2/f2/m366/AQNa5VV8R_io6k1dRF3zNi2IUnb7BnAG0EiUG9ZPVvCwzhZ-hA7xf_uzEB_A9ns-fh0WMkWcfgOtSmQKxk6fxFUb1TM-8itHBEr1aH2_3tVC_g.mp4?_nc_cat=107&_nc_oc=AdqeVflqitiNJCTWHF08uunMI0Weg3CXK5NDOxWRqI6fQUWadnIaD6lBE5W2rLyqTbU&_nc_sid=b66105&_nc_ht=video.fpss5-1.fna.fbcdn.net&_nc_ohc=X9udehmSAs8Q7kNvwFvSJhT&efg=eyJ2ZW5jb2RlX3RhZyI6Inhwdl9wcm9ncmVzc2l2ZS5WSV9VU0VDQVNFX1BST0RVQ1RfVFlQRS4uQzMuNzIwLmRhc2hfaDI2NC1iYXNpYy1nZW4yXzcyMHAiLCJ4cHZfYXNzZXRfaWQiOjE1NzgxNDk0NTczNjcwMjUsImFzc2V0X2FnZV9kYXlzIjo0NSwidmlfdXNlY2FzZV9pZCI6MTA3OTksImR1cmF0aW9uX3MiOjE1LCJ1cmxnZW5fc291cmNlIjoid3d3In0%3D&ccb=17-1&vs=b87fe6ea39627d26&_nc_vs=HBksFQIYRWZiX2VwaGVtZXJhbC8wNjQ3MDc1ODNCNTNFRDY0NjhBNUZCNDc0QzE1NURBRF9tdF8xX3ZpZGVvX2Rhc2hpbml0Lm1wNBUAAsgBEgAVAhhAZmJfcGVybWFuZW50LzIyNEZBMDgzRUFEODE1RkM3MTBFNEM4MDVDQTc1QzkxX2F1ZGlvX2Rhc2hpbml0Lm1wNBUCAsgBEgAoABgAGwKIB3VzZV9vaWwBMRJwcm9ncmVzc2l2ZV9yZWNpcGUBMRUAACbiv_jcsdTNBRUCKAJDMywXQC4AAAAAAAAYGWRhc2hfaDI2NC1iYXNpYy1nZW4yXzcyMHARAHUAZd6oAQA&_nc_gid=-WaMTVLnUXL-mdOt85aeXg&_nc_ss=7f180&_nc_zt=28&oh=00_AQFqzofHFJjN1Aj01NijsYKSJsDbsukzIqXqYNUH2f9Y6Q&oe=6A757C75,"['FACEBOOK', 'INSTAGRAM', 'AUDIENCE_NETWORK', 'MESSENGER', 'WHATSAPP', 'THREADS']",au,cw,facebook,social,2026-W31,2026-08,"FACEBOOK, INSTAGRAM, AUDIENCE_NETWORK, MESSENGER, WHATSAPP, THREADS",True,True,True,True,True,True,SKU Product,True,False,False,2026-08-03,2026-06-30 07:00:00,2026-08-03 15:37:17.103942,34
1532223835071307,1679425176629646,True,2026-07-01 07:00:00,2026-08-02 07:00:00,Chemist Warehouse,Chemist Warehouse,{{product.name}},{{product.brand}},Shop now,DCO,https://www.chemistwarehouse.com.au/buy/147521/carusos-probiotic-vaginal-care-60-capsules?utm_source=facebook&utm_medium=social&utm_campaign=au_cw_coop_facebook_social_carusosnaturalhealth_carusos_81_2026_100096-bau_video-image&utm_term=traffic&utm_content=video-image_,www.chemistwarehouse.com.au,/buy/147521/carusos-probiotic-vaginal-care-60-capsules,facebook,social,au_cw_coop_facebook_social_carusosnaturalhealth_carusos_81_2026_100096-bau_video-image,81,traffic,video-image_,Coop,Carusosnaturalhealth,Carusos,2026,video-image,"5 Billion CFU, 3 Strains","Looking for ways to support your vaginal health?
Caruso’s Vaginal Care Probiotic supports vaginal health and helps support healthy vaginal pH while
also relieves abdominal bloating.",Shop Now,,https://video.fpss5-1.fna.fbcdn.net/o1/v/t2/f2/m366/AQNa5VV8R_io6k1dRF3zNi2IUnb7BnAG0EiUG9ZPVvCwzhZ-hA7xf_uzEB_A9ns-fh0WMkWcfgOtSmQKxk6fxFUb1TM-8itHBEr1aH2_3tVC_g.mp4?_nc_cat=107&_nc_oc=AdqeVflqitiNJCTWHF08uunMI0Weg3CXK5NDOxWRqI6fQUWadnIaD6lBE5W2rLyqTbU&_nc_sid=b66105&_nc_ht=video.fpss5-1.fna.fbcdn.net&_nc_ohc=X9udehmSAs8Q7kNvwFvSJhT&efg=eyJ2ZW5jb2RlX3RhZyI6Inhwdl9wcm9ncmVzc2l2ZS5WSV9VU0VDQVNFX1BST0RVQ1RfVFlQRS4uQzMuNzIwLmRhc2hfaDI2NC1iYXNpYy1nZW4yXzcyMHAiLCJ4cHZfYXNzZXRfaWQiOjE1NzgxNDk0NTczNjcwMjUsImFzc2V0X2FnZV9kYXlzIjo0NSwidmlfdXNlY2FzZV9pZCI6MTA3OTksImR1cmF0aW9uX3MiOjE1LCJ1cmxnZW5fc291cmNlIjoid3d3In0%3D&ccb=17-1&vs=b87fe6ea39627d26&_nc_vs=HBksFQIYRWZiX2VwaGVtZXJhbC8wNjQ3MDc1ODNCNTNFRDY0NjhBNUZCNDc0QzE1NURBRF9tdF8xX3ZpZGVvX2Rhc2hpbml0Lm1wNBUAAsgBEgAVAhhAZmJfcGVybWFuZW50LzIyNEZBMDgzRUFEODE1RkM3MTBFNEM4MDVDQTc1QzkxX2F1ZGlvX2Rhc2hpbml0Lm1wNBUCAsgBEgAoABgAGwKIB3VzZV9vaWwBMRJwcm9ncmVzc2l2ZV9yZWNpcGUBMRUAACbiv_jcsdTNBRUCKAJDMywXQC4AAAAAAAAYGWRhc2hfaDI2NC1iYXNpYy1nZW4yXzcyMHARAHUAZd6oAQA&_nc_gid=-WaMTVLnUXL-mdOt85aeXg&_nc_ss=7f180&_nc_zt=28&oh=00_AQFqzofHFJjN1Aj01NijsYKSJsDbsukzIqXqYNUH2f9Y6Q&oe=6A757C75,"['FACEBOOK', 'INSTAGRAM', 'AUDIENCE_NETWORK', 'MESSENGER', 'WHATSAPP', 'THREADS']",au,cw,facebook,social,2026-W31,2026-08,"FACEBOOK, INSTAGRAM, AUDIENCE_NETWORK, MESSENGER, WHATSAPP, THREADS",True,True,True,True,True,True,SKU Product,True,False,False,2026-08-03,2026-07-01 07:00:00,2026-08-03 15:37:17.103942,33
1336093458732460,2285070822031079,True,2026-07-01 07:00:00,2026-08-01 07:00:00,Chemist Warehouse,Chemist Warehouse,{{product.name}},{{product.brand}},Shop now,DCO,https://www.chemistwarehouse.com.au/buy/147521/carusos-probiotic-vaginal-care-60-capsules?utm_source=facebook&utm_medium=social&utm_campaign=au_cw_coop_facebook_social_carusosnaturalhealth_carusos_81_2026_100096-bau_video-image&utm_term=traffic&utm_content=video-image_,www.chemistwarehouse.com.au,/buy/147521/carusos-probiotic-vaginal-care-60-capsules,facebook,social,au_cw_coop_facebook_social_carusosnaturalhealth_carusos_81_2026_100096-bau_video-image,81,traffic,video-image_,Coop,Carusosnaturalhealth,Carusos,2026,video-image,"5 Billion CFU, 3 Strains","Looking for ways to support your vaginal health?
Caruso’s Vaginal Care Probiotic supports vaginal health and helps support healthy vaginal pH while
also relieves abdominal bloating.",Shop Now,,https://video.fpss5-1.fna.fbcdn.net/o1/v/t2/f2/m366/AQM3v3p9aTTyjGeBFdMxbsdJYfxFtziCFqm142IK6wc5aeoAQLRWNbvvrFoAsBZFYVy0-0GeLK34bmglRRWmhddSRg_Obhs_Z-bbFcXHmV6_2Q.mp4?_nc_cat=107&_nc_oc=AdrNefmXJB_GPD-Lk5Z8AeM1VAhULBRD8McuziO3I0HpFpYnSt_569dnyEzqyyN6wZk&_nc_sid=b66105&_nc_ht=video.fpss5-1.fna.fbcdn.net&_nc_ohc=t4Q3un8q_h0Q7kNvwGrGlX-&efg=eyJ2ZW5jb2RlX3RhZyI6Inhwdl9wcm9ncmVzc2l2ZS5WSV9VU0VDQVNFX1BST0RVQ1RfVFlQRS4uQzMuNzIwLmRhc2hfaDI2NC1iYXNpYy1nZW4yXzcyMHAiLCJ4cHZfYXNzZXRfaWQiOjE5OTg1NDc4MTA3NjI2NTcsImFzc2V0X2FnZV9kYXlzIjo0NSwidmlfdXNlY2FzZV9pZCI6MTA3OTksImR1cmF0aW9uX3MiOjE1LCJ1cmxnZW5fc291cmNlIjoid3d3In0%3D&ccb=17-1&vs=df7b05cbfb10cffe&_nc_vs=HBksFQIYRWZiX2VwaGVtZXJhbC9GQTREQzg0QzlCMzBCQ0YwODdENTY4MkU2NUIyQzdBOV9tdF8xX3ZpZGVvX2Rhc2hpbml0Lm1wNBUAAsgBEgAVAhhAZmJfcGVybWFuZW50LzQxNDM1MUE1QzQ1MDU1MkE3OTY3ODBBN0JFQ0E0Mjk4X2F1ZGlvX2Rhc2hpbml0Lm1wNBUCAsgBEgAoABgAGwKIB3VzZV9vaWwBMRJwcm9ncmVzc2l2ZV9yZWNpcGUBMRUAACbC_p3F5eqMBxUCKAJDMywXQC4AAAAAAAAYGWRhc2hfaDI2NC1iYXNpYy1nZW4yXzcyMHARAHUAZd6oAQA&_nc_gid=-WaMTVLnUXL-mdOt85aeXg&_nc_ss=7f180&_nc_zt=28&oh=00_AQG-GvE6ZxljEqgPOOLIij9r73x9n-4DhrqTWkvjXSDn7w&oe=6A758EF9,"['FACEBOOK', 'INSTAGRAM', 'AUDIENCE_NETWORK', 'MESSENGER', 'WHATSAPP', 'THREADS']",au,cw,facebook,social,2026-W31,2026-08,"FACEBOOK, INSTAGRAM, AUDIENCE_NETWORK, MESSENGER, WHATSAPP, THREADS",True,True,True,True,True,True,SKU Product,True,False,False,2026-08-03,2026-07-01 07:00:00,2026-08-03 15:37:17.103942,33
2901249090227961,2285070822031079,True,2026-06-30 07:00:00,2026-08-02 07:00:00,Chemist Warehouse,Chemist Warehouse,{{product.name}},{{product.brand}},Shop now,DCO,https://www.chemistwarehouse.com.au/buy/147521/carusos-probiotic-vaginal-care-60-capsules?utm_source=facebook&utm_medium=social&utm_campaign=au_cw_coop_facebook_social_carusosnaturalhealth_carusos_81_2026_100096-bau_video-image&utm_term=traffic&utm_content=video-image_,www.chemistwarehouse.com.au,/buy/147521/carusos-probiotic-vaginal-care-60-capsules,facebook,social,au_cw_coop_facebook_social_carusosnaturalhealth_carusos_81_2026_100096-bau_video-image,81,traffic,video-image_,Coop,Carusosnaturalhealth,Carusos,2026,video-image,"5 Billion CFU, 3 Strains","Looking for ways to support your vaginal health?
Caruso’s Vaginal Care Probiotic supports vaginal health and helps support healthy vaginal pH while
also relieves abdominal bloating.",Shop Now,,https://video.fpss5-1.fna.fbcdn.net/o1/v/t2/f2/m366/AQM3v3p9aTTyjGeBFdMxbsdJYfxFtziCFqm142IK6wc5aeoAQLRWNbvvrFoAsBZFYVy0-0GeLK34bmglRRWmhddSRg_Obhs_Z-bbFcXHmV6_2Q.mp4?_nc_cat=107&_nc_oc=AdrNefmXJB_GPD-Lk5Z8AeM1VAhULBRD8McuziO3I0HpFpYnSt_569dnyEzqyyN6wZk&_nc_sid=b66105&_nc_ht=video.fpss5-1.fna.fbcdn.net&_nc_ohc=t4Q3un8q_h0Q7kNvwGrGlX-&efg=eyJ2ZW5jb2RlX3RhZyI6Inhwdl9wcm9ncmVzc2l2ZS5WSV9VU0VDQVNFX1BST0RVQ1RfVFlQRS4uQzMuNzIwLmRhc2hfaDI2NC1iYXNpYy1nZW4yXzcyMHAiLCJ4cHZfYXNzZXRfaWQiOjE5OTg1NDc4MTA3NjI2NTcsImFzc2V0X2FnZV9kYXlzIjo0NSwidmlfdXNlY2FzZV9pZCI6MTA3OTksImR1cmF0aW9uX3MiOjE1LCJ1cmxnZW5fc291cmNlIjoid3d3In0%3D&ccb=17-1&vs=df7b05cbfb10cffe&_nc_vs=HBksFQIYRWZiX2VwaGVtZXJhbC9GQTREQzg0QzlCMzBCQ0YwODdENTY4MkU2NUIyQzdBOV9tdF8xX3ZpZGVvX2Rhc2hpbml0Lm1wNBUAAsgBEgAVAhhAZmJfcGVybWFuZW50LzQxNDM1MUE1QzQ1MDU1MkE3OTY3ODBBN0JFQ0E0Mjk4X2F1ZGlvX2Rhc2hpbml0Lm1wNBUCAsgBEgAoABgAGwKIB3VzZV9vaWwBMRJwcm9ncmVzc2l2ZV9yZWNpcGUBMRUAACbC_p3F5eqMBxUCKAJDMywXQC4AAAAAAAAYGWRhc2hfaDI2NC1iYXNpYy1nZW4yXzcyMHARAHUAZd6oAQA&_nc_gid=-WaMTVLnUXL-mdOt85aeXg&_nc_ss=7f180&_nc_zt=28&oh=00_AQG-GvE6ZxljEqgPOOLIij9r73x9n-4DhrqTWkvjXSDn7w&oe=6A758EF9,"['FACEBOOK', 'INSTAGRAM', 'AUDIENCE_NETWORK', 'MESSENGER', 'WHATSAPP', 'THREADS']",au,cw,facebook,social,2026-W31,2026-08,"FACEBOOK, INSTAGRAM, AUDIENCE_NETWORK, MESSENGER, WHATSAPP, THREADS",True,True,True,True,True,True,SKU Product,True,False,False,2026-08-03,2026-06-30 07:00:00,2026-08-03 15:37:17.103942,34
4048312082132604,1632543024470889,True,2026-07-01 07:00:00,2026-08-01 07:00:00,Chemist Warehouse,Chemist Warehouse,{{product.name}},{{product.brand}},Shop now,DCO,https://www.chemistwarehouse.com.au/buy/147521/carusos-probiotic-vaginal-care-60-capsules?utm_source=facebook&utm_medium=social&utm_campaign=au_cw_coop_facebook_social_carusosnaturalhealth_carusos_81_2026_100096-bau_video-image&utm_term=traffic&utm_content=video-image_,www.chemistwarehouse.com.au,/buy/147521/carusos-probiotic-vaginal-care-60-capsules,facebook,social,au_cw_coop_facebook_social_carusosnaturalhealth_carusos_81_2026_100096-bau_video-image,81,traffic,video-image_,Coop,Carusosnaturalhealth,Carusos,2026,video-image,"5 Billion CFU, 3 Strains","Looking for ways to support your vaginal health?
Caruso’s Vaginal Care Probiotic supports vaginal health and helps support healthy vaginal pH while
also relieves abdominal bloating.",Shop Now,,https://video.fpss5-1.fna.fbcdn.net/o1/v/t2/f2/m366/AQNu4YcAUQ1f1Yc8bHVNJWYWJCQrHz0c0rdMKtgNHFwimqc6WkZg0ilpjcseBNIrHlERZ8w1YufUErC1hkZ_CuPkCJh-ytOKhisN6-MYoKzbUw.mp4?_nc_cat=107&_nc_oc=Adp6BHAZTBOZhndR_wX0hzReqOC4MkNIpSH2VF4_LdUtAoGkimvsWeM1Q4feDHColPo&_nc_sid=b66105&_nc_ht=video.fpss5-1.fna.fbcdn.net&_nc_ohc=LEpycmoMlEYQ7kNvwG2h4bB&efg=eyJ2ZW5jb2RlX3RhZyI6Inhwdl9wcm9ncmVzc2l2ZS5WSV9VU0VDQVNFX1BST0RVQ1RfVFlQRS4uQzMuNzIwLmRhc2hfaDI2NC1iYXNpYy1nZW4yXzcyMHAiLCJ4cHZfYXNzZXRfaWQiOjE1Nzc5NTQ4NTA1NjQ1NTEsImFzc2V0X2FnZV9kYXlzIjo0NSwidmlfdXNlY2FzZV9pZCI6MTA3OTksImR1cmF0aW9uX3MiOjE1LCJ1cmxnZW5fc291cmNlIjoid3d3In0%3D&ccb=17-1&vs=1926bd53517a55b2&_nc_vs=HBksFQIYRWZiX2VwaGVtZXJhbC81NjRBNkU0NUUyMkM0QUZBNTY2RkU2Q0I0N0RFQjZCNF9tdF8xX3ZpZGVvX2Rhc2hpbml0Lm1wNBUAAsgBEgAVAhhAZmJfcGVybWFuZW50LzQ1NDBBMDY0OTExRjRDQjkzRTJFM0M0OTY5MjYxRjkxX2F1ZGlvX2Rhc2hpbml0Lm1wNBUCAsgBEgAoABgAGwKIB3VzZV9vaWwBMRJwcm9ncmVzc2l2ZV9yZWNpcGUBMRUAACaOp7flh8nNBRUCKAJDMywXQC4AAAAAAAAYGWRhc2hfaDI2NC1iYXNpYy1nZW4yXzcyMHARAHUAZd6oAQA&_nc_gid=-WaMTVLnUXL-mdOt85aeXg&_nc_ss=7f180&_nc_zt=28&oh=00_AQGb5dsn1CXXUUL3nbTTLZXdfZFAupjcdE1CzFJRFsRoTg&oe=6A75910D,"['FACEBOOK', 'INSTAGRAM', 'AUDIENCE_NETWORK', 'MESSENGER', 'WHATSAPP', 'THREADS']",au,cw,facebook,social,2026-W31,2026-08,"FACEBOOK, INSTAGRAM, AUDIENCE_NETWORK, MESSENGER, WHATSAPP, THREADS",True,True,True,True,True,True,SKU Product,True,False,False,2026-08-03,2026-07-01 07:00:00,2026-08-03 15:37:17.103942,33
1332402685699241,2760509811014802,True,2026-06-30 07:00:00,2026-08-02 07:00:00,Chemist Warehouse,Chemist Warehouse,{{product.name}},{{product.brand}},Shop now,DCO,https://www.chemistwarehouse.com.au/buy/147521/carusos-probiotic-vaginal-care-60-capsules?utm_source=facebook&utm_medium=social&utm_campaign=au_cw_coop_facebook_social_carusosnaturalhealth_carusos_81_2026_100096-bau_video-image&utm_term=traffic&utm_content=video-image_,www.chemistwarehouse.com.au,/buy/147521/carusos-probiotic-vaginal-care-60-capsules,facebook,social,au_cw_coop_facebook_social_carusosnaturalhealth_carusos_81_2026_100096-bau_video-image,81,traffic,video-image_,Coop,Carusosnaturalhealth,Carusos,2026,video-image,"5 Billion CFU, 3 Strains","Looking for ways to support your vaginal health?
Caruso’s Vaginal Care Probiotic supports vaginal health and helps support healthy vaginal pH while
also relieves abdominal bloating.",Shop Now,,https://video.fpss5-1.fna.fbcdn.net/o1/v/t2/f2/m366/AQNE-DAup8z1Ch-hPkdqxUwneQ2bR-JNrzoJxyvDP8EOSNfm0qrho4hD5GkxwuHI8P5OKPLcL0Qfp--_qIvGlZQnE-YO5-iccWmtTLuAqIH5bQ.mp4?_nc_cat=109&_nc_oc=AdobZUokk09yiFT_zwxCDc7AAg8rmSDkKRhbhKgB4zzHI7MPnWmiYIxojxu7etwWLSE&_nc_sid=b66105&_nc_ht=video.fpss5-1.fna.fbcdn.net&_nc_ohc=nhTogT_PxO4Q7kNvwFRqnMg&efg=eyJ2ZW5jb2RlX3RhZyI6Inhwdl9wcm9ncmVzc2l2ZS5WSV9VU0VDQVNFX1BST0RVQ1RfVFlQRS4uQzMuNzIwLmRhc2hfaDI2NC1iYXNpYy1nZW4yXzcyMHAiLCJ4cHZfYXNzZXRfaWQiOjk1MzQ2NzMxMTAyODQ5MywiYXNzZXRfYWdlX2RheXMiOjQ1LCJ2aV91c2VjYXNlX2lkIjoxMDc5OSwiZHVyYXRpb25fcyI6MTUsInVybGdlbl9zb3VyY2UiOiJ3d3cifQ%3D%3D&ccb=17-1&vs=658f7e9f66ae4805&_nc_vs=HBksFQIYRWZiX2VwaGVtZXJhbC81QTQxQzVEQTEzNzk3REE0MDc1OUY2MEQwRjBGQzZBMF9tdF8xX3ZpZGVvX2Rhc2hpbml0Lm1wNBUAAsgBEgAVAhhAZmJfcGVybWFuZW50L0FFNDA3RTg5NzM0MjQyOEE3QjMzNDVBQjc2OUI5QkJFX2F1ZGlvX2Rhc2hpbml0Lm1wNBUCAsgBEgAoABgAGwKIB3VzZV9vaWwBMRJwcm9ncmVzc2l2ZV9yZWNpcGUBMRUAACaa5IeGjcuxAxUCKAJDMywXQC4AAAAAAAAYGWRhc2hfaDI2NC1iYXNpYy1nZW4yXzcyMHARAHUAZd6oAQA&_nc_gid=-WaMTVLnUXL-mdOt85aeXg&_nc_ss=7f180&_nc_zt=28&oh=00_AQHLBzwfQMzd2Kjz3tIgMowEXqgBFEs9gGHl3unjoZBQkQ&oe=6A759F33,"['FACEBOOK', 'INSTAGRAM', 'AUDIENCE_NETWORK', 'MESSENGER', 'WHATSAPP', 'THREADS']",au,cw,facebook,social,2026-W31,2026-08,"FACEBOOK, INSTAGRAM, AUDIENCE_NETWORK, MESSENGER, WHATSAPP, THREADS",True,True,True,True,True,True,SKU Product,True,False,False,2026-08-03,2026-06-30 07:00:00,2026-08-03 15:37:17.103942,34
1543076557528298,3332312646976028,True,2026-06-30 07:00:00,2026-08-02 07:00:00,Chemist Warehouse,Chemist Warehouse,,Matrix x KATSEYE: Pro haircare that transforms every choreography into a stunning hairography. Stage-ready hair!,Learn more,IMAGE,https://www.chemistwarehouse.com.au/shop-online/1066/matrix?utm_source=facebook&utm_medium=social&utm_campaign=au_cw_coop_facebook_social_lorealprofessional_matrix_129_2026_100047-bau_image&utm_term=reach&utm_content=image_curly,www.chemistwarehouse.com.au,/shop-online/1066/matrix,facebook,social,au_cw_coop_facebook_social_lorealprofessional_matrix_129_2026_100047-bau_image,129,reach,image_curly,Coop,Lorealprofessional,Matrix,2026,image,,,,,,['INSTAGRAM'],au,cw,facebook,social,2026-W31,2026-08,INSTAGRAM,False,True,False,False,False,False,Brand/Category Page,True,False,False,2026-08-03,2026-06-30 07:00:00,2026-08-03 15:37:17.103942,34
1502880987579235,3423006067847896,True,2026-06-30 07:00:00,2026-08-02 07:00:00,Chemist Warehouse,Chemist Warehouse,,Matrix x KATSEYE: Pro haircare that transforms every choreography into a stunning hairography. Stage-ready hair!,Learn more,VIDEO,https://www.chemistwarehouse.com.au/shop-online/1066/matrix?utm_source=facebook&utm_medium=social&utm_campaign=au_cw_coop_facebook_social_lorealprofessional_matrix_129_2026_100047-bau_image&utm_term=reach&utm_content=image_curly,www.chemistwarehouse.com.au,/shop-online/1066/matrix,facebook,social,au_cw_coop_facebook_social_lorealprofessional_matrix_129_2026_100047-bau_image,129,reach,image_curly,Coop,Lorealprofessional,Matrix,2026,image,,,,,,['INSTAGRAM'],au,cw,facebook,social,2026-W31,2026-08,INSTAGRAM,False,True,False,False,False,False,Brand/Category Page,True,False,False,2026-08-03,2026-06-30 07:00:00,2026-08-03 15:37:17.103942,34
1729855118208329,1638520854017577,True,2026-06-30 07:00:00,2026-08-02 07:00:00,Chemist Warehouse,Chemist Warehouse,{{product.name}},{{product.brand}},Shop now,DCO,https://www.chemistwarehouse.com.au/shop-online/559/skin-doctors?utm_source=facebook&utm_medium=social&utm_campaign=au_cw_coop_facebook_social_pharmacarelaboratories_skindoctors_665_2026_100283-bau_video-image&utm_term=traffic&utm_content=video-image_video-instore,www.chemistwarehouse.com.au,/shop-online/559/skin-doctors,facebook,social,au_cw_coop_facebook_social_pharmacarelaboratories_skindoctors_665_2026_100283-bau_video-image,665,traffic,video-image_video-instore,Coop,Pharmacarelaboratories,Skindoctors,2026,video-image,Skincare with real results.,"Meet the NEW and improved Skin Doctors lift range, targeted care for every zone. Shop now at Chemist Warehouse.",Shop Now,,https://video.fpss5-1.fna.fbcdn.net/o1/v/t2/f2/m366/AQOru_Praf2FTB6IH9pCZ9-aBhokxuBc4yeHYizPL_YMSfDIy5omiejdk5zDHYcxk6A_5qZDOAd23zh7JdH1TU_3GD1QL0k27a3NYfJsK_E45g.mp4?_nc_cat=101&_nc_oc=AdplBakJ26oULjg9mGJY8LQZgazn0EBIXg-UfTAtO-wiDyq_xqlx16dAqdWoK_-Vvo4&_nc_sid=b66105&_nc_ht=video.fpss5-1.fna.fbcdn.net&_nc_ohc=WacQI5NfKUIQ7kNvwE2FKTN&efg=eyJ2ZW5jb2RlX3RhZyI6Inhwdl9wcm9ncmVzc2l2ZS5WSV9VU0VDQVNFX1BST0RVQ1RfVFlQRS4uQzMuNzIwLmRhc2hfaDI2NC1iYXNpYy1nZW4yXzcyMHAiLCJ4cHZfYXNzZXRfaWQiOjE4Njk4MjMzMjM1ODMzODAsImFzc2V0X2FnZV9kYXlzIjoxMDAsInZpX3VzZWNhc2VfaWQiOjEwNzk5LCJkdXJhdGlvbl9zIjozOSwidXJsZ2VuX3NvdXJjZSI6Ind3dyJ9&ccb=17-1&vs=6aa8a0f843e7d366&_nc_vs=HBksFQIYRWZiX2VwaGVtZXJhbC85RTRGMTcyODQ1ODNGREYxN0Q5NTE3NjZBNDdGNUVBRF9tdF8xX3ZpZGVvX2Rhc2hpbml0Lm1wNBUAAsgBEgAVAhhAZmJfcGVybWFuZW50LzZENEU3QUEwQTQxN0VBNjgwMDkwMUMwODFDQ0EzQ0I4X2F1ZGlvX2Rhc2hpbml0Lm1wNBUCAsgBEgAoABgAGwKIB3VzZV9vaWwBMRJwcm9ncmVzc2l2ZV9yZWNpcGUBMRUAACaozvWvhabSBhUCKAJDMywXQEPEOVgQYk4YGWRhc2hfaDI2NC1iYXNpYy1nZW4yXzcyMHARAHUAZd6oAQA&_nc_gid=-WaMTVLnUXL-mdOt85aeXg&_nc_ss=7f180&_nc_zt=28&oh=00_AQEK2cVDnxYuUWz3jgsIfJhJhFfO5kc4Ou1WFbU9pTQA4Q&oe=6A7584D7,"['FACEBOOK', 'INSTAGRAM', 'THREADS']",au,cw,facebook,social,2026-W31,2026-08,"FACEBOOK, INSTAGRAM, THREADS",True,True,False,False,True,False,Brand/Category Page,True,False,False,2026-08-03,2026-06-30 07:00:00,2026-08-03 15:37:17.103942,34
1570361271417664,1003875612077223,True,2026-06-30 07:00:00,2026-08-01 07:00:00,Chemist Warehouse,Chemist Warehouse,,Matrix x KATSEYE: Pro haircare that transforms every choreography into a stunning hairography. Stage-ready hair!,Learn more,VIDEO,https://www.chemistwarehouse.com.au/shop-online/1066/matrix?utm_source=facebook&utm_medium=social&utm_campaign=au_cw_coop_facebook_social_lorealprofessional_matrix_129_2026_100047-bau_image&utm_term=reach&utm_content=image_curly,www.chemistwarehouse.com.au,/shop-online/1066/matrix,facebook,social,au_cw_coop_facebook_social_lorealprofessional_matrix_129_2026_100047-bau_image,129,reach,image_curly,Coop,Lorealprofessional,Matrix,2026,image,,,,,,['INSTAGRAM'],au,cw,facebook,social,2026-W31,2026-08,INSTAGRAM,False,True,False,False,False,False,Brand/Category Page,True,False,False,2026-08-03,2026-06-30 07:00:00,2026-08-03 15:37:17.103942,34
2376011912926242,1922838078377247,True,2026-06-30 07:00:00,2026-08-02 07:00:00,Chemist Warehouse,Chemist Warehouse,,{{product.brand}},Learn more,DCO,https://www.chemistwarehouse.com.au/shop-online/1066/matrix?utm_source=facebook&utm_medium=social&utm_campaign=au_cw_coop_facebook_social_lorealprofessional_matrix_129_2026_100047-bau_image&utm_term=reach&utm_content=image_curly,www.chemistwarehouse.com.au,/shop-online/1066/matrix,facebook,social,au_cw_coop_facebook_social_lorealprofessional_matrix_129_2026_100047-bau_image,129,reach,image_curly,Coop,Lorealprofessional,Matrix,2026,image,Matrix x KATSEYE: Hair in motion.,Matrix x KATSEYE: Pro haircare that transforms every choreography into a stunning hairography. Stage-ready hair!,Learn More,https://scontent.fpss5-1.fna.fbcdn.net/v/t39.35426-6/735110219_1023437463671036_3808454441875405377_n.jpg?_nc_cat=104&ccb=1-7&_nc_sid=c53f8f&_nc_ohc=qIj3BWxzLbMQ7kNvwGTtZxP&_nc_oc=AdrSGCA7Gh5-n95KDxi6LIF271JyzcR0KWK30iMjCvXuv9_Vua8F-NFnegQhfogA_Tc&_nc_zt=14&_nc_ht=scontent.fpss5-1.fna&_nc_gid=-WaMTVLnUXL-mdOt85aeXg&_nc_ss=7f180&oh=00_AQF-nw7-kNIStrAo1jDce7guLiPf31XRDUmppXwboF8Q_g&oe=6A758482,,['INSTAGRAM'],au,cw,facebook,social,2026-W31,2026-08,INSTAGRAM,False,True,False,False,False,False,Brand/Category Page,True,False,False,2026-08-03,2026-06-30 07:00:00,2026-08-03 15:37:17.103942,34
1991867871791135,941556325600795,True,2026-06-30 07:00:00,2026-08-02 07:00:00,Chemist Warehouse,Chemist Warehouse,{{product.name}},{{product.brand}},Shop now,DCO,https://www.chemistwarehouse.com.au/buy/147521/carusos-probiotic-vaginal-care-60-capsules?utm_source=facebook&utm_medium=social&utm_campaign=au_cw_coop_facebook_social_carusosnaturalhealth_carusos_81_2026_100096-bau_video-image&utm_term=traffic&utm_content=video-image_,www.chemistwarehouse.com.au,/buy/147521/carusos-probiotic-vaginal-care-60-capsules,facebook,social,au_cw_coop_facebook_social_carusosnaturalhealth_carusos_81_2026_100096-bau_video-image,81,traffic,video-image_,Coop,Carusosnaturalhealth,Carusos,2026,video-image,"5 Billion CFU, 3 Strains","Looking for ways to support your vaginal health?
Caruso’s Vaginal Care Probiotic supports vaginal health and helps support healthy vaginal pH while
also relieves abdominal bloating.",Shop Now,https://scontent.fpss5-1.fna.fbcdn.net/v/t39.35426-6/735831915_1344158727043136_4787860901485795300_n.jpg?_nc_cat=101&ccb=1-7&_nc_sid=c53f8f&_nc_ohc=3BH4qXweAkQQ7kNvwG6xxk6&_nc_oc=Ado2yyW8LWLgOnskKYWaVAodWE4Ls2J6_0ijYFC5P8oC6jFluJlcTnDxWiwEcEMlD64&_nc_zt=14&_nc_ht=scontent.fpss5-1.fna&_nc_gid=-WaMTVLnUXL-mdOt85aeXg&_nc_ss=7f180&oh=00_AQFhgyRTNnsupxLn29NHJjNXaHfRPkywvuX6QdCA9nOhRw&oe=6A758FE7,,"['FACEBOOK', 'INSTAGRAM', 'AUDIENCE_NETWORK', 'MESSENGER', 'WHATSAPP', 'THREADS']",au,cw,facebook,social,2026-W31,2026-08,"FACEBOOK, INSTAGRAM, AUDIENCE_NETWORK, MESSENGER, WHATSAPP, THREADS",True,True,True,True,True,True,SKU Product,True,False,False,2026-08-03,2026-06-30 07:00:00,2026-08-03 15:37:17.103942,34
1002030619414789,1347282007501347,True,2026-06-30 07:00:00,2026-08-02 07:00:00,Chemist Warehouse,Chemist Warehouse,{{product.name}},{{product.brand}},Learn more,DCO,https://www.chemistwarehouse.com.au/shop-online/559/skin-doctors?utm_source=facebook&utm_medium=social&utm_campaign=au_cw_coop_facebook_social_pharmacarelaboratories_skindoctors_665_2026_100283-bau_video-image&utm_term=traffic&utm_content=video-image_image-eyes,www.chemistwarehouse.com.au,/shop-online/559/skin-doctors,facebook,social,au_cw_coop_facebook_social_pharmacarelaboratories_skindoctors_665_2026_100283-bau_video-image,665,traffic,video-image_image-eyes,Coop,Pharmacarelaboratories,Skindoctors,2026,video-image,Skincare with real results.,"Skincare results that visibly renews, restores, & revitalises your skin.",Learn More,https://scontent.fpss5-1.fna.fbcdn.net/v/t39.35426-6/735456824_1823713382325623_2068648740364693712_n.jpg?_nc_cat=109&ccb=1-7&_nc_sid=c53f8f&_nc_ohc=99UCheo7JCcQ7kNvwGSmhX3&_nc_oc=AdqLNLYIPwePVJufIdOiYnATWJhtBEGZoe6aGVdn-ANz9Q6VedAwd0_Cmr2Pd0NtnBs&_nc_zt=14&_nc_ht=scontent.fpss5-1.fna&_nc_gid=-WaMTVLnUXL-mdOt85aeXg&_nc_ss=7f180&oh=00_AQGt02EuUoKvcw4yB87mFTl1Wrrltso34RonSppmUP7e_A&oe=6A757E83,,"['FACEBOOK', 'INSTAGRAM', 'THREADS']",au,cw,facebook,social,2026-W31,2026-08,"FACEBOOK, INSTAGRAM, THREADS",True,True,False,False,True,False,Brand/Category Page,True,False,False,2026-08-03,2026-06-30 07:00:00,2026-08-03 15:37:17.103942,34
1552285486498065,,True,2026-06-30 07:00:00,2026-08-02 07:00:00,Chemist Warehouse,Chemist Warehouse,{{product.name}},{{product.brand}},Shop now,DCO,https://www.chemistwarehouse.com.au/shop-online/5571/john-frieda?utm_source=facebook&utm_medium=social&utm_campaign=au_cw_coop_facebook_social_kaoaustraliaptylimited_johnfrieda_129_2026_100152-bau_video-image&utm_term=traffic&utm_content=video-image_,www.chemistwarehouse.com.au,/shop-online/5571/john-frieda,facebook,social,au_cw_coop_facebook_social_kaoaustraliaptylimited_johnfrieda_129_2026_100152-bau_video-image,129,traffic,video-image_,Coop,Kaoaustraliaptylimited,Johnfrieda,2026,video-image,"Good Before, Incredible After ","The icon just got more
iconic. New look, elevated packaging,
same obsession with hair.",Shop Now,https://scontent.fpss5-1.fna.fbcdn.net/v/t39.35426-6/725767647_1352745230144708_3692578185201384386_n.jpg?_nc_cat=101&ccb=1-7&_nc_sid=c53f8f&_nc_ohc=yGYRkfnchi0Q7kNvwFA64R9&_nc_oc=AdoXXYZQjs-6A484Hy3-8HutOZjPYbXpyFMD9XT5GjZ9vh6MYzaVH21vmWDmPackyfo&_nc_zt=14&_nc_ht=scontent.fpss5-1.fna&_nc_gid=-WaMTVLnUXL-mdOt85aeXg&_nc_ss=7f180&oh=00_AQFpVmoqxjzOZAH58e92H_caonZj6oioP0Ca1tHW5pk8Fw&oe=6A75A0D2,,"['FACEBOOK', 'INSTAGRAM', 'AUDIENCE_NETWORK', 'MESSENGER', 'WHATSAPP', 'THREADS']",au,cw,facebook,social,2026-W31,2026-08,"FACEBOOK, INSTAGRAM, AUDIENCE_NETWORK, MESSENGER, WHATSAPP, THREADS",True,True,True,True,True,True,Brand/Category Page,True,False,False,2026-08-03,2026-06-30 07:00:00,2026-08-03 15:37:17.103942,34
1573742130882756,897600276727010,True,2026-07-01 07:00:00,2026-08-02 07:00:00,Chemist Warehouse,Chemist Warehouse,{{product.name}},{{product.brand}},Shop now,DCO,https://www.chemistwarehouse.com.au/buy/168536/azzaro-forever-wanted-absolu-100ml?utm_source=facebook&utm_medium=social&utm_campaign=au_cw_oa_facebook_social_lorealluxury_azzaro_542_2026_bau_dynamic&utm_term=conversion&utm_content=dynamic_brand,www.chemistwarehouse.com.au,/buy/168536/azzaro-forever-wanted-absolu-100ml,facebook,social,au_cw_oa_facebook_social_lorealluxury_azzaro_542_2026_bau_dynamic,542,conversion,dynamic_brand,O&O,Lorealluxury,Azzaro,2026,dynamic,New Forever Wanted Absolu,"Azzaro Forever Wanted Absolu: a bold fusion of smoky incense, rich vanilla & whiskey. Shop now at Chemist Warehouse",Shop Now,https://scontent.fpss5-1.fna.fbcdn.net/v/t39.35426-6/734472391_1335797335287630_6328332029672722989_n.jpg?_nc_cat=100&ccb=1-7&_nc_sid=c53f8f&_nc_ohc=yyn_sqYuqFAQ7kNvwFZF4bo&_nc_oc=AdpoYdfDJQBQFAQkEaFg9E7MQMQKrYLZYGDAUyk2YsfDSMml982ZKGZgZML1LJxxIGo&_nc_zt=14&_nc_ht=scontent.fpss5-1.fna&_nc_gid=NGYHqJPky8p2tEuEqvRSYg&_nc_ss=7f180&oh=00_AQEu01ScS0dH8hBj3-D4kK3e1F7nxPLWJ8FNZSrRl63O6Q&oe=6A75A625,,"['FACEBOOK', 'INSTAGRAM', 'AUDIENCE_NETWORK', 'MESSENGER', 'THREADS']",au,cw,facebook,social,2026-W31,2026-08,"FACEBOOK, INSTAGRAM, AUDIENCE_NETWORK, MESSENGER, THREADS",True,True,True,True,True,False,SKU Product,True,False,False,2026-08-03,2026-07-01 07:00:00,2026-08-03 15:37:17.103942,33
1928094684540824,850191541251359,True,2026-07-01 07:00:00,2026-08-02 07:00:00,Chemist Warehouse,Chemist Warehouse,{{product.name}},{{product.brand}},Shop now,DCO,https://www.chemistwarehouse.com.au/buy/168536/azzaro-forever-wanted-absolu-100ml?utm_source=facebook&utm_medium=social&utm_campaign=au_cw_oa_facebook_social_lorealluxury_azzaro_542_2026_bau_dynamic&utm_term=conversion&utm_content=dynamic_brand,www.chemistwarehouse.com.au,/buy/168536/azzaro-forever-wanted-absolu-100ml,facebook,social,au_cw_oa_facebook_social_lorealluxury_azzaro_542_2026_bau_dynamic,542,conversion,dynamic_brand,O&O,Lorealluxury,Azzaro,2026,dynamic,New Forever Wanted Absolu,"Azzaro Forever Wanted Absolu: a bold fusion of smoky incense, rich vanilla & whiskey. Shop now at Chemist Warehouse",Shop Now,https://scontent.fpss5-1.fna.fbcdn.net/v/t39.35426-6/736032906_1328560609476751_8940678094539700063_n.jpg?_nc_cat=108&ccb=1-7&_nc_sid=c53f8f&_nc_ohc=IjOOqogabg0Q7kNvwFsTEOn&_nc_oc=AdpakdPr9L9xij5eBGpEfJ5GLHcbCzY09n5AYeoH0m5Q2eQE3OEWDXxh9y4kRusZHRA&_nc_zt=14&_nc_ht=scontent.fpss5-1.fna&_nc_gid=NGYHqJPky8p2tEuEqvRSYg&_nc_ss=7f180&oh=00_AQGH_tv5TnnJXaGZ7nmqL2qNULysyLsVA83MeOmwgqVodA&oe=6A758E42,,"['FACEBOOK', 'INSTAGRAM', 'AUDIENCE_NETWORK', 'MESSENGER', 'THREADS']",au,cw,facebook,social,2026-W31,2026-08,"FACEBOOK, INSTAGRAM, AUDIENCE_NETWORK, MESSENGER, THREADS",True,True,True,True,True,False,SKU Product,True,False,False,2026-08-03,2026-07-01 07:00:00,2026-08-03 15:37:17.103942,33
2023240381634994,1570436471102803,True,2026-07-01 07:00:00,2026-08-02 07:00:00,Chemist Warehouse,Chemist Warehouse,{{product.name}},{{product.brand}},Shop now,DCO,https://www.chemistwarehouse.com.au/buy/168536/azzaro-forever-wanted-absolu-100ml?utm_source=facebook&utm_medium=social&utm_campaign=au_cw_oa_facebook_social_lorealluxury_azzaro_542_2026_bau_dynamic&utm_term=conversion&utm_content=dynamic_brand,www.chemistwarehouse.com.au,/buy/168536/azzaro-forever-wanted-absolu-100ml,facebook,social,au_cw_oa_facebook_social_lorealluxury_azzaro_542_2026_bau_dynamic,542,conversion,dynamic_brand,O&O,Lorealluxury,Azzaro,2026,dynamic,Azzaro's newest edition,"Azzaro Forever Wanted Absolu: a bold fusion of smoky incense, rich vanilla & whiskey.",Shop Now,https://scontent.fpss5-1.fna.fbcdn.net/v/t39.35426-6/735210666_1716780673080287_5014931120573050616_n.jpg?_nc_cat=108&ccb=1-7&_nc_sid=c53f8f&_nc_ohc=NIxslCxSar4Q7kNvwG6K0H6&_nc_oc=Adr_FgAv8cv7Zb9Om08sWTQEDiUQyoKowrCuhwxdaWutTICdqKFB6kzrh1lBnIL5VMU&_nc_zt=14&_nc_ht=scontent.fpss5-1.fna&_nc_gid=NGYHqJPky8p2tEuEqvRSYg&_nc_ss=7f180&oh=00_AQFqLXO1c89IH0Nvh-c2duhaZrgok0gxJt5_S_GRDS1aow&oe=6A758E63,,"['FACEBOOK', 'INSTAGRAM', 'AUDIENCE_NETWORK', 'MESSENGER', 'THREADS']",au,cw,facebook,social,2026-W31,2026-08,"FACEBOOK, INSTAGRAM, AUDIENCE_NETWORK, MESSENGER, THREADS",True,True,True,True,True,False,SKU Product,True,False,False,2026-08-03,2026-07-01 07:00:00,2026-08-03 15:37:17.103942,33
2210485349745818,,True,2026-06-30 07:00:00,2026-08-02 07:00:00,Chemist Warehouse,Chemist Warehouse,Premium hair colour without the premium price,"Get salon-quality results at home with Vitality Colour. Affordable, effective and available at Chemist Warehouse!",Shop now,IMAGE,https://fb.com/canvas_doc/1315003574096099,fb.com,/canvas_doc/1315003574096099,,,,,,,Not Specified,,,,,,,,,,"['FACEBOOK', 'INSTAGRAM']",,,,,2026-W31,2026-08,"FACEBOOK, INSTAGRAM",True,True,False,False,False,False,Internal/App Page,True,True,False,2026-08-03,2026-06-30 07:00:00,2026-08-03 15:37:17.103942,34
2547681705705413,,True,2026-06-30 07:00:00,2026-08-02 07:00:00,Chemist Warehouse,Chemist Warehouse,Colour your hair at home with Vitalitys,"For vibrant, long-lasting professional hair colour at home reach for Vitality's Art Absolute Professional hair colour range",See details,IMAGE,https://fb.com/canvas_doc/1636967140736065,fb.com,/canvas_doc/1636967140736065,,,,,,,Not Specified,,,,,,,,,,"['FACEBOOK', 'INSTAGRAM']",,,,,2026-W31,2026-08,"FACEBOOK, INSTAGRAM",True,True,False,False,False,False,Internal/App Page,True,False,False,2026-08-03,2026-06-30 07:00:00,2026-08-03 15:37:17.103942,34
1896132648013949,892860203859126,True,2026-06-29 07:00:00,2026-08-02 07:00:00,Chemist Warehouse,Chemist Warehouse,Shop at Chemist Warehouse,Shop the new Vicks Xtra Soothing range at Chemist Warehouse.,Shop now,VIDEO,https://www.chemistwarehouse.com.au/shop-online/1225/vicks?utm_source=facebook&utm_medium=social&utm_campaign=au_cw_oa_facebook_social_proctergambleaustralia_vicks_258_may26_100493-conv_video-image&utm_term=conversion&utm_content=video-image_instore,www.chemistwarehouse.com.au,/shop-online/1225/vicks,facebook,social,au_cw_oa_facebook_social_proctergambleaustralia_vicks_258_may26_100493-conv_video-image,258,conversion,video-image_instore,O&O,Proctergambleaustralia,Vicks,may26,video-image,,,,,,"['FACEBOOK', 'INSTAGRAM', 'AUDIENCE_NETWORK', 'MESSENGER', 'THREADS']",au,cw,facebook,social,2026-W31,2026-08,"FACEBOOK, INSTAGRAM, AUDIENCE_NETWORK, MESSENGER, THREADS",True,True,True,True,True,False,Brand/Category Page,True,True,False,2026-08-03,2026-06-29 07:00:00,2026-08-03 15:37:17.103942,35
1507860287382442,,True,2026-06-30 07:00:00,2026-08-02 07:00:00,Chemist Warehouse,Chemist Warehouse,{{product.name}},{{product.brand}},Shop now,DCO,https://www.chemistwarehouse.com.au/shop-online/5571/john-frieda?utm_source=facebook&utm_medium=social&utm_campaign=au_cw_coop_facebook_social_kaoaustraliaptylimited_johnfrieda_129_2026_100152-bau_video-image&utm_term=traffic&utm_content=video-image_,www.chemistwarehouse.com.au,/shop-online/5571/john-frieda,facebook,social,au_cw_coop_facebook_social_kaoaustraliaptylimited_johnfrieda_129_2026_100152-bau_video-image,129,traffic,video-image_,Coop,Kaoaustraliaptylimited,Johnfrieda,2026,video-image,"Good Before, Incredible After ","The icon just got more
iconic. New look, elevated packaging,
same obsession with hair.",Shop Now,https://scontent.fpss5-1.fna.fbcdn.net/v/t39.35426-6/726411631_4319864348267048_3754158037486867813_n.jpg?_nc_cat=108&ccb=1-7&_nc_sid=c53f8f&_nc_ohc=wODrAC6ctIoQ7kNvwGeRR4Z&_nc_oc=Adp3b0kM1FEe8FG1tp8p4xWOvRpkkIEMYcHKVrwcartVfwwcJdM3zsFutuF2V9QS9DU&_nc_zt=14&_nc_ht=scontent.fpss5-1.fna&_nc_gid=-WaMTVLnUXL-mdOt85aeXg&_nc_ss=7f180&oh=00_AQFLUt9aCDziD94U2bq1KTGIJ01NCkyHsFmg37-TSNNjvw&oe=6A759419,,"['FACEBOOK', 'INSTAGRAM', 'AUDIENCE_NETWORK', 'MESSENGER', 'WHATSAPP', 'THREADS']",au,cw,facebook,social,2026-W31,2026-08,"FACEBOOK, INSTAGRAM, AUDIENCE_NETWORK, MESSENGER, WHATSAPP, THREADS",True,True,True,True,True,True,Brand/Category Page,True,False,False,2026-08-03,2026-06-30 07:00:00,2026-08-03 15:37:17.103942,34
1340880134141669,1535663554716920,True,2026-06-30 07:00:00,2026-08-02 07:00:00,Chemist Warehouse,Chemist Warehouse,{{product.name}},{{product.brand}},Shop now,DCO,https://www.chemistwarehouse.com.au/shop-online/813/deep-heat?utm_source=facebook&utm_medium=social&utm_campaign=au_cw_coop_facebook_social_mentholatumaustralasia_deepheat_258_2026_100186-bau_image&utm_term=traffic&utm_content=image_brand,www.chemistwarehouse.com.au,/shop-online/813/deep-heat,facebook,social,au_cw_coop_facebook_social_mentholatumaustralasia_deepheat_258_2026_100186-bau_image,258,traffic,image_brand,Coop,Mentholatumaustralasia,Deepheat,2026,image,Warm Up. Cool Down.,Warm Up with Deep Heat and relieve inflammation with ICE Magnesium Spray,Shop Now,https://scontent.fpss5-1.fna.fbcdn.net/v/t39.35426-6/734067722_1765549441557851_881556171612331815_n.jpg?_nc_cat=111&ccb=1-7&_nc_sid=c53f8f&_nc_ohc=fwdqvivWHh8Q7kNvwHNIX6L&_nc_oc=AdrgVFUmgB0SWb6811QJ_9lITWgPY3uk8Z6gyG6rvcDoeV2t-uhPZw7j1kjEbe1KaQE&_nc_zt=14&_nc_ht=scontent.fpss5-1.fna&_nc_gid=-WaMTVLnUXL-mdOt85aeXg&_nc_ss=7f180&oh=00_AQG51xU1DJBcKFj029ejLXinmn2CjaMPblVd4Ns2_YTvZQ&oe=6A759B74,,"['FACEBOOK', 'INSTAGRAM', 'AUDIENCE_NETWORK', 'MESSENGER', 'WHATSAPP', 'THREADS']",au,cw,facebook,social,2026-W31,2026-08,"FACEBOOK, INSTAGRAM, AUDIENCE_NETWORK, MESSENGER, WHATSAPP, THREADS",True,True,True,True,True,True,Brand/Category Page,True,False,False,2026-08-03,2026-06-30 07:00:00,2026-08-03 15:37:17.103942,34
2507900649636868,1688323015511864,True,2026-06-29 07:00:00,2026-08-02 07:00:00,Chemist Warehouse,Chemist Warehouse,{{product.name}},{{product.brand}},Shop now,DCO,https://www.chemistwarehouse.com.au/shop-online/1225/vicks?utm_source=facebook&utm_medium=social&utm_campaign=au_cw_oa_facebook_social_proctergambleaustralia_vicks_258_may26_100493-conv_video-image&utm_term=conversion&utm_content=video-image_strat-kid-landscape,www.chemistwarehouse.com.au,/shop-online/1225/vicks,facebook,social,au_cw_oa_facebook_social_proctergambleaustralia_vicks_258_may26_100493-conv_video-image,258,conversion,video-image_strat-kid-landscape,O&O,Proctergambleaustralia,Vicks,may26,video-image,Shop at Chemist Warehouse,Cough & Cold? Vicks has your back this winter. Fast Click & Collect at Chemist Warehouse,Shop Now,,https://video.fpss5-1.fna.fbcdn.net/o1/v/t2/f2/m366/AQOuIBg3rEpbnn9oVW7Ep3YgsSfTgwCKUuqis0INC3YJV3HV8gze9U7IRBnhs0qCfZkd9xsMHr36rRYMIeQJgOGDKsRoRvYm6v0EItMewGR7FQ.mp4?_nc_cat=103&_nc_oc=AdomHv6xX0YLFPJJwsWphKvvIXmRX5no3Xy_Z4ljc0L7bF3seErv130G1mL27QvVoGM&_nc_sid=b66105&_nc_ht=video.fpss5-1.fna.fbcdn.net&_nc_ohc=cEFhnBORAYEQ7kNvwGKk-Ol&efg=eyJ2ZW5jb2RlX3RhZyI6Inhwdl9wcm9ncmVzc2l2ZS5WSV9VU0VDQVNFX1BST0RVQ1RfVFlQRS4uQzMuNzIwLmRhc2hfaDI2NC1iYXNpYy1nZW4yXzcyMHAiLCJ4cHZfYXNzZXRfaWQiOjEwMTYyMTExNjc2MTU0MDYsImFzc2V0X2FnZV9kYXlzIjo1OSwidmlfdXNlY2FzZV9pZCI6MTA3OTksImR1cmF0aW9uX3MiOjYsInVybGdlbl9zb3VyY2UiOiJ3d3cifQ%3D%3D&ccb=17-1&vs=415ee1317b3ec94d&_nc_vs=HBksFQIYRWZiX2VwaGVtZXJhbC82RDQ1NjA0OUYzRTg4MTU3MDI3QzhERjgyOTFGOTc4Nl9tdF8xX3ZpZGVvX2Rhc2hpbml0Lm1wNBUAAsgBEgAVAhhAZmJfcGVybWFuZW50LzU4NENGODVDNTQ5REQ0QTdEMjJCNjhEODgxNkQ3MkFGX2F1ZGlvX2Rhc2hpbml0Lm1wNBUCAsgBEgAoABgAGwKIB3VzZV9vaWwBMRJwcm9ncmVzc2l2ZV9yZWNpcGUBMRUAACbc5syao4_OAxUCKAJDMywXQBgAAAAAAAAYGWRhc2hfaDI2NC1iYXNpYy1nZW4yXzcyMHARAHUAZd6oAQA&_nc_gid=-WaMTVLnUXL-mdOt85aeXg&_nc_ss=7f180&_nc_zt=28&oh=00_AQFutwVJs8cqvajProaMKvBwe4vpttsSVGj1K1gqoMss3Q&oe=6A75A6F5,"['FACEBOOK', 'INSTAGRAM', 'AUDIENCE_NETWORK', 'MESSENGER', 'THREADS']",au,cw,facebook,social,2026-W31,2026-08,"FACEBOOK, INSTAGRAM, AUDIENCE_NETWORK, MESSENGER, THREADS",True,True,True,True,True,False,Brand/Category Page,True,False,False,2026-08-03,2026-06-29 07:00:00,2026-08-03 15:37:17.103942,35
4582864171935287,1499558608064996,True,2026-06-29 07:00:00,2026-08-02 07:00:00,Chemist Warehouse,Chemist Warehouse,{{product.name}},{{product.brand}},Shop now,DCO,https://www.chemistwarehouse.com.au/shop-online/772/revlon-cosmetics?utm_source=facebook&utm_medium=social&utm_campaign=au_cw_coop_facebook_social_revlonaustraliaptyltd_revlon_648_2026_bau_dynamic_100088&utm_term=traffic&utm_content=static-junept2,www.chemistwarehouse.com.au,/shop-online/772/revlon-cosmetics,facebook,social,au_cw_coop_facebook_social_revlonaustraliaptyltd_revlon_648_2026_bau_dynamic_100088,648,traffic,static-junept2,Coop,Revlonaustraliaptyltd,Revlon,2026,100088,Transform Your Look,Are you PhotoReady? Shop NEW Revlon PhotoReady range.,Shop Now,https://scontent.fpss5-1.fna.fbcdn.net/v/t39.35426-6/722163494_27457193667225441_5343100764808995682_n.jpg?_nc_cat=110&ccb=1-7&_nc_sid=c53f8f&_nc_ohc=4lw54mmC9t0Q7kNvwEFjeUD&_nc_oc=AdocSNG0Gis9Wy-NCP7rX5MmkCgpq5UlK2yKf_A78K6LObHAD1f92-3VvPqeRuOjufQ&_nc_zt=14&_nc_ht=scontent.fpss5-1.fna&_nc_gid=-WaMTVLnUXL-mdOt85aeXg&_nc_ss=7f180&oh=00_AQEleTNIgV5YMDIC_l1NXshotVpEWxkGWAJMTQgBcCw6nA&oe=6A7578BF,,"['FACEBOOK', 'INSTAGRAM', 'MESSENGER']",au,cw,facebook,social,2026-W31,2026-08,"FACEBOOK, INSTAGRAM, MESSENGER",True,True,False,True,False,False,Brand/Category Page,True,False,False,2026-08-03,2026-06-29 07:00:00,2026-08-03 15:37:17.103942,35
1693007201950023,892860203859126,True,2026-06-30 07:00:00,2026-08-02 07:00:00,Chemist Warehouse,Chemist Warehouse,Shop at Chemist Warehouse,Shop the new Vicks Xtra Soothing range at Chemist Warehouse.,Shop now,VIDEO,https://www.chemistwarehouse.com.au/shop-online/1225/vicks?utm_source=facebook&utm_medium=social&utm_campaign=au_cw_oa_facebook_social_proctergambleaustralia_vicks_258_may26_100493-traffic_video-image&utm_term=traffic&utm_content=video-image_instore,www.chemistwarehouse.com.au,/shop-online/1225/vicks,facebook,social,au_cw_oa_facebook_social_proctergambleaustralia_vicks_258_may26_100493-traffic_video-image,258,traffic,video-image_instore,O&O,Proctergambleaustralia,Vicks,may26,video-image,,,,,,"['FACEBOOK', 'INSTAGRAM', 'AUDIENCE_NETWORK', 'MESSENGER', 'WHATSAPP', 'THREADS']",au,cw,facebook,social,2026-W31,2026-08,"FACEBOOK, INSTAGRAM, AUDIENCE_NETWORK, MESSENGER, WHATSAPP, THREADS",True,True,True,True,True,True,Brand/Category Page,True,True,False,2026-08-03,2026-06-30 07:00:00,2026-08-03 15:37:17.103942,34
1302670968520053,1689405738766820,True,2026-06-29 07:00:00,2026-08-02 07:00:00,Chemist Warehouse,Chemist Warehouse,{{product.name}},{{product.brand}},Shop now,DCO,https://www.chemistwarehouse.com.au/shop-online/772/revlon-cosmetics?utm_source=facebook&utm_medium=social&utm_campaign=au_cw_coop_facebook_social_revlonaustraliaptyltd_revlon_648_2026_bau_dynamic_100088&utm_term=traffic&utm_content=static-junept1,www.chemistwarehouse.com.au,/shop-online/772/revlon-cosmetics,facebook,social,au_cw_coop_facebook_social_revlonaustraliaptyltd_revlon_648_2026_bau_dynamic_100088,648,traffic,static-junept1,Coop,Revlonaustraliaptyltd,Revlon,2026,100088,Perfect Your Pout,Define your lips while extending the wear of your favorite lip colour with Revlon's ColorStay Lip Liner.,Shop Now,https://scontent.fpss5-1.fna.fbcdn.net/v/t39.35426-6/722336996_1377504197577509_3129580004226627969_n.jpg?_nc_cat=101&ccb=1-7&_nc_sid=c53f8f&_nc_ohc=t57jdxOpkl4Q7kNvwEHtHzE&_nc_oc=Adr3yMxV-Lf_ksm3FT8-Rz01mtOmjYsURKINV8b_7bdAqed7fxjsavYRmNjeJhI5dVY&_nc_zt=14&_nc_ht=scontent.fpss5-1.fna&_nc_gid=-WaMTVLnUXL-mdOt85aeXg&_nc_ss=7f180&oh=00_AQG6LKQtXdANRY5AGom4kQu13-NL5FZPR3hwvwuoN3nbxw&oe=6A758023,,"['FACEBOOK', 'INSTAGRAM', 'MESSENGER']",au,cw,facebook,social,2026-W31,2026-08,"FACEBOOK, INSTAGRAM, MESSENGER",True,True,False,True,False,False,Brand/Category Page,True,False,False,2026-08-03,2026-06-29 07:00:00,2026-08-03 15:37:17.103942,35
1371505104832827,,True,2026-06-29 07:00:00,2026-08-02 07:00:00,Chemist Warehouse,Chemist Warehouse,Shop AUS #1 longwear brand,"All‑day wear, all‑day confidence. Shop Australia’s #1 longwear brand now at Chemist Warehouse.",See details,IMAGE,https://fb.com/canvas_doc/1526150555835709,fb.com,/canvas_doc/1526150555835709,,,,,,,Not Specified,,,,,,,,,,"['FACEBOOK', 'INSTAGRAM', 'MESSENGER']",,,,,2026-W31,2026-08,"FACEBOOK, INSTAGRAM, MESSENGER",True,True,False,True,False,False,Internal/App Page,True,True,False,2026-08-03,2026-06-29 07:00:00,2026-08-03 15:37:17.103942,35
1932659784068913,1663607488278472,True,2026-06-30 07:00:00,2026-08-02 07:00:00,Chemist Warehouse,Chemist Warehouse,{{product.name}},{{product.brand}},Shop now,DCO,https://www.chemistwarehouse.com.au/shop-online/772/revlon-cosmetics?utm_source=facebook&utm_medium=social&utm_campaign=au_cw_coop_facebook_social_revlonaustraliaptyltd_revlon_648_2026_bau_dynamic_100088&utm_term=traffic&utm_content=static-junept2,www.chemistwarehouse.com.au,/shop-online/772/revlon-cosmetics,facebook,social,au_cw_coop_facebook_social_revlonaustraliaptyltd_revlon_648_2026_bau_dynamic_100088,648,traffic,static-junept2,Coop,Revlonaustraliaptyltd,Revlon,2026,100088,Shop AUS #1 longwear brand,"All‑day wear, all‑day confidence. Shop Australia’s #1 longwear brand now at Chemist Warehouse.",Shop Now,https://scontent.fpss5-1.fna.fbcdn.net/v/t39.35426-6/723768074_858534340643216_4730972236579603985_n.jpg?_nc_cat=108&ccb=1-7&_nc_sid=c53f8f&_nc_ohc=r7Igp1fA6VkQ7kNvwG7-oKc&_nc_oc=Adrexr_COgrEh4a1Uur6eQPtqmNo60UHU2Q8fYMkAQeQQJJZD8-J_0QasGmI2se-Egs&_nc_zt=14&_nc_ht=scontent.fpss5-1.fna&_nc_gid=-WaMTVLnUXL-mdOt85aeXg&_nc_ss=7f180&oh=00_AQGZvGSn3YxNC-UpysIK2SRoAZj66I9DiRkJ4phQdDQeww&oe=6A757D37,,"['FACEBOOK', 'INSTAGRAM', 'MESSENGER']",au,cw,facebook,social,2026-W31,2026-08,"FACEBOOK, INSTAGRAM, MESSENGER",True,True,False,True,False,False,Brand/Category Page,True,False,False,2026-08-03,2026-06-30 07:00:00,2026-08-03 15:37:17.103942,34
2093418098237656,,True,2026-06-30 07:00:00,2026-08-01 07:00:00,Chemist Warehouse,Chemist Warehouse,Shop AUS #1 longwear brand,"All‑day wear, all‑day confidence. Shop Australia’s #1 longwear brand now at Chemist Warehouse.",Shop now,IMAGE,https://fb.com/canvas_doc/1334781831948915,fb.com,/canvas_doc/1334781831948915,,,,,,,Not Specified,,,,,,,,,,"['FACEBOOK', 'INSTAGRAM', 'MESSENGER']",,,,,2026-W31,2026-08,"FACEBOOK, INSTAGRAM, MESSENGER",True,True,False,True,False,False,Internal/App Page,True,True,False,2026-08-03,2026-06-30 07:00:00,2026-08-03 15:37:17.103942,34
3928723200591053,,True,2026-06-30 07:00:00,2026-08-02 07:00:00,Chemist Warehouse,Chemist Warehouse,Perfect Your Pout,Define your lips while extending the wear of your favorite lip colour with Revlon's ColorStay Lip Liner.,Shop now,IMAGE,https://fb.com/canvas_doc/1039818308731887,fb.com,/canvas_doc/1039818308731887,,,,,,,Not Specified,,,,,,,,,,"['FACEBOOK', 'INSTAGRAM', 'MESSENGER']",,,,,2026-W31,2026-08,"FACEBOOK, INSTAGRAM, MESSENGER",True,True,False,True,False,False,Internal/App Page,True,False,False,2026-08-03,2026-06-30 07:00:00,2026-08-03 15:37:17.103942,34
1516015229967821,1293823782396954,True,2026-06-29 07:00:00,2026-08-02 07:00:00,Chemist Warehouse,Chemist Warehouse,{{product.name}},{{product.brand}},Shop now,DCO,https://www.chemistwarehouse.com.au/shop-online/6713/mersynofen?utm_source=facebook&utm_medium=social&utm_campaign=au_cw_oa_facebook_social_sanoficonsumerhealthcare_mersynofen_258_2026_100562-oa_video-image&utm_term=traffic&utm_content=video-image_brand,www.chemistwarehouse.com.au,/shop-online/6713/mersynofen,facebook,social,au_cw_oa_facebook_social_sanoficonsumerhealthcare_mersynofen_258_2026_100562-oa_video-image,258,traffic,video-image_brand,O&O,Sanoficonsumerhealthcare,Mersynofen,2026,video-image,Try Mersynofen,Mersynofen combines the strength of two ingredients for dual-action pain relief,Shop Now,https://scontent.fpss5-1.fna.fbcdn.net/v/t39.35426-6/732545291_873316812520106_8454764781620015008_n.jpg?_nc_cat=110&ccb=1-7&_nc_sid=c53f8f&_nc_ohc=dykpoAvc_x4Q7kNvwH8IVpX&_nc_oc=AdrY9_rMxo8M6oeFsy_dokeadKE_FMQGpjqbciSxYGcMv8pI6-4HM2AtsZP3yRn3BHI&_nc_zt=14&_nc_ht=scontent.fpss5-1.fna&_nc_gid=M8VJMwpv4ARJPkpQPG71kQ&_nc_ss=7f180&oh=00_AQEIkSBIrFjv3h17qThBDfpoH3LlbFj30Gm9SWdunwPmYg&oe=6A758838,,"['FACEBOOK', 'INSTAGRAM', 'AUDIENCE_NETWORK', 'MESSENGER', 'THREADS']",au,cw,facebook,social,2026-W31,2026-08,"FACEBOOK, INSTAGRAM, AUDIENCE_NETWORK, MESSENGER, THREADS",True,True,True,True,True,False,Brand/Category Page,True,False,False,2026-08-03,2026-06-29 07:00:00,2026-08-03 15:37:17.103942,35
1575485180798048,2259366484810042,True,2026-06-25 07:00:00,2026-08-02 07:00:00,Chemist Warehouse,Chemist Warehouse,Panadol Children has improved flavours,With a smooth formula that is easy to swallow. For pain & fever relief without the fuss. That's One for Panadol.,Shop now,VIDEO,https://www.chemistwarehouse.com.au/shop-online/705661/panadol-childrens?utm_source=facebook&utm_medium=social&utm_campaign=au_cw_oa_facebook_social_haleonaustraliaptyltd_panadol_258_jun26_100628-winter_video&utm_term=traffic&utm_content=video_instore-video,www.chemistwarehouse.com.au,/shop-online/705661/panadol-childrens,facebook,social,au_cw_oa_facebook_social_haleonaustraliaptyltd_panadol_258_jun26_100628-winter_video,258,traffic,video_instore-video,O&O,Haleonaustraliaptyltd,Panadol,jun26,video,,,,,,"['FACEBOOK', 'INSTAGRAM']",au,cw,facebook,social,2026-W31,2026-08,"FACEBOOK, INSTAGRAM",True,True,False,False,False,False,Brand/Category Page,True,False,False,2026-08-03,2026-06-25 07:00:00,2026-08-03 15:37:17.103942,39
1693240091994605,2070738706810849,True,2026-06-25 07:00:00,2026-08-02 07:00:00,Chemist Warehouse,Chemist Warehouse,My Organics at Chemist Warehouse,"Giving your hair the resurrection it deserves 🤍 My Organic's Resurrection Supreme Shampoo & Miracle Mask are formulated to help leave hair feeling shiny, nourished and healthy. Discover the range at Chemist Warehouse",Learn more,VIDEO,https://www.chemistwarehouse.com.au/shop-online/1597/my-organics?utm_source=facebook&utm_medium=social&utm_campaign=au_cw_oa_facebook_social_myorganics_myorganics_129_mar26_100308-social_video&utm_term=traffic&utm_content=video_june-video,www.chemistwarehouse.com.au,/shop-online/1597/my-organics,facebook,social,au_cw_oa_facebook_social_myorganics_myorganics_129_mar26_100308-social_video,129,traffic,video_june-video,O&O,Myorganics,Myorganics,mar26,video,,,,,,"['FACEBOOK', 'INSTAGRAM', 'THREADS']",au,cw,facebook,social,2026-W31,2026-08,"FACEBOOK, INSTAGRAM, THREADS",True,True,False,False,True,False,Brand/Category Page,True,True,True,2026-08-03,2026-06-25 07:00:00,2026-08-03 15:37:17.103942,39
1892581741413631,2259366484810042,True,2026-06-25 07:00:00,2026-08-02 07:00:00,Chemist Warehouse,Chemist Warehouse,Get a $10 gift card. T&C apply,With a smooth formula that is easy to swallow. For pain & fever relief without the fuss. That's One for Panadol.,Shop now,VIDEO,https://fb.com/canvas_doc/1705800983956742,fb.com,/canvas_doc/1705800983956742,,,,,,,Not Specified,,,,,,,,,,"['FACEBOOK', 'INSTAGRAM']",,,,,2026-W31,2026-08,"FACEBOOK, INSTAGRAM",True,True,False,False,False,False,Internal/App Page,True,False,False,2026-08-03,2026-06-25 07:00:00,2026-08-03 15:37:17.103942,39
27333475882961082,704894282398599,True,2026-06-28 07:00:00,2026-08-02 07:00:00,Chemist Warehouse,Chemist Warehouse,{{product.name}},{{product.brand}},Shop now,DCO,https://www.chemistwarehouse.com.au/shop-online/6713/mersynofen?utm_source=facebook&utm_medium=social&utm_campaign=au_cw_oa_facebook_social_sanoficonsumerhealthcare_mersynofen_258_2026_100562-oa_video-image&utm_term=traffic&utm_content=video-image_brand,www.chemistwarehouse.com.au,/shop-online/6713/mersynofen,facebook,social,au_cw_oa_facebook_social_sanoficonsumerhealthcare_mersynofen_258_2026_100562-oa_video-image,258,traffic,video-image_brand,O&O,Sanoficonsumerhealthcare,Mersynofen,2026,video-image,Try Mersynofen,Mersynofen combines the strength of two ingredients for dual-action pain relief,Shop Now,,https://video.fpss5-1.fna.fbcdn.net/o1/v/t2/f2/m366/AQOlFVBqrPihF7SSTeQxAq06YdZsI9WdABVDGGUDOBuf5DeGQw2XTAt_swJvRLyZb9c2T8vot1AkpXLHSsWczKdTQ3OJCLJeOcG1XWr1cPPhyQ.mp4?_nc_cat=103&_nc_oc=AdrS8kQ42EIi00kftu551ahiXB6A8R7MItQ3ohgjf79dtfh5W5USb2Q4UzcoqiWWN7I&_nc_sid=b66105&_nc_ht=video.fpss5-1.fna.fbcdn.net&_nc_ohc=dyYutXJAJcsQ7kNvwEVAjxZ&efg=eyJ2ZW5jb2RlX3RhZyI6Inhwdl9wcm9ncmVzc2l2ZS5WSV9VU0VDQVNFX1BST0RVQ1RfVFlQRS4uQzMuNzIwLmRhc2hfaDI2NC1iYXNpYy1nZW4yXzcyMHAiLCJ4cHZfYXNzZXRfaWQiOjQ1NzE0MjAyOTMwODQ1OTgsImFzc2V0X2FnZV9kYXlzIjozOTgsInZpX3VzZWNhc2VfaWQiOjEwNzk5LCJkdXJhdGlvbl9zIjoyMSwidXJsZ2VuX3NvdXJjZSI6Ind3dyJ9&ccb=17-1&vs=382540bb68cb8dee&_nc_vs=HBksFQIYRWZiX2VwaGVtZXJhbC83ODRCNjc5NTg1NTUwNDMyRTc4QkMxMDg5ODE5RDM5MV9tdF8xX3ZpZGVvX2Rhc2hpbml0Lm1wNBUAAsgBEgAVAhg6cGFzc3Rocm91Z2hfZXZlcnN0b3JlL0dKMU5xaDVqV1QyQlpac0NBSi1ZUkQxN3d2QmVidjRHQUFBRhUCAsgBEgAoABgAGwKIB3VzZV9vaWwBMRJwcm9ncmVzc2l2ZV9yZWNpcGUBMRUAACbs1oGr1-ueEBUCKAJDMywXQDVmZmZmZmYYGWRhc2hfaDI2NC1iYXNpYy1nZW4yXzcyMHARAHUAZd6oAQA&_nc_gid=M8VJMwpv4ARJPkpQPG71kQ&_nc_ss=7f180&_nc_zt=28&oh=00_AQFMf8ZwvBZXWPOqbb2LwtN5e5CrCgRxp79lBUjHy9QWhg&oe=6A759F49,"['FACEBOOK', 'INSTAGRAM', 'AUDIENCE_NETWORK', 'MESSENGER', 'THREADS']",au,cw,facebook,social,2026-W31,2026-08,"FACEBOOK, INSTAGRAM, AUDIENCE_NETWORK, MESSENGER, THREADS",True,True,True,True,True,False,Brand/Category Page,True,False,False,2026-08-03,2026-06-28 07:00:00,2026-08-03 15:37:17.103942,36
2126910357889391,1741679483951133,True,2026-06-24 07:00:00,2026-08-02 07:00:00,Chemist Warehouse,Chemist Warehouse,{{product.name}},{{product.brand}},Shop now,DCO,https://www.chemistwarehouse.com.au/buy/168503/l-oreal-paris-revitalift-laser-dark-spot-creamy-serum-30ml?utm_source=facebook&utm_medium=social&utm_campaign=au_cw_coop_facebook_social_lorealaustraliaptyltd_lorealparis_665_2026_bau_dynamic&utm_term=traffic&utm_content=dynamic_cushionvid,www.chemistwarehouse.com.au,/buy/168503/l-oreal-paris-revitalift-laser-dark-spot-creamy-serum-30ml,facebook,social,au_cw_coop_facebook_social_lorealaustraliaptyltd_lorealparis_665_2026_bau_dynamic,665,traffic,dynamic_cushionvid,Coop,Lorealaustraliaptyltd,Lorealparis,2026,dynamic,L’Oréal Paris Revitalift Creamy-Serum,"Formulated with multi-patented Melasyl™. In 7 days see triple efficacy: wrinkles, dark spots, dullness. You're Worth It.",Shop Now,https://scontent.fpss5-1.fna.fbcdn.net/v/t39.35426-6/728473990_4387511174844537_5826334507530277081_n.jpg?_nc_cat=111&ccb=1-7&_nc_sid=c53f8f&_nc_ohc=Nu_iX_MWE0UQ7kNvwGeuJLf&_nc_oc=AdrJFjBQ36cXmToQigysRgML41lFJQBrVHe_ES0j0QfYc4XugubDAfwSx4uytbzgWnM&_nc_zt=14&_nc_ht=scontent.fpss5-1.fna&_nc_gid=M8VJMwpv4ARJPkpQPG71kQ&_nc_ss=7f180&oh=00_AQHd5aj-Uyw-rVqVxkIcU58PqEoB1_o2WZWTREOK8ExciA&oe=6A758BAA,,"['FACEBOOK', 'INSTAGRAM', 'AUDIENCE_NETWORK', 'MESSENGER', 'THREADS']",au,cw,facebook,social,2026-W31,2026-08,"FACEBOOK, INSTAGRAM, AUDIENCE_NETWORK, MESSENGER, THREADS",True,True,True,True,True,False,SKU Product,True,False,False,2026-08-03,2026-06-24 07:00:00,2026-08-03 15:37:17.103942,40
938710442519416,895823456893450,True,2026-06-23 07:00:00,2026-08-02 07:00:00,Chemist Warehouse,Chemist Warehouse,{{product.name}},{{product.brand}},Shop now,DCO,https://www.chemistwarehouse.com.au/shop-online/3087/iberogast?utm_source=facebook&utm_medium=social&utm_campaign=au_cw_coop_facebook_social_bayeraustralialtd_iberogast_258_jun25_100137-bau_video&utm_term=traffic&utm_content=video_,www.chemistwarehouse.com.au,/shop-online/3087/iberogast,facebook,social,au_cw_coop_facebook_social_bayeraustralialtd_iberogast_258_jun25_100137-bau_video,258,traffic,video_,Coop,Bayeraustralialtd,Iberogast,jun25,video,Shop at Chemist Warehouse,"6 Digestive Symptoms, All-in-One Clinically¹,² Proven Relief",Shop Now,https://scontent.fpss5-1.fna.fbcdn.net/v/t39.35426-6/729467022_1002660952409570_6589958094607179491_n.jpg?_nc_cat=108&ccb=1-7&_nc_sid=c53f8f&_nc_ohc=jaEisGCLyTEQ7kNvwGZzqzB&_nc_oc=Adrqt_w7dcYaF2R1531SHC9H0YHkMye13DXnd2JahvGGNApoG2tsD5eKV85SL6gyw0I&_nc_zt=14&_nc_ht=scontent.fpss5-1.fna&_nc_gid=M8VJMwpv4ARJPkpQPG71kQ&_nc_ss=7f180&oh=00_AQHcGwy6pGjg06XnuILRw-z0ykEOSOg_PLSkDbRD9GWh9w&oe=6A7595A6,,"['FACEBOOK', 'INSTAGRAM', 'AUDIENCE_NETWORK', 'MESSENGER', 'WHATSAPP', 'THREADS']",au,cw,facebook,social,2026-W31,2026-08,"FACEBOOK, INSTAGRAM, AUDIENCE_NETWORK, MESSENGER, WHATSAPP, THREADS",True,True,True,True,True,True,Brand/Category Page,True,False,False,2026-08-03,2026-06-23 07:00:00,2026-08-03 15:37:17.103942,41
1623914579461174,998702079558817,True,2026-06-21 07:00:00,2026-08-02 07:00:00,Chemist Warehouse,Chemist Warehouse,Available at Chemist Warehouse,Shop the Philips Sonicare 3100 Electric Toothbrush at Chemist Warehouse.,Shop now,VIDEO,https://www.chemistwarehouse.com.au/shop-online/705479/philips?utm_source=facebook&utm_medium=social&utm_campaign=au_cw_oa_facebook_social_philipssaecoaustraliapty_philips_159_jun26_100609-boosting_video&utm_term=traffic&utm_content=video_instore-video,www.chemistwarehouse.com.au,/shop-online/705479/philips,facebook,social,au_cw_oa_facebook_social_philipssaecoaustraliapty_philips_159_jun26_100609-boosting_video,159,traffic,video_instore-video,O&O,Philipssaecoaustraliapty,Philips,jun26,video,,,,,,"['FACEBOOK', 'INSTAGRAM', 'THREADS']",au,cw,facebook,social,2026-W31,2026-08,"FACEBOOK, INSTAGRAM, THREADS",True,True,False,False,True,False,Brand/Category Page,True,True,False,2026-08-03,2026-06-21 07:00:00,2026-08-03 15:37:17.103942,43
980179964778612,26901293422904592,True,2026-06-17 07:00:00,2026-08-02 07:00:00,Chemist Warehouse,Chemist Warehouse,{{product.name}},{{product.brand}},Shop now,DCO,https://www.chemistwarehouse.com.au/shop-online/3118/bisolvon?utm_source=facebook&utm_medium=social&utm_campaign=au_cw_oa_facebook_social_sanoficonsumerhealthcare_bisolvon_258_2026_100512-oa_video-image&utm_term=traffic&utm_content=video-image_all,www.chemistwarehouse.com.au,/shop-online/3118/bisolvon,facebook,social,au_cw_oa_facebook_social_sanoficonsumerhealthcare_bisolvon_258_2026_100512-oa_video-image,258,traffic,video-image_all,O&O,Sanoficonsumerhealthcare,Bisolvon,2026,video-image,"For chesty coughs, try Bisolvon","Bisolvon provides effective relief against chesty coughs, helping you get back to what matters most.",Shop Now,https://scontent.fpss5-1.fna.fbcdn.net/v/t39.35426-6/726061575_1569770884719266_2311390473784710653_n.jpg?_nc_cat=110&ccb=1-7&_nc_sid=c53f8f&_nc_ohc=K86ZFVS65ccQ7kNvwF4NXOj&_nc_oc=AdqZZYjxrGHWHlEwSnqsKpyQtDVo0kSZjtLrVm8MO20-idWPIf3oqAPQk3AC27ntG4I&_nc_zt=14&_nc_ht=scontent.fpss5-1.fna&_nc_gid=M8VJMwpv4ARJPkpQPG71kQ&_nc_ss=7f180&oh=00_AQGya77-gZ3bs03-dA5h4V1PzkjqmIzr2NiI5fmKS-b6pw&oe=6A757930,,"['FACEBOOK', 'INSTAGRAM', 'AUDIENCE_NETWORK', 'MESSENGER', 'WHATSAPP', 'THREADS']",au,cw,facebook,social,2026-W31,2026-08,"FACEBOOK, INSTAGRAM, AUDIENCE_NETWORK, MESSENGER, WHATSAPP, THREADS",True,True,True,True,True,True,Brand/Category Page,True,False,False,2026-08-03,2026-06-17 07:00:00,2026-08-03 15:37:17.103942,47
979535908239589,26901293422904592,True,2026-06-21 07:00:00,2026-08-02 07:00:00,Chemist Warehouse,Chemist Warehouse,{{product.name}},{{product.brand}},Shop now,DCO,https://www.chemistwarehouse.com.au/shop-online/3118/bisolvon?utm_source=facebook&utm_medium=social&utm_campaign=au_cw_oa_facebook_social_sanoficonsumerhealthcare_bisolvon_258_2026_100512-oa_image&utm_term=conversion&utm_content=image_all,www.chemistwarehouse.com.au,/shop-online/3118/bisolvon,facebook,social,au_cw_oa_facebook_social_sanoficonsumerhealthcare_bisolvon_258_2026_100512-oa_image,258,conversion,image_all,O&O,Sanoficonsumerhealthcare,Bisolvon,2026,image,"For chesty coughs, try Bisolvon","Bisolvon provides effective relief against chesty coughs, helping you get back to what matters most.",Shop Now,https://scontent.fpss5-1.fna.fbcdn.net/v/t39.35426-6/725166076_1020138797038551_8794699746286480619_n.jpg?_nc_cat=106&ccb=1-7&_nc_sid=c53f8f&_nc_ohc=2vgmGFw_qLYQ7kNvwEh766J&_nc_oc=Adq3sLq12HM_5yb10gQkmkSIWSfxy4UAjsixb5zIB-nFqtKijNitRK7D_eg1yjl9qIc&_nc_zt=14&_nc_ht=scontent.fpss5-1.fna&_nc_gid=M8VJMwpv4ARJPkpQPG71kQ&_nc_ss=7f180&oh=00_AQGull7XWqHQj-wIAJbFwLuvXhQ5WyR389qMzBQcaDeqrA&oe=6A759B4E,,"['FACEBOOK', 'INSTAGRAM', 'AUDIENCE_NETWORK', 'MESSENGER', 'THREADS']",au,cw,facebook,social,2026-W31,2026-08,"FACEBOOK, INSTAGRAM, AUDIENCE_NETWORK, MESSENGER, THREADS",True,True,True,True,True,False,Brand/Category Page,True,False,False,2026-08-03,2026-06-21 07:00:00,2026-08-03 15:37:17.103942,43
26865803603121228,1688148122452082,True,2026-06-23 07:00:00,2026-08-02 07:00:00,Chemist Warehouse,Chemist Warehouse,{{product.name}},{{product.brand}},Shop now,DCO,https://www.chemistwarehouse.com.au/shop-online/705479/philips?utm_source=facebook&utm_medium=social&utm_campaign=au_cw_oa_facebook_social_philipssaecoaustraliapty_philips_159_jun26_100609-boosting_video&utm_term=traffic&utm_content=video_instore-video,www.chemistwarehouse.com.au,/shop-online/705479/philips,facebook,social,au_cw_oa_facebook_social_philipssaecoaustraliapty_philips_159_jun26_100609-boosting_video,159,traffic,video_instore-video,O&O,Philipssaecoaustraliapty,Philips,jun26,video,Available at Chemist Warehouse,Shop the Philips Sonicare 3100 Electric Toothbrush at Chemist Warehouse.,Shop Now,,,"['FACEBOOK', 'INSTAGRAM', 'THREADS']",au,cw,facebook,social,2026-W31,2026-08,"FACEBOOK, INSTAGRAM, THREADS",True,True,False,False,True,False,Brand/Category Page,True,False,False,2026-08-03,2026-06-23 07:00:00,2026-08-03 15:37:17.103942,41
1718954086134585,993536053543298,True,2026-06-17 07:00:00,2026-08-02 07:00:00,Chemist Warehouse,Chemist Warehouse,{{product.name}},{{product.brand}},Shop now,DCO,https://www.chemistwarehouse.com.au/shop-online/3118/bisolvon?utm_source=facebook&utm_medium=social&utm_campaign=au_cw_oa_facebook_social_sanoficonsumerhealthcare_bisolvon_258_2026_100512-oa_video-image&utm_term=traffic&utm_content=video-image_all,www.chemistwarehouse.com.au,/shop-online/3118/bisolvon,facebook,social,au_cw_oa_facebook_social_sanoficonsumerhealthcare_bisolvon_258_2026_100512-oa_video-image,258,traffic,video-image_all,O&O,Sanoficonsumerhealthcare,Bisolvon,2026,video-image,Shop Bisolvon,Shop Bisolvon at Chemist Warehouse. Tailored options for both dry & chesty coughs.,Shop Now,,https://video.fpss5-1.fna.fbcdn.net/o1/v/t2/f2/m366/AQPuzcVnuR3Fw9WCsy6zaaDPjeM5uKg_Q0vJAkhKRCiMi7hG-fZfj5yo4ehOpsqaG3F6xxzhntr3FPzmLgwY6If6EQGqJ96pgDnRrK_EN6H26Q.mp4?_nc_cat=110&_nc_oc=AdptRtM2bFb6zLuLu-JvbjtBRtYEbH2v5ue6btnD7rnS5_N0DDf01YuKgty6YGI-Cqo&_nc_sid=b66105&_nc_ht=video.fpss5-1.fna.fbcdn.net&_nc_ohc=QXpeOQ9HV1QQ7kNvwHbjEf4&efg=eyJ2ZW5jb2RlX3RhZyI6Inhwdl9wcm9ncmVzc2l2ZS5WSV9VU0VDQVNFX1BST0RVQ1RfVFlQRS4uQzMuNzIwLmRhc2hfaDI2NC1iYXNpYy1nZW4yXzcyMHAiLCJ4cHZfYXNzZXRfaWQiOjEzNDE0ODkzNDc5MTQ5MDMsImFzc2V0X2FnZV9kYXlzIjo0NSwidmlfdXNlY2FzZV9pZCI6MTA3OTksImR1cmF0aW9uX3MiOjI5LCJ1cmxnZW5fc291cmNlIjoid3d3In0%3D&ccb=17-1&vs=633babe274ab3a9a&_nc_vs=HBksFQIYRWZiX2VwaGVtZXJhbC8wNjRBMTQzOEE1NTg4N0YzRDY0NUYzQURCMDU4Q0ZBNV9tdF8xX3ZpZGVvX2Rhc2hpbml0Lm1wNBUAAsgBEgAVAhhAZmJfcGVybWFuZW50L0NGNEE5QzA3RTBCQUNEODk4NjkzMzdFMjkyMUI3QjkzX2F1ZGlvX2Rhc2hpbml0Lm1wNBUCAsgBEgAoABgAGwKIB3VzZV9vaWwBMRJwcm9ncmVzc2l2ZV9yZWNpcGUBMRUAACausuvA-oTiBBUCKAJDMywXQD13S8an754YGWRhc2hfaDI2NC1iYXNpYy1nZW4yXzcyMHARAHUAZd6oAQA&_nc_gid=M8VJMwpv4ARJPkpQPG71kQ&_nc_ss=7f180&_nc_zt=28&oh=00_AQHjOd55mjVpwzsPnUtdMkIhQLmzbLsK8HnZFrkUgoJlSQ&oe=6A758DD2,"['FACEBOOK', 'INSTAGRAM', 'AUDIENCE_NETWORK', 'MESSENGER', 'WHATSAPP', 'THREADS']",au,cw,facebook,social,2026-W31,2026-08,"FACEBOOK, INSTAGRAM, AUDIENCE_NETWORK, MESSENGER, WHATSAPP, THREADS",True,True,True,True,True,True,Brand/Category Page,True,False,False,2026-08-03,2026-06-17 07:00:00,2026-08-03 15:37:17.103942,47
1489109242528125,1428512279299202,True,2026-06-29 07:00:00,2026-08-02 07:00:00,Chemist Warehouse,Chemist Warehouse,{{product.name}},{{product.brand}},Shop now,DCO,https://www.chemistwarehouse.com.au/shop-online/772/revlon-cosmetics?utm_source=facebook&utm_medium=social&utm_campaign=au_cw_coop_facebook_social_revlonaustraliaptyltd_revlon_648_2026_bau_dynamic_100088&utm_term=traffic&utm_content=static-julpt,www.chemistwarehouse.com.au,/shop-online/772/revlon-cosmetics,facebook,social,au_cw_coop_facebook_social_revlonaustraliaptyltd_revlon_648_2026_bau_dynamic_100088,648,traffic,static-julpt,Coop,Revlonaustraliaptyltd,Revlon,2026,100088,Perfect Your Pout,"1/2 price, full glam! Shop all Revlon 1/2 price off RRP now at Chemist Warehouse.",Shop Now,https://scontent.fpss5-1.fna.fbcdn.net/v/t39.35426-6/736142686_1758752798811430_532683338338592723_n.jpg?_nc_cat=111&ccb=1-7&_nc_sid=c53f8f&_nc_ohc=cwQbfrZBw64Q7kNvwFfVotJ&_nc_oc=AdpTzhUDw2jXXqgRC10H91KjQWjhKnxDkq4AOpN0q1S-0f__T01iS4bpMhURoDVkZTQ&_nc_zt=14&_nc_ht=scontent.fpss5-1.fna&_nc_gid=-WaMTVLnUXL-mdOt85aeXg&_nc_ss=7f180&oh=00_AQE7lk7L8zQOZEhEz5oD0esO98R3Bg7sL8WlHah0FBHj3w&oe=6A758C65,,"['FACEBOOK', 'INSTAGRAM', 'MESSENGER']",au,cw,facebook,social,2026-W31,2026-08,"FACEBOOK, INSTAGRAM, MESSENGER",True,True,False,True,False,False,Brand/Category Page,True,False,False,2026-08-03,2026-06-29 07:00:00,2026-08-03 15:37:17.103942,35
1905926196761626,,True,2026-06-29 07:00:00,2026-08-02 07:00:00,Chemist Warehouse,Chemist Warehouse,Transform Your Look,Are you PhotoReady? Shop NEW Revlon PhotoReady range.,Shop now,IMAGE,https://fb.com/canvas_doc/1364882458817335,fb.com,/canvas_doc/1364882458817335,,,,,,,Not Specified,,,,,,,,,,"['FACEBOOK', 'INSTAGRAM', 'MESSENGER']",,,,,2026-W31,2026-08,"FACEBOOK, INSTAGRAM, MESSENGER",True,True,False,True,False,False,Internal/App Page,True,False,False,2026-08-03,2026-06-29 07:00:00,2026-08-03 15:37:17.103942,35
2410135536466458,1423166803177870,True,2026-06-29 07:00:00,2026-08-02 07:00:00,Chemist Warehouse,Chemist Warehouse,{{product.name}},{{product.brand}},Shop now,DCO,https://www.chemistwarehouse.com.au/shop-online/772/revlon-cosmetics?utm_source=facebook&utm_medium=social&utm_campaign=au_cw_coop_facebook_social_revlonaustraliaptyltd_revlon_648_2026_bau_dynamic_100088&utm_term=traffic&utm_content=static-junept1,www.chemistwarehouse.com.au,/shop-online/772/revlon-cosmetics,facebook,social,au_cw_coop_facebook_social_revlonaustraliaptyltd_revlon_648_2026_bau_dynamic_100088,648,traffic,static-junept1,Coop,Revlonaustraliaptyltd,Revlon,2026,100088,Shop AUS #1 longwear brand,"All‑day wear, all‑day confidence. Shop Australia’s #1 longwear brand now at Chemist Warehouse.",Shop Now,https://scontent.fpss5-1.fna.fbcdn.net/v/t39.35426-6/723809698_1593888662262779_7150276564552341215_n.jpg?_nc_cat=100&ccb=1-7&_nc_sid=c53f8f&_nc_ohc=VI_myQMIE7QQ7kNvwF9AdU4&_nc_oc=Adqeq40B9vaqJWATJrk03sIlA0qBdEK3y9JM2xz3rajuo_gIaMiB0ru0Z9Ea1dSR39U&_nc_zt=14&_nc_ht=scontent.fpss5-1.fna&_nc_gid=-WaMTVLnUXL-mdOt85aeXg&_nc_ss=7f180&oh=00_AQEWMDdaHEUnd3OTh-iIZ8OzXTmQk6LFSRExmE9z4A85Yw&oe=6A7597BE,,"['FACEBOOK', 'INSTAGRAM', 'MESSENGER']",au,cw,facebook,social,2026-W31,2026-08,"FACEBOOK, INSTAGRAM, MESSENGER",True,True,False,True,False,False,Brand/Category Page,True,False,False,2026-08-03,2026-06-29 07:00:00,2026-08-03 15:37:17.103942,35
2021413181802118,,True,2026-06-30 07:00:00,2026-08-01 07:00:00,Chemist Warehouse,Chemist Warehouse,Transform Your Look,Are you PhotoReady? Shop NEW Revlon PhotoReady range.,Shop now,IMAGE,https://fb.com/canvas_doc/1000813322312719,fb.com,/canvas_doc/1000813322312719,,,,,,,Not Specified,,,,,,,,,,"['FACEBOOK', 'INSTAGRAM', 'MESSENGER']",,,,,2026-W31,2026-08,"FACEBOOK, INSTAGRAM, MESSENGER",True,True,False,True,False,False,Internal/App Page,True,False,False,2026-08-03,2026-06-30 07:00:00,2026-08-03 15:37:17.103942,34
1051268214251536,2710480735993112,True,2026-06-30 07:00:00,2026-08-01 07:00:00,Chemist Warehouse,Chemist Warehouse,{{product.name}},{{product.brand}},Shop now,DCO,https://www.chemistwarehouse.com.au/shop-online/772/revlon-cosmetics?utm_source=facebook&utm_medium=social&utm_campaign=au_cw_coop_facebook_social_revlonaustraliaptyltd_revlon_648_2026_bau_dynamic_100088&utm_term=traffic&utm_content=static-junept2,www.chemistwarehouse.com.au,/shop-online/772/revlon-cosmetics,facebook,social,au_cw_coop_facebook_social_revlonaustraliaptyltd_revlon_648_2026_bau_dynamic_100088,648,traffic,static-junept2,Coop,Revlonaustraliaptyltd,Revlon,2026,100088,Transform Your Look,Are you PhotoReady? Shop NEW Revlon PhotoReady range.,Shop Now,https://scontent.fpss5-1.fna.fbcdn.net/v/t39.35426-6/720739247_1480950359907323_9025024265185689391_n.jpg?_nc_cat=110&ccb=1-7&_nc_sid=c53f8f&_nc_ohc=ztxYF092S-gQ7kNvwHPTqop&_nc_oc=AdqQ0lZ0DDI5DW4WHwudgBhjwstEzJhq1mdUGjYTxiOHbw4faiTlYAHo2omn9i4mU7k&_nc_zt=14&_nc_ht=scontent.fpss5-1.fna&_nc_gid=-WaMTVLnUXL-mdOt85aeXg&_nc_ss=7f180&oh=00_AQG2gUUwvYtFkbriYpTJ8eZN0qSL4W2-ZQdH8B5EZhgxfA&oe=6A758D3B,,"['FACEBOOK', 'INSTAGRAM', 'MESSENGER']",au,cw,facebook,social,2026-W31,2026-08,"FACEBOOK, INSTAGRAM, MESSENGER",True,True,False,True,False,False,Brand/Category Page,True,False,False,2026-08-03,2026-06-30 07:00:00,2026-08-03 15:37:17.103942,34
4128871550737081,1535845588074280,True,2026-06-17 07:00:00,2026-08-01 07:00:00,Chemist Warehouse,Chemist Warehouse,Immune Health and the Good Leaf,Olive Leaf Extract. Traditionally used in Western herbal medicine to maintain/support immune system health.,Shop now,VIDEO,https://fb.com/canvas_doc/941286108946074,fb.com,/canvas_doc/941286108946074,,,,,,,Not Specified,,,,,,,,,,"['FACEBOOK', 'INSTAGRAM', 'AUDIENCE_NETWORK', 'MESSENGER', 'THREADS']",,,,,2026-W31,2026-08,"FACEBOOK, INSTAGRAM, AUDIENCE_NETWORK, MESSENGER, THREADS",True,True,True,True,True,False,Internal/App Page,True,False,False,2026-08-03,2026-06-17 07:00:00,2026-08-03 15:37:17.103942,47
865730142764636,,True,2026-06-17 07:00:00,2026-08-01 07:00:00,Chemist Warehouse,Chemist Warehouse,Immune Health and the Good Leaf,Olive Leaf Extract. Traditionally used in Western herbal medicine to maintain/support immune system health.,Shop now,IMAGE,https://fb.com/canvas_doc/991922403645540,fb.com,/canvas_doc/991922403645540,,,,,,,Not Specified,,,,,,,,,,"['FACEBOOK', 'INSTAGRAM', 'AUDIENCE_NETWORK', 'MESSENGER', 'THREADS']",,,,,2026-W31,2026-08,"FACEBOOK, INSTAGRAM, AUDIENCE_NETWORK, MESSENGER, THREADS",True,True,True,True,True,False,Internal/App Page,True,False,False,2026-08-03,2026-06-17 07:00:00,2026-08-03 15:37:17.103942,47
2129768110927805,1807830296883261,True,2026-06-15 07:00:00,2026-08-02 07:00:00,Chemist Warehouse,Chemist Warehouse,{{product.name}},{{product.brand}},Shop now,DCO,https://www.chemistwarehouse.com.au/shop-online/1225/vicks?utm_source=facebook&utm_medium=social&utm_campaign=au_cw_oa_facebook_social_proctergambleaustralia_vicks_258_may26_100493-traffic_video-image&utm_term=traffic&utm_content=video-image_inhaler,www.chemistwarehouse.com.au,/shop-online/1225/vicks,facebook,social,au_cw_oa_facebook_social_proctergambleaustralia_vicks_258_may26_100493-traffic_video-image,258,traffic,video-image_inhaler,O&O,Proctergambleaustralia,Vicks,may26,video-image,VICKS HAS YOUR BACK,Fast relief from blocked with Vicks Inhaler. Fast Click & Collect at Chemist Warehouse,Shop Now,https://scontent.fpss5-1.fna.fbcdn.net/v/t39.35426-6/724408342_1379713624054015_646504205171079926_n.jpg?_nc_cat=106&ccb=1-7&_nc_sid=c53f8f&_nc_ohc=fIB3Ww24CokQ7kNvwEEABW4&_nc_oc=Adq6lHC1-g8XUVrWRWQVMsAJWldcYejKsgAzcLMHYz68SKsdyR1P70iIn3bXX8yU6B8&_nc_zt=14&_nc_ht=scontent.fpss5-1.fna&_nc_gid=M8VJMwpv4ARJPkpQPG71kQ&_nc_ss=7f180&oh=00_AQEe_g7l5XtGFE1wiTepAULE6nKIa9L18vklb1fs-aDNPg&oe=6A75ACBD,,"['FACEBOOK', 'INSTAGRAM', 'AUDIENCE_NETWORK', 'MESSENGER', 'WHATSAPP', 'THREADS']",au,cw,facebook,social,2026-W31,2026-08,"FACEBOOK, INSTAGRAM, AUDIENCE_NETWORK, MESSENGER, WHATSAPP, THREADS",True,True,True,True,True,True,Brand/Category Page,True,False,False,2026-08-03,2026-06-15 07:00:00,2026-08-03 15:37:17.103942,49
857874810719368,1704381983913258,True,2026-06-16 07:00:00,2026-08-02 07:00:00,Chemist Warehouse,Chemist Warehouse,{{product.name}},{{product.brand}},Shop now,DCO,https://www.chemistwarehouse.com.au/shop-online/821/pigeon?utm_source=facebook&utm_medium=social&utm_campaign=au_cw_coop_facebook_social_havenhallptyltd_pigeon_20_2026_100214-bau_image&utm_term=traffic&utm_content=image_static,www.chemistwarehouse.com.au,/shop-online/821/pigeon,facebook,social,au_cw_coop_facebook_social_havenhallptyltd_pigeon_20_2026_100214-bau_image,20,traffic,image_static,Coop,Havenhallptyltd,Pigeon,2026,image,Pigeon StarTouch™ Straw Cup,IT'S HERE! 🙌🏻 The straw cup parents are grabbing fast. Pigeon StarTouch™ available at Chemist Warehouse. In-store & online.,Shop Now,https://scontent.fpss5-1.fna.fbcdn.net/v/t39.35426-6/724613237_1715697356119387_7793646179905953756_n.jpg?_nc_cat=103&ccb=1-7&_nc_sid=c53f8f&_nc_ohc=bUbu6mh6llUQ7kNvwFrT6GL&_nc_oc=AdotSKUtTpMrOplFP9GiEG8Lhdo_3payjxQuSoNphHKFbZEC8QU2PvunISNyPe_8RgQ&_nc_zt=14&_nc_ht=scontent.fpss5-1.fna&_nc_gid=M8VJMwpv4ARJPkpQPG71kQ&_nc_ss=7f180&oh=00_AQFCxA8Kr-pFgQCimNbcqDu0pyAyjD2wpVVt073KpdRgYg&oe=6A759103,,"['FACEBOOK', 'INSTAGRAM']",au,cw,facebook,social,2026-W31,2026-08,"FACEBOOK, INSTAGRAM",True,True,False,False,False,False,Brand/Category Page,True,False,False,2026-08-03,2026-06-16 07:00:00,2026-08-03 15:37:17.103942,48
994584893555624,,True,2026-06-17 07:00:00,2026-08-01 07:00:00,Chemist Warehouse,Chemist Warehouse,Immune Health and the Good Leaf,Olive Leaf Extract. Traditionally used in Western herbal medicine to maintain/support immune system health.,Shop now,IMAGE,https://fb.com/canvas_doc/2250877852408455,fb.com,/canvas_doc/2250877852408455,,,,,,,Not Specified,,,,,,,,,,"['FACEBOOK', 'INSTAGRAM', 'AUDIENCE_NETWORK', 'MESSENGER', 'THREADS']",,,,,2026-W31,2026-08,"FACEBOOK, INSTAGRAM, AUDIENCE_NETWORK, MESSENGER, THREADS",True,True,True,True,True,False,Internal/App Page,True,False,False,2026-08-03,2026-06-17 07:00:00,2026-08-03 15:37:17.103942,47
1019825203853948,,True,2026-06-17 07:00:00,2026-08-02 07:00:00,Chemist Warehouse,Chemist Warehouse,Immune Health and the Good Leaf,Olive Leaf Extract. Traditionally used in Western herbal medicine to maintain/support immune system health.,Shop now,IMAGE,https://fb.com/canvas_doc/961557170032604,fb.com,/canvas_doc/961557170032604,,,,,,,Not Specified,,,,,,,,,,"['FACEBOOK', 'INSTAGRAM', 'AUDIENCE_NETWORK', 'MESSENGER', 'THREADS']",,,,,2026-W31,2026-08,"FACEBOOK, INSTAGRAM, AUDIENCE_NETWORK, MESSENGER, THREADS",True,True,True,True,True,False,Internal/App Page,True,False,False,2026-08-03,2026-06-17 07:00:00,2026-08-03 15:37:17.103942,47
4494223397566799,2073871080164296,True,2026-06-15 07:00:00,2026-08-02 07:00:00,Chemist Warehouse,Chemist Warehouse,{{product.name}},{{product.brand}},Shop now,DCO,https://www.chemistwarehouse.com.au/shop-online/1225/vicks?utm_source=facebook&utm_medium=social&utm_campaign=au_cw_oa_facebook_social_proctergambleaustralia_vicks_258_may26_100493-traffic_video-image&utm_term=traffic&utm_content=video-image_dropsxtrasoothing,www.chemistwarehouse.com.au,/shop-online/1225/vicks,facebook,social,au_cw_oa_facebook_social_proctergambleaustralia_vicks_258_may26_100493-traffic_video-image,258,traffic,video-image_dropsxtrasoothing,O&O,Proctergambleaustralia,Vicks,may26,video-image,VICKS HAS YOUR BACK,NEW Vicks VapoDrops Xtra Soothing Lozenges clears the nose & soothes the throat,Shop Now,https://scontent.fpss5-1.fna.fbcdn.net/v/t39.35426-6/724362600_813273708388931_3137435875601574108_n.jpg?_nc_cat=108&ccb=1-7&_nc_sid=c53f8f&_nc_ohc=Bez0HicyDfcQ7kNvwELBDED&_nc_oc=AdptxOmjG6WlmTPOQgslVnZh8gyIm_8OfL7J6uzREJzA8DOpWKztZk_98JPukfaaXuM&_nc_zt=14&_nc_ht=scontent.fpss5-1.fna&_nc_gid=M8VJMwpv4ARJPkpQPG71kQ&_nc_ss=7f180&oh=00_AQEmlyzbc5Z6Su-NJ1j-omSyJcqCA8R9gm_BDlAnfmcj_w&oe=6A7580C2,,"['FACEBOOK', 'INSTAGRAM', 'AUDIENCE_NETWORK', 'MESSENGER', 'WHATSAPP', 'THREADS']",au,cw,facebook,social,2026-W31,2026-08,"FACEBOOK, INSTAGRAM, AUDIENCE_NETWORK, MESSENGER, WHATSAPP, THREADS",True,True,True,True,True,True,Brand/Category Page,True,False,False,2026-08-03,2026-06-15 07:00:00,2026-08-03 15:37:17.103942,49
1305247445122080,1524747285858087,True,2026-06-17 07:00:00,2026-08-02 07:00:00,Chemist Warehouse,Chemist Warehouse,Immune Health and the Good Leaf,Olive Leaf Extract. Traditionally used in Western herbal medicine to maintain/support immune system health.,Shop now,VIDEO,https://fb.com/canvas_doc/2852107918463668,fb.com,/canvas_doc/2852107918463668,,,,,,,Not Specified,,,,,,,,,,"['FACEBOOK', 'INSTAGRAM', 'AUDIENCE_NETWORK', 'MESSENGER', 'THREADS']",,,,,2026-W31,2026-08,"FACEBOOK, INSTAGRAM, AUDIENCE_NETWORK, MESSENGER, THREADS",True,True,True,True,True,False,Internal/App Page,True,False,False,2026-08-03,2026-06-17 07:00:00,2026-08-03 15:37:17.103942,47
1556557872473597,956123557429301,True,2026-06-15 07:00:00,2026-08-02 07:00:00,Chemist Warehouse,Chemist Warehouse,{{product.name}},{{product.brand}},Shop now,DCO,https://www.chemistwarehouse.com.au/shop-online/1225/vicks?utm_source=facebook&utm_medium=social&utm_campaign=au_cw_oa_facebook_social_proctergambleaustralia_vicks_258_may26_100493-traffic_video-image&utm_term=traffic&utm_content=video-image_dropsbagrange,www.chemistwarehouse.com.au,/shop-online/1225/vicks,facebook,social,au_cw_oa_facebook_social_proctergambleaustralia_vicks_258_may26_100493-traffic_video-image,258,traffic,video-image_dropsbagrange,O&O,Proctergambleaustralia,Vicks,may26,video-image,VICKS HAS YOUR BACK,Blocked nose & sore throat? Vicks VapoDrops has your back this winter,Shop Now,https://scontent.fpss5-1.fna.fbcdn.net/v/t39.35426-6/725153593_2613082275753121_5008619520931533286_n.jpg?_nc_cat=103&ccb=1-7&_nc_sid=c53f8f&_nc_ohc=qI5CyyMVHSIQ7kNvwFMpDyX&_nc_oc=AdoEU8YKazs7ABAgjw5ikX1vtPAk4fZiYa8MEF4rclBe_mOA3vRQHZaDGxw01eoJoaE&_nc_zt=14&_nc_ht=scontent.fpss5-1.fna&_nc_gid=AdWarWNOS89ASDzXKBPYyw&_nc_ss=7f180&oh=00_AQFMm1W7dRHEu5pzrEtpsiSKqTdS2Obo_TlYq3fOnxSNRQ&oe=6A7579CB,,"['FACEBOOK', 'INSTAGRAM', 'AUDIENCE_NETWORK', 'MESSENGER', 'WHATSAPP', 'THREADS']",au,cw,facebook,social,2026-W31,2026-08,"FACEBOOK, INSTAGRAM, AUDIENCE_NETWORK, MESSENGER, WHATSAPP, THREADS",True,True,True,True,True,True,Brand/Category Page,True,False,False,2026-08-03,2026-06-15 07:00:00,2026-08-03 15:37:17.103942,49
4520599654825724,1558335729190254,True,2026-06-15 07:00:00,2026-08-02 07:00:00,Chemist Warehouse,Chemist Warehouse,{{product.name}},{{product.brand}},Shop now,DCO,https://www.chemistwarehouse.com.au/shop-online/1225/vicks?utm_source=facebook&utm_medium=social&utm_campaign=au_cw_oa_facebook_social_proctergambleaustralia_vicks_258_may26_100493-traffic_video-image&utm_term=traffic&utm_content=video-image_rubs,www.chemistwarehouse.com.au,/shop-online/1225/vicks,facebook,social,au_cw_oa_facebook_social_proctergambleaustralia_vicks_258_may26_100493-traffic_video-image,258,traffic,video-image_rubs,O&O,Proctergambleaustralia,Vicks,may26,video-image,VICKS HAS YOUR BACK,Cough & cold keeping you up? Try Vicks VapoRub. Fast Click & Collect at Chemist Warehouse,Shop Now,https://scontent.fpss5-1.fna.fbcdn.net/v/t39.35426-6/725574178_1497259444937666_5180125066222419428_n.jpg?_nc_cat=109&ccb=1-7&_nc_sid=c53f8f&_nc_ohc=bfnRhdABEA8Q7kNvwFWnTTb&_nc_oc=Adq_cMUFQCaMjbKfoLGq_VZieMAW16LQPSerNSVz4pK1lMCklizo38DYPQCWS360pz0&_nc_zt=14&_nc_ht=scontent.fpss5-1.fna&_nc_gid=AdWarWNOS89ASDzXKBPYyw&_nc_ss=7f180&oh=00_AQFNAXtq_WUp16xvwwzGncnQN74QoLg_S5eHXo5TAQnUgg&oe=6A7592B0,,"['FACEBOOK', 'INSTAGRAM', 'AUDIENCE_NETWORK', 'MESSENGER', 'WHATSAPP', 'THREADS']",au,cw,facebook,social,2026-W31,2026-08,"FACEBOOK, INSTAGRAM, AUDIENCE_NETWORK, MESSENGER, WHATSAPP, THREADS",True,True,True,True,True,True,Brand/Category Page,True,False,False,2026-08-03,2026-06-15 07:00:00,2026-08-03 15:37:17.103942,49
1501157348170444,2218611715592508,True,2026-06-29 07:00:00,2026-08-02 07:00:00,Chemist Warehouse,Chemist Warehouse,{{product.name}},{{product.brand}},Shop now,DCO,https://www.chemistwarehouse.com.au/shop-online/1225/vicks?utm_source=facebook&utm_medium=social&utm_campaign=au_cw_oa_facebook_social_proctergambleaustralia_vicks_258_may26_100493-traffic_video-image&utm_term=traffic&utm_content=video-image_coughxtrasoothing,www.chemistwarehouse.com.au,/shop-online/1225/vicks,facebook,social,au_cw_oa_facebook_social_proctergambleaustralia_vicks_258_may26_100493-traffic_video-image,258,traffic,video-image_coughxtrasoothing,O&O,Proctergambleaustralia,Vicks,may26,video-image,VICKS HAS YOUR BACK,NEW Vicks Xtra Soothing Cough Syrup with 5x more honey to soothe the throat,Shop Now,https://scontent.fpss5-1.fna.fbcdn.net/v/t39.35426-6/724216759_1697320224731495_1352911074467897908_n.jpg?_nc_cat=110&ccb=1-7&_nc_sid=c53f8f&_nc_ohc=3MwE9QvULM8Q7kNvwF7TPW6&_nc_oc=AdrlCjlj63Me3BQSlFQiCLszabMvpSOzj1m0Mc6uOjmA-ivkHw3Tt0wnmYncVoJAEmQ&_nc_zt=14&_nc_ht=scontent.fpss5-1.fna&_nc_gid=AdWarWNOS89ASDzXKBPYyw&_nc_ss=7f180&oh=00_AQHrLXp5BnMU2VQ0DJWRaum1R69CPgAxN_RZx_YJAHXvVQ&oe=6A75A893,,"['FACEBOOK', 'INSTAGRAM', 'AUDIENCE_NETWORK', 'MESSENGER', 'WHATSAPP', 'THREADS']",au,cw,facebook,social,2026-W31,2026-08,"FACEBOOK, INSTAGRAM, AUDIENCE_NETWORK, MESSENGER, WHATSAPP, THREADS",True,True,True,True,True,True,Brand/Category Page,True,False,False,2026-08-03,2026-06-29 07:00:00,2026-08-03 15:37:17.103942,35
3386788254817945,1698680334777403,True,2026-06-12 07:00:00,2026-07-31 07:00:00,Chemist Warehouse,Chemist Warehouse,{{product.name}},{{product.brand}},Shop now,DCO,https://www.chemistwarehouse.com.au/shop-online/902/sukin?utm_source=facebook&utm_medium=social&utm_campaign=au_cw_coop_facebook_social_bwxbrandsptyltd_sukin_665_2026_100133-bau_video-image&utm_term=traffic&utm_content=video-image_all,www.chemistwarehouse.com.au,/shop-online/902/sukin,facebook,social,au_cw_coop_facebook_social_bwxbrandsptyltd_sukin_665_2026_100133-bau_video-image,665,traffic,video-image_all,Coop,Bwxbrandsptyltd,Sukin,2026,video-image,All-in-one Hair Spritz,"Afraid of Heat Damage? Not anymore, with one Spritz that reduces damage & hydrates scalp.",Shop Now,https://scontent.fpss5-1.fna.fbcdn.net/v/t39.35426-6/720333996_1518246559997276_7190025230281921060_n.jpg?_nc_cat=104&ccb=1-7&_nc_sid=c53f8f&_nc_ohc=Lh2CMnuIqC8Q7kNvwEUsxjs&_nc_oc=AdrWzpdUVrRcKlT0m8zoc5FySPH5NOi6rPTOA7yBNEmpoawS8VIj7Zf5PqdDJFkM84o&_nc_zt=14&_nc_ht=scontent.fpss5-1.fna&_nc_gid=AdWarWNOS89ASDzXKBPYyw&_nc_ss=7f180&oh=00_AQFI37y7VKjd64w2_pPZNHpHw8BF7qNw0EgzTxNTKWJYyg&oe=6A757D40,,"['FACEBOOK', 'INSTAGRAM', 'AUDIENCE_NETWORK', 'MESSENGER', 'WHATSAPP', 'THREADS']",au,cw,facebook,social,2026-W31,2026-08,"FACEBOOK, INSTAGRAM, AUDIENCE_NETWORK, MESSENGER, WHATSAPP, THREADS",True,True,True,True,True,True,Brand/Category Page,True,False,False,2026-08-03,2026-06-12 07:00:00,2026-08-03 15:37:17.103942,52
986294877623605,2832026290499953,True,2026-06-15 07:00:00,2026-08-01 07:00:00,Chemist Warehouse,Chemist Warehouse,{{product.name}},{{product.brand}},Shop now,DCO,https://www.chemistwarehouse.com.au/shop-online/1225/vicks?utm_source=facebook&utm_medium=social&utm_campaign=au_cw_oa_facebook_social_proctergambleaustralia_vicks_258_may26_100493-traffic_video-image&utm_term=traffic&utm_content=video-image_inhalerwithtalent,www.chemistwarehouse.com.au,/shop-online/1225/vicks,facebook,social,au_cw_oa_facebook_social_proctergambleaustralia_vicks_258_may26_100493-traffic_video-image,258,traffic,video-image_inhalerwithtalent,O&O,Proctergambleaustralia,Vicks,may26,video-image,VICKS HAS YOUR BACK,"Blocked nose? Vicks Inhaler has your back wherever winter takes you. Anytime, anywhere!",Shop Now,https://scontent.fpss5-1.fna.fbcdn.net/v/t39.35426-6/724170441_1400952858523090_5375368993634161034_n.jpg?_nc_cat=101&ccb=1-7&_nc_sid=c53f8f&_nc_ohc=KGi53rUFKxsQ7kNvwGSeGXs&_nc_oc=Adrg9J8JosgybSvMUJAMmk_AiaGWLhWh5oyuocWI8f8C7VPJzhmAH003aeAfN-tG-jI&_nc_zt=14&_nc_ht=scontent.fpss5-1.fna&_nc_gid=AdWarWNOS89ASDzXKBPYyw&_nc_ss=7f180&oh=00_AQFppWq4_qxipXFCTE1tze7mVRusXQb6i8OAHCQeJ9ax1w&oe=6A75956F,,"['FACEBOOK', 'INSTAGRAM', 'AUDIENCE_NETWORK', 'MESSENGER', 'WHATSAPP', 'THREADS']",au,cw,facebook,social,2026-W31,2026-08,"FACEBOOK, INSTAGRAM, AUDIENCE_NETWORK, MESSENGER, WHATSAPP, THREADS",True,True,True,True,True,True,Brand/Category Page,True,False,False,2026-08-03,2026-06-15 07:00:00,2026-08-03 15:37:17.103942,49
4361512877400992,882195168256307,True,2026-06-15 07:00:00,2026-08-01 07:00:00,Chemist Warehouse,Chemist Warehouse,{{product.name}},{{product.brand}},Shop now,DCO,https://www.chemistwarehouse.com.au/shop-online/1225/vicks?utm_source=facebook&utm_medium=social&utm_campaign=au_cw_oa_facebook_social_proctergambleaustralia_vicks_258_may26_100493-traffic_video-image&utm_term=traffic&utm_content=video-image_dropspainfulsorethroat,www.chemistwarehouse.com.au,/shop-online/1225/vicks,facebook,social,au_cw_oa_facebook_social_proctergambleaustralia_vicks_258_may26_100493-traffic_video-image,258,traffic,video-image_dropspainfulsorethroat,O&O,Proctergambleaustralia,Vicks,may26,video-image,VICKS HAS YOUR BACK,Sore throat? TRY VICKS VapoDrops + Painful Sore Throat. Click&Collect at Chemist Warehouse,Shop Now,https://scontent.fpss5-1.fna.fbcdn.net/v/t39.35426-6/721758942_1687852028791135_5275274736210299220_n.jpg?_nc_cat=101&ccb=1-7&_nc_sid=c53f8f&_nc_ohc=SfgddgvpC78Q7kNvwEdTmWV&_nc_oc=AdriaTCWaRJlAz1GEyrhG8kkTX49XgZIgMhkREH0vwIsv36SZqwEj5U7S78NapkBlMw&_nc_zt=14&_nc_ht=scontent.fpss5-1.fna&_nc_gid=AdWarWNOS89ASDzXKBPYyw&_nc_ss=7f180&oh=00_AQGhnca_2AM01a2Wq8PyM_Jw1a8BRsAQe6RAqPTMuglxmA&oe=6A75A245,,"['FACEBOOK', 'INSTAGRAM', 'AUDIENCE_NETWORK', 'MESSENGER', 'WHATSAPP', 'THREADS']",au,cw,facebook,social,2026-W31,2026-08,"FACEBOOK, INSTAGRAM, AUDIENCE_NETWORK, MESSENGER, WHATSAPP, THREADS",True,True,True,True,True,True,Brand/Category Page,True,False,False,2026-08-03,2026-06-15 07:00:00,2026-08-03 15:37:17.103942,49
961444359990894,828000516836420,True,2026-06-10 07:00:00,2026-08-02 07:00:00,Chemist Warehouse,Chemist Warehouse,{{product.name}},{{product.brand}},Shop now,DCO,https://www.chemistwarehouse.com.au/shop-online/4617/essano-skincare?utm_source=facebook&utm_medium=social&utm_campaign=au_cw_coop_facebook_social_vitalitybrandsworldwide_essano_665_2026_100243-bau_video-image&utm_term=traffic&utm_content=video-image_all,www.chemistwarehouse.com.au,/shop-online/4617/essano-skincare,facebook,social,au_cw_coop_facebook_social_vitalitybrandsworldwide_essano_665_2026_100243-bau_video-image,665,traffic,video-image_all,Coop,Vitalitybrandsworldwide,Essano,2026,video-image,One drop closer to quenched skin,"Plump, hydrated skin starts with essano Hydration+ powered by four weights of hyaluronic acid. No fluff, just results.",Shop Now,https://scontent.fpss5-1.fna.fbcdn.net/v/t39.35426-6/723612463_1584372393117477_8717782784269120607_n.jpg?_nc_cat=103&ccb=1-7&_nc_sid=c53f8f&_nc_ohc=STXBgGGz3-oQ7kNvwGT56qn&_nc_oc=Adp9ITQ7R21OWMZStffBz0EaWQZU-j7cxoidJSY_fzVkkjCyNhXxM2FPl7ZPUzdav70&_nc_zt=14&_nc_ht=scontent.fpss5-1.fna&_nc_gid=AdWarWNOS89ASDzXKBPYyw&_nc_ss=7f180&oh=00_AQEV0kLnBZCoafn1ZBQnao2eoK5pYDSGKUhXG854cCGyNA&oe=6A758D32,,"['FACEBOOK', 'INSTAGRAM', 'AUDIENCE_NETWORK', 'MESSENGER', 'THREADS']",au,cw,facebook,social,2026-W31,2026-08,"FACEBOOK, INSTAGRAM, AUDIENCE_NETWORK, MESSENGER, THREADS",True,True,True,True,True,False,Brand/Category Page,True,False,False,2026-08-03,2026-06-10 07:00:00,2026-08-03 15:37:17.103942,54
1327548799568174,1764227684574176,True,2026-06-11 07:00:00,2026-07-31 07:00:00,Chemist Warehouse,Chemist Warehouse,Refresh Your Skin Routine,Discover Sukin cleansing balms & facial wipes at Chemist Warehouse.,Shop now,VIDEO,https://www.chemistwarehouse.com.au/shop-online/902/sukin?utm_source=facebook&utm_medium=social&utm_campaign=au_cw_coop_facebook_social_bwxbrandsptyltd_sukin_665_2026_100133-bau_video-image&utm_term=traffic&utm_content=video-image_all,www.chemistwarehouse.com.au,/shop-online/902/sukin,facebook,social,au_cw_coop_facebook_social_bwxbrandsptyltd_sukin_665_2026_100133-bau_video-image,665,traffic,video-image_all,Coop,Bwxbrandsptyltd,Sukin,2026,video-image,,,,,,"['FACEBOOK', 'INSTAGRAM', 'AUDIENCE_NETWORK', 'MESSENGER', 'WHATSAPP', 'THREADS']",au,cw,facebook,social,2026-W31,2026-08,"FACEBOOK, INSTAGRAM, AUDIENCE_NETWORK, MESSENGER, WHATSAPP, THREADS",True,True,True,True,True,True,Brand/Category Page,True,True,False,2026-08-03,2026-06-11 07:00:00,2026-08-03 15:37:17.103942,53
2076071060456980,980216628121874,True,2026-06-11 07:00:00,2026-08-01 07:00:00,Chemist Warehouse,Chemist Warehouse,Refresh Your Skin Routine,Discover Sukin cleansing balms & facial wipes at Chemist Warehouse.,Shop now,VIDEO,https://www.chemistwarehouse.com.au/shop-online/902/sukin?utm_source=facebook&utm_medium=social&utm_campaign=au_cw_coop_facebook_social_bwxbrandsptyltd_sukin_665_2026_100133-bau_video-image&utm_term=traffic&utm_content=video-image_all,www.chemistwarehouse.com.au,/shop-online/902/sukin,facebook,social,au_cw_coop_facebook_social_bwxbrandsptyltd_sukin_665_2026_100133-bau_video-image,665,traffic,video-image_all,Coop,Bwxbrandsptyltd,Sukin,2026,video-image,,,,,,"['FACEBOOK', 'INSTAGRAM', 'AUDIENCE_NETWORK', 'MESSENGER', 'WHATSAPP', 'THREADS']",au,cw,facebook,social,2026-W31,2026-08,"FACEBOOK, INSTAGRAM, AUDIENCE_NETWORK, MESSENGER, WHATSAPP, THREADS",True,True,True,True,True,True,Brand/Category Page,True,True,False,2026-08-03,2026-06-11 07:00:00,2026-08-03 15:37:17.103942,53
1022720360127713,1038801368682142,True,2026-06-11 07:00:00,2026-08-02 07:00:00,Chemist Warehouse,Chemist Warehouse,Refresh Your Skin Routine,Discover Sukin cleansing balms & facial wipes at Chemist Warehouse.,Shop now,VIDEO,https://www.chemistwarehouse.com.au/shop-online/902/sukin?utm_source=facebook&utm_medium=social&utm_campaign=au_cw_coop_facebook_social_bwxbrandsptyltd_sukin_665_2026_100133-bau_video-image&utm_term=traffic&utm_content=video-image_all,www.chemistwarehouse.com.au,/shop-online/902/sukin,facebook,social,au_cw_coop_facebook_social_bwxbrandsptyltd_sukin_665_2026_100133-bau_video-image,665,traffic,video-image_all,Coop,Bwxbrandsptyltd,Sukin,2026,video-image,,,,,,"['FACEBOOK', 'INSTAGRAM', 'AUDIENCE_NETWORK', 'MESSENGER', 'WHATSAPP', 'THREADS']",au,cw,facebook,social,2026-W31,2026-08,"FACEBOOK, INSTAGRAM, AUDIENCE_NETWORK, MESSENGER, WHATSAPP, THREADS",True,True,True,True,True,True,Brand/Category Page,True,True,False,2026-08-03,2026-06-11 07:00:00,2026-08-03 15:37:17.103942,53
1976722686544513,1287935233326695,True,2026-06-11 07:00:00,2026-08-02 07:00:00,Chemist Warehouse,Chemist Warehouse,Refresh Your Skin Routine,Discover Sukin cleansing balms & facial wipes at Chemist Warehouse.,Shop now,VIDEO,https://www.chemistwarehouse.com.au/shop-online/902/sukin?utm_source=facebook&utm_medium=social&utm_campaign=au_cw_coop_facebook_social_bwxbrandsptyltd_sukin_665_2026_100133-bau_video-image&utm_term=traffic&utm_content=video-image_all,www.chemistwarehouse.com.au,/shop-online/902/sukin,facebook,social,au_cw_coop_facebook_social_bwxbrandsptyltd_sukin_665_2026_100133-bau_video-image,665,traffic,video-image_all,Coop,Bwxbrandsptyltd,Sukin,2026,video-image,,,,,,"['FACEBOOK', 'INSTAGRAM', 'AUDIENCE_NETWORK', 'MESSENGER', 'WHATSAPP', 'THREADS']",au,cw,facebook,social,2026-W31,2026-08,"FACEBOOK, INSTAGRAM, AUDIENCE_NETWORK, MESSENGER, WHATSAPP, THREADS",True,True,True,True,True,True,Brand/Category Page,True,True,False,2026-08-03,2026-06-11 07:00:00,2026-08-03 15:37:17.103942,53
2115993388948556,1743309437122990,True,2026-06-10 07:00:00,2026-08-01 07:00:00,Chemist Warehouse,Chemist Warehouse,{{product.name}},{{product.brand}},Shop now,DCO,https://www.chemistwarehouse.com.au/shop-online/4617/essano-skincare?utm_source=facebook&utm_medium=social&utm_campaign=au_cw_coop_facebook_social_vitalitybrandsworldwide_essano_665_2026_100243-bau_video-image&utm_term=traffic&utm_content=video-image_all,www.chemistwarehouse.com.au,/shop-online/4617/essano-skincare,facebook,social,au_cw_coop_facebook_social_vitalitybrandsworldwide_essano_665_2026_100243-bau_video-image,665,traffic,video-image_all,Coop,Vitalitybrandsworldwide,Essano,2026,video-image,One drop closer to quenched skin,"Plump, hydrated skin starts with essano Hydration+ powered by four weights of hyaluronic acid. No fluff, just results.",Shop Now,https://scontent.fpss5-1.fna.fbcdn.net/v/t39.35426-6/722296285_974834561827542_4259555710928905665_n.jpg?_nc_cat=104&ccb=1-7&_nc_sid=c53f8f&_nc_ohc=n9wAbxi1Ef8Q7kNvwFXNSxQ&_nc_oc=Adou6ZhUbfW0g70b7ARrF1w5WauPyhWNNv7Pb9Ka5Vh8Ksus0MoHkWo1KHjmS_DXf9A&_nc_zt=14&_nc_ht=scontent.fpss5-1.fna&_nc_gid=AdWarWNOS89ASDzXKBPYyw&_nc_ss=7f180&oh=00_AQHFaGlGpumc-hLJPyOk5NsHTDJf3sy-u6SZdrHry7jewA&oe=6A75AC50,,"['FACEBOOK', 'INSTAGRAM', 'AUDIENCE_NETWORK', 'MESSENGER', 'THREADS']",au,cw,facebook,social,2026-W31,2026-08,"FACEBOOK, INSTAGRAM, AUDIENCE_NETWORK, MESSENGER, THREADS",True,True,True,True,True,False,Brand/Category Page,True,False,False,2026-08-03,2026-06-10 07:00:00,2026-08-03 15:37:17.103942,54
1709832490210326,983303778015178,True,2026-06-11 07:00:00,2026-08-01 07:00:00,Chemist Warehouse,Chemist Warehouse,{{product.name}},{{product.brand}},Shop now,DCO,https://www.chemistwarehouse.com.au/shop-online/902/sukin?utm_source=facebook&utm_medium=social&utm_campaign=au_cw_coop_facebook_social_bwxbrandsptyltd_sukin_665_2026_100133-bau_video-image&utm_term=traffic&utm_content=video-image_all,www.chemistwarehouse.com.au,/shop-online/902/sukin,facebook,social,au_cw_coop_facebook_social_bwxbrandsptyltd_sukin_665_2026_100133-bau_video-image,665,traffic,video-image_all,Coop,Bwxbrandsptyltd,Sukin,2026,video-image,Sukin's New Radiance,"Gift your mum the glow she deserves with Sukin's new Glow Active C, Clinically proven.",Shop Now,https://scontent.fpss5-1.fna.fbcdn.net/v/t39.35426-6/723385431_4573678469622918_4772435285172874135_n.jpg?_nc_cat=110&ccb=1-7&_nc_sid=c53f8f&_nc_ohc=UEYSLkwwRswQ7kNvwHgSj1a&_nc_oc=Adqm1vSmWue9SJ1RmnHW3FGEI69uuOGmBxuINUVw45baddIsnD2MVLPJJ9DsOJaAE70&_nc_zt=14&_nc_ht=scontent.fpss5-1.fna&_nc_gid=AdWarWNOS89ASDzXKBPYyw&_nc_ss=7f180&oh=00_AQELkb8Z_gCc9gUlayfiybsfKM2n2_sNylpNgSf2GAjoXw&oe=6A759165,,"['FACEBOOK', 'INSTAGRAM', 'AUDIENCE_NETWORK', 'MESSENGER', 'WHATSAPP', 'THREADS']",au,cw,facebook,social,2026-W31,2026-08,"FACEBOOK, INSTAGRAM, AUDIENCE_NETWORK, MESSENGER, WHATSAPP, THREADS",True,True,True,True,True,True,Brand/Category Page,True,False,False,2026-08-03,2026-06-11 07:00:00,2026-08-03 15:37:17.103942,53
3711985115607439,26523043347373870,True,2026-06-11 07:00:00,2026-07-19 07:00:00,Chemist Warehouse,Chemist Warehouse,Healthy Hair Starts Here,Refresh your routine with Sukin hair spritzes & nourishing masques at Chemist Warehouse.,Shop now,VIDEO,https://www.chemistwarehouse.com.au/shop-online/902/sukin?utm_source=facebook&utm_medium=social&utm_campaign=au_cw_coop_facebook_social_bwxbrandsptyltd_sukin_665_2026_100133-bau_video-image&utm_term=traffic&utm_content=video-image_all,www.chemistwarehouse.com.au,/shop-online/902/sukin,facebook,social,au_cw_coop_facebook_social_bwxbrandsptyltd_sukin_665_2026_100133-bau_video-image,665,traffic,video-image_all,Coop,Bwxbrandsptyltd,Sukin,2026,video-image,,,,,,"['FACEBOOK', 'INSTAGRAM', 'AUDIENCE_NETWORK', 'MESSENGER', 'WHATSAPP', 'THREADS']",au,cw,facebook,social,2026-W31,2026-08,"FACEBOOK, INSTAGRAM, AUDIENCE_NETWORK, MESSENGER, WHATSAPP, THREADS",True,True,True,True,True,True,Brand/Category Page,True,True,False,2026-08-03,2026-06-11 07:00:00,2026-08-03 15:37:17.103942,53
1591869366271834,1557397522758899,True,2026-06-11 07:00:00,2026-07-31 07:00:00,Chemist Warehouse,Chemist Warehouse,Refresh Your Skin Routine,Discover Sukin cleansing balms & facial wipes at Chemist Warehouse.,Shop now,VIDEO,https://www.chemistwarehouse.com.au/shop-online/902/sukin?utm_source=facebook&utm_medium=social&utm_campaign=au_cw_coop_facebook_social_bwxbrandsptyltd_sukin_665_2026_100133-bau_video-image&utm_term=traffic&utm_content=video-image_all,www.chemistwarehouse.com.au,/shop-online/902/sukin,facebook,social,au_cw_coop_facebook_social_bwxbrandsptyltd_sukin_665_2026_100133-bau_video-image,665,traffic,video-image_all,Coop,Bwxbrandsptyltd,Sukin,2026,video-image,,,,,,"['FACEBOOK', 'INSTAGRAM', 'AUDIENCE_NETWORK', 'MESSENGER', 'WHATSAPP', 'THREADS']",au,cw,facebook,social,2026-W31,2026-08,"FACEBOOK, INSTAGRAM, AUDIENCE_NETWORK, MESSENGER, WHATSAPP, THREADS",True,True,True,True,True,True,Brand/Category Page,True,True,False,2026-08-03,2026-06-11 07:00:00,2026-08-03 15:37:17.103942,53
1032909909392248,1674917927130228,True,2026-06-11 07:00:00,2026-08-02 07:00:00,Chemist Warehouse,Chemist Warehouse,Healthy Hair Starts Here,Refresh your routine with Sukin hair spritzes & nourishing masques at Chemist Warehouse.,Shop now,VIDEO,https://www.chemistwarehouse.com.au/shop-online/902/sukin?utm_source=facebook&utm_medium=social&utm_campaign=au_cw_coop_facebook_social_bwxbrandsptyltd_sukin_665_2026_100133-bau_video-image&utm_term=traffic&utm_content=video-image_all,www.chemistwarehouse.com.au,/shop-online/902/sukin,facebook,social,au_cw_coop_facebook_social_bwxbrandsptyltd_sukin_665_2026_100133-bau_video-image,665,traffic,video-image_all,Coop,Bwxbrandsptyltd,Sukin,2026,video-image,,,,,,"['FACEBOOK', 'INSTAGRAM', 'AUDIENCE_NETWORK', 'MESSENGER', 'WHATSAPP', 'THREADS']",au,cw,facebook,social,2026-W31,2026-08,"FACEBOOK, INSTAGRAM, AUDIENCE_NETWORK, MESSENGER, WHATSAPP, THREADS",True,True,True,True,True,True,Brand/Category Page,True,True,False,2026-08-03,2026-06-11 07:00:00,2026-08-03 15:37:17.103942,53
1790816455236212,1389613899654991,True,2026-06-11 07:00:00,2026-07-28 07:00:00,Chemist Warehouse,Chemist Warehouse,Healthy Hair Starts Here,Refresh your routine with Sukin hair spritzes & nourishing masques at Chemist Warehouse.,Shop now,VIDEO,https://www.chemistwarehouse.com.au/shop-online/902/sukin?utm_source=facebook&utm_medium=social&utm_campaign=au_cw_coop_facebook_social_bwxbrandsptyltd_sukin_665_2026_100133-bau_video-image&utm_term=traffic&utm_content=video-image_all,www.chemistwarehouse.com.au,/shop-online/902/sukin,facebook,social,au_cw_coop_facebook_social_bwxbrandsptyltd_sukin_665_2026_100133-bau_video-image,665,traffic,video-image_all,Coop,Bwxbrandsptyltd,Sukin,2026,video-image,,,,,,"['FACEBOOK', 'INSTAGRAM', 'AUDIENCE_NETWORK', 'MESSENGER', 'WHATSAPP', 'THREADS']",au,cw,facebook,social,2026-W31,2026-08,"FACEBOOK, INSTAGRAM, AUDIENCE_NETWORK, MESSENGER, WHATSAPP, THREADS",True,True,True,True,True,True,Brand/Category Page,True,True,False,2026-08-03,2026-06-11 07:00:00,2026-08-03 15:37:17.103942,53
1017489520650323,966142949591595,True,2026-06-11 07:00:00,2026-08-02 07:00:00,Chemist Warehouse,Chemist Warehouse,{{product.name}},{{product.brand}},Shop now,DCO,https://www.chemistwarehouse.com.au/shop-online/902/sukin?utm_source=facebook&utm_medium=social&utm_campaign=au_cw_coop_facebook_social_bwxbrandsptyltd_sukin_665_2026_100133-bau_video-image&utm_term=traffic&utm_content=video-image_all,www.chemistwarehouse.com.au,/shop-online/902/sukin,facebook,social,au_cw_coop_facebook_social_bwxbrandsptyltd_sukin_665_2026_100133-bau_video-image,665,traffic,video-image_all,Coop,Bwxbrandsptyltd,Sukin,2026,video-image,Sukin's New Radiance,"Gift your mum the glow she deserves with Sukin's new Glow Active C, Clinically proven.",Shop Now,https://scontent.fpss5-1.fna.fbcdn.net/v/t39.35426-6/722956237_1334366111962816_1777785879966981993_n.jpg?_nc_cat=105&ccb=1-7&_nc_sid=c53f8f&_nc_ohc=slewQmx1Xo4Q7kNvwFw40nY&_nc_oc=AdoBaZjaCdPh6_5o8dsbtX4kNJ9HMuXndNetFIjFRRHeqrpB7DzLwvyf_xypnM1Mw2w&_nc_zt=14&_nc_ht=scontent.fpss5-1.fna&_nc_gid=AdWarWNOS89ASDzXKBPYyw&_nc_ss=7f180&oh=00_AQHLCNWTJGQtJ89WeimUt7hHullwczv-gXl1NRkQKVkJiA&oe=6A75A69E,,"['FACEBOOK', 'INSTAGRAM', 'AUDIENCE_NETWORK', 'MESSENGER', 'WHATSAPP', 'THREADS']",au,cw,facebook,social,2026-W31,2026-08,"FACEBOOK, INSTAGRAM, AUDIENCE_NETWORK, MESSENGER, WHATSAPP, THREADS",True,True,True,True,True,True,Brand/Category Page,True,False,False,2026-08-03,2026-06-11 07:00:00,2026-08-03 15:37:17.103942,53
1267460908553879,2292536138252684,True,2026-06-11 07:00:00,2026-08-02 07:00:00,Chemist Warehouse,Chemist Warehouse,{{product.name}},{{product.brand}},Shop now,DCO,https://www.chemistwarehouse.com.au/shop-online/902/sukin?utm_source=facebook&utm_medium=social&utm_campaign=au_cw_coop_facebook_social_bwxbrandsptyltd_sukin_665_2026_100133-bau_video-image&utm_term=traffic&utm_content=video-image_all,www.chemistwarehouse.com.au,/shop-online/902/sukin,facebook,social,au_cw_coop_facebook_social_bwxbrandsptyltd_sukin_665_2026_100133-bau_video-image,665,traffic,video-image_all,Coop,Bwxbrandsptyltd,Sukin,2026,video-image,Sukin's New Radiance,"Gift your mum the glow she deserves with Sukin's new Glow Active C, Clinically proven.",Shop Now,https://scontent.fpss5-1.fna.fbcdn.net/v/t39.35426-6/721735617_1696152874905836_2380735669035770829_n.jpg?_nc_cat=103&ccb=1-7&_nc_sid=c53f8f&_nc_ohc=Fj2Gcf1xD00Q7kNvwGfScE6&_nc_oc=AdpO3X9K-4-dVITSSfhrDo_7a0DXFgPFD_UcBLnsJa6Dz2NEcPe3FS3nMQNtHp5unGs&_nc_zt=14&_nc_ht=scontent.fpss5-1.fna&_nc_gid=AdWarWNOS89ASDzXKBPYyw&_nc_ss=7f180&oh=00_AQGugfIzUdm8adjlQrQF27zzX9ddkWJ4-TV2v0JJ0zbzsg&oe=6A7599D9,,"['FACEBOOK', 'INSTAGRAM', 'AUDIENCE_NETWORK', 'MESSENGER', 'WHATSAPP', 'THREADS']",au,cw,facebook,social,2026-W31,2026-08,"FACEBOOK, INSTAGRAM, AUDIENCE_NETWORK, MESSENGER, WHATSAPP, THREADS",True,True,True,True,True,True,Brand/Category Page,True,False,False,2026-08-03,2026-06-11 07:00:00,2026-08-03 15:37:17.103942,53
2794647137568062,1340702974692580,True,2026-06-11 07:00:00,2026-08-02 07:00:00,Chemist Warehouse,Chemist Warehouse,{{product.name}},{{product.brand}},Shop now,DCO,https://www.chemistwarehouse.com.au/shop-online/902/sukin?utm_source=facebook&utm_medium=social&utm_campaign=au_cw_coop_facebook_social_bwxbrandsptyltd_sukin_665_2026_100133-bau_video-image&utm_term=traffic&utm_content=video-image_all,www.chemistwarehouse.com.au,/shop-online/902/sukin,facebook,social,au_cw_coop_facebook_social_bwxbrandsptyltd_sukin_665_2026_100133-bau_video-image,665,traffic,video-image_all,Coop,Bwxbrandsptyltd,Sukin,2026,video-image,Sukin's New Radiance,"Gift your mum the glow she deserves with Sukin's new Glow Active C, Clinically proven.",Shop Now,https://scontent.fpss5-1.fna.fbcdn.net/v/t39.35426-6/721516780_1516592520148880_8466089475261369170_n.jpg?_nc_cat=105&ccb=1-7&_nc_sid=c53f8f&_nc_ohc=u0mlP7ytZh4Q7kNvwF52FXC&_nc_oc=AdoARXmVwqJTPxfCulqOJD9P5NLSnQZoCz3oKOj5oL_uxzF8iF0f2ZZMYfeS1DZ7SaA&_nc_zt=14&_nc_ht=scontent.fpss5-1.fna&_nc_gid=AdWarWNOS89ASDzXKBPYyw&_nc_ss=7f180&oh=00_AQFQD9nie5C-7LbhgyJAjBkiRL6d_Cf3QpowvhPUnmWIUA&oe=6A7579E9,,"['FACEBOOK', 'INSTAGRAM', 'AUDIENCE_NETWORK', 'MESSENGER', 'WHATSAPP', 'THREADS']",au,cw,facebook,social,2026-W31,2026-08,"FACEBOOK, INSTAGRAM, AUDIENCE_NETWORK, MESSENGER, WHATSAPP, THREADS",True,True,True,True,True,True,Brand/Category Page,True,False,False,2026-08-03,2026-06-11 07:00:00,2026-08-03 15:37:17.103942,53
4470365889899763,26443316995343858,True,2026-06-11 07:00:00,2026-08-02 07:00:00,Chemist Warehouse,Chemist Warehouse,{{product.name}},{{product.brand}},Shop now,DCO,https://www.chemistwarehouse.com.au/shop-online/902/sukin?utm_source=facebook&utm_medium=social&utm_campaign=au_cw_coop_facebook_social_bwxbrandsptyltd_sukin_665_2026_100133-bau_video-image&utm_term=traffic&utm_content=video-image_all,www.chemistwarehouse.com.au,/shop-online/902/sukin,facebook,social,au_cw_coop_facebook_social_bwxbrandsptyltd_sukin_665_2026_100133-bau_video-image,665,traffic,video-image_all,Coop,Bwxbrandsptyltd,Sukin,2026,video-image,Sukin's New Radiance,"Gift your mum the glow she deserves with Sukin's new Glow Active C, Clinically proven.",Shop Now,https://scontent.fpss5-1.fna.fbcdn.net/v/t39.35426-6/723086261_1010465604708751_966310548934062954_n.jpg?_nc_cat=105&ccb=1-7&_nc_sid=c53f8f&_nc_ohc=88vKBPLvW-UQ7kNvwGDI4L3&_nc_oc=Ado9lXRC6I-AFkT5Msm2Cv7iwdv-Xpeq4kjMPyDqeDQ72SR0Lam5jsGp0COMbIoxyHI&_nc_zt=14&_nc_ht=scontent.fpss5-1.fna&_nc_gid=AdWarWNOS89ASDzXKBPYyw&_nc_ss=7f180&oh=00_AQEEq-fcVpHpqb8IXiZ8WI9lHA0tJuS360YXROWqVTv5WA&oe=6A75A4A3,,"['FACEBOOK', 'INSTAGRAM', 'AUDIENCE_NETWORK', 'MESSENGER', 'WHATSAPP', 'THREADS']",au,cw,facebook,social,2026-W31,2026-08,"FACEBOOK, INSTAGRAM, AUDIENCE_NETWORK, MESSENGER, WHATSAPP, THREADS",True,True,True,True,True,True,Brand/Category Page,True,False,False,2026-08-03,2026-06-11 07:00:00,2026-08-03 15:37:17.103942,53
2144305776351869,1488911652814653,True,2026-06-11 07:00:00,2026-07-31 07:00:00,Chemist Warehouse,Chemist Warehouse,{{product.name}},{{product.brand}},Shop now,DCO,https://www.chemistwarehouse.com.au/shop-online/902/sukin?utm_source=facebook&utm_medium=social&utm_campaign=au_cw_coop_facebook_social_bwxbrandsptyltd_sukin_665_2026_100133-bau_video-image&utm_term=traffic&utm_content=video-image_all,www.chemistwarehouse.com.au,/shop-online/902/sukin,facebook,social,au_cw_coop_facebook_social_bwxbrandsptyltd_sukin_665_2026_100133-bau_video-image,665,traffic,video-image_all,Coop,Bwxbrandsptyltd,Sukin,2026,video-image,Sukin's New Men's Range,"Re-engineered for Men, naturally",Shop Now,https://scontent.fpss5-1.fna.fbcdn.net/v/t39.35426-6/662120061_933803946214913_7193988565546084730_n.jpg?_nc_cat=110&ccb=1-7&_nc_sid=c53f8f&_nc_ohc=ATeYcOhtUqsQ7kNvwGUuXBu&_nc_oc=AdoNRculnZSk8y0iNxkgjPG1bTqCyxuWrWJGRSjE18rpzZfWKHUoQ3LaYznPjhmoX4Q&_nc_zt=14&_nc_ht=scontent.fpss5-1.fna&_nc_gid=AdWarWNOS89ASDzXKBPYyw&_nc_ss=7f180&oh=00_AQE6V8Q87AXkgDLqDjAINJuPpeOWJL_4h3Zo68ZNVjRYlg&oe=6A757E15,,"['FACEBOOK', 'INSTAGRAM', 'AUDIENCE_NETWORK', 'MESSENGER', 'WHATSAPP', 'THREADS']",au,cw,facebook,social,2026-W31,2026-08,"FACEBOOK, INSTAGRAM, AUDIENCE_NETWORK, MESSENGER, WHATSAPP, THREADS",True,True,True,True,True,True,Brand/Category Page,True,False,False,2026-08-03,2026-06-11 07:00:00,2026-08-03 15:37:17.103942,53
1018285217314981,1642957224068312,True,2026-06-10 07:00:00,2026-08-01 07:00:00,Chemist Warehouse,Chemist Warehouse,Sukin's New Men's Range,"Re-engineered for Men, naturally",Shop now,VIDEO,https://www.chemistwarehouse.com.au/shop-online/902/sukin?utm_source=facebook&utm_medium=social&utm_campaign=au_cw_coop_facebook_social_bwxbrandsptyltd_sukin_665_2026_100133-bau_video-image&utm_term=traffic&utm_content=video-image_all,www.chemistwarehouse.com.au,/shop-online/902/sukin,facebook,social,au_cw_coop_facebook_social_bwxbrandsptyltd_sukin_665_2026_100133-bau_video-image,665,traffic,video-image_all,Coop,Bwxbrandsptyltd,Sukin,2026,video-image,,,,,,"['FACEBOOK', 'INSTAGRAM', 'AUDIENCE_NETWORK', 'MESSENGER', 'WHATSAPP', 'THREADS']",au,cw,facebook,social,2026-W31,2026-08,"FACEBOOK, INSTAGRAM, AUDIENCE_NETWORK, MESSENGER, WHATSAPP, THREADS",True,True,True,True,True,True,Brand/Category Page,True,False,False,2026-08-03,2026-06-10 07:00:00,2026-08-03 15:37:17.103942,54
1022788360217432,2189920005137459,True,2026-06-11 07:00:00,2026-08-02 07:00:00,Chemist Warehouse,Chemist Warehouse,{{product.name}},{{product.brand}},Shop now,DCO,https://www.chemistwarehouse.com.au/shop-online/902/sukin?utm_source=facebook&utm_medium=social&utm_campaign=au_cw_coop_facebook_social_bwxbrandsptyltd_sukin_665_2026_100133-bau_video-image&utm_term=traffic&utm_content=video-image_all,www.chemistwarehouse.com.au,/shop-online/902/sukin,facebook,social,au_cw_coop_facebook_social_bwxbrandsptyltd_sukin_665_2026_100133-bau_video-image,665,traffic,video-image_all,Coop,Bwxbrandsptyltd,Sukin,2026,video-image,All-in-one Hair Spritz,"Afraid of Heat Damage? Not anymore, with one Spritz that reduces damage & hydrates scalp.",Shop Now,https://scontent.fpss5-1.fna.fbcdn.net/v/t39.35426-6/723197062_3543893212436412_3590643982748247008_n.jpg?_nc_cat=107&ccb=1-7&_nc_sid=c53f8f&_nc_ohc=eDk1YVGkRtAQ7kNvwEraB5Z&_nc_oc=AdqSMLp2ZK04yn8A2MKHUAHv9ZBOAHs0KvacgIIXmoTro31sWH46m_hmRSF9Y0OOZ9s&_nc_zt=14&_nc_ht=scontent.fpss5-1.fna&_nc_gid=AdWarWNOS89ASDzXKBPYyw&_nc_ss=7f180&oh=00_AQHRrhJERCWscSLUAqyATlMY_aQfcRwZJE0Rmoii9pU87A&oe=6A758CA1,,"['FACEBOOK', 'INSTAGRAM', 'AUDIENCE_NETWORK', 'MESSENGER', 'WHATSAPP', 'THREADS']",au,cw,facebook,social,2026-W31,2026-08,"FACEBOOK, INSTAGRAM, AUDIENCE_NETWORK, MESSENGER, WHATSAPP, THREADS",True,True,True,True,True,True,Brand/Category Page,True,False,False,2026-08-03,2026-06-11 07:00:00,2026-08-03 15:37:17.103942,53
1672651500676476,1734566137907613,True,2026-06-11 07:00:00,2026-07-16 07:00:00,Chemist Warehouse,Chemist Warehouse,{{product.name}},{{product.brand}},Shop now,DCO,https://www.chemistwarehouse.com.au/shop-online/902/sukin?utm_source=facebook&utm_medium=social&utm_campaign=au_cw_coop_facebook_social_bwxbrandsptyltd_sukin_665_2026_100133-bau_video-image&utm_term=traffic&utm_content=video-image_all,www.chemistwarehouse.com.au,/shop-online/902/sukin,facebook,social,au_cw_coop_facebook_social_bwxbrandsptyltd_sukin_665_2026_100133-bau_video-image,665,traffic,video-image_all,Coop,Bwxbrandsptyltd,Sukin,2026,video-image,All-in-one Hair Spritz,"Afraid of Heat Damage? Not anymore, with one Spritz that reduces damage & hydrates scalp.",Shop Now,https://scontent.fpss5-1.fna.fbcdn.net/v/t39.35426-6/721430359_2336668206743492_1691212261620231036_n.jpg?_nc_cat=110&ccb=1-7&_nc_sid=c53f8f&_nc_ohc=0STe5ROoNlQQ7kNvwGDt3lL&_nc_oc=AdrlzJ46FqL6XwqYCK5wKHzVAmyUEgERhlV7Qyff4c6sCZhjRF6ZiF1Jdyz39ZdBYDc&_nc_zt=14&_nc_ht=scontent.fpss5-1.fna&_nc_gid=AdWarWNOS89ASDzXKBPYyw&_nc_ss=7f180&oh=00_AQGrR60V8oYnHVgnX-kTk6k67jCPsA0qVHzUZjA1ZmVnzw&oe=6A758A8B,,"['FACEBOOK', 'INSTAGRAM', 'AUDIENCE_NETWORK', 'MESSENGER', 'WHATSAPP', 'THREADS']",au,cw,facebook,social,2026-W31,2026-08,"FACEBOOK, INSTAGRAM, AUDIENCE_NETWORK, MESSENGER, WHATSAPP, THREADS",True,True,True,True,True,True,Brand/Category Page,True,False,False,2026-08-03,2026-06-11 07:00:00,2026-08-03 15:37:17.103942,53
753946101113719,1775263893268847,True,2026-06-11 07:00:00,2026-08-01 07:00:00,Chemist Warehouse,Chemist Warehouse,{{product.name}},{{product.brand}},Shop now,DCO,https://www.chemistwarehouse.com.au/shop-online/902/sukin?utm_source=facebook&utm_medium=social&utm_campaign=au_cw_coop_facebook_social_bwxbrandsptyltd_sukin_665_2026_100133-bau_video-image&utm_term=traffic&utm_content=video-image_all,www.chemistwarehouse.com.au,/shop-online/902/sukin,facebook,social,au_cw_coop_facebook_social_bwxbrandsptyltd_sukin_665_2026_100133-bau_video-image,665,traffic,video-image_all,Coop,Bwxbrandsptyltd,Sukin,2026,video-image,All-in-one Hair Spritz,"Afraid of Heat Damage? Not anymore, with one Spritz that reduces damage & hydrates scalp.",Shop Now,https://scontent.fpss5-1.fna.fbcdn.net/v/t39.35426-6/724123558_1484130646225744_3828370308688939805_n.jpg?_nc_cat=107&ccb=1-7&_nc_sid=c53f8f&_nc_ohc=rG59jmxnXZAQ7kNvwFVPNhY&_nc_oc=Ado1v8DlL1DrOyJycaFK1E0IEziDsfkhAYYbxTC2WdXboiUODbRylra-jF8MlHpLO7c&_nc_zt=14&_nc_ht=scontent.fpss5-1.fna&_nc_gid=AdWarWNOS89ASDzXKBPYyw&_nc_ss=7f180&oh=00_AQFNsNfDbn7F4rFA18rVlv0vAcjN7JIghLGkYuoyALBtGg&oe=6A75AA04,,"['FACEBOOK', 'INSTAGRAM', 'AUDIENCE_NETWORK', 'MESSENGER', 'WHATSAPP', 'THREADS']",au,cw,facebook,social,2026-W31,2026-08,"FACEBOOK, INSTAGRAM, AUDIENCE_NETWORK, MESSENGER, WHATSAPP, THREADS",True,True,True,True,True,True,Brand/Category Page,True,False,False,2026-08-03,2026-06-11 07:00:00,2026-08-03 15:37:17.103942,53
994941526611945,1035143355575429,True,2026-06-16 07:00:00,2026-08-02 07:00:00,Chemist Warehouse,Chemist Warehouse,{{product.name}},{{product.brand}},Shop now,DCO,https://www.chemistwarehouse.com.au/buy/167590/pigeon-startouch-straw-cup-mint-250ml?utm_source=facebook&utm_medium=social&utm_campaign=au_cw_coop_facebook_social_havenhallptyltd_pigeon_20_2026_100214-bau_image&utm_term=traffic&utm_content=image_video,www.chemistwarehouse.com.au,/buy/167590/pigeon-startouch-straw-cup-mint-250ml,facebook,social,au_cw_coop_facebook_social_havenhallptyltd_pigeon_20_2026_100214-bau_image,20,traffic,image_video,Coop,Havenhallptyltd,Pigeon,2026,image,Pigeon StarTouch™ Straw Cup,IT'S HERE! 🙌🏻 The straw cup parents are grabbing fast. Pigeon StarTouch™ available at Chemist Warehouse. In-store & online.,Shop Now,,https://video.fpss5-1.fna.fbcdn.net/o1/v/t2/f2/m366/AQNsQoDn7QuczWqPgeKRQK30-o9zsU7fuu0RuYvAhVO0NMa9B0Wou4TuGC3O9uGVMunNRDDq5Yi8OGvCs9wcZY71Mgv6r_3JNIZxt9APy45kgQ.mp4?_nc_cat=101&_nc_oc=AdrccrYUZxdxeW27C1UvWtWAGcgpWBepCn7HZzuZMETTA8tSZFaiO3YEtHV9prdoVMc&_nc_sid=b66105&_nc_ht=video.fpss5-1.fna.fbcdn.net&_nc_ohc=tnBI6zmghssQ7kNvwF_fX6z&efg=eyJ2ZW5jb2RlX3RhZyI6Inhwdl9wcm9ncmVzc2l2ZS5WSV9VU0VDQVNFX1BST0RVQ1RfVFlQRS4uQzMuNzIwLmRhc2hfaDI2NC1iYXNpYy1nZW4yXzcyMHAiLCJ4cHZfYXNzZXRfaWQiOjEwMDI2MTQxOTkyOTcwOTEsImFzc2V0X2FnZV9kYXlzIjo0NiwidmlfdXNlY2FzZV9pZCI6MTA3OTksImR1cmF0aW9uX3MiOjE1LCJ1cmxnZW5fc291cmNlIjoid3d3In0%3D&ccb=17-1&vs=51770713bf695f2&_nc_vs=HBksFQIYRWZiX2VwaGVtZXJhbC8zQjQzMjVGNDFFODZCOUEzM0UzMTlDOUJGODQ0MjZCNl9tdF8xX3ZpZGVvX2Rhc2hpbml0Lm1wNBUAAsgBEgAVAhhAZmJfcGVybWFuZW50Lzg1NEFDRjcyQUREMEU0MDk0NkY4RjRCMERGOEU5MThDX2F1ZGlvX2Rhc2hpbml0Lm1wNBUCAsgBEgAoABgAGwKIB3VzZV9vaWwBMRJwcm9ncmVzc2l2ZV9yZWNpcGUBMRUAACaGkZHz6ffHAxUCKAJDMywXQC67ZFocrAgYGWRhc2hfaDI2NC1iYXNpYy1nZW4yXzcyMHARAHUAZd6oAQA&_nc_gid=M8VJMwpv4ARJPkpQPG71kQ&_nc_ss=7f180&_nc_zt=28&oh=00_AQEaPhO8INOGTFEqOeuORaGlAEhBukk4MIYt02wMS1xgRQ&oe=6A759B1F,"['FACEBOOK', 'INSTAGRAM']",au,cw,facebook,social,2026-W31,2026-08,"FACEBOOK, INSTAGRAM",True,True,False,False,False,False,SKU Product,True,False,False,2026-08-03,2026-06-16 07:00:00,2026-08-03 15:37:17.103942,48
1517046223454007,994555532930907,True,2026-06-15 07:00:00,2026-08-01 07:00:00,Chemist Warehouse,Chemist Warehouse,{{product.name}},{{product.brand}},Shop now,DCO,https://www.chemistwarehouse.com.au/shop-online/1225/vicks?utm_source=facebook&utm_medium=social&utm_campaign=au_cw_oa_facebook_social_proctergambleaustralia_vicks_258_may26_100493-traffic_video-image&utm_term=traffic&utm_content=video-image_strat-dad-landscape,www.chemistwarehouse.com.au,/shop-online/1225/vicks,facebook,social,au_cw_oa_facebook_social_proctergambleaustralia_vicks_258_may26_100493-traffic_video-image,258,traffic,video-image_strat-dad-landscape,O&O,Proctergambleaustralia,Vicks,may26,video-image,Shop at Chemist Warehouse,Vicks has your back this winter. Fast Click & Collect at Chemist Warehouse,Shop Now,,https://video.fpss5-1.fna.fbcdn.net/o1/v/t2/f2/m366/AQO_OAuisdzSltMzq9R0BTk8rxTa0DH4F-Ih7s_8yKpSjgt1RMgUBvOm2MJtoeRJDqe2b_0TPLiqEB7uC9igZb78UlHCb0mOORSsKkLb_FrrQA.mp4?_nc_cat=111&_nc_oc=Ado2cRAX-2KfDCfkkNygg-rhbPWiWds5j_SXt9wfI6qcwbt2c6Euplo5LS3Elxz6XrU&_nc_sid=b66105&_nc_ht=video.fpss5-1.fna.fbcdn.net&_nc_ohc=pgYcQZE-0CYQ7kNvwEJW5Wk&efg=eyJ2ZW5jb2RlX3RhZyI6Inhwdl9wcm9ncmVzc2l2ZS5WSV9VU0VDQVNFX1BST0RVQ1RfVFlQRS4uQzMuNzIwLmRhc2hfaDI2NC1iYXNpYy1nZW4yXzcyMHAiLCJ4cHZfYXNzZXRfaWQiOjM1OTg1OTAxOTExMDI0MzgwLCJhc3NldF9hZ2VfZGF5cyI6NTksInZpX3VzZWNhc2VfaWQiOjEwNzk5LCJkdXJhdGlvbl9zIjo2LCJ1cmxnZW5fc291cmNlIjoid3d3In0%3D&ccb=17-1&vs=2d703be194d89901&_nc_vs=HBksFQIYRWZiX2VwaGVtZXJhbC81OTRGM0ZFMTBGNzlCMDRCMDM5RDNFNjI2RkIwRTU4OV9tdF8xX3ZpZGVvX2Rhc2hpbml0Lm1wNBUAAsgBEgAVAhhAZmJfcGVybWFuZW50LzU4NENGQzQ5Mjg5NTZCQjJGMjhEMjlERjk2QkJBNkIyX2F1ZGlvX2Rhc2hpbml0Lm1wNBUCAsgBEgAoABgAGwKIB3VzZV9vaWwBMRJwcm9ncmVzc2l2ZV9yZWNpcGUBMRUAACb4i6HFlr_sfxUCKAJDMywXQBgAAAAAAAAYGWRhc2hfaDI2NC1iYXNpYy1nZW4yXzcyMHARAHUAZd6oAQA&_nc_gid=M8VJMwpv4ARJPkpQPG71kQ&_nc_ss=7f180&_nc_zt=28&oh=00_AQH5JquFP1jWRBY8C3np2Yg5pBfjC4s3uDaklxuwDU9F_w&oe=6A758899,"['FACEBOOK', 'INSTAGRAM', 'AUDIENCE_NETWORK', 'MESSENGER', 'WHATSAPP', 'THREADS']",au,cw,facebook,social,2026-W31,2026-08,"FACEBOOK, INSTAGRAM, AUDIENCE_NETWORK, MESSENGER, WHATSAPP, THREADS",True,True,True,True,True,True,Brand/Category Page,True,False,False,2026-08-03,2026-06-15 07:00:00,2026-08-03 15:37:17.103942,49
1759081031748156,1315153927463664,True,2026-06-16 07:00:00,2026-08-02 07:00:00,Chemist Warehouse,Chemist Warehouse,{{product.name}},{{product.brand}},Shop now,DCO,https://www.chemistwarehouse.com.au/shop-online/821/pigeon?utm_source=facebook&utm_medium=social&utm_campaign=au_cw_coop_facebook_social_havenhallptyltd_pigeon_20_2026_100214-bau_image&utm_term=traffic&utm_content=image_static,www.chemistwarehouse.com.au,/shop-online/821/pigeon,facebook,social,au_cw_coop_facebook_social_havenhallptyltd_pigeon_20_2026_100214-bau_image,20,traffic,image_static,Coop,Havenhallptyltd,Pigeon,2026,image,Pigeon StarTouch™ Straw Cup,IT'S HERE! 🙌🏻 The straw cup parents are grabbing fast. Pigeon StarTouch™ available at Chemist Warehouse. In-store & online.,Shop Now,https://scontent.fpss5-1.fna.fbcdn.net/v/t39.35426-6/725839242_2437757610079576_549587195341389908_n.jpg?_nc_cat=102&ccb=1-7&_nc_sid=c53f8f&_nc_ohc=G2Fxm9Ogw70Q7kNvwHYgxAL&_nc_oc=AdpI5V0Qs5i6KIjFs1JNH1YwGQUTj832zS1pKkmJJn3-TI53qKEc0HL9-MnYplVz1Ww&_nc_zt=14&_nc_ht=scontent.fpss5-1.fna&_nc_gid=M8VJMwpv4ARJPkpQPG71kQ&_nc_ss=7f180&oh=00_AQEpWxsV28GCdpPWdue482JG-InolehZNwDTJQRo9p9CTQ&oe=6A757C0E,,"['FACEBOOK', 'INSTAGRAM']",au,cw,facebook,social,2026-W31,2026-08,"FACEBOOK, INSTAGRAM",True,True,False,False,False,False,Brand/Category Page,True,False,False,2026-08-03,2026-06-16 07:00:00,2026-08-03 15:37:17.103942,48
1682670929698292,5053183064908182,True,2026-06-15 07:00:00,2026-08-02 07:00:00,Chemist Warehouse,Chemist Warehouse,{{product.name}},{{product.brand}},Shop now,DCO,https://www.chemistwarehouse.com.au/shop-online/1225/vicks?utm_source=facebook&utm_medium=social&utm_campaign=au_cw_oa_facebook_social_proctergambleaustralia_vicks_258_may26_100493-traffic_video-image&utm_term=traffic&utm_content=video-image_dropsboxrange,www.chemistwarehouse.com.au,/shop-online/1225/vicks,facebook,social,au_cw_oa_facebook_social_proctergambleaustralia_vicks_258_may26_100493-traffic_video-image,258,traffic,video-image_dropsboxrange,O&O,Proctergambleaustralia,Vicks,may26,video-image,VICKS HAS YOUR BACK,Blocked nose & sore throat? Vicks VapoDrops has your back this winter,Shop Now,https://scontent.fpss5-1.fna.fbcdn.net/v/t39.35426-6/724340866_2034335330504969_2163107752866922967_n.jpg?_nc_cat=104&ccb=1-7&_nc_sid=c53f8f&_nc_ohc=yKVyq4nyFTwQ7kNvwE68-co&_nc_oc=Adr77eS6dZyXQvMXJdYV-C1GyktQy_bpLcWMQhF1hGDdMKJY5o8NQ6nPaRNQ8Vjw6n0&_nc_zt=14&_nc_ht=scontent.fpss5-1.fna&_nc_gid=M8VJMwpv4ARJPkpQPG71kQ&_nc_ss=7f180&oh=00_AQFjUCGMxC8Kv3xYEHoLXSQesv4fXY99KuIvc-o5br0AUQ&oe=6A759A61,,"['FACEBOOK', 'INSTAGRAM', 'AUDIENCE_NETWORK', 'MESSENGER', 'WHATSAPP', 'THREADS']",au,cw,facebook,social,2026-W31,2026-08,"FACEBOOK, INSTAGRAM, AUDIENCE_NETWORK, MESSENGER, WHATSAPP, THREADS",True,True,True,True,True,True,Brand/Category Page,True,False,False,2026-08-03,2026-06-15 07:00:00,2026-08-03 15:37:17.103942,49
984643161008890,1287415183357671,True,2026-06-10 07:00:00,2026-07-26 07:00:00,Chemist Warehouse,Chemist Warehouse,{{product.name}},{{product.brand}},Shop now,DCO,https://www.chemistwarehouse.com.au/shop-online/902/sukin?utm_source=facebook&utm_medium=social&utm_campaign=au_cw_coop_facebook_social_bwxbrandsptyltd_sukin_665_2026_100133-bau_video-image&utm_term=traffic&utm_content=video-image_all,www.chemistwarehouse.com.au,/shop-online/902/sukin,facebook,social,au_cw_coop_facebook_social_bwxbrandsptyltd_sukin_665_2026_100133-bau_video-image,665,traffic,video-image_all,Coop,Bwxbrandsptyltd,Sukin,2026,video-image,Sukin's New Sensitive Scalpcare Range,"Gentle on scalp, soft on hair",Shop Now,https://scontent.fpss5-1.fna.fbcdn.net/v/t39.35426-6/662670169_1638141274060599_4138531430275163714_n.jpg?_nc_cat=110&ccb=1-7&_nc_sid=c53f8f&_nc_ohc=RFJr8JecyuoQ7kNvwF9INtw&_nc_oc=Adoh4TyLIeoPx8mh8o6hQ_QeUW27O7B9iByZLvaSwEn36NUcM4F2bHxqaL_11WsOwyg&_nc_zt=14&_nc_ht=scontent.fpss5-1.fna&_nc_gid=AdWarWNOS89ASDzXKBPYyw&_nc_ss=7f180&oh=00_AQE3z3LDeMkTR75O9DeMhsd_isgWKTrssBdln0Vq7czGJA&oe=6A75A6FF,,"['FACEBOOK', 'INSTAGRAM', 'AUDIENCE_NETWORK', 'MESSENGER', 'WHATSAPP', 'THREADS']",au,cw,facebook,social,2026-W31,2026-08,"FACEBOOK, INSTAGRAM, AUDIENCE_NETWORK, MESSENGER, WHATSAPP, THREADS",True,True,True,True,True,True,Brand/Category Page,True,False,False,2026-08-03,2026-06-10 07:00:00,2026-08-03 15:37:17.103942,54
994531556674176,1472787060839756,True,2026-06-11 07:00:00,2026-07-22 07:00:00,Chemist Warehouse,Chemist Warehouse,{{product.name}},{{product.brand}},Shop now,DCO,https://www.chemistwarehouse.com.au/shop-online/902/sukin?utm_source=facebook&utm_medium=social&utm_campaign=au_cw_coop_facebook_social_bwxbrandsptyltd_sukin_665_2026_100133-bau_video-image&utm_term=traffic&utm_content=video-image_all,www.chemistwarehouse.com.au,/shop-online/902/sukin,facebook,social,au_cw_coop_facebook_social_bwxbrandsptyltd_sukin_665_2026_100133-bau_video-image,665,traffic,video-image_all,Coop,Bwxbrandsptyltd,Sukin,2026,video-image,All-in-one Hair Spritz,"Afraid of Heat Damage? Not anymore, with one Spritz that reduces damage & hydrates scalp.",Shop Now,https://scontent.fpss5-1.fna.fbcdn.net/v/t39.35426-6/723256780_1701841941125377_6903945643742099061_n.jpg?_nc_cat=105&ccb=1-7&_nc_sid=c53f8f&_nc_ohc=cU6IGHFygr8Q7kNvwFZunPE&_nc_oc=AdrXTZ1bSJtOfSah6UdnsZpW1qwuF0LzKrB-WnTH3EhtYuC2MHsXYLacS6On6XVf95s&_nc_zt=14&_nc_ht=scontent.fpss5-1.fna&_nc_gid=UBcHHiJNPcVQckQI8GWV6w&_nc_ss=7f180&oh=00_AQF8CzaClbBuSsq532dbLfrE07tRkhzBP4L7mp6n2V9nRA&oe=6A7584C5,,"['FACEBOOK', 'INSTAGRAM', 'AUDIENCE_NETWORK', 'MESSENGER', 'WHATSAPP', 'THREADS']",au,cw,facebook,social,2026-W31,2026-08,"FACEBOOK, INSTAGRAM, AUDIENCE_NETWORK, MESSENGER, WHATSAPP, THREADS",True,True,True,True,True,True,Brand/Category Page,True,False,False,2026-08-03,2026-06-11 07:00:00,2026-08-03 15:37:17.103942,53
4336976253236509,1706351654001441,True,2026-06-10 07:00:00,2026-08-02 07:00:00,Chemist Warehouse,Chemist Warehouse,{{product.name}},{{product.brand}},Shop now,DCO,https://www.chemistwarehouse.com.au/shop-online/6112/dercos?brand=Dercos&utm_source=facebook&utm_medium=social&utm_campaign=au_cw_coop_facebook_social_loreallarocheposaycerave_dercos_129_2026_bau_dynamic&utm_term=traffic&utm_content=video_brand,www.chemistwarehouse.com.au,/shop-online/6112/dercos,facebook,social,au_cw_coop_facebook_social_loreallarocheposaycerave_dercos_129_2026_bau_dynamic,129,traffic,video_brand,Coop,Loreallarocheposaycerave,Dercos,2026,dynamic,Up to 100% Flake Elimination,Flake-free confidence starts here. Trust the world’s #1 derm-recommended dandruff brand for expert results!,Shop Now,,https://video.fpss5-1.fna.fbcdn.net/o1/v/t2/f2/m366/AQNZ1ac_vXH0KOd0efDVkIVb4Dy48B-nOeM2e2B5XIp1DeBViKy3xl1wrgcpjVAQpRFOYwWz6PSp9qGNKss86-l3kSWfSiThMWptg_5xUR_xMQ.mp4?_nc_cat=100&_nc_oc=Adrm0J2MiVUbOOYEjg9_1bFAn9-PeY4ch98NfPNzpfKhWRqCrBe2kw3fQB4Xxi5E__g&_nc_sid=b66105&_nc_ht=video.fpss5-1.fna.fbcdn.net&_nc_ohc=GHPwQdycNLAQ7kNvwFw6Z84&efg=eyJ2ZW5jb2RlX3RhZyI6Inhwdl9wcm9ncmVzc2l2ZS5WSV9VU0VDQVNFX1BST0RVQ1RfVFlQRS4uQzMuNzIwLmRhc2hfaDI2NC1iYXNpYy1nZW4yXzcyMHAiLCJ4cHZfYXNzZXRfaWQiOjIyMjA0NDMxMTIwNDM3NTYsImFzc2V0X2FnZV9kYXlzIjo3MywidmlfdXNlY2FzZV9pZCI6MTA3OTksImR1cmF0aW9uX3MiOjMwLCJ1cmxnZW5fc291cmNlIjoid3d3In0%3D&ccb=17-1&vs=9d4c4caccfe2f4f4&_nc_vs=HBksFQIYRWZiX2VwaGVtZXJhbC9EMzQwMTlBRUUzMTAwMEU2QzhCODg5RkIxQTExOTQ4MV9tdF8xX3ZpZGVvX2Rhc2hpbml0Lm1wNBUAAsgBEgAVAhhAZmJfcGVybWFuZW50L0M1NEI4MDhEMkFFMThEOEI1REE2Mjg5OThDMjIxNkFBX2F1ZGlvX2Rhc2hpbml0Lm1wNBUCAsgBEgAoABgAGwKIB3VzZV9vaWwBMRJwcm9ncmVzc2l2ZV9yZWNpcGUBMRUAACbY0_-u5t7xBxUCKAJDMywXQD4zMzMzMzMYGWRhc2hfaDI2NC1iYXNpYy1nZW4yXzcyMHARAHUAZd6oAQA&_nc_gid=UBcHHiJNPcVQckQI8GWV6w&_nc_ss=7f180&_nc_zt=28&oh=00_AQGnekpcMrH30IQxKYATek-pGc40SSxlRfjm2-RFuyvGGQ&oe=6A758068,"['FACEBOOK', 'INSTAGRAM', 'AUDIENCE_NETWORK', 'MESSENGER', 'THREADS']",au,cw,facebook,social,2026-W31,2026-08,"FACEBOOK, INSTAGRAM, AUDIENCE_NETWORK, MESSENGER, THREADS",True,True,True,True,True,False,Brand/Category Page,True,False,False,2026-08-03,2026-06-10 07:00:00,2026-08-03 15:37:17.103942,54
1623590263099449,2501070800339503,True,2026-06-12 07:00:00,2026-07-15 07:00:00,Chemist Warehouse,Chemist Warehouse,Sukin's New Sensitive Scalpcare Range,"Gentle on scalp, soft on hair",Shop now,VIDEO,https://www.chemistwarehouse.com.au/shop-online/902/sukin?utm_source=facebook&utm_medium=social&utm_campaign=au_cw_coop_facebook_social_bwxbrandsptyltd_sukin_665_2026_100133-bau_video-image&utm_term=traffic&utm_content=video-image_all,www.chemistwarehouse.com.au,/shop-online/902/sukin,facebook,social,au_cw_coop_facebook_social_bwxbrandsptyltd_sukin_665_2026_100133-bau_video-image,665,traffic,video-image_all,Coop,Bwxbrandsptyltd,Sukin,2026,video-image,,,,,,"['FACEBOOK', 'INSTAGRAM', 'AUDIENCE_NETWORK', 'MESSENGER', 'WHATSAPP', 'THREADS']",au,cw,facebook,social,2026-W31,2026-08,"FACEBOOK, INSTAGRAM, AUDIENCE_NETWORK, MESSENGER, WHATSAPP, THREADS",True,True,True,True,True,True,Brand/Category Page,True,False,False,2026-08-03,2026-06-12 07:00:00,2026-08-03 15:37:17.103942,52
4490935531229973,,True,2026-06-10 07:00:00,2026-08-02 07:00:00,Chemist Warehouse,Chemist Warehouse,Target Dandruff From First Use,Say goodbye to dandruff with the world’s #1 derm-recommended brand. Clinical efficacy you can trust. Shop now!,Shop now,IMAGE,https://fb.com/canvas_doc/1943345497055585,fb.com,/canvas_doc/1943345497055585,,,,,,,Not Specified,,,,,,,,,,"['FACEBOOK', 'INSTAGRAM', 'AUDIENCE_NETWORK', 'MESSENGER', 'THREADS']",,,,,2026-W31,2026-08,"FACEBOOK, INSTAGRAM, AUDIENCE_NETWORK, MESSENGER, THREADS",True,True,True,True,True,False,Internal/App Page,True,False,False,2026-08-03,2026-06-10 07:00:00,2026-08-03 15:37:17.103942,54
1304430901802497,,True,2026-06-10 07:00:00,2026-08-02 07:00:00,Chemist Warehouse,Chemist Warehouse,Flake-Free Scalp. Trust Dercos by Vichy,"Recommended By Dermatologists. Try DERCOS, The Haircare And Scalp Expert.",Shop now,IMAGE,https://fb.com/canvas_doc/1311302761198627,fb.com,/canvas_doc/1311302761198627,,,,,,,Not Specified,,,,,,,,,,"['FACEBOOK', 'INSTAGRAM', 'AUDIENCE_NETWORK', 'MESSENGER', 'THREADS']",,,,,2026-W31,2026-08,"FACEBOOK, INSTAGRAM, AUDIENCE_NETWORK, MESSENGER, THREADS",True,True,True,True,True,False,Internal/App Page,True,False,False,2026-08-03,2026-06-10 07:00:00,2026-08-03 15:37:17.103942,54
1531986348326277,1723799615723550,True,2026-06-10 07:00:00,2026-08-01 07:00:00,Chemist Warehouse,Chemist Warehouse,{{product.name}},{{product.brand}},Shop now,DCO,https://www.chemistwarehouse.com.au/shop-online/4617/essano-skincare?utm_source=facebook&utm_medium=social&utm_campaign=au_cw_coop_facebook_social_vitalitybrandsworldwide_essano_665_2026_100243-bau_video-image&utm_term=traffic&utm_content=video-image_all,www.chemistwarehouse.com.au,/shop-online/4617/essano-skincare,facebook,social,au_cw_coop_facebook_social_vitalitybrandsworldwide_essano_665_2026_100243-bau_video-image,665,traffic,video-image_all,Coop,Vitalitybrandsworldwide,Essano,2026,video-image,One drop closer to quenched skin,"Plump, hydrated skin starts with essano Hydration+ powered by four weights of hyaluronic acid. No fluff, just results.",Shop Now,https://scontent.fpss5-1.fna.fbcdn.net/v/t39.35426-6/723599965_2424040868105360_7895513933142848484_n.jpg?_nc_cat=110&ccb=1-7&_nc_sid=c53f8f&_nc_ohc=ToNaOqpaVR0Q7kNvwFRh8Yi&_nc_oc=Adrp-NcQkN_b8f1YgKQPtEr2XtDp2PuzGVKPM-L67NtSq6LDPvZfYHHcnsC0UpSBVQQ&_nc_zt=14&_nc_ht=scontent.fpss5-1.fna&_nc_gid=AdWarWNOS89ASDzXKBPYyw&_nc_ss=7f180&oh=00_AQHeGOoU047A-mW89y85lyDsD2xGyrF_jlAyqqE96dhXWg&oe=6A758E9C,,"['FACEBOOK', 'INSTAGRAM', 'AUDIENCE_NETWORK', 'MESSENGER', 'THREADS']",au,cw,facebook,social,2026-W31,2026-08,"FACEBOOK, INSTAGRAM, AUDIENCE_NETWORK, MESSENGER, THREADS",True,True,True,True,True,False,Brand/Category Page,True,False,False,2026-08-03,2026-06-10 07:00:00,2026-08-03 15:37:17.103942,54
2097299617483293,,True,2026-06-10 07:00:00,2026-08-02 07:00:00,Chemist Warehouse,Chemist Warehouse,Anti-Dandruff From First Use,Experience the science of Dercos by Vichy. Shop now at Chemist Warehouse.,Shop now,IMAGE,https://fb.com/canvas_doc/1291063919295564,fb.com,/canvas_doc/1291063919295564,,,,,,,Not Specified,,,,,,,,,,"['FACEBOOK', 'INSTAGRAM', 'AUDIENCE_NETWORK', 'MESSENGER', 'THREADS']",,,,,2026-W31,2026-08,"FACEBOOK, INSTAGRAM, AUDIENCE_NETWORK, MESSENGER, THREADS",True,True,True,True,True,False,Internal/App Page,True,True,False,2026-08-03,2026-06-10 07:00:00,2026-08-03 15:37:17.103942,54
1661074475103278,954049961025404,True,2026-06-11 07:00:00,2026-08-01 07:00:00,Chemist Warehouse,Chemist Warehouse,{{product.name}},{{product.brand}},Learn more,DCO,https://www.chemistwarehouse.com.au/shop-online/705628/oli6?utm_source=facebook&utm_medium=social&utm_campaign=au_cw_coop_facebook_social_nuchevptyltd_oli6_20_2026_100001-bau_carousel-video&utm_term=traffic&utm_content=carousel-video_video-6,www.chemistwarehouse.com.au,/shop-online/705628/oli6,facebook,social,au_cw_coop_facebook_social_nuchevptyltd_oli6_20_2026_100001-bau_carousel-video,20,traffic,carousel-video_video-6,Coop,Nuchevptyltd,Oli6,2026,carousel-video,Goat Milk. Gentle Relief.,Naturally A2 Protein. Goat Milk nutrition easier on little tummies.,Learn More,,https://video.fpss5-1.fna.fbcdn.net/o1/v/t2/f2/m366/AQP32OXXzax8CShID4IroBbekaCRtYn4mYjIdqE7lGb6OF6IV6OMnUVaBb-lnehVZvfh57Ibet4bYvMai0gyqunTI96wr5l9olP4CZmvukOJHg.mp4?_nc_cat=100&_nc_oc=Ado2lTWnw6UEZRym2gqBkVrrHU8b_6AwxwRix5-NB6xOe2a-5ilQhrTMe5HTkSTGm78&_nc_sid=b66105&_nc_ht=video.fpss5-1.fna.fbcdn.net&_nc_ohc=WSbSoRN5Y5cQ7kNvwF0NofJ&efg=eyJ2ZW5jb2RlX3RhZyI6Inhwdl9wcm9ncmVzc2l2ZS5WSV9VU0VDQVNFX1BST0RVQ1RfVFlQRS4uQzMuNzIwLmRhc2hfaDI2NC1iYXNpYy1nZW4yXzcyMHAiLCJ4cHZfYXNzZXRfaWQiOjEwMzY1MTI1MjU5ODU2NTQsImFzc2V0X2FnZV9kYXlzIjo1MywidmlfdXNlY2FzZV9pZCI6MTA3OTksImR1cmF0aW9uX3MiOjksInVybGdlbl9zb3VyY2UiOiJ3d3cifQ%3D%3D&ccb=17-1&vs=c922c26bf50d01ae&_nc_vs=HBksFQIYRWZiX2VwaGVtZXJhbC84RDQ2MkNENDdCQTFDRkEwNDYzQjk5OUI4N0VBNjk5OF9tdF8xX3ZpZGVvX2Rhc2hpbml0Lm1wNBUAAsgBEgAVAhhAZmJfcGVybWFuZW50LzdGNDk5QzMwRUNDQjE1QTkxN0VEMTRBNjQwMzY5MUJGX2F1ZGlvX2Rhc2hpbml0Lm1wNBUCAsgBEgAoABgAGwKIB3VzZV9vaWwBMRJwcm9ncmVzc2l2ZV9yZWNpcGUBMRUAACbsndWO_KzXAxUCKAJDMywXQCNEGJN0vGoYGWRhc2hfaDI2NC1iYXNpYy1nZW4yXzcyMHARAHUAZd6oAQA&_nc_gid=UBcHHiJNPcVQckQI8GWV6w&_nc_ss=7f180&_nc_zt=28&oh=00_AQEnEgF2aM-n1Wov3UgYCmr5iTqA77majNEazIrEZGf-hg&oe=6A75A1BC,"['FACEBOOK', 'INSTAGRAM', 'MESSENGER', 'THREADS']",au,cw,facebook,social,2026-W31,2026-08,"FACEBOOK, INSTAGRAM, MESSENGER, THREADS",True,True,False,True,True,False,Brand/Category Page,True,False,False,2026-08-03,2026-06-11 07:00:00,2026-08-03 15:37:17.103942,53
866205029863214,1202847438574265,True,2026-06-11 07:00:00,2026-08-02 07:00:00,Chemist Warehouse,Chemist Warehouse,{{product.name}},{{product.brand}},Shop now,DCO,https://www.chemistwarehouse.com.au/shop-online/5318/garnier?category=Skincare&utm_source=facebook&utm_medium=social&utm_campaign=au_cw_coop_facebook_social_lorealaustraliaptyltd_garnier_665_may26_100045-bau_image&utm_term=traffic&utm_content=image_GarnierGoodInstore,www.chemistwarehouse.com.au,/shop-online/5318/garnier,facebook,social,au_cw_coop_facebook_social_lorealaustraliaptyltd_garnier_665_may26_100045-bau_image,665,traffic,image_GarnierGoodInstore,Coop,Lorealaustraliaptyltd,Garnier,may26,image,Shop Garnier at Chemist Warehouse,Shop Garnier GOOD range at Chemist Warehouse,Shop Now,,https://video.fpss5-1.fna.fbcdn.net/o1/v/t2/f2/m366/AQPxAyTubzltgZS0sQY3tlTVbYTT_Omp4TuJkKR1n08VIQ2l9XJ4sfnF0oAK9QF_8M_WDcrU5V6A4hMAMeAj208hRtJHEeHbfnj55Kr-lzj83g.mp4?_nc_cat=103&_nc_oc=AdqQSEhZESdSVE1LQRLJQJLt8qBooNZhPX9E89taOJ2R6qfs9dYceFJUBNKRggfUrv0&_nc_sid=b66105&_nc_ht=video.fpss5-1.fna.fbcdn.net&_nc_ohc=6a5_WFptbiwQ7kNvwF6v7j_&efg=eyJ2ZW5jb2RlX3RhZyI6Inhwdl9wcm9ncmVzc2l2ZS5WSV9VU0VDQVNFX1BST0RVQ1RfVFlQRS4uQzMuNzIwLmRhc2hfaDI2NC1iYXNpYy1nZW4yXzcyMHAiLCJ4cHZfYXNzZXRfaWQiOjk4NDg1MzE3MTA3NjQ3NywiYXNzZXRfYWdlX2RheXMiOjUzLCJ2aV91c2VjYXNlX2lkIjoxMDc5OSwiZHVyYXRpb25fcyI6MjMsInVybGdlbl9zb3VyY2UiOiJ3d3cifQ%3D%3D&ccb=17-1&vs=cfb1c45a072c91a&_nc_vs=HBksFQIYRWZiX2VwaGVtZXJhbC9EQjRENTdFMTA2REYyOTYxNkU0RDU4RTRCQ0M4N0U4Ml9tdF8xX3ZpZGVvX2Rhc2hpbml0Lm1wNBUAAsgBEgAVAhhAZmJfcGVybWFuZW50L0I3NEUxRTkzRkUxN0VDMkY0NUU1ODJDMjQ1MjFFNDhFX2F1ZGlvX2Rhc2hpbml0Lm1wNBUCAsgBEgAoABgAGwKIB3VzZV9vaWwBMRJwcm9ncmVzc2l2ZV9yZWNpcGUBMRUAACb69df2_-2_AxUCKAJDMywXQDc7peNT988YGWRhc2hfaDI2NC1iYXNpYy1nZW4yXzcyMHARAHUAZd6oAQA&_nc_gid=UBcHHiJNPcVQckQI8GWV6w&_nc_ss=7f180&_nc_zt=28&oh=00_AQG50naBuFN4jEJOnapFtXDKhI4w2_1LBCafWtsTxnEdhg&oe=6A759221,"['FACEBOOK', 'INSTAGRAM', 'AUDIENCE_NETWORK', 'MESSENGER', 'THREADS']",au,cw,facebook,social,2026-W31,2026-08,"FACEBOOK, INSTAGRAM, AUDIENCE_NETWORK, MESSENGER, THREADS",True,True,True,True,True,False,Brand/Category Page,True,False,False,2026-08-03,2026-06-11 07:00:00,2026-08-03 15:37:17.103942,53
997151496502885,1639240033852168,True,2026-06-11 07:00:00,2026-08-02 07:00:00,Chemist Warehouse,Chemist Warehouse,{{product.name}},{{product.brand}},Shop now,DCO,https://www.chemistwarehouse.com.au/shop-online/4617/essano-skincare?utm_source=facebook&utm_medium=social&utm_campaign=au_cw_coop_facebook_social_vitalitybrandsworldwide_essano_665_2026_100243-bau_video-image&utm_term=traffic&utm_content=video-image_all,www.chemistwarehouse.com.au,/shop-online/4617/essano-skincare,facebook,social,au_cw_coop_facebook_social_vitalitybrandsworldwide_essano_665_2026_100243-bau_video-image,665,traffic,video-image_all,Coop,Vitalitybrandsworldwide,Essano,2026,video-image,One drop closer to quenched skin,"Plump, hydrated skin starts with essano Hydration+ powered by four weights of hyaluronic acid. No fluff, just results.",Shop Now,https://scontent.fpss5-1.fna.fbcdn.net/v/t39.35426-6/721129477_1680104559775850_1724707076740059685_n.jpg?_nc_cat=101&ccb=1-7&_nc_sid=c53f8f&_nc_ohc=8BZGEi5qvHAQ7kNvwEew4uD&_nc_oc=AdqbWNzYFpAxPSJ9sMUkzkIInt54-Z1Wr6mFAjCXqfIxFyH1DAqf9aLBMBVA4wzAtT0&_nc_zt=14&_nc_ht=scontent.fpss5-1.fna&_nc_gid=UBcHHiJNPcVQckQI8GWV6w&_nc_ss=7f180&oh=00_AQEbDS_dTH6dX1uSQXJmLJEL8tURMloX0CYW6vJVhIWtfw&oe=6A759DE5,,"['FACEBOOK', 'INSTAGRAM', 'AUDIENCE_NETWORK', 'MESSENGER', 'THREADS']",au,cw,facebook,social,2026-W31,2026-08,"FACEBOOK, INSTAGRAM, AUDIENCE_NETWORK, MESSENGER, THREADS",True,True,True,True,True,False,Brand/Category Page,True,False,False,2026-08-03,2026-06-11 07:00:00,2026-08-03 15:37:17.103942,53
2806058736457805,973308212187104,True,2026-06-11 07:00:00,2026-08-02 07:00:00,Chemist Warehouse,Chemist Warehouse,{{product.name}},{{product.brand}},Learn more,DCO,https://www.chemistwarehouse.com.au/shop-online/705628/oli6?utm_source=facebook&utm_medium=social&utm_campaign=au_cw_coop_facebook_social_nuchevptyltd_oli6_20_2026_100001-bau_carousel-video&utm_term=traffic&utm_content=carousel-video_video-5,www.chemistwarehouse.com.au,/shop-online/705628/oli6,facebook,social,au_cw_coop_facebook_social_nuchevptyltd_oli6_20_2026_100001-bau_carousel-video,20,traffic,carousel-video_video-5,Coop,Nuchevptyltd,Oli6,2026,carousel-video,Goat Milk. Gentle Relief.,Naturally A2 Protein. Goat Milk nutrition easier on little tummies.,Learn More,,https://video.fpss5-1.fna.fbcdn.net/o1/v/t2/f2/m366/AQM7A7VzpApIopuZvamUqV5YGpJ2D1z500_xNYXCwaISHJ0MzHQQXSVBiUnkbbztUZ2U1ujy5mMXPOxuIL49VMYhkFfgNt0B5lGOTQpVWPz3-g.mp4?_nc_cat=104&_nc_oc=Adpy1RIHtPc1NVyd3FO2iyOG1Cf2ZsfpcJWrYaeUoI668PHyiO7354T89TgMYerPzzk&_nc_sid=b66105&_nc_ht=video.fpss5-1.fna.fbcdn.net&_nc_ohc=QDSe7ii93sMQ7kNvwHKOqBV&efg=eyJ2ZW5jb2RlX3RhZyI6Inhwdl9wcm9ncmVzc2l2ZS5WSV9VU0VDQVNFX1BST0RVQ1RfVFlQRS4uQzMuNzIwLmRhc2hfaDI2NC1iYXNpYy1nZW4yXzcyMHAiLCJ4cHZfYXNzZXRfaWQiOjE5MzE1MDI5Mjc1MDQ4MDIsImFzc2V0X2FnZV9kYXlzIjo1MywidmlfdXNlY2FzZV9pZCI6MTA3OTksImR1cmF0aW9uX3MiOjE1LCJ1cmxnZW5fc291cmNlIjoid3d3In0%3D&ccb=17-1&vs=4b0ef15256547b5e&_nc_vs=HBksFQIYRWZiX2VwaGVtZXJhbC9DQjQ1NkRDMUQ5QjkwNDU0RUE2RjU2NzY0NTc0NEI4Ql9tdF8xX3ZpZGVvX2Rhc2hpbml0Lm1wNBUAAsgBEgAVAhhAZmJfcGVybWFuZW50LzMwNEEzNTA3NTY0QzgwRjQ4NEQ0ODNGQjAyMUZFNUFEX2F1ZGlvX2Rhc2hpbml0Lm1wNBUCAsgBEgAoABgAGwKIB3VzZV9vaWwBMRJwcm9ncmVzc2l2ZV9yZWNpcGUBMRUAACbEloOeoqzuBhUCKAJDMywXQC4AAAAAAAAYGWRhc2hfaDI2NC1iYXNpYy1nZW4yXzcyMHARAHUAZd6oAQA&_nc_gid=UBcHHiJNPcVQckQI8GWV6w&_nc_ss=7f180&_nc_zt=28&oh=00_AQGaYGyneOpyPinaAPuxHp3dYZsBmGBotLtYwXcrUtqVNw&oe=6A7579BC,"['FACEBOOK', 'INSTAGRAM', 'MESSENGER', 'THREADS']",au,cw,facebook,social,2026-W31,2026-08,"FACEBOOK, INSTAGRAM, MESSENGER, THREADS",True,True,False,True,True,False,Brand/Category Page,True,False,False,2026-08-03,2026-06-11 07:00:00,2026-08-03 15:37:17.103942,53
1004241635394708,994555532930907,True,2026-06-04 07:00:00,2026-08-01 07:00:00,Chemist Warehouse,Chemist Warehouse,{{product.name}},{{product.brand}},Shop now,DCO,https://www.chemistwarehouse.com.au/shop-online/1225/vicks?utm_source=facebook&utm_medium=social&utm_campaign=au_cw_oa_facebook_social_proctergambleaustralia_vicks_258_may26_100493-conv_video-image&utm_term=conversion&utm_content=video-image_strat-dad-landscape,www.chemistwarehouse.com.au,/shop-online/1225/vicks,facebook,social,au_cw_oa_facebook_social_proctergambleaustralia_vicks_258_may26_100493-conv_video-image,258,conversion,video-image_strat-dad-landscape,O&O,Proctergambleaustralia,Vicks,may26,video-image,Shop at Chemist Warehouse,Vicks has your back this winter. Fast Click & Collect at Chemist Warehouse,Shop Now,,https://video.fpss5-1.fna.fbcdn.net/o1/v/t2/f2/m366/AQO_OAuisdzSltMzq9R0BTk8rxTa0DH4F-Ih7s_8yKpSjgt1RMgUBvOm2MJtoeRJDqe2b_0TPLiqEB7uC9igZb78UlHCb0mOORSsKkLb_FrrQA.mp4?_nc_cat=111&_nc_oc=Ado2cRAX-2KfDCfkkNygg-rhbPWiWds5j_SXt9wfI6qcwbt2c6Euplo5LS3Elxz6XrU&_nc_sid=b66105&_nc_ht=video.fpss5-1.fna.fbcdn.net&_nc_ohc=pgYcQZE-0CYQ7kNvwEJW5Wk&efg=eyJ2ZW5jb2RlX3RhZyI6Inhwdl9wcm9ncmVzc2l2ZS5WSV9VU0VDQVNFX1BST0RVQ1RfVFlQRS4uQzMuNzIwLmRhc2hfaDI2NC1iYXNpYy1nZW4yXzcyMHAiLCJ4cHZfYXNzZXRfaWQiOjM1OTg1OTAxOTExMDI0MzgwLCJhc3NldF9hZ2VfZGF5cyI6NTksInZpX3VzZWNhc2VfaWQiOjEwNzk5LCJkdXJhdGlvbl9zIjo2LCJ1cmxnZW5fc291cmNlIjoid3d3In0%3D&ccb=17-1&vs=2d703be194d89901&_nc_vs=HBksFQIYRWZiX2VwaGVtZXJhbC81OTRGM0ZFMTBGNzlCMDRCMDM5RDNFNjI2RkIwRTU4OV9tdF8xX3ZpZGVvX2Rhc2hpbml0Lm1wNBUAAsgBEgAVAhhAZmJfcGVybWFuZW50LzU4NENGQzQ5Mjg5NTZCQjJGMjhEMjlERjk2QkJBNkIyX2F1ZGlvX2Rhc2hpbml0Lm1wNBUCAsgBEgAoABgAGwKIB3VzZV9vaWwBMRJwcm9ncmVzc2l2ZV9yZWNpcGUBMRUAACb4i6HFlr_sfxUCKAJDMywXQBgAAAAAAAAYGWRhc2hfaDI2NC1iYXNpYy1nZW4yXzcyMHARAHUAZd6oAQA&_nc_gid=UBcHHiJNPcVQckQI8GWV6w&_nc_ss=7f180&_nc_zt=28&oh=00_AQFKq8FYYhh6m_a-VAxyb4LVoj2ToEPC5cieQbP7JKQKwg&oe=6A758899,"['FACEBOOK', 'INSTAGRAM', 'AUDIENCE_NETWORK', 'MESSENGER', 'THREADS']",au,cw,facebook,social,2026-W31,2026-08,"FACEBOOK, INSTAGRAM, AUDIENCE_NETWORK, MESSENGER, THREADS",True,True,True,True,True,False,Brand/Category Page,True,False,False,2026-08-03,2026-06-04 07:00:00,2026-08-03 15:37:17.103942,60
998579852792588,2279811056169415,True,2026-06-04 07:00:00,2026-08-02 07:00:00,Chemist Warehouse,Chemist Warehouse,{{product.name}},{{product.brand}},Learn more,DCO,https://www.chemistwarehouse.com.au/shop-online/5758/sudocrem?utm_source=facebook&utm_medium=social&utm_campaign=au_cw_coop_facebook_social_nicepakproductsptyltd_all_20_2026_100057-bau_video-image&utm_term=traffic&utm_content=video-image_generic,www.chemistwarehouse.com.au,/shop-online/5758/sudocrem,facebook,social,au_cw_coop_facebook_social_nicepakproductsptyltd_all_20_2026_100057-bau_video-image,20,traffic,video-image_generic,Coop,Nicepakproductsptyltd,All,2026,video-image,Soothes skin from nappy rash,"Sudocrem Healing Cream, Soothes and protect delicate skin from nappy rash",Learn More,,https://video.fpss5-1.fna.fbcdn.net/o1/v/t2/f2/m366/AQOixI4EoG37JWZK2BlnabvppwbCBUCBOhIKo0EMc7yofG8kTbzSBI9j-6RjFhrtNDW9YJC-kbLcDxdfQVjm8xoQIQmVV6I7BaLYaqb5PNH-Eg.mp4?_nc_cat=105&_nc_oc=AdoLNOUkbgOFZDLEb9sUnUVNbLkiXSlmFSLJDMSBMYjBnVHrrEHKS3j7pn_qT4gqmd8&_nc_sid=b66105&_nc_ht=video.fpss5-1.fna.fbcdn.net&_nc_ohc=oimNM5bwmawQ7kNvwHzDJJm&efg=eyJ2ZW5jb2RlX3RhZyI6Inhwdl9wcm9ncmVzc2l2ZS5WSV9VU0VDQVNFX1BST0RVQ1RfVFlQRS4uQzMuNzIwLmRhc2hfaDI2NC1iYXNpYy1nZW4yXzcyMHAiLCJ4cHZfYXNzZXRfaWQiOjE0NDIyNDg2NDY3NTE2NjQsImFzc2V0X2FnZV9kYXlzIjo1NDIsInZpX3VzZWNhc2VfaWQiOjEwNzk5LCJkdXJhdGlvbl9zIjoxNSwidXJsZ2VuX3NvdXJjZSI6Ind3dyJ9&ccb=17-1&vs=ff52af7185377bb6&_nc_vs=HBksFQIYRWZiX2VwaGVtZXJhbC9CMjQ0QzcyNzJGNzlDNTg4RDZCRTg1NzRDREY1MzU5N19tdF8xX3ZpZGVvX2Rhc2hpbml0Lm1wNBUAAsgBEgAVAhg6cGFzc3Rocm91Z2hfZXZlcnN0b3JlL0dLUUtaUndkOUFuSTNFc0NBRk9jYXBGSGh0ODBidjRHQUFBRhUCAsgBEgAoABgAGwKIB3VzZV9vaWwBMRJwcm9ncmVzc2l2ZV9yZWNpcGUBMRUAACbg1qPk9e2PBRUCKAJDMywXQC4zMzMzMzMYGWRhc2hfaDI2NC1iYXNpYy1nZW4yXzcyMHARAHUAZd6oAQA&_nc_gid=UBcHHiJNPcVQckQI8GWV6w&_nc_ss=7f180&_nc_zt=28&oh=00_AQGDDFqAg3jQ7X7nm2aff8IB49ZpaLx87I1EzbpX6Wz9bA&oe=6A758FEF,"['FACEBOOK', 'INSTAGRAM', 'AUDIENCE_NETWORK', 'MESSENGER', 'THREADS']",au,cw,facebook,social,2026-W31,2026-08,"FACEBOOK, INSTAGRAM, AUDIENCE_NETWORK, MESSENGER, THREADS",True,True,True,True,True,False,Brand/Category Page,True,False,False,2026-08-03,2026-06-04 07:00:00,2026-08-03 15:37:17.103942,60
1680487833075783,1499639871942948,True,2026-06-03 07:00:00,2026-08-02 07:00:00,Chemist Warehouse,Chemist Warehouse,{{product.name}},{{product.brand}},Learn more,DCO,https://www.chemistwarehouse.com.au/shop-online/5758/sudocrem?utm_source=facebook&utm_medium=social&utm_campaign=au_cw_coop_facebook_social_nicepakproductsptyltd_all_20_2026_100057-bau_video-image&utm_term=traffic&utm_content=video-image_generic,www.chemistwarehouse.com.au,/shop-online/5758/sudocrem,facebook,social,au_cw_coop_facebook_social_nicepakproductsptyltd_all_20_2026_100057-bau_video-image,20,traffic,video-image_generic,Coop,Nicepakproductsptyltd,All,2026,video-image,Soothes skin from nappy rash,"Sudocrem Healing Cream, Soothes and protect delicate skin from nappy rash",Learn More,,https://video.fpss5-1.fna.fbcdn.net/o1/v/t2/f2/m366/AQOtJaq273mZR2L8AJVE8MMhlmQXzacB4AtrwAYXMxb0g90BH938UAdEFFWQgYzeHz6OcMQyoqtZF5zykWetU9lvKuxN2l14FGG8DJ-8Ai4CNA.mp4?_nc_cat=104&_nc_oc=AdrVTarNqYqaoDP_K2evbga-T2zyNRJ6HcVlmO6sd4FrEQy1tsCfRAWRsB4XtJogALU&_nc_sid=b66105&_nc_ht=video.fpss5-1.fna.fbcdn.net&_nc_ohc=nVDTWr0cXYkQ7kNvwHtayyo&efg=eyJ2ZW5jb2RlX3RhZyI6Inhwdl9wcm9ncmVzc2l2ZS5WSV9VU0VDQVNFX1BST0RVQ1RfVFlQRS4uQzMuNzIwLmRhc2hfaDI2NC1iYXNpYy1nZW4yXzcyMHAiLCJ4cHZfYXNzZXRfaWQiOjIyNzQ5NDIzNjI5MDc5MzMsImFzc2V0X2FnZV9kYXlzIjo1NDIsInZpX3VzZWNhc2VfaWQiOjEwNzk5LCJkdXJhdGlvbl9zIjozMCwidXJsZ2VuX3NvdXJjZSI6Ind3dyJ9&ccb=17-1&vs=ddce9728032eeed0&_nc_vs=HBksFQIYRWZiX2VwaGVtZXJhbC8xNTRDNkVFMjVENDE5RkRENUM5NUIzRTc4QTJBRTY4MV9tdF8xX3ZpZGVvX2Rhc2hpbml0Lm1wNBUAAsgBEgAVAhg6cGFzc3Rocm91Z2hfZXZlcnN0b3JlL0dGYy1ZaHhYaTV0bGxLRUZBR3g1WXU0OG01VlVidjRHQUFBRhUCAsgBEgAoABgAGwKIB3VzZV9vaWwBMRJwcm9ncmVzc2l2ZV9yZWNpcGUBMRUAACa61Oe2icOKCBUCKAJDMywXQD4AAAAAAAAYGWRhc2hfaDI2NC1iYXNpYy1nZW4yXzcyMHARAHUAZd6oAQA&_nc_gid=UBcHHiJNPcVQckQI8GWV6w&_nc_ss=7f180&_nc_zt=28&oh=00_AQF4XXEy6nICrrlra2s6-AYR1LKgywEg3NXJtVg8z4Rm4g&oe=6A757A14,"['FACEBOOK', 'INSTAGRAM', 'AUDIENCE_NETWORK', 'MESSENGER', 'THREADS']",au,cw,facebook,social,2026-W31,2026-08,"FACEBOOK, INSTAGRAM, AUDIENCE_NETWORK, MESSENGER, THREADS",True,True,True,True,True,False,Brand/Category Page,True,False,False,2026-08-03,2026-06-03 07:00:00,2026-08-03 15:37:17.103942,61
1549032246934016,1027729896592482,True,2026-05-29 07:00:00,2026-08-02 07:00:00,Chemist Warehouse,Chemist Warehouse,Shop Nude by Nature's best selling blush drops,"A lightweight, buildable serum blush that delivers a fresh, dewy flush of colour. Clean colour. Real Results.",Shop now,VIDEO,https://www.chemistwarehouse.com.au/shop-online/2601/nude-by-nature?&utm_source=facebook&utm_medium=social&utm_campaign=au_cw_coop_facebook_social_nudebynatureptyltd_nudebynature_648_2026_100097-bau_video-image&utm_term=conversion&utm_content=video-image_kol,www.chemistwarehouse.com.au,/shop-online/2601/nude-by-nature,facebook,social,au_cw_coop_facebook_social_nudebynatureptyltd_nudebynature_648_2026_100097-bau_video-image,648,conversion,video-image_kol,Coop,Nudebynatureptyltd,Nudebynature,2026,video-image,,,,,,"['FACEBOOK', 'INSTAGRAM', 'AUDIENCE_NETWORK', 'MESSENGER', 'THREADS']",au,cw,facebook,social,2026-W31,2026-08,"FACEBOOK, INSTAGRAM, AUDIENCE_NETWORK, MESSENGER, THREADS",True,True,True,True,True,False,Brand/Category Page,True,False,False,2026-08-03,2026-05-29 07:00:00,2026-08-03 15:37:17.103942,66
2828822474146430,1526126569125130,True,2026-05-29 07:00:00,2026-08-02 07:00:00,Chemist Warehouse,Chemist Warehouse,Shop Nude by Nature,"The Skin Radiance Foundation is a long wearing, light to medium coverage foundation with a radiant, dewy finish.",Shop now,VIDEO,https://www.chemistwarehouse.com.au/shop-online/2601/nude-by-nature?&utm_source=facebook&utm_medium=social&utm_campaign=au_cw_coop_facebook_social_nudebynatureptyltd_nudebynature_648_2026_100097-bau_video-image&utm_term=conversion&utm_content=video-image_kol,www.chemistwarehouse.com.au,/shop-online/2601/nude-by-nature,facebook,social,au_cw_coop_facebook_social_nudebynatureptyltd_nudebynature_648_2026_100097-bau_video-image,648,conversion,video-image_kol,Coop,Nudebynatureptyltd,Nudebynature,2026,video-image,,,,,,"['FACEBOOK', 'INSTAGRAM', 'AUDIENCE_NETWORK', 'MESSENGER', 'THREADS']",au,cw,facebook,social,2026-W31,2026-08,"FACEBOOK, INSTAGRAM, AUDIENCE_NETWORK, MESSENGER, THREADS",True,True,True,True,True,False,Brand/Category Page,True,False,False,2026-08-03,2026-05-29 07:00:00,2026-08-03 15:37:17.103942,66
1544289040586532,1718285125853500,True,2026-06-03 07:00:00,2026-08-02 07:00:00,Chemist Warehouse,Chemist Warehouse,{{product.name}},{{product.brand}},Shop now,DCO,https://www.chemistwarehouse.com.au/shop-online/6413/epzen-body-washes-lotions?utm_source=facebook&utm_medium=social&utm_campaign=au_cw_oa_facebook_social_vitalitybrandsworldwide_epzen_259_2026_100462-oa_video-image&utm_term=traffic&utm_content=video-image_all,www.chemistwarehouse.com.au,/shop-online/6413/epzen-body-washes-lotions,facebook,social,au_cw_oa_facebook_social_vitalitybrandsworldwide_epzen_259_2026_100462-oa_video-image,259,traffic,video-image_all,O&O,Vitalitybrandsworldwide,Epzen,2026,video-image,Get Drenched,"We're epzen, your favourite bath and bodycare brand, who doesn't ask you to do better or be more.

💗 Natural ingredients",Shop Now,,https://video.fpss5-1.fna.fbcdn.net/o1/v/t2/f2/m366/AQPuG9o7QMkfFjzmZCErso0CGqWCEtswi9jr8umqVJ0T50J-8VG5yVFzxb34DIvIaPYgAKNG1IiSqQPEuizTHgtppbrxAR5BrMvq_vQkmm0ApQ.mp4?_nc_cat=111&_nc_oc=AdqWhVG5J2f-_cjwpduGZB5td7iYb5MjXFqNvPVeUFmNnXYr39HzFfdxpYZu8p8-I2Q&_nc_sid=b66105&_nc_ht=video.fpss5-1.fna.fbcdn.net&_nc_ohc=pFNtGa4_rFEQ7kNvwH4sdB2&efg=eyJ2ZW5jb2RlX3RhZyI6Inhwdl9wcm9ncmVzc2l2ZS5WSV9VU0VDQVNFX1BST0RVQ1RfVFlQRS4uQzMuNzIwLmRhc2hfaDI2NC1iYXNpYy1nZW4yXzcyMHAiLCJ4cHZfYXNzZXRfaWQiOjE1Njk1NjUyODgxMjQzNTQsImFzc2V0X2FnZV9kYXlzIjo2MCwidmlfdXNlY2FzZV9pZCI6MTA3OTksImR1cmF0aW9uX3MiOjIwLCJ1cmxnZW5fc291cmNlIjoid3d3In0%3D&ccb=17-1&vs=3b242571b2386c5b&_nc_vs=HBksFQIYRWZiX2VwaGVtZXJhbC83QTQzQkIxRjk5MDdDNkUzMjUzRUE0MEZBMzhGNEY5MF9tdF8xX3ZpZGVvX2Rhc2hpbml0Lm1wNBUAAsgBEgAVAhhAZmJfcGVybWFuZW50L0NENEEyMTU2MTkyNTZDRENCRkZDRTREODIxODI5MkJGX2F1ZGlvX2Rhc2hpbml0Lm1wNBUCAsgBEgAoABgAGwKIB3VzZV9vaWwBMRJwcm9ncmVzc2l2ZV9yZWNpcGUBMRUAACaEv5rX3ODJBRUCKAJDMywXQDQAAAAAAAAYGWRhc2hfaDI2NC1iYXNpYy1nZW4yXzcyMHARAHUAZd6oAQA&_nc_gid=UBcHHiJNPcVQckQI8GWV6w&_nc_ss=7f180&_nc_zt=28&oh=00_AQGmJPVdazLkhXpGBx1R14ymhDj97MnZUGUXCwwIiJ034Q&oe=6A759571,"['FACEBOOK', 'INSTAGRAM', 'AUDIENCE_NETWORK', 'MESSENGER', 'WHATSAPP', 'THREADS']",au,cw,facebook,social,2026-W31,2026-08,"FACEBOOK, INSTAGRAM, AUDIENCE_NETWORK, MESSENGER, WHATSAPP, THREADS",True,True,True,True,True,True,Brand/Category Page,True,False,False,2026-08-03,2026-06-03 07:00:00,2026-08-03 15:37:17.103942,61
1720121482667929,994717026712109,True,2026-06-11 07:00:00,2026-08-01 07:00:00,Chemist Warehouse,Chemist Warehouse,{{product.name}},{{product.brand}},Shop now,DCO,https://www.chemistwarehouse.com.au/shop-online/902/sukin?utm_source=facebook&utm_medium=social&utm_campaign=au_cw_coop_facebook_social_bwxbrandsptyltd_sukin_665_2026_100133-bau_video-image&utm_term=traffic&utm_content=video-image_all,www.chemistwarehouse.com.au,/shop-online/902/sukin,facebook,social,au_cw_coop_facebook_social_bwxbrandsptyltd_sukin_665_2026_100133-bau_video-image,665,traffic,video-image_all,Coop,Bwxbrandsptyltd,Sukin,2026,video-image,Sukin's New Radiance,"Gift your mum the glow she deserves with Sukin's new Glow Active C, Clinically proven.",Shop Now,https://scontent.fpss5-1.fna.fbcdn.net/v/t39.35426-6/720112094_1679340799991662_2334275423877427129_n.jpg?_nc_cat=100&ccb=1-7&_nc_sid=c53f8f&_nc_ohc=MPMUIAYBDVsQ7kNvwF4Fmf6&_nc_oc=AdqofciZPHPtLXLqnkH7GJ3wtt9k4I8x8xOZd1QJbwi5o3Pz34-ca7Wom9llOkqybAU&_nc_zt=14&_nc_ht=scontent.fpss5-1.fna&_nc_gid=AdWarWNOS89ASDzXKBPYyw&_nc_ss=7f180&oh=00_AQG54YiiDOie8tpV9HWH7psUIU1T3QqOQ0GPvVAVO-A4cw&oe=6A75AB92,,"['FACEBOOK', 'INSTAGRAM', 'AUDIENCE_NETWORK', 'MESSENGER', 'WHATSAPP', 'THREADS']",au,cw,facebook,social,2026-W31,2026-08,"FACEBOOK, INSTAGRAM, AUDIENCE_NETWORK, MESSENGER, WHATSAPP, THREADS",True,True,True,True,True,True,Brand/Category Page,True,False,False,2026-08-03,2026-06-11 07:00:00,2026-08-03 15:37:17.103942,53
1643061040509793,1597842961477032,True,2026-05-29 07:00:00,2026-08-02 07:00:00,Chemist Warehouse,Chemist Warehouse,Shop Nude by Nature today!,#ad Go bold with the NEW Lacquer Lip Serums.,Shop now,VIDEO,https://www.chemistwarehouse.com.au/shop-online/2601/nude-by-nature?&utm_source=facebook&utm_medium=social&utm_campaign=au_cw_coop_facebook_social_nudebynatureptyltd_nudebynature_648_2026_100097-bau_video-image&utm_term=conversion&utm_content=video-image_dominique-ugc,www.chemistwarehouse.com.au,/shop-online/2601/nude-by-nature,facebook,social,au_cw_coop_facebook_social_nudebynatureptyltd_nudebynature_648_2026_100097-bau_video-image,648,conversion,video-image_dominique-ugc,Coop,Nudebynatureptyltd,Nudebynature,2026,video-image,,,,,,"['FACEBOOK', 'INSTAGRAM', 'AUDIENCE_NETWORK', 'MESSENGER', 'THREADS']",au,cw,facebook,social,2026-W31,2026-08,"FACEBOOK, INSTAGRAM, AUDIENCE_NETWORK, MESSENGER, THREADS",True,True,True,True,True,False,Brand/Category Page,True,False,False,2026-08-03,2026-05-29 07:00:00,2026-08-03 15:37:17.103942,66
813799854943705,1977870582870596,True,2026-05-28 07:00:00,2026-08-02 07:00:00,Chemist Warehouse,Chemist Warehouse,The milky glaze that locks it all in.,Ready for a routine refresh? ✨ Shop now at Chemist Warehouse,Shop now,VIDEO,https://www.chemistwarehouse.com.au/shop-online/5644/mcobeauty-cosmetics?utm_source=facebook&utm_medium=social&utm_campaign=au_cw_coop_facebook_social_mcobeautyptyltd_mcobeauty_648_2026_100097-bau_video-image&utm_term=traffic&utm_content=video-image_generic,www.chemistwarehouse.com.au,/shop-online/5644/mcobeauty-cosmetics,facebook,social,au_cw_coop_facebook_social_mcobeautyptyltd_mcobeauty_648_2026_100097-bau_video-image,648,traffic,video-image_generic,Coop,Mcobeautyptyltd,Mcobeauty,2026,video-image,,,,,,"['FACEBOOK', 'INSTAGRAM', 'AUDIENCE_NETWORK', 'MESSENGER', 'WHATSAPP', 'THREADS']",au,cw,facebook,social,2026-W31,2026-08,"FACEBOOK, INSTAGRAM, AUDIENCE_NETWORK, MESSENGER, WHATSAPP, THREADS",True,True,True,True,True,True,Brand/Category Page,True,True,False,2026-08-03,2026-05-28 07:00:00,2026-08-03 15:37:17.103942,67
2432980090462185,1712313663519493,True,2026-05-28 07:00:00,2026-08-01 07:00:00,Chemist Warehouse,Chemist Warehouse,Unlock glass skin,"A hydrating, ultra-fine setting spray that locks in makeup, smooths powder
and delivers a glossy, glass like finish.",Shop now,VIDEO,https://www.chemistwarehouse.com.au/shop-online/5644/mcobeauty-cosmetics?utm_source=facebook&utm_medium=social&utm_campaign=au_cw_coop_facebook_social_mcobeautyptyltd_mcobeauty_648_2026_100097-bau_video-image&utm_term=traffic&utm_content=video-image_generic,www.chemistwarehouse.com.au,/shop-online/5644/mcobeauty-cosmetics,facebook,social,au_cw_coop_facebook_social_mcobeautyptyltd_mcobeauty_648_2026_100097-bau_video-image,648,traffic,video-image_generic,Coop,Mcobeautyptyltd,Mcobeauty,2026,video-image,,,,,,"['FACEBOOK', 'INSTAGRAM', 'AUDIENCE_NETWORK', 'MESSENGER', 'WHATSAPP', 'THREADS']",au,cw,facebook,social,2026-W31,2026-08,"FACEBOOK, INSTAGRAM, AUDIENCE_NETWORK, MESSENGER, WHATSAPP, THREADS",True,True,True,True,True,True,Brand/Category Page,True,False,False,2026-08-03,2026-05-28 07:00:00,2026-08-03 15:37:17.103942,67
1515371666655388,2284360432309530,True,2026-05-28 07:00:00,2026-08-01 07:00:00,Chemist Warehouse,Chemist Warehouse,The milky glaze that locks it all in.,"Milky Toner is here!  A rich toner essence with Ceramides and Hyaluronic Acid to hydrate, smooth and prep skin for makeup.",Shop now,VIDEO,https://www.chemistwarehouse.com.au/shop-online/5644/mcobeauty-cosmetics?utm_source=facebook&utm_medium=social&utm_campaign=au_cw_coop_facebook_social_mcobeautyptyltd_mcobeauty_648_2026_100097-bau_video-image&utm_term=traffic&utm_content=video-image_generic,www.chemistwarehouse.com.au,/shop-online/5644/mcobeauty-cosmetics,facebook,social,au_cw_coop_facebook_social_mcobeautyptyltd_mcobeauty_648_2026_100097-bau_video-image,648,traffic,video-image_generic,Coop,Mcobeautyptyltd,Mcobeauty,2026,video-image,,,,,,"['FACEBOOK', 'INSTAGRAM', 'AUDIENCE_NETWORK', 'MESSENGER', 'WHATSAPP', 'THREADS']",au,cw,facebook,social,2026-W31,2026-08,"FACEBOOK, INSTAGRAM, AUDIENCE_NETWORK, MESSENGER, WHATSAPP, THREADS",True,True,True,True,True,True,Brand/Category Page,True,False,False,2026-08-03,2026-05-28 07:00:00,2026-08-03 15:37:17.103942,67
1022679633514989,1375789770981081,True,2026-05-28 07:00:00,2026-08-02 07:00:00,Chemist Warehouse,Chemist Warehouse,"Luminous cream blush with a dewy, moisturising finish","Creates a soft, warm glow for your cheeks and lips. Made with Castor Oil, Jojoba Seed Oil, Shea Butter, and Hyaluronic Acid",Shop now,VIDEO,https://www.chemistwarehouse.com.au/shop-online/5644/mcobeauty-cosmetics?utm_source=facebook&utm_medium=social&utm_campaign=au_cw_coop_facebook_social_mcobeautyptyltd_mcobeauty_648_2026_100097-bau_video-image&utm_term=traffic&utm_content=video-image_generic,www.chemistwarehouse.com.au,/shop-online/5644/mcobeauty-cosmetics,facebook,social,au_cw_coop_facebook_social_mcobeautyptyltd_mcobeauty_648_2026_100097-bau_video-image,648,traffic,video-image_generic,Coop,Mcobeautyptyltd,Mcobeauty,2026,video-image,,,,,,"['FACEBOOK', 'INSTAGRAM', 'AUDIENCE_NETWORK', 'MESSENGER', 'WHATSAPP', 'THREADS']",au,cw,facebook,social,2026-W31,2026-08,"FACEBOOK, INSTAGRAM, AUDIENCE_NETWORK, MESSENGER, WHATSAPP, THREADS",True,True,True,True,True,True,Brand/Category Page,True,False,False,2026-08-03,2026-05-28 07:00:00,2026-08-03 15:37:17.103942,67
1033838849302706,1256205939660638,True,2026-05-27 07:00:00,2026-08-01 07:00:00,Chemist Warehouse,Chemist Warehouse,Shop Now,Shop Emla now at Chemist Warehouse!,Shop now,VIDEO,https://www.chemistwarehouse.com.au/buy/4238/emla-cream-5-30g-tube?utm_source=facebook&utm_medium=social&utm_campaign=au_cw_oa_facebook_social_aspenpharmacareaustralia_emla_99_may26_100498-oa_video-image&utm_term=traffic&utm_content=video-image_gwen,www.chemistwarehouse.com.au,/buy/4238/emla-cream-5-30g-tube,facebook,social,au_cw_oa_facebook_social_aspenpharmacareaustralia_emla_99_may26_100498-oa_video-image,99,traffic,video-image_gwen,O&O,Aspenpharmacareaustralia,Emla,may26,video-image,,,,,,"['FACEBOOK', 'INSTAGRAM', 'AUDIENCE_NETWORK', 'MESSENGER', 'WHATSAPP', 'THREADS']",au,cw,facebook,social,2026-W31,2026-08,"FACEBOOK, INSTAGRAM, AUDIENCE_NETWORK, MESSENGER, WHATSAPP, THREADS",True,True,True,True,True,True,SKU Product,True,True,False,2026-08-03,2026-05-27 07:00:00,2026-08-03 15:37:17.103942,68
1404627135032645,1901551597210780,True,2026-05-27 07:00:00,2026-08-01 07:00:00,Chemist Warehouse,Chemist Warehouse,Shop Now,Shop Emla now at Chemist Warehouse!,Shop now,VIDEO,https://www.chemistwarehouse.com.au/buy/4238/emla-cream-5-30g-tube?utm_source=facebook&utm_medium=social&utm_campaign=au_cw_oa_facebook_social_aspenpharmacareaustralia_emla_99_may26_100498-oa_video-image&utm_term=traffic&utm_content=video-image_matilda,www.chemistwarehouse.com.au,/buy/4238/emla-cream-5-30g-tube,facebook,social,au_cw_oa_facebook_social_aspenpharmacareaustralia_emla_99_may26_100498-oa_video-image,99,traffic,video-image_matilda,O&O,Aspenpharmacareaustralia,Emla,may26,video-image,,,,,,"['FACEBOOK', 'INSTAGRAM', 'AUDIENCE_NETWORK', 'MESSENGER', 'WHATSAPP', 'THREADS']",au,cw,facebook,social,2026-W31,2026-08,"FACEBOOK, INSTAGRAM, AUDIENCE_NETWORK, MESSENGER, WHATSAPP, THREADS",True,True,True,True,True,True,SKU Product,True,True,False,2026-08-03,2026-05-27 07:00:00,2026-08-03 15:37:17.103942,68
1663731001418301,1276506504633421,True,2026-05-27 07:00:00,2026-08-02 07:00:00,Chemist Warehouse,Chemist Warehouse,{{product.name}},{{product.brand}},Shop now,DCO,https://www.chemistwarehouse.com.au/shop-online/5318/garnier?category=Skincare&utm_source=facebook&utm_medium=social&utm_campaign=au_cw_coop_facebook_social_lorealaustraliaptyltd_garnier_665_may26_100045-bau_image&utm_term=traffic&utm_content=image_brand,www.chemistwarehouse.com.au,/shop-online/5318/garnier,facebook,social,au_cw_coop_facebook_social_lorealaustraliaptyltd_garnier_665_may26_100045-bau_image,665,traffic,image_brand,Coop,Lorealaustraliaptyltd,Garnier,may26,image,Your 2-Step Glow,"Say goodbye to dull skin! Garnier’s Vitamin C Serum + NEW Sorbet Cream duo targets the apperance of dark spots for visibly radiant, even skin tone.",Shop Now,https://scontent.fpss5-1.fna.fbcdn.net/v/t39.35426-6/703170423_1295524332746826_9075596120764495225_n.jpg?_nc_cat=111&ccb=1-7&_nc_sid=c53f8f&_nc_ohc=LosvhAZlymgQ7kNvwERzvCm&_nc_oc=AdqFhh3uO-QoIvPU2P4Gu_iPXvw7Ua5AEpIn6F9kB_AUeL_jYmujYVEwWc8H2rgJ6WY&_nc_zt=14&_nc_ht=scontent.fpss5-1.fna&_nc_gid=UBcHHiJNPcVQckQI8GWV6w&_nc_ss=7f180&oh=00_AQGYAB_MCf1L5c1G4o4vcDiV-xvVpQ6Sau6bEPIXzKnrBQ&oe=6A758E30,,"['FACEBOOK', 'INSTAGRAM', 'AUDIENCE_NETWORK', 'MESSENGER', 'THREADS']",au,cw,facebook,social,2026-W31,2026-08,"FACEBOOK, INSTAGRAM, AUDIENCE_NETWORK, MESSENGER, THREADS",True,True,True,True,True,False,Brand/Category Page,True,False,False,2026-08-03,2026-05-27 07:00:00,2026-08-03 15:37:17.103942,68
1673966530510184,26974417422198457,True,2026-05-29 07:00:00,2026-08-02 07:00:00,Chemist Warehouse,Chemist Warehouse,The milky glaze that locks it all in,"Milky Toner is here! A rich toner essence with Ceramides and Hyaluronic Acid to hydrate, smooth and prep skin for makeup. Shop now at Chemist Warehouse",Shop now,VIDEO,https://www.chemistwarehouse.com.au/shop-online/5644/mcobeauty-cosmetics?utm_source=facebook&utm_medium=social&utm_campaign=au_cw_coop_facebook_social_mcobeautyptyltd_mcobeauty_648_2026_100097-bau_video-image&utm_term=traffic&utm_content=video-image_generic,www.chemistwarehouse.com.au,/shop-online/5644/mcobeauty-cosmetics,facebook,social,au_cw_coop_facebook_social_mcobeautyptyltd_mcobeauty_648_2026_100097-bau_video-image,648,traffic,video-image_generic,Coop,Mcobeautyptyltd,Mcobeauty,2026,video-image,,,,,,"['FACEBOOK', 'INSTAGRAM', 'AUDIENCE_NETWORK', 'MESSENGER', 'WHATSAPP', 'THREADS']",au,cw,facebook,social,2026-W31,2026-08,"FACEBOOK, INSTAGRAM, AUDIENCE_NETWORK, MESSENGER, WHATSAPP, THREADS",True,True,True,True,True,True,Brand/Category Page,True,True,False,2026-08-03,2026-05-29 07:00:00,2026-08-03 15:37:17.103942,66
982294970857656,1679139489989761,True,2026-05-27 07:00:00,2026-08-02 07:00:00,Chemist Warehouse,Chemist Warehouse,{{product.name}},{{product.brand}},Shop now,DCO,https://www.chemistwarehouse.com.au/shop-online/5318/garnier?category=Skincare&utm_source=facebook&utm_medium=social&utm_campaign=au_cw_coop_facebook_social_lorealaustraliaptyltd_garnier_665_may26_100045-bau_image&utm_term=traffic&utm_content=image_brand,www.chemistwarehouse.com.au,/shop-online/5318/garnier,facebook,social,au_cw_coop_facebook_social_lorealaustraliaptyltd_garnier_665_may26_100045-bau_image,665,traffic,image_brand,Coop,Lorealaustraliaptyltd,Garnier,may26,image,Your 2-Step Glow,"Say goodbye to dull skin! Garnier’s Vitamin C Serum + NEW Sorbet Cream duo targets the apperance of dark spots for visibly radiant, even skin tone.",Shop Now,https://scontent.fpss5-1.fna.fbcdn.net/v/t39.35426-6/703356045_2546302639201426_3083990222628622759_n.jpg?_nc_cat=109&ccb=1-7&_nc_sid=c53f8f&_nc_ohc=cv86ECkWFgQQ7kNvwHhxhl5&_nc_oc=AdqeAFk9TOIhXoGlD9zQ6A9Csl6VR0rRvpecjNOljKg4Gf8wzQ0Fvot094QiRHvCfeM&_nc_zt=14&_nc_ht=scontent.fpss5-1.fna&_nc_gid=Vv_hxOc-FzSs8mnPBuwt9A&_nc_ss=7f180&oh=00_AQH4A61IOcckQKEb194OOZWSe6im8xSpazxGbk_FVo5XMQ&oe=6A759DDF,,"['FACEBOOK', 'INSTAGRAM', 'AUDIENCE_NETWORK', 'MESSENGER', 'THREADS']",au,cw,facebook,social,2026-W31,2026-08,"FACEBOOK, INSTAGRAM, AUDIENCE_NETWORK, MESSENGER, THREADS",True,True,True,True,True,False,Brand/Category Page,True,False,False,2026-08-03,2026-05-27 07:00:00,2026-08-03 15:37:17.103942,68
946735031686834,967083702701792,True,2026-05-27 07:00:00,2026-07-05 07:00:00,Chemist Warehouse,Chemist Warehouse,{{product.name}},{{product.brand}},Shop now,DCO,https://www.chemistwarehouse.com.au/shop-online/5318/garnier?category=Skincare&utm_source=facebook&utm_medium=social&utm_campaign=au_cw_coop_facebook_social_lorealaustraliaptyltd_garnier_665_may26_100045-bau_image&utm_term=traffic&utm_content=image_brand,www.chemistwarehouse.com.au,/shop-online/5318/garnier,facebook,social,au_cw_coop_facebook_social_lorealaustraliaptyltd_garnier_665_may26_100045-bau_image,665,traffic,image_brand,Coop,Lorealaustraliaptyltd,Garnier,may26,image,Your 2-Step Glow,"Say goodbye to dull skin! Garnier’s Vitamin C Serum + NEW Sorbet Cream duo targets the apperance of dark spots for visibly radiant, even skin tone.",Shop Now,https://scontent.fpss5-1.fna.fbcdn.net/v/t39.35426-6/701742640_4543544625965671_6767314706399862805_n.jpg?_nc_cat=107&ccb=1-7&_nc_sid=c53f8f&_nc_ohc=t19wQ2lWA4YQ7kNvwFt7P20&_nc_oc=AdqJW08IUDF1aqGgNkA0qqbUIO-_fTCA1-W1KKaHstr89xFVVzRorviSVLcL14er7tQ&_nc_zt=14&_nc_ht=scontent.fpss5-1.fna&_nc_gid=Vv_hxOc-FzSs8mnPBuwt9A&_nc_ss=7f180&oh=00_AQF_udARMuaqTWvSB9ZkwD6uJDv2bapR0sCBx6HEtwwN_A&oe=6A758A69,,"['FACEBOOK', 'INSTAGRAM', 'AUDIENCE_NETWORK', 'MESSENGER', 'THREADS']",au,cw,facebook,social,2026-W31,2026-08,"FACEBOOK, INSTAGRAM, AUDIENCE_NETWORK, MESSENGER, THREADS",True,True,True,True,True,False,Brand/Category Page,True,False,False,2026-08-03,2026-05-27 07:00:00,2026-08-03 15:37:17.103942,68
1671438504067519,3759706310832769,True,2026-06-01 07:00:00,2026-08-02 07:00:00,Chemist Warehouse,Chemist Warehouse,Discover the Organic Difference,"A pure start to life. Made with organic milk. Naturally gentle, made for little tummies. Discover the full range online today!",Learn more,VIDEO,https://fb.com/canvas_doc/1505292411071993,fb.com,/canvas_doc/1505292411071993,,,,,,,Not Specified,,,,,,,,,,"['FACEBOOK', 'INSTAGRAM', 'AUDIENCE_NETWORK', 'MESSENGER', 'THREADS']",,,,,2026-W31,2026-08,"FACEBOOK, INSTAGRAM, AUDIENCE_NETWORK, MESSENGER, THREADS",True,True,True,True,True,False,Internal/App Page,True,False,False,2026-08-03,2026-06-01 07:00:00,2026-08-03 15:37:17.103942,63
1332692462332560,960019757090737,True,2026-06-11 07:00:00,2026-08-02 07:00:00,Chemist Warehouse,Chemist Warehouse,{{product.name}},{{product.brand}},Shop now,DCO,https://www.chemistwarehouse.com.au/shop-online/4617/essano-skincare?utm_source=facebook&utm_medium=social&utm_campaign=au_cw_coop_facebook_social_vitalitybrandsworldwide_essano_665_2026_100243-bau_video-image&utm_term=traffic&utm_content=video-image_all,www.chemistwarehouse.com.au,/shop-online/4617/essano-skincare,facebook,social,au_cw_coop_facebook_social_vitalitybrandsworldwide_essano_665_2026_100243-bau_video-image,665,traffic,video-image_all,Coop,Vitalitybrandsworldwide,Essano,2026,video-image,One drop closer to quenched skin,"Plump, hydrated skin starts with essano Hydration+ powered by four weights of hyaluronic acid. No fluff, just results.",Shop Now,https://scontent.fpss5-1.fna.fbcdn.net/v/t39.35426-6/719051238_2305732499956254_5785978151516134274_n.jpg?_nc_cat=107&ccb=1-7&_nc_sid=c53f8f&_nc_ohc=tVTur8Wq298Q7kNvwHgj0ua&_nc_oc=AdqG-mUEHlkE5AhbaJqmJ8x4O9rBz7rlYs_9WRNjiQyO6--sWJ0o-8LkvfMwJwkGrZc&_nc_zt=14&_nc_ht=scontent.fpss5-1.fna&_nc_gid=UBcHHiJNPcVQckQI8GWV6w&_nc_ss=7f180&oh=00_AQHx3FCmhecOgdKQFHlbyElbG57F6uMQx1qGfVHcH6C2vQ&oe=6A75845E,,"['FACEBOOK', 'INSTAGRAM', 'AUDIENCE_NETWORK', 'MESSENGER', 'THREADS']",au,cw,facebook,social,2026-W31,2026-08,"FACEBOOK, INSTAGRAM, AUDIENCE_NETWORK, MESSENGER, THREADS",True,True,True,True,True,False,Brand/Category Page,True,False,False,2026-08-03,2026-06-11 07:00:00,2026-08-03 15:37:17.103942,53
993487136783891,1312113263851782,True,2026-06-11 07:00:00,2026-08-02 07:00:00,Chemist Warehouse,Chemist Warehouse,{{product.name}},{{product.brand}},Shop now,DCO,https://www.chemistwarehouse.com.au/shop-online/4617/essano-skincare?utm_source=facebook&utm_medium=social&utm_campaign=au_cw_coop_facebook_social_vitalitybrandsworldwide_essano_665_2026_100243-bau_video-image&utm_term=traffic&utm_content=video-image_all,www.chemistwarehouse.com.au,/shop-online/4617/essano-skincare,facebook,social,au_cw_coop_facebook_social_vitalitybrandsworldwide_essano_665_2026_100243-bau_video-image,665,traffic,video-image_all,Coop,Vitalitybrandsworldwide,Essano,2026,video-image,One drop closer to quenched skin,"Plump, hydrated skin starts with essano Hydration+ powered by four weights of hyaluronic acid. No fluff, just results.",Shop Now,https://scontent.fpss5-1.fna.fbcdn.net/v/t39.35426-6/719598180_2187987498627125_4184615972373812202_n.jpg?_nc_cat=103&ccb=1-7&_nc_sid=c53f8f&_nc_ohc=D3vXzfIsrt8Q7kNvwFAAh_N&_nc_oc=AdqP4xX0wjRIqOBWNcJRX92FQzMWT5uiw2e2M9AuXM9FG9drItIyrR7CQ1PLPeHR7IQ&_nc_zt=14&_nc_ht=scontent.fpss5-1.fna&_nc_gid=UBcHHiJNPcVQckQI8GWV6w&_nc_ss=7f180&oh=00_AQFcACSXhwCcEiiSyb3moBWUt9T75e93xEGOLdVHlGy_Gg&oe=6A758E11,,"['FACEBOOK', 'INSTAGRAM', 'AUDIENCE_NETWORK', 'MESSENGER', 'THREADS']",au,cw,facebook,social,2026-W31,2026-08,"FACEBOOK, INSTAGRAM, AUDIENCE_NETWORK, MESSENGER, THREADS",True,True,True,True,True,False,Brand/Category Page,True,False,False,2026-08-03,2026-06-11 07:00:00,2026-08-03 15:37:17.103942,53
1189471696621063,1911101179566146,True,2026-06-11 07:00:00,2026-08-02 07:00:00,Chemist Warehouse,Chemist Warehouse,{{product.name}},{{product.brand}},Shop now,DCO,https://www.chemistwarehouse.com.au/shop-online/4617/essano-skincare?utm_source=facebook&utm_medium=social&utm_campaign=au_cw_coop_facebook_social_vitalitybrandsworldwide_essano_665_2026_100243-bau_video-image&utm_term=traffic&utm_content=video-image_all,www.chemistwarehouse.com.au,/shop-online/4617/essano-skincare,facebook,social,au_cw_coop_facebook_social_vitalitybrandsworldwide_essano_665_2026_100243-bau_video-image,665,traffic,video-image_all,Coop,Vitalitybrandsworldwide,Essano,2026,video-image,One drop closer to quenched skin,"Plump, hydrated skin starts with essano Hydration+ powered by four weights of hyaluronic acid. No fluff, just results.",Shop Now,https://scontent.fpss5-1.fna.fbcdn.net/v/t39.35426-6/719969380_1642144346843295_6340368107692613312_n.jpg?_nc_cat=106&ccb=1-7&_nc_sid=c53f8f&_nc_ohc=UwynisGBmp4Q7kNvwER8E0Z&_nc_oc=Ado7fsn5Cx7Pm45QluYLwelquTFr2I3S3SsgqYUibrl04Uq_Ff7nxtbhMebcfRqYjZI&_nc_zt=14&_nc_ht=scontent.fpss5-1.fna&_nc_gid=UBcHHiJNPcVQckQI8GWV6w&_nc_ss=7f180&oh=00_AQGhn2XOtbZAHj7wKaQc09ru_WjiEKIQWcm5zzBkKXxNnA&oe=6A758971,,"['FACEBOOK', 'INSTAGRAM', 'AUDIENCE_NETWORK', 'MESSENGER', 'THREADS']",au,cw,facebook,social,2026-W31,2026-08,"FACEBOOK, INSTAGRAM, AUDIENCE_NETWORK, MESSENGER, THREADS",True,True,True,True,True,False,Brand/Category Page,True,False,False,2026-08-03,2026-06-11 07:00:00,2026-08-03 15:37:17.103942,53
1290593333190723,1025939226431148,True,2026-05-24 07:00:00,2026-08-02 07:00:00,Chemist Warehouse,Chemist Warehouse,Choose High‑Quality Ester-C Vitamin C for Family,GO ESTER‑C® products contain high‑quality Ester‑C® Vitamin C with superior absorption. Non‑acidic and gentle on the stomach.,See details,VIDEO,https://www.chemistwarehouse.com.au/shop-online/2997/go-healthy?utm_source=facebook&utm_medium=social&utm_campaign=au_cw_coop_facebook_social_thebetterhealthcompanyaustralia_gohealthy_81_2026_bau_dynamic&utm_term=traffic&utm_content=image_branding,www.chemistwarehouse.com.au,/shop-online/2997/go-healthy,facebook,social,au_cw_coop_facebook_social_thebetterhealthcompanyaustralia_gohealthy_81_2026_bau_dynamic,81,traffic,image_branding,Coop,Thebetterhealthcompanyaustralia,Gohealthy,2026,dynamic,,,,,,"['FACEBOOK', 'INSTAGRAM', 'MESSENGER']",au,cw,facebook,social,2026-W31,2026-08,"FACEBOOK, INSTAGRAM, MESSENGER",True,True,False,True,False,False,Brand/Category Page,True,False,False,2026-08-03,2026-05-24 07:00:00,2026-08-03 15:37:17.103942,71
1210379894448587,1688323015511864,True,2026-06-04 07:00:00,2026-08-02 07:00:00,Chemist Warehouse,Chemist Warehouse,{{product.name}},{{product.brand}},Shop now,DCO,https://www.chemistwarehouse.com.au/shop-online/1225/vicks?utm_source=facebook&utm_medium=social&utm_campaign=au_cw_oa_facebook_social_proctergambleaustralia_vicks_258_may26_100493-traffic_video-image&utm_term=traffic&utm_content=video-image_strat-kid-landscape,www.chemistwarehouse.com.au,/shop-online/1225/vicks,facebook,social,au_cw_oa_facebook_social_proctergambleaustralia_vicks_258_may26_100493-traffic_video-image,258,traffic,video-image_strat-kid-landscape,O&O,Proctergambleaustralia,Vicks,may26,video-image,Shop at Chemist Warehouse,Cough & Cold? Vicks has your back this winter. Fast Click & Collect at Chemist Warehouse,Shop Now,,https://video.fpss5-1.fna.fbcdn.net/o1/v/t2/f2/m366/AQOuIBg3rEpbnn9oVW7Ep3YgsSfTgwCKUuqis0INC3YJV3HV8gze9U7IRBnhs0qCfZkd9xsMHr36rRYMIeQJgOGDKsRoRvYm6v0EItMewGR7FQ.mp4?_nc_cat=103&_nc_oc=AdomHv6xX0YLFPJJwsWphKvvIXmRX5no3Xy_Z4ljc0L7bF3seErv130G1mL27QvVoGM&_nc_sid=b66105&_nc_ht=video.fpss5-1.fna.fbcdn.net&_nc_ohc=cEFhnBORAYEQ7kNvwGKk-Ol&efg=eyJ2ZW5jb2RlX3RhZyI6Inhwdl9wcm9ncmVzc2l2ZS5WSV9VU0VDQVNFX1BST0RVQ1RfVFlQRS4uQzMuNzIwLmRhc2hfaDI2NC1iYXNpYy1nZW4yXzcyMHAiLCJ4cHZfYXNzZXRfaWQiOjEwMTYyMTExNjc2MTU0MDYsImFzc2V0X2FnZV9kYXlzIjo1OSwidmlfdXNlY2FzZV9pZCI6MTA3OTksImR1cmF0aW9uX3MiOjYsInVybGdlbl9zb3VyY2UiOiJ3d3cifQ%3D%3D&ccb=17-1&vs=415ee1317b3ec94d&_nc_vs=HBksFQIYRWZiX2VwaGVtZXJhbC82RDQ1NjA0OUYzRTg4MTU3MDI3QzhERjgyOTFGOTc4Nl9tdF8xX3ZpZGVvX2Rhc2hpbml0Lm1wNBUAAsgBEgAVAhhAZmJfcGVybWFuZW50LzU4NENGODVDNTQ5REQ0QTdEMjJCNjhEODgxNkQ3MkFGX2F1ZGlvX2Rhc2hpbml0Lm1wNBUCAsgBEgAoABgAGwKIB3VzZV9vaWwBMRJwcm9ncmVzc2l2ZV9yZWNpcGUBMRUAACbc5syao4_OAxUCKAJDMywXQBgAAAAAAAAYGWRhc2hfaDI2NC1iYXNpYy1nZW4yXzcyMHARAHUAZd6oAQA&_nc_gid=UBcHHiJNPcVQckQI8GWV6w&_nc_ss=7f180&_nc_zt=28&oh=00_AQH7hrsKF6XM8I-Ayu0G-YMEniLeAcSZ_bO6eJ3LDScdMA&oe=6A75A6F5,"['FACEBOOK', 'INSTAGRAM', 'AUDIENCE_NETWORK', 'MESSENGER', 'WHATSAPP', 'THREADS']",au,cw,facebook,social,2026-W31,2026-08,"FACEBOOK, INSTAGRAM, AUDIENCE_NETWORK, MESSENGER, WHATSAPP, THREADS",True,True,True,True,True,True,Brand/Category Page,True,False,False,2026-08-03,2026-06-04 07:00:00,2026-08-03 15:37:17.103942,60
948148894889721,953177574251350,True,2026-06-02 07:00:00,2026-08-01 07:00:00,Chemist Warehouse,Chemist Warehouse,{{product.name}},{{product.brand}},Shop now,DCO,https://www.chemistwarehouse.com.au/shop-online/6413/epzen-body-washes-lotions?utm_source=facebook&utm_medium=social&utm_campaign=au_cw_oa_facebook_social_vitalitybrandsworldwide_epzen_259_2026_100462-oa_video-image&utm_term=traffic&utm_content=video-image_all,www.chemistwarehouse.com.au,/shop-online/6413/epzen-body-washes-lotions,facebook,social,au_cw_oa_facebook_social_vitalitybrandsworldwide_epzen_259_2026_100462-oa_video-image,259,traffic,video-image_all,O&O,Vitalitybrandsworldwide,Epzen,2026,video-image,Get Drenched,"Introducing the ultimate 2-step hydration routine:
💙 Triple Moisture Body Wash
💙 Triple Moisture Lotion",Shop Now,,,"['FACEBOOK', 'INSTAGRAM', 'AUDIENCE_NETWORK', 'MESSENGER', 'WHATSAPP', 'THREADS']",au,cw,facebook,social,2026-W31,2026-08,"FACEBOOK, INSTAGRAM, AUDIENCE_NETWORK, MESSENGER, WHATSAPP, THREADS",True,True,True,True,True,True,Brand/Category Page,True,False,False,2026-08-03,2026-06-02 07:00:00,2026-08-03 15:37:17.103942,62
1676732083478433,1452537026921100,True,2026-05-25 07:00:00,2026-08-02 07:00:00,Chemist Warehouse,Chemist Warehouse,Choose High‑Quality Ester-C Vitamin C for Family,GO ESTER‑C® products contain high‑quality Ester‑C® Vitamin C with superior absorption. Non‑acidic and gentle on the stomach.,Shop now,VIDEO,https://www.chemistwarehouse.com.au/shop-online/2997/go-healthy?utm_source=facebook&utm_medium=social&utm_campaign=au_cw_coop_facebook_social_thebetterhealthcompanyaustralia_gohealthy_81_2026_bau_dynamic&utm_term=traffic&utm_content=image_branding,www.chemistwarehouse.com.au,/shop-online/2997/go-healthy,facebook,social,au_cw_coop_facebook_social_thebetterhealthcompanyaustralia_gohealthy_81_2026_bau_dynamic,81,traffic,image_branding,Coop,Thebetterhealthcompanyaustralia,Gohealthy,2026,dynamic,,,,,,"['FACEBOOK', 'INSTAGRAM', 'MESSENGER']",au,cw,facebook,social,2026-W31,2026-08,"FACEBOOK, INSTAGRAM, MESSENGER",True,True,False,True,False,False,Brand/Category Page,True,False,False,2026-08-03,2026-05-25 07:00:00,2026-08-03 15:37:17.103942,70
1842953756662754,1729872451490482,True,2026-05-31 07:00:00,2026-08-02 07:00:00,Chemist Warehouse,Chemist Warehouse,Shop Bulldog Today,"Guys, if skincare feels too hard, Bulldog gets it! Simple, effective, and made for men's skin, beard & shave needs. Shop now at Chemist Warehouse!",Shop now,VIDEO,https://www.chemistwarehouse.com.au/shop-online/704064/bulldog?utm_source=facebook&utm_medium=social&utm_campaign=au_cw_coop_facebook_social_edgewellpersonalcareaustralia_bulldog_665_2026_100011-bau_video-image&utm_term=traffic&utm_content=video-image_all,www.chemistwarehouse.com.au,/shop-online/704064/bulldog,facebook,social,au_cw_coop_facebook_social_edgewellpersonalcareaustralia_bulldog_665_2026_100011-bau_video-image,665,traffic,video-image_all,Coop,Edgewellpersonalcareaustralia,Bulldog,2026,video-image,,,,,,"['FACEBOOK', 'INSTAGRAM', 'AUDIENCE_NETWORK', 'MESSENGER', 'THREADS']",au,cw,facebook,social,2026-W31,2026-08,"FACEBOOK, INSTAGRAM, AUDIENCE_NETWORK, MESSENGER, THREADS",True,True,True,True,True,False,Brand/Category Page,True,True,False,2026-08-03,2026-05-31 07:00:00,2026-08-03 15:37:17.103942,64
1734871017873989,3521773081330709,True,2026-05-31 07:00:00,2026-08-02 07:00:00,Chemist Warehouse,Chemist Warehouse,Discover the Organic Difference,"A pure start to life. Made with organic milk. Naturally gentle, made for little tummies. Discover the full range online today!",See details,VIDEO,https://fb.com/canvas_doc/974225728730321,fb.com,/canvas_doc/974225728730321,,,,,,,Not Specified,,,,,,,,,,"['FACEBOOK', 'INSTAGRAM', 'AUDIENCE_NETWORK', 'MESSENGER', 'THREADS']",,,,,2026-W31,2026-08,"FACEBOOK, INSTAGRAM, AUDIENCE_NETWORK, MESSENGER, THREADS",True,True,True,True,True,False,Internal/App Page,True,False,False,2026-08-03,2026-05-31 07:00:00,2026-08-03 15:37:17.103942,64
3548138365350653,,True,2026-05-24 07:00:00,2026-07-30 07:00:00,Chemist Warehouse,Chemist Warehouse,Ester-C Vitamin C  for 24-Hour Immune Support,"""24-Hour Immune Support
GO ESTER-C® IMMUNE COMPLEX provides 24 hour immune support  with Ester-C® Vitamin C.""",Shop now,IMAGE,https://www.chemistwarehouse.com.au/shop-online/2997/go-healthy?utm_source=facebook&utm_medium=social&utm_campaign=au_cw_coop_facebook_social_thebetterhealthcompanyaustralia_gohealthy_81_2026_bau_dynamic&utm_term=traffic&utm_content=image_branding,www.chemistwarehouse.com.au,/shop-online/2997/go-healthy,facebook,social,au_cw_coop_facebook_social_thebetterhealthcompanyaustralia_gohealthy_81_2026_bau_dynamic,81,traffic,image_branding,Coop,Thebetterhealthcompanyaustralia,Gohealthy,2026,dynamic,,,,,,"['FACEBOOK', 'INSTAGRAM', 'MESSENGER']",au,cw,facebook,social,2026-W31,2026-08,"FACEBOOK, INSTAGRAM, MESSENGER",True,True,False,True,False,False,Brand/Category Page,True,False,False,2026-08-03,2026-05-24 07:00:00,2026-08-03 15:37:17.103942,71
1312490700339446,,True,2026-05-26 07:00:00,2026-08-02 07:00:00,Chemist Warehouse,Chemist Warehouse,Ester-C Vitamin C  for 24-Hour Immune Support,"""24-Hour Immune Support
GO ESTER-C® IMMUNE COMPLEX provides 24 hour immune support  with Ester-C® Vitamin C.""",Shop now,IMAGE,https://www.chemistwarehouse.com.au/shop-online/2997/go-healthy?utm_source=facebook&utm_medium=social&utm_campaign=au_cw_coop_facebook_social_thebetterhealthcompanyaustralia_gohealthy_81_2026_bau_dynamic&utm_term=traffic&utm_content=image_branding,www.chemistwarehouse.com.au,/shop-online/2997/go-healthy,facebook,social,au_cw_coop_facebook_social_thebetterhealthcompanyaustralia_gohealthy_81_2026_bau_dynamic,81,traffic,image_branding,Coop,Thebetterhealthcompanyaustralia,Gohealthy,2026,dynamic,,,,,,"['FACEBOOK', 'INSTAGRAM', 'MESSENGER']",au,cw,facebook,social,2026-W31,2026-08,"FACEBOOK, INSTAGRAM, MESSENGER",True,True,False,True,False,False,Brand/Category Page,True,False,False,2026-08-03,2026-05-26 07:00:00,2026-08-03 15:37:17.103942,69
971602258837212,,True,2026-06-01 07:00:00,2026-08-02 07:00:00,Chemist Warehouse,Chemist Warehouse,Discover the Organic Difference,"A pure start to life. Made with organic milk. Naturally gentle, made for little tummies. Discover the full range online today!",Learn more,IMAGE,https://fb.com/canvas_doc/2059279925015697,fb.com,/canvas_doc/2059279925015697,,,,,,,Not Specified,,,,,,,,,,"['FACEBOOK', 'INSTAGRAM', 'AUDIENCE_NETWORK', 'MESSENGER', 'THREADS']",,,,,2026-W31,2026-08,"FACEBOOK, INSTAGRAM, AUDIENCE_NETWORK, MESSENGER, THREADS",True,True,True,True,True,False,Internal/App Page,True,False,False,2026-08-03,2026-06-01 07:00:00,2026-08-03 15:37:17.103942,63
1796869515028905,1025939226431148,True,2026-05-26 07:00:00,2026-08-02 07:00:00,Chemist Warehouse,Chemist Warehouse,Choose High‑Quality Ester-C Vitamin C for Family,GO ESTER‑C® products contain high‑quality Ester‑C® Vitamin C with superior absorption. Non‑acidic and gentle on the stomach.,See details,VIDEO,https://www.chemistwarehouse.com.au/shop-online/2997/go-healthy?utm_source=facebook&utm_medium=social&utm_campaign=au_cw_coop_facebook_social_thebetterhealthcompanyaustralia_gohealthy_81_2026_bau_dynamic&utm_term=traffic&utm_content=image_branding,www.chemistwarehouse.com.au,/shop-online/2997/go-healthy,facebook,social,au_cw_coop_facebook_social_thebetterhealthcompanyaustralia_gohealthy_81_2026_bau_dynamic,81,traffic,image_branding,Coop,Thebetterhealthcompanyaustralia,Gohealthy,2026,dynamic,,,,,,"['FACEBOOK', 'INSTAGRAM', 'MESSENGER']",au,cw,facebook,social,2026-W31,2026-08,"FACEBOOK, INSTAGRAM, MESSENGER",True,True,False,True,False,False,Brand/Category Page,True,False,False,2026-08-03,2026-05-26 07:00:00,2026-08-03 15:37:17.103942,69
1931129007519487,1291335976507023,True,2026-05-20 07:00:00,2026-08-02 07:00:00,Chemist Warehouse,Chemist Warehouse,{{product.name}},{{product.brand}},Shop now,DCO,https://www.chemistwarehouse.com.au/shop-online/3536/bioderma?utm_source=facebook&utm_medium=social&utm_campaign=au_cw_coop_facebook_social_naosaustraliaptyltd_bioderma_665_2026_100360-bau_video-image&utm_term=traffic&utm_content=video-image_all,www.chemistwarehouse.com.au,/shop-online/3536/bioderma,facebook,social,au_cw_coop_facebook_social_naosaustraliaptyltd_bioderma_665_2026_100360-bau_video-image,665,traffic,video-image_all,Coop,Naosaustraliaptyltd,Bioderma,2026,video-image,Available at Chemist Warehouse,"If you don't stop, why should your hydration? The Hydrabio Hydro Active range provides life-proof hydration.",Shop Now,https://scontent.fpss5-1.fna.fbcdn.net/v/t39.35426-6/704527253_3811818652288174_4736246823195518089_n.jpg?_nc_cat=100&ccb=1-7&_nc_sid=c53f8f&_nc_ohc=YR5plUQ_jAMQ7kNvwFzLjOi&_nc_oc=AdqRlrawlSimP7uD7xHejh8qmfteaMWOMmLvbNuMWLBcaoS_Dbre51Ceys91Itv9Hpc&_nc_zt=14&_nc_ht=scontent.fpss5-1.fna&_nc_gid=Vv_hxOc-FzSs8mnPBuwt9A&_nc_ss=7f180&oh=00_AQG1X9z46s12EhymIldlnIR972CGpDcTr0Jz_aILBa8tsA&oe=6A75AB24,,"['FACEBOOK', 'INSTAGRAM', 'AUDIENCE_NETWORK', 'MESSENGER', 'THREADS']",au,cw,facebook,social,2026-W31,2026-08,"FACEBOOK, INSTAGRAM, AUDIENCE_NETWORK, MESSENGER, THREADS",True,True,True,True,True,False,Brand/Category Page,True,False,False,2026-08-03,2026-05-20 07:00:00,2026-08-03 15:37:17.103942,75
2351540605370678,26829173950068339,True,2026-05-20 07:00:00,2026-08-02 07:00:00,Chemist Warehouse,Chemist Warehouse,{{product.name}},{{product.brand}},Shop now,DCO,https://www.chemistwarehouse.com.au/shop-online/3536/bioderma?utm_source=facebook&utm_medium=social&utm_campaign=au_cw_coop_facebook_social_naosaustraliaptyltd_bioderma_665_2026_100360-bau_video-image&utm_term=traffic&utm_content=video-image_all,www.chemistwarehouse.com.au,/shop-online/3536/bioderma,facebook,social,au_cw_coop_facebook_social_naosaustraliaptyltd_bioderma_665_2026_100360-bau_video-image,665,traffic,video-image_all,Coop,Naosaustraliaptyltd,Bioderma,2026,video-image,Available at Chemist Warehouse,"If you don't stop, why should your hydration? The Hydrabio Hydro Active range provides life-proof hydration.",Shop Now,https://scontent.fpss5-1.fna.fbcdn.net/v/t39.35426-6/703026662_2857621234599356_8216919767022662632_n.jpg?_nc_cat=110&ccb=1-7&_nc_sid=c53f8f&_nc_ohc=z6jAiOh8rVYQ7kNvwHBzWFx&_nc_oc=Adplt1ATulYHCOxXb8lSgPr3aCj2o8GeWJFk4ZVtDvh_pNeSn7YnA3ie3t_FrKWBN_s&_nc_zt=14&_nc_ht=scontent.fpss5-1.fna&_nc_gid=Vv_hxOc-FzSs8mnPBuwt9A&_nc_ss=7f180&oh=00_AQFHPc-hupyit-K2VRgSsB8rtiakA_ssBds9apIwO6ub5Q&oe=6A758F89,,"['FACEBOOK', 'INSTAGRAM', 'AUDIENCE_NETWORK', 'MESSENGER', 'THREADS']",au,cw,facebook,social,2026-W31,2026-08,"FACEBOOK, INSTAGRAM, AUDIENCE_NETWORK, MESSENGER, THREADS",True,True,True,True,True,False,Brand/Category Page,True,False,False,2026-08-03,2026-05-20 07:00:00,2026-08-03 15:37:17.103942,75
1583135802752826,,True,2026-05-19 07:00:00,2026-08-02 07:00:00,Chemist Warehouse,Chemist Warehouse,SHOP LA ROCHE-POSAY ANTI-AGEING SKINCARE,"Recommended by Dermatologists, explore anti-ageing, hydrating and brightening serums for effective, targeted results.",Shop now,IMAGE,https://fb.com/canvas_doc/992994927017582,fb.com,/canvas_doc/992994927017582,,,,,,,Not Specified,,,,,,,,,,"['FACEBOOK', 'INSTAGRAM', 'AUDIENCE_NETWORK', 'MESSENGER', 'THREADS']",,,,,2026-W31,2026-08,"FACEBOOK, INSTAGRAM, AUDIENCE_NETWORK, MESSENGER, THREADS",True,True,True,True,True,False,Internal/App Page,True,False,False,2026-08-03,2026-05-19 07:00:00,2026-08-03 15:37:17.103942,76
1890764388280372,2082601715690998,True,2026-05-19 07:00:00,2026-08-02 07:00:00,Chemist Warehouse,Chemist Warehouse,Shop at Chemist Warehouse,Because skincare doesn’t stop at your face @Bio Oil,Shop now,VIDEO,https://www.chemistwarehouse.com.au/shop-online/1383/bio-oil?utm_source=facebook&utm_medium=social&utm_campaign=au_cw_oa_facebook_social_aspenpharmacareaustralia_biooil_665_may26_100386-oa_video-image&utm_term=traffic&utm_content=video-image_influencer-yasmina,www.chemistwarehouse.com.au,/shop-online/1383/bio-oil,facebook,social,au_cw_oa_facebook_social_aspenpharmacareaustralia_biooil_665_may26_100386-oa_video-image,665,traffic,video-image_influencer-yasmina,O&O,Aspenpharmacareaustralia,Biooil,may26,video-image,,,,,,"['FACEBOOK', 'INSTAGRAM', 'AUDIENCE_NETWORK', 'MESSENGER', 'THREADS']",au,cw,facebook,social,2026-W31,2026-08,"FACEBOOK, INSTAGRAM, AUDIENCE_NETWORK, MESSENGER, THREADS",True,True,True,True,True,False,Brand/Category Page,True,True,False,2026-08-03,2026-05-19 07:00:00,2026-08-03 15:37:17.103942,76
2231446817389322,956036527222536,True,2026-05-19 07:00:00,2026-08-02 07:00:00,Chemist Warehouse,Chemist Warehouse,Shop at Chemist Warehouse,"Pick up your Bio Oil essentials @ Chemist Warehouse. It’s clinically proven to help reduce the appearance of stretch marks and scars 1,2, and keeps my skin super hydrated.

#chemistwarehouse #biooil

Disclaimer: 1. ProDerm Institute for Applied Dermatological Research, Hamburg, Germany, 2010 (scars study), n=36. 2 ProDerm Institute for Applied Dermatological Research, Hamburg, Germany, 2010 (stretch mark study) n=38.",Shop now,VIDEO,https://www.chemistwarehouse.com.au/shop-online/1383/bio-oil?utm_source=facebook&utm_medium=social&utm_campaign=au_cw_oa_facebook_social_aspenpharmacareaustralia_biooil_665_may26_100386-oa_video-image&utm_term=traffic&utm_content=video-image_influencer-ella,www.chemistwarehouse.com.au,/shop-online/1383/bio-oil,facebook,social,au_cw_oa_facebook_social_aspenpharmacareaustralia_biooil_665_may26_100386-oa_video-image,665,traffic,video-image_influencer-ella,O&O,Aspenpharmacareaustralia,Biooil,may26,video-image,,,,,,"['FACEBOOK', 'INSTAGRAM', 'AUDIENCE_NETWORK', 'MESSENGER', 'THREADS']",au,cw,facebook,social,2026-W31,2026-08,"FACEBOOK, INSTAGRAM, AUDIENCE_NETWORK, MESSENGER, THREADS",True,True,True,True,True,False,Brand/Category Page,True,True,False,2026-08-03,2026-05-19 07:00:00,2026-08-03 15:37:17.103942,76
936978766084707,1501230811681315,True,2026-05-20 07:00:00,2026-08-02 07:00:00,Chemist Warehouse,Chemist Warehouse,SHOP LA ROCHE-POSAY ANTI-ACNE SKINCARE,"Recommended by Dermatologists, explore clear skin solutions and targeted routines for oily, acne-prone skin.",Shop now,VIDEO,https://fb.com/canvas_doc/27294847700116773,fb.com,/canvas_doc/27294847700116773,,,,,,,Not Specified,,,,,,,,,,"['FACEBOOK', 'INSTAGRAM', 'AUDIENCE_NETWORK', 'MESSENGER', 'THREADS']",,,,,2026-W31,2026-08,"FACEBOOK, INSTAGRAM, AUDIENCE_NETWORK, MESSENGER, THREADS",True,True,True,True,True,False,Internal/App Page,True,False,False,2026-08-03,2026-05-20 07:00:00,2026-08-03 15:37:17.103942,75
2894545674233264,956036527222536,True,2026-05-19 07:00:00,2026-08-02 07:00:00,Chemist Warehouse,Chemist Warehouse,Shop at Chemist Warehouse,"Pick up your Bio Oil essentials @ Chemist Warehouse. It’s clinically proven to help reduce the appearance of stretch marks and scars 1,2, and keeps my skin super hydrated.

#chemistwarehouse #biooil

Disclaimer: 1. ProDerm Institute for Applied Dermatological Research, Hamburg, Germany, 2010 (scars study), n=36. 2 ProDerm Institute for Applied Dermatological Research, Hamburg, Germany, 2010 (stretch mark study) n=38.",Shop now,VIDEO,https://www.chemistwarehouse.com.au/shop-online/1383/bio-oil?utm_source=facebook&utm_medium=social&utm_campaign=au_cw_oa_facebook_social_aspenpharmacareaustralia_biooil_665_may26_100386-oa_video-image&utm_term=traffic&utm_content=video-image_influencer-ella,www.chemistwarehouse.com.au,/shop-online/1383/bio-oil,facebook,social,au_cw_oa_facebook_social_aspenpharmacareaustralia_biooil_665_may26_100386-oa_video-image,665,traffic,video-image_influencer-ella,O&O,Aspenpharmacareaustralia,Biooil,may26,video-image,,,,,,"['FACEBOOK', 'INSTAGRAM', 'AUDIENCE_NETWORK', 'MESSENGER', 'THREADS']",au,cw,facebook,social,2026-W31,2026-08,"FACEBOOK, INSTAGRAM, AUDIENCE_NETWORK, MESSENGER, THREADS",True,True,True,True,True,False,Brand/Category Page,True,True,False,2026-08-03,2026-05-19 07:00:00,2026-08-03 15:37:17.103942,76
1679880739922916,,True,2026-05-19 07:00:00,2026-08-02 07:00:00,Chemist Warehouse,Chemist Warehouse,SHOP LA ROCHE-POSAY SUN PROTECTION,"Discover the Anthelios Sun Protection range, developed for sensitive skin. Lightweight, non-greasy & fragrance-free.",Shop now,IMAGE,https://fb.com/canvas_doc/983400290880987,fb.com,/canvas_doc/983400290880987,,,,,,,Not Specified,,,,,,,,,,"['FACEBOOK', 'INSTAGRAM', 'AUDIENCE_NETWORK', 'MESSENGER', 'THREADS']",,,,,2026-W31,2026-08,"FACEBOOK, INSTAGRAM, AUDIENCE_NETWORK, MESSENGER, THREADS",True,True,True,True,True,False,Internal/App Page,True,False,False,2026-08-03,2026-05-19 07:00:00,2026-08-03 15:37:17.103942,76
1533397191840231,1568775927532168,True,2026-05-19 07:00:00,2026-08-02 07:00:00,Chemist Warehouse,Chemist Warehouse,{{product.name}},{{product.brand}},Shop now,DCO,https://www.chemistwarehouse.com.au/shop-online/2351/la-roche-posay?category=Dry%2C%20Sensitive%20%26%20Itchy%20Skin&utm_source=facebook&utm_medium=social&utm_campaign=au_cw_coop_facebook_social_lorealarocheposaycerave_larocheposay_665_2026_bau_dynamic&utm_term=traffic&utm_content=dynamic_dry,www.chemistwarehouse.com.au,/shop-online/2351/la-roche-posay,facebook,social,au_cw_coop_facebook_social_lorealarocheposaycerave_larocheposay_665_2026_bau_dynamic,665,traffic,dynamic_dry,Coop,Lorealarocheposaycerave,Larocheposay,2026,dynamic,SHOP LA ROCHE-POSAY FOR DRY SKIN,"Recommended by Dermatologists, explore Cicaplast skincare formulated to provide intense hydration & support the skin barrier.",Shop Now,https://scontent.fpss5-1.fna.fbcdn.net/v/t39.35426-6/670570570_1461144555476835_3529941588856126360_n.jpg?_nc_cat=108&ccb=1-7&_nc_sid=c53f8f&_nc_ohc=1y-vJeokQQwQ7kNvwF0WGgT&_nc_oc=Adq0G3-VG4k2Drl4ZZ0jEkxM_7QuaQdDCGP30SJ1n9j6f0txtu5-g0Xf_euOMl6Dk2g&_nc_zt=14&_nc_ht=scontent.fpss5-1.fna&_nc_gid=Vv_hxOc-FzSs8mnPBuwt9A&_nc_ss=7f180&oh=00_AQHFNYPNSWjhcLEEqlPX2i2t_oUt6q2jTYhAFh5dqCcGjA&oe=6A75936B,,"['FACEBOOK', 'INSTAGRAM', 'AUDIENCE_NETWORK', 'MESSENGER', 'THREADS']",au,cw,facebook,social,2026-W31,2026-08,"FACEBOOK, INSTAGRAM, AUDIENCE_NETWORK, MESSENGER, THREADS",True,True,True,True,True,False,Brand/Category Page,True,False,False,2026-08-03,2026-05-19 07:00:00,2026-08-03 15:37:17.103942,76
965116113101798,2082601715690998,True,2026-05-19 07:00:00,2026-08-02 07:00:00,Chemist Warehouse,Chemist Warehouse,Shop at Chemist Warehouse,Because skincare doesn’t stop at your face @Bio Oil,Shop now,VIDEO,https://www.chemistwarehouse.com.au/shop-online/1383/bio-oil?utm_source=facebook&utm_medium=social&utm_campaign=au_cw_oa_facebook_social_aspenpharmacareaustralia_biooil_665_may26_100386-oa_video-image&utm_term=traffic&utm_content=video-image_influencer-yasmina,www.chemistwarehouse.com.au,/shop-online/1383/bio-oil,facebook,social,au_cw_oa_facebook_social_aspenpharmacareaustralia_biooil_665_may26_100386-oa_video-image,665,traffic,video-image_influencer-yasmina,O&O,Aspenpharmacareaustralia,Biooil,may26,video-image,,,,,,"['FACEBOOK', 'INSTAGRAM', 'AUDIENCE_NETWORK', 'MESSENGER', 'THREADS']",au,cw,facebook,social,2026-W31,2026-08,"FACEBOOK, INSTAGRAM, AUDIENCE_NETWORK, MESSENGER, THREADS",True,True,True,True,True,False,Brand/Category Page,True,True,False,2026-08-03,2026-05-19 07:00:00,2026-08-03 15:37:17.103942,76
1660376241894074,1003875612077223,True,2026-05-12 07:00:00,2026-08-02 07:00:00,Chemist Warehouse,Chemist Warehouse,Matrix x KATSEYE: Hair in motion.,Matrix x KATSEYE: Pro haircare that transforms every choreography into a stunning hairography. Stage-ready hair!,Learn more,VIDEO,https://www.chemistwarehouse.com.au/shop-online/1066/matrix?utm_source=facebook&utm_medium=social&utm_campaign=au_cw_coop_facebook_social_lorealprofessional_matrix_129_2026_100047-bau_image&utm_term=reach&utm_content=image_curly,www.chemistwarehouse.com.au,/shop-online/1066/matrix,facebook,social,au_cw_coop_facebook_social_lorealprofessional_matrix_129_2026_100047-bau_image,129,reach,image_curly,Coop,Lorealprofessional,Matrix,2026,image,,,,,,"['FACEBOOK', 'INSTAGRAM', 'AUDIENCE_NETWORK', 'WHATSAPP', 'THREADS']",au,cw,facebook,social,2026-W31,2026-08,"FACEBOOK, INSTAGRAM, AUDIENCE_NETWORK, WHATSAPP, THREADS",True,True,True,False,True,True,Brand/Category Page,True,False,False,2026-08-03,2026-05-12 07:00:00,2026-08-03 15:37:17.103942,83
2160449001178587,,True,2026-06-01 07:00:00,2026-08-02 07:00:00,Chemist Warehouse,Chemist Warehouse,Discover the Organic Difference,"A pure start to life. Made with organic milk. Naturally gentle, made for little tummies. Discover the full range online today!",Learn more,IMAGE,https://fb.com/canvas_doc/703218122884048,fb.com,/canvas_doc/703218122884048,,,,,,,Not Specified,,,,,,,,,,"['FACEBOOK', 'INSTAGRAM', 'AUDIENCE_NETWORK', 'MESSENGER', 'THREADS']",,,,,2026-W31,2026-08,"FACEBOOK, INSTAGRAM, AUDIENCE_NETWORK, MESSENGER, THREADS",True,True,True,True,True,False,Internal/App Page,True,False,False,2026-08-03,2026-06-01 07:00:00,2026-08-03 15:37:17.103942,63
1513813857007329,,True,2026-06-01 07:00:00,2026-08-02 07:00:00,Chemist Warehouse,Chemist Warehouse,Discover the Organic Difference,"A pure start to life. Made with organic milk. Naturally gentle, made for little tummies. Discover the full range online today!",Learn more,IMAGE,https://fb.com/canvas_doc/703218122884048,fb.com,/canvas_doc/703218122884048,,,,,,,Not Specified,,,,,,,,,,"['FACEBOOK', 'INSTAGRAM', 'AUDIENCE_NETWORK', 'MESSENGER', 'THREADS']",,,,,2026-W31,2026-08,"FACEBOOK, INSTAGRAM, AUDIENCE_NETWORK, MESSENGER, THREADS",True,True,True,True,True,False,Internal/App Page,True,False,False,2026-08-03,2026-06-01 07:00:00,2026-08-03 15:37:17.103942,63
4357167681163000,1318980966999194,True,2026-05-11 07:00:00,2026-08-02 07:00:00,Chemist Warehouse,Chemist Warehouse,Our Ultimate Sleep Combination,Sleep with Eze: Ultra Muscleze Night + L-Theanine,Shop now,VIDEO,https://www.chemistwarehouse.com.au/shop-online/4395/bioceuticals?utm_source=facebook&utm_medium=social&utm_campaign=au_cw_coop_facebook_social_blackmoreslimited_bioceuticals_81_2026_100087-bau_video-image&utm_term=traffic&utm_content=video-image_video-may26,www.chemistwarehouse.com.au,/shop-online/4395/bioceuticals,facebook,social,au_cw_coop_facebook_social_blackmoreslimited_bioceuticals_81_2026_100087-bau_video-image,81,traffic,video-image_video-may26,Coop,Blackmoreslimited,Bioceuticals,2026,video-image,,,,,,"['FACEBOOK', 'INSTAGRAM', 'MESSENGER']",au,cw,facebook,social,2026-W31,2026-08,"FACEBOOK, INSTAGRAM, MESSENGER",True,True,False,True,False,False,Brand/Category Page,True,False,False,2026-08-03,2026-05-11 07:00:00,2026-08-03 15:37:17.103942,84
1693433628565379,1318980966999194,True,2026-05-11 07:00:00,2026-08-02 07:00:00,Chemist Warehouse,Chemist Warehouse,Our Ultimate Sleep Combination,Sleep with Eze: Ultra Muscleze Night + L-Theanine,Shop now,VIDEO,https://www.chemistwarehouse.com.au/shop-online/4395/bioceuticals?utm_source=facebook&utm_medium=social&utm_campaign=au_cw_coop_facebook_social_blackmoreslimited_bioceuticals_81_2026_100087-bau_video-image&utm_term=traffic&utm_content=video-image_video-may26,www.chemistwarehouse.com.au,/shop-online/4395/bioceuticals,facebook,social,au_cw_coop_facebook_social_blackmoreslimited_bioceuticals_81_2026_100087-bau_video-image,81,traffic,video-image_video-may26,Coop,Blackmoreslimited,Bioceuticals,2026,video-image,,,,,,"['FACEBOOK', 'INSTAGRAM', 'MESSENGER']",au,cw,facebook,social,2026-W31,2026-08,"FACEBOOK, INSTAGRAM, MESSENGER",True,True,False,True,False,False,Brand/Category Page,True,False,False,2026-08-03,2026-05-11 07:00:00,2026-08-03 15:37:17.103942,84
2058468231747978,1471563510977882,True,2026-05-10 07:00:00,2026-08-02 07:00:00,Chemist Warehouse,Chemist Warehouse,Shop Comvita Olive Leaf extract,"Immune Support Made Easy. Mix it in, sip it down, or take it straight. Get 'the good Leaf' for daily immune system maintenance.",Shop now,VIDEO,https://fb.com/canvas_doc/800019812579052,fb.com,/canvas_doc/800019812579052,,,,,,,Not Specified,,,,,,,,,,"['FACEBOOK', 'INSTAGRAM', 'AUDIENCE_NETWORK', 'MESSENGER', 'THREADS']",,,,,2026-W31,2026-08,"FACEBOOK, INSTAGRAM, AUDIENCE_NETWORK, MESSENGER, THREADS",True,True,True,True,True,False,Internal/App Page,True,False,False,2026-08-03,2026-05-10 07:00:00,2026-08-03 15:37:17.103942,85
1521509829408984,,True,2026-05-10 07:00:00,2026-08-02 07:00:00,Chemist Warehouse,Chemist Warehouse,The Power of Olive Leaf for Your Immunity,"Your Daily Wellness Ritual. Add 'the good Leaf' to your tea, smoothie, or take it neat. Supports general health & wellbeing.",Learn more,IMAGE,https://fb.com/canvas_doc/1878912039423254,fb.com,/canvas_doc/1878912039423254,,,,,,,Not Specified,,,,,,,,,,"['FACEBOOK', 'INSTAGRAM', 'AUDIENCE_NETWORK', 'MESSENGER', 'THREADS']",,,,,2026-W31,2026-08,"FACEBOOK, INSTAGRAM, AUDIENCE_NETWORK, MESSENGER, THREADS",True,True,True,True,True,False,Internal/App Page,True,False,False,2026-08-03,2026-05-10 07:00:00,2026-08-03 15:37:17.103942,85
920166254418124,,True,2026-05-10 07:00:00,2026-08-02 07:00:00,Chemist Warehouse,Chemist Warehouse,Antioxidant Olive Power,Antioxidant Powerhouse. High-quality Olive Leaf Extract helps reduce free radicals formed in the body. Start your support now!,Learn more,IMAGE,https://fb.com/canvas_doc/1706628247373592,fb.com,/canvas_doc/1706628247373592,,,,,,,Not Specified,,,,,,,,,,"['FACEBOOK', 'INSTAGRAM', 'AUDIENCE_NETWORK', 'MESSENGER', 'THREADS']",,,,,2026-W31,2026-08,"FACEBOOK, INSTAGRAM, AUDIENCE_NETWORK, MESSENGER, THREADS",True,True,True,True,True,False,Internal/App Page,True,False,False,2026-08-03,2026-05-10 07:00:00,2026-08-03 15:37:17.103942,85
1390359152903766,,True,2026-05-10 07:00:00,2026-08-02 07:00:00,Chemist Warehouse,Chemist Warehouse,Start Immune Support with the good Leaf,Your Immune Defense. Start Immune Support with the good Leaf! Traditionally used in herbal medicine to support healthy immunity.,Learn more,IMAGE,https://fb.com/canvas_doc/1651847252726452,fb.com,/canvas_doc/1651847252726452,,,,,,,Not Specified,,,,,,,,,,"['FACEBOOK', 'INSTAGRAM', 'AUDIENCE_NETWORK', 'MESSENGER', 'THREADS']",,,,,2026-W31,2026-08,"FACEBOOK, INSTAGRAM, AUDIENCE_NETWORK, MESSENGER, THREADS",True,True,True,True,True,False,Internal/App Page,True,False,False,2026-08-03,2026-05-10 07:00:00,2026-08-03 15:37:17.103942,85
3969787563163203,,True,2026-05-11 07:00:00,2026-08-02 07:00:00,Chemist Warehouse,Chemist Warehouse,Start Immune Support with the good Leaf,Your Immune Defense. Start Immune Support with the good Leaf! Traditionally used in herbal medicine to support healthy immunity.,Learn more,IMAGE,https://fb.com/canvas_doc/1837545224074315,fb.com,/canvas_doc/1837545224074315,,,,,,,Not Specified,,,,,,,,,,"['FACEBOOK', 'INSTAGRAM', 'AUDIENCE_NETWORK', 'MESSENGER', 'THREADS']",,,,,2026-W31,2026-08,"FACEBOOK, INSTAGRAM, AUDIENCE_NETWORK, MESSENGER, THREADS",True,True,True,True,True,False,Internal/App Page,True,False,False,2026-08-03,2026-05-11 07:00:00,2026-08-03 15:37:17.103942,84
993299296429683,1452537026921100,True,2026-05-24 07:00:00,2026-08-02 07:00:00,Chemist Warehouse,Chemist Warehouse,Choose High‑Quality Ester-C Vitamin C for Family,GO ESTER‑C® products contain high‑quality Ester‑C® Vitamin C with superior absorption. Non‑acidic and gentle on the stomach.,Shop now,VIDEO,https://www.chemistwarehouse.com.au/shop-online/2997/go-healthy?utm_source=facebook&utm_medium=social&utm_campaign=au_cw_coop_facebook_social_thebetterhealthcompanyaustralia_gohealthy_81_2026_bau_dynamic&utm_term=traffic&utm_content=image_branding,www.chemistwarehouse.com.au,/shop-online/2997/go-healthy,facebook,social,au_cw_coop_facebook_social_thebetterhealthcompanyaustralia_gohealthy_81_2026_bau_dynamic,81,traffic,image_branding,Coop,Thebetterhealthcompanyaustralia,Gohealthy,2026,dynamic,,,,,,"['FACEBOOK', 'INSTAGRAM', 'MESSENGER']",au,cw,facebook,social,2026-W31,2026-08,"FACEBOOK, INSTAGRAM, MESSENGER",True,True,False,True,False,False,Brand/Category Page,True,False,False,2026-08-03,2026-05-24 07:00:00,2026-08-03 15:37:17.103942,71
1638982337311751,,True,2026-05-10 07:00:00,2026-08-01 07:00:00,Chemist Warehouse,Chemist Warehouse,Relieve inflammation & Support cardiovascular system health,"Soothe & Support. Traditionally used in herbal medicine to relieve inflammation and cough, Feel the difference.",Learn more,IMAGE,https://fb.com/canvas_doc/1259499519482851,fb.com,/canvas_doc/1259499519482851,,,,,,,Not Specified,,,,,,,,,,"['FACEBOOK', 'INSTAGRAM', 'AUDIENCE_NETWORK', 'MESSENGER', 'THREADS']",,,,,2026-W31,2026-08,"FACEBOOK, INSTAGRAM, AUDIENCE_NETWORK, MESSENGER, THREADS",True,True,True,True,True,False,Internal/App Page,True,False,False,2026-08-03,2026-05-10 07:00:00,2026-08-03 15:37:17.103942,85
1724521138742235,1002373845524484,True,2026-05-24 07:00:00,2026-08-02 07:00:00,Chemist Warehouse,Chemist Warehouse,Ester-C Vitamin C  for 24-Hour Immune Support,"24-Hour Immune Support
GO ESTER-C® IMMUNE COMPLEX provides 24 hour immune support  with Ester-C® Vitamin C.",Shop now,IMAGE,https://www.chemistwarehouse.com.au/shop-online/2997/go-healthy?utm_source=facebook&utm_medium=social&utm_campaign=au_cw_coop_facebook_social_thebetterhealthcompanyaustralia_gohealthy_81_2026_bau_dynamic&utm_term=traffic&utm_content=image_branding,www.chemistwarehouse.com.au,/shop-online/2997/go-healthy,facebook,social,au_cw_coop_facebook_social_thebetterhealthcompanyaustralia_gohealthy_81_2026_bau_dynamic,81,traffic,image_branding,Coop,Thebetterhealthcompanyaustralia,Gohealthy,2026,dynamic,,,,,,"['FACEBOOK', 'INSTAGRAM', 'MESSENGER']",au,cw,facebook,social,2026-W31,2026-08,"FACEBOOK, INSTAGRAM, MESSENGER",True,True,False,True,False,False,Brand/Category Page,True,False,False,2026-08-03,2026-05-24 07:00:00,2026-08-03 15:37:17.103942,71
1684438592748211,1002373845524484,True,2026-05-25 07:00:00,2026-08-02 07:00:00,Chemist Warehouse,Chemist Warehouse,Ester-C Vitamin C  for 24-Hour Immune Support,"24-Hour Immune Support
GO ESTER-C® IMMUNE COMPLEX provides 24 hour immune support  with Ester-C® Vitamin C.",Shop now,IMAGE,https://www.chemistwarehouse.com.au/shop-online/2997/go-healthy?utm_source=facebook&utm_medium=social&utm_campaign=au_cw_coop_facebook_social_thebetterhealthcompanyaustralia_gohealthy_81_2026_bau_dynamic&utm_term=traffic&utm_content=image_branding,www.chemistwarehouse.com.au,/shop-online/2997/go-healthy,facebook,social,au_cw_coop_facebook_social_thebetterhealthcompanyaustralia_gohealthy_81_2026_bau_dynamic,81,traffic,image_branding,Coop,Thebetterhealthcompanyaustralia,Gohealthy,2026,dynamic,,,,,,"['FACEBOOK', 'INSTAGRAM', 'MESSENGER']",au,cw,facebook,social,2026-W31,2026-08,"FACEBOOK, INSTAGRAM, MESSENGER",True,True,False,True,False,False,Brand/Category Page,True,False,False,2026-08-03,2026-05-25 07:00:00,2026-08-03 15:37:17.103942,70
2801302790223102,,True,2026-05-10 07:00:00,2026-08-02 07:00:00,Chemist Warehouse,Chemist Warehouse,Start Immune Support with the good Leaf,Your Immune Defense. Start Immune Support with the good Leaf! Traditionally used in herbal medicine to support healthy immunity.,Learn more,IMAGE,https://fb.com/canvas_doc/1587673145682489,fb.com,/canvas_doc/1587673145682489,,,,,,,Not Specified,,,,,,,,,,"['FACEBOOK', 'INSTAGRAM', 'AUDIENCE_NETWORK', 'MESSENGER', 'THREADS']",,,,,2026-W31,2026-08,"FACEBOOK, INSTAGRAM, AUDIENCE_NETWORK, MESSENGER, THREADS",True,True,True,True,True,False,Internal/App Page,True,False,False,2026-08-03,2026-05-10 07:00:00,2026-08-03 15:37:17.103942,85
1479304053030733,,True,2026-05-10 07:00:00,2026-08-01 07:00:00,Chemist Warehouse,Chemist Warehouse,Start Immune Support with the good Leaf,Your Immune Defense. Start Immune Support with the good Leaf! Traditionally used in herbal medicine to support healthy immunity.,Learn more,IMAGE,https://fb.com/canvas_doc/784354201414867,fb.com,/canvas_doc/784354201414867,,,,,,,Not Specified,,,,,,,,,,"['FACEBOOK', 'INSTAGRAM', 'AUDIENCE_NETWORK', 'MESSENGER', 'THREADS']",,,,,2026-W31,2026-08,"FACEBOOK, INSTAGRAM, AUDIENCE_NETWORK, MESSENGER, THREADS",True,True,True,True,True,False,Internal/App Page,True,False,False,2026-08-03,2026-05-10 07:00:00,2026-08-03 15:37:17.103942,85
1586965875697681,,True,2026-05-13 07:00:00,2026-08-01 07:00:00,Chemist Warehouse,Chemist Warehouse,Crafted by Nature. Trusted by You,"Not all Mānuka is equal. Comvita UMF™ Mānuka Honey is NZ sourced & UMF™ certified. 50 years of wellness, 50 years of experience.",Shop now,IMAGE,https://fb.com/canvas_doc/1273147721157551,fb.com,/canvas_doc/1273147721157551,,,,,,,Not Specified,,,,,,,,,,"['FACEBOOK', 'INSTAGRAM', 'AUDIENCE_NETWORK', 'MESSENGER', 'THREADS']",,,,,2026-W31,2026-08,"FACEBOOK, INSTAGRAM, AUDIENCE_NETWORK, MESSENGER, THREADS",True,True,True,True,True,False,Internal/App Page,True,False,False,2026-08-03,2026-05-13 07:00:00,2026-08-03 15:37:17.103942,82
1901667307202964,,True,2026-05-11 07:00:00,2026-08-01 07:00:00,Chemist Warehouse,Chemist Warehouse,A sugar replacement with the benefts of Mānuka.,"A sugar replacement that has the benefts of Mānuka.
Nourishing Sweet Goodness",Learn more,IMAGE,https://fb.com/canvas_doc/1813828280009652,fb.com,/canvas_doc/1813828280009652,,,,,,,Not Specified,,,,,,,,,,"['FACEBOOK', 'INSTAGRAM', 'AUDIENCE_NETWORK', 'MESSENGER', 'THREADS']",,,,,2026-W31,2026-08,"FACEBOOK, INSTAGRAM, AUDIENCE_NETWORK, MESSENGER, THREADS",True,True,True,True,True,False,Internal/App Page,True,False,False,2026-08-03,2026-05-11 07:00:00,2026-08-03 15:37:17.103942,84
2054850708709947,,True,2026-05-19 07:00:00,2026-08-02 07:00:00,Chemist Warehouse,Chemist Warehouse,SHOP THE LA ROCHE-POSAY RANGE,"Recommended by Dermatologists, explore solutions for anti-ageing, acne, pigmentation and more.",Shop now,IMAGE,https://fb.com/canvas_doc/1270369865242337,fb.com,/canvas_doc/1270369865242337,,,,,,,Not Specified,,,,,,,,,,"['FACEBOOK', 'INSTAGRAM', 'AUDIENCE_NETWORK', 'MESSENGER', 'THREADS']",,,,,2026-W31,2026-08,"FACEBOOK, INSTAGRAM, AUDIENCE_NETWORK, MESSENGER, THREADS",True,True,True,True,True,False,Internal/App Page,True,False,False,2026-08-03,2026-05-19 07:00:00,2026-08-03 15:37:17.103942,76
1011900884694643,1885686518813522,True,2026-05-14 07:00:00,2026-08-02 07:00:00,Chemist Warehouse,Chemist Warehouse,{{product.name}},{{product.brand}},Learn more,DCO,https://www.chemistwarehouse.com.au/shop-online/inova-cold-and-flu?utm_source=facebook&utm_medium=social&utm_campaign=au_cw_oa_facebook_social_inovapharmaceuticals_all_258_may26_100300-coldnflu_video&utm_term=traffic&utm_content=video_instore-video,www.chemistwarehouse.com.au,/shop-online/inova-cold-and-flu,facebook,social,au_cw_oa_facebook_social_inovapharmaceuticals_all_258_may26_100300-coldnflu_video,258,traffic,video_instore-video,O&O,Inovapharmaceuticals,All,may26,video,Ready For Winter?,Power Through This Winter When Cold & Flu Symptoms Hit - Be Prepared With This Bundle!,Learn More,,https://video.fpss5-1.fna.fbcdn.net/o1/v/t2/f2/m366/AQMCQ6K-jhFrexL3sBC6sFg09TeaQffcXLqPxDibS4PcJjlqZ0GxS4OWS6MXEIqBJf3_xbI1yCjH2UmxmJVkdAzOkXSeTRqaUx0Ml_Uz2PD--w.mp4?_nc_cat=109&_nc_oc=AdoshBgorWBbLQ6N8NZxI6Bjszvg5WDYDi_r9KqUk2FeZspRi8T-UD48htvEZcaMKkc&_nc_sid=b66105&_nc_ht=video.fpss5-1.fna.fbcdn.net&_nc_ohc=iMbZExtC3o0Q7kNvwGKv-ml&efg=eyJ2ZW5jb2RlX3RhZyI6Inhwdl9wcm9ncmVzc2l2ZS5WSV9VU0VDQVNFX1BST0RVQ1RfVFlQRS4uQzMuNzIwLmRhc2hfaDI2NC1iYXNpYy1nZW4yXzcyMHAiLCJ4cHZfYXNzZXRfaWQiOjI0NzkyMDgwMjI1MjYzNDAsImFzc2V0X2FnZV9kYXlzIjo3OSwidmlfdXNlY2FzZV9pZCI6MTA3OTksImR1cmF0aW9uX3MiOjM1LCJ1cmxnZW5fc291cmNlIjoid3d3In0%3D&ccb=17-1&vs=3fc0ba2b16eac491&_nc_vs=HBksFQIYRWZiX2VwaGVtZXJhbC80RDQ0NTY3MkQwOTk3NDIyODlGRDNGRTY4RTNENUU4MV9tdF8xX3ZpZGVvX2Rhc2hpbml0Lm1wNBUAAsgBEgAVAhhAZmJfcGVybWFuZW50L0RGNEUxOTRFMzQ5MDhCODhDRTZDNTY4QTVEOUVGN0JCX2F1ZGlvX2Rhc2hpbml0Lm1wNBUCAsgBEgAoABgAGwKIB3VzZV9vaWwBMRJwcm9ncmVzc2l2ZV9yZWNpcGUBMRUAACaIpo6Y87TnCBUCKAJDMywXQEHzMzMzMzMYGWRhc2hfaDI2NC1iYXNpYy1nZW4yXzcyMHARAHUAZd6oAQA&_nc_gid=Vv_hxOc-FzSs8mnPBuwt9A&_nc_ss=7f180&_nc_zt=28&oh=00_AQHnSKmM2vnBpIeMtShVNH5B_IGuu0mVVU-Ts-ys243fTw&oe=6A758ECF,"['FACEBOOK', 'INSTAGRAM']",au,cw,facebook,social,2026-W31,2026-08,"FACEBOOK, INSTAGRAM",True,True,False,False,False,False,Brand/Category Page,True,False,False,2026-08-03,2026-05-14 07:00:00,2026-08-03 15:37:17.103942,81
1454054246046389,1341142227874217,True,2026-05-14 07:00:00,2026-08-01 07:00:00,Chemist Warehouse,Chemist Warehouse,Ready For Winter?,Power Through This Winter When Cold & Flu Symptoms Hit - Be Prepared With This Bundle!,Learn more,VIDEO,https://www.chemistwarehouse.com.au/shop-online/inova-cold-and-flu?utm_source=facebook&utm_medium=social&utm_campaign=au_cw_oa_facebook_social_inovapharmaceuticals_all_258_may26_100300-coldnflu_video&utm_term=traffic&utm_content=video_betadine-video,www.chemistwarehouse.com.au,/shop-online/inova-cold-and-flu,facebook,social,au_cw_oa_facebook_social_inovapharmaceuticals_all_258_may26_100300-coldnflu_video,258,traffic,video_betadine-video,O&O,Inovapharmaceuticals,All,may26,video,,,,,,"['FACEBOOK', 'INSTAGRAM']",au,cw,facebook,social,2026-W31,2026-08,"FACEBOOK, INSTAGRAM",True,True,False,False,False,False,Brand/Category Page,True,False,False,2026-08-03,2026-05-14 07:00:00,2026-08-03 15:37:17.103942,81
4082377828563960,3423006067847896,True,2026-05-12 07:00:00,2026-08-02 07:00:00,Chemist Warehouse,Chemist Warehouse,Matrix x KATSEYE: Hair in motion.,Matrix x KATSEYE: Pro haircare that transforms every choreography into a stunning hairography. Stage-ready hair!,Learn more,VIDEO,https://www.chemistwarehouse.com.au/shop-online/1066/matrix?utm_source=facebook&utm_medium=social&utm_campaign=au_cw_coop_facebook_social_lorealprofessional_matrix_129_2026_100047-bau_image&utm_term=reach&utm_content=image_curly,www.chemistwarehouse.com.au,/shop-online/1066/matrix,facebook,social,au_cw_coop_facebook_social_lorealprofessional_matrix_129_2026_100047-bau_image,129,reach,image_curly,Coop,Lorealprofessional,Matrix,2026,image,,,,,,"['FACEBOOK', 'INSTAGRAM', 'AUDIENCE_NETWORK', 'WHATSAPP', 'THREADS']",au,cw,facebook,social,2026-W31,2026-08,"FACEBOOK, INSTAGRAM, AUDIENCE_NETWORK, WHATSAPP, THREADS",True,True,True,False,True,True,Brand/Category Page,True,False,False,2026-08-03,2026-05-12 07:00:00,2026-08-03 15:37:17.103942,83
1357855142917328,1252239643389887,True,2026-05-13 07:00:00,2026-08-02 07:00:00,Chemist Warehouse,Chemist Warehouse,Get pro results now,"Salon-grade haircare, now in your hands! Shop L’Oréal Professionnel Metal Detox at Chemist Warehouse",Shop now,VIDEO,https://www.chemistwarehouse.com.au/buy/139310/l-oreal-professionnel-serie-expert-metal-detox-mask-250ml?utm_source=facebook&utm_medium=social&utm_campaign=au_cw_coop_facebook_social_lorealprofessional_lorealprofessionnel_129_2026_bau_dynamic&utm_term=traffic&utm_content=dynamic_stylist,www.chemistwarehouse.com.au,/buy/139310/l-oreal-professionnel-serie-expert-metal-detox-mask-250ml,facebook,social,au_cw_coop_facebook_social_lorealprofessional_lorealprofessionnel_129_2026_bau_dynamic,129,traffic,dynamic_stylist,Coop,Lorealprofessional,Lorealprofessionnel,2026,dynamic,,,,,,"['FACEBOOK', 'INSTAGRAM', 'AUDIENCE_NETWORK', 'MESSENGER', 'THREADS']",au,cw,facebook,social,2026-W31,2026-08,"FACEBOOK, INSTAGRAM, AUDIENCE_NETWORK, MESSENGER, THREADS",True,True,True,True,True,False,SKU Product,True,True,False,2026-08-03,2026-05-13 07:00:00,2026-08-03 15:37:17.103942,82
975852131819463,,True,2026-05-11 07:00:00,2026-08-02 07:00:00,Chemist Warehouse,Chemist Warehouse,Discover Comvita Mānuka honey,"Enjoy Peace of Mind with Our 3-Year Guarantee on UMF Levels
> Pure Quality
> Always Reliable
> Comvita Mānuka honey",Learn more,IMAGE,https://fb.com/canvas_doc/828717730110952,fb.com,/canvas_doc/828717730110952,,,,,,,Not Specified,,,,,,,,,,"['FACEBOOK', 'INSTAGRAM', 'AUDIENCE_NETWORK', 'MESSENGER', 'THREADS']",,,,,2026-W31,2026-08,"FACEBOOK, INSTAGRAM, AUDIENCE_NETWORK, MESSENGER, THREADS",True,True,True,True,True,False,Internal/App Page,True,False,False,2026-08-03,2026-05-11 07:00:00,2026-08-03 15:37:17.103942,84
3443525339158644,,True,2026-05-13 07:00:00,2026-08-01 07:00:00,Chemist Warehouse,Chemist Warehouse,"Comvita, 50 years of Wellness","Comvita, 50 years of Wellness with your family.  Manuka honey, Olive Leaf Extract, Manuka honey Lozenges.  Whats your go to?",Shop now,IMAGE,https://fb.com/canvas_doc/1765553881494167,fb.com,/canvas_doc/1765553881494167,,,,,,,Not Specified,,,,,,,,,,"['FACEBOOK', 'INSTAGRAM', 'AUDIENCE_NETWORK', 'MESSENGER', 'THREADS']",,,,,2026-W31,2026-08,"FACEBOOK, INSTAGRAM, AUDIENCE_NETWORK, MESSENGER, THREADS",True,True,True,True,True,False,Internal/App Page,True,False,False,2026-08-03,2026-05-13 07:00:00,2026-08-03 15:37:17.103942,82
1695901134853247,,True,2026-05-14 07:00:00,2026-07-28 07:00:00,Chemist Warehouse,Chemist Warehouse,Powered with Certified UMF™ 10+ Mānuka Honey,"Powered with Certified UMF 10+ Mānuka Honey to work alongside Vitamin C to get children back to their playful, super selves again.",Shop now,IMAGE,https://fb.com/canvas_doc/1295679729364170,fb.com,/canvas_doc/1295679729364170,,,,,,,Not Specified,,,,,,,,,,"['FACEBOOK', 'INSTAGRAM', 'AUDIENCE_NETWORK', 'MESSENGER', 'THREADS']",,,,,2026-W31,2026-08,"FACEBOOK, INSTAGRAM, AUDIENCE_NETWORK, MESSENGER, THREADS",True,True,True,True,True,False,Internal/App Page,True,False,False,2026-08-03,2026-05-14 07:00:00,2026-08-03 15:37:17.103942,81
1620611525866395,1282531270551991,True,2026-05-10 07:00:00,2026-08-02 07:00:00,Chemist Warehouse,Chemist Warehouse,Shop now at Chemist Warehouse.,"Comvita Manuka Honey On The Go UMF™ 5+, natural snack, anytime. Shop now at Chemist Warehouse.",Learn more,VIDEO,https://www.chemistwarehouse.com.au/shop-online/924/comvita?category=Manuka%20Honey&utm_source=facebook&utm_medium=social&utm_content=image&utm_campaign=au_cw_coop_facebook_social_comvita_comvita_81_2026_bau_Dynamic&utm_term=Dynamic,www.chemistwarehouse.com.au,/shop-online/924/comvita,facebook,social,au_cw_coop_facebook_social_comvita_comvita_81_2026_bau_Dynamic,81,Dynamic,image,Coop,Comvita,Comvita,2026,dynamic,,,,,,"['FACEBOOK', 'INSTAGRAM', 'AUDIENCE_NETWORK', 'MESSENGER', 'THREADS']",au,cw,facebook,social,2026-W31,2026-08,"FACEBOOK, INSTAGRAM, AUDIENCE_NETWORK, MESSENGER, THREADS",True,True,True,True,True,False,Brand/Category Page,True,True,False,2026-08-03,2026-05-10 07:00:00,2026-08-03 15:37:17.103942,85
813077814913387,,True,2026-05-16 07:00:00,2026-08-02 07:00:00,Chemist Warehouse,Chemist Warehouse,Try the soothing taste of Mānuka honey lozenges,Soothing UMF 10+ Mānuka honey lozenges with bee propolis.  Feel the difference.,Shop now,IMAGE,https://fb.com/canvas_doc/4341776329412027,fb.com,/canvas_doc/4341776329412027,,,,,,,Not Specified,,,,,,,,,,"['FACEBOOK', 'INSTAGRAM', 'AUDIENCE_NETWORK', 'MESSENGER', 'THREADS']",,,,,2026-W31,2026-08,"FACEBOOK, INSTAGRAM, AUDIENCE_NETWORK, MESSENGER, THREADS",True,True,True,True,True,False,Internal/App Page,True,False,False,2026-08-03,2026-05-16 07:00:00,2026-08-03 15:37:17.103942,79
1297844135075475,814096844867108,True,2026-05-10 07:00:00,2026-07-30 07:00:00,Chemist Warehouse,Chemist Warehouse,Supercharge your smoothie with Manuka honey,"Discover Comvita Mānuka honey
> Elevate your morning routine
> Each UMF™ level is a unique flavour, discover your favourite",Learn more,VIDEO,https://fb.com/canvas_doc/1483100689630311,fb.com,/canvas_doc/1483100689630311,,,,,,,Not Specified,,,,,,,,,,"['FACEBOOK', 'INSTAGRAM', 'AUDIENCE_NETWORK', 'MESSENGER', 'THREADS']",,,,,2026-W31,2026-08,"FACEBOOK, INSTAGRAM, AUDIENCE_NETWORK, MESSENGER, THREADS",True,True,True,True,True,False,Internal/App Page,True,False,False,2026-08-03,2026-05-10 07:00:00,2026-08-03 15:37:17.103942,85
953598790743442,1523199869200654,True,2026-05-04 07:00:00,2026-08-02 07:00:00,Chemist Warehouse,Chemist Warehouse,{{product.name}},{{product.brand}},Shop now,DCO,https://www.chemistwarehouse.com.au/search?query=Schwarzkopf%20full%20protect&contexts=default&utm_source=facebook&utm_medium=social&utm_campaign=au_cw_coop_facebook_social_henkelaustraliaptyltd_all_129_2026_100455-bau_image&utm_term=traffic&utm_content=image_extra-care,www.chemistwarehouse.com.au,/search,facebook,social,au_cw_coop_facebook_social_henkelaustraliaptyltd_all_129_2026_100455-bau_image,129,traffic,image_extra-care,Coop,Henkelaustraliaptyltd,All,2026,image,"Fuller, Stronger Hair","Schwarzkopf Extra Care Full Hair Protect Hair, infused with Caffeine & Peptides for fragile and weak hair",Shop Now,https://scontent.fpss5-1.fna.fbcdn.net/v/t39.35426-6/689467340_962580133302066_9139549444152236601_n.jpg?_nc_cat=111&ccb=1-7&_nc_sid=c53f8f&_nc_ohc=rwnAKLxEUHAQ7kNvwFFJOtJ&_nc_oc=AdrjBervlhhQ7ybeRvr7TGS6bgiNrDnjmpYNDN_VLWs62XO32yifKKCrbcMCUBnR6WU&_nc_zt=14&_nc_ht=scontent.fpss5-1.fna&_nc_gid=UrUIrdb5OdkjOTGjfymR9w&_nc_ss=7f180&oh=00_AQFS4zkD2_xT_0aA5jrHphYnd8lZhDWyhKwm9YAanNuIyA&oe=6A7594B6,,"['FACEBOOK', 'INSTAGRAM']",au,cw,facebook,social,2026-W31,2026-08,"FACEBOOK, INSTAGRAM",True,True,False,False,False,False,Search Page,True,False,False,2026-08-03,2026-05-04 07:00:00,2026-08-03 15:37:17.103942,91
1086842041185489,2063190221079100,True,2026-05-05 07:00:00,2026-08-02 07:00:00,Chemist Warehouse,Chemist Warehouse,{{product.name}},{{product.brand}},Shop now,DCO,https://www.chemistwarehouse.com.au/search?query=schwarzkopf%20brilliancce&contexts=default?utm_source=facebook&utm_medium=social&utm_campaign=au_cw_coop_facebook_social_henkelaustraliaptyltd_all_129_2026_100455-bau_image&utm_term=traffic&utm_content=image_brilliance,www.chemistwarehouse.com.au,/search,,social,au_cw_coop_facebook_social_henkelaustraliaptyltd_all_129_2026_100455-bau_image,129,traffic,image_brilliance,Coop,Henkelaustraliaptyltd,All,2026,image,Reviving Hair Colour & Shine,Bring your colour and shine back to life between salon visits with Brilliance Hair Gloss.,Shop Now,https://scontent.fpss5-1.fna.fbcdn.net/v/t39.35426-6/691690145_1507463060886604_3113262809813394141_n.jpg?_nc_cat=103&ccb=1-7&_nc_sid=c53f8f&_nc_ohc=AyeTgPUZWsIQ7kNvwGN8lfq&_nc_oc=AdpQFM3izy9ClY_AM_c8jTtBV1Z4_HjYFbXGrtirFXQZqMpmtIr1mHIDKC75zdNFj0M&_nc_zt=14&_nc_ht=scontent.fpss5-1.fna&_nc_gid=UrUIrdb5OdkjOTGjfymR9w&_nc_ss=7f180&oh=00_AQF851aBQapw9rxvZRHyUCp1YtT5OEaijCn3qVHspubo5g&oe=6A75847E,,"['FACEBOOK', 'INSTAGRAM']",au,cw,facebook,social,2026-W31,2026-08,"FACEBOOK, INSTAGRAM",True,True,False,False,False,False,Search Page,True,False,False,2026-08-03,2026-05-05 07:00:00,2026-08-03 15:37:17.103942,90
1373288237957959,2144390489682083,True,2026-05-05 07:00:00,2026-08-01 07:00:00,Chemist Warehouse,Chemist Warehouse,{{product.name}},{{product.brand}},Shop now,DCO,https://www.chemistwarehouse.com.au/search?query=schwarzkopf%20creme%20supreme&contexts=default&utm_source=facebook&utm_medium=social&utm_campaign=au_cw_coop_facebook_social_henkelaustraliaptyltd_all_129_2026_100455-bau_image&utm_term=traffic&utm_content=image_creme-supreme,www.chemistwarehouse.com.au,/search,facebook,social,au_cw_coop_facebook_social_henkelaustraliaptyltd_all_129_2026_100455-bau_image,129,traffic,image_creme-supreme,Coop,Henkelaustraliaptyltd,All,2026,image,"New Caring Colouration
","New Schwarzkopf Creme Supreme Permanent Hair Dye, 3-Step Bonding Caring Colour Creme for Long Lasting Grey Coverage",Shop Now,https://scontent.fpss5-1.fna.fbcdn.net/v/t39.35426-6/686937431_2168758380643954_9048107328596638598_n.jpg?_nc_cat=100&ccb=1-7&_nc_sid=c53f8f&_nc_ohc=y5TT592cQ6YQ7kNvwGDSDOh&_nc_oc=AdqynZX_JLb7IBoW2lFCLRqXLepfrysMXQThQl_palVN2rPcO-DbkzZoG9sCta-pvbU&_nc_zt=14&_nc_ht=scontent.fpss5-1.fna&_nc_gid=UrUIrdb5OdkjOTGjfymR9w&_nc_ss=7f180&oh=00_AQFkCr8VcGeDG3Tcg8KF3AA-1CmpDlt_PhgI6wKugqoTfg&oe=6A75928D,,"['FACEBOOK', 'INSTAGRAM']",au,cw,facebook,social,2026-W31,2026-08,"FACEBOOK, INSTAGRAM",True,True,False,False,False,False,Search Page,True,False,False,2026-08-03,2026-05-05 07:00:00,2026-08-03 15:37:17.103942,90
1092533500613841,1436269114922832,True,2026-05-04 07:00:00,2026-08-01 07:00:00,Chemist Warehouse,Chemist Warehouse,{{product.name}},{{product.brand}},Shop now,DCO,https://www.chemistwarehouse.com.au/search?query=schwarzkopf%20creme%20supreme&contexts=default&utm_source=facebook&utm_medium=social&utm_campaign=au_cw_coop_facebook_social_henkelaustraliaptyltd_all_129_2026_100455-bau_image&utm_term=traffic&utm_content=image_creme-supreme,www.chemistwarehouse.com.au,/search,facebook,social,au_cw_coop_facebook_social_henkelaustraliaptyltd_all_129_2026_100455-bau_image,129,traffic,image_creme-supreme,Coop,Henkelaustraliaptyltd,All,2026,image,New Caring Colouration,"New Schwarzkopf Creme Supreme Permanent Hair Dye, 3-Step Bonding Caring Colour Creme for Long Lasting Grey Coverage",Shop Now,https://scontent.fpss5-1.fna.fbcdn.net/v/t39.35426-6/691001352_1548287033335783_7745333890431116126_n.jpg?_nc_cat=105&ccb=1-7&_nc_sid=c53f8f&_nc_ohc=kSSI-Tk4elsQ7kNvwHOEuAI&_nc_oc=AdoUPmVnUAuY9m9HvCbOhcsREFU4H7BH1Q8JI-N8COt5b63ZccUPhrdwXdz4Dw9jLTA&_nc_zt=14&_nc_ht=scontent.fpss5-1.fna&_nc_gid=UrUIrdb5OdkjOTGjfymR9w&_nc_ss=7f180&oh=00_AQE8DwJ3byZ6uapX7_kH3rCDkJHYjy6U0QjSRxRyDOkpUw&oe=6A757C48,,"['FACEBOOK', 'INSTAGRAM']",au,cw,facebook,social,2026-W31,2026-08,"FACEBOOK, INSTAGRAM",True,True,False,False,False,False,Search Page,True,False,False,2026-08-03,2026-05-04 07:00:00,2026-08-03 15:37:17.103942,91
2429256020910637,1633200058012679,True,2026-05-04 07:00:00,2026-08-01 07:00:00,Chemist Warehouse,Chemist Warehouse,{{product.name}},{{product.brand}},Learn more,DCO,https://www.chemistwarehouse.com.au/shop-online/705628/oli6?utm_source=facebook&utm_medium=social&utm_campaign=au_cw_coop_facebook_social_nuchevptyltd_oli6_20_2026_100001-bau_carousel-video&utm_term=traffic&utm_content=carousel-video_video-4,www.chemistwarehouse.com.au,/shop-online/705628/oli6,facebook,social,au_cw_coop_facebook_social_nuchevptyltd_oli6_20_2026_100001-bau_carousel-video,20,traffic,carousel-video_video-4,Coop,Nuchevptyltd,Oli6,2026,carousel-video,Real Support for Real Life,"Naturally vanilla, easy to mix, gentle on tummies. Nutrition made for busy families.
Food for special medical purposes. Must be used under medical supervision.",Learn More,,https://video.fpss5-1.fna.fbcdn.net/o1/v/t2/f2/m366/AQNEAUX58CuAfHJbM9-lrPACNBBgafSo0igC-MTl1bfAZJQNHAh8S1BPxlkX5dxKIGHZBnV0KZ_0FFHZv7ztRNsebMjODJErR8FcDTX-NPEo7g.mp4?_nc_cat=105&_nc_oc=AdqcwNfo4t3hZNi3B8EtqyD282_TJnheAmdbIboWghrG3MM0UD0ctA5NdW4_XctNtMY&_nc_sid=b66105&_nc_ht=video.fpss5-1.fna.fbcdn.net&_nc_ohc=gvW4q3lAdZoQ7kNvwEmczsP&efg=eyJ2ZW5jb2RlX3RhZyI6Inhwdl9wcm9ncmVzc2l2ZS5WSV9VU0VDQVNFX1BST0RVQ1RfVFlQRS4uQzMuNzIwLmRhc2hfaDI2NC1iYXNpYy1nZW4yXzcyMHAiLCJ4cHZfYXNzZXRfaWQiOjEzMDgwMzIxMTEyOTI1NDAsImFzc2V0X2FnZV9kYXlzIjo4OSwidmlfdXNlY2FzZV9pZCI6MTA3OTksImR1cmF0aW9uX3MiOjYsInVybGdlbl9zb3VyY2UiOiJ3d3cifQ%3D%3D&ccb=17-1&vs=7fc74b71a7fd8bb8&_nc_vs=HBksFQIYRWZiX2VwaGVtZXJhbC8zMzQxODYzOUMzRUMzNUFFN0FBODg1MTU2OUY3OUVBRl9tdF8xX3ZpZGVvX2Rhc2hpbml0Lm1wNBUAAsgBEgAVAhhAZmJfcGVybWFuZW50L0FFNDY0QkJCQkE3QkYzRkZFQkE1RTJCRDFGRjQ1NkJCX2F1ZGlvX2Rhc2hpbml0Lm1wNBUCAsgBEgAoABgAGwKIB3VzZV9vaWwBMRJwcm9ncmVzc2l2ZV9yZWNpcGUBMRUAACb4wcnVvunSBBUCKAJDMywXQBgAAAAAAAAYGWRhc2hfaDI2NC1iYXNpYy1nZW4yXzcyMHARAHUAZd6oAQA&_nc_gid=UrUIrdb5OdkjOTGjfymR9w&_nc_ss=7f180&_nc_zt=28&oh=00_AQHE31kDF686XGDOYg6nNpS1q2c7yrOAZpmRsMgoVvLBcQ&oe=6A757C77,"['FACEBOOK', 'INSTAGRAM', 'MESSENGER', 'THREADS']",au,cw,facebook,social,2026-W31,2026-08,"FACEBOOK, INSTAGRAM, MESSENGER, THREADS",True,True,False,True,True,False,Brand/Category Page,True,False,False,2026-08-03,2026-05-04 07:00:00,2026-08-03 15:37:17.103942,91
1978177189456565,1737498010955672,True,2026-05-04 07:00:00,2026-08-02 07:00:00,Chemist Warehouse,Chemist Warehouse,{{product.name}},{{product.brand}},Learn more,DCO,https://www.chemistwarehouse.com.au/shop-online/705628/oli6?utm_source=facebook&utm_medium=social&utm_campaign=au_cw_coop_facebook_social_nuchevptyltd_oli6_20_2026_100001-bau_carousel-video&utm_term=traffic&utm_content=carousel-video_static,www.chemistwarehouse.com.au,/shop-online/705628/oli6,facebook,social,au_cw_coop_facebook_social_nuchevptyltd_oli6_20_2026_100001-bau_carousel-video,20,traffic,carousel-video_static,Coop,Nuchevptyltd,Oli6,2026,carousel-video,Goat Milk. Gentle Relief.,Naturally A2 Protein. Goat Milk nutrition easier on little tummies.,Learn More,https://scontent.fpss5-1.fna.fbcdn.net/v/t39.35426-6/690650455_4825427241018311_1170743132917936455_n.jpg?_nc_cat=109&ccb=1-7&_nc_sid=c53f8f&_nc_ohc=uc2ziULvcLcQ7kNvwH2lCQo&_nc_oc=AdrnuoApy_b7KNXmYj5J3yB-WbUZ2HRsRpeZZnb2DJE0lTm0eY5uk_bF71Wn9maKwvg&_nc_zt=14&_nc_ht=scontent.fpss5-1.fna&_nc_gid=UrUIrdb5OdkjOTGjfymR9w&_nc_ss=7f180&oh=00_AQGxCA40NDBpcL4n2ZlZPzbHD89zcOjH3TT_29Y1SKyFvg&oe=6A75813D,,"['FACEBOOK', 'INSTAGRAM', 'MESSENGER', 'THREADS']",au,cw,facebook,social,2026-W31,2026-08,"FACEBOOK, INSTAGRAM, MESSENGER, THREADS",True,True,False,True,True,False,Brand/Category Page,True,False,False,2026-08-03,2026-05-04 07:00:00,2026-08-03 15:37:17.103942,91
816318781166976,1005846095153675,True,2026-05-04 07:00:00,2026-08-02 07:00:00,Chemist Warehouse,Chemist Warehouse,{{product.name}},{{product.brand}},Learn more,DCO,https://www.chemistwarehouse.com.au/shop-online/705628/oli6?utm_source=facebook&utm_medium=social&utm_campaign=au_cw_coop_facebook_social_nuchevptyltd_oli6_20_2026_100001-bau_carousel-video&utm_term=traffic&utm_content=carousel-video_static,www.chemistwarehouse.com.au,/shop-online/705628/oli6,facebook,social,au_cw_coop_facebook_social_nuchevptyltd_oli6_20_2026_100001-bau_carousel-video,20,traffic,carousel-video_static,Coop,Nuchevptyltd,Oli6,2026,carousel-video,Goat Milk. Gentle Relief.,Naturally A2 Protein. Goat Milk nutrition easier on little tummies.,Learn More,https://scontent.fpss5-1.fna.fbcdn.net/v/t39.35426-6/687039743_826739443822227_768571941937856311_n.jpg?_nc_cat=101&ccb=1-7&_nc_sid=c53f8f&_nc_ohc=N3wenGahj-MQ7kNvwHtolnL&_nc_oc=AdpxKW1JWEew_pUt_sQlzNAoM6XWIMEzIs7GR8xWbEtryiC96pJuB-rLP5FqNPFmG04&_nc_zt=14&_nc_ht=scontent.fpss5-1.fna&_nc_gid=UrUIrdb5OdkjOTGjfymR9w&_nc_ss=7f180&oh=00_AQHpZqAiVtA19zN8TsSuTNte2eQp1uCnEMvK-EuvyvuqKQ&oe=6A75821B,,"['FACEBOOK', 'INSTAGRAM', 'MESSENGER', 'THREADS']",au,cw,facebook,social,2026-W31,2026-08,"FACEBOOK, INSTAGRAM, MESSENGER, THREADS",True,True,False,True,True,False,Brand/Category Page,True,False,False,2026-08-03,2026-05-04 07:00:00,2026-08-03 15:37:17.103942,91
4521766391402364,1671240047396467,True,2026-04-30 07:00:00,2026-08-02 07:00:00,Chemist Warehouse,Chemist Warehouse,{{product.name}},{{product.brand}},Learn more,DCO,https://www.chemistwarehouse.com.au/buy/161002/naturopathica-sb-gastro-60-capsules?utm_source=facebook&utm_medium=social&utm_campaign=au_cw_coop_facebook_social_pharmacarelaboratories_gastrohealth_81_2026_100284-bau_video-image&utm_term=traffic&utm_content=video-image_static-image,www.chemistwarehouse.com.au,/buy/161002/naturopathica-sb-gastro-60-capsules,facebook,social,au_cw_coop_facebook_social_pharmacarelaboratories_gastrohealth_81_2026_100284-bau_video-image,81,traffic,video-image_static-image,Coop,Pharmacarelaboratories,Gastrohealth,2026,video-image,Travel Smart... Gastro SB,"Get your gut ready with Gastro SB, don't let traveller's diarrhoea slow you down.",Learn More,https://scontent.fpss5-1.fna.fbcdn.net/v/t39.35426-6/685865643_2141628696631200_464841730264608707_n.jpg?_nc_cat=106&ccb=1-7&_nc_sid=c53f8f&_nc_ohc=XTRFMaizR2gQ7kNvwHvf58A&_nc_oc=Adp2_FASo_BNFmmxFGgYSIGDudbxhL4xCxlJapDS0Y-ZMhCOngY8QlXtev9y5KezzDs&_nc_zt=14&_nc_ht=scontent.fpss5-1.fna&_nc_gid=UrUIrdb5OdkjOTGjfymR9w&_nc_ss=7f180&oh=00_AQGwzue6vw74KhZuTHVWO7QYOa3ejCvkb3AFW-kpZT-xDg&oe=6A758CD4,,"['FACEBOOK', 'INSTAGRAM', 'THREADS']",au,cw,facebook,social,2026-W31,2026-08,"FACEBOOK, INSTAGRAM, THREADS",True,True,False,False,True,False,SKU Product,True,False,False,2026-08-03,2026-04-30 07:00:00,2026-08-03 15:37:17.103942,95
942746435389643,1000676038965533,True,2026-04-29 07:00:00,2026-08-02 07:00:00,Chemist Warehouse,Chemist Warehouse,Shop at Chemist Warehouse,Just got back from Korea… and you can literally buy some of their most viral skincare at @ChemistWarehouseaus 🤯 Skin1004 is now available! Think barrier support but affordable with quality ingredients!,Shop now,VIDEO,https://www.chemistwarehouse.com.au/shop-online/705490/skin1004?utm_source=facebook&utm_medium=social&utm_campaign=au_cw_oa_facebook_social_cravercorporation_skin1004_665_mar26_100366-oa_video-image&utm_term=traffic&utm_content=video-influencer-peyton,www.chemistwarehouse.com.au,/shop-online/705490/skin1004,facebook,social,au_cw_oa_facebook_social_cravercorporation_skin1004_665_mar26_100366-oa_video-image,665,traffic,video-influencer-peyton,O&O,Cravercorporation,Skin1004,mar26,video-image,,,,,,"['FACEBOOK', 'INSTAGRAM', 'AUDIENCE_NETWORK', 'MESSENGER', 'THREADS']",au,cw,facebook,social,2026-W31,2026-08,"FACEBOOK, INSTAGRAM, AUDIENCE_NETWORK, MESSENGER, THREADS",True,True,True,True,True,False,Brand/Category Page,True,True,False,2026-08-03,2026-04-29 07:00:00,2026-08-03 15:37:17.103942,96
1710932767011501,846817658437919,True,2026-04-30 07:00:00,2026-08-01 07:00:00,Chemist Warehouse,Chemist Warehouse,Shop at Chemist Warehouse,Shop SKIN1004 Madagascar Centella Ampoule at Chemist Warehouse.,Shop now,VIDEO,https://www.chemistwarehouse.com.au/shop-online/705490/skin1004?utm_source=facebook&utm_medium=social&utm_campaign=au_cw_oa_facebook_social_cravercorporation_skin1004_665_mar26_100366-oa_video-image&utm_term=traffic&utm_content=video-influencer-instore,www.chemistwarehouse.com.au,/shop-online/705490/skin1004,facebook,social,au_cw_oa_facebook_social_cravercorporation_skin1004_665_mar26_100366-oa_video-image,665,traffic,video-influencer-instore,O&O,Cravercorporation,Skin1004,mar26,video-image,,,,,,"['FACEBOOK', 'INSTAGRAM', 'AUDIENCE_NETWORK', 'MESSENGER', 'THREADS']",au,cw,facebook,social,2026-W31,2026-08,"FACEBOOK, INSTAGRAM, AUDIENCE_NETWORK, MESSENGER, THREADS",True,True,True,True,True,False,Brand/Category Page,True,True,False,2026-08-03,2026-04-30 07:00:00,2026-08-03 15:37:17.103942,95
941882385409501,26745277655111345,True,2026-05-04 07:00:00,2026-08-02 07:00:00,Chemist Warehouse,Chemist Warehouse,Marine Collagen Peptides,"Pure, potent and simple to use. Add Vida Glow Natural Marine Collagen to your routine to support skin elasticity and hydration.",Shop now,VIDEO,https://www.chemistwarehouse.com.au/shop-online/705653/vida-glow?utm_source=facebook&utm_medium=social&utm_campaign=au_cw_coop_facebook_social_vidaglow_vidaglow_81_2026_100167-bau_video-image&utm_term=traffic&utm_content=video-image_instore-video,www.chemistwarehouse.com.au,/shop-online/705653/vida-glow,facebook,social,au_cw_coop_facebook_social_vidaglow_vidaglow_81_2026_100167-bau_video-image,81,traffic,video-image_instore-video,Coop,Vidaglow,Vidaglow,2026,video-image,,,,,,"['FACEBOOK', 'INSTAGRAM', 'THREADS']",au,cw,facebook,social,2026-W31,2026-08,"FACEBOOK, INSTAGRAM, THREADS",True,True,False,False,True,False,Brand/Category Page,True,False,False,2026-08-03,2026-05-04 07:00:00,2026-08-03 15:37:17.103942,91
922860893922528,1320915516582927,True,2026-04-28 07:00:00,2026-08-02 07:00:00,Chemist Warehouse,Chemist Warehouse,{{product.name}},{{product.brand}},Shop now,DCO,https://www.chemistwarehouse.com.au/shop-online/4617/essano-skincare?utm_source=facebook&utm_medium=social&utm_campaign=au_cw_coop_facebook_social_vitalitybrandsworldwide_essano_665_2026_100243-bau_video-image&utm_term=traffic&utm_content=video-image_all,www.chemistwarehouse.com.au,/shop-online/4617/essano-skincare,facebook,social,au_cw_coop_facebook_social_vitalitybrandsworldwide_essano_665_2026_100243-bau_video-image,665,traffic,video-image_all,Coop,Vitalitybrandsworldwide,Essano,2026,video-image,Your collagen comeback starts here,Essano Collagen Boost. With skin plumping actives.,Shop Now,https://scontent.fpss5-1.fna.fbcdn.net/v/t39.35426-6/681243427_2125048944981040_7464708014561087283_n.jpg?_nc_cat=111&ccb=1-7&_nc_sid=c53f8f&_nc_ohc=mr3PCuk2GGAQ7kNvwHS9CFI&_nc_oc=AdpaKdC9fT3eo_GN9Z14xMKSrj-mOQg5F9Lf2nnBO4o6qUiDN15LoEhwglORQyVhalA&_nc_zt=14&_nc_ht=scontent.fpss5-1.fna&_nc_gid=9h7rvDX_YCI9i-7HisoByA&_nc_ss=7f180&oh=00_AQHb1eoSKS-UWX94L1Zsob7m4R3677Yohd55LQ1HUtUobA&oe=6A758441,,"['FACEBOOK', 'INSTAGRAM', 'AUDIENCE_NETWORK', 'MESSENGER', 'THREADS']",au,cw,facebook,social,2026-W31,2026-08,"FACEBOOK, INSTAGRAM, AUDIENCE_NETWORK, MESSENGER, THREADS",True,True,True,True,True,False,Brand/Category Page,True,False,False,2026-08-03,2026-04-28 07:00:00,2026-08-03 15:37:17.103942,97
1283739206518387,,True,2026-04-24 07:00:00,2026-08-02 07:00:00,Chemist Warehouse,Chemist Warehouse,{{product.name}},Shop Oral-B iO at Chemist Warehouse,Shop now,DPA,http://www.chemistwarehouse.com.au/,www.chemistwarehouse.com.au,/,,,,,,,Not Specified,,,,,Oral B Power Toothbrush iO 3 Series Clean & Whiten,Shop Oral-B iO at Chemist Warehouse,Shop Now,https://scontent.fpss5-1.fna.fbcdn.net/v/t39.35426-6/679849133_1435428961602097_6139486467884621177_n.jpg?_nc_cat=106&ccb=1-7&_nc_sid=c53f8f&_nc_ohc=2lzWuzA9ohEQ7kNvwFYuBvD&_nc_oc=AdpITPBrhzJ98wuGgf75g-ezMEB80fMx7Q6xmiLQ_aiYndv0cN9AIpZs7YTSKhxQBAU&_nc_zt=14&_nc_ht=scontent.fpss5-1.fna&_nc_gid=9h7rvDX_YCI9i-7HisoByA&_nc_ss=7f180&oh=00_AQFBCZz9V5-Z6br5FKg5u1FiSQ94w18mIwuBsaiV-2o5ag&oe=6A75ACB9,,"['FACEBOOK', 'INSTAGRAM', 'AUDIENCE_NETWORK', 'MESSENGER', 'THREADS']",,,,,2026-W31,2026-08,"FACEBOOK, INSTAGRAM, AUDIENCE_NETWORK, MESSENGER, THREADS",True,True,True,True,True,False,Homepage,True,True,False,2026-08-03,2026-04-24 07:00:00,2026-08-03 15:37:17.103942,101
1241043811168879,1586699756203740,True,2026-04-30 07:00:00,2026-07-30 07:00:00,Chemist Warehouse,Chemist Warehouse,Shop at Chemist Warehouse,K-beauty found a new lover and surprise surprise its me @chemistwarehouseaus,Shop now,VIDEO,https://www.chemistwarehouse.com.au/shop-online/705490/skin1004?utm_source=facebook&utm_medium=social&utm_campaign=au_cw_oa_facebook_social_cravercorporation_skin1004_665_mar26_100366-oa_video-image&utm_term=traffic&utm_content=video-influencer-adelle,www.chemistwarehouse.com.au,/shop-online/705490/skin1004,facebook,social,au_cw_oa_facebook_social_cravercorporation_skin1004_665_mar26_100366-oa_video-image,665,traffic,video-influencer-adelle,O&O,Cravercorporation,Skin1004,mar26,video-image,,,,,,"['FACEBOOK', 'INSTAGRAM', 'AUDIENCE_NETWORK', 'MESSENGER', 'THREADS']",au,cw,facebook,social,2026-W31,2026-08,"FACEBOOK, INSTAGRAM, AUDIENCE_NETWORK, MESSENGER, THREADS",True,True,True,True,True,False,Brand/Category Page,True,True,False,2026-08-03,2026-04-30 07:00:00,2026-08-03 15:37:17.103942,95
1678104886947518,1650372882867076,True,2026-04-24 07:00:00,2026-08-02 07:00:00,Chemist Warehouse,Chemist Warehouse,{{product.name}},{{product.brand}},Shop now,DCO,https://www.chemistwarehouse.com.au/shop-online/705405/oral-b?utm_source=facebook&utm_medium=social&utm_campaign=au_cw_coop_facebook_social_proctergambleaustralia_oralb_159_2026_100078-bau_video-image&utm_term=conversion&utm_content=video-image_all,www.chemistwarehouse.com.au,/shop-online/705405/oral-b,facebook,social,au_cw_coop_facebook_social_proctergambleaustralia_oralb_159_2026_100078-bau_video-image,159,conversion,video-image_all,Coop,Proctergambleaustralia,Oralb,2026,video-image,Oral-B brush heads,A worn brush won't clean your teeth properly! Change to get back to 100% cleaning power,Shop Now,https://scontent.fpss5-1.fna.fbcdn.net/v/t39.35426-6/678831649_1490660722700498_8335171074885402848_n.jpg?_nc_cat=109&ccb=1-7&_nc_sid=c53f8f&_nc_ohc=Skf0p-BiOyMQ7kNvwEQVL2f&_nc_oc=Adp9fwrJbB1bpprE8s2NxT-dPkK7N1Ajf0e0E9ly8-NCujRgSkKuEDECVjzE6Ox1lAY&_nc_zt=14&_nc_ht=scontent.fpss5-1.fna&_nc_gid=9h7rvDX_YCI9i-7HisoByA&_nc_ss=7f180&oh=00_AQFqSyIDyUZ30EgNfK9z1VxPdtltbgEaDBQQTQ2ZVvklyg&oe=6A758828,,"['FACEBOOK', 'INSTAGRAM', 'AUDIENCE_NETWORK', 'MESSENGER', 'THREADS']",au,cw,facebook,social,2026-W31,2026-08,"FACEBOOK, INSTAGRAM, AUDIENCE_NETWORK, MESSENGER, THREADS",True,True,True,True,True,False,Brand/Category Page,True,False,False,2026-08-03,2026-04-24 07:00:00,2026-08-03 15:37:17.103942,101
2026875037861077,26775905588697159,True,2026-04-24 07:00:00,2026-08-02 07:00:00,Chemist Warehouse,Chemist Warehouse,{{product.name}},{{product.brand}},Shop now,DCO,https://www.chemistwarehouse.com.au/shop-online/705405/oral-b?utm_source=facebook&utm_medium=social&utm_campaign=au_cw_coop_facebook_social_proctergambleaustralia_oralb_159_2026_100078-bau_video-image&utm_term=conversion&utm_content=video-image_all,www.chemistwarehouse.com.au,/shop-online/705405/oral-b,facebook,social,au_cw_coop_facebook_social_proctergambleaustralia_oralb_159_2026_100078-bau_video-image,159,conversion,video-image_all,Coop,Proctergambleaustralia,Oralb,2026,video-image,Oral-B 3D White,Brighten your smile with Oral-B! Removes tough surface stains to reveal a whiter smile,Shop Now,https://scontent.fpss5-1.fna.fbcdn.net/v/t39.35426-6/679620282_1493463785839608_2255260499557027136_n.jpg?_nc_cat=103&ccb=1-7&_nc_sid=c53f8f&_nc_ohc=4yxJYHHJmJcQ7kNvwGfWTSi&_nc_oc=Adqbl-_XApxmZ1fxdtZ-ok5aL4T8C_SPn7UYy8zKeHhFEBsmTjK6MRrgIxkTWEcLIlg&_nc_zt=14&_nc_ht=scontent.fpss5-1.fna&_nc_gid=9h7rvDX_YCI9i-7HisoByA&_nc_ss=7f180&oh=00_AQFO0ULBGuxHoqhyV2HKQQaPcy3CouQQp4t_43Uf85zykA&oe=6A758390,,"['FACEBOOK', 'INSTAGRAM', 'AUDIENCE_NETWORK', 'MESSENGER', 'THREADS']",au,cw,facebook,social,2026-W31,2026-08,"FACEBOOK, INSTAGRAM, AUDIENCE_NETWORK, MESSENGER, THREADS",True,True,True,True,True,False,Brand/Category Page,True,False,False,2026-08-03,2026-04-24 07:00:00,2026-08-03 15:37:17.103942,101
931618246534333,904511255955079,True,2026-04-24 07:00:00,2026-08-02 07:00:00,Chemist Warehouse,Chemist Warehouse,{{product.name}},{{product.brand}},Shop now,DCO,https://www.chemistwarehouse.com.au/shop-online/705405/oral-b?utm_source=facebook&utm_medium=social&utm_campaign=au_cw_coop_facebook_social_proctergambleaustralia_oralb_159_2026_100078-bau_video-image&utm_term=conversion&utm_content=video-image_all,www.chemistwarehouse.com.au,/shop-online/705405/oral-b,facebook,social,au_cw_coop_facebook_social_proctergambleaustralia_oralb_159_2026_100078-bau_video-image,159,conversion,video-image_all,Coop,Proctergambleaustralia,Oralb,2026,video-image,Oral-B 3D White,Brighten your smile with Oral-B! Removes tough surface stains to reveal a whiter smile,Shop Now,https://scontent.fpss5-1.fna.fbcdn.net/v/t39.35426-6/681186044_1335483215061311_2113925251303489146_n.jpg?_nc_cat=111&ccb=1-7&_nc_sid=c53f8f&_nc_ohc=0tN2PXpupCUQ7kNvwEhHrGK&_nc_oc=AdqACEtrdTxktTAa91hNPu-FeEzLG73v9Osm8DkJjVloMhuJ-u4BHKtZvDXJI_0TX50&_nc_zt=14&_nc_ht=scontent.fpss5-1.fna&_nc_gid=9h7rvDX_YCI9i-7HisoByA&_nc_ss=7f180&oh=00_AQGhAsQWiWVMzYI-6wIpImHMQoFCZR7UFT0LsFwGba5eCA&oe=6A759839,,"['FACEBOOK', 'INSTAGRAM', 'AUDIENCE_NETWORK', 'MESSENGER', 'THREADS']",au,cw,facebook,social,2026-W31,2026-08,"FACEBOOK, INSTAGRAM, AUDIENCE_NETWORK, MESSENGER, THREADS",True,True,True,True,True,False,Brand/Category Page,True,False,False,2026-08-03,2026-04-24 07:00:00,2026-08-03 15:37:17.103942,101
1837331666941292,,True,2026-04-24 07:00:00,2026-08-02 07:00:00,Chemist Warehouse,Chemist Warehouse,Stock up - sale on now!,This is your sign to switch out your old toothbrush head - change now to get back to 100% cleaning power!,Learn more,IMAGE,https://fb.com/canvas_doc/1566257237913544,fb.com,/canvas_doc/1566257237913544,,,,,,,Not Specified,,,,,,,,,,"['FACEBOOK', 'INSTAGRAM', 'AUDIENCE_NETWORK', 'MESSENGER', 'THREADS']",,,,,2026-W31,2026-08,"FACEBOOK, INSTAGRAM, AUDIENCE_NETWORK, MESSENGER, THREADS",True,True,True,True,True,False,Internal/App Page,True,False,False,2026-08-03,2026-04-24 07:00:00,2026-08-03 15:37:17.103942,101
3838603066447838,,True,2026-04-24 07:00:00,2026-08-02 07:00:00,Chemist Warehouse,Chemist Warehouse,Oral-B brush heads,Remember to change your brush heads every 3 months! Stock up and save at Chemist Warehouse,Shop now,IMAGE,https://fb.com/canvas_doc/2403952293363225,fb.com,/canvas_doc/2403952293363225,,,,,,,Not Specified,,,,,,,,,,"['FACEBOOK', 'INSTAGRAM', 'AUDIENCE_NETWORK', 'MESSENGER', 'THREADS']",,,,,2026-W31,2026-08,"FACEBOOK, INSTAGRAM, AUDIENCE_NETWORK, MESSENGER, THREADS",True,True,True,True,True,False,Internal/App Page,True,True,False,2026-08-03,2026-04-24 07:00:00,2026-08-03 15:37:17.103942,101
1489250802600440,3394713860725667,True,2026-04-24 07:00:00,2026-08-02 07:00:00,Chemist Warehouse,Chemist Warehouse,{{product.name}},{{product.brand}},Shop now,DCO,https://www.chemistwarehouse.com.au/shop-online/705405/oral-b?utm_source=facebook&utm_medium=social&utm_campaign=au_cw_coop_facebook_social_proctergambleaustralia_oralb_159_2026_100078-bau_video-image&utm_term=conversion&utm_content=video-image_all,www.chemistwarehouse.com.au,/shop-online/705405/oral-b,facebook,social,au_cw_coop_facebook_social_proctergambleaustralia_oralb_159_2026_100078-bau_video-image,159,conversion,video-image_all,Coop,Proctergambleaustralia,Oralb,2026,video-image,Oral-B brush heads,Remember to change your brush heads every 3 months! Stock up and save at Chemist Warehouse,Shop Now,https://scontent.fpss5-1.fna.fbcdn.net/v/t39.35426-6/657522575_1450788066749224_1217424552094019227_n.jpg?_nc_cat=111&ccb=1-7&_nc_sid=c53f8f&_nc_ohc=vqIZBnGkEScQ7kNvwHnRbF8&_nc_oc=Adr8RtRcVumRbIdD4SBgwjL-Ro6qk1Y3VUA_rZofpOXyg0tuMwR6QP-tLVKCr4Sawrg&_nc_zt=14&_nc_ht=scontent.fpss5-1.fna&_nc_gid=9h7rvDX_YCI9i-7HisoByA&_nc_ss=7f180&oh=00_AQFyOdh7PAwjYtJ2KjccRLGLu6hroyCOSjyeBuBBIqN1og&oe=6A75A406,,"['FACEBOOK', 'INSTAGRAM', 'AUDIENCE_NETWORK', 'MESSENGER', 'THREADS']",au,cw,facebook,social,2026-W31,2026-08,"FACEBOOK, INSTAGRAM, AUDIENCE_NETWORK, MESSENGER, THREADS",True,True,True,True,True,False,Brand/Category Page,True,False,False,2026-08-03,2026-04-24 07:00:00,2026-08-03 15:37:17.103942,101
1508233204230952,1007843542411186,True,2026-04-24 07:00:00,2026-08-02 07:00:00,Chemist Warehouse,Chemist Warehouse,Shop Swisse at Chemist Warehouse,Shop Swisse on Vitamins and supplements online at Chemist Warehouse and enjoy huge discounts across the range.,Shop now,VIDEO,https://fb.com/canvas_doc/1278867780407683,fb.com,/canvas_doc/1278867780407683,,,,,,,Not Specified,,,,,,,,,,"['FACEBOOK', 'INSTAGRAM', 'AUDIENCE_NETWORK', 'MESSENGER', 'THREADS']",,,,,2026-W31,2026-08,"FACEBOOK, INSTAGRAM, AUDIENCE_NETWORK, MESSENGER, THREADS",True,True,True,True,True,False,Internal/App Page,True,True,False,2026-08-03,2026-04-24 07:00:00,2026-08-03 15:37:17.103942,101
1756782145738713,,True,2026-04-22 07:00:00,2026-08-02 07:00:00,Chemist Warehouse,Chemist Warehouse,Developed with dermatologists,"CeraVe, Developed with Dermatologists. Shop now at Chemist Warehouse!",Shop now,IMAGE,https://fb.com/canvas_doc/955920760483621,fb.com,/canvas_doc/955920760483621,,,,,,,Not Specified,,,,,,,,,,"['FACEBOOK', 'INSTAGRAM', 'AUDIENCE_NETWORK', 'MESSENGER', 'THREADS']",,,,,2026-W31,2026-08,"FACEBOOK, INSTAGRAM, AUDIENCE_NETWORK, MESSENGER, THREADS",True,True,True,True,True,False,Internal/App Page,True,True,False,2026-08-03,2026-04-22 07:00:00,2026-08-03 15:37:17.103942,103
988942250373942,,True,2026-04-22 07:00:00,2026-08-02 07:00:00,Chemist Warehouse,Chemist Warehouse,Developed with dermatologists,"CeraVe, Developed with Dermatologists. Shop now at Chemist Warehouse!",Shop now,IMAGE,https://fb.com/canvas_doc/1512713406952080,fb.com,/canvas_doc/1512713406952080,,,,,,,Not Specified,,,,,,,,,,"['FACEBOOK', 'INSTAGRAM', 'AUDIENCE_NETWORK', 'MESSENGER', 'THREADS']",,,,,2026-W31,2026-08,"FACEBOOK, INSTAGRAM, AUDIENCE_NETWORK, MESSENGER, THREADS",True,True,True,True,True,False,Internal/App Page,True,True,False,2026-08-03,2026-04-22 07:00:00,2026-08-03 15:37:17.103942,103
2127533114762496,992305736471260,True,2026-04-20 07:00:00,2026-08-02 07:00:00,Chemist Warehouse,Chemist Warehouse,{{product.name}},{{product.brand}},Shop now,DCO,https://www.chemistwarehouse.com.au/shop-online/705652/old-spice?utm_source=facebook&utm_medium=social&utm_campaign=au_cw_coop_facebook_social_proctergambleaustralia_oldspice_259_2026_100078-bau_video&utm_term=traffic&utm_content=video_all,www.chemistwarehouse.com.au,/shop-online/705652/old-spice,facebook,social,au_cw_coop_facebook_social_proctergambleaustralia_oldspice_259_2026_100078-bau_video,259,traffic,video_all,Coop,Proctergambleaustralia,Oldspice,2026,video,Try Old Spice Range,Long-lasting sweat and odor protection. Feel 2x fresher with a perfume-quality fragrance!,Shop Now,https://scontent.fpss5-1.fna.fbcdn.net/v/t39.35426-6/675552182_1679846909831864_7282801876572587463_n.jpg?_nc_cat=105&ccb=1-7&_nc_sid=c53f8f&_nc_ohc=SIUWWL8omhgQ7kNvwH1MxOu&_nc_oc=Adpfq_WBUkmlqbf9lqOJbHl0LMzFptOJWONTHntfXLkeCPoVUP8ZmDiiFZzlArTaxlc&_nc_zt=14&_nc_ht=scontent.fpss5-1.fna&_nc_gid=9h7rvDX_YCI9i-7HisoByA&_nc_ss=7f180&oh=00_AQHwm31bun1WvYuzbhPA6_wbUcVklBlaIt5fTbn7sxbTBw&oe=6A758DB8,,"['FACEBOOK', 'INSTAGRAM', 'AUDIENCE_NETWORK', 'MESSENGER', 'THREADS']",au,cw,facebook,social,2026-W31,2026-08,"FACEBOOK, INSTAGRAM, AUDIENCE_NETWORK, MESSENGER, THREADS",True,True,True,True,True,False,Brand/Category Page,True,False,False,2026-08-03,2026-04-20 07:00:00,2026-08-03 15:37:17.103942,105
1332148938968971,,True,2026-04-21 07:00:00,2026-08-02 07:00:00,Chemist Warehouse,Chemist Warehouse,Developed with dermatologists,Experience the science of CeraVe Foaming Cleanser. Shop now at Chemist Warehouse.,Shop now,IMAGE,https://fb.com/canvas_doc/1630256568184680,fb.com,/canvas_doc/1630256568184680,,,,,,,Not Specified,,,,,,,,,,"['FACEBOOK', 'INSTAGRAM', 'AUDIENCE_NETWORK', 'MESSENGER', 'THREADS']",,,,,2026-W31,2026-08,"FACEBOOK, INSTAGRAM, AUDIENCE_NETWORK, MESSENGER, THREADS",True,True,True,True,True,False,Internal/App Page,True,True,False,2026-08-03,2026-04-21 07:00:00,2026-08-03 15:37:17.103942,104
1268643415418830,1298162745746830,True,2026-04-20 07:00:00,2026-08-02 07:00:00,Chemist Warehouse,Chemist Warehouse,{{product.name}},{{product.brand}},Shop now,DCO,https://www.chemistwarehouse.com.au/shop-online/705652/old-spice?utm_source=facebook&utm_medium=social&utm_campaign=au_cw_coop_facebook_social_proctergambleaustralia_oldspice_259_2026_100078-bau_video&utm_term=traffic&utm_content=video_all,www.chemistwarehouse.com.au,/shop-online/705652/old-spice,facebook,social,au_cw_coop_facebook_social_proctergambleaustralia_oldspice_259_2026_100078-bau_video,259,traffic,video_all,Coop,Proctergambleaustralia,Oldspice,2026,video,The Scent that Never Dies,Long-lasting sweat and odor protection. Feel 2x fresher with a perfume-quality fragrance!,Shop Now,https://scontent.fpss5-1.fna.fbcdn.net/v/t39.35426-6/673598511_1024357526838826_4817423030499551495_n.jpg?_nc_cat=103&ccb=1-7&_nc_sid=c53f8f&_nc_ohc=ijx6Yc6GtmUQ7kNvwETTQ4T&_nc_oc=Adr07mR5wXaxE959wgftKLQpoJxVtANwwUwEWFoHlI0g9vXH2CoTEPB_F8hDDDoYu-c&_nc_zt=14&_nc_ht=scontent.fpss5-1.fna&_nc_gid=9h7rvDX_YCI9i-7HisoByA&_nc_ss=7f180&oh=00_AQGIw46H29rG-XNlY9WLQv14QQ5AgXNsRzwLE610QRWUpQ&oe=6A758D6E,,"['FACEBOOK', 'INSTAGRAM', 'AUDIENCE_NETWORK', 'MESSENGER', 'THREADS']",au,cw,facebook,social,2026-W31,2026-08,"FACEBOOK, INSTAGRAM, AUDIENCE_NETWORK, MESSENGER, THREADS",True,True,True,True,True,False,Brand/Category Page,True,False,False,2026-08-03,2026-04-20 07:00:00,2026-08-03 15:37:17.103942,105
2208635399906564,1459674745641261,True,2026-04-20 07:00:00,2026-08-02 07:00:00,Chemist Warehouse,Chemist Warehouse,{{product.name}},{{product.brand}},Shop now,DCO,https://www.chemistwarehouse.com.au/shop-online/705652/old-spice?utm_source=facebook&utm_medium=social&utm_campaign=au_cw_coop_facebook_social_proctergambleaustralia_oldspice_259_2026_100078-bau_video&utm_term=traffic&utm_content=video_all,www.chemistwarehouse.com.au,/shop-online/705652/old-spice,facebook,social,au_cw_coop_facebook_social_proctergambleaustralia_oldspice_259_2026_100078-bau_video,259,traffic,video_all,Coop,Proctergambleaustralia,Oldspice,2026,video,Try Old Spice Sticks!,Long-lasting sweat and odor protection. Feel 2x fresher with a perfume-quality fragrance!,Shop Now,https://scontent.fpss5-1.fna.fbcdn.net/v/t39.35426-6/673558275_2366072413870705_6957809162252667346_n.jpg?_nc_cat=106&ccb=1-7&_nc_sid=c53f8f&_nc_ohc=ZE6wE8xXZxwQ7kNvwE2JZAi&_nc_oc=Adqdr1LABEFE4f_SMrAM5_PT_cZ2GvD5rq0VrHxMRxzXFm8xTqBhrJPgBkfEA8aqCtA&_nc_zt=14&_nc_ht=scontent.fpss5-1.fna&_nc_gid=9h7rvDX_YCI9i-7HisoByA&_nc_ss=7f180&oh=00_AQEL6pw3PP9MaJDMdDBJ4bkM9DzxeDukDwtdS12_fRQ9dA&oe=6A757534,,"['FACEBOOK', 'INSTAGRAM', 'AUDIENCE_NETWORK', 'MESSENGER', 'THREADS']",au,cw,facebook,social,2026-W31,2026-08,"FACEBOOK, INSTAGRAM, AUDIENCE_NETWORK, MESSENGER, THREADS",True,True,True,True,True,False,Brand/Category Page,True,False,False,2026-08-03,2026-04-20 07:00:00,2026-08-03 15:37:17.103942,105
982537174216425,1884764212231152,True,2026-04-19 07:00:00,2026-08-02 07:00:00,Chemist Warehouse,Chemist Warehouse,{{product.name}},{{product.brand}},Shop now,DCO,https://www.chemistwarehouse.com.au/buy/154853/redken-acidic-bonding-concentrate-24-7-serum-100ml?utm_source=facebook&utm_medium=social&utm_campaign=au_cw_coop_facebook_social_lorealprofessional_redken_129_2026_bau_dynamic&utm_term=traffic&utm_content=dynamic_abc3,www.chemistwarehouse.com.au,/buy/154853/redken-acidic-bonding-concentrate-24-7-serum-100ml,facebook,social,au_cw_coop_facebook_social_lorealprofessional_redken_129_2026_bau_dynamic,129,traffic,dynamic_abc3,Coop,Lorealprofessional,Redken,2026,dynamic,Your Redken Professional Tip,"Discover the NEW Redken Acidic Bonding Concentrate 24/7 Night & Day Serum. A revolutionary bonding serum that repairs and strengthens processed, damaged hair.",Shop Now,https://scontent.fpss5-1.fna.fbcdn.net/v/t39.35426-6/673732478_931759922805879_9072318019907687955_n.jpg?_nc_cat=103&ccb=1-7&_nc_sid=c53f8f&_nc_ohc=KpoR8oL5INoQ7kNvwENqxgL&_nc_oc=AdodJwz8OygKARXzTpw--l7GWZeQ2oELQKRUCzRhTlJQ8vmr126R9eaIumKQKf_cDTs&_nc_zt=14&_nc_ht=scontent.fpss5-1.fna&_nc_gid=9h7rvDX_YCI9i-7HisoByA&_nc_ss=7f180&oh=00_AQHZFe8CYw9vR7TJM02B-v-OFoMbLx4YM_PzsTK5hoPoTw&oe=6A7598DA,,"['FACEBOOK', 'INSTAGRAM', 'AUDIENCE_NETWORK', 'MESSENGER', 'THREADS']",au,cw,facebook,social,2026-W31,2026-08,"FACEBOOK, INSTAGRAM, AUDIENCE_NETWORK, MESSENGER, THREADS",True,True,True,True,True,False,SKU Product,True,False,False,2026-08-03,2026-04-19 07:00:00,2026-08-03 15:37:17.103942,106
2072456359966566,2024661738468392,True,2026-04-16 07:00:00,2026-08-02 07:00:00,Chemist Warehouse,Chemist Warehouse,{{product.name}},{{product.brand}},Shop now,DCO,https://www.chemistwarehouse.com.au/shop-online/705653/vida-glow?utm_source=facebook&utm_medium=social&utm_campaign=au_cw_coop_facebook_social_vidaglow_vidaglow_81_2026_100167-bau_video-image&utm_term=traffic&utm_content=video-image_static-2,www.chemistwarehouse.com.au,/shop-online/705653/vida-glow,facebook,social,au_cw_coop_facebook_social_vidaglow_vidaglow_81_2026_100167-bau_video-image,81,traffic,video-image_static-2,Coop,Vidaglow,Vidaglow,2026,video-image,Marine Collagen Peptides,"Pure, potent and simple to use. Add Vida Glow Natural Marine Collagen to your routine to support skin elasticity and hydration.",Shop Now,https://scontent.fpss5-1.fna.fbcdn.net/v/t39.35426-6/672687217_1212591444090753_458793157925896405_n.jpg?_nc_cat=104&ccb=1-7&_nc_sid=c53f8f&_nc_ohc=5u5Ofeu0H3wQ7kNvwEknhkR&_nc_oc=AdrWWD-_fxqPeoEssbJoN3ZBwvxq_dRULAuB7HEgksTGlAmXF4TP6KPAfGz__LJJOrY&_nc_zt=14&_nc_ht=scontent.fpss5-1.fna&_nc_gid=9h7rvDX_YCI9i-7HisoByA&_nc_ss=7f180&oh=00_AQGjagt3SKgBAWNNA4w-S32wHtKSwPe4EX8lQetAHGO5jg&oe=6A75ACCC,,"['FACEBOOK', 'INSTAGRAM', 'THREADS']",au,cw,facebook,social,2026-W31,2026-08,"FACEBOOK, INSTAGRAM, THREADS",True,True,False,False,True,False,Brand/Category Page,True,False,False,2026-08-03,2026-04-16 07:00:00,2026-08-03 15:37:17.103942,109
2271932500001260,1608591450375261,True,2026-04-14 07:00:00,2026-08-02 07:00:00,Chemist Warehouse,Chemist Warehouse,{{product.name}},{{product.brand}},Shop now,DCO,https://www.chemistwarehouse.com.au/shop-online/958/aptamil?utm_source=facebook&utm_medium=social&utm_campaign=au_cw_coop_facebook_social_nutriciaaustraliaptylimited_aptamil_20_2026_100044-bau_video-image&utm_term=traffic&utm_content=video-image_aptamil-vieo-generic,www.chemistwarehouse.com.au,/shop-online/958/aptamil,facebook,social,au_cw_coop_facebook_social_nutriciaaustraliaptylimited_aptamil_20_2026_100044-bau_video-image,20,traffic,video-image_aptamil-vieo-generic,Coop,Nutriciaaustraliaptylimited,Aptamil,2026,video-image,Immune ready* for life adventures!,"Contains a blend of prebiotics proven to strengthen their immunity* 

When intake is inadequate.​*prebiotic blend as scGOS/lcFOS in the ratio of 9:1.",Shop Now,,https://video.fpss5-1.fna.fbcdn.net/o1/v/t2/f2/m366/AQMcb89cPcTlHzp7t_21_uJWKDn9eaiEliHx9hCCsVLyH9wibfRpucImnJgM9TAVtKXLx9doR8FIUfXu_Ps6_Kv2-06KLHyGrM0_LcRzg7UCEw.mp4?_nc_cat=105&_nc_oc=AdpPTG_wrHfwgQ5AX3DZiGDKxW5IG6br3J5r2HMeiLoVfPsSQ39uHZO25RQpVHFxxiM&_nc_sid=b66105&_nc_ht=video.fpss5-1.fna.fbcdn.net&_nc_ohc=O1vw373f2zkQ7kNvwGIib97&efg=eyJ2ZW5jb2RlX3RhZyI6Inhwdl9wcm9ncmVzc2l2ZS5WSV9VU0VDQVNFX1BST0RVQ1RfVFlQRS4uQzMuNzIwLmRhc2hfaDI2NC1iYXNpYy1nZW4yXzcyMHAiLCJ4cHZfYXNzZXRfaWQiOjIzMzI0NzcyODA1NzE0NTUsImFzc2V0X2FnZV9kYXlzIjoxMTAsInZpX3VzZWNhc2VfaWQiOjEwNzk5LCJkdXJhdGlvbl9zIjo2LCJ1cmxnZW5fc291cmNlIjoid3d3In0%3D&ccb=17-1&vs=3f85cc4d6135c641&_nc_vs=HBkcFQIYRWZiX2VwaGVtZXJhbC9GNjRCOEQ0QTYwQThDQzhBREZFOERBNzMyQkQ5MzE4RF9tdF8xX3ZpZGVvX2Rhc2hpbml0Lm1wNBUAAsgBEgAoABgAGwKIB3VzZV9vaWwBMRJwcm9ncmVzc2l2ZV9yZWNpcGUBMRUAACb-wIr8hdikCBUCKAJDMywXQBoAAAAAAAAYGWRhc2hfaDI2NC1iYXNpYy1nZW4yXzcyMHARAHUAZd6oAQA&_nc_gid=r-Dkqny75pzNWXRI23fEbw&_nc_ss=7f180&_nc_zt=28&oh=00_AQFO2v4odg5YEySUKxC9k_k3u8B8dwiQP6lfF9grGd43Xg&oe=6A758FFF,"['FACEBOOK', 'INSTAGRAM']",au,cw,facebook,social,2026-W31,2026-08,"FACEBOOK, INSTAGRAM",True,True,False,False,False,False,Brand/Category Page,True,False,False,2026-08-03,2026-04-14 07:00:00,2026-08-03 15:37:17.103942,111
2060339631182666,,True,2026-04-13 07:00:00,2026-08-02 07:00:00,Chemist Warehouse,Chemist Warehouse,Get Pro Results Now,Experience the professional power of L'Oréal Professionnel Metal Detox Mask. The expert anti-metal shield for vibrant color.,Shop now,IMAGE,https://fb.com/canvas_doc/1616168926257167,fb.com,/canvas_doc/1616168926257167,,,,,,,Not Specified,,,,,,,,,,"['FACEBOOK', 'INSTAGRAM', 'AUDIENCE_NETWORK', 'MESSENGER', 'THREADS']",,,,,2026-W31,2026-08,"FACEBOOK, INSTAGRAM, AUDIENCE_NETWORK, MESSENGER, THREADS",True,True,True,True,True,False,Internal/App Page,True,False,False,2026-08-03,2026-04-13 07:00:00,2026-08-03 15:37:17.103942,112
1890628551634654,842946934783585,True,2026-04-16 07:00:00,2026-08-02 07:00:00,Chemist Warehouse,Chemist Warehouse,{{product.name}},{{product.brand}},Shop now,DCO,https://www.chemistwarehouse.com.au/shop-online/705653/vida-glow?utm_source=facebook&utm_medium=social&utm_campaign=au_cw_coop_facebook_social_vidaglow_vidaglow_81_2026_100167-bau_video-image&utm_term=traffic&utm_content=video-image_static-3,www.chemistwarehouse.com.au,/shop-online/705653/vida-glow,facebook,social,au_cw_coop_facebook_social_vidaglow_vidaglow_81_2026_100167-bau_video-image,81,traffic,video-image_static-3,Coop,Vidaglow,Vidaglow,2026,video-image,Marine Collagen Peptides,"Pure, potent and simple to use. Add Vida Glow Natural Marine Collagen to your routine to support skin elasticity and hydration.",Shop Now,https://scontent.fpss5-1.fna.fbcdn.net/v/t39.35426-6/671640447_2128346511286352_5026946083298738315_n.jpg?_nc_cat=102&ccb=1-7&_nc_sid=c53f8f&_nc_ohc=mWfqmP1_8M4Q7kNvwHt8p85&_nc_oc=AdpfHQBL_M8_lOhrwZCakBSUnuHa0EHDJGw2yGD-eBE6IMpegWxw3eLM6g5a9SWqe-E&_nc_zt=14&_nc_ht=scontent.fpss5-1.fna&_nc_gid=9h7rvDX_YCI9i-7HisoByA&_nc_ss=7f180&oh=00_AQF6H2rhUPJwIBSGt3Gj4OUa0X631p2D9pQzJsrZSPIB0g&oe=6A757DA0,,"['FACEBOOK', 'INSTAGRAM', 'THREADS']",au,cw,facebook,social,2026-W31,2026-08,"FACEBOOK, INSTAGRAM, THREADS",True,True,False,False,True,False,Brand/Category Page,True,False,False,2026-08-03,2026-04-16 07:00:00,2026-08-03 15:37:17.103942,109
935827842776576,4372948282988682,True,2026-04-16 07:00:00,2026-08-02 07:00:00,Chemist Warehouse,Chemist Warehouse,Marine Collagen Peptides,"Pure, potent and simple to use. Add Vida Glow Natural Marine Collagen to your routine to support skin elasticity and hydration.",Shop now,VIDEO,https://www.chemistwarehouse.com.au/shop-online/705653/vida-glow?utm_source=facebook&utm_medium=social&utm_campaign=au_cw_coop_facebook_social_vidaglow_vidaglow_81_2026_100167-bau_video-image&utm_term=traffic&utm_content=video-image_instore-video,www.chemistwarehouse.com.au,/shop-online/705653/vida-glow,facebook,social,au_cw_coop_facebook_social_vidaglow_vidaglow_81_2026_100167-bau_video-image,81,traffic,video-image_instore-video,Coop,Vidaglow,Vidaglow,2026,video-image,,,,,,"['FACEBOOK', 'INSTAGRAM', 'THREADS']",au,cw,facebook,social,2026-W31,2026-08,"FACEBOOK, INSTAGRAM, THREADS",True,True,False,False,True,False,Brand/Category Page,True,False,False,2026-08-03,2026-04-16 07:00:00,2026-08-03 15:37:17.103942,109
2432051393904277,,True,2026-04-12 07:00:00,2026-08-01 07:00:00,Chemist Warehouse,Chemist Warehouse,Strength in Every Drop,"Brauer is there for the nights that test you both. Gentle, effective relief for peace of mind in every drop.",Learn more,IMAGE,https://fb.com/canvas_doc/977370358141098,fb.com,/canvas_doc/977370358141098,,,,,,,Not Specified,,,,,,,,,,"['FACEBOOK', 'INSTAGRAM', 'AUDIENCE_NETWORK', 'MESSENGER', 'THREADS']",,,,,2026-W31,2026-08,"FACEBOOK, INSTAGRAM, AUDIENCE_NETWORK, MESSENGER, THREADS",True,True,True,True,True,False,Internal/App Page,True,False,False,2026-08-03,2026-04-12 07:00:00,2026-08-03 15:37:17.103942,113
928410636841008,4592791527615342,True,2026-04-16 07:00:00,2026-08-01 07:00:00,Chemist Warehouse,Chemist Warehouse,{{product.name}},{{product.brand}},Shop now,DCO,https://www.chemistwarehouse.com.au/shop-online/705653/vida-glow?utm_source=facebook&utm_medium=social&utm_campaign=au_cw_coop_facebook_social_vidaglow_vidaglow_81_2026_100167-bau_video-image&utm_term=traffic&utm_content=video-image_static-1,www.chemistwarehouse.com.au,/shop-online/705653/vida-glow,facebook,social,au_cw_coop_facebook_social_vidaglow_vidaglow_81_2026_100167-bau_video-image,81,traffic,video-image_static-1,Coop,Vidaglow,Vidaglow,2026,video-image,Marine Collagen Peptides,"Pure, potent and simple to use. Add Vida Glow Natural Marine Collagen to your routine to support skin elasticity and hydration.",Shop Now,https://scontent.fpss5-1.fna.fbcdn.net/v/t39.35426-6/670525129_1215389997211816_5275696771799076566_n.jpg?_nc_cat=108&ccb=1-7&_nc_sid=c53f8f&_nc_ohc=n7guUq22AoAQ7kNvwHJuidU&_nc_oc=AdoyWKL5ue_pQdMWt7EItWGVLgXH_la21Elv1XWOMV2csRAYea5lZ3OU-CHXKX-2dMI&_nc_zt=14&_nc_ht=scontent.fpss5-1.fna&_nc_gid=9h7rvDX_YCI9i-7HisoByA&_nc_ss=7f180&oh=00_AQHNedWbkDMcCxcNiROm_3zsmJ237JKaKP4rDiiYu7FWDw&oe=6A75AB17,,"['FACEBOOK', 'INSTAGRAM', 'THREADS']",au,cw,facebook,social,2026-W31,2026-08,"FACEBOOK, INSTAGRAM, THREADS",True,True,False,False,True,False,Brand/Category Page,True,False,False,2026-08-03,2026-04-16 07:00:00,2026-08-03 15:37:17.103942,109
920484313718526,1486893949857615,True,2026-05-31 07:00:00,2026-08-02 07:00:00,Chemist Warehouse,Chemist Warehouse,Shop the Dynamiclear Rapid Cold Sore Application in-store and online at Chemist Warehouse!,"Always read the label and follow the directions for use. 

Shop the Dynamiclear Rapid Cold Sore Application in-store and online at Chemist Warehouse!",Shop now,VIDEO,https://www.chemistwarehouse.com.au/buy/131041/dynamiclear-rapid-cold-sore-application-2-x-0-65g?utm_source=facebook&utm_medium=social&utm_campaign=au_cw_oa_facebook_social_provendexptyltd_dynamiclear_159_may26_100247_video&utm_term=traffic&utm_content=video_,www.chemistwarehouse.com.au,/buy/131041/dynamiclear-rapid-cold-sore-application-2-x-0-65g,facebook,social,au_cw_oa_facebook_social_provendexptyltd_dynamiclear_159_may26_100247_video,159,traffic,video_,O&O,Provendexptyltd,Dynamiclear,may26,video,,,,,,"['FACEBOOK', 'INSTAGRAM', 'MESSENGER']",au,cw,facebook,social,2026-W31,2026-08,"FACEBOOK, INSTAGRAM, MESSENGER",True,True,False,True,False,False,SKU Product,True,True,False,2026-08-03,2026-05-31 07:00:00,2026-08-03 15:37:17.103942,64
1507944674154297,1271297135144101,True,2026-04-12 07:00:00,2026-08-02 07:00:00,Chemist Warehouse,Chemist Warehouse,{{product.name}},{{product.brand}},Learn more,DCO,https://www.chemistwarehouse.com.au/shop-online/1066/matrix?utm_source=facebook&utm_medium=social&utm_campaign=au_cw_coop_facebook_social_lorealprofessional_matrix_129_2026_100047-bau_image&utm_term=reach&utm_content=image_curly,www.chemistwarehouse.com.au,/shop-online/1066/matrix,facebook,social,au_cw_coop_facebook_social_lorealprofessional_matrix_129_2026_100047-bau_image,129,reach,image_curly,Coop,Lorealprofessional,Matrix,2026,image,Matrix x KATSEYE: Hair in motion.,Matrix x KATSEYE: Pro haircare that transforms every choreography into a stunning hairography. Stage-ready hair!,Learn More,https://scontent.fpss5-1.fna.fbcdn.net/v/t39.35426-6/672261616_951905554253352_5687681549465139754_n.jpg?_nc_cat=101&ccb=1-7&_nc_sid=c53f8f&_nc_ohc=bvHJcn4y44kQ7kNvwEVEXF-&_nc_oc=Adp1L3vjEsBQ9An_Ak1X7sBqubTmxNWnrENIDL4vTgWQ4plgeQF8ziSV_Umc85qpCUo&_nc_zt=14&_nc_ht=scontent.fpss5-1.fna&_nc_gid=r-Dkqny75pzNWXRI23fEbw&_nc_ss=7f180&oh=00_AQH-x9u2DRxX_LtgyH9BPnBE4_gLbGbQ6Ykzn95FFhM3qA&oe=6A7577EE,,"['FACEBOOK', 'INSTAGRAM', 'AUDIENCE_NETWORK', 'WHATSAPP', 'THREADS']",au,cw,facebook,social,2026-W31,2026-08,"FACEBOOK, INSTAGRAM, AUDIENCE_NETWORK, WHATSAPP, THREADS",True,True,True,False,True,True,Brand/Category Page,True,False,False,2026-08-03,2026-04-12 07:00:00,2026-08-03 15:37:17.103942,113
1596598248275517,,True,2026-04-12 07:00:00,2026-08-02 07:00:00,Chemist Warehouse,Chemist Warehouse,Strength in Every Drop,"Arnica powered, so you can keep on going. That's the Brauer promise.",Learn more,IMAGE,https://fb.com/canvas_doc/1388740719689421,fb.com,/canvas_doc/1388740719689421,,,,,,,Not Specified,,,,,,,,,,"['FACEBOOK', 'INSTAGRAM', 'THREADS']",,,,,2026-W31,2026-08,"FACEBOOK, INSTAGRAM, THREADS",True,True,False,False,True,False,Internal/App Page,True,False,False,2026-08-03,2026-04-12 07:00:00,2026-08-03 15:37:17.103942,113
1473170841054570,1096443559353880,True,2026-04-10 07:00:00,2026-08-01 07:00:00,Chemist Warehouse,Chemist Warehouse,Uh oh cold & flu?,"Get powerful cold & flu relief with Demazin & power through winter! 
Always read the label and follow the directions for use.",Shop now,VIDEO,https://fb.com/canvas_doc/917601674372651,fb.com,/canvas_doc/917601674372651,,,,,,,Not Specified,,,,,,,,,,"['FACEBOOK', 'INSTAGRAM', 'THREADS']",,,,,2026-W31,2026-08,"FACEBOOK, INSTAGRAM, THREADS",True,True,False,False,True,False,Internal/App Page,True,False,False,2026-08-03,2026-04-10 07:00:00,2026-08-03 15:37:17.103942,115
3473769446123850,960688963425472,True,2026-04-29 07:00:00,2026-08-02 07:00:00,Chemist Warehouse,Chemist Warehouse,Shop at Chemist Warehouse,"If your skin is irritated, flakey and breaking out at the same time… stop using more actives for a second.. it's probably your skin barrier.
I’ve been loving Skin1004 for years and it’s one of my go-to kbeauty brands when my skin needs to calm down. The range contains Madagascar Centella Asiatica which is super gentle, soothing and actually helps repair and protect the skin barrier. 
The ampoule is my holy grail (almost 4 bottles in), and I love the cleansing oil and toner just as much. 
Healthy barrier = better skin always 💗 Skin1004 is now at @chemistwarehouseaus !",Shop now,VIDEO,https://www.chemistwarehouse.com.au/shop-online/705490/skin1004?utm_source=facebook&utm_medium=social&utm_campaign=au_cw_oa_facebook_social_cravercorporation_skin1004_665_mar26_100366-oa_video-image&utm_term=traffic&utm_content=video-influencer-lucy,www.chemistwarehouse.com.au,/shop-online/705490/skin1004,facebook,social,au_cw_oa_facebook_social_cravercorporation_skin1004_665_mar26_100366-oa_video-image,665,traffic,video-influencer-lucy,O&O,Cravercorporation,Skin1004,mar26,video-image,,,,,,"['FACEBOOK', 'INSTAGRAM', 'AUDIENCE_NETWORK', 'MESSENGER', 'THREADS']",au,cw,facebook,social,2026-W31,2026-08,"FACEBOOK, INSTAGRAM, AUDIENCE_NETWORK, MESSENGER, THREADS",True,True,True,True,True,False,Brand/Category Page,True,True,False,2026-08-03,2026-04-29 07:00:00,2026-08-03 15:37:17.103942,96
3918989318232751,1000676038965533,True,2026-04-30 07:00:00,2026-08-02 07:00:00,Chemist Warehouse,Chemist Warehouse,Shop at Chemist Warehouse,Just got back from Korea… and you can literally buy some of their most viral skincare at @ChemistWarehouseaus 🤯 Skin1004 is now available! Think barrier support but affordable with quality ingredients!,Shop now,VIDEO,https://www.chemistwarehouse.com.au/shop-online/705490/skin1004?utm_source=facebook&utm_medium=social&utm_campaign=au_cw_oa_facebook_social_cravercorporation_skin1004_665_mar26_100366-oa_video-image&utm_term=traffic&utm_content=video-influencer-peyton,www.chemistwarehouse.com.au,/shop-online/705490/skin1004,facebook,social,au_cw_oa_facebook_social_cravercorporation_skin1004_665_mar26_100366-oa_video-image,665,traffic,video-influencer-peyton,O&O,Cravercorporation,Skin1004,mar26,video-image,,,,,,"['FACEBOOK', 'INSTAGRAM', 'AUDIENCE_NETWORK', 'MESSENGER', 'THREADS']",au,cw,facebook,social,2026-W31,2026-08,"FACEBOOK, INSTAGRAM, AUDIENCE_NETWORK, MESSENGER, THREADS",True,True,True,True,True,False,Brand/Category Page,True,True,False,2026-08-03,2026-04-30 07:00:00,2026-08-03 15:37:17.103942,95
1355182663117231,960688963425472,True,2026-06-15 07:00:00,2026-08-01 07:00:00,Chemist Warehouse,Chemist Warehouse,Shop at Chemist Warehouse,"If your skin is irritated, flakey and breaking out at the same time… stop using more actives for a second.. it's probably your skin barrier.
I’ve been loving Skin1004 for years and it’s one of my go-to kbeauty brands when my skin needs to calm down. The range contains Madagascar Centella Asiatica which is super gentle, soothing and actually helps repair and protect the skin barrier. 
The ampoule is my holy grail (almost 4 bottles in), and I love the cleansing oil and toner just as much. 
Healthy barrier = better skin always 💗 Skin1004 is now at @chemistwarehouseaus !",Shop now,VIDEO,https://www.chemistwarehouse.com.au/shop-online/705490/skin1004?utm_source=facebook&utm_medium=social&utm_campaign=au_cw_oa_facebook_social_cravercorporation_skin1004_665_mar26_100366-oa_video-image&utm_term=traffic&utm_content=video-influencer-lucy,www.chemistwarehouse.com.au,/shop-online/705490/skin1004,facebook,social,au_cw_oa_facebook_social_cravercorporation_skin1004_665_mar26_100366-oa_video-image,665,traffic,video-influencer-lucy,O&O,Cravercorporation,Skin1004,mar26,video-image,,,,,,"['FACEBOOK', 'INSTAGRAM', 'AUDIENCE_NETWORK', 'MESSENGER', 'THREADS']",au,cw,facebook,social,2026-W31,2026-08,"FACEBOOK, INSTAGRAM, AUDIENCE_NETWORK, MESSENGER, THREADS",True,True,True,True,True,False,Brand/Category Page,True,True,False,2026-08-03,2026-06-15 07:00:00,2026-08-03 15:37:17.103942,49
1993091711314315,2480705892364612,True,2026-04-29 07:00:00,2026-08-02 07:00:00,Chemist Warehouse,Chemist Warehouse,Shop at Chemist Warehouse,"When your skin is irritated, reactive or breaking out - focus on a simple, calming and barrier-focused skincare routine.",Shop now,VIDEO,https://www.chemistwarehouse.com.au/shop-online/705490/skin1004?utm_source=facebook&utm_medium=social&utm_campaign=au_cw_oa_facebook_social_cravercorporation_skin1004_665_mar26_100366-oa_video-image&utm_term=traffic&utm_content=video-influencer-sharn,www.chemistwarehouse.com.au,/shop-online/705490/skin1004,facebook,social,au_cw_oa_facebook_social_cravercorporation_skin1004_665_mar26_100366-oa_video-image,665,traffic,video-influencer-sharn,O&O,Cravercorporation,Skin1004,mar26,video-image,,,,,,"['FACEBOOK', 'INSTAGRAM', 'AUDIENCE_NETWORK', 'MESSENGER', 'THREADS']",au,cw,facebook,social,2026-W31,2026-08,"FACEBOOK, INSTAGRAM, AUDIENCE_NETWORK, MESSENGER, THREADS",True,True,True,True,True,False,Brand/Category Page,True,True,False,2026-08-03,2026-04-29 07:00:00,2026-08-03 15:37:17.103942,96
1426659215907572,,True,2026-04-10 07:00:00,2026-08-01 07:00:00,Chemist Warehouse,Chemist Warehouse,Ready For Winter?,"Find effective relief & power through your cold & flu, cough & sore throat symptoms",Shop now,IMAGE,https://fb.com/canvas_doc/1741600727248325,fb.com,/canvas_doc/1741600727248325,,,,,,,Not Specified,,,,,,,,,,"['FACEBOOK', 'INSTAGRAM', 'THREADS']",,,,,2026-W31,2026-08,"FACEBOOK, INSTAGRAM, THREADS",True,True,False,False,True,False,Internal/App Page,True,False,False,2026-08-03,2026-04-10 07:00:00,2026-08-03 15:37:17.103942,115
1517633469916383,2480705892364612,True,2026-06-16 07:00:00,2026-08-02 07:00:00,Chemist Warehouse,Chemist Warehouse,Shop at Chemist Warehouse,"When your skin is irritated, reactive or breaking out - focus on a simple, calming and barrier-focused skincare routine.",Shop now,VIDEO,https://www.chemistwarehouse.com.au/shop-online/705490/skin1004?utm_source=facebook&utm_medium=social&utm_campaign=au_cw_oa_facebook_social_cravercorporation_skin1004_665_mar26_100366-oa_video-image&utm_term=traffic&utm_content=video-influencer-sharn,www.chemistwarehouse.com.au,/shop-online/705490/skin1004,facebook,social,au_cw_oa_facebook_social_cravercorporation_skin1004_665_mar26_100366-oa_video-image,665,traffic,video-influencer-sharn,O&O,Cravercorporation,Skin1004,mar26,video-image,,,,,,"['FACEBOOK', 'INSTAGRAM', 'AUDIENCE_NETWORK', 'MESSENGER', 'THREADS']",au,cw,facebook,social,2026-W31,2026-08,"FACEBOOK, INSTAGRAM, AUDIENCE_NETWORK, MESSENGER, THREADS",True,True,True,True,True,False,Brand/Category Page,True,True,False,2026-08-03,2026-06-16 07:00:00,2026-08-03 15:37:17.103942,48
942568748506532,,True,2026-04-12 07:00:00,2026-08-02 07:00:00,Chemist Warehouse,Chemist Warehouse,Strength in Every Drop,"Gentle, effective, and easy to take. Support your child’s growth and immunity with Brauer.",Learn more,IMAGE,https://fb.com/canvas_doc/911514928554732,fb.com,/canvas_doc/911514928554732,,,,,,,Not Specified,,,,,,,,,,"['FACEBOOK', 'INSTAGRAM', 'AUDIENCE_NETWORK', 'MESSENGER', 'THREADS']",,,,,2026-W31,2026-08,"FACEBOOK, INSTAGRAM, AUDIENCE_NETWORK, MESSENGER, THREADS",True,True,True,True,True,False,Internal/App Page,True,False,False,2026-08-03,2026-04-12 07:00:00,2026-08-03 15:37:17.103942,113
4348886145387108,846817658437919,True,2026-04-29 07:00:00,2026-08-02 07:00:00,Chemist Warehouse,Chemist Warehouse,Shop at Chemist Warehouse,Shop SKIN1004 Madagascar Centella Ampoule at Chemist Warehouse.,Shop now,VIDEO,https://www.chemistwarehouse.com.au/shop-online/705490/skin1004?utm_source=facebook&utm_medium=social&utm_campaign=au_cw_oa_facebook_social_cravercorporation_skin1004_665_mar26_100366-oa_video-image&utm_term=traffic&utm_content=video-influencer-instore,www.chemistwarehouse.com.au,/shop-online/705490/skin1004,facebook,social,au_cw_oa_facebook_social_cravercorporation_skin1004_665_mar26_100366-oa_video-image,665,traffic,video-influencer-instore,O&O,Cravercorporation,Skin1004,mar26,video-image,,,,,,"['FACEBOOK', 'INSTAGRAM', 'AUDIENCE_NETWORK', 'MESSENGER', 'THREADS']",au,cw,facebook,social,2026-W31,2026-08,"FACEBOOK, INSTAGRAM, AUDIENCE_NETWORK, MESSENGER, THREADS",True,True,True,True,True,False,Brand/Category Page,True,True,False,2026-08-03,2026-04-29 07:00:00,2026-08-03 15:37:17.103942,96
1435568848347425,,True,2026-04-10 07:00:00,2026-08-01 07:00:00,Chemist Warehouse,Chemist Warehouse,Uh oh kids down with a cold?,"Demazin provides trusted relief for the whole family when sickness strikes 🤧
Always read the label and follow the directions for use.",Shop now,IMAGE,https://fb.com/canvas_doc/1132305695691694,fb.com,/canvas_doc/1132305695691694,,,,,,,Not Specified,,,,,,,,,,"['FACEBOOK', 'INSTAGRAM', 'THREADS']",,,,,2026-W31,2026-08,"FACEBOOK, INSTAGRAM, THREADS",True,True,False,False,True,False,Internal/App Page,True,False,False,2026-08-03,2026-04-10 07:00:00,2026-08-03 15:37:17.103942,115
1498327918303122,,True,2026-04-10 07:00:00,2026-08-02 07:00:00,Chemist Warehouse,Chemist Warehouse,Ready For Winter?,Power Through This Winter When Cold & Flu Symptoms Hit - Be Prepared With This Bundle,Shop now,IMAGE,https://fb.com/canvas_doc/1468049511366417,fb.com,/canvas_doc/1468049511366417,,,,,,,Not Specified,,,,,,,,,,"['FACEBOOK', 'INSTAGRAM', 'THREADS']",,,,,2026-W31,2026-08,"FACEBOOK, INSTAGRAM, THREADS",True,True,False,False,True,False,Internal/App Page,True,False,False,2026-08-03,2026-04-10 07:00:00,2026-08-03 15:37:17.103942,115
1486010796247859,,True,2026-04-10 07:00:00,2026-08-01 07:00:00,Chemist Warehouse,Chemist Warehouse,Sore throat?,"Act fast with Difflam’s NEW 3in1 Throat Lozenge. Get fast soothing relief for sore throat, cough and blocked nose.",Shop now,IMAGE,https://fb.com/canvas_doc/1693396895352550,fb.com,/canvas_doc/1693396895352550,,,,,,,Not Specified,,,,,,,,,,"['FACEBOOK', 'INSTAGRAM', 'THREADS']",,,,,2026-W31,2026-08,"FACEBOOK, INSTAGRAM, THREADS",True,True,False,False,True,False,Internal/App Page,True,False,False,2026-08-03,2026-04-10 07:00:00,2026-08-03 15:37:17.103942,115
1432076881478933,,True,2026-04-10 07:00:00,2026-08-02 07:00:00,Chemist Warehouse,Chemist Warehouse,Sore throat?,Act fast at the first sign of a sore throat with Betadine.,Shop now,IMAGE,https://fb.com/canvas_doc/950214430734833,fb.com,/canvas_doc/950214430734833,,,,,,,Not Specified,,,,,,,,,,"['FACEBOOK', 'INSTAGRAM', 'THREADS']",,,,,2026-W31,2026-08,"FACEBOOK, INSTAGRAM, THREADS",True,True,False,False,True,False,Internal/App Page,True,False,False,2026-08-03,2026-04-10 07:00:00,2026-08-03 15:37:17.103942,115
960633843277925,964120622861651,True,2026-04-10 07:00:00,2026-08-02 07:00:00,Chemist Warehouse,Chemist Warehouse,Sore throat?,"Act fast with Difflam’s NEW 3in1 Throat Lozenge. Get fast soothing relief for sore throat, cough and blocked nose.",Shop now,VIDEO,https://fb.com/canvas_doc/956788387312728,fb.com,/canvas_doc/956788387312728,,,,,,,Not Specified,,,,,,,,,,"['FACEBOOK', 'INSTAGRAM', 'THREADS']",,,,,2026-W31,2026-08,"FACEBOOK, INSTAGRAM, THREADS",True,True,False,False,True,False,Internal/App Page,True,False,False,2026-08-03,2026-04-10 07:00:00,2026-08-03 15:37:17.103942,115
924349943815912,1508340580627327,True,2026-04-10 07:00:00,2026-08-01 07:00:00,Chemist Warehouse,Chemist Warehouse,Chesty Cough?,"Feeling trapped by your cough? Get DURO-TOUGH with DURO-TUSS!
Always read the label and follow the directions for use.",Shop now,VIDEO,https://fb.com/canvas_doc/3962556630554648,fb.com,/canvas_doc/3962556630554648,,,,,,,Not Specified,,,,,,,,,,"['FACEBOOK', 'INSTAGRAM', 'THREADS']",,,,,2026-W31,2026-08,"FACEBOOK, INSTAGRAM, THREADS",True,True,False,False,True,False,Internal/App Page,True,False,False,2026-08-03,2026-04-10 07:00:00,2026-08-03 15:37:17.103942,115
954773073582189,1500000098503108,True,2026-04-10 07:00:00,2026-08-01 07:00:00,Chemist Warehouse,Chemist Warehouse,Uh oh kids down with a cold?,"Demazin provides trusted relief for the whole family when sickness strikes 🤧
Always read the label and follow the directions for use.",Shop now,VIDEO,https://fb.com/canvas_doc/4152945264955912,fb.com,/canvas_doc/4152945264955912,,,,,,,Not Specified,,,,,,,,,,"['FACEBOOK', 'INSTAGRAM', 'THREADS']",,,,,2026-W31,2026-08,"FACEBOOK, INSTAGRAM, THREADS",True,True,False,False,True,False,Internal/App Page,True,False,False,2026-08-03,2026-04-10 07:00:00,2026-08-03 15:37:17.103942,115
1110337237928647,1458207795951417,True,2026-04-06 07:00:00,2026-08-02 07:00:00,Chemist Warehouse,Chemist Warehouse,{{product.name}},{{product.brand}},Shop now,DCO,https://www.chemistwarehouse.com.au/shop-online/799/nicabate?utm_source=facebook&utm_medium=social&utm_campaign=au_cw_coop_facebook_social_marketingbrokersaustraliaptyltd_nicabate_258_2026_100177-bau_image&utm_term=traffic&utm_content=image_static3,www.chemistwarehouse.com.au,/shop-online/799/nicabate,facebook,social,au_cw_coop_facebook_social_marketingbrokersaustraliaptyltd_nicabate_258_2026_100177-bau_image,258,traffic,image_static3,Coop,Marketingbrokersaustraliaptyltd,Nicabate,2026,image,Turn Nicotine Cravings Down,Learn how Nicabate can help you to stay on your quit journey.,Shop Now,https://scontent.fpss5-1.fna.fbcdn.net/v/t39.35426-6/667392322_806534818717497_5480660440091818206_n.jpg?_nc_cat=102&ccb=1-7&_nc_sid=c53f8f&_nc_ohc=xx3CSB5YLkMQ7kNvwE_xkyL&_nc_oc=Adro1Ux_EEL8j9QzS1LbeO_MJFPVXzL-vmo12PPvWZX_zgWcyIP9p5FebjRvmg4KVrc&_nc_zt=14&_nc_ht=scontent.fpss5-1.fna&_nc_gid=r-Dkqny75pzNWXRI23fEbw&_nc_ss=7f180&oh=00_AQE6WKwRd55L2P5th4LVWpeHJZbYN_YSYCx6Wgi4MwAe4Q&oe=6A759542,,"['FACEBOOK', 'INSTAGRAM', 'AUDIENCE_NETWORK', 'MESSENGER', 'THREADS']",au,cw,facebook,social,2026-W31,2026-08,"FACEBOOK, INSTAGRAM, AUDIENCE_NETWORK, MESSENGER, THREADS",True,True,True,True,True,False,Brand/Category Page,True,False,False,2026-08-03,2026-04-06 07:00:00,2026-08-03 15:37:17.103942,119
1285726926318973,956759043570802,True,2026-04-10 07:00:00,2026-08-01 07:00:00,Chemist Warehouse,Chemist Warehouse,Stubborn Dry Cough?,"Feeling trapped by your stubborn dry cough? Get DURO-TOUGH with DURO-TUSS.
Always read the label and follow the directions for use.",Shop now,VIDEO,https://fb.com/canvas_doc/1373188091522221,fb.com,/canvas_doc/1373188091522221,,,,,,,Not Specified,,,,,,,,,,"['FACEBOOK', 'INSTAGRAM', 'THREADS']",,,,,2026-W31,2026-08,"FACEBOOK, INSTAGRAM, THREADS",True,True,False,False,True,False,Internal/App Page,True,False,False,2026-08-03,2026-04-10 07:00:00,2026-08-03 15:37:17.103942,115
1360612936107186,3870704826572778,True,2026-04-01 07:00:00,2026-08-02 07:00:00,Chemist Warehouse,Chemist Warehouse,{{product.name}},{{product.brand}},Shop now,DCO,https://www.chemistwarehouse.com.au/shop-online/705490/skin1004?utm_source=facebook&utm_medium=social&utm_campaign=au_cw_oa_facebook_social_cravercorporation_skin1004_665_mar26_100366-oa_video-image&utm_term=traffic&utm_content=video-image_static-2,www.chemistwarehouse.com.au,/shop-online/705490/skin1004,facebook,social,au_cw_oa_facebook_social_cravercorporation_skin1004_665_mar26_100366-oa_video-image,665,traffic,video-image_static-2,O&O,Cravercorporation,Skin1004,mar26,video-image,"Centella, For Your Skincare Routine",Soothe and strengthen your skin with Madagascar Centella. Gentle care for everyday balance and healthy-looking skin.,Shop Now,https://scontent.fpss5-1.fna.fbcdn.net/v/t39.35426-6/659135158_1465210461761364_4490141037104102492_n.jpg?_nc_cat=111&ccb=1-7&_nc_sid=c53f8f&_nc_ohc=RPbq8CN1v7UQ7kNvwH4cXgx&_nc_oc=Adpnx1WRTjTQBrMjF0AjMuhHzc8-7kgtEog1-_CmlB5C2ED76Pt5fERw7mHVaAnvCCI&_nc_zt=14&_nc_ht=scontent.fpss5-1.fna&_nc_gid=r-Dkqny75pzNWXRI23fEbw&_nc_ss=7f180&oh=00_AQEvGkDB8ZKG2FPWnEXZeYZ318UCs0WHWToNWZiC9uoNoA&oe=6A75A7F9,,"['FACEBOOK', 'INSTAGRAM', 'AUDIENCE_NETWORK', 'MESSENGER', 'THREADS']",au,cw,facebook,social,2026-W31,2026-08,"FACEBOOK, INSTAGRAM, AUDIENCE_NETWORK, MESSENGER, THREADS",True,True,True,True,True,False,Brand/Category Page,True,False,False,2026-08-03,2026-04-01 07:00:00,2026-08-03 15:37:17.103942,124
818771337924607,1644179023256566,True,2026-03-29 07:00:00,2026-08-02 07:00:00,Chemist Warehouse,Chemist Warehouse,{{product.name}},{{product.brand}},Learn more,DCO,https://www.chemistwarehouse.com.au/shop-online/6315/natalis-pregnancy-care?utm_source=facebook&utm_medium=social&utm_campaign=au_cw_coop_facebook_social_vidacorp_natalis_81_2026_100118-bau_video-image&utm_term=traffic&utm_content=video-image_instore,www.chemistwarehouse.com.au,/shop-online/6315/natalis-pregnancy-care,facebook,social,au_cw_coop_facebook_social_vidacorp_natalis_81_2026_100118-bau_video-image,81,traffic,video-image_instore,Coop,Vidacorp,Natalis,2026,video-image,Shop now at Chemist Warehouse!,Natalis supports mums & babies from pre-conception to breastfeeding. Shop now at Chemist Warehouse!,Learn More,,https://video.fpss5-1.fna.fbcdn.net/o1/v/t2/f2/m366/AQOsLn4nrDhjhVhNA1db9M6IW2fOYJHW28B-EDvoVYXWS0HaGSwFg5YkkMtx8w9_5deIBlenf74rUa00nCrbEGwzeMkEXRlRr54Vz8B_7MI0Uw.mp4?_nc_cat=104&_nc_oc=Ado8kyyf5XAigRA-SJIPGYvxLvN4YomEjsHFhO9T57bMX2aqYYmTE42ZEdc3JdodKBo&_nc_sid=b66105&_nc_ht=video.fpss5-1.fna.fbcdn.net&_nc_ohc=ku_N2F-KPIUQ7kNvwG8gWId&efg=eyJ2ZW5jb2RlX3RhZyI6Inhwdl9wcm9ncmVzc2l2ZS5WSV9VU0VDQVNFX1BST0RVQ1RfVFlQRS4uQzMuNzIwLmRhc2hfaDI2NC1iYXNpYy1nZW4yXzcyMHAiLCJ4cHZfYXNzZXRfaWQiOjIxMzMyOTIzNDA4MTQ4NTYsImFzc2V0X2FnZV9kYXlzIjoxNTksInZpX3VzZWNhc2VfaWQiOjEwNzk5LCJkdXJhdGlvbl9zIjo0MiwidXJsZ2VuX3NvdXJjZSI6Ind3dyJ9&ccb=17-1&vs=3f412dbef0ed18f6&_nc_vs=HBksFQIYRWZiX2VwaGVtZXJhbC9GODQ3MkFCQjhGOTMzRDkwQjJFQ0Q2MTZBQjRCMDk4Ml9tdF8xX3ZpZGVvX2Rhc2hpbml0Lm1wNBUAAsgBEgAVAhhAZmJfcGVybWFuZW50LzI4NENBODEzODFBNEM0RDU3MEExNUQ5MDM4OENCNjgxX2F1ZGlvX2Rhc2hpbml0Lm1wNBUCAsgBEgAoABgAGwKIB3VzZV9vaWwBMRJwcm9ncmVzc2l2ZV9yZWNpcGUBMRUAACaQkOnC-o3KBxUCKAJDMywXQEUzMzMzMzMYGWRhc2hfaDI2NC1iYXNpYy1nZW4yXzcyMHARAHUAZd6oAQA&_nc_gid=7pgLaysvtaSYyniXi9BLLg&_nc_ss=7f180&_nc_zt=28&oh=00_AQGUk1Y4asKjEPGEMQc6lqY77XEu4pZqC6Y494c9rDTsTg&oe=6A758620,"['FACEBOOK', 'INSTAGRAM', 'AUDIENCE_NETWORK', 'MESSENGER', 'THREADS']",au,cw,facebook,social,2026-W31,2026-08,"FACEBOOK, INSTAGRAM, AUDIENCE_NETWORK, MESSENGER, THREADS",True,True,True,True,True,False,Brand/Category Page,True,False,False,2026-08-03,2026-03-29 07:00:00,2026-08-03 15:37:17.103942,127
4049589671949108,1644179023256566,True,2026-02-26 08:00:00,2026-08-02 07:00:00,Chemist Warehouse,Chemist Warehouse,{{product.name}},{{product.brand}},Learn more,DCO,https://www.chemistwarehouse.com.au/shop-online/6315/natalis-pregnancy-care?utm_source=facebook&utm_medium=social&utm_campaign=au_cw_coop_facebook_social_vidacorp_natalis_81_2026_100118-bau_video-image&utm_term=traffic&utm_content=video-image_instore,www.chemistwarehouse.com.au,/shop-online/6315/natalis-pregnancy-care,facebook,social,au_cw_coop_facebook_social_vidacorp_natalis_81_2026_100118-bau_video-image,81,traffic,video-image_instore,Coop,Vidacorp,Natalis,2026,video-image,Shop now at Chemist Warehouse!,Natalis supports mums & babies from pre-conception to breastfeeding. Shop now at Chemist Warehouse!,Learn More,,https://video.fpss5-1.fna.fbcdn.net/o1/v/t2/f2/m366/AQOsLn4nrDhjhVhNA1db9M6IW2fOYJHW28B-EDvoVYXWS0HaGSwFg5YkkMtx8w9_5deIBlenf74rUa00nCrbEGwzeMkEXRlRr54Vz8B_7MI0Uw.mp4?_nc_cat=104&_nc_oc=Ado8kyyf5XAigRA-SJIPGYvxLvN4YomEjsHFhO9T57bMX2aqYYmTE42ZEdc3JdodKBo&_nc_sid=b66105&_nc_ht=video.fpss5-1.fna.fbcdn.net&_nc_ohc=ku_N2F-KPIUQ7kNvwG8gWId&efg=eyJ2ZW5jb2RlX3RhZyI6Inhwdl9wcm9ncmVzc2l2ZS5WSV9VU0VDQVNFX1BST0RVQ1RfVFlQRS4uQzMuNzIwLmRhc2hfaDI2NC1iYXNpYy1nZW4yXzcyMHAiLCJ4cHZfYXNzZXRfaWQiOjIxMzMyOTIzNDA4MTQ4NTYsImFzc2V0X2FnZV9kYXlzIjoxNTksInZpX3VzZWNhc2VfaWQiOjEwNzk5LCJkdXJhdGlvbl9zIjo0MiwidXJsZ2VuX3NvdXJjZSI6Ind3dyJ9&ccb=17-1&vs=3f412dbef0ed18f6&_nc_vs=HBksFQIYRWZiX2VwaGVtZXJhbC9GODQ3MkFCQjhGOTMzRDkwQjJFQ0Q2MTZBQjRCMDk4Ml9tdF8xX3ZpZGVvX2Rhc2hpbml0Lm1wNBUAAsgBEgAVAhhAZmJfcGVybWFuZW50LzI4NENBODEzODFBNEM0RDU3MEExNUQ5MDM4OENCNjgxX2F1ZGlvX2Rhc2hpbml0Lm1wNBUCAsgBEgAoABgAGwKIB3VzZV9vaWwBMRJwcm9ncmVzc2l2ZV9yZWNpcGUBMRUAACaQkOnC-o3KBxUCKAJDMywXQEUzMzMzMzMYGWRhc2hfaDI2NC1iYXNpYy1nZW4yXzcyMHARAHUAZd6oAQA&_nc_gid=7pgLaysvtaSYyniXi9BLLg&_nc_ss=7f180&_nc_zt=28&oh=00_AQGUk1Y4asKjEPGEMQc6lqY77XEu4pZqC6Y494c9rDTsTg&oe=6A758620,"['FACEBOOK', 'INSTAGRAM', 'AUDIENCE_NETWORK', 'MESSENGER', 'THREADS']",au,cw,facebook,social,2026-W31,2026-08,"FACEBOOK, INSTAGRAM, AUDIENCE_NETWORK, MESSENGER, THREADS",True,True,True,True,True,False,Brand/Category Page,True,False,False,2026-08-03,2026-02-26 08:00:00,2026-08-03 15:37:17.103942,158
1252890590322217,,True,2026-03-24 07:00:00,2026-08-01 07:00:00,Chemist Warehouse,Chemist Warehouse,Aptamil at Chemist Warehouse,Aptamil Range Has Been Designed To Support Every Stage Of Your Child's Future Development,Learn more,IMAGE,https://www.chemistwarehouse.com.au/shop-online/958/aptamil?utm_source=facebook&utm_medium=social&utm_campaign=au_cw_coop_facebook_social_nutriciaaustraliaptylimited_aptamil_20_2026_100044-bau_video-image&utm_term=traffic&utm_content=video-image_aptamil-image-immune,www.chemistwarehouse.com.au,/shop-online/958/aptamil,facebook,social,au_cw_coop_facebook_social_nutriciaaustraliaptylimited_aptamil_20_2026_100044-bau_video-image,20,traffic,video-image_aptamil-image-immune,Coop,Nutriciaaustraliaptylimited,Aptamil,2026,video-image,,,,,,"['FACEBOOK', 'INSTAGRAM']",au,cw,facebook,social,2026-W31,2026-08,"FACEBOOK, INSTAGRAM",True,True,False,False,False,False,Brand/Category Page,True,True,False,2026-08-03,2026-03-24 07:00:00,2026-08-03 15:37:17.103942,132
828904632808379,,True,2026-03-24 07:00:00,2026-08-02 07:00:00,Chemist Warehouse,Chemist Warehouse,Karicare at Chemist Warehouse,Blends in key ingredients to support growth in children. Shop Karicare baby formula now,Learn more,IMAGE,https://www.chemistwarehouse.com.au/shop-online/963/karicare?utm_source=facebook&utm_medium=social&utm_campaign=au_cw_coop_facebook_social_nutriciaaustraliaptylimited_karicare_20_2026_100044-bau_video-image&utm_term=traffic&utm_content=video-image_karicare-image-a,www.chemistwarehouse.com.au,/shop-online/963/karicare,facebook,social,au_cw_coop_facebook_social_nutriciaaustraliaptylimited_karicare_20_2026_100044-bau_video-image,20,traffic,video-image_karicare-image-a,Coop,Nutriciaaustraliaptylimited,Karicare,2026,video-image,,,,,,"['FACEBOOK', 'INSTAGRAM']",au,cw,facebook,social,2026-W31,2026-08,"FACEBOOK, INSTAGRAM",True,True,False,False,False,False,Brand/Category Page,True,True,False,2026-08-03,2026-03-24 07:00:00,2026-08-03 15:37:17.103942,132
950838860837839,874151242311536,True,2026-03-26 07:00:00,2026-08-02 07:00:00,Chemist Warehouse,Chemist Warehouse,{{product.name}},{{product.brand}},Learn more,DCO,https://www.chemistwarehouse.com.au/shop-online/963/karicare?utm_source=facebook&utm_medium=social&utm_campaign=au_cw_coop_facebook_social_nutriciaaustraliaptylimited_karicare_20_2026_100044-bau_video-image&utm_term=traffic&utm_content=video-image_karicare-video,www.chemistwarehouse.com.au,/shop-online/963/karicare,facebook,social,au_cw_coop_facebook_social_nutriciaaustraliaptylimited_karicare_20_2026_100044-bau_video-image,20,traffic,video-image_karicare-video,Coop,Nutriciaaustraliaptylimited,Karicare,2026,video-image,Buy Karicare online,Blends in key ingredients to support growth in children. Shop Karicare baby formula now,Learn More,,,"['FACEBOOK', 'INSTAGRAM']",au,cw,facebook,social,2026-W31,2026-08,"FACEBOOK, INSTAGRAM",True,True,False,False,False,False,Brand/Category Page,True,False,False,2026-08-03,2026-03-26 07:00:00,2026-08-03 15:37:17.103942,130
2046212672607904,,True,2026-03-24 07:00:00,2026-08-02 07:00:00,Chemist Warehouse,Chemist Warehouse,Karicare at Chemist Warehouse,Blends in key ingredients to support growth in children. Shop Karicare baby formula now,Learn more,IMAGE,https://www.chemistwarehouse.com.au/shop-online/963/karicare?utm_source=facebook&utm_medium=social&utm_campaign=au_cw_coop_facebook_social_nutriciaaustraliaptylimited_karicare_20_2026_100044-bau_video-image&utm_term=traffic&utm_content=video-image_karicare-image-b,www.chemistwarehouse.com.au,/shop-online/963/karicare,facebook,social,au_cw_coop_facebook_social_nutriciaaustraliaptylimited_karicare_20_2026_100044-bau_video-image,20,traffic,video-image_karicare-image-b,Coop,Nutriciaaustraliaptylimited,Karicare,2026,video-image,,,,,,"['FACEBOOK', 'INSTAGRAM']",au,cw,facebook,social,2026-W31,2026-08,"FACEBOOK, INSTAGRAM",True,True,False,False,False,False,Brand/Category Page,True,True,False,2026-08-03,2026-03-24 07:00:00,2026-08-03 15:37:17.103942,132
1936233353669106,,True,2026-03-26 07:00:00,2026-08-01 07:00:00,Chemist Warehouse,Chemist Warehouse,Neutrogena Collagen Bank,Neutrogena Collagen Bank supports collagen for firmer and youthful skin. Available at Chemist Warehouse.,Shop now,IMAGE,https://fb.com/canvas_doc/1443893930865287,fb.com,/canvas_doc/1443893930865287,,,,,,,Not Specified,,,,,,,,,,"['FACEBOOK', 'INSTAGRAM', 'AUDIENCE_NETWORK', 'MESSENGER', 'THREADS']",,,,,2026-W31,2026-08,"FACEBOOK, INSTAGRAM, AUDIENCE_NETWORK, MESSENGER, THREADS",True,True,True,True,True,False,Internal/App Page,True,True,False,2026-08-03,2026-03-26 07:00:00,2026-08-03 15:37:17.103942,130
1592855961831285,,True,2026-03-23 07:00:00,2026-08-02 07:00:00,Chemist Warehouse,Chemist Warehouse,Discover OGX® Shampoo and Conditioner,Achieve strong & healthy hair with OGX® Shampoo & Conditioner. Shop at Chemist Warehouse,Learn more,IMAGE,https://fb.com/canvas_doc/717777554636506,fb.com,/canvas_doc/717777554636506,,,,,,,Not Specified,,,,,,,,,,"['FACEBOOK', 'INSTAGRAM', 'AUDIENCE_NETWORK', 'MESSENGER', 'THREADS']",,,,,2026-W31,2026-08,"FACEBOOK, INSTAGRAM, AUDIENCE_NETWORK, MESSENGER, THREADS",True,True,True,True,True,False,Internal/App Page,True,True,False,2026-08-03,2026-03-23 07:00:00,2026-08-03 15:37:17.103942,133
1429394911793734,1393883255390259,True,2026-04-06 07:00:00,2026-08-02 07:00:00,Chemist Warehouse,Chemist Warehouse,{{product.name}},{{product.brand}},Shop now,DCO,https://www.chemistwarehouse.com.au/shop-online/799/nicabate?utm_source=facebook&utm_medium=social&utm_campaign=au_cw_coop_facebook_social_marketingbrokersaustraliaptyltd_nicabate_258_2026_100177-bau_image&utm_term=traffic&utm_content=image_static2,www.chemistwarehouse.com.au,/shop-online/799/nicabate,facebook,social,au_cw_coop_facebook_social_marketingbrokersaustraliaptyltd_nicabate_258_2026_100177-bau_image,258,traffic,image_static2,Coop,Marketingbrokersaustraliaptyltd,Nicabate,2026,image,Turn Nicotine Cravings Down,Learn how Nicabate can help you to stay on your quit journey.,Shop Now,https://scontent.fpss5-1.fna.fbcdn.net/v/t39.35426-6/662362019_1249570870721074_2980744875479751706_n.jpg?_nc_cat=105&ccb=1-7&_nc_sid=c53f8f&_nc_ohc=c75Orb43YUEQ7kNvwHff5M1&_nc_oc=AdrZSlJ8xVmbAI0jES3swwwyixgdVEHl8eBAfjHjFR_rsBPDb9NU1W5MYM85P3_U924&_nc_zt=14&_nc_ht=scontent.fpss5-1.fna&_nc_gid=r-Dkqny75pzNWXRI23fEbw&_nc_ss=7f180&oh=00_AQFo3Db-xH-0jvgibt9cUtywluV1NdQbaq9Zo1bEdy6nEw&oe=6A759EBE,,"['FACEBOOK', 'INSTAGRAM', 'AUDIENCE_NETWORK', 'MESSENGER', 'THREADS']",au,cw,facebook,social,2026-W31,2026-08,"FACEBOOK, INSTAGRAM, AUDIENCE_NETWORK, MESSENGER, THREADS",True,True,True,True,True,False,Brand/Category Page,True,False,False,2026-08-03,2026-04-06 07:00:00,2026-08-03 15:37:17.103942,119
1650098199637257,26262158023378918,True,2026-04-06 07:00:00,2026-08-02 07:00:00,Chemist Warehouse,Chemist Warehouse,{{product.name}},{{product.brand}},Shop now,DCO,https://www.chemistwarehouse.com.au/shop-online/799/nicabate?utm_source=facebook&utm_medium=social&utm_campaign=au_cw_coop_facebook_social_marketingbrokersaustraliaptyltd_nicabate_258_2026_100177-bau_image&utm_term=traffic&utm_content=image_static1,www.chemistwarehouse.com.au,/shop-online/799/nicabate,facebook,social,au_cw_coop_facebook_social_marketingbrokersaustraliaptyltd_nicabate_258_2026_100177-bau_image,258,traffic,image_static1,Coop,Marketingbrokersaustraliaptyltd,Nicabate,2026,image,Turn Nicotine Cravings Down ,Learn how Nicabate can help you to stay on your quit journey.,Shop Now,https://scontent.fpss5-1.fna.fbcdn.net/v/t39.35426-6/668627083_1919377809454381_5578959933370236325_n.jpg?_nc_cat=101&ccb=1-7&_nc_sid=c53f8f&_nc_ohc=mm97dR0n5ygQ7kNvwHjIpQL&_nc_oc=AdrqHqRxqdmySTRua975uw71capu6onsIKTqYi8v9LehICJQkYEpoY0sVRsP1BtR4U8&_nc_zt=14&_nc_ht=scontent.fpss5-1.fna&_nc_gid=r-Dkqny75pzNWXRI23fEbw&_nc_ss=7f180&oh=00_AQFInM3tML4wD-3xx9huSnGCrWFQ13_NzoSltW_E4ujRxw&oe=6A75AB4F,,"['FACEBOOK', 'INSTAGRAM', 'AUDIENCE_NETWORK', 'MESSENGER', 'THREADS']",au,cw,facebook,social,2026-W31,2026-08,"FACEBOOK, INSTAGRAM, AUDIENCE_NETWORK, MESSENGER, THREADS",True,True,True,True,True,False,Brand/Category Page,True,False,False,2026-08-03,2026-04-06 07:00:00,2026-08-03 15:37:17.103942,119
1688306815673342,919739644134695,True,2026-04-06 07:00:00,2026-08-01 07:00:00,Chemist Warehouse,Chemist Warehouse,{{product.name}},{{product.brand}},Shop now,DCO,https://www.chemistwarehouse.com.au/shop-online/799/nicabate?utm_source=facebook&utm_medium=social&utm_campaign=au_cw_coop_facebook_social_marketingbrokersaustraliaptyltd_nicabate_258_2026_100177-bau_image&utm_term=traffic&utm_content=image_static4,www.chemistwarehouse.com.au,/shop-online/799/nicabate,facebook,social,au_cw_coop_facebook_social_marketingbrokersaustraliaptyltd_nicabate_258_2026_100177-bau_image,258,traffic,image_static4,Coop,Marketingbrokersaustraliaptyltd,Nicabate,2026,image,Turn Nicotine Cravings Down,Learn how Nicabate can help you to stay on your quit journey.,Shop Now,https://scontent.fpss5-1.fna.fbcdn.net/v/t39.35426-6/667871209_1448532786739283_8433879229650310005_n.jpg?_nc_cat=103&ccb=1-7&_nc_sid=c53f8f&_nc_ohc=lspQRfTJAGYQ7kNvwGhfIwN&_nc_oc=AdrwnzS0r6LRAgEMQbYjaEFUiWJhWFXRPwWckjJCeZRhsg33PqoqYTw-FA-xSSpizyw&_nc_zt=14&_nc_ht=scontent.fpss5-1.fna&_nc_gid=r-Dkqny75pzNWXRI23fEbw&_nc_ss=7f180&oh=00_AQFTKXsSkInN6Mv_lkAwOOwQwUjnNycTE3ZOJ5VCg7NP9g&oe=6A759E67,,"['FACEBOOK', 'INSTAGRAM', 'AUDIENCE_NETWORK', 'MESSENGER', 'THREADS']",au,cw,facebook,social,2026-W31,2026-08,"FACEBOOK, INSTAGRAM, AUDIENCE_NETWORK, MESSENGER, THREADS",True,True,True,True,True,False,Brand/Category Page,True,False,False,2026-08-03,2026-04-06 07:00:00,2026-08-03 15:37:17.103942,119
952823924343856,837912306004035,True,2026-04-01 07:00:00,2026-08-01 07:00:00,Chemist Warehouse,Chemist Warehouse,{{product.name}},{{product.brand}},Shop now,DCO,https://www.chemistwarehouse.com.au/shop-online/705490/skin1004?utm_source=facebook&utm_medium=social&utm_campaign=au_cw_oa_facebook_social_cravercorporation_skin1004_665_mar26_100366-oa_video-image&utm_term=traffic&utm_content=video-image_static-3,www.chemistwarehouse.com.au,/shop-online/705490/skin1004,facebook,social,au_cw_oa_facebook_social_cravercorporation_skin1004_665_mar26_100366-oa_video-image,665,traffic,video-image_static-3,O&O,Cravercorporation,Skin1004,mar26,video-image,"Centella, For Your Skincare Routine",Soothe and strengthen your skin with Madagascar Centella. Gentle care for everyday balance and healthy-looking skin.,Shop Now,https://scontent.fpss5-1.fna.fbcdn.net/v/t39.35426-6/662665839_1342681611224116_3861884623040602843_n.jpg?_nc_cat=107&ccb=1-7&_nc_sid=c53f8f&_nc_ohc=nkmY6a7yBbwQ7kNvwG8vPnr&_nc_oc=AdooGyl0RlSZGfJFJx-7HeOSAQ3DJE22FCRI26mrL7WijQGjgT3ShiFytJjUFPSHLfA&_nc_zt=14&_nc_ht=scontent.fpss5-1.fna&_nc_gid=r-Dkqny75pzNWXRI23fEbw&_nc_ss=7f180&oh=00_AQEdksxGXfChY8TvrD4JNFnCFJ8ZbwG1TuK9Suy7ZR5q6A&oe=6A758E49,,"['FACEBOOK', 'INSTAGRAM', 'AUDIENCE_NETWORK', 'MESSENGER', 'THREADS']",au,cw,facebook,social,2026-W31,2026-08,"FACEBOOK, INSTAGRAM, AUDIENCE_NETWORK, MESSENGER, THREADS",True,True,True,True,True,False,Brand/Category Page,True,False,False,2026-08-03,2026-04-01 07:00:00,2026-08-03 15:37:17.103942,124
1793158692069457,837912306004035,True,2026-04-01 07:00:00,2026-08-01 07:00:00,Chemist Warehouse,Chemist Warehouse,{{product.name}},{{product.brand}},Shop now,DCO,https://www.chemistwarehouse.com.au/shop-online/705490/skin1004?utm_source=facebook&utm_medium=social&utm_campaign=au_cw_oa_facebook_social_cravercorporation_skin1004_665_mar26_100366-oa_video-image&utm_term=traffic&utm_content=video-image_static-3,www.chemistwarehouse.com.au,/shop-online/705490/skin1004,facebook,social,au_cw_oa_facebook_social_cravercorporation_skin1004_665_mar26_100366-oa_video-image,665,traffic,video-image_static-3,O&O,Cravercorporation,Skin1004,mar26,video-image,"Centella, For Your Skincare Routine",Soothe and strengthen your skin with Madagascar Centella. Gentle care for everyday balance and healthy-looking skin.,Shop Now,https://scontent.fpss5-1.fna.fbcdn.net/v/t39.35426-6/658200401_4418968658338177_5971079398178345470_n.jpg?_nc_cat=108&ccb=1-7&_nc_sid=c53f8f&_nc_ohc=FweoMDVZq6MQ7kNvwFs9E_T&_nc_oc=Adpiy64lwE6NOGtFXHiBpNWulWpw5Y8u2MHUjKo2bloy5v6dyrXxQul02vZo2IHQfWY&_nc_zt=14&_nc_ht=scontent.fpss5-1.fna&_nc_gid=r-Dkqny75pzNWXRI23fEbw&_nc_ss=7f180&oh=00_AQGAsbFtbaxY9WJHHdCFD6H8cW-0lmBNjjFMJBkBirsIeA&oe=6A75A040,,"['FACEBOOK', 'INSTAGRAM', 'AUDIENCE_NETWORK', 'MESSENGER', 'THREADS']",au,cw,facebook,social,2026-W31,2026-08,"FACEBOOK, INSTAGRAM, AUDIENCE_NETWORK, MESSENGER, THREADS",True,True,True,True,True,False,Brand/Category Page,True,False,False,2026-08-03,2026-04-01 07:00:00,2026-08-03 15:37:17.103942,124
890194130678840,,True,2026-03-22 07:00:00,2026-08-02 07:00:00,Chemist Warehouse,Chemist Warehouse,Redken All Soft for ultimate soft hair,"Redken All Soft moisturises dry, brittle hair with argan oil. This pro system leaves hair shiny, healthy and nourished",Shop now,IMAGE,https://fb.com/canvas_doc/2001727920719131,fb.com,/canvas_doc/2001727920719131,,,,,,,Not Specified,,,,,,,,,,"['FACEBOOK', 'INSTAGRAM', 'AUDIENCE_NETWORK', 'MESSENGER', 'THREADS']",,,,,2026-W31,2026-08,"FACEBOOK, INSTAGRAM, AUDIENCE_NETWORK, MESSENGER, THREADS",True,True,True,True,True,False,Internal/App Page,True,False,False,2026-08-03,2026-03-22 07:00:00,2026-08-03 15:37:17.103942,134
2601422053586359,,True,2026-03-22 07:00:00,2026-07-31 07:00:00,Chemist Warehouse,Chemist Warehouse,Redken Damage Repair Routine,Strengthen hair with Redken Acidic Bonding Concentrate. This pro system repairs damage and protects colour from fading.,Shop now,IMAGE,https://fb.com/canvas_doc/4490041747937071,fb.com,/canvas_doc/4490041747937071,,,,,,,Not Specified,,,,,,,,,,"['FACEBOOK', 'INSTAGRAM', 'AUDIENCE_NETWORK', 'MESSENGER', 'THREADS']",,,,,2026-W31,2026-08,"FACEBOOK, INSTAGRAM, AUDIENCE_NETWORK, MESSENGER, THREADS",True,True,True,True,True,False,Internal/App Page,True,False,False,2026-08-03,2026-03-22 07:00:00,2026-08-03 15:37:17.103942,134
1479080803756280,962086356190204,True,2026-04-01 07:00:00,2026-08-01 07:00:00,Chemist Warehouse,Chemist Warehouse,{{product.name}},{{product.brand}},Shop now,DCO,https://www.chemistwarehouse.com.au/shop-online/705490/skin1004?utm_source=facebook&utm_medium=social&utm_campaign=au_cw_oa_facebook_social_cravercorporation_skin1004_665_mar26_100366-oa_video-image&utm_term=traffic&utm_content=video-image_video-1,www.chemistwarehouse.com.au,/shop-online/705490/skin1004,facebook,social,au_cw_oa_facebook_social_cravercorporation_skin1004_665_mar26_100366-oa_video-image,665,traffic,video-image_video-1,O&O,Cravercorporation,Skin1004,mar26,video-image,"Centella, For Your Skincare Routine",Soothe and strengthen your skin with Madagascar Centella. Gentle care for everyday balance and healthy-looking skin.,Shop Now,,https://video.fpss5-1.fna.fbcdn.net/o1/v/t2/f2/m366/AQP1wlQA3tDQgOSGZAjqEacsZXpOYNVfsgWxABE_NFFgWQLpIpWAo9Nilz_mbpWdHCvWaSkVG2wPMZnM34g2Kshj-4hi4RBolfUs8GhOt-vKbw.mp4?_nc_cat=102&_nc_oc=AdodA7a4590jLWdEHnwDYnSIdXlHsg0hpo5cMJ-3tDwbE5dEfH6EQ3U6qu48In3uHx0&_nc_sid=b66105&_nc_ht=video.fpss5-1.fna.fbcdn.net&_nc_ohc=0wmeDp6A4csQ7kNvwF6zCG3&efg=eyJ2ZW5jb2RlX3RhZyI6Inhwdl9wcm9ncmVzc2l2ZS5WSV9VU0VDQVNFX1BST0RVQ1RfVFlQRS4uQzMuNzIwLmRhc2hfaDI2NC1iYXNpYy1nZW4yXzcyMHAiLCJ4cHZfYXNzZXRfaWQiOjE0Mjk0MTQ2OTUwNTU4MDAsImFzc2V0X2FnZV9kYXlzIjoxMjIsInZpX3VzZWNhc2VfaWQiOjEwNzk5LCJkdXJhdGlvbl9zIjoxNywidXJsZ2VuX3NvdXJjZSI6Ind3dyJ9&ccb=17-1&vs=f3b653b753115c18&_nc_vs=HBksFQIYRWZiX2VwaGVtZXJhbC8yNjQxRjI5QzhBQjAxOENGNzQ1MzVDNjNGRDZBMjM4Nl9tdF8xX3ZpZGVvX2Rhc2hpbml0Lm1wNBUAAsgBEgAVAhhAZmJfcGVybWFuZW50L0NBNDE1RDBERTM3QUUzNEMxMzZDOThBNjRBMDEyRUEwX2F1ZGlvX2Rhc2hpbml0Lm1wNBUCAsgBEgAoABgAGwKIB3VzZV9vaWwBMRJwcm9ncmVzc2l2ZV9yZWNpcGUBMRUAACbwxpWy8YKKBRUCKAJDMywXQDEEWhysCDEYGWRhc2hfaDI2NC1iYXNpYy1nZW4yXzcyMHARAHUAZd6oAQA&_nc_gid=r-Dkqny75pzNWXRI23fEbw&_nc_ss=7f180&_nc_zt=28&oh=00_AQHPwhZA_SFc7lCVYjGVPrvH0X6yplgbgxctvbRlFROvZw&oe=6A758F2E,"['FACEBOOK', 'INSTAGRAM', 'AUDIENCE_NETWORK', 'MESSENGER', 'THREADS']",au,cw,facebook,social,2026-W31,2026-08,"FACEBOOK, INSTAGRAM, AUDIENCE_NETWORK, MESSENGER, THREADS",True,True,True,True,True,False,Brand/Category Page,True,False,False,2026-08-03,2026-04-01 07:00:00,2026-08-03 15:37:17.103942,124
1270025787922236,3870704826572778,True,2026-04-01 07:00:00,2026-08-02 07:00:00,Chemist Warehouse,Chemist Warehouse,{{product.name}},{{product.brand}},Shop now,DCO,https://www.chemistwarehouse.com.au/shop-online/705490/skin1004?utm_source=facebook&utm_medium=social&utm_campaign=au_cw_oa_facebook_social_cravercorporation_skin1004_665_mar26_100366-oa_video-image&utm_term=traffic&utm_content=video-image_static-2,www.chemistwarehouse.com.au,/shop-online/705490/skin1004,facebook,social,au_cw_oa_facebook_social_cravercorporation_skin1004_665_mar26_100366-oa_video-image,665,traffic,video-image_static-2,O&O,Cravercorporation,Skin1004,mar26,video-image,"Centella, For Your Skincare Routine",Soothe and strengthen your skin with Madagascar Centella. Gentle care for everyday balance and healthy-looking skin.,Shop Now,https://scontent.fpss5-1.fna.fbcdn.net/v/t39.35426-6/659794153_928248620093467_3989476078503426787_n.jpg?_nc_cat=111&ccb=1-7&_nc_sid=c53f8f&_nc_ohc=W9x7vIJaTikQ7kNvwFA_O9b&_nc_oc=AdqV0Qlhk8ly04EygwFlirD96fe9ufX-yeqNZW-YDkdaL2uXV19eApiWhnSQcziOSlc&_nc_zt=14&_nc_ht=scontent.fpss5-1.fna&_nc_gid=r-Dkqny75pzNWXRI23fEbw&_nc_ss=7f180&oh=00_AQH5vJy1jDWQTWJCYCDOXXyRg_28a7WT6LFUxRCuEOABaQ&oe=6A758E62,,"['FACEBOOK', 'INSTAGRAM', 'AUDIENCE_NETWORK', 'MESSENGER', 'THREADS']",au,cw,facebook,social,2026-W31,2026-08,"FACEBOOK, INSTAGRAM, AUDIENCE_NETWORK, MESSENGER, THREADS",True,True,True,True,True,False,Brand/Category Page,True,False,False,2026-08-03,2026-04-01 07:00:00,2026-08-03 15:37:17.103942,124
1447336696317383,1120438303558874,True,2026-03-31 07:00:00,2026-08-02 07:00:00,Chemist Warehouse,Chemist Warehouse,{{product.name}},{{product.brand}},Learn more,DCO,https://www.chemistwarehouse.com.au/shop-online/1066/matrix?utm_source=facebook&utm_medium=social&utm_campaign=au_cw_coop_facebook_social_lorealprofessional_matrix_129_2026_100047-bau_image&utm_term=reach&utm_content=image_curly,www.chemistwarehouse.com.au,/shop-online/1066/matrix,facebook,social,au_cw_coop_facebook_social_lorealprofessional_matrix_129_2026_100047-bau_image,129,reach,image_curly,Coop,Lorealprofessional,Matrix,2026,image,Matrix x KATSEYE: Hair in motion.,Matrix x KATSEYE: Pro haircare that transforms every choreography into a stunning hairography. Stage-ready hair!,Learn More,https://scontent.fpss5-1.fna.fbcdn.net/v/t39.35426-6/658349085_1992575074665545_4480521454478200119_n.jpg?_nc_cat=100&ccb=1-7&_nc_sid=c53f8f&_nc_ohc=p_ZfGPSeUV8Q7kNvwEYwS19&_nc_oc=AdpXfjiN21riSZGoFtYbPKG8ULiUti8JYKL-b2fMWsMuQ4TCIxsNBzhLziYbm3fXjiQ&_nc_zt=14&_nc_ht=scontent.fpss5-1.fna&_nc_gid=r-Dkqny75pzNWXRI23fEbw&_nc_ss=7f180&oh=00_AQEa8gdU5uRXq5flwdswwypH-9XAYo4EznVGTnY-H7e1zA&oe=6A75933F,,"['FACEBOOK', 'INSTAGRAM', 'AUDIENCE_NETWORK', 'WHATSAPP', 'THREADS']",au,cw,facebook,social,2026-W31,2026-08,"FACEBOOK, INSTAGRAM, AUDIENCE_NETWORK, WHATSAPP, THREADS",True,True,True,False,True,True,Brand/Category Page,True,False,False,2026-08-03,2026-03-31 07:00:00,2026-08-03 15:37:17.103942,125
1718164912675642,962086356190204,True,2026-04-01 07:00:00,2026-07-16 07:00:00,Chemist Warehouse,Chemist Warehouse,{{product.name}},{{product.brand}},Shop now,DCO,https://www.chemistwarehouse.com.au/shop-online/705490/skin1004?utm_source=facebook&utm_medium=social&utm_campaign=au_cw_oa_facebook_social_cravercorporation_skin1004_665_mar26_100366-oa_video-image&utm_term=traffic&utm_content=video-image_video-1,www.chemistwarehouse.com.au,/shop-online/705490/skin1004,facebook,social,au_cw_oa_facebook_social_cravercorporation_skin1004_665_mar26_100366-oa_video-image,665,traffic,video-image_video-1,O&O,Cravercorporation,Skin1004,mar26,video-image,"Centella, For Your Skincare Routine",Soothe and strengthen your skin with Madagascar Centella. Gentle care for everyday balance and healthy-looking skin.,Shop Now,,https://video.fpss5-1.fna.fbcdn.net/o1/v/t2/f2/m366/AQP1wlQA3tDQgOSGZAjqEacsZXpOYNVfsgWxABE_NFFgWQLpIpWAo9Nilz_mbpWdHCvWaSkVG2wPMZnM34g2Kshj-4hi4RBolfUs8GhOt-vKbw.mp4?_nc_cat=102&_nc_oc=AdodA7a4590jLWdEHnwDYnSIdXlHsg0hpo5cMJ-3tDwbE5dEfH6EQ3U6qu48In3uHx0&_nc_sid=b66105&_nc_ht=video.fpss5-1.fna.fbcdn.net&_nc_ohc=0wmeDp6A4csQ7kNvwF6zCG3&efg=eyJ2ZW5jb2RlX3RhZyI6Inhwdl9wcm9ncmVzc2l2ZS5WSV9VU0VDQVNFX1BST0RVQ1RfVFlQRS4uQzMuNzIwLmRhc2hfaDI2NC1iYXNpYy1nZW4yXzcyMHAiLCJ4cHZfYXNzZXRfaWQiOjE0Mjk0MTQ2OTUwNTU4MDAsImFzc2V0X2FnZV9kYXlzIjoxMjIsInZpX3VzZWNhc2VfaWQiOjEwNzk5LCJkdXJhdGlvbl9zIjoxNywidXJsZ2VuX3NvdXJjZSI6Ind3dyJ9&ccb=17-1&vs=f3b653b753115c18&_nc_vs=HBksFQIYRWZiX2VwaGVtZXJhbC8yNjQxRjI5QzhBQjAxOENGNzQ1MzVDNjNGRDZBMjM4Nl9tdF8xX3ZpZGVvX2Rhc2hpbml0Lm1wNBUAAsgBEgAVAhhAZmJfcGVybWFuZW50L0NBNDE1RDBERTM3QUUzNEMxMzZDOThBNjRBMDEyRUEwX2F1ZGlvX2Rhc2hpbml0Lm1wNBUCAsgBEgAoABgAGwKIB3VzZV9vaWwBMRJwcm9ncmVzc2l2ZV9yZWNpcGUBMRUAACbwxpWy8YKKBRUCKAJDMywXQDEEWhysCDEYGWRhc2hfaDI2NC1iYXNpYy1nZW4yXzcyMHARAHUAZd6oAQA&_nc_gid=r-Dkqny75pzNWXRI23fEbw&_nc_ss=7f180&_nc_zt=28&oh=00_AQHPwhZA_SFc7lCVYjGVPrvH0X6yplgbgxctvbRlFROvZw&oe=6A758F2E,"['FACEBOOK', 'INSTAGRAM', 'AUDIENCE_NETWORK', 'MESSENGER', 'THREADS']",au,cw,facebook,social,2026-W31,2026-08,"FACEBOOK, INSTAGRAM, AUDIENCE_NETWORK, MESSENGER, THREADS",True,True,True,True,True,False,Brand/Category Page,True,False,False,2026-08-03,2026-04-01 07:00:00,2026-08-03 15:37:17.103942,124
772315115737769,892789253738780,True,2026-03-23 07:00:00,2026-08-02 07:00:00,Chemist Warehouse,Chemist Warehouse,{{product.name}},{{product.brand}},Shop now,DCO,https://www.chemistwarehouse.com.au/buy/139283/redken-acidic-bonding-concentrate-leave-in-treatment-150ml?utm_source=facebook&utm_medium=social&utm_campaign=au_cw_coop_facebook_social_lorealprofessional_redken_129_2026_bau_dynamic&utm_term=traffic&utm_content=dynamic_abc1,www.chemistwarehouse.com.au,/buy/139283/redken-acidic-bonding-concentrate-leave-in-treatment-150ml,facebook,social,au_cw_coop_facebook_social_lorealprofessional_redken_129_2026_bau_dynamic,129,traffic,dynamic_abc1,Coop,Lorealprofessional,Redken,2026,dynamic,Redken Leave It In for ultimate hair repair,"Discover Redken Leave-In for ultimate hair repair. The multi-purpose hero for hair care and styling. It shields hair against up to 230°C, locks in softness, and helps protect colour!",Shop Now,https://scontent.fpss5-1.fna.fbcdn.net/v/t39.35426-6/657034942_1628715488036533_7803026437827124539_n.jpg?_nc_cat=106&ccb=1-7&_nc_sid=c53f8f&_nc_ohc=3sUWVu-_1FwQ7kNvwGlkwlt&_nc_oc=Adoq83QbierTiJFchO2gBIAUjQ32MLs_B-kUCih0cvN7zMsbPBc8EyblwLiS5obOuLw&_nc_zt=14&_nc_ht=scontent.fpss5-1.fna&_nc_gid=7pgLaysvtaSYyniXi9BLLg&_nc_ss=7f180&oh=00_AQHw1lO-p6teeS9s7KgEu5nrK21E6Pwzi9cnEvhZEuJabg&oe=6A757BCC,,"['FACEBOOK', 'INSTAGRAM', 'AUDIENCE_NETWORK', 'MESSENGER', 'THREADS']",au,cw,facebook,social,2026-W31,2026-08,"FACEBOOK, INSTAGRAM, AUDIENCE_NETWORK, MESSENGER, THREADS",True,True,True,True,True,False,SKU Product,True,False,False,2026-08-03,2026-03-23 07:00:00,2026-08-03 15:37:17.103942,133
930911809324307,1342178437927744,True,2026-03-24 07:00:00,2026-08-01 07:00:00,Chemist Warehouse,Chemist Warehouse,{{product.name}},{{product.brand}},Learn more,DCO,https://www.chemistwarehouse.com.au/buy/160049/biostime-infant-children-a-l-g-probiotic-care-28-sachets?utm_source=facebook&utm_medium=social&utm_campaign=au_cw_coop_facebook_social_swissewellnessptyltd_biostime_20_2026_100126-bau_video-image&utm_term=traffic&utm_content=video-image_static-2,www.chemistwarehouse.com.au,/buy/160049/biostime-infant-children-a-l-g-probiotic-care-28-sachets,facebook,social,au_cw_coop_facebook_social_swissewellnessptyltd_biostime_20_2026_100126-bau_video-image,20,traffic,video-image_static-2,Coop,Swissewellnessptyltd,Biostime,2026,video-image,Support their day from the inside out,Gentle support for little ones with mild eczema symptoms. Biostime is available at Chemist Warehouse,Learn More,https://scontent.fpss5-1.fna.fbcdn.net/v/t39.35426-6/654881607_1717682389203980_1530985513429701613_n.jpg?_nc_cat=111&ccb=1-7&_nc_sid=c53f8f&_nc_ohc=g1l-HHKwD_gQ7kNvwG8iuQR&_nc_oc=Adph5-rdlpCirq8CSEzPBd7dI9K0GZwL8cJC_vOAbFeNqYRnpzgv5hIOfW3uQujnnUE&_nc_zt=14&_nc_ht=scontent.fpss5-1.fna&_nc_gid=7pgLaysvtaSYyniXi9BLLg&_nc_ss=7f180&oh=00_AQEjxn1YI_qTg75ceiCwCIEzOs8nV9uLKi48oemZPkj77g&oe=6A75A0E3,,"['FACEBOOK', 'INSTAGRAM', 'THREADS']",au,cw,facebook,social,2026-W31,2026-08,"FACEBOOK, INSTAGRAM, THREADS",True,True,False,False,True,False,SKU Product,True,False,False,2026-08-03,2026-03-24 07:00:00,2026-08-03 15:37:17.103942,132
2363576060808967,1263283735193735,True,2026-03-22 07:00:00,2026-08-01 07:00:00,Chemist Warehouse,Chemist Warehouse,{{product.name}},{{product.brand}},Learn more,DCO,https://www.chemistwarehouse.com.au/buy/160049/biostime-infant-children-a-l-g-probiotic-care-28-sachets?utm_source=facebook&utm_medium=social&utm_campaign=au_cw_coop_facebook_social_swissewellnessptyltd_biostime_20_2026_100126-bau_video-image&utm_term=traffic&utm_content=video-image_static-5,www.chemistwarehouse.com.au,/buy/160049/biostime-infant-children-a-l-g-probiotic-care-28-sachets,facebook,social,au_cw_coop_facebook_social_swissewellnessptyltd_biostime_20_2026_100126-bau_video-image,20,traffic,video-image_static-5,Coop,Swissewellnessptyltd,Biostime,2026,video-image,Support their day from the inside out,Gentle support for little ones with mild eczema symptoms. Biostime is available at Chemist Warehouse,Learn More,https://scontent.fpss5-1.fna.fbcdn.net/v/t39.35426-6/655827744_904311839142463_3666600619732473426_n.jpg?_nc_cat=102&ccb=1-7&_nc_sid=c53f8f&_nc_ohc=aLLaupvPnhwQ7kNvwGLtOTX&_nc_oc=AdqUlGWbcI0FTqvH_IVgEU44wKVUH4qEoSZWnDyTFSVtBGc-fZgINS3KpGK730j1ydg&_nc_zt=14&_nc_ht=scontent.fpss5-1.fna&_nc_gid=7pgLaysvtaSYyniXi9BLLg&_nc_ss=7f180&oh=00_AQEAy3HqChN5RHv5V0SkeqODrLNIWJ1rkf_F3pBMVenmQg&oe=6A759D12,,"['FACEBOOK', 'INSTAGRAM', 'THREADS']",au,cw,facebook,social,2026-W31,2026-08,"FACEBOOK, INSTAGRAM, THREADS",True,True,False,False,True,False,SKU Product,True,False,False,2026-08-03,2026-03-22 07:00:00,2026-08-03 15:37:17.103942,134
1579474416498984,1499276495247643,True,2026-03-22 07:00:00,2026-08-01 07:00:00,Chemist Warehouse,Chemist Warehouse,{{product.name}},{{product.brand}},Learn more,DCO,https://www.chemistwarehouse.com.au/buy/160049/biostime-infant-children-a-l-g-probiotic-care-28-sachets?utm_source=facebook&utm_medium=social&utm_campaign=au_cw_coop_facebook_social_swissewellnessptyltd_biostime_20_2026_100126-bau_video-image&utm_term=traffic&utm_content=video-image_static-1,www.chemistwarehouse.com.au,/buy/160049/biostime-infant-children-a-l-g-probiotic-care-28-sachets,facebook,social,au_cw_coop_facebook_social_swissewellnessptyltd_biostime_20_2026_100126-bau_video-image,20,traffic,video-image_static-1,Coop,Swissewellnessptyltd,Biostime,2026,video-image,Support their day from the inside out,Gentle support for little ones with mild eczema symptoms. Biostime is available at Chemist Warehouse,Learn More,https://scontent.fpss5-1.fna.fbcdn.net/v/t39.35426-6/656872842_948342547593375_974443558135462857_n.jpg?_nc_cat=103&ccb=1-7&_nc_sid=c53f8f&_nc_ohc=q7DDuoDkT_MQ7kNvwEFPgow&_nc_oc=AdqvsQncWpK3Ci0ja_XsLeceKmsmmFLff53ehvLer80BobnXuaB6rbLQeEiklySFX9I&_nc_zt=14&_nc_ht=scontent.fpss5-1.fna&_nc_gid=7pgLaysvtaSYyniXi9BLLg&_nc_ss=7f180&oh=00_AQEOhJxysX0KjP4P4_1iZKlMqBVHUAKfk3LMByS-H7PfnA&oe=6A75990C,,"['FACEBOOK', 'INSTAGRAM', 'THREADS']",au,cw,facebook,social,2026-W31,2026-08,"FACEBOOK, INSTAGRAM, THREADS",True,True,False,False,True,False,SKU Product,True,False,False,2026-08-03,2026-03-22 07:00:00,2026-08-03 15:37:17.103942,134
2299848750504235,2436011233510184,True,2026-03-10 07:00:00,2026-08-02 07:00:00,Chemist Warehouse,Chemist Warehouse,"Want Instant Glowing, Glass Skin?",Discover the NEW L'Oréal Paris Filler Glass Skin Cream for glass skin glow in just 1 use.,Shop now,VIDEO,https://www.chemistwarehouse.com.au/shop-online/4068/loreal-paris?utm_source=facebook&utm_medium=social&utm_campaign=au_cw_coop_facebook_social_lorealaustraliaptyltd_lorealparis_665_2026_bau_dynamic&utm_term=traffic&utm_content=dynamic_cushionvid,www.chemistwarehouse.com.au,/shop-online/4068/loreal-paris,facebook,social,au_cw_coop_facebook_social_lorealaustraliaptyltd_lorealparis_665_2026_bau_dynamic,665,traffic,dynamic_cushionvid,Coop,Lorealaustraliaptyltd,Lorealparis,2026,dynamic,,,,,,"['FACEBOOK', 'INSTAGRAM', 'AUDIENCE_NETWORK', 'MESSENGER', 'THREADS']",au,cw,facebook,social,2026-W31,2026-08,"FACEBOOK, INSTAGRAM, AUDIENCE_NETWORK, MESSENGER, THREADS",True,True,True,True,True,False,Brand/Category Page,True,False,False,2026-08-03,2026-03-10 07:00:00,2026-08-03 15:37:17.103942,146
1465697435183323,,True,2026-03-11 07:00:00,2026-08-01 07:00:00,Chemist Warehouse,Chemist Warehouse,Cerave: Derm-Developed Blemish Care,Cleanse and target your blemishes with CeraVe's two step acne routine Developed with Derms,Shop now,IMAGE,https://fb.com/canvas_doc/1652806715856948,fb.com,/canvas_doc/1652806715856948,,,,,,,Not Specified,,,,,,,,,,"['FACEBOOK', 'INSTAGRAM', 'AUDIENCE_NETWORK', 'MESSENGER', 'THREADS']",,,,,2026-W31,2026-08,"FACEBOOK, INSTAGRAM, AUDIENCE_NETWORK, MESSENGER, THREADS",True,True,True,True,True,False,Internal/App Page,True,False,False,2026-08-03,2026-03-11 07:00:00,2026-08-03 15:37:17.103942,145
1602269084375509,,True,2026-03-11 07:00:00,2026-08-02 07:00:00,Chemist Warehouse,Chemist Warehouse,Dermatologists Reinvented Haircare,CeraVe Haircare Reinvented with Dermatologists. Gentle on the scalp barrier and made for all hair types,Shop now,IMAGE,https://fb.com/canvas_doc/1250736777235351,fb.com,/canvas_doc/1250736777235351,,,,,,,Not Specified,,,,,,,,,,"['FACEBOOK', 'INSTAGRAM', 'AUDIENCE_NETWORK', 'MESSENGER', 'THREADS']",,,,,2026-W31,2026-08,"FACEBOOK, INSTAGRAM, AUDIENCE_NETWORK, MESSENGER, THREADS",True,True,True,True,True,False,Internal/App Page,True,False,False,2026-08-03,2026-03-11 07:00:00,2026-08-03 15:37:17.103942,145
2084549515776166,,True,2026-03-12 07:00:00,2026-08-02 07:00:00,Chemist Warehouse,Chemist Warehouse,Dermatologists Reinvented Haircare,CeraVe Haircare Reinvented with Dermatologists. Gentle on the scalp barrier and made for all hair types,Shop now,IMAGE,https://fb.com/canvas_doc/2041549553075241,fb.com,/canvas_doc/2041549553075241,,,,,,,Not Specified,,,,,,,,,,"['FACEBOOK', 'INSTAGRAM', 'AUDIENCE_NETWORK', 'MESSENGER', 'THREADS']",,,,,2026-W31,2026-08,"FACEBOOK, INSTAGRAM, AUDIENCE_NETWORK, MESSENGER, THREADS",True,True,True,True,True,False,Internal/App Page,True,False,False,2026-08-03,2026-03-12 07:00:00,2026-08-03 15:37:17.103942,144
1983042859277913,1515704459911840,True,2026-03-23 07:00:00,2026-07-31 07:00:00,Chemist Warehouse,Chemist Warehouse,{{product.name}},{{product.brand}},Learn more,DCO,https://www.chemistwarehouse.com.au/buy/160049/biostime-infant-children-a-l-g-probiotic-care-28-sachets?utm_source=facebook&utm_medium=social&utm_campaign=au_cw_coop_facebook_social_swissewellnessptyltd_biostime_20_2026_100126-bau_video-image&utm_term=traffic&utm_content=video-image_static-4,www.chemistwarehouse.com.au,/buy/160049/biostime-infant-children-a-l-g-probiotic-care-28-sachets,facebook,social,au_cw_coop_facebook_social_swissewellnessptyltd_biostime_20_2026_100126-bau_video-image,20,traffic,video-image_static-4,Coop,Swissewellnessptyltd,Biostime,2026,video-image,Support their day from the inside out,Gentle support for little ones with mild eczema symptoms. Biostime is available at Chemist Warehouse,Learn More,https://scontent.fpss5-1.fna.fbcdn.net/v/t39.35426-6/656906517_2124655871599607_7578392960713735780_n.jpg?_nc_cat=105&ccb=1-7&_nc_sid=c53f8f&_nc_ohc=CFRRrG6dVP4Q7kNvwGPBfyf&_nc_oc=Adp3cWvLMvi_cffu1-Ae2oecr6NmEWsbVLpuFHOZNiZ8B1ps9LmgFDsS_S_blXE4X8I&_nc_zt=14&_nc_ht=scontent.fpss5-1.fna&_nc_gid=7pgLaysvtaSYyniXi9BLLg&_nc_ss=7f180&oh=00_AQHVU18wvt6PcQPr9KaY447G_p9_6ci6R6q1uYQAkv8-ag&oe=6A758513,,"['FACEBOOK', 'INSTAGRAM', 'THREADS']",au,cw,facebook,social,2026-W31,2026-08,"FACEBOOK, INSTAGRAM, THREADS",True,True,False,False,True,False,SKU Product,True,False,False,2026-08-03,2026-03-23 07:00:00,2026-08-03 15:37:17.103942,133
1315536347052888,,True,2026-03-12 07:00:00,2026-08-01 07:00:00,Chemist Warehouse,Chemist Warehouse,Dermatologists Reinvented Haircare,CeraVe Haircare Reinvented with Dermatologists. Gentle on the scalp barrier and made for all hair types,Shop now,IMAGE,https://fb.com/canvas_doc/889917790509673,fb.com,/canvas_doc/889917790509673,,,,,,,Not Specified,,,,,,,,,,"['FACEBOOK', 'INSTAGRAM', 'AUDIENCE_NETWORK', 'MESSENGER', 'THREADS']",,,,,2026-W31,2026-08,"FACEBOOK, INSTAGRAM, AUDIENCE_NETWORK, MESSENGER, THREADS",True,True,True,True,True,False,Internal/App Page,True,False,False,2026-08-03,2026-03-12 07:00:00,2026-08-03 15:37:17.103942,144
1229206639409889,,True,2026-02-25 08:00:00,2026-08-02 07:00:00,Chemist Warehouse,Chemist Warehouse,Beauty Meets Nutrition,"Your everyday collagen ritual, thanks to The Collagen Co now at Chemist Warehouse",Shop now,IMAGE,https://fb.com/canvas_doc/1977917122797092,fb.com,/canvas_doc/1977917122797092,,,,,,,Not Specified,,,,,,,,,,"['FACEBOOK', 'INSTAGRAM', 'MESSENGER', 'THREADS']",,,,,2026-W31,2026-08,"FACEBOOK, INSTAGRAM, MESSENGER, THREADS",True,True,False,True,True,False,Internal/App Page,True,True,False,2026-08-03,2026-02-25 08:00:00,2026-08-03 15:37:17.103942,159
1115105317384102,893113806858079,True,2026-03-03 08:00:00,2026-08-02 07:00:00,Chemist Warehouse,Chemist Warehouse,Infallible Cushion Foundation,"Flawless skin in seconds! L’Oréal Paris 24H Cushion Foundation, now at Chemist Warehouse. Pair it with the viral Setting Mist!",Shop now,VIDEO,https://www.chemistwarehouse.com.au/shop-online/4068/loreal-paris?category=Foundation&utm_source=facebook&utm_medium=social&utm_campaign=au_cw_coop_facebook_social_lorealaustraliaptyltd_lorealparis_665_2026_bau_dynamic&utm_term=traffic&utm_content=dynamic_cushionvid,www.chemistwarehouse.com.au,/shop-online/4068/loreal-paris,facebook,social,au_cw_coop_facebook_social_lorealaustraliaptyltd_lorealparis_665_2026_bau_dynamic,665,traffic,dynamic_cushionvid,Coop,Lorealaustraliaptyltd,Lorealparis,2026,dynamic,,,,,,"['FACEBOOK', 'INSTAGRAM', 'AUDIENCE_NETWORK', 'MESSENGER', 'THREADS']",au,cw,facebook,social,2026-W31,2026-08,"FACEBOOK, INSTAGRAM, AUDIENCE_NETWORK, MESSENGER, THREADS",True,True,True,True,True,False,Brand/Category Page,True,True,False,2026-08-03,2026-03-03 08:00:00,2026-08-03 15:37:17.103942,153
1305572008050018,2921963624838695,True,2026-02-25 08:00:00,2026-08-02 07:00:00,Chemist Warehouse,Chemist Warehouse,{{product.name}},{{product.brand}},Shop now,DCO,https://www.chemistwarehouse.com.au/shop-online/6918/the-collagen-co?utm_source=facebook&utm_medium=social&utm_content=Catalogue&utm_campaign=au_cw_coop_facebook_social_collagenco_thecollagenco_81_2026_bau_Dynamic&utm_term=Dynamic,www.chemistwarehouse.com.au,/shop-online/6918/the-collagen-co,facebook,social,au_cw_coop_facebook_social_collagenco_thecollagenco_81_2026_bau_Dynamic,81,Dynamic,Catalogue,Coop,Collagenco,Thecollagenco,2026,dynamic,Beauty Meets Nutrition,"Your everyday collagen ritual, thanks to The Collagen Co now at Chemist Warehouse",Shop Now,https://scontent.fpss5-1.fna.fbcdn.net/v/t39.35426-6/637810836_1904925063486607_7852419059411506365_n.jpg?_nc_cat=109&ccb=1-7&_nc_sid=c53f8f&_nc_ohc=2P4-Z1uxrMoQ7kNvwENQhFn&_nc_oc=AdqXD5-GnZtFr_ISzvaC-12Y17A07jaqhgoP2FWYZFQBnpUlikaoIrXmT2Wq5BUwqIU&_nc_zt=14&_nc_ht=scontent.fpss5-1.fna&_nc_gid=3VDWWYCumaCV1BI_rYN1TQ&_nc_ss=7f180&oh=00_AQGvS_g8il9IMIHy9aRJQ68zyDqg5EN7OFgqVMUhORq-CA&oe=6A758810,,"['FACEBOOK', 'INSTAGRAM', 'MESSENGER', 'THREADS']",au,cw,facebook,social,2026-W31,2026-08,"FACEBOOK, INSTAGRAM, MESSENGER, THREADS",True,True,False,True,True,False,Brand/Category Page,True,False,False,2026-08-03,2026-02-25 08:00:00,2026-08-03 15:37:17.103942,159
1379056927357159,,True,2026-02-24 08:00:00,2026-08-02 07:00:00,Chemist Warehouse,Chemist Warehouse,Feel like you’re not quite performing at your best?,"GO Healthy Man Plus Performance is a 1-A-DAY formula that contains Tribulus, Horny Goat Weed, Korean Ginseng and Ginkgo.",Shop now,IMAGE,https://fb.com/canvas_doc/923989350175581,fb.com,/canvas_doc/923989350175581,,,,,,,Not Specified,,,,,,,,,,"['FACEBOOK', 'INSTAGRAM', 'AUDIENCE_NETWORK', 'MESSENGER', 'THREADS']",,,,,2026-W31,2026-08,"FACEBOOK, INSTAGRAM, AUDIENCE_NETWORK, MESSENGER, THREADS",True,True,True,True,True,False,Internal/App Page,True,False,False,2026-08-03,2026-02-24 08:00:00,2026-08-03 15:37:17.103942,160
1847540209291823,,True,2026-02-24 08:00:00,2026-08-01 07:00:00,Chemist Warehouse,Chemist Warehouse,24-Hour Immune Support,24-Hour Immune Support GO ESTER-C® IMMUNE COMPLEX is a quality formula that provides 24 hour support for healthy immune system function with Ester-C®.,Shop now,IMAGE,https://fb.com/canvas_doc/2376701432776434,fb.com,/canvas_doc/2376701432776434,,,,,,,Not Specified,,,,,,,,,,"['FACEBOOK', 'INSTAGRAM', 'AUDIENCE_NETWORK', 'MESSENGER', 'THREADS']",,,,,2026-W31,2026-08,"FACEBOOK, INSTAGRAM, AUDIENCE_NETWORK, MESSENGER, THREADS",True,True,True,True,True,False,Internal/App Page,True,False,False,2026-08-03,2026-02-24 08:00:00,2026-08-03 15:37:17.103942,160
868317339577193,,True,2026-02-24 08:00:00,2026-08-02 07:00:00,Chemist Warehouse,Chemist Warehouse,High-strength CoQ10 + D3 formula,Just one soft capsule a day gives you a high-strength dose of CoQ10 plus Vitamin D3 to support cardiovascular system health and energy production.,Shop now,IMAGE,https://fb.com/canvas_doc/4389054474682648,fb.com,/canvas_doc/4389054474682648,,,,,,,Not Specified,,,,,,,,,,"['FACEBOOK', 'INSTAGRAM', 'AUDIENCE_NETWORK', 'MESSENGER', 'THREADS']",,,,,2026-W31,2026-08,"FACEBOOK, INSTAGRAM, AUDIENCE_NETWORK, MESSENGER, THREADS",True,True,True,True,True,False,Internal/App Page,True,False,False,2026-08-03,2026-02-24 08:00:00,2026-08-03 15:37:17.103942,160
1658322398667720,,True,2026-02-24 08:00:00,2026-08-01 07:00:00,Chemist Warehouse,Chemist Warehouse,GO Activated B Complex  for energy production,"1-A-DAY formula, it  delivers activated B2, B6, B12 and Folate to help support your body’s energy production.",Shop now,IMAGE,https://fb.com/canvas_doc/1220649510257956,fb.com,/canvas_doc/1220649510257956,,,,,,,Not Specified,,,,,,,,,,"['FACEBOOK', 'INSTAGRAM', 'AUDIENCE_NETWORK', 'MESSENGER', 'THREADS']",,,,,2026-W31,2026-08,"FACEBOOK, INSTAGRAM, AUDIENCE_NETWORK, MESSENGER, THREADS",True,True,True,True,True,False,Internal/App Page,True,False,False,2026-08-03,2026-02-24 08:00:00,2026-08-03 15:37:17.103942,160
1882275026497195,,True,2026-02-24 08:00:00,2026-08-02 07:00:00,Chemist Warehouse,Chemist Warehouse,GO Activated B12 supports energy production,Support healthy red blood cell production and maintain B12 levels with GO Healthy Activated B12.,Shop now,IMAGE,https://fb.com/canvas_doc/1185485476748090,fb.com,/canvas_doc/1185485476748090,,,,,,,Not Specified,,,,,,,,,,"['FACEBOOK', 'INSTAGRAM', 'AUDIENCE_NETWORK', 'MESSENGER', 'THREADS']",,,,,2026-W31,2026-08,"FACEBOOK, INSTAGRAM, AUDIENCE_NETWORK, MESSENGER, THREADS",True,True,True,True,True,False,Internal/App Page,True,False,False,2026-08-03,2026-02-24 08:00:00,2026-08-03 15:37:17.103942,160
1176189481098136,1581408246452958,True,2026-03-16 07:00:00,2026-08-02 07:00:00,Chemist Warehouse,Chemist Warehouse,{{product.name}},{{product.brand}},Learn more,DCO,https://www.chemistwarehouse.com.au/buy/160049/biostime-infant-children-a-l-g-probiotic-care-28-sachets?utm_source=facebook&utm_medium=social&utm_campaign=au_cw_coop_facebook_social_swissewellnessptyltd_biostime_20_2026_100126-bau_video-image&utm_term=traffic&utm_content=video-image_instore-video,www.chemistwarehouse.com.au,/buy/160049/biostime-infant-children-a-l-g-probiotic-care-28-sachets,facebook,social,au_cw_coop_facebook_social_swissewellnessptyltd_biostime_20_2026_100126-bau_video-image,20,traffic,video-image_instore-video,Coop,Swissewellnessptyltd,Biostime,2026,video-image,Biostime at Chemist Warehouse,Gentle support for mild eczema symptoms in infants and children. Shop Biostime at Chemist Warehouse.,Learn More,,https://video.fpss5-1.fna.fbcdn.net/o1/v/t2/f2/m366/AQNtpuJUgwOfaAeBJNv2LlvYD__cwOUf3-3NTpUVeHIPDDeECEkVMfxt-XJDHYKbP6X0niaYyAy40X83-otXEhomqDNJZT5RFInXAAY3hjkKUA.mp4?_nc_cat=107&_nc_oc=AdoiRR8FaavUoySh4T1owfYd5oh_7QiynMUVzd7ZBtUtBM8ZAKU60Rz_JcQavP6IRbY&_nc_sid=b66105&_nc_ht=video.fpss5-1.fna.fbcdn.net&_nc_ohc=_QNdVDXlfMEQ7kNvwHnSPO3&efg=eyJ2ZW5jb2RlX3RhZyI6Inhwdl9wcm9ncmVzc2l2ZS5WSV9VU0VDQVNFX1BST0RVQ1RfVFlQRS4uQzMuNzIwLmRhc2hfaDI2NC1iYXNpYy1nZW4yXzcyMHAiLCJ4cHZfYXNzZXRfaWQiOjE0NDc2NTc3MDM1MTI5ODQsImFzc2V0X2FnZV9kYXlzIjoxMzgsInZpX3VzZWNhc2VfaWQiOjEwNzk5LCJkdXJhdGlvbl9zIjozNCwidXJsZ2VuX3NvdXJjZSI6Ind3dyJ9&ccb=17-1&vs=bf79ae71495c63f0&_nc_vs=HBksFQIYRWZiX2VwaGVtZXJhbC9GQTRDMTQyNTczNDMwMDg0M0Q2Q0Y3MUY1RUQ5RThBOV9tdF8xX3ZpZGVvX2Rhc2hpbml0Lm1wNBUAAsgBEgAVAhhAZmJfcGVybWFuZW50L0E2NEM2M0ZDOTNFRTNEM0RDOTIyMUYxNDZDODdFMEE5X2F1ZGlvX2Rhc2hpbml0Lm1wNBUCAsgBEgAoABgAGwKIB3VzZV9vaWwBMRJwcm9ncmVzc2l2ZV9yZWNpcGUBMRUAACaw7uSy4qiSBRUCKAJDMywXQEERBiTdLxsYGWRhc2hfaDI2NC1iYXNpYy1nZW4yXzcyMHARAHUAZd6oAQA&_nc_gid=7pgLaysvtaSYyniXi9BLLg&_nc_ss=7f180&_nc_zt=28&oh=00_AQHbE-cHZOvNWCJhOkAdblXmVFkCqyyLoXeoVQZ-2VFpgQ&oe=6A758201,"['FACEBOOK', 'INSTAGRAM', 'THREADS']",au,cw,facebook,social,2026-W31,2026-08,"FACEBOOK, INSTAGRAM, THREADS",True,True,False,False,True,False,SKU Product,True,False,False,2026-08-03,2026-03-16 07:00:00,2026-08-03 15:37:17.103942,140
3955138884617518,1702339004066074,True,2026-03-22 07:00:00,2026-08-02 07:00:00,Chemist Warehouse,Chemist Warehouse,{{product.name}},{{product.brand}},Learn more,DCO,https://www.chemistwarehouse.com.au/buy/160049/biostime-infant-children-a-l-g-probiotic-care-28-sachets?utm_source=facebook&utm_medium=social&utm_campaign=au_cw_coop_facebook_social_swissewellnessptyltd_biostime_20_2026_100126-bau_video-image&utm_term=traffic&utm_content=video-image_static-3,www.chemistwarehouse.com.au,/buy/160049/biostime-infant-children-a-l-g-probiotic-care-28-sachets,facebook,social,au_cw_coop_facebook_social_swissewellnessptyltd_biostime_20_2026_100126-bau_video-image,20,traffic,video-image_static-3,Coop,Swissewellnessptyltd,Biostime,2026,video-image,Support their day from the inside out,Gentle support for little ones with mild eczema symptoms. Biostime is available at Chemist Warehouse,Learn More,https://scontent.fpss5-1.fna.fbcdn.net/v/t39.35426-6/653912900_2371139983369176_1257409238172514783_n.jpg?_nc_cat=101&ccb=1-7&_nc_sid=c53f8f&_nc_ohc=MqCyf_wlpMcQ7kNvwH5-Y-3&_nc_oc=AdqaP0P4-ugFQqpxdqAxgvIqjxO9OaPlLV-qt6jRd946MZBvfFzOmDjnMh-WxSe20FM&_nc_zt=14&_nc_ht=scontent.fpss5-1.fna&_nc_gid=7pgLaysvtaSYyniXi9BLLg&_nc_ss=7f180&oh=00_AQFkjI5QU3T5lCpxrajQQ_Y2Zcr_VW1OA-DutTCR-r9kBA&oe=6A75AA82,,"['FACEBOOK', 'INSTAGRAM', 'THREADS']",au,cw,facebook,social,2026-W31,2026-08,"FACEBOOK, INSTAGRAM, THREADS",True,True,False,False,True,False,SKU Product,True,False,False,2026-08-03,2026-03-22 07:00:00,2026-08-03 15:37:17.103942,134
2533905247028237,,True,2026-03-12 07:00:00,2026-08-02 07:00:00,Chemist Warehouse,Chemist Warehouse,Infallible Cushion Foundation,"Flawless skin in seconds! L’Oréal Paris 24H Cushion Foundation, now at Chemist Warehouse. Pair it with the viral Setting Mist!",Shop now,IMAGE,https://fb.com/canvas_doc/916866217867447,fb.com,/canvas_doc/916866217867447,,,,,,,Not Specified,,,,,,,,,,"['FACEBOOK', 'INSTAGRAM', 'AUDIENCE_NETWORK', 'MESSENGER', 'THREADS']",,,,,2026-W31,2026-08,"FACEBOOK, INSTAGRAM, AUDIENCE_NETWORK, MESSENGER, THREADS",True,True,True,True,True,False,Internal/App Page,True,True,False,2026-08-03,2026-03-12 07:00:00,2026-08-03 15:37:17.103942,144
1409900977074284,962517569614982,True,2026-03-15 07:00:00,2026-08-02 07:00:00,Chemist Warehouse,Chemist Warehouse,Gastrohealth at Chemist Warehouse,Travel smart. ✈️ Support your gut health with GastroHealth Gut Function & Care Gastro SB Probiotics. Shop at Chemist Warehouse. Media plan attached,Learn more,VIDEO,https://www.chemistwarehouse.com.au/buy/161002/naturopathica-sb-gastro-60-capsules?utm_source=facebook&utm_medium=social&utm_campaign=au_cw_coop_facebook_social_pharmacarelaboratories_gastrohealth_81_2026_100284-bau_video-image&utm_term=traffic&utm_content=video-image_instore-video,www.chemistwarehouse.com.au,/buy/161002/naturopathica-sb-gastro-60-capsules,facebook,social,au_cw_coop_facebook_social_pharmacarelaboratories_gastrohealth_81_2026_100284-bau_video-image,81,traffic,video-image_instore-video,Coop,Pharmacarelaboratories,Gastrohealth,2026,video-image,,,,,,"['FACEBOOK', 'INSTAGRAM', 'THREADS']",au,cw,facebook,social,2026-W31,2026-08,"FACEBOOK, INSTAGRAM, THREADS",True,True,False,False,True,False,SKU Product,True,True,False,2026-08-03,2026-03-15 07:00:00,2026-08-03 15:37:17.103942,141
929136289659060,,True,2026-03-19 07:00:00,2026-08-01 07:00:00,Chemist Warehouse,Chemist Warehouse,"Want Instant Glowing, Glass Skin?",Discover the NEW L'Oréal Paris Filler Glass Skin Cream for glass skin glow in just 1 use.,Shop now,IMAGE,https://fb.com/canvas_doc/1721751209202513,fb.com,/canvas_doc/1721751209202513,,,,,,,Not Specified,,,,,,,,,,"['FACEBOOK', 'INSTAGRAM', 'AUDIENCE_NETWORK', 'MESSENGER', 'THREADS']",,,,,2026-W31,2026-08,"FACEBOOK, INSTAGRAM, AUDIENCE_NETWORK, MESSENGER, THREADS",True,True,True,True,True,False,Internal/App Page,True,False,False,2026-08-03,2026-03-19 07:00:00,2026-08-03 15:37:17.103942,137
1951961868730929,886889407547564,True,2026-02-20 08:00:00,2026-08-02 07:00:00,Chemist Warehouse,Chemist Warehouse,{{product.name}},{{product.brand}},Shop now,DCO,https://www.chemistwarehouse.com.au/shop-online/513/blackmores?utm_source=facebook&utm_medium=social&utm_campaign=au_cw_coop_facebook_social_blackmoreslimited_blackmores_81_2026_bau_dynamic&utm_term=conversion&utm_content=dynamic-instore-omega,www.chemistwarehouse.com.au,/shop-online/513/blackmores,facebook,social,au_cw_coop_facebook_social_blackmoreslimited_blackmores_81_2026_bau_dynamic,81,conversion,dynamic-instore-omega,Coop,Blackmoreslimited,Blackmores,2026,dynamic,New Omega Platinum,"NEW Omega Platinum range — our highest-strength omega-3, now also available in a mini capsule.",Shop Now,,https://video.fpss5-1.fna.fbcdn.net/o1/v/t2/f2/m366/AQMEuos4hQNPaFkJp4ldAsZ5jI3VKS_SOTdGZnEdpNK8UVsIsehTk__OUnqd0ynOuEFEAQSs5xMY8gtNdBogzekiTvgICRmhB1AFjHoMMqZ-ew.mp4?_nc_cat=106&_nc_oc=AdrNhnEqf-Gur62pofgK8UM4Az59F3TTjdo-QkE_2crDg8eM1fcardYJpFzF6spQiJ4&_nc_sid=b66105&_nc_ht=video.fpss5-1.fna.fbcdn.net&_nc_ohc=ZYWhuyC3jMMQ7kNvwGSGExv&efg=eyJ2ZW5jb2RlX3RhZyI6Inhwdl9wcm9ncmVzc2l2ZS5WSV9VU0VDQVNFX1BST0RVQ1RfVFlQRS4uQzMuNzIwLmRhc2hfaDI2NC1iYXNpYy1nZW4yXzcyMHAiLCJ4cHZfYXNzZXRfaWQiOjE0MjgxMjE5NTIzOTM1NjQsImFzc2V0X2FnZV9kYXlzIjoxNjMsInZpX3VzZWNhc2VfaWQiOjEwNzk5LCJkdXJhdGlvbl9zIjo1MSwidXJsZ2VuX3NvdXJjZSI6Ind3dyJ9&ccb=17-1&vs=334126973efc10b2&_nc_vs=HBksFQIYRWZiX2VwaGVtZXJhbC8yNTQ4QjMzMzQ2MkMyNzNDMDVENUUxMUUyQjU5MUNBMl9tdF8xX3ZpZGVvX2Rhc2hpbml0Lm1wNBUAAsgBEgAVAhhAZmJfcGVybWFuZW50L0FDNEZFMDJCQ0M2N0RGNEIwNURCNTNGMjAzNTc1Nzg4X2F1ZGlvX2Rhc2hpbml0Lm1wNBUCAsgBEgAoABgAGwKIB3VzZV9vaWwBMRJwcm9ncmVzc2l2ZV9yZWNpcGUBMRUAACa45dja0beJBRUCKAJDMywXQEmZmZmZmZoYGWRhc2hfaDI2NC1iYXNpYy1nZW4yXzcyMHARAHUAZd6oAQA&_nc_gid=3VDWWYCumaCV1BI_rYN1TQ&_nc_ss=7f180&_nc_zt=28&oh=00_AQGGjlyBh_b93RUK3NxUiPMSciZaSwd0QavmReLDarsB4Q&oe=6A75A9BE,"['FACEBOOK', 'INSTAGRAM', 'AUDIENCE_NETWORK', 'MESSENGER', 'THREADS']",au,cw,facebook,social,2026-W31,2026-08,"FACEBOOK, INSTAGRAM, AUDIENCE_NETWORK, MESSENGER, THREADS",True,True,True,True,True,False,Brand/Category Page,True,False,False,2026-08-03,2026-02-20 08:00:00,2026-08-03 15:37:17.103942,164
1534446954914859,2126292548184621,True,2026-03-17 07:00:00,2026-08-02 07:00:00,Chemist Warehouse,Chemist Warehouse,My Organics at Chemist Warehouse,"Giving your hair the resurrection it deserves 🤍 My Organic's Resurrection Supreme Shampoo & Miracle Mask are formulated to help leave hair feeling shiny, nourished and healthy. Discover the range at Chemist Warehouse",Learn more,VIDEO,https://www.chemistwarehouse.com.au/shop-online/1597/my-organics?utm_source=facebook&utm_medium=social&utm_campaign=au_cw_oa_facebook_social_myorganics_myorganics_129_mar26_100308-social_video&utm_term=traffic&utm_content=video_instore-video,www.chemistwarehouse.com.au,/shop-online/1597/my-organics,facebook,social,au_cw_oa_facebook_social_myorganics_myorganics_129_mar26_100308-social_video,129,traffic,video_instore-video,O&O,Myorganics,Myorganics,mar26,video,,,,,,"['FACEBOOK', 'INSTAGRAM', 'THREADS']",au,cw,facebook,social,2026-W31,2026-08,"FACEBOOK, INSTAGRAM, THREADS",True,True,False,False,True,False,Brand/Category Page,True,True,True,2026-08-03,2026-03-17 07:00:00,2026-08-03 15:37:17.103942,139
1252003253556500,1276613001031929,True,2026-02-19 08:00:00,2026-08-02 07:00:00,Chemist Warehouse,Chemist Warehouse,New Omega Platinum,"Meet Blackmores NEW Omega Platinum range — our highest-strength omega-3, now also available in a mini capsule.",Shop now,VIDEO,https://fb.com/canvas_doc/1612214066789433,fb.com,/canvas_doc/1612214066789433,,,,,,,Not Specified,,,,,,,,,,"['FACEBOOK', 'INSTAGRAM', 'AUDIENCE_NETWORK', 'MESSENGER', 'THREADS']",,,,,2026-W31,2026-08,"FACEBOOK, INSTAGRAM, AUDIENCE_NETWORK, MESSENGER, THREADS",True,True,True,True,True,False,Internal/App Page,True,False,False,2026-08-03,2026-02-19 08:00:00,2026-08-03 15:37:17.103942,165
934188542457963,,True,2026-02-20 08:00:00,2026-08-02 07:00:00,Chemist Warehouse,Chemist Warehouse,High-strength CoQ10 + D3 formula,Just one soft capsule a day gives you a high-strength dose of CoQ10 plus Vitamin D3 to support cardiovascular system health and energy production.,Shop now,IMAGE,https://fb.com/canvas_doc/4389054474682648,fb.com,/canvas_doc/4389054474682648,,,,,,,Not Specified,,,,,,,,,,"['FACEBOOK', 'INSTAGRAM', 'AUDIENCE_NETWORK', 'MESSENGER', 'THREADS']",,,,,2026-W31,2026-08,"FACEBOOK, INSTAGRAM, AUDIENCE_NETWORK, MESSENGER, THREADS",True,True,True,True,True,False,Internal/App Page,True,False,False,2026-08-03,2026-02-20 08:00:00,2026-08-03 15:37:17.103942,164
1247723730096822,,True,2026-02-19 08:00:00,2026-08-02 07:00:00,Chemist Warehouse,Chemist Warehouse,Discover GO Healthy stress & energy support products,Choose GO Activated B Complex for your energy production or GO  L‑Theanine 400 to help you stay calm — simple 1‑a‑day formulation.,Shop now,IMAGE,https://fb.com/canvas_doc/1257483286291537,fb.com,/canvas_doc/1257483286291537,,,,,,,Not Specified,,,,,,,,,,"['FACEBOOK', 'INSTAGRAM', 'AUDIENCE_NETWORK', 'MESSENGER', 'THREADS']",,,,,2026-W31,2026-08,"FACEBOOK, INSTAGRAM, AUDIENCE_NETWORK, MESSENGER, THREADS",True,True,True,True,True,False,Internal/App Page,True,False,False,2026-08-03,2026-02-19 08:00:00,2026-08-03 15:37:17.103942,165
26370990029197117,,True,2026-02-19 08:00:00,2026-08-02 07:00:00,Chemist Warehouse,Chemist Warehouse,24-Hour Immune Support,24-Hour Immune Support GO ESTER-C® IMMUNE COMPLEX is a quality formula that provides 24 hour support for healthy immune system function with Ester-C®.,Shop now,IMAGE,https://fb.com/canvas_doc/2376701432776434,fb.com,/canvas_doc/2376701432776434,,,,,,,Not Specified,,,,,,,,,,"['FACEBOOK', 'INSTAGRAM', 'AUDIENCE_NETWORK', 'MESSENGER', 'THREADS']",,,,,2026-W31,2026-08,"FACEBOOK, INSTAGRAM, AUDIENCE_NETWORK, MESSENGER, THREADS",True,True,True,True,True,False,Internal/App Page,True,False,False,2026-08-03,2026-02-19 08:00:00,2026-08-03 15:37:17.103942,165
911276608161791,,True,2026-02-19 08:00:00,2026-08-02 07:00:00,Chemist Warehouse,Chemist Warehouse,GO Activated B Complex  for energy production,"1-A-DAY formula, it  delivers activated B2, B6, B12 and Folate to help support your body’s energy production.",Shop now,IMAGE,https://fb.com/canvas_doc/1220649510257956,fb.com,/canvas_doc/1220649510257956,,,,,,,Not Specified,,,,,,,,,,"['FACEBOOK', 'INSTAGRAM', 'AUDIENCE_NETWORK', 'MESSENGER', 'THREADS']",,,,,2026-W31,2026-08,"FACEBOOK, INSTAGRAM, AUDIENCE_NETWORK, MESSENGER, THREADS",True,True,True,True,True,False,Internal/App Page,True,False,False,2026-08-03,2026-02-19 08:00:00,2026-08-03 15:37:17.103942,165
1457569435945830,1276613001031929,True,2026-02-19 08:00:00,2026-08-02 07:00:00,Chemist Warehouse,Chemist Warehouse,New Omega Platinum,"Meet Blackmores NEW Omega Platinum range — our highest-strength omega-3, now also available in a mini capsule.",Shop now,VIDEO,https://fb.com/canvas_doc/1612214066789433,fb.com,/canvas_doc/1612214066789433,,,,,,,Not Specified,,,,,,,,,,"['FACEBOOK', 'INSTAGRAM', 'MESSENGER', 'THREADS']",,,,,2026-W31,2026-08,"FACEBOOK, INSTAGRAM, MESSENGER, THREADS",True,True,False,True,True,False,Internal/App Page,True,False,False,2026-08-03,2026-02-19 08:00:00,2026-08-03 15:37:17.103942,165
1600885107896324,,True,2026-02-24 08:00:00,2026-08-02 07:00:00,Chemist Warehouse,Chemist Warehouse,Discover GO Healthy stress & energy support products,Choose GO Activated B Complex for your energy production or GO  L‑Theanine 400 to help you stay calm — simple 1‑a‑day formulation.,Shop now,IMAGE,https://fb.com/canvas_doc/1257483286291537,fb.com,/canvas_doc/1257483286291537,,,,,,,Not Specified,,,,,,,,,,"['FACEBOOK', 'INSTAGRAM', 'AUDIENCE_NETWORK', 'MESSENGER', 'THREADS']",,,,,2026-W31,2026-08,"FACEBOOK, INSTAGRAM, AUDIENCE_NETWORK, MESSENGER, THREADS",True,True,True,True,True,False,Internal/App Page,True,False,False,2026-08-03,2026-02-24 08:00:00,2026-08-03 15:37:17.103942,160
879545931583456,715774954827515,True,2026-02-25 08:00:00,2026-08-02 07:00:00,Chemist Warehouse,Chemist Warehouse,{{product.name}},{{product.brand}},Learn more,DCO,https://www.chemistwarehouse.com.au/buy/157226/neutrogena-collagen-bank-moisturiser-59ml?utm_source=facebook&utm_medium=social&utm_campaign=au_cw_coop_facebook_social_johnsonjohnsonpacific_neutrogena_665_2026_bau_dynamic&utm_term=conversion&utm_content=dynamic_collection_collagenbank-image,www.chemistwarehouse.com.au,/buy/157226/neutrogena-collagen-bank-moisturiser-59ml,facebook,social,au_cw_coop_facebook_social_johnsonjohnsonpacific_neutrogena_665_2026_bau_dynamic,665,conversion,dynamic_collection_collagenbank-image,Coop,Johnsonjohnsonpacific,Neutrogena,2026,dynamic,Neutrogena Collagen Bank Moisturiser,Neutrogena Collagen Bank Moisturiser supports collagen for firmer and youthful skin. Available at Chemist Warehouse.,Learn More,https://scontent.fpss5-1.fna.fbcdn.net/v/t39.35426-6/642227450_958131603441042_4899467435931366132_n.jpg?_nc_cat=110&ccb=1-7&_nc_sid=c53f8f&_nc_ohc=JoTbSBzQ-1UQ7kNvwE12n3T&_nc_oc=AdqW5AfB3P7V14CFAAvQ0p8ZWEqObqWk4hLzy3yy0yuPF6OHQBosx4sa2yryWx3Pp6U&_nc_zt=14&_nc_ht=scontent.fpss5-1.fna&_nc_gid=3VDWWYCumaCV1BI_rYN1TQ&_nc_ss=7f180&oh=00_AQEvW5lQEA_rdToBnsuAquxv2mDHzn71Kuix-BaHdJ4iHQ&oe=6A7599E7,,"['FACEBOOK', 'INSTAGRAM', 'AUDIENCE_NETWORK', 'MESSENGER', 'THREADS']",au,cw,facebook,social,2026-W31,2026-08,"FACEBOOK, INSTAGRAM, AUDIENCE_NETWORK, MESSENGER, THREADS",True,True,True,True,True,False,SKU Product,True,False,False,2026-08-03,2026-02-25 08:00:00,2026-08-03 15:37:17.103942,159
1413769050441742,2024057408992210,True,2026-02-08 08:00:00,2026-08-02 07:00:00,Chemist Warehouse,Chemist Warehouse,{{product.name}},{{product.brand}},Learn more,DCO,https://www.chemistwarehouse.com.au/buy/160049/biostime-infant-children-a-l-g-probiotic-care-28-sachets?utm_source=facebook&utm_medium=social&utm_campaign=au_cw_coop_facebook_social_swissewellnessptyltd_biostime_20_2026_100126-bau_video-image&utm_term=traffic&utm_content=video-image_video,www.chemistwarehouse.com.au,/buy/160049/biostime-infant-children-a-l-g-probiotic-care-28-sachets,facebook,social,au_cw_coop_facebook_social_swissewellnessptyltd_biostime_20_2026_100126-bau_video-image,20,traffic,video-image_video,Coop,Swissewellnessptyltd,Biostime,2026,video-image,Support their day from the inside out,Gentle support for little ones with mild eczema symptoms. Biostime is available at Chemist Warehouse,Learn More,,https://video.fpss5-1.fna.fbcdn.net/o1/v/t2/f2/m366/AQPYuzNVLDm6OpPTFzD0U3GhzBcOLGlA3ergPSfis97H-WB-3hvG-2XcouDjfqng6yamx8e-RSLIuJtauYwt0e_-4IzAnr_VbKnWRQZZm1U3pg.mp4?_nc_cat=102&_nc_oc=AdpmzJW-wYUce-IhA1sm4PO3O0GK3DhatM314HHrSdVLEf06dEmHJEAsYTewo_L1nwk&_nc_sid=b66105&_nc_ht=video.fpss5-1.fna.fbcdn.net&_nc_ohc=1_NkKkr1sqQQ7kNvwFibpT1&efg=eyJ2ZW5jb2RlX3RhZyI6Inhwdl9wcm9ncmVzc2l2ZS5WSV9VU0VDQVNFX1BST0RVQ1RfVFlQRS4uQzMuNzIwLmRhc2hfaDI2NC1iYXNpYy1nZW4yXzcyMHAiLCJ4cHZfYXNzZXRfaWQiOjExOTQ0ODI5NDk0MzcxODIsImFzc2V0X2FnZV9kYXlzIjoxNzQsInZpX3VzZWNhc2VfaWQiOjEwNzk5LCJkdXJhdGlvbl9zIjoxMywidXJsZ2VuX3NvdXJjZSI6Ind3dyJ9&ccb=17-1&vs=97998b7d15872fd6&_nc_vs=HBksFQIYRWZiX2VwaGVtZXJhbC82QTRFNDBBNjU0RjIxREMyMkZCNTQzNDRDMzVFQURCRl9tdF8xX3ZpZGVvX2Rhc2hpbml0Lm1wNBUAAsgBEgAVAhhAZmJfcGVybWFuZW50LzlBNDNGNTRGOEZCRjg2MEJCNzkzOUU5QkFFQTYzQUFBX2F1ZGlvX2Rhc2hpbml0Lm1wNBUCAsgBEgAoABgAGwKIB3VzZV9vaWwBMRJwcm9ncmVzc2l2ZV9yZWNpcGUBMRUAACb826G-h5ifBBUCKAJDMywXQCtHrhR64UgYGWRhc2hfaDI2NC1iYXNpYy1nZW4yXzcyMHARAHUAZd6oAQA&_nc_gid=3VDWWYCumaCV1BI_rYN1TQ&_nc_ss=7f180&_nc_zt=28&oh=00_AQFoQ4ZEsMnY58bf0heIzGWNG6tB8YVXJ-5rZvg2yHtFlA&oe=6A75A932,"['FACEBOOK', 'INSTAGRAM', 'THREADS']",au,cw,facebook,social,2026-W31,2026-08,"FACEBOOK, INSTAGRAM, THREADS",True,True,False,False,True,False,SKU Product,True,False,False,2026-08-03,2026-02-08 08:00:00,2026-08-03 15:37:17.103942,176
1667615594621811,,True,2026-01-31 08:00:00,2026-08-02 07:00:00,Chemist Warehouse,Chemist Warehouse,{{product.name}},Shop the Neutrogena Range online or via click and collect,Shop now,DPA,https://www.chemistwarehouse.com.au/shop-online/1873/neutrogena?utm_source=facebook&utm_medium=social&utm_campaign=au_cw_coop_facebook_social_johnsonjohnsonpacific_neutrogena_665_2026_bau_dynamic&utm_term=conversion&utm_content=dynamic_dynamic,www.chemistwarehouse.com.au,/shop-online/1873/neutrogena,facebook,social,au_cw_coop_facebook_social_johnsonjohnsonpacific_neutrogena_665_2026_bau_dynamic,665,conversion,dynamic_dynamic,Coop,Johnsonjohnsonpacific,Neutrogena,2026,dynamic,Neutrogena Hydro Boost Hyaluronic Acid Nourishing Cream 50g,Shop the Neutrogena Range online or via click and collect,Shop Now,https://scontent.fpss5-1.fna.fbcdn.net/v/t39.35426-6/605544021_1752785228734506_2449837396195432169_n.jpg?_nc_cat=102&ccb=1-7&_nc_sid=c53f8f&_nc_ohc=EsGcYWZgd6AQ7kNvwG0JiSC&_nc_oc=AdpNHQn6-yxa660edwC_K6z39JB2RkV4O83MkWNjVLgvMqDhG41wPX5VQk5j1OJIWYA&_nc_zt=14&_nc_ht=scontent.fpss5-1.fna&_nc_gid=3VDWWYCumaCV1BI_rYN1TQ&_nc_ss=7f180&oh=00_AQEv9HEV8k3SWV3hNWWmRAZJ4_65KWkMfHS6ItpfmNwL6g&oe=6A758A0C,,"['FACEBOOK', 'INSTAGRAM', 'AUDIENCE_NETWORK', 'MESSENGER', 'THREADS']",au,cw,facebook,social,2026-W31,2026-08,"FACEBOOK, INSTAGRAM, AUDIENCE_NETWORK, MESSENGER, THREADS",True,True,True,True,True,False,Brand/Category Page,True,False,False,2026-08-03,2026-01-31 08:00:00,2026-08-03 15:37:17.103942,184
2516218442106809,1294280695849845,True,2026-02-17 08:00:00,2026-08-02 07:00:00,Chemist Warehouse,Chemist Warehouse,Shop Swisse at Chemist Warehouse,Shop Swisse on Vitamins and supplements online at Chemist Warehouse and enjoy huge discounts across the range.,Learn more,VIDEO,https://fb.com/canvas_doc/2311924892629792,fb.com,/canvas_doc/2311924892629792,,,,,,,Not Specified,,,,,,,,,,"['FACEBOOK', 'INSTAGRAM', 'AUDIENCE_NETWORK', 'MESSENGER', 'THREADS']",,,,,2026-W31,2026-08,"FACEBOOK, INSTAGRAM, AUDIENCE_NETWORK, MESSENGER, THREADS",True,True,True,True,True,False,Internal/App Page,True,True,False,2026-08-03,2026-02-17 08:00:00,2026-08-03 15:37:17.103942,167
1238822944853291,,True,2026-01-29 08:00:00,2026-08-02 07:00:00,Chemist Warehouse,Chemist Warehouse,{{product.price strip_zeros}} {{product.name}},Shop the Aveeno range online today at Chemist Warehouse,Shop now,DPA,http://www.chemistwarehouse.com.au/,www.chemistwarehouse.com.au,/,,,,,,,Not Specified,,,,,A$10 Aveeno Skin Relief Fragrance Free Moisturising Hand Mask 1 Pair,Shop the Aveeno range online today at Chemist Warehouse,Shop Now,https://scontent.fpss5-1.fna.fbcdn.net/v/t39.35426-6/624843038_913912578242269_6533336781354038437_n.jpg?_nc_cat=107&ccb=1-7&_nc_sid=c53f8f&_nc_ohc=aG-lhDKeZ0YQ7kNvwFd-WUG&_nc_oc=AdqWHLhHwELtqiw1GQDFSD1G-ggyGT_FMamHN8AXZDXNWd8zJmhldLuROEsaTL7jo2s&_nc_zt=14&_nc_ht=scontent.fpss5-1.fna&_nc_gid=3VDWWYCumaCV1BI_rYN1TQ&_nc_ss=7f180&oh=00_AQGVK6-deu1YuX-5dWeFo9WnNv4SnK5qTNNLhdOts09kHw&oe=6A759D19,,"['FACEBOOK', 'INSTAGRAM', 'AUDIENCE_NETWORK', 'MESSENGER', 'THREADS']",,,,,2026-W31,2026-08,"FACEBOOK, INSTAGRAM, AUDIENCE_NETWORK, MESSENGER, THREADS",True,True,True,True,True,False,Homepage,True,True,False,2026-08-03,2026-01-29 08:00:00,2026-08-03 15:37:17.103942,186
772527935909596,4091007604518657,True,2026-01-21 08:00:00,2026-08-02 07:00:00,Chemist Warehouse,Chemist Warehouse,{{product.name}},{{product.brand}},Learn more,DCO,https://www.chemistwarehouse.com.au/shop-online/2431/tooshies?utm_source=facebook&utm_medium=social&utm_campaign=au_cw_coop_facebook_social_nicepakproductsptyltd_all_20_2026_100057-bau_video-image&utm_term=traffic&utm_content=video-image_generic,www.chemistwarehouse.com.au,/shop-online/2431/tooshies,facebook,social,au_cw_coop_facebook_social_nicepakproductsptyltd_all_20_2026_100057-bau_video-image,20,traffic,video-image_generic,Coop,Nicepakproductsptyltd,All,2026,video-image,Because Nappies Need Changing,"Switch to Tooshies nappies and wipes—gentle on your baby’s skin, better for the planet. Make the change today",Learn More,,https://video.fpss5-1.fna.fbcdn.net/o1/v/t2/f2/m366/AQPkQ4skrKPb9BAJhdSO7QBUXZcuO1fzVJXaNLMU_CYTtJN-ptpisehGSHiSHQJT9jxSiHbJu1rGm2ZEZEIPhST9Swhr5v1MbpAh5Fe80Y5lKg.mp4?_nc_cat=110&_nc_oc=AdoGU1X0rlb-9bAVSrVQouRySxgLMoRLbytlVPE9OL18gCdWuGn7PmNJOPxlW2EUsjw&_nc_sid=b66105&_nc_ht=video.fpss5-1.fna.fbcdn.net&_nc_ohc=pUcRQQdGejcQ7kNvwH4D7Sh&efg=eyJ2ZW5jb2RlX3RhZyI6Inhwdl9wcm9ncmVzc2l2ZS5WSV9VU0VDQVNFX1BST0RVQ1RfVFlQRS4uQzMuNzIwLmRhc2hfaDI2NC1iYXNpYy1nZW4yXzcyMHAiLCJ4cHZfYXNzZXRfaWQiOjExNDc4Mzk5NjM2NTgwMTcsImFzc2V0X2FnZV9kYXlzIjo1NTAsInZpX3VzZWNhc2VfaWQiOjEwNzk5LCJkdXJhdGlvbl9zIjo0NywidXJsZ2VuX3NvdXJjZSI6Ind3dyJ9&ccb=17-1&vs=2639d42938b3d606&_nc_vs=HBksFQIYRWZiX2VwaGVtZXJhbC83OTQ2RjNCOTg0NDA5RkFENUU4Qjc4NUI3Qjc0MjdCM19tdF8xX3ZpZGVvX2Rhc2hpbml0Lm1wNBUAAsgBEgAVAhg6cGFzc3Rocm91Z2hfZXZlcnN0b3JlL0dPUVFWUnphZU1IVmlDc0NBSWVHMm1Nem5hc25idjRHQUFBRhUCAsgBEgAoABgAGwKIB3VzZV9vaWwBMRJwcm9ncmVzc2l2ZV9yZWNpcGUBMRUAACbC3NeUiv2JBBUCKAJDMywXQEego9cKPXEYGWRhc2hfaDI2NC1iYXNpYy1nZW4yXzcyMHARAHUAZd6oAQA&_nc_gid=3VDWWYCumaCV1BI_rYN1TQ&_nc_ss=7f180&_nc_zt=28&oh=00_AQFUx8sxyotY_8fHKTSzXTXdmfxQolIwIyFF3y_rqElhRw&oe=6A759282,"['FACEBOOK', 'INSTAGRAM', 'AUDIENCE_NETWORK', 'MESSENGER', 'THREADS']",au,cw,facebook,social,2026-W31,2026-08,"FACEBOOK, INSTAGRAM, AUDIENCE_NETWORK, MESSENGER, THREADS",True,True,True,True,True,False,Brand/Category Page,True,False,False,2026-08-03,2026-01-21 08:00:00,2026-08-03 15:37:17.103942,194
2044837216367953,1387823599159151,True,2026-01-22 08:00:00,2026-08-01 07:00:00,Chemist Warehouse,Chemist Warehouse,{{product.name}},{{product.brand}},Learn more,DCO,https://www.chemistwarehouse.com.au/shop-online/2431/tooshies?utm_source=facebook&utm_medium=social&utm_campaign=au_cw_coop_facebook_social_nicepakproductsptyltd_all_20_2026_100057-bau_video-image&utm_term=traffic&utm_content=video-image_generic,www.chemistwarehouse.com.au,/shop-online/2431/tooshies,facebook,social,au_cw_coop_facebook_social_nicepakproductsptyltd_all_20_2026_100057-bau_video-image,20,traffic,video-image_generic,Coop,Nicepakproductsptyltd,All,2026,video-image,Because Nappies Need Changing,"Switch to Tooshies nappies and wipes—gentle on your baby’s skin, better for the planet. Make the change today",Learn More,,,"['FACEBOOK', 'INSTAGRAM', 'AUDIENCE_NETWORK', 'MESSENGER', 'THREADS']",au,cw,facebook,social,2026-W31,2026-08,"FACEBOOK, INSTAGRAM, AUDIENCE_NETWORK, MESSENGER, THREADS",True,True,True,True,True,False,Brand/Category Page,True,False,False,2026-08-03,2026-01-22 08:00:00,2026-08-03 15:37:17.103942,193
1845138382803770,,True,2026-01-31 08:00:00,2026-08-02 07:00:00,Chemist Warehouse,Chemist Warehouse,{{product.name}},Shop the Neutrogena Range online or via click and collect,Shop now,DPA,https://www.chemistwarehouse.com.au/shop-online/1873/neutrogena?utm_source=facebook&utm_medium=social&utm_campaign=au_cw_coop_facebook_social_johnsonjohnsonpacific_neutrogena_665_2026_bau_dynamic&utm_term=conversion&utm_content=dynamic_dynamic,www.chemistwarehouse.com.au,/shop-online/1873/neutrogena,facebook,social,au_cw_coop_facebook_social_johnsonjohnsonpacific_neutrogena_665_2026_bau_dynamic,665,conversion,dynamic_dynamic,Coop,Johnsonjohnsonpacific,Neutrogena,2026,dynamic,Neutrogena Hydro Boost Hyaluronic Acid Nourishing Cream 50g,Shop the Neutrogena Range online or via click and collect,Shop Now,https://scontent.fpss5-1.fna.fbcdn.net/v/t39.35426-6/607972989_763289516099849_4667914685819270757_n.jpg?_nc_cat=106&ccb=1-7&_nc_sid=c53f8f&_nc_ohc=eNhPxTNWHt8Q7kNvwFYImMN&_nc_oc=Adro71TCE4KCFsgWljK7lekzRl2NJPxr1H71Hpkpq42HWELZByZpsKceXjlrYXR1hSQ&_nc_zt=14&_nc_ht=scontent.fpss5-1.fna&_nc_gid=3VDWWYCumaCV1BI_rYN1TQ&_nc_ss=7f180&oh=00_AQGWZJhIUxpuuJhNkwQL7-uasSoxtOj-kUwMvvhpl585RA&oe=6A75A003,,"['FACEBOOK', 'INSTAGRAM', 'AUDIENCE_NETWORK', 'MESSENGER', 'THREADS']",au,cw,facebook,social,2026-W31,2026-08,"FACEBOOK, INSTAGRAM, AUDIENCE_NETWORK, MESSENGER, THREADS",True,True,True,True,True,False,Brand/Category Page,True,False,False,2026-08-03,2026-01-31 08:00:00,2026-08-03 15:37:17.103942,184
1515281609575759,1052620172975379,True,2026-01-22 08:00:00,2026-08-01 07:00:00,Chemist Warehouse,Chemist Warehouse,{{product.name}},{{product.brand}},Learn more,DCO,https://www.chemistwarehouse.com.au/shop-online/2431/tooshies?utm_source=facebook&utm_medium=social&utm_campaign=au_cw_coop_facebook_social_nicepakproductsptyltd_all_20_2026_100057-bau_video-image&utm_term=traffic&utm_content=video-image_generic,www.chemistwarehouse.com.au,/shop-online/2431/tooshies,facebook,social,au_cw_coop_facebook_social_nicepakproductsptyltd_all_20_2026_100057-bau_video-image,20,traffic,video-image_generic,Coop,Nicepakproductsptyltd,All,2026,video-image,Because Nappies Need Changing,"Switch to Tooshies nappies and wipes—gentle on your baby’s skin, better for the planet. Make the change today",Learn More,,https://video.fpss5-1.fna.fbcdn.net/o1/v/t2/f2/m366/AQNU4mdzsPFf31ysQLTqu3sBnIvpuGrR7XYMhOn1cUoqep70k2tiSXvP1slILav3RZY-Y2S9wzz7tzy2oLxEPlREZklbRqCwdVyJiF8p7yHv8A.mp4?_nc_cat=103&_nc_oc=AdqT3qrANj_vOT8EGHTmALhgLtdM_d6uRSpHzNvVHURto27GpvfLmSD5AKz_5DRTF58&_nc_sid=b66105&_nc_ht=video.fpss5-1.fna.fbcdn.net&_nc_ohc=t1Q0HUa3-a8Q7kNvwHSjO0P&efg=eyJ2ZW5jb2RlX3RhZyI6Inhwdl9wcm9ncmVzc2l2ZS5WSV9VU0VDQVNFX1BST0RVQ1RfVFlQRS4uQzMuNzIwLmRhc2hfaDI2NC1iYXNpYy1nZW4yXzcyMHAiLCJ4cHZfYXNzZXRfaWQiOjMyNDYzMDg0NDU1MDg5OTIsImFzc2V0X2FnZV9kYXlzIjo1NTAsInZpX3VzZWNhc2VfaWQiOjEwNzk5LCJkdXJhdGlvbl9zIjo2LCJ1cmxnZW5fc291cmNlIjoid3d3In0%3D&ccb=17-1&vs=8598f7b0ce1be6a4&_nc_vs=HBksFQIYRWZiX2VwaGVtZXJhbC80RTQ0N0MyRjEzMjNCMUJEMzgyNTc4MjI0NEJFNURBQV9tdF8xX3ZpZGVvX2Rhc2hpbml0Lm1wNBUAAsgBEgAVAhg6cGFzc3Rocm91Z2hfZXZlcnN0b3JlL0dGY01WUndiS19jakJoOENBSnRDNmctbW1Qd1VidjRHQUFBRhUCAsgBEgAoABgAGwKIB3VzZV9vaWwBMRJwcm9ncmVzc2l2ZV9yZWNpcGUBMRUAACaA1s7bgqDECxUCKAJDMywXQBgGJN0vGqAYGWRhc2hfaDI2NC1iYXNpYy1nZW4yXzcyMHARAHUAZd6oAQA&_nc_gid=3VDWWYCumaCV1BI_rYN1TQ&_nc_ss=7f180&_nc_zt=28&oh=00_AQGW_ZrJqINFsOUvXrmiO1fJ2dcsEhCCKr6JfoH8ULEUZQ&oe=6A75880D,"['FACEBOOK', 'INSTAGRAM', 'AUDIENCE_NETWORK', 'MESSENGER', 'THREADS']",au,cw,facebook,social,2026-W31,2026-08,"FACEBOOK, INSTAGRAM, AUDIENCE_NETWORK, MESSENGER, THREADS",True,True,True,True,True,False,Brand/Category Page,True,False,False,2026-08-03,2026-01-22 08:00:00,2026-08-03 15:37:17.103942,193
859594916677210,,True,2026-01-12 08:00:00,2026-08-02 07:00:00,Chemist Warehouse,Chemist Warehouse,Shop Swisse at Chemist Warehouse,Daily support to help maintain energy and wellbeing with Swisse Multivitamins,Learn more,IMAGE,https://fb.com/canvas_doc/1374054934452725,fb.com,/canvas_doc/1374054934452725,,,,,,,Not Specified,,,,,,,,,,"['FACEBOOK', 'INSTAGRAM', 'AUDIENCE_NETWORK', 'MESSENGER', 'THREADS']",,,,,2026-W31,2026-08,"FACEBOOK, INSTAGRAM, AUDIENCE_NETWORK, MESSENGER, THREADS",True,True,True,True,True,False,Internal/App Page,True,True,False,2026-08-03,2026-01-12 08:00:00,2026-08-03 15:37:17.103942,203
25495038350162969,,True,2026-01-12 08:00:00,2026-08-02 07:00:00,Chemist Warehouse,Chemist Warehouse,Shop Swisse at Chemist Warehouse,Boost Brain Health with Swisse Odourless Super Strength Fish Oil,Learn more,IMAGE,https://fb.com/canvas_doc/1114466097308625,fb.com,/canvas_doc/1114466097308625,,,,,,,Not Specified,,,,,,,,,,"['FACEBOOK', 'INSTAGRAM', 'AUDIENCE_NETWORK', 'MESSENGER', 'THREADS']",,,,,2026-W31,2026-08,"FACEBOOK, INSTAGRAM, AUDIENCE_NETWORK, MESSENGER, THREADS",True,True,True,True,True,False,Internal/App Page,True,True,False,2026-08-03,2026-01-12 08:00:00,2026-08-03 15:37:17.103942,203
871337691965545,,True,2026-01-02 08:00:00,2026-08-02 07:00:00,Chemist Warehouse,Chemist Warehouse,Blackmores Immune Health Range,Shop Australia's #1 Vitamins and Supplements brand*,Learn more,IMAGE,https://fb.com/canvas_doc/956821450845191,fb.com,/canvas_doc/956821450845191,,,,,,,Not Specified,,,,,,,,,,"['FACEBOOK', 'INSTAGRAM', 'MESSENGER', 'THREADS']",,,,,2026-W31,2026-08,"FACEBOOK, INSTAGRAM, MESSENGER, THREADS",True,True,False,True,True,False,Internal/App Page,True,False,False,2026-08-03,2026-01-02 08:00:00,2026-08-03 15:37:17.103942,213
25646835428334422,,True,2026-01-01 08:00:00,2026-08-02 07:00:00,Chemist Warehouse,Chemist Warehouse,Blackmores Lyprinol®,"Blackmores Lyprinol® reduces symptoms of mild osteoarthritis, relieves inflammation and help maintain general health and wellbeing.",Learn more,IMAGE,https://fb.com/canvas_doc/25343540581983926,fb.com,/canvas_doc/25343540581983926,,,,,,,Not Specified,,,,,,,,,,"['FACEBOOK', 'INSTAGRAM', 'MESSENGER', 'THREADS']",,,,,2026-W31,2026-08,"FACEBOOK, INSTAGRAM, MESSENGER, THREADS",True,True,False,True,True,False,Internal/App Page,True,False,False,2026-08-03,2026-01-01 08:00:00,2026-08-03 15:37:17.103942,214
2105361836945237,,True,2026-01-12 08:00:00,2026-08-02 07:00:00,Chemist Warehouse,Chemist Warehouse,Swisse Beauty & Skincare,Buy Swisse Skin Care online at Chemist Warehouse and enjoy huge discounts across the entire range. Shop products online or via click and collect today.,Learn more,IMAGE,https://fb.com/canvas_doc/2082520155933333,fb.com,/canvas_doc/2082520155933333,,,,,,,Not Specified,,,,,,,,,,"['FACEBOOK', 'INSTAGRAM', 'AUDIENCE_NETWORK', 'MESSENGER', 'THREADS']",,,,,2026-W31,2026-08,"FACEBOOK, INSTAGRAM, AUDIENCE_NETWORK, MESSENGER, THREADS",True,True,True,True,True,False,Internal/App Page,True,True,False,2026-08-03,2026-01-12 08:00:00,2026-08-03 15:37:17.103942,203
2682926705379238,,True,2026-02-11 08:00:00,2026-08-02 07:00:00,Chemist Warehouse,Chemist Warehouse,Shop Swisse at Chemist Warehouse,Shop Swisse on Vitamins and supplements online at Chemist Warehouse and enjoy huge discounts across the range.,Learn more,IMAGE,https://fb.com/canvas_doc/4339834686305978,fb.com,/canvas_doc/4339834686305978,,,,,,,Not Specified,,,,,,,,,,"['FACEBOOK', 'INSTAGRAM', 'AUDIENCE_NETWORK', 'MESSENGER', 'THREADS']",,,,,2026-W31,2026-08,"FACEBOOK, INSTAGRAM, AUDIENCE_NETWORK, MESSENGER, THREADS",True,True,True,True,True,False,Internal/App Page,True,True,False,2026-08-03,2026-02-11 08:00:00,2026-08-03 15:37:17.103942,173
756307666915483,,True,2026-01-12 08:00:00,2026-08-02 07:00:00,Chemist Warehouse,Chemist Warehouse,Shop Swisse at Chemist Warehouse,Shop Swisse on Vitamins and supplements online at Chemist Warehouse and enjoy huge discounts across the range.,Learn more,IMAGE,https://fb.com/canvas_doc/925644203460010,fb.com,/canvas_doc/925644203460010,,,,,,,Not Specified,,,,,,,,,,"['FACEBOOK', 'INSTAGRAM', 'AUDIENCE_NETWORK', 'MESSENGER', 'THREADS']",,,,,2026-W31,2026-08,"FACEBOOK, INSTAGRAM, AUDIENCE_NETWORK, MESSENGER, THREADS",True,True,True,True,True,False,Internal/App Page,True,True,False,2026-08-03,2026-01-12 08:00:00,2026-08-03 15:37:17.103942,203
1486769329736492,886889407547564,True,2026-02-20 08:00:00,2026-08-02 07:00:00,Chemist Warehouse,Chemist Warehouse,{{product.name}},{{product.brand}},Shop now,DCO,https://www.chemistwarehouse.com.au/shop-online/513/blackmores?utm_source=facebook&utm_medium=social&utm_campaign=au_cw_coop_facebook_social_blackmoreslimited_blackmores_81_2026_bau_dynamic&utm_term=conversion&utm_content=dynamic-instore-omega,www.chemistwarehouse.com.au,/shop-online/513/blackmores,facebook,social,au_cw_coop_facebook_social_blackmoreslimited_blackmores_81_2026_bau_dynamic,81,conversion,dynamic-instore-omega,Coop,Blackmoreslimited,Blackmores,2026,dynamic,New Omega Platinum,"NEW Omega Platinum range — our highest-strength omega-3, now also available in a mini capsule.",Shop Now,,https://video.fpss5-1.fna.fbcdn.net/o1/v/t2/f2/m366/AQMEuos4hQNPaFkJp4ldAsZ5jI3VKS_SOTdGZnEdpNK8UVsIsehTk__OUnqd0ynOuEFEAQSs5xMY8gtNdBogzekiTvgICRmhB1AFjHoMMqZ-ew.mp4?_nc_cat=106&_nc_oc=AdrNhnEqf-Gur62pofgK8UM4Az59F3TTjdo-QkE_2crDg8eM1fcardYJpFzF6spQiJ4&_nc_sid=b66105&_nc_ht=video.fpss5-1.fna.fbcdn.net&_nc_ohc=ZYWhuyC3jMMQ7kNvwGSGExv&efg=eyJ2ZW5jb2RlX3RhZyI6Inhwdl9wcm9ncmVzc2l2ZS5WSV9VU0VDQVNFX1BST0RVQ1RfVFlQRS4uQzMuNzIwLmRhc2hfaDI2NC1iYXNpYy1nZW4yXzcyMHAiLCJ4cHZfYXNzZXRfaWQiOjE0MjgxMjE5NTIzOTM1NjQsImFzc2V0X2FnZV9kYXlzIjoxNjMsInZpX3VzZWNhc2VfaWQiOjEwNzk5LCJkdXJhdGlvbl9zIjo1MSwidXJsZ2VuX3NvdXJjZSI6Ind3dyJ9&ccb=17-1&vs=334126973efc10b2&_nc_vs=HBksFQIYRWZiX2VwaGVtZXJhbC8yNTQ4QjMzMzQ2MkMyNzNDMDVENUUxMUUyQjU5MUNBMl9tdF8xX3ZpZGVvX2Rhc2hpbml0Lm1wNBUAAsgBEgAVAhhAZmJfcGVybWFuZW50L0FDNEZFMDJCQ0M2N0RGNEIwNURCNTNGMjAzNTc1Nzg4X2F1ZGlvX2Rhc2hpbml0Lm1wNBUCAsgBEgAoABgAGwKIB3VzZV9vaWwBMRJwcm9ncmVzc2l2ZV9yZWNpcGUBMRUAACa45dja0beJBRUCKAJDMywXQEmZmZmZmZoYGWRhc2hfaDI2NC1iYXNpYy1nZW4yXzcyMHARAHUAZd6oAQA&_nc_gid=3VDWWYCumaCV1BI_rYN1TQ&_nc_ss=7f180&_nc_zt=28&oh=00_AQGGjlyBh_b93RUK3NxUiPMSciZaSwd0QavmReLDarsB4Q&oe=6A75A9BE,"['FACEBOOK', 'INSTAGRAM', 'MESSENGER', 'THREADS']",au,cw,facebook,social,2026-W31,2026-08,"FACEBOOK, INSTAGRAM, MESSENGER, THREADS",True,True,False,True,True,False,Brand/Category Page,True,False,False,2026-08-03,2026-02-20 08:00:00,2026-08-03 15:37:17.103942,164
1239336380957219,,True,2026-02-20 08:00:00,2026-08-01 07:00:00,Chemist Warehouse,Chemist Warehouse,GO Activated B12 supports energy production,Support healthy red blood cell production and maintain B12 levels with GO Healthy Activated B12.,Shop now,IMAGE,https://fb.com/canvas_doc/1185485476748090,fb.com,/canvas_doc/1185485476748090,,,,,,,Not Specified,,,,,,,,,,"['FACEBOOK', 'INSTAGRAM', 'AUDIENCE_NETWORK', 'MESSENGER', 'THREADS']",,,,,2026-W31,2026-08,"FACEBOOK, INSTAGRAM, AUDIENCE_NETWORK, MESSENGER, THREADS",True,True,True,True,True,False,Internal/App Page,True,False,False,2026-08-03,2026-02-20 08:00:00,2026-08-03 15:37:17.103942,164
1581333002878918,,True,2026-01-01 08:00:00,2026-08-02 07:00:00,Chemist Warehouse,Chemist Warehouse,Blackmores Vision Care Range,Shop Australia's #1 Vitamins and Supplements brand*,Learn more,IMAGE,https://fb.com/canvas_doc/1355654902524240,fb.com,/canvas_doc/1355654902524240,,,,,,,Not Specified,,,,,,,,,,"['FACEBOOK', 'INSTAGRAM', 'MESSENGER', 'THREADS']",,,,,2026-W31,2026-08,"FACEBOOK, INSTAGRAM, MESSENGER, THREADS",True,True,False,True,True,False,Internal/App Page,True,False,False,2026-08-03,2026-01-01 08:00:00,2026-08-03 15:37:17.103942,214
1588495568996782,,True,2026-01-02 08:00:00,2026-08-02 07:00:00,Chemist Warehouse,Chemist Warehouse,Blackmores Lyprinol®,"Blackmores Lyprinol® reduces symptoms of mild osteoarthritis, relieves inflammation and help maintain general health and wellbeing.",Learn more,IMAGE,https://fb.com/canvas_doc/1493014855119929,fb.com,/canvas_doc/1493014855119929,,,,,,,Not Specified,,,,,,,,,,"['FACEBOOK', 'INSTAGRAM', 'AUDIENCE_NETWORK', 'MESSENGER', 'THREADS']",,,,,2026-W31,2026-08,"FACEBOOK, INSTAGRAM, AUDIENCE_NETWORK, MESSENGER, THREADS",True,True,True,True,True,False,Internal/App Page,True,False,False,2026-08-03,2026-01-02 08:00:00,2026-08-03 15:37:17.103942,213
1404395371305720,1528963841668670,True,2026-01-04 08:00:00,2026-08-02 07:00:00,Chemist Warehouse,Chemist Warehouse,{{product.name}},{{product.brand}},Shop now,DCO,https://www.chemistwarehouse.com.au/search?query=egmont&contexts=default&utm_source=facebook&utm_medium=social&utm_campaign=au_cw_coop_facebook_social_egmonthoneyaustraliaptyltd_egmonthoney_81_2026_100022-bau_image&utm_term=conversion&utm_content=image_image-4,www.chemistwarehouse.com.au,/search,facebook,social,au_cw_coop_facebook_social_egmonthoneyaustraliaptyltd_egmonthoney_81_2026_100022-bau_image,81,conversion,image_image-4,Coop,Egmonthoneyaustraliaptyltd,Egmonthoney,2026,image,"Premium, Authentic NZ Mānuka Honey.","Certified Mānuka honey from New Zealand, carefully crafted and available at Chemist Warehouse.",Shop Now,https://scontent.fpss5-1.fna.fbcdn.net/v/t39.35426-6/603954481_1443334177494863_8329341312183529893_n.jpg?_nc_cat=111&ccb=1-7&_nc_sid=c53f8f&_nc_ohc=uIgb0JLQWSgQ7kNvwEmP9Pj&_nc_oc=AdrQ_raCmbeokzEByV5vUwlwv1wnvWLDguv7RSNZMFbityupgU3F8ljBdiktSt0Jvyc&_nc_zt=14&_nc_ht=scontent.fpss5-1.fna&_nc_gid=FbR3QtFIGoP3dOhQzMfI6A&_nc_ss=7f180&oh=00_AQHUzgi8GzWZwb4VygCE3T1gudu1L70Q8j7pi5700nnDAw&oe=6A758A84,,"['FACEBOOK', 'INSTAGRAM', 'AUDIENCE_NETWORK', 'MESSENGER', 'THREADS']",au,cw,facebook,social,2026-W31,2026-08,"FACEBOOK, INSTAGRAM, AUDIENCE_NETWORK, MESSENGER, THREADS",True,True,True,True,True,False,Search Page,True,False,False,2026-08-03,2026-01-04 08:00:00,2026-08-03 15:37:17.103942,211
1222997342827560,,True,2026-02-19 08:00:00,2026-08-02 07:00:00,Chemist Warehouse,Chemist Warehouse,Feel like you’re not quite performing at your best?,"GO Healthy Man Plus Performance is a 1-A-DAY formula that contains Tribulus, Horny Goat Weed, Korean Ginseng and Ginkgo.",Shop now,IMAGE,https://fb.com/canvas_doc/923989350175581,fb.com,/canvas_doc/923989350175581,,,,,,,Not Specified,,,,,,,,,,"['FACEBOOK', 'INSTAGRAM', 'AUDIENCE_NETWORK', 'MESSENGER', 'THREADS']",,,,,2026-W31,2026-08,"FACEBOOK, INSTAGRAM, AUDIENCE_NETWORK, MESSENGER, THREADS",True,True,True,True,True,False,Internal/App Page,True,False,False,2026-08-03,2026-02-19 08:00:00,2026-08-03 15:37:17.103942,165
2559869087729638,1344457607361789,True,2026-01-04 08:00:00,2026-08-02 07:00:00,Chemist Warehouse,Chemist Warehouse,{{product.name}},{{product.brand}},Shop now,DCO,https://www.chemistwarehouse.com.au/search?query=egmont&contexts=default&utm_source=facebook&utm_medium=social&utm_campaign=au_cw_coop_facebook_social_egmonthoneyaustraliaptyltd_egmonthoney_81_2026_100022-bau_image&utm_term=conversion&utm_content=image_image-9,www.chemistwarehouse.com.au,/search,facebook,social,au_cw_coop_facebook_social_egmonthoneyaustraliaptyltd_egmonthoney_81_2026_100022-bau_image,81,conversion,image_image-9,Coop,Egmonthoneyaustraliaptyltd,Egmonthoney,2026,image,"Premium, Authentic NZ Mānuka Honey.","Certified Mānuka honey from New Zealand, carefully crafted and available at Chemist Warehouse.",Shop Now,https://scontent.fpss5-1.fna.fbcdn.net/v/t39.35426-6/607759464_904427782277119_5705363661379594621_n.jpg?_nc_cat=107&ccb=1-7&_nc_sid=c53f8f&_nc_ohc=aaAU8ndLDgcQ7kNvwF-SZfB&_nc_oc=AdouzxCFYklBFCPjP_h7XB35jb7H_kd-LG6bow3_x3khfqvc51eY1lgMETrSiZ7r7ys&_nc_zt=14&_nc_ht=scontent.fpss5-1.fna&_nc_gid=FbR3QtFIGoP3dOhQzMfI6A&_nc_ss=7f180&oh=00_AQHb9dQsO1bnStePFZsW0YmpI2gDqMsc8Gjx-i6ut670Yg&oe=6A7585AA,,"['FACEBOOK', 'INSTAGRAM', 'AUDIENCE_NETWORK', 'MESSENGER', 'THREADS']",au,cw,facebook,social,2026-W31,2026-08,"FACEBOOK, INSTAGRAM, AUDIENCE_NETWORK, MESSENGER, THREADS",True,True,True,True,True,False,Search Page,True,False,False,2026-08-03,2026-01-04 08:00:00,2026-08-03 15:37:17.103942,211
666703606426744,3781230852010641,True,2026-01-04 08:00:00,2026-08-02 07:00:00,Chemist Warehouse,Chemist Warehouse,{{product.name}},{{product.brand}},Shop now,DCO,https://www.chemistwarehouse.com.au/search?query=egmont&contexts=default&utm_source=facebook&utm_medium=social&utm_campaign=au_cw_coop_facebook_social_egmonthoneyaustraliaptyltd_egmonthoney_81_2026_100022-bau_image&utm_term=conversion&utm_content=image_image-6,www.chemistwarehouse.com.au,/search,facebook,social,au_cw_coop_facebook_social_egmonthoneyaustraliaptyltd_egmonthoney_81_2026_100022-bau_image,81,conversion,image_image-6,Coop,Egmonthoneyaustraliaptyltd,Egmonthoney,2026,image,"Premium, Authentic NZ Mānuka Honey.","Certified Mānuka honey from New Zealand, carefully crafted and available at Chemist Warehouse.",Shop Now,https://scontent.fpss5-1.fna.fbcdn.net/v/t39.35426-6/608893388_1880754136161502_2671614711088670375_n.jpg?_nc_cat=102&ccb=1-7&_nc_sid=c53f8f&_nc_ohc=wKVor9kpbw8Q7kNvwHotgrK&_nc_oc=AdrKboxb1wjUkt8MT39SUcarhgSYI3YXLF7aPGmI2hVl5phNF8jqik6hkV23MlBW_48&_nc_zt=14&_nc_ht=scontent.fpss5-1.fna&_nc_gid=FbR3QtFIGoP3dOhQzMfI6A&_nc_ss=7f180&oh=00_AQEtKCc8UpJYa_uqEH66m0cjA4flY6FS4nUCrk2v7lGDRQ&oe=6A759216,,"['FACEBOOK', 'INSTAGRAM', 'AUDIENCE_NETWORK', 'MESSENGER', 'THREADS']",au,cw,facebook,social,2026-W31,2026-08,"FACEBOOK, INSTAGRAM, AUDIENCE_NETWORK, MESSENGER, THREADS",True,True,True,True,True,False,Search Page,True,False,False,2026-08-03,2026-01-04 08:00:00,2026-08-03 15:37:17.103942,211
1713028696283969,1394160935455248,True,2026-01-04 08:00:00,2026-08-02 07:00:00,Chemist Warehouse,Chemist Warehouse,{{product.name}},{{product.brand}},Shop now,DCO,https://www.chemistwarehouse.com.au/search?query=egmont&contexts=default&utm_source=facebook&utm_medium=social&utm_campaign=au_cw_coop_facebook_social_egmonthoneyaustraliaptyltd_egmonthoney_81_2026_100022-bau_image&utm_term=conversion&utm_content=image_image-7,www.chemistwarehouse.com.au,/search,facebook,social,au_cw_coop_facebook_social_egmonthoneyaustraliaptyltd_egmonthoney_81_2026_100022-bau_image,81,conversion,image_image-7,Coop,Egmonthoneyaustraliaptyltd,Egmonthoney,2026,image,"Premium, Authentic NZ Mānuka Honey.","Certified Mānuka honey from New Zealand, carefully crafted and available at Chemist Warehouse.",Shop Now,https://scontent.fpss5-1.fna.fbcdn.net/v/t39.35426-6/605717572_2092929168190137_2327307420111152391_n.jpg?_nc_cat=102&ccb=1-7&_nc_sid=c53f8f&_nc_ohc=q_8Cs-_tJ3EQ7kNvwGwgnJB&_nc_oc=Ado0CL4nQMUoPJ88XXKwZ2sAInV1yJscjY6r6sKOVpK-QU9p8N46Xtup-kzY8CJMp4c&_nc_zt=14&_nc_ht=scontent.fpss5-1.fna&_nc_gid=FbR3QtFIGoP3dOhQzMfI6A&_nc_ss=7f180&oh=00_AQH6dwCaisVNamVpbCwUfwyFhS8KXV_i9PtEoJoG3spAeg&oe=6A759E0B,,"['FACEBOOK', 'INSTAGRAM', 'AUDIENCE_NETWORK', 'MESSENGER', 'THREADS']",au,cw,facebook,social,2026-W31,2026-08,"FACEBOOK, INSTAGRAM, AUDIENCE_NETWORK, MESSENGER, THREADS",True,True,True,True,True,False,Search Page,True,False,False,2026-08-03,2026-01-04 08:00:00,2026-08-03 15:37:17.103942,211
1651295982522794,2091232681611257,True,2026-02-04 08:00:00,2026-08-02 07:00:00,Chemist Warehouse,Chemist Warehouse,Shop at Chemist Warehouse,"Ferro-grad C, available now at Chemist Warehouse.  Ask your pharmacist if it’s right for you.",Learn more,VIDEO,https://www.chemistwarehouse.com.au/shop-online/4616/ferro-grad?utm_source=facebook&utm_medium=social&utm_campaign=au_cw_coop_facebook_social_vidacorp_ferrograd_81_2026_100118-bau_video&utm_term=traffic&utm_content=video_instore,www.chemistwarehouse.com.au,/shop-online/4616/ferro-grad,facebook,social,au_cw_coop_facebook_social_vidacorp_ferrograd_81_2026_100118-bau_video,81,traffic,video_instore,Coop,Vidacorp,Ferrograd,2026,video,,,,,,"['FACEBOOK', 'INSTAGRAM', 'MESSENGER']",au,cw,facebook,social,2026-W31,2026-08,"FACEBOOK, INSTAGRAM, MESSENGER",True,True,False,True,False,False,Brand/Category Page,True,True,False,2026-08-03,2026-02-04 08:00:00,2026-08-03 15:37:17.103942,180
832448336498514,4097217510549516,True,2026-01-20 08:00:00,2026-08-01 07:00:00,Chemist Warehouse,Chemist Warehouse,{{product.name}},{{product.brand}},Learn more,DCO,https://www.chemistwarehouse.com.au/shop-online/2431/tooshies?utm_source=facebook&utm_medium=social&utm_campaign=au_cw_coop_facebook_social_nicepakproductsptyltd_all_20_2026_100057-bau_video-image&utm_term=traffic&utm_content=video-image_generic,www.chemistwarehouse.com.au,/shop-online/2431/tooshies,facebook,social,au_cw_coop_facebook_social_nicepakproductsptyltd_all_20_2026_100057-bau_video-image,20,traffic,video-image_generic,Coop,Nicepakproductsptyltd,All,2026,video-image,Because Nappies Need Changing,"Switch to Tooshies nappies and wipes—gentle on your baby’s skin, better for the planet. Make the change today",Learn More,,https://video.fpss5-1.fna.fbcdn.net/o1/v/t2/f2/m366/AQN5XqjN1ukc2mXftWZshKcmUdyp-383ZEyQeaOTSxPic9_sWLIdCD_vbW9jeBSvEZX4Wluxvkwc21ebjaeeIOqOO2jXv2ll8_fEpIR8uwEr-A.mp4?_nc_cat=110&_nc_oc=Adq8JEbfPXT2Ewc6UCOKjG6Lw7HyOhTIarvPmA_XBRx-t4uoPIjNJm9vq66r4CO5n-g&_nc_sid=b66105&_nc_ht=video.fpss5-1.fna.fbcdn.net&_nc_ohc=510uetFKNOkQ7kNvwGzTizZ&efg=eyJ2ZW5jb2RlX3RhZyI6Inhwdl9wcm9ncmVzc2l2ZS5WSV9VU0VDQVNFX1BST0RVQ1RfVFlQRS4uQzMuNzIwLmRhc2hfaDI2NC1iYXNpYy1nZW4yXzcyMHAiLCJ4cHZfYXNzZXRfaWQiOjI4NzI0ODAzOTY3MTMzNDc1LCJhc3NldF9hZ2VfZGF5cyI6NTUwLCJ2aV91c2VjYXNlX2lkIjoxMDc5OSwiZHVyYXRpb25fcyI6NDUsInVybGdlbl9zb3VyY2UiOiJ3d3cifQ%3D%3D&ccb=17-1&vs=7cc0cb1e1419e527&_nc_vs=HBksFQIYRWZiX2VwaGVtZXJhbC8wQzRFNjYxQzE4MTJERUQxMDhEQzk5QUMwMkVFQzg5Nl9tdF8xX3ZpZGVvX2Rhc2hpbml0Lm1wNBUAAsgBEgAVAhg6cGFzc3Rocm91Z2hfZXZlcnN0b3JlL0dEUjdVaHlELVRkSEZEa0NBTWNxLXFhOWJ2a3FidjRHQUFBRhUCAsgBEgAoABgAGwKIB3VzZV9vaWwBMRJwcm9ncmVzc2l2ZV9yZWNpcGUBMRUAACbGnKGL08OGZhUCKAJDMywXQEaFwo9cKPYYGWRhc2hfaDI2NC1iYXNpYy1nZW4yXzcyMHARAHUAZd6oAQA&_nc_gid=3VDWWYCumaCV1BI_rYN1TQ&_nc_ss=7f180&_nc_zt=28&oh=00_AQFyJbUGP1qSwcAZmKI9xGqteW9tIOwQTTHbpagnXWtdQQ&oe=6A75780A,"['FACEBOOK', 'INSTAGRAM', 'AUDIENCE_NETWORK', 'MESSENGER', 'THREADS']",au,cw,facebook,social,2026-W31,2026-08,"FACEBOOK, INSTAGRAM, AUDIENCE_NETWORK, MESSENGER, THREADS",True,True,True,True,True,False,Brand/Category Page,True,False,False,2026-08-03,2026-01-20 08:00:00,2026-08-03 15:37:17.103942,195
1176408607991692,1847794712742930,True,2026-01-22 08:00:00,2026-07-30 07:00:00,Chemist Warehouse,Chemist Warehouse,{{product.name}},{{product.brand}},Learn more,DCO,https://www.chemistwarehouse.com.au/shop-online/2431/tooshies?utm_source=facebook&utm_medium=social&utm_campaign=au_cw_coop_facebook_social_nicepakproductsptyltd_all_20_2026_100057-bau_video-image&utm_term=traffic&utm_content=video-image_generic,www.chemistwarehouse.com.au,/shop-online/2431/tooshies,facebook,social,au_cw_coop_facebook_social_nicepakproductsptyltd_all_20_2026_100057-bau_video-image,20,traffic,video-image_generic,Coop,Nicepakproductsptyltd,All,2026,video-image,Because Nappies Need Changing,"Switch to Tooshies nappies and wipes—gentle on your baby’s skin, better for the planet. Make the change today",Learn More,,https://video.fpss5-1.fna.fbcdn.net/o1/v/t2/f2/m366/AQPGr6GpAkXVJO1S6rTMpBfoL6djwM9KGDPzjuUhzaT0TtICAsLbj23TNSFeDCa1EC78p3JLXZRq8AR9r8WNSmozpmZEORNPywjsz5G64oshlA.mp4?_nc_cat=105&_nc_oc=AdoF6diOQcGt5t-VFzUClNdn47zjQXfiu83t71mZDVwQpZeUmMK0OJyJV_iwpy_cykE&_nc_sid=b66105&_nc_ht=video.fpss5-1.fna.fbcdn.net&_nc_ohc=7LspV9qBI2gQ7kNvwG1gKwh&efg=eyJ2ZW5jb2RlX3RhZyI6Inhwdl9wcm9ncmVzc2l2ZS5WSV9VU0VDQVNFX1BST0RVQ1RfVFlQRS4uQzMuNzIwLmRhc2hfaDI2NC1iYXNpYy1nZW4yXzcyMHAiLCJ4cHZfYXNzZXRfaWQiOjEwODE2MTY0OTM3MzU1NjEsImFzc2V0X2FnZV9kYXlzIjo1NTAsInZpX3VzZWNhc2VfaWQiOjEwNzk5LCJkdXJhdGlvbl9zIjo2LCJ1cmxnZW5fc291cmNlIjoid3d3In0%3D&ccb=17-1&vs=8fdd01cbe5712f6b&_nc_vs=HBksFQIYRWZiX2VwaGVtZXJhbC85MTQ3NkJFNjI0MkYxRjFENUQzODgxRkREQTFDN0NCRF9tdF8xX3ZpZGVvX2Rhc2hpbml0Lm1wNBUAAsgBEgAVAhg6cGFzc3Rocm91Z2hfZXZlcnN0b3JlL0dFTmVUQndTVFNsNWVEWUNBTnZNLV9wV2otTmlidjRHQUFBRhUCAsgBEgAoABgAGwKIB3VzZV9vaWwBMRJwcm9ncmVzc2l2ZV9yZWNpcGUBMRUAACaSuqPuru7rAxUCKAJDMywXQBgGJN0vGqAYGWRhc2hfaDI2NC1iYXNpYy1nZW4yXzcyMHARAHUAZd6oAQA&_nc_gid=3VDWWYCumaCV1BI_rYN1TQ&_nc_ss=7f180&_nc_zt=28&oh=00_AQGbsgXciLTzzRkLLZqiFDMQZ7iC5t-nPK1zRt5l4_6o6w&oe=6A759CC3,"['FACEBOOK', 'INSTAGRAM', 'AUDIENCE_NETWORK', 'MESSENGER', 'THREADS']",au,cw,facebook,social,2026-W31,2026-08,"FACEBOOK, INSTAGRAM, AUDIENCE_NETWORK, MESSENGER, THREADS",True,True,True,True,True,False,Brand/Category Page,True,False,False,2026-08-03,2026-01-22 08:00:00,2026-08-03 15:37:17.103942,193
1408619434036792,1192403782538888,True,2026-01-04 08:00:00,2026-08-01 07:00:00,Chemist Warehouse,Chemist Warehouse,{{product.name}},{{product.brand}},Shop now,DCO,https://www.chemistwarehouse.com.au/search?query=egmont&contexts=default&utm_source=facebook&utm_medium=social&utm_campaign=au_cw_coop_facebook_social_egmonthoneyaustraliaptyltd_egmonthoney_81_2026_100022-bau_image&utm_term=conversion&utm_content=image_image-3,www.chemistwarehouse.com.au,/search,facebook,social,au_cw_coop_facebook_social_egmonthoneyaustraliaptyltd_egmonthoney_81_2026_100022-bau_image,81,conversion,image_image-3,Coop,Egmonthoneyaustraliaptyltd,Egmonthoney,2026,image,"Premium, Authentic NZ Mānuka Honey.","Certified Mānuka honey from New Zealand, carefully crafted and available at Chemist Warehouse.",Shop Now,https://scontent.fpss5-1.fna.fbcdn.net/v/t39.35426-6/605288693_25013267828352778_6559769901329846510_n.jpg?_nc_cat=106&ccb=1-7&_nc_sid=c53f8f&_nc_ohc=s7QfImNmoV0Q7kNvwGF0VJ1&_nc_oc=AdoxBvsc6ibCtAFGe8to7DQdABvCYUSQiaVkpqkLiFTI4fAiiS9Y4Upo1r77MpR_oBY&_nc_zt=14&_nc_ht=scontent.fpss5-1.fna&_nc_gid=FbR3QtFIGoP3dOhQzMfI6A&_nc_ss=7f180&oh=00_AQF3WEnzGS61YKZuprZkzzRyZCckA7I-x8BRjPsAL4UauQ&oe=6A75A41E,,"['FACEBOOK', 'INSTAGRAM', 'AUDIENCE_NETWORK', 'MESSENGER', 'THREADS']",au,cw,facebook,social,2026-W31,2026-08,"FACEBOOK, INSTAGRAM, AUDIENCE_NETWORK, MESSENGER, THREADS",True,True,True,True,True,False,Search Page,True,False,False,2026-08-03,2026-01-04 08:00:00,2026-08-03 15:37:17.103942,211
1931929814063564,650918258043442,True,2026-01-04 08:00:00,2026-08-01 07:00:00,Chemist Warehouse,Chemist Warehouse,{{product.name}},{{product.brand}},Shop now,DCO,https://www.chemistwarehouse.com.au/search?query=egmont&contexts=default&utm_source=facebook&utm_medium=social&utm_campaign=au_cw_coop_facebook_social_egmonthoneyaustraliaptyltd_egmonthoney_81_2026_100022-bau_image&utm_term=conversion&utm_content=image_image-5,www.chemistwarehouse.com.au,/search,facebook,social,au_cw_coop_facebook_social_egmonthoneyaustraliaptyltd_egmonthoney_81_2026_100022-bau_image,81,conversion,image_image-5,Coop,Egmonthoneyaustraliaptyltd,Egmonthoney,2026,image,"Premium, Authentic NZ Mānuka Honey.","Certified Mānuka honey from New Zealand, carefully crafted and available at Chemist Warehouse.",Shop Now,https://scontent.fpss5-1.fna.fbcdn.net/v/t39.35426-6/608507587_1639663437000094_5866792540775280232_n.jpg?_nc_cat=107&ccb=1-7&_nc_sid=c53f8f&_nc_aid=0&_nc_ohc=_Sgml7wi6SAQ7kNvwF5UWS8&_nc_oc=Adr8cGf9GeUP2en_bikV83zgsiiyuN-1HqLtHEmFkp6x2QGYZauGn-nai14Vn_e3RwE&_nc_zt=14&_nc_ht=scontent.fpss5-1.fna&_nc_gid=FbR3QtFIGoP3dOhQzMfI6A&_nc_ss=7f180&oh=00_AQE54pI7PFPrBdpVO1Edov0JcM7u6ROEbCi8et2JNw7-4A&oe=6A759EEA,,"['FACEBOOK', 'INSTAGRAM', 'AUDIENCE_NETWORK', 'MESSENGER', 'THREADS']",au,cw,facebook,social,2026-W31,2026-08,"FACEBOOK, INSTAGRAM, AUDIENCE_NETWORK, MESSENGER, THREADS",True,True,True,True,True,False,Search Page,True,False,False,2026-08-03,2026-01-04 08:00:00,2026-08-03 15:37:17.103942,211
718043647729833,777841428658445,True,2026-01-04 08:00:00,2026-08-02 07:00:00,Chemist Warehouse,Chemist Warehouse,{{product.name}},{{product.brand}},Shop now,DCO,https://www.chemistwarehouse.com.au/search?query=egmont&contexts=default&utm_source=facebook&utm_medium=social&utm_campaign=au_cw_coop_facebook_social_egmonthoneyaustraliaptyltd_egmonthoney_81_2026_100022-bau_image&utm_term=conversion&utm_content=image_image-8,www.chemistwarehouse.com.au,/search,facebook,social,au_cw_coop_facebook_social_egmonthoneyaustraliaptyltd_egmonthoney_81_2026_100022-bau_image,81,conversion,image_image-8,Coop,Egmonthoneyaustraliaptyltd,Egmonthoney,2026,image,"Premium, Authentic NZ Mānuka Honey.","Certified Mānuka honey from New Zealand, carefully crafted and available at Chemist Warehouse.",Shop Now,https://scontent.fpss5-1.fna.fbcdn.net/v/t39.35426-6/606120098_882953274430761_8971257578831367727_n.jpg?_nc_cat=105&ccb=1-7&_nc_sid=c53f8f&_nc_ohc=teRQdSyYiV8Q7kNvwF16LrT&_nc_oc=AdoavoREQkBoqCPXhABsLFWXwwK4U476gNHY0u0put3bZpGQwDwI0Lki4aIQT0zgd3Y&_nc_zt=14&_nc_ht=scontent.fpss5-1.fna&_nc_gid=FbR3QtFIGoP3dOhQzMfI6A&_nc_ss=7f180&oh=00_AQEXXkHXWnSMAxyqfRY1NEpgGj2vFlnrRbCNfe4Ia54tSw&oe=6A75758B,,"['FACEBOOK', 'INSTAGRAM', 'AUDIENCE_NETWORK', 'MESSENGER', 'THREADS']",au,cw,facebook,social,2026-W31,2026-08,"FACEBOOK, INSTAGRAM, AUDIENCE_NETWORK, MESSENGER, THREADS",True,True,True,True,True,False,Search Page,True,False,False,2026-08-03,2026-01-04 08:00:00,2026-08-03 15:37:17.103942,211
2303238360196144,750676621396549,True,2026-01-04 08:00:00,2026-08-02 07:00:00,Chemist Warehouse,Chemist Warehouse,{{product.name}},{{product.brand}},Shop now,DCO,https://www.chemistwarehouse.com.au/search?query=egmont&contexts=default&utm_source=facebook&utm_medium=social&utm_campaign=au_cw_coop_facebook_social_egmonthoneyaustraliaptyltd_egmonthoney_81_2026_100022-bau_image&utm_term=conversion&utm_content=image_image-2,www.chemistwarehouse.com.au,/search,facebook,social,au_cw_coop_facebook_social_egmonthoneyaustraliaptyltd_egmonthoney_81_2026_100022-bau_image,81,conversion,image_image-2,Coop,Egmonthoneyaustraliaptyltd,Egmonthoney,2026,image,"Premium, Authentic NZ Mānuka Honey.","Certified Mānuka honey from New Zealand, carefully crafted and available at Chemist Warehouse.",Shop Now,https://scontent.fpss5-1.fna.fbcdn.net/v/t39.35426-6/605666489_1900741087190104_8984826853807602484_n.jpg?_nc_cat=105&ccb=1-7&_nc_sid=c53f8f&_nc_ohc=4QuvljVEtP8Q7kNvwGV_QHK&_nc_oc=AdpBYbHZgL7gLrtNZ1cZiG9B_I8QPSdbC60hVNFxiUbu8SjoKnqtwGi6UNzAm2R5nr4&_nc_zt=14&_nc_ht=scontent.fpss5-1.fna&_nc_gid=FbR3QtFIGoP3dOhQzMfI6A&_nc_ss=7f180&oh=00_AQFchBMaeDuuGLc_Uen_I_-Dl0Qxvv0AbZ7PbnpsX87b9Q&oe=6A758E3A,,"['FACEBOOK', 'INSTAGRAM', 'AUDIENCE_NETWORK', 'MESSENGER', 'THREADS']",au,cw,facebook,social,2026-W31,2026-08,"FACEBOOK, INSTAGRAM, AUDIENCE_NETWORK, MESSENGER, THREADS",True,True,True,True,True,False,Search Page,True,False,False,2026-08-03,2026-01-04 08:00:00,2026-08-03 15:37:17.103942,211
1595926124995308,702721692366380,True,2026-01-21 08:00:00,2026-08-01 07:00:00,Chemist Warehouse,Chemist Warehouse,{{product.name}},{{product.brand}},Learn more,DCO,https://www.chemistwarehouse.com.au/shop-online/2431/tooshies?utm_source=facebook&utm_medium=social&utm_campaign=au_cw_coop_facebook_social_nicepakproductsptyltd_all_20_2026_100057-bau_video-image&utm_term=traffic&utm_content=video-image_generic,www.chemistwarehouse.com.au,/shop-online/2431/tooshies,facebook,social,au_cw_coop_facebook_social_nicepakproductsptyltd_all_20_2026_100057-bau_video-image,20,traffic,video-image_generic,Coop,Nicepakproductsptyltd,All,2026,video-image,Because Nappies Need Changing,"Switch to Tooshies nappies and wipes—gentle on your baby’s skin, better for the planet. Make the change today",Learn More,,https://video.fpss5-1.fna.fbcdn.net/o1/v/t2/f2/m366/AQMnPGPFbA8XWGF_-Hw6kVXozBFxSkHq6cR-oVZ6H0_h5i-bY9of_vJ_7RWskaIIaAkRddaPwHUBwSLaPk4GrCcwU4MmqfadRsyXM5Iw9t5o2A.mp4?_nc_cat=107&_nc_oc=AdpVtQor_eNBlrmP7TcC76rca2zdrCWNKotHLRR_surAEiu5iebATtFixc0x7HzQ49c&_nc_sid=b66105&_nc_ht=video.fpss5-1.fna.fbcdn.net&_nc_ohc=GiXshGfFqasQ7kNvwECv563&efg=eyJ2ZW5jb2RlX3RhZyI6Inhwdl9wcm9ncmVzc2l2ZS5WSV9VU0VDQVNFX1BST0RVQ1RfVFlQRS4uQzMuNzIwLmRhc2hfaDI2NC1iYXNpYy1nZW4yXzcyMHAiLCJ4cHZfYXNzZXRfaWQiOjYyMTg2NzA2Mzg2NzIwNSwiYXNzZXRfYWdlX2RheXMiOjU1MCwidmlfdXNlY2FzZV9pZCI6MTA3OTksImR1cmF0aW9uX3MiOjE1LCJ1cmxnZW5fc291cmNlIjoid3d3In0%3D&ccb=17-1&vs=d86ed86c680397f9&_nc_vs=HBksFQIYRWZiX2VwaGVtZXJhbC9EMDRDODRBNjZENTMzMThDNkYzMkM3M0ExNDM0N0VCRl9tdF8xX3ZpZGVvX2Rhc2hpbml0Lm1wNBUAAsgBEgAVAhg6cGFzc3Rocm91Z2hfZXZlcnN0b3JlL0dER3RUeHhaSDNpMXFHRURBTDRZblY3X2RpdEhidjRHQUFBRhUCAsgBEgAoABgAGwKIB3VzZV9vaWwBMRJwcm9ncmVzc2l2ZV9yZWNpcGUBMRUAACaK3YPXtuWaAhUCKAJDMywXQC4HrhR64UgYGWRhc2hfaDI2NC1iYXNpYy1nZW4yXzcyMHARAHUAZd6oAQA&_nc_gid=3VDWWYCumaCV1BI_rYN1TQ&_nc_ss=7f180&_nc_zt=28&oh=00_AQEw25zd4-k5Koic1S5QOwtSkv-mAXA2Rx51E6PScOhi1Q&oe=6A758215,"['FACEBOOK', 'INSTAGRAM', 'AUDIENCE_NETWORK', 'MESSENGER', 'THREADS']",au,cw,facebook,social,2026-W31,2026-08,"FACEBOOK, INSTAGRAM, AUDIENCE_NETWORK, MESSENGER, THREADS",True,True,True,True,True,False,Brand/Category Page,True,False,False,2026-08-03,2026-01-21 08:00:00,2026-08-03 15:37:17.103942,194
820900020950480,,True,2026-01-01 08:00:00,2026-08-02 07:00:00,Chemist Warehouse,Chemist Warehouse,Blackmores Vision Care Range,Shop Australia's #1 Vitamins and Supplements brand*,Learn more,IMAGE,https://fb.com/canvas_doc/2129285637880640,fb.com,/canvas_doc/2129285637880640,,,,,,,Not Specified,,,,,,,,,,"['FACEBOOK', 'INSTAGRAM', 'AUDIENCE_NETWORK', 'MESSENGER', 'THREADS']",,,,,2026-W31,2026-08,"FACEBOOK, INSTAGRAM, AUDIENCE_NETWORK, MESSENGER, THREADS",True,True,True,True,True,False,Internal/App Page,True,False,False,2026-08-03,2026-01-01 08:00:00,2026-08-03 15:37:17.103942,214
1445487163678352,,True,2026-01-01 08:00:00,2026-08-02 07:00:00,Chemist Warehouse,Chemist Warehouse,Blackmores Immune Health Range,Shop Australia's #1 Vitamins and Supplements brand*,Learn more,IMAGE,https://fb.com/canvas_doc/25377271991956892,fb.com,/canvas_doc/25377271991956892,,,,,,,Not Specified,,,,,,,,,,"['FACEBOOK', 'INSTAGRAM', 'AUDIENCE_NETWORK', 'MESSENGER', 'THREADS']",,,,,2026-W31,2026-08,"FACEBOOK, INSTAGRAM, AUDIENCE_NETWORK, MESSENGER, THREADS",True,True,True,True,True,False,Internal/App Page,True,False,False,2026-08-03,2026-01-01 08:00:00,2026-08-03 15:37:17.103942,214
1204965607739347,837061565823342,True,2026-01-01 08:00:00,2026-08-01 07:00:00,Chemist Warehouse,Chemist Warehouse,{{product.name}},{{product.brand}},Learn more,DCO,https://www.chemistwarehouse.com.au/shop-online/5613/gaia?utm_source=facebook&utm_medium=social&utm_campaign=au_cw_coop_facebook_social_nicepakproductsptyltd_all_20_2026_100057-bau_video-image&utm_term=traffic&utm_content=video-image_generic,www.chemistwarehouse.com.au,/shop-online/5613/gaia,facebook,social,au_cw_coop_facebook_social_nicepakproductsptyltd_all_20_2026_100057-bau_video-image,20,traffic,video-image_generic,Coop,Nicepakproductsptyltd,All,2026,video-image,Nurture your baby’s skin naturally,"Give your baby the purest care with GAIA. Organic ingredients for sensitive skin, providing gentle protection every day. 
'Participant incentivised review’",Learn More,,https://video.fpss5-1.fna.fbcdn.net/o1/v/t2/f2/m366/AQMV07qOc4oYIsbpkSt6DLdw1zGNtQ8z03b4VBp7MgT1yLbB2IFnFhmXvR-Q_hn6tMv57xX-6i2XExohUWzXLZco7T3XBInZbKhbGPxn6DX5mQ.mp4?_nc_cat=105&_nc_oc=AdqpCCBK6F6n_Ms7VrUDfH-dHaxjNVR1iewVrLouolOUPBAcj2xoKCziCpbenkthteU&_nc_sid=b66105&_nc_ht=video.fpss5-1.fna.fbcdn.net&_nc_ohc=NhUGEUzWq0oQ7kNvwFWekod&efg=eyJ2ZW5jb2RlX3RhZyI6Inhwdl9wcm9ncmVzc2l2ZS5WSV9VU0VDQVNFX1BST0RVQ1RfVFlQRS4uQzMuNzIwLmRhc2hfaDI2NC1iYXNpYy1nZW4yXzcyMHAiLCJ4cHZfYXNzZXRfaWQiOjEyNzYwMzg3MTY5ODU4MTcsImFzc2V0X2FnZV9kYXlzIjo1NTAsInZpX3VzZWNhc2VfaWQiOjEwNzk5LCJkdXJhdGlvbl9zIjo0NCwidXJsZ2VuX3NvdXJjZSI6Ind3dyJ9&ccb=17-1&vs=169c40ff6dbae388&_nc_vs=HBksFQIYRWZiX2VwaGVtZXJhbC9DNjQ2MkZGRDk5RDY0N0VEQ0MxNkIxRThGRERBMTNCQl9tdF8xX3ZpZGVvX2Rhc2hpbml0Lm1wNBUAAsgBEgAVAhg0ZmJfcGVybWFuZW50LzkwMjQ5NDQzNTA5NTgyN181NzA4NTgwNjU5MzI0ODk2MDI3Lm1wNBUCAsgBEgAoABgAGwKIB3VzZV9vaWwBMRJwcm9ncmVzc2l2ZV9yZWNpcGUBMRUAACayx5CnnaPEBBUCKAJDMywXQEYd0vGp--cYGWRhc2hfaDI2NC1iYXNpYy1nZW4yXzcyMHARAHUAZd6oAQA&_nc_gid=FbR3QtFIGoP3dOhQzMfI6A&_nc_ss=7f180&_nc_zt=28&oh=00_AQElKw89l5FYOhkiebevgJ3Y98iOPiJMAqi2fsM4_FtKFQ&oe=6A75994F,"['FACEBOOK', 'INSTAGRAM', 'AUDIENCE_NETWORK', 'MESSENGER', 'THREADS']",au,cw,facebook,social,2026-W31,2026-08,"FACEBOOK, INSTAGRAM, AUDIENCE_NETWORK, MESSENGER, THREADS",True,True,True,True,True,False,Brand/Category Page,True,False,False,2026-08-03,2026-01-01 08:00:00,2026-08-03 15:37:17.103942,214
1570726920723686,694850816771297,True,2026-01-01 08:00:00,2026-08-01 07:00:00,Chemist Warehouse,Chemist Warehouse,{{product.name}},{{product.brand}},Learn more,DCO,https://www.chemistwarehouse.com.au/shop-online/5613/gaia?utm_source=facebook&utm_medium=social&utm_campaign=au_cw_coop_facebook_social_nicepakproductsptyltd_all_20_2026_100057-bau_video-image&utm_term=traffic&utm_content=video-image_generic,www.chemistwarehouse.com.au,/shop-online/5613/gaia,facebook,social,au_cw_coop_facebook_social_nicepakproductsptyltd_all_20_2026_100057-bau_video-image,20,traffic,video-image_generic,Coop,Nicepakproductsptyltd,All,2026,video-image,Nurture your baby’s skin naturally,"Give your baby the purest care with GAIA. Organic ingredients for sensitive skin, providing gentle protection every day. 
'Participant incentivised review’",Learn More,,https://video.fpss5-1.fna.fbcdn.net/o1/v/t2/f2/m366/AQPmRhW30UW4jllIW9D8yO5bxsebX7SxO8pmTMXRp9IyGEmfnCj81_vN6bfuXZ7FBL8GcfHyvhLSB69bP6IL_pFiQ0_RTF8QqdcI5zZQsPLkvA.mp4?_nc_cat=102&_nc_oc=AdqmorAsVscdWSJvyvNSkxhpCq2Kz7ziwfrsrpu8Ne1wLgzzDlqlbiES_RLelPwacKU&_nc_sid=b66105&_nc_ht=video.fpss5-1.fna.fbcdn.net&_nc_ohc=Vn8Id-ZYwUIQ7kNvwFOJcL1&efg=eyJ2ZW5jb2RlX3RhZyI6Inhwdl9wcm9ncmVzc2l2ZS5WSV9VU0VDQVNFX1BST0RVQ1RfVFlQRS4uQzMuNzIwLmRhc2hfaDI2NC1iYXNpYy1nZW4yXzcyMHAiLCJ4cHZfYXNzZXRfaWQiOjUwMTg3MjYwNjI3MjMzMSwiYXNzZXRfYWdlX2RheXMiOjU1MCwidmlfdXNlY2FzZV9pZCI6MTA3OTksImR1cmF0aW9uX3MiOjIyLCJ1cmxnZW5fc291cmNlIjoid3d3In0%3D&ccb=17-1&vs=e9a76b40d819d080&_nc_vs=HBkcFQIYRWZiX2VwaGVtZXJhbC83ODRGMzA3NUY1RjdDQjAwM0Y5ODc3MDlDNDAzOTc4NF9tdF8xX3ZpZGVvX2Rhc2hpbml0Lm1wNBUAAsgBEgAoABgAGwKIB3VzZV9vaWwBMRJwcm9ncmVzc2l2ZV9yZWNpcGUBMRUAACaW7dqm6pzkARUCKAJDMywXQDaiDEm6XjUYGWRhc2hfaDI2NC1iYXNpYy1nZW4yXzcyMHARAHUAZd6oAQA&_nc_gid=FbR3QtFIGoP3dOhQzMfI6A&_nc_ss=7f180&_nc_zt=28&oh=00_AQGKHd9p7r7MrjVLSHYtwW6Bi_uwc7nfRWmjjcPRnp7CEw&oe=6A757E6E,"['FACEBOOK', 'INSTAGRAM', 'AUDIENCE_NETWORK', 'MESSENGER', 'THREADS']",au,cw,facebook,social,2026-W31,2026-08,"FACEBOOK, INSTAGRAM, AUDIENCE_NETWORK, MESSENGER, THREADS",True,True,True,True,True,False,Brand/Category Page,True,False,False,2026-08-03,2026-01-01 08:00:00,2026-08-03 15:37:17.103942,214
1158459276450701,1183000683512686,True,2026-01-01 08:00:00,2026-08-02 07:00:00,Chemist Warehouse,Chemist Warehouse,{{product.name}},{{product.brand}},Learn more,DCO,https://www.chemistwarehouse.com.au/shop-online/5613/gaia?utm_source=facebook&utm_medium=social&utm_campaign=au_cw_coop_facebook_social_nicepakproductsptyltd_all_20_2026_100057-bau_video-image&utm_term=traffic&utm_content=video-image_generic,www.chemistwarehouse.com.au,/shop-online/5613/gaia,facebook,social,au_cw_coop_facebook_social_nicepakproductsptyltd_all_20_2026_100057-bau_video-image,20,traffic,video-image_generic,Coop,Nicepakproductsptyltd,All,2026,video-image,Nurture your baby’s skin naturally,"Give your baby the purest care with GAIA. Organic ingredients for sensitive skin, providing gentle protection every day. 
'Participant incentivised review’",Learn More,,https://video.fpss5-1.fna.fbcdn.net/o1/v/t2/f2/m366/AQNscNAW4aDyDoFcBSXODk2l9A3Db0sTCD9VlZc7AcAqfT9QyMbF3aU3NbQ5VqM17AUD54kUrDNpQ9BczQTJxOpNxfz7Cugkzs6IIubGBxaJoA.mp4?_nc_cat=108&_nc_oc=AdpugDo2vAz1XIg326PKdhmPNAywTTnvjK46aUD28l2ahXshsSGqWV0cD4pPXvdlkQc&_nc_sid=b66105&_nc_ht=video.fpss5-1.fna.fbcdn.net&_nc_ohc=t9QtrFVSyYAQ7kNvwHlvNtG&efg=eyJ2ZW5jb2RlX3RhZyI6Inhwdl9wcm9ncmVzc2l2ZS5WSV9VU0VDQVNFX1BST0RVQ1RfVFlQRS4uQzMuNzIwLmRhc2hfaDI2NC1iYXNpYy1nZW4yXzcyMHAiLCJ4cHZfYXNzZXRfaWQiOjQ4Mjk4MzAwODE4MjM1MSwiYXNzZXRfYWdlX2RheXMiOjU1MCwidmlfdXNlY2FzZV9pZCI6MTA3OTksImR1cmF0aW9uX3MiOjM0LCJ1cmxnZW5fc291cmNlIjoid3d3In0%3D&ccb=17-1&vs=9e33b51b899a6e4a&_nc_vs=HBksFQIYRWZiX2VwaGVtZXJhbC8wQTQyRTA4QTUwOEVBMkQ5Q0VEOTNGNjkyNzEzOTNCQV9tdF8xX3ZpZGVvX2Rhc2hpbml0Lm1wNBUAAsgBEgAVAhg6cGFzc3Rocm91Z2hfZXZlcnN0b3JlL0dJN1BXQnc4UVNBYWk3WUVBTHFzb0M3V05scFpidjRHQUFBRhUCAsgBEgAoABgAGwKIB3VzZV9vaWwBMRJwcm9ncmVzc2l2ZV9yZWNpcGUBMRUAACaegZXqp9HbARUCKAJDMywXQEEmZmZmZmYYGWRhc2hfaDI2NC1iYXNpYy1nZW4yXzcyMHARAHUAZd6oAQA&_nc_gid=FbR3QtFIGoP3dOhQzMfI6A&_nc_ss=7f180&_nc_zt=28&oh=00_AQE55QfNJ5vAFlMSUSVsob3z8VbZHyWlvH3HI75LHXNtRQ&oe=6A757D98,"['FACEBOOK', 'INSTAGRAM', 'AUDIENCE_NETWORK', 'MESSENGER', 'THREADS']",au,cw,facebook,social,2026-W31,2026-08,"FACEBOOK, INSTAGRAM, AUDIENCE_NETWORK, MESSENGER, THREADS",True,True,True,True,True,False,Brand/Category Page,True,False,False,2026-08-03,2026-01-01 08:00:00,2026-08-03 15:37:17.103942,214
2295558210941945,1493929252522284,True,2026-01-04 08:00:00,2026-08-01 07:00:00,Chemist Warehouse,Chemist Warehouse,{{product.name}},{{product.brand}},Shop now,DCO,https://www.chemistwarehouse.com.au/search?query=egmont&contexts=default&utm_source=facebook&utm_medium=social&utm_campaign=au_cw_coop_facebook_social_egmonthoneyaustraliaptyltd_egmonthoney_81_2026_100022-bau_image&utm_term=conversion&utm_content=image_image-1,www.chemistwarehouse.com.au,/search,facebook,social,au_cw_coop_facebook_social_egmonthoneyaustraliaptyltd_egmonthoney_81_2026_100022-bau_image,81,conversion,image_image-1,Coop,Egmonthoneyaustraliaptyltd,Egmonthoney,2026,image,"Premium, Authentic NZ Mānuka Honey.","Certified Mānuka honey from New Zealand, carefully crafted and available at Chemist Warehouse.",Shop Now,https://scontent.fpss5-1.fna.fbcdn.net/v/t39.35426-6/608427449_1414806593386905_3926350605894167785_n.jpg?_nc_cat=101&ccb=1-7&_nc_sid=c53f8f&_nc_ohc=6fsI1huU-XYQ7kNvwFiKhLM&_nc_oc=AdpbPC7Wd_H-2vvL3eggLfX0lPfYD0oXvVsDWAvkqXB7fCxzL7daCDAZblrrECTPI18&_nc_zt=14&_nc_ht=scontent.fpss5-1.fna&_nc_gid=FbR3QtFIGoP3dOhQzMfI6A&_nc_ss=7f180&oh=00_AQGJ-E985Lm2JKC0EGoRQDsP4KWl4kto9V4RM0fcmMo-GQ&oe=6A7578EE,,"['FACEBOOK', 'INSTAGRAM', 'AUDIENCE_NETWORK', 'MESSENGER', 'THREADS']",au,cw,facebook,social,2026-W31,2026-08,"FACEBOOK, INSTAGRAM, AUDIENCE_NETWORK, MESSENGER, THREADS",True,True,True,True,True,False,Search Page,True,False,False,2026-08-03,2026-01-04 08:00:00,2026-08-03 15:37:17.103942,211
